0
138.0
68.0
355.5
790.0
717.0
651.0
541.0
1183.0
126.5
0
120.5
1241.5
1170.0
302.0
1819.0
2090.0
1997.5
1925.0
1413.5
1765.0
717.0
1038.5
1164.0
1087.0
2621.0
3262.5
1252.5
1027.0
68.0
717.0
2031.5
2685.0
2912.0
1871.5
595.0
1119.0
898.0
2562.0
2602.0
68.0
126.5
1548.5
68.0
978.5
471.0
419.5
1241.0
1441.5
126.5
429.0
1285.5
478.0

1108.0
68.0
1763.0
236.0
0
478.0
1790.5
1839.0
787.0
365.5
3832.5
719.0
3243.0
671.0
1033.0
68.0
438.5
3439.0
2105.0
707.5
2096.0
1810.0
1379.0
1835.5
68.0
1790.0
497.0
6242.5
1733.0
554.5
700.0
1519.5
418.5
787.0
1438.0
2488.0
0
401.0
2789.0
2192.5
546.0
243.5
1979.5
1069.0
1129.0
1583.0
302.0
652.0
1965.0
3231.0
1008.0
2595.0
1922.5
668.0
1658.5
702.5
115.5
68.0
370.5
541.0
642.5
710.5
401.0
1388.0
777.5
919.5
804.5
524.5
1296.5
797.5
407.0
830.0
1066.0
656.0
1120.0
771.0
1375.5
886.5
670.0
438.5
1011.0
793.0
497.0
2340.0
665.0
316.0
1421.5
1871.0
1351.0
3366.0
253.5
824.5
1711.0
68.0
671.0
242.0
407.0
419.5
1793.0
489.5
1044.5
68.0
835.0
1323.0
648.5
126.5
583.0
359.0
1766.0
1296.5
1167.0
1132.0
126.5
1355.0
365.5
522.0
815.0
285.5
2798.0
126.5
478.0
242.0
1006.5
2100.0
475.0
1238.5
126.5
656.5

138.0
458.0
1200.0
138.0
598.0
671.0
519.5
390.5
461.0
647.0
438.5
68.0
419.5
977.5
516.5
188.0
1156.0
1200.5
787.0
316.0
656.5
1026.5
126.5
1378.5
814.0
478.0
113.5
2044.0
811.0
790.0
1087.5
960.0
842.5
230.5
1176.0
243.5
760.5
646.0
435.5
975.0
1456.5
946.5
700.0
968.5
438.5
1126.0
68.0
138.0
1331.0
843.5
0
680.5
302.0
406.0
316.0
438.5
1715.5
1043.5
1580.0
365.5
1615.5
183.5
1713.5
1769.5
713.5
511.0
300.5
519.5
1025.0
126.5
771.0
1705.5
300.5
365.5
1744.5
598.0
368.5
419.5
911.5
0
68.0
126.5
348.5
546.0
2110.0
882.5
1371.0
796.0
128.0
860.0
519.0
300.5
1609.5
877.0
757.0
927.5
1127.5
183.5
899.5
435.5
464.0
186.5
370.5
951.0
1029.5
383.0
472.0
993.0
1133.5
302.0
1402.5
565.0
1262.0
1601.0
461.0
766.0
1180.5
2439.5
1399.0
0
944.0
1863.0
271.0
1737.0
1852.5
1265.5
843.5
2437.0
476.0
1000.5
1111.5
497.0
300.5
932.5
2122.0
2167.5
1572.5
68.0
1922.5
775.5
2596.0
138.0
300.5
424.0
734.5
692.0
424.0
1409.5
3572.5
2684.0
126.5
4235.5
488.0
2804.5
1963.5
419.5
126.5
138.0
744.5
993.0
2862.5
4696.5
591.0
3035.0
1944.5
2843.0
1124.0
374.5
2538.0
4453.5
1122.0
68.0
2798.0
1235.5
360.5
302.0
6626.5
2539.0
2976.5
1920.0
6213.5
4204.5
717.0
4375.0
3927.5
6464.0
4813.0
6584.5
6273.5
6586.0
8007.0
3655.5
3082.5
2657.5
5639.0
7033.0
2670.5
3457.0
4949.5
2277.0
4278.0
6432.5
3745.5
1208.5
2273.5
1137.0
2496.5
5316.5
5770.0
3036.5
8801.5
3341.5
1784.5
5930.5
7429.0
1012.0
5546.0
3973.0
5238.0
2002.0
7436.0
3513.0
1865.5
3158.0
332.0
3061.0
4768.5
2035.0
4248.0
2043.0
1141.5
2432.5
4866.0
3018.5
1982.0
2670.0
478.5
1317.0
2620.5
2031.0
4533.5
3646.0
4744.5
6658.0
2553.0
1927.5
5685.5
138.0
906.5
1367.0
2811.5
316.0
1707.0
3986.0
2939.5
2314.5
3888.5
2574.0
1321.0
332.0
4677.5
2230.0
3394.0
4312.5
2079.5
4622.5
3975.0
3029.5
2435.0
4019.5
3309.5
758.5
2214.0
3138.5
2796.0
2566.0
4273.5
5411.5
6518.5
7712.0
5245.5
4784.5
4479.0
1841.5
2527.0
1407.5
4095.5
3625.0
3520.0
2105.5
3874.5
4763.5
3555.5
549.5
3005.5
3475.5
126.5
2645.5
344.0
4888.5
459.5
1776.5
478.0
7057.5
7413.5
2735.0
1687.5
3708.5
3105.5
2740.0
5624.5
126.5
6734.5
5663.5
5672.0
3382.0
1330.0
775.5
6610.0
2814.5
3913.5
1073.0
2510.0
823.5
6377.5
2662.5
1453.5
3724.5
1032.0
1795.0
3478.0
8116.5
2016.5
5620.0
3872.5
1553.5
5155.5
3833.5
5534.0
5341.0
2418.0
3997.5
68.0
1573.5
5669.0
1706.5
3012.0
7891.0
4977.5
3558.5
2573.5
1066.0
6106.5
717.0
6464.5
1359.5
3656.5
5871.5
300.5

931.0
6075.5
2711.5
3852.5
2271.0
3662.5
902.5
1727.5
2386.0
4717.5
1801.5
6179.0
126.5
2182.0
6316.5
3634.0
2155.5
965.0
4089.0
6609.5
4128.0
2981.5
2581.5
3727.0
2366.0
2645.0
0
1803.0
5816.5
2956.0
2445.0
5791.5
1049.0
3522.5
5982.0
6693.5
1562.5
6305.5
6189.0
1429.5
419.0
828.0
3682.0
5427.0
7671.5
231.5
461.0
2986.5
138.0
3502.5
3700.5
4024.0
956.5
1490.5
2831.5
3608.5
1646.0
1191.5
3008.0
4509.5
3091.5
6514.5
1120.0
3080.0
3101.5
4760.5
6511.0
489.5
7470.0
1487.5
2999.5
3497.5
7829.5
2428.0
5855.5
4317.0
5531.0
2846.5
1441.0
6088.5
3664.5
7608.0
7945.0
7045.5
5561.0
2491.0
6954.0
4629.5
736.0
3724.5
1565.0
3919.0
3580.0
4229.0
1203.5
68.0
5120.5
5053.0
1854.0
1195.0
1741.0
5899.5
7208.0
1428.0
1180.5
1726.5
3440.0
1200.0
2918.0
1873.5
3594.5
1765.0
3419.0
1240.5
5089.5
3145.5
1798.0
2023.0
1212.0
4816.0
3432.0
4725.0
5703.5
3508.5
10222.0
8476.0
2400.0
5514.0
3035.5
3096.5
2450.0
3357.5
6471.0
3527.5
4584.5
1533.5
5759.5
8152.0
6061.5
3319.0
2583.5
1212.5
7090.0
2156.5
6396.0
4927.0
8197.0
6100.0
2436.0
2160.0
5102.0
3854.0
5490.0
3327.0
6512.0
5744.0
8070.5
2318.5
1385.0
1458.0
138.0
5543.5
1565.5
3242.0
7024.0
2086.0
5105.0
686.5
1642.0
138.0
4185.0
257.0
6116.0
6925.0
1612.0
6137.5
2369.0
1139.5
10050.5
653.5
4340.5
6423.5
3847.0
5405.0
6999.5
4992.5
1068.5
8180.0
953.0
2243.0
2002.5
1878.0
5384.5
4174.5
2370.0
3136.0
4392.0
68.0
5234.0
1247.0
11520.0
126.5
3451.5
3483.5
6398.0
1637.5
68.0
2865.0
3682.0
4213.5
1871.5
1038.5
1304.0
2157.5
3534.0
2585.5
2988.0
7929.5
7215.0
3023.5
0
4080.5
2866.5
7223.0
1244.0
2971.5
5831.5
2964.0
1812.0
4527.0
2665.5
6231.0
497.0
3571.5
10167.0
1596.0
4714.0
438.5
2647.5
7457.0
2576.5
2659.0
2883.5
7683.5
10787.5
8222.5
6004.5
1036.0
2015.5
896.5
4024.0
2721.5
4890.0
7121.5
5483.0
2168.5
5393.5
6149.5
2203.0
2367.5
3737.0
2818.0
2356.5
3223.5
1987.0
7030.5
5675.0
1886.5
2696.0
829.5
8055.5
5277.0
5194.0
3547.0
1089.5
5219.0
6107.5
5127.5
2186.0
2936.5
2104.5
1563.5
8692.5
6734.5
7647.0
2767.0
6401.0
3358.0
2355.0
3214.0
8057.5
1386.0
3231.0
3629.5
2636.5
2639.5
68.0
7023.5
1720.5
4973.0
3339.5
4717.0
2763.5
3538.0
4489.0
1919.0
3067.5
3051.5
9103.0
2589.0
3235.0
2666.0
4417.5
2840.5
438.5
4554.5
6260.0
1066.0
1919.0
1462.5
6366.0
4136.5
4161.0
8769.0
1735.5
3565.0
3555.0
6617.0
3244.5
7924.5
2503.5
9087.5
3733.0
7652.0
5420.0
6069.5
3736.0
1687.0
2919.5
4693.0
5317.5
348.5
8045.5
7225.0
1033.5
3056.5
2370.5
1723.0
3388.5
2401.0
150.0
4814.5
2525.5
3682.5
2834.0
0
6732.5
508.5
5353.5
771.0
2707.5
8485.0
8689.0
3510.5
10952.5
3511.5
9097.5
3288.5
4485.0
3810.5
2060.5
6472.0
7184.5
3299.0
5034.5
3094.0
6960.5
3425.0
179.0
774.0
3080.5
3380.5
365.5
5716.5
1918.5
8441.0
3167.0
113.5
9094.0
2894.5
5379.5
6981.5
1738.0
3255.0
4770.5
438.5
5660.5
6545.0
5928.0
2534.5
3456.5
3730.5
6721.5
3031.5
7711.5
5992.0
906.0
4847.5
1744.5
1081.0
5450.0
4143.5
5560.0
68.0
7628.0
4778.0
7087.5
4354.5
4778.0
5300.5
6222.0
7223.0
7271.0
3310.5
3561.0
2251.5
6337.0
4808.5
7014.5
3762.5
6827.0
3532.5
8448.0
3396.5
1920.5
3441.0
5628.5
5239.0
4729.5
6666.5
3724.0
6584.0
1683.0
5313.5
5510.0
3218.5
7135.5
2461.5
2489.5
9735.0
5565.5
5094.5
2159.5
5437.0
5121.5
1552.0
3504.0
4136.0
3177.0
5536.5
6167.0
6122.0
6793.0
1265.0
790.0
5317.5
2752.0
6083.0
3777.0
6129.5
5511.0
1725.5
5403.0
7469.0
4258.5
6196.5
7472.5
11111.5
3604.5
4546.0
1153.0
6181.5
2554.0
7286.5
5571.5
7191.5
1608.0
4963.5
3730.0
1005.5
4719.0
6204.5
1978.0
3197.0
5329.5
1460.5
2708.0
1238.5
3194.5
2302.5
3245.0
1165.0
10227.0
1937.5
7044.0
2951.0
1507.5
4068.5
7391.0
7459.5
3560.0
8228.5
6657.0
1535.5
2508.5
829.5
6190.5
4978.5
4281.5
7997.0
6624.5
1518.0
4817.0
2165.5
4430.0
6695.5
5636.0
3865.5
4484.5
3987.5
8251.0
7020.0
7402.5
6301.5
2378.0
3930.5
7815.5
5255.5
6160.0
5418.5
2954.0
0
8837.5
3617.5
5395.0
3547.5
5857.0
6571.0
5183.0
6609.0
4128.0
4678.0
2614.5
5872.5
6024.0
8687.5
2424.5
4596.5
4849.5
681.5
4611.5
5587.0
10728.0
6440.0
2712.5
7300.0
757.0
6669.5
3116.0
3974.5
3634.5
2263.0
6001.5
8945.5
2841.0
5727.0
1776.5
4374.0
3888.5
10192.0
5857.5
10452.0
1371.5
11482.5
2980.5
11837.5
8018.0
1706.0
6496.5
9498.5
7456.5
4142.0
3204.5
6855.0
12484.5
2523.5
3846.0
8606.5
6783.0
7008.0
5874.0
3241.0
6728.0
2106.0
2276.5
6665.0
10595.0
6035.0
663.5
68.0
1969.5
3014.5
68.0
3029.0
7659.0
2907.0
3445.5
6066.5
3143.5
7075.5
6727.5
1299.0
2549.0
4888.5
6249.0
4507.5
3905.5
3514.5
700.0
1422.5
5579.5
2280.5
4714.0
6160.0
2789.5
4773.5
7878.0
6886.5
5936.0
9455.0
9958.5
3407.0
3369.0
1612.0
3039.0
6467.5
3875.0
9280.0
700.0
2540.5
1845.5
5635.5
1019.5
7847.5
7932.0
7727.5
8280.5
2568.0
3552.0
3573.0
4755.5
3720.0
7884.5
4031.0
4584.5
0
4635.5
6695.5
9059.5
1897.0
7151.0
4554.0
717.0
1232.5
7055.0
8416.5
2810.5
5936.5
5249.5
9227.0
419.5
1005.5
1450.0
4841.5
3721.0
7055.0
5451.5
7056.0
790.0
4648.5
2107.5
3246.5
4394.0
7231.5
8318.0
1112.5
7452.5
6203.0
3372.5
8168.5
7328.5
981.5
9437.0
7707.0
5743.0
9115.0
7135.0
6414.5
2660.5
6469.0
2163.0
6989.0
6383.5
68.0
68.0
3192.0
3863.5
2789.0
2508.0
6066.0
3810.0
5080.5
3800.5
4762.0
6666.0
2697.0
7266.0
4841.0
8311.5
2255.5
2053.5
3558.0
8761.5
6936.5
4984.0
5748.5
68.0
0
4051.0
639.5
1141.5
7466.5
7051.0
2486.5
5749.5
8691.0
5817.5
7082.0
4713.5
3424.0
3695.0
7992.0
6457.0
3593.0
8679.5
6123.0
6963.5
4734.0
822.5
3986.5
3280.5
1504.5
913.5
6182.0
2505.5
3392.0
4657.5
9921.5
2439.5
1938.5
0
7067.0
2102.5
6181.0
7126.0
3587.5
1604.5
7353.5
3745.5
6765.5
6555.0
6882.5
6577.5
1860.0
6796.5
7619.5
5190.5
5245.0
6122.0
5693.0
7068.5
6228.5
6362.5
7424.0
771.0
5186.5
5396.0
4633.5
4241.0
4607.5
7712.5
4545.0
3927.5
6316.0
3639.5
5738.5
5776.5
2832.0
5490.0
595.0
3685.0
2883.5
4244.5
6725.5
1385.5
2065.5
2731.5
7149.5
7311.5
4653.0
4428.5
3144.5
2253.5
4551.0
2435.5
2450.0
9783.5
5379.5
4336.0
68.0
7298.0
6847.0
6499.0
6604.0
2940.5
3710.5
3621.0
5660.5
6167.0
5741.0
6286.5
6753.0
8572.5
5610.0
6970.5
6346.0
8246.0
5364.5
1469.0
2278.5
2703.0
5830.0
4399.0
6703.5
3164.0
8250.5
4931.0
3327.0
4956.0
2759.5
9830.0
5295.0
8402.0
9070.0
8640.5
5616.5
6148.0
8067.0
3240.0
4857.0
3777.5
9028.0
5180.5
9682.0
2909.0
7490.5
126.5
5710.5
7170.5
2881.0
0
2280.0
4740.0
5946.5
6947.5
6121.0
370.5
2696.5
830.0
7378.5
8325.5
5205.5
10581.0
4674.0
4588.0
7143.5
8710.0
6712.0
7324.5
6961.0
7677.0
5467.0
3224.5
2146.0
1146.0
2500.0
6916.0
2877.0
2401.0
4669.5
726.0
6315.5
7658.5
7185.5
7264.0
5786.0
7699.5
6679.5
6718.0
9886.5
7683.0
9872.0
6645.5
4598.5
4651.0
6874.0
5680.5
0
68.0
5291.5
4966.5
6757.5
2730.5
5631.5
8902.5
4458.0
7360.5
7519.5
5947.0
5782.0
1708.5
6682.0
4007.0
5115.5
3940.5
10127.0
7130.5
7000.0
5575.5
6676.0
3299.0
3772.0
6522.0
2986.0
4680.5
5840.0
7715.5
6382.5
6206.5
4934.5
843.5
6693.0
6422.0
1141.5
10288.5
4381.0
4634.0
4220.0
8931.0
8556.0
7607.0
1990.5
6793.0
10060.5
10151.5
2897.5
4227.5
2234.0
1470.5
3213.0
4258.0
4542.5
10155.0
804.5
4599.5
2860.5
8400.5
707.5
4783.0
4436.0
1584.5
0
6705.5
2934.5
2492.5
2836.0
10344.5
4117.5
0
1404.0
6572.0
5615.0
2863.0
9551.5
4757.0
8463.0
1127.0
1868.0
8738.5
5669.0
2706.0
4801.5
5394.0
4107.0
7380.5
4868.0
4475.5
3760.5
3653.0
10079.0
7901.5
3296.0
5199.5
4259.5
6464.0
9341.5
9341.0
4551.0
5647.5
9965.5
1378.0
2768.0
3452.5
2356.0
6604.5
6376.0
10946.5
6347.0
6674.0
3459.0
489.5
1404.5
10365.5
7282.0
8233.5
6610.0
3932.0
7294.0
3819.0
2621.0
5018.5
4863.5
5911.5
5054.0
528.0
2795.0
6132.0
5452.0
2364.0
2708.5
2576.5
3600.0
6459.0
4815.0
4809.5
3378.5
5935.0
2207.0
3791.0
1210.5
6987.5
4243.5
6293.5
6903.5
2894.5
3724.5
8265.0
6007.5
3923.0
9971.5
4846.5
6588.0
3258.5
2342.0
3503.5
1142.0
6503.5
811.0
68.0
5183.0

4822.5
10502.0
3397.0
10204.0
68.0
4939.0
4719.0
2944.5
2280.5
4748.5
2886.0
2280.0
5272.0
1950.5
2156.0
1054.0
7344.5
3497.0
5797.5
6091.0
5715.5
7616.0
1784.5
8701.5
8111.0
4946.0
3115.0
2537.5
2414.5
0
4616.0
7449.0
2312.0
2340.5
300.5
10952.5
10052.5
7281.5
5755.5
7758.5
7822.0
4639.5
5559.5
7310.0
787.0
8504.0
6216.0
1476.0
898.5
1489.0
4850.5
5220.5
10128.5
9737.5
3166.5
10076.0
4648.0
4372.0
1804.5
3205.0
6226.0
3494.0
2390.0
4464.5
6311.0
2518.5
6582.5
4590.0
3883.5
9650.0
3970.0
5963.0
5761.0
6866.0
5608.5
9264.0
5290.0
8702.5
5906.5
10325.5
7456.0
6731.5
2879.5
4909.0
5680.0
4675.5
0
7144.5
6136.5
6927.5
1022.5
5210.5
6484.5
8631.0
4280.5
4777.0
7061.0
2953.5
10195.5
6988.5
1238.0
5331.5
6328.0
9629.0
126.5
6996.5
3616.0
2266.0
5981.5
4859.5
0
6646.5
0
7169.5
0
9085.0
2410.0
8371.0
4900.5
3482.5
2184.5
7722.0
6553.0
5350.0
4799.5
6329.5
4008.5
7991.0
8441.5
2148.5
5078.0
2315.5
4509.5
6848.5
4828.5
5183.0
3371.0
6983.0
3074.0
2012.0
8364.5
3965.0
2180.5
5518.0
68.0
8226.5
6507.5
6231.5
4794.0
4865.5
6679.5
5675.5
7067.0
6990.5
4080.0
6837.0
4702.0
7972.5
5486.0
4446.0
10346.5
2627.0
5932.0
995.5
1390.0
9058.5
8598.0
5162.5
5355.0
5734.0
4681.0
0
5875.5
8524.0
11192.5
6786.5
6675.0
1307.5
7917.0
7628.5
4675.0
3612.5
6075.0
3796.0
4285.0
6943.5
2708.0
7175.5
7718.0
8564.0
4314.0
6106.5
9654.0
6778.0
4164.5
10240.5
10452.0
9229.0
1038.0
6140.5
3422.0
7926.5
1163.5
138.0
10362.5
1012.5
9498.0
6374.5
7892.0
2343.5
8595.5
9102.5
7266.0
7501.5
4205.5
6290.5
7323.5
7236.0
7881.0
8068.5
8329.0
8021.5
6828.0
4649.5
5557.5
1975.0
8411.5
10000.5
6320.0
8106.5
10030.0
4978.0
7349.5
8291.5
8768.0
7308.0
5536.5
4768.5
8497.5
2629.0
608.5
6399.5
7614.0
9902.5
6291.5
1988.5
7210.5
2734.0
7761.5
9548.5
5748.5
6740.5
10153.0
4691.0
2202.0
10444.5
6123.5
794.5
4015.5
7310.0
6344.5
5770.5
8959.0
6187.5
1062.0
0
1452.0
4443.5
6043.0
3912.5
7787.5
884.0
8772.5
7297.5
4989.0
6606.5
4835.0
5480.0
4590.0
9452.5
4739.5
2129.0
7957.0
2672.5
10044.5
8422.5
2557.5
5591.0
10026.5
4621.0
7614.0
8866.5
9783.5
5366.0
6870.5
8719.0
4573.5
4551.5
7123.0
5537.5
7882.5
5682.5
3108.5
6035.0
10179.0
6442.0
2203.5
8213.5
9213.5
3614.5
1559.5
4008.5
4319.5
4084.5
4095.0
6447.5
3998.0
7322.0
3213.5
4570.0
4861.5
3849.5
6103.0
8413.5
10219.5
8665.5
1640.0
2197.5
4351.0
4701.0
8340.5
6378.0
5954.0
5585.5
2647.5
7289.0
8772.0
4803.5
6670.0
0
6587.5
6186.0
1618.0
5329.5
1850.5
5423.5
2933.5
5799.5
10035.0
6277.0
1791.5
2755.5
5546.0
4041.0
7780.0
5943.5
5707.5
8948.5
7277.0
2595.5
7648.0
5694.5
1970.0
6236.5
8994.5
2626.0
6102.0
5633.0
1267.5
5199.0
2907.5
6800.5
9594.5
7836.5
1757.5
5598.0
8270.5
8368.0
7036.5
126.5
2980.0
6183.0
3227.5
1138.5
608.5
126.5
8449.0
435.5
10057.0
8603.0
6309.5
1981.0
7223.0
7303.0
3102.5
6502.0
9845.5
7555.0
3411.0
10612.5
903.5
10036.5
11159.5
9941.5
6319.5
7244.5
10182.0
8634.0
6210.5
1649.5
9834.5
6408.5
7533.5
7173.0
8002.0
1035.5
5759.5
10409.0
2132.5
10422.5
6393.5
7646.5
6257.0
2605.0
5194.0
7006.0
6262.5
6487.5
9555.0
348.5
9939.0
926.5
7737.0
126.5
9279.0
7481.5
2923.0
4951.0
2895.0
7708.5
8769.5
1756.5
5846.0
9953.5
2705.0
3897.0
5818.5
10098.0
4000.5
4340.0
2427.0
6810.0
3108.5
2248.5
10860.5
10061.5
285.5
5569.5
1557.0
629.0
6693.5
2453.5
6609.5
5810.5
771.0
9153.0
3553.5
1075.0
4748.0
685.5
3697.0
9633.0
7073.0
7668.5
1139.0
4937.0
8410.5
10672.5
5560.5
4011.0
4547.0
1663.5
569.5
0
7517.0
5474.5
3921.5
8405.0
10521.5
6688.0
3161.0
8561.0
9133.5
10384.5
7861.5
8471.0
3695.0
3064.0
4942.5
8952.0
2220.5
2425.0
10521.5
1013.5
3629.5
5861.5
1657.0
7179.0
5901.0
6786.0
1570.5
2551.0
1599.0
4817.5
1616.0
7131.0
4051.0
5739.5
6441.0
627.5
8316.5
7178.0
6075.5
9142.0
138.0
4390.5
3120.0
7990.5
717.0
0
8416.5
10271.0
5526.5
6708.5
3804.0
10341.0
7274.0
647.0
5610.0
1889.0
8236.5
8756.5
6251.0
8747.5
6979.5
10286.5
5405.5
8872.5
2854.0
10102.5
1190.0
7146.0
10660.5
3101.0
9818.0
459.5
2115.0
6396.0
10003.0
9946.5
2571.0
6583.5
3238.0
4688.5
4932.5
3826.0
5482.5
8095.0
1884.5
3502.5
2340.5
1179.5
8252.5
0
5740.5
8671.0
6644.5
3159.5
4031.0
10117.0
5260.0
478.0
4866.5
6433.5
8361.5
7239.5
3812.0
8207.0
6673.5
6181.0
6692.0
8271.5
5913.5
7230.0
5309.5
1107.0
5226.0
4919.0
879.5
10114.0
1992.0
6715.0
3942.5
2367.0
7694.5
2976.5
7677.0
6291.5
3120.0
2979.0
4721.0
10493.5
2110.0
6673.5
7143.5
1159.0
8935.0
4529.0
4277.0
4396.0
0
7581.0
6343.5
2192.5
3863.0
2317.0
6466.0
7746.5
4615.5
5828.5
1991.5
6934.0
365.5
5809.0
5277.5
438.5
4275.0
0
5957.0
6718.0
7083.0
9860.5
1760.0
6514.5
1699.5
8143.5
7280.5
10189.5
6718.5
11043.0
3256.5
4386.0
8416.0
6540.0
8382.0
4449.5
0
0
3337.0
7566.0
5307.0
7483.5
2356.0
9187.5
2520.0
1828.0
126.5
6617.5
2247.0
818.0
6612.5
6291.5
4183.5
8595.0
9227.0
7063.5
4518.0
3330.0
0
505.5
6836.0
10154.0
6329.5
6682.0
4437.5
5051.0
6248.0
7130.5
3949.0
3728.0
6869.5
6404.0
6086.0
9801.0
5662.0
7835.5
1495.0
3730.5
2629.5
1159.5
5507.0
12415.5
478.0
8692.5
11100.5
7592.0
5041.5
10459.0
7310.0
10506.5
6249.5
3049.5
10272.0
9573.5
1225.5
7992.0
6713.0
4399.0
8931.0
6299.5
7845.0
1435.0
11214.5
3943.5
6666.5
3892.0
1459.5
4200.5
5257.5
7126.0
10178.0
3852.5
3856.5
5728.0
6290.5
7019.0
7048.0
7945.5
10835.5
8193.5
2745.0
2739.0
9124.0
6479.0
7537.0
7219.5
10097.5
5630.5
9502.5
6374.0
0
0
4701.5
6852.0
6227.0
9064.0
8523.5
7703.0
10537.5
7771.0
1880.5
7284.5
7728.0
9160.0
6962.5
8580.5
2240.0
3328.5
2243.5
0
944.5
2484.5
3164.5
5822.0
0
9524.0
4843.0
1372.5
6467.0
3370.5
6671.0
4776.0
8503.5
5734.0
1948.0
6600.5
6388.0
8798.5
5510.5
8804.5
8843.0
3492.0
8859.0
0
10142.0
4298.5
7681.0
3515.0
7404.0
8424.0
7007.5
1682.0
68.0
2443.5
8366.0
8307.0
1249.0
3477.5
6581.5
6866.5
4795.5
3483.0
0
8252.0
5314.5
8301.0
8476.0
7166.0
1742.0
2933.0
7951.0
6100.5
6965.5
6664.5
2027.5
8824.0
6759.0
2475.0
7464.0
7264.5
10583.0
9103.0
3406.0
2305.0
6472.5
6159.0
7374.5
7790.5
5278.0
0
8375.0
1086.5
10582.0
0
8917.5
8096.0
126.5
3718.0
10878.0
5758.5
1948.0
0
6873.0
4442.0
1627.0
6764.5
10733.5
6142.0
3166.5
4907.5
5889.5
5653.0
7263.0
5644.0
8671.5
7783.0
1836.0
9622.0
5661.5
2387.5
478.0
0
10214.5
2186.0
7508.5
1288.5
2694.0
5631.5
6963.5
5698.5
2912.0
2065.5
4497.5
5153.0
5281.0
5551.5
3175.5
6915.5
10495.0
7355.0
4629.5
6687.0
3601.5
3829.5
6440.0
9837.5
3765.0
5282.5
7733.5
5656.0
2323.5
8280.5
8001.5
5651.0
9809.0
2680.5
8757.5
3755.0
6212.5
4864.0
8452.0
4892.5
7607.0
7283.0
3823.0
7393.0
6333.0
11695.0
8576.0
8706.5
5627.5
7961.0
6423.0
7011.0
6974.0
7392.5
5377.5
4985.0
6576.0
9542.5
11192.0
11052.0
478.0
5937.5
1719.5
7574.0
9565.5
5410.0
8355.0
0
8943.5
9903.5
7319.0
3202.5
2615.5
11411.5
3350.0
8242.5
8534.0
4494.0
11644.0
5622.5
8661.5
10576.0
4441.5
8566.0
4781.0
10147.5
3185.0
5075.5
6164.0
10213.0
7497.5
2240.0
8990.0
4724.0
3796.5
8395.5
3702.0
5013.5
4749.5
8074.0
7723.5
10512.5
6002.5
10097.0
7635.5
2814.5
8231.0
2193.5
0
5848.0
4980.5
7999.5
6824.0
8106.5
8571.5
8132.5
1693.5
4161.5
10268.0
1889.0
6481.0
9804.0
6480.0
6353.5
6743.0
7043.0
794.5
6105.5
4245.5
11316.0
10277.0
8737.5
0
8977.0
7416.0
7768.0
6976.0
3270.5
10193.0
126.5
7819.5
1972.0
9146.5
11115.0
544.5
10834.0
407.0
6678.0
0
5750.0
10104.5
10365.5
10068.5
6172.0
6606.5
4932.5
3488.5
9432.5
2765.5
1340.0
0
8937.0
8642.5
1106.0
2908.5
7491.5
3541.0
6389.0
9774.5
7769.5
5936.0
10530.5
5411.5
0
7509.5
11128.5
10893.5
9189.5
9999.0
8249.5
3202.5
8511.5
10653.0
9476.0
10368.0
5680.5
5829.0
8868.0
1420.0
2644.5
7182.5
4572.5
5381.0
6650.5
7365.5
8766.0
7267.0
8616.5
9892.5
9477.5
5829.5
6026.5
4522.0
0
7445.0
5191.5
2590.0
4164.0
10218.0
5487.5
10009.5
10119.0
4100.0
7690.5
0
6163.0
8616.5
7450.5
3199.0
2000.5
10937.5
6392.5
3340.0
8020.5
6383.5
3571.0
8902.0
7525.5
3200.5
10787.5
5035.0
10839.5
7296.5
7580.5
5830.5
6515.0
2220.5
419.5
6584.0
6863.5
8391.0
7945.0
0
3018.5
1751.5
8922.0
5414.0
3112.0
10423.5
9974.5
6704.5
0
4400.0
2979.0
8345.0
2946.0
7389.0
6162.0
7499.5
4214.5
2541.5
478.0
9358.0
10833.0
365.5
11779.5
4967.0
2530.5
3242.5
3745.5
6423.5
4290.5
138.0
10866.5
5006.0
5918.5
10634.0
3186.5
10414.5
348.5
4966.0
1286.0
6279.5
5981.5
10405.0
8904.5
7078.5
1520.0
4696.5
4491.0
5931.0
10212.5
2048.0
7509.0
8687.0
6513.5
7955.5
6207.5
9903.0
6309.5
2023.0
10071.0
9449.5
7528.0
3785.0
3044.5
7556.5
3074.0
2529.0
6703.0
7429.0
10143.5
7570.0
5842.0
790.0
6561.0
0
10075.0
6517.0
0
7267.0
7745.5
6002.5
8550.0
7317.0
6296.5
7332.5
7543.5
5753.0
5346.5
6582.5
0
6196.0
4919.0
6727.5
348.5
10104.5
10317.0
3447.0
7573.5
5176.0
7376.5
3291.5
8006.0
9532.5
8283.0
4673.0
516.5
6996.5
6021.5
8779.0
11067.5
3054.5
9621.0
685.5
7018.0
7356.5
2674.5
2613.5
7916.5
6873.0
7037.5
7455.5
3090.5
10239.0
4726.5
934.0
2082.5
5333.0
9361.5
10202.5
9056.5
2231.5
4168.0
9444.5
2924.5
7586.5
7842.5
9401.5
1998.0
7041.0
2878.5
8978.5
7183.0
5000.5
6652.0
8536.5
10501.5
10470.5
9161.5
6451.0
7992.5
8986.0
6033.5
6985.5
9318.0
4838.0
9416.0
1660.0
4226.0
7758.0
8168.0
6958.0
5709.5
5895.0
2747.5
8389.0
5371.5
5866.0
7559.0
5477.5
1312.5
8361.5
3549.0
6528.0
10255.5
4576.0
6391.5
4459.0
10365.0
2869.0
3419.5
8540.5
5694.0
8207.5
8214.5
10055.0
10510.0
10481.5
9332.0
4909.0
4932.5
0
6581.5
5850.5
7382.5
3425.5
9924.5
9896.0
6710.5
10071.0
9489.5
6974.0
4576.5
68.0
7217.5
4532.5
4001.0
10241.0
8394.0
5774.0
6850.5
7746.0
8337.0
7657.0
9591.5
10313.5
1698.5
9948.5
8492.0
9273.0
7534.5
2539.0
716.0
138.0
6820.5
6203.5
7422.5
10283.0
6249.0
5770.0
6300.0
7569.0
5342.0
4229.0
7145.5
7514.0
4199.0
2391.5
6747.5
11335.0
6730.5
5942.0
4692.5
7421.0
8243.5
10453.5
9175.5
7722.5
6710.5
8980.5
6915.0
7672.5
2528.5
6904.0
4099.0
7316.0
5626.5
0
4955.5
10123.0
10950.5
5989.0
4263.5
4778.0
3980.0
733.0
5970.5
5550.5
8606.5
3432.0
126.5
7087.0
8106.0
2986.5
1705.0
3232.5
1496.5
6994.0
10140.0
8050.5
5006.5
6447.5
7354.0
7435.0
6623.5
0
5846.0
2614.0
7182.0
9008.5
5702.5
7172.5
6352.5
10698.5
6784.5
8494.5
7199.0
6298.0
739.0
8540.0
8860.0
6508.0
8232.0
419.5
513.5
7879.0
7020.0
9819.5
6629.5
6874.0
1928.5
3856.5
1431.0
10590.0
2595.0
7230.0
4038.0
4030.0
4059.5
5079.5
1037.0
5830.5
5218.5
6242.5
5549.0
7814.0
6142.5
8677.5
6713.5
1042.0
10846.0
6956.5
9374.5
7091.0
10055.5
7021.0
6568.0
7549.5
2136.0
10238.0
7315.0
6625.0
6842.0
5703.5
5981.5
3593.5
8969.5
9183.0
2188.0
3616.0
5813.5
8319.5
1878.5
7041.5
3741.0
3198.5
68.0
2036.0
8510.5
8207.5
5318.0
7464.5
2514.5
7074.0
2520.0
6673.0
6102.5
3196.5
7149.5
7171.0
7574.0
332.0
1217.5
2179.5
6131.0
3775.5
6153.0
6100.0
1159.5
5507.5
3301.5
1462.5
2326.0
680.5
4082.5
5654.0
9535.5
8556.5
6425.0
2318.0
4677.5
7962.0
5728.5
8981.0
5044.5
5433.0
3781.0
1771.5
6471.0
6027.5
4940.0
2436.0
2157.0
2912.0
9177.5
10485.0
6733.0
3046.5
2260.0
1703.0
7935.5
3695.0
8829.5
5849.0
6025.0
1464.0
3716.5
3201.5
6915.5
6162.5
9594.5
4339.0
4513.0
7736.5
4258.5
6310.0
6651.0
10208.0
6173.0
3475.0
0
138.0
5374.0
0
6006.0
6815.5
8645.5
2875.0
6927.5
3568.5
7305.0
0
5409.0
1252.5
7567.0
4879.0
5497.0
0
4037.0
5405.5
1499.5
1087.5
8880.5
9915.0
5425.0
10739.0
7929.5
4238.0
7461.5
10183.0
6995.5
7497.5
9172.0
7740.5
3035.0
4518.5
3371.5
7593.5
4688.5
5907.0
4347.5
7923.0
5648.0
10091.0
6449.5
8965.0
7738.0
11743.5
6346.0
5912.5
3614.5
9434.0
5440.5
9607.0
3730.0
8818.5
7523.5
8757.0
10499.0
1915.0
2931.0
3029.5
9459.0
2001.5
0
6697.0
3527.5
5270.5
1597.0
0
7744.0
5246.5
5828.5
6762.0
3561.0
8072.5
5326.0
5223.5
3895.5
7448.5
9013.0
6453.0
2268.0
8814.5
7991.0
10613.0
8313.5
10813.0
10769.0
6465.0
6543.5
8032.5
7257.0
4940.0
3115.0
10752.5
6411.0
0
1384.0
413.0
2130.0
6223.5
6301.5
6550.5
6510.5
1333.5
9696.0

10078.0
9246.0
9638.5
9749.0
1282.5
6797.0
6456.5
5882.0
9176.0
10938.5
9366.0
1951.0
5883.0
4105.5
6992.0
7041.0
6894.0
6909.0
1797.0
5665.5
8600.0
9544.5
4602.5
6149.5
7233.0
10160.5
8984.0
6658.0
6739.0
9974.5
5639.0
7973.0
700.0
2179.0
7073.0
5834.5
9863.5
5953.5
8125.0
7643.0
10419.5
126.5
8120.5
10061.0
7724.5
5880.5
6716.0
2595.5
8535.5
5306.5
5246.0
6122.5
10688.5
2701.5
68.0
4874.5
6494.0
8205.0
7450.5
10235.5
3022.5
4404.0
8089.0
10138.5
6251.0
126.5
7659.5
6144.5
6716.5
7541.0
8435.0
6510.0
6992.0
6250.5
4938.5
9294.0
438.5
8991.0
4423.0
2556.5
5539.5
5517.5
2985.0
0
4758.5
8381.5
9249.0
5704.0
2655.0
9203.5
9785.5
7815.5
7603.5
5953.0
6489.0
7217.5
2970.5
5162.5
4664.0
8544.0
2627.0
6460.5
3530.0
5745.0
3832.5
8962.5
5410.0
3290.0
10241.0
2532.5
7157.0
8808.0
5096.0
5339.5
1258.5
6118.5
6098.5
2328.5
8608.5
7028.0
8372.5
9957.5
7553.0
6586.0
68.0
7947.5
5671.0
6879.0
10481.0
8796.0
5129.0
6517.0
3238.5
9704.0
6128.0
10172.5
9123.5
5135.0
9939.5
5509.0
9410.5
7501.5
10161.5
7746.5
7065.5
8108.5
8229.0
68.0
7331.5
7850.5
982.5
6259.0
6397.0
4904.0
10119.5
8064.5
68.0
8159.0
5704.0
7918.0
8543.5
9305.5
0
6214.5
7881.5
9013.5
757.0
7419.0
771.0
10059.0
0
1426.5
5824.0
3744.0
0
9996.5
6114.5
4624.5
6133.5
2352.0
6707.0
3019.0
10495.0
10513.5
4085.0
3761.5
10307.5
7351.0
0
653.0
5916.0
5078.0
7725.5
7166.0
7311.0
5942.0
9744.5
2642.5
2021.0
2222.5
5770.0
11489.5
8956.0
3405.0
7784.0
687.5
6887.5
10200.0
68.0
3831.5
2739.0
8220.5
3008.5
7768.5
6244.0
4345.5
6731.5
0
6513.5
7097.5
6276.0
8756.0
3399.0
10872.5
6200.5
6968.0
10324.0
8721.0
8305.0
5804.5
10092.0
0
10286.5
8863.5
11184.5
2689.5
9617.5
4180.0
8481.5
9145.0
6532.5
4903.5
6861.5
6257.0
2811.5
7509.5
6999.0
6549.5
4449.0
5995.5
7335.0
7931.5
3309.0
8966.5
7297.0
3022.5
3010.5
424.0
5849.5
68.0
10555.5
6366.5
10374.5
7141.5
9824.0
9675.5
5105.0
3056.5
7567.0
0
8626.0
6821.0
8526.0
507.5
6574.5
441.5
7301.5
471.0
1716.5
6200.5
9009.0
7286.0
8759.0
1155.5
5151.5
138.0
5978.0
9213.5
7553.5
115.5
888.0
8195.5
7688.5
10284.0
7778.5
10273.0
68.0
0
7032.5
2351.0
4169.0
4271.0
5217.0
6506.5
4336.5
8148.0
383.0
5291.5
7068.0
6455.5
7264.0
8910.0
1382.5
0
3611.5
6546.0
0
10058.5
6383.5
5303.0
6439.5
6401.0
0
9677.5
6373.0
5713.0
10268.0
138.0
5843.5
5920.5
7868.5
8972.0
0
9367.5
8319.5
0
6694.5
7527.0
1087.5
9984.0
6566.5
7775.5
7130.0
6112.0
4314.0
10941.5
5550.0
944.0
348.5
8250.0
3825.0
7351.0
0
9145.5
4525.0
4056.0
5782.5
8018.5
0
7937.0
68.0
10526.5
7450.5
10316.0
6126.0
7496.0
5317.5
9820.0
10547.5
6712.5
2564.0
11268.0
0
5618.5
10321.5
2575.0
8576.0
11100.0
1350.5
7386.0
11785.0
3426.5
7527.5
6092.5
8418.5
9461.0
2070.0
5797.5
5514.0
5977.0
5401.5
8003.5
10075.5
7977.0
126.5
0
68.0
981.0
10673.5
3586.0
734.5
9363.5
8599.0
4365.0
3697.5
10392.0
0
2483.5
407.0
10509.0
9464.5
9875.5
5353.5
7909.5
0
2298.5
5841.5
8538.0
6412.5
126.5
10902.5
10029.0
3131.0
7187.5
11472.0
7301.5
5366.5
5095.5
2866.5
10944.5
7819.5
9064.0
12275.0
8657.0
10495.5
8045.0
11041.0
12337.5
3162.0
401.0
6452.5
7587.0
8786.5
2516.5
2803.0
9388.5
7563.5
4642.0
3593.5
10439.5
10045.5
8380.0
10595.5
10216.5
4445.0
10599.0
126.5
9201.0
11090.5
3035.0
5653.0
10716.0
5697.0
3596.5
10349.5
10883.5
6351.5
2494.5
2585.5
3148.0
6460.5
4440.5
2658.0
0
2444.0
8489.5
9935.0
6101.5
9988.5
5600.0
11821.5
3085.5
6304.5
9346.5
2317.5
2110.5
6076.0
6075.5
8032.0
7364.0
7473.0
2268.0
9108.5
7968.0
8536.5
1341.5
6830.0
2406.0
10587.0
7220.0
4647.5
6397.5
9475.5
6934.5
2374.5
1157.5
0
1842.5
4607.5
10588.0
471.0
8378.5
629.5
1088.5
8588.0
1491.5
10389.5
2394.5
11625.0
4916.0
68.0
7530.5
7448.0
8424.0
9137.5
7493.5
5488.0
7635.0
5570.0
10512.5
10455.5
1967.0
3766.0
6855.0
10206.0
6565.0
9174.5
5658.5
7511.5
6177.5
4564.0
1552.0
8359.0
2109.0
11292.0
5510.5
1215.0
2153.0
8533.5
4672.0
770.0
5724.0
6624.0
7296.0
719.0
2367.0
478.0
2063.5
10316.0
11006.0
11851.0
9194.5
0
0
751.5
7663.0
12481.5
6799.5
2538.5
5751.5
7522.5
10489.0
9812.0
6105.5
10135.0
898.0
5404.5
11119.0
6575.0
2120.0
10149.5
9858.0
5686.5
8076.5
7240.5
6465.0
863.5
7061.0
8748.0
6843.5
10544.5
4027.5
3651.5
8675.0
6868.5
7687.0
0
9785.5
7690.0
10214.5
9842.0
8513.0
11179.0
1855.0
5358.5
8175.0
8165.0
3474.0
8577.0
8665.0
9989.0
458.0
5965.5
1085.5
8624.0
9434.5
7868.0
10080.5
3774.5
4732.5
10035.5
6094.0
7042.5
7749.0
2665.0
9735.0
6421.5
4923.5
7284.5
11715.5
6629.5
4055.0
68.0
6850.0
10055.0
7524.5
5553.5
8370.5
8426.0
10106.0
5821.0
6074.0
4947.5
8669.0
5314.0
8879.0
8193.5
10941.0
10049.5
359.0
68.0
10397.5
6170.5
6220.0
3138.0
7747.5
6413.0
9855.0
11476.5
680.5
10267.0
7995.5
4531.0
11309.5
978.0
8391.5
1067.5
5681.5
5749.0
5838.5
5856.5
8084.0
10527.5
4365.0
9314.5
10021.5
10627.5
6002.5
6051.5
9607.5
6805.0
6694.0
6947.0
6925.5
4514.0
8490.0
7896.0
6895.0
10170.0
6923.0
2948.5
4048.5
3172.0
1146.0
10555.5
8070.5
3865.0
7449.5
0
7557.0
7730.5
7232.5
10150.0
11905.5
5681.0
2591.5
10279.0
7539.5
5433.0
9897.5
4230.0
6870.5
10507.0
7008.0
0
0
2410.5
9303.5
5367.0
3391.0
13444.0
419.5
7803.5
8120.5
6463.0
6144.5
5690.5
6089.5
10061.0
8380.5
6062.5
7529.0
7074.0
11809.5
8962.5
3725.5
6956.0
5615.0
7311.5
8380.0
0
7833.5
4154.0
10458.0
6397.0
8739.0
10197.0
0
9524.0
10052.5
7607.5
2741.5
10103.5
4315.0
8344.5
7082.0
7385.0
7724.0
3267.0
5551.5
8165.0
11305.0
5120.5
7925.0
8449.0
4002.5
1441.0
8686.5
5703.0
2103.5
7571.0
0
6540.0
7289.5
10019.5
6299.5
0
68.0
7115.5
8061.5
365.5
4218.0
10087.5
8102.0
10116.0
6692.0
344.0
10399.0
6161.0

7218.5
7213.5
10482.5
10185.5
0
4368.5
2940.5
5758.0
9400.5
7157.0
11529.0
6182.5
3781.5
11148.5
12369.5
948.5
3778.0
10407.0
9555.0
6621.0
5742.0
1032.0
10297.0
4904.0
10223.0
10674.0
11978.0
6645.5
8677.5
10194.0
4813.0
0
6004.0
6822.5
12042.0
1387.0
8337.5
6464.0
10411.0
7356.5
10207.0
9216.5
6694.5
10595.5
5625.0
0
10826.0
4525.0
2588.0
5360.0
5218.5
3587.0
5731.5
10123.0
9018.5
3576.0
9020.5
7069.0
8566.5
6201.5
7176.5
407.0
4291.0
10497.5
0
7385.5
6728.5
2657.0
10512.0
9595.5
1576.0
11213.0
6220.5
8806.0
7178.0
6205.0
8521.0
10807.0
5282.5
5060.5
10302.0
6564.5
6882.0
10656.5
7595.0
9479.5
7838.0
6716.5
10223.5
2435.5
10960.0
7757.0
3005.0
4800.0
4536.5
9427.0
9131.0
10317.5
2962.5
6033.0
2297.0
9242.5
3528.0
10977.0
8172.5
7108.0
10153.5
10824.0
10167.5
1013.5
11449.5
10872.0
6098.0
8057.5
9394.5
6531.5
11004.5
9864.0
6586.5
9193.5
9036.0
7077.5
12888.5
5432.0
8282.0
10199.5
5557.0
7204.0
7229.5
7649.0
9377.5
5173.5
9676.5
10188.5
7033.0
8090.5
5961.5
10774.0
9703.5
4761.5
1811.5
7027.0
1032.0
5347.0
10870.5
7361.5
4993.0
13341.0
9955.0
11107.5
7097.5
7278.5
3793.5
7795.5
7954.5
4941.0
6852.0
4382.0
7599.5
9289.5
9074.5
11001.5
0
10122.5
7121.5
6761.5
1334.5
8292.5
2660.5
8110.0
5867.0
8329.0
12157.0
7614.0
5784.5
2797.0
3637.5
6627.0
7710.5
0
8718.0
7148.5
4816.0
704.5
1966.0
8380.5
1573.5
10095.0
6121.0
2482.5
5780.5
5914.5
7554.5
10094.5
0
10828.0
9966.5
6594.0
8586.5
8474.5
126.5
8814.0
1037.5
4287.0
1108.0
8275.0
10742.0
7810.5
9788.5
9658.5
6209.0
5085.0
8708.5
1937.5
9520.5
10151.5
9986.5
8107.0
11060.5
6162.5
8572.0
7400.5
6627.5
11645.0
497.0
6125.5
4263.0
11056.5
10045.0
497.0
10742.5
6625.5
10215.5
7029.0
5650.0
8766.0
6548.0
7423.0
3843.0
8243.0
10522.0
11170.0
6167.5
9424.5
10961.5
7200.0
7752.0
7752.5
10180.0
9200.0
10073.5
3984.5
10045.0
7091.5
10626.0
10529.0
1644.5
5739.5
8083.0
8516.5
11415.0
8726.5
6139.5
6509.5
5390.0
2760.5
12049.5
5838.0
10055.0
0
12882.5
7364.5
10690.0
2792.0
7634.0
6367.0
6543.0
9540.5
6923.0
10650.0
1006.5
2945.5
5649.0
5728.5
7888.5
10235.0
2753.5
10121.0
3152.5
5842.0
10909.5
6522.0
8101.0
3273.0
6838.5
5828.5
6377.0
10843.0
5943.5
8943.0
12793.5
10974.5
8974.5
8173.0
8162.0
9518.0
8829.0
7775.0
6039.5
8466.0
5743.0
11207.0
4267.5
7243.5
7307.0
1997.5
8905.0
5225.5
8599.5
10358.5
1121.5
9713.0
6323.0
5929.5
8887.0
6186.0
6807.5
4545.0
7156.0
10794.0
11018.5
68.0
5156.5
3171.5
8607.0
6751.0
6528.5
6190.0
2404.0
435.5
10052.5
5692.5
2116.5
10874.5
2851.5
10458.0
1333.0
9445.0
8514.0
0
5158.5
2528.0
10590.5
8907.0
4364.0
11258.5
12060.5
1790.5
10244.5
3971.0
7510.5
736.0
6894.5
2793.0
10012.5
6347.5
7498.0
6660.5
6098.5
8253.5
11517.0
11823.0
8952.5
10275.0
4597.0
8256.0
9001.5
10709.5
3459.0
10149.0
4933.0
8496.5
10055.0
9658.0
5745.5
6809.0
5701.5
0
3722.0
7355.5

10293.5
9965.0
7180.0
8092.5
7012.0
7574.0
10518.5
11083.5
7746.0
6335.5
9494.5
4273.5
7715.5
9109.0
5558.5
1086.0
10160.0
4279.0
12860.0
11068.5
2423.0
10920.0
10229.5
7554.5
8191.0
10055.5
10533.0
4055.0
2459.5
1534.5
10986.0
5309.5
10808.5
4726.0
0
11559.5
10406.0
7032.0
9709.5
5235.5
8665.0
10233.0
7128.5
10637.0
7284.5
10185.0
7834.0
10235.5
3800.0
8674.0
12462.5
6650.5
7810.5
10299.5
5680.0
6914.0
9162.0
6082.0
11366.5
646.0
9009.0
126.5
4040.5
11277.0
3162.5
10068.5
11715.0
6380.0
12862.0
7207.5
10384.5
10553.5
8055.5
6205.5
11747.5
10049.5
6797.5
6150.0
8299.5
10226.5
0
6524.5
10148.0
8110.5
9038.5
11558.0
8638.5
6249.0
11194.5
10614.5
7646.0
11448.5
0
9076.0
4422.0
11323.0
10451.0
8542.5
10307.0
8233.5
0
5772.5
11008.5
9921.0
4978.5
0
7073.5
7622.5
478.0
10725.5
5754.5
10136.0
7440.0
10187.0
7227.0
2484.0
5695.5
11179.0
7159.0
5208.0
11176.0
10653.0
11533.0
8401.0
10260.0
6559.0
11361.5
5497.0
11338.0
10693.5
5947.0
7485.5
7615.0
7303.5
10213.5
10996.0
5678.0
6128.5
5589.5
5738.0
11771.5
5434.0
6684.5
10436.5
10093.0
6300.5
4843.0
6743.0
7559.0
12482.5
5989.0
6237.5
0
7302.5
9909.0
8264.0
0
10254.0
11898.5
716.0
9063.5
2736.5
10655.0
10703.5
8157.5
8776.0
0
7781.5
5894.5
7746.0
10542.5
4614.5
10021.0
10399.0
6302.5
10115.5
9593.5
5331.5
5713.5
6619.5
5469.0
6232.5
8934.5
0
8615.5
3756.5
9049.0
10155.5
4641.5
10106.0
10058.5
3051.0
0
3404.0
9305.5
9634.5
8953.5
927.0
8825.0
5574.0
9508.0
8773.0
9721.0
1176.0
6319.0
9724.0
5653.5
6199.0
10497.0
13048.0
5685.5
1719.5
5742.5
6192.0
6780.5
10055.0
7572.0
7431.0
10654.0
2478.0
5763.5
10529.5
10324.0
10104.5
10251.0
10212.5
10674.5
7703.5
8672.0
9033.0
10374.5
0
10004.5
10548.0
1717.0
0
7797.0
6668.5
6640.0
11004.5
10435.5
8912.5
7933.0
7528.0
8432.5
10045.5
7283.5
7237.0
7059.5
8565.0
6903.0
10567.5
6909.5
7464.0
6340.5
6224.5
2368.0
10980.5
0
6724.0
9061.0
6263.5
10422.5
6044.5
10072.0
10693.5
11159.5
0
4877.5
5979.5
11557.5
7289.0
10819.0
7011.0
11828.5
4384.5
5782.5
6380.5
0
3847.0
9126.5
6839.5
6710.5
11022.0
3342.0
7534.0
1834.5
3348.5
2512.0
11022.5
10404.5
10123.5
5676.5
10553.5
10259.0
7650.5
7573.5
5715.0
5567.0
9659.5
7998.5
4710.5
4539.5
10809.0
7728.5
7428.5
7291.5
8824.0
4442.0
5274.0
8518.0
10223.0
10233.5
8962.5
4787.0
2795.5
9923.5
7412.0
10199.0
11184.5
2471.5
7054.0
10648.5
10334.0
4432.5
10139.0
3898.0
7717.5
7093.5
11866.0
4733.0
1019.5
0
7852.0
12437.0
5294.5
4042.0
8875.0
10113.5
9518.0
2518.5
10563.0
5788.5
6212.5
8861.5
3426.0
6979.0
5677.5
6365.0
10518.0
4903.0
6703.0
3148.0
11094.0
10370.0
1719.0
7237.0
7752.5
12853.0
6565.5
13062.5
7206.0
3943.5
6020.5
9306.5
5729.5
6345.5
7497.5
10310.0
6716.5
10132.0
7117.0
478.0
6531.0
11394.0
7241.0
10096.0
11502.5
6592.5
8085.0
9965.0
11011.0
9306.5
3091.5
11714.0
6915.0
11390.5
3988.5
10036.5
10099.0
10630.5
10589.5
10950.5
7865.0
1460.5
10577.5
5217.5
6846.5
6017.0
7674.0
11197.5
4276.0
7659.5
8744.0
7067.0
10194.0
7557.5
653.5
10400.0
5543.5
5123.0
10254.5
10425.0
11846.5
10047.5
10597.5
1754.5
10897.5
11071.0
5041.0
11186.5
9966.0
11958.5
8132.5
12518.5
8496.0
6589.0
5225.5
6282.5
5964.5
717.0
10261.0
4522.5
10747.0
7168.5
9042.0
13244.5
10299.0
10510.5
11148.5
8500.5
8517.0
10602.0
6159.0
5950.0
5241.5
12347.0
2339.0
8198.5
11324.5
11402.0
8707.5
1340.5
3869.5
8434.5
5655.5
10321.0
7489.5
6982.5
6215.5
9106.0
9505.5
12479.5
5824.0
9386.0
4154.0
13074.5
13488.0
8827.0
10383.0
7734.0
3301.0
1862.5
6974.5
1371.5
5672.5
4911.0
6191.0
5950.5
3711.0
8439.0
0
10376.5
5118.5
7790.0
10546.5
6639.5
8950.0
9122.5
10131.0
10376.0
7450.5
4481.5
2146.5
2945.0
3782.0
6595.5
7777.0
11361.5
2686.5
3818.5
12855.0
6539.5
7143.0
4131.0
3829.0
10116.5
6935.5
6020.0
2223.5
10344.0
9409.0
2813.5
10551.5
9128.5
5426.5
11233.0
10157.0
8124.0
11117.5
4455.0
11694.0
10796.5
10565.0
12659.5
6055.5
7898.0
10149.5
5983.0
68.0
9109.0
6977.0
0
10060.0
0
11658.5
8656.0
6859.0
126.5
3609.0
12002.0
7129.5
9578.5
10059.0
11849.0
10207.0
4948.0
5530.5
3891.5
6290.5
6244.5
943.5
7460.0
68.0
6414.5
9470.5
365.5
9744.0
7009.5
10391.0
8792.5
7673.0
11324.5
10629.5
0
6159.5
10329.5
9866.5
3535.0
6182.5
1127.0
424.0
7686.5
6724.5
789.0
7342.0
4481.5
8580.0
1282.0
10628.0
1145.0
4722.5
6813.5
5278.0
1056.5
68.0
11262.5
3257.5
10706.5
0
7000.0
11097.0
10352.0
9014.0
10048.5
11056.0
0
6802.5
9614.5
6627.0
0
9379.0
8516.5
8002.5
9228.5
9628.5
12382.0
8554.5
10624.0
68.0
10877.0
6226.0
2491.0
10104.0
13123.0
9839.5
10080.0
11466.0
10267.0
10705.5
10206.0
5500.5
11483.5
4042.5
0
4581.5
3256.5
7760.5
10982.5
7244.5
5201.0
3385.5
7343.0
1640.5
8790.5
7162.5
10636.0
8646.5
0
8589.0
8503.0
8479.5
7742.0
9868.0
8463.5
6618.0
4936.5
12020.5
7082.5
3735.0
0
3934.5
6042.5
4837.0
10277.5
3132.5
12124.0
7888.5
13027.5
7192.5
497.0
7001.0
8141.5
4080.0
8790.0
8025.5
13500.0
9871.5
10605.5
11134.5
8398.5
10245.5
5240.5
11021.5
11013.5
6444.0
7287.5
13437.0
5901.5
10136.5
0
0
5143.5
3842.5
9527.5
0
6984.5
8921.0
68.0
9399.5
1949.5
6656.0
8943.5
10423.5
9691.0
8618.5
10734.5
3462.5
5178.5
11777.5
8323.0
4879.0
6222.5
10878.0
5879.0
1493.0
0
3899.0
5587.0
9556.0
11101.0
7900.5
10076.5
6853.0
967.0
0
11023.5
8499.0
9479.0
4721.0
7900.5
12296.0
10053.0
11371.5
5741.0
8252.5
10501.0
9701.0
1516.5
11145.5
1826.0
6738.0
11149.5
9263.5
10434.0
6712.0
1370.0
4305.0
7885.5
7571.0
497.0
10625.5
3532.0
5962.5
8712.0
11930.0
8261.0
10261.5
9371.5
4237.0
6921.5
6918.0
9090.0
10571.5
10645.0
10300.0
6125.5
4375.0
5923.0
9973.0
7645.0
68.0
6534.5
1456.5
2952.0
3666.0
10491.0
7520.0
10166.5
7180.0
3959.0
6074.0
11426.0
11394.5
11100.5
7558.5
11790.0
9905.0
3083.5
8998.0
10517.5
10198.0
7101.0
8119.5
9041.5
5686.0
2848.0
4404.0
10206.0
12145.0
10260.5
4814.5
11591.0
11449.5
10257.5
6633.5
2377.0
9478.5
7881.5
3296.5
4292.5
12022.5
8558.0
10411.0
10742.5
7074.5
8375.5
3698.5
10649.0
4185.0
6729.5
7201.0
10698.0
4146.0
1126.0
3432.0
5938.0
716.0
10996.0
5748.0
4258.5
10234.5
8042.5
7388.0
7591.0
4550.0
6196.5
3069.5
8179.0
9950.5
6042.5
4893.5
3813.0
9310.0
5822.0
10288.5
6935.5
6953.0
9935.5
1337.0
0
11405.5
4421.0
10662.0
5883.5
6370.0
9072.5
7428.5
6778.5
10044.0
6582.5
0
6358.0
138.0
5717.0
13021.5
10347.5
11563.5
8022.0
7110.0
1056.0
8116.0
1829.0
8564.5
5767.0
10338.0
8815.5

9577.5
9785.5
0
6520.5
11538.5
1284.0
10832.0
7974.0
11294.0
10796.5
5704.5
5873.0
6313.0
8302.0
8291.5
5537.5
1592.0
6322.5
10671.5
5687.5
10882.0
9281.0
8247.5
12978.0
4081.5
5456.0
1760.0
4121.0
10672.5
10277.5
4436.5
8430.5
4686.5
11064.0
8094.5
2982.0
7138.5
12877.5
8501.5
4780.0
6313.5
4716.0
10452.5
9071.5
11036.0
6702.0
10278.5
12386.0
0
7189.0
4698.0
8912.0
12745.5
11008.5
11213.5
6465.5
5589.5
9637.5
6474.5
10159.0
11835.0
7030.5
3163.5
11104.5
10538.5
12009.0
8787.5
10320.0
8756.5
5045.5
6409.5
5135.0
3527.0
10156.5
13467.5
10323.5
5728.0
9646.0
10104.0
8053.5
6666.5
4456.0
5688.0
10640.5
7549.5
12807.5
7991.5
8692.5
9120.5
7219.0
5768.5
12005.5
2346.0
2789.5
9182.5
68.0
7376.0
8357.0
5516.0
9571.0
11308.0
6665.5
3403.5
11145.5
10382.0
6010.0
6542.5
10686.5
10419.5
5923.0
9899.0
1385.5
8875.5
7573.0
8772.5
10765.5
2705.5
2196.5
6483.5
7599.5
8182.0
10050.5
11961.0
10209.5
8897.0
10584.0
10260.5
10093.5
9704.0
5774.5
9985.0
0
8796.0
10748.0
8498.0
10257.0
10279.5
9652.0
10228.5
5030.5
6863.0
6477.5
10726.0
9190.5
6047.5
6641.5
6653.0
9782.0
10901.0
7639.0
8642.0
10648.5
5166.5
9774.0
0
9409.0
10544.0
12969.5
10018.0
6461.0
7523.0
11274.5
8400.5
11376.0
8087.0
9059.0
9817.0
68.0
7273.5
12019.5
7944.5
8927.0
8646.5
9483.5
10448.5
9849.5
10866.5
5824.0
10753.0
12480.5
7360.5
8394.0
13375.0
68.0
14071.0
10166.5
10364.0
3326.0
11591.5
10230.0
12544.0
11286.0
10421.5
10332.0
10805.0
6705.0
10133.0
12753.0
10460.0
10926.0
9264.5
11235.5
12184.5
8399.0
6563.0
9534.0
9986.5
11096.5
10697.5
9715.5
5503.0
9130.5
8735.0
13189.5
8967.0
8506.0
5340.0
11491.0
8646.5
3341.0
10732.0
10140.0
7008.0
10282.0
2389.0
4709.5
9846.5
14153.5
3225.5
3041.0
8452.0
441.5
2582.5
2934.0
5731.5
7217.0
7587.5
5902.5
10278.5
11055.5
126.5
11200.5
7391.5
5199.0
7908.5
6943.0
7776.5
2006.5
6605.0
7493.0
7951.5
1702.0
9174.5
7599.0
11685.0
5996.5
2469.5
6274.5
8263.0
12298.0
3693.0
7194.5
5518.0
10446.0
2256.5
12150.0
10976.0
11586.0
7045.5
7365.0
9458.5
10851.0
2442.5
424.0
7492.5
7572.0
9703.5
12619.0
11032.0
7091.5
7218.5
10143.0
7975.0
11646.0
6728.5
10484.0
8518.5
3518.0
10542.5
10122.0
8211.0
5852.0
7770.5
11011.0
68.0
6471.0
5880.0
12832.0
6375.5
0
9299.0
6670.0
6306.0
2369.0
11131.0
6990.5
7302.5
7502.0
10986.5
9733.0
11979.0
10037.5
10283.0
0
5798.0
1032.0
6128.5
6899.0
7233.0
11179.0
7254.5
5166.0
10052.0
0
8882.5
6815.5
7816.0
12359.5
0
5926.5
6182.5
14506.5
5836.0
9706.5
7549.5
10529.0
5734.0
7876.5
11610.5
6806.5
5763.5
8183.5
11011.0
7190.5
4303.5
7697.0
10133.5
8589.5
7702.0
11962.0
7691.5
6683.0
10066.0
6775.5
4605.5
11698.0
8445.0
489.5
6353.0
10606.5
11088.0
5732.5
8946.5
6420.5
3716.5
13733.5
10533.0
10222.5
10932.0
5911.0
10481.5
9145.5
9735.0
8088.5
9642.0
8011.0
10530.5
7879.0
9447.5
9383.5
6286.5
6203.0
7573.0
3950.5
4099.0
5555.0
365.5
10306.5
0
12008.5
5981.5
13506.5
11054.0
3175.5
10149.0
4565.5
8124.0
6522.0
7541.0
10391.5
9085.0
5271.5
11697.5
4505.5
12146.0
12408.0
7305.0
5959.0
8527.0
6866.0
7151.5
10645.5
9968.0
10646.0
11095.0
6605.5
4390.0
10712.5
11892.0
6127.5
12485.0
6304.5
4624.5
7973.5
3182.0
11701.5
10237.5
2823.5
10092.0
10120.5
365.5
8554.5
12872.0
11190.0
3374.5
12120.0
6491.5
12763.5
7623.0
12467.0
10054.0
6977.5
10493.5
5991.0
11514.5
10385.0
11174.5
68.0
10749.0
7451.5
10047.0
9609.0
7936.0
0
4034.0
10595.5
14489.5
3738.5
8732.0
0
13310.0
8855.5
5131.0
11993.0
7732.5
10629.0
6004.5
13682.0
6884.0
11230.5
8081.5
8489.0
0
6889.0
7012.5
11130.5
6205.0
8278.5
5905.0
13066.0
11607.5
8691.5
68.0
10711.5
7950.5
8238.0
9117.0
10525.0
10434.5
1942.5
12141.0
6104.0
11908.0
13584.5
3237.5
9850.0
10266.0
2434.0
10413.0
4073.0
6599.5
10806.5
4895.5
7528.0
7277.5
2666.5
0
8055.0
7077.0
1887.5
10770.5
6045.5
12553.0
10730.0
0
14081.5
9495.0
5665.0
8502.0
0
9475.0
6120.5
9023.0
9004.5
0
8701.0
8917.0
9535.0
11513.5
5117.5
9003.0
9175.0
11048.0
7143.5
7059.5
10421.5
0
8782.0
11861.5
10685.5
9719.5
11297.5
10469.0
11560.5
10493.0
7413.0
7989.5
10284.5
10122.5
10056.5
9246.5
9178.5
10679.0
10141.5
11107.0
13685.0
9422.0
7678.5
7485.5
10261.5
8276.0
13210.0
6993.0
8485.5
14248.0
8883.0
10052.0
1294.5
9688.5
9274.5
10670.0
8633.0
4107.5
13207.5
6975.5
13777.0
7145.0
9478.0
8714.5
9073.5
7468.0
11172.0
8555.5
3434.5
11282.5
10066.0
10567.0
8763.5
2658.5
10022.0
11103.5
0
9045.0
9808.5
8596.5
10564.0
7024.0
12677.0
4785.0
8556.0
12134.5
4491.0
6940.0
5590.5
7637.5
2754.5
11522.0
11052.5
0
8773.5
8812.0
7540.0
10949.0
4418.0
10270.5
10229.0
10441.5
6574.5
0
5621.0
14096.0
10151.5
0
6472.5
7088.0
9134.0
10497.5
0
10571.5
2044.0
2575.0
9596.5
11652.5
8163.0
3753.5
8550.0
6373.5
8980.0
9136.5
11548.0
6563.0
5224.5
7753.0
4145.0
11957.0
11063.5
12950.0
0
12938.0
6260.0
13249.0
8131.5
3260.5
4125.0
5530.5
6771.5
0
7904.5
7981.5
9514.5
7407.5
7037.0
9744.0
6798.5
5673.5
10045.5
12899.0
7094.5
8933.0
2570.5
9705.0
5815.5
11715.0
5807.5
8495.5
4096.5
8249.0
11991.5
11882.0
755.5
11910.0
9808.0
6880.5
9424.0
3773.5
1276.5
8654.5
13100.0
8932.0
757.0
10802.0
10245.0
11871.5
12938.0
6657.5
5246.0
10440.0
10129.5
13918.0
0
12080.0
8985.0
7302.5
13267.5
9539.5
7888.5
10183.0
7086.0
9256.0
10760.5
9686.0
11399.0
6023.5
3603.0
11419.5
0
6028.5
8844.0
8896.5
8014.0
7419.5
3980.5
11207.0
10532.0
6184.5
7881.0
7210.5
5091.0
7918.5
13046.5
3916.0
10363.0
8791.5
6196.0
7084.5
0
10069.5
1468.0
9098.0
9055.5
11474.5
8730.0
13484.5
11047.5
126.5
12727.5
8423.5
7906.5
5275.5
7900.0
6845.0
12593.0
9132.5
10769.0
11592.0
12067.5
9361.5
7282.0
2253.0
7272.0
8771.0
11382.5
0
10976.0
6563.5
11031.0
9077.0
3952.5
10143.0
11595.0
8192.0
9880.5
7181.0
11963.5
8138.5
10804.0
11985.5
10499.0
10527.0
11001.0
10473.0
10699.5
11161.5
11090.5
7292.0
9014.5
8911.0
7194.5
10634.5
6313.5
7085.0
10067.0
9105.0
11004.0
7110.5
6713.0
10096.0
6321.5
13178.5
7209.0
0
6416.0
914.0
5168.5
10874.0
8677.5
7030.0
6244.5
1739.5
9151.0
7758.0
13829.5
8548.5
126.5
7043.5
10092.5
9066.0
4667.5
12365.5
6554.0
7903.5
12262.5
8733.0
10933.0
13566.5
9505.5
6371.0
10538.5
4608.5
0
6552.5
10171.0
11349.0
6608.5
11884.0
9901.5
10874.5
13191.0
5048.0
6021.5
11940.5
11405.5
7421.5
7154.0
10220.0
8702.0
13409.5
7098.0
6097.5
13028.5
13015.5
8154.5
12902.0
12087.0
9336.5
12075.0
5741.0
8604.5
10089.5
8664.5
8381.0
12163.0
9903.5
7486.0
10963.0
5792.5
11426.5
8807.5
8766.0
13398.5
7012.0
6535.5
10634.5
9579.5
11065.5
7508.0
6182.0
8519.5
2815.0
8359.0
10135.0
7535.0
10827.0
4238.0
4420.5
978.0
11090.0
12885.5
10128.5
11947.5
10238.5
6738.0
5513.5
10149.0
10217.5
8379.5
4932.0
365.5
10075.0
11608.0
6032.5
10198.5
5774.0
8017.0
12740.5
4404.5
9217.5
10997.0
7470.0
8846.0
5721.5
5967.0
8374.5
11060.5
8511.0
10406.5
2741.0
10544.5
10570.5
6972.5
10550.5
10178.5
9984.0
6770.0
10026.0
4660.5
9276.5
7706.5
11587.0
2832.0
10970.0
11468.0
12967.5
9177.0
8374.5
10204.5
4758.0
11093.0
10601.0
12719.5
12144.0
10640.0
7299.5
1794.5
9113.5
10549.5
7102.0
6654.5
7498.0
12642.5
7811.5
9482.0
6399.0
11568.5
11007.0
7875.5
9183.5
11928.5
11493.0
12858.0
2424.5
13146.0
0
11226.5
6916.5
5076.0
10202.0
8768.0
9279.5
0
7500.5
9689.5
8366.0
10297.0
14655.0
8008.5
6971.0
6837.0
2768.0
8663.5
8691.0
12842.0
11248.5
0
9416.0
8488.5
12808.5
11096.5
8417.0
12034.0
8671.0
8342.5
13294.0
7845.0
7873.5
13635.0
11204.0
7673.0
12032.0
13781.5
11375.0
419.5
12071.0
10623.5
13800.5
3463.0
11843.0
10237.5
4143.5
10431.5
13664.0
10579.0
10581.5
1444.0
10523.5
11056.5
8429.5
0
6770.0
3605.5
10272.0
12119.5
9735.5
3602.5
10635.0
10475.0
8678.5
10200.5
11910.5
10363.5
0
0
11177.0
11806.0
10585.5
10652.0
11438.0
9087.5
6348.5
8364.5
0
5855.0
9697.5
13347.0
6260.0
4028.5
8402.5
13877.0
4233.0
0
10248.0
8707.0
12010.0
10714.0
6557.0
9106.0
10368.5
8195.0
12947.5
9300.5
6107.0
0
8581.5
9651.0
4813.0
9676.0
10385.0
8736.0
9643.0
6689.5
7604.5
10640.0
11159.0
5707.0
6500.0
10175.0
10920.0
6111.5
0
0
6862.5
10944.0
10963.5
2458.5
0
6140.0
10564.0
7151.0
7403.0
12470.5
7556.0
10678.5
10165.5
6944.0
6291.5
13809.0
10235.0
9869.5
11738.0
11615.0
9576.0
11608.5
10427.5
9748.0
10247.0
126.5
11664.5
7675.0
9960.0
4905.5
7202.0
12612.0
10313.5
10091.5
11662.5
11620.0
0
12968.5
0
6657.5
7235.5
6808.0
10795.0
12482.0
0
7187.5
5041.5
10299.5
10571.0
11562.5
8747.0
8242.0
10111.0
1984.5
0
7497.0
12080.5
9306.5
0
7411.5
8685.5
11385.5
8139.5
4082.0
4052.0
11406.0
4221.0
10062.0
9670.0
7744.5
10076.0
9525.0
9253.5
4666.5
6663.0
7608.0
11148.5
13911.0
8088.0
0
8898.0
9560.5
6183.0
10303.0
12580.5
6054.0
10007.5
7904.0
11268.0
6236.0
10089.5
7672.0
13195.0
10053.5
7867.0
10153.5
8954.0
6138.5
8834.0
12841.0
7015.5
9076.5
5751.0
10519.5
8677.5
0
8833.5
8559.5
13416.0
11780.5
7543.0
0
10106.0
458.0
10402.0
9507.5
12449.0
5555.5
7900.5
10605.0
10248.0
12063.0
9164.0
11247.0
12359.5
8026.5
10054.0
10819.5
10239.0
11315.5
4923.5
8269.5
5017.0
11657.0
11621.5
3718.5
8662.5
9309.0
11240.0
126.5
10533.5
9199.5
7762.0
2684.0
10878.5
6059.0
1333.5
10979.0
10752.0
5990.5
12237.0
8175.5
8896.0
12303.5
9078.0
2246.0
10130.0
7969.5
2458.5
4467.0
7782.0
11223.0
12786.5
10718.0
10910.5
14518.5
10785.5
10161.0
5036.0
2147.5
11368.0
3648.0
0
8978.0
7209.5
7819.0
4433.0
9425.5
10250.0
10695.0
10785.5
4243.0
13842.0
6229.5
11715.0
13282.5
10694.0
11139.5
8321.0
6142.5
10560.0
7087.5
12843.0
5497.5
11620.5
11526.0
8014.0
10001.5
10955.0
8980.0
3221.0
3800.5
13948.0
4089.5
126.5
10357.0
8763.0
10675.0
5113.0
8038.5
4490.5
10947.5
8558.5
7974.5
13203.5
8776.0
6879.0
6342.5
3989.0
9931.5
10677.0
10729.5
10973.0
8629.0
8250.5
10764.5
6604.0
8723.5
5785.5
13328.5
1703.0
7732.0
10067.5
9194.0
6610.5
8427.5
4668.0
8001.0
3003.0
11190.0
11030.5
7075.5
8518.5
3676.5
8928.5
12993.0
8110.5
5371.0
8786.5
4789.5
11679.0
11982.5
4051.5
1121.5
12430.5
3345.0
7241.0
12450.0
5671.0
12039.0
10522.0
6596.5
7525.0
7245.5
8893.5
3643.5
13735.5
6322.5
0
9253.5
7537.0
12267.0
12502.0
2788.0
11477.5
3033.0
10606.0
8955.0
793.0
0
6828.5
10609.0
2479.5
4691.0
13861.0
7065.0
9704.5
12902.0
7127.5
14390.5
10537.5
10335.0
11836.0
12054.5
6070.0
9253.5
6347.5
11523.0
11315.5
12300.0
5657.0
5762.0
5015.0
6407.0
11851.5
12108.0
8590.5
10768.0
11208.5
8873.5
11070.5
8311.0
7653.0
8770.0
4128.5
11614.0
5526.0
6402.0
10085.5
68.0
9053.5
8364.0
11024.5
1719.0
3127.0
10102.5
6621.5
5550.0
8573.0
4845.0
10588.5
7970.0
7565.0
3565.0
12288.0
14089.5
11368.0
10065.5
6213.5
11753.0
10608.0
12761.5
10919.5
7725.5
7683.5
9285.0
10115.0
11825.0
13186.0
365.5
11758.5
6287.0
7714.0
2024.0
10722.0
0
0
8514.0
4252.5
7909.5
12938.0
2349.0
10263.0
5791.0
7683.0
4406.5
10190.5
1710.0
11487.0
10310.5
7242.0
9623.5
7685.5
3815.0
7550.0
7613.0
3457.0
10068.5
7610.5
10967.5
2353.0
0
6476.0
10241.0
6777.0
11753.5
6434.0
8363.0
11056.0
12392.5
11949.0
9307.0
11799.0
5419.0
4793.0
0
12221.5
0
13307.5
9503.0
12299.0
8100.0
10206.0
10318.5
7438.0
4575.5
12921.5
10605.5
9596.0
11241.5
11171.0
11238.0
11130.0
10537.0
9047.5
11144.5
6728.0
9089.0
10177.5
9345.5
11571.0
13228.5
11400.0
12773.5
12305.5
7728.0
4981.0
6007.0
12072.5
9761.0
8411.0
10316.0
4799.0
8384.5
6159.0
10125.5
9715.5
11944.0
9914.5
11235.0
7520.5
12868.0
2557.0
0
7524.5
11946.5
12047.5
9934.0
7505.5
5521.0
8144.0
10062.0
3559.5
4485.5
486.0
12297.0
10419.0
4320.5
9162.5
710.5
4766.5
10482.5
3142.0
8628.0
10013.5
5643.0
11379.0
7041.0
8158.0
9906.0
11011.0
10579.0
12516.5
11726.0
6583.5
10496.0
10508.5
5053.0
11031.5
9875.0
12960.0
12781.0
6972.0
2070.5
8442.5
6871.0
13982.5
10361.0
9965.5
0
10127.5
5823.5
9504.0
6448.0
6257.5
6690.5
13105.5
8667.5
11919.0
10746.0
1511.5
10210.5
0
717.0
10987.5
10800.5
8354.5
68.0
4185.5
9333.0
8946.5
11316.5
13191.5
7356.0
10725.0
9587.0
6825.5
10722.0
4545.0
8057.0
8618.5
10896.5
8877.0
4876.0
10403.0
8300.5
5232.0
7638.5
7782.5
9102.5
12946.0
12816.5
6370.0
13255.0
6647.5
7251.5
3479.5
0
8620.5
8565.5
10784.0
8409.0
1385.0
8448.0
8506.5
6091.5
10678.5
8328.0
12400.0
4805.0
8447.5
11700.0
6796.0
10916.0
9594.0
0
10121.0
5708.0
10277.5
6374.0
10055.5
7194.5
12516.5
10187.5
13267.0
10255.0
10583.0
6017.0
8690.0
4838.5
6673.5
5575.5
6181.0
12447.0
9075.5
12750.5
7551.0
10076.0
9442.0
6862.0
8470.5
8664.0
10433.5
11018.5
11343.0
4737.0
11448.5
8781.5
419.5
0
6070.5
5266.0
663.0
12372.0
1387.0
9588.0
10472.5
6204.5
0
11651.0
6957.0
9289.5
5310.0
7714.5
8387.5
9328.5
11740.5
3162.0
12531.0
8627.5
11516.0
6177.0
9209.0
13280.5
7839.5
6724.5
5099.0
2790.0
8817.5
419.5
8042.0
6246.5
5576.0
10168.0
5780.0
8656.0
13015.5
12672.5
6053.5
7964.0
11950.0
12915.0
10947.0
9347.5
6363.0
5639.5
11791.5
10207.0
10790.5
10534.0
7889.5
11039.0
7282.5
6131.5
8719.0
10486.0
11171.0
6840.0
8730.5
7236.5
10562.0
11002.5
10122.5
8867.5
10200.5
8431.0
13127.0
8559.5
5865.0
11385.5
13913.5
12301.0
6404.5
10887.0
12848.0
7624.0
7773.0
4679.5
11739.0
9699.0
9619.5
8173.0
0
10018.5
10654.5
6882.5
7507.0
782.0
12677.0
8801.0
10797.0
8732.5
6308.5
1966.5
10163.5
12026.0
6099.0
10200.0
7280.5
8813.5
5591.0
9891.0
0
9343.0
8397.5
10160.0
8505.0
7173.5
7431.0
6314.0
11092.0
12971.0
10079.5
10894.5
12949.0
11078.0
9281.0
12331.5
6590.5
11015.0
8084.0
5602.5
7574.0
6094.5
12421.5
10577.0
10001.0
4883.5
10420.0
10242.0
12024.5
10575.5
13924.5
5575.5
7346.0
12500.5
13415.5
0
8506.0
10281.0
8802.0
9119.0
8340.0
9766.0
7800.0
6945.5
14072.5
9016.5
8147.5
6782.5
10958.5
3461.5
12890.5
2163.0
0
11706.5
8207.0
10294.0
7691.0
5876.0
5905.5
12201.0
6801.0
1086.5
12274.0
10994.0
7022.0
11367.0
10159.5
9120.5
11442.5
5970.5
7068.5
12568.0
5629.5
8854.5
10529.5
6123.5
11446.0
6259.0
6942.5
6592.0
11825.0
2157.0
4016.5
10138.0
13179.5
10169.5
12944.0
7489.5
8622.5
7945.5
8125.5
0
8453.5
9991.5
12181.0
9816.5
12095.5
6345.5
11282.5
12793.0
11571.5
9561.0
7100.5
10756.0
7031.5
5607.0
6447.5
9296.0
3919.5
8530.0
8587.0
5686.5
15159.5
7345.0
12850.0
7250.0
6411.5
11445.0
6442.0
4945.0
14425.5
8978.5
3084.0
4778.0
68.0
5660.0
0
12953.0
9971.5
8018.5
10026.5
6736.5
10660.0
4777.0
5680.5
5345.5
3796.5
13583.5
7426.0
10675.5
6526.0
12781.5
5870.5
11549.5
2771.0
6902.5
11981.5
11571.0
2411.5
10261.0
8609.5
2034.5
7893.0
4883.5
11012.0
0
0
7215.5
9366.5
13212.5
10254.0
10852.5
11840.0
0
10086.0
10681.0
12185.5
14428.0
6952.0
0
8191.0
10592.5
6869.0
8530.0
9525.0
7527.0
13994.0
6857.0
7776.5
5920.5
10996.5
11568.5
11939.0
12274.0
10245.5
4312.0
10394.5
12885.5
9175.0
6049.5

10847.0
2313.5
10834.5
12812.0
13085.5
9776.5
4713.0
11806.0
2349.0
8757.5
11390.5
12515.5
2131.5
10369.0
7031.0
11141.5
12372.5
6895.0
4294.5
6958.0
5568.5
8403.5
3504.0
13919.5
14514.5
12443.0
10049.5
0
10635.0
7509.5
7781.5
2607.0
10673.0
8142.0
11426.0
6437.0
5601.0
9049.5
12419.0
12095.0
7549.5
11528.0
8206.5
9863.0
5769.5
10207.5
0
10107.5
11894.0
9627.0
4526.5
7850.5
9246.5
2107.5
6028.5
7037.0
12884.5
5900.0
10654.5
13045.5
10242.5
11589.5
10725.0
0
2756.5
15031.5
11096.5
8975.5
8230.5
11148.5
12315.0
6634.5
13659.0
5992.5
12275.0
8297.0
11077.5
10531.0
5905.5
11332.0
10070.0
12355.5
4218.0
7040.0
5295.5
11190.0
3551.5
9114.0
5406.5
14553.5
8951.5
0
9549.0
8043.0
10369.5
7842.0
9904.0
10281.0
10096.0
0
11129.0
12092.0
9496.5
9468.0
11985.0
5041.0
6566.0
11874.0
5787.0
6716.0
11992.5
12528.0
7482.0
6335.5
3220.5
13598.5
9628.0
10838.5
10959.5
11005.5
6873.0
11232.5
11491.0
14286.5
4554.0
7392.0
11556.0
10591.0
10268.0
10449.0
7652.0
5959.0
10950.5
11410.0
10458.5
10186.0
10743.0
8534.0
12634.0
4743.5
3319.0
6240.5
12527.5
10951.0
6629.5
6614.0
5714.0
3715.5
11067.0
7244.5
8429.0
12043.0
4351.0
11595.0
11090.0
7684.0
5621.5
6912.0
11147.0
6861.5
11075.0
15410.0
6044.5
8954.0
6487.0
6567.0
13059.5
10394.0
7809.0
2073.0
11368.5
10058.0
8334.0
8652.5
11092.0
10556.0
7579.5
2151.0
12992.5
7512.5
12963.0
1089.5
11811.5
4298.5
3627.0
10259.0
4127.0
10717.0
11147.0
12052.0
8801.5
6547.5
5017.0
10216.5
10478.0
11922.0
3939.0
9109.5
5774.0
10635.0
12485.5
13315.5
10646.0
11182.0
11069.0
12589.5
10573.0
8254.0
9913.0
10142.0
5684.0
14139.5
10764.5
10824.5
0
10522.5
11265.0
9522.5
6572.5
4383.0
8410.5
8072.5
8473.5
5604.5
10063.0
10406.0
5146.5
11228.0
10803.0
7427.5
899.0
8502.0
11377.0
6221.0
0
11667.0
13250.5
8859.0
3630.5
8687.5
11433.0
11651.5
7523.0
11011.5
12766.5
6231.5
12023.5
10804.0
12535.0
10513.0
10275.0
7596.0
10611.0
2485.5
11906.5
7030.5
10712.5
11474.0
13006.0
7197.5
6363.0
13449.0
13268.0
126.5
10107.0
6385.0
11023.5
10528.0
12893.0
2759.0
10815.5
12773.5
11571.0
5795.5
9537.5
6607.5
10654.5
10129.5
10661.5
11461.5
5391.5
5399.0
68.0
0
3772.5
5297.0
9832.5
418.5
1833.5
5932.0
0
5327.5
10147.0
10086.0
11848.0
10047.0
10397.5
6710.5
11019.0
12160.0
10144.5
11529.5
10454.0
11899.0
10618.5
12937.0
8359.5
4334.0
10213.5
11031.5
8150.5
10212.5
0
12276.5
10042.0
7703.5
7532.0
13411.5
5514.5
2074.0
1543.0
9896.5
14799.0
3349.5
7904.0
2178.5
383.0
2951.5
7232.5
9358.5
11210.0
7515.5
11831.0
7589.5
9837.0
9925.0
10486.5
68.0
11679.5
12416.0
6139.0
6626.0
10989.0
7508.0
6950.5
11458.0
10189.0
0
11573.5
6774.0
8164.5
8986.0
3519.5
11611.5
6903.5
10884.0
13620.0
7995.5
12318.5
4640.0
0
10782.0
0
700.0
10839.5
7625.0
8988.0
12908.5
10559.5
8387.5
6587.5
138.0
11505.0
10594.5
12834.0
10543.0
10066.5
8965.5
6383.0
5194.0
0
4296.5
7208.5
11630.5
6387.0
11967.5
11840.0
12714.5
10542.0
6729.0
10175.5
7895.0
10851.0
8114.0
7576.0
6651.5
5772.0
4971.0
9847.0
7222.5
11908.0
8904.5
10583.0
8598.0
10058.0
13650.0
0
11477.0
11553.0
11665.5
4214.0
5333.5
0
8045.5
8927.0
12819.5
5298.0
0
6090.5
16319.0
10378.5
13235.0
4004.0
6409.0
13170.0
6512.5
6899.5
6255.5
3051.0
7787.5
7058.5
12667.0
7601.5
5939.5
10554.0
11132.0
4737.5
10060.0
2394.5
3380.0
5095.5
4500.5
5416.0
10888.5
12029.0
2957.5
1814.5
7846.0
10021.0
12480.5
14025.5
13483.0
10121.5
6456.5
11722.0
10131.5
7678.0
13236.5
8315.5
0
2179.5
6548.5
12903.0
11103.0
9809.5
6196.0
4938.0
11791.5
5549.0
1787.5
5502.0
8599.0
3053.5
10585.0
9286.0
7071.0
10060.0
10050.0
5286.5
8407.0
10505.5
10026.0
14789.5
68.0
6101.5
11579.0
0
14237.0
6956.0
0
8721.0
1849.5
5201.0
11155.0
6457.5
12463.5
3846.0
11380.0
6911.5
6813.5
8995.0
12127.5
5708.0
13558.5
10537.5
7795.0
10288.5
8480.0
7978.0
12653.5
13637.5
9014.5
14033.5
12670.5
6067.0
8179.0
12306.0
10836.0
2377.5
11917.0
2372.5
9517.0
4405.0
5258.0
10061.5
5473.0
3790.5
424.0
7122.0
10132.0
11464.5
5125.0
11423.5
10243.5
10515.5
3702.5
10601.5
2106.5
4801.5
12027.0
10099.5
10172.0
7072.0
11738.0
10576.0
6466.5
10723.0
10557.5
11010.5
9946.5
2429.0
13485.0
11179.0
0
10786.0
0
11359.5
11558.0
8973.0
11463.0
5719.0
0
8177.5
4852.5
6487.5
9038.0
10170.0
0
8539.5
10601.0
11023.5
11333.0
5107.0
6914.0
10241.0
3296.5
3090.5
3382.0
1016.5
4613.5
8527.5
4425.5
12353.5
8482.5
7841.0
10137.5
8856.0
68.0
7993.0
11710.0
10560.5
8875.0
8469.5
7230.5
11533.5
2900.5
4186.5
10008.5
10175.0
6222.0
10117.0
13200.0
7514.0
9824.5
9989.0
771.0
138.0
5151.5
12970.5
11863.5
14104.5
2278.0
438.5
10073.0
4405.5
1479.0
5443.5
10396.0
1936.5
12175.0
9639.0
7177.0
936.5
2410.0
10123.5
9018.5
2975.5
8177.0
10923.5
10605.0
10552.0
3563.5
10088.5
11182.5
10048.5
8481.5
11325.5
586.5
5670.5
11789.5
2201.5
10651.0
2858.5
1867.0
489.5
10472.5
12805.0
13714.5
13036.5
12965.5
138.0
10263.5
441.5
497.0
8126.5
12755.0
10724.5
9364.5
11658.5
9606.0
10251.0
13815.5
10211.5
4260.5
6065.0
8721.0
4699.5
10806.0
10520.0
8977.0
0
5690.5
1760.5
7158.0
11878.5
8690.0
9687.0
4518.0
10555.5
10067.0
0
4167.5
1157.5
10783.5
4369.0
5250.5
10951.0
13104.0
12403.5
1351.5
5737.5
12227.0
13107.0
12391.0
719.0
4270.0
931.0
6487.0
8223.0
11061.0
12076.0
10675.5
7360.0
10183.5
5298.5
4611.0
12745.0
11107.5
10658.5
12869.0
13401.0
11530.0
6527.0
8182.5
6989.0
13511.5
11143.5
12963.5
2110.5
5295.0
12379.5
879.5
9366.0
8252.5
10637.5
7735.5
8057.0
10031.5
68.0
11409.5
8445.0
10494.0
14821.5
2809.5
11456.0
7227.0
11872.5
10700.0
0
8725.5
10298.5
10141.0
0
3042.5
11433.0
1960.5
1597.5
595.0
14926.0
12986.0
11930.0
11096.0
11563.5
10225.5
13108.5
13365.0
11536.5
663.0
0
9959.0
13465.0
0
1042.5
10736.5
12691.5
10338.0
0
11912.0
0
9795.0
9958.5
10898.5
11534.0
2055.5
14302.0
12711.0
9127.0
3675.5
8711.5
11774.0
0
10110.0
10355.0
497.0
13853.5
0
13088.5
10068.0
7246.0
1013.5
11392.5
3784.0
12945.5
10228.0
10065.5
12656.0
13663.5
13044.5
10642.5
126.5
6451.0
0
12936.5
13544.0
13631.0
11500.0
7548.5
10147.5
14031.0
12533.5
6936.5
10339.5
8272.0
12350.0
8273.0
7117.5
10798.5
12952.0
9147.5
6810.5
13990.0
7800.0
10109.5
10545.0
9726.5
10548.0
12165.5
8108.0
8511.0
10405.0
10962.5
5278.5
3324.0
9616.0
14292.5
11182.5
3130.5
11037.5
8095.5
8597.5
9451.5
4411.5
6970.0
7081.0
6086.5
1865.5
10305.5
6552.5
6620.5
12681.0
10163.5
3282.5
10109.0
13975.5
0
10082.5
7638.5
8599.0
10586.5
10693.5
12820.0
9252.0
7578.0
10754.5
9377.5
9006.0
6278.5
10093.0
7275.5
5703.0
9635.5
7327.0
11729.5
6247.5
10652.0
8719.0
12731.5
10093.5
10003.5
10167.5
10287.0
8186.5
10149.0
10255.5
10215.0
12856.0
14325.0
5439.5
10060.0
10665.5
13079.0
13166.5
12805.5
808.5
5187.0
8241.5
9822.5
7624.5
7395.5
5843.5
14533.0
7947.5
14555.0
14175.5
9374.0
0
11510.5
12309.0
10955.5
13217.5
11886.0
5525.5
5256.0
14485.0
12803.5
13467.5
10016.5
8962.0
14169.0
11210.0
11192.0
3445.0
5869.5
12137.5
7966.5
9847.0
9644.5
10633.5
11063.0
4435.5
12978.5
11510.5
2135.5
8930.0
14083.5
5412.5
13147.5
8125.5
6841.5
8918.5
7739.0
3867.0
11559.5
12342.0
7239.0
11179.5
7570.5
5954.5
10138.5
5853.0
12013.5
8103.0
4309.0
10952.0
7393.0
0
11167.0
6772.5
9225.0
4182.0
10221.0
11572.5
2655.0
6773.0
2110.0
9201.5
9228.0
1682.5
10618.0
6930.0
12195.5
13304.0
10146.0
1606.5
10105.0
8870.5
12419.0
10674.5
11126.5
9381.5
11526.0
13153.0
11623.5
0
10066.5
11224.5
3029.5
11928.0
6049.0
8391.0
12458.5
10676.0
13411.0
0
11011.0
10233.5
14145.5
13328.5
8788.5
2887.5
6246.0
10043.5
10162.5
9404.5
8359.5
8437.0
10145.5
14088.5
10763.5
9637.0
11992.5
7668.0
7657.5
5647.5
10063.5
7048.5
6041.0
13751.0
13234.0
8018.5
10824.0
5752.5
4323.0
7142.5
10520.0
12458.0
11104.0
6515.5
6941.0
10442.5
12427.0
11190.5
11253.5
6601.0
10146.0
13980.5
5714.5
9465.5
11031.0
777.5
11060.5
15432.0
0
7468.5
13678.5
10622.5
7983.0
0
8374.5
0
12543.0
13234.0
7747.0
3316.0
11059.0
13839.0
0
9077.0
2085.0
5456.0
14033.5
2033.5
0
13308.5
13358.0
13066.5
13208.0
2963.5
11839.5
11439.5
13386.0
12703.0
12387.5
11439.5
14667.0
11177.0
5661.0
12112.0
13304.0
12967.5
2516.0
8844.0
10125.5
8400.0
0
12776.0
12768.0
5289.0
11429.0
2648.5
11208.5
10547.5
1368.0
12970.5
12390.5
10451.5
9839.5
0
9598.0
13105.5
10114.0
3809.5
2734.0
12297.5
0
10580.0
9996.5
10255.0
6913.5
13300.0
10219.0
12473.5
12021.0
12434.5
12835.0
10556.5
13895.5
10945.5
1086.5
10062.5
5750.0
7989.0
4608.5
8321.5
6321.5
10184.5
0
11503.5
11615.5
11644.0
9827.5
13276.5
6584.5
9757.0
12732.5
12835.5
11515.0
13885.5
8484.5
11617.5
10359.5
10597.5
9286.0
5264.0
11244.0
10757.0
10435.5
10263.5
11054.5
14577.5
13145.5
13460.0
10057.0
12262.5
8427.5
9773.0
11831.5
7966.5
7254.0
10840.5
11524.5
11443.0
10185.0
11277.0
7711.5
6322.0
11196.5
7761.5
11543.5
11814.5
10948.5
12990.0
1941.5
11156.5
11566.5
12794.5
11284.5
10408.5
6734.5
4062.5
6601.0
11998.0
4523.5
10502.5
13341.5
13455.5
11633.0
10092.0
9352.5
6149.5
8482.0
12933.5
2064.0
9287.5
9080.5
10056.5
3517.5
13017.5
0
11919.0
0
0
11082.5
5072.5
10758.5
12414.5
6124.5
11084.5
10615.0
14945.0
16000.5
12372.0
12643.5
14100.0
11869.5
5251.5
6898.5
0
11037.0
13850.5
5271.0
13042.0
11253.5
5945.0
10519.5
8917.0
12294.0
2269.5
3359.0
12320.5
13128.0
11895.5
11667.5
2932.5
9398.5
3749.5
1796.5
7435.0
717.0
10279.5
11046.0
6169.0
15526.0
4938.0
9746.0
757.0
3247.0
11993.0
9452.5
0
12057.0
6797.5
10466.5
3513.0
6041.0
5075.5
10618.0
10320.5
126.5
4818.5
6305.5
8953.0
2992.5
13497.0
10017.5
4190.0
1920.0
4381.0
3268.0
3676.5
348.5
10059.5
10692.0
4189.5
10996.0
7768.5
4219.0
10238.5
5190.0
12943.0
2718.0
9786.5
10036.5
10539.0
6148.5
5248.0
2111.5
0
68.0
12076.5
12528.0
10214.5
6747.5
1176.5
6121.5
68.0
8773.0
11133.0
10545.5
12025.0
9425.5
365.5
12584.5
9580.0
9215.0
13730.0
11824.0
9314.0
6580.5
0
4993.5
9000.5
10968.0
11546.5
5232.0
10069.5
10502.5
7003.5
1536.0
9227.0
9320.5
1830.0
7488.0
10517.5
2350.5
7104.0
10307.5
1458.0
13705.0
10374.0
10604.0
8672.0
10463.0
13445.5
14026.5
10009.5
9815.5
8783.5
9990.0
9996.5
7162.0
0
12795.0
11509.5
13748.0
10220.5
10702.5
11411.0
8423.5
6197.5
11469.0
17413.0
6165.0
8993.0
13533.5
13827.5
10594.5
6030.5
13303.5
9475.0
7828.5
12378.5
0
10754.5
12278.0
138.0
7431.0
12759.0
10116.0
12534.5
0
11000.0
13632.5
7388.0
5737.5
5500.5
10415.5
8355.5
8133.0
7364.5
5366.0
10517.5
10044.0
4512.0
9548.5
10629.0
10264.0
14951.0
14765.0
10541.5
11085.5
11000.5
10185.5
6555.5
14566.0
7067.5
10677.0
8921.0
11585.0
3961.5
15131.5
10192.0
10882.0
0
0
11465.5
5720.5
2792.0
11558.5
10143.5
7383.5
0
8648.5
0
9665.0
10942.0
10213.0
8085.0
8966.0
11708.5
10070.5
13335.0
11281.5
10998.5
5658.5
12699.5
8301.5
13947.5
13958.5
3182.0
14175.5
14099.5
8778.5
12938.0
11500.0
9509.0
8814.5
8548.0
12775.0
11130.5
10144.5
11501.0
10601.0
10211.0
8440.0
12792.0
10830.5
12921.0
10130.5
4820.5
3132.5
10558.5
10101.5
10976.5
10637.0
10603.0
4149.5
13675.0
13096.5
5584.0
12123.0
10986.5
10554.5
11593.0
9647.0
7346.5
2775.5
12977.5
9570.0
9198.5
13224.0
7394.5
10234.5
13112.0
11455.0
3201.5
8621.5
10827.0
12116.0
12483.5
11874.5
5565.5
10524.5
12875.5
13341.5
13177.5
12617.0
9210.5
10138.0
15136.0
10398.5
10098.5
10120.0
10823.0
10068.5
5649.5
11080.0
10076.5
9419.5
13437.5
12864.5
12022.5
15531.5
10214.5
10252.5
13530.0
12954.5
10512.5
9744.0
10637.0
7442.0
12982.0
9498.0
6341.5
6353.0
11404.0
1073.5
14140.0
11165.5
13881.0
4103.5
11847.5
12709.5
8444.0
11940.0
10539.5
10868.5
11556.0
10586.5
11487.0
10897.0
11868.5
10632.0
6339.5
10275.0
11175.5
10227.0
10459.5
2798.0
11799.0
12063.5
10113.0
7983.0
7768.5
13012.5
14185.5
7504.5
12975.5
705.5
11008.5
11933.0
11496.5
12967.0
11644.0
4552.5
15270.0
13639.5
11827.0
10846.5
12759.0
10947.0
10186.0
8532.5
9665.5
3043.5
10195.0
10387.0
13885.5
13211.5
12309.0
9149.0
10068.5
892.5
13032.0
10191.5
14027.0
13069.0
14434.0
10656.0
16279.0
10054.0
6118.5
7307.0
13560.0
10076.5
4537.0
0
10651.5
13217.0
8402.5
13320.5
0
13916.5
0
8646.0
11876.0
12440.5
10653.5
13271.0
11416.0
10256.0
12599.5
12744.0
11107.0
12817.5
11959.0
5400.0
11656.5
11189.0
11275.5
11850.0
12523.5
11058.5
13047.0
11608.0
13440.0
10605.0
0
13160.5
12516.0
10251.5
3749.5
10228.5
11855.5
11853.0
14129.0
10987.0
2493.5
13407.5
11446.0
6440.0
5929.5
10066.0
5499.5
6955.0
3016.5
6688.0
11101.0
11630.5
12844.5
10691.0
13021.0
12777.5
10111.0
12845.0
2817.5
12102.0
7912.5
14143.0
6770.0
6604.5
12094.5
12598.5
12812.5
10642.5
10132.5
11470.0
7267.5
10175.5
0
11444.0
6965.0
11024.0
10173.0
9509.5
10625.0
11907.0
12460.0
11408.0
13056.5
10534.0
0
126.5
11016.5
2120.5
11273.0
8504.0
10802.0
719.0
10987.0
8226.0
10043.5
8227.5
9494.5
8561.5
10678.0
11265.0
2178.5
14836.5
13501.5
14616.0
3920.0
8491.0
10475.5
14183.0
10804.5
10613.0
10369.5
10955.0
8660.0
0
1700.0
6227.0
7186.5
13403.5
0
9525.5
7979.0
7990.5
11440.5
11050.0
4226.0
15530.5
1207.5
12903.5
11461.0
10636.0
13295.5
11091.5
11739.5
10678.5
9634.0
10697.0
10667.0
5708.5
9363.0
13592.5
12459.5
13584.0
11172.5
5397.0
10962.0
10088.0
4669.5
7661.0
2647.0
8067.0
11535.0
10170.0
12242.5
12896.0
13180.5
3551.5
11987.5
11107.5
8794.5
10988.0
12826.5
5639.5
6163.0
14632.0
14510.5
2753.0
10347.0
10215.0
10637.0
13298.0
11372.5
13061.5
10180.0
10711.0
12882.0
13127.0
14789.5
6612.0
8537.0
13449.5
10295.0
12330.0
13117.0
10155.0
1959.5
348.5
7615.5
10281.0
8108.0
12548.0
9499.0
9520.5
4734.0
11481.5
3780.0
10211.0
7303.5
10246.5
12280.0
14935.5
10056.0
11453.0
12812.0
11910.0
5203.0
0
6515.0
365.5
11061.5
6654.5
5676.5
365.5
10068.0
471.0
9322.0
11379.5
10577.5
11400.5
9460.5
10381.0
10595.5
15259.0
14418.0
12943.0
12628.0
10248.5
5635.0
10312.0
10273.0
13226.0
7046.5
8147.0
11069.5
11069.0
8501.5
12321.0
10383.0
5089.0
9957.0
7665.5
9547.0
2698.0
11470.0
7079.5
11356.0
13678.0
10074.5
9873.0
10849.0
10310.5
10935.5
10695.0
11172.0
10125.0
12344.5
0
10874.0
11343.0
8717.5
6469.0
771.0
12336.5
3255.0
12310.5
7820.5
7709.0
10493.0
1144.5
10293.5
5243.5
8079.5
961.0
12677.0
1315.0
13951.5
5914.5
10194.0
11748.0
12420.5
10605.0
15317.5
10619.0
10150.5
10980.0
0
10069.5
13215.5
11691.5
8531.5
12870.0
14364.5
14309.0
11559.5
9942.5
11420.5
10196.5
13386.5
13028.5
10262.0
10927.5
12190.0
1144.5
2148.0
11854.0
13975.5
5848.5
0
4464.0
10156.0
7699.0
13324.0
5003.0
13614.5
3561.5
9594.0
4136.5
7142.0
5350.0
2698.0
2919.0
12111.0
10194.0
11639.0
13314.0
11015.0
348.5
13417.5
13569.5
5089.0
10530.0
11769.0
6791.5
7703.5
0
2302.5
12780.5
10708.5
8758.5
10108.0
0
3985.5
6508.0
12180.5
9164.0
4899.0
13811.5
10910.0
5663.5
14564.0
6978.5
10661.5
16809.0
0
12873.5
5018.0
12332.5
14632.0
10216.0
13558.0
10935.5
11808.0
0
13827.0
6903.5
10116.0
13172.0
10436.0
14568.0
13333.5
9813.0
15597.5
10994.0
16410.5
8107.5
12906.0
11529.0
13148.5
9432.5
11435.5
14570.5
13354.5
13005.5
11081.5
2385.0
12275.0
11607.0
11974.5
14207.5
14146.5
13510.0
12302.0
6703.5
5813.0
9633.5
11649.0
4522.0
10618.5
13682.5
11959.5
5552.0
12964.5
4256.0
9865.0
9165.5
11030.5
13264.5
12465.0
8807.5
11532.0
3461.5
13721.5
12783.0
1735.5
13185.5
10108.0
9077.0
6593.0
6779.0
13480.5
9080.0
11530.0
5653.0
6950.5
13702.5
11054.0
10108.0
6663.5
11952.5
10949.0
14078.0
10387.0
12352.0
10501.5
10667.0
4439.0
12930.5
13029.0
7580.5
10053.0
11966.0
9642.0
0
3337.0
4261.5
7856.5
13644.5
13135.5
10178.0
4881.5
10858.5
13086.5
12279.0
11818.0
10216.0
13525.0
10143.0
10400.0
8126.0
6617.5
9119.5
12753.5
14005.5
10087.0
11079.5
10147.0
3018.0
7015.5
10159.5
9131.5
2379.5
2055.0
11054.5
13396.5
12449.5
14209.5
12010.0
13668.0
12382.5
3683.5
3338.5
11532.5
7975.0
8836.0
5240.0
10674.5
8610.5
11561.5
12262.0
13250.5
10139.5
12565.0
9871.5
12137.5
9557.5
4637.5
2637.0
11413.5
12222.5
7293.0
10598.5
6799.5
11817.0
10797.5
10657.0
9351.5
11182.5
1372.5
9423.0
4648.5
9476.5
13409.5
14956.5
12384.5
4360.0
10070.5
14573.0
11791.0
11017.0
1141.0
7449.5
11568.5
6434.5
9439.5
12785.5
8341.0
5927.5
7088.5
11224.0
8932.5
6534.5
0
4452.0
11860.0
10662.0
11074.0
3849.5
6934.5
8573.5
5898.0
5122.0
12098.5
13411.0
13138.0
2197.0
4128.5
10042.5
6462.0
7944.5
4648.5
10758.0
11202.0
6908.5
10244.0
7905.0
12682.0
9383.5
4502.5
10887.0
6603.0
14885.5
14621.0
0
6979.5
5807.5
5367.0
5169.5
6692.0
5553.5
0
10225.0
10023.5
7820.5
2348.5
4931.0
10619.0
13362.0
9525.0
7616.5
10830.5
13235.5
10775.5
11032.5
0
8411.0
8669.0
10131.0
12016.0
12396.5
12295.0
11636.5
2631.5
5830.5
7048.0
11758.5
8130.5
1884.0
5987.5
3815.0
3739.0
10136.5
6833.0
12970.0
10126.0
11399.0
8002.0
13053.0
3901.5
9750.0
11444.0
11999.5
9970.5
0
12356.5
14539.5
10483.5
8059.0
0
11914.5
7508.0
13044.0
7398.0
6782.0
10950.0
8402.5
11466.0
8832.5
11476.5
7122.0
68.0
11979.0
13015.0
15250.5
12274.5
9802.0
7474.0
10351.5
11050.5
10044.5
12775.0
3429.5
7375.0
13601.5
6086.5
5543.5
11861.0
9668.0
11477.5
12016.0
7309.0
7396.5
10769.5
10820.0
11471.0
8871.0
6467.5
6169.5
8703.5
0
6327.0
7056.0
10644.5
14196.0
2420.0
12296.0
10962.5
9607.5
11597.5
4346.0
11412.5
15271.0
9879.5
10782.0
5260.0
2184.0
11476.0
14413.0
13298.5
0
4797.5
8533.5
7018.0
8541.5
6402.5
9679.0
12330.5
11812.0
10319.5
10513.0
1843.5
10051.5
10557.0
16648.5
4261.5
12351.0
8575.0
14062.0
12078.5
12270.0
4268.5
8657.5
11370.5
10058.0
10506.5
0
11977.5
10995.5
4038.0
4645.5
12968.0
13226.5
13769.0
13157.5
7334.0
11900.5
8327.0
13138.0
5172.5
6617.0

5400.5
9775.0
8725.5
8357.0
5503.0
12889.5
9930.0
13592.0
6445.5
10285.0
13282.0
7129.0
5927.0
10060.5
10507.5
12504.5
13275.5
12261.5
10147.0
10350.0
14364.0
10393.5
13113.5
777.5
11536.0
10578.0
7218.5
11961.0
10052.5
5391.5
14277.0
14116.5
11889.0
7660.5
15527.0
10857.5
10060.0
5634.0
11554.0
13046.0
11152.5
7223.5
7632.0
13824.0
12798.0
10261.0
13270.5
7884.5
12780.0
2667.5
13289.0
12255.0
10670.0
13545.5
10350.5
13767.0
11566.0
13835.5
11232.0
13416.5
2528.5
11477.0
10630.0
13196.0
0
10922.0
12818.5
0
6435.0
6065.5
4959.0
13273.0
15008.0
14355.5
13648.0
9072.5
4992.5
13268.0
11105.0
13416.0
14207.0
5973.5
11834.5
6959.0
15574.0
13230.5
11538.0
13198.0
13354.0
2586.5
2846.0
3782.0
9556.5
8447.0
10229.5
9114.5
12423.0
6814.5
4482.0
6771.5
13163.5
11974.0
2594.0
1194.0
12996.0
0
13234.0
13859.5
10965.0
10566.0
7791.5
12935.5
13589.0
12552.0
11570.0
11872.5
5327.5
6494.0
13777.5
13132.0
14352.5
10088.5
11517.5
10424.0
14107.0
3218.5
12427.0
5995.5
1868.0
11069.0
5778.0
9396.5
12870.5
13692.0
13521.5
10373.5
6810.5
11041.5
10199.5
14960.0
9618.5
13273.0
11893.5
5099.5
13076.5
12966.5
6517.5
13221.0
13305.0
7025.0
6385.0
13733.0
10149.0
13205.0
13159.0
11249.0
9601.0
10976.5
10453.0
8210.0
11135.5
10088.0
2700.5
5492.5
12432.5
6863.0
11347.5
68.0
4504.0
10285.0
11253.0
12955.0
7468.5
10861.0
10453.0
14386.5
8218.5
9568.5
10428.5
12701.5
11872.5
12306.5
9218.5
8852.0
13079.5
13558.0
14902.5
10119.0
10414.5
4007.0
9953.5
12821.5
0
12801.0
11103.5
7425.5
4386.5
7903.5
2476.0
9175.0
13293.5
7423.0
0
0
11060.5
15361.0
9370.5
12219.5
14448.5
10029.0
8176.5
11966.0
4582.5
10340.5
11679.5
14108.5
11129.5
10486.5
5502.5
13206.5
3458.0
7367.5
10345.5
13240.5
13429.5
14262.5
13269.5
11009.5
11997.5
14339.0
5905.0
4745.5
13418.5
11845.0
0
9104.5
10204.5
6312.5
8275.5
11374.0
8152.5
8979.5
0
12910.5
0
10673.5
4301.5
12804.5
5506.0
11197.0
14197.5
13170.5
12367.0
6973.5
5762.0
4695.0
10192.0
10090.0
0
15514.0
14756.0
10113.5
5916.5
6922.5
12920.0
14793.5
10109.5
12920.0
15375.5
13248.5
10543.0
0
4866.5
12786.5
10150.5
12357.5
12726.0
10056.0
10243.5
11607.5
9667.0
5723.5
10172.0
12882.5
14242.5
11999.0
10610.5
10308.5
11565.5
12382.5
11316.5
5093.0
4023.5
13265.5
11481.5
11141.5
7195.5
11187.0
14413.5
14069.0
10632.5
13505.0
11040.5
2534.0
13695.0
10233.0
10763.5
13228.0
12933.0
11143.5
13172.5
14137.0
7640.0
12872.5
10606.5
4276.0
8584.0
14151.0
10182.5
12250.0
10258.5
12438.5
6755.0
10068.0
12069.0
11084.0
11656.5
14710.5
13446.0
8502.0
10116.5
14067.0
12967.5
11193.0
13893.0
3163.0
12758.5
2943.5
4991.0
13215.0
13147.0
13826.5
12098.0
5881.0
9271.0
10531.5
13714.5
12965.5
7973.5
6835.5
4832.0
10625.5
2178.0
365.5
5944.0
10108.5
10932.0
10498.5
7595.0
3931.0
14391.0
12811.5
13047.5
13768.0
12535.5
10573.5
4974.0
14177.5
13487.5
11204.5
13154.0
8028.5
7638.5
8151.5
7516.0
4281.0
12375.0
9965.0
12935.5
7340.0
13701.5
6652.5
11538.5
5572.0
13033.0
9400.0
7799.5
4109.0
12855.0
9756.5
10539.0
12307.5
11548.0
13273.5
10626.5
12539.5
14136.0
14546.5
11474.0
10069.0
3036.5
11049.0
12850.0
11036.5
9443.0
12021.0
13880.0
8033.0
14263.0
14730.5
11097.5
5257.5
10314.5
681.5
13238.5
6119.5
14038.0
11777.5
13902.0
14765.5
13786.0
14407.0
6496.0
10200.0
5027.5
11090.0
13269.0
10125.5
7129.5
13840.5
0
10952.5
733.5
13520.5
10681.0
13315.0
6518.5
7382.0
13511.0
11759.5
12451.5
14476.5
11844.0
10091.5
13414.5
2349.5
12933.0
12944.5
8570.5
14501.5
6162.0
10063.5
6181.0
11136.5
11047.0
6026.0
10617.5
5983.5
4499.5
11621.0
13372.0
15209.5
6615.5
11409.0
1652.0
10660.0
4776.0
12950.0
12928.0
6584.0
12984.0
13119.5
6950.0
8762.5
5937.5
365.5
5938.5
2670.0
10498.0
2685.5
10946.5
13079.0
14349.5
8619.0
6632.0
3690.5
12008.5
68.0
13059.0
13663.5
10055.5
3514.5
12663.0
8194.0
12744.0
10044.5
11897.5
2370.0
11078.5
4770.5
8544.5
2003.5
3548.5
5328.0
10376.5
5875.0
8159.5
10281.0
13784.0
4576.5
687.5
8844.0
5639.5
13400.5
16725.0
7077.5
11848.0
13799.5
8517.0
1560.5
3058.0
12282.5
11840.0
6211.0
10578.0
17258.5
4575.5
0
0
9283.0
5997.0
9263.5
2781.5
11392.5
0
3319.5
16070.0
10695.0
6219.0
12957.5
6617.0
12783.5
8969.5
15624.0
10574.0
4593.5
8411.0
10343.0
12892.5
9891.0
4529.0
7505.5
5471.5
5434.0
0
3444.5
12483.0
11102.0
1328.5
14050.0
4144.5
5362.0
9241.0
5759.5
7245.0
5495.5
12871.5
8546.0
16451.5
8279.0
3411.5
5712.5
10506.5
11287.0
15690.0
12158.0
14025.0
5131.5
11525.0
2142.0
9514.5
12800.5
8959.5
1439.0
11819.5
15445.5
7902.5
10264.0
2722.5
11497.0
13876.0
6530.5
14194.0
13190.5
4716.5
10861.0
13272.0
1507.5
0
0
14411.0
12345.0
10142.0
15076.0
14071.0
15159.0
10999.5
3743.5
10602.5
11746.5
11192.0
11376.0
9357.5
10495.5
12456.5
6201.5
12866.5
10592.5
11865.5
12958.0
3937.5
12290.5
10627.5
10633.0
6504.0
13002.0
8947.0
12040.5
13244.0
3572.5
8828.0
12933.5
1779.5
4854.5
11415.0
11841.5
9369.0

9119.5
0
0
6770.5
5036.5
5554.5
14599.5
11466.0
11014.5
4550.5
8793.0
13088.0
10600.0
12858.0
12894.5
4571.0
10067.0
0
6916.5
3801.0
10626.0
7186.0
12535.0
12757.5
2611.0
9397.0
3390.5
3222.5
10198.5
10244.5
0
10651.0
7258.0
12913.0
14049.0
6412.0
0
8597.5
13196.0
10605.0
12870.5
0
14605.0
14168.0
0
9400.5
12913.0
13585.5
6469.5
13244.0
5126.5
12065.0
2633.0
4648.0
14190.0
14313.5
10965.0
12870.5
3962.5
15445.5
13201.0
10056.0
12368.0
8460.0
5828.0
15942.0
5592.0
14254.5
10523.0
4457.0
11391.0
5043.0
12789.0
11463.5
9939.5
8911.5
10373.5
13325.5
10982.0
0
6750.5
13878.5
11626.0
700.0
13528.5
3004.0
12901.5
10123.5
4059.0
12335.5
3366.5
13232.5
11048.5
8108.0
11687.0
14601.0
2807.5
10571.0
11147.0
0
11138.0
15039.5
11438.0
15861.5
12736.5
12942.0
1329.5
14502.0
10327.0
13795.5
6393.5
419.5
12884.0
989.0
6189.0
13506.5
12816.0
14576.0
6427.0
4819.5
9435.5
12962.5
11293.5
7910.5
10208.0
12458.0
5195.5
13617.0
10088.0
8745.5
10509.5
11537.5
68.0
11146.5
3480.5
9571.5
1088.5
5088.5
12859.5
6585.0
11354.5
11501.5
13664.0
10168.5
12366.0
6411.5

0
12780.0
9345.0
11597.0
15065.0
6543.5
6929.0
11991.5
12885.5
8766.5
10222.5
9513.5
11050.5
11017.0
7172.0
9480.0
11101.5
10686.5
10943.5
11510.5
0
9201.0
7825.0
5679.5
6912.0
11465.5
8557.5
126.5
3439.0
13683.0
12944.0
10677.5
12171.0
0
6530.5
12277.0
9660.5
0
11832.0
15925.0
12275.0
822.5
10611.0
7784.0
13574.0
10806.0
68.0
0
0
13605.0
12369.5
13334.0
4544.0
11041.0
9546.5
10965.5
9226.5
13357.5
12402.5
13433.5
1156.0
0
9326.5
0
13554.5
5623.0

0
7019.5
7566.5
7817.5
11988.0
16440.5
13820.0
3816.0
8822.5
13721.0
3815.5
11134.5
10505.0
5771.5
10614.5
13143.0
750.5
9057.0
13074.0
10138.0
10675.0
10161.0
4052.5
12816.0
11444.0
11896.0
11813.5
13111.5
7990.5
9047.5
11129.5
10957.5
14215.0
11852.5
8798.5
14960.0
10581.5
2249.0
13031.5
11466.0
10955.0
6468.0
9031.5
11992.5
10217.0
5019.5
4110.5
7453.0
11477.5
0
13077.5
2841.5
14693.0
14754.5
0
12305.5
8308.5
10347.0
10220.5
12801.0
12251.0
8806.0
478.0
11528.0
3953.5
4253.0
11215.0
1882.0
10572.5
12003.0
12080.5
0
13608.5
10264.5
10062.0
10851.0
4813.0
4501.5
7393.0
11058.5
11005.0
13450.0
4095.0
6628.5
11866.0
13783.0
6813.0
16587.5
3522.0
10911.5
0
8702.5
9919.5
6113.0
2961.0
5216.5
5926.0
10281.0
14528.5
10060.5
4039.0
12962.5
10603.5
1090.0
13397.5
15963.5
1792.5
9591.0
717.0
5185.0
13643.0
10174.0
419.5
10922.5
0
10562.5
11782.0
4997.5
12947.5
10938.5
11036.5
10295.5
14463.5
10248.5
11508.5
4730.5
10282.5
13248.5
10679.5
790.0
13461.0
68.0
10256.0
13771.0
12384.0
10753.0
11382.5
11879.0
11812.0
13420.5
4942.0
6310.0
13518.5
7325.0
12965.5
8286.5
13335.5
13312.5
3273.5
5963.5
4796.5
14880.5
10986.5
5111.0
12046.5
4034.5
0
1094.5
12882.0
16909.0
14801.5
12973.0
15109.5
14158.5
12740.0
11651.0
12007.0
13087.0
13251.0
12920.5
4831.0
15424.0
12342.0
10267.0
15212.0
10380.0
12066.0
13179.0
12443.0
13762.0
15429.5
0
10627.5
10370.0
2535.0
4819.0
6468.0
13335.0
11393.0
12745.5
5486.5
9566.0
4517.5
12853.5
1787.5
11832.5
13720.0
5982.5
10292.5
13956.0
2926.0
11254.5
0
13026.5
3778.0
11413.0
12392.5
13305.5
15086.0
12190.5
10989.0
14406.0
12769.5
6367.5
0
17897.5
6128.0
17255.5
10346.0
13868.0
1663.0
10631.5
12287.5
10195.5
5438.5
15718.0
11521.0
13658.0
1170.0
14828.5
13183.5
16107.5
0
9297.5
6201.5
12802.5
10194.0
14583.0
13622.0
13028.5
3109.5
4051.0
13038.5
11985.5
8195.0
0
11927.0
0
4956.0
3385.0
7180.5
11008.5
8709.5
2827.0
10556.0
12145.5
16108.0
4466.5
13234.5
13734.5
15583.5
7928.5
11050.5
3984.0
1952.5
771.0
13678.5
11168.0
0
2580.5
12831.0
10206.0
7605.0
3899.5
13406.0
11541.5
11039.5
5803.5
10953.5
10686.0
1741.0
10527.0
14914.5
8450.5
2985.0
13740.0
11343.5
11388.5
14733.5
12747.5
12735.5
10946.0
14679.0
10221.5
8994.5
7065.0
13024.0
10243.5
2580.0
9330.5
4732.0
13557.5
17768.0
5192.0
2294.5
11235.5
11033.5
11936.0
11820.5
8276.0
12439.5
11530.5
10728.0
13271.0
11971.5
11128.5
13297.5
5880.0
4801.5
13678.5
13837.5
12803.0
11070.5
13176.5
5937.0
13892.5
10856.0
14724.0
13546.0
13210.0
13238.0
10115.5
10938.5
6124.0
12791.5
5870.5
10170.0
10621.5
13643.5
12286.0
10242.0
14219.5
13476.5
13300.0
7615.5
10099.5
12947.5
13023.0
14784.5
13802.0
8790.0
12865.5
9175.5
12822.0
11443.0
10568.5
6368.5
12957.0
12329.0
12782.0
0
12282.5
11905.0
0
13699.5
3040.0
4797.0
12796.5
14092.0
13411.5
0
3336.5
12463.5
12565.5
10277.0
8323.5
13200.5
0
10506.0
8637.0
11136.0
10555.5
7012.5
5707.5
11919.0
2527.5
365.5
14198.0
13650.5
8221.0
12770.0
13710.5
13195.5
13505.5
12650.5
14184.0
13027.0
12800.5
4308.0
11826.0
12933.5
7365.5
10754.0
3581.0
12895.0
3533.5
10553.5
10534.0
11836.5
13338.5
11433.0
5639.0
4398.5
11418.0
14051.0
11417.5
12378.0
5903.5
12865.5
13709.5
9201.5
7191.5
13861.0
3770.0
10110.5
16133.5
12589.0
14191.0
5247.0
3015.0
11019.5
0
10961.5
11974.0
3334.0
14109.5
9605.5
4877.0
13559.5
13098.0
12379.5
11444.5
7901.0
9046.0
7294.0
13213.5
14596.5
11193.5
7672.0
4899.5
11007.0
10155.0
9727.5
13565.5
10976.5
12234.0
5533.0
4405.0
15406.0
7341.0
7537.5
13672.0
10103.5
13741.0
12768.5
15737.5
12955.0
6770.5
10567.5
4293.5
0
13727.5
12941.0
11885.0
6471.0
3160.5
13898.5
5793.0
15268.5
13019.0
8490.5
12392.0
8987.5
3070.0
3091.0
11574.0
11468.0
7593.0
6405.5
13116.5
12319.5
1871.5
13355.0
11473.0
10138.0
7782.0
11540.5
11870.0
12810.5
10746.0
11445.0
11682.5
13812.5
13894.5
15468.5
13788.5
11605.5
10051.5
10209.5
6692.0
14322.5
10050.0
10393.5
9630.5
14445.0
3048.5
14373.5
13253.0
11896.0
7355.5
11001.0
9961.0
11084.0
4887.0
10308.0
12790.0
6247.5
10240.0
4625.0
14057.0
13500.5
13042.0
10107.0
9092.0
14125.5
4270.5
11983.5
12302.0
11126.0
3824.5
12776.5
3769.0
13455.0
10108.0
943.5
11723.5
10668.5
11457.0
4463.0
10063.0
10944.0
14883.5
11903.5
10962.0
13163.5
3496.0
7028.0
9299.0
12843.5
13472.0
7926.5
7751.5
13317.5
8297.5
12729.5
12683.5
13847.5
15693.5
14145.5
11821.5
2163.5
11859.0
13340.0
7990.0
13208.5
14962.5
10101.0
12358.0
0
8425.0
1665.5
13795.5
11514.5
14964.5
9664.5
11843.5
9373.0
13272.5
4777.5
13008.0
12003.5
10026.5
11984.5
2376.5
3128.0
7339.5
5042.0
5807.5
7067.0
13653.0
2495.0
13182.0
13519.0
4339.5
13767.0
12830.5
13719.0
8917.0
10177.5
10603.0
14840.5
10239.5
13078.5
13952.5
12266.0
12299.0
10185.5
11179.0
11516.0
11269.5
11893.5
11959.5
11997.0
14083.5
2715.5
12747.5
13737.0
12629.0
11100.5
11033.5
14856.5
2807.5
7581.0
12979.0
6290.5
13723.5
13841.0
2528.0
13388.0
9333.5
8063.5
13068.0
13185.5
0
10500.0
0
9079.0
8145.0
12347.0
9699.5
13383.5
14263.5
3275.5
10199.0
11147.0
10075.5
6488.5
9632.5
10848.0
12956.0
7583.5
11258.0
12283.0
10516.5
7798.0
3627.0
14729.5
13057.5
13701.0
12949.5
11552.5
7723.0
15853.0
7487.5
10534.5
10061.0
12254.5
10610.0
10512.0
11628.0
12379.5
12920.0
10971.0
6459.5
14057.0
11198.5
10207.0
0
10492.5
7160.5
6941.5
1442.5
12828.5
11958.0
13842.0
13113.0
2661.0
383.0
1943.0
9687.5
13601.5
10950.0
10676.5
10130.5
11716.5
0
11627.0
12945.0
11536.0
13006.0
11507.5
10679.0
8336.0
6923.0
12284.0
5941.5
0
14767.0
10973.5
2046.5
10109.0
4041.0
6613.0
8560.5
3706.0
7200.0
14484.0
10626.0
11697.0
13736.0
1719.0
13783.0
13772.0
3629.0
12853.5
3579.5
5609.5
7739.0
14032.5
13574.5
10286.5
11908.5
3534.0
10907.0
4382.5
0
12957.5
13385.5
11434.0
12345.0
3417.0
12986.5
13375.0
6772.5
10505.5
10011.5
15840.5
0
13033.5
13136.0
997.5
12966.0
15609.0
10631.5
11059.5
14060.0
11290.0
5708.0
2221.0
12779.0
0
0
12410.5
13840.5
13478.0
11829.5
11191.5
10554.5
11039.0
435.5
12842.5
5875.0
2615.5
15113.0
6190.0
8643.0
1276.0
0
10999.5
2953.0
12709.0
10185.5
13122.0
12078.0
11997.5
4243.5
383.0
3481.5
11116.0
11920.0
8900.0
11647.5
7428.0
14387.0
14018.0
11473.5
13036.0
10121.0
14372.5
5949.0
11155.5
13260.0
10314.0
11392.5
10651.0
9514.5
6191.5
13765.0
0
13557.0
11960.5
11995.0
13455.0
18460.0
9296.5
10105.5
10976.0
8222.5
15210.5
0
11951.0
12974.5
13036.5
1137.5
10556.0
10478.5
9236.5
6380.0
13736.0
739.0
10945.5
300.5
12840.0
14193.5
13820.0
11389.0
4087.0
12917.5
10765.5
8652.5
11708.5
10495.0
10538.0
0
13987.0
3091.0
9688.5
2222.5
6440.5
5625.5
12953.5
9698.0
12431.5
0
841.5
11444.0
6360.0
10129.0
11905.5
13332.0
5040.5
10502.0
10072.0
5529.0
7232.5
9455.5
11059.0
10536.5
8707.5
0
10211.0
0
10617.5
2943.0
12994.5
10251.0
0
10873.0
11022.5
10262.0
3129.5
5937.5
10583.5
7207.0
7726.5
1385.5
12546.5
10228.0
11736.5
11386.5
4289.0
11377.0
11441.5
8458.0
6246.5
12908.0
4222.5
14407.0
1140.5
10209.5
10494.0
13470.5
11015.0
3993.5
2412.0
10054.5
16380.0
12462.5
13201.0
5584.0
4331.0
10588.5
0
9978.5
12358.0
13893.5
5006.0
13874.5
12359.0
6034.5
14988.5
3318.5
11454.0
5716.5
12728.0
16314.0
0
8392.0
11569.5
12361.0
6236.5
348.5
6505.0
6175.5
12727.0
10640.0
0
13141.5
0
12276.0
12040.0
12467.0
3964.0
6380.5
0
12059.5
10954.5
12450.5
10769.0
11025.0
11238.0
10605.0
10258.5
3699.5
1793.5
7715.0
11103.0
10497.5
14651.5
12071.0
14248.0
11855.5
10291.5
0
13816.5
10217.0
13941.0
11026.5
1886.0
11590.0
1174.5
14304.5
6262.5
8091.0
11054.5
12724.5
11380.5
10155.5
10969.5
11538.0
0
13487.5
11142.5
12011.0
13033.0
7100.0
11883.0
12929.0
13770.0
0
16192.5
7336.0
6297.0
12861.0
10070.0
12136.0
13412.0
9529.5
9646.5
0
16403.0
13596.5
8989.0
11911.0
10215.0
12602.0
9775.0
11460.5
10619.0
13527.5
12000.5
4557.0
0
10121.0
5740.5
12992.5
10077.0
12728.0
11391.5
13337.5
14173.5
15111.0
13491.5
15013.0
0
13223.0
14965.0
0
10158.5
4201.5
10071.5
5334.0
13069.0
0
6685.5
15485.0
11037.0
4125.0
11015.5
11459.5
13715.5
7873.5
10604.5
8379.0
11128.0
9755.5
13845.5
0
0
12677.0
0
6802.5
5641.5
12546.0
12882.5
0
11119.0
6294.5
12510.0
13046.0
12364.0
15521.5
0
13432.0
0
0
13662.0
13895.0
8769.5
14503.5
12111.0
7789.5
10135.0
11897.0
12273.0
13186.5
15054.0
13056.5
10268.0
5828.5
6210.5
7545.5
10115.5
6614.0
11791.5
3756.5
11947.0
10137.5
11394.0
4096.5
13582.0
11135.5
10554.5
12767.5
6934.0
10171.5
719.0
4565.5
8822.0
10667.5
11945.5
8206.0
9629.0
11559.0
11426.0
11153.0
9183.5
8537.0
0
10261.0
11528.5
6130.0
11284.5
11470.5
14250.5
12397.5
11938.5
6394.0
3478.0
13295.0
5128.0
13331.5
10712.5
14083.5
10293.0
10041.5
10108.0
5849.0
11548.0
10843.5
15422.0
12814.5
10937.0
4582.0
13061.5
14991.5
13593.5
10373.5
4700.5
3638.5
11624.0
11831.0
10517.5
11822.5
11067.5
12109.5
14364.0
1916.0
14744.0
10663.5
8696.5
10271.5
13245.5
11877.0
10540.5
13602.0
13171.5
12942.5
12591.0
11000.0
7020.0
13570.0
11044.0
13862.5
8094.5
12773.0
0
12337.5
12323.5
13762.0
14628.0
0
6961.5
3927.0
13346.0
12863.5
12816.5
9631.0
10947.0
14597.5
13260.5
6078.5
3798.5
8664.0
11405.5
8302.0
10228.0
13142.0
8528.5
14185.5
12910.5
12909.5
0
12910.5
12958.5
14117.5
7210.5
10518.0
12812.0
13670.0
10151.5
5682.5
10776.5
11879.5
12868.0
10461.0
17232.0
4941.0
13725.0
11078.5
11847.0
13410.0
10663.5
10054.5
14092.5
10190.5
13201.5
10208.5
7819.5
12512.5
7605.5
12128.5
6115.0
10229.0
9863.0
16246.5
6015.5
5788.0
6955.5
9707.5
6474.5
10101.5
14192.5
12931.5
11944.0
13341.5
12920.0
13213.5
13892.5
10621.0
11696.5
15008.0
12965.0
10827.5
13751.0
13638.5
17755.5
13047.5
9473.0
16523.5
14104.0
11949.0
13175.5
13686.5
11735.0
8565.0
12301.5
6783.5
10934.5
17051.5
0
9454.0
7637.5
138.0
13290.5
6559.0
10088.5
12065.0
15461.0
11454.5
4516.5
10538.0
10313.5
4847.0
4516.5
2719.0
12794.0
10082.5
4643.5
5504.5
12580.5
4500.5
15234.0
0
8879.5
8239.0
12844.5
6946.5
10366.0
14754.0
6335.5
15610.5
4480.5
12738.5
7416.5
10150.0
12108.5
11377.5
419.5
14867.0
12394.0
2424.0
16654.5
11047.5
12057.5
12475.0
11949.0
14000.0
12318.0
11912.5
13372.0
13416.0
16445.0
6316.0
10580.5
16391.0
17128.0
8029.0
15050.0
10545.5
12186.5
13681.0
16978.0
10875.5
12771.5
5084.5
10689.0
15985.0
13510.5
15704.5
8593.0
3592.0
11073.5
11529.5
11754.5
15090.0
10935.0
6178.0
14011.5
14140.0
10044.5
12042.5
11531.0
10325.0
12428.5
3383.5
7925.5
14085.0
10055.0
14134.0
6712.0
15321.5
13520.0
7698.0
8534.0
13288.0
13947.0
12418.0
11375.5
10633.0
13026.5
12782.5
11855.5
13794.0
12067.5
4260.0
11368.5
0
15050.0
13061.5
13483.5
13363.5
10564.0
14774.0
15523.0
5899.5
14585.5
12886.0
9108.0
11056.0
13225.5
14675.5
11943.0
10117.5
15077.5
12563.5
5957.0
10048.5
10540.0
8374.5
11074.0
11087.5
14344.0
5053.5
13021.0
14521.0
12753.5
8240.5
14099.5
7415.0
11566.5
15032.5
5119.5
12834.5
15884.5
9792.5
10511.5
7634.0
11521.5
2017.0
11089.0
15613.0
10391.5
15253.0
10044.0
12837.0
14409.0
14266.0
15767.5
8565.0
11518.5
6130.0
14486.0
8326.5
11513.5
0
15738.0
13730.0
15068.5
14706.0
15288.0
12925.0
15103.0
1777.5
7621.0
12860.5
13385.0
11047.0
11113.5
13642.0
12297.0
5663.5
14208.5
15318.5
15242.0
11978.5
10950.5
13558.5
14235.5
13888.5
0
5016.0
13285.5
15880.5
14198.5
7078.0
13650.5
10564.0
7764.0
10964.0
10614.0
15773.0
2258.0
13361.0
10268.0
3298.0
10279.0
15870.0
14094.5
12873.5
13666.0
7907.0
10691.5
14319.0
0
14644.0
12877.5
0
12855.0
12413.0
0
0
11236.0
6833.0
15052.0
14293.0
13801.5
12255.0
10237.5
13695.5
11502.5
11996.0
7582.5
13758.0
13376.5
5457.5
11391.0
13036.0
11856.5
12477.0
8283.0
11031.5
13710.0
14945.5
12535.0
15638.5
15486.5
12372.0
14454.5
17169.5
14714.5
13542.5
15342.5
12694.0
13593.0
0
13151.5
13627.5
14337.5
8578.5
9026.0
11076.5
11882.5
10349.5
7786.5
13554.0
13303.5
0
11914.0
15130.5
10347.5
0
10279.0
7606.0
13612.0
13756.0
15010.5
16351.5
13485.0
11412.5
13819.5
15535.5
12484.5
0
10148.0
12760.0
10918.0
12301.0
11456.0
13892.0
2841.5
14325.0
12047.0
14572.0
3494.5
12142.5
13202.5
13222.5
15827.5
10194.0
14128.0
0
9950.5
14314.5
13049.0
13029.5
12958.0
12489.0
15334.0
14478.5
12481.0
11400.5
9911.5
10794.0
12872.0
9799.0
15098.0
12783.5
12806.5
12509.5
11347.0
16836.0
14774.5
14269.0
16300.5
5442.5
8638.0
4305.5
2644.5
4608.5
12834.5
13424.0
7727.5
11438.5
14006.5
14675.5
12131.0
8116.0
9660.0
5458.5
10580.5
9749.5
10707.5
13574.5
13296.5
1960.0
12474.5
8690.5
15939.5
2413.5
9625.5
17672.5
15031.5
11556.0
9681.5
10564.0
6164.5
9131.5
12771.5
11492.5
12809.5
4027.5
10614.0
10065.5
13561.5
10517.5
12863.5
12287.5
0
15024.0
10994.0
2737.5
15509.5
10945.5
13582.0
8555.0
15204.0
17674.5
8731.5
14156.0
1946.5
12403.0
12951.0
12925.0
13669.0
5757.5
13156.0
15493.0
15942.0
12020.0
15342.5
3684.5
6334.0
4479.0
0
12906.5
10259.0
12982.5
14128.5
12998.5
13915.0
16255.0
10208.5
13595.5
13661.0
11904.5
13315.5
13834.0
14191.0
13110.5
6125.5
10118.5
7176.5
4903.0
10700.5
14034.5
13200.0
13383.0
10610.0
13259.5
13183.0
0
10957.5
10181.0
11053.5
10978.5
10177.0
12325.0
15442.0
10993.0
11545.5
9957.0
15090.5
8886.5
12400.5
12913.0
7561.5
14573.0
13147.5
9368.0
15312.0
13098.0
7778.0
16400.5
3776.5
16678.0
10691.0
6958.0
13701.0
18974.0
0
11928.0
4236.5
10937.5
2919.0
12435.0
14422.0
8433.0
13358.0
10099.0
10005.5
5925.5
12860.0
10671.0
10187.0
13358.5
9551.5
12847.0
4512.5
13056.0
4275.0
16509.0
9329.0
16617.0
11228.5
8492.0
10053.0
9578.5
10962.0
10071.0
14438.5
10776.0
12921.5
11512.0
9631.5
9407.5
11539.0
12803.5
7510.5
13376.0
7641.5
10087.5
13617.5
11460.0
14659.0
11470.5
12984.0
9896.0
14836.5
11863.0
12858.0
17785.5
8656.5
15105.5
13822.0
10262.0
14978.0
11049.0
14239.0
14977.0
18745.0
12995.0
7988.5
9024.5
15051.0
6834.0
7166.0
10230.0
10175.0
0
11582.0
9581.5
8932.0
11461.0
14452.0
13751.5
15118.0
8487.0
15075.5
8825.0
16499.5
16112.0
8480.5
14892.5
2313.5
13233.5
12297.0
13988.0
7971.5
14700.5
12816.5
12860.5
10955.0
14155.5
10241.0
10595.0
11356.5
10044.5
11069.5
13699.0
10688.5
10661.0
10703.5
14137.5
11992.0
10758.5
2662.5
6559.0
7631.0
13896.5
10206.5
12930.5
5993.5
10160.0
12330.0
12698.5
9119.5
12789.0
15563.0
12274.5
10584.0
14136.5
14148.0
13809.0
4094.0
12436.0
5321.5
12870.0
10056.5
12464.0
10067.0
13899.0
11256.5
12393.5
13786.0
14282.5
9304.0
13348.0
12183.0
12996.0
9455.0
13725.0
9262.5
5595.0
14175.0
0
13081.5
13098.5
12327.5
12930.5
10657.5
11972.5
12940.5
14162.0
13718.0
6403.0
14085.5
6242.5
17064.5
5220.5
11038.0
9626.0
12374.5
13271.5
11884.5
11467.5
13148.0
10526.0
15055.5
13230.0
8809.5
11730.0
11171.0
7664.5
13111.5
13004.0
12822.0
15560.5
13974.0
10082.5
9866.5
12114.0
11825.0
8090.5
13695.0
12396.0
9419.5
11970.0
13449.0
10014.5
13598.0
7972.5
13326.5
822.5
12145.5
13793.0
11878.0
14649.5
10776.0
0
15555.5
16004.5
13660.0
11004.5
13281.0
0
4075.0
14700.0
14579.5
9575.0
14695.5
10724.5
12735.0
11825.5
15864.5
11868.0
8528.5
10066.5
2130.0
12406.0
10309.0
13057.0
15171.5
14287.0
9163.0
11617.5
13521.5
7236.5
4612.0
4587.5
10684.5
15469.0
8614.5
15003.0
15934.5
16015.0
10379.5
2537.0
8300.5
12780.5
14394.0
10344.5
11058.5
6640.0
13170.5
14772.5
10294.0
7932.0
15356.0
10645.0
4338.0
13773.0
19473.5
13638.5
9799.5
15695.0
11988.5
17610.5
10999.0
10285.0
12877.5
10293.5
0
9972.0
14527.0
11446.0
10113.0
10717.5
6820.5
6755.5
13124.5
14252.5
12765.5
10934.0
2719.0
13105.5
13288.5
10648.0
10668.0
14153.0
9867.5
14393.0
8368.0
13285.5
14189.5
14229.0
14915.5
12334.5
8269.5
14544.0
14749.0
12383.5
10545.5
10728.0
13619.5
14627.0
5217.0
8601.5
14060.5
15095.5
12839.5
7266.5
10914.0
13097.5
11600.5
12730.0
17342.5
14544.0
11197.5
18777.5
8937.0
11622.0
10398.0
12357.0
9925.0
4203.5
13227.5
10297.0
11151.5
3535.5
9539.5
14501.5
13356.5
2199.0
13680.0
8717.5
8899.5
10000.5
11418.5
11507.0
6336.5
3601.0
14702.5
10456.5
12759.0
7785.0
15219.5
4630.5
10926.5
13291.5
13365.0
12776.5
13029.5
3552.5
15111.5
13268.5
8162.0
10736.0
6270.0
14442.5
12354.0
3161.5
19853.5
14583.5
14212.0
13648.5
12931.0
13673.0
13013.0
5896.5
12771.5
0
15551.5
419.5
2183.5
16378.0
9401.0
11005.5
14199.0
10610.0
14312.5
5595.5
11787.5
8907.5
13677.0
6199.5
10448.0
11443.0
10120.0
13734.0
10697.0
5628.5
15124.5
3224.0
10314.0
13191.0
10160.5
11095.5
14067.5
5190.0
12271.5
14108.5
8688.5
10962.0
14777.0
0
9756.0
17150.0
365.5
4483.0
13479.5
11803.5
2757.5
13880.0
2350.0
8380.0
10579.5
13635.0
9703.5
11849.5
5578.0
10050.5
7536.5
15411.0
15595.0
12837.0
0
6622.0
10726.5
13229.0
438.5
16888.0
10738.0
12088.0
8044.0
13575.5
8099.0
11996.5
11157.0
424.0
2458.5
13207.5
12377.0
11989.0
11101.0
7983.5
10167.0
13327.0
14151.5
11119.0
15714.5
9738.5
6086.0
13027.0
5241.5
13316.0
10247.5
10883.5
10120.0
5091.5
11952.5
0
6826.5
15493.5
15859.5
11423.5
11510.5
13205.5
11434.5
3857.5
15563.0
13727.0
14731.0
0
10162.5
11692.5
16138.5
12277.5
3595.0
8760.5
12322.0
13804.0
12683.0
11599.5
2554.5
11630.5
14030.0
10117.5
9530.0
11242.5
9826.0
6813.5
9354.0
11982.5
6944.5
11882.5
9663.0
6812.0
10712.5
11162.5
7690.5
0
8510.5
8762.0
8583.5
6256.0
13281.0
11517.5
12256.0
11016.5
12868.5
15388.5
5707.0
10311.5
17097.5
13689.0
10085.5
9508.5
9446.5
11044.0
10550.5
13506.5
10685.0
9002.0
4286.5
12934.0
13855.5
11916.0
0
6424.5
7552.0
10023.5
11672.5
12064.5
13080.5
10570.0
15191.5
13162.5
9233.5
9957.0
11941.5
6699.5
11334.5
8922.5
11407.0
11721.0
17366.0
10291.0
15630.5
6187.5
17790.0
12849.0
12416.5
6072.0
11986.0
12497.0
10739.0
2801.0
15795.0
10511.0
11523.0
11506.5
13041.5
4833.5
12771.5
16347.0
12836.5
0
13376.0
12564.0
13474.5
13203.0
13060.0
12706.5
10302.0
13556.5
8718.0
4347.0
12750.0
13747.5
5435.0
13514.0
14394.5
13847.0
14324.0
12020.5
3714.5
5846.0
13005.5
12817.5
6310.5
0
14922.5
12352.5
0
10670.0
9108.5
12577.5
12960.0
11053.0
13716.0
13284.0
12856.5
13321.0
14177.5
804.5
12256.5
0
9211.5
15565.5
11084.5
9929.5
16964.0
0
5860.5
3129.0
13029.5
12537.5
10100.0
3408.0
12997.0
2619.5
6366.5
13674.5
14252.5
12002.5
13611.0
0
5367.5
6426.5
12954.0
2791.5
11185.0
12836.5
11295.0
6036.0
12005.0
14748.0
12878.5
11853.0
11431.0
13295.0
10574.0
3387.0
11434.5
13442.0
8432.0
9132.0
3690.0
11747.0
12157.5
13712.5
11094.5
17322.5
0
8030.0
13000.5
13406.0
6544.0
14535.5
11469.0
11763.0
12768.0
15118.5
1267.5
12411.0
17353.5
5159.0
13583.0
12637.5
17091.0
13046.5
13635.5
11503.0
10605.5
11556.5
0
12791.5
9445.5
13120.0
14844.0
6629.0
15302.0
13283.5
14363.5
13862.0
11603.5
0
2475.0
0
1622.5
6804.5
10570.0
15965.5
12081.0
12515.5
14624.0
15193.0
5442.0
11056.0
10667.0
11862.5
13220.0
13740.5
0
12023.0
6172.0
12853.0
10578.5
13331.5
12349.0
14685.0
0
12529.0
11548.0
10964.0
5649.0
11904.0
10507.5
13625.0
0
14249.5
14475.5
12598.0
14197.5
15480.0
8833.5
12144.0
13211.0
7151.0
15036.5
13061.5
11819.5
0
13273.0
12402.0
12997.5
10052.5
17469.5
692.0
11979.5
15830.0
13014.5
0
13318.5
11046.0
14284.5
10499.0
10504.0
15663.0
0
10633.0
9457.0
13393.0
12236.0
13134.5
10732.0
4371.0
9921.0
10154.5
13398.0
7048.0
12524.0
10066.0
10043.5
10065.0
10349.5
0
739.0
11852.0
10167.0
4715.5
12630.5
13247.0
16086.5
10965.0
10556.0
13881.5
11106.0
10492.5
12995.5
3520.5
15091.0
12756.5
14178.0
13883.5
5674.5
11142.0
6157.0
8662.0
14982.0
0
4250.0
0
13328.5
10258.0
11376.0
13254.0
10311.5
13952.0
15432.0
16748.5
8279.0
10782.0
12779.0
10048.0
6953.0
11895.0
11149.5
4573.0
14120.5
68.0
10176.0
14757.5
10595.5
5044.0
10782.5
11332.5
8036.5
11462.5
15016.0
10536.0
11310.0
10153.0
10256.0
4999.5
10264.0
7435.5
14784.0
0
13174.5
3829.0
10504.5
13726.5
13465.5
3849.5
6457.0
4956.5
8051.0
11365.0
3398.0
11625.0
10561.0
14060.0
13632.0
4274.5
0
11967.5
10271.0
5557.5
13955.0
12817.0
10471.5
12806.0
14049.0
10263.5
14933.0
10561.5
4610.0
11427.5
4347.5
13255.0
0
4756.0
5339.5
11269.5
10193.0
13667.5
2777.0
10555.5
10568.0
12233.0
0
6945.5
6997.0
18171.5
14770.5
10178.0
11037.5
13669.5
15133.5
10051.5
10065.0
13288.0
10138.0
0
14221.0
11607.0
13218.0
11656.5
13155.0
758.5
16717.5
11893.0
10081.0
4873.5
10182.5
13291.5
13533.0
2979.5
0
12987.0
10192.5
8359.5
13349.0
9999.5
6711.5
11696.0
10510.5
126.5
10597.5
13759.5
13605.5
14810.0
16335.0
8956.5
12365.0
10564.0
11978.5
11469.5
9878.0
12848.5
10954.5
11152.5
11366.5
5908.0
11502.5
14497.0
11371.5
13045.5
7445.0
6541.5
14095.5
10054.5
10069.5
0
14130.5
11866.5
11527.5
2821.5
12000.5
13295.5
12522.5
14138.5
15454.5
15424.0
14288.0
12693.5
10645.0
12418.0
7732.5
11018.0
16784.5
4352.5
13418.5
8591.0
7425.0
17267.0
10522.0
12566.0
15611.0
12891.5
14317.5
10240.5
11421.5
13680.0
10935.5
11234.5
13133.5
10961.5
12607.5
11054.5
14411.0
14166.5
12013.5
12853.0
0
5811.0
12297.5
13325.0
2756.5
10097.0
9627.0
9067.5
12869.5
10077.0
13623.0
0
10520.0
0
0
11964.5
12474.0
8605.0
10084.5
12873.5
0
5140.0
11546.0
10061.0
14367.5
12278.0
2682.5
15150.0
13336.0
7395.0
7187.5
10071.0
13824.5
16199.5
13182.0
4651.0
10668.5
11723.5
11037.0
12854.0
0
11029.5
11419.5
10079.5
10725.0
11688.5
7768.5
13154.0
13445.5
13424.5
10636.5
10298.0
7921.0
5229.0
12800.0
10848.5
13202.5
0
10661.5
10749.5
10678.0
10072.5
13604.0
5336.0
11455.5
7343.5
10969.5
22124.0
15696.0
11256.0
13256.5
13561.0
13849.5
13384.5
16739.5
11970.5
6809.5
12006.5
9604.0
10494.5
12184.0
12822.0
6610.5
12731.0
12364.0
11360.5
10617.0
13744.0
8583.5
12296.5
10200.5
7662.5
6244.0
12799.5
12839.0
14259.0
12774.0
14924.5
10113.5
365.5
10954.0
12463.0
10716.5
12380.5
2971.0
10521.0
2955.0
5342.5
12488.0
8551.0
16369.5
13321.0
16907.0
3755.5
12728.5
15790.0
13036.5
11069.5
5657.0
14270.5
14332.0
13522.5
14301.0
14161.5
1439.0
12929.0
13199.0
12971.0
13284.5
10917.5
13586.5
16375.5
13324.0
11179.5
12547.0
9347.5
6312.5
13572.0
10632.5
12814.5
14764.0
10261.5
11485.0
12604.0
15869.0
13222.5
14639.0
10178.5
15071.0
13675.0
17013.0
12324.5
8894.5
13502.5
10501.5
10303.0
12894.5
6295.0
6749.5
16285.5
8295.0
11853.5
13771.5
17327.5
14823.5
10214.0
10880.5
12816.5
12498.5
11789.0
15443.5
6836.0
14250.0
13651.0
13019.0
10166.5
12294.0
12789.5
13249.0
12379.0
15973.0
15087.5
15563.5
13022.0
12729.5
3385.5
13393.5
14568.0
12845.0
11494.5
11166.0
7568.0
12904.5
13864.5
13040.5
13220.0
10550.5
9866.0
12976.0
13755.5
10061.5
12941.5
15487.5
13257.0
14334.5
8204.5
10558.0
10469.0
13780.5
13945.5
13443.5
3877.0
7114.0
10979.0
16107.5
13276.0
13808.5
13270.0
4649.0
13882.0
10932.5
12845.5
12874.5
11602.5
12833.5
0
12595.5
15692.5
14046.0
13386.5
13051.5
14585.5
9951.5
10326.0
13665.5
7888.0
12825.5
13610.0
12782.5
13007.5
4313.0
5806.5
13215.5
10091.5
12019.5
15488.5
0
14053.0
12306.5
15528.0
11374.5
12000.5
10190.0
13802.0
14125.0
14847.0
8372.0
12006.0
11840.0
13887.5
14760.5
9079.5
0
6469.0
7840.0
5574.5
13131.5
12578.5
13392.5
11828.0
11375.0
16103.5
8210.5
11517.0
15280.5
11152.5
13951.0
13257.5
13138.0
10891.5
1194.5
12722.5
12954.5
14067.0
12076.0
12969.0
15437.5
10969.5
0
9101.0
7758.5
14442.5
10571.0
9123.5
11085.0
15700.0
12034.5
12620.0
10306.0
14360.5
11206.0
9694.0
12574.5
11443.0
5131.5
0
4585.0
3848.0
12595.0
12184.0
13190.0
10546.0
138.0
14517.5
12832.0
0
8317.5
13663.5
12468.0
5117.5
3185.5
13273.0
10671.0
14437.5
6093.0
717.0
2387.5
13825.5
12292.0
12681.5
10129.0
11505.5
13251.0
0
3752.5
14040.0
5073.5
13405.5
15787.5
10614.5
4997.0
12387.5
14817.0
10117.5
15487.5
2566.0
13031.5
4640.0
4995.5
3288.0
10180.5
11019.0
11498.5
12057.0
11090.5
15486.0
15159.0
8397.5
11179.5
12021.5
14506.0
12047.0
13450.5
15342.5
10279.0
10062.0
4569.5
10124.0
13321.0
16782.5
13859.5
8813.0
11118.0
15489.5
13377.5
12027.5
10103.5
10320.5
10500.5
10776.0
7449.5
5287.5
10253.0
14661.0
16586.5
8536.5
11841.0
13853.0
13977.0
13890.5
13315.0
1812.5
6450.0
13341.5
6133.0
14276.5
10153.0
9045.0
14880.0
15038.5
3063.5
11379.5
11329.5
14086.5
7390.0
13891.5
15987.0
10187.5
13496.5
13969.0
10414.0
10138.0
15343.0
9154.0
15776.0
10513.0
13408.5
14214.5
3112.5
13902.5
10941.0
11270.5
13624.5
961.0
12343.0
12022.0
9468.5
13597.5
786.0
14488.0
68.0
11186.5
13314.0
12412.0
12679.5
2921.5
365.5
11776.0
9320.0
4944.0
2106.5
0
12893.0
68.0
809.0
12884.0
15177.5
6192.0
16840.0
12812.5
9103.0
13750.5
7009.0
9517.0
10948.5
11624.5
6994.0
13244.0
15113.0
3971.0
5282.0
14217.0
6692.0
15563.5
9882.0
11994.5
12310.5
12411.0
5104.0
13688.5
14893.0
7011.0
13387.0
14378.5
10179.0
15434.0
12533.0
13277.5
11326.5
10063.5
4281.0
10232.0
12873.0
16982.0
5823.5
10990.5
1176.5
8521.0
8265.0
2574.0
12289.0
4253.0
11508.0
11119.0
5286.5
10125.0
12934.5
14157.5
4967.5
11918.0
12843.5
12917.5
10240.5
11507.0
12518.0
10998.5
11246.0
12352.0
8942.0
10056.0
11393.5
12489.5
13590.0
13295.5
11715.5
10886.0
4055.0
10231.0
6345.0
2459.5
2780.5
6139.0
18669.0
11972.5
13549.0
5658.0
8511.0
12394.0
1882.0
7515.5
2126.0
11987.5
15354.5
13254.5
10611.0
0
401.0
14885.0
5616.5
6380.5
10613.0
6375.0
8904.0
2905.0
7617.5
15845.0
11661.0
12448.0
4933.0
9717.5
15416.5
8928.5
10648.5
13742.0
138.0
8795.0
4335.0
8262.0
14338.5
10143.5
10978.5
10237.0
3560.0
16267.5
13819.5
15087.5
14574.0
14132.5
13314.0
6133.0
9991.0
6487.5
11408.0
16732.0
10501.0
12855.5
15539.0
11177.5
11628.0
11094.5
11517.5
16455.5
15077.5
13319.5
14393.0
0
11474.0
13684.0
10971.0
0
126.5
10106.0
10101.0
13523.0
6468.0
11331.0
15102.0
11500.0
12833.5
15326.0
1210.0
3436.5
14055.0
10878.5
14365.5
11058.0
3757.0
13361.0
3178.0
11452.5
6427.0
10524.0
5932.0
14224.5
7495.0
2439.0
14638.0
10641.0
4613.5
6732.5
14067.0
15080.0
12379.5
13055.5
3405.0
3792.5
15636.0
10553.0
13534.5
11636.0
1385.0
13943.0
5420.0
10118.5
13801.0
5528.0
13026.0
11197.0
12649.0
11099.0
12551.5
10499.5
13776.0
11931.0
11945.5
9154.0
11909.5
17375.0
15317.0
8979.5
6890.5
7972.5
11083.0
5994.5
10073.5
11855.5
12709.0
10414.5
9452.5
14685.5
10995.0
1753.5
13600.5
11226.5
6996.5
10064.0
16551.5
14434.5
13816.5
13258.5
9423.5
5751.5
9392.0
6656.5
10243.0
12361.0
14679.5
11985.0
15439.0
16781.0
10226.0
10195.0
13244.5
13751.0
10286.5
8245.0
14198.5
10705.0
14256.5
12080.0
8960.0
14622.5
13838.0
9790.0
13580.0
10486.5
12261.0
1110.5
12605.5
7663.0
4658.0
4161.5
13039.0
10720.0
13209.5
13677.0
12291.5
10704.0
15440.0
8638.0
13140.0
13676.5
0
11085.5
7317.5
15933.5
5954.5
6100.0
15015.5
0
8450.5
6534.0
11380.0
12412.5
9074.0
4828.0
7668.5
5972.5
14293.5
7314.0
9006.5
11382.5
9082.5
13254.5
1478.5
12272.5
12278.5
18441.0
12989.5
14381.5
14597.5
11581.5
11994.5
12496.5
6072.5
15829.5
14979.5
12368.5
4313.5
8679.5
0
10959.0
365.5
13881.5
13310.0
10408.0
3495.5
12860.0
14777.5
7432.0
10446.5
11323.5
10514.5
6111.5
3911.0
12992.0
11158.5
15199.0
12572.0
10865.0
11825.5
13253.5
7033.0
11819.0
12562.0
15885.5
12796.0
13335.0
9971.5
14113.5
10124.0
16729.5
2772.0
13514.0
2698.5
10158.5
13240.0
13936.0
2850.5
6395.0
14974.5
10981.0
11192.5
6226.5
13734.0
3296.0
11507.5
16508.0
11402.0
4188.5
14730.0
10374.0
10827.5
11039.5
0
10232.0
424.0
4810.0
10191.5
6796.5

4291.5
15081.0
10676.0
11833.5
11717.0
5038.0
12870.5
15342.5
10944.0
7261.0
8163.0
787.0
10224.5
12843.5
13606.0
0
10632.0
10550.5
10609.0
12118.0
16344.0
12570.5
12580.0
10708.0
13309.0
13226.0
10656.0
13094.5
11976.5
10552.5
14802.5
10527.0
13611.5
14393.5
10272.0
13700.5
13496.5
11426.0
13138.0
10876.5
7233.0
11071.0
14113.0
15499.5
12772.5
14489.5
14712.5
0
15960.0
5993.5
14253.5
3481.0
14138.5
2657.5
12893.0
10563.5
13251.5
9596.0
9667.0
13564.0
13194.0
15952.0
13598.0
10865.5
10987.5
10068.0
14055.5
16183.0
13351.5
0
10528.0
10524.5
5027.0
14349.5
2692.0
0
13604.5
7455.0
14734.5
13837.5
15359.0
3201.5
0
15730.0
10485.5
15793.0
8187.0
16120.0
8063.0
1245.5
14075.5
12894.5
10526.5
3388.0
10080.0
13148.0
8100.5
6033.0
3094.0
8414.5
14430.5
11780.5
6150.0
12986.0
13509.0
15551.5
8720.5
11480.0
15072.0
14653.5
11488.5
15198.5
15141.5
10111.0
13700.5
12889.5
10174.0
12395.0
10082.5
15019.0
12882.0
10213.5
14699.0
14062.0
13582.0
4480.5
12903.5
13558.5
13683.0
11730.5
11192.5
11977.0
10138.0
10147.5
12779.5
11347.0
12725.0
11265.0
13607.0
14485.5
14528.5
14306.5
10826.0
14324.0
6801.5
13176.5
17615.0
12733.5
15634.0
1406.0
10994.0
68.0
10044.0
8893.5
0
1753.5
10955.0
14322.5
13808.0
9816.5
7691.0
11995.0
12863.5
7975.0
10162.5
7222.0
15242.5
13034.5
11426.5
0
18503.0
7417.0
7066.5
12077.0
10497.0
11892.0
10173.0
6705.5
10862.5
6927.0
5566.0
8792.0
13687.5
13492.5
8152.0
14267.5
12422.5
1646.0
10586.0
11905.0
8788.5
14744.0
8838.5
3240.5
11463.5
13049.5
7359.0
15040.0
15149.5
13213.5
11183.5
15051.5
3437.0
16791.0
13201.0
13351.0
10671.0
11149.0
14229.0
0
11948.0
13639.5
12468.0
11887.5
12066.5
9173.0
14563.0
14084.5
13760.5
14186.5
13900.0
15891.5
12846.0
13775.0
12143.5
16348.5
8668.5
11530.5
13479.0
13245.5
13989.5
10387.0
5293.0
11011.0
13549.0
13230.5
17069.5
10182.5
11947.0
11774.0
17100.5
11071.0
13972.0
5855.5
16516.0
10062.5
18399.5
13234.0
11971.5
13380.5
16678.0
10387.5
68.0
14115.5
14737.0
10568.0
13623.5
11371.0
775.5
13351.5
13020.0
7234.0
13500.5
3849.5
9685.5
0
16549.5
12778.0
15084.0
15368.5
9498.0
11139.0
10223.5
6353.5
5419.0
16057.5
15014.0
9592.0
12666.5
8868.5
14061.0
13900.5
12820.5
14145.0
16398.0
10287.0
5651.5
12949.0
12001.0
138.0
13059.0
3918.0
775.5
11205.5
9476.0
10709.0
14495.0
2680.5
11501.5
9823.5
15606.0
12600.0
16546.5
12062.5
15515.5
11811.5
12916.0
14994.5
14035.5
8650.0
13637.5
13416.5
13992.5
13230.5
12475.5
13270.0
128.0
14875.0
15302.0
13487.5
10638.0
10162.5
15556.0
12167.0
10167.5
12832.0
9300.5
14439.5
8217.0
13597.5
14811.0
3776.0
14982.5
12890.0
4908.5
13218.5
14446.5
19149.5
13572.0
14456.0
14936.5
14030.0
10243.5
13432.0
12735.5
8044.5
12775.0
4653.5
9087.5
14323.0
13415.0
12751.0
804.5
13799.5
868.0
13343.0
6538.0
10167.5
12974.5
11816.5
17659.0
11572.5
2037.0
12603.5
12711.5
10075.0
13509.0
13119.5
4894.0
10224.0
8389.0
7937.5
8847.5
8693.5
3810.0
16181.0
8511.0
11876.0
6689.5
14409.0
11194.0
14376.0
5779.5
0
10840.5
10878.0
17413.5
12453.5
13511.5
13082.0
13066.0
10222.5
12505.0
7637.0
11911.0
6455.5
10052.5
11699.0
13870.5
0
13524.0
13425.5
3407.0
3989.0
12791.5
13935.0
13272.5
12919.5
2566.0
3738.5
14325.5
9074.0
14531.0
14342.5
14529.0
10201.5
13571.5
10595.5
13860.0
14177.0
0
13744.0
11187.0
13028.0
13428.0
12001.5
13861.5
16193.5
5917.5
10129.0
14300.0
0
13096.0
16509.0
14873.5
12884.0
10025.0
16434.5
16179.0
14756.5
68.0
0
12832.0
7628.5
14906.5
11291.5
13869.0
13072.0
13065.0
13217.0
12889.5
14259.0
13885.0
11927.0
13172.5
0
12491.0
14877.0
16952.0
12788.0
14693.0
10177.5
15300.0
11022.5
16670.5
11719.5
768.5
14958.0
11558.5
11002.0
13796.0
14638.0
13477.0
11530.0
0
11934.0
10976.5
11653.0
0
12996.5
13240.5
11813.0
13792.0
19541.5
0
12971.5
18179.5
10703.0
15076.0
16794.5
0
4055.0
68.0
10687.5
14843.5
3994.0
0
13879.5
435.5
14872.5
15526.0
13177.5
10611.0
11062.0
10105.5
9036.0
16329.5
6758.5
13554.0
14800.0
14267.5
10112.0
10755.5
10404.0
13485.0
11936.5
2887.0
12851.0
11458.0
14808.0
12990.0
2828.0
13239.0
13838.5
11313.5
13257.5
13003.0
15030.0
14889.5
16406.5
9885.5
12915.0
11884.0
4633.0
11066.5
10215.5
15971.0
8077.5
15831.0
14981.5
13161.5
16778.0
8816.0
12436.0
9235.0
2198.5
9383.5
12849.0
14489.5
12720.0
12903.5
6999.5
3275.0
10249.0
7909.0
10243.0
5272.0
12534.0
18214.0
12931.0
6562.5
5871.0
10127.5
4874.5
8405.5
419.5
12956.0
16341.0
13810.0
11402.5
11073.0
13244.5
15671.0
10174.0
9478.5
10018.0
15057.0
4183.0
10060.5
12960.5
13752.5
14250.5
12500.5
16305.0
10721.5
14386.0
13333.0
6560.0
14065.0
6743.5
16951.5
8726.5
13748.0
10082.0
12139.0
11932.5
10092.0
8386.5
10224.5
14034.5
16448.5
11438.0
15795.5
10085.0
10209.5
11024.0
5887.5
13911.5
0
11643.0
13475.0
10363.5
5603.0
12208.5
5114.0
12325.5
11149.0
14592.0
9257.5
11521.0
10630.0
14760.5
11607.0
10184.0
0
11429.0
10646.5
11049.0
10182.5
6781.5
11303.0
14005.0
14043.5
16013.0
17061.5
11087.5
13376.0
12766.0
13582.5
10721.0
10561.0
12779.5
10646.0
12263.0
12478.0
15339.0
5664.5
11411.5
15288.5
11148.5
5890.0
13527.0
13692.0
13398.5
14960.0
10074.0
10155.5
15821.0
11997.5
2554.0
11046.0
4384.0
16550.0
15861.0
10507.5
3475.0
8323.5
11369.0
10576.5
13854.5
10385.0
10105.0
13954.5
5516.5
12515.0
14770.5
10606.0
2704.0
4875.0
14889.0
12756.0
15598.5
13240.0
12279.5
13962.0
126.5
15016.0
14114.0
12475.5
13618.5
12426.5
17421.5
12854.0
10647.5
13386.5
6070.0
5930.5
7500.0
8144.5
13707.5
10814.0
10579.5
13328.0
16896.0
14223.0
10192.5
13035.0
2786.0
8163.0
10558.0
10100.0
11660.5
10610.0
13810.0
10725.5
18759.5
9360.5
11549.0
14489.5
12775.0
5056.0
11755.0
0
10047.0
15310.0
9389.0
13827.0
11542.5
13273.0
12860.0
11563.0
10178.0
16211.5
15101.5
22833.0
13448.0
13236.5
17222.0
13617.0
0
15202.0
15052.0
13155.5
11295.0
68.0
10820.0
12811.0
11040.5
5906.5
11376.0
11089.0
12811.5
10489.0
13650.0
13662.0
10616.5
11860.5
9680.0
14474.0
17501.0
16538.0
10967.5
12851.5
11514.0
13344.0
12969.0
17294.5
11982.5
11348.0
10183.5
14680.0
12025.5
12386.5
10992.5
10502.0
11567.0
10678.0
15258.5
12828.0
15040.5
13714.5
10486.5
13340.5
13349.0
11332.0
14893.5
11174.5
6482.0
13067.0
16318.5
13975.0
13293.0
13020.0
15509.0
0
13096.5
10939.5
15260.0
14145.0
14607.5
15560.5
11143.5
13272.0
17014.5
12906.0
14839.0
11990.5
18992.5
10225.0
14712.5
14893.0
7202.5
10072.0
8847.5
10845.0
12473.5
14458.0
10993.0
6416.5
12359.5
11183.5
18535.0
12306.5
15396.0
11088.0
6400.0
11644.5
11407.0
126.5
7068.5
12717.0
13189.5
13451.0
17663.5
10623.5
12926.5
16284.0
13801.0
13001.0
10067.5
14802.0
11168.5
12270.0
10780.5
12868.5
15490.5
12927.5
9217.0
10987.5
10178.0
13394.5
2831.0
16751.5
10152.5
10178.0
14864.5
13583.0
13114.0
12929.0
12044.0
12277.5
13825.0
12980.5
11876.5
10714.5
11790.5
13383.5
13910.0
12634.0
15870.0
11947.0
16314.0
12974.0
15869.0
13576.0
11890.0
13715.0
7445.0
9301.5
0
7426.0
12493.5
13900.5
7347.5
12144.5
9781.0
12753.0
13121.0
11004.0
13209.0
14412.0
11101.0
16052.5
13884.5
13698.0
10178.0
14156.0
3072.5
14635.5
10343.0
13765.5
12950.0
15364.0
11894.0
12147.5
11630.0
16346.0
12277.0
11294.0
13747.0
14692.0
12175.5
9370.0
12037.5
12928.0
11626.5
14740.0
12841.5
2086.0
16359.5
10572.0
10204.0
6719.5
1619.0
13462.0
13825.5
14210.0
15454.0
13415.0
15981.5
14479.5
13469.0
16743.5
14474.5
11479.5
10684.0
17665.5
15593.0
14270.5
11008.5
14936.0
4888.5
13890.5
11092.0
0
17105.0
10487.5
15290.0
17522.5
15334.0
15839.0
13209.0
12969.5
17174.0
14236.5
14831.0
17307.5
10548.0
11909.5
14412.5
5993.5
14478.0
2600.0
14127.5
2741.5
17409.5
16424.5
15033.5
15001.0
12699.5
10614.5
16485.5
14637.0
0
7829.5
12181.0
16895.0
14750.5
10504.5
9682.0
14894.0
14250.0
16537.5
4393.0
18143.5
13755.5
13274.0
14484.0
12280.5
13503.5
16084.5
15303.5
16580.5
11880.0
10804.5
11963.0
17756.5
11386.5
14258.0
11902.5
3815.5
10059.5
14160.0
13172.5
13791.5
6836.5
11891.5
13972.0
13812.0
11546.0
15078.0
18653.5
6313.5
4090.5
12957.5
13904.0
11991.0
14572.0
2796.0
13137.5
10527.5
11410.5
3534.5
5147.0
15738.0
10591.0
13646.0
0
10053.0
15082.5
12265.0
13311.0
1718.0
16346.5
13017.0
10205.5
15708.0
10697.0
14036.0
13490.0
16338.0
10088.5
10956.0
11098.0
10042.5
0
13455.5
14495.5
14901.0
11457.5
11050.0
14473.0
13649.0
13940.0
14054.5
12069.5
10601.0
17228.5
14505.5
14194.0
9598.5
15650.5
17264.0
10158.5
2772.5
3405.0
15292.5
0
12983.0
14131.0
12499.5
13219.5
16421.0
1013.5
8190.0
12212.0
14836.5
1463.5
441.5
8819.5
12281.0
8230.0
9369.5
0
13417.5
7702.5
15323.5
12666.5
9693.5
13873.5
12968.0
9377.5
16754.5
10133.0
12825.0
68.0
16197.5
12877.0
14478.5
14859.0
13171.0
11549.5
15088.0
10481.0
11936.5
16946.5
14471.5
14758.5
13582.0
12240.0
16604.0
0
9480.0
6322.0
13121.5
12291.0
0
14343.5
12402.0
11757.0
13120.5
14558.0
2914.0
0
11455.0
15400.0
5091.5
12359.5
9565.0
9911.0
14141.5
12320.0
1395.0
2405.5
14278.5
10628.0
14112.5
14891.0
17651.0
0
14409.5
14924.5
2737.5
15472.0
13491.0
14809.5
15322.5
16562.5
10700.5
14339.0
15024.0
10205.5
2496.5
10075.5
8519.5
17356.5
11105.5
5305.5
13592.0
11098.5
15119.0
4364.5
16010.5
7582.5
15932.0
1162.5
16837.0
17507.0
9571.5
16408.5
5012.5
7680.0
11498.5
11596.5
11990.0
15037.5
10990.0
5514.0
10621.5
11691.5
12845.0
12426.0
13934.0
10548.5
8740.0
8239.5
13798.0
13139.0
11540.0
3054.0
15586.0
5117.0
2178.0
14495.5
4531.0
6286.5
3495.0
10984.0
17849.0
10821.0
12254.5
11735.0
14364.5
13549.0
13110.0
15192.5
5482.5
5616.5
721.5
10933.5
13829.5
15475.0
12676.0
10961.5
13723.5
13118.5
12343.5
5796.5
5332.0
13855.0
10101.5
8374.0
2757.5
10163.5
13916.5
16604.0
10054.5
12976.0
6839.0
14061.0
11557.0
6677.5
14101.0
16530.0
13176.0
15728.0
11589.5
13901.0
4677.0
9050.0
11039.5
5508.0
15233.5
14934.0
13931.0
3212.0
13064.5
13333.5
13884.5
17671.0
10943.5
4280.5
10485.5
10656.5
13751.0
12757.5
12798.5
14285.0
10886.5
15119.0
12406.5
11804.0
3512.5
4794.5
12429.5
10485.5
5010.5
12365.0
4656.0
14980.5
11188.5
2680.5
17305.5
13624.5
9538.5
15743.5
14001.0
13047.5
10234.5
13638.0
11011.5
7087.0
11847.0
12652.5
10384.0
11649.0
4088.0
12600.5
14338.0
2167.0
12199.5
7641.0
14507.0
13016.5
14267.5
15411.5
3436.5
11630.0
15152.0
15559.5
13855.0
12104.5
15814.5
2509.0
13282.5
11953.5
8339.0
6069.5
13063.5
12805.0
14081.0
13800.5
12335.5
14890.5
11932.5
10952.5
14475.0
7794.5
3236.5
2739.5
365.5
10133.5
5741.0
0
7383.0
8274.5
13738.0
3849.0
9807.5
14914.0
14131.5
0
3693.0
10545.0
13661.0
11112.0
8559.0
3420.5
11052.5
8310.0
10109.5
10575.5
10618.0
14990.5
15072.5
14124.0
16395.5
17376.5
8317.0
14359.5
0
10575.0
15376.5
8041.0
13319.0
831.0
15532.5
15210.0
14482.5
13792.0
15730.0
12426.5
0
15490.0
15551.0
14060.5
15968.5
12967.5
12331.0
9476.5
10524.5
5681.5
6776.5
11152.5
1480.5
14612.5
10533.0
13847.0
11937.0
14049.5
7674.0
999.5
13956.5
15102.0
8870.0
12991.0
11322.5
12930.0
12512.0
12103.5
5154.5
12948.0
14026.5
13444.5
14496.0
14959.5
5390.0
13884.0
11043.0
4762.0
13179.0
10594.5
15005.5
14504.5
9576.0
16984.5
10882.0
11872.0
16144.0
11986.0
14196.0
13732.5
13733.5
16952.0
13742.0
12280.5
11573.0
13005.5
3844.0

16673.0
13938.0
10085.5
9339.5
7203.5
17627.0
10055.5
11402.5
14240.5
9654.0
4071.5
16358.5
13980.0
15297.5
15670.0
11889.5
13006.5
14417.5
15595.0
14747.5
0
1019.5
18037.5
16878.5
10643.5
10680.0
10597.5
4337.5
7604.0
8902.0
4421.5
2718.5
12867.0
0
14001.0
7202.5
6280.0
11942.5
11509.5
10689.5
13574.0
14139.0
6642.5
14413.5
14924.0
14231.0
12102.0
17208.5
13875.0
13830.5
8650.5
18974.5
10187.5
15731.5
6724.5
12350.5
17598.0
10944.0
12150.0
10146.5
10106.5
10795.5
14456.0
0
10845.5
13730.0
16091.5
10588.5
16971.5
10513.5
15690.0
10640.0
8064.0
15585.5
13870.5
15176.0
4872.0
17670.5
0
8165.5
3648.5
12166.0
7893.0
11902.0
13641.0
12548.5
13937.5
11091.5
9946.5
3829.5
15586.0
10968.5
9487.5
11428.0
17278.0
13913.5
14790.0
10712.5
15707.5
4658.0
0
13500.0
0
15697.5
13354.0
18221.0
17021.5
14109.5
15930.5
11318.5
10100.5
14523.5
10078.5
11107.0
19731.5
16360.5
13303.0
1264.5
10179.5
16388.0
13581.0
10629.0
12945.5
12012.0
15899.0
11036.0
10212.0
17855.0
10150.5
15024.5
6728.5
3432.5
15183.0
10217.5
12826.5
14085.5
6222.5
8766.0
5855.0
3626.5
13906.5
