68.0
138.0
775.5
729.5
665.0
832.0
383.0
2077.0
1903.0
897.0
891.5
909.5
2128.0
243.5
0
2583.0
2459.5
2860.0
2842.5
3582.0
3567.5
717.0
438.5
1398.0
680.5
1512.5
506.5
868.0
734.5
365.5
0
2393.5
5412.5
3984.5
2551.0
0
316.0
1178.5
1942.5
668.0
1960.5
126.5
1436.5
1511.0
2852.0
7056.5
4221.0
4057.5
998.0
2288.5
2547.0
2156.5
3168.0
0
4651.5
2211.5
2102.5
2232.0
2793.0
4443.0
0
1070.5
365.5
2623.0
3111.0
1812.0
6259.5
68.0
2781.5
3751.0
0
969.5
115.5
4675.0
383.0
777.5
1533.0
6041.5
3470.5
0
1894.5
2126.5
68.0
3632.0
4510.5
3656.5
947.5
1859.0
0
1497.0
812.0
1708.5
419.5
0
2409.0
931.0
68.0
5840.5
1163.5
2805.5
489.5
4255.5
1807.0
1582.5
582.0
7269.5
3222.5
2929.0
3525.5
1439.0
68.0
2107.5
2661.0
3454.0
3032.0
6128.5
2764.5
1987.0
4394.5
365.5
7094.0
6327.5
2631.0
1680.5
2825.5
1186.0
5350.5
3459.0
849.0
6765.5
6925.5
4944.0
68.0
438.5
4203.0
313.5
726.0
6059.5
6420.0
3450.5
2426.5
4630.5
0
3905.5
5148.5
536.0
5858.5
2532.5
6287.5
2452.5
2381.5
4753.0
4828.5
6177.0
2262.0
4129.0
5685.0
4100.5
6188.0
407.0
2055.5
904.5
2550.0
6599.0
698.5
0
811.0
1291.5
2789.0
1789.0
6519.5
2144.0
6890.5
6902.5
68.0
4037.0
68.0
438.5
2062.5
3892.5
3995.0
0
7070.0
5086.0
5046.0
1406.5
3172.5
4450.5
3795.0
2582.5
3748.0
6270.5
596.5
6895.5
698.5
3725.5
6613.0
1066.0
3602.5
441.5
704.0
930.5
4721.5
9038.0
1756.5
6858.5
1796.5
7644.5
2833.0
5083.5
1477.0
2997.5
3757.0
348.5
4246.5
787.0
1893.0
2594.0
2562.0
7827.5
635.0
3097.5
4945.5
1298.5
5054.0
1326.0
126.5
2114.5
614.0
1491.0
5298.5
653.5
126.5
4960.5
6065.5
495.5
6314.0
3403.0
8710.5
1738.5
2961.5
2554.0
6165.5
4832.5
2343.5
2040.0
9465.0
2372.0
68.0
775.5
7877.0
2809.5
6025.0
5800.5
2150.5
4573.0
4228.5
2217.0
401.0
438.5
4869.0
3619.5
2818.0
3864.5
4150.0
3724.0
2202.5
3759.0
4168.0
6549.0
5992.0
10012.5
8293.0
0
0
1794.5
4623.0
4166.0
316.0
1010.0
2706.0
4250.5
8094.5
3835.5
316.0
2609.0
2010.5
1049.5
4730.0
8488.5
5177.0
4016.0
3121.0
7010.0
1748.0
3096.0
2147.5
906.0
1461.0
4615.5
5171.0
5518.5
4261.0
2900.0
68.0
5637.5
6054.0
1852.5
7156.5
5866.0
3512.0
1014.5
6210.5
1155.5
4849.5
0
5449.0
8369.0
2684.0
965.0
4057.5
6972.0
1818.0
2080.5
2244.0
1002.0
6444.0
5404.5
1942.0
4229.5
6657.5
8307.0
1258.5
5954.0
6623.5
6871.5
5458.5
5520.0
1374.0
0
1140.0
7903.5
5062.0
8853.5
3329.5
4430.0
3332.0
5159.5
2660.5
4930.5
9854.5
5961.0
6633.5
7458.0
1263.5
2756.0
5352.0
3781.5
8542.0
0
1052.5
0
4883.5
5641.5
6573.5
2393.5
6304.0
4942.0
3809.5
1960.0
5893.5
4544.5
2392.0
4604.0
5413.0
1512.0
3615.0
8009.5
6437.5
5171.5
4213.0
2086.0
4959.0
1994.5
5567.5
7068.5
4780.0
2497.0
3921.5
6317.5
6655.5
663.0
0
7304.5
2356.5
7030.5
489.5
7363.0
1779.5
1605.0
1544.5
0
5982.5
419.5
4575.5
7144.0
2889.5
7131.0
5851.5
6246.5
68.0
3959.0
3278.5
8361.5
3876.5
6219.0
3212.0
5802.0
1960.5
7210.0
757.0
138.0
6531.5
3202.0
2262.0
8231.5
3614.5
7500.5
9888.0
6720.0
5819.0
6328.5
6827.0
6334.5
8184.0
7232.0
1870.5
2107.0
0
6647.0
8881.5
2499.0
8324.0
6197.5
8891.0
4102.0
1122.5
5947.0
0
3.0
419.5
6589.0
7601.0
0
8246.5
7534.5
719.0
4586.0
1907.5
1796.5
2851.0
7771.5
4025.0
4650.5
8471.5
6254.0
1866.0
4302.0
5882.5
8185.5
7051.0
8249.5
1503.0
5675.0
5800.0
3381.5
6027.5
4154.0
3686.5
2924.0
6766.5
3318.0
5957.5
5889.5
5962.5
5309.0
1137.0
5472.5
5674.0
7210.5
7386.0
7125.5
4341.0
5849.0
2743.0
6911.5
6932.0
5869.5
3770.5
6395.5
6938.0
6927.0
7768.5
5054.0
2571.0
0
6743.0
8683.0
11381.5
5489.5
3337.0
6007.5
0
6955.0
5613.5
8852.0
4899.5
4186.0
5341.0
3319.0
5693.0
6656.5
7879.0
966.5
7547.5
7555.0
7415.5
4378.5
6620.0
1383.0
9954.0
3606.5
5872.0
4682.5
4225.5
6024.5
7081.5
7056.5
10763.5
7671.5
3960.5
6637.5
6565.5
3643.0
8805.0
8544.0
3207.5
9051.0
9447.0
126.5
7853.0
5513.5
7880.0
652.0
7030.5
5349.5
3911.0
5744.0
2094.5
6252.0
8854.0
476.0
4547.0
508.5
6430.0
6827.5
5952.5
4269.0
2234.0
6557.0
5027.0
4962.5
521.5
7094.0
9560.0
6561.5
5321.0
1827.5
6565.5
4568.5
3887.5
0
6510.0
6325.5
0
1880.0
5183.5
7185.5
6409.5
0
8214.5
4375.0
5412.5
6892.5
5471.0
9705.0
1731.0
0
7849.5
2469.0
775.5
6414.0
5326.0
4543.0
5106.5
952.5
6811.5
5712.5
5399.5
7055.0
2707.5
3587.0
6393.0
698.5
1683.0
3387.0
7414.0
3555.0
5108.5
3742.5
8497.0
5534.0
5283.0
5547.0
10171.5
5889.0
4607.5
4642.0
8820.0
7814.5
6285.5
6133.5
2842.0
6933.0
4191.0
4059.0
6958.0
6705.5
647.0
8920.0
8218.5
2208.5
1768.5
8358.5
4222.5
7428.5
7844.0
5369.5
5945.0
7824.5
6645.5
6285.5
6912.0
0
8017.0
8869.0
5854.0
1531.0
6870.5
7372.5
6679.0
8416.0
5394.5
5179.5
6582.5
6194.5
6636.0
7700.0
6178.0
7271.5
3553.0
7848.0
5825.0
8131.0
3563.5
7088.5
5473.5
1408.5
3003.0
2223.5
5634.5
6975.5
8472.0
7387.0
816.5
6942.5
5889.5
7910.5
6458.5
9278.5
10424.0
4616.5
6321.5
8225.0
790.0
8968.0
6322.5
5711.5
10118.5
6630.5
6219.0
7454.5
7225.5
9817.0
9472.0
6299.0
2406.5
6282.5
6708.0
7610.5
2745.5
5563.0
4933.0
0
0.0
6169.5
5594.5
6987.0
68.0
5023.5
7518.5
7357.0
7341.5
5702.5
6472.5
6069.0
8657.5
8470.5
5095.0
3093.5
2480.5
5933.0
4165.5
2801.0
3768.0
4534.0
3884.0
6568.0
8190.0
6958.0
7424.5
7822.0
6563.5
8463.0
5379.5
6001.5
8613.0
6243.0
9733.5
5036.5
7139.0
2242.5
2515.0
7289.5
4255.5
6769.0
7463.0
4583.0
4776.0
2378.5
8115.0
7133.5
2717.5
6591.5
3903.0
8180.0
8635.0
9664.5
3570.5
7828.0
424.0
8544.5
2773.5
7617.0
8831.0
7158.5
6769.5
7205.0
2780.0
7647.0
5359.5
6994.5
9892.0
10568.5
822.5
6971.0
7491.5
6746.5
1905.5
6317.5
0
8840.5
8933.5
8346.5
6047.0
5215.5
8202.5
5489.5
3703.5
7337.0
6168.5
5176.5
1174.0
4014.5
7304.5
9563.0
4427.0
7657.5
6915.5
3952.5
6557.0
1493.0
9932.0
7148.5
3937.5
9132.5
5575.0
8195.0
848.5
6640.5
8822.0
6319.0
68.0
10539.5
7036.0
6365.5
5518.0
7115.0
6881.5
4408.5
3587.5
5799.5
7911.0
6159.0
7424.0
10213.5
7900.5
5891.0
4973.5
5710.5
8110.0
6573.0
8256.0
7673.0
7661.5
8366.5
0
7582.5
1513.0
5766.5
2691.5
9091.0
5525.5
7244.5
10090.0
8398.5
2962.0
8682.0
8978.0
6779.0
6350.5
6320.5
7098.5
5317.5
68.0
9798.5
6157.5
7090.5
7490.5
0
11304.5
138.0
6784.5
7993.0
6143.0
2182.5
1463.5
6057.0
10948.5
6296.5
6514.0
8552.0
3321.5
9526.5
6545.5
9715.0
7614.5
6800.5
1999.5
1723.5
4614.5
10106.0
7937.0
9149.5
6573.5
5749.5
9897.5
9392.0
8278.5
7623.5
7536.5
3753.0
6756.0
7638.5
7593.0
7216.0
6682.5
10525.5
2495.0
6178.5
5941.0
6639.5
7318.0
7327.0
9574.0
0
7270.5
6811.5
6752.0
10206.5
8016.0
7186.5
5184.5
6536.0
5774.0
1990.0
6162.0
6461.0
7250.0
6144.5
6865.5
7078.0
8097.0
3624.0
1700.0
5291.0
2105.0
8546.5
6112.5
6032.0
6502.0
6079.5
6463.5
7645.0
7568.0
5384.5
8869.0
1974.0
0
7648.0
6992.0
5717.5
6587.5
8172.5
0
7549.5
0
0
6089.5
5306.5
11838.0
5669.5
7093.0
6764.0
6893.0
8278.0
4313.5
6419.5
6294.5
7927.5
10217.5
8132.0
9656.0
7910.0
10545.0
6653.5
7065.0
9106.0
5975.0
6400.5
6126.5
7496.5
8821.5
8080.5
6106.5
0
9103.5
2528.0
6070.5
6199.0
1544.0
6314.5
5501.5
4637.5
8691.5
5591.0
6250.5
8513.5
9994.5
5920.5
9964.0
0
6980.0
2851.5
5726.0
6843.5
7056.0
6222.0
7952.0
10396.0
8748.5
3987.5
8364.5
6915.0
6867.0
4837.0
0
9413.0
5183.0
5613.0
7383.5
6718.5
8604.0
3728.0
6994.5
6279.0
6210.5
7364.5
478.0
3428.5
1099.0
4810.0
7667.5
7008.0
7065.5
4443.0
3720.5
8406.5
10049.0
7132.5
6547.5
7849.5
5580.0
10592.5
6050.0
6986.5
2751.0
4080.5
0
9579.0
3533.0
1628.5
7820.0
3751.0
9666.5
7979.5
6443.5
6536.0
8200.5
10104.5
6578.5
6788.0
8548.0
7167.5
7113.0
8823.0
0
8223.0
8405.5
7059.5
438.5
5945.5
5704.5
6539.5
4934.5
9972.5
7280.0
9646.5
4978.5
7375.5
6294.5
8981.0
6926.5
8209.5
3556.5
7584.0
6533.5
4811.5
7021.0
8247.5
6711.0
7246.5
2112.0
0
2980.0
7062.0
6535.0
4721.0
8423.0
7390.5
6918.5
6033.0
7547.0
1439.0
6524.0
7237.5
7770.5
7299.0
6907.0
4449.5
6677.0
2705.0
7397.0
9428.5
4015.5
3480.5
2616.5
5253.5
7823.0
7627.5
0
9743.0
4902.0
7376.0
8601.5
8040.0
7757.5
8810.0
7767.5
0
8673.5
7217.0
5659.5
8497.0
5517.0
6265.5
8142.5
6503.5
7353.0
7276.5
7745.5
5698.0
8710.5
8817.0
0
6653.5
6136.5
4488.5
6550.5
5515.5
6191.5
10993.0
8048.5
6983.5
5718.0
6146.0
7671.5
8720.0
5791.0
8242.5
5326.0
7013.0
5521.0
5792.5
6461.5
8319.0
6274.0
2549.5
9443.5
6859.0
7224.5
8557.0
4626.5
6003.5
7380.0
6657.0
9103.5
8077.0
7154.5
6089.0
1796.0
5552.5
6620.5
9124.0
7245.5
8306.0
7380.5
8905.0
8551.5
7196.0
3059.5
7006.5
6644.5
0
7347.0
5717.0
4255.5
6686.5
10279.0
6246.0
8020.5
7129.0
8734.5
8127.0
2740.0
7924.5
7924.5
11452.5
7211.0
6315.0
8066.0
5943.5
4529.0
2423.5
6979.0
8064.0
6199.5
10542.5
365.5
10456.5
7137.0
9165.0
12082.5
5754.5
5878.5
6683.0
7586.0
8461.5
6624.5
6980.0
7331.0
10492.5
7294.0
419.5
8351.5
6104.5
8749.5
9043.5
734.5
6836.0
7201.5
1941.0
10501.0
8356.0
5832.0
5889.0
6456.5
6309.5
4916.5
9003.5
6811.0
4331.0
7606.5
5866.0
5640.0
7248.5
9600.5
9425.0
9056.5
5360.0
4604.0
7966.0
7186.0
7787.0
10206.0
11617.5
4689.5
7100.5
4975.0
9056.0
8058.5
4847.5
10285.0
6548.0
6365.0
3109.0
8517.5
3208.0
10369.5
7805.5
8037.0
9017.0
7602.0
4955.5
5470.0
5893.5
7012.0
6648.0
6556.5
5743.0
6255.5
7682.5
7628.0
7592.0
8784.0
6679.5
7335.0
6748.0
6567.5
5519.5
6545.5
7109.5
9634.0
126.5
6611.5
6646.0
6156.0
6634.0
11430.0
11019.5
8085.5
8368.5
10676.5
6118.0
10059.5
10180.0
11001.0
7764.0
8720.5
5931.5
5143.5
9836.0
7090.5
2217.0
2583.5
8530.5
7376.0
7931.5
9099.5
5896.5
7051.0
8916.5
0
8074.0
10187.0
6295.5
6484.0
0
8707.5
3982.5
4642.0
9912.0
7775.5
7011.0
0
7583.0
8029.0
9069.0
7475.5
7159.0
8334.0
6955.0
7325.5
6145.0
7104.5
10162.5
8982.5
8689.0
7723.5
5401.0
10495.0
7410.0
10134.0
9919.5
7068.5
7693.5
7492.5
5667.5
3271.0
6964.5
3426.0
6815.0
6868.0
6932.5
9829.5
6950.0
6393.5
8196.0
6441.0
7088.0
7646.0
7096.0
68.0
9532.0
8747.5
6180.5
7251.5
6857.5
0
7903.5
7503.0
7946.0
1067.5
6396.5
5870.0
7555.5
6606.0
9394.5
0
8586.5
7707.5
7430.0
5926.0
6626.5
0
3623.5
8023.5
8319.5
8381.0
0
9095.5
5054.0
7787.5
5345.0
8359.0
7566.0
6850.5
6948.5
8673.5
8911.5
11461.0
6273.0
6033.5
7457.0
7449.0
8563.5
8619.5
7920.5
6970.0
9771.5
6679.0
0
6402.5
9009.0
6556.5
5325.5
0
8908.5
8813.5
10698.5
10956.5
68.0
6909.5
1526.0
7582.5
7296.5
8665.0
6755.5
0
8731.0
6974.5
7316.5
7666.5
7889.0
7438.5
7869.5
9300.5
10140.5
8387.0
10931.0
8320.0
5884.0
7452.0
7665.0
0
6807.5
8287.0
6937.0
8032.0
12451.5
8740.0
8087.5
10247.5
6586.5
10032.0
10744.0
7067.0
11529.0
0
7126.5
9283.0
8816.5
8353.5
7116.0
2051.0
9162.0
6050.5
6582.5
6643.0
7375.5
4809.5
5261.5
5964.5
10373.5
11928.5
8308.0
8963.0
6398.5
10347.5
9429.5
7652.5
5573.5
7794.5
2994.0
6820.5
6919.0
6572.5
7775.0
8100.0
7890.0
6016.0
8456.0
9467.5
2833.0
11407.5
8414.0
7082.0
4938.0
5681.0
7617.5
7723.5
5382.0
1531.5
7862.5
7061.0
6226.0
6934.5
5205.5
6236.5
5973.0
6246.0
4347.5
8366.5
0
8267.5
0
8308.5
9534.5
5555.5
478.0
5221.5
6665.5
7183.5
8351.0
6759.5
3716.5
6068.0
6369.0
10355.5
6847.5
7487.5
5803.0
5755.0
7538.0
8628.5
8589.5
8110.0
5401.0
10815.5
6933.0
7629.5
7548.5
10486.5
8737.0
6713.5
0
6390.0
10301.0
6769.5
7525.0
6275.5
7417.5
7669.5
5589.0
5745.0
7590.0
7178.0
7386.5
7910.5
9339.5
8556.5
7487.0
7502.0
8244.0
7533.0
6583.5
6828.0
10606.0
6533.5
8098.5
10371.5
8630.0
7343.0
8001.5
7258.5
7561.0
7415.5
7485.0
7592.0
10191.0
6109.5
6483.5
0
6256.5
9442.5
6066.5
6225.5
6037.0
9508.5
7995.0
5969.0
7821.5
7833.0
7528.5
7735.5
7870.0
5659.0
7163.0
7607.0
6239.5
7710.5
6299.5
9766.0
7358.0
0
5839.5
6398.5
5575.5
7889.5
5838.0

9521.0
9634.5
5338.0
10532.5
3979.5
6585.0
7760.5
5459.5
6307.5
6095.5
0
7865.0
8663.5
9364.0
7755.5
6001.5
7141.5
6931.5
3092.0
7808.0
8341.5
2156.5
8076.5
6422.5
6422.0
6427.0
9524.0
6858.0
6500.5
10114.0
0
8139.5
10225.5
7145.0
6386.5
6680.0
6239.5
7931.0
5812.0
8941.5
1174.0
6792.5
6271.0
6702.0
5287.5
10854.5
7405.0
6573.0
6866.0
6216.5
7975.5
7499.0
6637.5
9764.5
10062.5
0
0
8201.0
7085.0
7381.5
8473.0
5527.5
8727.0
8580.5
5424.5
7513.5
6991.0
8726.5
2053.0
9085.0
0
8272.5
8144.0
2147.5
6316.5
8214.0
7123.5
8904.0
438.5
1040.0
6431.5
9199.0
0
438.5
7729.5
2475.0
6495.5
10018.5
3864.5
1200.0
5720.0
6818.5
0
8278.0
6942.0
7492.5
0
7639.0
6606.0
1812.0
7792.0
9638.5
7359.0
68.0
8406.0
8441.5
5676.0
7003.5
7685.0
4760.0
9922.0
8701.5
7037.5
7704.0
0
8028.0
6919.0
0
6085.0
6535.0
6116.0
0
6070.5
7147.0
9163.5
7234.0
6687.0
5737.0
11890.5
5834.5
8974.5
10182.0
6835.0
0
7963.0
7300.5
6130.0
8035.5
7955.5
0
9148.0
7616.0
0
10225.5
7878.0
7190.0
8374.0
9848.0
3557.5
6910.0
4792.5
7136.0
8026.5
7889.5
1156.5
6406.5
6273.5
0
68.0
9240.5
0
6087.0
6510.0
6976.0
6273.5
7837.5
7659.0
6870.0
7995.5
8634.0
6906.0
10236.0
2847.5
5830.5
9199.5
10026.0
6420.0
7191.5
2516.0
5984.0
7270.0
9681.0
0
8194.5
6105.5
5903.0
10829.0
6218.5
7422.0
5687.0
383.0
6685.0
9084.0
6145.5
9296.5
7984.5
9685.0
6430.0
6790.0
7405.5
8096.5
11662.5
11633.5
8238.0
5758.5
6731.5
8061.0
6361.0
3201.0
5683.5
7762.5
6923.0
7152.0
10022.5
419.5

7853.0
68.0
7923.5
0
7191.5
7827.0
7896.0
8186.0
9212.0
10362.0
0
8391.0
9797.0
2905.5
5812.5
489.5
8569.0
348.5
0
6272.0
0
7019.5
6103.0
2121.0
8967.5
7456.5
1737.5
8791.5
10439.5
9953.5
4406.0
7800.5
6092.5
6201.0
7442.0
7336.5
10384.0
5659.5
8361.0
8145.0
6427.0
6883.0
6357.5
5577.0
8309.0
7905.5
7249.0
6217.0
9178.5
8199.0
4556.0
8055.5
7915.5
8388.5
1570.5
10855.0
12943.5
7295.5
6254.5
7638.5
9267.5
8706.5
9662.0
8251.5
7873.5
8611.0
10420.5
8610.5
0
7697.0
8135.0
6104.5
8771.0
6162.0
6055.5
9160.0
8928.5
11285.5
7929.5
5958.0
10135.0
6668.5
3246.5
7414.5
6743.5
5569.5
7779.0
10294.0
8363.5
9646.5
8041.5
3187.5
6532.5
3392.0
6888.5
1943.5
6998.0
4757.5
9835.0
7287.5
7265.5
7349.0
7606.5
4575.0
7502.5
8023.5
8134.5
8427.5
6046.0
7177.0
7498.5
8774.5
6050.0
7495.5
7717.0
5850.0
6539.0
6144.5
7233.0
138.0
7512.5
8485.5
7249.0
9072.5
8859.5
6245.0
10241.5
8149.0
7151.0
6741.0
9072.0
6622.0
7256.5
10741.5
10360.5
10014.5
8956.5
6672.0
7528.0
6777.5
7185.5
7466.5
8290.5
5364.0
9540.5
5449.5
8215.5
10578.5
7633.0
7027.5
3310.0
9506.5
7469.5
8404.5
7928.0
0
4435.0
10475.5
8269.5
9494.0
3883.5
7008.0
7385.5
10043.5
6814.5
10573.0
6183.0
9600.0
7692.5
6548.0
6009.5
1901.5
7556.0
7197.0
7689.5
6791.5
10543.0
7409.0
7782.0
8867.0
5154.5
1321.5
10067.0
7198.5
7713.5
8952.0
8129.0
2626.0
11413.5
7606.5
8683.5
7754.5
5936.5
10290.5
4599.0
4623.0
7665.0
7435.5
6068.0
8475.5
6408.5
6114.0
6712.5
6205.5
3810.0
1902.5
10310.5
7912.0
5689.5
11536.0
7428.0
9104.0
10322.5
7013.0
0
6333.0
6056.5
2216.0
5659.0
771.0
1924.0
8951.0
8545.0
6423.5
10825.5
7918.0
6813.0
9407.5
6849.5
7691.0
7079.0
9899.5
6049.0
10479.0
6088.0
12309.5
7380.0
5037.0
6467.0
5886.0
7097.5
9426.5
7198.0
9702.0
9832.0
6952.0
9347.5
9072.0
5707.0
8301.0
5443.0
13336.5
9866.5
12782.0
11461.0
8863.5
5769.5
9037.5
1538.5
6232.5
9491.0
8260.0
6494.5
6245.0
7946.5
5924.0
7711.0
9138.0
8204.5
12343.5
9070.5
8145.0
7240.5
7126.0
7123.0
9077.0
7234.5
6420.5
2217.5
5731.0
6491.5
10273.5
7752.0
5434.0
9154.0
68.0
6963.5
5882.5
7571.0
489.5
315.5
3901.0
7231.5
5378.5
6905.5
10135.5
6190.0
68.0
8061.0
6129.0
6336.0
6640.5
7573.5
6943.5
0
6390.0
6484.0
6609.5
7874.5
8098.5
7943.5
6494.0
6779.5
1157.5
7681.0
6895.0
7568.0
5901.0
6993.5
7464.5
6462.5
9166.0
7316.0
1493.0
10374.0
8224.5
7336.5
8435.0
6594.0
7234.0
8677.5
6381.5
7781.0
7798.0
12567.5
9247.5
7084.0
10369.5
6880.0
6110.0
5906.5
6729.0
6391.0
7288.5
6364.0
0
7628.0
10019.0
8061.0
7123.0
10831.0
8610.0
10898.0
9494.0
7432.5
2726.5
10502.0
7109.0
4294.0
8038.0
497.0
5796.5
8890.0
7766.0
9328.5
7981.5
2150.5
12242.0
7388.5
8646.5
5053.0
5714.5
7417.0
10748.0
6733.5
9398.0
5500.5
7552.0
8262.5
7983.0
7795.5
7603.0
6914.5
8177.0
8452.5
5942.0
7399.5
7898.0
11886.0
8502.0
7382.5
6484.0
5713.5
9993.0
3534.0
6490.5
7056.0
7142.0
11155.5
2292.5
6973.5
8313.5
6661.5
7112.5
5137.0
8864.5
10755.0
8698.0
6924.5
9290.0
6476.0
7002.0
6213.0
7372.0
6592.0
9558.5
5987.0
0
1211.5
6353.5
5512.0
9261.5
5475.5
8845.5
7840.5
10486.0
7318.0
1206.5
10078.0
5830.0
6405.0
6578.5
8827.0
6606.0
7321.5
8726.0
5846.0
7574.0
771.5
7103.5
8556.0
6754.5
7572.5
5090.0
10405.5
8816.5
7465.5
7202.5
1841.5
6380.0
9091.0
5867.5
6263.5
8018.5
7520.5
8322.0
6877.0
6319.5
6092.5
7663.0
3924.0
8797.5
8273.0
6296.5
8000.0
11831.0
7329.5
478.0
1791.5
8522.0
126.5
6481.0
6792.5
11022.5
8596.0
8409.0
5784.0
7156.5
1160.5
9475.5
9392.5
10440.0
8905.5
7450.5
6714.0
8195.0
7700.5
9515.5
7516.0
7277.5
5068.5
5966.5
10400.0
6691.0
1679.5
8256.5
4987.0
7939.5
9076.0
11527.0
9447.5
8319.5
848.5
2637.0
7210.0
6219.0
6403.5
9044.0
2182.5
6087.5
9098.0
1898.5
9644.5
7614.5
4642.0
7644.5
8133.5
11321.0
5597.0
5495.5
5524.0
10418.5
6637.5
6537.0
7021.0
5777.0
7680.5
9755.5
8258.0
6182.0
6647.0
829.5
5773.5
8766.5
1941.5
2286.0
7216.0
5439.5
8047.5
7915.0
6899.0
7607.0
6925.5
8132.5
10120.0
9031.0
9350.0
6847.0
734.5
9821.0
7849.5
10641.5
8718.0
6672.0
8698.5
0
10147.0
7645.0
6790.0
6274.0
7694.5
6911.5
6448.5
0
7198.0
5748.0
5714.5
11409.0
7808.5
7005.0
1493.5
7464.5
8719.5
7656.5
10525.0
4240.5
7603.0
10748.5
9436.0
11836.5
6736.5
790.0
8201.5
7991.0
12872.5
6219.0
7160.5
8578.0
6133.5
11367.0
7541.5
6049.5
6819.5
138.0
1845.0
68.0
9080.5
8283.0
11769.0
5867.5
2598.0
11082.5
13291.0
6486.5
6742.0
8109.5
7005.5
9211.0
5645.0
1141.5
12513.0
6971.0
7545.5
11105.0
12018.5
5794.5
7239.0
478.0
10725.5
5983.0
9276.5
6531.5
7664.5
10068.0
6479.5
7135.5
7016.5
9111.5
6742.5
1180.0
0
8749.0
2253.0
1181.5
478.0
8478.5
6493.5
5624.5
8294.5
5422.0
7553.0
12597.5
5627.5
13343.5
8822.5
8213.0
7036.5
6384.0
6329.5
10454.5
9122.5
5936.5
8409.5
10512.0
7478.5
1904.0
8762.5
7565.0
7340.0
6644.0
4980.5
10043.0
6864.0
6390.0
8086.5
9562.0
6741.5
7655.5
11914.0
11412.5
8248.0
7555.5
7811.0
6897.5
6989.0
9816.0
2342.5
4835.0
6960.0
6850.5
478.0
7432.0
5036.5
7520.0
5691.5
5225.0
10968.5
68.0
7734.0
7447.5
9549.0
10169.0
8823.5
7101.0
9968.0
9739.0
9155.0
6662.0
10349.5
9586.0
10149.5
7126.5
6703.5
1181.5
6863.0
9712.5
6992.5
9491.5
6218.0
8546.0
8813.5
9782.5
7487.5
9397.0
9634.5
7064.5
9388.5
0
7658.0
5455.5
2549.0
7227.5
0
10891.0
138.0
10116.5
0
5041.0
6588.0
5936.0
6734.0
0
11291.0
9538.0
4348.0
8636.0
7307.5
5293.5
6750.0
3665.5
10006.5
8025.0
7373.5
9076.0
10933.5
8090.0
11758.0
8439.0
2202.0
6750.0
68.0
0
8592.5
8051.5
8628.0
2181.5
8127.0
0
7684.5
11303.5
9519.0
9338.5
10410.0
8002.5
8589.5
9784.5
8756.0
10316.0
8205.5
6580.5
10154.5
6554.0
6059.0
7149.5
1675.0
6967.5
7949.0
7078.0
5590.5
7863.0
2676.5
4580.0
5621.0
7128.0
12327.5
10571.5
11375.0
478.0
7461.5
6255.5
8218.0
2845.0
6950.0
1219.5
6077.0
8714.0
8465.5
6347.0
10595.5
8091.0
8231.5
6153.0
8366.5
9420.0
9228.0
6616.0
6121.5
7379.0
11868.5
11149.0
6971.5
10118.5
8218.0
6308.0
1038.0
7021.0
9075.0
8520.5
8007.5
6626.5
7970.5
8332.0
9150.0
6763.5
10325.0
6962.0
6221.0
1601.0
9180.0
7279.5
7266.5
8373.0
6039.0
6846.0
8241.0
6882.5
7265.5
6232.5
7203.0
14066.5
7066.0
9171.5
8066.5
9596.0
7944.5
6841.5
8139.0
5997.5
9823.5
8012.0
2973.5
6670.5
9741.5
0
5362.0
9579.5
8521.0
11198.5
7226.5
5606.5
7734.0
10744.0
9203.0
6610.5
6098.5
10942.0
7716.0
6677.0
7882.0
6987.5
5216.0
11879.5
11542.0
6905.0
6529.0
7689.0
10306.5
6072.0
7486.5
8311.5
7199.0
12014.0
8523.5
7953.5
8557.5
6767.5
9577.5
11973.0
9180.0
7402.5
8179.0
8137.5
7492.5
7536.0
0
6564.5
12852.0
12102.5
5460.0
12365.0
7747.5
5919.5
12849.5
7165.0
7767.5
12241.5
6943.5
8533.5
10850.5
13171.5
6732.5
7649.5
7457.5
12030.0
7853.0
7294.0
5384.0
6947.0
2629.0
12857.5
7050.5
8271.5
6884.0
2220.0
8966.5
7639.5
1141.5
0
12235.5
8097.5
7000.0
7998.0
7948.0
7830.0
7065.0
6610.5
7510.5
8788.0
9725.5
8194.0
6610.5
5902.0
8487.5
9876.0
822.5
9248.5
6068.5
7234.5
7473.5
8313.5
7821.5
1686.0
8041.5
6511.5
9255.5
6437.5
7858.0
126.5
5745.0
7807.0
6160.0
6033.0
10076.5
9181.0
11290.0
6538.5
9131.0
6941.0
6437.5
6727.0
8171.5
1507.0
5768.5
5702.5
1212.0
10507.0
5510.0
5992.0
9117.5
7024.0
12015.5
8764.5
5779.5
11110.5
8103.0
8519.5
8804.0
1179.5
6532.5
11526.5
6365.0
4995.0
13553.0
9944.0
6017.0
5948.5
1122.5
7698.5
9800.0
4610.0
9142.5
8027.5
13252.0
6768.0
8303.5
8065.5
10282.0
9765.0
5865.0
5809.5
0
7320.5
6752.0
6862.0
8153.5
8270.0
11402.5
5343.0
6255.5
9340.5
6723.0
5774.0
2320.0
11028.5
6731.0
8152.5
11320.5
5887.5
10044.5
5944.0
10430.5
7560.5
1923.0
2700.5
7106.0
5368.5
7869.0
6199.5
10373.5
10428.0
7726.5
4140.5
11457.5
10407.5
6712.0
771.0
7699.5
5962.5
9690.0
9444.5
2254.0
7435.5
1141.5
8691.0
5807.5
6131.0
771.0
6961.0
10889.5
0
10405.0
10276.0
7545.0
6036.0
7492.0
12399.0
6688.0
6658.5
9929.5
4566.5
6457.5
12751.5
8725.0
8973.0
11463.5
9547.0
6235.5
8277.5
68.0
4441.0
5540.0
1863.5
6638.0
6911.0
8258.0
7531.5
6952.5
8726.5
9992.0
10998.5
10633.5
8522.5
10131.0
1260.0
6566.5
9851.5
10020.0
8838.0
5752.5
8869.5
6894.5
2039.0
6940.5
10060.0
10537.5
5123.5
7183.5
7220.5
8303.5
6696.5
9782.0
8934.0
8098.0
6582.0
7794.0
6595.5
9448.5
7704.0
10744.5
12120.0
5511.0
7692.5
6843.5
9218.5
7561.0
6034.0
10562.0
419.5
300.5
9643.0
9289.5
5755.0
419.5
6844.5
7906.0
7124.5
10815.0
5385.5
6219.0
1911.5
5257.5
5120.0
10105.0
10692.0
6976.0
3477.0
5945.0
10864.5
1179.5
11604.0
6849.5
8112.5
9872.5
6519.5
8570.5
5727.5
8156.0
7931.5
8039.5
6823.5
9856.5
6079.0
8391.5
7049.5
10683.5
68.0
7630.5
11451.5
5956.0
7708.5
2567.0
10528.0
10839.5
7571.0
3162.0
10631.5
9154.5
5886.5
11346.5
11976.5
8726.5
1550.5
11915.0
8100.5
9237.5
8124.0
1808.5
9573.5
7924.5
8526.5
6090.0
10181.0
2363.0
7624.0
7076.0
5766.0
7149.0
138.0
9911.0
8759.5
6009.5
6865.5
12036.5
1901.5
6451.5
4838.5
5847.0
10405.5
5402.5
5439.0
0
2713.5
8245.0
8431.5
7252.5
7187.0
9596.5
11629.0
9468.0
7076.0
7412.0
6939.5
7853.5
9437.0
12659.0
6277.0
10884.0
7716.0
8323.0
5487.5
8239.0
2938.5
8974.5
10544.5
7057.0
9832.5
7112.0
5422.0
6220.5
6673.0
4522.0
9005.5
8222.5
7353.5
8091.0
10305.5
8675.0
6595.5
10454.0
7876.0
8330.5
10611.0
8536.0
6722.5
6462.0
9994.0
6386.5
4699.5
7736.5
7956.0
1122.5
9212.5
6557.0
6516.5
7622.0
10101.0
8542.5
8145.5
6849.0
8811.5
6365.0
2628.5
7055.5
5936.5
6464.0
8595.5
5754.5
7241.0
6701.5
6606.5
9426.0
11281.0
11643.0
8033.0
12004.5
6354.0
11833.0
9738.5
6569.5
12046.0
7540.0
2355.5
9913.5
11044.0
6741.0
10157.5
5894.5
6864.5
7293.0
6357.0
7573.5
6320.0
9959.0
7504.5
8408.5
7545.0
7563.5
7313.0
9672.5
8818.0
8465.0
467.0
5741.0
10866.5
9504.0
11820.5
8098.0
8613.0
10195.0
11829.0
6122.5
6603.5
11046.0
10916.5
10074.0
5796.5
10269.5
7495.0
8282.0
10456.0
10052.5
10425.0
8822.5
6035.0
2182.5
438.5
438.5
8189.5
10315.5
13018.5
5937.5
10064.5
12209.0
6098.5
5884.0
8728.0

10215.5
6381.5
9175.5
5910.0
7488.5
1916.0
6323.0
9521.5
471.0
11254.0
9527.5
10646.0
6607.5
5966.0
8812.0
8703.0
8006.5
7441.5
7940.0
11079.0
8017.5
5977.5
11796.5
7716.0
8098.0
10205.0
8372.0
10618.0
6293.5
5996.0
7260.0
7256.0
7235.5
8644.5
8104.0
6647.5
8221.0
5703.0
68.0
8144.5
7259.5
8413.0
10862.0
8253.5
9023.5
3808.0
6945.5
419.5
5683.5
5659.5
5458.0
10139.5
8860.5
5925.0
10076.0
7066.5
2116.5
2770.5
7471.0
5309.5
10434.5
9031.0
8651.5
7746.0
6181.0
8024.0
5451.5
8150.0
10240.5
12189.0
6162.5
10487.5
9719.5
10971.0
5371.5
9330.5
7978.0
6858.0
6854.5
10707.5
7928.5
8788.0
2958.0
7610.0
7105.5
7141.5
10226.0
9143.5
9658.5
11071.5
7313.5
7017.5
6493.0
6069.0
6184.5
6056.0
10190.5
7859.5
6239.5
6313.0
8344.5
13012.0
7520.0
6416.5
7101.0
10751.0
6608.5
7667.0
7176.0
9855.5
2976.5
7631.5
11861.0
6817.5
8019.0
6050.0
2253.5
13894.0
8561.0
6490.0
8534.5
6670.0
10862.5
10109.5
6902.0
10136.0
10968.5
9453.0
8227.5
1493.5
10256.5
5099.5
8073.5
7191.0
10068.5
11896.5
8455.0
10014.0
0
1512.5
8678.0
6922.5
3388.0
8123.0
9454.0
2662.5
10598.5
9641.5
10148.0
11426.5
1609.5
2606.5
6132.5
8512.5
9467.0
2022.0
8392.5
11155.0
6793.5
5464.0
5437.0
10470.0
3235.5
6774.0
11365.5
8443.5
7807.0
7347.0
7988.5
10010.5
5381.5
9569.5
7641.5
2586.0
12278.5
10807.5
6625.5
8886.5
7953.0
6592.0
438.5
7111.0
6440.0
12132.5
11123.0
11414.5
0
6224.5
9963.0
11469.5
10311.0
7806.0
7517.0
6275.0
1844.5
10234.0
9831.0
7271.0
9217.0
7195.0
10473.0
6274.0
8920.5
4894.5
2606.5
8061.0
6707.0
5534.0
7757.5
5458.5
7293.5
2684.5
8914.5
9356.5
6889.0
7390.0
8992.5
8505.0
5661.0
11922.5
5056.0
7870.5
8314.0
7488.0
7629.5
6247.5
6798.0
10425.5
6844.5
5749.0
5107.5
8903.5
7866.5
6373.5
10455.0
8571.5
887.0
7612.5
2478.0
6203.0
9903.5
7572.0
5737.5
0
2098.0
7623.5
6922.5
6392.0
8922.5
7172.5
4930.5
6834.5
6261.0
10058.5
5546.5
10913.0
12857.5
11555.0
7805.5
8352.5
11153.0
8856.0
7647.0
10163.5
6527.0
7698.0
7037.0
7532.5
6960.5
11962.5
7796.5
2684.5
6571.0
10208.5
7882.0
8612.5
6482.5
138.0
10284.5
10484.0
10296.5
7061.5
7288.5
1864.0
12882.0
6267.5
7464.5
1531.5
10061.0
8001.0
6159.5
9844.5
9436.0
12169.0
7226.5
8928.5
5046.0
5541.0
1760.5
7897.5
8452.0
5716.0
68.0
6354.5
7979.0
10090.0
11056.5
5236.5
10157.5
3958.5
10173.5
9702.0
6716.0
9249.0
5635.0
10990.0
12451.5
8498.0
9852.0
9071.5
8167.0
7874.0
6528.0
11009.5
11875.5
10969.5
2253.0
10648.0
10711.0
11035.5
8711.5
8198.0
10608.5
13649.0
10566.5
10518.0
1246.5
7798.0
8286.0
5886.5
8553.0
8299.0
10353.0
10618.5
13631.0
10149.5
12838.5
11610.5
8723.5
8399.0
1901.5
11958.0
5900.5
13219.5
9738.0
11011.0
7569.0
7892.0
5571.5
7048.5
7358.5
6230.0
6064.0
10705.0
7482.5
9087.0
11842.0
8603.5
10052.0
8026.0
10392.0
8261.5
10342.0
5438.5
7653.5
13378.0
12390.0
5497.5
2216.0
7051.0
2474.0
6477.0
9947.0
10277.0
7609.5
5899.0
10145.5
8731.5
11586.5
6919.0
10689.5
7009.0
10835.5
7378.0
8712.0
6725.0
8017.0
8926.5
10562.5
6034.5
7598.5
6888.0
8378.0
6730.5
6972.5
12069.0
8500.0
8443.0
8049.0
7472.5
7921.0
9875.5
10200.0
10271.5
7090.0
1570.5
7250.5
12539.0
4570.0
5894.0
4641.5
11825.5
6619.5
10193.5
10841.5
6545.0
11508.0
6668.0
11297.0
6274.0
10167.5
11091.0
11991.5
10210.0
7674.5
9129.5
7425.5
8502.5
7653.0
6758.0
6112.5
11582.5
12748.5
10345.5
10629.0
6773.0
6122.5
11067.0
8690.0
2959.0
6238.0
9460.0
9666.5
8997.0
6962.0
6886.0
1590.5
9994.5
13576.5
9307.0
6288.5
6808.5
8346.5
6338.5
9013.5
7428.0
8913.5
9021.0
7126.5
9140.5
10637.0
11043.0
8234.0
68.0
6031.0
10256.0
6212.0
10237.0
1631.0
6195.5
7592.0
2400.5
9147.5
11053.0
1582.5
10082.0
811.0
6721.0
10277.5
9978.5
6629.5
9524.0
9351.5
4987.5
12114.0
68.0
5588.5
10122.0
9662.5
4774.0
4984.0
9997.5
9049.0
8837.5
10715.0
1921.0
5053.5
7932.0
8527.0
8146.0
10308.0
8629.5
10438.5
5697.5
8137.5
7533.0
8962.0
7606.5
8752.0
6140.0
9182.5
10632.5
10276.5
10239.5
10848.5
11205.5
5806.5
0
9019.5
6978.5
10378.0
12369.5
1141.5
5755.5
11510.5
7552.0
5142.5
11254.5
8245.5
0
10109.0
5521.5
6460.0
10933.5
11515.5
5849.5
7273.0
5940.5
6141.0
11203.5
0
6200.5
9343.0
8458.0
6907.5
7827.0
10866.5
8977.5
8641.5
486.0
2447.0
8946.0
11541.0
4918.0
6710.5
6719.5
6676.0
8972.5
7140.5
10244.5
8055.5
8235.0
10623.5
9365.0
7957.0
6120.5
6723.0
9223.5
0
10138.5
5420.0
1707.5
8508.5
7526.0
5954.5
7494.0
8644.0
10364.0
5786.0
10119.5
2323.5
5459.5
10896.0
6638.5
811.0
5125.5
11500.0
68.0
9096.5
5964.5
5886.5
9068.0
6535.0
13028.0
7435.5
6252.0
0
5585.5
0
6787.5
7880.0
6245.5
11426.0
10665.0
9021.0
10095.0
8652.5
3035.0
7742.5
10666.0
13160.0
8228.5
9094.0
8580.0
10572.0
9200.5
6094.0
5993.0
10557.0
6379.5
7244.0
9833.5
771.0
11448.0
4862.0
9820.5
11189.5
10972.0
5819.5
10787.5
5696.5
6629.5
10814.5
8148.0
10795.0
12389.0
5487.0
6553.5
6305.0
9867.5
10669.5
10686.0
10114.0
10301.0
6828.5
10259.5
6759.5
7572.0
7807.0
8913.0
10725.5
1420.0
10687.0
9105.0
10280.5
8117.0
6151.0
7054.0
10045.0
3605.5
10601.5
9831.0
10101.5
6925.5
10050.0
10957.0
7277.5
12739.0
7106.0
9646.5
6694.0
7965.5
13394.0
10628.0
8913.5
1512.5
9412.0
11411.5
13007.0
5048.0
11577.0
5460.0
5489.5
10086.5
11135.0
3651.0
6240.0
809.0
7750.5
7388.0
10541.5
11394.5
1764.0
7701.5
11205.0
0
9141.5
10000.5
1126.0
11962.5
10226.5
0
10126.0
11016.0
5620.5
8205.0
12488.5
7221.0
10104.0
8371.5
9809.0
1493.0
6867.0
7336.0
1141.5
6495.5
10885.5
841.0
7035.5
0
5087.0
7805.0
6480.5
6656.5
10356.0
9417.0
11082.5
6380.5
1219.0
9350.5
10451.0
7640.0
10476.5
1906.5
11300.5
8680.0
12870.5
9079.0
13102.0
12370.5
10712.5
7390.5
10249.0
8841.5
10217.0
11037.5
10047.5
5710.5
10349.0
7631.0
10489.5
10075.0
5728.5
7853.0
6063.5
12384.0
11783.0
11003.0
10467.0
9376.5
7500.5
9638.0
10386.5
10228.5
7788.5
10335.5
5654.5
6747.5
11220.5
11432.0
11694.5
12601.0
11584.0
6754.5
6997.5
12967.5
5886.0
1992.0
6492.0
10617.0
7654.5
1808.5
6606.5
10436.5
12559.5
13983.0
13310.5
10197.0
419.5
10411.0
6307.5
5289.5
8932.0
10123.5
4680.5
8009.0
10268.5
10223.5
4609.0
11112.0
10416.5
8164.0
11624.0
13365.0
10952.0
7497.5
6998.0
8270.5
11476.0
10632.5
11978.5
7850.5
10109.5
7754.5
8612.0
10329.0
10324.0
6233.0
10509.5
10244.0
10877.0
10087.0
6942.0
8376.5
12222.5
10274.0
12476.5
10588.5
7480.0
9103.5
7435.5
7431.0
10782.0
7061.5
13034.5
10251.5
6179.5
9075.5
12008.0
10887.0
11553.0
8297.5
9798.0
7639.5
8488.5
10355.5
10517.0
7253.0
348.5
11988.0
12333.0
9220.0
1960.5
10479.0
7923.0
11502.0
5242.5
8281.0
9034.0
10061.0
6998.0
9971.5
6515.0
10622.0
12730.5
6511.5
6369.0
8184.0
6255.0
6893.0
10945.0
8159.5
7611.5
6572.0
6028.5
7513.0
10289.5
12584.0
7117.5
7751.5
4064.5
0
6960.5
10254.5
11122.5
10883.5
0
10860.0
10698.5
11956.0
0
1886.0
1883.5
9257.0
7824.0
10104.5
11044.5
3052.5
6513.0
10627.0
11141.0
11517.0
8212.0
9038.0
5937.5
6505.5
10379.0
8277.0
12097.5
9685.0
6387.5
2440.5
10243.5
7800.0
10733.5
7334.0
10305.5
1122.5
12410.0
11681.0
2904.0
5215.0
7001.0
12977.5
11492.0
5564.5
115.5
10947.0
6810.5
11588.0
4325.5
6495.0
13981.0
10619.0
8068.5
8937.0
10314.5
8622.5
10535.0
10934.0
13025.5
2867.5
12449.5
10100.5
6460.0
11278.0
771.0
11881.5
10969.5
11494.0
3908.5
11644.5
6663.5
10430.0
13070.5
10165.5
10183.0
10042.5
10131.5
10241.0
11624.5
10520.5
5479.0
10176.5
5512.5
7238.0
13227.0
6621.0
6687.0
10502.0
9231.5
11524.5
11565.0
10941.0
8639.5
9172.5
6905.0
10345.5
8948.5
6566.0
7941.5
7017.5
12444.0
12727.5
10065.0
11000.0
10096.5
7308.5
10345.0
6817.5
10324.5
11670.5
1589.5
4102.0
68.0
752.5
5820.0
9520.0
10172.0
1550.5
7749.0
11171.0
6260.5
11563.5
10897.5
9732.0
8455.0
10616.5
9075.5
7185.5
9825.0
6847.5
7102.0
10283.5
7581.0
6828.5
6540.5
5962.5
7146.5
10319.0
11206.5
9637.0
10721.0
11632.0
9333.0
9881.5
6943.0
10587.0
12765.0
8011.0
7908.5
10566.0
8683.0
11030.5
7270.5
11589.0
10064.5
5563.5
10347.0
7668.5
0
11835.0
8548.0
8372.0
12489.5
9098.0
6351.5
9907.5
10418.0
9749.0
11856.5
9573.5
5630.5
8312.0
8350.5
10831.5
7507.0
6942.5
13427.5
6181.0
10537.0
1923.5
6998.0
12403.5
860.0
7535.0
10869.5
12134.0
10240.5
11007.5
11613.0
10144.5
11474.5
11807.5
9807.5
3270.0
10448.0
10328.0
6093.5
5163.5
9189.0
1180.0
0
13178.5
11682.0
9051.0
9978.5
7295.0
10102.5
9082.0
12984.0
5865.5
11023.5
10141.0
4726.0
11810.0
11717.5
10558.5
9485.5
10716.5
5938.5
6715.0
9811.0
7734.0
7312.0
10741.5
3936.5
10507.0
8918.5
12287.0
11115.0
11621.5
10347.5
7332.0
10543.0
9508.0
10470.0
5433.0
2254.5
10532.5
8429.5
9012.5
4772.5
4959.0
11174.0
6438.5
10387.5
11336.0
6392.5
6966.5
8812.0
11738.0
8039.5
11099.0
6651.0
10710.5
7318.0
5017.0
1200.0
12497.0
10732.0
11035.0
11038.0
7788.5
3543.5
5298.0
11431.0
0
9272.5
10755.0
8938.0
10090.0
12855.5
5799.5
9196.5
3517.5
10220.0
11461.0
12002.0
6805.5
9353.0
7543.0
10619.5
6529.5
7978.0
10120.5
12511.0
11147.0
7978.5
9252.5
11871.0
6595.5
10613.5
1590.0
7461.5
11539.0
10603.0
5925.5
11293.0
7231.0
3955.0
11261.5
6413.5
10043.0
2546.0
8293.0
10627.5
10181.0
11584.5
5106.0
4375.5
1390.0
9438.5
7472.0
11107.0
5419.0
5669.0
7019.0
10658.0
10122.0
11421.5
2609.0
9152.5
8116.5
10231.0
10315.0
9679.0
6795.5
10309.0
8045.0
10354.0
4346.5
6893.0
7144.0
8697.5
5848.0
2979.0
11224.5
8017.5
0
10318.5
6462.0
11501.5
0
2615.0
11805.5
8219.5
5910.5
9855.0
11524.5
0
5634.5
7991.5
5331.0
0
14050.0
7842.0
10247.0
9829.0
10333.5
7444.0
1879.5
10908.0
5733.0
8911.5
9502.5
10525.0
7963.0
7372.0
8526.0
8835.0
9674.0
7695.5
7561.5
10566.5
8752.5
7512.0
10581.5
7534.5
12164.0
8400.0
0
10544.5
13018.5
6645.5
11692.5
10686.0
10406.5
0
11238.5
7059.0
8501.0
6235.5
5516.0
13014.5
13828.0
13476.0
10004.5
12231.5
10673.5
10064.0
10093.0
8477.0
5899.0
6506.5
7591.0
7513.5
2662.0
7514.0
9396.5
10711.0
1474.0
7554.5
10278.0
5332.0
10406.0
10073.0
6012.5
11083.5
12569.5
11132.5
13228.0
11375.0
8754.5
12913.0
1846.0
11295.5
9275.5
11717.0
8480.5
12673.5
7312.5
7398.0
6254.5
7685.0
11745.0
11902.5
6625.0
8170.0
5548.0
5726.0
13105.5
12342.0
5496.0
11015.5
13450.5
6962.0
10368.5
7991.5
8152.5
11696.5
8503.5
10366.5
10471.5
1774.0
10366.5
2643.5
10346.5
13312.5
4348.0
848.5
6959.0
12889.5
7306.0
6743.5
5408.0
11420.0
10561.5
8368.0
11280.0
6644.5
6845.0
10417.5
10742.0
5842.5
10334.0
2563.0
10387.0
10330.0
0
7534.5
10796.0
6905.5
10478.5
12766.0
10102.5
3027.5
8240.0
8932.5
6793.0
7997.0
10584.5
10424.0
9530.5
11947.5
11420.5
11003.5
12408.5
10725.5
5509.0
9038.5
7970.0
10732.0
3286.5
11466.5
10426.0
9962.5
10017.5
10136.0
8021.5
10696.0
11050.5
3586.0
9104.5
10012.0
2097.5
10087.0
5070.5
11988.5
0
5715.0
13768.5
11759.5
6719.5
7764.5
10025.5
8179.0
12440.5
10939.5
9434.0
10933.0
10595.5
10197.0
8255.5
13830.0
5579.0
4046.5
9439.0
8714.0
9250.5
10794.0
9426.5
10316.0
10179.5
11230.0
10766.5
6068.5
11583.5
6952.0
10065.0
13580.0
4875.5
11919.5
7216.5
10565.5
9080.5
5095.0
11390.0
8941.5
438.5
10544.0
10733.5
10183.0
10559.5
6832.5
9409.5
11787.0
11354.0
6244.0
5790.0
13201.0
5681.5
10308.5
11426.0
11245.5
11386.0
10991.0
7157.0
12672.0
9042.0
6773.5
10123.0
2846.0
11144.5
1866.0
13323.5
6645.5
5451.0
12216.0
11271.5
6019.5
7598.0
12920.0
9918.5
10223.5
7567.5
6352.0
10740.0
6202.0
10234.5
12554.5
6758.5
6799.5
13910.5
11470.0
6447.0
9920.5
0
6237.0
10397.5
0
12186.0
7803.0
2130.0
1496.0
10358.0
10221.5
7891.0
11159.5
3373.5
10930.5
10380.5
6977.5
12123.5
10899.0
10113.5
11540.5
5564.5
14232.0
9103.0
9981.5
8363.0
8043.5
10665.5
14192.5
7331.5
6706.0
1558.0
2973.0
11738.0
8230.5
10474.5
11219.5
7607.0
10720.0
10236.5
7932.5
10542.5
10125.5
8127.5
10221.0
1202.0
300.5
7035.0
6196.5
7360.0
13636.5
11073.0
8378.5
10732.0
10007.5
10611.0
10979.0
5838.5
9960.5
771.5
9589.5
10251.0
5630.0
5610.5
10302.0
1531.5
7997.5
2462.5
10345.0
9411.5
10204.0
10343.0
7961.0
8450.5
6218.5
12115.5
7837.0

1903.0
12100.5
11105.0
8807.5
7488.0
2625.5
12547.0
7048.5
10741.0
10374.0
11682.5
6571.0
6122.0
13970.0
8859.0
11797.0
10634.5
7322.5
8429.0
8513.0
9958.0
10714.0
5194.5
9288.0
10136.5
11968.5
9423.0
7712.5
11026.5
10063.0
12415.5
6462.5
12469.0
7237.5
11758.0
5810.5
12710.5
11101.0
9628.0
6308.5
10457.0
2254.0
10485.0
9490.0
6493.0
8497.5
7552.0
10174.5
5275.0
10442.5
6326.0
12940.0
10521.5
10735.5
3324.0
11749.0
13124.0
10331.5
10208.5
9788.5
8198.5
11208.5
8275.5
6696.0
7042.0
6300.5
9043.5
8537.0
11022.0
8565.0
8867.5
10213.5
841.5
6723.0
5495.5
10618.0
8779.0
10671.5
5565.5
10267.5
10749.0
1715.0
10205.5
10066.5
10622.0
3367.0
2901.0
9289.0
10253.5
1775.5
7580.5
6719.5
10160.5
10106.0
13825.5
9252.0
10817.0
10342.5
10202.5
9834.0
10895.0
1105.0
10330.0
68.0
6701.0
0
6750.0
10617.5
9712.5
8917.5
10381.5
8055.5
6363.5
10701.0
10163.5
1122.5
10862.5
10556.0
11014.5
7392.0
7475.5
8482.5
6422.0
5087.0
10279.0
10518.0
5898.5
6958.0
7779.0
9626.5
13137.5
10913.5
10925.0
11281.5
10014.0
9860.0
11832.0
2598.0
12774.5
6409.0
13753.0
8335.0
12740.5
10233.5
6541.0
5954.0
10047.0
9185.5
7387.0
6869.0
2249.0
8159.0
7548.5
13193.0
10206.0
11236.0
11002.0
8657.5
11596.5
9360.0
1219.0
6481.5
9233.5
10668.5
10678.0
11447.5
7874.0
9883.0
11024.5
11010.0
11867.5
8962.0
0
10458.5
12567.0
6569.0
10929.5
10038.5
7569.5
10061.5
9060.5
1903.5
8088.0
10524.0
10877.0
9179.0
11948.5
6584.5
9995.0
10951.0
10878.5
10323.0
2920.0
10373.0
11506.5
11213.5
11437.0
138.0
6632.0
6554.5
8332.0
2196.5
6088.5
11121.0
11141.5
11512.5
11410.0
7217.5
10747.5
8107.5
4945.0
0
10162.0
10607.0
1846.5
6652.5
10078.5
11002.5
10799.0
11472.0
10531.0
10200.0
10298.0
12789.5
11532.5
10974.5
10194.0
7991.5
7391.5
13700.5
8129.0
12535.0
9065.0
10196.5
11516.0
12354.0
8431.5
9840.0
10144.0
10528.0
5440.0
11161.5
6277.5
10540.0
9291.0
6291.0
7917.0
10515.5
11401.5
5566.0
11581.5
11600.5
3994.0
11527.0
11257.0
11188.0
6371.0
12831.0
10296.5
13316.5
10499.5
6516.0
6653.5
6356.5
9973.5
5885.5
5917.0
8537.5
10100.0
8533.5
7105.5
12625.0
10009.5
6050.5
13069.5
10729.0
9944.0
5996.5
11567.0
5849.0
7095.5
10161.0
11690.0
2127.5
14441.5
7995.0
11237.5
10173.5
1921.5
10386.5
10692.0
8748.5
10911.0
7986.5
12527.5
6938.0
8390.0
0
10265.0
10654.5
11396.0
7129.0
10570.0
9237.0
10163.5
10539.0
5151.5
68.0
9500.5
7701.5
0
10787.0
7462.5
6275.0
7758.0
13830.0
9319.0
11108.0
9022.0
7333.0
10364.0
5774.0
5231.0
11581.5
10891.5
10681.0
6447.0
6126.5
11086.5
7887.5
8142.0
11048.0
14832.0
2706.0
11298.0
5811.5
11704.0
11867.0
12165.5
14433.0
7784.0
68.0
10537.5
10081.0
7865.5
11902.5
6514.0
12806.0
10809.0
11964.0
5087.5
11690.0
10730.5
12367.5
5701.0
5066.0
12099.0
12712.0
5592.0
5691.5
10169.0
11493.5
11774.0
12153.5
11070.0
6777.0
8974.5
12532.5
6950.0
5867.0
10593.5
10243.0
7326.5
12169.0
1104.0
11324.5
10888.5
10899.5
12538.5
10854.0
12132.5
0
10277.0
7007.0
10192.5
13809.0
9452.5
10962.0
11535.0
0
7789.0
2217.5
419.5
11114.5
10702.0
13957.0
10149.5
7862.0
12380.5
10230.0
11086.5
10660.5
4628.0
6333.5
6123.5
12230.0
822.5
10820.0
13866.5
11893.5
5792.0

6475.5
11544.5
4761.5
10489.0
5788.5
68.0
10609.0
10278.5
4213.5
11401.0
3347.5
10174.5
10094.0
11073.5
12141.0
10316.5
10160.0
6259.5
10531.0
4459.5
13336.0
11855.0
10146.5
4292.5
11452.5
9158.0
5482.0
13290.5
8494.5
0
12788.0
10332.0
10327.0
68.0
11981.5
10842.0
10212.0
11364.5
3661.5
0
13209.5
12854.5
10446.5
9405.5
0
2292.5
4678.0
6872.0
10711.0
12463.5
10283.0
7459.0
11144.5
13765.0
7423.5
0
10176.0
12475.0
10683.0
10370.5
11383.5
2960.5
11955.0
9028.0
8647.0
5438.0
7309.0
10159.5
11102.0
5771.5
7022.5
11199.5
11039.5
10433.0
11464.0
10488.5
2196.5
12882.0
12747.5
12399.0
10175.5
11843.5
9107.0
10955.5
9025.0
10233.0
11300.5
6652.0
12301.5
12022.0
12807.0
6830.0
0
10555.0
11580.5
0
11495.5
13419.0
0
6516.0
10549.0
9421.0
5987.5
0
12152.5
12981.5
5698.5
0
0
11471.5
7773.0
0
12333.5
8646.0
7392.0
10322.5
10294.5
10917.5
10218.0
13113.5
10898.0
11433.0
11138.5
12032.5
10359.5
10242.0
10090.5
12123.0
8187.5
11713.0
10294.0
13443.0
10955.5
10110.0
10607.5
5732.5
6275.5
10975.0
0
11106.5
10539.0
7257.5
6799.5
10411.0
11911.0
2444.0
9281.0
13101.0
12173.5
10113.5
11017.5
12493.0
10624.5
2092.0
12683.0
2285.5
11779.5
11598.0
10108.0
12743.0
11183.5
11538.0
10292.0
1404.5
6142.0
5809.0
12135.5
5532.0
7611.5
0
5780.0
12341.5
9115.5
7920.5
13322.5
11718.0
6566.5
5854.5
11141.5
7438.5
12734.5
5172.5
10191.0
0
10217.5
6251.0
7108.5
10278.0
2130.5
10112.5
10551.0
6057.5
10192.0
13575.0
13773.0
14318.5
10756.5
10092.5
7063.0
1553.5
10132.0
12089.0
13316.5
3581.0
5087.5
8976.0
11565.0
0
13167.5
14101.5
10487.0
13171.5
10056.5
438.5
12250.0
10549.5
10522.0
10332.0
10227.0
0
12002.5
4824.5
10246.0
10273.0
13164.0
10149.0
10179.0
5740.0
10272.0
12580.5
10528.0
1582.0
11193.5
0
12220.5
11009.5
11252.5
10624.5
11301.0
12627.0
10204.0
1449.0
10384.5
1200.0
5462.0
10414.0
10903.0
14499.0
10845.5
11056.0
0
13063.0
12412.5
12974.0
11127.0
11894.0
10858.0
11547.5
0
13509.0
4673.5
9588.0
11444.5
10286.5
0
6117.0
9387.0
10228.0
10370.5
10583.5
0
5784.5
10075.0
1922.5
2635.0
0
11124.5
5644.0
7648.5
7961.0
10196.5
6185.0
12110.0
10682.0
11734.5
5772.0
10714.5
11034.0
8664.5
10942.5
11418.5
11661.5
12982.5
6703.5
7040.0
11014.0
10093.5
10530.5
11267.5
10729.5
10628.5
10756.0
11282.0
5904.0
10530.0
4684.5
12020.0
10476.0
12870.0
13948.5
13453.5
10727.0
5827.0
12169.0
10213.5
1636.0
5965.0
10975.0
10310.0
12463.0
2141.0
12130.0
11362.5
10468.5
10291.0
10193.5
11011.5
5029.0
10687.5
6084.0
12008.0
12599.5
6631.0
11214.5
15063.5
10178.0
841.5
6519.0
11671.0
11636.0
10872.5
8564.5
5050.5
10533.5
12692.5
8428.0
11775.5
10757.5
13018.0
13103.0
11018.5
10667.0
6377.0
11123.5
12803.0
0
10088.5
10327.5
11115.0
10939.0
11673.0
12932.5
7293.5
10517.0
10780.0
0
9429.5
13013.5
11614.0
5710.5
10622.0
11248.5
10391.5
10633.5
13638.0
8160.5
12649.5
10946.5
10994.5
11581.0
1445.5
6065.0
13062.5
11941.5
12371.0
68.0
11983.5
12407.0
10150.0
8859.0
10300.0
10077.5
10520.0
9645.0
2977.0
12870.0
11863.0
10276.0
6864.5
11656.0
11048.5
5854.0
10616.0
1438.5
10424.0
11816.5
10329.5
11614.0
0
11518.0
12694.5
10371.5
11016.0
10646.5
10723.0
10217.5
11447.5
14592.0
10502.5
10091.0
12188.5
8103.5
9134.0
13797.5
1901.5
68.0
11097.5
10235.0
8393.0
10344.0
5018.0
13405.0
8185.0
13028.0
12073.5
10184.5
10449.0
14425.0
6907.0
10758.0
11237.0
12477.5
10458.5
10757.5
13271.0
13712.0
7369.0
10255.0
10981.5
9101.5
11938.5
11105.0
8500.0
7736.0
10216.5
10288.5
10789.5
14371.0
10638.0
8305.5
10453.5
10591.5
8626.0
11241.0
12665.5
848.5
6379.5
11133.0
12075.0
11926.5
11086.0
13110.0
5514.5
10189.5
10896.5
10685.5
13581.0
15140.0
9788.0
6799.0
9130.0
9630.0
11422.0
9124.0
10588.5
8011.5
5854.5
792.5
12698.0
11966.0
68.0
9461.5
12655.0
5661.0
12396.5
10681.5
11085.0
10432.0
10867.0
10258.0
11018.0
13167.0
5375.5
8099.0
4742.5
9466.5
12819.0
10784.0
7037.0
11072.0
10926.0
2840.5
13121.0
7797.0
10106.0
5107.5
0
11648.0
11399.0
11362.5
10983.5
14186.5
10363.0
6918.5
11858.5
10715.5
6678.5
9312.0
10224.0
10236.0
9148.0
11815.0
10749.0
10294.5
10483.0
9291.5
10121.0
9160.0
12904.5
7459.0
2556.0
11017.5
10995.0
5785.5
10053.0
1943.0
10536.5
11846.0
7127.5
9402.5
9066.5
10523.0
5704.5
10285.0
13510.0
10090.5
5089.5
9605.5
1920.5
13543.0
8115.5
9873.0
6423.0
10187.0
2625.0
10124.0
8470.0
2912.0
10254.5
13170.5
10320.5
10255.5
11184.0
10248.5
5630.5
1957.0
10234.0
7275.0
11788.5
13116.0
10149.0
2676.0
10811.0
4443.0
0
10069.0
10467.0
10144.5
10007.5
3481.5
14107.0
10607.0
12792.0
11192.0
1741.5
12308.0
10436.5
6181.0
11327.0
14397.5
9366.5
12791.5
12723.5
12371.5
11750.5
10256.0
10505.5
10963.5
10818.5
5161.0
10702.5
12447.0
10617.5
6814.5
12736.0
13555.5
1815.5
11944.0
11937.0
10255.0
11871.0
10561.5
1922.5
1219.0
9581.5
12315.5
10202.5
0
10460.0
11051.5
11218.0
9409.5
0
12483.0
11548.5
10339.0
401.0
13195.0
11060.0
11034.0
3550.0
11043.5
11596.0
12128.0
10225.0
13626.0
10558.5
11388.0
11387.0
10125.5
10817.5
9285.5
10043.0
6120.5
10863.5
5903.5
10350.5
10892.5
10834.5
10128.5
11553.5
10867.0
10345.0
10098.5
9591.0
3591.0
6731.5
12514.5
5064.0
12951.0
10330.5
12339.5
11475.0
13605.0
10937.5
1896.0
1845.0
11413.0
0
10784.5
14069.5
10242.5
10354.5
10082.5
12679.0
14572.0
12978.5
12501.0
13044.0
10604.0
9092.0
11007.0
13093.0
11102.0
8552.0
13812.5
11567.5
5507.5
10822.5
11790.5
11577.0
10993.0
12341.5
12571.0
11396.5
10528.0
11046.0
10514.5
13123.5
8401.5
9216.0
12265.5
11726.0
6320.0
5811.0
9388.0
12661.0
1620.5
11480.5
2197.0
829.5
12050.5
10216.5
10862.5
10619.0
13483.5
12938.5
11846.5
12812.5
13067.0
5178.5
10318.5
10414.0
10064.5
14074.0
7034.5
5845.5
12083.5
12516.5
10185.0
11894.0
11237.5
7527.0
10571.5
10219.0
10375.0
10642.0
11998.5
10668.5
11075.5
10077.0
5165.0
11150.5
10749.0
0
11784.5
8632.0
13314.5
10672.0
10216.0
10848.5
12512.5
11421.0
9137.5
10282.0
12029.0
11130.0
12112.0
13340.0
0
5422.0
12644.0
10386.5
14388.5
7574.0
10835.5
6810.0
6028.5
0
12982.5
11653.5
0
12503.0
6878.0
13373.5
13501.0
11042.5
3123.5
11986.5
12915.5
10152.5
9911.5
10693.0
11146.5
2676.5
10681.0
13520.5
12403.5
10141.5
7138.0
2446.0
12669.5
12274.0
12332.0
10444.5
12311.0
3551.5
5395.5
11418.5
10603.5
13216.0
12779.0
10305.5
1531.5
12941.5
6476.5
11114.5
4034.5
1551.5
10114.5
10526.0
12817.5
10691.5
10505.0
1200.5
12772.5
10198.0
7777.5
10772.5
11698.0
10861.0
9889.0
13232.5
7477.0
1903.0
11848.0
5571.0
9550.5
11184.0
4736.5
13081.0
13386.5
2228.0
0
11970.0
11257.5
7943.5
10489.0
5423.5
11889.5
10938.5
11288.5
10803.5
1142.0
13612.5
12909.5
10238.0
8163.0
11952.5
10357.0
11499.5
0
0
13016.5
12772.5
0
12782.5
12115.5
11701.0
10110.0
4479.0
11452.5
10581.5
10514.0
11392.5
14146.5
12821.0
1883.5
10245.0
13209.0
11281.0
11435.0
13091.5
11577.5
10091.5
13236.5
6887.5
12007.0
7420.5
419.5
2430.5
4754.5
10237.0
8906.5
11412.0
10608.5
5770.5
8269.0
11904.5
10710.0
4404.0
11310.5
13281.0
771.0
11924.5
12954.5
12811.5
1953.0
10476.5
7536.5
6872.5
6336.0
10567.0
12354.5
10569.5
10404.0
5459.0
0
1771.5
3674.0
11086.0
2549.0
6599.5
11475.0
11995.0
9908.0
6602.5
12375.0
10776.0
1762.5
12374.0
11005.0
11088.5
10607.0
6647.0
126.5
10927.5
13023.5
10576.0
2873.0
7625.0
12718.0
6681.0
1476.0
11051.0
10313.0
10074.5
10224.5
13971.0
13626.5
5407.0
10347.5
10092.5
10583.0
13022.5
10980.0
2939.0
10031.5
11432.0
14123.5
12644.5
14209.0
13600.0
5804.0
10214.0
0
13433.5
10754.0
10070.0
126.5
10087.0
6727.0
12528.5
10233.0
10809.0
11332.0
13341.0
12930.5
5588.5
10164.0
10549.0
13561.0
12119.5
10704.0
10854.5
6499.5
11361.0
7796.5
10815.0
3289.5
10105.5
7443.5
1200.0
10441.5
10042.0
10848.5
8762.5
10124.5
6212.5
12217.0
11027.0
5923.0
12436.0
0
10645.0
14273.0
10510.5
10131.0
12853.0
10966.0
11697.5
11115.0
10582.5
10551.0
12410.5
5771.5
11223.0
8779.5
11968.5
11735.0
12728.5
10937.5
12293.0
2058.5
10477.5
5389.0
8346.0
12709.0
13281.0
13501.0
12579.5
11548.5
8805.0
10973.0
10247.0
4568.5
1141.5
7975.5
7610.5
13300.0
11369.5
12364.0
13951.5
11865.0
11201.0
10163.0
12019.0
7239.5
12716.0
10127.0
14542.5
10401.0
0
10484.0
14116.5
10927.5
11991.5
13745.0
10985.5
1952.5
7000.0
14275.0
14701.0
1552.5
11119.0
11628.5
10071.5
7163.0
9958.0
10073.0
10912.5
14648.0
1437.5
11139.5
2465.5
10533.0
10955.5
10129.5
12989.0
10122.0
7066.5
2502.5
5711.5
2841.5
6591.5
12984.5
11383.5
11814.0
12726.0
11066.0
14728.0
12412.5
12840.5
13690.0
11004.5
11899.5
8880.0
6962.0
10593.5
10396.0
68.0
13403.0
11569.5
7010.0
419.5
13714.0
11250.5
12169.0
6490.0
10276.5
13640.5
13465.0
12085.5
10976.5
7671.0
12953.5
10758.5
10364.0
5270.5
401.0
13461.0
13621.5
10221.5
13550.5
12497.5
11107.5
10554.5
10948.5
12974.5
10697.5
12442.0
15186.5
10950.0
11481.0
13045.0
12459.5
12880.5
13273.5
5348.5
10359.0
12117.0
11607.5
10588.0
68.0
10009.0
12291.0
6294.5
8866.0
13313.0
13660.5
7291.5
12492.0
10992.5
6991.5
10622.5
10562.5
12002.0
11499.0
12330.5
12273.5
6016.5
8628.0
8647.5
11060.5
10327.5
10925.5
8896.0
13325.5
10287.0
13995.5
10533.5
0
13466.0
5780.0
11935.5
7607.0
12834.0
14080.0
11852.5
2731.5
1864.5
12361.5
12167.5
11850.5
12140.5
6550.5
9433.5
9465.5
12902.0
13058.5
10411.0
12144.0
10049.5
5627.0
10334.5
14198.0
2312.0
9974.5
13169.0
13390.5
11125.5
12626.0
10333.0
4773.5
10799.0
13500.5
2168.0
7055.0
10937.5
6626.5
13492.5
11356.5
10752.0
7905.5

10240.5
14221.5
7676.0
5650.0
12261.0
10385.0
10164.0
0
10128.5
13248.5
10609.5
10720.0
10179.5
11162.0
10143.5
6741.0
0
11037.0
11143.5
6767.0
13661.0
8032.0
12810.0
10135.5
0
6220.0
11478.5
11626.0
14130.0
13241.0
10604.5
13357.0
6961.0
3781.0
9412.0
10355.0
5690.5
11643.5
12229.5
13273.0
7957.5
14131.0
11777.0
10989.0
10066.5
10989.5
11981.5
6530.0
11185.5
3308.5
5898.0
13554.5
10068.0
14312.5
14316.5
3758.0
15010.5
2479.5
12389.0
8116.5
11912.0
10653.5
2941.5
13403.5
11933.5
10754.5
10604.5
10503.5
5962.5
11596.5
11046.5
6904.0
11024.5
8400.5
4301.5
12280.0
10993.5
11214.5
13354.5
8202.0
13224.0
13229.0
9067.0
12794.0
10623.0
1512.0
11366.5
0
13323.5
10104.0
11010.0
10604.5
6770.0
7206.0
10566.5
11134.0
14196.5
6703.5
0
12544.5
11708.0
10525.0
7848.0
5496.5
3215.0
11314.5
2616.5
5927.5
11310.5
12455.5
5936.0
10084.5
1219.0
12326.5
0
11989.5
9170.5
2198.5
10193.0
10219.0
10281.0
12999.0
14490.5
11593.0
10919.5
11495.0
11062.0
1512.0
13831.0
6110.5
14605.0
4718.5
10073.5
13708.5
12949.5
12543.0
7084.5
10651.0
2939.0
11442.5
11864.5
11177.0
6375.0
11053.5
8019.5
9628.5
8977.0
11818.5
14111.0
11786.0
13707.0
10480.5
12581.0
12226.5
7380.5
8671.5
11132.5
6828.0
10178.5
13097.5
10691.5
10181.0
10209.0
8142.5
8305.5
6724.0
12431.5
6479.0
11459.5
11012.0
13543.0
13735.5
6181.5
10071.0
10063.0
5487.5
15245.0
11194.0
14246.0
10075.5
11371.0
68.0
5354.0
2197.5
6488.0
0
12367.0
11486.5
4025.5
3220.0
12735.5
11009.5
11387.0
12175.0
10200.0
5098.5
2589.0
6975.5
7294.0
10369.5
8719.5
11338.0
14680.5
13188.5
11402.5
12150.0
10087.0
13509.0
12810.5
10277.0
13476.5
15060.0
13663.5
6693.5
10561.0
8127.0
13649.5
13676.5
12847.5
12294.5
0
12762.5
14575.5
8685.5
13970.0
8482.0
10709.5
13102.0
13524.0
12774.5
5771.0
12849.5
14489.5
11832.5
0
7175.5
13060.5
12489.0
12166.5
6215.5
10120.5
5296.0
12379.0
6000.5
5942.0
5967.0
5752.0
8327.5
11429.5
13294.0
11870.5
13273.0
8684.0
13049.0
8110.5
10964.5
7090.5
14239.5
14411.0
11022.5
9576.5
11912.0
11332.5
13244.0
12401.5
13039.0
6096.5
6259.0
12023.0
8012.5
12987.0
8723.0
12089.0
0
14347.5
13693.0
11591.0
0
10240.5
11880.0
7495.5
12193.5
8167.5
11947.5
8069.0
3252.5
10134.0
10409.5
8773.5
15032.0
11177.0
6546.5
11695.5
12118.0
9574.5
10124.0
6279.5
7591.5
6193.5
10080.5
12559.0
10512.5
12726.0
11959.0
11608.5
12500.5
11967.5
12048.0
12725.0
3702.0
4278.0

6451.5
12832.5
11867.0
8241.0
8367.0
11046.0
11139.0
10548.5
13078.0
419.5
11423.5
8476.5
6571.5
7863.0
9835.0
13369.0
10362.5
8464.0
11886.5
11562.5
2957.0
12900.5
1472.5
8364.5
11522.5
5848.0
8507.0
10368.0
11037.5
14270.0
12981.5
13564.0
6236.5
10323.0
14782.5
10983.5
11919.5
10620.0
13453.0
10978.0
12325.5
11130.0
10167.0
2550.0
10645.5
14021.5
10737.5
8543.5
12133.5
10124.5
12589.5
14450.5
14255.0
8937.5
13237.0
10596.0
13650.5
10668.0
10191.5
12990.5
13686.5
13209.0
11113.0
7664.0
12742.5
68.0
11643.0
5137.5
2292.5
6532.5
7235.5
13832.0
7344.5
5828.0
14132.5
13808.0
6043.0
7181.5
7488.5
10402.0
11179.5
0
10608.5
10118.0
10557.0
11110.0
6965.0
11828.0
13743.5
13491.0
10646.0
7315.0
12818.0
771.0
13681.5
6703.0
11538.0
11762.5
7057.0
12979.5
11903.5
11980.0
10511.0
419.5
12111.5
11600.0
13409.5
7032.5
12772.0
4182.5
10160.5
10253.5
11529.0
5790.5
14701.5
9869.0
13699.0
12980.0
15888.5
6427.5
8590.5
10079.0
8834.5
6505.5
13116.5
1408.0
0
10065.0
11892.5
7797.5
10077.0
10551.0
12247.5
6976.5
9811.0
10382.0
10827.5
2608.0
12000.5
2305.0
11065.5
11442.0
9189.0
6440.5
12849.0
1883.0
0
13347.5
12324.5
4772.5
13681.0
12521.0
13786.5
12711.5
12733.0
5164.0
14645.0
11547.5
12870.5
8791.5
11067.5
6682.0
14247.5
15280.5
11423.0
13058.0
12344.0
7509.5
4298.0
6820.5
10491.5
10277.5
10680.0
10057.0
10972.5
7009.5
2197.5
12118.0
13449.5
12282.5
11472.0
7371.5
14702.0
14645.5
10668.5
10767.0
8454.5
10308.0
9891.5
11688.0
13556.0
8224.0
5527.5
0
9125.0
0
5162.5
0
5420.5
0
9032.0
10492.5
12910.0
7318.0
12810.5
12883.0
6530.5
12810.0
12315.0
13667.5
6413.0
13221.0
0
5665.0
15068.5
0
13017.5
7505.5
13932.5
12616.0
12296.0
13078.5
13863.0
6802.0
0
12897.0
14649.5
7809.5
13620.0
12112.0
1882.5
13267.0
15442.5
14100.0
6162.0
8746.0
10475.0
10538.0
13188.5
12538.5
8371.0
0
11893.0
13723.5
14016.5
13066.0
11324.0
11439.0
4911.0
13528.0
6980.0
10608.0
11423.0
10171.5
13143.5
13266.5
14292.0
11780.0
4753.5
6864.0
10330.0
14368.0
13282.5
6363.5
14083.0
10387.5
13555.5
13032.0
4260.5
2293.5
11426.0
12073.5
13241.5
13286.0
7686.0
11451.5
9602.5
6056.0
14600.5
14111.0
11693.5
14124.5
10801.0
10689.5
13385.5
11125.5
11586.0
11015.0
13947.5
12440.0
13896.5
13557.5
10174.0
10328.0
13847.5
8168.0
5229.5
12758.0
12817.5
13686.5
12880.5
14384.0
10501.5
13460.5
10253.5
10226.0
9685.5
15243.0
12845.0
6236.0
11905.5
10762.5
11522.0
11145.0
11112.5
13454.0
13372.5
10317.5
11063.0
13405.0
14170.0
12409.5
2292.0
14467.5
1141.5
4587.5
14981.0
1494.0
10529.5
10643.5
14466.5
879.0
7058.0
6749.0
13817.0
11072.5
4669.0
13232.5
10173.0
13028.5
886.5
7086.0
8984.0
12055.0
6338.0
12607.0
15695.0
13849.0
13429.5
6531.5
11972.5
10125.0
10485.0
7183.0
12774.0
8298.5
13108.5
12796.0
14590.0
10527.0
13576.0
15108.5
0
14256.0
12566.0
12885.0
15068.5
6923.0
10528.5
10120.5
13859.5
10513.0
13344.0
13336.0
13383.0
14403.0
11012.0
8683.5
13655.0
12633.0
11364.5
11167.5
11582.0
13662.0
8210.0
14263.5
11068.0
12325.5
12854.0
10467.5
12903.5
11666.0
4834.5
14760.0
5808.5
10542.5
3366.5
12822.0
10054.5
7012.0
6351.0
11030.5
13611.0
13302.5
11142.0
4277.5
13783.0
10658.0
13854.5
6231.5
10834.5
12874.0
13194.5
13000.0
7048.5
14378.5
10274.0
13736.0
11617.0
10989.0
12408.0
4745.0
10487.5
13289.5
13285.0
10975.0
9870.5
10083.0
12922.5
10788.0
10055.5
10272.5
12872.0
10235.0
13587.0
11387.5
7396.0
7589.0
2323.5
11103.5
11392.5
10671.5
12764.5
14341.0
14556.5
12191.5
11933.0
12439.5
13986.5
10292.0
5685.0
10324.5
10257.0
14504.5
10229.0
12180.0
10953.5
13308.0
12885.0
6552.5
13467.5
10946.0
10623.0
10501.0
14239.5
11424.0
10314.0
10644.0
10964.0
11605.0
12120.0
13043.0
0
8246.5
13444.5
10822.0
11015.5
14018.0
14412.5
15252.0
13271.5
13978.5
12857.0
13812.0
11067.5
12786.5
13680.5
11894.0
4008.5
14512.5
14125.5
5457.5
5770.5
13206.5
14723.0
5456.5
10160.0
5686.5
8907.0
5724.5
12907.0
5999.0
8460.0
10049.0
13059.0
13498.0
12185.5
10073.5
13161.0
10740.0
11106.5
13087.5
14702.0
12509.5
12554.5
11153.0
0
5868.0
10820.5
11433.0
3193.5
15859.5
15048.0
10996.5
126.5
11612.0
12264.5
7747.0
11109.5
12208.5
12754.5
12963.5
14594.0
10926.0
10209.5
6607.5
12328.5
6163.0
15817.0
126.5
11178.5
6646.5
11906.5
13335.5
11091.0
13074.5
5723.5
10069.5
0
10763.0
12097.5
12842.5
6381.0
10775.5
0
0
13799.5
14229.5
0
10470.0
13191.0
13107.5
10513.5
7003.5
10153.0
9335.0
13496.0
9060.5
13809.5
5924.5
12434.5
11179.0
4844.5
12630.0
13009.0
11239.0
6921.0
13381.5
5457.5
13417.5
6774.5
11522.0
12795.5
13051.0
12614.5
10548.0
13930.5
12961.5
5096.5
13108.5
12334.0
9171.5
5535.5
13967.0
11639.5
10919.0
15152.0
11965.5
13202.5
7590.0
13830.0
14634.5
10562.5
13616.0
7549.5
8617.0
10665.5
6698.0
12613.0
11437.5
5023.5
13186.0
10747.0
4850.0
12147.5
13498.5
14498.0
11658.5
8477.0
13400.0
11472.5
12065.0
11921.0
10330.0
12897.0
10794.0
6895.0
12400.0
752.5
10935.5
11127.5
3554.0
11631.0
10960.5
10133.5
12866.0
0
10083.0
12541.5
13518.0
12907.5
0
13794.5
13322.0
13843.0
10570.5
10985.5
7005.5
13958.0
12921.0
13127.0
14489.0
13275.0
12071.0
11155.0
6392.5
12439.0
13580.5
2645.5
13215.5
6409.0
14141.0
13758.0
14397.0
771.0
9141.5
5642.5
10092.0
4807.0
12423.0
14214.0
13384.5
10157.0
13062.5
13026.5
6554.5
3233.5
12891.0
6563.0
12990.5
12366.5
13174.0
12958.5
6817.5
10384.5
13518.0
2959.0
9829.5
10976.5
3329.0
10556.5
6899.5
12382.0
11064.5
7686.5
13306.0
10381.0
12812.5
12815.0
12982.5
6459.5
10515.0
13037.0
11884.5
11513.5
13854.5
13745.0
6332.5
13518.0
7004.0
12670.0
11464.0
2958.0
12951.0
14048.5
4276.0
5714.5
6606.5
8030.0
10936.0
3519.5
5129.0
10202.0
752.5
10536.0
9358.0
8380.5
13844.5
68.0
13352.0
12821.0
11151.5
12314.0
13644.0
15129.5
13639.0
11749.0
12829.0
13735.5
10736.0
8350.5
12973.5
13093.0
5066.0
13740.0
10224.0
13225.0
12794.0
13797.5
13647.5
7896.5
8410.5
10662.5
13834.5
12981.5
5864.5
12892.5
10328.5
13890.5
13429.0
13084.5
10822.0
6921.5
11520.5
12211.0
0
10552.5
6439.0
6941.5
11244.5
10373.5
13326.0
10516.0
10589.0
419.5
12871.5
3348.5
12151.5
12759.5
10732.0
10263.0
1559.5
7444.5
5284.0
10490.5
13119.5
10384.0
13375.0
11606.0
14941.5
14439.0
13778.0
14590.0
6314.0
13624.5
10120.0
4735.0
13599.0
13801.0
5904.5
13987.0
6884.5
13128.5
3367.0
14716.0
12537.0
12832.0
734.0
10600.5
11674.0
5087.5
12810.5
6162.0
8946.0
8269.0
4790.5
13633.5
10052.0
11311.5
12467.0
6993.5
10353.5
11319.0
6080.0
7457.5
1559.5
12890.0
11381.0
11480.0
13368.0
10076.5
13914.5
13837.0
13076.5
12363.5
12021.5
6972.0
12997.0
13844.0
3976.5
12777.5
13816.5
0
7106.0
10064.5
5145.0
11733.0
11122.0
10082.0
13920.5
12704.0
10416.5
1141.5
7013.5
5715.0
13061.0
13245.0
13184.5
7216.5
10661.5
6008.0
11378.5
10165.0
2733.5
11903.0
10966.5
13970.0
13320.5
12680.0
13113.0
12913.5
1884.5
13694.5
13978.5
12879.5
10979.5
10047.0
13347.0
10535.5
1269.0
4730.0
13922.0
10517.0
5392.0
8495.5
13275.0
12818.5
12860.0
1901.5
10083.5
8370.5
13767.0
6722.5
12378.0
12828.5
11410.0
10695.5
7954.0
13753.5
12360.5
12555.5
11251.5
13490.0
10293.5
12362.0
13407.0
5853.5
1550.0
12013.0
6346.0
10077.5
14424.5
5476.5
11919.5
14042.0
6569.5
7520.0
7628.5
7940.0
14627.0
12982.0
11737.5
13185.0
6999.5
10592.0
5478.0
11221.5
10072.0
10127.5
10034.5
10958.0
13556.0
11753.5
9976.0
11901.5
13229.0
10701.0
9624.0
11297.0
10311.0
8518.5
13216.0
5791.5
0
10667.0
14765.0
10013.5
7555.5
12982.5
12131.0
11429.5
6434.5
11451.0
11396.0
12075.0
10618.0
12847.5
12784.0
8532.0
12906.0
13076.0
0
10958.5
10639.0
13490.0
12339.5
12311.0
12816.5
1160.5
12891.0
6237.5
13286.5
11992.0
15549.0
6423.0
13104.5
0
10375.5
13503.5
15115.5
7521.0
10463.0
8061.0
2292.0
12993.5
7606.0
8953.5
10723.0
12805.0
13021.0
10767.0
13192.5
13197.5
12869.5
13748.5
13834.5
10330.0
7313.0
12688.0
12896.5
12059.0
5677.5
10531.0
13272.0
6944.5
14548.5
2925.5
8608.0
10622.0
13831.0
13199.5
10549.0
13036.0
10046.0
13931.5
13920.0
12116.5
10344.5
2587.5
14472.0
0
10588.5
12804.0
13244.0
8644.5
12487.5
13277.0
13845.5
11218.0
11603.0
10073.5
12757.0
12824.5
10349.0
12051.0
9923.0
3196.0
3738.0
5414.0
12442.0
13124.5
13309.5
13808.0
11348.5
6125.0
10485.5
10718.5
12313.5
12783.0
12753.5
12034.5
13521.0
0
9013.0
13622.5
10652.0
1531.0
13475.5
12052.0
5456.5
13770.0
13406.5
11073.0
6332.0
4869.5
8553.5
10239.5
3399.5
9485.0
12281.0
11438.5
12843.0
6681.0
6331.5
10551.0
12456.0
12980.0
12798.0
13528.5
10089.5
11595.0
8479.5
11464.5
10239.0
13344.5
6512.5
11021.0
13533.0
9834.0
7915.5
11595.0
4316.5
7758.0
10805.0
11384.0
13745.5
11941.5
7961.0
11832.0
10592.5
6799.5
0
12737.5
11258.5
10571.0
12036.0
10196.5
12831.0
10235.5
10761.5
13987.5
10422.0
13297.0
13773.0
14892.5
12449.0
10062.5
14493.5
10563.5
10924.5
13443.0
12287.5
10585.5
11426.5
10530.5
13625.5
0
14092.5
10736.0
13039.0
2198.0
12698.5
10405.0
12577.0
12808.5
1199.0
10976.5
4963.0
5162.0
14021.0
13995.0
14524.5
12753.0
3992.5
11798.5
14533.0
11551.0
5066.5
13634.0
14126.0
11010.5
13185.0
11030.0
11490.5
12786.0
2604.5
13010.5
6262.0
13728.5
13076.0
8972.0
0
14663.0
13407.5
10461.5
10126.5
13459.0
13865.5
12910.0
10053.0
13089.0
6236.0
13000.5
10050.5
13257.5
10509.0
5472.0
11586.0
13470.0
0
2536.0
12699.5
6991.5
3321.5
13928.0
9942.0
0
12272.5
12896.0
5410.5
12926.5
12106.0
13580.0
13892.5
8435.0
1076.5
12565.0
4787.0
10589.0
4760.5
14978.0
12722.0
11767.5
10060.0
11964.5
10993.5
7288.0
15161.5
13501.0
14542.0
8118.5
14207.0
12838.5
13942.5
11015.0
13720.0
13461.0
1896.0
13734.5
13292.5
13478.5
13278.5
14101.0
13278.0
12963.0
12272.0
11461.0
13784.5
11030.0
4811.0
14965.5
15091.0
11016.0
14264.5
5476.0
10481.0
6123.5
13341.5
13127.0
11616.0
12877.0
11724.0
14787.5
12445.5
11088.5
8828.0
10946.0
10551.5
6122.0
12819.5
12301.0
12483.5
13047.5
12292.5
12861.5
10558.5
3642.5
12156.0
13312.0
13085.5
13831.5
11361.5
15084.0
11755.0
7830.0
10069.5
6983.5
11734.0
11476.5
12617.5
12494.0
5517.0
11880.5
13476.5
10056.0
11628.0
13633.5
12356.5
14556.5
12757.0
12291.5
6532.5
12015.5
11603.0
14346.5
13954.0
13324.5
13349.0
8852.5
8961.0
5565.5
13763.0
13184.5
419.5
14374.5
10649.5
13410.5
7735.0
13197.0
11854.5
2972.0
12439.5
14011.5
1531.0
12530.0
12927.5
12320.5
13404.5
15250.5
14635.5
12799.5
12706.5
6498.5
11366.5
12692.0
13028.5
14347.5
10045.5
14293.5
13463.0
12282.5
13752.0
68.0
6161.5
13984.5
13550.5
419.5
12198.5
14720.0
14635.0
12371.0
10514.5
12046.5
7433.0
12749.5
15205.5
10991.0
13744.5
6553.5
13153.0
13060.0
12799.5
4358.0
9851.0
11497.5
13126.5
13700.5
12404.5
14106.5
12184.0
13342.5
419.5
790.0
1571.0
12423.0
14023.0
12657.0
11393.0
6876.5
7252.5
10050.0
14141.0
13327.0
13338.5
10994.5
12646.0
13768.0
9182.0
11913.5
10443.0
11526.0
10900.5
13913.0
5840.0
6974.5
12344.0
1965.0
12783.5
10758.0
8362.5
14053.5
11300.5
6437.5
14650.0
11898.0
6901.5
10958.5
8483.0
1916.0
10286.0
12851.5
2587.0
8074.5
13275.5
10520.5
10625.0
13333.0
13595.5
14588.0
7090.0
12316.0
7981.5
13512.0
12783.5
12468.0
10548.5
14360.5
14477.0
1104.0
13605.5
13421.0
13576.5
12761.0
13480.0
13813.5
11800.5
10518.0
7986.0
2922.0
12972.0
10051.5
6458.0
7251.0
9847.5
13691.0
14126.5
15752.0
10075.5
10878.5
12036.0
8199.5
11710.5
12867.0
13760.5
1438.0
10213.0
12809.5
11460.0
13472.0
13423.0
6017.0
12177.0
13473.5
13814.5
13344.5
12921.0
11908.5
12902.0
13970.5
10537.5
12816.5
12331.0
13443.0
8554.0
10686.0
13736.0
10093.0
13556.5
7615.0
12831.5
12940.5
12510.0
2702.5
14058.5
12924.0
14269.0
14097.5
12282.0
7624.0
13716.5
14024.0
0
14959.5
13840.5
10734.5
10643.5
11404.0
14115.0
12592.5
13279.0
4013.0
7423.5
11195.5
13988.5
11159.0
10774.0
13133.0
11852.5
11098.0
10778.5
12298.0
10649.5
11494.5
10963.5
12467.5
12500.0
7984.0
14228.0
10548.5
14235.0
13135.0
12973.5
10577.5
5878.0
12177.0
12516.0
13701.0
13090.0
12892.5
12897.5
10314.5
4991.0
13142.0
13256.0
10332.0
4845.5
10323.0
13764.0
10625.5
12825.5
13115.5
14048.5
10543.0
13398.5
12833.0
9435.5
4781.0
10605.0
8467.5
4472.5
13759.0
6396.0
4733.5
15226.5
11023.5
12685.0
6408.0
9547.5
4609.0
13559.0
11598.5
10550.0
10625.5
7217.0
13852.0
5161.0
11740.5
6017.0
12865.5
11754.0
13353.5
6694.5

10620.0
13854.5
12006.0
11125.5
8326.0
10701.0
13606.0
5912.5
15232.0
11382.0
9511.5
8818.5
12053.5
3050.0
12868.0
11589.5
5418.0
12971.5
4729.5
12582.0
12085.5
10115.0
8968.0
11697.0
6475.5
13519.0
3252.0
7243.0
5218.0
10633.5
13238.0
6546.5
13405.5
12558.5
9979.5
7716.0
12703.5
10709.5
14883.5
1582.5
11603.5
13278.0
6571.0
13941.0
13287.0
14513.5
7042.0
14344.5
11069.0
10674.5
6034.5
13024.5
0
10551.5
6718.5
1514.5
12374.0
7835.0
5944.0
10580.5
6297.5
12833.0
9354.5
12945.0
438.5
11889.0
3391.5
10870.0
10997.0
1476.0
7196.0
5189.0
11860.0
12845.0
10649.5
7060.0
14257.0
8424.0
12060.5
11472.0
9843.5
4589.5
10925.5
5171.5
5552.5
10078.5
12973.5
5128.5
3586.0
11848.5
12854.0
11826.0
10724.0
13415.0
13167.0
10645.0
12013.0
6219.0
13142.0
11016.0
10114.0
13732.5
13808.5
13417.5
13753.0
12609.5
10330.5
13290.0
13294.0
6532.0
12732.5
12927.5
12958.5
12478.0
12987.5
0
13519.5
12351.5
10209.5
7114.5
15677.0
0
12776.5
13321.5
13500.5
13310.0
5546.5
12874.5
10942.0
10586.0
126.5
6212.0
9914.0
12729.5
7070.5
14405.0
11879.0
13687.0
6403.0
2701.5
11272.0
10520.5
9330.0
10543.0
13482.5
10044.5
12189.5
10525.5
6480.5
11228.5
12777.0
10079.5
9834.5
6980.0
10348.5
13119.5
13718.5
5000.0
13237.5
10979.0
12949.0
6919.0
5182.0
10075.5
14518.5
4969.5
10201.0
12321.0
0
13710.5
9403.0
4867.5
14119.0
12404.0
10722.5
6609.0
15029.0
13116.0
10062.0
12445.0
6703.5
10529.0
6172.0
12763.5
11870.0
13325.5
10507.5
12013.0
12977.5
11391.5
12876.5
10676.5
11680.0
10233.0
10917.0
0
7060.0
13515.5
11058.0
4974.0
13616.5
11455.0
4398.0
10088.5
12699.0
6534.0
11865.0
12101.5
10200.5
13087.5
11181.5
8305.5
11973.0
11893.0
12629.0
13889.5
11991.5
10059.5
10994.0
7737.0
6182.5
5241.5
13106.5
10105.0
4829.0
14609.5
11661.5
9020.0
13022.0
7226.0
10166.0
12904.5
10332.5
8098.0
0
11400.0
0
5712.0
15000.0
13096.5
11772.0
11184.5
11009.0
13297.0
6588.5
12885.0
14288.5
13058.5
13348.0
13578.5
5383.0
11494.5
10332.0
5258.0
5520.0
10972.5
10129.5
11109.5
10075.0
10447.5
12780.5
13353.5
12349.5
11403.5
4435.0
11454.5
10128.0
15935.5
11076.5
12783.0
12108.0
10435.5
1883.5
11058.0
11820.0
10393.5
10184.0
14122.0
10106.0
13738.5
0
11159.0
2922.0
7538.0
13009.5
11312.5
10644.5
14873.5
13437.5
68.0
12007.5
5041.5
12577.5
6524.0
13562.0
5717.0
12813.0
13316.5
10525.5
8515.0
12967.5
14038.5
0
6281.5
11906.5
14400.5
10497.5
12341.0
14156.0
10934.0
11422.5
10219.5
13756.5
10603.5
13432.5
14412.5
10943.0
13144.0
12992.0
12972.0
11126.5
11923.0
10154.5
14734.5
11925.5
10952.5
15054.5
13931.0
13417.0
11005.5
14082.5
11125.5
11376.0
13789.5
1845.5
11042.0
13074.5
10541.0
438.5
11969.0
13660.0
5223.0
11776.5
13215.5
11901.0
12122.0
13106.0
5253.0
13807.0
10925.5
13022.5
11196.0
0
12942.5
13632.5
10397.5
10615.5
12534.0
11810.5
0
5086.5
10813.0
0
13639.0
12193.0
14291.0
9778.5
3246.0
13136.0
13000.0
11423.0
15826.0
12182.5
10100.0
13737.5
11371.5
13320.0
13617.0
13163.5
771.0
13783.0
1883.0
14899.5
12939.5
5908.0
13139.0
7088.0
10797.0
14168.5
10052.5
12811.5
11999.0
12438.5
11884.0
11404.0
13218.5
14050.0
1123.0
10697.5
12843.5
12021.5
12877.5
12991.5
1904.0
11590.0
11516.0
253.5
13557.5
5837.0
14024.5
13010.0
10643.0
13828.5
13336.0
4675.0
1531.0
2522.5
14192.5
14358.0
10486.5
11875.5
11008.0
10068.0
5420.0
10690.5
13540.5
11219.0
4735.5
12389.0
13675.0
13309.0
10121.0
14532.0
10528.5
11488.5
14323.5
4668.5
12844.5
2919.5
11343.5
0
15144.5
11017.5
10011.0
5030.5
13822.0
8513.0
10095.5
12507.5
13406.0
13020.5
12824.0
12461.5
10908.5
12476.0
12005.5
10673.0
12890.0
11970.5
11013.0
11422.0
13831.0
8963.5
13681.0
6330.5
6734.5
13617.0
13935.0
6487.0
11845.5
11689.0
0
4697.5
10072.0
0
13437.0
2179.0
8486.0
12512.0
13412.0
6549.5
14630.5
6160.5
13199.5
14438.5
6070.0
13248.5
7090.0
4326.5
10495.5
13599.0
13849.5
13600.0
0
12782.0
11333.5
11160.0
13166.5
5822.0
13722.0
10870.5
13200.0
5480.0
13969.5
13127.5
13858.5
14144.5
14414.0
13036.5
12267.5
6507.0
13879.5
0
13596.5
10392.0
13456.5
10137.0
10973.5
12810.5
13415.0
11097.0
12876.5
12903.0
7291.5
0
10941.0
10488.0
5272.0
6862.0
14313.5
10966.5
10676.0
8019.5
6194.0
11384.0
1493.0
10507.0
10466.0
11291.0
10625.5
4693.0
13463.5
14305.5
10097.5
10131.5
7027.0
6647.0
12805.5
12683.5
7526.5
12814.0
0
10621.5
13393.5
9863.0
12539.0
10941.0
11996.5
6029.5
3259.5
6866.0
13757.0
13145.0
12857.0
3388.5
13166.5
13925.0
7792.0
14100.0
13429.0
11870.5
11932.0
13445.0
7977.0
10217.5
10053.0
11913.0
12792.5
8955.0
13670.0
10064.5
12865.0
5735.0
10617.5
11112.0
13322.0
13031.5
12926.0
12889.0
11844.0
12841.5
13109.5
10532.0
12826.0
11522.5
7091.0
10489.5
13023.5
12915.5
6087.5
10115.5
11847.5
5747.5
14050.5
5330.0
12489.0
13284.0
11626.5
12359.5
11767.5
13618.0
13587.0
11451.5
12795.5
12007.5
12800.0
13888.0
12775.5
12485.0
13127.5
12442.5
12042.0
11426.0
13321.5
12315.5
11105.5
13773.5
13645.5
6686.0
5151.5
14480.5
14495.0
12387.5
10132.0
11425.5
4705.5
12625.5
11892.0
6186.5
13867.5
7361.0
12961.0
13097.5
9726.0
13085.5
13480.5
12034.5
14115.5
12823.0
12763.0
5346.5
12918.0
7512.5
10574.5
11131.0
6713.0
11618.5
14718.0
11608.0
9302.0
14677.5
10737.5
10989.0
11055.0
11458.0
13481.5
10517.0
12738.0
8802.5
9268.0
13286.5
13711.0
12231.5
13309.0
12753.0
11949.5
12121.0
13093.0
7068.0
11383.5
4998.5
10554.5
12869.5
14232.0
12496.5
13988.0
12781.0
14732.5
7531.5
8478.5
10737.5
14525.5
13304.0
14081.0
14916.0
6250.0
10460.5
12110.0
13159.5
13915.5
14348.5
15634.0
12358.5
14120.0
829.5
12668.0
771.0
10278.0
13101.5
12819.5
13190.5
14164.0
5910.0
1486.5
14391.0
11025.5
14650.5
12765.5
2790.0
10607.5
13653.0
11744.5
10069.5
0
9036.0
14154.0
12994.5
6231.5
5864.5
13211.5
12585.0
8338.5
13031.5
11828.5
12942.0
9900.0
12159.0
8336.5
12923.0
12424.0
12056.5
15481.0
12088.5
2586.5
13878.0
13638.5
10292.5
10328.5
14322.5
6017.5
13707.0
11431.5
8871.0
7908.5
12712.5
12913.0
12952.0
13585.0
11328.0
9374.5
6275.0
12236.0
11515.5
11475.5
9310.5
12563.5
14091.5
13739.0
13125.5
13850.5
8278.0
12856.0
12257.0
10288.5
9750.5
13319.0
9179.5
13183.0
5085.0
2467.0
1540.5
11431.5
12861.0
10073.0
14144.5
8553.5
13478.0
10713.5
10067.0
11432.0
12242.5
11535.5
11868.5
13126.5
3567.0
10173.5
14641.0
11385.0
6857.5
0
419.5
14024.0
5866.5
13733.5
6476.0
6773.5
11842.0
12213.5
11109.5
11741.5
10493.5
14220.0
6765.0
13739.0
11764.0
10487.0
3404.5
9138.0
6344.5
11128.5
9792.0
5904.5
10569.0
12759.5
14462.5
12064.0
68.0
9718.5
11910.0
15083.0
10611.0
13807.0
14153.0
10132.5
12791.5
5459.0
5401.5
8675.0
10584.0
7052.5
10172.0
11082.5
13307.0
9515.0
10515.0
9772.5
11549.5
11882.0
10622.0
10623.5
10916.0
12558.0
10271.0
6051.0
10366.5
6432.5
12876.5
14074.0
5050.5
12820.0
5885.5
12424.5
7909.5
13226.0
7468.0
11992.0
13514.5
3942.0
10985.0
11050.0
0
10160.5
5747.0
10518.5
10056.5
13273.0
14250.5
10176.0
3644.5
9496.0
13239.0
10182.5
14134.0
10327.0
12908.0
15543.5
5259.5
13187.0
13172.0
13569.5
10633.0
13002.5
10203.0
3135.0
10069.0
9439.0
14058.0
5809.0
13351.5
8308.5
9830.0
9158.0
8316.0
12673.0
14329.5
10951.5
13307.5
4914.0
13338.0
9231.0
13123.5
6745.5
10249.5
6330.5
14775.0
11658.0
10131.5
12349.5
7315.0
9038.0
12116.0
9782.5
12295.0
10131.0
5327.5
13225.0
14550.0
11385.0
811.0
0
11474.0
12309.0
13257.5
11703.0
13699.5
13688.5
5630.5
3950.0
13817.5
10263.0
10273.0
5813.5
14628.5
11067.5
10740.0
13202.0
6050.5
13099.5
4719.5
13653.5
6030.0
7645.5
12292.5
10056.5
4666.0
14350.5
8269.5
8975.5
10328.0
13789.5
10993.5
13330.5
13866.0
6431.0
11034.0
11959.0
11467.5
13347.0
13528.0
13217.0
13943.5
11710.0
6802.5
11454.5
7269.0
12998.5
6174.5
13754.0
4063.0
14373.5
13078.5
8476.0
13480.5
3347.0
771.5
7218.0
14072.5
7258.0
10776.0
13727.0
11311.0
10303.0
12455.5
10107.5
10184.0
12291.5
1512.0
13527.0
5828.0
10557.0
11043.5
12033.5
11576.0
4762.0
13347.0
5533.5
7439.5
14228.0
10235.5
11026.5
13814.5
5183.5
3682.5
0
12268.5
12915.0
1474.0
13047.5
12518.5
11414.5
13911.5
11773.5
10507.5
10288.0
13037.0
12904.0
11847.0
13025.5
10647.0
13512.0
6866.5
14294.5
13134.5
12696.5
10474.0
6983.0

13389.0
12970.0
13457.5
11880.5
14576.0
0
8870.0
14052.0
11903.0
13838.0
7837.0
14199.0
10866.5
13847.0
10131.5
14218.0
12141.0
15063.5
13597.5
12652.0
13647.0
2569.5
12081.5
10598.0
10180.5
11658.0
9946.0
14356.0
13037.5
2903.0
14375.0
12030.0
12908.0
14647.0
13019.0
12917.0
5979.5
11888.5
0
14467.5
5616.0
13174.0
14259.0
12929.5
1219.0
13010.5
14020.0
9737.0
12179.5
13479.0
13249.5
10640.0
12831.0
5460.5
13849.0
14620.0
14064.0
11489.5
10267.0
15156.5
14080.5
14952.0
11075.0
12403.5
6474.5
13952.5
10573.0
0
5809.0
11968.5
11637.5
6277.0
12486.0
6829.5
13058.0
12721.5
11424.5
14630.0
13326.0
12570.0
13200.0
13058.5
10077.0
13803.5
7098.5
10590.5
2874.5
7632.5
13312.5
14525.5
12969.5
10252.5
13120.0
12943.5
13312.5
12836.0
14276.0
8427.0
13032.5
8149.0
12752.5
2606.5
11897.5
14878.0
12692.5
13735.0
13392.0
11401.5
10687.0
1160.5
12360.0
5772.0
10062.5
2332.0
14236.5
11053.0
6647.0
1863.5
13411.0
12785.5
10996.5
12944.0
5157.5
13034.5
10499.0
14385.5
5451.5
11765.0
12732.5
10544.5
6850.5
6739.5
14169.0
12764.5
11519.5
12527.0
3652.0
11232.0
13563.5
11038.0
10589.0
10048.0
10509.5
10444.0
10526.5
10190.5
7109.0
10088.0
12676.5
478.0
13496.0
14501.0
11775.5
12317.5
9285.5
12216.5
12812.0
13006.5
11716.0
12786.5
12434.5
10129.5
12662.0
9218.0
12998.5
13028.0
13106.0
11910.5
9580.0
11815.5
13295.5
12985.5
4696.0
11776.5
10977.5
5146.0
12688.0
10062.5
6553.0
14030.0
14773.0
11953.5
10548.0
10889.0
5829.0
12335.5
13047.0
11817.0
11586.5
11736.0
0
13724.0
2607.0
5879.0
11377.5
1884.5
14181.0
7052.5
6198.0
11149.5
7477.0
7808.5
13080.0
13164.0
11933.0
12785.5
11870.0
12859.0
10053.0
13498.0
13278.5
12212.0
11253.0
10964.5
2658.5
12830.5
6553.5
14263.0
435.5
14082.0
848.5
3625.0
8352.0
13921.5
11047.5
4625.0
7452.0
12813.5
12531.0
14038.0
6209.0
3664.0
13352.0
13236.5
8611.5
14210.5
13148.0
5792.0
13238.5
13305.5
14390.5
13790.5
13116.5
10827.5
13453.5
11843.5
68.0
1572.5
11867.5
8335.0
13977.5
12433.5
12483.5
11659.0
13795.5
10953.5
0
12721.0
13304.5
68.0
15043.5
10377.0
459.5
12741.5
12202.0
12838.5
10994.0
13037.0
13022.5
14154.5
13450.0
12996.5
2052.5
12788.5
13678.0
12145.5
10144.0
11955.0
13193.5
15475.5
4951.0
14901.5
13740.0
10700.5
13620.5
14365.5
9159.5
11382.5
13778.0
13159.5
15156.5
7438.5
13475.0
12652.0
13990.0
13332.0
4346.5
13908.0
11035.0
11438.0
12950.0
12029.5
12764.0
9937.5
4902.5
9820.5
11469.5
13488.5
15086.5
10557.5
13437.5
15411.0
12069.5
11000.0
10513.5
8174.0
6756.5
13218.0
13656.5
12739.5
13096.0
1828.5
12300.5
7170.5
12975.0
8701.5
12906.0
9110.0
13486.5
10134.0
14684.0
11905.5
12496.5
13983.5
11982.5
12794.0
14037.5
13406.0
12616.0
8980.0
5100.0
14014.0
138.0
12204.0
6281.5
4347.0
13093.0
13743.0
13792.5
1160.5
14526.5
10180.5
13720.0
6067.5
12861.5
13348.5
10811.0
12872.5
9234.0
3951.0
11077.0
13351.5
15021.0
12496.5
13853.5
10234.5
9972.0
14404.5
12578.0
11411.0
5494.5
3118.5
11307.5
6514.5
10932.0
11467.5
12279.0
471.0
5895.0
10382.0
12446.0
13022.5
13164.0
8673.5
14372.5
10072.5
13936.0
10995.5
2217.0
6010.0
3293.0
7739.0
6899.0
12184.0
14450.5
5231.5
13669.0
13000.0
11516.5
13020.0
0
2463.0
13670.0
10721.0
5343.5
6517.5
12906.0
14709.0
14477.0
9600.5
10305.5
860.0
7329.0
13180.0
10742.0
14006.0
12698.5
12850.0
12815.0
13926.5
7609.5
10014.0
11547.0
11918.5
15418.5
15394.5
13263.5
14689.5
11094.0
13052.0
10149.5
11956.5
1722.5
5558.0
2586.5
1707.0
11261.5
10517.0
5010.5
6846.5
11513.5
14278.0
1512.0
12599.5
13004.5
6160.5
10899.0
13614.0
11216.5
13426.5
13334.0
11895.0
13167.5
14113.0
13795.5
11396.5
13384.5
2235.0
14142.5
11961.0
13113.0
14207.0
6811.5
12959.5
8624.0
14979.5
13523.0
12496.0
11048.5
12948.5
13381.5
13944.0
12009.5
14553.5
12737.5
9265.5
13303.0
11006.0
10982.5
9533.0
13216.5
13484.0
10163.0
10789.0
15830.0
8393.0
11266.5
13067.5
14467.0
5888.0
13659.0
12290.0
6824.0
14490.5
13113.5
13297.0
13625.5
5770.0
1181.5
3289.0
13180.0
13995.5
4288.5
7571.0
11452.0
12800.0
10367.5
13659.0
13855.5
6734.5
6532.5
12619.5
9016.5
11753.0
6399.5
12456.0
12868.0
10977.0
13840.0
12850.5
771.5
12796.0
14118.0
2976.5
13464.5
14762.0
12999.5
12864.0
12776.0
13102.5
10581.0
8871.5
13346.0
12945.5
13056.0
1772.0
9720.0
12327.0
10568.0
14127.0
12521.0
11913.0
13747.5
11141.5
14108.0
5899.5
14585.0
11265.0
13557.0
10704.0
12524.5
10976.0
68.0
8715.5
14361.5
13410.5
11947.0
12948.5
10639.5
13082.0
12298.0
11873.0
11916.5
11154.0
14969.5
11964.0
9216.5
13062.0
13214.5
6468.5
10205.5
13237.0
6531.0
6421.0
13155.5
11074.0
10929.0
10083.5
13017.5
11889.0
14953.5
13472.0
13278.0
13528.5
13056.5
12302.5
11952.0
13641.5
0
10610.5
12485.5
14389.0
12599.0
1571.0
12758.0
0
9142.5
11290.0
11245.0
11532.0
13276.5
12927.5
10557.5
12805.0
13442.5
13213.5
5420.5
13761.5
13182.0
6745.0
10093.5
13252.0
11062.0
6575.5
12828.5
13588.5
14744.5
11876.5
10091.0
68.0
13376.5
11549.0
3414.0
9820.5
6978.0
14310.0
14490.5
12906.5
13507.0
13354.0
10246.5
5773.5
0
0
1863.5
12085.5
13331.5
12653.0
11408.5
12512.5
0
0
4737.5
13913.0
10164.5
13151.0
0
0
12677.0
11392.5
13682.0
11407.0
13221.0
11183.5
14136.5
11476.5
15600.5
13131.5
13648.0
10100.0
13106.5
10701.5
0
13312.0
11091.5
13142.0
0
12714.5
11959.5
12462.5
12267.0
12882.5
12393.5
11178.5
9814.5
13799.5
10914.5
12770.5
10536.5
13754.5
13588.5
11549.0
14572.5
15775.5
12983.0
10034.5
12714.5
7377.0
13238.0
10888.5
10532.0
12085.0
11941.5
12403.0
6457.0
6815.0
12837.5
7188.0
14204.0
5457.0
11033.0
12507.5
12457.0
13019.0
13308.5
13133.5
11902.0
13743.0
11939.5
13106.0
8003.0
13323.5
6142.5
11416.0
5335.0
0
12922.5
10608.0
12791.0
13583.5
13330.5
12107.5
13197.5
2588.0
12055.5
12887.0
13109.0
14028.5
12794.5
10048.0
8000.5
10055.0
10979.0
12110.5
10255.0
10049.0
12518.5
12331.0
0
10084.5
14395.0
13359.5
12703.5
10180.5
5611.5
68.0
14616.0
13351.0
12705.0
13513.5
13022.5
11855.0
8547.0
10454.5
11868.0
13594.5
12805.5
5827.0
7636.5
10214.5
11546.5
12999.0
11481.5
8628.5
13547.0
10087.0
12773.5
5753.5
13625.5
10409.0
10979.0
12784.5
13320.0
438.5
7657.0
12876.0
13951.5
825.5
13172.0
1905.5
6833.5
13195.0
6206.5
13096.5
11436.0
13492.0
12405.5
13084.0
10237.5
1753.5
14181.5
11889.5
11417.0
10557.5
12358.0
14240.0
9598.5
10999.5
10491.5
10606.5
13870.0
13749.0
13633.5
15018.5
10430.5
7048.5
10954.5
10409.0
12826.5
13718.5
13215.0
6142.5
12443.0
11044.5
10257.5
13089.0
12943.5
10409.0
8107.5
6540.0
6218.5
6572.5
10604.5
12997.0
12948.5
13074.0
10590.5
13761.5
12899.5
13012.0
12580.5
12896.0
11031.0
13372.0
14570.0
11081.0
5928.5
10558.5
10321.5
12366.0
12904.5
13437.5
11891.5
1863.5
13622.5
9159.5
13226.0
0
13278.0
13745.0
12812.5
1238.5
12389.5
10237.5
10523.5
13092.0
5992.5
12773.5
10588.0
15319.0
14312.5
5243.0
2198.5
4735.5
12572.5
8390.0
4756.0
10061.5
10644.5
10145.0
13353.5
6648.0
12255.5
10290.5
11807.5
10435.0
4453.0
12514.0
4632.5
2759.5
12695.5
10569.5
12474.5
12848.5
3289.5
12864.0
13634.0
14876.5
10156.5
12984.0
13764.0
10898.0
0
15041.0
13412.0
12963.0
0
13691.0
12662.5
13073.0
11607.0
12289.0
11814.0
11438.0
13409.0
13298.0
10730.5
13411.5
10343.5
14169.0
12791.0
10121.0
13269.5
12266.0
14148.0
14478.0
12246.0
12793.5
11297.5
13156.5
13626.0
12301.5
10475.0
12482.5
10313.5
13044.0
1161.5
10538.5
126.5
14073.0
13301.0
7852.0
9453.5
13716.0
10939.5
11903.5
10302.0
10951.0
13649.0
11998.0
10630.5
13835.0
13679.5
15092.0
13210.5
2996.5
13115.0
8658.5
14896.5
12826.5
13586.0
12779.0
5089.5
12915.0
11662.5
68.0
12829.0
13553.5
13091.5
9830.5
13047.5
12388.5
14078.0
13620.0
12879.5
0
138.0
11426.0
14948.0
15060.5
14165.5
14931.0
14138.5
0
15380.5
13805.5
14553.0
10626.5
10187.5
12776.5
8740.0
13574.0
14229.5
12132.5
12002.0
11172.5
10511.0
13044.5
2644.0
10986.0
13257.0
14564.5
11439.0
12610.0
3272.0
12819.5
14932.5
12624.5
6208.0
11483.5
12933.0
3186.0
11138.5
10660.5
13491.5
0
13124.5
14549.0
12919.5
13802.5
13951.0
15607.5
10593.5
13663.0
13729.0
11258.5
10542.0
12978.0
9571.5
9010.5
10163.0
13460.5
11740.5
12892.0
14307.0
0
13670.0
12982.0
12419.5
7957.0
11508.5
13407.0
13703.0
13352.0
7917.0
10978.0
68.0
13473.0
13743.5
5607.0
13022.5
13969.5
13543.5
10697.0
10289.5
11813.5
10967.0
10809.5
12896.0
10450.0
12302.5
6111.0
13908.0
14400.0
13028.0
13455.5
15366.0
138.0
3347.5
13492.5
11565.5
10820.0
6475.5
12537.5
13027.0
12995.5
13641.5
12348.5
13585.0
12142.0
11570.5
12886.0
6027.0
6884.0
5119.5
13606.5
5788.5
8129.0
10131.5
11633.5
6220.0
6147.0
12680.0
13782.0
11990.0
4776.5
9833.0
13051.0
13258.0
11063.0
11409.5
68.0
12736.0
12833.5
13121.0
14186.5
10499.5
12368.5
9996.5
13500.5
11568.5
7887.0
11763.0
6223.5
12923.0
12776.0
68.0
14823.5
12778.5
7240.0
11312.5
11441.5
13122.5
12930.0
10062.5
10257.0
12557.5
478.0
0
6615.5
12812.0
9041.0
12852.5
11007.0
11499.5
10377.5
11898.5
15085.0
12698.0
10092.0
13206.5
13189.0
9052.0
13613.0
10511.5
5475.5
11568.0
0
13751.5
14287.5
12481.5
12753.5
6216.5
11000.0
15111.5
13672.0
11363.0
14426.5
14245.5
12002.0
13385.5
13253.0
13909.5
1563.0
13614.5
11881.5
0
11486.5
11446.0
5827.5
9930.0
14039.0
10528.5
11013.5
11097.5
12381.5
13227.5
14011.0
12066.5
13884.5
12794.5
12841.5
10423.5
13095.0
5548.0
10531.0
13125.0
14239.5
13224.0
14093.5
5311.0
12967.5
12767.0
14101.5
11612.0
11590.0
419.5
11000.0
11365.0
13750.0
13102.0
12051.5
10265.0
4385.5
8386.5
13750.5
10044.0
14106.5
15074.5
13781.5
13201.0
14273.5
11965.0
8976.5
12601.0
10375.0
736.0
13378.0
10234.5
9866.0
10823.0
12006.5
2255.0
6736.5
11803.0
12899.5
5921.5
12861.5
12798.0
15200.5
11695.0
7475.5
13477.5
12341.0
12332.5
16488.0
13586.0
11151.0
12750.5
13166.0
15091.5
13690.0
6630.0
3958.0
4892.0
6557.5
13321.5
11013.5
11674.5
12008.5
13018.5
68.0
11041.0
13885.5
6238.5
6988.5
13836.0
9471.5
13233.5
13638.5
10529.5
10141.0
11069.0
9255.5
6011.5
11458.0
6694.5
11292.0
4407.0
10626.0
12073.0
14253.5
13905.0
8275.5
12949.0
1863.5
10961.5
10513.5
13993.5
4402.0
13627.5
5439.0
12769.0
14414.0
4050.0
13051.0
6219.0
13195.5
4959.0
12271.0
9530.5
11865.0
10095.5
13446.0
10980.5
6515.0
12794.5
7866.0
10605.0
5926.0
11124.5
11395.0
10541.5
13393.0
12377.5
2665.0
8845.0
13367.5
15082.5
4511.0
13288.0
11417.5
10056.0
14216.0
12925.0
11108.0
10153.5
4033.5
12104.0
12681.5
2587.5
10233.5
12766.5
14629.5
12523.0
12762.0
8888.5
10972.5
11606.0
13221.5
10176.5
12836.5
10601.5
10110.5
12005.5
12066.5
11648.5
13855.0
10978.0
13252.5
13280.0
6305.5
12837.0
10957.0
11993.0
13478.5
11404.0
10986.0
7978.0
11242.5
10070.5
12844.5
14411.5
15498.5
12952.5
16335.0
3663.0
8601.0
12927.0
10438.5
13200.0
5299.0
6547.0
419.5
7144.0
9228.0
5577.5
12343.5
11102.0
6125.0
15180.0
12302.0
11699.5
2313.5
11682.0
12340.0
12565.5
12849.0
6248.0
13348.0
14806.0
4806.0
0
11026.0
10297.5
868.0
9457.0
9921.0
5515.5
0
5337.0
11050.5
10203.5
12459.0
11108.5
14977.5
6636.0
1883.5
14060.0
12837.0
12396.0
13767.0
0
10934.0
14557.5
6248.0
0
13760.0
10697.5
8536.5
10269.0
14401.0
11385.0
10339.5
14481.5
1493.0
13628.0
12398.5
11224.0
0
12275.5
9186.0
0
7240.0
10777.0
11614.5
12581.5
13237.5
11645.0
6533.0
6071.0
13086.5
13786.5
10577.5
11423.0
10868.5
10552.5
13906.5
12515.5
13504.5
14517.0
11901.0
13638.0
13130.0
11901.0
1122.5
14214.0
10140.5
11351.5
11520.0
10213.0
5612.0
3721.0
13596.5
13869.0
12446.5
10943.0
13298.0
12904.0
13224.5
5770.5
3902.0
10169.5
2643.0
12995.0
13627.0
11038.5
13864.0
10083.0
11897.5
13554.0
11071.5
12961.5
5970.0
0
10049.0
12812.0
3202.0
13724.5
14353.0
12831.0
11406.0
13611.0
11631.0
7653.5
5438.0
10507.0
13024.0
11328.5
0
10050.5
11456.5
12398.5
13563.5
126.5
12079.0
11116.5
14564.0
7203.0
4031.0
13800.0
5983.5
13046.5
13689.0
12194.5
13291.5
13172.5
11587.0
11602.5
12819.0
5695.5
11033.5
12774.5
10142.0
12892.5
12876.0
12741.0
6205.5
14361.5
13421.0
10117.5
6158.0
5364.5
1583.0
15602.0
5910.5
13246.0
11305.5
12271.0
8391.0
13289.0
12949.5
10959.5
13143.5
12737.5
13994.0
13436.5
12050.0
11270.0
14936.5
10330.0
11037.5
14598.5
7348.0
12018.5
2494.5
5366.0
7313.5
5697.5
8965.5
12757.5
11868.0
13425.0
13280.0
11473.0
7332.5
13543.0
11035.0
10988.5
13092.5
7068.0
11607.5
13677.5
11860.5
13593.0
12786.5
12744.0
11549.5
4261.5
11697.5
14471.0
12668.5
10604.0
2658.0
13262.0
13085.5
13414.0
6323.5
12154.0
13419.0
13514.5
1219.0
10090.0
10833.0
6905.5
14824.5
10069.5
12823.0
13227.5
13530.0
14193.0
13272.0
14194.0
6218.0
12847.5
13712.0
10311.5
14060.0
14835.5
12757.5
13187.5
11372.5
12608.0
13030.0
12885.5
10068.5
13827.5
13555.0
9090.5
10956.0
7376.5
12926.5
11737.0
12950.5
1368.5
11703.0
12861.5
10061.0
13183.5
13311.0
13481.5
126.5
10501.5
10864.5
12916.0
13535.5
7647.5
11055.0
5388.5
13703.0
4654.0
13401.5
10249.5
13300.0
13632.0
13537.0
12086.5
12846.5
419.5
0
14370.0
1882.5
12846.0
8496.0
11385.0
13036.0
10529.5
0
10060.0
14091.5
13063.0
12773.5
13124.0
12949.5
13110.0
1996.0
7181.0
13171.5
16749.5
12190.0
10997.0
12034.0
10571.0
13410.5
11001.0
13087.5
13313.0
8152.5
2330.5
10553.5
14283.0
14096.0
11314.0
9282.5
13205.0
68.0
10551.5
10458.0
11916.0
13589.5
11385.5
14091.5
13981.0
12723.0
10691.0
12841.0
13299.5
13014.5
12898.0
11478.0
12391.0
12863.5
11979.0
12869.0
6784.0
13586.0
11870.5
13835.0
11521.0
13104.5
10523.5
12830.0
12961.5
13180.0
11385.5
13317.0
10167.5
12838.0
12677.0
12174.0
10990.0
14004.0
13831.0
13406.0
13890.0
13639.5
12334.5
13410.0
14152.0
13094.5
10526.0
7323.0
12596.5
13298.0
13125.0
13343.5
10095.5
6641.5
11299.5
13406.0
12582.0
14133.5
14329.0
13671.0
13670.0
8267.0
12200.5
11366.5
1231.5
14607.0
13514.5
5822.5
12471.0
10090.0
13756.0
13227.0
12070.0
12042.5
13001.5
13180.0
12944.5
14762.5
15091.0
10567.5
12700.0
3757.0
13792.5
13772.0
14217.5
13095.5
9145.5
13026.5
3215.0
13523.0
11195.0
13659.5
13812.0
13068.5
14133.5
12535.0
3642.5
10289.0
10647.5
12839.0
10554.5
14468.5
7142.5
13739.5
10955.5
13604.5
12381.0
5705.0
14440.0
3325.0
10941.5
13181.5
11402.0
11450.0
13298.0
5377.0
11405.0
6085.5
13002.0
12805.0
13352.5
13710.5
14565.0
14052.0
11384.0
11661.5
6142.5
12304.0
13297.5
14730.0
12753.5
6022.0
13170.0
13069.0
13403.5
1219.0
12276.5
12257.0
12188.5
14216.5
12749.5
12893.0
7595.0
4498.5
13841.5
7654.0
12911.5
13290.5
12753.0
13787.5
14307.5
12849.0
10738.0
10122.0
12020.0
14287.5
12398.0
11578.0
15051.5
13532.5
12276.0
13585.5
13241.0
13282.5
11927.5
14377.0
13207.5
13445.0
11952.0
13816.0
10506.0
13016.5
11831.0
0
12906.0
302.0
6425.5
0
0
12899.5
12038.5
7594.0
13772.0
14114.5
10856.5
10855.5
12744.0
10401.0
13756.0
13472.5
0
11955.5
14181.0
13707.5
8865.5
10064.5
13534.5
12895.5
13256.5
13807.0
11427.0
12674.0
13078.0
12832.5
12230.0
13312.5
10879.0
14165.0
14497.5
13420.5
14134.0
12788.5
3524.0
12546.5
13571.5
12826.5
14636.5
12273.5
12842.0
13115.5
12181.0
7955.5
14038.0
12277.5
11222.0
12413.0
13199.5
13041.5
4924.0
12878.5
11033.5
12411.0
13306.0
6657.0
10634.0
14158.5
13295.5
12700.0
7447.5
13099.0
9688.0
14175.5
13371.5
11516.5
10512.5
0
13052.5
12899.5
13497.0
10137.5
12672.0
11440.0
12396.5
790.0
14823.0
12599.5
12955.5
13203.5
13369.0
13260.5
9055.5
12049.0
13276.5
6883.5
13272.0
12757.0
4371.0
10186.5
10773.0
13162.5
11211.5
2676.0
6658.5
10838.5
12811.0
10939.0
13054.0
2970.5
13212.5
14299.0
14481.5
11151.0
10618.0
13239.5
13563.5
13926.0
0
13291.5
13936.5
10534.0
7075.0
6256.0
10599.0
2919.5
13713.5
13660.5
10700.5
10258.0
13739.5
9604.0
9873.0
13811.0
10123.0
6199.5
14746.0
13622.5
13166.0
5772.0
11649.5
13109.0
7085.0
12967.0
0
10517.5
15249.0
11920.5
419.5
14341.5
12846.5
12791.0
13557.0
9936.5
13478.5
13335.0
7546.5
14245.5
12463.5
12892.0
11848.0
9835.0
6577.0
6201.0
11840.0
7877.5
4976.0
13280.5
11847.0
10557.0
14753.5
14367.0
14358.5
11957.5
14327.0
5850.5
13684.5
9791.5
13134.5
5313.0
11957.5
8492.5
12380.5
11464.5
12368.0
13371.0
12486.5
13539.0
13824.5
12621.0
1767.5
12851.5
13383.0
12922.0
11345.0
14549.0
13297.5
10125.5
10720.5
13685.5
10999.5
860.0
12919.5
11096.5
8327.0
12653.0
12611.5
11550.5
13050.0
3172.5
10677.5
12195.0
14146.5
11693.5
14103.5
12830.0
13183.0
12427.5
13610.5
6260.0
14598.5
9588.0
7626.5
13030.0
10135.0
13670.5
7350.0
14180.0
13180.0
10236.0
11122.0
15190.0
12932.0
68.0
812.0
6531.5
13531.0
11002.0
13389.5
10266.5
12878.0
13977.0
15364.5
10995.5
15473.5
809.0
12805.5
11501.0
9991.5
6757.0
10606.0
15182.5
13041.0
11043.0
13374.0
12483.0
13648.5
13111.0
14455.0
11832.5
13046.5
10055.0
13993.5
13323.0
13978.5
12511.0
12166.5
2069.5
14733.5
68.0
14056.0
13911.0
14030.5
13849.0
14965.5
12337.0
5362.0
13213.5
3622.0
12523.0
12830.0
15205.0
14518.5
13376.5
11573.5
4829.5
14583.5
10989.0
14577.0
13071.0
14360.5
12133.0
10496.5
13678.5
9550.5
14388.5
8185.0
8858.5
14047.5
11751.5
13682.5
12723.5
13642.0
14234.0
1902.0
13096.5
11691.5
11265.5
13744.0
12403.5
14646.5
13214.0
12435.0
3921.0
7791.5
13203.0
11931.5
13654.0
10873.5
10534.5
6481.0
12337.5
0
7508.5
10981.5
12278.5
879.5
11841.0
14610.5
10603.5
11239.5
13643.0
10904.5
5244.0
5437.0
14806.0
13413.0
11329.0
10527.0
13107.5
12355.5
10110.5
1884.0
12822.5
11114.5
12714.0
11295.0
10252.5
12398.5
13631.5
10628.0
13527.0
11839.0
13232.5
2883.0
2063.5
13032.0
13229.5
7656.0
2807.0
0
6784.5
4563.0
5632.0
13468.0
10801.0
10124.5
10882.5
6419.0
11457.0
9555.5
13070.0
12403.5
10675.0
13189.0
12125.0
10964.0
11230.5
13683.5
12855.0
12731.5
15195.0
11739.0
13064.5
5201.0
13356.0
13639.0
5163.5
12363.0
1476.5
13728.0
4826.0
11706.0
14203.0
14642.0
13726.0
7221.5
7991.5
13530.0
10338.0
12947.0
9128.0
10060.0
12043.5
12040.0
12310.5
0
11878.5
10058.0
10693.0
4014.5
13183.0
14446.0
13842.0
12571.0
12120.5
0
13178.0
7361.5
10193.0
1123.0
14336.5
13067.0
10085.0
3939.5
14583.0
10804.0
12921.5
10232.0
10526.5
14352.5
6419.0
12068.5
12383.5
15185.0
1071.5
9839.5
5094.0
13228.0
10423.5
11382.0
13182.0
3967.5
14859.5
14063.0
10268.0
9272.5
13440.5
6940.0
12857.0
10559.0
13790.5
12863.0
2271.5
5211.5
13180.5
12807.5
12963.0
1474.5
14097.5
11242.0
9696.0
14389.0
14036.5
11502.0
13946.5
6421.5
13144.0
14453.0
12405.5
12483.5
10482.5
12401.5
6874.0
15525.5
13352.5
14638.0
8752.0
10983.0
12128.5
11848.0
5734.5
12771.5
2418.5
8093.5
13763.5
12991.0
8540.5
11676.0
10267.5
11117.5
11092.0
9657.0
7068.5
10263.5
14215.0
6927.5
10113.5
13861.5
13545.5
11879.5
12908.5
13001.0
13043.0
15173.0
9095.0
14013.0
11165.0
5370.5
12105.0
13324.5
7461.5
2235.5
2977.0
11123.5
3143.5
10756.5
13124.0
13029.5
10704.0
16295.5
0
6964.0
1231.0
13438.5
11489.5
13611.0
13878.0
14337.5
1219.0
10102.5
12816.5
10211.5
0
10938.5
11935.5
11944.0
13786.0
10164.0
12184.0
13137.5
11186.5
12460.0
11559.5
10127.5
12767.0
12794.0
13458.0
11114.0
10210.0
13055.5
12932.0
11014.0
4064.5
14044.5
6442.0
14649.5
10734.5
11005.0
4624.0
10867.5
13289.0
7228.0
790.0
13860.5
0
13460.0
13328.0
11016.5
12134.0
10234.5
15174.0
12482.5
12099.0
13034.0
10533.0
1230.5
11072.5
13029.5
4232.0
478.0
6503.0
14589.5
12771.0
13985.0
7642.0
2458.0
0
12923.0
0
13071.5
14264.0
13416.5
13184.5
13837.5
12013.0
13333.5
13127.5
5922.5
13208.5
13742.0
15005.5
13810.5
11413.0
13992.0
13036.0
5827.0
7376.5
9444.5
10582.0
14645.5
13437.5
5705.0
10984.5
13339.5
11537.0
11046.5
11466.0
13724.5
12823.5
11309.5
0
12564.0
10087.0
13425.5
13539.0
11147.5
10081.0
841.0
10010.0
13380.0
13375.0
11957.0
8349.5
0
14182.0
13970.0
13916.5
13463.0
16125.5
13561.0
10103.0
14068.0
13243.0
13487.0
13357.0
13382.0
5568.0
12387.5
9087.5
6142.5
7156.0
4621.5
13761.0
12459.0
12998.0
11497.0
10670.0
10069.0
15233.5
7202.5
10126.5
14672.5
10562.0
11899.5
13904.5
12052.5
13916.0
10971.5
12869.0
13845.0
12868.5
6117.0
7604.0
12127.0
7938.5
11029.5
7182.0
13034.0
12388.0
14201.0
6649.0
8826.0
13205.5
13863.5
7514.5
7497.0
11005.0
13525.5
13402.0
14731.5
13199.5
7079.0
14394.0
12386.0
5416.0
14745.5
10066.0
7971.0
14715.5
6688.0
14509.5
11459.5
11863.5
12985.0
10056.0
13241.0
14011.5
12260.5
11898.5
7654.0
14674.5
11937.5
14718.0
5279.0
6018.5
14908.5
0
13716.5
13756.5
14698.0
12907.0
11366.0
7611.5
12392.5
7086.5
12985.0
0
13590.0
6036.5
15453.0
15114.0
13796.5
10459.0
13134.0
14565.0
12741.0
14190.5
10531.0
11318.5
16068.5
12301.5
12997.0
12324.0
13295.0
126.5
12964.0
6979.0
14429.5
10227.0
13776.0
10529.0
11169.0
11406.5
12323.0
13472.0
13375.0
13331.0
12707.0
11266.0
11491.0
13451.5
12961.0
9491.0
12068.0
13622.5
12504.0
10643.0
8900.5
10993.5
68.0
12924.5
758.5
11719.0
5440.5
16378.0
13378.0
13294.0
13086.0
14709.0
10730.0
13344.0
14573.5
13192.0
12695.0
12306.5
12317.0
13498.5
15001.5
0
13138.0
10259.5
12772.5
12955.5
10105.5
12961.5
13538.0
12611.0
13501.0
10127.0
2275.0
2148.0
13985.0
13108.0
14073.0
14708.5
13379.5
10590.0
10091.5
13446.0
13658.5
14077.0
14107.5
13033.0
13490.0
10308.0
12499.5
13371.5
5307.0
12916.0
14300.0
13994.0
10591.0
11051.5
13945.5
15753.5
10518.0
3493.5
11662.0
13035.0
11660.0
14382.5
13155.0
13877.0
15209.0
13660.0
13261.5
13515.5
14116.5
12613.5
1827.0
6503.5
12452.0
11846.0
13306.5
12892.0
13609.0
13888.0
14957.5
10587.5
13890.0
12230.0
10782.5
5713.5
12292.0
0
14253.0
3160.0
13224.0
12343.5
14325.0
13776.5
15089.0
12754.5
8395.0
12577.5
13911.0
2606.0
13468.5
12507.0
13417.5
12584.0
14256.5
8825.0
5243.5
5050.5
13652.0
7113.5
11770.5
2639.0
11899.0
1123.0
5524.5
12751.5
2915.5
14366.0
2369.5
14103.0
115.5
1257.5
7890.5
12453.0
6780.5
13966.5
11910.0
10957.0
12286.0
6551.0
13530.0
10237.0
12721.5
13161.0
10572.0
5460.0
12809.5
5086.5
13010.5
12782.5
12867.0
14141.5
8598.5
14379.0
12757.0
12537.5
13122.0
12581.0
2229.5
12290.5
7590.5
4714.5
12187.5
10499.0
14841.5
1516.0
10136.0
13181.5
10793.0
12753.5
13855.5
11075.0
4622.5
13035.0
14535.5
12942.0
2392.0
14078.5
14016.0
13096.5
14642.0
10663.5
13385.5
13410.0
14570.5
11979.0
11963.0
3893.5
12958.0
13395.0
12934.5
13462.0
10915.5
11782.5
12124.5
0
14665.0
9622.0
14464.0
12887.5
15732.5
10609.0
15497.0
13030.0
12434.5
12407.0
0
13888.5
13094.0
6367.5
12700.0
10088.5
2569.0
12827.5
14004.5
12751.0
13856.0
5849.5
12732.0
12071.5
11456.5
13534.5
985.0
13234.5
12328.5
14631.0
15203.5
5364.0
12735.5
15372.0
15284.5
11441.5
9083.5
13116.5
12946.5
14170.5
14123.5
3351.5
14050.5
12847.0
12179.5
13210.5
8729.5
4748.0
10606.0
13261.0
6287.0
13143.0
11892.5
11005.0
13244.0
0
8662.0
14985.0
14563.0
6158.5
10918.5
12860.5
12937.5
14997.0
7668.5
10672.0
11017.0
5731.5
10104.5
11417.5
13632.0
14867.0
11423.0
12011.0
13772.5
14603.5
14509.5
12995.5
10581.0
4346.0
9728.0
10505.0
11558.5
7348.0
14337.5
2907.0
7274.5
14555.5
0
6725.5
15430.5
11554.0
15185.5
14667.5
13772.0
12786.5
4951.5
14141.5
10565.0
9638.5
11937.5
12009.5
13068.5
8375.5
13022.5
1193.0
13718.0
12824.5
14106.5
12775.5
13738.0
6791.0
13250.5
9572.5
12811.0
12089.0
11600.5
0
5109.5
14808.5
11164.0
12149.0
716.0
8221.5
13956.5
12754.5
14241.5
13653.0
15097.5
10998.5
12708.5
10085.0
10586.0
13537.5
11395.0
14957.5
10703.5
12707.5
4348.5
13126.0
6898.5
13096.0
11424.0
13875.5
13652.5
12727.5
14025.0
13367.0
11792.5
12872.0
10529.0
14221.5
7923.5
12196.0
12739.5
12534.0
3333.0
12980.0
13979.5
14453.5
2293.5
11603.5
5457.0
10623.5
13144.0
11078.0
12415.5
5799.0
10918.0
13647.0
6723.0
11617.5
14427.5
12881.5
13146.0
11459.0
10350.5
13871.5
14512.5
14519.0
12759.0
13489.5
10502.0
14136.5
12144.5
12750.0
13540.0
14541.5
6224.0
9254.0
13255.0
7622.5
11932.5
12410.0
7698.0
14191.5
10932.0
10253.5
14274.5
419.5
13172.0
10260.5
1942.0
10281.5
12329.0
13737.5
8200.0
11092.0
15112.5
13826.5
12980.5
13143.0
7853.5
7781.0
10491.5
5882.0
0
2218.0
14188.5
13467.5
10050.0
14972.0
12889.5
14615.0
11916.0
5878.0
10958.0
14656.0
12016.0
13195.5
11452.5
13906.0
13737.5
11112.0
6927.5
11512.0
6811.5
14602.5
5644.0
10995.5
10192.0
12882.5
13769.0
14493.5
13032.5
13315.0
13544.0
13915.5
0
12783.0
12801.0
11907.0
0
9202.5
13728.5
0
11957.0
10273.5
13094.0
13054.5
8193.0
12864.5
14334.0
14206.0
12836.0
11856.0
13260.5
14926.0
11347.0
11511.5
13683.5
13024.5
5341.5
10858.0
3212.0
14631.0
14550.0
13709.5
10108.0
10510.0
7671.0
11606.5
5126.0
13036.5
3957.5
13697.0
1570.5
15553.5
13833.0
6008.0
13772.5
13429.0
11399.5
14210.5
13833.0
4736.0
12012.5
12768.0
13659.5
11916.5
13238.0
12901.5
11401.5
11861.5
14487.0
13971.0
12801.0
0
10526.5
14350.0
830.0
14754.0
12787.5
13718.5
13025.5
14061.0
12571.0
4422.5
10752.0
14167.5
1795.0
12399.5
3417.0
10201.5
13514.5
12848.5
13157.0
10556.0
8543.0
13246.0
13304.5
10527.5
13983.0
15400.0
15133.0
15623.5
12622.0
14907.0
10164.5
12811.0
14798.5
11345.5
11686.5
12967.5
2641.0
13839.5
13706.5
11053.0
12902.5
10975.0
12903.5
14113.5
12919.0
13555.5
3017.0
13348.0
12899.0
11127.0
13476.5
0
13643.0
12513.5
15545.0
10607.5
11890.5
11313.5
12721.0
4729.5
4031.5
10649.5
13046.5
12342.0
13015.0
15006.5
13715.0
11849.5
12979.5
11903.0
2292.0
14712.0
13078.5
3215.5
2420.0
10118.0
14031.5
13643.5
11528.5
12719.0
14220.0
13805.5
13652.0
8938.5
12853.0
12442.0
12004.0
14678.0
14122.0
11522.5
13305.5
12560.0
6867.5
12833.0
14629.5
11718.0
12315.5
13833.5
12115.0
13612.0
13250.5
9829.5
8447.5
12128.0
7485.5
7786.5
5199.5
9486.5
13790.0
12895.5
13216.0
5617.0
13536.0
4832.0
15353.0
9534.5
14007.5
13540.5
15428.0
13515.5
14242.0
12813.5
5758.0
13652.5
14257.0
10069.5
14411.0
12927.5
10960.0
13718.0
13539.0
8321.0
13238.0
13773.0
13745.0
11965.5
13578.0
13156.0
12027.0
14486.5
10095.0
14796.0
13790.0
13580.5
13273.0
12545.0
12946.5
10244.5
14416.5
11816.0
13709.5
14051.5
13223.5
10130.0
10201.0
12841.5
13616.0
13030.5
10076.0
12665.5
10904.5
13086.0
12786.0
14017.0
13344.0
13833.0
1707.0
13246.5
4739.5
14863.0
7969.0
13069.0
10591.5
14907.0
0
13107.0
12767.0
790.0
13918.5
12943.5
2901.5
11051.0
12497.0
0
13112.5
11424.5
12056.0
6842.5
1772.0
12782.0
9806.0
12800.0
829.5
9632.0
2684.0
13122.5
5382.5
14410.0
13052.0
12618.5
13662.0
5064.0
6761.0
12144.0
13821.5
12855.0
13299.0
0
1972.0
15188.0
13869.0
13582.5
13418.5
13654.0
10995.5
5554.0
13808.0
13355.0
13261.0
14500.0
10587.5
14077.5
10479.0
14616.5
8629.5
13214.5
15397.0
14346.5
1141.5
68.0
13113.5
11262.5
13809.0
12987.5
13464.0
13173.0
14426.0
12858.0
12825.0
12941.5
9736.5
7669.5
6430.5
12481.5
12830.0
10132.0
6608.0
6997.0
13141.0
13662.5
11925.5
12983.0
11091.0
14193.0
14297.5
5738.0
13139.0
0
5420.5
0
15005.0
15003.0
11294.5
11878.5
13501.5
13853.0
4792.5
5130.5
13145.0
6186.5
12200.0
14168.5
11146.5
11098.5
15796.5
13268.0
8967.5
14188.0
5944.5
14206.0
13335.5
13221.0
8093.5
5775.0
13881.0
13427.5
13445.0
13461.0
11447.5
8411.5
12620.5
12355.5
15101.0
10361.0
10956.0
6167.0
13521.0
11584.5
12010.0
12104.5
12963.0
2627.5
10818.0
16064.5
11128.0
12841.0
10516.5
6543.5
12887.5
4308.5
13369.0
5660.0
10182.0
6983.0
13244.0
2877.0
2312.5
11347.0
13247.5
14054.0
11402.5
12908.0
13387.5
12321.0
6434.5
12868.5
13763.5
12232.5
13233.5
15376.0
8572.0
5384.5
16361.0
12709.5
12830.5
13832.0
12872.0
11439.0
12762.5
7532.0
13770.5
12952.5
11694.5
10522.0
12617.5
3291.0
14939.0
13497.0
5029.5
10089.0
7345.0
1863.5
12887.5
4121.5
13032.5
14157.5
6822.0
13341.0
11108.0
9192.5
11752.0
14257.5
11422.0
12279.5
13849.5
11196.5
13761.0
12518.0
13948.0
15385.5
12775.0
12259.0
10546.0
1949.5
11985.5
12198.0
11123.0
6218.0
11012.5
11124.0
3385.5
13944.5
7664.0
14466.0
13597.0
5903.0
4678.5
14608.0
13741.0
13197.0
3253.0
12178.5
8774.5
5584.5
14185.5
5985.5
12460.5
13342.5
11591.0
12229.5
10996.0
11956.0
12805.0
10237.5
13767.5
5714.5
13542.0
7817.5
10351.5
13711.5
14470.5
14937.0
11388.5
12998.0
13979.0
11480.5
14083.5
10842.0
11015.0
13324.5
11969.0
12525.0
11990.5
1533.5
9226.5
580.5
11940.0
13434.5
0
13039.5
13285.5
10565.5
12799.0
9765.0
68.0
12552.0
5437.0
13037.5
7653.5
13598.0
12704.5
15073.5
8614.0
10060.0
8589.5
13067.5
9072.5
10329.5
2256.0
5374.5
11734.0
3513.5
11713.5
12276.0
9305.0
11746.0
12931.5
4735.5
11752.5
13313.5
13687.5
12357.5
8626.5
13813.0
14976.0
14191.5
6973.0
14153.0
7069.5
14578.5
12775.0
13385.0
13383.0
12787.5
12908.5
16185.0
16003.5
1512.5
12183.0
12334.0
10920.5
11572.5
14288.0
2881.5
13204.5
5944.5
12717.5
13868.5
14018.5
3342.0
12439.0
12604.5
10597.5
1180.0
5788.0
14514.0
9783.5
14606.5
14681.5
6771.5
12037.5
10002.0
13278.5
11360.0
11010.0
11847.5
2273.0
6284.5
12498.5
12808.0
2530.5
11944.0
12885.0
12703.5
12921.0
13757.0
12937.5
1160.5
14916.5
15452.0
10325.5
11766.5
13274.5
11515.5
13580.5
13609.5
14777.5
12903.5
14693.0
10509.5
15353.5
13106.0
12677.5
2568.0
14710.0
2645.5
13060.0
10084.5
6662.5
13406.5
14658.5
14802.5
12627.5
11458.5
14136.0
11459.0
14675.0
14282.5
14110.0
12836.5
12542.5
13256.5
13338.5
13160.0
12839.0
13757.0
8456.0
11538.0
14912.0
5849.0
6555.5
13930.0
13417.5
2787.0
5377.0
10337.0
14892.0
13519.5
12087.5
15075.0
13329.0
13216.5
12142.0
12994.0
6051.0
11424.5
0
13966.5
10541.5
13769.5
12936.0
11405.5
1532.5
13691.0
12744.5
12071.0
6704.5
13319.5
12199.5
12242.0
14750.0
0
5595.0
13872.5
5923.0
11833.0
13106.5
11126.0
10813.5
13493.5
13051.0
11861.0
14862.0
5556.5
12067.5
10579.0
10119.0
5470.5
13253.5
12400.0
13935.5
15189.0
13447.0
10858.0
14554.0
14363.0
12595.5
12107.0
14684.0
10544.0
10117.0
11676.5
10936.5
7313.5
12311.0
14001.5
12391.5
10707.5
14120.0
13227.5
11771.0
13412.0
0
13634.5
4364.5
5104.0
11927.0
14150.0
10503.0
11139.0
11022.0
13688.0
6200.5
10511.0
12549.5
13986.0
14558.0
14406.0
13990.5
13038.5
11867.5
11106.0
13677.0
14423.0
1512.5
3330.0
13986.0
10599.0
15886.0
11345.0
12868.0
13209.5
11737.0
14412.5
11351.0
11570.0
0
12901.5
6551.0
14840.5
7091.5
14268.0
1628.0
13015.0
10282.0
10935.5
15500.5
12706.5
13223.5
2710.5
6802.0
14361.5
13810.5
4593.5
478.0
14250.0
12056.0
13479.5
12782.0
14634.0
5516.0
11114.5
10899.5
12725.0
13316.5
16392.5
13249.5
11459.0
13074.0
438.5
14503.0
10569.0
12025.5
14014.0
6513.0
6024.5
841.5
14413.5
12535.0
12956.5
1582.0
5613.0
12468.0
13393.0
11101.5
10907.5
13256.5
12871.0
14511.0
11998.5
13442.5
13722.5
12088.5
11686.0
11614.0
790.0
12904.0
10644.5
12445.0
6488.0
15721.0
1928.0
13214.5
13444.5
14082.0
13728.0
13348.0
10260.5
13071.0
6286.0
10976.5
7152.0
6000.0
10294.0
13183.5
10062.0
15842.0
9165.5
10510.0
1532.0
10293.5
12797.5
10111.5
12892.5
11613.0
13504.5
13344.5
6745.0
13805.0
10096.5
6306.5
10587.5
12860.0
11165.0
13820.5
14342.5
11570.5
13833.5
12603.0
11157.0
13023.0
14715.0
5811.5
12897.0
10843.5
13926.5
14666.0
13191.0
12114.5
12496.0
13327.5
12226.5
14025.0
14898.5
14276.0
13279.0
12220.5
10302.5
13838.0
14804.0
8234.5
11882.5
11254.5
12848.0
12100.5
12085.5
13497.0
14081.5
12698.0
6391.0
0
13337.5
13087.0
11568.0
8607.5
14380.5
13616.0
13768.0
68.0
12819.0
6017.5
13505.5
13718.5
9074.0
13546.5
13222.0
12231.5
12507.0
14690.0
12221.0
471.0
15578.5
13022.5
7908.0
15453.0
8534.5
8589.5
7123.0
13899.5
10089.5
6226.5
10898.5
10948.0
13479.0
10369.0
9607.0
14504.5
13936.5
13259.0
11070.0
12340.0
6551.5
419.5
12628.5
13023.5
10168.0
13560.5
13982.5
12293.0
13281.0
13046.0
9704.5
10134.5
12447.5
10106.5
0
8754.0
11985.5
7460.0
11560.0
12143.0
2140.0
0
15045.5
15254.5
14074.5
14953.0
13854.0
12854.5
7236.0
10256.5
5326.5
11619.0
14438.5
6268.5
13843.5
13351.0
13048.0
13009.0
13650.0
10272.5
14164.5
13487.0
0
12700.5
11349.0
14426.0
11829.5
12583.0
14102.5
11616.5
13319.0
10623.0
14139.5
12744.0
9292.5
6141.5
5399.0
5924.5
14224.5
12964.5
12887.5
6000.0
10849.5
12310.5
5864.0
10275.5
10146.0
13230.0
12848.5
12746.5
11012.5
13539.0
11910.5
12939.5
14218.5
11677.0
13508.0
13583.5
13063.5
13528.5
11718.0
14135.5
6256.0
14544.5
1211.5
12260.0
12755.5
10863.5
0
68.0
11882.5
12409.0
14911.5
10663.0
10607.0
13919.5
12720.0
12731.5
10503.5
13044.5
13205.0
12808.0
13902.0
11237.5
1609.0
13673.5
13727.5
12340.5
8955.0
16609.0
12756.0
5488.0
12583.5
7904.0
14567.5
14511.0
11558.0
10491.5
14589.0
12308.5
5773.0
7820.5
7117.5
6011.5
12068.5
12779.0
12648.0
13348.5
12574.5
12856.5
11457.0
7277.5
11541.0
13272.0
6279.5
13138.5
10864.5
10485.5
10162.0
12922.0
13105.5
12465.0
12440.5
13501.0
13981.5
12129.0
12179.0
13789.5
13279.0
3683.0
7248.5
10951.5
15513.5
13766.5
12739.5
11719.5
10101.0
0
14039.0
12996.5
12425.5
11112.5
11604.5
15795.5
0
10536.0
13092.0
6967.5
11142.0
16084.0
1141.5
9258.0
13739.5
9661.5
7526.5
13907.5
12333.0
13583.0
11951.0
5904.0
11260.0
11438.5
12750.5
11291.5
13856.0
11126.5
11312.5
13361.5
10981.5
13484.5
13173.5
13963.5
13797.0
13225.0
12611.5
13045.0
8270.5
13206.0
13864.5
4053.0
14738.5
11166.0
9597.5
11017.5
2940.5
12000.0
12883.5
1954.0
12375.5
6923.5
13700.5
6649.0
4904.5
10708.0
10967.5
11860.0
14348.0
14230.0
12982.0
8343.0
13644.0
9184.0
12813.0
15970.0
10955.5
12333.0
11553.0
13197.0
10975.5
6143.0
12508.5
8624.5
12653.5
12941.0
0
11755.5
7628.0
10356.0
1219.0
12961.5
13372.5
13198.5
14888.0
11614.0
12253.0
0
13108.5
13093.0
11876.5
12501.5
12054.5
0
11952.5
2350.0
13287.0
13806.0
6738.0
10264.5
6151.0
12171.0
11417.5
13106.5
13330.5
11623.0
10262.0
13005.0
1570.5
13045.0
11882.0
14056.5
11989.5
14186.0
12981.5
9229.0
8423.0
11588.0
12923.5
14201.5
6213.5
11959.5
12895.0
10833.5
13750.5
5085.0
8444.0
12635.5
14397.0
13919.0
13914.5
15129.5
12758.0
13881.5
13207.0
11567.5
13583.0
11267.0
11747.0
14077.0
10101.0
10133.0
13590.5
10702.0
10504.5
11467.0
9959.5
1924.0
12827.5
14729.0
6916.5
10850.5
0
12821.5
15600.5
12530.0
13633.0
13593.5
13322.5
13759.5
8699.0
13338.5
13447.0
6761.5
15115.0
12165.5
6536.5
10072.0
5935.0
5865.0
14385.5
13613.5
16353.0
13082.0
12818.0
13512.0
13125.5
15118.0
14845.5
8410.5
12905.0
14912.0
13095.0
12313.5
10414.0
12380.0
12788.5
10795.0
10180.0
10075.5
13231.5
12891.5
1231.5
7271.5
9545.5
12900.0
13521.5
8037.0
13218.0
9137.0
10810.5
8383.5
13461.5
13012.0
11813.0
7764.5
13087.5
11335.0
9378.0
13169.5
10702.5
6515.0
13380.0
15687.5
14162.0
6478.0
16102.5
14486.5
12014.5
12838.5
14634.0
11385.5
10559.0
5723.0
13436.5
11258.5
9156.0
12482.5
12203.5
14553.5
14388.5
8771.5
4925.5
10738.5
13032.5
12734.5
13880.0
11587.0
12923.0
10071.0
7402.5
13709.5
13324.0
12453.5
14093.0
13274.5
13487.5
12920.5
13551.0
13050.0
10636.5
10145.5
12048.0
6124.0
13168.5
14311.0
11588.0
10197.5
10988.5
13370.0
8717.0
12988.0
8157.5
13192.0
13329.0
11833.0
11478.0
9347.0
11143.0
68.0
5
13388.5
11759.0
13874.0
15245.0
13744.5
10692.5
13958.5
9559.5
13051.5
13350.5
6174.0
14298.5
11177.0
11520.0
11666.0
11432.0
9944.0
3812.5
13910.5
879.5
9660.5
14767.0
14125.5
11204.5
12340.5
13609.0
14816.0
13720.0
11802.0
14070.5
13510.5
12023.5
15964.5
15520.5
10113.0
12904.5
12912.0
12700.5
5513.5
4957.0
13976.0
14461.5
11590.5
11759.0
11161.0
13444.0
11335.5
12816.0
11352.0
17995.5
6749.5
13611.5
7007.5
11448.0
0
14614.0
14736.5
13167.0
9586.5
12114.0
13054.5
6547.5
11938.5
12655.5
11570.0
12627.5
2574.0
14441.0
13838.5
13048.0
13258.5
12721.5
10312.0
11107.0
13921.0
13395.5
12165.0
13197.5
11514.0
14222.0
10960.5
12751.5
12852.5
12110.0
13680.0
13199.5
14864.0
13798.5
12103.5
13495.0
11404.0
10590.0
13734.0
14650.5
10108.0
10713.0
13001.5
14808.5
7142.5
3169.0
14793.5
12609.0
14308.0
12850.5
10691.5
11339.0
6179.0
12131.0
12847.5
12804.0
10509.0
6794.0
811.0
10140.5
14559.0
15142.5
8184.0
10153.5
10979.0
11430.0
1864.5
11837.0
13571.0
10314.5
13396.5
12941.0
15240.5
10481.5
13765.5
13831.5
13043.5
13551.5
10970.5
12535.0
8011.5
12000.5
5437.5
11828.0
8665.5
12013.5
13045.5
12831.5
13784.5
12819.5
14648.0
14086.5
13792.5
0
8418.0
5497.5
10942.5
11943.5
14693.0
13359.5
7011.5
12918.0
11474.0
13414.5
10446.0
12754.5
13784.0
5885.5
14613.0
13376.0
12854.5
11912.0
13467.5
13374.0
1512.5
8164.5
13351.0
13886.5
11628.5
12120.0
13937.0
12409.0
6164.0
13388.0
12666.0
13005.5
11027.5
10571.0
5566.0
7652.0
10597.5
10127.5
12507.0
14861.0
14006.0
9665.0
7083.5
0
14128.0
12665.5
0
11406.5
10070.0
10066.0
14093.0
14769.0
8161.0
7581.5
12096.5
13967.0
14130.0
13635.5
7169.5
13275.0
13494.0
0
13094.5
10141.0
12979.0
0
10950.0
12730.5
14170.5
12760.5
13698.5
12498.0
14503.5
13090.0
13012.5
12943.0
15507.5
1961.0
13350.0
9649.0
15025.0
6887.0
12204.0
11783.5
14756.0
14590.5
10420.5
13672.5
13862.5
12412.5
15671.5
10346.5
10894.5
11424.5
14421.0
13501.5
13643.0
12108.0
13378.5
13896.0
14685.0
13574.5
11861.0
13945.5
12864.5
11319.0
13191.5
13498.0
5754.0
13016.0
13244.0
752.5
11065.5
7260.5
6206.0
10644.0
10055.0
5790.0
5694.5
10070.5
13698.0
10086.5
8262.0
13785.5
0
10095.5
13815.0
7811.5
10177.5
12969.0
0
13547.0
13061.0
12669.5
12735.0
12025.0
13043.5
13313.0
10336.5
12801.5
6545.0
14020.0
8412.0
10839.5
10045.0
8174.5
11395.5
11969.5
12691.0
12264.0
13509.5
13546.5
12379.0
12491.0
15949.0
13043.0
3009.0
8514.5
13757.0
0
12529.0
10353.0
5640.5
2311.0
14067.0
5827.0
13318.5
6367.0
14754.0
13047.0
11628.0
10955.0
12615.5
13886.5
11579.5
6397.0
14414.5
13143.5
13070.5
6220.5
0
11760.0
0
11284.0
12304.0
13699.0
13398.5
13985.0
15128.0
12493.0
12866.5
10551.0
10103.5
14058.0
11734.0
5531.0
13688.0
13861.0
12926.5
7293.5
12799.5
13380.0
14943.5
10080.5
13515.0
13279.5
14208.0
11091.0
12273.5
11040.0
14897.0
11803.0
11402.5
5146.0
12725.5
12884.5
13270.5
11164.0
10056.0
12848.0
12156.0
12219.5
13358.5
13737.5
10183.5
12157.0
10161.0
14309.0
14209.0
12481.5
7535.0
14435.5
12127.0
15392.0
13340.0
8730.0
13047.0
14195.5
13510.5
12927.5
12249.0
14699.0
12900.0
10053.5
8262.5
13835.5
12066.5
12495.5
11933.5
13630.5
12373.0
13402.0
6906.0
10255.0
13347.5
7336.5
13323.0
12609.5
12173.5
11881.0
10622.5
6882.5
12792.5
7526.0
5885.5
14302.0
11757.0
15173.5
11852.0
0
10051.0
13119.5
13701.0
10389.5
12028.0
11824.5
10627.5
13646.0
10995.0
1883.0
10488.5
11018.0
11076.5
10120.5
14550.5
11933.5
15579.0
14421.0
6498.0
10255.5
16098.0
14067.0
12888.5
14622.5
12492.5
13369.0
10924.5
15240.5
13269.5
6604.0
8733.0
1589.5
10958.5
5442.5
7289.5
10950.0
13956.5
14117.5
14173.0
14693.5
12125.5
13442.5
15413.0
11617.0
12835.0
0
4672.5
2286.0
0
14243.5
2239.0
11459.0
14177.0
12907.5
11494.0
11400.5
13536.5
13904.5
13582.0
14107.5
12299.0
13796.5
13400.5
10635.5
13752.5
13607.0
12621.5
10809.0
13221.5
13278.0
13383.0
8613.5
13053.5
12384.5
11465.5
14090.0
2570.0
11592.5
10146.5
0
10567.0
10776.0
13638.0
11131.0
12666.5
12934.0
14307.5
16016.5
14060.0
13284.5
13107.5
14047.0
14496.0
13396.5
12349.5
14343.5
12049.0
12417.5
13531.0
6629.5
14827.0
9648.0
10428.0
13545.5
12775.5
9113.0
13062.5
12837.5
12872.5
12416.5
12772.5
9647.5
10252.0
14491.0
11845.0
13590.0
14489.0
12432.5
13153.0
13162.5
10002.5
13856.0
10656.0
5532.0
12199.0
13476.0
14313.5
13264.0
10606.0
11736.0
7701.0
12489.5
10108.5
2721.0
13580.5
13541.0
13769.5
9867.0
11442.0
9034.0
12392.5
14001.0
13395.5
13247.0
13278.5
12954.5
12242.0
12098.5
12917.0
13404.5
2483.0
8306.5
1122.5
14195.0
12100.5
10180.5
10932.5
13791.0
14338.5
13730.5
12679.5
13933.5
7442.0
5381.5
12829.5
15130.5
11161.5
13136.5
9565.5
1123.0
0
12924.0
13596.0
10568.5
7186.5
12107.5
15074.0
13452.5
10199.5
14102.0
12813.0
13274.0
6105.5
13419.5
13005.0
11738.5
13428.0
6069.0
7310.0
0
0
15071.5
12829.0
11067.5
0
10587.0
14703.0
6094.5
12929.5
6137.5
12789.5
10240.5
13896.5
9294.5
13886.5
0
13165.0
12767.5
6750.5
13013.5
10597.5
12921.0
14345.5
12844.5
12810.5
11136.5
13126.0
14202.0
13957.0
12098.0
1602.5
11423.0
9854.0
11956.0
13400.5
10132.5
5440.0
11202.5
13631.5
4492.0
12744.0
15134.0
12557.0
13076.0
13019.5
12518.0
12878.5
11088.0
13997.5
9685.5
13573.0
14030.0
14883.0
15148.0
7396.0
10129.5
13857.5
15537.0
12848.0
14620.5
10249.0
14393.0
14476.5
10643.0
13214.5
10488.5
13296.0
11899.0
10871.0
14514.5
12733.5
11855.5
7181.5
13079.0
771.5
13396.0
10199.0
13951.0
13623.5
13258.0
13704.5
10570.0
10434.5
14061.5
10170.5
9127.5
4813.0
13069.0
13126.0
11006.5
10746.0
10696.5
13117.0
13177.0
6238.0
8607.0
14113.5
3530.0
14124.5
13478.5
12036.5
14774.5
13765.5
11408.0
0
0
0
9978.0
7140.0
13029.0
0
14779.0
6123.0
138.0
14469.0
10291.0
13963.0
10666.0
16310.0
12843.0
13611.5
12876.5
13385.0
10310.5
13908.0
10654.5
7157.5
11905.5
13806.0
12034.5
11031.0
14128.0
7827.5
13421.5
12929.5
13239.0
16036.0
5167.5
10645.5
2624.5
11696.0
14169.5
14041.5
14077.5
14474.0
0
10522.5
13978.0
13161.5
0
10550.0
14404.5
13521.0
12982.5
12826.0
13775.5
11758.0
14627.5
13253.0
1087.5
12843.5
8588.5
13173.0
14338.5
13384.0
13622.5
12858.5
14524.0
12516.0
4622.5
0
13686.0
13001.5
14315.5
12981.5
6087.0
13107.5
14576.0
13730.0
9635.0
13125.0
11785.0
14276.5
11295.5
14103.5
13162.0
13523.0
13827.0
13399.5
14390.0
10160.0
14723.0
12883.5
12842.0
13335.0
8586.0
10975.5
14260.0
12159.0
5983.0
14713.0
6834.5
14321.5
12773.0
13605.0
8168.0
14345.5
12464.0
0
13695.5
11920.5
3216.0
0
14736.5
13261.0
5772.5
14895.5
3226.5
13570.5
13855.0
12989.5
14684.5
12032.0
11393.0
12802.5
14180.5
4365.5
14694.5
11049.5
4046.0
12763.5
10144.0
11087.5
5021.5
13945.5
0
13101.5
14726.0
10825.0
12716.0
13447.5
14533.0
11599.5
0
10978.5
13097.5
13828.5
14952.0
10989.5
13686.5
12365.5
2518.5
12905.0
11107.5
2965.5
12841.5
1628.0
13089.0
12993.0
11461.5
13164.0
12627.5
11837.5
12840.0
13216.5
10064.0
13420.5
11432.5
12756.5
14627.5
13593.0
10794.0
13408.0
14308.5
11608.0
12257.5
14862.5
14718.0
12958.5
13384.5
14683.0
0
12803.0
14869.0
2664.0
14288.5
14058.0
14895.0
14643.5
3778.0
14643.0
14782.5
13290.0
10568.0
13169.0
11846.5
13068.0
15025.0
11019.0
12069.0
8564.5
5399.5
11867.5
12048.0
5776.0
12778.5
12327.0
15387.5
16494.5
13750.5
13910.5
12967.5
11774.0
13247.0
13724.0
14336.5
10053.0
12819.5
12354.0
12947.0
3386.0
10759.5
10641.5
13092.0
0
14359.0
13298.5
12380.0
14353.0
14932.0
13126.0
14184.5
7604.0
11957.5
11920.5
12326.5
11384.0
13503.0
14270.0
14192.0
68.0
12813.5
13589.5
12353.0
11882.5
12793.5
13148.0
12604.0
15721.5
13459.5
14405.5
12404.0
11420.0
13784.5
13279.0
11059.0
13667.0
15137.0
7239.5
11385.5
13052.0
13913.5
14134.5
13896.5
12238.0
10563.5
7085.5
12879.5
8394.0
14039.0
10057.0
13783.0
15397.5
6638.5
0
10107.5
13765.5
0
13807.0
12539.5
14061.0
14106.0
13443.5
6574.5
10590.5
11467.5
13332.5
13755.5
12948.5
13280.5
11453.0
11007.5
11871.0
14275.5
13538.5
13283.0
15434.5
14624.5
12430.5
10923.5
10084.5
15525.0
12070.5
14053.5
0
14376.0
12480.5
13469.5
13922.5
459.5
11384.5
3181.0
16187.0
14041.0
0
13624.0
7144.0
401.0
0
10548.5
12984.5
9810.5
10275.0
15685.5
12453.5
5404.0
12440.5
9423.0
0
12534.0
13260.0
13295.0
13819.0
13666.0
14569.0
13668.0
6066.0
12983.5
11491.0
6190.0
2112.0
12324.5
12340.5
13035.0
13252.5
13180.5
13390.5
9260.5
7750.5
14682.0
12514.5
13915.5
13581.5
719.0
13142.5
13443.5
9670.5
14291.5
13348.0
10607.0
14299.0
14547.0
14068.0
15006.5
0
13722.5
12053.0
10996.0
11508.0
14469.0
13377.0
12790.5
12810.5
14576.0
6905.0
13387.5
14117.0
13058.0
14464.0
13700.5
13005.0
13680.0
13939.0
13338.0
12979.0
10965.5
12916.0
13438.5
12934.0
15306.0
12123.0
13738.5
10977.0
12170.0
13898.0
0
0
11366.5
11660.0
10590.0
13126.5
14703.5
11471.0
11423.0
12994.0
12189.0
13160.5
11394.5
13787.0
11890.5
13818.5
13095.5
10358.0
15982.0
15095.0
14453.5
14654.0
14219.0
14826.5
1141.5
14597.5
14563.0
11103.0
8326.5
12968.5
13580.5
12756.0
10182.0
10047.0
7069.5
1193.0
6337.0
13497.5
12861.0
13782.5
13693.5
12641.0
13234.5
12887.5
14352.0
12542.5
13771.0
6424.5
14415.0
6209.5
12848.0
12839.5
11875.0
8111.0
9762.0
12053.0
14022.5
13363.0
13911.0
12388.5
13644.0
12363.5
6985.5
8808.5
13171.0
8437.5
13294.0
12791.5
13686.5
13923.0
8888.0
14238.5
14401.0
15847.5
11071.0
13314.5
6013.5
13840.5
0
13462.5
15157.5
5432.5
7353.0
5735.0
11931.0
14318.5
13134.0
11920.0
13259.5
2880.0
12278.0
14240.5
13288.5
13801.0
12407.5
13812.0
9886.5
10505.5
12052.0
13653.5
14353.5
12831.5
11451.0
7064.5
12581.5
10656.0
11831.0
13634.5
5443.0
13857.5
13782.5
15019.5
771.0
14023.0
15017.5
13607.0
9778.5
13777.5
8015.5
11620.0
13339.0
11022.5
13978.0
13294.0
13035.5
5924.0
9931.0
15056.5
13539.5
12917.5
13466.0
14313.0
13806.5
1903.5
15099.5
14264.0
13077.5
16163.5
14606.0
14541.5
13542.0
13406.0
0
11934.0
7873.5
13796.5
15245.5
6122.5
12234.5
13613.0
10056.0
13260.5
12169.5
11514.5
14262.0
12308.0
12448.0
13331.0
14127.5
14445.0
11639.0
11855.5
12973.0
13112.0
2216.0
12840.0
12483.5
14697.5
13638.0
13187.0
12087.5
14428.0
10960.0
13307.0
10099.0
13068.5
13486.0
9408.5
11830.0
0
11461.0
14069.0
10151.0
11860.5
8759.5
16288.0
11846.0
6151.0
14825.5
5345.5
14842.0
1141.5
7375.5
12310.0
8016.5
14389.0
12120.5
14085.5
13772.0
11216.0
13083.5
13699.0
12974.5
13547.0
14609.5
14354.0
12983.0
14553.5
13713.0
6239.5
15063.5
12534.5
14485.5
14110.5
14639.0
11445.0
13523.5
11080.5
13287.5
11044.0
13224.5
13879.0
13593.5
13418.5
14893.5
10323.0
14663.5
10141.5
15257.5
9551.5
2524.0
13313.0
12788.5
6334.0
5457.0
13171.0
12280.0
12609.5
14453.5
13257.0
13054.5
13440.0
12439.0
13853.0
10479.0
9760.5
11923.5
14871.0
13121.0
12859.5
10512.0
12542.0
14897.0
9444.5
5733.5
14586.5
14428.0
13136.5
13047.5
12901.5
13482.5
14120.0
11679.5
13161.0
12916.0
13068.5
12645.0
14848.0
4936.5
12635.0
10566.5
5942.5
6480.5
13102.0
12851.0
13236.0
9829.0
11719.0
12901.5
13707.5
7294.0
14252.5
13748.5
11736.5
0
14278.0
14481.0
11420.0
4165.5
13193.0
13068.0
11638.0
13584.0
12344.0
6451.0
14737.5
9093.0
14974.0
6496.5
8366.5
8743.0
11527.5
2619.5
12238.5
12307.5
4611.0
13180.0
14511.0
15251.0
14038.5
13177.0
6944.5
13361.5
13547.0
13620.0
14835.5
13721.5
12194.0
13778.5
10105.0
13280.0
6180.5
14525.0
12527.0
14035.0
13734.5
5746.5
5943.5
13160.5
14060.5
13012.5
12339.5
771.0
13237.0
0
11530.0
13989.0
0
11520.0
10887.5
14072.5
14260.0
14771.5
10993.0
12460.5
13100.0
13923.0
12632.0
12972.0
11495.5
13441.5
12327.0
12592.5
13514.5
14224.0
13540.5
14120.5
6031.0
6566.5
13993.0
13613.5
12365.5
12945.0
14664.0
14616.0
5000.0
13941.5
13783.5
13266.5
13469.5
1960.5
12752.5
12858.0
4888.5
14393.5
12948.5
6553.5
13693.5
13285.0
10676.5
13348.0
11824.5
12457.5
13913.0
12315.5
14666.0
13039.0
12002.5
13061.5
478.0
13892.5
13481.5
13037.5
3438.0
126.5
13814.5
14606.5
12566.5
2929.5
10049.0
13237.0
6675.0
15201.0
13731.0
14919.5
15350.0
14273.5
12107.0
6560.5
6817.5
14867.0
14315.0
11922.5
10046.0
14731.5
14372.5
12860.0
12998.5
13687.0
13952.5
0
13741.5
14549.5
13961.0
790.0
13886.0
12276.5
13347.0
0
0
13202.0
10127.5
12540.5
0
0
13176.5
13385.0
14008.0
13992.0
10508.0
0
13133.5
10247.5
14483.0
14500.0
13813.0
14101.5
0
13798.5
15200.5
13629.5
12882.5
13693.0
12829.5
6580.5
15716.0
14026.0
13087.0
13395.0
12433.0
13967.0
14361.0
13366.5
12734.5
12251.5
15299.0
14963.0
14462.0
12640.5
13031.5
14692.5
13258.0
0
14549.5
13527.0
7932.0
12110.0
12457.0
10548.5
13524.0
10072.5
5566.0
14755.0
13762.5
10923.0
11633.0
12306.5
14063.5
14592.5
12962.5
12983.0
14541.5
1895.5

13473.5
5382.5
6383.0
4964.0
11977.5
10558.5
14824.0
10071.0
13776.5
14394.5
13667.5
12200.5
12881.5
13117.0
12302.5
14195.0
15145.0
11602.0
11691.5
13427.5
13471.5
12837.5
11010.0
11821.5
10609.0
4750.0
0
6095.5
13587.0
7449.0
10615.5
14072.5
16178.5
14011.0
10584.5
13017.0
14974.0
12499.5
15497.0
10872.5
13991.5
12851.0
15645.0
12980.5
1142.0
14367.5
13614.0
8200.5
12678.0
12553.5
11398.5
10198.5
12972.0
12774.5
7404.0
13669.0
13262.0
13311.5
15283.5
13643.5
13679.0
12455.5
7292.5
14327.0
14401.5
13920.5
14632.5
12388.0
15460.5
13791.5
12164.5
0
14602.5
13169.5
15480.0
13778.5
15124.5
13336.0
6717.5
13220.0
10123.0
10217.5
11146.5
793.0
15039.0
6648.5
14408.0
13747.0
13221.0
8166.0
10945.5
13070.0
13114.0
3312.0
12702.5
14918.5
10424.5
11100.0
10395.0
13380.5
16662.5
14321.0
7566.0
12117.0
12951.5
13010.5
6455.5
12860.0
14039.5
8458.0
12487.5
13600.0
8887.0
13886.5
14436.0
12861.0
3921.0
13571.0
14472.0
13748.0
0
1532.5
10456.5
16009.5
15825.5
10983.0
11440.5
10219.0
12279.5
13456.0
12772.0
13360.5
10191.0
11083.0
7501.0
15144.0
11727.5
10978.5
11418.0
13575.5
12735.5
7331.0
13499.5
13200.5
8735.5
14317.0
10166.5
13693.5
12620.5
11379.5
11858.5
12798.5
13048.5
15549.5
14604.5
11777.0
14677.5
15489.0
13550.0
13000.5
5023.0
1532.0
13447.0
13280.0
11985.5
1181.0
15051.0
10724.5
12847.5
13925.0
6945.5
7101.5
10479.5
15612.0
6898.0
12394.5
1992.0
14712.5
11864.0
14505.5
489.5
11416.0
10586.0
13453.5
12685.5
12766.5
15127.5
13035.5
1512.0
13829.5
13181.0
12893.5
12087.0
4642.0
12316.5
12736.0
0
11874.0
12483.0
13231.0
7092.5
14915.5
13386.5
10947.0
12782.5
14183.0
10386.0
7411.5
6567.5
13308.0
13469.5
13806.5
14001.0
12916.5
12385.5
10545.5
10922.5
7013.5
13101.5
10724.5
0
0
14480.0
6689.0
12107.0
10930.5
7767.5
438.5
12919.5
14048.5
11687.5
14569.0
10987.5
14315.0
12814.5
15308.0
11915.0
7036.0
5683.5
14155.5
10601.0
10128.0
11711.0
10960.5
10083.0
7956.5
10395.5
13619.5
11435.5
13861.0
13883.0
9663.5
8828.0
11945.0
5061.5
11980.0
6941.0
0
12450.5
14752.0
13319.0
13707.5
12914.5
13822.5
12889.5
14500.0
14180.5
13497.5
793.0
11992.0
15938.0
11048.5
9047.5
6513.0
12025.0
6867.5
13732.0
10073.5
14967.5
12796.5
15700.5
11684.0
12031.0
6985.0
13256.5
14087.0
6162.5
10919.5
7723.5
13455.5
12798.5
15556.5
829.5
13165.0
14284.0
14296.5
6865.5
14906.5
11836.0
14768.5
15221.5
12326.5
419.5
13419.5
11097.0
6624.0
12311.5
11846.5
12871.5
12285.5
13832.5
12043.0
12979.0
12781.0
14620.0
12495.5
11419.0
10991.0
10554.0
7199.5
13539.5
11606.0
11461.5
15069.5
15449.5
13332.0
13982.0
11926.5
15214.5
12896.0
7652.0
13701.5
14616.5
5703.5
14069.5
15444.5
0
13239.5
10970.5
15263.5
4935.5
12228.5
6808.5
10642.0
11841.0
12053.0
10133.0
5906.5
9281.0
2135.0
13772.0
15174.5
7114.0
15001.0
11676.0
11881.5
6607.5
14232.5
11874.5
14915.0
13060.0
15221.0
13183.5
7386.0
13608.0
14182.5
13631.5
12051.5
13440.5
14224.5
11571.0
11787.0
11417.5
13128.5
13609.5
13576.5
12861.5
0
12880.5
12179.0
8537.0
1648.0
11033.5
12842.0
14087.0
11729.5
0
13347.5
10726.5
10497.5
7898.0
11731.0
13580.5
12301.0
9242.0
12776.0
11367.0
14366.0
13055.5
13824.5
17602.0
790.0
13032.5
15125.0
12307.0
11403.5
14520.5
10103.0
13788.5
10982.0
13689.5
8849.5
15007.0
10490.0
11185.5
6152.0
11008.5
12021.5
13729.5
0
10584.5
10937.5
11477.0
13885.5
14145.5
11668.5
14533.5
15178.5
9726.5

0
12864.0
9903.5
10126.0
13858.0
13330.0
14413.5
13187.0
12877.5
14587.0
10587.5
9020.0
13115.5
13367.0
12860.5
1192.5
11678.0
13742.0
13359.0
12524.5
14295.0
12355.0
12773.5
11231.5
12288.5
14509.0
14607.0
11998.0
11572.0
12813.5
14552.5
8377.5
13479.0
12368.5
13629.5
6239.5
10319.5
6709.5
11792.5
13424.5
14477.0
12272.0
5951.0
10541.0
13987.5
0
0
11060.0
13058.5
0
0
0
10297.5
12607.0
10147.5
0
13851.5
11679.0
13478.5
0
14389.5
0
12921.5
10157.0
0
13987.5
3768.5
12653.0
9646.0
12909.5
6148.0
13747.0
12868.5
12453.5
13625.5
13535.5
10387.0
12972.5
10310.0
4541.0
11846.0
13018.5
12766.0
0
14378.0
13116.0
13296.0
13740.0
12429.0
10972.0
13127.5
0
4479.5
13381.5
0
10067.0
13049.5
12665.0
13682.5
13698.0
13823.5
9455.0
11345.0
14625.0
14431.5
12087.5
12546.0
12279.0
7255.0
10817.5
12144.0
11892.5
11968.0
13308.5
13015.0
0
5747.5
14857.0
15027.5
0
14672.0
13873.0
13725.0
13740.5
13559.0
15155.0
6109.0
11033.5
0
14176.0
5756.0
10623.0
0
14493.0
12038.0
12964.0
10644.0
13583.0
9633.5
5509.5
1845.0
11725.5
10587.0
13279.0
14350.0
0
12991.5
15620.5
0
9307.5
0
0
10484.0
0
7204.0
10502.0
14674.0
12636.0
0
9775.5
11996.5
10539.0
14313.5
6923.0
14346.5
10791.5
7498.0
14596.0
13007.5
11462.5
6272.0
10237.0
12624.5
13418.0
14578.5
10086.0
13363.5
13380.0
12141.5
9910.5
6295.0
0
5592.5
8702.5
10488.0
4345.5
10848.5
13035.5
14819.0
11947.5
4402.5
10181.5
14142.0
14419.5
13687.5
13090.0
13518.5
13695.5
12320.0
12237.5
0
0
12334.5
13266.5
7537.0
13126.0
13145.0
14910.0
12882.0
12846.0
9219.5
2204.5
10092.5
8000.0
12916.5
11055.5
12773.5
5421.5
14166.5
11006.5
12087.5
11089.0
10173.5
3624.0
11424.5
14660.5
14017.5
13703.0
0
12906.5
5457.5
13523.0
12646.0
14225.0
13010.5
6770.0
14512.0
14627.5
13690.0
13104.5
13321.5
14629.0
14133.5
11339.5
10349.0
10575.5
14168.5
10787.0
10592.0
12803.5
12398.0
12054.0
15628.5
12959.5
11309.5
0
11026.5
13715.5
12500.0
10498.5
15293.5
11163.0
13517.5
6348.5
