68.0
848.5
651.0
581.0
943.5
1359.5
1324.0
1540.0
68.0
1789.0
2367.5
2210.5
1982.5
0
126.5
1229.5
968.5
2432.5
1997.0
3125.0
821.5
491.5
1860.5
497.0
2300.5
3325.0
4640.5
2930.0
407.0
1227.5
2397.0
886.0
365.5
1356.5
183.5
829.5
1668.5
656.0
1266.0
3301.0
2391.5
3068.0
5732.0
6537.5
68.0
1303.0
1427.0
68.0

2524.0
964.0
419.5
0
206.0
0
68.0
68.0
799.0
464.0
1268.5
519.5
1245.5
1749.0
1164.5
1056.0
2249.0
1260.5
848.5
3625.0
68.0
752.5
1513.0
2463.5
372.5
717.0
839.5
446.5
1654.0
1276.5
772.5
1854.5
2172.0
3812.0
3954.0
1659.0
2083.5
0
531.0
478.0
1521.5
1219.5
2990.5
2067.0
595.0

1065.0
459.5
929.0
2545.0
1038.0
2424.5
598.0
1633.0
68.0
3268.5
5207.0
1331.5
2989.0
3405.5
3681.0
719.0
2601.0
1018.0
2026.0
1221.0
6838.0
5781.0
2010.0
2904.5
860.5
3346.5
688.0
2078.5
6971.5
401.0
2670.5
6336.0
1143.0
829.5
3013.0
4665.5
2680.0
734.5
407.0
604.5
344.0
5911.5
2889.0
2304.0
5994.0
359.0
2206.0
8496.0
1920.0
3019.0
6437.5
3712.5
3336.5
68.0
6471.0
5058.5
478.0
4838.0
348.5
6833.5
3785.5
2336.0
5475.5
3713.5
2744.0
5528.5
5578.5
4155.5
2652.0
3090.0
2124.5
3058.5
2087.5
6682.0
4364.5
1389.0
8954.5
68.0
6150.0
194.5
0
0
3061.5
2737.5
68.0
7003.5
6743.0
4428.5
68.0
7231.5
3222.5
5243.5
3165.0
5964.0
3428.5
2801.0
7708.5
5538.5
2149.5
4760.0
1909.5
3817.5
1156.5
0
2421.0
2135.5
4529.5
419.5
2205.5
1695.0
5091.0
2558.0
438.5
1753.5
3052.0
1636.5
2323.5
5612.0
5964.5
5269.5
900.0
6108.0
5546.5
5466.0
1533.5
6490.0
9325.0
2795.0
6635.5
1269.5
1535.0
2939.5
6096.5
2748.0
3039.0
7679.0
2113.5
4284.0
6384.5
2075.5
4030.0
7379.0
2275.5
2393.5
2749.5
6487.0
8483.5
7170.5
3891.0
6366.5
5787.0
7201.5
2563.5
7554.5
4032.0
2079.5
3336.0
3059.0
1509.0
2430.0
2288.5
2572.0
0
3953.5
6663.0
1811.0
1706.0
3390.0
0
3262.5
3337.0
5811.5
7042.5
1461.5
3198.5
3202.0
0
4890.0
3110.5
3983.5
3069.5
6911.5
4553.0
4675.0
598.0
3113.0
0
4768.0
1092.0
5810.5
1829.0
2224.5
5114.5
126.5
5575.0
542.0
3164.5
3510.5
4828.0
4459.0
5325.0
5462.0
1915.5
3822.5
2254.5
0
2551.5
4333.0
4387.0
5717.5
4494.5
3117.5
2816.0
6117.5
2709.0
6100.5
3508.5
4302.0
4194.5
7687.5
4451.5
5380.0
6969.5
1627.0
3713.0
7782.0
7390.5
2509.5
5070.0
2870.5
4312.0
6804.5
3625.0
1390.0
5068.0
8406.5
758.5
3633.0
126.5
4302.5
2225.5
7026.0
2091.0
6430.5
7346.0
6537.5
4142.5
2874.0
4457.5
7407.5
4426.5
1458.0
609.5
3072.0
2496.0
183.5
68.0
4959.5
2439.0
5031.5
7762.5
419.5
3167.5
4090.0
4376.5
1725.0
0
3662.5
1891.5
5520.5
4260.0
4798.0
7314.0
2582.0
3223.5
2204.0
3516.5
4143.5
4444.0
7985.5
2535.0
1692.0
1457.5
2639.0
5650.5
6064.0
2448.0
7073.0
0
7259.5
5651.0
1585.0
3562.5
0
1655.0
4812.0
875.0
3022.0
3293.5
4085.5
4757.0
2997.5
4848.0
2523.5
7392.5
5105.5
5784.0
2683.0
1270.5
8704.0
3803.5
1837.0
1779.5
1588.0
6969.5
3738.5
2792.5
1667.5
3428.5
8640.0
3087.0
2879.0
4866.0
3140.5
2279.0
2778.5
6309.0
1812.5
3618.5
4782.5
4001.5
5179.5
971.5
8152.5
7474.0
1678.0
8360.0
2184.5
4019.5
5144.0
7265.5
3659.0
497.0
2413.5
4041.0
5549.0
5978.5
3849.0
3037.0
6090.0
6356.5
0
2809.0
1527.0
3357.0
4700.0
1935.5
5569.5
3720.0
3199.0
5230.0
1261.5
5560.0
4938.0
2866.0
2528.0
3124.5
3859.0
7242.0
814.5
3873.5
10070.0
8452.0
11077.5
7787.5
2329.0
3781.5
3320.5
5311.5
3050.5
5553.5
8189.5
3081.5
5145.5
4318.0
3920.0
5590.0
3879.0
10567.5
3998.0
5245.0
2859.5
3227.5
771.0
5203.5
2330.0
1546.0
3556.5
2531.0
749.0
2646.0
2829.5
7621.0
2005.0
5535.0
1881.0
2867.5
5513.5
0
7072.0
6638.0
7316.0
1605.5
4640.0
2094.0
3972.0
7253.0
7158.5
10192.5
1042.5
4155.0
6837.5
2986.5
6985.5
2409.0
690.5
10545.5
6261.5
2735.0
8882.5
1224.0
4115.5
6350.0
4702.5
3611.0
2882.5
7909.5
3242.0
2150.5
3395.5
4375.0
2977.0
7386.0
829.0
6754.5
3622.5
3652.5
5187.5
7132.5
6317.5
6337.0
0
2716.0
4657.0
7485.0
3849.0
2269.0
4867.5
0
4761.0
3693.5
5131.5
3268.0
1404.0
1872.5
5196.5
3809.5
3368.0
9082.0
2231.0
3083.5
4097.0
3547.5
7500.5
0
6804.0
5061.0
1621.5
7924.0
6370.5
3265.0
3631.5
4603.5
0
6688.0
3589.0
1902.5
5013.5
2954.0
5676.5
5020.0
2744.5
7939.0
2723.0
8679.0
2599.5
5750.5
7978.0
744.5
0
7279.5
3118.5
5791.5
5782.0
6906.5
4007.5
3406.5
2201.5
6334.5
4411.5
6657.5
4633.0
5380.0
7752.5
3395.5
8908.5
6409.0
7915.5
2805.0
516.5
0
5789.0
4275.0
3903.0
1379.0
7166.0
4321.0
8471.5
7440.5
837.5
3005.0
6034.5
10925.0
2981.0
4223.5
3510.0
138.0
5490.5
1475.5
3830.0
4738.0
2476.5
0
4941.0
6832.0
2249.0
1722.5
2996.0
3599.5
3670.5
3992.5
6905.0
1233.5
1721.0
5615.5
5228.5
2423.5
0
3547.0
1412.5
2903.0
4959.0
2680.5
8813.0
5212.0
9134.0
4480.0
3304.0
4122.0
4705.0
138.0
7436.5
2473.5
7936.0
8518.5
7830.0
7775.5
3813.5
10544.5
6677.0
7132.0
1024.0
3967.0
300.5
3152.5
424.0

2196.0
6430.5
5347.5
6529.0
2908.5
601.0
3453.0
8363.5
126.5
9260.0
7339.0
4177.0
2330.5
5933.0
3045.0
4264.5
9059.5
6684.0
5906.5
2058.0
10393.0
6653.5
0
7255.0
6182.5
6786.5
1639.5
2080.0
2524.5
6378.5
0
8566.0
8178.0
5768.5
401.0
365.5
4682.5
7249.0
5024.5
5211.5
1710.0
2425.5
6244.5
8829.5
7446.5
9605.5
68.0
9413.0
3467.0
4909.0
6031.5
8582.5
4115.0
5760.0
0
10524.5
6857.0
2154.0
1213.0
4113.0
8305.0
7712.0
4340.5
6969.0
5230.5
2015.0
640.5
2086.0
3164.5
1092.5
3560.5
3554.0
5367.5
3008.0
6601.5
1272.5
8080.0
2966.5
8823.5
9382.5
8505.5
4778.5
7651.0
6783.5
5807.5
5769.0
6976.5
0
68.0
9260.0
4701.5
7277.5
2566.0
6779.5
7326.5
10067.0
6851.0
3826.5
3901.5
126.5
5278.0
3057.5
7640.0
6792.5
5290.5
4970.5
4842.5
7671.5
2443.0
10255.0
5031.0
3408.5
4436.0
6547.5
6052.5
2079.0
7173.0
881.5
6560.5
3033.0
5657.0
8947.5
9997.5
7810.5
5604.5
5385.5
752.5
5979.0
3395.0
2120.0
6008.0
6104.0
811.0
897.5
7028.0
0
7613.0
7631.0
8827.5
3390.5
5161.0
3691.0
6416.0
4742.0
717.0
6895.0
3713.0
8223.0
7340.0
5905.5
2671.0
1051.0
8056.5
1703.5
4342.0
8513.5
8716.5
10108.5
7209.0
7325.0
2206.0
2124.5
3566.5
2704.5
6184.0
6493.0
3360.5
3406.5
2196.0
3082.0
4634.0
5881.0
5314.5
11881.5
5164.5
5370.5
2605.5
3391.5
6322.0
3217.5
2166.0
3369.5
5332.5
5686.0
8649.0
1005.5
3253.5
1424.5
6981.5
3264.0
5434.0
7437.5
6716.5
3486.5
7987.0
6144.0
4750.5
12148.0
6380.0
126.5
3171.0
6192.0
2870.5
4865.0
4789.0
3090.0
6699.5
7201.5
3875.5
9570.5
6195.5
3260.5
7392.0
827.5
2117.0
7560.0
6957.0
3531.0
6477.5
5676.5
424.0
5580.5
0
6732.0
4653.0
10366.0
4933.0
1830.0
8447.5
1577.5
7539.0
4727.5
8602.0
7172.5
8533.0
0
4238.0
6185.5
6056.0
3263.0
7030.5
5871.0
1041.5
3562.5
0
419.5
9637.0
7396.0
3306.0
7825.5
5314.0
3277.5
7777.0
5263.5
7505.5
3225.5
7240.0
2827.0
7780.5
7958.5
3313.0
2944.5
862.5
4036.0
3833.0
2369.5
128.0
3893.0
5629.5
6535.0
0
6254.0
7020.0
7888.0
7650.5
6200.0
8357.0
5112.5
2279.0
7637.5
2831.5
3192.0
8343.0
5775.5
967.0
9811.0
8233.0
639.5
7419.5
5938.0
5648.5
5079.0
2075.5
10627.5
7788.0
4667.5
6864.0
7264.5
8703.0
9247.0
1687.0
4497.5
2844.5
3895.0
6825.5
4261.0
6623.0
9155.5
5335.5
6029.0
6525.0
5372.5
1458.0
7807.0
6471.0
6972.0
0
4085.5
6790.0
489.5
4108.5
7722.0
1790.5
3520.5
3298.0
6863.5
7268.5
8582.0
6397.5
6052.5
5186.0
2297.5
3290.5
4097.5
3813.5
68.0
4605.5
2808.5
5150.0
1378.5
4407.0
10252.0
3398.0
2121.5
0
7634.5
11477.5
1691.0
8480.0
4374.5
11047.0
6162.0
3087.0
2812.5
2911.0
3757.5
6992.0
0
9266.5
6700.5
6100.5
3651.5
9126.0
848.5
4269.0
0
4388.5
2427.5
508.5
2997.5
8555.0
3097.5
12953.0
6682.5
7735.5
3640.5
4199.0
4004.0
5972.5
6847.0
10392.5
884.5
5058.5
8272.0
3818.5
9195.0
4909.0
0
5695.0
6961.5
6561.0
7932.0
5178.0
7161.5
1531.5
5597.0
10534.5
0
6724.5
3913.5
5916.0
0
3827.0
3319.0
4592.0
814.0
5233.5
3137.5
2592.0
663.0
7098.5
5783.5
1673.5
4841.5
0
1857.5
3779.0
5666.5
9646.5
1211.5
8548.5
9285.5
7048.5
3572.0
6905.0
0
3325.0
2739.0
5831.5
3936.0
5851.0
5797.0
1625.5
3342.5
0
4257.5
6495.0
2778.5
10545.5
5932.5
6041.5
6653.0
7072.5
6981.5
8518.5
5807.5
8645.0
3775.0
7161.0
3352.0
3458.0
6982.5
2695.5
6424.0
6600.0
0
4287.5
8500.0
2268.5
10066.0
2804.0
8704.0
7309.0
5309.5
6521.0
5048.5
4296.5
9507.5
6395.0
9100.5
5436.0
5951.0
4367.5
6445.5
8128.0
773.0
4966.0
6830.5
6686.5
3118.5
9320.5
5207.0
8422.5
5016.5
3437.0
2694.5
128.0
257.0
1950.0
8057.5
9846.5
2253.0
5444.0
4106.0
68.0
7596.5
5444.5
3573.0
7558.5
138.0
478.0
7998.5
6916.5
9731.0
3440.5
6430.5
2024.5
6235.0
5913.0
6520.0
3730.5
6641.5
8384.5
138.0
863.0
8211.0
2392.5
10671.5
2594.5
2566.0
5992.0
4931.5
1196.5
4325.5
1011.0
3079.0
8499.5
5662.5
2146.5
6192.0
4512.5
5555.5
5207.0
7709.0
4891.0
6969.0
6131.5
6829.0
6693.5
9394.0
5006.0
7370.0
11610.5
6777.5
7599.5
7169.5
1531.0
8656.5
2374.0
1564.0
7450.0
8363.5
3125.5
7504.5
1356.5
0
7241.0
8816.5
7223.0
6372.5
7435.5
2532.5
7169.0
4176.0
6040.5
128.0
453.0
3843.0
7297.5
11105.5
2601.5
7046.5
10177.5
3814.5
8799.0
7542.0
6596.0
8165.0
6803.0
4129.0
2659.5
6846.5
5503.0
0
9425.0
0
0
7440.5
0
6789.5
9804.5
3976.5
3450.0
6550.0
8821.5
0
6174.0
10165.5
8135.5
4704.5
6628.0
9998.0
1835.5
6841.0
2317.5
9438.5
4479.5
4029.5
3207.0
5740.0
2848.5
790.0
9474.5
11320.0
736.0
878.0
4658.0
12023.5
0
6056.5
7070.0
10156.5
138.0
8170.0
10291.5
68.0
9650.0
6570.0
7499.0
3138.0
1148.5
5654.5
10390.5
9747.5
2517.5
4400.0
2632.5
2198.5
3147.5
7854.0
8397.5
10151.5
2294.5
7822.5
4657.5
1882.0
3668.5
2658.5
4361.5
11383.0
1463.0
5271.5
671.0
8271.5
5166.0
68.0
3489.0
9043.0
7069.5
6554.5
8467.0
6540.0
10033.0
3943.5
8755.5
4141.0
716.0
7800.0
10119.0
7797.0
7450.5
11342.0
5940.5
5452.5
3505.0
4330.0
3590.5
8341.0
940.5
1755.5
9322.0
0
9444.5
0
7474.5
7014.0
5489.0
2361.5
10024.5
2659.5
4277.0
8568.5
6310.0
7629.5
791.0
7642.5
3696.0
6995.5
5957.5
2125.5
641.5
6553.0
4504.0
6213.0
9195.5
9959.5
7195.0
6118.0
6520.5
8769.0
7534.5
8737.0
8084.5
8766.5
4187.0
11493.5
6875.0
7868.0
6576.0
4621.0
7228.5
68.0
6372.0
6191.0
6641.5
6639.5
2143.0
7899.0
6765.5
5187.0
2470.0
910.0
6193.0
5344.5
2585.5
3865.5
3710.5
1334.5
13759.5
8576.5
8350.5
3257.0
9364.0
5998.5
4736.5
7747.5
9849.0
6707.5
7714.5
7303.5
4106.5
5705.5
4554.0
1646.0
7826.5
12405.0
7420.5
6256.0
6784.5
9172.5
5082.5
8020.5
68.0
2639.5
4334.5
10314.0
6880.5
9335.5
5540.0
5038.0
8692.0
9209.0
1684.5
2933.0
1116.0
6419.5
6862.0
3019.5
8688.0
6587.5
138.0
6803.5
5786.5
6440.0
8135.5
7955.5
4058.0
10713.5
7942.0
7995.5
1427.5
3440.5
10818.0
5218.5
11434.0
8308.5
4120.5
9853.5
9400.0
7115.0
3517.5
10507.5
7455.0
4524.5
7423.0
8787.0
5993.5
6413.0
11246.0
5963.5
5586.5
6548.5
9695.0
11826.0
8005.0
6748.0
3978.5
0
5477.0
3517.5
10236.0
10291.5
3758.0
7635.5
5146.0
6528.5
10046.0
10305.5
6889.0
3086.5
4973.5
4862.0
5267.0
3422.5
7964.0
8139.0
9106.0
3729.0
3530.0
1792.5
4940.5
4105.0
5148.0
4778.0
5391.0
978.0
2349.5
126.5
8254.5
5638.5
4814.5
5168.0
3647.5
6472.5
4333.0
8440.0
4068.5
6651.5
8927.5
8279.0
7883.5
6789.5
7562.5
8357.0
5461.0
9790.5
6363.5
10152.0
7423.0
3369.5
10915.0
9652.5
12167.5
7116.5
6094.5
10578.5
2569.5
3149.5
2865.5
3091.0
8551.0
3088.0
7938.0
8178.0
5997.0
7156.5
6531.0
7571.0
7411.0
9285.5
8821.5
10168.5
10795.5
4813.0
5579.0
8783.0
5750.5
6389.5
7376.5
5994.5
8116.5
4784.5
5103.0
8532.0
11853.5
6960.0
9416.5
7124.0
7818.0
9810.5
8278.5
2673.0
2686.5
9405.0
0
4068.5
9934.0
2664.5
7098.0
10648.5
7863.0
10180.0
2670.5
4804.0
933.5
7143.5
8911.0
10543.5
3595.5
10754.0
7031.0
8336.5
6269.5
6513.5
9049.5
7040.0
5368.0
68.0
3717.0
6354.5
4251.0
9103.0
4908.0
6792.5
2891.0
6044.5
8232.5
8350.5
8343.0
6298.0
68.0
10159.0
9953.5
7348.5
4525.0
2061.5
3559.5
8614.0
7430.5
7610.5
7668.5
10118.5
8972.0
2865.5
8862.5
8741.5
8582.0
10825.5
6958.5
5440.5
0
4028.0
9034.0
9495.5
4974.0
5516.0
8774.0
68.0
3295.0
6894.5
7338.5
7606.0
6901.5
7937.5
6595.0
6978.5
6713.5
7711.0
3822.0
9529.5
9808.0
7711.5
5553.0
5281.0
7099.0
2345.5
9124.0
3989.0
3081.5
5011.0
5962.0
7580.0
7984.5
6411.0
5272.0
6000.5
6956.0
1825.5
9429.5
5140.0
6194.5
2818.5
4406.5
8552.0
7839.5
8055.0
9683.5
5096.5
6563.5
6134.0
5532.0
9267.5
2979.5
9009.0
5599.5
0
11405.0
4842.5
7248.5
6675.5
6859.0
8097.0
5150.5
4026.5
5111.5
9235.5
4787.5
11616.0
5443.5
5841.5
6420.0
6518.5
8335.5
0
10060.0
7120.5
5939.0
2707.5
2329.5
4466.5
11349.5
6504.5
6512.0
7867.5
7498.5
5276.5
1860.0
7953.5
7019.0
4804.5
8367.0
3118.5
10427.5
7737.0
6955.0
8645.0
4589.5
7147.5
7012.5
10064.5
2259.5
3077.0
3278.0
2852.5
8783.0
4037.5
8638.0
7816.0
8764.5
9697.5
1402.5
9880.5
4392.5
5210.0
10975.5
10423.0
7042.5
9394.5
7897.0
10896.0
6134.0
5311.0
7131.0
5647.0
8798.0
5645.0
6261.5
8260.5
12595.0
5916.0
6736.5
5996.5
6310.5
11707.0
8626.0
9022.5
6317.0
7326.0
3960.5
11952.0
11542.5
11058.5
8836.5
8569.0
7601.5
7849.0
7683.5
3481.5
8781.5
4514.0
7875.0
7007.5
1421.0
4875.5
8235.0
11564.5
5872.0
8307.5
4671.5
9209.0
8056.5
5798.5
11365.5
629.0
7780.0
8153.0
10642.5
5147.0
9594.0
8113.5
5560.0
7295.5
2112.0
7656.0
6054.0
1671.0
2635.5
4185.0
7458.5
7858.0
9634.0
5257.5
5139.5
3730.0
10602.5
7099.5
6572.5
5948.0
7701.5
8883.0
10988.0
8738.5
10455.5
6639.5
5264.5
10181.5
7299.0
8322.0
4746.5
5158.0
7416.5
7482.0
5641.0
12227.0
126.5
8412.0
8251.5
9617.5
12177.0
4615.5
6632.5
3601.5
3531.0
9587.5
8764.0
5126.5
4991.0
6990.0
6652.0
7164.5
7521.5
10275.5
6891.5
5597.0
6466.0
6494.5
6449.5
2477.5
7807.0
5400.5
8161.0
383.0
8699.5
4870.5
8515.5
6894.0
7267.5
7115.0
8771.5
6661.5
6759.5
6974.5
8382.0
2978.0
7658.5
7676.5
8794.5
1507.5
7409.0
6842.5
1735.5
6465.5
5812.0
5349.5
0
6374.5
5497.0
4461.0
6087.5
7200.0
6637.0
10096.0
8363.0
9099.5
8135.5
4893.5
11398.0
5769.5
8306.0
1836.5
8878.0
9821.0
9368.5
3106.5
6931.0
8681.0
9608.0
11150.0
4624.5
5709.0
11429.0
8445.5
10334.0
2841.5
7152.0
9156.0
7108.0
7647.5
5394.5
6192.5
6488.0
10949.0
6477.0
4791.5
7374.5
11125.5
8247.5
3628.0
9240.0
6355.0
6691.0
9085.0
0
7496.5
6881.5
10061.5
8282.0
11235.0
6687.5
5737.0
3017.0
6813.5
6901.5
11852.0
8639.5
10518.5
7146.5
9116.5
10246.0
8727.5
6122.5
5648.5
3983.5
3088.5
7943.5
8290.0
5030.0
8360.0
8004.0
9585.0
0
10404.5
3653.5
10179.0
3808.0
6926.0
6068.0
7672.0
11625.5
6220.0
6952.5
9430.5
7428.0
5909.0
4374.5
3848.5
9809.5
7105.0
7174.0
3832.0
8183.0
8110.5
5092.5
5816.5
9249.5
10153.5
10562.0
5933.5
5639.5
7772.5
126.5
10660.0
7636.5
5651.0
5686.5
12124.0
6240.0
3912.5
2176.5
5661.5
9720.5
10251.5
5718.0
5808.5
6803.5
12831.0
8729.5
8232.5
8810.0
5923.5
7280.0
8088.5
13922.0
2700.0
7595.0
9058.0
9111.0
6370.0
1582.0
7125.0
4791.0
867.5
8120.0
3559.0
6710.5
4300.5
9351.5
5951.0
10858.0
9633.5
7176.5
7211.5
6426.5
11193.5
5652.0
8402.5
5588.5
7989.5
6855.5
9368.0
10099.0
2477.5
7027.0
8623.5
8599.5
9835.5
3134.5
8641.5
68.0
7957.5
9248.0
10440.0
9537.0
5654.5
10681.0
10247.5
7766.0
9226.5
10773.0
7605.5
6218.0
9002.5
6245.5
4555.5
10135.5
11374.0
9079.5
6778.0
8057.5
2334.0
6096.5
10717.5
6752.0
6310.0
6128.0
6387.0
7459.5
2925.0
7772.0
9238.0
7375.5
8485.0
7567.5
7192.5
8883.0
7691.5
10200.0
7246.0
6428.5
8510.5
12337.5
7243.0
11060.0
5789.5
6166.5
8728.5
9927.5
3988.0
11386.0
3688.5
6508.0
7821.5
6370.5
9102.5
5688.0
7730.5
5296.0
5670.5
6870.5
10169.5
7748.5
6059.0
7386.0
4020.5
3794.0
5820.0
6038.5
5552.0
348.5
10975.0
9869.0
10745.0
5628.0
10052.0
9676.5
6779.0
7113.5
4058.5
13125.5
6501.5
7399.0
5962.5
9748.0
6639.0
7371.0
7176.0
3384.5
5646.5
6397.0
10852.5
68.0
5955.5
4181.0
9759.5
4822.5
10398.0
8044.0
4308.0
6496.0
2514.0
6500.5
8608.5
6115.5
10035.0
8385.5
10189.5
9653.5
0
7147.0
6191.5
1127.5
10133.5
10325.5
8518.0
5415.5
9215.0
11000.5
10274.5
8245.5
6993.0
6274.5
6560.0
6187.0
3770.0
1165.5
1036.0
7751.0
10711.5
0
10685.5
6989.0
5979.5
10467.5
3844.0
5916.5
6855.5
12455.5
7685.5
6442.5
10606.0
3611.0
6670.5
6478.0
8533.5
7684.0
8205.0
9430.0
7445.0
2466.0
3071.0
10295.0
5285.0
8217.5
10147.5
6668.0
5979.5
6962.5
10125.0
6746.0
0
4897.5
4665.5
9907.0
2512.0
11640.5
8188.5
0
0
7187.5
9539.0
7806.5
10075.5
6620.5
8019.5
6465.0
6671.0
8109.5
11833.5
8682.0
9479.0
7584.5
9809.0
7123.0
9613.5
5895.5
5841.0
4234.0
9457.5
8649.5
8169.5
7064.5
0
6902.0
9301.5
9072.5
3535.0
5279.5
2601.0
7612.5
7385.5
0
7807.5
10313.0
6612.0
7157.5
3813.0
6146.5
9021.0
6025.5
11738.5
8671.5
6799.5
7304.0
5871.5
5922.0
10595.0
8382.5
5088.0
5941.0
7159.0
10196.0
4418.5
6785.5
6991.0
11165.5
9907.0
10585.5
10061.5
9867.5
10693.0
11476.0
5036.0
8348.0
7170.5
11167.5
9587.0
5881.0
10175.0
7957.5
5074.0
7963.5
8783.0
10870.0
8058.5
5926.0
10316.0
4245.5
7389.5
6177.0
9525.5
11022.5
12078.5
10097.0
10537.5
6426.5
7472.5
8787.5
6185.5
7149.0
8157.5
10362.5
10707.5
8867.0
4050.5
4665.5
5871.0
7811.0
5755.0
4740.0
0
7735.0
4110.0
7342.0
6939.0
6472.0
10825.5
7108.0
7975.0
10084.0
7100.5
9328.5
10496.5
8419.0
8021.5
7408.5
7622.0
10200.5
4793.0
5656.0
4931.5
6398.5
6878.0
4773.0
8215.5
8010.5
8637.0
10413.5
11059.5
1407.0
6306.0
8322.0
8870.5
13328.5
1330.0
7193.5
8623.5
1106.5
8535.5
8588.5
5615.0
8338.0
7537.0
1165.5
3934.5
5925.5
8833.0
11878.0
9203.0
10200.0
138.0
8335.0
5445.0
6166.0
6534.0
9741.5
5850.0
9948.5
8673.5
7715.0
8516.5
9667.5
7098.0
10286.0
8536.0
5704.0
7093.5
6408.0
10251.5
9391.0
3410.0
8375.0
0
4330.5
5472.5
7395.0
8516.5
6169.5
6285.5
6261.5
7042.5
8986.0
7719.0
10937.5
6242.5
11445.0
10085.5
9020.5
978.0
5158.0
12258.5
7079.0
5422.0
7148.5
10508.0
10360.5
5552.0
5588.0
9214.0
0
5897.5
2832.0
7869.0
8540.0
13449.5
5143.5
6100.0
10700.5
7751.5
8580.5
8248.0
9867.0
8483.5
1146.5
10797.0
10630.0
10833.0
6218.0
12800.0
12428.5
9686.5
4231.5
8979.0
10328.5
6828.0
6074.0
10712.5
9200.0
9744.0
9578.0
10837.0
9852.5
12902.0
12989.0
5331.5
10430.0
8702.0
7911.5
6183.0
8921.0
7891.0
6172.5
14120.0
9686.5
11356.0
0
6775.5
10883.0
10169.0
6985.5
5994.0
5218.0
5146.5
10229.5
9451.0
5929.5
8296.5
8464.0
5571.0
5778.5
5795.5
9724.5
7334.5
12860.0
8778.0
6799.5
6135.0
5034.5
2670.0
8839.0
4476.5
9365.5
7297.0
7602.0
7743.0
8660.0
9282.0
4368.5
10065.0
6819.5
9358.0
3562.0
5518.5
6864.5
1981.0
12995.0
11034.0
13246.0
4468.5
10635.0
10326.5
10190.5
6737.5
8877.5
7915.0
4062.0
8052.0
10243.0
9499.0
9506.0
9767.5
5992.5
9746.0
8745.0
7111.0
9537.0
5491.5
10817.0
6686.0
9951.5
6622.0
9094.0
10480.5
7481.5
2127.0
8671.0
8265.0
3265.0
4919.5
6471.5
4328.5
8902.5
6679.0
4517.0
7155.5
9343.0
8451.0
7506.0
10052.0
7224.5
4185.5
9117.5
6198.0
4634.0
9603.0
6754.0
8145.0
7656.0
7536.0
10960.5
6279.5
4757.0
10180.0
9264.0
6319.5
5872.5
2441.0
11459.5
7153.5
10769.0
7490.0
8791.5
8615.5
5500.0
8412.0
7081.0
6444.5
8456.5
8882.0
6901.5
9875.0
11523.5
8979.5
8802.0
6897.0
7962.5
11089.5
11130.5
4852.0
8836.0
2786.5
6515.5
7758.5
2895.0
7032.0
9094.5
8414.5
9529.0
8629.5
9506.0
7932.0
6640.5
9095.5
6534.5
13078.0
10474.0
7896.5
5148.5
6275.0
10054.5
11154.5
7084.0
6334.0
4467.5
9528.5
8990.5
10675.5
5316.5
5604.0
8519.0
13714.0
3491.5
7980.5
12025.5
8128.5
6456.0
7368.0
2699.0
2772.5

10077.0
8850.5
11644.5
5973.5
5734.5
8023.5
9016.0
8368.5
10265.0
7823.5
5079.5
6385.0
1720.5
7913.5
8368.5
5789.5
9080.5
8540.5
6927.5
10263.0
8281.5
2560.5
8050.5
7317.5
7478.0
10514.5
9283.5
9901.5
8500.5
9503.0
8091.0
3765.5
6199.5
10946.5
7160.5
7470.5
9518.5
5414.0
7277.0
9947.5
6932.0
6961.0
8075.5
11524.0
8037.5
4853.5
6933.5
10303.0
8980.5
3442.5
10112.5
8193.5
5608.0
9954.0
5441.5
4140.5
10575.0
11417.0
7787.0
10299.5
6192.5
9198.0
11536.0
5662.0
10578.5
9460.0
4430.5
5602.5
8904.5
8330.5
4048.5
12151.0
3755.5
11483.0
7659.0
6813.5
9301.0
9321.5
9311.0
3687.0
3975.0
8354.5
9098.5
9122.0
8361.0
6589.0
10094.5
7774.0
6842.5
4458.5
6425.5
11260.5
5219.0
6281.0
7708.0
6906.5
4161.5
9796.0
7726.0
11250.5
4961.5
4155.0
8315.5
10143.0
5755.5
7419.5
4552.5
10068.0
4788.0
8028.5
7958.0
9627.0
10389.0
7601.0
9703.0
11046.0
7041.5
10182.0
7851.5
6664.5
6215.0
5977.0
11365.5
7115.0
7347.5
10115.0
7650.0
8917.0
12208.0
5618.0
12945.5
7997.0
8728.0
5175.5
8211.5
9847.5
6911.5
8028.5
9652.5
9077.0
9846.0
11118.5
10616.5
10546.5
10764.0
9529.5
7297.5
7877.5
8148.5
5785.0
10118.0
9666.0
5018.0
7042.5
7366.0
4516.0
1312.0
9999.0
11466.0
6295.5
6467.0
5164.0
5386.5
8285.0
8222.5
6635.5
7698.5
5642.0
10635.0
10728.0
6195.5
1652.5
2778.0
11701.0
8712.5
10071.5
5368.5
9333.5
1396.0
7696.0
10849.0
9648.5
7713.0
2712.0
5146.0
7482.0
9135.0
7961.0
6539.5
5766.0
6990.0
7487.5
536.5
10018.0
6780.5
8490.5
7534.5
12155.5
10554.5
6888.0
5751.0
10100.0
2600.5
6530.5
11404.5
7113.0
3648.5
10478.5
6675.0
9129.5
6834.0
5360.5
4161.0
5014.5
9982.0
10611.5
11028.0
6724.0
11985.0
6276.0
11479.5
5934.5
10308.5
7509.0
6458.0
7367.0
9560.5
8840.0
10063.5
9002.5
6078.0
7214.0
10328.5
8421.0
0
10666.0
6408.5
8464.5
68.0
10399.5
5905.5
6941.0
11611.5
11920.0
12895.5
9714.0
6751.5
6036.0
8690.0
12212.0
10668.5
8955.0
6584.5
7463.5
8317.5
6643.5
6106.0
3572.0
12069.0
8988.0
8801.5
9914.5
1482.0
6830.0
9256.0
14432.0
12015.5
5974.5
9119.0
4630.5
8199.5
7322.0
6447.5
5228.0
10921.5
6076.5
5002.0
9869.5
4534.5
6331.5
8412.5
2978.5
10487.5
10271.0
9868.0
3829.5
5922.0
10487.5
5774.5
11976.0
8106.5
9110.0
12622.0
9681.0
6676.5
9711.5
4072.0
10496.5
4574.5
8813.5
4730.5
9786.5
5341.0
5991.0
9472.0
7827.0
8298.5
6390.0
8923.5
9508.0
6555.5
5547.5
8680.0
5723.5
2474.5
419.5
12605.0
7397.0
7676.5
2793.0
11452.5
10128.5
5630.0
7685.5
6626.0
4601.0
12624.0
5473.5
11293.0
6513.0
11013.5
9916.5
8290.0
4813.0
9795.5
4908.0
7530.0
8436.0
6145.5
8628.5
68.0
7794.5
7358.0
8370.5
3868.0
6449.0
9099.0
5327.0
11268.5
10749.0
8654.5
9321.5
7542.5
5690.5
1348.5
10459.0
10652.5
11423.5
10513.5
11639.5
9891.5
8210.0
8053.0
5616.0
9608.5
10907.0
10229.0
7759.5
12290.5
9381.5
6013.0
10545.5
7534.0
9058.0
8635.5
9702.0
9943.5
6502.0
10218.0
6146.5
6643.0
6909.5
9973.0
6847.5
9194.0
6534.5
3790.5
8374.0
11961.5
8113.0
5312.5
5630.5
10483.0
9750.5
7267.0
6808.0
10602.5
10549.5
11004.5
11013.5
8564.5
2880.5
11760.5
68.0
6258.0
10658.5
7432.0
6367.0
6087.5
9723.5
7509.5
5713.5
10491.0
5703.5
6469.5
9318.5
9239.0
4359.0
10873.5
11790.5
10658.5
7547.0
10052.0
3336.5
8520.5
10966.0
6621.0
8595.0
6884.0
5962.5
9217.5
8917.5
9269.5
5853.5
9080.0
7354.0
11984.5
7594.0
7404.5
15498.0
1402.5
2704.5
4039.5
3960.0
7381.5
12810.5
10237.5
8864.0
7976.5
5304.0
8706.0
9309.0
10965.0
10993.5
5215.5
10973.0
3687.0
7049.0
10292.0
4930.5
10515.5
3360.0
6345.0
6565.5
7890.0
1422.0
8667.0
6207.0
126.5
7999.5
8782.5
14269.0
5820.0
6072.0
6709.0
5466.0
5241.5
6777.5
11066.5
6536.5
9157.0
5506.5
10123.0
8108.5
7576.0
9428.5
12721.5
10060.0
4927.5

11236.5
9544.5
8963.0
5941.5
10342.5
9139.5
9080.0
3614.0
6069.5
11021.0
8625.0
12891.5
5754.5
8714.0
7308.5
10436.5
12439.5
7788.5
9423.0
11092.5
6689.0
9100.5
5327.0
9687.0
8461.5
13043.5
5810.5
7354.0
7462.5
10276.0
5183.5
6273.0
6999.5
9108.0
7860.0
6573.5
8228.0
14073.5
8624.5
13709.5
5963.5
9344.5
7943.0
9116.0
7578.5
9947.0
3709.0
8714.0
7942.0
1106.5
6448.5
12063.0
12382.5
5533.0
4477.5
11855.0
7107.5
10081.0
7618.5
8214.0
8985.5
4386.5
6208.0
5681.5
10988.0
10063.5
12413.0
6407.0
12073.5
8695.0
8921.5
6484.5
10285.5
5384.5
9941.5
4680.0
8341.5
11979.5
5076.5
6955.5
7065.0
7083.0
2720.5
717.0
6862.0
5202.5
11642.5
12141.0
10187.0
8334.0
10838.5
6440.5
10800.0
138.0
9369.0
6848.0
6629.5
5664.0
6775.0
11191.5
10600.0
3409.0
12182.0
9731.0
2072.5
14165.5
11978.5
9211.5
3384.0
9813.5
3143.5
6647.0
12730.0
1141.5
8998.5
7953.0
5057.5
10064.0
5582.0
8577.0
4789.5
5338.5
6934.5
7408.0
7130.5
8161.0
9458.0
9487.0
5027.0
6556.5
7406.5
6383.0
9974.0
5514.0
7125.5
4812.0
10909.0
6441.5
4644.5
10053.5
6072.0
8676.0
10147.0
9994.0
7751.5
6017.0
10415.5
8847.0
7337.0
10140.0
6215.0
11979.5
10259.5
10737.0
4663.0
9270.5
10344.0
11052.0
5999.0
10419.0
6758.0
8375.5
9992.0
10324.5
6780.5
12798.5
11383.0
9625.5
10160.0
2504.0
4962.0
8227.0
6829.0
7280.0
7717.0
8836.0
7780.5
9763.0
4835.5
9684.0
10115.5
9155.0
9293.5
7989.0
16017.5
5305.5
6555.0
10751.0
10495.5
7677.5
9806.5
9420.0
5635.5
6041.5
6685.0
11200.0
5595.0
4456.0
8892.5
8394.5
10140.5
0
6950.0
6105.5
10876.0
9325.0
2851.5
0
13660.0
6187.5
3533.0
7030.0
9242.0
0
12937.0
0
7915.5
10305.5
9251.0
7528.0
7194.5
8420.5
6926.0
0
11853.5
6646.5
8727.5
5828.5
4627.0
12194.5
12115.0
11337.0
10055.0
8202.0
8060.0
9954.5
2163.0
3716.0
8290.0
13150.0
12067.0
8107.5
7224.0
14039.5
6999.0
11934.5
3035.0
7238.0
10946.5
12993.0
13674.0
10277.5
6825.5
9223.0
6252.0
7445.0
6177.5
5701.5
8868.5
7848.5
8151.0
7901.0
8309.0
12103.0
7900.5
5913.0
11412.5
8389.0
7943.5
10845.0
12172.0
11534.5
4892.0
8920.5
6296.5
10633.5
6968.5
11093.5
7590.5
6054.5
12457.5
8522.5
10056.5
6415.0
1094.5
6573.5
7062.0
5821.0
10720.0
6463.5
10176.5
12046.5
6225.0
8750.0
6765.5
8033.0
10516.0
10555.5
8759.5
9370.0
9887.0
10146.5
7605.0
0
12827.0
3909.5
7688.0
12462.0
8738.5
11419.5
8521.5
7176.0
6131.5
12302.0
8611.0
0
13351.5
8755.5
6367.0
7932.5
0
12826.0
14303.5
9391.0
10345.0
9131.0
10258.5
9664.5
7316.0
4067.5
7406.5
9583.0
5828.5
8680.5
10729.5
7673.5
10318.5
3776.0
8822.0
10578.0
4105.0
5383.0
10793.5
11218.0
7180.5
8347.5
7449.0
7874.5
12578.0
8567.0
8857.0
10954.0
10412.5
1988.0
6059.5
10034.5
10378.0
9876.5
6512.0
10495.0
7741.0
6715.0
10938.0
7360.5
10655.5
5735.5
9208.5
5585.0
7817.0
10664.5
11554.5
10041.5
9214.0
7052.5
6660.5
8807.0
6631.0
1320.0
10766.0
10149.0
7629.0
8403.5
9906.0
10580.5
9251.0
4404.5
0
10055.0
9487.0
13365.5
4110.0
1175.0
11477.5
7876.0
0
10103.0
6438.5
1904.0
11824.5
8443.0
11056.0
6389.5
3646.5
3790.0
6505.0
9729.0
6382.0
4473.0
10101.5
10298.0
11079.0
10413.0
14633.5
0
10552.5
11267.5
8848.5
8134.5
5916.5
4818.0
10118.0
7398.5
4898.5
8211.5
10143.5
12212.0
11055.0
9058.0
4867.0
5993.5
8264.5
5332.5
9084.0
6897.5
4212.5
11450.5
14229.5
7154.5
9024.5
9223.0
11576.5
6880.5
10309.0
3666.0
9350.0
5609.5
8912.0
4978.0
9104.0
5165.5
8496.0
8358.0
6680.0
8506.0
12164.0
8610.5
5960.0
4864.0
12637.0
9653.5
10692.5
4526.5
11338.0
4864.5
9468.0
0
10698.0
8550.0
7146.0
11181.0
7622.0
3775.0
8499.0
7451.0
8830.0
8240.5
8646.0
10968.5
6442.0
11404.0
10100.5
10093.0
13337.5
14087.0
7658.0
10443.5
9065.5
13995.0
10020.5
8747.0
7193.5
7741.5
11377.0
5982.5
13842.0
10378.5
8632.5
10738.0
12812.5
9068.0
7308.0
10033.0
10182.0
5484.5
8379.0
8567.0
5430.5
9806.0
12048.5
5998.5
10378.0
6961.0
6214.5
12673.5
10018.5
1348.5
14269.0
6833.0
7056.5
4159.0
12865.0
5309.5
2515.5
5036.5
6409.0
4960.5
10685.5
5835.5
15282.0
3143.5
11225.5
10765.0
8030.0
6349.0
8918.5
13548.0
11032.5
2179.0
5365.5
7944.0
4962.5
10293.5
8627.5
4895.0
9399.0
3860.0
11728.5
8134.5
13816.5
4904.0
4367.5
6043.5
3865.5
9819.5
9367.5
7120.5
10370.0
5671.0
4104.0
12015.5
4849.0
10366.5
8570.5
6122.0
8614.0
8874.0
7868.5
8344.5
9241.5
0
10601.0
7722.5
10926.0
14072.0
10571.5
10176.0
10062.0
11626.5
6395.0
8680.0
11562.5
9322.5
10248.0
12566.5
6880.0
0
0
6642.0
13876.0
9070.0
4301.5
10260.5
0
2775.0
5912.5
8424.5
0
10501.0
5916.5
11376.5
8501.0
11076.0
4125.5
9954.0
8705.5
7446.0
14733.0
68.0
0
9654.5
10554.5
5930.5
10390.0
11299.5
6432.5
419.5
10175.5
0
13003.5
10774.0
9940.0
10792.5
8444.5
7146.5
9867.5
9499.5
7125.0
11897.5
8968.0
14397.0
11334.0
11381.0
4071.0
7308.0
10692.0
10161.5
11914.5
2076.5
3793.0
8470.0
10848.5
11604.0
15554.5
2202.5
12881.5
5668.5
8276.0
12834.0
6038.5
12285.0
10057.0
11694.0
7823.5
11829.5
7971.5
11076.5
10675.5
10824.5
10646.5
9707.5
12759.5
348.5
9937.0
10136.0
6211.5
7676.5
734.5
9271.0
10257.0
7750.0
5591.5
6023.5
4549.5
10563.5
9433.0
5312.0
12916.0
13095.0
6787.5
11968.0
11114.5
10735.5
10634.0
5529.0
11923.0
9145.5
7210.5
11830.5
7255.0
419.5
10422.5
3552.5
8510.0
5961.5
11346.5
7169.5
12445.5
3755.0
13258.0
11790.0
0
5554.0
8101.0
3148.5
3425.0
13348.5
8111.5
12363.0
11012.0
8784.5
9253.0
11387.0
6231.5
10483.0
10336.5
11246.0
9532.5
5751.0
5984.5
11143.0
7752.5
0
11129.0
12711.5
10255.5
8245.5
14384.5
5902.5
10706.0
8340.0
8815.0
5449.0
12079.5
13015.5
6342.0
10604.5
11199.5
8049.5
5903.0
10133.5
5657.0
10987.5
8184.0
12539.0
3861.5
9114.5
13001.5
3349.0
10529.0
11393.0
7672.5
11300.5
9050.0
14393.0
6646.0
10228.5
11507.5
11162.5
9197.5
8281.0
10001.5
8752.5
3865.5
0
8277.5
12849.5
8163.5
13796.0
3156.0
7184.0
6071.5
6192.5
12340.5
13070.0
5218.5
10233.0
365.5
12455.0
6360.0
7355.5
10593.5
6177.0
11078.5
10060.0
7526.0
3053.0
6217.0
0
7382.0
7547.0
10951.5
8480.0
7790.0
12103.5
11421.5
9998.5
8868.0
11447.5
6631.0
1364.0
10237.5
12588.5
10559.5
13822.0
4945.0

10509.0
5775.0
9874.5
10690.0
5277.0
5329.5
13226.5
14836.0
8768.5
11997.5
9194.0
8701.5
12096.0
10457.5
13421.0
10316.5
12205.5
8194.0
8967.5
4799.5
10570.5
4471.5
10055.5
5133.5
13455.0
12568.0
9609.0
10676.0
10219.0
13777.5
3733.0
8037.5
10348.0
3750.5
10746.5
11384.0
6348.0
5571.0
11941.5
11035.5
9777.5
7066.0
7681.0
12836.5
11749.5
13169.5
11070.5
5093.5
13808.5
3844.0
11218.5
10089.0
9260.5
10298.0
6311.5
7697.5
11158.0
5208.0
10044.5
7184.0
13427.5
5268.0
11153.5
7395.0
7709.5
4331.5
7495.5
10151.5
13933.5
8101.0
10233.0
8176.0
4742.0
8502.5
8663.5
10943.0
11808.0
4483.5
6853.5
9746.0
10957.5
4121.5
6980.0
14132.5
11247.5
13122.0
4507.0
11700.0
12759.5
10755.0
10721.0
10725.0
10543.0
11284.5
5347.0
9431.5
7918.0
12633.0
4420.5
8910.5
68.0
7174.5
14120.5
3089.0
5608.0
11166.5
14716.0
14018.0
10567.0
10910.5
5395.5
12697.0
7383.0
5962.0
11098.5
10888.0
10042.5
1294.0
6147.5
12089.0
11134.0
11926.0
9862.5
9959.0
11126.5
7963.0
5146.0
10640.5
1423.5
11034.0
11549.5
6480.5
11150.0
12675.0
10081.0
10201.5
11357.5
10062.0
680.5
10487.0
5163.5
7663.0
8270.5
10552.0
11191.5
5593.5
5646.5
11443.0
9547.0
9143.5
6714.0
9342.0
10378.0
11922.5
10200.5
10646.5
10370.5
0
14168.0
6888.0
10260.0
10158.5
0
11237.5
10878.5
11108.5
6344.5
5591.0
2771.0
4730.0
10428.0
5969.0
10332.0
10580.5
10549.0
6759.5
4774.5
11661.0
12651.0
5636.0
12550.0
10867.0
11642.0
8002.5
4419.0
12383.5
10068.5
12307.0
8564.5
5766.5
11445.5
10609.0
5438.0
10809.5
7891.5
4973.0
7681.0
4812.5
9423.5
6983.5
10238.0
10093.0
0
4647.5
5236.0
12716.5
12114.0
10105.5
12329.0
7323.5
9413.0
10315.0
2999.5
1404.5
10370.5
10005.5
10491.0
10731.0
11293.0
9315.5
11170.0
10068.5
11080.5
11268.5
7330.5
7269.0
5663.0
9382.5
10286.5
11823.0
10596.0
10668.0
11510.5
5630.5
12612.5
7854.5
8834.0
9290.0
8667.0
6479.0
12005.0
9660.0
12097.0
11883.5
13347.0
11209.0
7925.0
5804.0
3090.5
9385.0
12063.5
13860.0
11184.0
12125.5
9503.0
10041.5
10074.0
10598.5
9648.0
11196.0
8014.5
10797.0
7277.5
7499.0
10531.0
10271.5
7417.5
10018.0
11472.0
6403.0
5252.0
4571.0
11427.0
11564.5
7630.0
11600.0
10162.5
10965.5
12125.0
11015.5
3871.5
10588.5
11296.5
7411.0
1121.5
12881.0
11802.0
10135.0
3141.5
5332.5
5606.0
10367.0
10420.5
7674.0
11653.0
12281.5
11087.0
11586.5
10110.0
10177.0
10052.5
10673.0
10209.5
14918.5
7583.0
13253.0
5797.0
7446.0
10567.5
10330.5
2581.5
8531.0
8172.0
12544.0
5675.0
11560.5
8719.5
8630.5
7662.5
5958.5
10222.0
14585.0
489.5
6373.0
7533.0
11067.5
13514.5
9128.5
12740.5
10500.5
10117.5
13261.0
5757.0
11982.0
10293.0
11400.0
11030.5
13650.0
7607.5
721.5
11010.0
10618.0
10188.0
8981.0
1385.0
12510.0
11577.5
11714.0
11389.0
5922.5
8103.0
10119.5
8281.5
5247.0
14013.5
9335.5
10107.5
12333.0
13565.0
11842.5
11105.0
11915.5
13571.5
6538.5
4809.5
10694.0
11560.0
4827.0
10212.5
10414.0
8744.5
9435.0
9204.0
5667.0
11919.0
13473.0
6772.0
12002.5
6278.5
10138.5
5478.0
15286.0
13683.5
13456.5
68.0
4961.5
9999.5
9639.0
4700.5
9874.5
7685.0
11276.0
10309.5
13586.5
10024.5
8401.5
10703.0
407.0
11024.0
1075.0
10289.0
7291.0
9174.5
8282.0
10271.5
10335.5
8965.0
11973.5
11939.5
10997.0
8182.5
11762.0
10990.0
12537.5
5023.5
5919.5
11693.0
12426.5
5873.0
12762.5
11658.5
10885.5
11774.5
11556.5
10780.5
8840.5
12148.0
10505.5
1677.5
10539.0
5925.5
10272.0
12554.5
13437.5
10096.0
10115.0
407.0
9439.5
7504.5
10559.5
10570.0
6615.0
10368.0
4578.0
13384.5
11717.5
10262.0
11087.0
5249.0
14199.5
12748.5
8407.5
5365.5
10716.5
10749.0
11493.5
10328.0
12067.0
804.5
10625.5
10610.0
10938.0
9192.5
13220.0
10252.0
10384.5
10750.5
10155.0
12024.0
6883.5
10024.0
8401.0
13171.0
5459.5
11655.5
4876.5
10391.0
9182.0
12012.5
11643.5
9746.0
10081.0
13327.5
8517.0
10057.5
13303.5
4943.5
10805.5
7844.0
10831.5
13277.5
9649.5
10242.5
9629.0
9844.0
12996.5
12440.0
9596.5
10345.0
12269.0
1072.0
4553.5
10812.5
10971.5
10304.5
12694.5
0
5845.0
14134.0
10067.5
9816.0
6657.0
7240.5
13003.0
13641.5
10541.5
14198.5
757.0
6885.0
10648.5
10063.0
4234.5
2201.5
6566.5
10716.5
10556.0
1437.5
5680.5
6258.5
12505.0
6113.0
12080.0
12716.5
12826.0
1106.5
10931.0
11687.5
11463.5
13114.5
13616.0
5323.0
11443.5
2583.5
4661.0
4154.5
680.5
10600.0
811.0
11909.5
11480.0
1231.5
8251.5
3631.0
1129.0
5680.5
1458.5
5102.5
12107.0
2990.0
11813.0
10703.0
12804.0
11417.0
971.5

11923.0
3676.0
755.5
2907.5
7553.5
8535.0
12102.0
9884.0
9573.5
2755.0
8250.5
10266.0
5494.0
1868.5
12380.0
2649.5
2089.0
2911.0
10492.5
3728.5
9178.5
1649.5
11431.0
10967.5
68.0
7999.0
478.5
10461.0
11011.5
12344.5
2495.0
12038.0
10535.0
8266.5
12380.5
717.0
12536.0
5931.5
2893.5
997.5
7674.5
12148.5
11177.5
3073.5
10322.0
13053.5
11104.5
68.0
4481.5
13663.0
1710.5
5817.5
14869.5
10527.5
0
9554.5
8654.5
4600.0
9042.0
4906.5
10208.0
13182.5
10582.5
11312.0
10272.5
11568.5
10395.0
3710.5
5760.0
8758.0
9440.5
8764.5
3539.0
6450.0
6047.0
7538.0
9864.0
5592.0
5703.5
407.0
11222.0
11445.5
10957.5
5609.5
13781.5
13624.0
6705.5
9580.0
10076.5
6599.0
6720.0
5549.0
12094.0
11499.0
13174.5
9032.5
9631.5
13062.0
5621.5
13641.5
11930.5
10446.5
4481.5
10820.0
10161.0
12054.0
12258.0
13250.5
5917.5
11057.5
8172.0
7333.0
13481.0
5897.5
419.5
13524.5
9114.0
10341.0
12327.5
10335.0
2174.5
10429.5
10455.5
12600.0
9685.5
12420.5
11900.5
11786.0
11624.5
6432.0
4126.5
8540.0
13094.5
10699.5
11874.0
11485.5
10673.0
14655.0
8972.5
8687.5
11035.0
0
11095.0
11645.0
6119.0
7456.5
11843.0
7580.0
13781.0
11090.5
2184.0
11892.5
13083.0
10465.5
14309.5
12581.0
13357.5
12547.0
11396.5
6238.5
11575.0
5196.0
10668.0
11502.0
12111.5
6054.0
12464.5
9867.5
11455.0
10132.5
12039.5
3115.0
663.0
6540.5
6742.0
12189.0
7056.5
5958.0
12905.5
8965.0
13538.5
11923.0
1016.5
10200.0
9776.0
14125.5
5931.0
11940.0
12116.0
13392.5
10168.0
10720.0
12148.0
10842.0
7531.0
6595.5
4827.5
10614.5
11383.5
5872.5
14352.0
4754.5
13821.0
9153.5
12510.0
11020.5
10265.0
10938.5
7076.5
5257.0
13604.0
9473.0
13379.5
9250.5
10067.0
10765.5
11707.5
10963.5
5726.0
13330.5
9107.0
2264.0
11865.5
10668.0
11563.0
10156.5
9336.0
6718.0
4939.0
11571.0
10232.0
9124.0
7815.0
8883.5
11151.0
7500.0
10763.0
2281.0
68.0
6120.5
10961.0
11433.0
13402.5
12243.0
11547.5
13735.0
10824.5
3218.0
11466.5
14253.0
6115.0
11454.0
7679.5
12048.0
365.5
8265.5
11249.5
4528.0
5569.5
10755.5
6938.5
11961.0
5938.0
5258.0
11390.0
997.5
7246.5
12197.5
5413.0
10958.5
11086.0
7885.0
2496.0
7336.5
15295.0
10578.5
14829.0
10258.0
9934.0
4975.5
5604.5
11727.0
8194.0
10498.5
14986.0
6601.0
10190.5
8157.5
13714.0
11562.0
8170.0
13902.0
9442.5
13883.5
2126.5
10384.0
8291.5
10609.0
13334.0
11096.5
9538.5
10722.5
12391.5
12299.0
11313.5
8540.0
11519.0
10105.0
1438.0
2419.5
11017.5
10604.5
14145.5
10143.5
10224.5
13470.5
9040.5
5447.0
13796.5
5156.0
6576.5
14202.0
9922.0
11787.5
11019.5
12880.5
10332.5
9992.5
12192.0
8243.5
12626.0
2420.5
7120.0
4957.0
14273.0
11410.0
8719.0
7282.5
8280.0
5554.5
10092.0
5327.0
3962.0
7980.5
10253.5
12977.0
3069.5
10660.0
8338.5
8666.0
11556.5
4870.5
8945.5
12455.5
4627.0
8641.5
12356.5
2984.0
12604.0
3534.5
15203.0
10244.5
5191.0
11941.5
11391.5
11911.0
2613.5
3434.0
11793.5
14653.0
68.0
3067.0
11619.0
5287.5
11714.5
8140.0
11862.0
15524.5
14481.5
1014.5
6646.5
12765.0
12770.5
13020.0
12609.5
12887.5
6350.0
9145.5
11781.5
4564.5
10152.0
5555.5
6924.5
10615.0
68.0
12411.0
12254.5
1014.5
2304.0
8119.0
6806.0
8658.0
12522.0
7655.5
5403.5
5809.5
12763.0
11604.5
6587.5
10912.0
13857.0
10186.5
9076.0
12839.5
5903.5
12947.5
12599.0
11632.0
12041.0
10138.0
12317.0
717.0
10678.0
14297.0
15409.5
4817.0
13033.0
8137.0
10410.5
13212.5
14130.0
3674.5
1087.5
11480.0
10050.5
6866.5
14076.5
1143.5
0
12410.0
12514.5
8436.0
11553.0
10994.0
12846.5
7947.5
12885.5
11843.0
13471.5
1484.0
8354.0
11883.5
14389.5
11584.0
11900.5
9204.5
8241.5
15102.5
8134.0
10167.0
6582.0
10084.5
10513.5
12790.5
12924.0
8808.5
11214.0
11082.5
126.5
12073.0
4662.0
1668.0
8184.5
12369.0
12553.5
4847.0
13524.0
5530.0
2734.0
7168.5
11329.0
5460.0
9431.5
10219.5
68.0
11574.0
1809.0
7947.0
12702.5
5223.0
5343.5
15137.0
14162.0
8379.5
9323.5
10636.5
11709.5
2539.5
10667.0
365.5
1813.5
10217.0
14576.5
10504.5
11710.5
11351.5
10135.5
12357.5
2050.5
6034.5
12696.5
10259.5
2200.5

7387.0
11567.0
2775.5
11923.5
771.5
7599.5
11467.0
14494.5
9511.0
8362.5
13688.0
7756.5
10107.0
12146.5
12200.0
12406.0
11462.0
9189.5
10107.5
13292.0
12007.0
4461.0
2387.5
7673.5
7072.0
9844.5
3737.0
10348.5
11313.0
13428.5
10736.5
10286.0
12302.0
10723.5
11003.5
11505.0
13785.0
13423.5
13193.5
11825.0
13387.5
10124.0
12831.0
3713.5
1884.5
9303.5
10726.0
10831.0
10837.0
10397.0
11328.0
14959.0
9308.0
10123.0
10667.0
12562.5
13468.5
13294.5
11427.0
68.0
12621.0
8696.0
7692.0
13683.5
11498.5
13799.5
7925.0
12224.5
2974.5
10639.0
10737.5
10284.0
11745.0
15054.0
931.0
12504.0
2143.0
11408.5
5066.0
6554.5
12029.5
2105.0
2731.5
10754.5
11455.0
7048.0
10832.5
11630.0
11559.0
6271.5
5233.0
3477.5
10049.0
13576.0
15459.0
13339.0
8458.0
12103.5
11383.0
11706.0
7794.5
11760.5
10063.0
12553.5
12302.0
13501.0
516.5
6962.0
9596.5
4779.5
10093.0
11272.0
9991.0
13086.0
12663.5
11023.5
8059.0
11499.5
17326.0
11305.0
12899.5
11478.5
13364.0
10736.0
11112.5
7055.0
11057.0
2123.0
5920.5
10439.0
11058.5
12690.5
9647.5
11006.0
12266.5
10789.0
7903.0
11370.5
4556.5
7256.0
5576.5
8402.0
12234.0
11595.0
9031.0
10384.5
10994.0
10166.5
7940.0
10555.0
13036.5
8423.0
12890.5
15389.0
10122.0
3429.5
12436.0
12586.0
6567.0
10785.0
12442.5
12172.5
14121.0
4828.5
8563.5
11271.0
13568.5
10405.5
12014.5
2995.0
4609.5
13242.0
11619.5
13773.5
13662.0
15773.0
10956.0
13547.0
126.5
11841.0
14547.0
10641.5
8519.0
12061.0
11284.0
11018.0
11139.5
10223.5
11848.0
10262.5
11758.5
14151.5
11176.5
11586.0
10713.5
13599.0
13658.5
14229.5
10145.5
7189.5
10554.0
8624.5
13150.5
11010.0
6003.0
14368.0
12965.0
9372.5
14543.5
11441.5
10469.5
3954.5
12851.5
4979.0
9134.0
11385.5
11162.0
1087.5
4900.5
8329.0
2228.5
2382.5
5193.5
2161.0
11271.0
3484.5
10581.5
12528.5
11037.5
5606.0
9538.0
13345.0
8644.0
10245.5
10093.5
11163.0
14695.0
8610.5
12262.5
10387.5
10415.0
1603.5
6015.5
9319.5
7144.0
8534.5
10262.5
7545.0
15068.5
2065.5
9110.5
3205.0
8193.0
10458.0
11372.0
2688.0
13971.5
7904.0
14795.5
8160.5
10920.5
10508.5
9677.0
11400.5
9019.0
5478.0
10950.0
11111.5
8400.0
14150.0
8568.0
15021.5
9109.5
13335.5
10155.5
11381.5
8314.0
10456.5
10181.5
12807.0
771.0
10398.0
5529.0
13354.5
11722.5
9557.5
11610.5
3224.5
4516.5
11836.0
10584.5
4589.0
10310.0
10997.0
15136.5
12350.0
13051.0
11641.0
10238.5
14622.5
12329.0
15607.5
11441.0
10413.0
3577.0
8167.5
6022.5
6535.0
11692.0
6528.5
14401.0
7623.5
13420.5
12719.5
10416.5
11149.0
12680.0
3148.5
5014.5
9534.5
12054.5
2014.5
9222.5
2304.0
10956.5
10145.0
6505.5
11469.5
15929.0
12947.5
13134.0
7225.5
10120.0
0
9206.5
1127.0
12373.0
14263.5
11916.0
11716.5
10525.5
3422.5
5273.0
9930.0
8796.5
10642.0
15027.0
12803.5
14179.5
11114.5
3947.0
10504.5
13405.5
10098.5
8546.0
14831.0
10182.5
13954.0
10789.5
8473.0
12489.0
12279.0
11179.0
5400.0
5474.5
4540.0
10250.0
7537.0
6868.5
13557.0
8590.5
5047.0
5498.0
9204.0
2461.0
8802.0
8615.0
5746.0
3924.5
8339.5
11494.0
5550.5
11494.5
10374.0
10882.5
10063.0
11411.0
8873.5
6624.5
0
11090.5
7331.0
13843.5
11775.0
11776.5
11538.0
10979.0
11068.0
11688.0
6762.5
12019.5
5545.5
10283.5
12172.5
68.0
8933.5
11834.0
10951.0
11985.0
13978.0
12343.5
3287.0
11610.5
9491.5
11550.5
7065.5
5720.0
10068.0
10144.0
8331.5
126.5
4850.0
2981.0
14001.0
9700.5
10813.5
11939.0
7463.0
10531.0
9552.0
10090.0
5144.0
11641.0
5246.5
13966.5
10310.5
11473.5
4801.5
10232.5
12104.5
11128.5
10107.5
13467.0
10955.0
11174.0
10384.0
5222.5
10672.5
10509.0
7454.5
7043.0
10130.0
11902.5
11814.5
5014.0
10056.0
10591.0
10283.5
5746.0
3206.5
10121.5
10518.5
3674.0
11377.0
13241.0
12517.5
8083.5
10617.0
13288.5
8235.0
12842.5
10829.0
12961.0
665.0
3379.0
10834.5
12336.0
10266.5
12913.0
12968.0
11232.0
10505.5
8585.5
0
11862.5
7430.5
6170.0
12498.0
10285.0
7225.5
7112.5
10057.5
7221.5
10759.5
10491.5
11115.5
10331.0
12295.0
11310.0
10207.0
8171.5
8477.5
719.0
12985.5
11332.5
7292.5
10739.5
10623.5
13580.0
14531.0
10267.0
11506.0
10656.0
10102.5
12948.5
12770.5
12283.0
6665.0
9251.0
12371.0
9492.5
11563.0
11718.5
10903.5
12759.0
10305.5
5746.5
13208.5
11378.0
10612.0
7923.0
6379.0
13967.5
3476.5
10711.5
14605.0
10982.0
5626.5
13891.0
14208.5
12485.5
10111.0
11938.0
11323.0
5517.0
13491.0
11150.0
13234.5
8287.0
12384.5
9857.0
10101.0
13167.0
13178.0
10035.0
13436.0
4124.0
12857.0
11694.5
10972.0
15034.0
12720.0
10529.0
10046.0
12038.5
10831.0
6747.5
12009.5
10596.0
12028.0
12040.5
10788.5
11693.0
12374.0
12962.5
15196.0
16910.5
11695.5
1980.5
13389.5
5792.5
3560.5
13217.0
13279.0
0
14578.5
12074.0
11946.5
9063.5
8812.5
11829.0
12236.5
11648.5
10847.5
843.5
10528.0
68.0
10432.5
10174.5
12602.0
11003.0
14260.0
12895.0
10111.5
14946.0
11801.5
10351.5
11703.5
15544.5
14117.5
970.0
13345.5
3236.0
13785.0
11493.5
7537.5
14399.0
12748.0
10248.0
11202.0
7891.0
6511.0
9404.5
9315.0
0
14521.0
365.5
11016.5
9261.0
4997.5
13537.5
11113.0
2889.5
6447.5
15010.5
13391.5
12515.0
5149.5
10472.5
10737.0
11846.5
10737.5
8999.0
14426.5
12035.5
10138.0
13331.5
13908.5
0
1629.0
5551.5
6067.0
11472.0
12734.0
10068.5
10720.5
13592.5
4325.0
13357.0
7022.0
11509.5
10884.0
7348.0
12269.0
14404.0
12904.5
4081.0
10646.5
12824.5
0
15178.0
11511.5
13886.0
10365.0
2298.5
13249.5
6561.5
12372.0
12811.0
10719.0
5848.0
11174.5
13700.0
12766.0
13374.0
11750.0
0
0
12143.5
9259.5
12870.5
11893.5
10516.0
14563.0
14345.0
14380.0
10570.5
11722.5
14115.5
15102.5
11814.0
12025.5
1763.0
11881.0
14456.5
13034.0
11603.5
10807.5
6461.5
11302.0
10801.0
14359.5
3725.0
8066.0
13092.5
10506.5
10777.0
11955.0
14530.5
8002.0
12026.5
12697.0
13252.0
10691.0
11145.0
12904.5
4798.0
11320.5
12139.0
14479.0
10930.5
11012.5
8140.5
13925.0
4109.0
13688.0
3837.5
11012.0
3976.0
6001.0
8124.5
13113.5
419.5
14634.5
11356.0
13955.0
12316.0
846.0
13299.0
3383.5
10534.5
11241.0
10367.0
10576.0
10610.5
13584.5
14633.5
8804.0
14247.5
10947.5
9666.0
10358.0
5931.0
6019.0
12828.5
8247.5
13495.0
8760.0
10160.5
12741.0
3356.0
8072.5
13451.5
10026.5
0
10218.5
0
10342.0
11198.5
5409.0
0
5927.5
1345.5
14258.0
13364.5
5149.5
0
4499.0
0
3010.0
2922.5
5183.0
2776.5
11117.5
8647.0
5218.0
13753.0
2269.0
10886.0
9043.0
10673.5
7525.0
8603.5
11397.0
2402.0
12050.0
10749.5
1777.5
5458.5
15854.0
9400.5
11911.0
5313.5
11109.5
10646.5
14087.5
13101.0
5507.5
11250.0
14247.0
13213.0
11372.5
12920.5
4273.0
14671.5
13897.5
15598.5
13062.5
999.5
8664.5
10468.5
2959.0
12109.5
14213.0
2844.5
14067.0
4869.5
10608.0
12483.0
12723.0
12184.0
12220.0
15138.5
13137.0
13495.0
12744.0
8164.0
12232.5
14756.5
9762.0
11977.0
7262.5
9375.0
3131.5
14149.0
1784.5
14153.0
12350.0
3746.5
12755.0
686.0
14118.0
15881.5
11375.0
10450.5
5783.0
8181.5
12696.0
12827.5
11183.0
11197.5
10575.0
12330.0
10083.0
0
424.0
11048.5
13881.0
10774.0
0
6523.0
0
10761.5
4558.0
12493.5
14347.0
12599.5
7339.0
14820.5
13620.0
6218.5
9666.5
1528.0
11399.5
704.5
10272.0
13567.0
12440.5
13629.0
10607.0
11006.5
11997.0
13407.5
14506.5
14558.0
12742.0
4025.5
13294.5
12776.0
13674.0
5512.0
12236.5
9775.0
7221.0
13203.5
4491.0
11438.0
11201.5
12706.0
11210.0
5444.0
10057.0
5219.5
8670.5
11923.5
0
13074.5
11375.0
14255.0
5485.5
10497.5
8658.0
13997.5
12849.5
9236.5
9269.5
6681.5
14527.0
11099.0
11001.5
4713.5
10580.0
5108.0
960.5
15379.0
10909.5
11192.0
6386.0
12662.0
11991.0
9962.5
12493.5
9067.5
9987.0
11112.0
4589.5
0
11642.5
9295.0
0
12824.5
13132.0
6059.0
13911.0
12840.0
13805.0
8866.5
13482.5
11140.0
12642.5
6901.0
11664.0
3204.0
11010.0
2111.5
11470.5
10574.5
15258.0
12079.5
10233.0
10564.0
12886.5
11048.5
10274.0
11961.5
11268.5
10526.0
12916.5
12614.5
8645.5
13715.5
13310.5
10428.5
12458.5
14284.5
11201.5
15103.5
14156.0
7589.5
7993.0
9510.0
10667.5
5572.5
12255.5
12117.5
13690.0
13050.5
7611.0
11220.5
3016.5
13491.0
11730.0
13926.0
11478.5
2161.0
10760.5
5549.0
13051.5
12952.0
11337.0
13998.5
3887.0
2012.0
5327.0
15062.0
3366.5
3125.5
12389.0
4497.5
13714.5
8238.0
10577.0
4114.0
9398.5
12014.0
10525.5
10611.5
10352.0
9683.5
5438.5
2860.0
8027.5
9464.0
8477.5
14510.0
3398.0
9742.0
9594.0
10663.5
7430.5
12405.5
9431.0
5043.5
11738.0
10928.0
15088.0
7604.5
13379.5
10502.5
11564.0
14369.5
10127.0
11646.0
12669.0
4370.5
2887.5
10519.0
4248.0
13625.5
10528.5
4664.0
12018.0
10599.5
11757.0
0
10523.5
8354.5
13543.5
12825.5
10350.0
10870.5
1440.0
14113.0
11526.0
11281.5
15489.0
12808.0
3347.0
9998.0
8429.0
8018.5
9571.5
13643.5
0
9940.5
13107.5
13703.0
11390.5
12464.5
5885.0
10524.0
10984.5
6767.0
10686.5
12429.0
13748.5
11959.0
11816.5
10396.5
5390.5
10949.0
10963.0
8228.5
14174.0
8535.0
5769.0
3240.5
8130.0
13907.5
9112.0
11931.0
12556.5
11480.0
14428.0
13285.0
8649.5
7429.0
10741.5
0
7104.5
15441.5
12976.5
7295.0
8676.0
10171.5
13018.0
6295.0
11259.5
10771.5
8345.0
12715.0
12517.5
10817.5
2621.0
12452.5
10266.0
5317.5
13168.0
13268.5
12694.0
13900.0
5981.0
11604.0
8810.5
10352.5
14705.5
12073.0
1105.0
14038.0
3773.0
790.0

11523.0
13561.0
1461.5
4047.5
12049.5
6559.0
3674.5
9900.5
13813.5
13597.0
10105.5
2209.0
11276.5
13037.5
13508.0
12087.5
10220.0
5372.5
419.5
8503.0
9120.5
13024.5
10570.0
2671.5
11094.5
14699.5
12817.5
663.5
4266.0
10967.5
13518.0
15167.0
4566.0
12045.0
8546.0
0
0
7757.0
10051.0
12817.5
12903.0
5346.5
9605.0
10619.0
13378.5
3104.0
14269.0
9333.5
14261.0
13731.0
1372.5
646.0
12208.0
15604.5
11944.5
11791.0
12877.0
4587.0
11903.5
12988.0
10382.5
126.5
12095.0
2125.0
15950.5
10115.5
9924.0
9663.0
10961.0
15468.0
6982.0
5865.0
14025.0
9486.5
5312.5
13514.0
13260.5
10084.0
10940.0
5364.0
10321.0
14385.0
7475.5
10946.0
13765.0
13903.5
10422.5
5702.5
6734.0
7294.0
0
13107.5
14338.5
13633.5
11399.5
753.5
5123.0
5183.5
6460.5
13261.0
10639.5
10670.5
0
11635.0
11036.5
1351.5
13767.5
1460.0
12861.5
9423.5
10811.5
14241.5
6188.0
15193.5
2644.0
629.0
11122.0
13411.5
10246.0
13832.5
11944.5
12264.0
7247.5
11096.0
12649.5
13453.5
10184.5
0
12169.5
15657.5
12268.5
14013.5
3692.0
15181.0
6704.0
12950.0
13493.5
12864.0
12732.0
8723.0
10527.0
13986.5
11003.0
12072.0
14033.0
11808.0
10762.5
10099.0
2529.0
13514.0
12697.5
13582.5
10370.5
7405.0
418.5
8666.0
13266.0
13785.5
12954.5
5906.0
11277.5
0
10565.0
13177.0
14393.0
12813.0
2458.5
12721.0
13526.0
12506.5
12736.5
138.0
8803.5
11237.0
11456.5
10039.5
10367.5
10337.0
13288.5
10081.0
13713.0
13813.5
12574.5
14891.5
12861.5
4536.5
14715.0
9536.5
8615.5
7954.5
13639.0
10587.5
9912.0
13516.5
9449.0
12351.5
10725.5
2017.5
2280.0
4448.5
11894.0
13792.5
14847.0
12093.0
12338.5
11683.5
11380.5
10611.5
10513.5
3550.0
10700.0
10069.5
14420.0
10698.0
8519.0
0
12722.5
9210.0
14463.5
126.5
12181.5
10332.5
11219.5
14006.0
10814.0
10681.5
5733.5
11292.0
1015.0
10490.5
13052.0
12983.0
6478.5
11270.5
10364.0
9905.5
13780.0
14899.5
10782.0
11832.5
6875.5
10526.5
13642.0
10635.5
11995.5
14903.5
2916.5
14868.0
12477.5
12542.5
11044.5
12697.0
12555.5
10130.0
11871.5
2701.5
12988.5
11585.5
4202.5
5083.0
0
14586.0
13571.5
10746.0
12715.0
12562.5
14665.5
5255.0
2056.5
4310.0
11845.0
11943.0
10137.0
12318.0
11610.0
11922.0
12254.0
13570.5
11383.5
12937.0
14366.0
11881.5
9320.5
13266.0
15288.5
12547.5
10275.5
12103.0
15067.0
13144.5
13025.0
14059.5
5524.0
13321.0
11158.5
13040.5
12011.5
12408.0
0
704.5
0
12482.5
0
11519.5
12649.0
2845.5
6147.0
11601.0
14191.0
13609.0
6059.0
10057.0
13299.5
13421.0
14218.5
7405.5
10097.0
12055.5
12894.0
1576.5
0
13759.5
10942.0
11033.5
11880.0
11409.0
10492.0
9553.0
11115.0
11607.5
13645.5
12393.5
4352.0
10264.0
11095.0
2725.0
6218.5
6835.5
15316.0
12548.0
419.5
14922.5
12511.0
10081.0
1456.5
11078.0
734.5
11222.0
12042.5
12622.5
12623.0
10088.0
14530.5
13293.0
10009.0
14122.5
10506.0
9087.0
10594.5
13221.5
15255.5
11336.5
7235.5
5233.0
5394.5
10038.5
12143.0
13150.0
14018.0
11102.0
10104.0
12853.0
10202.0
3160.5
10079.5
9480.5
12480.0
138.0
14148.5
13732.0
10596.0
11508.5
5123.0
13214.0
15230.5
15677.0
14146.0
12078.5
11469.5
10557.0
11518.0
13692.0
12976.5
12110.0
11871.5
10073.5
4706.5
13685.5
11036.0
14280.5
10983.0
11538.0
7498.0
11423.0
12639.0
3564.5
1778.0
6551.5
10961.5
11987.0
2510.5
14135.0
14633.0
10571.5
13039.5
11121.5
11445.5
14204.5
13310.5
14154.0
14559.5
12148.0
15273.5
15296.0
13033.5
4844.5
3891.5
11938.0
11466.5
14506.5
12551.5
12238.5
13709.0
138.0
11871.0
2221.0
14173.5
14331.0
12148.5
13693.5
12027.0
12249.0
10617.0
14937.5
14281.0
12916.0
11542.0
12090.0
777.5
8021.5
15380.5
13698.0
15073.5
14564.5
11540.0
14939.5
13984.0
1146.0
12803.0
7355.0
12571.0
10997.0
943.5
10998.5
13110.0
12062.5
5550.0
10619.5
11476.5
12764.5
12372.0
10220.5
13997.5
12850.5
11650.0
10134.5
10950.5
11912.0
11058.0
12288.0
10517.0
13881.5
1432.5
13710.0
9955.0
9184.0
126.5
10273.5
419.5
2734.5
10807.0
722.0
4415.5
14042.5
11495.5
2741.5
5347.0
10095.5
13622.0
10674.0
12953.5
14706.5
9150.0
1206.0
12329.0
14265.5
5713.0
5180.5
5855.5
68.0
13253.0
12716.5
11893.5
13282.5
12149.0
365.5
10502.5
11189.5
12091.0
14679.5
3514.0
12012.0
5277.0
10871.5
13633.0
12906.0
10276.0
13147.5
11856.5
15992.5
13625.0
11827.5
13224.5
10931.5
11035.0
7810.0
12380.0
12436.5
11371.5
9298.5
8043.0
6274.5
13645.0
2066.5
14805.0
4599.5
11859.0
12397.0
11873.5
11634.5
13070.5
14640.5
11435.0
15734.5
12460.0
10242.5
11325.5
11562.0
13611.0
14216.5
11908.5
12528.0
15096.5
1148.5
10368.5
14972.5
8552.0
12983.0
11330.5
13314.5
4779.5
13448.0
1036.5
13888.0
5729.5
10937.0
10539.0
14497.5
14506.0
10081.5
12397.5
14563.5
9454.0
11756.5
6683.0
9127.0
10945.0
14521.5
12270.5
10513.0
13292.5
11786.0
10084.0
2691.0
12649.0
12914.5
12994.5
13270.5
10604.0
9291.5
10045.5
10221.5
10219.0
13131.0
11797.5
12773.5
6451.0
2684.5
13966.5
14926.5
9476.0
14236.0
10116.0
13700.0
10268.0
11427.0
12761.0
10330.0
13575.0
14376.0
10716.0
15017.5
12215.5
10139.5
2644.0
13248.5
13898.5
10070.5
12020.0
8608.0
13525.0
10890.0
2738.5
12440.5
10777.0
10191.0
11312.0
12765.0
11586.5
12136.5
5096.5
8274.5
11637.0
6064.5
6519.0
10437.0
10645.5
11879.0
13225.5
9906.0
12824.5
14233.0
13852.5
16061.0
15295.0
13649.0
13793.0
10215.5
13849.5
12797.5
8718.5
14329.0
11459.5
0
12758.0
7708.5
2087.0
11479.5
12056.5
13455.5
12279.0
14933.5
0
11715.5
12815.5
13608.5
646.0
13847.5
14483.5
2763.5
3007.0
13268.0
8814.0
14144.0
11028.0
8356.5
9721.0
13226.0
13711.0
8692.0
12168.0
1182.5
3771.0
12126.5
14445.0
6450.0
14174.5
6373.0
11460.5
5445.0
10499.5
15294.0
9910.5
4900.5
14907.0
13076.0
10135.5
8480.5
2656.0
13430.5
13903.5
14658.0
10998.5
13565.5
14271.5
14272.0
9926.0
13638.5
68.0
7480.0
10932.0
6235.5
11057.5
7392.0
11643.0
13529.5
10650.0
6038.0
10344.5
8322.0
14057.0
932.5
12774.5
13763.5
10416.0
15410.5
7572.5
12641.0
419.5
10935.5
13652.0
13220.0
13491.0
12495.0
12162.5
11062.5
14419.5
13363.5
1737.0
16352.5
13104.5
12782.5
13481.5
13107.5
9729.0
14922.5
5185.5
14903.0
3047.0
5963.0
11617.0
2700.5
10073.5
12389.5
11275.0
7014.0
12469.5
12183.5
5350.0
14790.5
14679.0
10850.5
9253.5

126.5
9617.0
11755.5
11752.0
2145.5
13734.5
5960.5
13048.5
11869.0
14559.5
10265.5
13973.5
717.0
8423.0
9000.5
2559.0
13717.5
14382.5
1526.5
5926.0
10567.0
14057.5
15095.5
13190.0
5551.0
14122.5
14028.5
407.0
12159.0
13529.5
9165.5
12203.0
10087.5
12968.5
13413.5
7862.0
13192.0
13988.5
13795.0
13679.5
10605.0
10536.0
7381.0
13276.0
14144.5
9721.5
12347.5
10056.5
13985.5
10488.5
11129.5
11511.0
12890.5
14934.5
11461.0
14582.0
13744.5
10439.0
14439.0
13804.0
14299.0
13663.0
11566.5
5171.5
13370.0
10277.5
12639.0
11610.0
13289.5
8120.5
7521.0
13924.5
4234.5
0
13401.0
14458.0
13610.0
11901.5
12389.0
2078.0
12319.5
12919.0
14137.0
8264.0
6506.0
13256.0
7242.5
7776.0
14390.0
13647.0
13050.5
5328.5
14033.0
15216.5
11563.5
5134.0
13284.5
13270.0
14991.0
15035.0
8504.5
11609.0
12379.0
7517.0
11398.0
14471.0
5994.5
11002.0
5881.5
11864.0
10761.5
10991.5
5502.5
12234.5
10917.5
6401.5
3574.0
11829.0
11015.0
11885.0
11281.5
11389.0
8089.0
10972.0
12509.5
7486.0
6381.5
14466.5
10583.5
12541.0
10122.5
15131.0
14575.5
2744.0
10223.5
12055.0
12470.5
11964.0
11042.0
14625.5
9724.0
3341.5
10916.0
5403.5
12025.0
3112.0
11795.5
7413.5
13034.5
8331.5
12906.0
12368.0
13400.5
8995.0
1052.0
10138.5
12778.0
13242.5
7702.0
14447.0
13458.5
6350.5
16767.0
12306.0
10238.0
10931.0
13678.0
13658.5
14068.0
13298.5
6003.0
15883.0
10106.0
12744.0
173.0
8297.0
10761.5
6631.0
15276.0
5619.0
12663.5
14699.0
5561.0
14555.5
10235.5
14790.0
13457.0
11624.5
12806.0
11259.5
13633.5
13681.0
12832.0
12818.5
11677.5
11591.0
12532.0
15209.0
5653.5
16047.0
13875.5
14060.0
15662.0
13084.5
13358.5
3169.5
11322.5
10940.0
14783.0
11413.5
4438.0
12839.5
699.5
13912.0
14117.5
11634.0
15540.5
10333.5
12230.0
16126.0
12243.5
11911.5
13240.0
4814.0
11019.5
9193.0
3277.0
12880.5
13172.0
13235.0
13774.0
10135.0
12258.5
6080.0
10624.0
13153.0
14273.0
15082.5
14326.0
11235.5
11190.0
14014.5
14386.0
14478.5
6717.0
12605.0
13439.5
11927.0
11945.0
10066.5
13871.5
11057.0
12065.0
5871.5
12957.5
13072.0
0
8037.0
13271.5
4975.0
12928.0
5584.5
7900.5
13996.0
10145.0
11034.5
13710.5
12391.5
13589.5
11900.0
14290.5
2281.0
1087.5
15188.5
12732.0
10727.0
11913.5
12395.0
12151.5
6697.0
13221.5
4738.5
11260.5
8372.0
11948.5
9223.0
11405.5
3947.5
905.0
11489.5
14383.5
12838.0
11714.5
13587.5
12323.0
9440.5
10628.0
13856.5
9201.0
8717.0
14389.0
6020.0
13346.5
5317.5
11126.0
11603.0
14125.0
12255.5
12475.5
13697.0
13770.0
12588.0
9794.5
11043.5
12660.0
4963.0
14217.5
17599.5
3813.0
138.0
12670.0
8730.5
11038.0
14722.5
11103.0
15037.0
9905.5
4550.5
15086.5
4888.0
13710.5
14066.0
10278.0
13424.0
13986.5
11124.0
12383.5
4603.5
7180.0
8106.5
12238.5
9695.0
13671.0
5627.0
10936.5
7709.0
13180.5
6441.0
3165.0
5623.0
11894.5
12158.5
5077.0
10743.0
14483.5
10346.0
4529.5
11603.5
10072.0
12779.5
10699.5
1073.0
12371.5
12364.5
14168.0
10891.0
10561.0
12847.5
14188.5
12940.5
12592.0
5827.0
12282.5
14267.0
11457.5
11870.0
14093.0
6123.0
12060.5
12700.0
8869.5
10946.5
15312.5
13057.5
848.5
12376.0
4628.5
6015.0
6026.0
348.5
12982.0
7211.0
16409.0
12845.0
14195.5
3778.5
0
11157.5
4461.0
0
13722.0
4594.0
11271.5
14792.0
10993.5
3991.0
13106.5
13489.5
1385.0
13160.0
9113.5
13254.0
1400.5
13396.0
3534.5
10063.0
14822.0
459.5
15197.0
14355.5
14519.0
10080.0
5955.5
13694.0
10964.5
4104.5
14491.0
4196.0
13030.5
138.0
2902.0
14794.5
10792.0
13961.5
7582.0
10725.0
12936.5
11157.0
14327.0
13787.5
1390.0
10607.0
6438.0
13702.5
12917.0
13719.5
13231.5
4035.0
13658.0
13762.0
11265.5
5747.5
8287.0
14886.5
4133.0
11703.5
10490.5
11978.5
12251.5
6390.5
13982.5
3273.0
13976.5
5609.0
6779.0
14027.0
12524.0
10565.0
14402.5
8923.0
10699.0
14095.5
15177.5
12796.0
3300.5
14697.0
9060.0
6368.5
5945.0
13902.0
13788.0
14495.0
12028.0
13612.5
13180.5
11666.0
14305.0
16293.5
12115.0
14738.0
11047.5
5850.0
2735.5
860.0
365.5
13586.5
13638.5
13166.0
9819.0
11413.0
7694.0
10344.5
14280.5
12767.0
3496.0
5198.5
809.0
9135.5
12677.5
10670.0
3287.5
1771.5
10539.5
11605.5
11112.5
13502.5
13536.0
10240.5
11110.5
11428.5
12129.5
14989.5
13476.0
13699.0
10261.0
12712.5
5353.5
6771.5
4844.0
12811.5
13751.0
13341.5
13733.5
12841.5
12022.0
11532.0
13722.0
10183.5
9497.5
478.0
12093.5
11264.0
10152.0
10084.0
12752.0
12025.5
14295.0
14195.5
12640.5
13062.5
15332.5
13775.5
10731.0
14289.0
10994.5
13544.0
14527.5
1035.0
7891.0
13968.5
13022.5
10079.5
10153.5
13920.5
10145.0
2672.5
11737.0
6658.5
12297.5
12426.5
10145.5
5062.5
11652.5
10834.5
10537.0
12613.5
11131.5
5554.0
13027.5
663.5
13840.5
13393.5
8480.5
13506.0
8702.5
12384.5
7476.0
10493.5
12530.0
10508.0
10515.5
778.5
13980.5
12884.5
7973.5
9223.5
8889.5
12037.0
6936.5
10128.5
6694.0
7278.5
10140.0
9688.0
401.0
14136.0
10594.5
10842.5
13533.0
4762.5
8582.0
13067.0
11417.5
13783.0
13697.0
6870.0
5221.0
10660.0
11661.5
12064.0
13611.0
68.0
13730.5
5473.0
12567.5
5650.0
9220.5
11489.0
9419.0
12405.0
12777.5
257.0
13792.5
0
14712.0
6511.0
14084.5
6371.0
14253.0
14919.0
3229.5
13752.5
14699.5
11118.0
11425.0
13841.5
13573.5
10465.0
14167.5
13742.5
13343.5
11148.0
3905.0
5443.0
11169.5
12010.5
2747.0
11944.0
10276.5
7000.5
13821.5
12056.0
13282.5
14796.5
7723.5
15001.0
16462.0
12585.5
10025.5
14963.5
12583.5
15040.5
0
13299.5
13912.0
15714.5
9068.0
14936.5
12809.0
11051.0
14401.5
4846.5
13833.0
5027.5
9813.0
4873.0
10656.0
14733.5
4310.0
13605.5
4825.5
8138.5
14062.0
13112.5
10297.5
4573.5
13744.0
9277.0
13183.5
12628.5
13546.5
13521.5
13256.0
12969.5
5396.5
12726.0
11876.5
14549.0
13836.5
14855.0
14367.5
12314.5
13086.5
12155.5
5165.5
14130.0
13688.5
0
13999.0
3783.5
16759.0
14687.0
13038.0
11797.5
13312.0
13603.0
16281.0
0
14713.0
13258.0
14077.0
4033.0
13295.5
11062.0
12348.0
12419.0
15596.5
10946.5
13125.5
11568.0
11386.5
10238.0
12585.5
9675.0
11497.0
13441.0
6137.5
13411.0
10109.5
13961.0
7322.5
11852.5
68.0
15228.0
11041.5
4942.0
12399.0
5292.5
13289.5
16236.5
10082.0
11639.5
5745.0
14786.5
10758.0
4236.5
10394.0
15012.5
0
12987.0
15423.5
13165.0
12319.5
13039.5
14200.0
12952.5
14534.5
11393.5
13241.0
15310.5
0
12615.0
12944.5
10479.5
1175.5
13718.5
14866.5
7691.0
8732.5
10755.5
5180.5
6366.5
6359.0
13787.5
13665.0
9620.0
11279.0
12629.5
9945.0
13716.0
10031.0
8908.0
13707.0
12902.0
12992.5
14623.0
12933.5
10432.0
6693.0
12306.5
12615.5
12909.5
14914.5
14083.0
11447.5
15005.5
14560.5
12379.5
4888.0
13037.5
13999.5
0
13220.5
13315.0
13002.0
13308.0
14692.0
10505.5
12366.0
11412.0
15114.5
5107.5
68.0
13966.0
11316.0
14067.5
1934.0
7118.5
12803.0
8288.0
12989.0
10117.5
14385.0
12472.0
14179.0
13285.5
13602.5
13395.5
10204.5
12917.5
14613.5
10406.0
10128.5
7832.5
10514.0
12302.0
12678.0
12478.5
15066.0
13836.0
15249.5
11030.5
11244.0
12555.0
14816.0
12792.0
10061.5
12434.5
10948.5
5552.0
13636.5
14076.5
13610.5
12605.0
13553.5
14238.0
5866.0
12667.5
6226.0
13738.5
14050.5
11760.5
11161.5
11921.0
5300.5
5887.0
10283.0
12492.5
11164.0
5615.5
13784.5
14729.5
10285.0
10431.5
14564.5
13798.0
12800.0
3889.0
13762.5
3424.5
14267.0
13734.5
14831.0
14454.0
10132.0
15544.5
14799.0
12723.0
11054.0
8166.0
3751.5
6677.0
14559.0
13991.0
1307.5
12364.5
9422.0
12940.0
3401.0
13377.0
14616.5
13732.5
13822.0
10124.0
3400.5
5652.5
12994.0
14120.0
12490.0
10667.0
14084.0
6662.0
12038.5
14397.0
1406.0
11878.5
12147.5
13692.0
14166.5
10440.5
12099.0
1316.5
12041.5
14133.5
13443.5
12645.0
13727.0
15226.0
13632.0
9349.0
10147.5
10780.5
6661.5
11824.5
12424.0
11947.5
0
13101.5
13682.0
12344.0
14185.0
11141.0
14272.5
14410.0
12850.0
12915.0
14361.5
11453.0
8167.0
13615.0
13141.0
12289.5
14700.0
1922.0
14352.0
11339.0
6907.5
6327.0
68.0
11514.5
15008.0
10435.5
11882.5
13130.0
8496.5
12268.5
7033.0
3631.0
14106.5
3620.5
13254.5
9613.5
13835.0
10442.5
13418.5
13498.5
14460.5
4209.5
4567.0
2467.0
11893.5
4983.0
11265.5
9690.0
2520.0
960.5
12841.0
13705.0
14009.5
4325.5
13014.0
11517.0
8345.0
2198.0
10343.5
11539.0
12449.0
10422.5
12959.0
13782.0
8232.5
13422.5
15498.0
11850.5
11670.5
13277.0
4221.0
15658.0
441.5
1162.5
13710.5
3257.5
13542.0
14091.5
13212.5
14980.0
15308.5
7554.5
5961.5
10627.5
10185.5
6145.0
12854.5
2298.0
14204.5
9151.0
12008.0
10855.0
12321.5
14255.5
13561.0
10512.0
11171.5
5911.0
0
49.5
15334.5
14391.0
13036.0
14453.0
10108.5
6636.0
5989.0
13053.5
10141.5
12680.5
15521.0
14808.5
13820.0
13620.5
10470.0
14676.5
13292.5
10955.5
13861.0
6461.5
3728.5
6954.0
5565.5
10091.5
12833.0
10636.0
10601.0
656.0
12606.5
5922.0
0
08.0
10601.0
5587.0
3648.5
7751.5
10158.0
13859.0
10912.0
4445.0
15298.5
10655.0
13794.0
14375.5
10551.5
14075.0
12763.0
9715.5
15828.0
12763.5
13039.5
11459.0
15596.5
1050.0
13658.0
14287.5
10949.0
14437.5
13826.5
11464.5
11573.5
10603.5
14713.5
13913.0
14013.0
10398.0
13858.5
13751.0
8189.5
13001.5
6778.5
5662.5
15110.0
12518.0
3037.0
10394.0
10254.0
3321.5
13142.0
14994.5
10974.0
13368.5
14336.5
10531.0
10107.5
2964.0

12806.0
524.5
10093.0
6645.5
11040.5
6032.0
8859.0
11095.5
13880.0
3530.0
12235.0
13898.5
16045.0
7792.5
11766.0
11050.0
5364.5
11171.5
11362.0
11237.0
9648.0
11023.5
11951.5
14430.0
14571.0
13320.5
9840.0
10365.5
11842.0
10117.0
13684.5
10248.0
13309.5
13649.0
11487.5
9939.0
11081.0
13578.0
14585.5
11509.5
9624.0
13880.5
11416.5
8063.0
12113.5
12505.5
12164.0
7549.5
5857.0
11896.5
14486.0
11442.0
9596.0
10554.0
10355.5
11438.0
8630.5
15272.5
12353.5
13607.0
6977.0
11144.5
6130.5
10209.0
11952.5
12073.5
11487.5
9535.0
13325.5
9046.0
13741.0
6753.5
9707.0
10545.0
7422.0
10593.0
9374.5
12145.0
12487.0
8370.5
14270.5
11621.5
11754.0
11118.5
13195.5
14136.5
11404.5
12621.5
9017.5
13964.0
15113.0
10499.0
10164.0
9001.0
6651.5
12342.5
9243.5
14033.5
10938.0
9575.0
15060.5
13212.5
10713.0
6559.0
8216.0
0
11482.0
6714.5
10523.5
12842.0
10647.5
10086.5
11166.5
7906.5
6455.0
11629.5
13847.0
11460.0
4082.0
2898.5
5777.5
14757.0
0
12284.0
13350.0
7725.0
6301.5
12695.0
3073.5
10498.0
15128.5
12836.5
16787.0
10144.5
9342.5
13771.0
8703.5
8492.0
11819.0
0
10929.5
14067.0
10400.5
12619.5
12518.0
12919.5
8471.0
1605.0
10072.0
13634.0
5650.0
3643.0
13025.5
12488.5
12788.0
13787.5
0
14932.0
11593.0
12151.5
13427.0
11468.0
10637.5
11289.0
11927.0
14809.0
11046.0
4742.5
10136.0
2552.5
9872.0
11123.0
11229.5
13545.0
10457.5
12166.0
0
11173.0
11838.0
13330.5
8656.0
10092.5
15603.0
14698.0
13381.5
11643.5
12654.0
10068.0
14465.0
14310.5
4965.0
14643.0
10291.5
6810.0
5584.5
5314.0
7371.5
13182.0
12502.0
3611.5
5432.5
4031.5
8370.5
11653.0
11601.0
10613.0
14832.0
10963.0
10181.5
7184.0
14085.5
0
879.5
4817.0
6462.0
11440.0
8982.0
13833.5
13482.5
10561.5
12575.5
14397.5
11402.0
13356.5
8654.0
12821.0
11633.0
12711.5
5417.5
11165.0
3430.0
12885.5
13999.5
9119.5
10236.5
4826.0
13388.5
13526.5
7131.0
10604.5
12588.0
13098.0
12586.0
10801.0
13978.0
13009.5
3247.5
12321.5
7922.5
8996.5
10705.5
7784.0
10270.5
11898.0
7628.5
13462.0
13415.0
13780.5
13191.5
14302.0
12129.5
14860.5
14181.0
12280.5
11402.5
12122.5
10759.0
11462.0
10077.5
10423.5
8507.0
6701.0
5659.0
11861.0
10856.0
13473.5
9441.0
9647.5
8518.5
14630.0
0
12547.0
13953.5
5894.0
3608.0
9835.0
12067.0
13813.5
9251.5
8575.5
5622.0
11992.5
6627.5
68.0
7548.5
10083.0
12499.0
11625.0
14176.5
14324.5
11973.0
14359.5
68.0
9337.5
5181.0
13211.0
14756.0
6102.0
5619.5
12115.0
7799.5
11690.5
10842.0
0
13730.5
12893.0
68.0
7508.0
13531.5
15270.0
13525.5
15339.5
9555.0
11603.0
6314.0
13945.5
5997.5
7285.0
6350.5
9483.5
8241.5
13241.5
9566.5
2775.5
12878.0
7058.0
13389.0
6462.5
11429.5
12344.5
12210.0
7190.5
10279.5
13981.0
14732.0
12303.5
10218.5
10362.5
13365.0
14300.5
8646.5
0
11240.0
12970.0
6068.5
6012.0
6377.5
5899.5
14229.0
13741.5
14677.0
13492.0
7361.5
6196.5
14951.5
9849.5
11645.0
12944.5
15049.0
10962.0
12887.5
8145.5
6540.0
16374.0
6129.5
14543.0
12853.5
14138.5
10025.0
7181.5
7941.0
4079.5
5735.5
11704.0
3828.0
4663.0
7620.0
14788.0
12310.0
1366.5
11839.0
5936.0
10584.0
12735.0
15243.0
4994.5
11680.0
9906.0
14126.5
10234.5
9888.0
11369.5
14945.0
13224.0
8936.5
14347.5
383.0
14047.5
13386.0
9409.5
13773.5
7533.5
14160.5
13412.5
12763.5
13908.0
12587.5
11909.5
12656.0
13728.0
6127.0
3633.0
11409.5
9133.5
12991.5
13603.0
4733.0
0
14442.5
0
12594.5
12590.0
13140.5
13649.0
10586.5
12354.5
0
6208.5
12761.0
13447.5
10286.5
13923.5
11992.5
15458.5
11044.0
12067.5
11410.0
12836.0
14579.0
12847.5
14658.5
10546.5
13137.0
6395.0
14312.0
11855.0
7069.5
13936.5
14688.0
10881.5
11020.5
10983.5
13254.0
10584.0
13467.0
14623.5
11484.0
3703.5
10201.0
14819.5
15259.0
1090.0
3495.0
10435.5
11015.0
12594.0
11964.0
4723.5
8142.5
14337.0
11118.0
10310.0
11900.0
10959.0
13138.5
10313.0
15536.5
13092.0
5542.0
3142.0
14510.0
13351.0
6706.0
13478.5
1403.5
10571.5
13055.5
13168.5
3366.5
13893.5
13901.0
12015.0
12273.5
13242.5
9288.0
15762.5
14796.0
12078.0
12294.5
5244.5
12916.0
11036.0
4139.0
5183.5
13416.5
13004.0
5050.0
10708.0
11944.0
10588.5
11117.0
6677.0
6539.5
14478.0
7704.5
16165.5
1565.0
6547.5
13367.5
1439.5

13341.5
3828.0
12266.0
14967.0
14138.0
12521.0
14471.5
10365.5
10635.0
13204.0
11950.5
12719.5
7981.5
7962.0
2971.5
10514.0
13297.5
3927.5
13315.5
10229.0
12742.5
4960.0
11910.0
8547.0
10938.0
5587.0
10980.0
13842.5
7420.5
10283.0
13580.5
12323.0
13325.0
10886.5
11133.5
14152.5
10623.0
1964.5
1875.0
14175.0
13756.5
12211.0
11980.0
11742.5
3638.5
13933.0
10300.5
10069.0
10329.5
12009.0
12547.0
4889.5
11495.5
11350.0
9602.5
3644.5
13991.0
14433.5
13681.0
13291.0
7756.0
14742.5
11068.0
9969.5
10699.5
4187.5
11675.0
11455.5
7519.5
11403.5
14088.5
10184.0
5053.0
12292.5
12318.0
11424.0
2107.5
14240.5
11865.5
14798.5
10646.0
14303.0
5386.5
459.5
11888.0
11087.5
12555.5
13199.0
13377.0
1086.0
12217.5
11100.0
14040.0
11417.5
11518.5
10964.0
12863.5
12340.0
9129.5
15475.0
12444.5
6896.5
10046.5
6379.5
1089.5
11483.0
0
10649.5
8543.5
1368.0
14456.0
15410.0
11589.5
13045.5
14210.5
12920.0
7553.5
459.5
11850.5
10088.0
14342.0
11917.0
13790.5
13847.0
10255.0
2485.5
14631.0
12369.5
13040.0
7997.0
13454.5
8593.0
10054.0
12195.0
14000.0
5059.5
10318.0
12741.0
8864.0
1668.5
12451.0
11216.0
14068.5
14338.0
13901.5
3115.5
10588.0
13485.5
2269.5
12247.5
15395.0
12628.0
12433.0
7750.5
14521.5
12236.0
11558.0
10530.5
10829.5
11872.5
8764.5
126.5
12253.5
11632.5
10981.5
11893.5
13161.5
10624.5
14850.5
6914.5
5790.5
10914.5
12337.0
1456.5
13597.5
2175.0
11582.0
15359.5
9941.5
12745.0
7109.5
12901.0
5899.0
10980.0
8015.0
10058.5
9096.0
14084.5
14241.0
10513.0
13188.0
11140.0
11051.5
14771.5
14164.5
8904.5
14495.0
5907.5
12449.5
5682.0
14983.0
13724.0
13329.5
10145.0
15697.5
13901.0
13121.0
10950.5
12749.5
14122.0
11981.0
12865.0
14037.5
15142.0
753.5
13836.5
12773.5
14630.0
12721.0
11482.0
14204.5
13997.5
13411.0
12174.5
11425.0
14983.0
10608.0
14562.5
5207.5
10739.5
13979.5
15226.0
10956.0
13708.5
13614.0
13884.5
10108.5
11219.0
14464.5
14243.5
8097.5
12300.0
10658.0
13332.5
8010.5
8537.5
10163.0
6164.5
13904.0
13845.5
13969.0
5066.5
2664.0
11991.5
14162.5
13080.0
12936.5
11072.5
9627.5
15137.0
14957.0
10236.0
10198.5
13436.0
3978.5
13182.5
13808.0
13756.5
13890.5
13961.5
0
14079.5
8032.5
11255.0
11398.0
2980.5
14060.5
11044.5
14128.5
14458.0
2444.0
10857.5
10158.5
12079.5
3468.0
13752.5
13256.0
13678.0
15141.0
14210.5
12937.0
13975.0
12626.5
11421.0
10274.5
12105.0
15376.0
6921.0
12815.5
10568.5
11669.0
6163.5
7060.5
14105.5
12568.5
10315.5
11394.0
11023.0
14517.5
15103.5
13845.5
12984.5
6057.0
11577.0
12867.0
12019.5
14635.5
15509.5
11532.0
14428.0
6555.5
6548.0
0
10576.5
2348.0
13359.0
13520.0
10107.0
10722.0
11613.0
14725.5
13353.0
13502.5
10332.5
5832.5
13368.0
12225.5
5879.5
13691.5
419.5
10257.0
10611.0
5140.0
10990.5
1422.0
11640.0
10256.5
15059.0
13818.5
11107.5
10746.5
15275.5
10999.5
14529.0
10510.0
0
6517.5
12526.0
12349.0
13533.5
13067.5
13804.5
11452.0
1415.0
12383.5
5437.5
7922.5
12158.0
12402.0
15720.5
15255.5
10457.0
13264.5
15631.0
12694.5
11019.5
11701.5
10487.5
15005.0
13469.5
10648.5
13174.5
13212.0
14556.5
10628.5
12005.0
13424.5
15720.0
14235.0
15151.0
14884.5
15195.0
7802.5
5757.0
12190.0
14560.5
14533.5
991.0
6019.0
14234.5
3712.0
10778.0
13211.5
10786.0
5662.5
14211.0
12447.0
16145.0
10937.5
13596.5
13591.5
13792.0
10548.0
13139.5
13271.0
4051.0
13441.5
13698.0
12744.0
10469.0
13056.5
11398.0
15749.0
12538.0
10057.5
5647.0
13697.5
15305.5
10646.0
12798.5
10041.5
8830.0
10967.5
10681.0
5680.5
11695.5
13686.0
11626.0
14388.5
11447.0
10537.5
12551.0
10515.0
1827.5
5787.5
11825.5
11769.5
12580.5
15292.0
10570.5
3015.5
10666.0
11077.0
10106.5
11119.0
10289.0
5485.5
11646.0
6815.5
13427.0
13033.0
4921.0
12551.5
12038.5
7630.0
11112.0
8024.0
6760.5
5716.5
4289.0
11047.5
6792.0
6451.5
15380.5
10522.5
13338.5
12131.0
12763.0
12508.0
5543.0
10934.5
6208.5
13898.0
13465.5
13840.5
10418.0
13581.0
10352.0
15643.5
11987.0
12287.5
13101.5
1126.0
0
14405.0
13033.0
13462.5
14280.0
13244.5
13907.0
12820.5
2568.0
11706.0
10966.0
10067.0
1392.5
14304.0
13594.0
14729.5
15565.0
12046.5
3112.5
790.0
5375.5
13869.5
5987.0
10618.0
11132.0
13487.0
14364.5
4222.0
2791.5
12104.0
12083.5
0
13057.0
4129.5
6417.0
14371.0
11905.0
13031.0
6661.0
11482.5
14142.0
15231.0
14760.5
16038.0
10122.0
8141.5
12860.0
14918.5
11811.5
11475.5
13152.0
5656.0
7083.5
13303.5
13123.5
10399.5
4243.5
13640.5
4278.0
14110.5
14564.0
1686.0
15101.5
13150.0
11122.5
10425.0
6007.0
14476.5
4172.5
10609.0
14576.5
12099.0
12830.5
12567.5
138.0
14111.0
8571.5
10398.0
1092.0
9599.0
10530.5
8532.0
6612.0
10717.0
13520.5
2567.5
12637.5
10571.5
6748.5
9992.0
10339.0
10938.5
8725.5
13897.0
15091.5
15620.5
12346.0
13276.0
13807.0
68.0
497.0
15156.0
10106.5
14791.5
12726.5
11252.0
10122.0
0
920.0
13702.0
10690.0
12106.0
12829.5
15375.5
10113.5
15706.0
10917.0
8673.5
11309.0
14439.0
2460.0
9160.0
13283.5
12380.0
5508.5
14354.0
16235.0
3836.5
11961.0
11447.5
9385.0
4616.0
10190.5
11485.0
13150.0
11892.0
12287.0
13143.0
5234.5
12359.5
13320.5
5625.0
10281.0
9135.5
13596.0
9215.5
14395.0
1958.5
13353.0
10326.0
9244.5
12001.0
5284.0
7167.5
14173.5
14654.0
1460.5
8847.5
14006.0
10559.5
13184.0
13645.5
12369.0
11512.0
5588.5
2826.5
717.0
11174.5
10977.5
15181.0
8000.0

12460.0
10542.5
16409.0
13961.0
12284.0
13523.5
12971.0
15147.5
2583.0
13283.5
15591.0
6785.0
9082.5
13286.0
10109.0
10514.0
8175.5
12734.0
15738.5
13219.0
8097.0
12480.5
13333.5
5510.0
10535.5
13266.0
14440.0
8545.0
12752.5
11697.0
13524.5
15597.5
6897.5
13445.0
11739.5
14410.0
6170.5
14264.0
13180.0
13752.0
11064.5
10099.5
6783.5
13997.0
4729.5
15708.0
5332.5
13582.5
13197.0
14082.0
1546.0
14953.5
14021.5
14823.5
14647.0
14925.5
12308.5
13494.5
5203.5
10721.0
5438.0
14461.0
7222.0
13223.0
424.0
4956.5
6616.0
13642.0
12930.0
8792.0
680.5
10154.0
9141.0
15093.0
14018.5
13707.0
15072.0
10074.0
13546.0
12617.0
10636.5
13417.0
5572.0
10587.0
10644.5
6148.5
13234.5
8328.5
12272.5
11057.5
7830.5
7353.5
10909.5
15945.5
13432.5
13655.0
15509.5
11122.0
419.5
14791.5
10232.5
14654.0
15515.5
10541.5
15901.5
11030.0
12106.0
14102.5
10794.5
8903.5
13397.0
12325.5
5044.0
13269.0
5383.0
12336.5
14011.5
11372.5
11574.0
11985.0
10099.5
12741.0
8703.0
10795.0
2395.5
4570.0
12773.0
13042.0
14076.5
12448.0
4385.5
15084.0
13842.5
10999.5
11954.0
13385.5
14902.5
13286.5
11747.0
13931.0
12285.0
14543.0
8779.5
3860.0
10201.5
12459.0
12591.0
10507.5
14763.0
0
10127.5
10675.5
14464.5
7199.0
11703.0
14257.0
14742.5
14558.5
10972.5
5332.0
1736.5
14128.5
5922.5
14344.0
7456.5
5375.5
16054.5
12627.5
14414.0
13639.0
11338.0
12274.5
6391.5
11044.0
11377.0
7956.0
13529.0
12836.0
13970.5
10478.5
15044.0
7104.5
10243.5
8025.0
10667.0
10010.0
7945.5
5183.5
12749.0
822.5
15159.5
6882.0
8962.5
10463.0
14301.5
14656.5
11874.5
15282.0
0
14242.0
3196.5
14349.0
11591.5
12513.5
10125.5
13544.5
6111.0
10551.5
11586.5
12668.5
9981.5
5651.0
15522.0
10481.5
14522.5
15061.5
8919.5
13605.5
12263.5
10627.0
14744.5
14473.5
9290.0
6388.0
10490.0
11082.5
12399.0
12724.0
860.0
11953.0
11015.5
15071.0
11159.5
11054.5
7393.0
14081.5
14885.5
12885.0
8312.0
13606.0
13119.0
14473.5
14686.0
9304.5
13013.5
14893.5
10675.0
4239.0
6844.0
12652.0
13016.5
8633.0
7189.5
11909.5
8502.0
11203.5
11114.5
10413.0
14746.5
5822.0
12835.0
11381.0
13634.0
14410.5
15227.0
15856.5
7649.5
12138.5
9060.0
8121.5
0
14470.5
11182.0
13021.0
10882.5
13772.5
9500.5
7171.5
10767.5
11124.0
10227.5
8720.5
14163.0
365.5
12610.5
13430.0
11635.5
14763.5
10117.5
7262.0
11834.5
7147.0
8763.0
10217.0
9067.5
15347.0
11404.0
15321.0
12732.5
12456.0
13465.5
9892.0
14543.0
8619.5
13361.0
15153.5
14162.5
13900.0
12826.5
9953.0
13864.5
15169.5
12365.0
14950.0
10508.5
14369.0
14100.5
12650.5
14012.0
13811.5
12348.0
6085.0
138.0
12438.0
8082.0
10500.0
12771.5
5966.5
8298.0
7553.0
11951.0
5509.0
10083.5
12020.5
10779.0
8835.0
13648.0
13357.0
13394.5
14232.5
12810.5
12353.5
11681.0
6919.0
4692.0
12675.0
10572.0
12798.5
8395.5
1106.0
0
13747.5
13371.0
14436.0
16280.5
13051.5
6105.0
11947.5
12746.5
13348.0
2981.0
13129.0
12558.5
1478.5
5929.0
8898.5
11016.0
11129.0
8994.0
10223.5
10486.5
7721.5
13563.5
9316.5
13191.0
9774.5
13635.5
12937.0
11462.5
8643.5
10114.0
5331.5
13731.0
15160.5
11523.0
13833.0
5426.5
11656.5
13843.5
9609.5
11729.0
14634.0
0
10201.5
10260.5
11828.0
9612.0
11603.5
15284.0
13240.0
12501.0
1811.5
10902.5
14104.5
15438.5
12126.0
11020.5
13629.0
7743.5
12669.0
418.5
8505.5
12234.5
3773.5
4604.0
14035.5
13365.0
11476.5
12631.5
3072.5
12005.5
10650.0
2871.5
7284.0
9232.0
13284.0
11223.0
11906.0
2474.5
12023.0
13325.0
5478.0
13340.5
10482.5
12374.0
14719.5
11042.0
14041.0
11469.5
11039.5
13259.0
12473.0
5164.0
15179.5
11050.5
8608.0
10503.5
13265.5
9086.5
9530.5
13624.0
10807.5
11497.0
14105.5
14057.0
6997.5
12414.0
10980.0
11984.0
11687.0
7944.5
8963.0
8395.0
13464.5
15004.0
13329.5
12987.0
12469.5
14158.0
11255.5
10581.5
13640.5
12247.0
14162.5
13083.0
13500.5
11401.0
4078.5
9423.5
13594.5
7891.0
14666.5
5312.5
12431.5
14926.0
10160.0
10528.5
13174.5
14281.5
12055.5
12306.0
8388.5
68.0
11464.5
14107.0
11282.5
12282.0
7701.0
11069.5
12019.0
12669.0
5782.5
14818.0
12367.0
13875.5
10344.5
14818.5
11516.5
2377.5
6344.5
0
14251.0
9590.0
13410.5
9246.0
10368.5
12845.5
13645.5
8611.5
10556.0
13413.0
6546.0
10541.0
11012.0
15390.0
10411.0
10276.0
10760.0
13401.5
14164.0
3942.0
13071.5
13050.5
10748.5
14841.5
11723.0
11509.5
11017.5
11799.0
11011.5
12022.5
4883.5
12624.0
10142.0
1717.5
3562.0
8645.5
11710.0
10573.0
5808.5
15425.0
13939.0
12442.5
11094.5
13412.0
10361.5
12938.0
14761.5
10123.5
14668.0
15001.5
12965.5
12784.0
6256.0
11778.5
8032.0
10465.0
5666.5
12035.0
13041.0
11662.5
402.0
13842.5
11833.0
775.5
15680.5
10835.5
7683.0
10579.0
13456.0
14325.5
10139.0
15060.5
13997.5
13656.5
9510.5
12667.0
6264.0
5414.0
14088.5
13643.5
11448.5
12883.5
9626.5
14502.0
10155.0
10718.5
12820.0
12593.5
14355.0
11483.5
12578.0
8602.5
13544.5
14885.0
13589.0
13446.5
11393.0
6365.5
15148.5
10619.0
7441.5
15207.5
9369.0
8655.0
10120.5
12815.0
10193.5
12749.0
7740.0
8658.0
11040.0
14211.0
6086.5
10579.5
12686.5
7591.0
13156.5
13508.5
10852.5
14364.5
13595.0
13123.5
13739.0
14509.5
12245.0
10542.0
13652.0
10607.5
9886.0
12724.5
14292.5
12348.0
11903.0
3579.0
12539.5
10806.5
10147.0
13828.0
13981.0
12756.0
13878.0
7490.5
13579.5
13367.0
9379.0
12614.5
5910.0
10108.0
2307.0
13165.0
14262.5
13061.0
14197.0
10411.5
11805.0
14779.0
12556.0
13473.0
11277.0
12222.0
14068.0
10447.5
11792.5
10543.5
9893.0
8472.0
11549.5
2073.5
8116.5
15497.5
13965.0
10881.0
13479.5
13166.5
7759.0
10601.0
12018.5
12106.0
126.5
10107.5
13469.0
12438.0
5048.5
1369.0
7193.0
11087.0
11926.0
15474.0
13865.0
11078.5
10952.0
8893.0
8147.5
14622.5
12845.0
13567.0
13959.5
13177.5
10909.0
4309.5
12128.0
7106.0
12848.0
12926.0
12653.5
14586.5
13160.5
4182.0
14081.5
15227.0
13564.0
11101.5
11334.5
823.5
12917.5
11819.0
10041.5
9952.5
11854.0
1426.5
10525.0
12052.5
12359.5
11083.5
13246.5
12054.0
14377.5
13725.0
10104.0
12532.5
11491.5
10626.0
9499.5
10281.0
6403.0
10122.0
10945.5
5420.0
13251.5
13165.0
4713.0
10589.0
7166.0
11534.5
13329.5
12275.0
13554.0
10201.5
12365.5
10388.5
10833.0
14619.0
7484.0
12103.0
12871.5
12137.0
14005.5
5926.0
14299.0
11921.0
14363.5
14129.5
13645.0
11773.5
14252.5
12157.0
10677.0
13499.0
10795.5
10299.5
7965.0
14407.0
13652.0
14429.0
10157.0
12241.5
13739.5
9929.0
11077.5
14239.0
12727.0
13281.0
10296.0
13341.5
11656.0
13257.5
10517.0
13730.0
2812.5
13990.0
10151.0
9265.0
14080.5
14342.5
6487.5
7054.0
11821.5
14265.0
13463.5
11347.0
12865.5
12169.5
15040.5
11005.0
11015.5
13520.5
752.5
12896.5
6821.0
12785.0
4366.0
11540.5
15125.5
6443.5
14209.5
10566.0
15453.5
5500.0
12041.0
13435.5
14252.5
9190.0
14529.0
5890.0
11878.0
12620.0
10150.0
14478.5
6326.0
10342.0
14153.0
12571.5
5517.0
13825.5
12154.5
8874.0
10758.0
1760.0
13291.0
8573.5
9441.5
13524.5
5375.0
10623.0
11945.0
11933.5
10043.5
12322.5
0
11898.5
10486.0
4361.5
11840.0
10579.0
7439.0
0
11542.0
14544.5
10740.0
10170.0
14849.5
11582.5
3163.5
11235.5
13566.5
5007.5
11035.5
13556.0
9721.5
5570.0
6353.0
14078.5
12053.5
12486.5
10887.0
11229.0
14205.5
15342.5
14092.0
10287.5
12184.5
13567.5
5313.5
3272.0
12081.0
10861.0
12773.0
3168.0
15548.0
10588.5
12190.0
0
10000.0
8189.0
9762.0
12672.0
14874.0
10099.0
14672.0
10941.0
5506.5
8392.0
12192.5
14387.0
0
12447.0
15723.5
0
9351.0
9939.0
4160.5
13177.5
11757.5
5339.5
13030.0
13530.0
11179.0
12370.0
10084.5
11168.0
11584.0
13291.5
9159.0
10953.0
12379.0
12623.5
12690.5
8762.5
8541.5
11966.0
11349.0
14306.5
9029.0
13556.5
453.0
1531.5
0
9386.0
12796.0
6549.5
13260.0
12131.0
10468.0
12884.0
8852.5
15097.5
1122.0
13463.5
12715.0
10977.5
13893.0
5518.5
13700.5
13528.5
7651.5
13560.0
6009.5
13786.5
12412.5
11765.5
15042.5
11948.0
10266.0
14696.0
11373.5
14562.0
15451.0
8998.5
13188.5
15590.0
6869.0
7865.0
13095.0
12493.5
15041.5
9140.0
13225.5
3705.0
6621.5
10230.5
8197.0
10955.0
10733.0
14585.0
13609.5
11987.5
13020.5
8901.0
5134.5
4494.5
13927.5
7236.0
7038.5
12102.0
14306.5
9152.0
10127.5
13625.5
12654.0
9549.5
8517.0
10068.0
9252.0
13565.5
12461.5
10164.5
13664.0
6992.5
15143.5
12233.5
0
9557.0
11004.5
9284.0
7074.5
0
7080.5
13880.5
11915.5
7503.0
14132.0
10259.0
10426.5
10427.5
14112.5
13701.0
7049.5
0
10061.5
15480.5
14143.0
13431.0
10658.5
10495.0
12564.0
13445.0
7980.0
11049.0
7563.5
11452.0
9286.0
10092.5
12122.0
14514.5
9731.5
8843.0
10938.5
0
0
3400.0
0
0
14623.0
12354.5
14802.5
0
10320.5
15549.5
13239.5
10214.0
6295.5
13744.5
13642.0
10227.5
15413.5
9286.0
12318.5
11436.5
10112.0
13442.5
10502.5
6887.5
12660.5
7299.0
10277.0
419.5
14308.0
12488.5
14100.5
13284.5
14871.5
6439.5
14739.0
11113.0
11631.5
9625.5
11939.0
6418.5
13079.5
7860.0
10225.0
13799.5
10059.5
14545.5
13043.0
8659.0
10740.0
13758.0
13438.5
15109.5
11114.0
0
14004.5
11550.0
14239.0
14125.0
12151.5
12090.5
8686.0
13301.0
14655.0
13198.0
6888.5
13930.0
13681.0
10586.5
0
14349.5
5256.5
1313.5
12586.5
10730.0
10762.5
14087.5
10291.5
14649.0
5361.0
10757.5
12762.5
13153.0
3165.5
14173.5
14975.0
14280.5
15585.5
14647.0
12359.0
13155.5
14210.5
11355.0
4208.5
1426.5
13680.0
11550.5
15522.5
14235.0
14241.0
15643.0
13059.0
10143.0
8859.0
12779.5
12147.0
4045.5
0
10835.0
16443.5
7570.0
11977.5
14053.0
11478.0
10872.0
14931.5
13484.5
15239.5
438.5
15318.5
11851.0
12063.0
13866.0
12196.0
11588.0
11869.5
15302.0
4023.0
12689.0
11134.5
11739.0
10229.5
14903.5
13832.0
13491.5
6942.5
11369.0
12497.0
9140.5
13187.0
10728.0
17235.5
9238.5
15273.0
7739.5
11549.5
10766.0
8867.5
15294.0
14394.0
13398.5
14439.0
13114.5
14691.5
2069.5
424.0
12994.5
12211.0
10740.5
11585.5
14635.0
15217.5
13636.0
12425.5
4823.5
6221.0
13537.0
13125.5
15359.5
10588.5
11138.0
13676.5
10604.5
12436.5
5965.0
13191.0
13391.5
11327.5
13557.5
11920.5
13313.0
10137.5
9645.0
5277.0
12728.0
4666.5
14319.5
12287.0
13792.5
14739.0
15338.0
14004.5
13213.0
15761.0
14314.5
10157.5
12321.5
10558.5
13320.5
5759.0
3368.5
5519.0
13191.0
10813.0
5089.0
12288.0
12089.0
13307.5
10907.0
0
13674.0
7351.5
5644.0
4116.0
15461.0
11204.0
14161.0
13943.5
14852.0
12599.0
10102.5
15651.0
11526.5
10309.5
14750.5
667.5
14145.0
5730.5
14706.5
16325.0
13628.5
14827.0
9675.0
16780.5
13654.5
11392.5
13425.5
13953.5
14972.0
13099.0
13922.0
12966.0
11490.0
10894.0
14465.5
15666.5
16185.0
13896.0
4847.0
10089.0
13832.5
14212.5
12991.5
12751.5
12157.0
12762.5
11444.0
13089.0
12702.5
14439.0
12816.0
5578.5
12434.0
14015.5
11441.5
5375.5
14883.0
9540.5
14777.5
10551.0
12821.0
10294.0
5308.5
8572.0
15929.0
14959.0
13370.0
13249.0
12308.0
12037.0
12222.5
13595.5
13730.0
9705.5
11421.5
13903.5
11331.5
13939.5
13185.0
11000.0
11114.5
11265.5
10958.5
14228.0
14105.0
5063.5
12715.0
11452.5
6498.0
12318.0
12119.0
13349.0
0
10490.5
15037.5
11864.0
11278.0
10300.5
7313.5
11177.5
10857.5
14670.5
10180.0
13993.0
15373.0
8650.0
4313.0
10720.0
15401.5
14388.5
7491.0
11071.5
11326.0
6459.5
14633.0
11865.5
12694.5
16205.5
14791.5
12331.5
14711.5
15470.0
13823.0
13660.5
13795.5
11286.0
12780.5
10523.0
16287.5
13692.0
11720.0
1068.5
11718.0
13787.5
14562.0
14531.5
3500.5
15256.0
11335.5
15953.5
12299.0
4925.0
10564.5
14374.5
12499.0
12676.0
14444.0
14888.0
4368.5
8755.5
4487.0
11510.0
11629.5
6109.0
2834.0
11440.5
4261.5
8386.5
14300.0
2094.0
11485.0
13932.0
9430.0
12282.0
6928.0
15052.5
7367.0
8484.0
11093.0
14848.0
1771.0
11519.5
12483.5
13706.0
8998.0
14063.0
5456.5
14936.0
8804.5
11093.5
9228.5
14831.5
10912.5
13402.0
13348.0
8705.0
13972.0
10571.0
12778.0
12787.5
2755.0
5589.0
9164.5
13113.5
13778.5
13496.0
10582.5
11939.0
11117.5
14763.5
5050.0
9991.0
13945.5
14496.5
14865.0
13051.5
16436.5
14722.0
13683.0
13855.0
14033.0
14753.5
68.0
6106.0
419.5
14721.5
5371.5
15967.5
11581.0
12705.5
6151.5
14814.5
0
11265.0
6812.5
14095.5
14639.0
13261.5
12479.0
13313.5
10326.0
0
14368.5
8560.0
11419.0
13583.5
13040.5
13481.5
11011.0
14255.5
13209.0
8265.5
14300.5
15947.0
0
7959.5
13078.5
11545.0
5974.5
11136.0
12293.5
13631.5
11824.5
5715.5
14568.0
11971.5
14061.5
8058.0
11272.0
12493.5
14790.0
12008.0
10681.0
9979.0
13936.5
13612.5
698.5
14184.5
14224.0
12484.0
6723.0
13348.0
467.0
13331.5
10185.5
13718.5
14300.5
11890.5
14239.0
10560.0
12956.5
12649.5
10826.0
14327.5
10106.5
12304.5
12451.5
5419.0
11106.5
12689.5
6266.5
14126.5
11404.0
14399.0
14373.5
12060.5
12810.5
11929.0
12286.0
15183.0
14948.5
12981.5
10882.5
8968.0
10433.0
11748.0
6175.0
10577.0
13994.5
13414.5
15510.0
9481.5
9410.5
11996.0
3774.5
13925.0
12971.0
14785.5
13601.5
14289.0
4838.5
12849.5
10609.0
14543.5
9668.0
497.0
12610.0
14212.0
11568.5
14621.0
6653.5
12508.0
11272.5
11783.0
13627.5
14842.0
10871.0
7310.0
5573.5
14589.5
11153.0
6621.0
11270.0
13916.0
7808.0
12270.0
10948.5
13146.0
10717.0
11039.5
11840.5
12454.5
6538.0
11299.5
12022.0
12720.5
12585.5
13585.5
10099.0
3498.0
5995.0
9370.0
12056.0
14620.5
14247.0
5903.0
14816.5
14817.5
13894.5
11968.0
14651.0
7044.0
12592.5
8195.0
10872.0
14185.5
8399.0
12360.0
12602.5
11589.0
6451.5
4979.0
13478.5
10663.0
11514.0
13115.5
7638.0
12910.5
4474.5
10831.0
138.0
12951.5
13949.5
13065.0
5183.5
10202.5
10068.5
11371.0
8497.5
12440.0
11471.5
7272.5
6297.0
8291.0
10943.0
14127.5
14449.0
12937.5
13428.0
14922.5
14915.0
7611.0
13590.0
4644.5
10180.5
8178.5
14469.5
14836.5
6590.5
10662.5
13042.5
4681.0
0
5785.5
12585.5
12624.0
3494.5
11957.0
7598.5
9169.5
14301.5
4143.0
11637.0
8466.0
13315.0
14116.0
14434.5
7174.5
12178.5
13390.5
12479.0
5755.5
8404.0
10977.0
12087.5
10663.5
7462.0
13675.0
0
12998.0
13266.0
10739.0
8641.0
8332.5
9021.0
11221.5
9456.0
10468.5
11244.5
7456.0
11940.0
11852.0
8370.5
13879.0
14735.5
7677.0
5900.5
4426.0
14135.5
4933.0
2792.5
11635.5
14498.0
15166.5
14379.0
10052.0
9594.0
12359.5
7386.0
6751.5
4250.0
14809.0
14863.5
10141.0
12562.0
14252.0
6574.0
14153.5
14865.0
13457.0
11349.0
14674.0
9042.5
11115.5
4782.5
2195.0
11397.0
12822.5
12871.0
14574.0
14562.5
11575.0
12569.5
12682.5
4798.5
12289.5
0
7905.0
11500.0
13770.0
9761.5
6911.5
6386.5
15184.5
15455.0
14700.5
11760.5
12444.5
7426.0
14256.5
13619.0
13242.0
11945.0
11082.0
11154.5
10109.0
3794.5
13161.5
6265.0
0
6957.5
5192.0
16394.5
7378.5
15205.0
7056.0
13888.5
14044.0
11626.0
12873.0
9256.0
14073.5
15980.5
12449.0
13487.5
12179.5
6392.0
12632.5
4310.5
9059.0
4009.5
13655.5
14233.0
14095.0
9939.5
7232.0
10340.0
14730.5
13564.0
11032.5
8697.5
3109.5
13918.5
14788.5
13613.5
12861.5
1404.0
13712.5
6459.0
14733.0
13919.0
11580.0
12063.0
9104.5
3651.5
10618.0
1886.5
11446.0
10878.5
12413.0
5481.5
15142.0
13547.5
12048.5
13861.0
12414.0
10500.5
0
2274.0
14607.0
14008.0
13406.5
9024.5
12940.0
14465.0
3864.0
14935.0
10683.5
12327.0
11353.5
6444.0
1967.5
0
5259.5
15511.5
11109.0
10798.5
13577.5
10509.5
10808.0
11538.5
10251.0
13615.5
12449.0
8554.0
10609.0
9502.5
11774.5
11004.0
11713.5
11460.0
12808.0
5369.0
12876.0
10874.5
8978.5
14203.0
13576.5
13505.5
13232.5
5961.5
14634.5
11190.0
11065.5
11387.5
14240.0
13318.0
10127.5
13239.0
8829.5
5702.5
12087.5
13072.0
11465.5
8415.5
12325.0
14716.5
12300.0
5544.0
13593.5
13545.0
14262.0
6627.0
12368.5
3645.0
10992.5
16391.5
13745.0
5705.0
14982.0
6107.0
0
11072.0
13050.0
10290.0
5908.5
13611.0
9557.5
12699.0
14478.0
9755.5
2715.5
7581.5
3159.5
10243.0
12809.0
10481.5
14265.0
7448.0
12034.0
14528.0
8326.5
10162.0
13582.5
14688.0
6416.0
11209.0
14455.0
11000.0
14006.0
14272.5
13859.0
5514.0
6164.5
9582.5
8764.0
11773.5
5091.0
14423.0
0
4309.0
13175.5
11098.0
10977.5
3872.0
13263.0
7290.0
12208.5
14484.5
10501.0
11777.0
14706.0
5371.0
10067.5
4529.0
0
11383.5
13986.0
13580.0
10392.0
12757.5
6487.0
12122.0
14156.0
11210.0
7541.0
8594.5
13170.0
11846.5
13693.5
13903.5
10064.5
11388.0
12831.0
14869.5
4217.0
12774.0
12550.0
11199.0
12915.5
14324.0
0
13885.0
11993.0
13034.5
13103.5
5519.5
10373.0
11140.0
2126.5
13241.5
10659.5
0
11979.0
13720.5
1404.5
15335.5
8139.0
14730.0
12327.5
10396.5
13916.5
9367.5
14034.0
12127.5
12808.0
15428.0
16538.5
5460.5
9345.0
13185.0
11405.0
10686.5
13124.0
15290.0
9026.5
11666.0
2811.0
6956.0
11247.0
14018.0
7215.5
15431.0
13171.5
13899.5
11945.5
14396.0
7702.5
1268.5
14507.5
4758.5
11390.5
13094.5
15523.0
11849.0
15532.0
11111.5
11750.0
14269.0
10293.5
13344.5
13412.5
11320.0
11245.0
15393.0
11034.5
5741.5
11857.0
13308.5
3238.0
14356.0
10948.5
11995.5
14161.5
11253.5
14179.0
11972.5
13231.5
0
0
13263.5
15150.0
13224.0
10225.5
11598.5
11185.5
10544.0
9247.5
9284.0
10156.5
12371.5
10227.0
12342.0
13651.0
9279.5
12257.0
14143.0
11593.5
4538.0
13022.5
14131.0
5688.5
13143.5
514.5
10681.0
15274.0
7100.0
11971.5
11973.0
11179.0
10375.5
10909.0
13637.5
7424.0
14347.0
13184.5
7440.0
15054.0
3127.0
13056.5
0
14575.5
12393.5
10139.5
10061.5
11286.5
7727.5
12513.0
12802.5
14029.5
6172.5
7550.5
10514.0
9986.5
14013.0
11058.0
14028.0
13599.5
15492.5
16291.0
10303.5
11752.5
15036.0
8988.5
13688.5
6476.5
11794.0
11770.0
2202.5
13141.0
2737.0
11193.5
15980.0
6314.0
12093.0
11384.5
14073.0
11073.0
10537.5
2165.0
13813.0
14352.0
0
16216.0
13779.0
13941.0
12849.0
12584.5
10550.5
13334.5
13726.5
717.0
12360.5
4325.0
13158.5
10172.5
12750.5
13806.0
8350.0
10218.5
13476.0
10589.5
13774.5
11816.0
13805.0
6677.0
15466.0
13726.5
12921.5
13161.0
10049.0
11123.0
13284.5
12399.5
10534.5
8405.0
11588.5
9402.5
13845.5
11817.0
13960.5
13373.5
11837.0
15130.5
7711.5
2199.5
14135.5
13210.0
401.0
11613.0
12357.5
10203.5
1774.0
12090.0
13435.0
11025.0
12759.5
11640.5
12516.5
13679.0
12549.0
13131.5
11967.5
14444.0
13536.0
13343.5
14145.0
6525.5
10700.5
9841.5
11141.0
14303.5
11390.0
14011.5
13038.0
14549.0
15464.5
7413.5
4957.0
14454.0
14563.0
13963.0
13313.0
10480.0
2604.0
12289.5
13639.5
15739.0
14377.5
14733.0
10282.0
12536.0
14526.0
14016.5
9553.5
10235.0
10723.5
3875.0
10119.0
4274.5
14972.0
11791.5
11910.5
9871.5
13347.5
13472.5
7327.5
11421.5
6546.0
15658.5
11185.0
5590.5
10239.5
13819.0
10097.5
14164.0
11061.5
3948.5
12432.5
68.0
10755.5
7590.5
13709.5
13873.0
3381.0
13554.0
4610.0
438.5
13318.5
14397.5
13874.5
13157.0
10779.0
11494.0
14368.0
12845.0
12256.0
15287.0
14593.0
7443.0
13290.5
13526.5
11968.0
13729.0
12626.5
11403.5
12200.0
13797.5
11345.0
14131.5
13386.0
13844.5
12972.0
10117.0
14594.5
1016.5
14208.0
13610.0
15002.5
15125.0
8222.0
14306.5
13563.0
14392.0
12103.5
10398.5
10507.5
12924.0
13068.5
14509.0
10975.0
12814.0
11030.5
14325.5
13624.5
10984.0
13992.5
11458.0
14022.5
13753.0
12638.0
14127.5
7739.5
13758.5
12524.0
9418.5
13445.0
13293.0
13920.5
12871.0
13891.5
13634.0
16692.0
10263.0
11452.5
12597.0
13708.5
12035.0
10956.5
0
12372.5
11105.0
15795.0
6404.0
14280.0
14092.0
14619.0
11490.5
12355.5
13539.5
13024.0
13983.5
15868.5
418.5
2031.5
12546.0
12478.5
10605.5
11082.5
11320.0
14005.0
5528.5
10351.0
10934.5
13981.5
14271.5
11734.0
14998.0
8412.5
6740.5
10155.5
9972.5
10738.5
15242.0
6982.0
4382.0
12286.0
15193.5
14277.0
13283.0
13240.0
11953.0
12721.0
13626.0
15709.0
3236.0
15246.0
12711.0
15903.0
14126.0
5958.0
13335.5
14917.0
11522.5
1402.5
10790.5
13519.5
13240.5
12802.0
3868.5
12606.5
14927.5
12375.5
13243.5
14377.0
14195.0
2607.0
13490.5
15260.0
5728.5
15191.0
14293.5
1441.0
13046.5
12579.0
10722.5
14436.0
2144.0
11061.0
2415.0
10610.0
8238.5
10659.5
10112.5
3056.5
6218.5
14285.0
1441.0
4868.0
11388.0
11868.0
15187.5
13999.0
12141.0
11261.0
14232.5
12084.0
1634.5
14361.5
11268.0
10286.5
12703.5
1202.0
12271.5
11757.5
14014.5
11521.5
14013.5
12480.5
15131.0
14273.0
10936.0
13385.5
13352.5
16653.5
13558.5
13644.0
12541.5
11027.5
12806.0
5045.5
10034.5
11874.5
793.0
10596.5
14679.0
14376.0
10535.0
13539.5
14404.5
13272.5
14209.5
12946.0
12801.0
14311.0
13926.0
14609.0
12819.0
12546.0
13265.5
13952.5
3646.0
8328.5
5365.0
10086.0
14212.5
13625.0
10377.0
1699.0
14379.5
15212.0
12106.0
12304.5
14470.0
12371.0
15338.5
12946.0
12302.0
6239.5
3101.5
15969.0
6960.0
68.0
13485.0
12904.0
6010.5
15175.5
13895.5
13015.5
13952.5
13503.5
14018.5
7853.0
14798.5
14280.5
12632.0
14934.5
11635.0
12469.0
4484.0
14071.0
1714.0
14407.0
5127.0
3338.0
14662.5
4707.5
15305.0
14384.0
13700.5
12620.0
14304.5
8399.5
13270.5
12445.5
14522.5
14195.5
13178.5
11424.5
6477.0
13629.0
14436.0
15842.5
11015.0
13152.5
15239.5
11324.5
11964.5
12888.5
12634.0
10278.0
14983.0
1497.5
15346.5
14071.0
997.5
14755.5
15301.0
16100.0
13844.5
5163.5
13227.5
14536.0
2771.5
2908.0
138.0
14745.0
5225.5
13823.0
11404.5
12511.0
126.5
10023.5
4746.0
11917.5
6509.0
13360.5
4528.0
12611.0
12159.0
15362.5
4456.5
11564.0
12703.5
14335.0
11970.5
14198.0
1176.5
13996.0
8708.5
10654.5
13735.0
12256.5
13452.5
13158.0
11345.5
14858.0
13275.5
4923.5
1954.0
14147.0
13914.0
11496.5
11412.5
11292.0
3602.0
5895.0
13384.0
2387.0
6093.0
14428.0
6719.0
6780.0
6665.5
12554.5
11318.0
12334.5
811.0
9743.0
13095.0
11016.5
438.5
14069.0
13586.5
14293.5
12804.5
13576.5
5957.5
14046.5
10770.0
12789.5
12068.0
12387.0
13840.0
9682.5
15361.0
7934.5
12471.0
13642.5
2710.0
14703.5
11068.5
12486.0
14612.0
0
14864.5
12252.0
2641.0
11749.0
7263.0
13902.5
12899.5
14275.5
13278.5
10063.0
10268.5
3116.5
13296.0
5877.0
7511.5
13817.0
13993.5
13283.5
3882.0
10734.0
14381.0
10115.0
12825.5
12064.5
10533.5
14001.5
4051.5
14001.0
13268.5
10949.5
1437.0
9139.0
13773.5
14061.0
11780.0
14437.0
12423.5
13884.5
2033.0
14283.0
14578.0
11972.0
13412.5
14980.0
10753.5
14078.0
12462.5
12240.0
5317.0
126.5
10641.5
13929.5
12282.5
10698.5
13227.5
5930.0
1864.0
13457.0
11911.0
13909.0
13648.5
13430.5
8534.0
11815.0
15496.0
12800.5
12884.0
14080.0
10522.5
1829.0
14003.0
1886.0
9119.5
10955.0
13336.0
5874.0
2711.0
13573.0
7816.5
12435.0
13804.5
13556.0
1463.0
10578.0
14556.5
15616.5
14693.5
10968.0
13762.5
0
10737.5
14321.5
13716.0
5623.5
11098.5
12996.0
12129.5
13066.0
11856.5
365.5
13743.5
14129.0
6618.0
12047.5
5523.0
12807.5
10418.0
14250.0
10071.0
14304.5
12411.5
9902.0
14334.0
11542.5
13744.5
13968.5
11744.0
10139.0
13865.0
13169.0
14017.5
10488.0
12245.5
9961.0
12364.0
6479.0
10948.5
13803.0
14011.5
68.0
12969.5
14257.0
14879.0
14398.0
13890.0
6847.0
12858.0
13713.0
12906.0
11219.5
7176.0
3132.0
5843.5
11884.0
13576.5
14728.0
14242.0
11930.0
15248.5
15359.5
8945.0
10592.5
14597.5
15345.0
9041.0
11368.0
12777.5
5997.0
12490.0
11014.0
4366.5
12935.5
14360.0
12936.0
2939.0
14615.5
2017.0
12931.5
13162.0
6429.5
14351.0
12804.0
12349.0
8724.0
4558.5
14721.5
10204.0
10716.0
12984.0
11890.0
13289.5
2088.5
13097.5
11552.0
10515.0
11014.5
10976.5
6707.0
5412.5
12638.5
8646.5
13281.5
11642.5
12220.0
13698.5
3588.5
13109.0
7613.0
12075.5
13368.0
8451.5
12203.0
10326.0
11813.5
11430.5
11396.0
10217.0
10630.0
6163.0
12321.5
8059.5
9810.0
8879.5
424.0
2369.0
14232.0
12792.0
15690.5
13161.0
14741.5
13476.0
11873.0
6420.0
12513.0
14640.0
10188.5
13857.5
1314.5
11262.0
13507.0
13279.0
13836.5
13707.0
15723.5
14260.0
419.5
13945.0
14849.5
8281.5
13904.5
10276.0
13466.0
7414.5
13751.5
5014.5
9978.5
10754.5
13292.5
3126.0
13079.0
5747.5
13773.5
12184.5
10697.0
1066.0
12210.5
2960.5
14616.0
9982.0
12557.0
10256.5
10109.0
13708.5
12536.0
4584.0
4977.5
10161.5
15113.5
13121.0
11774.0
7862.0
3622.0
12355.0
13767.5
2495.0
13356.5
2691.5
10151.0
5952.0
8656.5
8566.5
11992.5
15011.0
1738.5
11073.0
11381.5
12103.0
14777.0
2051.5
12011.5
2505.0
1160.5
68.0
11881.5
11584.0
5499.0
6815.0
5201.0
14268.0
13687.0
10693.0
12948.0
14987.0
11452.0
11902.0
4049.0
14179.0
11166.0
12930.0
10966.5
12380.5
13400.0
13064.5
3862.0
4551.0
14989.5
13609.0
13675.0
12091.0
11791.0
11964.5
14612.5
14411.5
126.5
14388.5
14619.5
12105.5
13772.5
13457.0
14159.5
4147.0
11030.0
11677.0
7972.0
12911.0
4183.0
10277.5
12361.0
9495.0
11878.5
14789.0
12241.0
10485.5
14343.5
13594.5
8670.0
1465.0
13529.5
10974.5
5865.0
11103.5
13450.5
13686.0
14436.5
12251.0
12672.0
12973.5
11512.5
13909.5
8381.5
13220.5
14870.0
7176.5
13487.0
10382.5
15045.0
9920.5
7784.5
10200.0
14363.0
14622.5
11980.5
6727.5
8898.5
13911.5
5994.5
14703.5
11603.0
14500.5
4250.0
6177.5
13618.0
3982.5
9910.5
8023.5
1493.5
12817.0
8868.0
14760.5
12538.0
5275.5
14047.0
11700.0
11499.5
11288.5
11372.5
10895.5
9369.5
9219.0
10404.0
13197.5
11637.0
14131.5
8857.5
10861.0
11417.5
13457.0
4284.0
11844.5
10937.0
13991.0
8991.0
10962.0
13767.0
14228.0
11924.5
15158.5
13771.5
1683.0
10687.0
10999.0
13369.5
10618.0
2868.5
14032.0
14395.0
14253.0
10901.0
4569.0
3495.0
10537.5
14418.0
5230.0
13690.0
13966.0
8498.5
13635.5
14883.0
5456.5
13605.0
10340.5
11854.0
15331.0
14442.5
6188.0
14918.5
10755.5
10499.0
10563.0
771.0
14788.5
12051.5
12907.0
14577.0
7278.5
11559.5
11706.5
12231.0
14227.0
12951.5
11462.5
10705.5
13265.5
13570.0
13313.5
4864.5
14074.0
3019.0
14429.5
11515.0
14328.0
7051.0
14177.5
10560.0
13338.0
14311.0
12783.0
15257.5
12258.5
12465.5
12608.0
10369.0
13569.5
12732.0
13248.5
1669.5
13029.5
13862.0
1328.5
12345.0
12805.5
13158.0
13197.5
13312.0
13497.0
11923.0
8865.5
13533.5
12572.0
734.5
13385.5
12120.0
13965.0
13934.0
12008.5
11034.0
0
15115.5
2058.5
14993.0
12868.5
11538.0
1140.5
12260.5
790.0
12922.5
10142.0
13536.5
4558.0
10734.5
13921.5
7997.5
11113.0
12743.0
12899.0
13952.5
13945.0
4422.5
4482.5
3626.5
1461.0
13121.5
10150.0
9719.0
11770.0
11648.0
11953.5
10488.5
11085.5
10763.0
10994.0
12819.5
1755.5
12416.0
6619.0
11480.5
13941.0
2369.5
10088.0
10088.5
14265.0
10209.0
14008.0
11109.0
13213.5
11036.0
13777.0
10220.5
10515.5
10928.5
14681.5
13693.0
12328.0
15151.0
11593.0
12279.5
13683.0
13331.0
13568.5
13246.0
10518.0
15471.0
11096.0
10588.0
12573.0
10540.0
14404.0
12718.0
10592.0
10587.5
16111.0
13463.0
13761.0
14639.0
16388.0
13662.0
12558.5
9944.5
10599.5
1681.5
6017.5
14547.5
12204.5
12628.0
11500.5
11978.0
13247.5
13193.0
5997.0
10884.0
14233.5
13601.5
13894.5
11992.0
6581.5
14260.5
14794.0
12477.5
13574.5
14041.5
1175.0
14712.5
12136.0
13574.5
12353.5
12513.0
12203.5
12291.5
11040.0
13533.0
14130.0
10514.5
7049.5
11218.5
4533.0
12730.0
9545.5
10227.0
3292.0
13295.0
12947.5
13909.5
10089.5
16406.0
11070.5
13810.0
13295.0
13807.0
14004.5
13163.5
2466.5
13463.5
9599.5
10643.5
10558.0
14111.0
11013.5
10223.0
10934.5
12347.5
8353.0
12927.0
14155.5
13098.0
13546.0
3885.5
10489.0
7311.5
13954.5
11423.0
15440.0
5182.5
12717.5
10594.5
12856.5
10660.5
12375.5
16359.5
15693.0
10080.5
13869.5
6143.0
13914.0
14141.0
14974.5
14661.0
6875.5
12564.0
6294.5
14657.5
12594.0
11000.0
14576.5
11316.5
5033.0
11978.5
11141.0
13172.5
12189.5
12406.5
13227.0
14898.0
9312.0
14795.5
12707.5
11948.5
13001.0
13469.0
12719.0
14611.0
13048.0
12293.5
10063.0
11640.0
10712.5
6739.0
6298.5
12185.5
13386.5
14205.0
3496.0
11367.5
4941.0
13178.5
14595.0
14094.0
10624.0
10085.5
13032.0
4518.0
12906.0
14341.0
13483.5
11200.0
13177.5
5540.0
8887.5
14245.5
11854.5
13302.5
7531.0
11464.0
5217.5
13558.5
8386.5
12555.5
4391.0
12423.5
15147.0
3411.5
12446.5
10135.0
9443.0
11751.0
15177.5
11211.0
12200.5
13632.5
12731.5
13059.5
5443.5
15763.0
11871.5
11479.5
1400.5
7719.5
14461.5
10933.0
11131.5
11256.5
2809.0
138.0
14109.0
10195.5
7458.5
12351.5
4098.0
12402.0
0
68.0
0
14953.5
10468.0
68.0
14342.0
14910.0
14572.5
13541.0
11657.0
7108.0
13962.5
13301.5
13348.0
15618.0
12126.0
15622.0
14162.5
12826.0
17261.5
14196.5
12380.5
4370.0
10956.0
7256.0
3498.5
13171.0
4480.0

14968.5
10194.5
10985.0
14911.5
3004.5
2810.0
6700.5
383.0
13946.0
0
12264.5
15394.5
11064.5
14715.5
11600.5
15412.5
8254.0
15094.5
14239.0
2172.0
14368.5
693.5
13252.5
13739.0
13238.0
1437.5
11944.5
10776.5
10701.0
13112.0
11221.5
6702.5
68.0
13643.0
12479.5
5169.5
10637.5
13177.0
14256.0
12499.0
11631.0
2564.0
12936.0
13540.5
13850.5
1921.0
13340.0
14375.0
13639.0
13456.5
12757.0
3119.5
11060.0
14688.0
13885.5
11712.0
16826.5
13850.5
7672.0
12306.0
12351.5
6700.5
13503.5
11307.0
5653.0
14671.0
14113.5
10470.5
8834.0
14917.5
14926.0
13218.5
0
0
11730.5
680.5
12765.5
10598.5
12297.0
12378.0
13265.0
5572.0
10606.0
15136.5
10542.5
13710.5
7075.0
10066.5
126.5
1948.5
12567.5
11587.5
13185.0
4301.5
12044.5
7662.0
12880.0
13550.5
16798.5
0
11678.0
13110.0
13890.5
11329.5
8673.5
2360.0
8508.5
2533.0
10066.0
10483.5
13231.0
10853.5
12515.0
10666.5
11379.5
12080.0
1701.0
11908.5
12941.0
14125.5
10547.5
5078.5
3283.5
15627.0
11933.0
10046.0
4073.5
12752.0
12937.0
13813.5
10275.0
419.5
13342.5
13695.0
4406.5
12462.5
2337.0
11002.0
11987.0
11717.5
12298.5
11891.0
7406.5
4919.5
10089.0
10319.0
12195.5
15110.5
12270.5
11451.0
7374.0
16174.5
10307.5
14295.5
4848.0
13203.0
12012.0
10553.0
12544.5
13868.0
9127.0
13942.0
12818.5
13059.5
13157.0
7146.5
10516.5
11938.5
1400.5
10622.5
12384.5
11852.5
12566.5
0
13933.5
7940.0
10757.5
11470.5
5661.5
13050.0
10387.0
11432.5
407.0
14886.0
12362.0
14951.0
11185.5
5852.5
15366.0
14124.0
13515.0
11928.0
13276.0
3347.5
11445.5
9759.5
12925.0
829.5
5699.5
14438.5
13353.5
10267.5
12919.0
15566.0
12714.0
7290.5
14987.5
12592.0
10070.0
12059.5
14583.5
14587.0
13606.5
10639.5
11443.5
14766.5
11860.5
6052.5
10755.0
12764.0
2535.5
10074.5
11087.0
13179.0
11901.5
12106.5
12590.5
2460.5
14437.5
14910.0
14279.5
12016.5
15289.0
12384.5
14252.5
12566.5
5233.5
4508.5
14696.5
12745.0
5418.5
9732.5
10485.0
1665.5
13133.5
10576.5
12293.0
10504.0
10332.0
12762.0
14252.0
11994.5
13516.5
13881.5
4796.0
6120.5
14127.5
11751.0
10510.0
7035.0
14746.0
10253.0
14664.0
13016.0
12668.0
15689.5
11406.0
14017.0
10300.5
12639.5
6563.5
10498.5
13007.5
14822.5
11015.0
8123.0
13849.0
11279.0
1872.0
10501.5
14732.0
13595.0
7927.0
14449.0
11624.5
14029.5
12846.0
13488.0
11549.0
7665.0
13618.0
3536.5
5236.5
11053.5
11382.5
10203.5
11003.5
829.5
11915.0
11745.0
13846.0
12825.5
7686.0
7371.5
12668.0
11253.0
13307.5
10730.5
12604.0
13298.5
11941.5
2998.0
0
13206.0
14068.0
13804.5
10882.5
14343.0
0
12452.0
5142.0
14090.5
14527.0
5334.0
12804.5
7919.0
12183.0
12758.5
14051.0
6852.0
2673.0
12628.5
10074.5
15383.5
14063.0
10513.0
12554.0
15165.0
11567.0
14471.0
12727.0
11611.0
15326.0
4614.5
6887.0
15455.5
12758.5
14563.5
8254.0
14492.5
1956.5
13507.0
12377.5
10995.0
13397.0
15489.5
10956.5
13310.0
14028.5
12898.5
11526.0
0
15067.5
12383.0
13728.5
944.0
13396.5
10112.0
13078.0
10251.5
13546.5
11889.5
9061.5
11485.0
5548.0
14097.5
11537.5
13207.5
4369.5
16068.5
11290.0
10185.0
2090.0
15294.5
10999.5
12019.0
13939.0
13765.5
12768.0
5919.0
13346.5
15005.5
14977.0
9225.5
10096.0
7946.5
10143.0
13440.5
10201.5
11607.5
11993.5
10578.5
10147.0
15188.0
10536.5
15077.0
14472.0
11572.0
3142.0
11023.5
0
62.0
15963.0
14621.5
3493.0
10180.5
6003.0
11053.0
12944.0
11861.0
16215.5
13029.0
10569.5
13651.0
5369.0
13351.5
1365.5
10081.5
10389.5
11030.0
1085.0
12785.0
11647.5
2193.5
12859.5
14331.5
4961.5
12451.0
14699.5
14553.0
13381.0
4125.0
9311.5
825.5
12882.0
10563.5
12376.5
14437.0
13166.5
14401.5
14581.0
15387.0
11052.0
13255.0
14761.5
14772.0
14395.5
18047.5
13685.0
14822.5
14333.5
12339.0
13367.5
14537.5
16575.0
11351.0
995.5
15662.0
12533.5
2368.5
7451.0
14458.0
13334.5
10062.0
10343.5
14169.5
10341.0
10487.5
16927.5
12414.0
12277.0
6927.0
9780.0
12422.0
14078.0
7167.0
14574.5
0
0
14998.5
14322.0
11095.0
11955.0
14230.0
14952.0
14642.0
7011.5
14185.5
12218.5
15071.5
13613.5
15006.5
11480.5
14225.5
14331.5
11010.5
11643.0
5499.5
13265.5
13202.0
13709.0
12459.5
15768.0
14034.5
11628.0
0
11135.5
14620.0
12419.0
12552.0
9616.5
5210.0
15011.0
10385.5
12537.0
12316.5
15255.5
7448.0
10571.5
14740.0
13150.5
10573.0
11696.5
0
15483.5
4963.5
7389.5
14174.5
11031.0
12526.0
10105.5
4757.0
15070.0
15199.0
10089.5
9315.5
14221.0
13419.5
13093.0
11458.5
11081.5
12850.0
8720.0
9902.0
14562.5
8904.0
16063.0
11595.0
11926.5
15177.0
14641.0
13058.5
10181.0
14293.5
10576.5
14820.0
4882.0
12078.0
14266.5
12198.5
14034.0
8173.5
14915.5
11766.5
11591.0
13443.5
5625.5
10189.5
11475.5
11015.5
16748.0
11868.5
13993.5
10831.5
11704.5
15345.5
11080.0
10063.5
11259.5
4811.0
9549.5
11466.0
12287.0
13674.5
12388.5
12943.0
13196.0
11143.5
16025.0
11422.5
15540.0
8316.5
11035.0
10600.5
12392.5
12565.0
15043.0
14162.5
13173.0
13251.5
10112.0
6563.5
8071.0
13087.5
14729.5
11851.0
15800.0
13847.5
13870.0
12077.0
10214.5
11445.0
10264.5
10514.0
3569.0
13005.5
12261.0
10145.0
12875.5
13455.0
13812.5
5277.5
11745.5
11471.0
13749.5
14174.0
14766.0
12987.5
15191.5
14375.0
10067.0
13204.0
6520.0
13880.5
8225.5
14672.5
126.5
15123.5
9912.5
10811.5
13402.0
11050.5
12749.5
15529.5
0
7971.5
10165.0
68.0
2739.0
68.0
14691.0
14317.0
13705.0
8686.5
11581.0
12627.0
15438.5
11602.5
1329.5
14646.0
11636.0
13642.5
12754.5
12919.5
13775.0
14217.0
13814.5
14409.5
13366.0
12077.5
12624.5
12548.5
1365.0
14038.0
14678.5
12676.5
3460.0
14033.5
10644.0
12315.0
10544.0
6220.5
13112.5
15301.0
12026.5
12650.5
12043.5
12358.5
8669.5
14948.0
6047.0
13705.0
10928.5
13850.5
12881.0
10280.5
14801.0
12506.0
15055.5
15517.0
5880.5
16299.0
12141.5
6790.0
13956.0
7404.5
15294.5
13703.5
12133.5
15324.0
9641.0
14054.0
11099.5
14673.5
13334.0
9137.0
11548.0
10121.0
9088.0
13716.5
15489.5
7891.0
7295.0
12145.5
13544.0
10311.0
13695.0
14300.0
5386.0
13091.5
10421.5
12927.0
8598.0
3161.0
14800.0
13161.5
13011.0
6331.0
11519.0
12768.0
13644.5
0
10507.5
15512.5
11997.0
13584.5
12415.0
0
10968.0
12012.5
9884.5
11849.5
16130.5
14351.5
14064.0
10545.0
15566.0
13572.5
5403.0
13709.5
12527.0
13827.5
13666.5
11644.0
13570.0
16095.5
14400.0
13197.5
12413.5
14965.0
14777.5
12309.5
14134.0
10111.5
12573.5
14559.0
12912.0
6679.5
12838.0
13185.0
14557.5
13830.5
9572.0
6354.0
6068.5
7676.0
12513.0
4796.5
16456.0
14348.0
14005.5
14336.5
14660.0
16072.0
13562.5
14361.5
14412.5
5417.5
8612.5
13660.0
12032.5
13751.0
13769.0
12835.0
9076.0
10060.0
13226.5
12414.0
12820.5
4932.5
11063.0
14083.0
10624.0
14741.5
14750.0
8008.5
14588.5
7909.0
14187.5
14168.0
10090.0
14663.0
14577.5
12909.0
15270.5
13426.5
13167.5
10951.0
14572.5
13791.0
15214.0
13310.5
5609.0
12352.5
4831.0
8804.5
12440.5
14367.5
13429.0
11408.5
0
13082.0
13941.0
15027.0
16326.5
13615.5
13308.0
14353.5
10545.5
14767.0
11383.0
8608.5
1192.5
13486.0
6563.0
13660.0
11888.5
11858.5
11121.0
11749.0
14143.5
11459.0
12744.5
13211.5
9183.5
14046.5
14526.0
12178.5
10749.0
15327.5
12462.5
11830.0
11015.0
12217.0
14527.5
6604.5
14996.5
14279.0
14313.0
14680.5
13234.5
13149.0
6927.0
11477.5
11919.0
12035.5
13720.0
15083.0
12195.5
6568.5
14724.0
5962.0
12676.0
14316.5
0
14560.5
10515.5
13317.0
14566.5
13614.5
14105.5
860.0
10511.0
14611.0
6406.5
11894.5
14006.5
9501.0
11363.0
11298.5
13743.0
13395.0
10517.0
15752.0
13666.5
13765.5
0
12983.5
10976.5
12388.0
12869.5
14345.0
6954.5
13707.0
13147.5
11646.5
10551.5
12891.5
14637.0
14731.5
9628.0
11664.5
5625.5
14167.0
6442.5
13739.0
10884.5
7694.5
8672.0
3963.5
13608.0
14162.5
12750.5
12900.0
13376.5
10501.0
12678.5
12027.5
11606.5
14307.0
13895.5
13510.0
12463.0
13731.0
14470.5
10118.0
14387.0
13799.5
12128.0
12040.0
13587.0
14386.0
15319.0
13907.5
15415.5
12362.0
12214.5
13551.0
15001.0
6312.5
14891.0
11872.5
13746.5
5110.0
11025.0
15504.0
11397.0
13238.0
12736.5
12922.0
14979.5
15531.0
11848.0
13922.0
10622.5
11845.0
10439.5
15859.0
14820.5
14428.0
14827.0
15133.0
12307.5
14916.5
13556.0
11299.0
13982.5
10962.5
15285.5
12443.5
13102.5
12023.0
13937.0
11969.0
10105.0
15926.0
13074.0
16603.5
13398.5
14657.0
14552.0
15208.0
11690.5
12278.0
68.0
14155.0
12715.5
13373.0
12833.5
16255.0
14831.0
10664.5
13342.5
13282.0
13326.5
14392.5
13853.0
14521.0
5570.5
1003.0
13181.0
7646.0
9169.0
14286.5
14739.0
13510.0
10735.5
15608.5
12944.0
7538.0
14823.0
10506.0
13799.0
10250.5
1751.5
14942.0
12348.5
11383.0
11267.0
4693.0
14377.0
14587.0
15152.0
14037.0
5938.0
14387.5
15476.5
3506.0
10597.5
11415.0
15255.0
5167.5
8369.5
10146.5
13509.0
0
15131.0
14092.5
14183.0
0
14603.5
11306.0
11517.5
10312.5
0
13149.5
8793.0
13958.0
14619.0
14231.0
15400.0
0
10138.0
10318.0
8591.0
12251.5
11817.5
14875.5
6082.5
11895.0
13922.0
9639.5
15309.5
12727.5
11905.0
13428.5
5922.5
13115.5
10519.0
10026.0
11267.5
14422.5
13610.5
14610.5
1157.5

13797.5
14856.5
13069.5
13449.5
11037.0
13700.0
13192.0
11864.0
2412.5
14901.5
8249.0
14690.0
13434.0
15061.5
14304.0
13442.5
14683.0
10956.5
11496.0
10720.5
14884.0
14776.5
13411.0
10355.5
14640.5
10291.5
5423.0
7607.0
10947.0
10983.5
14663.0
365.5
13730.5
10685.0
12615.5
10158.5
11543.0
12591.0
14259.5
13780.5
10547.5
7824.0
12997.0
10977.5
8345.0
10223.0
14577.0
13250.0
15368.0
11123.5
12530.0
13406.0
12354.5
11488.0
12572.0
6472.5
13630.0
11852.5
10084.0
14580.5
13881.5
14101.5
13964.5
14025.0
13522.0
13554.5
10531.0
12754.5
12833.0
11065.0
12007.0
8435.0
13322.5
9752.0
12684.5
6073.5
10068.5
12523.0
6644.0
10945.0
6512.0
14599.0
14387.5
6313.0
13827.0
13981.5
13326.5
12310.5
13237.0
9462.5
10107.0
13475.0
13538.0
14312.5
5824.0
16063.5
11925.5
13446.0
10613.0
11194.0
68.0
13194.5
13790.0
13959.5
11925.0
1538.0
13860.5
14466.0
9071.0
11174.5
3699.0
11381.0
10567.5
11924.0
11650.0
13660.0
15066.0
14056.0
14725.0
13691.5
11446.5
14404.5
14524.5
12131.0
10575.0
14757.0
13414.5
9625.5
16930.5
12280.0
13607.5
14715.0
14502.5
13026.5
13523.5
10848.5
10483.0
10072.0
13405.0
15110.0
613.5
15567.0
13860.5
13170.5
5947.5
1941.5
12814.0
14362.5
5379.0
11872.5
8875.5
13015.0
14189.5
12906.0
3403.0
14181.5
14074.5
3383.0
14553.5
15410.5
13179.0
13617.0
8369.0
14008.0
9125.0
11365.5
13818.5
12391.0
7330.5
14917.0
14481.5
13816.0
3456.0
10952.0
15015.0
15167.0
14700.5
10694.5
15594.0
12524.5
14441.0
12637.5
14408.5
10485.0
6037.0
15175.5
1094.5
12336.0
12672.0
15585.5
538.0
4823.0
11839.5
4001.0
14160.0
14121.0
10939.5
10941.0
15608.5
13569.5
14502.0
10961.0
15069.5
13210.5
13578.5
15451.5
13598.0
4871.5
10513.5
14215.5
10151.5
14373.5
13182.0
14254.0
14678.5
13952.5
14073.5
4069.0
12078.5
13615.5
11599.5
8956.0
13965.5
16296.0
15029.0
15397.0
12976.0
14296.5
2844.0
15579.0
14565.0
10295.5
12958.0
13898.5
10805.0
10495.0
11698.5
6867.0
11714.5
10315.5
12576.5
13650.0
13857.0
11387.5
8371.0
14213.0
13664.5
12252.5
5909.0
13239.0
12432.0
14558.0
13187.0
14180.5
14210.5
10366.0
4259.5
14094.5
11290.0
13740.0
2800.0
6640.0
13375.5
12108.0
13803.0
10172.0
14856.5
15899.0
10926.0
11995.5
13637.0
14104.0
12424.5
13026.0
11109.0
15036.5
11042.5
13526.0
14132.0
14973.0
14786.0
14676.0
16418.0
10621.0
14764.5
2495.5
14946.5
14189.5
13884.5
13386.5
12980.0
13999.0
13114.5
14684.5
13639.0
10161.0
12454.0
10951.5
14166.0
6358.5
12001.5
11155.0
15879.5
15195.0
4599.5
9613.0
12974.0
15610.0
2761.5
13080.5
15145.5
14800.0
4830.0
15515.5
14379.0
14005.0
0
15476.5
15143.0
7723.5
11393.0
12703.0
6464.0
14208.5
12854.0
10292.0
10047.5
13650.0
1909.0
11400.5
10517.0
15532.0
14115.0
14838.5
12518.5
10979.5
13592.0
14594.0
1127.5
14546.0
13485.0
3405.5
12306.0
14109.0
13072.5
13938.0
0
14352.5
13709.5
13290.0
4988.5
12355.5
14046.0
14583.0
11142.0
12843.0
12332.0
14356.5
11992.5
6462.0
14370.0
14874.5
11219.0
12495.5
2435.5
10557.0
11424.0
12063.5
11400.5
6174.0
10556.5
15055.5
12758.5
12040.0
14835.0
3770.5
5869.0
10071.0
15737.0
13642.0
14659.0
13101.0
0
5738.0
13768.0
12551.5
6063.5
12445.5
10489.0
11273.0
9577.0
13699.0
13894.0
12427.0
10510.5
15216.5
15992.0
13276.0
15323.5
2812.0
13951.0
2726.5
12163.5
13329.0
13624.5
10523.5
10649.0
14194.5
15701.0
14183.0
14432.5
13482.0
14638.0
14323.0
14812.5
14668.0
11401.0
3722.5
4590.5
15205.0
4494.0
0
4273.5
14026.0
13848.0
5162.5
13790.0
12540.0
10351.0
4252.5
12834.0
16642.5
14519.5
12471.5
14775.5
13398.0
11575.5
3872.5
1353.5
13161.0
13630.5
13763.0
10883.0
14933.5
13308.0
13360.0
14152.0
10949.0
13021.0
14299.5
13936.5
10394.0
10182.5
13295.0
14107.5
10243.5
16194.0
13977.5
1497.5
12907.0
15610.0
14028.5
13869.5
11475.5
0
12372.0
14298.5
12231.0
15295.5
14546.0
14802.5
9918.0
14352.5
138.0
14149.5
1682.5
10516.5
12410.0
15615.0
11546.5
11337.0
14329.5
13755.0
13978.0
11266.5
10318.5
11533.5
13310.0
13028.0
7779.0
13363.5
15141.5
13968.0
14202.5
13989.5
15224.5
6019.5
13882.5
12035.5
13273.5
13643.0
13512.5
4635.5
13814.5
7439.0
10607.5
13266.5
14351.5
12932.0
5585.5
14426.5
12329.0
9229.5
15207.0
14503.0
6982.5
14282.0
14191.5
12395.0
15067.0
13025.5
13417.0
13687.5
13060.5
15313.5
14232.5
12245.5
0
11062.5
14739.5
6193.0
5810.5
698.5
3850.5
13426.0
8824.0
13281.5
10284.5
5026.5
4166.0
11400.5
5053.0
15427.0
12872.5
12426.0
15580.5
14084.0
13931.0
12990.0
365.5
14337.5
5497.5
12095.5
15845.5
14033.5
12796.0
0
11738.5
10517.0
13230.0
12824.5
10695.0
11312.0
15909.0
13412.0
14681.5
11414.5
13588.0
8602.5
13770.5
14247.0
10659.0
16208.0
9995.0
13313.0
13357.0
13908.0
5054.5
14364.0
5007.0
14395.0
15957.0
5787.5
12783.0
12799.5
14732.5
11520.5
11075.0
13450.0
14482.5
15350.5
10228.5
12372.5
12926.0
5361.5
13561.5
15045.0
13894.0
13582.5
8924.5
12980.0
14485.5
8665.5
13205.5
3016.0
13391.0
9548.5
10062.0
10366.5
14361.5
12740.5
0
12086.5
14403.5
15251.0
12388.0
12876.5
12982.0
14512.0
2986.0
13197.0
6273.0
8645.5
0
12869.0
12428.0
9384.0
14295.0
11700.5
11438.5
10612.5
13758.5
10068.0
0
5735.5
16481.5
9771.0
13778.0
13239.5
13814.5
11521.0
6806.0
13809.0
11433.0
14512.0
13370.0
14206.0
5110.5
11075.5
126.5
14092.0
14337.5
12309.0
5639.0
16011.5
10585.5
10121.5
15821.0
13790.5
10179.0
12389.0
812.0
15154.5
1050.0
11160.5
6738.5
14793.5
14740.0
11856.0
14629.5
4827.5
13463.5
11228.5
12861.0
15127.5
14533.0
14241.0
13541.5
0
14477.0
12488.0
13258.0
13445.5
0
15675.5
1159.5
14788.0
14620.0
11440.5
11439.5
13086.5
11635.5
14797.5
3249.0
14833.0
6491.0
126.5
15124.5
13037.5
13531.0
10506.5
12898.5
13667.5
13526.0
14935.0
10551.0
3492.0
13357.5
14614.5
11444.0
12451.0
3302.0
12886.5
11788.0
12372.0
2763.0
12162.5
14393.5
9915.0
12864.5
15164.5
12078.0
10960.0
14800.0
13163.5
14185.0
13430.5
14613.0
10482.5
13881.5
0
14225.0
14133.0
9945.0
13394.5
14006.0
11492.0
13656.5
11892.5
14169.0
13256.5
14569.5
15480.5
8447.0
13094.5
14501.5
15056.0
15349.5
2540.0
10511.5
12217.5
8805.0
13460.5
10647.5
11394.5
14486.0
12508.5
13954.0
419.5
5237.0
13792.5
11447.0
8338.5
13716.5
13940.5
14536.0
4972.5
14220.0
12043.0
1192.5
12390.5
2053.5
13333.5
13092.0
7735.0
12127.5
12587.0
13183.5
14864.0
15232.5
6591.0
9330.5
14266.0
13666.0
13768.0
3683.0
14310.0
15258.5
3755.5
11608.5
11618.0
0
10198.5
7687.5
13954.0
11451.0
13964.0
12489.0
14526.5
13870.0
10164.0
11023.0
8933.0
12339.5
11012.5
9618.5
126.5
15169.5
14679.0
14539.0
0
14240.5
4389.0
13294.5
14338.5
13784.5
13227.5
14403.0
15664.0
13158.5
11892.5
13806.5
13640.0
10438.5
13747.0
13670.0
13360.0
13872.5
10733.0
8903.5
11886.0
14729.5
10597.5
13609.0
13851.5
809.0
13944.5
14769.5
14508.5
13131.0
10142.0
12759.0
15107.5
12652.0
8326.5
12115.5
13059.0
14712.5
3147.0
8792.5
11023.0
14849.5
13185.0
14509.5
12735.0
10555.5
14511.0
10151.0
14686.5
15876.0
9162.5
15126.5
16807.0
14630.5
13667.5
7563.0
13736.0
8175.5
13870.0
14082.5
12349.5
848.5
0
11465.0
14623.5
15023.0
13603.0
13419.0
14143.5
13666.0
12635.0
13215.0
15149.5
10364.0
12119.5
13348.5
11875.5
11868.0
13524.5
13683.5
13641.5
12975.5
14965.0
14932.0
13271.5
15540.0
13424.5
16258.0
14217.5
14874.0
14916.5
9690.0
11001.5
15054.5
478.0
16118.5
13741.0
11846.5
11854.0
13111.5
5848.0
14723.0
15403.5
10291.5
10041.0
10039.0
5234.0
4111.5
1515.0
419.5
14566.5
13970.5
14517.5
6318.5
10296.0
13518.5
12353.5
12502.5
10136.0
8284.0
12794.5
11500.5
13951.0
14986.0
10504.5
12628.5
13256.5
4597.5
12569.5
13442.5
16047.5
14204.0
10957.0
13788.5
13367.5
11952.5
10511.0
14353.0
13694.5
10981.5
13019.0
15062.5
15317.0
12987.0
10600.5
14502.5
13142.5
15790.0
11844.0
7763.0
0
13387.0
6317.0
10535.5
13132.0
8421.5
15017.0
6026.5
10365.0
12559.5
14859.5
14642.5
16470.5
11441.0
15842.5
3385.0
12846.5
13865.0
13360.5
13514.0
13519.0
13887.0
12566.0
11003.0
10193.0
14052.0
10981.0
16063.0
13318.5
7905.5
14661.5
3831.5
13334.0
10105.5
14836.5
10069.0
459.5
13691.5
10708.5
11413.0
4855.5
10930.5
12545.5
14511.5
4998.5
14352.5
13675.0
14893.0
13964.0
5710.5
13839.5
365.5
9244.0
11606.5
13381.0
14760.0
12296.0
13380.5
10963.0
13895.0
11958.0
13809.0
13618.0
424.0
14315.5
14152.5
13756.5
1335.5
11018.0
12348.0
15286.0
14147.0
11403.0
16468.5
7780.0
15434.0
12764.5
10705.0
4232.5
14741.5
13010.5
10071.0
14083.5
13805.0
13450.0
10192.5
16108.0
12430.0
14822.0
13586.0
11123.0
12310.5
12733.5
13234.5
14239.5
14455.5
11000.5
13616.0
12333.5
13210.0
11571.5
14559.5
424.0
4925.0
14660.0
9445.5
14480.5
14280.5
14467.5
2706.5
8430.5
12488.5
10058.0
6929.5
12319.5
15663.0
11851.5
14066.0
13067.0
11202.5
68.0
14478.0
13406.5
12084.0
11571.0
8545.0
14981.5
12925.5
138.0
2227.5
14327.5
5642.5
13770.0
15267.0
13102.0
6177.5
13257.5
4360.0
15484.5
12606.0
14753.5
10555.0
13972.0
9538.5
13634.0
11895.0
10570.0
11030.0
1467.5
4365.5
11454.0
10951.0
9371.5
14702.5
13543.5
4460.5
10474.5
14281.0
14428.5
16478.0
11094.5
11092.0
14241.0
11863.0
1924.0
0
9924.5
13587.0
12953.0
12033.0
14272.0
11917.0
11952.0
8042.0
12891.0
7499.0
16725.0
13769.5
0
14169.0
13775.0
11797.5
10539.5
10143.0
11401.0
6526.0
7676.5
13865.0
10411.5
13310.5
13487.5
10379.0
0
13978.0
12797.0
13183.0
15286.5
15724.0
12292.5
13034.0
15058.0
12759.0
10485.0
13284.0
12280.0
14596.0
14038.0
13311.5
11123.5
14691.5
11367.5
14282.0
13301.5
13360.0
14376.0
14650.0
11540.5
13915.5
14930.5
10160.5
14107.0
10050.0
3802.0
13125.0
13843.0
13952.0
6436.0
12527.0
13912.0
14782.5
10727.5
13044.0
11337.5
13257.0
14593.5
14183.5
12816.0
14191.5
9285.5
11927.5
12285.0
15648.0
4275.5
13942.0
12765.0
5892.5
4817.5
68.0
15112.5
13207.5
12251.0
11522.0
15436.0
13872.0
11768.0
13694.0
10103.0
13063.5
14301.5
14436.5
14776.5
5633.5
12752.0
11176.0
12577.5
12783.0
12309.0
14288.0
14411.0
13476.0
14798.0
11875.5
13276.5
8560.0
13678.0
13535.5
11689.5
2847.0
13588.5
15806.0
10938.0
15519.0
14908.0
12920.5
14082.0
13291.0
13474.5
14388.5
15388.0
10975.0
13872.0
10228.5
7097.0
16166.0
11286.5
6442.0
13125.5
14739.0
11943.0
12292.0
13807.5
12335.5
12705.0
8255.5
12980.0
13165.0
13673.5
11941.5
11964.0
14795.0
5589.0
15983.5
11406.0
11007.5
14781.0
15499.5
13447.0
14078.5
11865.0
13832.0
13775.0
11448.0
16390.0
14432.5
12729.0
12495.0
10150.5
13057.5
15032.5
6091.0
14813.0
14043.0
11391.5
12709.0
11036.5
14263.0
13510.0
5763.0
14426.5
13423.5
12608.5
13797.5
12562.0
12275.0
13300.0
14636.0
11850.0
7796.0
11069.5
12514.5
14513.5
13950.0
14444.0
12304.0
15012.0
8002.0
10051.5
11297.0
14548.0
11193.5
15697.5
14557.5
12811.5
14374.5
14050.0
4349.5
14060.0
13410.5
11472.5
10849.5
4033.0
10495.5
10512.0
11495.0
13775.5
13684.5
16132.0
14324.0
11793.0
12419.5
0
3780.0
15587.0
10683.0
15226.0
6330.5
14235.5
3592.5
4377.0
11423.0
11242.0
14094.0
8732.0
11458.5
9870.0
5346.0
12493.5
13534.0
13359.5
10234.5
5364.5
11042.5
752.5
14569.0
13167.0
3797.5
12511.5
13552.5
14068.5
12315.0
13127.5
13442.5
13540.5
14058.0
11608.5
13630.0
11578.5
14616.0
14716.0
0
11992.0
14695.5
12706.0
1129.0
12705.5
10944.5
12635.5
13646.0
8963.5
13171.0
13843.5
14461.5
13924.0
11252.0
11416.5
14213.5
10771.0
4958.0
10588.0
11406.0
10358.5
14917.0
10500.5
14306.0
11157.5
11894.0
5061.0
13361.0
14958.0
13431.5
12534.0
11603.5
12663.5
15116.5
9616.5
5952.0
14602.0
12157.0
10075.0
11909.0
10511.0
11511.5
861.5
13737.5
12812.0
6281.5
13804.0
15518.5
14215.0
10218.0
13408.0
11447.0
7041.0
13867.5
13933.5
5531.0
7931.0
10264.5
15283.0
9149.0
15483.0
13716.0
13320.0
12444.5
12065.0
10343.5
11061.0
8993.0
10321.5
15175.0
14768.0
13745.0
9182.5
13380.0
4953.0
11159.0
14185.5
13169.0
12165.0
12101.5
13862.0
12433.0
10558.0
14501.0
11105.0
10365.0
14149.5
12357.5
13951.0
14110.0
10743.5
14850.5
8239.5
13828.5
13807.5
13873.0
11715.0
12645.5
2128.0
13939.5
14427.0
5014.0
9603.0
10070.0
13527.0
11363.5
10104.0
13254.5
12788.5
11738.5
10311.0
4513.5
12516.0
10929.5
5922.0
14612.5
14004.0
6727.5
7416.5
11000.5
10520.5
14967.5
11497.5
10553.0
12219.0
14060.5
10570.0
13507.0
12296.5
10476.5
13298.0
15134.5
15314.5
13376.5
15713.0
11743.0
12653.0
4800.0
12253.5
7688.5
10232.0
15013.5
12459.5
14260.0
11387.5
13596.5
734.5
14039.0
12728.5
12906.0
10483.0
11963.0
13448.0
13743.0
11652.0
14660.0
0
13642.5
13579.5
14248.0
478.0
13390.5
14228.0
12585.5
12906.0
11326.5
4224.0
13163.0
13214.0
11723.0
10507.5
12997.5
10209.5
13910.0
12216.0
11497.0
10500.5
14377.0
10115.5
14732.5
11338.5
14265.0
9317.0
12952.5
14446.0
12820.0
14297.5
13539.5
13702.0
14809.0
13259.0
0
14246.0
15500.5
0
15388.0
14747.0
10459.5
12393.5
11408.5
6775.5
1200.0
12400.5
12592.5
15094.0
3462.0
15112.0
13738.0
10934.0
13866.0
16315.5
12997.0
10627.0
12621.5
13327.5
12592.5
3685.5
13949.0
13204.0
11897.5
13583.5
12286.0
11985.0
14046.0
10452.5
12297.5
12031.5
15873.5
11217.5
13818.5
13827.0
12759.0
11192.5
10552.0
11160.5
5130.0
10497.0
0
13457.5
12728.0
11885.5
5329.5
13317.0
7102.0
11744.0
441.5
14169.0
13044.0
16197.5
14536.0
13797.0
10604.5
12521.5
15402.0
13152.5
12237.5
10990.5
13890.0
14293.0
10917.0
11925.5
15717.5
8904.0
11047.5
11412.5
11035.0
14049.5
14136.0
13058.5
11972.5
10229.0
13244.0
10566.5
755.5
12863.0
10369.0
5257.5
14674.5
15212.0
13806.0
13255.0
15843.5
11643.0
2033.0
14065.5
13182.0
14135.5
12886.5
11418.0
11478.0
8232.0
11246.5
12583.0
13707.0
15067.0
12423.5
13317.5
15641.0
11668.5
13913.5
11099.5
7356.5
1083.5
9625.0
13135.0
5719.0
15183.0
12384.0
15036.5
8697.0
11052.5
13733.5
5025.5
11007.5
7887.0
7999.5
3864.5
11815.0
13045.5
13626.5
10568.0
13303.0
13249.5
11645.0
3145.0
12748.0
12756.0
15402.0
13644.0
7862.5
7147.5
8050.5
13761.5
6768.5
4442.0
13311.5
10570.5
16569.0
12525.5
13351.5
10501.0
10632.0
14097.5
11184.5
12348.5
10202.0
3233.5
12933.5
13015.0
13559.0
12364.5
7801.0
11102.0
6615.5
6291.0
10515.5
13674.5
11426.0
11477.0
6359.5
14476.5
10940.0
10070.5
10257.0
14163.0
12312.5
11584.0
10617.5
11347.5
14517.5
15775.0
11808.0
13912.5
11551.5
5031.0
11932.0
10934.5
13014.5
10669.5
15428.5
2085.5
126.5
12883.5
11555.0
15053.5
12766.5
3530.5
14884.0
13915.5
15565.5
13292.0
13493.0
8040.5
14437.0
4190.5
14432.5
12393.0
14401.5
4147.0
10587.5
10206.5
14070.5
3792.0
14157.0
15988.0
11707.0
14238.0
12973.0
14788.5
9517.5
10098.0
5979.5
10656.5
10614.0
12309.0
12072.0
11608.0
775.5
11647.0
12487.5
13355.5
7994.0
13920.0
10227.5
9070.0
138.0
11812.5
11073.0
9675.0
12947.0
11156.5
12702.5
13954.0
14394.0
15621.5
13293.5
12302.5
10109.5
7004.0
12830.0
8829.0
12109.0
12272.0
6478.0
11317.0
13266.0
14499.0
13165.5
10509.0
11142.0
11765.5
10283.5
12712.0
1811.5
10255.5
13576.0
16908.0
13782.5
14708.0
12646.0
6465.0
14410.5
8357.5
13830.0
14448.0
14157.0
12887.0
11858.5
15306.5
9847.0
12929.5
14713.5
11929.0
10092.5
4866.0
6905.5
15251.5
10724.5
13771.0
14331.0
12776.0
10650.0
4339.5
14382.5
1350.5
10594.0
13820.0
5744.5
12316.5
13586.5
12386.5
12863.0
3122.5
7407.0
12465.0
13515.0
13136.0
10106.0
12346.0
13413.5
11553.5
14110.5
10130.0
11307.5
14224.0
14121.5
13453.5
3904.0
6894.0
16523.0
14469.0
13969.0
7984.5
11161.0
12933.5
10349.5
9217.5
14159.0
13982.0
12724.0
13504.0
13855.0
13974.0
6474.0
14488.5
13815.0
13113.0
10792.5
11275.5
4514.5
11145.0
10650.5
11522.5
11144.5
8295.0
9806.0
10219.5
11866.5
16321.0
12845.5
14098.5
3939.0
10234.0
1194.5
10164.5
11743.0
13014.0
10707.0
5185.5
14429.0
13994.0
10912.5
4843.5
10691.5
13168.0
10972.0
4515.0
138.0
9724.5
12686.0
12641.5
6294.0
11382.0
9965.5
6349.5
11721.0
10329.0
12770.0
12086.0
14349.0
15246.5
9515.5
10630.0
11313.0
5465.5
10745.0
13730.5
13081.5
5938.5
12187.5
10281.0
12023.0
13934.5
1067.5
12574.0
10524.0
14859.0
10986.0
11084.5
7619.5
14326.0
10071.0
12546.5
10924.5
10172.0
10515.5
12976.5
3884.0
9688.0
7214.0
14365.5
16247.5
10663.0
10073.0
419.5
7039.0
14185.5
10688.5
10387.5
13308.0
3828.0
12811.5
2037.5
7465.0
12079.0
13639.0
11995.5
13362.5
9414.0
10974.0
10052.0
12944.0
11591.0
7959.0
7775.0
14335.5
10742.5
14699.0
14546.0
13421.5
4970.5
11442.5
11587.5
4583.5
10723.0
11176.5
10066.5
4272.0
12735.0
4605.0
0
13623.0
6329.0
14108.5
10943.5
11306.5
4109.5
0
14370.5
10366.5
12114.0
14202.0
14029.5
8431.0
9076.0
15487.0
15613.5
11256.5
8406.0
11939.0
11473.0
14322.0
8822.0
11435.0
10657.0
5351.5
11034.0
11812.0
7035.0
11998.5
10674.0
13437.0
5240.5
11416.5
11841.5
13446.5
13547.5
11240.5
15426.5
13475.0
11465.0
14102.0
10616.5
12203.0
13694.0
5998.0
12737.5
5830.0
10946.5
13196.0
68.0
14745.0
15209.5
14619.0
12184.0
13325.0
13314.0
14618.5
13252.0
10812.5
10974.0
15312.5
13034.5
11566.0
10770.0
0
9089.5
6307.0
12066.5
6110.0
11945.5
15037.5
14765.5
11476.0
10651.5
12434.5
14530.5
7625.0
5128.5
14900.0
11735.5
12250.0
12055.0
13386.0
14234.0
14513.0
14861.5
14680.5
15563.5
12490.0
9855.5
1275.5
10599.5
13398.5
4235.5
6848.0
12335.5
6807.5
14312.5
10572.5
14743.5
15812.0
12612.5
10578.0
3656.5
12491.5
13513.5
11133.5
12620.0
14544.5
12115.5
12630.5
8272.5
11934.5
14470.0
1863.0
0
13388.0
14149.0
14284.0
12292.0
12945.0
12266.0
12341.5
11598.0
138.0
10424.0
7171.0
12838.0
15031.5
14298.0
10093.0
14965.5
11982.5
10710.5
2857.5
11903.5
12658.5
13593.5
8437.0
12696.0
2257.0
14265.0
14112.0
14377.5
13686.0
790.0
0
3364.5
14512.0
13995.5
13801.0
14591.0
14410.0
14432.5
11596.0
9204.0
14235.5
7100.0
15205.5
12548.0
14593.5
10507.0
10406.0
6037.5
13668.0
2889.5
14472.5
11646.0
12666.0
5699.0
0
7574.0
15476.0
10426.0
11257.0
15790.5
10546.0
10975.5
12833.0
10102.5
14241.0
15935.0
14225.5
14816.5
12529.0
1481.5
11518.5
7682.0
12187.5
15650.0
1299.5
15227.0
12110.0
7350.0
10060.0
10824.5
12300.5
13113.5
14644.5
11431.5
10150.5
10642.0
4532.5
4802.0
14006.0
12177.0
13768.0
14111.0
15498.0
13085.0
14653.5
4084.5
10075.0
14700.0
13335.5
11094.5
13555.0
14101.5
12728.0
12129.0
14075.0
10536.5
14455.5
15958.0
14159.5
5002.0
5779.0
10782.5
12092.0
11649.5
14729.0
753.5
15178.0
13915.0
4068.5
10506.0
10208.5
2914.5
10778.0
13422.5
10400.5
11884.0
11054.5
13269.0
14075.5
13178.0
10832.0
11007.5
11393.0
14401.5
12529.0
13424.5
14997.0
14477.5
10881.5
10946.0
11542.5
12774.0
14636.5
12924.0
12412.0
15641.0
13807.0
11908.5
12325.5
16149.0
11727.0
14302.0
10628.0
1531.5
11082.0
12000.0
12007.5
1667.5
13200.5
9301.5
13567.0
16595.0
7630.5
790.0
15010.5
10603.5
12787.0
12762.0
10061.5
15877.0
6564.5
14812.0
14795.0
14098.0
10506.0
8397.5
14096.5
12841.5
13902.0
12828.5
14126.0
14395.5
10979.0
13657.0
11859.0
14076.0
10770.0
15991.5
9741.0
15861.0
10094.5
12658.0
11492.5
9112.0
14398.5
7594.5
14154.5
15455.0
14265.0
10957.5
10499.0
10206.5
14022.0
10221.5
13384.0
10985.5
5257.5
12066.0
16283.0
7003.0
14637.0
14865.5
14679.0
12407.5
14638.5
12100.0
15036.0
11266.5
9669.5
10558.5
14529.5
4863.5
10747.5
13585.0
15140.0
15027.5
14107.5
6279.0
10539.0
13347.0
10958.0
14880.5
12178.0
15680.5
14656.5
4958.0
9305.0
13926.0
12271.5
15300.5
13681.0
12814.5
14166.0
10321.5
13464.0
14744.5
13778.0
11494.0
10068.5
14997.5
10578.0
10580.5
10108.0
453.0
11629.0
0
10518.0
15066.5
516.5
11364.0
13223.0
10553.5
15018.5
13449.5
14687.0
13302.0
14971.0
16224.5
14124.0
11658.5
14200.5
13277.5
14280.5
11796.5
12453.5
11905.5
10067.5
10988.5
10979.0
10175.5
13697.5
13004.0
14364.0
11909.5
12675.0
12782.5
14791.5
13899.0
12955.0
11134.0
15311.5
11415.0
10113.5
13039.0
13342.5
12122.5
13459.5
12845.5
12684.0
6961.0
0
15664.5
11139.5
12289.5
12382.0
11161.5
12356.5
9292.0
9123.5
11826.0
15992.0
1458.0
12346.0
11411.5
5996.0
13717.0
13288.0
10479.0
10089.5
12481.5
6925.0
13409.5
14360.5
5436.0
13844.0
14173.5
11284.5
13396.5
365.5
14238.5
13021.5
15242.0
13034.0
11910.0
11499.0
13161.5
5526.5
9062.0
1456.5
11556.0
9547.0
11712.5
13304.5
5258.5
12514.0
5629.5
10577.0
15025.5
12722.0
12875.0
6292.0
12589.0
12764.5
6535.5
13648.5
15520.0
13235.0
6288.5
10244.0
11131.5
13720.5
13700.5
10087.0
10238.5
6479.0
13295.5
12934.5
6691.0
12496.0
13898.0
12633.5
13908.5
9503.0
15137.5
13083.0
12403.5
12445.5
12956.0
9883.5
15402.5
15004.5
12331.5
2720.5
10844.5
12284.0
771.5
13055.0
1847.5
14070.0
13070.0
11073.0
14804.5
6034.5
12176.5
683.5
13669.0
12864.5
13895.5
14507.0
3579.5
13591.0
12834.0
6243.0
14104.5
13372.5
16672.0
11733.5
0
6367.0
14236.5
8200.0
12863.0
126.5
13583.5
10281.5
11968.0
13222.0
13282.0
15899.5
13315.5
12862.0
12785.5
3811.0
6144.0
14900.5
13183.0
12912.5
13331.0
9826.5
12788.0
14459.5
13724.5
13134.5
6062.5
6445.5
11909.5
10532.5
12552.0
10071.0
14481.0
12161.5
12718.0
15457.5
13562.5
10604.0
10345.0
6116.0
12969.5
11604.5
14753.5
12748.0
14683.0
14632.0
11573.0
9473.0
13391.0
13817.0
68.0
8983.0
14152.0
13369.0
12805.5
7624.0
14640.0
14254.0
8691.5
13901.0
10152.5
11416.5
13725.0
13771.0
14533.0
11387.5
12933.0
8994.0
13440.0
11882.0
12359.5
14270.5
7483.5
6166.5
10840.5
14152.5
15051.5
11880.0
11349.0
8040.5
14282.0
11299.0
12570.5
13991.5
16307.5
6974.5
12743.0
13713.0
8410.5
13173.0
13675.5
13647.5
10734.0
10046.5
68.0
12788.5
4579.0
13332.5
11686.5
16561.5
14735.0
13964.0
11551.0
10166.0
10612.0
8602.5
11254.0
10994.5
14005.5
13733.5
12463.5
15567.5
6288.0
13306.5
14631.0
11551.0
14611.5
14789.5
15803.5
13032.5
14961.5
10935.5
14467.0
15824.5
13431.0
13366.5
14578.5
2163.0
15041.0
14150.0
8037.0
14403.0
13168.5
13707.5
11024.0
10117.0
12551.0
10546.0
14636.0
13093.0
9530.5
10164.5
10947.5
10246.0
12848.5
10868.5
12109.0
14605.5
4679.0
14000.5
13559.5
13479.5
10594.5
13101.5
17046.5
12759.0
13538.5
13707.5
15028.5
14059.5
13307.5
14865.5
13185.0
10840.0
5271.0
12021.5
13371.5
1943.0
15222.5
13707.0
6738.5
13735.5
11925.0
12845.0
11790.5
8185.0
14037.5
14109.0
10610.5
7145.5
13683.0
13169.0
13765.0
12126.0
13254.0
14768.5
5511.0
13289.5
13719.0
11308.5
10910.5
12338.5
11420.0
11999.5
10085.5
11483.0
14605.5
13142.5
9040.5
10559.5
3034.5
717.0
3945.0
13234.0
0
5184.0
5763.0
12398.5
12683.0
0
12929.5
11626.0
14368.5
11929.5
11690.5
13768.5
13352.5
7158.5
15256.0
12260.5
9565.0
14168.0
12498.0
14309.5
12625.0
11015.5
11850.0
12468.0
12280.5
15111.5
13015.0
10653.5
14697.5
14338.0
6592.0
12298.0
0
5703.5
12122.5
15000.5
11742.5
15245.5
8647.0
7456.5
11881.5
0
11401.0
13149.5
0
14371.5
9093.0
0
12893.0
12091.0
528.0
12981.5
14382.0
13051.0
13098.0
10194.5
0
12176.0
13730.5
13735.5
126.5
7498.0
13706.0
14794.0
10054.0
11460.0
12944.0
13635.0
1126.0
13592.0
1424.5
13495.0
13336.5
13614.0
10630.0
12283.0
11058.0
11529.0
7911.5
7133.5
13596.5
10505.5
15104.0
11299.0
10269.5
14202.0
10060.5
11758.5
14136.0
10534.5
13088.5
10138.5
14714.5
10077.0
10143.0
16444.5
14526.5
7931.5
11424.5
10006.0
14646.0
14825.5
11836.0
11445.0
14963.5
11070.0
14805.0
12382.5
13718.0
6086.5
10653.0
8256.0
11288.0
13193.5
13571.5
13859.5
12706.5
14771.0
126.5
14851.5
13215.0
12922.5
5770.5
8483.5
13765.5
15753.5
5329.5
12605.0
3016.0
13203.5
13853.5
12493.5
5255.5
10296.5
13693.5
14314.5
13671.5
12158.5
11036.0
11529.0
14063.5
14721.0
5496.5
13674.5
15516.0
10066.0
13153.0
7815.5
14636.0
8566.0
13957.0
6925.0
10610.5
14637.5
9816.5
12740.0
11818.0
4535.5
14154.5
13936.0
13842.5
12180.0
10345.5
516.5
12645.0
10064.5
10465.5
13236.0
13757.5
2110.0
14028.5
9019.5
9807.0
11060.5
11612.5
12382.0
4083.5
14240.0
10510.0
13235.5
6401.0
13356.0
14411.5
13306.0
12395.0
10310.5
17168.0
14285.5
10229.0
13147.0
13839.0
11868.0
14784.0
11696.0
11638.5
14599.0
10515.5
10127.5
13153.5
13722.0
12929.5
13726.5
8285.0
11071.5
0
12903.0
12562.0
6112.0
15727.0
10609.5
12203.0
14756.0
14973.5
13745.0
11604.5
7601.5
7301.0
15042.0
11234.0
3183.5
12991.5
7899.5
10593.0
13618.0
14243.0
14609.0
8068.5
13796.0
12947.0
10163.0
1787.5
14785.0
14637.5
14074.5
14119.5
6539.5
11368.0
8570.5
9937.5
12150.0
15316.5
13662.5
14430.0
11333.0
12541.5
1431.0
10069.0
15152.5
3247.0
2292.0
13426.0
13499.5
14498.5
14152.5
8724.0
7144.5
13359.5
2929.5
10281.0
12455.5
14149.5
10205.0
13832.5
14075.5
13922.0
13654.5
10518.0
13545.5
12873.0
10146.5
14534.5
6083.5
14456.0
6941.5
138.0
14562.0
13615.5
6756.5
7536.0
10441.0
11038.0
11431.5
13721.5
12470.0
14990.5
14463.0
6964.0
7673.5
12965.0
13799.5
8112.5
11448.0
13916.5
6273.0
10219.0
3491.0
11851.0
13773.5
10293.0
14654.5
5641.5
12520.5
7196.5
7328.5
12381.5
5556.5
4531.0
12180.5
13372.5
14925.0
15753.0
14964.5
10186.0
11777.0
10971.5
10085.5
15598.5
10386.5
14122.0
5762.0
16640.5
13624.5
15343.5
11888.5
12557.5
7597.5
10113.0
10699.0
15490.5
13233.0
12046.5
14909.5
14584.5
14814.5
11015.0
13662.0
7091.5
11292.5
13493.0
719.0
10158.5
14654.5
5237.5
11952.5
13650.5
12889.0
3496.5
14431.5
14793.5
14497.0
12798.0
12883.5
11439.0
365.5
10961.0
14033.0
11908.5
15066.0
14178.0
15106.0
5604.5
13527.0
10980.0
15070.5
11380.0
7033.5
10410.5
13299.5
7154.5
13616.0
14205.0
11069.5
10493.0
12939.5
10578.0
13628.0
14812.5
16178.0
15075.0
8328.0
14499.0
10733.5
11928.5
11383.0
12958.0
10718.5
6247.0
12441.5
14653.0
13620.0
11166.0
15718.5
13708.0
12507.5
4862.0
12868.5
13515.0
10492.5
7263.0
10523.0
11177.5
13844.0
12077.5
3673.0
10574.5
11456.5
14364.0
11585.0
14729.0
10974.0
12704.5
13771.5
10923.0
10812.0
11866.0
14723.0
13516.5
12928.5
15287.5
13498.0
11636.0
14943.5
12638.5
4267.5
14855.0
11105.5
12754.5
12874.5
13593.5
11131.5
13349.5
14286.5
6909.5
15643.0
2156.5
10720.5
12017.0
13947.0
13750.0
12166.0
5524.5
14728.5
11557.0
13081.0
11511.5
4965.5
13137.0
14934.0
8838.5
10165.5
13489.5
11321.0
13500.0
13672.5
12435.5
14789.0
13984.5
6611.0
14396.0
9636.0
7441.0
15640.5
13336.0
13423.0
13826.5
14395.0
11569.5
10238.0
13901.5
14619.5
11456.0
12844.0
15059.5
13828.0
13106.5
13670.0
8868.0
7800.5
15804.5
10347.5
11082.5
11392.0
6810.5
4148.5
13163.5
5103.5
8908.5
12672.5
2832.5
10957.5
3494.5
3935.0
14579.0
14258.5
14297.0
11430.0
13077.0
10170.0
10505.5
12177.5
12769.0
10269.5
13832.0
0
14093.5
12730.5
12037.0
12931.0
9637.0
12721.0
15049.5
13881.5
6706.5
11956.5
12404.5
5641.5
14671.0
10169.5
13747.0
5315.5
11186.5
11618.5
15265.5
13912.5
11611.0
14024.5
11267.0
11147.0
7688.0
13797.5
13917.0
11321.0
13720.0
14551.5
12447.0
13863.5
8511.5
11832.0
10916.5
13694.5
12760.0
11813.5
13555.0
0
478.0
7642.5
10352.5
13679.5
14689.5
0
1829.0
11910.0
11829.5
10570.0
10695.5
14264.0
11550.0
13828.0
13627.5
11475.5
11026.5
5094.5
10582.5
7096.0
10497.0
13722.0
10060.5
12382.5
14625.0
12284.5
12925.5
14267.5
13427.0
10955.5
5033.5
15841.5
13239.0
15319.5
7310.0
3903.0
13167.5
4459.0
13010.5
7779.0
13361.5
13818.0
11861.5
13085.5
8886.0
10110.0
8424.0
9557.5
5539.5
13669.5
13395.0
15052.5
10880.5
3901.5
13213.5
6743.0
11537.5
14778.0
5056.0
10492.5
7183.5
10589.5
13318.0
15349.0
3017.5
10470.0
10498.0
10552.5
15019.0
11379.0
12269.5
10747.5
8802.0
11538.5
10640.5
14189.5
10481.5
6775.0
9237.0
10707.5
10475.0
13547.5
11086.5
8143.5
13535.5
11478.0
13834.5
13521.0
13241.0
10147.0
12502.5
10500.0
13245.5
12539.0
14815.5
5669.0
11407.5
0
12645.0
11876.0
12660.5
8251.0
12945.0
14562.5
12646.5
12339.5
13866.5
10359.5
13408.5
12964.0
11994.5
11826.5
6329.0
3705.5
12079.0
13532.0
13788.0
14294.5
11828.5
13274.5
15121.5
15357.5
9634.0
11122.5
13097.0
7947.0
6741.5
15398.5
11484.0
10139.0
12425.0
12515.5
15839.0
11879.0
15768.5
14569.5
15994.5
10185.0
9659.5
13936.0
12225.5
13012.0
5550.0
10078.0
11898.5
11528.0
12181.5
14566.0
10069.0
13967.0
11081.0
11478.0
10508.5
13733.0
11445.5
13086.0
15542.5
10056.5
15005.5
14422.0
14016.5
11386.0
7761.0
14877.0
13526.0
10960.5
12747.5
12367.0
12293.0
5184.5
10281.5
14273.5
12346.0
14062.0
14056.0
12490.5
11967.0
14926.0
12740.0
6285.5
6130.5
7681.5
14078.0
10414.5
11239.0
8563.5
10052.0
10578.0
10151.5
11166.0
12310.0
12932.5
16490.5
12767.0
10626.0
12361.0
4049.5
14809.5
5566.5
11470.5
15174.5
11420.5
10599.0
15947.0
10880.0
13442.0
13741.0
13676.5
14629.5
11498.5
12972.0
6015.5
11054.0
13460.5
10059.5
13176.5
11507.0
7719.5
9473.0
11417.5
11295.0
12515.0
13971.0
11311.5
13571.5
10644.5
13468.5
13310.5
14332.5
11025.5
11619.0
7158.0
6688.0
11916.0
9470.0
12357.0
9912.0

10113.0
2179.0
14954.5
8520.5
11253.5
15027.5
11385.5
13495.0
13279.5
14612.5
9477.5
14706.5
12182.5
11649.0
13128.0
14693.0
12580.5
11690.0
8878.0
13085.0
10488.0
13574.5
0
10982.5
9414.5
11180.0
12719.0
6222.5
8882.5
10615.5
12700.5
10996.0
11146.0
10294.5
11570.5
12734.0
14275.5
11217.5
14467.0
7403.5
13787.5
13546.0
11068.5
13011.5
14878.5
14079.0
9040.0
10535.0
14376.5
13738.5
10678.0
7935.0
4435.0
13904.5
7892.0
15611.0
10808.0
15572.5
11324.5
12065.0
14561.0
10832.5
12824.0
15535.0
12903.5
7150.5
10142.5
7374.0
11181.0
15559.5
8524.0
14896.5
12908.5
10496.5
13727.0
9369.5
12526.5
15369.0
13754.0
14474.5
15017.5
13323.5
12849.0
12942.0
9326.5
11741.0
10046.0
806.0
8286.5
15044.5
14187.5
13298.5
10865.0
7655.5
14711.0
11896.5
10145.0
11801.0
5923.5
12486.0
11854.5
14068.0
10801.5
11443.5
1467.5
5013.0
0
0
13442.5
12159.5
15905.0
10260.5
11460.0
11909.5
13857.0
10870.0
14953.0
12720.0
12725.0
14556.5
13177.5
14196.5
9498.0
13828.5
9596.5
11854.5
14736.0
13207.0
14318.0
14341.5
11620.5
11467.5
14146.5
12359.0
13343.5
8416.5
12917.5
10073.5
14803.0
14216.5
12899.5
0
13464.5
14259.5
11160.0
12698.0
5326.5
12846.5
0
12687.5
14518.5
13867.0
6469.0
13157.0
11468.5
11973.5
10961.5
10403.0
10072.0
12327.5
11749.5
10702.0
11918.0
13527.0
14123.0
10580.0
3774.0
11723.0
11586.5
14769.0
13298.5
12313.0
1791.0
12486.5
13278.0
10189.0
9565.0
12943.0
12794.0
12892.0
13756.5
13182.5
13960.5
12276.0
11002.5
15460.5
13990.0
11454.0
10756.0
14766.0
12727.5
8463.5
2108.5
0
14063.0
5697.5
0
6991.5
0
68.0
7156.0
10152.0
14300.0
13497.5
13828.0
13872.0
9313.5
12703.0
13813.0
9529.5
9772.5
12899.0
15115.0
9518.0
10232.5
8498.5
0
2013.0
14118.5
5962.0
6521.0
9781.0
11848.5
10479.0
10985.0
13265.5
10275.5
10611.0
14194.0
14134.5
3795.5
12734.5
14973.0
11900.0
13672.5
14375.5
12189.5
10956.5
13234.5
12130.5
15079.5
13941.5
5971.5
13068.0
10573.0
13978.5
14704.5
13717.0
13768.5
12776.5
11984.5
10229.5
12314.0
15026.5
14370.5
11403.5
12147.0
11217.0
10491.0
13687.0
0
0
10675.0
5200.0
13342.0
14357.0
15195.5
2440.0
13060.5
14700.0
12275.5
3738.0
13745.0
11440.0
14570.0
12109.0
12305.0
11426.0
15520.5
14112.0
126.5
13697.0
13904.5
13440.0
11390.0
13227.5
13710.0
10922.0
9449.5
719.0
14523.5
7558.5
8776.0
13568.0
10526.0
5759.5
0
11020.5
8146.0
1942.0
11059.5
6738.5
13175.5
12821.0
15108.0
10570.5
14345.0
9080.5
12071.5
12872.5
2389.5
14291.0
7346.5
15026.0
14121.0
13927.5
10540.0
11009.0
16067.5
13421.0
12256.5
12333.5
11414.5
12640.0
10539.0
4027.0
15032.0
10951.0
12757.0
14980.5
11319.5
6011.5
752.5
4768.0
10718.0
2179.0
0
12427.5
14086.5
828.0
15207.0
13576.5
11400.5
6034.0
13258.5
12999.0
13311.5
14365.5
11610.5
0
11493.0
7946.0
14903.5
12958.5
12559.0
9641.5
13421.0
13296.5
14672.5
5625.0
4637.5
8028.5
14136.0
14157.5
13518.0
13664.5
10549.5
9070.5
13894.0
10926.0
9918.5
6624.5
13606.0
5591.0
6471.5
4957.0
13785.5
13632.5
10894.5
5804.5
10060.5
11296.0
14662.5
4943.0
7598.0
13833.0
15761.5
12263.0
14775.0
6254.5
126.5
6051.0
10893.0
12861.0
9598.0
12599.0
15142.0
14528.0
13763.5
9368.0
14128.0
9951.0
14316.0
11035.5
10504.0
13239.5
14796.0
14931.0
14414.5
8058.0
10086.0
5674.5
10174.5
12356.0
14636.5
3394.5
14007.5
9129.5
15835.0
10984.0
581.0
9942.5
13892.5
12032.0
13587.0
11344.0
12845.5
6719.0
11008.0
12752.0
13565.0
12354.0
11047.5
1755.5
14344.0
13735.5
14837.0
14966.5
11441.0
10444.0
126.5
13396.5
13294.0
8718.0
8205.5
14470.5
13687.0
13503.5
13837.5
15087.5
1810.5
11577.0
14909.0
10654.0
11197.5
14682.0
1884.5
16273.0
12838.5
13545.0
10042.5
6668.0
11946.5
12027.0
13307.5
13626.5
15455.0
13329.0
14721.0
11644.0
15858.5
13258.0
12592.5
7961.0
14161.0
1752.5
13960.0
15306.5
13185.5
6581.0
12608.0
12850.5
13680.0
15196.5
10041.5
11738.0
8642.5
12616.5
11395.5
13037.5
13072.0
15389.0
3079.5
7276.5
12522.0
12308.5
13891.5
6345.0
14678.0
6181.0
7870.0
10120.0
10093.5
1452.5
7060.0
11942.5
14164.0
12857.5
12709.0
13370.5
1404.5
12002.0
5930.5
14102.5
14602.0
5871.5
11744.0
10742.0
11888.5
13731.5
0
8162.0
13727.0
10569.0
14295.5
14996.5
4609.5
15043.0
14127.0
12373.5
13054.0
13319.5
15019.0
12860.0
13913.5
15618.0
7164.0
13462.0
14070.5
13829.5
2532.0
2364.5
13059.5
2702.5
13243.0
1141.5
14323.0
8245.0
10224.5
14578.5
10509.5
8149.5
13095.0
13351.5
14729.0
5476.0
10523.0
5900.0
13951.0
13864.0
10207.5
10854.5
8523.0
12370.0
12361.5
13803.5
10610.0
15394.0
4160.0
7863.5
9121.5
13361.0
10370.5
9542.0
11240.0
12091.5
12555.0
13621.0
11001.0
11871.5
13381.5
15785.0
11007.0
13644.5
10779.0
10553.0
13504.0
14401.5
8672.5
12736.0
11971.0
6347.5
15115.0
12559.5
16027.5
10932.5
10700.5
14592.5
10286.5
12909.5
12579.0
12977.5
13307.0
9645.0
14271.5
12292.0
13777.0
13975.5
12475.0
11543.0
13658.0
13051.5
11935.0
9148.0
15444.0
14786.0
771.0
14287.0
13633.0
15160.5
14756.5
15053.0
10976.5
12314.0
13147.5
12361.0
10213.0
13274.5
14486.0
10138.0
5948.5
13407.0
10129.5
12340.5
8016.0
12333.5
13375.0
13724.0
10982.5
8859.0
128.0
9918.0
15507.0
12405.5
11404.0
14357.5
12845.0
13742.5
13163.5
12992.5
6782.5
5649.5
14392.5
11035.5
472.0
0
15022.0
5013.5
14164.0
11107.0
14235.5
13297.0
10520.0
0
13923.0
3184.0
13227.5
68.0
10581.5
11255.5
5404.5
14930.0
1770.5
6724.5
12741.0
6152.0
10201.5
15185.5
14685.0
16326.5
10269.5
13036.0
15457.5
11936.5
10630.0
14402.5
5385.0
15424.5
14140.0
10174.5
15307.0
14116.5
13860.0
12093.0
7047.0
14700.5
0
6.5
5933.0
13209.0
10552.0
2813.0
10958.5
10934.5
12374.5
14381.0
14021.0
8662.5
11945.0
11791.0
7891.0
6937.5
10052.5
13702.5
12978.5
13190.0
6353.5
13389.5
10560.0
6219.5
4148.0
0
14382.0
7562.0
14673.5
12743.5
14118.5
5032.5
13193.5
14529.0
13051.0
15123.5
11120.5
10612.0
12826.5
13759.0
11133.0
13746.0
10840.5
10103.0
12530.0
8455.5
7213.0
10622.5
12819.0
14036.5
13077.5
11612.5
4734.0
68.0
12252.5
14647.0
13192.0
13981.5
14387.5
11299.0
0
15133.0
10463.0
12040.0
6012.5
5210.5
14721.0
7052.5
0
6071.0
15331.0
9703.0
11642.0
14527.0
11171.0
13415.5
12271.5
13622.5
14535.5
13261.0
12355.5
11223.0
6271.5
11790.0
12440.0
13005.0
10233.0
12969.5
14215.0
10639.5
9537.5
13158.0
14304.0
14551.0
11696.0
14037.5
14319.0
11062.5
1124.0
14022.5
13534.5
11831.5
15179.5
5969.5
3196.5
10975.0
9028.0

11906.5
13811.5
13762.5
14630.0
12606.0
13690.0
12805.0
14658.0
10550.0
13296.5
14827.0
6645.0
10067.5
126.5
13275.5
13706.0
12998.0
12637.5
8721.5
14611.5
5699.0
14004.5
14609.5
13541.5
14103.5
7850.5
13391.5
790.0
1535.5
10595.0
13954.5
14703.5
14124.0
11121.0
13294.5
11149.0
13855.5
15170.5
14543.5
8492.5
13804.0
7567.0
5248.0
12883.0
15930.5
15213.0
10561.5
13836.0
11731.5
8589.5
13774.5
11467.0
14672.5
6204.5
14081.0
13752.5
12185.0
717.0
13937.5
16278.0
14747.0
13218.0
13317.5
3903.0
13975.5
14679.5
14443.0
12623.5
11360.5
13738.0
13341.0
6879.0
14390.0
5568.5
6511.5
15309.0
14584.0
13849.0
12496.5
12851.0
13846.0
11964.5
14188.5
15153.5
12552.0
10527.0
14574.5
7070.5
11029.5
13672.0
13888.0
12012.5
10978.0
12736.0
13951.0
14410.0
9660.5
12487.5
419.5
10179.5
16339.0
12536.0
68.0
13728.5
14277.0
13964.5
0
13889.5
15463.0
15764.0
14407.0
10739.5
10935.5
13997.0
401.0
10524.0
10070.5
11898.0
11251.0
12499.0
13464.5
14520.5
14427.5
11018.5
13784.5
15027.0
11854.5
0
14687.0
13460.5
8912.5
13090.0
15171.5
13880.5
14005.5
652.0
13390.5
7554.5
14842.0
13868.0
5534.0
4641.5
14679.5
10210.5
13799.5
14877.0
13453.0
12459.5
14710.0
7962.5
12478.5
8520.0
11479.0
11644.0
8814.5
7745.5
14106.0
13455.5
13881.0
5765.5
15460.0
11097.5
1359.5
16197.5
12584.5
11566.5
8155.5
13035.5
7559.5
13153.0
10956.0
15805.0
13380.5
13203.0
14448.5
11685.5
11402.5
14285.0
10604.5
1702.0
4421.0
15276.0
13266.0
14345.5
15684.5
13455.5
13370.0
12278.5
13134.5
14580.0
14155.5
16405.5
11665.0
10117.0
13516.0
14797.0
11739.5
12681.0
10657.5
12100.5
11319.5
12127.5
7115.0
15854.5
10563.5
14787.0
6447.5
14512.0
14211.0
14609.0
13663.5
12591.5
11789.0
7104.0
14361.5
13607.5
11718.0
12922.0
12550.5
13488.0
14717.0
13242.0
12689.5
0
13188.5
11900.5
13703.5
12426.0
10579.5
11777.0
14450.0
13444.0
12432.0
13835.0
12893.0
11759.5
13227.0
13582.0
13142.0
10496.0
11405.0
14351.5
12207.0
14611.0
12873.0
9029.0
419.5
15267.0
14152.5
8148.0
14130.5
11884.0
13127.5
14905.0
12796.5
10605.5
14182.0
12328.5
10427.0
13926.5
14416.0
7868.0
13237.5
13521.5
13871.5
15041.0
10955.5
13483.0
12325.0
13235.5
11773.5
6944.5
0
14121.5
12984.5
13132.5
10984.5
15744.5
13630.0
12760.5
13152.0
14438.5
10649.5
15089.0
14195.0
13418.0
13961.0
14410.0
12690.5
13422.5
12963.0
13706.0
13829.5
11555.5
14454.0
11505.0
9428.0
6475.5
12075.0
13477.5
13370.0
5680.5
8073.0
5799.0
12949.0
12338.5
7977.5
11585.5
14180.0
14495.5
13426.0
13206.0
13037.5
10361.5
13850.5
1775.5
13251.5
13939.0
14631.5
5909.5
15336.0
14718.5
13463.0
13971.0
11397.0
7137.0
13251.0
13675.0
14125.0
13362.5
12821.5
7580.5
14691.0
5031.5
13954.5
13499.5
10229.0
16293.5
13208.0
10509.0
11528.0
12099.0
10086.5
5719.0
15842.5
13721.0
0
11090.5
10216.0
12702.0
13375.0
14741.0
13187.0
13609.5
14475.5
7382.0
14565.0
811.0
14239.5
3014.5
10524.0
13235.0
13998.5
12642.5
13353.5
14254.5
14386.5
13342.5
11306.5
12717.0
8147.5
14297.5
14803.0
10108.0
11407.0
14820.0
8498.5
15655.5
11411.5
6067.5
12100.0
13226.5
13104.5
14705.5
14044.5
15484.0
465.0
16629.5
13821.0
4112.5
13389.5
13460.0
13481.5
15002.0
13777.0
14598.5
4178.0
9075.0
13877.5
14921.5
13989.5
11910.0
13385.5
9324.0
16163.5
13375.5
15686.5
16217.5
12090.0
9313.5
13794.5
12107.0
14325.0
12677.0
12321.0
14147.5
13810.5
15011.0
13485.0
7110.5
13585.0
6718.0
14824.0
10071.0
13222.0
15131.0
7342.5
12895.0
13528.0
2682.0
10479.0
7221.5
13692.0
12718.0
12907.0
6155.5
1831.0
13438.5
12327.5
10056.0
14376.0
12597.5
11526.0
14336.5
14338.5
15091.0
14756.5
0
13655.0
6489.5
13913.0
14953.5
14938.5
14283.0
13377.5
14155.5
4923.5
12921.0
12531.0
13977.0
12871.0
14031.0
10102.0
16145.0
12424.0
14772.5
1410.0
6628.5
14359.0
13468.5
14716.5
10189.0
10077.5
889.0
14294.5
5061.5
10123.0
3201.0
424.0
14392.0
12888.5
13480.0
14986.5
12778.5
11762.5
12237.0
11999.5
13222.0
12557.0
15534.0
14818.0
2628.0
13591.5
11995.0
771.0
12239.5
13014.5
13320.5
14426.5
13676.0
15222.5
11953.5
14861.5
7385.5
12180.5
8757.0
13638.5
3208.0
11004.0
12906.5
13909.5
4331.0
13993.5
13208.0
13418.0
13433.5
13374.0
14413.0
15407.0
15280.0
13804.0
10187.0
12260.0
10346.0
14258.0
11848.5
14554.5
8815.5
13933.5
5217.0
14623.0
11879.5
15282.5
11456.5
15030.5
13282.5
13813.5
12977.0
14934.5
10078.5
13748.5
13945.0
6088.5
13911.0
14930.5
14090.0
0
11447.5
16496.0
12693.0
6575.5
13605.0
14804.0
13301.0
10505.5
12625.5
14964.0
13270.0
6014.5
13263.0
9571.0
14082.0
4261.5
6385.5
12889.5
11036.5
11287.0
15311.5
14998.0
14250.5
13944.5
10618.0
14908.5
1068.5
11837.0
15722.0
13355.0
11767.0
14214.5
13045.5
13500.0
12860.5
12874.5
14984.0
12212.0
9719.5
13187.0
15321.0
15056.5
12121.0
10607.5
14377.0
11692.5
10128.0
13321.5
14286.5
15548.0
11049.0
13971.5
11251.0
6241.5
14715.5
14796.0
15407.0
13810.0
5949.5
14168.5
15284.5
15407.5
13913.5
13691.5
14521.0
13700.5
13654.0
14277.0
13319.0
10989.0
13698.0
6100.0
1701.5
14491.5
16519.0
14171.0
3531.5
12347.0
14493.5
15855.0
13669.5
13341.5
14951.0
15904.0
11729.5
14542.0
13325.5
13008.5
15898.0
13853.0
11653.5
0
15094.5
14147.5
14232.0
11762.0
12139.5
14705.5
14286.0
5618.5
13317.5
10063.0
12875.5
13299.0
13353.5
0
13829.5
12137.5
13446.0
14235.5
11956.0
14187.5
12254.0
12497.5
14465.5
13699.0
13255.5
10213.0
14505.5
10251.0
4533.0
11556.5
13321.5
126.5
14214.5
12275.0
7650.5
10044.0
13170.0
11856.5
13989.0
13294.0
12916.0
5952.0
11849.0
15189.0
13714.0
12923.5
14127.5
12491.5
16503.5
10143.0
13783.5
6691.5
12447.0
12627.0
10515.0
13123.0
14974.0
10604.0
13878.0
16369.0
13059.0
4567.5
14888.0
12089.0
12828.5
14656.5
13327.0
14799.5
13987.5
11954.0
14113.5
14777.0
14586.5
12337.5
14480.5
9110.0
10065.5
14707.5
11880.0
12882.0
10887.0
13056.5
6894.5
13732.0
115.5
15316.5
0
15068.0
13966.0
15729.0
13965.0
14202.5
8903.0
15806.0
16443.5
12133.0
12145.0
14032.0
13417.0
13154.0
10050.5
12695.5
13672.0
9069.5
14440.0
11026.5
13300.0
11589.0
13543.0
14700.0
0
13138.0
13281.0
6736.5
14218.0
13737.0
12800.5
14398.0
12653.5
14082.5
15260.0
11985.0
10957.5
13631.5
10118.5
9398.0
14085.5
15205.5
15051.0
14640.0
12857.5
14616.0
6547.0
13533.5
14685.5
12194.5
14835.5
13499.5
11950.0
13017.0
11977.0
3589.0
13955.5
15274.5
7275.5
14617.0
13871.5
12340.5
13774.5
13670.5
15188.5
14218.0
10536.5
7920.5
14987.0
13689.5
14012.5
12934.5
14786.0
5368.0
12166.5
10409.5
5982.0
8100.0
6941.0
14043.5
14408.0
13344.5
14398.0
13369.5
10066.5
12304.5
12810.0
13380.0
14149.5
13792.5
14918.5
15708.5
13846.5
12544.0
11536.0
16699.5
16462.0
13195.0
6995.5
13637.5
11967.0
13480.0
13711.0
14173.5
10109.5
10978.0
11365.0
16677.0
12823.0
14823.5
10912.5
15590.0
11718.5
14367.5
7146.0
8533.5
13833.5
11498.5
3960.5
14811.0
13900.0
9222.0
8365.0
15788.5
15012.5
11983.5
14390.0
12338.0
14102.0
11573.5
11009.5
13869.0
12680.5
4812.5
14260.5
13886.0
13038.0
12088.5
10069.5
9633.5
10605.5
11864.5
9148.5
14914.0
5031.5
12162.5
12641.5
12592.0
15695.0
14248.5
14629.0
6647.5
13306.0
14227.0
10243.5
5465.0
13912.5
15107.5
11504.0
13956.0
13942.5
2710.0
12675.0
13746.5
14284.0
13721.5
14051.5
13101.5
9091.0
6036.5
13429.5
14518.0
15548.0
3235.5
14207.5
14935.5
7803.5
14465.0
11585.0
14246.5
12866.0
841.0
7168.5
12983.5
6365.5
478.0
10955.5
12779.0
14297.5
14424.0
11392.0
11913.0
12048.5
13225.0
12609.0
10638.5
12552.0
10065.0
12316.5
14169.0
1848.0
13004.0
13932.0
7735.5
4140.5
10260.0
12034.0
663.0
15905.5
14922.5
14183.0
13028.0
13088.0
14605.5
11614.0
12752.5
13459.0
11093.5
12043.5
12662.0
11856.0
9409.0
7051.5
13249.0
14503.0
10127.0
10936.5
13772.0
3865.5
15068.5
12781.5
6406.0
10451.0
0
14507.0
12729.5
14108.0
5348.0
15991.0
13884.0
13057.5
5981.5
12288.5
12571.5
7353.5
1175.0
12771.0
13917.5
8484.5
14542.5
13883.5
13690.5
11628.0
11408.0
14740.0
11551.5
16240.0
6525.0
12910.5
14225.0
2702.0
13511.5
14334.5
11440.0
14203.0
13713.5
12593.5
7274.0
13160.0
2945.5
10068.0
12269.5
10072.5
4503.5
14217.0
6796.5
11211.0
13594.0
13866.5
12833.0
13275.0
12184.0
13328.5
10107.5
14409.5
15642.5
11682.0
12592.5
13062.0
14562.5
14086.5
5562.5
11932.5
13339.0
13641.0
12982.5
6435.0
6802.0
10195.5
10958.5
15318.5
12823.0
12357.5
14116.0
11877.5
12158.0
13870.5
11447.0
7165.5
10815.5
15360.5
12123.0
14532.0
15705.5
14445.5
10838.0
12303.5
13729.0
12837.0
14660.0
12660.5
10569.0
13615.5
14599.5
15109.5
14798.5
10561.5
14107.0
13036.5
14331.5
10166.5
12854.0
13865.5
13938.0
14244.0
14033.5
14041.5
15068.5
14370.0
11607.5
12821.5
10255.0
14630.5
13326.5
14136.5
13936.0
6110.5
14914.0
13959.0
14228.0
10068.5
9015.5
10659.5
10666.5
14268.0
13119.0
14194.5
13441.5
13694.0
14644.0
13641.5
17106.5
13787.0
11219.5
12208.0
752.5
14400.0
10116.5
16329.0
13010.5
2717.0
14992.5
12804.0
3885.5
8176.5
4148.0
6098.5
10728.0
12115.0
13879.5
10833.5
13578.0
14505.0
13045.5
3358.5
3497.0
13004.5
15505.5
13965.5
9012.5
13671.0
11840.0
10498.0
15149.5
717.0
13481.5
12216.5
15082.0
11423.5
12970.0
12045.0
13242.5
13474.0
13174.5
14104.0
14543.0
12686.5
10072.5
13846.0
5941.5
14732.5
13544.0
16036.5
13771.0
13253.0
13137.0
13778.5
12291.5
14263.5
14738.5
12918.5
12968.0
418.5
12356.0
14670.5
15241.5
13461.5
8652.5
10475.5
12534.5
3588.5
9254.0
14934.5
13514.0
14283.5
14791.5
14587.5
13053.0
12426.0
11616.0
11862.0
6600.5
717.0
14394.5
15055.5
9811.0
12108.5
10507.0
13144.5
14525.0
13735.5
7006.5
9858.0
13549.0
6062.5
11584.0
13237.0
13949.0
10670.5
13689.5
14761.0
5888.5
7126.0
13304.5
0
12892.5
13504.5
13596.0
10424.5
15083.5
15035.0
14282.0
14201.0
12411.0
13532.5
12438.0
13897.0
13358.5
11491.0
4549.5
5384.5
12810.5
14536.5
10586.0
13579.0
13511.0
12099.5
12750.0
13212.5
12443.5
8432.5
13787.5
15608.5
11793.5
8016.0
14628.0
11028.5
10312.5
0
15366.5
10107.5
14348.0
10570.0
13774.0
11394.5
14532.0
13761.5
10052.5
15586.5
15357.0
14906.0
14247.5
10575.0
16452.5
6112.5
15061.5
13869.5
10677.5
13846.5
13515.5
1590.0
14193.0
13768.0
14310.0
12797.5
15696.0
8504.5
12031.0
13974.0
12333.5
7221.0
9249.0
15316.0
8645.5
12959.0
0
3302.0
11131.5
10591.5
11904.0
13716.0
13753.5
13201.5
16456.5
11645.0
14283.0
13953.5
14989.0
14032.0
0
13792.5
15291.5
12576.0
13389.0
3109.5
14895.0
7313.5
14124.0
12439.5
13783.5
1087.5
14001.5
12834.0
14876.5
7669.5
13114.5
11964.5
11006.0
13598.0
14627.5
14849.5
12511.0
12760.0
13549.5
14580.0
5008.5
13886.5
13139.0
695.5
9162.0
13839.5
13065.0
10118.5
10108.0
14821.0
10111.0
9498.0
13808.0
12875.0
11191.5
14528.0
12831.5
13366.0
14582.5
14626.5
12977.5
14090.5
0
8569.5
13727.0
12047.0
4710.5
0
12125.0
14901.5
0
13664.0
7211.0
12761.0
12238.0
7987.0
11594.5
13767.0
13295.0
12844.0
13647.5
13594.0
16306.0
0
13898.0
6867.5
15255.5
14048.5
16187.5
1052.0
12918.0
13403.5
13498.0
14339.0
14330.5
15268.0
6035.0
14208.0
14231.5
13405.0
5477.5
11698.0
14362.5
10074.0
13259.0
14398.0
13044.5
14343.0
11145.5
15189.0
10084.0
6019.5
13505.5
12895.0
4355.0
14384.0
14687.5
15706.0
6091.5
12346.0
6642.5
15924.5
10654.0
13714.0
14860.0
13516.0
13629.0
13684.5
14651.0
13666.0
14365.0
14653.5
10915.0
12828.5
11409.0
15470.0
14015.5
13968.0
13277.5
8786.5
8608.5
10554.0
15377.0
5642.0
4938.0
12903.5
14583.0
13528.0
15442.0
14928.0
10360.0
11663.5
12917.0
12503.0
15348.5
14266.5
13761.5
13314.5
13339.0
14856.5
15042.0
15483.5
11882.5
10717.5
14930.5
5157.5
13536.0
5365.0
13506.0
15567.5
13708.0
8164.5
15760.0
13486.5
1067.5
14195.0
4513.0
14083.5
15214.5
13977.5
14642.5
12950.0
14516.5
14153.5
14140.5
13701.5
13655.0
15089.5
3565.5
15783.5
10062.5
12816.0
13572.0
11655.0
11093.5
14818.0
14243.0
12796.0
14092.5
14266.5
13526.5
13937.0
14664.5
10630.5
6238.5
13871.5
13076.0
13258.0
11443.5
14288.5
14839.0
15119.0
14445.5
14028.5
12736.5
15666.0
13492.0
8687.0
0
11366.5
13961.5
13495.5
10078.5
14856.0
12580.5
14668.0
12839.0
14357.0
5022.0
11977.5
14690.0
2827.0
7427.5
13825.5
11741.0
16052.5
11641.5
12274.5
5628.0
15093.5
6977.0
12931.0
13995.0
13936.0
13428.0
13180.5
4556.5
12511.0
10281.5
11404.5
14598.0
5986.5
0
13211.5
10802.5
15465.0
3991.0
14788.0
13176.5
5813.5
11543.5
13826.5
14617.0
12486.0
13701.5
6279.5
13964.0
13053.0
13572.0
13455.0
14472.5
14351.5
14272.5
12099.5
12882.5
13144.5
14576.5
13920.0
13076.5
12602.0
10676.0
13742.0
13728.0
14530.0
14158.0
13936.5
15101.0
10962.0
13699.5
13704.5
13076.0
13461.0
13656.0
14486.0
1366.0
3146.5
14791.5
848.5
15060.0
11219.5
12840.0
13924.5
13606.0
13972.5
1301.0
14063.0
13574.5
13554.5
13081.0
7496.5
12545.0
10562.5
14225.0
13065.5
14391.5
14901.5
15055.5
14706.0
12169.0
11369.5
14137.0
15164.0
15441.5
5345.0
1829.0
13090.0
13343.5
12162.0
1535.0
14695.0
13162.5
12596.0
14714.0
12933.0
13124.0
14079.5
5754.0
11960.5
10331.5
12820.5
13281.0
10700.5
3565.0
14678.0
14149.5
10573.5
14109.0
12589.5
14437.5
12462.0
10138.5
1073.5
12788.0
5802.5
15074.5
12384.0
13746.0
11747.0
1905.0
13192.5
14088.5
13292.0
10142.5
12257.0
14978.5
14019.0
14055.5
13584.0
9148.0
11080.5
12848.5
12959.5
15870.5
13842.5
11458.0
14358.0
5803.0
14631.0
12731.0
13870.0
12855.5
14157.0
0
13870.5
14141.5
9849.0
14218.0
14577.5
11036.0
14872.5
13184.0
13463.5
14556.5
13508.0
5278.0
14026.0
11563.5
12163.0
10731.0
8077.5
12997.5
12669.0
15890.0
13870.5
12884.5
12334.0
9417.0
17306.5
14350.0
12265.5
7389.5
12717.0
14055.0
12793.5
14140.5
6831.5
7667.5
14724.0
14573.5
13462.0
13402.5
10275.0
10924.0
14963.0
7665.0
14653.0
13500.0
14214.5
13168.5
11453.5
13443.0
13344.0
15590.5
12737.5
6367.5
13314.5
13791.5
14210.5
10626.5
15759.5
14526.0
7662.5
13427.5
11560.0
11188.5
11365.5
13570.5
15114.5
10680.0
13143.5
15139.0
13016.5
14212.5
16713.0
14898.0
8917.5
5722.5
13011.5
3533.0
10517.5
11459.5
12334.5
12528.5
13917.0
8056.5
13312.5
68.0
16324.5
13269.5
14724.5
13518.5
11894.5
14351.5
365.5
11475.5
13319.5
13379.0
10459.0
11703.0
14737.5
14217.0
15058.5
14733.0
15364.0
13959.0
5625.5
14193.5
13913.5
12782.5
13374.5
15621.0
12096.0
14691.5
14711.5
14359.0
14054.5
12479.5
8680.0
13512.0
14391.0
11198.0
14306.0
10851.5
12941.0
11164.0
14736.5
13949.5
14638.5
15018.0
10174.5
14244.5
14656.0
14278.5
0
15353.5
15585.5
7653.0
15536.5
0
13488.5
9035.0
10678.5
6629.5
7533.0
6944.0
15053.0
10607.5
13018.0
9819.0
15012.0
13536.5
15515.0
14815.5
9798.0
14201.0
12057.0
11918.5
13879.0
12158.0
14524.5
15122.5
11480.5
13375.5
14524.5
13753.0
8846.0
14430.5
14872.5
13277.5
12265.5
14802.5
7200.0
14614.5
13812.5
13418.5
14437.5
10556.0
12729.0
13241.5
14795.5
13410.5
15650.5
5912.0
13014.0
14261.0
11917.0
14380.5
4310.5
12629.0
13538.5
14722.0
1699.0
10714.0
14383.5
9054.0
12312.5
15570.5
14665.0
5551.0
14575.5
15486.0
2592.0
13611.5
15081.5
12276.5
10600.5
8788.5
12424.0
13027.5
14784.5
11579.0
2843.5
11590.0
14591.0
14213.5
7045.5
12327.0
13459.5
0
13902.0
13064.5
11613.5
4914.0
10244.0
10032.0
14540.0
8816.0
12076.0
14251.5
16562.5
10964.0
14967.0
12343.0
10616.5
14657.0
14502.5
12236.5
14372.0
10203.5
6255.0
10044.0
14485.5
14871.0
15068.0
13976.5
10059.5
15174.0
13852.0
14823.0
15489.0
4081.0
14345.0
13591.5
6200.0
5862.5
15027.0
10100.0
13081.5
14702.0
14087.5
10507.5
12564.0
9461.5
2689.0
10089.0
12422.5
10642.5
12955.0
5223.5
11851.5
11136.5
10503.5
13793.5
13185.5
7539.0
12353.0
7049.5
13650.5
2425.0
12933.0
12330.5
13206.0
3184.0
7817.5
13706.0
13679.0
14428.5
10054.5
12933.0
14505.5
11101.0
6142.5
14532.5
12856.5
13562.5
18541.0
15823.0
13616.0
5155.5
8759.0
0
9942.0
12903.5
10576.0
12464.5
14818.0
10126.5
14739.5
14433.0
10047.5
68.0
15100.0
15466.5
12107.0
14079.0
14701.0
14617.0
5980.5
14217.0
14393.0
14092.5
13623.5
14576.5
11057.5
14366.5
13177.5
17287.5
8424.5
8260.5
10073.0
13305.5
14397.5
12112.5
13541.0
14460.0
14512.0
15823.5
12817.5
13389.0
6222.5
14621.0
11421.5
13787.0
10307.5
13643.0
12927.0
115.5
3889.0
14268.0
12983.5
10160.5
10823.0
13439.5
2036.0
13696.0
6258.5
10621.0
14959.0
11071.0
12875.5
14372.5
13335.5
10929.5
10557.0
11021.0
13670.5
13632.0
11106.5
9100.5
13681.0
14255.5
14206.0
16504.5
7255.0
0
13725.0
7126.5
10960.5
5749.0
6665.5
9224.5
14762.0
12960.0
16001.0
11076.0
14109.0
12078.5
698.5
8191.5
12750.0
12716.0
11042.5
15311.5
12884.0
13296.5
13826.5
15114.0
13305.5
14673.0
13985.0
14777.5
12735.0
11110.5
13300.5
14315.0
14687.0
13671.5
3274.5
13181.5
0
13995.5
13378.0
10954.0
13045.0
14726.5
10047.0
15098.0
14271.5
13913.5
12843.5
6040.0
10118.5
12865.0
13830.0
13599.5
12062.0
11380.0
12365.0
0
12538.0
14256.0
5949.0
15589.0
13689.5
15031.0
13830.5
11074.5
14428.5
10495.0
14330.5
12269.0
13632.0
13739.0
10313.5
12718.5
6590.0
13641.0
13324.5
10144.5
15162.0
11610.0
10970.5
8140.0
15156.0
14996.0
5572.0
13643.0
14301.0
13604.5
11527.5
15453.0
14728.0
15349.0
14127.5
14044.0
6886.5
10672.0
15118.0
14219.0
14513.0
12328.5
12802.0
12009.0
11311.5
12040.0
13883.0
15578.5
13125.5
16192.5
15522.5
10775.5
14333.5
10815.0
14553.0
14836.5
11802.5
13561.0
11293.0
13741.0
13305.5
10470.0
14600.5
13641.5
12621.0
13005.5
1385.5
12795.0
12468.0
2171.0
14265.0
13292.0
13839.5
12671.0
12399.0
9251.0
7452.0
11842.5
14169.5
13600.5
14543.5
13776.0
12509.5
10868.0
11613.5
13515.0
6777.5
11185.0
14606.5
12758.0
12889.5
2609.0
8636.0
10501.0
15805.5
13724.0
14369.0
14059.5
13626.5
14530.5
13665.5
14345.5
9858.5
12656.5
11795.0
14713.5
6684.5
14425.5
14676.0
13413.5
14585.5
407.0
14065.0
2777.5
12642.5
2775.0
13668.5
10345.5
10539.0
3606.5
11428.5
10675.5
10490.5
14684.0
16484.5
13489.0
10974.0
14020.5
13310.5
9680.5
10971.0
10653.0
13981.5
11900.0
10309.5
13537.0
12901.5
12169.5
13201.0
5185.0
14424.5
11391.5
13925.0
13024.0
13733.0
10072.5
14729.0
11817.5
13239.5
9103.0
11586.0
6073.5
11102.0
13816.0
16284.5
13650.0
14010.5
13627.0
5639.0
14099.0
6168.0
6989.5
15163.5
14645.0
15107.0
13969.5
13361.5
10134.0
6112.0
11085.5
15124.5
14555.5
7684.0
13330.5
12585.5
15467.0
12282.5
14446.0
11103.5
11277.0
13106.0
15663.0
13710.5
14348.5
6185.0
9867.0
8572.5
12827.5
10116.5
14945.0
14000.0
11030.5
10665.0
12058.5
14655.5
11487.0
14158.0
14421.5
13908.5
4457.5
11076.0
13266.5
6056.0
15332.5
14608.5
13834.0
12701.5
13910.5
14713.5
15575.0
15224.0
12895.5
11896.0
14091.0
1207.5
14572.5
12542.5
12745.0
15004.0
13300.5
10101.5
13360.0
13525.0
11326.5
12588.0
13556.5
14168.0
11079.5
12273.0
14084.5
13549.5
14751.0
15559.0
13603.5
8519.0
12729.0
10808.0
14191.5
9885.5
13668.0
15217.0
14692.0
13594.5
15353.5
13758.5
14939.0
14117.0
5588.0
10756.5
16187.0
15858.0
10627.5
15543.0
15385.5
2100.0
15407.0
14110.5
13982.0
13444.5
14567.5
10995.0
13552.0
0
15672.5
0
9006.5
15420.5
13733.0
9398.5
14369.0
14398.0
11495.0
13071.5
13258.0
13832.0
1323.0
12969.0
13574.0
15422.0
5186.5
9929.0
14409.0
8501.5
14107.0
15317.5
10332.0
14315.5
11001.0
10717.5
12635.5
15292.0
11593.0
1014.5
12313.0
14086.5
14389.0
15060.0
10830.0
7455.5
11542.0
13224.0
14059.5
13048.0
14763.5
13135.0
13355.5
10734.5
12226.5
13213.5
11606.0
5555.5

11475.0
12072.5
10497.0
15097.5
10234.5
12088.0
13375.0
13467.5
14582.5
5060.5
12552.0
10288.0
14725.5
6937.0
14246.5
12759.0
11057.5
441.5
13236.5
13749.5
13244.0
15202.5
12994.5
14646.5
11108.0
13258.5
13348.0
0
12823.5
14448.5
13111.5
11549.0
10326.0
11069.0
13814.5
12280.0
14218.0
6846.0
15677.5
7210.5
11979.0
13039.0
14924.5
12370.0
13779.5
11936.5
14188.0
4391.5
13607.0
12606.0
4994.5
12640.0
12252.0
10958.0
12795.5
13006.0
10043.5
13621.0
15454.5
10495.0
15080.5
13547.5
0
9811.5
14538.0
11764.0
8484.0
12595.5
13472.5
11865.0
14659.5
13556.0
14604.0
419.5
13824.0
11733.0
11060.5
13046.5
15023.5
12249.5
4172.0
15980.0
14201.0
14592.0
5296.5
7496.5
13800.0
2242.5
14075.5
13797.0
15426.5
8654.0
12931.5
7473.5
15454.0
13657.0
12427.5
14325.0
13246.5
14078.5
9189.5
1086.5
11422.5
4758.5
13917.0
11005.5
14425.5
14724.0
14617.5
13769.5
11523.0
12105.5
10145.0
11662.0
13329.5
13138.0
4922.0
15327.0
13222.0
14631.0
13278.5
8689.5
10918.0
13238.5
8287.0
11903.5
10206.5
809.5
13879.0
14232.5
13850.0
13312.5
15458.0
10787.5
2362.5
14446.0
12709.5
14722.5
13558.0
13268.0
5813.0
14673.0
13735.5
12379.5
10228.0
11720.0
15369.0
10615.5
13317.5
11960.5
12454.0
13244.0
15172.5
12507.5
16100.0
12657.0
9462.5
14419.5
15198.0
11073.0
6815.0
11448.5
14073.0
13057.5
10570.0
15661.0
14320.0
10813.5
12251.0
14896.0
9711.0
14200.0
12962.0
14630.5
14077.0
12829.5
12565.5
12032.0
4846.0
8478.0
10712.5
10997.5
12382.5
14346.0
14772.0
11893.0
13609.0
15680.0
13251.5
3157.5
14612.0
10969.5
14543.0
14686.5
13166.5
14560.5
10778.5
13531.0
10165.5
13989.0
10152.5
12822.5
7579.5
13550.5
14404.0
14662.5
13813.5
14446.5
7097.0
13715.0
15023.0
14211.0
11080.5
13768.0
11498.0
14095.0
10968.5
10057.0
12777.0
14108.5
10799.5
15015.5
12301.5
10164.5
13421.5
14993.5
14059.5
11655.5
12979.0
12460.5
13800.0
10018.5
10151.0
10479.0
8255.0
11305.0
12298.0
10981.0
15256.5
2492.5
13007.5
14181.0
5926.5
11266.0
11655.0
15010.0
11314.0
13465.5
5848.5
6690.5
13926.0
12552.0
10107.5
10956.5
14686.0
13258.5
13137.5
15740.5
13701.5
14352.5
8623.0
14464.0
15862.5
10735.0
15372.5
7750.5
14544.5
8977.0
14640.0
14119.5
12344.0
14328.5
13338.5
5785.0
6906.5
13784.5
12324.5
12742.5
9724.0
5994.5
10054.0
13219.5
11826.5
7770.0
13243.5
13689.5
11909.5
14258.5
13891.0
10992.0
13323.0
12619.0
5129.0
6536.0
11075.0
10227.0
13762.5
13227.5
11545.0
13700.0
12277.5
13942.0
15366.5
15164.5
14697.0
12887.5
14109.0
8282.5
13587.5
13035.5
13939.5
6852.0
14878.5
13346.5
13725.0
9643.5
11793.0
14607.5
15914.5
497.0
15277.5
12965.0
11099.0
13445.5
4791.0
13506.5
14901.5
126.5
10070.5
14268.5
11820.0
12203.0
15263.0
10636.0
11246.0
6704.0
14130.5
11722.5
13632.0
14059.0
13558.5
14960.5
15117.5
13580.0
10968.0
14126.5
15426.0
14397.0
14614.5
15420.5
8094.5
12501.5
10112.5
10809.5
15279.0
14935.5
14952.0
14277.0
14239.0
0
10980.0
14584.0
7645.5
13422.0
12551.0
10890.0
13593.5
10205.5
14507.0
13978.0
4254.0
13109.5
13072.5
11432.5
10668.5
10564.0
13833.0
2737.5
15237.5
14424.0
14197.0
11422.0
10621.5
12590.0
14900.0
14142.0
14991.0
15006.5
12396.0
5795.0
14450.5
6738.5
6181.0
13574.5
15193.5
14116.5
13291.5
14655.5
14645.0
13319.0
8484.5
11066.5
11205.0
14676.0
15919.0
12603.0
10552.0
12657.0
10377.5
13728.5
10547.0
5699.0
13202.0
0
14288.5
1563.5
14657.0
14275.5
13525.5
14792.0
14391.0
11013.5
13825.0
13280.5
10200.0
13523.5
15310.5
11614.0
10617.5
13208.0
14115.0
15542.0
13932.0
14655.5
15604.0
14227.0
12911.5
12550.5
11881.5
15118.5
14180.0
14775.0
15598.5
12570.0
14078.0
11850.5
12534.5
13401.0
15550.0
13464.5
14349.0
14404.5
10976.0
14505.0
12027.5
7404.0
14785.0
13618.5
14204.5
14833.5
14686.0
14594.5
13805.0
8949.5
12767.5
11459.0
13792.0
13075.5
7429.5
10701.0
13341.5
13762.0
14166.5
11401.0
14670.5
10136.0
14211.0
15320.5
0
11068.5
14111.0
13222.5
0
14450.0
4488.0
14023.0
9015.5
12716.5
14161.5
13317.0
13795.5
10936.5
13010.0
10612.0
15130.0
12314.0
12693.0
13755.5
6509.0
14726.5
12812.0
12686.0
126.5
14299.0
10727.5
0
10648.0
14190.0
14133.0
13418.0
14726.0
758.5
15275.0
12990.5
15658.5
12517.5
15209.0
68.0
12276.5
14786.0
8832.0
13830.0
14370.5
8059.0
10968.5
13635.0
13728.5
13181.5
15598.0
14235.5
13776.0
14098.0
7551.0
7575.0
10132.5
12603.5
10092.5
14771.0
14732.0
15116.0
10514.5
1512.0
14898.0
12396.5
10779.0
10935.5
11312.5
14599.0
5793.5
5923.0
11369.0
12309.5
10243.0
16739.0
10920.5
14156.5
12082.5
0
11436.5
13295.0
5057.5
10560.0
15060.5
12895.0
15421.0
13117.0
10579.0
11564.5
14408.0
6816.0
15533.0
13379.0
13149.5
15191.5
13595.5
15895.5
9623.5
15491.5
12819.0
14670.0
10383.0
1808.5
11752.5
13075.0
14968.0
13570.0
13389.0
15440.0
13793.5
11539.0
14871.0
10997.5
11404.5
12763.5
12954.0
11370.0
13858.0
10699.0
11818.0
13789.5
7417.5
15291.5
14939.5
13259.5
11818.5
10651.0
14531.5
10145.0
12745.5
12756.5
13633.0
10088.5
6761.5
14521.0
14819.5
10074.0
13198.5
11609.5
14935.0
1493.0
15535.5
14696.5
14949.5
15062.0
14504.0
12474.5
11043.0
14134.0
14262.0
8088.0
13898.0
6632.5
13858.5
8554.5
4706.5
11941.5
14319.0
14093.5
11064.0
12556.5
9899.0
6515.5
13296.0
2459.0
13607.5
10983.5
2151.5
13539.0
8480.5
12895.5
10779.5
13869.5
10399.5
15517.0
13728.5
13217.5
5604.0
13657.5
13681.5
14161.5
14895.5
9701.0
12494.5
11521.5
13544.5
12668.5
12328.0
10621.0
14821.0
10107.0
68.0
13791.0
13204.0
10334.0
13882.5
10702.0
12159.5
13056.5
13214.0
12515.5
11610.0
12665.0
2397.5
12601.5
13691.5
7897.0
14615.5
14178.0
10770.0
12954.0
12598.5
15151.5
7171.5
5382.5
12315.0
9000.0
1403.0
14431.5
14356.5
10589.0
14869.0
4773.0
14392.5
14421.0
14773.5
13137.5
13489.0
14101.0
10978.5
9721.0
13475.5
5686.0
13850.0
10697.0
6517.0
12727.0
11447.5
12611.5
10856.0
14502.5
11351.5
14592.5
10245.5
11846.5
8037.0
12418.5
13410.5
1161.5
14711.0
7675.0
7935.0
11213.5
6221.0
12049.5
12960.0
10059.5
13548.5
14398.0
12682.0
15754.0
13780.0
13927.0
8650.0
13976.5
14558.0
12650.0
8503.0
14877.0
6283.5
13517.0
11225.5
0
14279.5
8153.0
0
13169.5
12843.5
14219.0
8679.0
15027.5
9724.0
13617.0
14203.0
10975.5
14460.0
0
10067.0
12677.5
12147.5
14761.5
1331.0
0
13547.0
478.0
13982.5
15693.5
1734.0
3512.5
10633.0
13843.5
11625.5
14624.0
14483.0
2955.5
15343.5
12303.0
12264.0
12089.0
12805.0
5709.5
12930.5
7017.5
6521.5
6259.5
13798.5
12721.5
10072.0
12981.0
7916.0
12866.5
12052.5
13643.0
14177.0
10090.5
10997.5
10116.0
10649.0
14645.0
13264.5
12610.5
13086.0
1458.5
0
13776.0
126.5
13681.0
11436.5
12034.0
1087.5
10353.0
0
15789.0
8341.0
14983.5
497.0
14291.0
13896.5
5635.0
13667.5
14096.5
12437.0
14105.5
8513.5
7959.5
12506.0
13969.0
14372.0
14039.0
5369.0
14988.5
8149.5
11351.5
5839.0
68.0
13891.0
11984.0
14770.5
11074.0
11444.0
12367.5
10584.0
14330.5
14068.5
13424.5
12406.5
14058.0
14544.5
1137.5
12606.5
14448.5
15010.0
15641.5
11385.5
4572.5
14620.5
15113.0
10629.5
13710.0
0
15128.5
11526.0
12159.0
13513.5
12466.0
11071.0
13801.5
10973.5
13579.0
14443.0
3735.5
12724.0
9345.5
14478.5
9883.0
10554.0
11092.0
4385.0

9012.0
15251.5
13910.0
12568.5
14734.0
12380.0
12095.5
11090.0
4553.5
14454.0
14590.5
14774.0
12950.0
13986.0
13593.0
13934.0
14145.5
12212.5
11476.5
13294.5
14206.5
14387.0
5574.5
14308.0
7642.5
12018.0
6652.0
13758.0
10211.0
13094.0
15675.0
13972.5
13197.0
15817.0
14879.0
14869.0
13757.0
12362.0
12752.0
13938.5
5633.5
14703.0
7093.5
15727.0
10507.5
10586.5
14732.0
965.0
5962.0
14587.0
10996.0
13166.5
12824.5
14821.5
3809.5
14437.0
14710.5
8869.0
11672.0
11551.5
6051.5
13853.5
13735.0
14779.5
13288.5
2014.0
14679.0
7127.0
13404.0
13812.5
16790.0
13031.5
15238.5
13580.5
13376.5
13371.0
10964.5
0
11473.0
14976.5
13510.0
4607.5
10751.0
10572.5
13378.5
10616.5
12668.0
12040.5
4614.0
12831.0
0
10112.5
6588.0
12178.0
13353.5
0
12434.0
14209.5
6568.0
14148.0
9500.5
14223.5
10510.0
12825.5
7961.5
13706.0
11643.5
15152.0
11418.0
13039.5
10067.0
15545.5
13263.0
5856.5
10944.5
14574.0
5958.0
9529.0
3886.0
15865.5
12357.0
12281.0
13940.5
13292.0
2236.0
14942.0
11042.5
12755.0
12216.5
1507.5
12297.5
14994.0
13886.5
15686.5
4669.0
14499.0
14494.0
13718.5
14747.0
10682.5
15078.0
13973.5
14244.0
15119.0
7225.5
14333.5
15084.0
10701.5
9501.5
4621.5
15100.5
13974.0
4976.5
5426.5
14587.5
11305.0
14725.0
10979.5
14971.0
12900.0
13943.0
14352.0
10262.0
14873.5
14033.0
6398.5
14251.0
11960.0
14812.5
3801.5
10683.5
14511.5
12707.0
16031.0
14514.5
13544.0
14428.0
11433.5
15472.0
10082.5
13549.5
14251.5
0
15585.0
16301.5
6095.0
13129.0
0
10511.5
15291.0
14396.0
11208.0
14171.0
4399.5
13231.5
11478.0
9293.0
12301.5
13362.5
14070.0
12704.5
13763.0
0
14310.5
14194.5
0
10629.0
10524.5
13063.5
14412.5
11463.5
0
12898.5
13092.0
13683.5
11776.0
11007.5
9095.0
7565.0
15032.0
13518.5
14761.0
14807.0
17445.0
13293.0
15135.0
15224.5
13037.0
14567.0
15750.0
12761.0
14543.5
13915.0
13516.5
7779.5
12295.5
10714.0
13890.0
7837.5
14868.0
15098.0
12320.0
11007.0
14170.0
13405.0
6418.5
15543.0
0
13218.5
14306.0
12549.0
14495.0
11422.5
13437.5
15332.0
6746.5
11155.0
13354.0
14129.5
13759.5
13787.0
10968.5
10490.0
13165.5
16004.5
11439.5
2034.0
13811.5
13613.0
0
15866.5
13370.5
12406.0
10154.5
10057.0
10498.5
14803.0
11874.5
15313.5
6736.0
13707.5
12337.0
15461.0
15083.5
13424.5
15079.5
15499.0
14796.5
10138.5
15556.5
8375.0
12424.0
13700.0
13164.5
0
0
10947.0
15147.5
15400.5
13704.5
12782.5
6396.5
11512.5
11768.0
14838.0
14130.0
11428.0
7805.5
13736.5
14648.5
13280.5
11598.0
14706.0
15265.5
9664.0
10164.0
14419.5
11938.5
0
6566.5
13968.0
15420.0
10619.5
11416.0
10551.5
11983.5
13508.5
12121.5
13443.0
11022.0
10669.0
5431.0
10694.0
12175.0
6418.0
13918.0
14479.0
14755.5
13830.0
14967.0
9413.5
12815.5
16023.0
13575.0
3457.5
15972.0
13774.5
12437.5
1842.0
10608.5
13236.0
126.5
10114.0
14324.5
15115.5
10162.0
11349.0
13485.0
16332.5
138.0
14616.0
11872.0
13733.5
12752.5
14710.5
12572.0
14615.0
12578.0
14058.5
14503.5
13870.0
7808.5
14462.5
10515.5
13070.5
13799.0
11453.0
10499.5
2656.5
13932.5
11835.5
13813.5
3420.5
9050.0
12493.5
8739.5
13322.0
7104.0
10029.5
11868.0
13787.5
13775.0
7437.0
11413.5
13912.5
14150.5
11677.0
11843.5
10575.0
12952.5
3953.5
12788.5
10506.0
14476.0
14774.0
14760.0
14037.5
15122.0
12884.0
10532.0
14724.5
14534.5
12236.0
13788.0
14119.0
15598.5
15183.0
15607.0
4262.5
12939.5
15045.5
13962.0
10802.0
8142.5
1531.5
15923.5
13783.5
9062.5
7557.5
12131.0
12909.0
14477.0
13799.0
15172.5
14716.5
13803.5
3494.5
16009.5
13728.5
12328.5
10060.0
14043.0
14007.5
11632.0
9014.5
14886.0
12778.5
289.0
10702.0
12844.5
11272.0
13380.5
10540.0
11641.0
12962.5
16881.0
14323.5
13851.0
11180.0
12829.0
10080.5
13792.0
13828.5
10134.5
13235.0
14791.0
14643.0
14544.0
12480.0
13663.0
10724.5
14596.0
14247.5
1848.0
13636.0
12783.0
11515.5
13360.0
13894.5
15606.0
14506.0
9744.5
12117.5
13158.0
0
15108.0
3579.0
14471.0
0
11608.5
8205.5
11664.5
12579.5
13845.0
478.0
11053.5
12338.5
12889.0
736.0
15260.5
15147.0
15925.5
14364.0
13687.5
12805.0
11491.5
5941.0
14784.5
15369.0
13710.5
0
13829.5
14233.0
10755.5
13936.0
13593.0
13734.0
4622.5
11630.5
8075.5
11857.5
4828.0
3405.0
13989.0
13557.5
11972.5
6425.5
14412.5
15873.0
12955.0
11135.5
6632.0
6621.0
13934.0
12085.0
15733.5
14480.0
14903.5
0
10407.0
4313.0
10590.0
10702.0
13691.5
13534.0
5176.5
12839.0
10707.0
10588.0
7149.5
13983.5
15126.5
4623.0
419.5
15120.0
13986.0
13746.5
13299.5
8789.5
13906.0
8355.5
0
10510.5
8410.5
3581.0
717.0
11865.5
7444.5
5749.0
14036.0
14709.5
10549.0
2761.0
13279.0
13255.0
12055.0
11056.0
13006.0
14198.5
811.0
14571.5
14097.5
14458.5
14434.0
13462.0
8443.0
0
14658.0
14262.5
3514.0
12391.5
13752.0
10564.0
12911.0
7122.5
14815.0
14251.0
10533.0
13000.0
16728.0
12386.0
11229.0
12928.0
14322.0
14148.0
6817.0
13119.0
0
14110.0
14532.0
9860.0
14846.5
10707.0
15982.5
13291.5
13085.0
12889.5
12784.0
5263.5
13312.0
11389.0
10227.5
15529.5
14639.5
14197.0
10851.5
3462.0
11739.0
10620.0
13813.5
12597.0
13391.5
13638.5
11646.5
13036.5
11424.5
6830.0
14711.5
13338.0
16842.0
14493.0
12821.0
6136.5
11676.0
16332.5
8279.0
12308.0
13183.0
12033.0
10944.0
13288.5
15515.0
15131.0
770.0
10177.0
15257.0
10795.0
14475.0
11089.0
14329.0
5919.0
7359.0
15867.0
14634.5
13599.5
8515.5
14570.0
14218.0
13899.0
11053.5
13797.5
8641.5
12680.5
126.5
12233.0
13858.5
12945.0
10074.5
13744.5
14841.0
9681.5
13666.0
13960.5
14101.0
14241.5
15178.5
6951.5
13076.5
13316.5
11880.0
14197.0
6684.5
2367.5
7850.5
10307.0
14108.5
14944.5
13458.5
13378.5
15783.0
15233.0
15449.5
13863.5
13785.5
14269.5
14866.0
17387.5
13948.0
771.0
13956.0
13233.0
12980.0
348.5
12918.5
0
11016.0
11024.0
9483.5
10132.5
12717.5
9278.5
14444.5
6941.5
13357.5
11073.0
14620.5
8889.0
10884.5
12711.0
13764.5
12392.5
14348.0
13503.5
9970.5
14702.0
13739.5
13879.5
9331.5
11398.0
14607.5
11370.5
10961.0
13923.0
12861.5
12899.5
13969.0
13499.0
7626.5
14167.5
14995.5
11089.0
10150.0
7786.0
11014.0
14406.0
14069.5
10653.5
7443.5
14512.0
14493.0
4017.0
14444.0
11510.0
13339.5
12087.5
9593.5
1722.0
14218.0
14114.0
15012.0
10984.5
11535.0
14500.0
0
10230.5
14668.5
5276.0
12638.0
12061.5
13649.5
12905.0
115.5
14660.0
14707.0
11553.0
11338.5
12387.5
14814.0
14369.0
14670.0
15159.0
7996.5
11098.5
10971.5
11099.0
5535.5
4348.5
11153.0
11028.5
13048.0
11905.0
15283.0
8624.5
15145.5
1137.0
14048.5
14432.5
12333.0
11762.0
14229.5
13771.0
10947.0
365.5
0
12846.5
13710.0
13180.0
10232.5
0
12832.5
4527.5
12037.0
8680.5
12757.0
12435.0
11897.5
11578.0
14195.5
13784.0
14579.5
11904.5
12600.0
13248.5
14692.5
11532.5
14786.0
12460.0
14260.5
11164.0
13882.0
7046.5
14637.5
6178.5
14496.5
14960.5
14549.5
10320.5
13671.5
8091.0
13432.0
13415.0
8706.5
12683.5
14221.0
14834.5
13755.0
13398.0
15204.0
8870.0
13807.5
12250.5
15697.0
11949.0
12472.0
13108.0
14109.0
14041.0
13958.5
14386.5
13251.0
10606.0
14796.5
15138.5
16827.0
12986.0
12897.5
0
12800.0
13416.5
10927.0
6179.5
12488.0
15758.0
10647.5
10291.5
13775.5
14553.0
4547.5
15404.0
10868.5
14664.5
14483.5
14531.0
14101.0
9956.5
10871.5
14275.0
15206.0
3919.0
12968.5
14157.0
8312.5
11303.5
11447.0
6754.5
15824.0
14371.5
13683.0
14399.5
0
10133.0
4297.5
13538.0
14927.5
11238.0
14395.0
5776.0
11875.5
12130.0
8639.5
13194.0
14715.5
12048.5
13239.5
10272.0
10590.0
14163.5
12108.0
12977.0
11466.5
14068.5
15208.5
12609.5
14633.0
11642.5
12998.5
12639.0
15672.5
12568.0
15964.0
10168.5
11791.0
14286.0
16342.5
13754.5
13824.0
10574.0
13387.5
2684.0
2514.5
13949.5
14606.0
14279.0
10184.5
11457.5
10272.0
11575.0
13900.5
6732.5
13669.5
15611.0
8773.0
12030.0
14068.5
14617.5
8020.0
10988.5
14627.0
14702.0
14294.0
11218.0
6879.5
13628.5
3596.0
12099.5
14234.0
14017.5
14850.0
11165.0
8875.5
10249.5
365.5
9148.5
10454.0
13782.5
4947.5
7974.0
13539.0
10212.5
11017.5
13952.0
12301.0
16068.0
11408.0
13036.0
6544.0
15468.5
10104.0
13611.5
7250.5
13407.5
14116.5
15135.0
10595.5
822.5
14627.5
14367.5
3162.0
14476.0
15084.0
13929.5
10143.5
14317.0
0
13754.0
15108.5
10328.5
15027.0
10610.0
13013.0
6438.0
15035.5
9885.5
13983.0
11612.5
13285.0
13773.5
14447.5
138.0
11384.0
14464.0
12045.5
15007.0
13651.5
11418.5
13986.0
14202.0
13990.5
13869.0
13654.0
14119.5
14338.0
13579.0
10721.0
0
16219.5
14659.0
10530.0
8317.0
14814.0
12836.0
1845.5
13667.5
6529.0
11913.5
13368.0
11884.0
13863.0
12696.0
6722.5
12711.0
12445.5
10433.0
13961.0
4828.5
1032.0
3938.5
14257.5
5381.5
13735.0
15011.5
126.5
0
9219.0
8178.5
3530.5
11029.0
13723.0
3124.5
10757.0
14228.0
14712.0
13675.0
15643.5
12967.5
12203.0
13073.5
9694.5
11843.0
14831.0
11075.0
14906.5
15198.0
14820.5
11964.5
13078.5
14635.0
4981.5
12340.0
11946.5
10942.0
9534.0
13819.5
0
14192.0
8430.0
15164.0
15419.5
11478.0
13184.5
12267.0
16086.5
9956.5
15012.0
13995.0
11408.0
13087.5
6615.0
14301.0
13423.0
11794.0
8979.5
13920.5
13868.0
2619.0
12766.0
10571.0
14190.5
14916.5
12273.5
14645.5
14250.5
14074.5
13966.0
14056.0
10440.5
11588.5
13205.0
12870.0
11545.5
15986.0
14313.5
4585.0
11921.5
10109.0
15371.5
14267.0
702.5
13177.5
13619.5
11511.0
7349.0
7673.5
10097.0
11516.5
14852.5
11134.0
5028.5
13614.5
12854.5
15035.0
7630.0
11460.0
11488.0
10145.5
13511.5
10536.0
15136.0
13278.0
14771.5
11884.5
14206.0
12768.5
13313.5
12294.5
12260.0
1014.5
12631.0
13608.5
9536.5
12475.5
12496.5
12890.5
11019.5
13651.0
12383.0
12874.5
14219.5
11590.5
13581.0
12600.5
11241.0
10420.5
10940.0
12857.5
12956.5
478.0
15289.0
15231.5
14991.0
2115.0
13298.5
12456.5
15772.5
14100.5
11815.5
4917.0
10546.5
10573.5
13682.0
12396.0
13518.0
3428.0
15480.0
9525.5
11260.5
10065.5
13291.0
13342.0
11121.0
8616.5
14236.0
13119.0
15408.5
14829.5
12323.0
15677.5
3864.5
2666.5
13010.0
15068.5
6646.5
13265.0
14253.5
14778.5
14951.0
15514.0
11029.0
4601.0
11101.5
5496.5
10454.5
13822.5
14429.0
11697.0
6626.5
3085.5
8731.0
12322.0
11489.0
2740.0
15242.0
6956.5
13939.0
15266.0
14069.5
14907.5
10841.5
12809.5
10180.5
4312.0
10529.5
15293.0
2330.0
14596.5
12270.5
12159.5
12565.0
10260.5
0
13477.0
15109.5
13875.5
14076.0
8664.0
12639.5
11630.0
9664.0
14949.0
10175.5
11468.5
14505.5
13929.0
13738.5
14192.5
12220.5
3287.5
14044.0
10140.5
14348.5
12835.5
0
13351.5
10694.0
14676.5
15226.5
11923.5
12068.0
4384.5
13813.5
15694.0
14288.5
15792.0
10567.0
13632.0
13340.5
9385.5
6142.5
10392.0
10970.0
13707.0
10880.5
13637.0
11011.5
14115.0
13824.0
11237.0
16190.0
16044.5
10089.0
12314.5
14698.0
15126.5
14154.5
13179.5
13112.0
11671.0
8240.0
13762.5
13885.5
2269.5
8778.5
8241.5
7404.0
14032.0
15503.5
10163.5
14175.5
11951.5
14260.0
12452.5
12457.0
13080.5
8079.5
14083.0
13852.5
14096.5
11882.0
12868.5
5665.5
13799.0
14657.0
14818.5
14164.0
12959.5
11120.0
12606.0
5931.0
11488.0
12089.0
14061.5
13691.0
12369.5
11002.0
12196.5
12524.5
12918.5
15034.0
11892.0
13798.0
126.5
9961.5
12822.0
15500.0
10496.0
14238.0
13743.0
6649.5
11578.0
14109.5
14149.5
4808.5
14438.0
10369.0
8219.5
10519.5
9207.0
6981.5
12746.5
15498.5
13488.5
11144.0
9446.5
4436.0
12790.5
15074.5
11865.5
15056.5
14433.0
11075.0
10624.5
10846.0
9284.5
12810.0
10054.0
12436.0
13667.0
15270.5
12622.5
12358.0
13345.5
10511.0
14426.0
6723.0
11427.0
15199.5
10808.0
12022.0
10849.5
3793.0
14561.5
0
12188.0
11379.5
14974.5
15087.0
14099.0
14266.5
15010.5
11608.0
14095.0
10507.0
13985.5
11408.0
15000.0
14238.5
10081.0
16180.0
14567.5
11180.5
11569.0
10633.5
12630.0
10722.5
14669.0
14468.5
13364.0
12944.5
11846.5
14215.5
5652.5
8812.5
16671.5
15111.0
10799.0
15320.5
14667.0
10388.0
13359.0
14469.0
13958.0
13654.5
6106.5
12439.5
5161.0
14654.0
13952.5
5889.0
14806.5
10652.5
13374.5
12940.5
12624.5
11768.0
5181.0
11119.5
13738.5
10224.0
12461.0
12046.5
11125.5
13592.5
9594.5
12839.0
13611.0
13542.5
10158.5
10554.5
6269.5
12789.0
13813.5
12827.0
14224.0
12455.5
9201.0
14172.0
11053.5
7073.0
12424.0
10575.5
15088.5
12022.0
12886.0
9621.0
10164.0
10171.5
7645.5
13113.0
10573.5
13770.5
11454.5
14585.0
5779.5
3125.0
13063.5
12340.5
10053.5
12885.0
14598.0
14093.5
13102.0
11068.0
13079.5
15119.5
8311.0
11689.5
14375.5
16900.0
10481.0
15478.5
13726.5
13231.5
12353.0
13988.5
12663.0
11209.0
11451.5
15966.0
12963.0
14540.5
7661.0
14710.5
14279.5
12402.5
15188.5
15697.0
10797.0
10484.0
11390.0
12260.0
9146.0
8653.5
13740.5
14453.0
10511.5
13080.5
14512.0
14207.0
10568.0
11736.0
14192.0
12821.5
15626.0
13274.5
14975.5
10697.5
12661.0
7287.5
4963.0
11845.5
9109.0
10111.5
12805.0
14974.5
7909.5
12144.5
11832.0
13277.5
3757.5
10523.5
10065.5
15200.0
15040.0
11300.5
10180.0
10420.5
13276.0
6983.0
11562.0
15187.5
12460.0
13205.0
13552.0
12764.5
10214.0
13316.5
11607.0
2822.5
12237.0
5903.5
10290.5
15155.0
14311.5
13015.0
14720.0
12340.5
401.0
13943.5
14534.5
3638.5
5606.5
10067.0
11439.0
13169.0
15824.5
14420.5
15988.0
9020.5
14799.5
13346.0
13963.0
14250.5
13202.0
15502.0
11612.5
12530.5
6850.5
11249.0
2370.5
13487.0
11058.5
1258.5
14930.0
14737.5
12411.0
12443.5
10154.0
13638.5
10406.0
13335.5
13614.5
10644.0
10724.5
5087.0
14204.5
13922.5
11432.0
3141.5
13821.5
12227.5
15746.0
15252.0
14704.0
10521.0
9777.5
12357.0
14839.5
12870.0
13929.0
10953.5
11109.5
15292.0
13466.5
4923.0
14744.0
11617.5
12936.0
13584.0
12965.0
14665.5
9007.5
7355.5
5181.0
13535.0
13758.5
13749.5
10169.5
12579.0
14856.5
13735.5
2940.0
13844.0
14144.5
15132.5
13401.0
12807.5
13372.0
10868.0
13620.5
12294.0
1194.0
12915.5
10657.5
10692.0
10111.0
12159.0
13006.0
13594.0
13730.5
11572.0
12960.0
13866.0
14575.0
13872.5
13442.0
11940.0
11449.5
10123.5
13279.5
5987.0
11627.5
6941.0
14315.5
13868.0
10507.0
5716.5
13060.5
10588.0
13802.5
0
12723.5
8141.5
13085.5
6412.5
14408.5
489.5
12147.5
12836.5
5804.0
11847.0
14888.0
11784.5
3515.5
11727.5
10294.0
12440.0
12589.5
12288.5
10709.0
1906.5
10724.0
10532.5
12553.0
5502.0
2255.0
13866.5
1719.5
13586.0
13498.0
14985.5
9143.0
14511.5
13950.5
9019.5
8642.0
5788.5
13314.0
11409.5
12275.5
12898.5
13418.0
10162.0
6244.0
14150.5
14836.5
11291.5
12737.5
5443.5
13039.5
12472.0
13227.0
9241.5
418.5
14348.5
13649.5
11824.0
1143.5
13386.0
15591.0
12025.5
13235.5
12441.0
12380.0
13305.0
11289.0
15326.0
9107.0
12157.0
14097.5
6299.0
10076.5
11102.5
12773.5
14836.0
13128.5
8725.5
14728.5
13433.0
11556.5
14243.0
10906.5
6519.5
12255.0
11534.5
6974.5
13713.5
10875.5
12318.0
11092.0
13894.0
8002.5
15016.0
13840.5
11681.5
13213.0
14406.0
12612.5
12347.0
13531.0
11106.0
15364.5
10623.5
12999.0
5423.5
16263.0
13569.5
14016.5
12295.0
13662.0
6916.0
11005.0
11605.0
11285.0
11709.0
11985.0
12711.0
14411.0
7861.5
14436.0
14555.0
11896.5
7624.0
5975.0
13029.5
12547.5
13809.5
11977.5
13344.5
14186.5
4970.5
10972.0
12877.5
13887.5
13776.5
14196.5
14207.0
13736.0
15415.0
13818.0
14276.0
7404.5
11559.5
10528.0
14410.0
14141.0
10098.5
8777.0
11379.0
13736.5
12814.0
12879.0
714.5
10303.5
10516.0
10763.0
14876.5
13088.0
3573.0
5030.0
829.5
10530.5
12722.5
11990.0
14352.0
12016.0
11991.0
12119.0
13061.5
6044.5

13032.5
3544.0
11110.0
14192.0
663.0
14140.0
10779.5
12389.5
14727.0
12964.5
10597.0
14241.5
13132.5
13722.0
10682.0
12702.0
13049.0
12299.5
14638.0
14219.5
12515.0
12623.0
4907.0
11501.5
13556.5
12437.0
13590.5
13056.0
11445.5
11610.0
13888.5
14327.0
10060.0
1493.5
14524.0
10123.0
13643.0
13812.0
14147.0
11087.0
11112.0
12112.5
14765.5
12836.0
13600.5
13870.0
14439.0
11030.0
10760.0
11384.0
9619.5
8768.0
14959.0
14293.5
14112.5
13457.0
10541.0
14058.0
11565.5
13661.5
10520.5
10565.0
14750.5
11552.0
10119.0
2588.0
11487.0
14348.0
13018.0
4748.5
11086.5
10911.0
15702.5
7843.0
10105.5
12943.5
13339.5
11617.5
13384.5
7946.5
13989.5
13955.0
10757.5
12150.5
14147.0
13171.5
4960.0
6941.0
13072.5
13197.5
15231.0
13033.5
14260.0
14149.5
14470.5
12064.0
14591.0
13251.5
14236.5
14950.5
10680.5
13440.5
15552.0
8554.0
6892.0
7269.5

5967.0
14635.5
15042.0
14512.5
12860.5
1165.0
12519.5
12597.0
7531.0
14102.5
9105.0
13406.5
13835.5
1123.0
13354.5
6960.0
12047.0
11611.5
10434.0
10802.5
14832.5
13717.0
11531.5
12546.5
9514.5
5939.0
10417.5
5440.0
14261.0
11756.0
13277.5
13819.5
13230.0
13314.0
10942.0
10255.5
12592.0
0
14319.0
1086.5
12635.0
7029.5
14866.5
302.0
15400.5
15307.0
13020.5
12266.0
12138.5
13618.5
14763.5
12037.0
13400.5
10130.0
16022.0
7557.5
14120.0
15152.5
11515.5
7475.0
14539.0
13891.0
12114.5
647.0
13200.0
14562.0
15134.0
13859.5
12861.0
11089.5
11525.5
14632.0
10841.0
13016.0
13349.0
11871.5
11442.5
15044.5
16095.0
14748.5
14594.0
14658.0
14968.0
11936.0
16302.5
0
10229.0
11877.0
12793.0
10870.0
13963.0
11495.0
13266.5
10667.5
14026.0
14451.0
13002.5
14209.5
5153.0
12994.0
11961.0
13007.5
14322.5
14344.5
14557.0
13716.5
11370.5
11849.0
13635.0
2092.0
15276.0
7614.0
5207.5
14877.0
11018.5
11064.5
15385.0
14115.0
14581.0
12460.5
13742.5
13367.5
8242.0
12377.0
12631.0
9167.0
5205.5
15516.0
10575.5
14432.0
0
13724.5
10080.0
3218.5
15767.5
14777.5
0
14026.5
14433.5
0
1348.5
14421.0
15805.0
2565.0
1601.5
14165.0
5526.0
13825.0
15852.0
14388.5
12118.5
13757.0
13395.0
12054.0
10893.0
6456.5
10498.0
11311.0
6385.0
8954.5
15205.0
11243.0
8273.5
11421.5
13792.0
15811.0
13208.5
15419.0
68.0
12666.5
12346.5
13818.0
14732.5
14776.0
11082.5
10498.0
0
13859.0
12128.5
13228.0
14436.0
16752.5
14802.0
13813.5
13815.0
13223.5
12235.0
13508.0
9221.0
14682.5
14486.5
15035.0
13280.0
14136.0
3511.0
11364.0
9276.0
13020.0
12498.5
15389.0
7167.0
13587.5
14312.0
14337.5
2356.5
15095.0
9930.5
8460.5
12451.5
2994.0
11374.0
7141.5
16712.5
3220.0
14397.0
15601.0
15462.0
4499.0
14277.0
12929.5
10486.5
11523.5
12927.5
10633.5
12690.5
11474.5
11123.0
15427.0
10665.0
11279.0
16512.5
15222.0
14377.5
10389.5
0
14175.0
13005.5
14415.0
14653.0
10207.0
6279.0
13951.0
10483.0
12790.0
12163.5
14647.0
8451.0
10181.0
13135.0
13758.5
14134.5
13734.0
13885.0
11972.0
12175.5
12404.0
2162.0
14771.0
14304.5
15567.0
12967.0
13338.5
8609.5
12446.5
14520.0
14754.0
14669.5
0
10926.5
12605.0
10727.0
14701.5
13659.5
15675.0
12302.5
12365.0
10330.5
12530.0
11077.0
13327.5
13982.0
10745.5
13409.5
13374.0
14165.0
13299.5
10157.0
10496.5
13712.0
13756.0
6746.0
14864.5
10364.0
12301.5
13193.5
14383.0
14933.0
13282.0
14886.5
14358.5
13853.0
126.5
10073.0
13276.0
14609.0
14940.0
12795.5
12503.5
13960.0
14613.0
7977.0
12008.0
14378.5
13312.0
10215.0
10183.0
13818.0
12345.5
15416.5
13823.5
13816.0
14502.5
12443.5
8298.0
13933.5
13804.0
14741.0
12521.0
14648.5
12624.5
14904.0
11969.5
13450.0
14117.5
13359.0
14673.5
14231.5
10549.5
12639.5
11147.0
14030.5
11506.5
4107.0
13816.5
10717.5
8407.5
13036.0
7360.5
14179.5
13891.0
14348.0
2003.5
12923.0
13887.0
15815.0
14717.0
11214.0
8415.5
14140.0
13849.0
11754.5
15254.5
14434.5
6406.0
12622.0
14810.5
11010.0
14223.0
12559.0
11479.0
13725.5
419.5
8945.0
13276.5
13787.5
11384.0
13271.0
14913.0
14249.0
10330.0
10045.0
15223.0
11918.0
15258.5
14084.5
12897.5
13137.5
13503.0
11028.0
2410.0
14237.0
13934.0
16823.5
6793.0
14679.0
13260.5
12618.0
9646.0
16464.0
12616.0
13518.5
15832.0
5614.5
10960.0
2962.5
10234.5
14641.0
12808.0
14276.0
11231.0
680.5
14093.0
12924.5
12962.5
13332.5
9234.0
13609.0
13854.5
14676.5
14314.5
11131.0
14812.0
14569.0
13284.5
13172.5
0
10646.0
14239.0
10512.0
11631.5
13982.0
13966.0
15241.5
13866.0
1078.0
11740.0
14131.5
2021.0
5433.0
9713.0
13894.0
6263.0
13701.0
12840.5
8241.0
14564.5
12105.0
13548.5
13847.5
11033.0
15638.5
13825.5
14677.5
12176.5
13867.0
10809.0
10928.5
13249.0
9803.5
14148.0
15105.0
12396.5
1849.0
481.0
11663.5
14357.0
10192.5
14062.0
14724.0
13741.5
10959.5
0
14563.5
13293.0
13618.5
1122.5
14600.5
12817.5
11312.5
14013.0
14586.5
13914.0
13171.5
12091.0
15566.0
14412.5
13480.0
13816.5
8020.0
0
10061.5
10942.5
14641.5
13463.0
17145.0
14383.0
11628.0
10906.0
11506.5
13182.0
15929.5
14201.5
14950.5
15809.0
10949.0
14460.0
12959.5
11463.0
4682.5
11850.5
14248.0
13906.5
14575.5
13432.5
14786.0
0
8415.5
14036.0
6682.5
11808.5
7792.0
16073.5
13661.5
7336.0
13417.5
14017.5
14769.5
13231.0
13457.0
13134.0
13874.5
12733.5
14769.5
10718.5
12903.5
11632.5
15103.0
126.5
13967.0
14805.5
14167.0
13315.5
13166.0
13873.5
10419.0
13661.5
12806.5
11106.5
10959.0
8024.0
14685.5
11181.5
13716.5
15027.0
6551.0
18367.5
14478.5
14314.0
12406.5
14203.5
9734.5
12000.0
5014.0
14994.5
10930.5
8141.0
12847.5
13765.0
7438.0
14389.5
13938.5
12434.0
14882.0
5328.0
12944.0
13063.0
13612.0
9385.0
14195.0
13284.5
15161.0
10569.0
13854.5
13162.5
5766.5
14245.5
8906.5
10132.0
10556.0
12406.0
9402.0
12467.5
15327.5
15030.0
14258.0
9641.5
14478.0
10962.0
12474.0
2753.0
13734.5
14507.5
17159.5
419.5
5898.0
14726.0
14952.0
13907.5
15639.0
14749.0
11900.0
1758.0
14060.5
12191.0
14298.0
7937.0
10126.5
13443.5
13797.5
14168.0
10763.0
6063.0
13987.0
13145.0
14791.5
14224.5
14113.5
12268.0
13611.0
13161.5
11166.0
419.5
15531.0
15230.0
0
14057.5
0
10989.5
13371.5
13364.5
5895.0
11952.5
14424.5
13982.5
13883.0
10661.5
12930.0
14975.0
11055.0
5642.0
10885.5
13094.5
4164.5
11952.0
11214.5
12526.0
13236.5
14731.0
11586.0
14376.0
13167.0
12900.5
14826.5
12797.0
13758.5
14119.5
12710.5
0
7091.5
15493.5
0
15092.5
14816.5
14338.0
15619.0
7495.5
13316.0
12127.5
14425.0
16038.5
14355.5
13928.5
10298.0
15242.0
15689.5
15465.5
14311.5
14781.5
13609.5
12659.5
13534.5
10152.5
14484.0
11601.0
9744.0
11644.5
10108.0
11426.0
11622.5
11690.5
12434.5
11170.0
7651.5
13272.0
14228.5
10665.5
6453.0
8148.0
13373.0
14159.5
14628.5
5694.5
14106.0
0
11186.5
14292.0
13756.0
13219.5
11969.0
14606.5
5898.5
5420.5
13930.5
11771.0
11060.5
68.0
15097.5
14163.5
14215.0
5749.5
13050.5
15302.0
12722.5
7820.5
14465.5
6687.0
13213.0
13753.0
1198.0
14740.5
6204.0
14251.5
14316.5
12540.5
11584.0
11408.0
13782.0
10159.0
13599.5
14811.0
14537.5
14727.5
1902.0
13425.0
14779.5
12545.5
1507.0
15055.5
12914.0
13762.5
13602.5
14886.0
5676.5
13731.5
7315.0
11879.5
13969.5
11445.0
15296.0
9085.0
13742.5
7416.5
0
13815.5
13041.0
12624.0
10459.0
12843.5
15623.0
10492.5
14031.5
14303.5
11501.0
15449.0
12707.0
13199.5
13620.5
10872.5
8705.0
12863.0
13315.5
13131.5
13278.5
13404.0
0
14170.0
13884.0
13214.5
15013.0
11678.0
489.5
0
13522.5
14250.5
11434.0
13722.0
11924.5
6707.5
10633.0
15424.0
12535.5
11573.5
13253.0
11515.0
15176.0
15186.0
10619.5
14946.5
5393.5
11495.5
13967.0
13197.5
14763.0
10126.0
14500.5
11502.0
5666.5
11126.5
14706.0
12842.5
13367.0
13888.5
11906.0
12773.5
14061.5
12544.0
15571.0
13652.0
3257.0
13600.0
15417.5
704.5
15301.0
15402.5
13426.0
14584.5
10739.0
16216.0
11639.0
13831.5
12781.0
10497.0
13060.5
13015.5
794.5
13952.5
14440.5
15560.0
14575.5
13568.0
14191.0
13187.5
12226.5
13853.0
401.0
12568.0
12780.0
14833.5
15158.5
12328.0
15459.5
13574.5
14963.5
9038.5
13411.0
13948.0
14937.5
10174.0
12924.0
0
11457.0
11848.5
14147.5
14336.0
5515.5
13404.5
14167.5
12754.0
4027.5
15143.5
15404.5
12888.5
6224.5
10570.5
15844.5
13628.0
3976.0
2979.5
10554.0
15730.0
16043.0
13639.5
13083.5
12906.0
14161.5
14774.0
10496.0
13507.0
14106.5
12752.5
11194.5
14096.5
15488.0
13326.0
16327.5
13414.0
0
13071.0
14201.0
13633.0
5591.0
10138.5
14587.5
10561.5
8660.5
10629.0
14257.0
13617.5
10503.5
12724.0
13906.5
12850.5
4718.0
13819.0
11784.5
13804.0
13955.0
15775.5
0
15448.5
12111.5
14395.0
14422.5
13092.5
12468.5
13906.0
12586.0
15044.0
7092.5
11505.0
10916.0
10238.0
13869.0
15831.5
14628.0
12437.5
11941.5
13696.0
13455.5
11973.5
11774.0
13965.0
15665.5
14317.0
13170.0
10207.5
13890.0
13855.0
14931.0
12924.5
14017.5
11353.5
12329.5
12349.0
12707.5
10613.5
10668.0
13638.5
7293.0
13302.5
13906.0
13853.5
14354.5
0
15842.5
5207.0
10076.5
4008.5
11622.0
5595.0
10986.0
14767.5
3887.0
13964.5
11255.0
14207.0
13862.0
10524.5
14810.0
13318.0
14857.0
10331.0
6145.5
10557.5
4201.5
13427.5
14113.5
12671.0
17252.5
13040.0
10092.5
14575.0
14604.0
14059.0
11567.5
14095.0
11607.5
14020.5
13986.0
14940.5
15147.5
11820.5
10730.0
14081.0
14333.0
14797.5
10231.0
12557.5
12960.5
14579.0
11960.0
15413.5
15215.0
14206.0
14309.0
13814.0
13145.5
14221.5
11773.0
14858.5
4161.5
13608.5
10088.0
12853.0
13419.5
14435.0
752.5
13420.5
13898.5
14797.0
5642.5
10004.0
15510.5
11525.0
14631.0
13510.0
12068.5
15169.5
13493.0
7903.0
12361.0
13924.5
4383.5
13496.5
12923.0
5406.0
13822.0
13814.0
2324.5
13804.0
0
13309.0
13196.5
10335.0
15315.5
15135.5
11475.5
13091.5
12378.0
13962.0
9406.5
13664.5
1499.5
9644.5
14351.5
13946.5
11165.5
11490.0
13662.5
10141.0
12699.0
13779.0
12232.0
15449.0
5762.5
13378.5
13187.5
10657.5
14366.0
14585.5
15037.0
10264.5
10648.5
14768.0
4509.0
5124.0
12496.0
12964.0
12646.0
14488.0
12404.0
12455.5
14133.5
15279.0
1716.5
14659.0
12291.0
13331.0
13120.0
6352.5
13127.0
1863.5
16358.0
12867.5
15754.5
12132.0
4983.0
10566.0
13209.0
12138.5
10357.0
10574.0
11394.5
5388.5
13955.0
15552.0
15618.5
1033.5
11627.5
14572.0
13699.5
14392.0
7522.5
12614.5
13085.5
14239.5
14892.5
11876.0
15167.0
12875.5
10740.5
12925.0
16151.0
13834.5
12324.0
808.5
13275.0
13782.5
10734.0
12295.0
14981.0
8810.0
12453.0
0
14645.5
10869.0
13823.0
13674.5
10210.5
14164.5
1827.5
14251.5
14955.5
13130.5
11554.5
13825.5
12391.5
12503.0
10104.5
13055.0
11052.0
10967.0
12317.0
14774.5
5256.0
16452.5
14080.0
13728.0
10889.5
478.0
14946.5
15022.0
12606.5
14673.0
14955.5
1105.0
3480.0
14926.5
10140.5
15043.5
12751.5
13200.5
13094.5
14134.0
11676.5
11404.5
14294.5
15341.5
12865.0
14315.0
14598.5
16060.5
11478.5
11437.5
12976.5
0
14616.5
12204.0
10664.5
14146.0
12468.5
14590.0
4660.0
14959.0
15765.5
12456.5
4734.5
10124.5
12488.5
11774.5
4291.0
13236.5
12612.5
14325.0
11033.5
15450.5
14703.0
10097.5
5499.0
13770.5
14247.5
14123.5
12117.0
15931.5
14414.5
16352.0
3978.0
13994.0
14235.5
11511.5
1646.0
9328.5
12969.0
11250.5
14233.0
6500.5
14187.5
13817.5
11017.5
11090.5
8636.0
1773.0
14682.5
14684.0
15998.5
12731.5
11165.0
13051.5
10672.5
12920.5
10030.5
11581.0
13861.0
15049.0
12164.0
13730.5
13790.0
11464.0
11151.0
14629.5
12214.5
13266.0
11330.0
10496.0
13310.0
11464.5
14749.0
11076.0
14832.0
13839.0
14039.0
12392.5
13448.0
13732.5
12754.0
15625.0
13060.5
11335.0
12040.0
14130.5
13685.0
12199.0
12007.5
12848.0
5294.0
12835.5
14869.5
13905.5
126.5
11443.5
10514.0
11735.5
9799.0
13986.5
13731.0
12429.5
14856.5
14586.5
14246.5
14656.5
14516.5
14532.0
13905.5
2881.0
13996.5
7848.5
14023.0
13717.0
12390.5
14077.5
15672.0
12338.5
14624.0
14671.0
13218.5
13962.5
14671.5
11012.0
14100.5
14174.0
0
15221.5
12163.5
14412.0
2857.0
13944.5
14277.0
15856.5
11123.0
10786.0
4477.0
11903.5
13063.5
13660.0
14121.5
11195.0
14342.0
14895.0
13811.0
12395.0
13584.5
12609.5
13720.5
11447.0
15557.0
11899.0
10981.5
14115.0
68.0
10170.5
14157.5
12274.0
9093.5
15677.5
13150.5
14172.5
14690.5
0
13075.5
15119.5
14041.0
13216.5
11451.0
12324.0
13097.5
0
13939.0
13213.5
14210.0
14909.0
13076.5
11442.0
12458.0
13828.0
13873.0
7881.5
12360.5
12860.0
4678.5
15904.0
14862.5
11403.5
11609.5
15778.0
14864.0
14638.5
13281.5
13350.5
13541.5
9718.0
14133.0
13159.0
126.5
10612.5
5275.5
10961.5
17285.0
1491.0
0
1758.5
13562.0
14796.0
14999.5
15049.5
14708.0
13068.0
12628.5
14158.5
14692.0
68.0
10137.5
11884.0
14590.0
14319.5
14110.0
14397.0
14054.0
11964.0
14300.0
13598.5
13803.5
13260.5
14616.5
11858.0
14858.0
10143.5
11443.5
12547.0
13982.5
12760.0
14405.0
12736.0
10961.5
4759.0
12346.5
14426.5
11260.0
12552.5
13360.5
13472.5
12127.5
0
12715.0
11141.5
2295.5
11948.0
13594.5
2836.0
13825.0
12033.0
13494.0
14026.5
14742.0
10998.5
14946.0
13909.5
14437.0
10062.0
12276.5
11481.5
14679.5
14196.5
10999.0
11979.5
11434.5
16828.0
9793.0
10528.0
11644.5
16166.5
12085.0
13916.0
12493.5
15726.0
12776.0
2159.0
12840.5
13279.5
12034.5
13899.5
13828.5
12702.5
11696.0
13300.0
13566.5
14015.5
15436.5
9030.5
9780.0
13295.5
11894.5
14716.5
13747.5
11566.0
10163.0
15430.0
14631.0
14622.0
14272.0
13028.5
10563.0
12785.0
13990.5
14475.5
14609.5
13806.5
0
10571.5
2683.0
13354.5
13393.5
9855.0
14652.5
14185.5
1655.5
6778.5
10943.0
13310.0
115.5
10575.0
16321.0
8103.0
12860.5
15114.5
14159.5
4533.5
15203.5
11458.5
10071.0
10589.5
15478.5
11012.5
15170.5
14939.5
11391.5
14164.0
13942.0
13600.0
1825.5
14355.0
15878.0
13559.5
0
10577.5
6980.5
0
14918.0
14123.5
0
14017.5
14943.0
12921.0
11883.0
14658.5
14713.5
14871.0
14359.5
13179.0
13217.5
13921.5
10073.0
13359.0
10470.5
12895.5
10620.5
15153.0
13004.5
830.0
7105.0
15030.0
3273.0
14248.0
11892.5
14194.5
7782.0
7934.5
13652.5
11906.0
13122.5
12243.0
10544.5
11390.0
9218.0
9076.0
15534.0
15032.0
11069.0
8500.0
10170.5
13258.5
12515.5
8324.0
14980.0
8444.5
13534.0
3220.5
13770.5
14732.5
15433.5
5905.5
12221.0
12605.0
15904.5
13862.5
13663.0
11620.5
5091.0
12502.0
14646.5
15126.5
9111.5
11551.0
12930.5
14083.5
14862.5
1108.5
14164.0
12548.0
1563.5
5707.5
14783.5
12907.5
12891.0
14231.0
14485.5
12055.0
14875.0
14655.5
16033.5
10573.5
15563.5
2211.5
7886.5
11045.5
5581.5
10993.0
12773.0
13353.5
14160.5
14128.0
7646.0
15392.5
14720.0
13042.5
13411.0
11856.5
14839.0
14585.0
14531.0
14624.0
0
15385.5
14705.5
7980.5
6467.0
14521.5
14134.0
14344.0
15807.5
10148.0
13340.0
12332.5
11058.5
11912.0
12627.5
13811.0
16242.5
14602.0
13324.0
11468.5
10833.5
9287.0
12110.5
16748.0
10533.5
14111.0
11143.0
15621.0
11048.5
11589.5
13534.5
13133.0
14753.0
13425.5
15093.0
10818.0
11721.5
13780.0
14740.5
10020.5
16096.0
13151.5
12358.5
14417.5
17272.0
12595.5
10959.0
10590.5
9022.0
13272.5
16437.0
13075.5
12943.5
14802.5
9553.0
14496.0
14878.5
8277.0
14072.0
13958.5
10165.5
14946.5
11316.0
8334.0
13579.5
0
12200.5
12037.5
14450.5
14616.0
13023.0
10955.5
11062.0
14764.5
13126.0
11993.5
12812.5
13958.0
0
0
14464.0
6300.0
15758.0
11525.0
0
8977.5
15615.5
12163.0
12364.0
13328.0
12385.5
14000.5
9294.0
13630.5
12330.0
13900.0
9606.0
13973.5
13199.0
14436.0
8551.5
10575.0
14820.5
14037.5
14798.0
14572.0
11870.5
9593.5
7549.0
13522.0
14370.5
12853.0
10293.0
14110.0
14875.0
8463.0
10779.5
9163.0
10576.5
13106.0
14630.0
14269.0
12572.0
10320.0
11915.5
13367.5
13028.5
13724.5
8465.0
13268.5
10973.0
14920.0
14599.5
11897.5
4067.5
13865.5
5253.0
15231.5
13467.0
13226.0
13747.5
11252.0
11814.0
15518.0
14916.5
11754.0
11486.5
12300.0
11837.5
13787.0
5574.0
13545.0
12652.5
15510.0
7130.5
12608.0
15484.5
13276.0
14407.5
14769.5
5314.0
15353.0
10579.5
11547.0
12074.5
4821.0
10417.5
0
11892.5
10125.0
12022.0
15250.5
12278.5
11842.0
13795.0
13740.5
15739.5
13421.0
13818.0
11038.5
10966.5
13704.5
0
10385.5
9660.5
15306.0
13153.0
10586.0
15099.0
14602.5
14709.0
11517.5
2851.5
2963.5
12948.5
14581.0
17363.0
2938.0
8483.0
15416.0
14701.5
12776.0
14664.0
10080.0
12887.0
11148.0
14570.0
13906.0
13887.5
12885.0
6798.5
787.0
12164.5
10072.5
9607.0
5129.0
14448.5
13823.5
11629.0
15431.0
14486.0
9775.5
5685.5
5537.0
12906.5
14366.5
13128.5
11002.0
13701.5
8829.0
15380.5
13887.0
15782.5
13760.5
13704.5
10508.5
11254.5
9483.5
12146.5
14485.0
13721.5
10497.5
14885.5
5948.5
13415.5
13036.5
10331.5
9619.0
13687.0
10611.0
12215.0
14001.0
13180.5
11511.5
10139.0
13367.0
12512.0
6661.0
10687.5
12107.5
11159.0
14650.0
14052.5
13130.5
13934.0
11068.5
4813.0
16230.5
13937.5
15636.5
11068.5
12432.5
13411.0
10784.5
14135.5
13099.5
12329.5
14530.0
2036.0
13210.5
13749.0
12858.5
10167.0
15207.5
5237.5
14148.0
12398.0
13431.0
10146.5
15227.0
9804.5
1840.0
13455.5
12052.5
13441.5
13777.0
14517.5
13394.0
13703.0
15502.5
10516.5
1031.0
13594.5
13810.0
14554.0
7774.0
14149.0
15302.5
10931.0
6332.5
12800.5
12710.5
8072.0
5253.5
10373.0
14733.0
10107.0
13834.5
12504.5
14665.0
15539.0
11981.5
10439.5
11798.0
13520.5
10379.0
14285.5
16206.0
14876.0
13739.5
9992.0
13649.0
13296.0
13250.0
13054.0
15365.5
13980.0
10339.5
12844.5
8822.5
13678.0
13833.0
13637.5
14094.5
8706.5
6881.0
13055.5
11001.0
10551.0
13237.5
14094.0
12273.0
15654.0
68.0
11407.0
5999.5
11554.5
8016.0
14285.0
14297.5
11537.0
14253.5
11949.5
6582.0
13347.5
14376.5
13556.0
4755.0
14926.0
13515.5
13652.0
7660.5
14797.5
13785.0
12161.0
13963.0
15225.5
14316.5
12380.5
13654.5
10509.0
10934.0
10740.5
10480.0
6811.0
14935.5
15230.0
13285.0
9935.5
9285.5
12736.0
14469.5
11836.5
15754.0
9443.0
12264.5
14206.5
6348.0
14813.5
15052.0
15478.5
15246.0
12536.5
10163.5
4551.5
14004.0
11838.0
11479.0
11935.0
15489.0
407.0
12309.0
12862.5
13454.0
13209.5
13932.5
10145.0
12332.0
14283.0
13775.5
13387.5
10045.5
13830.0
11536.5
15503.5
12653.0
68.0
4500.5
13129.0
12706.0
14254.5
13797.0
13493.0
13601.0
11144.5
11739.5
13959.0
11602.5
10588.5
13463.0
13916.5
14799.5
5315.0
12926.0
6164.5
13818.0
13979.0
13721.0
16170.0
12679.0
11889.5
13925.0
12323.5
11026.5
11480.5
14812.5
4573.0
12924.5
0
14651.0
11145.5
14121.0
17256.5
13891.0
14500.5
13431.5
12433.0
15787.5
12907.5
13245.0
13777.5
10575.0
13593.5
14681.5
10589.0
12458.5
13889.5
0
12266.0
13237.5
126.5
10492.5
11451.0
14257.0
14854.5
13229.0
11794.5
14245.5
15656.0
0
11951.5
4385.0
10515.5
5436.0
12481.5
0
14011.5
10089.5
10073.5
15137.5
15762.0
10709.5
14282.0
13817.0
13288.5
12999.5
10573.0
13358.5
1516.5
13176.0
11955.0
1038.0
12968.5
6067.5
11851.5
13504.5
13262.5
14483.0
12446.5
14999.5
11129.5
13540.5
2566.5
0
13424.5
14534.5
13008.0
9321.5
14301.0
15852.5
15328.0
14263.5
14800.0
10945.0
15935.5
10643.0
13018.0
11458.5
15424.0
10191.5
13605.0
10606.5
6795.0
10470.5
14114.5
10983.0
13718.0
7523.0
13669.5
9499.5
7293.5
14012.5
14973.0
11869.5
10448.0
8114.5
12759.0
5034.0
12358.0
15138.0
11452.5
14301.0
10409.0
14863.5
10677.0
68.0
10407.5
16571.0
13429.5
11391.0
13149.0
12893.5
8387.0
10948.5
9977.0
14225.0
13593.5
11211.5
11701.5
10539.0
13257.5
13183.0
13906.5
15209.0
8522.5
15530.0
12977.5
401.0
13584.0
14563.0
14200.0
12944.5
10400.0
3502.5
14525.0
15049.0
1068.5
12605.0
13334.5
12959.5
11550.0
15867.5
12504.5
4254.5
12315.5
15361.0
14399.0
14573.0
9926.0
11153.0
14069.0
13813.0
12683.0
10683.5
13989.0
7462.0
771.0
6404.5
489.5
12394.0
13931.5
9141.5
5141.5
8963.0
13654.0
14472.5
10182.0
10192.5
10139.0
3784.5
10288.5
13974.0
14209.0
11063.0
11936.0
15428.5
10961.5
14384.5
11477.5
13089.0
14534.0
7317.0
12963.5
13347.0
10158.5
0
13731.5
10454.5
11645.0
11191.0
7818.0
13989.0
13959.0
10935.0
8450.5
13326.5
14753.5
13518.5
14360.5
12687.5
15075.5
14968.5
4924.0
7064.0
12301.0
14494.5
13748.5
15175.0
14926.0
12578.0
717.0
12921.5
15150.5
7956.0
8255.0
12012.0
1832.5
0
11541.0
11556.0
8560.0
13652.0
3332.0
5381.5
12451.0
8202.0
13897.5
10572.0
10056.5
14236.5
6413.0
14834.5
0
14969.5
12583.0
13482.0
8563.0
14502.5
13521.5
12301.0
7000.0
11016.0
12069.0
11407.5
15999.5
7177.5
14254.0
11032.0
14317.5
11488.5
10148.0
13154.5
13238.5
14482.5
10181.0
15910.5
10218.5
13123.0
11792.5
4882.5
13224.0
11057.0
0
13765.0
10967.0
13988.0
7996.0
68.0
13359.0
13884.0
12875.5
14112.0
5712.0
12745.0
14512.0
16081.5
14507.0
10552.5
7009.5
11206.5
8855.0
13832.5
9075.0
12911.5
15774.5
12909.0
14333.5
15351.0
5737.0
14326.0
16402.5
13811.5
13587.0
11691.5
14982.0
13948.5
10955.5
14229.5
14952.0
14861.5
14029.5
13828.5
7948.0
14840.5
12969.5
14214.5
14222.0
138.0
14142.0
13291.0
12919.0
13006.0
365.5
14657.0
12978.5
14853.0
15948.5
13903.5
14575.0
12999.5
13922.5
15433.0
14332.5
5805.5
14460.0
14108.5
13951.0
15436.5
12923.5
11653.5
12280.0
14025.0
13900.0
13829.5
14452.0
13784.5
12827.0
14206.0
13164.5
12808.5
9607.5
15045.0
11440.5
15276.5
14346.5
14993.5
12349.5
14949.0
12283.0
9801.0
5532.0
13489.5
10104.5
0
12370.0
13048.5
13614.0
14139.5
0
18216.5
14534.5
11603.0
10045.0
14348.0
8462.0
15969.0
16572.0
15647.5
13174.0
11400.0
14144.0
438.5
12776.0
14790.0
14519.0
13518.5
14235.0
14729.5
15172.0
13970.5
13930.0
13614.5
13044.0
0
14681.0
12065.0
13719.5
13914.5
16054.0
13811.5
5959.5
12609.5
14481.0
12076.5
12978.0
12387.5
14664.0
0
14117.0
6702.0
13910.0
0
15404.5
14208.5
10126.5
12589.0
0
14528.0
14429.0
13340.0
13090.5
12614.5
13889.0
12102.0
13649.0
13954.5
12445.5
0
16763.0
12453.5
11954.0
14055.0
11756.0
14981.5
10123.5
12608.0
14080.5
11842.0
15000.5
12058.0
14522.0
14596.0
11201.0
14483.5
12367.0
0
13549.5
12929.0
6846.0
3283.0
13811.5
12295.0
13790.5
13753.5
459.5
11458.5
0
12794.5
14299.0
14086.0
14462.5
0
14567.0
8277.0
8509.5
4034.5
14057.0
5527.0
2588.5
126.5
13297.0
14142.5
15482.5
14511.5
0
12629.0
15225.0
12997.5
13758.0
14203.5
7431.0
11308.0
14005.5
3163.0
12939.5
14793.0
10498.5
15179.5
15196.0
15558.0
11414.0
8174.0
13260.5
11350.5
14328.0
15098.5
5211.0
14198.5
11429.5
14168.5
15175.0
1408.0
11261.0
15131.0
12838.0
12900.0
10519.0
13980.0
11665.5
7935.5
13053.0
6404.5
13099.5
14831.0
12328.0
15192.5
13716.0
6969.5
15100.0
10486.5
12848.0
13459.0
11645.5
14649.5
14206.5
13183.0
11666.5
6777.0
11544.5
13854.0
13149.0
13257.0
15609.0
7634.0
14489.5
4920.5
15088.0
13476.5
13576.0
14777.0
13319.0
11532.0
6715.5
13282.0
11573.0
12389.0
14411.5
11626.0
15205.5
10147.5
10306.0
14052.5
14601.5
8126.5
12047.0
13351.5
6087.0
16009.0
4988.5
13828.5
9581.0
14891.5
14970.5
2700.5
12028.5
15095.5
13524.5
12447.5
16403.0
0
13843.5
13065.5
6556.5
14003.5
15184.5
10441.0
13075.5
13099.0
12987.5
1499.5
11790.0
7227.5
12883.5
14169.0
13965.5
16285.5
4518.0
15643.0
14647.0
10197.0
4811.5
13161.5
10137.0
15213.5
138.0
14672.0
16479.0
12473.0
13356.0
14396.5
12602.5
3775.5
10077.0
5959.5
14327.0
12249.5
13794.0
14148.0
14545.5
14600.0
12123.0
7048.5
12382.0
14872.5
12989.5
13554.0
14310.0
14167.0
13646.5
10661.5
13556.0
1648.5
13406.0
14916.5
10249.5
12732.5
13452.0
12303.5
7116.0
9865.5
14332.5
7675.5
12275.5
13935.0
14381.5
13628.5
14481.0
12376.5
68.0
9033.0
9252.0
15407.0
14624.0
14634.0
13946.0
14222.5
14956.0
13251.0
12440.0
16250.0
14214.0
9777.5
13494.0
11529.0
2626.5
11418.5
12673.0
14190.5
14342.0
3496.5
15316.5
14387.0
13505.5
9187.0
12791.5
15317.5
1773.5
9782.0
9276.0
14215.0
14095.5
12798.5
13204.0
13492.5
13714.0
13473.0
15318.5
4865.5
15388.5
9060.5
6813.5
15009.0
10473.5
14503.5
10110.0
12206.5
9669.5
15222.0
4274.5
14257.0
16113.0
13375.5
768.5
12555.0
14206.5
14540.5
12194.0
13963.0
15452.0
438.5
8701.5
10520.0
14805.0
16429.5
14019.0
11864.0
15135.5
12631.5
11426.0
10151.5
13529.0
126.5
14242.0
14271.5
14509.0
1144.5
13342.5
10590.0
14244.0
12773.0
10087.5
12952.0
14503.0
14967.5
14018.5
15745.0
11433.0
12662.5
13101.5
15421.0
14347.5
6862.0
14006.5
15458.0
16259.5
13753.5
12591.0
4926.0
11674.0
14519.5
7246.5
5971.0
14728.0
4954.5
9678.0
13003.0
7669.5
12925.5
8896.5
11119.5
5679.0
4450.0
12023.5
14832.5
2182.5
14603.5
13274.5
16460.0
13330.0
10146.5
13772.0
1067.5
14539.5
14379.5
14493.0
17150.0
13696.5
12053.0
10585.5
13695.0
11657.5
14762.5
13773.5
14144.5
4054.0
14049.0
13610.5
10262.0
4483.5
10577.0
5089.5
12992.0
13925.0
13831.0
13478.5
9722.0
15671.5
0
13271.5
8712.5
14501.5
1809.5
2533.5
5368.0
13242.0
13189.0
8882.0
11445.0
16721.5
14117.0
15553.5
13630.5
13328.5
14647.0
13396.0
14588.5
9905.0
15184.5
13991.0
13691.5
6471.5
12387.0
419.5
13594.0
12478.0
7166.5
9292.0
13820.5
9075.5
13764.5
12581.5
14641.0
8120.5
14061.0
8604.0
14185.5
11278.0
10510.0
15582.5
13981.0
15360.5
12796.0
12552.0
14166.0
14791.0
10467.5
15149.0
7722.5
8885.5
15349.0
4301.0
12091.0
11957.0
13950.0
5703.0
12885.5
13312.5
9880.5
11382.0
14264.5
14298.5
14227.0
12618.5
14219.5
11386.0
14137.5
10243.5
10518.5
13805.0
11106.0
6444.5
15659.0
13543.5
12070.5
13194.0
11461.5
9768.0
14463.5
13548.0
14542.0
13669.0
15376.5
11965.5
12050.0
15313.0
11222.0
7403.0
14604.0
14502.5
14194.5
9419.5
11551.5
13885.0
3234.5
14329.0
13454.5
14391.0
13342.0
13584.5
12198.0
16219.0
13782.5
13482.5
11148.0
12962.0
12581.5
15428.0
12516.5
10845.5
15259.5
13495.5
979.0
14812.5
11196.0
13945.5
13327.5
6232.0
12161.5
10220.5
12476.0
13765.0
13064.5
13956.0
15045.0
13399.0
12607.5
10941.0
15608.0
14157.5
13616.0
14397.5
68.0
12438.0
7021.0
733.0
14298.5
14859.5
11248.5
8958.0
13800.5
10218.5
13173.0
14056.5
6355.0
2620.0
13158.0
11950.0
9942.0
12885.5
10126.0
14418.0
14365.0
13653.0
5707.5
11914.5
10110.5
14560.5
4811.5
14344.5
13930.5
13788.0
13349.5
11425.5
11434.5
12021.5
0
10237.0
7124.5
11276.0
11733.0
12453.0
7504.5
13586.5
11500.0
14580.5
11042.5
12932.0
13888.0
13893.5
9928.0
13724.5
11741.0
68.0
13724.5
10132.5
11050.0
14208.5
14238.0
12385.0
14250.0
12931.0
15366.0
7279.5
12782.5
6784.0
4727.5
14907.5
14754.5
11834.5
12533.0
14063.0
11750.0
14575.0
14722.5
13288.5
13637.5
9637.5
13216.5
14473.0
13054.0
13573.0
14120.0
15313.5
13206.0
9402.5
11054.0
10089.5
12332.0
12093.5
10959.5
10543.0
13207.5
8097.0
10619.0
15567.5
14796.5
14211.5
14284.0
12350.5
14437.0
10100.5
13616.5
11011.0
14185.0
14411.5
12994.0
14697.5
11841.5
15228.5
13358.5
2683.0
8426.5
15231.0
10298.5
11482.0
14034.5
14590.5
13355.0
8055.0
15589.5
12746.0
14106.5
11452.0
14719.5
13276.0
12552.0
15695.5
10974.5
13898.5
13208.5
5388.0
10091.0
14153.0
10163.5
11105.5
365.5
13760.5
11399.5
13278.5
13623.0
12299.5
14382.5
11007.5
14264.0
16289.5
15098.0
12579.0
0
14157.5
15809.0
11370.5
4736.5
5681.0
12903.5
13659.0
12602.5
14530.0
12841.5
11179.5
12511.0
14916.0
13116.5
11534.5
10681.5
11909.0
11113.0
10176.5
12818.0
14194.0
11819.0
12750.5
10258.5
14525.0
3205.5
13202.5
11683.5
13810.5
11517.0
14616.5
14909.0
14102.5
10532.5
14971.0
13147.0
12252.5
8747.5
1201.0
13943.5
10386.5
14113.5
13845.0
459.5
14947.5
13093.5
13480.0
13443.0
11359.0
13292.5
12409.0
10762.5
16563.0
12977.0
3887.5
9036.5
12485.0
14843.0
13074.5
13895.5
11743.5
13691.0
14475.5
8873.0
11071.0
13980.0
14699.0
14670.5
10885.0
11367.0
4882.5
11903.5
13766.0
10608.5
9323.5
7055.5
14181.5
10320.5
12550.0
10167.0
13117.0
11022.5
12026.5
10746.5
12909.0
9136.5
9382.5
13733.5
13886.5
14876.0
15080.0
12460.5
13324.0
8121.5
12559.0
13896.5
5022.0
126.5
15671.0
10163.0
6661.0
8755.0
16049.0
12759.5
12538.5
11185.5
8701.0
12840.5
10486.0
12088.5
14499.0
14745.0
14644.5
14919.0
13304.0
14038.5
14659.0
13835.5
11218.5
13442.0
14496.5
15027.5
14584.5
14441.0
14249.5
15223.5
13501.0
11741.5
11902.5
14466.0
15215.5
14386.5
14264.5
7125.0
8635.5
11507.0
68.0
12498.5
14186.0
11340.5
10677.0
13220.0
13959.5
1543.5
1176.5
12929.5
14078.0
13391.0
12063.5
10833.5
10579.5
15414.5
10342.0
17656.0
13134.5
13325.5
5548.0
13830.5
6580.0
10797.5
14358.5
14430.0
12325.5
14909.5
13608.5
11843.5
12988.0
14314.0
11226.5
10367.5
13180.5
13111.5
14195.0
14835.5
14982.5
7978.5
10511.0
13413.5
8721.5
8853.0
10626.5
11062.0
15162.0
14660.0
10074.0
13675.0
10769.5
14034.0
12944.5
10843.5
14026.0
12699.0
5998.0
12316.5
13863.5
4369.0
13235.5
8343.5
14443.5
10498.5
5980.5
14900.0
15572.5
15042.0
12002.5
13017.0
10728.0
12928.5
10216.5
12473.0
14338.0
8963.5
15243.5
13166.0
13944.5
15377.0
14735.5
14457.0
12853.5
14384.5
11430.5
8495.0
14472.5
12380.0
15858.0
10799.5
11000.0
13719.5
13666.5
8254.5
14018.0
9041.5
1087.5
12442.0
13511.0
15307.5
9409.5
13787.5
14691.5
11636.5
14277.0
14209.5
11416.5
12021.5
12971.0
14165.5
9333.5
14065.5
14332.0
13957.5
4929.0
14956.5
13146.0
14867.5
12837.5
2162.0
5499.5
12330.5
13413.5
13754.0
11429.0
9139.5
14509.5
14301.0
10484.0
11408.0
7870.5
13936.5
12546.0
6423.0
13521.5
3838.5
12692.5
11521.0
10851.0
11470.5
9945.5
15272.0
14525.0
10276.0
15102.5
7756.5
13217.5
12041.5
0
14626.0
14345.5
10550.0
15048.0
14380.5
14283.0
13330.5
12908.5
13246.5
13669.5
12782.5
11034.5
10961.0
14644.0
11129.5
9688.5
13640.5
0
12116.5
10542.0
13162.5
10316.0
14156.0
14099.0
16637.5
13677.5
6270.5
13119.5
10312.5
14239.5
438.5
2109.5
14697.5
13375.5
7627.5
13477.0
12936.5
14732.0
14644.0
14100.0
6390.5
13422.5
15149.5
15979.5
13109.0
12879.5
68.0
15013.5
4462.0
13773.0
302.0
10331.0
13320.5
12377.0
12445.5
1683.0
10716.5
14802.5
12277.0
7209.5
13803.5
10793.5
10513.0
12909.0
14478.5
12868.5
0
14164.5
13219.0
13388.0
9767.0
2796.0
14218.5
13161.5
13312.5
14561.5
13999.0
13870.0
12607.0
9190.5
7782.0
11675.0
13442.5
14286.0
10952.5
10605.5
3288.5
1129.0
13356.5
12563.5
14901.5
13320.0
11699.5
1192.5
13646.0
13406.5
8245.0
13762.0
14862.0
15160.0
3340.5
7392.0
15818.0
9811.0
3086.5
12320.5
14435.0
9800.5
14218.0
5713.5
11896.5
13441.5
13165.0
13277.0
13191.0
10296.5
14992.0
8187.0
11688.0
13523.0
11405.5
10125.0
12001.5
10752.0
10645.0
12296.5
16231.0
7470.0
7447.0
2059.5
12632.0
424.0
6992.0
11653.5
7871.5
13505.5
11489.5
5068.5
13957.5
14643.0
14117.0
10367.0
11756.0
15336.0
13943.0
11858.0
11840.5
14252.5
12041.0
14386.0
12473.5
16865.5
14225.5
11381.5
14670.0
15179.5
15447.5
13412.5
5921.0
1915.0
13156.0
13173.5
7572.0
14589.5
14496.5
13331.0
14657.5
14615.0
13781.0
11056.5
9237.5
14209.0
6826.0
10585.5
14149.0
9642.0
11890.5
16051.5
13647.5
14291.0
14669.5
16097.0
7563.5
12289.5
15056.5
6646.0
14692.5
3752.5
13255.5
13224.5
15092.0
13637.0
12649.5
1531.5
13978.5
10332.0
12533.5
12580.0
11141.0
14579.5
3001.0
13277.5
14043.5
8613.5
13122.5
14668.5
17059.5
10631.0
10747.5
15004.5
8876.5
15017.0
14357.0
8028.5
15357.0
8498.0
12903.0
0
16080.0
13826.0
15171.0
13662.5
12423.5
7814.0
13032.0
10995.5
13777.0
14031.5
10973.5
11369.0
14013.5
11306.0
10424.5
11913.5
8605.5
11301.0
13154.0
12146.5
12297.0
10729.5
9493.5
14684.5
10134.5
12756.0
0
68.0
13787.0
12696.5
14756.5
12437.0
15403.0
5463.5
8792.0
13452.5
7814.0
9388.5
10686.0
13416.5
0
10165.5
13096.5
14565.5
10796.0
14099.5
13841.5
11153.5
1166.5
14666.5
14741.5
13354.5
12946.5
10020.5
2756.0
14552.5
12453.5
8592.5
68.0
13638.5
10160.5
11840.0
14006.0
13432.0
10146.0
14806.0
13000.5
11851.0
10294.0
11196.0
14274.0
11833.5
10176.0
12959.5
14078.5
12854.5
10505.5
15052.5
14334.5
14688.5
8982.5
14405.0
12169.0
15713.5
13082.0
13348.5
10036.0
9817.0
15274.5
11844.5
12888.5
11078.0
9512.5
12752.5
15065.0
6780.0
14302.0
14167.5
13848.5
5908.5
11208.0
10923.5
10438.0
838.5
15828.5
13767.0
11011.0
11733.5
14379.0
9550.5
11931.5
10059.0
15891.0
424.0
2196.5
13948.0
16507.5
12126.5
12916.0
10236.5
11373.0
14612.5
11271.5
10144.5
15824.0
13180.0
12496.5
14351.0
12180.5
13233.0
13964.5
10678.0
15080.5
11642.0
12910.0
10244.5
13299.5
10986.0
736.0
14166.5
14659.5
11387.5
13899.5
13618.5
12260.0
8960.5
12087.0
13520.0
14450.0
1119.0
13932.0
16262.0
10349.0
10481.0
14364.5
15090.5
14535.0
68.0
8216.5
8242.0
12794.0
15776.5
14472.0
14450.5
10162.0
9309.0
14964.5
5587.5
13691.0
12408.5
15558.5
14977.5
5931.0
6874.0
12972.5
9221.0
14339.5
4549.0
6424.0
478.0
14206.5
12255.5
13728.5
11335.5
15428.5
10183.5
4198.0
12075.0
4348.5
10977.0
5285.0
7484.0
10181.5
6531.5
13041.0
10969.5
11011.0
14419.5
10402.0
14447.5
15164.5
12826.0
12083.0
790.0
14520.0
13093.0
7358.5
14536.0
12771.0
13848.0
11869.0
7905.5
15174.5
11209.5
497.0
6018.5
13394.0
11588.5
12051.5
11579.0
14548.0
10786.0
6141.0
13298.5
15208.0
10662.5
2883.5
12778.0
12927.0
0
10701.5
9128.0
4623.5
13604.0
5569.0
10196.0
14398.0
13366.5
13788.5
10621.5
11528.5
12886.0
10692.5
14041.0
2400.5
13169.5
13636.0
11436.0
12014.0
10128.5
13597.0
13660.0
15004.0
12957.0
15855.5
1779.5
15185.5
2003.0
6830.0
14266.5
13008.0
10341.5
10017.5
12335.5
5719.5
10144.0
8739.5
15998.5
9945.5
1809.5
13863.5
10898.0
8922.0
13026.0
10741.5
12599.5
13988.0
14036.5
12625.0
14850.5
11014.0
11391.5
13294.0
11398.0
12303.5
10627.0
4567.5
12447.0
13354.5
12607.5
13478.0
13232.5
4779.5
13851.5
14002.5
4399.5
13080.5
4511.5
10209.5
13837.5
12928.5
10573.5
13005.0
12941.5
13630.5
9853.0
6506.5
790.0
13777.5
14088.5
12321.5
12617.5
12075.0
13493.5
11909.5
10512.0
14279.5
6012.5
3916.5
14578.5
764.5
13335.0
14382.0
11926.5
12064.5
1901.5
7634.5
14787.0
7829.0
68.0
13924.0
12063.5
12915.5
11310.0
12952.0
9350.0
14634.5
9004.0
418.5
13664.0
13801.5
12837.5
12287.0
9030.5
11884.0
5453.5
12575.5
14144.0
5962.0
14044.0
13857.5
15712.5
15403.0
10289.0
14117.5
2127.0
13622.5
11857.0
8403.5
12422.0
13532.5
14380.5
10590.5
13491.5
0
10770.5
13353.5
12286.0
13356.5
13302.5
13736.5
6639.0
5849.0
13869.5
14058.5
11532.0
11955.5
15048.0
12891.5
9725.0
12768.5
13886.5
14608.5
13574.0
11882.5
13424.0
13740.0
14379.5
14205.0
5900.5
14868.0
14763.0
14531.0
10949.0
13893.5
10492.5
11560.5
12605.0
11932.5
15077.5
12829.5
12819.5
10057.0
2216.5
13954.5
13606.0
8719.0
12298.5
12375.0
13241.5
11863.5
13390.5
12024.0
13972.0
14138.0
12917.0
13211.5
12136.5
13648.5
8184.0
12819.0
15612.0
15677.0
13183.0
11455.5
12246.0
11409.5
9313.5
752.5
6755.0
11175.5
13795.0
12191.5
786.0
10530.5
12770.5
11610.5
10310.5
10346.5
11930.0
11104.5
13778.0
14433.5
10398.5
14621.5
6256.0
14641.0
10774.0
12585.5
2591.0
10989.0
8875.5
13110.0
11435.0
13726.0
13932.0
7369.0
12906.0
14110.5
13711.5
14686.0
13073.0
13816.0
11640.5
14321.0
6752.0
12248.5
10712.0
14378.5
10550.5
11573.0
9936.0
5474.5
12416.0
7477.5
15213.0
7361.5
14445.5
508.5
14308.0
14185.5
14757.0
10128.5
14334.0
6576.0
10151.5
12185.5
12322.5
12599.0
5324.5
12612.5
1086.5
0
13539.5
10067.5
12056.0
790.0
13307.0
15231.5
10248.5
418.5
11442.5
13672.5
7681.0
14027.5
2364.5
13703.5
12931.5
12427.5
9995.5
10643.5
10617.5
6880.5
10663.0
16119.0
5237.0
11111.0
12211.0
13273.5
9386.0
8486.5
15219.5
13945.5
14135.0
12329.5
13970.5
10065.5
14427.5
10085.5
13888.0
13209.0
12454.5
9548.5
15413.0
11350.0
13907.5
8653.5
11992.0
15751.5
10113.0
14913.0
1015.0
6511.5
4996.0
15104.0
6187.0
10567.0
13007.0
13898.5
12684.5
13141.5
13518.0
12917.0
13948.0
11574.5
13489.0
10305.0
14161.0
13180.0
7072.5
14123.5
12151.0
10191.5
9369.5
12497.0
12325.0
2729.0
7221.5
10793.5
12037.5
3639.5
14074.5
14929.0
15791.5
10741.0
14671.0
10858.5
13736.5
12731.5
15979.0
14097.0
10247.0
10214.5
12703.5
13888.0
2945.0
13318.5
11104.5
14051.5
14710.5
12671.0
7313.5
9083.0
13983.0
13994.5
13833.5
12690.5
11953.5
3638.5
14394.5
12445.5
5952.0
13139.0
12842.5
15531.0
12707.0
12299.5
3528.5
9783.5
13363.0
12748.5
14394.5
13225.5
5258.0
13176.0
10491.0
13687.0
12044.5
14471.5
12200.5
15482.0
9620.0
9164.5
11114.5
9902.0
13633.5
13456.5
14410.5
10160.5
13709.5
5668.5
14792.0
14940.0
0
7825.5
10426.5
12459.0
0
7981.5
12608.5
15354.5
1565.0
5969.5
12967.0
14747.5
12009.5
10763.0
13773.0
6979.0
0
5936.5
12185.5
11543.5
6551.5
13121.0
14163.5
3095.0
14216.0
14123.5
10737.5
9556.5
11640.5
11981.0
9995.5
9962.0
2376.0
2272.5
13903.5
15741.5
15587.0
751.5
8436.0
13688.5
10293.0
13587.5
14778.5
13880.0
11053.0
11092.0
13548.5
10812.5
14148.0
12337.5
12753.0
15908.0
11726.5
14182.0
12650.5
13019.0
5628.5
12705.5
15123.0
12464.5
11936.0
13401.0
14522.5
14408.0
0
12954.5
13618.5
13795.0
7945.5
13378.5
13583.5
12698.0
13210.5
1885.5
15290.0
12388.0
12227.0
12529.5
13331.0
13474.5
14511.5
12050.0
13655.5
13755.5
10963.0
10142.0
10998.0
12713.0
12375.5
7989.0
14623.5
13532.0
14549.0
13272.5
14291.0
10408.0
12522.5
12812.0
13228.0
14463.5
11786.0
14009.5
13302.0
10793.0
12137.5
12958.5
14660.0
14512.5
14319.0
14693.0
14145.5
14641.5
14611.5
9357.0
12387.5
3071.0
12635.0
14434.5
11965.5
10974.0
11548.0
15433.0
3124.0
0
10422.5
14370.5
11175.0
14671.5
12891.0
750.5
14260.0
7821.5
9283.0
9503.5
979.0
9123.5
14321.5
5352.5
13801.0
13114.5
12308.5
16064.5
9354.5
15317.0
68.0
12802.5
14369.0
14263.5
9894.0
15426.0
13258.5
12162.5
16318.5
12664.0
16474.5
10957.0
10367.5
10799.5
11173.5
5411.0
12342.0
15149.0
0
12739.5
12553.5
12915.5
11388.0
13728.0
14319.0
12103.5
10293.5
11444.5
9966.5
12120.0
13426.0
15105.0
14190.0
14013.5
10407.5
13149.0
14287.0
13465.5
14541.5
10314.5
11612.5
14874.0
15156.5
12934.5
12771.0
15358.5
12985.5
11583.5
13341.5
4431.5
12391.0
10074.0
13015.0
14304.0
13422.5
14072.5
12227.5
13383.0
14961.0
13269.5
10941.5
7532.0
11978.5
9863.5
10562.5
11232.0
11478.0
14749.5
11001.5
12772.0
11443.5
14234.0
6184.5
11011.5
0
9418.0
15600.5
6872.0
12126.5
14361.5
12449.0
8133.0
13557.5
11291.0
0
10790.5
12905.0
10947.0
12403.5
13285.5
8668.5
5960.5
10826.5
0
14266.0
14985.5
11186.0
10379.5
6041.0
14594.0
15196.5
10469.0
13784.5
10522.5
14158.0
13016.5
6355.0
7149.0
11133.0
14679.0
11714.5
10708.0
12795.5
14026.0
12991.5
12856.5
13002.5
14065.5
10365.5
5310.0
11068.0
13817.0
11089.0
478.0
13380.5
14813.0
12991.5
12757.5
10279.0
10052.5
15113.5
15269.5
10627.5
14737.5
10187.5
13865.0
12297.0
12221.5
15120.5
9090.5
13433.5
13341.5
996.0
13477.0
13168.5
13824.0
10313.0
12731.0
12927.0
12282.5
13690.0
13950.5
13750.5
14058.5
14056.5
11327.0
12787.0
11999.0
10495.5
12272.5
9459.0
6650.0
13621.5
5346.5
14173.5
12785.0
8257.5
4659.5
13436.5
14043.0
13852.5
12780.5
12724.5
12464.5
6291.5
14714.0
5182.5
10230.0
13339.5
9414.5
15497.0
10629.0
10820.0
10952.0
300.5
12225.5
11057.5
14159.5
12988.0
13071.0
14157.5
11455.0
13202.0
12388.0
13889.5
13605.0
12150.5
12958.5
11976.5
14907.5
13807.5
13454.5
13708.0
11500.5
10713.0
12537.0
12725.5
11187.0
8855.0
14881.5
13376.0
14446.0
13174.0
13078.0
11067.0
10215.5
11184.5
15659.5
10742.0
11281.5
12787.0
14528.0
11671.5
9446.0
12892.0
15116.5
9719.5
13501.0
11054.5
10510.0
10301.5
10609.0
8964.5
13299.5
14744.5
12033.5
15439.5
13670.5
10589.0
11050.0
9513.0
13536.0
10571.0
10734.0
14751.0
14525.0
11832.5
8058.0
11316.5
0
10597.0
14107.0
7661.0
14136.5
14039.0
9935.5
14710.0
13237.0
11586.5
11817.5
11634.5
365.5
11421.5
15078.5
10055.0
11574.5
13727.5
12379.5
9718.5
11402.0
7387.0
12391.0
15615.5
1846.0
10738.5
9529.0
14036.0
10441.5
13299.0
11522.5
12749.5
13908.5
8219.5
12627.5
13022.0
13975.0
13318.5
12123.0
11365.0
14128.0
13806.0
717.0
13243.0
11951.5
13960.5
13729.0
14972.5
12372.0
10625.5
8353.5
7013.5
2830.5
11571.5
13367.5
12061.0
0
12725.0
12725.0
13512.0
10458.5
7236.5
15141.0
13296.5
13797.5
14292.0
12325.0
10148.0
15464.0
6441.5
13648.0
10999.5
12717.0
13719.0
12994.5
6601.5
10542.5
14452.0
12947.0
14128.5
9943.5
6960.5
11312.5
14582.0
12741.5
6752.0
7397.5
13641.0
11405.0
5683.0
13685.0
10751.0
7068.5
16271.0
13746.5
16435.0
14500.0
11549.5
4216.0
14654.5
14469.5
15600.0
7664.5
14114.5
14764.5
15383.5
12715.0
13127.5
5554.0
13980.5
14586.0
10270.5
11017.5
12704.5
11795.0
12298.0
0
8126.5
14509.0
12591.5
10751.0
11084.0
12695.5
14544.5
12461.0
13753.0
5291.0
12643.0
12933.0
12073.5
4678.5
13599.0
15078.5
12663.5
15928.5
13529.0
10069.5
8249.5
13600.5
11418.0
14853.0
13405.0
12391.0
12531.0
13641.5
11004.5
11783.5
13885.5
13840.0
4216.0
10533.5
12482.0
13356.5
14375.0
14049.5
10144.0
10214.5
13957.5
12758.0
10880.0
11819.0
9111.0
13893.5
12736.5
12724.5
12825.0
10837.5
11594.5
12731.0
11125.0
11076.5
12928.5
13070.5
11442.0
6564.5
12638.0
10150.0
13324.5
13171.5
9905.0
10873.5
13588.5
12693.5
11392.0
13006.0
12357.0
13184.0
15036.0
8994.5
15905.0
10286.5
14417.0
11383.5
12171.0
14668.0
11496.0
10470.0
10588.0
11402.0
10685.5
12105.5
11919.0
14710.0
13610.0
5534.5
11085.5
12606.5
13554.5
10557.5
16026.0
14674.0
5588.5
13327.0
13478.0
10327.0
13240.0
13325.0
13308.5
8305.5
12862.0
10662.5
13463.5
14817.0
8663.0
7789.5
3529.0
10044.5
13747.5
0
6399.0
14003.0
11141.0
13292.0
11190.5
14194.0
10147.5
10270.5
12629.5
13289.0
126.5
11213.0
12971.5
13261.5
12561.5
13564.0
15400.0
4166.5
13673.5
9185.5
7762.5
12370.0
14740.5
