665.0
717.0
655.0
1003.5
961.0
713.5
1477.5
976.0
1328.5
1965.0
1517.0
1846.0
1233.0
1375.5
2865.0
3665.5
1339.0
1086.5
1337.5
2017.5
1314.5
3873.5
2790.0
1482.0
3801.5
603.5
1219.0
3989.0
1815.0
2955.0
646.0
5078.0
115.5
2618.5
656.5
2021.5
4367.0
1083.5
3147.0
4787.5
1722.0
1036.5
934.5
3879.5
424.0
3557.0
614.0
2275.5
1124.0
3278.0
2190.0
4845.5
1195.5
2349.0
1497.0
3372.5
1211.5
2621.0
1739.5
3986.5
2926.0
242.0
5519.5
652.0
68.0
68.0
1229.0
7325.5
6870.5
3018.0
7117.0
126.5
1679.5
4423.5
5362.0
967.0
3913.0
4724.0
1264.0
1274.5
6706.0
407.0
4206.5
5599.0
1257.5
3243.0
0
1099.0
2589.0
4394.5
2136.0
7263.0
3543.0
2367.5
4829.0
1396.0
5592.0
2937.5
6554.0
1933.0
1835.5
68.0
2663.5
4347.5
1336.0
605.0
1050.0
4976.5
729.0
3117.0
5636.5
5087.0
3713.0
7316.5
1637.5
6814.5
2931.0
3247.5
7437.0
3983.5
0
6512.5
438.5
5518.5
1138.0
1470.5
3504.5
3790.5
478.0
2287.0
3692.5
6895.5
2281.0
2280.5
2455.5
2747.0
5503.5
5018.0
2280.5
4706.5
3828.5
1714.0
7612.5
3289.5
1484.5
4992.0
3946.5
419.5
2006.0
8901.5
424.0
3311.0
2798.0
5218.0
2034.5
5036.0
2123.5
7164.5
3764.0
8114.0
2248.5
4515.0
1355.0
2700.5
2712.5
2215.0
5843.0
7480.0
3852.0
2527.5
2223.5
1971.0
3044.0
8364.0
1831.5
1249.0
822.5
126.5
0
2710.5
0
1834.0
6143.0
2778.5
7507.5
3268.5
4764.0
4626.5
1499.0
7346.5
4412.0
5493.5
771.0
6170.5
3337.5
3510.0
3829.0
4867.0
4999.5
6471.0
2699.5
3086.0
1474.5
5219.5
7004.5
1564.5
1108.0
0
4484.0
2931.5
5690.5
3487.5
3286.5
7610.0
1954.0
3902.5
478.0
1788.5
4850.5
5137.0
407.0
3173.5
3415.0
5315.5
6504.0
1643.0
4431.0
5031.0
717.0
7142.0
5282.5
1053.0
1934.5
6676.5
489.5
8540.5
0
2709.5
5177.5
1551.5
6966.0
6531.5
6336.5
2867.0
1691.0
5654.0
4670.5
5963.5
5745.0
7315.5
7427.0
6405.5
5704.0
138.0
3096.5
3842.0
7534.5
6846.5
6529.0
2478.5
3988.5
7471.5
4976.0
3835.0
0
8999.0
126.5
4698.5
1775.0
0
5182.0
4758.0
5337.5
6476.0
8014.0
6271.5
3065.5
1914.5
4484.0
5891.0
2568.0
719.0
5661.0
6457.5
4776.0
608.5
884.5
0
3371.5
5521.5
3474.5
726.0
5392.5
5284.0
2843.5
5191.5
3242.5
6121.0
828.5
3937.0
4295.0
7053.0
6242.0
2344.5
3921.0
3504.5
3248.0
6767.5
3172.5
717.0
3524.5
0
7617.0
1633.5
2753.5
10468.5
4287.5
6565.5
11715.5
3194.0
5300.5
2330.5
7682.5
6588.0
6909.5
4906.5
4459.0
5158.0
7343.5
2644.5
6012.5
8010.0
6694.0
0
2699.5
8030.5
736.0
4183.0
2586.0
508.5
6363.0
6895.5
8912.5
7600.5
3430.5
7779.5
7976.0
3611.0
6634.0
2810.0
6285.5
1515.0
7434.5
6633.5
4929.5
1590.0
6163.5
4315.5
2956.5
4905.0
6486.0
4903.0
6033.5
1402.5
8170.0
5279.0
5107.5
2538.0
5291.0
4584.5
7190.5
6934.5
6813.5
6041.5
6229.0
6754.0
9123.0
4478.5
6172.0
138.0
7291.0
1219.0
3883.5
8504.5
4885.5
8307.5
6999.5
4867.0
8301.5
7323.5
11418.5
4629.5
3742.0
1095.0
6840.0
3742.0
5447.0
1439.0
9813.5
2095.0
7405.5
3883.0
6942.0
6223.0
6131.5
2712.0
3494.5
4762.0
6080.0
8424.0
3528.0
7986.5
6623.0
126.5
7124.5
5686.0
5327.0
4688.5
4120.0
0
5967.5
1505.0
4672.5
6590.5
4463.0
5437.5
7306.0
5049.0
7565.5
4998.5
7928.0
3477.5
7625.5
804.5
2582.5
7659.5
419.5
3450.0
6989.5
5412.5
5883.0
7495.0
6987.5
3822.5
1730.0
8433.0
5044.0
0
6421.5
895.0
7357.5
7651.0
4936.5
5874.5
860.0
2932.0
7321.5
4963.0
5147.5
771.0
7898.5
4937.0
4200.0
3163.0
6951.0
6199.0
11797.5
5762.5
3297.0
4500.0
5085.5
2745.0
401.0
0
6673.5
5877.0
2740.0
2995.5
8361.0
4779.0
3665.5
4089.5
6611.5
5374.0
0
5218.5
7165.0
126.5
6353.0
9282.0
9067.5
5599.0
6017.0
7889.0
6563.0
3578.0
6724.0
8349.5
1540.0
6318.5
5759.0
7302.0
8331.5
7833.0
3925.0
5086.0
2102.0
8321.0
6833.5
702.5
6323.5
7827.0
8485.0
5685.5
5091.0
7891.5
5762.0
3178.5
2100.5
6645.5
5649.5
3529.0
6092.5
758.5
1193.0
5436.0
4181.5
4884.0
6172.0
2702.0
5941.5
5519.0
2509.0
5120.5
6780.0
4939.5
6371.0
6993.0
5849.5
5974.5
5559.0
7704.5
9602.5
7270.5
3200.0
5441.0
6326.5
4485.0
5936.5
8669.5
7047.5
3660.0
3052.5
8529.5
6386.0
4423.5
8765.0
6966.0
8689.0
6802.5
7004.0
9045.0
7860.0
6997.5
7100.5
0
6973.5
0
4731.5
3697.0
2298.0
3931.5
5753.5
3041.5
9722.5
5334.5
7413.0
6232.0
6559.5
4167.5
1942.5
3004.0
5060.0
10183.0
4350.0
7698.5
3363.0
3273.5
8983.0
3914.0
6505.0
6467.5
3313.0
554.5
4410.5
6103.0
6132.0
1863.5
1405.0
6191.0
7025.0
4736.5
459.5
3405.0
10055.5
6973.5
2641.0
2527.5
1950.5
7746.0
7068.0
10270.5
365.5
671.0
0
8710.5
5920.5
5269.5
4440.0
5694.5
6077.5
4835.5
830.0
4523.5
6507.5
7164.0
0
3440.5
8770.0
6724.5
7510.5
8338.0
7268.0
8139.5
3539.5
3791.0
6192.0
1918.0
1474.5
5786.0
7374.0
8493.0
5344.0
5043.0
8646.0
0
8382.5
4522.5
0
4526.0
7510.5
4487.0
5220.5
4357.0
4874.5
7087.5
3311.0
3082.0
5089.0
5376.5
8691.0
5220.5
5289.5
6395.5
7889.5
2495.0
5462.0
6777.5
9049.0
5755.5
2982.0
7019.5
5761.5
6536.5
4671.5
0
4304.5
6339.0
7662.0
6883.0
8367.5
6416.5
0
9430.5
6370.0
6176.0
7556.0
5897.0
6843.5
0
1512.0
10816.5
4499.0
5664.5
4879.5
4780.5
3088.5
7370.0
1906.5
5186.5
6195.5
6499.0
2810.5
1301.5
1296.0
138.0
8014.5
6613.5
5240.0
8733.0
6173.0
4569.5
7691.0
5676.5
3799.5
5590.0
6337.5
6190.0
3786.5
3190.5
8113.5
7562.0
6772.0
4728.0
1962.5
5168.5
1182.0
4218.5
5596.0
9475.5
7953.5
6743.5
6307.5
4903.0
4407.0
5813.0
453.0
7188.5
2966.5
8005.5
2613.0
8111.0
7223.5
2794.5
2210.5
1650.5
8282.5
4532.0
138.0
1300.0
8928.0
2283.0
6319.5
7146.0
68.0
0
6451.0
6969.5
7352.0
7456.5
2910.0
1745.5
3815.5
7125.0
2338.0
7407.0
9492.0
5737.5
4159.0
3065.5
6052.5
0
6999.0
953.5
6900.0
8857.0
7341.5
4541.0
5872.5
2553.0
5224.0
6158.5
7508.0
6233.0
7011.5
7544.5
7012.5
4494.5
5369.0
6852.0
7640.5
5538.5
7367.0
3406.5
1403.5
2796.5
4865.0
8525.5
5815.0
6823.5
3108.0
717.0
0
2811.5
8605.0
7352.0
4409.0
7482.5
7697.5
6168.0
4211.5
0
3536.0
3111.0
6133.5
1842.5
8145.0
3942.0
4779.5
4986.5
2912.5
646.0
138.0
6105.5
7600.5
10067.5
8144.5
9462.0
8104.0
6577.5
8859.0
5473.0
1104.0
5691.5
11305.5
0
2610.0
497.0
6234.0
4150.0
4087.0
6822.0
6435.0
6291.0
10637.0
2372.0
6689.5
5044.5
8932.5
6307.5
8114.5
5986.0
7338.5
4165.5
4935.0
2851.5
7701.0
4277.5
7223.5
6524.0
2760.5
3758.5
2854.5
4892.0
6459.0
6337.0
3707.5
3696.0
0
6096.5
2064.5
5691.0
7891.0
9589.0
7278.5
5256.0
4593.5
7645.0
6887.0
9041.0
5904.5
6776.0
6867.0
2125.5
6480.5
6851.5
7309.5
5973.5
5955.0
0
5485.0
5740.5
4002.0
8436.0
6497.0
3701.0
6010.0
3270.5
6326.0
6482.0
6095.0
6428.5
6715.5
5907.0
6962.0
8561.5
9917.0
7598.5
7753.0
7616.5
3444.5
8526.5
7934.5
5911.0
10053.0
4900.5
5905.0
6153.5
9129.5
10044.0
8300.0
3491.5
783.5
4403.0
8025.5
10257.0
3946.5
5430.0
7674.5
7753.0
3199.0
3367.5
6744.0
6465.0
5336.5
6504.5
5804.5
2057.5
8014.0
4216.5
6822.0
3863.5
6435.5
5661.0
6439.5
6412.5
6601.0
3838.0
6190.0
3869.0
8756.5
7580.0
4153.0
10517.5
8081.5
6603.5
6620.0
3052.5
5467.5
2906.5
8232.5
8536.0
2960.0
0
3894.0
4682.0
3566.5
6706.0
8551.5
5727.5
3623.5
6322.5
7207.5
3053.0
4676.5
3886.0
4797.0
6782.5
8926.0
4548.5
5747.0
6171.0
6216.5
3592.5
6003.0
6832.0
4432.5
4775.5
4892.5
961.0
6560.5
4837.0
528.0
1160.0
5965.0
7043.0
8935.5
5697.0
7400.0
4415.5
1123.5
7794.0
5524.5
7909.5
9367.5
6400.5
7370.5
3161.5
8081.0
3018.0
6466.0
7679.0
7897.5
4041.5
841.5
9453.5
5838.0
6654.5
6049.0
138.0
5511.0
4216.5
1312.0
8528.0
9383.0
5918.5
7220.5
3876.0
5703.0
1736.0
4275.0
3854.5
5498.5
7486.5
6392.0
478.0
0
7921.0
6637.0
8168.5
5241.0
419.5
6487.0
7527.5
5357.0
3358.5
6846.5
7876.5
6454.5
7235.5
1698.5
2084.5
7438.0
6316.5
2105.0
5820.5
5073.0
11349.5
6944.5
6857.5
4094.5
778.5
4533.5
2925.5
7464.0
7491.0
6323.5
6518.5
7770.5
7840.5
7651.5
2256.5
5083.5
6255.0
6272.0
6306.0
138.0
9510.5
1482.0
5829.0
1685.5
2584.5
5347.5
6326.0
0
5314.0
1777.5
0
6523.5
7877.0
6173.5
2167.0
5910.0
3937.0
7620.5
9487.0
7628.0
2956.0
707.5
10107.0
6986.5
1979.0
3852.0
6425.0
6609.0
6839.5
9920.5
5960.0
2917.5
5083.0
365.5
5276.0
4235.5
6493.5
6107.0
1105.0
7603.0
6200.0
3404.0
1708.5
3454.0
5160.5
7208.5
4925.0
6964.5
6571.5
7004.0
1201.0
6813.5
4314.0
4661.0
7025.0
3794.0
6048.0
3896.5
3686.5
6706.0
5755.5
1595.0
6426.0
2366.5
3543.0
1022.5
5906.0
6386.0
1016.5
4494.5
6569.0
3348.0
4459.0
5493.5
8433.5
646.0
7483.0
1301.0
8073.0
68.0
3550.0
3219.0
6583.5
8234.0
6793.5
4622.5
441.5
7663.0
5864.5
8132.0
5721.0
5403.5
6838.5
6493.5
6129.5
8247.0
3462.5
3996.5
7469.0
1087.5
3404.0
7155.5
3921.5
4618.5
4665.0
7217.5
7286.5
8679.0
5116.0
3527.5
6066.5
316.0
3306.5
0
4689.0
2375.0
4221.0
1925.5
2285.0
3669.0
2898.0
8901.0
6462.0
3628.0
6809.0
5597.0
3914.0
5550.5
7637.5
6394.5
6516.0
5149.0
126.5
3129.0
4494.0
6767.5
2098.0
2652.0
2068.5
5456.0
6640.0
1525.0
9056.0
5322.5
8225.5
7213.0
7100.0
7968.5
8004.0
7031.0
3128.0
8215.0
6700.0
6030.0
6707.0
1442.0
4641.5
2841.5
4563.5
11245.0
6040.0
8312.0
6170.0
5434.5
5582.5
5032.0
5948.0
2068.5
5255.0
5853.0
2946.5
4669.0
3841.5
5921.0
6674.0
6539.0
6198.5
5648.0
6710.0
3495.0
6057.0
2734.0
7657.0
2775.0
5178.5
5785.0
4528.5
5749.5
3104.0
6522.0
6566.5
5263.0
3600.0
7417.5
7350.5
3231.0
5416.0
4812.5
6503.5
0
5990.5
6493.0
6930.0
7842.5
3090.0
736.0
8573.5
7059.0
3323.0
6010.5
6302.0
5355.0
3318.0
5482.0
6548.0
7728.5
3168.5
4992.0
7402.0
3191.0
7060.5
8888.0
0
0
3009.0
5954.0
2159.0
6832.5
7441.0
7532.5
5199.5
7554.5
3793.5
6246.0
5223.0
4036.0
6870.5
4876.5
3642.0
7132.5
4810.5
1680.5
4487.0
3251.0
1708.5
126.5
5303.0
936.5
5758.0
6833.0
6636.0
7189.5
5544.5
4418.0
6622.5
10197.0
6936.5
3872.0
6536.0
4463.5
3622.5
5700.0
2667.0
7822.5
6103.0
9231.0
8588.0
4208.5
7749.0
5837.0
4757.0
5936.5
6895.0
401.0
7784.5
4742.5
11223.5
7212.5
9733.5
7024.5
6269.0
7218.0
8493.0
0
4711.5
9011.5
4527.5
6396.0
3430.0
4790.5
9257.5
7683.5
68.0
6772.5
4818.5
6088.5
6843.5
8896.5
5102.0
6668.5
5664.5
1339.0
126.5
2495.5
7287.5
8443.0
6142.0
9130.5
6634.5
8716.0
7854.5
4463.5
3391.5
5626.5
7505.5
3990.5
6223.0
5953.0
6081.5
968.5
7115.5
1087.5
7711.5
365.5
6031.0
1554.0
5562.5
1654.0
7356.5
8140.5
7344.5
6556.0
9281.0
2181.5
2220.0
6493.5
5128.5
566.0
2827.5
5831.5
6275.5
5857.5
6452.0
6224.5
5755.0
7713.0
1971.0
2279.0
7229.0
5784.0
4575.0
6847.0
7046.5
6266.0
9304.5
7128.5
5593.0
3892.5
7138.0
5157.0
849.5
5331.5
4178.0
126.5
1086.5
4531.5
10344.5
6563.5
4504.0
7798.0
3117.0
5896.5
6954.0
6409.5
365.5
6778.5
8752.0
4006.5
3608.0
6346.5
5502.5
7066.5
6532.0
5526.5
5359.0
8846.0
9737.5
6597.0
8950.5
4446.5
7140.5
2457.0
5677.0
3780.0
5275.0
5221.0
5884.5
6596.5
7020.5
6849.5
7208.5
6305.5
663.5
6122.0
6169.0
4993.5
7674.5
3161.0
6840.0
7566.5
4452.0
4179.0
7210.0
6118.0
5341.0
6888.5
5686.5
6627.0
8459.5
7430.5
5799.5
2811.5
6663.0
3815.0
5127.5
8381.0
6110.0
4518.5
7004.5
6549.0
7610.0
8633.0
5015.0
6777.5
6191.0
5655.5
5704.0
6306.5
6515.0
6091.0
3953.5
4196.0
4985.0
5201.0
5272.5
7427.0
7119.0
7925.5
5439.0
6561.0
68.0
6724.0
4225.0
8239.0
5280.5
8096.5
6257.0
2460.0
700.0
7656.5
3892.5
5198.5
7551.5
4505.5
6087.5
7149.5
7615.0
3828.0
6872.0
6885.5
6196.0
5901.0
5198.5
1899.5
4596.0
6425.5
6529.0
6879.5
6017.5
7571.5
3588.5
5916.0
6690.0
7772.0
6471.0
6623.0
419.5
5923.0
5544.5
7521.5
3524.0
6003.5
6936.0
3406.5
4092.5
6987.5
7564.5
2930.5
6550.0
3591.5
3904.0
4912.5
5118.5
5786.5
7685.5
7547.0
3531.5
4281.5
4099.0
8134.5
6569.5
6298.5
4431.0
6202.5
6033.5
10259.5
4736.5
4218.5
4392.5
6713.0
8075.5
6548.5
7551.5
7124.0
7045.0
6024.5
3460.5
7820.5
6053.5
6184.0
4259.0
7372.0
7493.5
6055.5
6285.5
5184.0
4238.5
752.5
2510.0
1884.5
6580.0
6935.5
8167.0
7014.5
5165.0
6161.5
5742.0
401.0
6808.0
383.0
7490.0
7784.5
8902.0
6991.5
6189.5
6228.5
6435.5
4973.5
6664.0
8767.5
0
4859.0
3984.0
8554.0
4580.5
7350.5
6356.5
2904.0
6258.0
7014.0
3970.0
6605.0
4538.5
7500.5
8036.5
138.0
5872.5
6936.5
3561.0
3810.5
6323.5
438.5
7501.0
7797.5
5925.5
6071.5
5683.5
6371.0
7218.0
5754.0
6640.0
7538.5
6762.0
7197.0
5225.5
7391.0
6819.0
5216.0
5848.0
3150.5
5331.5
6335.5
7401.5
8258.0
5072.5
2819.0
6036.5
1483.0
7022.0
3833.0
7625.0
3040.5
2328.0
6122.5
4185.0
8724.5
6594.5
3347.0
6021.0
7497.5
7535.5
2946.5
4465.5
6017.0
5561.5
7369.5
4196.0
6359.0
6022.0
5345.5
6659.5
4529.0
7824.0
7537.5
6501.5
0
6332.5
5350.5
2768.5
7278.5
3325.5
6771.5
4478.0
646.0
9469.5
5352.5
7439.5
663.5
5478.0
5665.5
7665.5
6649.0
8682.5
6040.5
0
7914.0
4903.0
7884.5
2424.5
6732.5
6423.0
4496.0
7268.0
7733.5
6314.0
6553.0
7571.5
7119.5
8754.0
8539.5
4896.0
4877.0
0
4922.0
5794.5
6434.0
6883.0
4831.5
5316.5
6991.5
6073.0
6854.5
0
5013.0
1157.5
6920.5
5004.5
6187.0
8227.0
7053.0
7860.5
1813.5
4018.0
6805.0
0
2294.5
7510.0
5684.5
5645.5
6369.0
8206.5
7722.0
7867.0
0
4169.0
459.5
7346.0
1051.0
6836.0
8644.5
7464.5
5548.5
7627.0
5536.0
8342.5
3462.5
8219.5
7977.5
6861.0
3111.5
8265.5
6672.5
5800.0
7921.0
7512.5
3237.5
7392.5
6169.5
5968.0
6263.0
5676.0
6868.5
6017.0
6782.5
6137.5
7929.5
7005.0
7102.5
8964.0
6865.0
5350.5
5110.5
365.5
7075.5
0
8256.0
6291.5
5125.5
5101.5
6501.0
6387.5
7691.5
7675.0
7535.0
6489.0
6649.5
7371.0
5775.0
7365.0
8437.5
6914.0
5125.5
8193.5
7968.5
5967.0
4909.0
8266.5
0
7509.0
6687.5
7225.0
7311.5
7186.5
0
7553.5
5923.0
7292.0
8371.5
4864.5
6552.5
6150.5
5863.5
7784.0
4601.0
7295.0
5717.0
6530.0
7866.5
5256.5
4406.0
8520.5
8386.5
9189.5
5662.0
5252.0
7861.0
7650.0
6890.0
11364.5
7128.5
7683.0
7159.5
6076.5
5626.0
9523.5
7468.0
7598.5
5611.0
6405.0
3457.0
7167.5
6399.5
6590.0
5938.5
0
5251.5
7581.5
6582.5
6967.0
5269.5
7894.0
6782.5
7238.5
7997.5
7812.5
1647.0
6997.5
68.0
8525.5
6935.5
8387.0
7697.0
6417.0
7044.5
7033.5
7433.5
6679.5
4845.0
9825.5
4536.0
7082.5
7391.0
4945.0
3606.5
6548.0
6978.5
6205.5
7602.0
5490.5
1406.5
7823.5
8547.5
4388.5
6964.0
6663.0
5295.5
6711.0
6192.0
7077.5
68.0
4871.0
5774.5
7978.0
6942.0
6278.0
5813.0
4128.0
6909.0
6949.0
5780.5
5057.5
7325.0
8335.0
4408.5
419.5
7097.5
6810.5
6419.5
7525.0
6285.5
8502.0
7772.0
6609.5
6705.5
9744.5
7089.0
6480.5
3440.5
7440.5
4185.5
0
8087.0
6774.5
9132.5
7670.0
0
6838.5
2248.5
9104.5
9195.5
7694.0
8073.5
7654.0
7318.0
5925.5
9011.5
0
6926.5
7690.5
4665.5
7447.5
6681.5
4323.0
9182.5
7039.5
8211.0
1918.0
5735.0
6773.5
9394.0
6069.5
3607.0
6275.0
7203.0
9174.0
4961.5
6381.5
7911.5
4741.0
0
7825.5
0
8487.0
9277.0
7384.0
5494.0
7831.0
2901.5
8085.0
6333.5
6263.0
68.0
7428.5
5623.5
7796.5
6407.0
6839.5
7187.0
6962.0
5623.5
7675.0
7757.0
3589.5
9345.5
9082.5
5642.5
7821.0
3474.5
10196.0
6946.5
0
5694.5
7766.0
6877.5
8410.0
8309.0
8626.5
7475.5
5776.0
8862.0
7333.0
6488.0
6996.0
10238.5
6723.0
6633.5
6927.0
6090.0
6520.5
6996.0
7430.0
8110.0
7218.5
6999.5
6594.0
6605.5
419.5
7471.0
8608.5
8988.5
6956.0
7149.5
7974.0
9356.0
7439.5
8002.0
7193.5
6872.5
7604.0
7208.5
10107.5
6169.0
6576.5
6090.0
5156.0
6143.5
6009.5
6042.0
2781.5
8825.5
8639.5
6902.0
8179.0
6913.5
6606.5
5334.5
6373.5
7531.5
10268.0
6143.0
10191.0
7899.5
4225.0
7660.5
0
4234.0
7195.0
2527.0
7377.5
0
6051.5
9645.5
7934.0
6273.0
8078.5
6657.0
7390.5
6636.5
8692.5
7019.5
5676.5
5528.0
6253.5
7217.5
8231.5
6975.0
10401.5
6549.0
7131.5
5869.5
6682.5
5272.0
9333.0
8279.5
6141.0
8884.0
438.5
6747.0
6892.0
7475.5
8621.0
9365.0
8347.5
6657.0
5934.0
4094.5
6911.0
7086.5
7580.5
407.0
7498.0
7777.0
8196.5
8064.0
4479.0
7535.5
9459.0
8020.5
5904.5
3535.0
6814.5
7138.5
7155.0
6181.5
0
7865.0
7148.0
8065.0
6535.5
6159.5
7560.5
3149.0
7529.0
6516.0
0
5934.0
6254.0
10191.0
8130.5
4023.0
5663.5
8141.5
9216.5
5906.0
7303.5
9570.0
8157.0
5408.5
7080.5
5936.0
7414.0
6632.5
7446.0
5605.5
6944.0
5029.5
8446.0
7664.0
7556.5
6007.0
8468.0
8513.5
2408.5
6651.5
10048.0
7336.5
5626.0
5981.5
2254.5
7206.5
9256.0
4604.5
8309.0
8153.0
9245.5
8269.5
4693.5
7140.0
7235.0
10070.0
8594.0
7299.5
7009.5
4828.5
4961.5
6941.0
7388.0
5931.5
6483.0
6021.0
5542.0
7593.5
4737.0
789.0
7150.0
5748.5
8273.0
4375.0
7999.0
7155.5
6473.5
2218.0
6831.0
419.5
6755.5
7096.5
6124.5
8664.0
4627.0
6959.0
6312.5
6236.5
0
8434.5
7204.0
1032.0
8310.0
5861.5
6238.0
6495.5
68.0
8908.5
6395.0
6182.0
5236.0
6342.5
6207.0
6203.5
8468.5
6475.5
5930.0
5904.5
6589.5
6688.5
5623.5
5050.5
6741.0
5720.5
8313.5
7775.0
6071.5
10181.0
5983.5
5215.5
9620.5
8706.0
7827.0
581.0
3387.0
6537.0
3565.0
8241.0
6059.5
7418.5
2442.0
9244.5
6391.0
10071.0
7477.5
7849.5
6200.5
5496.0
10060.5
2962.5
6425.5
7185.0
4864.0
10060.5
8344.5
2447.5
0
6508.5
7426.0
5430.5
7754.5
8690.0
9009.0
7375.5
790.0
6789.0
5870.5
511.0
1054.5
7716.5
6679.5
10734.0
6462.0
9109.0
6827.5
8831.5
5691.5
8806.0
6109.5
6974.5
7977.0
7285.0
8374.5
6553.5
7490.0
2157.0
6911.0
8127.5
9121.5
5765.0
10835.5
7480.5
6629.5
10919.0
9043.5
9943.5
7547.5
5933.5
4823.5
7552.5
6955.0
5799.5
1721.5
6573.0
7854.0
5852.0
8015.5
6223.0
7144.5
8264.5
6701.0
6875.0
6673.5
6340.5
7686.5
6295.5
5845.0
5381.0
6234.0
9469.5
6257.5
6430.5
8688.0
7716.0
8194.5
10939.5
5926.5
5719.5
8063.0
5198.0
9087.5
6619.5
9778.5
8773.0
2536.5
8194.5
6913.0
5262.5
7356.5
7714.0
8147.0
5803.0
7197.0
2463.5
5935.0
6065.5
7713.5
8566.5
4981.5
6352.5
9564.5
8976.5
7120.5
5325.0
7829.5
7704.5
8172.5
8122.0
7180.0
1124.0
4943.5
5924.0
8060.5
6311.0
6635.0
5773.0
7637.0
8365.0
5871.5
9580.5
6814.0
2170.0
0
8071.5
7084.5
4467.0
5871.0
5975.0
7107.0
5401.0
6665.5
6798.0
1032.0
7031.5
1851.0
7838.5
6638.5
4230.0
8734.5
6674.0
7727.0
8384.5
8096.5
5553.5
7043.0
7436.0
10337.0
7258.5
7726.0
1490.0
8271.0
5625.5
8121.0
7735.5
6252.0
7118.0
5802.0
9608.5
3333.5
5789.5
2126.5
7819.5
7290.5
7684.5
8640.5
10065.0
3062.5
2289.0
6163.5
10057.5
1075.0
7704.5
365.5
7728.0
7112.5
2477.0
7584.0
7563.5
424.0
7422.5
6836.0
9249.0
3570.5
8634.0
6015.5
6401.5
7684.0
7216.0
7245.5
10120.0
9404.0
7011.0
7587.5
7346.5
6739.5
8449.0
0
5790.5
6920.5
8829.5
6883.0
8425.5
8217.0
4649.5
5520.0
8630.0
7152.5
8935.0
9363.0
5551.5
5574.0
7442.0
5199.0
8010.0
7714.0
9355.0
10362.0
6935.0
3305.0
5315.0
6341.0
7950.5
6086.0
10324.5
4233.0
7938.5
7545.5
7007.0
5780.5
6152.5
6072.0
9151.0
829.5
6007.0
8247.5
8234.0
8179.5
5722.0
5107.5
8528.0
7428.0
9012.0
7145.0
8122.0
3998.0
8139.0
5170.0
7204.0
7017.5
6196.0
794.5
792.5
6584.5
9352.0
2867.5
12523.5
6229.0
8755.0
6382.5
5048.5
7343.5
7241.0
5324.5
4695.0
6422.5
4583.5
7758.0
6188.0
8710.5
0
6974.0
8339.5
6146.0
6663.0
8178.5
6976.0
300.5
6755.0
5901.5
0
3102.0
6611.0
6529.0
7114.5
6244.0
6885.5
4301.0
6246.0
68.0
8557.5
4964.0
6200.0
10206.0
6794.0
438.5
7901.0
9067.0
5606.5
7392.5
6870.0
4218.0
1992.0
4198.0
7398.0
8976.0
8684.0
0
6705.0
8383.0
6374.0
10055.5
4953.0
7307.5
6895.0
8235.5
6978.0
6624.5
4740.0
6843.0
6972.0
9907.0
5335.0
7850.5
6680.0
9186.0
6753.5
7081.5
9878.0
6204.0
4575.0
5385.5
4844.0
5823.5
5833.0
7725.5
7487.0
10225.5
5182.0
383.0
6339.0
8487.0
6982.0
4816.0
1285.5
7533.5
8278.0
5959.5
7534.0
8310.5
7207.5
2593.5
6212.0
7700.5
6914.5
5013.0
6417.0
1546.0
6496.5
4784.5
3287.0
2088.5
7572.5
2957.5
6264.0
7327.5
8955.5
8164.5
0
6071.5
0
771.5
1067.5
8110.0
3440.0
5310.0
10214.0
0
0
6321.0
3567.0
6318.0
4198.0
1759.5
7460.0
6339.5
5907.5
2827.5
7800.5
6845.5
0
6296.0
0
6254.5
9049.0
1087.5
7129.0
4282.5
6717.0
3367.5
8186.5
6901.0
6100.0
7756.0
7864.0
6935.5
8161.5
7041.5
6854.5
5634.5
10268.5
8737.0
7607.0
7272.0
5145.0
6459.5
6387.5
4547.0
8871.5
9131.0
6526.5
4223.0
126.5
8145.0
6049.5
9182.0
5659.0
7914.5
6645.0
0
6528.0
3699.0
9273.0
10021.0
5221.5
7232.5
7902.5
9577.5
6320.0
7138.5
7483.5
5280.5
7561.0
4775.5
7412.5
9214.5
5110.5
10429.5
5456.5
7233.5
6855.5
7805.0
9011.5
8813.0
4912.0
7841.5
6776.0
9197.0
6206.5
7120.5
8483.5
7489.0
6542.0
8008.0
11040.0
4814.5
7405.5
6155.0
8154.5
6014.5
5587.0
4141.5
6733.0
11857.0
6465.5
8548.5
646.0
8312.0
6167.0
8412.5
4993.5
5671.0
6079.5
8119.5
5429.5
3221.5
6114.0
5656.0
6279.0
4719.5
3478.5
7983.5
5810.5
68.0
5656.5
6673.5
4479.5
3422.5
5759.0
8539.0
6509.5
6079.0
9283.0
6386.0
5219.5
8100.5
4740.0
8692.0
8746.0
3922.5
6400.0
8145.0
8692.0
8404.5
6755.5
7391.5
5647.0
7432.0
7943.5
8112.0
0
6764.0
6935.5
6660.5
0
6919.5
5888.5
8763.5
3106.0
6284.0
5907.5
8206.5
7900.5
6034.5
10200.5
7063.5
0
7736.5
6976.0
6870.0
8851.5
8490.0
4151.0
8057.0
5684.0
8669.5
5723.5
7782.0
2515.5
9319.5
6225.5
9348.5
7491.5
5688.0
8604.5
7766.5
7788.0
6754.5
6183.5
0
5953.0
8267.0
9198.0
5950.0
7493.5
7205.0
6757.5
3442.5
8765.5
7577.0
9445.0
6434.0
8273.0
5685.5
9014.5
5141.0
5369.5
7431.0
7368.5
8005.0
11380.0
7490.0
8712.5
8558.0
6532.0
10493.5
4587.5
5874.5
0
5705.5
6106.0
6576.5
8544.5
7433.0
6088.5
3323.5
6270.5
8302.0
7166.5
8576.0
7035.5
7516.0
7187.0
7554.5
7993.5
7723.5
7247.0
4856.5
7123.0
5570.0
6768.0
8088.5
5607.0
7439.5
6411.0
8090.0
0
5516.5
6291.0
6974.0
6664.0
6943.5
4197.0
9962.5
8492.0
6564.0
5793.0
8012.0
7231.0
0
126.5
2648.5
7360.0
8572.0
7729.5
9130.0
0
7896.0
8884.0
7783.5
5532.0
0
9063.5
6668.0
7578.5
5821.5
7115.5
6343.5
0
7333.0
6090.0
3547.0
6707.5
5220.5
9312.5
0
8048.5
8622.5
8327.0
7236.5
5792.5
6244.5
2654.5
2512.5
6415.0
7015.5
7354.0
3419.0
3206.0
9120.5
4465.0
68.0
7915.0
6528.0
7407.5
6715.0
7930.0
5360.0
4953.5
4930.0
7280.5
5438.5
5899.5
7117.0
5765.5
7377.0
7089.0
9636.0
4516.0
0
2905.0
5839.0
2688.0
7358.5
2446.5
7344.0
8424.5
5650.0
8997.0
4765.0
7758.0
0
6200.5
7913.0
1033.0
6821.5
6872.0
8288.0
8918.5
7836.5
0
5288.0
5527.5
5220.0
0
6671.0
6267.5
5598.5
3409.5
7192.5
1177.0
6469.0
7899.0
8618.5
6258.0
6504.5
6719.5
4881.0
6892.5
6670.0
5719.5
4301.0
5626.0
9401.5
9613.0
4233.5
8334.0
5904.5
6254.0
5860.5
8081.5
10306.5
7868.0
5840.5
6697.5
6195.0
1127.0
8308.0
6720.0
5845.5
6163.0
5472.0
9307.5
5302.0
5834.0
7395.5
6833.5
5053.5
4963.0
5806.0
7615.5
6276.0
7734.5
7896.0
9588.0
8081.0
0
7654.0
6510.0
7098.0
7999.0
6871.0
8297.0
0
5708.5
0
7196.5
7278.5
5258.0
8783.0
7594.5
9935.5
7325.5
6971.0
10901.5
4147.5
9270.5
6457.0
5436.0
6317.0
8425.0
7634.5
6034.5
6811.0
9401.5
9688.5
6811.5
4735.5
4401.5
4608.0
4685.5
5920.5
3087.0
6290.0
8648.0
6470.0
7672.0
4536.5
6311.5
6878.0
7277.5
6676.5
8101.5
8727.0
0
7481.0
6635.0
6874.0
8249.5
9656.0
8812.5
7007.0
7585.5
6770.5
10211.5
4853.0
6946.5
8122.5
7916.5
6792.0
3109.5
7253.0
700.0
7741.0
6727.0
10502.5
365.5
5531.0
2771.5
7927.0
8137.5
9384.5
2364.5
6524.0
0
4413.5
9044.5
4198.0
6372.5
8477.5
5292.5
7526.5
6951.5
8274.0
6848.0
6608.5
8867.5
5866.5
8035.5
7774.0
6887.5
0
7487.5
7137.5
6106.5
2689.0
8566.5
4903.5
8762.0
6910.0
6151.5
7451.5
9509.0
5882.0
6069.5
10122.5
6248.5
5624.0
5685.0
5886.0
7434.0
8113.5
9430.0
10338.5
7696.0
6051.5
7270.0
6659.5
6603.5
10117.0
6521.5
9112.5
1096.5
5570.5
6237.5
9178.5
5870.0
10118.5
4463.0
7206.0
8657.5
4211.0
6169.0
5336.0
6437.5
10733.5
6516.5
5740.0
6364.0
6323.5
6199.0
6021.0
7487.0
5096.5
5240.5
2912.5
7113.0
5886.5
5816.5
0
9251.5
5182.0
5755.0
5722.0
7765.5
5625.5
9652.5
7906.0
5639.5
7823.0
6257.5
6545.0
6323.5
6588.0
8113.0
10263.0
10609.0
6946.5
0
0
6850.5
5964.0
7137.0
6497.5
5443.5
7934.0
0
5723.0
10480.0
5674.5
7561.5
8193.5
10998.5
4933.5
5821.0
10795.0
3289.5
6977.0
7897.0
10795.0
7130.0
7524.0
3495.5
5605.0
8781.0
7247.5
7637.0
6649.0
0
6682.0
7082.5
4819.0
7741.0
6302.0
6497.0
6737.5
3792.0
5054.5
5904.0
7545.5
5692.5
8301.0
8138.0
4271.0
6282.0
10525.5
6396.5
3477.5
6365.5
6141.0
6863.5
6514.0
5735.0
5952.5
3906.5
6368.0
8161.5
0
7057.5
6661.5
4768.0
6072.0
7280.5
4098.5
6109.5
5835.5
10200.5
5773.5
8513.0
6617.0
7760.0
6612.0
6915.0
9371.5
7585.5
7810.0
7054.0
8013.5
5418.5
8177.5
5755.5
8158.0
6799.0
3209.0
7864.0
0
8038.5
8888.0
7438.5
7468.5
7698.5
7687.5
6118.0
6277.5
9471.5
6402.5
7252.5
7343.5
7238.0
7285.5
6080.5
4993.5
7630.5
7188.0
5226.0
7708.0
5670.0
6164.5
5389.0
7379.0
7040.5
3856.0
6537.0
7602.0
5746.0
7245.5
8624.5
0
0
6878.5
7162.5
6145.0
4629.5
7489.0
6783.0
8476.5
0
8677.5
6860.0
5355.0
7220.0
5435.5
6951.5
4278.0
5377.5
7169.0
7742.5
7916.0
5059.5
4448.5
6164.5
7449.0
6062.5
8848.5
7276.0
5165.5
9013.5
6117.0
5880.5
4432.5
7005.5
3018.5
6249.5
6159.5
5911.5
7593.0
8652.0
10161.0
5760.5
2107.5
8214.5
0
7371.5
7871.5
8682.0
5767.0
5787.0
10159.5
7645.0
6946.0
7621.0
10194.0
6373.0
7086.5
6049.5
6830.0
0
6551.0
7154.0
5315.0
6456.0
6111.0
6804.0
8682.0
5690.0
9650.5
6009.0
4699.5
4984.5
6824.0
8211.0
5569.5
7499.0
5796.5
5870.0
8553.0
9601.5
5418.5
5869.5
5764.0
5233.5
6677.5
7043.0
68.0
6791.0
8763.5
6137.5
9101.5
7725.5
5884.5
8553.5
7517.5
10358.0
7431.0
4172.0
5810.0
8546.5
6950.0
7043.0
7168.5
6167.0
6732.5
8798.5
6009.5
7529.0
6773.5
7872.0
8254.5
7369.5
5313.5
6585.0
6792.5
8230.5
6186.5
6103.0
8421.5
7322.0
7077.5
5529.0
7061.5
6928.0
6302.5
6404.5
0
5293.5
7029.5
6593.5
6590.0
9013.0
7331.5
6274.0
6733.0
7815.5
7802.5
5772.5
7072.0
7318.0
7865.0
6713.5
7782.0
5209.5
6473.0
6597.0
9474.5
4650.5
5797.0
7129.5
5641.0
8221.5
7744.0
4006.5
5556.5
5497.5
7957.5
6274.5
6321.0
6458.5
5977.5
8452.5
6186.0
7447.5
7175.5
7236.5
8837.0
8296.5
6109.5
5521.0
7958.0
8163.5
8227.0
5652.5
5680.0
10485.0
3815.0
5660.0
6652.5
8430.5
8384.5
7539.5
4925.0
7463.5
6561.5
7866.5
8142.0
6239.5
6755.5
7715.5
8570.0
6700.5
8480.0
0
3698.5
7130.5
7272.0
4200.5
0
7797.0
7094.5
7735.5
6497.5
7637.5
6629.0
7666.0
5422.0
7683.0
7963.0
7719.5
11034.0
0
6911.0
6324.0
8033.0
126.5
7264.0
5070.5
8362.5
448.5
7521.5
3900.0
7665.0
6144.0
3203.0
7036.0
5917.5
5845.0
3067.0
6501.0
6071.0
9289.5
6183.0
0
3959.0
7862.5
6852.0
8060.0
8600.5
4706.5
7433.0
1934.0
8645.0
7876.5
6827.5
9508.5
7815.0
5508.5
6925.0
5757.0
4570.0
1534.0
6261.5
5764.5
3466.5
7075.5
4366.5
3925.0
6690.0
6463.0
9905.5
7626.5
424.0
5126.5
0
6507.0
9224.0
8493.0
7004.0
8480.5
7163.0
7793.0
2903.5
6724.0
9912.0
6262.5
8781.5
7607.5
7133.0
6181.0
0
5717.0
5735.0
3495.0
7530.5
9333.5
9821.5
8386.5
6199.0
9397.0
5938.5
5801.0
8477.5
6650.5
0
8932.0
7379.0
4161.5
9123.5
7391.5
6112.5
6127.0
6787.0
5090.0
7290.5
7976.5
7986.5
7018.5
0
8621.0
9160.5
4505.5
6051.5
8034.5
7326.5
7598.5
10117.0
7886.0
6582.5
6069.0
8329.5
8817.5
6499.0
5754.5
8799.0
9076.0
6502.5
5948.0
5898.0
7817.0
10892.0
3257.5
126.5
7966.0
8608.0
7792.5
4547.0
0
1936.0
5643.0
6751.5
6882.5
9487.5
0
8896.0
7843.0
7001.0
8473.0
7047.0
5970.5
6760.0
6248.5
5628.5
6438.5
7781.5
5820.5
6967.0
6848.5
8236.5
8486.5
7170.5
10452.5
1443.5
7062.0
6766.5
7431.5
7955.5
2591.5
8438.0
6470.5
7921.0
7926.5
4859.5
6698.5
7034.0
7215.5
8658.0
5834.0
7549.0
7205.5
5486.0
5679.5
9914.5
8141.0
8008.5
10847.0
6811.5
10187.0
7265.5
1058.5
0
7336.5
0
5645.0
6680.5
6051.5
4668.0
7654.0
8927.5
7045.0
6424.0
9165.5
0
5698.0
6668.5
5345.0
8108.0
8516.5
6845.5
9278.5
4623.0
7032.0
7277.0
6189.5
7486.0
68.0
6013.0
0
6565.0
5465.5
7535.5
6517.5
6697.0
6310.0
7764.0
4901.0
4197.5
3816.0
6609.0
6181.5
7389.5
7614.0
9318.5
9225.5
9217.5
7686.0
1087.5
2896.5
6940.0
10415.0
6397.5
5169.5
7185.0
9921.0
8350.5
8910.0
6451.5
4801.0
2442.0
5993.0
5548.5
8339.5
6226.0
6652.0
5935.5
5884.0
0
6261.0
5914.5
6799.0
10401.5
6490.5
7731.5
6556.5
6478.5
7121.0
6692.5
7782.0
4274.0
5687.0
6274.5
6795.0
7221.5
7526.0
7050.5
7372.5
6092.5
3682.5
5587.0
9736.0
6135.0
6963.5
6300.5
5652.5
2512.0
8996.5
6862.0
6459.5
6520.5
10173.0
7343.0
6187.5
8334.0
3410.5
6751.0
7061.0
8994.0
6428.0
7014.0
9053.5
1160.5
6557.5
7407.5
3164.5
7993.5
6203.0
9063.5
7867.5
6322.5
7463.5
6853.5
6868.0
6433.0
5969.5
10888.0
6592.0
7364.5
7698.0
9825.0
7971.5
7857.5
3831.0
5923.5
7811.0
7057.0
7002.5
8100.0
6804.5
6635.0
7074.5
6995.5
8258.0
7427.0
1081.0
6685.0
8025.5
7874.0
0
9294.5
8416.5
6965.0
8986.5
5602.5
5809.5
5407.0
7445.0
6065.5
6750.5
6589.0
9604.5
7536.5
6351.0
7112.5
7884.5
7812.5
8621.5
10637.5
5547.5
365.5
7508.0
6407.5
5775.5
7306.0
8374.5
8039.0
6109.0
5804.5
7963.0
5601.0
6750.5
9625.5
7804.5
7386.0
6313.0
5725.5
8468.5
7736.0
8003.0
407.0
5990.0
6593.0
6343.5
9241.5
6404.0
6281.0
5842.5
7434.5
5591.5
9969.0
9411.0
2902.5
4994.5
0
5869.0
6075.5
6994.5
5531.5
0
0
1423.5
5813.0
5059.5
7395.5
8180.0
8378.0
5310.0
8016.0
8416.5
7159.0
6595.5
1012.5
7398.0
6510.0
7455.5
5362.0
5496.5
7294.5
8332.5
8840.5
7757.0
10329.0
6860.0
6424.5
6005.0
4909.5
8269.5
4749.5
7796.0
7317.0
8689.0
5885.0
5737.5
5672.5
3885.5
6684.5
7699.5
2515.5
0
7698.5
7828.5
8329.0
6298.0
6647.0
0
5721.0
5999.0
5766.0
7776.0
7310.0
8407.5
6335.5
8108.5
7389.5
5738.5
7661.5
8795.0
7891.0
7498.0
7228.0
1811.5
8864.5
5398.0
6221.5
2287.5
7607.5
4744.0
6726.5
9569.0
7529.5
3621.0
10943.0
5804.0
7664.0
6126.0
7076.5
9758.0
6775.0
5091.5
8207.0
10060.5
7823.5
8256.5
6245.0
9293.0
9811.5
7268.5
6166.0
8975.5
0
7571.0
6661.5
3889.5
5503.0
7871.0
4573.5
6354.5
6200.5
7105.5
7003.0
5325.0
3477.5
4187.5
6010.0
7631.5
8903.0
1390.0
6736.5
5503.5
6771.5
3889.0
9982.0
8006.5
1833.5
7232.0
10379.0
4583.5
6547.5
5831.0
7368.0
4472.0
5901.0
9903.0
10316.5
7472.0
7739.5
10231.5
7191.5
5893.5
5054.0
6518.5
6110.0
10409.0
2284.5
6681.0
7256.5
0
6682.0
8697.5
4049.5
7245.0
0
8635.5
5957.0
7578.0
9288.5
8345.0
7262.0
6588.5
7763.5
6192.0
5536.0
8297.0
8359.5
2038.0
8055.0
8414.5
9001.0
5656.0
6071.0
5788.0
6132.0
8152.0
6089.0
10492.5
7965.5
7912.5
4348.0
9663.0
1808.5
10392.0
9111.5
0
10496.0
9945.0
4804.5
6694.5
7436.5
8640.5
6246.5
5758.5
6662.0
6919.5
8364.5
9258.0
7181.5
68.0
8152.5
6171.5
2205.0
9427.5
6568.5
6570.0
6991.5
0
6935.0
5274.0
8291.5
6895.5
5579.5
0
7998.0
9400.0
10092.0
11105.5
7498.5
7958.0
9735.0
7004.0
6550.5
6778.0
7493.0
0
6106.0
7701.5
5606.0
5640.5
9659.0
7470.5
7727.5
7660.0
7960.0
6844.5
7138.0
2533.5
9506.0
3389.5
7418.5
6143.0
9236.5
7509.5
6086.0
6076.5
6794.5
0
5546.5
5082.5
2348.5
7680.0
4644.0
6331.5
9000.5
6924.0
8181.0
6795.0
7616.0
7071.0
6504.5
7495.0
5527.5
9036.5
6239.5
4963.5
5440.5
1551.5
3887.0
3515.0
7921.0
8802.5
6080.0
6314.5
243.5
6760.5
6147.5
6930.5
5899.5
6642.0
7308.0
5094.0
6281.0
7359.0
7028.0
7805.0
7530.5
8123.0
8336.5
7783.5
9785.0
5114.5
6132.0
7234.5
8012.5
6156.5
5796.0
6628.0
6755.5
7590.0
5273.5
6920.5
7404.0
7533.5
7361.5
5202.0
3491.5
7433.0
8035.5
300.5
5219.5
6519.0
6157.5
6662.0
8083.5
6001.5
6192.5
7364.5
7200.0
7189.5
8861.0
7200.5
7757.0
8409.0
6770.5
1227.0
8556.0
9523.0
8103.5
10181.0
7764.5
7295.0
6826.0
8070.5
8838.5
7568.5
6785.0
7279.0
6456.0
3183.0
8038.0
2859.5
3732.0
6586.5
6276.0
7063.5
8168.0
7104.5
7958.0
6352.5
7870.0
6098.5
10846.5
7244.5
5360.0
7228.0
7263.0
6756.5
8826.0
7469.5
9063.5
9941.0
5108.0
5770.5
7923.5
8783.0
6617.0
3739.0
6203.5
7425.0
10351.0
7354.0
6257.5
9096.5
9287.5
2957.0
6325.0
6922.5
6346.5
10083.5
7057.5
7007.5
6237.0
0
7522.0
5270.0
8991.0
7468.0
9982.0
7037.0
7541.0
6409.0
7063.0
7379.0
2225.0
6780.5
5165.5
1109.5
5810.0
6169.0
6040.0
5663.0
8072.0
9340.0
7088.5
7615.5
8221.5
0
6089.0
8296.0
10018.5
10056.0
6852.0
6539.5
2198.5
6440.0
6516.0
4353.0
6377.0
6430.5
6455.0
8084.0
6981.5
7422.5
6934.0
5621.5
7883.5
7162.0
8124.0
6485.0
793.0
10282.5
7040.0
9766.5
9158.0
8157.0
8032.5
7944.5
8289.5
10481.5
7109.0
7311.5
5837.5
7911.0
0
7880.0
524.5
3183.5
7031.5
4939.5
7854.5
5737.0
8892.0
7049.0
8116.5
6974.0
9381.0
7880.0
8037.0
7120.5
1831.0
2494.0
2882.0
3905.0
8464.0
5532.5
8280.0
5758.5
7976.0
7251.5
0
8621.0
5201.5
6565.0
6971.5
8233.5
6429.5
8068.5
4555.0
6240.0
6823.0
4537.0
8175.5
7160.0
4253.5
6566.0
5893.0
5325.5
8797.5
10468.0
9922.5
7897.5
6785.5
7160.5
5528.0
8428.0
6174.0
7244.0
8845.0
5954.0
5650.0
4076.0
7999.5
9949.0
3910.0
10158.5
6351.0
5610.5
11338.0
6210.0
9402.0
9167.5
0
6943.0
5376.5
5279.0
8282.5
5166.5
7314.0
7545.5
7313.5
2211.5
7029.0
10514.0
8926.0
6611.0
3665.0
5344.5
8783.5
6099.0
0
2815.0
6529.0
5877.5
7674.0
2183.5
2125.0
419.5
5850.0
8167.0
7798.5
1991.0
9289.5
7823.5
7950.5
7903.0
0
5601.0
10888.0
6857.0
1828.5
6584.0
2851.0
10250.5
8530.5
0
8974.0
9789.0
2426.0
1806.5
5699.0
4239.5
5896.5
6282.5
6662.5
7002.0
0
7552.0
10506.0
5849.5
9459.5
6617.0
4616.0
7764.0
7212.0
6296.5
6568.0
7934.5
7214.0
6207.5
6269.0
6380.5
4143.0
8608.0
7743.0
6340.5
6063.0
6990.0
7627.5
3848.5
6015.5
8653.5
7694.0
3567.5
4642.0
7843.0
9304.5
7642.5
7808.5
1756.0
10233.0
5754.5
4595.0
8957.5
8536.5
8434.0
7569.5
6851.0
6759.0
6619.0
6746.5
6867.0
6660.0
1401.0
8690.5
5952.5
6644.0
7723.0
7202.0
8149.5
8743.0
4618.5
5959.0
2938.5
7664.5
8962.5
6740.0
0
7069.0
6958.5
8102.5
5484.0
5256.0
7867.0
5937.5
7313.5
5626.0
7054.0
1794.5
5386.0
7294.0
7522.5
7545.5
10024.5
6763.5
794.5
9894.0
7222.5
7323.5
7106.5
8123.0
7909.0
1858.0
6019.0
7721.0
7061.0
6769.5
5666.0
6913.5
5886.5
7041.5
6132.5
4706.5
7502.5
8079.5
8391.0
4198.0
0
7155.5
7636.0
7157.5
10522.5
6813.5
3550.0
7256.5
5738.0
6037.5
3065.0
4820.5
2882.0
6844.0
4214.5
9205.0
5675.0
3148.0
6110.0
4944.5
6650.5
6666.5
10283.5
9130.5
8191.0
0
5906.5
2872.0
6830.5
5439.0
3532.0
5626.0
7337.5
8633.5
5589.0
6923.0
7360.0
1054.0
424.0
5646.5
6565.5
5849.0
10154.0
5274.0
8155.0
7611.0
6544.0
11381.0
6945.0
5731.0
9847.0
7583.5
4215.5
6705.0
5995.0
6488.0
10296.0
7174.5
6143.5
10506.0
6467.0
1331.0
6445.0
6552.0
3551.5
7935.0
5005.5
5810.5
6086.5
5583.0
10461.0
4439.0
5832.5
5866.0
7561.5
6541.0
9249.0
9977.5
2804.5
0
5522.0
6286.5
5591.5
4354.5
5552.0
5528.0
7621.5
7754.0
7583.5
9090.0
7047.0
6589.5
9043.0
7290.0
6479.0
9464.0
5588.5
8209.0
6677.5
9013.5
5897.5
5713.5
7016.5
7428.5
9892.5
6622.5
7935.0
0
5555.5
8085.0
6466.0
4415.5
8220.5
6871.5
5700.0
8968.0
6272.5
6066.0
7495.5
6792.5
8058.5
10065.0
3920.0
5290.0
4292.0
4713.0
6742.0
7565.5
663.0
4698.5
6462.0
6787.0
8673.5
9724.0
4851.0
8903.5
7006.5
2258.5
8976.5
7900.5
4306.5
8865.5
7501.5
6164.5
7420.5
6668.0
8326.0
10390.5
5781.5
6348.0
7023.5
5469.5
6463.5
7962.5
5591.0
2648.5
10146.5
4295.0
7201.0
10115.0
8699.0
5875.5
5582.5
8049.0
5866.5
6318.0
0
6615.5
10108.5
6368.5
2791.0
8650.5
1087.5
10171.5
1795.5
6942.0
6961.0
6341.5
7860.5
7546.5
7219.5
7444.5
4331.0
7225.5
6214.0
9494.0
7911.0
0
2504.5
5934.0
5773.0
10226.0
7039.5
6773.0
10520.0
6868.0
4042.5
6492.5
7372.5
7222.0
6124.0
7180.5
5068.0
6232.0
6880.5
7939.0
4836.0
10085.5
6920.5
10314.5
5278.5
8323.0
7509.0
7336.5
7467.5
6243.5
8165.5
7241.0
7943.0
7612.0
7526.5
5740.0
0
6355.0
6535.5
8350.5
6561.0
10346.0
6344.0
5541.5
6108.0
0
0
7371.0
4004.5
10494.5
8792.5
5773.0
8599.5
5845.5
8659.5
5832.5
10513.5
3219.5
7328.5
6018.0
6861.0
6519.5
6238.0
2718.5
3589.5
5660.0
7766.0
6863.0
7731.5
7680.0
4904.5
8747.5
2733.0
6045.0
7420.0
6206.5
6788.0
7302.5
3364.0
4957.0
441.5
7713.0
5872.5
5942.5
6470.0
10068.0
6846.0
1980.5
6381.5
6109.0
794.5
6601.5
7689.5
6147.0
5796.0
8473.5
6836.0
10506.0
10395.5
6946.0
0
8090.5
2291.5
6681.0
6255.5
6976.5
6244.0
8155.0
6129.0
1141.5
3090.5
8159.0
10101.5
7719.5
508.5
7812.0
8492.0
6806.0
2644.0
6603.5
8148.5
6497.5
0
6969.5
771.5
2945.0
6087.5
7081.0
6004.0
9216.5
0
6876.5
7426.0
6874.5
1731.5
6576.5
3023.0
6546.5
8305.5
6910.0
6104.5
6242.0
7008.5
2478.0
8565.0
8205.0
7888.0
8142.0
8881.0
0
5167.0
10234.5
5335.5
10049.0
0
6536.5
9776.0
4802.0
9102.0
8250.0
8551.5
5633.5
6646.0
5937.5
3733.0
6798.5
5522.0
4588.0
8015.5
3644.0
9813.5
9559.5
5443.0
5811.5
10162.5
9587.5
5604.5
2825.5
7101.5
8346.5
7516.5
0
5243.0
9317.0
4756.0
0
6887.5
6655.0
6968.5
7671.0
138.0
9905.5
8218.5
8742.5
8415.0
8542.5
7732.5
6798.0
7698.5
7054.0
7529.0
3945.0
8194.5
7071.5
5329.0
10244.5
7119.5
8629.0
6887.5
6713.5
6176.5
10128.5
7239.5
1129.0
9402.0
8154.0
6432.0
6980.5
7301.0
6680.0
6588.5
6753.0
5697.0
9785.5
4998.0
6418.0
5576.5
10112.5
6969.5
1860.5
8449.5
8942.0
3795.0
9242.5
10507.5
7786.5
7588.5
10145.0
7426.0
8561.0
4833.0
7555.5
7476.0
7106.5
5435.5
8033.0
6371.5
11250.5
4662.5
7469.0
7215.5
6573.5
8385.0
7227.5
9869.5
6722.5
5702.5
7139.0
8100.5
5912.0
0
5849.0
6215.0
0
3125.5
6368.0
7007.5
8269.0
8243.0
3917.0
7030.0
7864.5
6663.0
7080.5
5083.5
10468.0
5531.5
7156.0
8205.5
6915.0
7892.5
6792.0
7975.5
7127.5
6379.0
8800.5
6624.5
10539.5
7742.0
6057.0
7436.5
7599.0
0
8523.0
9283.5
7640.0
6290.5
9541.5
5976.5
5968.0
7254.5
7382.5
3110.5
8104.0
3865.0
7020.5
841.5
8766.0
6616.0
6292.0
7158.0
9371.5
6258.5
10038.5
6889.5
9071.0
8296.0
6871.5
10957.0
6093.5
6223.0
6684.5
6799.0
719.0
8806.0
7421.5
8789.0
8532.5
6252.5
5820.5
8994.5
3891.5
11057.5
6562.0
6433.5
8659.5
8764.5
5907.5
6406.5
8004.5
7708.5
5553.5
6928.0
68.0
7025.0
9353.5
7466.0
7026.5
5684.0
7418.0
5848.5
8415.0
8222.5
6955.5
7269.5
6023.0
7579.5
9465.0
6772.0
6537.5
5715.0
6160.0
6145.5
0
4897.5
6678.5
5734.5
5770.0
6302.5
6638.5
9494.5
7280.0
6148.5
5310.0
10963.5
5830.0
11178.5
9932.0
10235.0
6276.0
2432.5
7648.5
2513.0
6163.5
10127.0
7449.5
7798.5
7997.0
8304.0
6315.5
10318.0
8586.5
6881.0
10530.5
5945.0
7426.0
1279.5
6585.0
7688.0
126.5
7791.0
10044.5
7930.5
5662.5
7153.5
7476.5
5126.0
6757.5
68.0
5924.5
7119.5
7069.5
7973.0
10028.0
6436.0
9073.0
5861.5
7924.5
9423.0
5755.5
7783.5
8601.5
7174.5
6868.0
7874.5
5779.5
7836.5
7152.5
5767.5
9510.0
6394.0
5350.5
10575.0
5982.0
9458.0
6223.5
9260.0
9201.0
9807.0
8449.0
3891.5
5602.5
7159.5
7144.0
5939.0
126.5
10074.5
7274.0
5890.0
8315.5
8154.5
8837.0
7514.0
7140.5
8170.0
10184.5
10590.0
6742.5
7140.5
6948.0
438.5
9820.0
6380.5
6442.0
8063.0
10371.5
8570.5
9265.0
6412.5
6949.0
6074.0
5707.5
8233.5
6051.5
5705.5
6709.0
7228.0
10702.5
10192.5
7755.5
2131.5
11393.0
7566.5
0
7667.5
4606.5
8153.5
8900.0
9083.5
5574.5
5590.0
6562.0
5903.5
5645.5
6173.0
8755.0
5035.5
7438.5
8737.0
6228.0
1181.5
7096.0
6399.5
10007.0
4148.0
6102.5
10438.0
7740.5
8974.0
7494.5
7572.0
7306.5
1037.5
5773.0
9131.5
8367.0
7296.0
6506.0
7795.0
5987.5
716.0
9636.0
6011.5
5466.0
7415.0
6793.5
8453.0
68.0
6644.0
5656.5
6598.5
5609.5
3304.5
3526.5
8595.0
7560.5
6102.0
5543.5
8976.5
6691.0
8030.5
6991.5
0
9691.5
489.5
8296.5
6125.0
6663.0
6699.5
6038.0
10348.5
8607.0
5997.0
0
7039.5
6739.5
7998.5
9122.0
6304.0
7628.5
7913.5
5928.5
8122.0
8825.0
6913.5
9523.0
7627.5
7512.5
5525.5
9746.0
8390.5
6272.5
9879.5
7001.0
7788.5
5870.5
5740.5
8543.5
6051.5
9215.0
6989.0
6951.5
2020.0
6900.0
10047.0
7268.0
7140.5
1073.5
7355.0
8766.0
7062.0
7793.5
5112.0
7174.0
6184.0
6873.0
5018.0
8093.0
6599.0
2401.5
7825.0
1193.0
1406.0
6848.5
8252.0
6733.0
6193.0
6836.0
8451.0
9504.0
8233.5
8497.5
7467.0
7336.5
5774.5
6262.0
6702.5
7188.5
8996.5
5588.0
6997.0
8135.0
6891.0
7605.0
6146.0
5443.5
8511.0
6981.0
7577.5
7372.0
8104.5
7483.0
1387.0
6291.0
6092.5
6207.0
7820.0
2215.5
7485.0
5936.0
7357.5
10172.0
7128.5
3290.5
7018.5
6485.5
5421.5
6988.0
6804.5
6355.0
6954.0
3841.0
6608.5
8796.0
5805.0
8271.0
9604.5
9974.0
5548.5
6106.0
5285.5
7955.0
5665.0
7041.5
7461.5
7101.5
5521.5
7280.5
8066.0
7517.5
7008.5
5479.5
7338.0
6455.0
6347.0
8966.0
6725.0
8615.5
6645.5
9393.5
7408.0
7023.5
6697.5
3331.5
7136.0
7185.5
6295.0
5229.5
6897.5
7570.0
6426.0
9832.0
3755.0
7451.5
4399.5
9708.0
9809.0
6571.5
8616.0
7917.0
2845.0
8829.0
6934.5
8299.5
5012.5
6183.5
7179.0
8830.5
8856.0
8216.5
8786.5
10403.0
7133.5
6674.5
7013.0
6231.0
5795.5
10904.0
0
7009.0
10087.0
6283.5
6616.0
7144.5
4052.5
6278.5
6714.5
10053.0
9666.0
6364.0
8711.0
5935.0
5983.0
8364.0
9520.5
6267.5
10457.5
9079.5
6454.0
9176.0
4112.0
7843.0
8943.5
6075.5
6564.5
4940.0
1959.5
7588.5
8919.0
8361.5
10181.0
7987.5
7412.0
8491.0
8693.0
7829.5
6020.5
6466.5
5418.5
7378.5
7440.5
3785.5
7227.0
6509.0
6364.5
6447.5
10173.0
5661.5
7451.5
6333.0
10445.0
6505.5
5448.0
6069.0
8295.0
4321.0
2945.0
841.0
5661.5
6596.5
6782.5
0
5678.0
0
5930.5
7637.0
10083.5
8612.0
6354.5
8037.5
5440.5
7291.5
8595.5
8998.5
7261.0
1320.0
8414.0
8299.0
809.5
11211.5
6217.5
7614.0
6602.5
8668.5
6539.5
6360.0
7331.0
6904.0
4015.5
2770.5
7876.0
1265.5
6613.0
5985.0
6954.5
7704.5
5942.0
2040.0
6130.5
8925.5
10493.5
7151.5
7745.5
6839.0
7345.0
2110.5
7622.0
3074.0
1474.5
7816.0
8920.0
10848.0
0
6749.0
9132.5
7325.0
5441.0
6424.5
6021.5
7427.5
7469.0
9440.0
7084.0
6187.5
5838.5
7239.0
9918.0
4008.0
7233.0
5592.5
8123.0
4232.0
7899.0
2945.5
7028.0
3200.0
5754.0
8252.0
7206.5
5947.0
2353.5
7114.5
7796.0
6181.5
7188.0
6263.0
5793.5
6535.0
7576.0
5376.5
6857.5
6219.0
7149.0
7800.0
5630.5
6679.0
1999.5
10158.5
7955.5
9553.5
8867.0
10226.0
9765.5
6075.5
5898.0
5550.0
8248.0
7175.0
5592.0
6119.0
68.0
2195.5
5920.5
4269.5
6044.0
7664.0
6650.5
6874.5
7787.5
5682.0
1721.0
6620.5
3292.0
4042.0
5183.5
5580.0
8877.5
7947.0
7621.0
8241.0
10476.0
6290.0
7193.5
6081.5
6658.5
8257.5
7156.0
7896.5
0
6837.5
7368.0
6988.0
8377.0
6248.5
10433.5
8337.0
5936.5
7140.5
5649.0
736.0
10841.0
7095.5
0
8795.5
4694.5
9342.5
6187.5
8219.5
7516.0
5091.0
5854.0
7713.0
6746.0
6259.5
0
10162.0
5702.5
6875.5
6639.5
6980.5
6389.0
3294.5
7833.0
6694.5
5530.0
2864.5
10430.5
6405.5
7048.0
7588.0
5351.5
6946.0
0
6656.5
4909.0
6647.0
6950.5
5555.0
6035.0
6721.0
5948.0
8633.0
7184.5
6895.0
7357.0
7654.5
10479.0
3449.0
6710.5
8874.0
6449.5
7941.0
5417.0
8181.5
3901.0
6977.0
5464.5
7991.0
7950.5
4811.5
7055.5
7736.5
6451.0
10575.0
6737.0
5471.0
2201.0
6062.0
7084.0
7412.0
2402.0
6611.0
10059.0
6107.0
6667.0
7672.5
1735.0
7526.5
8218.0
7868.5
6759.5
7314.5
6799.0
5670.0
10500.5
7761.0
4971.5
8804.5
5992.0
2227.5
5569.0
7346.5
8778.5
6424.0
10088.0
7475.0
5689.5
7957.5
6352.5
7474.0
1550.0
7852.0
7025.5
6429.0
7714.5
7573.5
6130.0
2294.0
6948.5
6770.0
4056.5
6931.5
8714.0
6025.0
3206.5
6676.0
10141.0
7785.5
10244.5
8085.5
10142.0
7842.5
7235.0
2265.5
6922.0
10306.5
6029.5
257.0
7558.5
7917.0
8331.0
7918.0
646.0
7172.5
9295.5
6142.5
9457.0
7149.5
5073.0
9876.5
6071.5
6096.5
10304.5
6198.5
6855.5
9082.0
9009.0
1048.5
138.0
7935.5
4609.0
8777.5
7192.0
4188.0
6302.0
10253.5
7820.0
6724.5
7746.5
5905.5
9752.5
7324.0
5628.5
7902.0
0
8302.0
8492.0
10094.0
3140.5
6867.0
9002.5
4898.0
8212.5
5760.5
9902.0
8158.0
7614.0
8337.5
8065.5
6224.5
5626.5
3389.5
4462.5
7731.5
8249.5
10046.5
5515.0
10137.0
7262.5
10501.5
6548.0
6608.0
2797.0
6678.5
6976.5
9025.5
7010.5
9435.0
5936.5
7180.0
7719.0
3183.0
9309.0
6882.5
10519.5
9499.5
7636.5
7869.5
6923.5
8218.0
10051.5
8785.5
5409.5
6535.0
6392.5
5895.5
6900.5
0
5954.0
6884.0
7902.5
8466.5
5682.5
4708.5
3292.5
6854.0
5611.5
8314.5
7202.0
2003.0
6755.0
8684.5
10431.0
9035.0
5265.5
7575.5
7354.5
7130.5
6329.5
1883.5
5191.0
7492.5
7965.0
7213.5
4591.0
7670.5
7810.5
2202.0
6742.5
10195.5
10135.5
6751.0
5779.0
9501.5
6486.5
10107.5
5352.5
7422.0
7619.0
9531.5
7402.5
7085.5
6998.0
8752.5
7083.0
6511.0
9804.5
6423.5
8249.0
0
4275.0
7717.0
7221.5
4072.5
3883.0
0
6136.5
8388.5
10751.0
8367.5
6421.0
8746.5
6849.0
6531.0
8925.0
7221.5
8769.5
7603.5
8661.0
5547.0
6179.5
5946.0
7849.5
10226.0
5226.5
7409.0
7794.5
2219.5
7954.5
5050.0
9128.0
8873.0
5558.0
6147.5
7780.5
6410.5
9317.0
8583.0
1425.0
5253.0
9929.0
7484.0
2601.0
6180.5
0
0
9366.5
6066.5
5531.5
5495.5
8468.5
6431.0
4198.0
7121.5
6383.5
126.5
9073.5
10488.0
6088.0
6865.0
6237.5
7060.0
4753.5
5952.5
8509.0
7367.0
6866.5
1049.5
5769.5
7239.5
6538.0
1711.0
5088.5
8157.0
9434.0
9110.5
6237.0
6947.5
8567.0
7041.5
7957.0
7369.5
7739.5
6706.0
6981.5
8705.5
6975.5
7349.5
4624.0
7891.0
10218.5
6192.5
7187.5
1401.5
0
6041.0
8319.0
6129.5
7295.5
6010.0
6683.0
4701.5
6618.5
9734.5
6179.0
8924.5
3235.0
7230.0
6982.0
2255.0
7902.0
4843.5
10358.5
6959.0
7770.5
10195.0
5925.0
6772.0
6811.5
9103.5
2645.5
7742.5
9624.5
9183.5
2452.5
6940.0
10491.0
7970.0
6745.5
8026.5
5034.0
68.0
10036.0
5491.5
8209.5
8658.5
9568.5
6071.0
6210.0
10437.5
7334.0
6683.0
6149.0
5954.5
2314.5
6689.0
6806.5
6062.0
6678.5
10196.0
6974.5
8314.5
6184.5
6517.0
7560.0
5347.0
8629.0
8469.5
7123.0
7241.0
5763.0
3796.5
2651.5
6992.0
6092.0
8018.5
1728.5
0
5001.5
3795.5
6824.5
8010.5
3738.5
7084.0
7506.0
5264.0
8260.0
9806.0
7461.5
7358.5
6483.5
0
5799.0
8730.0
6704.5
7240.5
6343.5
5802.0
7008.0
6546.0
7206.0
8924.5
1977.0
365.5
9675.0
6481.0
3922.5
10169.0
6618.5
7024.5
4612.0
7765.5
6751.0
10451.5
6602.0
7257.0
6594.0
8959.0
6907.0
7900.5
5804.0
7339.0
2728.5
6404.5
1478.5
419.5
7657.0
2050.5
5675.5
9717.5
9755.5
5673.0
8600.5
8339.5
5890.0
7213.5
6301.0
10497.5
6495.5
4918.5
8717.5
8659.0
10069.0
8240.5
9241.5
7312.0
7248.5
7564.5
5652.0
4628.0
9144.0
2883.5
7357.0
3028.0
6722.5
6875.0
7277.5
9198.5
7599.0
8607.5
7369.5
5712.5
717.0
8248.5
9773.5
2332.0
7713.0
4034.5
7718.0
3531.0
7277.5
6545.0
8994.5
6295.5
0
10291.5
2968.0
4645.5
1830.5
7667.0
8890.5
4978.5
1686.0
6341.5
5140.0
6953.0
4794.0
5475.0
9816.0
7373.0
3851.0
7062.0
6896.0
8610.5
10698.5
6960.0
5780.5
8072.0
6050.5
7253.5
8331.5
2571.0
9487.0
5591.0
6656.5
736.0
5995.5
8519.5
5623.5
0
5698.5
2141.0
8155.0
8551.0
7250.5
7985.5
2799.5
7427.5
6369.0
6938.5
6419.0
10072.5
8295.0
8367.0
7212.5
5748.5
7477.5
5195.0
10005.5
10263.5
5052.5
5994.5
5214.5
6219.5
10354.5
6180.5
7270.5
7610.5
4998.5
68.0
2081.0
7654.0
5627.0
10965.5
6694.5
9413.5
2338.5
7359.0
9990.0
6916.0
6371.5
9103.5
6270.0
10384.0
7104.5
8943.5
7373.5
4930.5
0
6324.0
6696.0
6226.0
138.0
6527.0
7714.5
6665.0
5983.5
6870.0
5919.0
8315.5
0
8801.5
5565.0
7122.0
4196.5
4461.0
7130.0
7114.5
6492.0
6305.5
3340.5
1127.0
7596.5
7939.5
2790.0
7365.0
5658.5
7637.0
0
7970.5
8005.0
5238.0
6933.0
8235.5
5871.0
6503.5
5651.0
0
6605.5
9000.5
8334.5
6675.5
6925.5
7701.0
6701.0
6329.0
8345.5
7848.5
8187.5
716.0
7329.0
4844.0
5272.0
8593.0
7806.5
6685.0
8152.5
5518.0
5771.0
8168.0
9504.0
8765.5
4975.0
8439.5
8126.0
7145.0
6715.0
10509.5
8536.0
5658.5
7757.5
6779.0
5882.0
5910.0
0
6199.5
5272.5
7397.5
5330.5
6637.5
8208.5
5827.5
6284.0
6226.0
6480.5
10077.0
7582.0
7029.5
6961.5
6883.5
5324.0
7096.5
5718.5
8810.0
6190.0
9126.0
8932.5
6201.0
8090.0
5885.0
9489.5
3568.0
6382.5
5891.5
8271.0
6683.5
7426.5
6084.5
8076.0
9851.0
2957.0
8174.0
5892.5
9630.5
5526.5
8363.5
6184.5
8723.0
2939.0
6606.0
10171.0
9244.0
7989.5
6492.5
7865.5
6223.0
6178.0
1439.0
7239.0
7536.0
5377.0
3423.0
6378.5
6253.0
7823.5
8404.5
6951.5
0
7078.5
8225.0
9589.5
7569.0
8156.5
6996.0
1533.5
6517.5
8368.0
5577.0
5702.5
6620.5
5629.0
5803.5
478.0
6791.0
4669.5
7392.5
7502.5
7497.5
6417.0
0
6603.5
6472.0
7254.5
6130.0
8694.5
10383.0
4567.0
6089.5
6128.5
6164.5
5878.5
6537.5
7381.5
5942.5
7007.5
5701.0
7555.5
8790.0
3937.5
2283.5
5737.5
5742.0
7979.5
8164.5
6430.5
0
8797.0
790.0
7764.0
6403.5
9069.5
6560.0
7558.5
1792.0
419.5
6307.0
0
0
1954.0
6108.0
6287.0
0
6992.5
6074.0
6744.5
7034.0
5767.5
7444.0
10502.5
5690.5
8027.0
6280.0
5052.0
1782.0
6810.5
9002.5
7271.0
6755.5
9477.5
10077.5
10157.0
9532.0
8434.5
7804.0
4254.5
6107.5
7751.5
5720.0
7083.5
7255.5
4775.0
5824.5
1765.0
7628.0
7701.5
7022.0
7852.5
68.0
11085.0
4569.5
6790.5
5301.5
9083.5
6458.0
7469.0
8107.0
9227.5
7623.0
9394.5
5464.5
3568.5
8102.0
9443.5
9166.5
10028.0
6125.0
3671.0
8699.0
7284.0
6377.5
5714.5
6116.0
7283.5
6686.5
6279.0
5033.5
11179.5
7088.5
6126.5
7356.0
6118.0
6708.0
6073.5
2624.5
1170.5
5291.5
8888.0
8021.0
1033.0
4988.0
5783.5
5934.0
5050.5
7772.0
9791.0
8610.0
9945.5
7178.5
8002.5
6152.0
6812.5
6269.0
8562.0
7000.0
7161.5
6729.0
7869.5
7182.0
6420.0
7227.5
6160.5
6745.5
6452.5
8485.0
8178.5
8099.0
7176.5
6989.5
7392.0
8958.5
0
5686.0
6428.5
6970.0
10503.0
9020.0
6705.0
7873.0
9781.5
7412.0
6007.5
7550.5
6730.0
5237.5
6864.0
6849.5
6367.0
1105.0
7907.0
6279.0
8267.5
7450.0
7491.0
8079.0
5442.5
0
0
6805.0
5984.5
6346.0
6002.5
6554.0
6966.0
7557.0
5267.0
8566.0
9366.5
5399.0
9173.5
5884.0
6083.0
6112.5
5148.0
4978.0
6183.5
138.0
5848.0
7827.0
6595.0
5032.5
8126.0
5627.0
6874.0
9881.0
8543.0
1933.5
7521.5
7208.5
8820.5
9664.5
3240.0
7489.0
8098.5
10369.0
7826.0
4987.5
8204.5
6487.0
7917.5
8432.5
8060.0
8380.0
10503.0
2404.0
6252.5
7271.5
3534.0
5849.0
6272.0
7387.5
8453.5
6672.0
6668.0
6605.5
8982.5
2031.0
6260.5
489.5
6767.0
5485.5
6501.5
5680.0
6349.5
7283.0
0
10852.5
6450.5
8879.0
6551.0
6787.0
7743.5
7171.0
6357.0
5484.0
10497.0
6011.0
6607.5
8762.0
5943.0
4143.0
6811.5
8945.0
5918.0
6404.5
8890.0
6346.5
4844.5
6908.0
365.5
5908.0
9607.0
7538.0
5660.0
5864.0
6896.5
6749.0
7766.5
7899.0
5438.0
7206.0
8796.0
7910.0
0
653.5
9223.5
5954.0
8920.0
5906.5
10508.5
4856.5
0
7026.0
6836.5
5697.5
7868.5
5187.0
6877.5
2288.5
6724.5
0
7.5
0
2917.0
0
5331.0
8100.5
5908.0
6773.5
7857.0
5030.0
8556.0
6609.5
5858.0
0
6849.0
7593.0
7967.0
6972.5
10583.0
6784.0
8761.5
9106.5
6529.0
7613.0
6583.0
9135.0
10271.0
6214.5
8966.5
7851.5
6537.0
6693.5
10182.5
6999.0
5912.0
7635.5
7212.0
6128.0
7644.0
5653.5
5839.0
4700.0
6359.5
7324.5
10361.5
6097.0
5269.5
7172.5
6604.5
5755.0
0
4954.0
0
5902.0
7286.0
7185.5
5166.0
5980.5
2200.5
5813.5
1842.0
8541.0
5754.0
5850.5
8393.0
6590.0
6469.5
6005.0
5853.5
5069.0
6801.0
7172.0
10112.5
5537.5
7769.5
2180.0
4350.0
6843.5
8225.0
8518.5
9114.0
4643.5
6405.0
7263.5
5295.0
5505.0
5732.5
6421.0
7490.0
5349.5
8889.5
7070.0
5984.5
8633.0
7282.5
0
5784.0
8984.5
7229.0
6426.0
8828.0
6595.0
6061.5
8737.0
3920.0
8015.5
8903.0
6283.5
8346.0
7298.0
7710.0
5899.0
6282.5
7244.5
10512.0
4799.0
9735.0
7952.0
6923.0
6806.0
5752.5
5878.0
7722.5
6378.5
5377.0
6707.5
6643.5
5518.5
6390.0
7427.0
8182.5
7546.5
8934.5
7295.5
5075.0
4644.0
6722.5
3701.0
5871.0
7130.5
5584.0
10220.5
6489.0
4894.0
6969.0
6450.5
8523.5
7363.5
10108.5
9499.0
7761.0
3443.0
10504.0
7294.0
5679.5
10099.5
7212.0
6950.5
6421.0
7657.0
5907.0
7058.5
8396.5
7740.5
5240.5
10793.0
7275.5
8259.0
4151.0
8428.5
7137.5
7169.5
7850.0
8616.5
7626.0
5453.0
5552.5
5119.5
8824.0
7967.0
6459.0
6223.0
10518.5
5539.5
7110.0
2793.0
8586.5
6634.5
6562.5
5586.5
7498.0
7914.0
3643.5
7158.5
5659.5
5981.5
6550.0
6188.0
6590.5
9323.0
7003.5
6285.0
6615.0
6877.0
6001.0
5774.5
9401.0
6507.0
7979.5
6784.0
7201.5
7994.5
7869.5
7481.5
7173.0
6922.0
7459.0
10167.5
5949.5
6937.5
6231.5
5834.0
6552.0
7146.0
6768.0
1160.5
8536.5
6664.5
10122.5
10486.0
5941.0
6558.5
6201.5
5735.5
2457.5
6525.5
1738.0
5859.5
5035.0
7034.5
8117.0
5976.5
6649.0
10090.5
8469.0
3735.5
6245.5
7088.5
6734.0
10001.5
6374.0
8256.0
8869.5
7414.0
7887.0
5650.0
7420.5
7267.0
10293.5
9398.5
5900.5
4732.0
7524.0
7445.5
7933.0
10300.0
0
7074.0
0
7356.0
7665.0
5867.0
7063.5
9834.5
484.0
5606.5
6118.5
8155.5
6488.0
7352.5
9366.0
7166.0
7143.5
6509.0
6094.0
6130.5
5298.0
707.0
5953.5
3559.5
419.5
7116.5
10118.5
5680.0
7483.5
9082.0
6196.5
1249.5
419.5
1199.5
6624.0
5226.0
5731.5
8110.5
7543.5
7400.5
6858.5
6385.0
8186.5
8211.5
7590.5
10388.5
5405.5
7607.5
6557.0
2035.0
0
8239.5
6290.5
5717.5
5904.0
5868.0
7705.5
7740.0
5656.0
7074.5
10303.0
6718.0
6394.5
7706.5
7931.5
0
7438.0
7132.5
6615.5
7268.0
7524.0
6483.0
4566.5
8705.5
7349.0
8911.5
6623.0
7743.0
5867.5
7443.5
8274.5
3925.5
6904.0
4324.0
2906.5
5626.0
8088.0
8851.0
8106.0
3321.0
9324.0
7715.0
6069.5
6667.5
10505.5
7718.0
6107.5
3457.0
0
6482.0
8490.0
6603.0
4514.0
6441.5
6917.0
4840.5
3636.5
6958.5
6020.5
6627.0
6001.5
9761.5
5791.0
68.0
6435.0
8186.0
10004.0
7827.0
7731.0
7394.5
6459.5
10135.5
7131.0
7190.0
3498.5
4026.5
6428.5
5795.5
7953.0
9563.0
5879.5
7324.0
5622.0
6469.0
6827.0
7287.0
9954.5
7516.0
7804.5
6070.0
6513.5
8443.0
4179.0
2460.5
2927.0
7595.0
5644.0
8886.0
7693.0
8742.0
5801.5
5815.0
9687.0
3735.5
747.5
0
7094.0
6758.5
0
4891.5
0
7967.5
8370.5
6573.5
6481.5
7937.0
7817.5
9252.0
7604.0
5595.0
7436.5
5674.0
5258.0
8906.5
8098.5
7152.0
9377.0
6801.5
7814.5
9296.0
7348.0
8455.0
9506.5
8308.0
7482.5
6051.5
6280.5
3389.5
10070.5
6215.5
9554.0
5798.0
7905.0
5830.0
5337.0
6655.0
6863.5
7479.5
10544.5
7555.0
5509.0
5554.5
2874.0
1700.0
7101.5
6356.0
6404.5
6885.0
7948.5
5486.0
10008.5
0
6021.0
7943.0
6617.0
6055.0
8167.0
7087.5
7364.5
7136.5
7696.5
5369.5
6719.0
5198.5
7035.5
6905.5
5886.5
6200.5
6291.0
6516.0
6792.5
7484.0
8356.0
10121.0
6909.5
6456.0
6122.5
6681.5
8520.0
7967.0
7278.0
7350.0
5934.5
7535.0
7425.5
6892.5
6785.5
5621.5
3614.5
5731.0
6435.0
6097.5
7607.0
5218.5
6049.0
8676.0
5594.0
6458.5
1144.5
6725.5
6365.0
2241.5
6434.5
6111.5
5918.5
7731.5
6856.5
7407.5
8776.5
7635.5
6979.0
0
6368.0
7455.0
8296.5
6000.0
5909.5
6259.0
6012.0
5890.5
6329.5
6477.0
7056.0
8912.5
5475.0
4670.5
7703.0
7164.0
9599.0
8171.0
7642.0
6145.0
6421.0
6223.5
7709.5
6440.5
7929.0
7854.0
9482.0
8330.5
8823.5
6666.0
6784.5
4424.0
6877.5
8168.0
5853.0
8396.0
7088.0
6492.5
6978.5
9937.0
6134.0
8098.0
8062.0
6928.0
6082.5
7622.0
6775.5
8240.5
7975.5
7387.0
6866.0
7875.0
5681.0
7128.0
7603.0
8686.0
8336.0
0
5283.5
7089.0
8070.5
7191.5
9966.0
6105.0
7585.5
6474.0
7685.5
7337.5
0
10102.0
9479.5
5088.0
6147.5
5864.5
6775.0
9282.0
5960.0
5054.0
1493.5
6870.5
3125.5
7121.0
6672.0
9129.5
4240.5
6600.0
5811.0
6452.0
10358.5
0
6543.0
5101.5
7164.0
9160.5
10227.5
6468.5
6145.0
5574.5
6402.5
126.5
5573.0
7092.5
7183.0
8500.5
8957.5
10627.0
9153.0
7424.5
5485.0
6132.0
6160.5
6524.0
7079.5
7073.5
5809.5
7282.0
9318.5
6895.5
2052.5
9178.5
0
7219.5
6119.5
5750.0
8534.5
10182.0
3925.0
6696.5
10031.0
4164.0
9123.0
6474.0
6275.5
7472.0
6567.0
10203.5
6542.0
4441.5
3992.5
8883.0
7786.0
6061.5
0
8587.5
5195.5
471.0
5849.0
6559.5
8031.5
7478.5
5054.0
7483.0
7485.0
7062.5
5187.5
7243.0
6366.5
8388.5
9580.0
7377.0
10374.0
6857.0
6960.5
9578.5
6610.5
7167.5
8063.0
7475.5
6046.0
9454.5
7641.0
7362.0
7705.5
8769.0
10489.0
8730.5
5855.0
6242.5
2995.5
8021.0
8626.0
2774.5
5997.0
9527.0
6434.5
9108.0
9337.0
7241.5
8855.5
7451.5
5146.0
6998.0
5922.5
8215.0
6904.5
7779.0
5403.0
5363.5
8238.0
6154.5
0
8809.5
8789.0
5700.0
6589.5
6945.5
8475.5
7974.0
6708.0
10808.5
7932.5
5573.5
6571.0
5941.0
7152.0
7240.5
5847.5
6848.0
7836.5
6263.5
6280.5
5472.5
10994.5
7997.0
1503.5
0
6336.0
6140.0
6620.0
0
6647.5
4251.5
7420.5
7445.5
7433.5
7645.0
6494.5
6237.5
3746.0
7670.5
7562.5
7593.5
7856.5
7992.5
7498.5
7019.5
3405.5
6671.5
9484.5
10920.0
8055.0
6748.5
6803.0
3242.0
9255.5
5124.5
9819.5
7038.0
7760.0
9407.5
8582.5
7922.0
6950.5
10180.0
0
10380.0
7074.0
6310.5
6150.0
6074.5
9299.0
10067.5
6745.0
8289.0
7567.0
7684.5
7978.0
8848.5
10433.5
6427.0
7669.0
5311.5
8037.5
5897.5
7454.5
1601.5
8913.0
8403.5
5699.0
0
8205.5
7282.5
10118.5
6932.0
7504.5
4273.5
6554.5
7238.0
7989.0
6245.5
6805.5
7010.0
5776.5
5802.5
6070.5
10095.0
8694.0
5274.0
6375.0
6103.0
7379.0
8004.0
7858.0
6932.5
5990.5
7287.0
5889.5
6388.0
0
1551.5
1553.5
2454.5
6150.5
6641.5
5938.5
2999.5
6067.0
10878.0
6778.5
10284.5
7314.0
2827.0
8928.0
7185.0
1146.0
9403.5
7183.5
7088.5
8762.5
8681.5
5158.5
6330.5
6896.5
9174.5
7696.5
4674.5
5880.5
68.0
5667.0
3216.5
8859.5
0
7401.0
6341.0
3606.0
5402.5
8103.5
8261.0
6868.0
5752.0
7064.5
6731.0
5890.0
3483.0
7738.5
5127.0
8283.0
0
0.5
9961.5
2586.5
6477.5
8471.5
6563.5
497.0
8283.0
7497.5
6578.0
6496.0
6248.5
6029.5
6401.5
6977.5
4966.5
7393.0
6165.5
8293.0
68.0
7968.0
5416.5
5410.0
6737.5
4909.0
5958.0
2479.5
6716.0
7963.0
6875.0
8283.0
7767.5
3841.5
6167.0
6220.0
6516.0
6778.5
8822.5
6465.0
4664.0
6614.0
6070.5
8458.0
138.0
8918.5
7332.0
68.0
8390.5
7249.5
8287.0
9875.5
6963.0
5718.5
9931.0
8920.5
6740.5
10716.0
6902.5
7180.5
0
10057.0
5864.0
5540.0
6768.5
7638.0
5765.5
5628.0
5753.5
7943.5
7945.0
7989.0
9810.0
7315.5
5701.5
7488.5
5625.0
6691.5
0
7098.5
9952.0
8668.0
1681.0
6871.0
6326.0
7929.0
5829.0
9351.5
5849.5
6140.0
6772.5
6847.0
6754.0
8529.5
9367.5
497.0
5939.5
6074.0
4782.5
7877.0
4309.5
6960.5
7530.0
5807.0
2960.5
4989.0
7150.0
2508.5
6469.0
7083.5
7526.0
7120.5
7602.0
3756.5
8776.5
7173.5
8537.0
5897.0
6855.0
10223.0
7773.0
8777.0
0
9138.0
7236.5
4366.0
7687.5
10318.0
8764.5
8246.0
6225.5
5901.5
9478.0
8717.0
5538.0
4939.5
7910.5
6275.0
6435.0
7142.0
8277.5
8016.5
0
10822.5
5585.5
8250.0
6470.0
459.5
8419.0
8638.0
6592.0
4903.5
6305.5
4638.5
3517.0
5721.0
8996.5
6397.0
7412.5
6549.0
9508.5
3599.5
7513.0
4046.5
8634.5
5522.0
0
8127.0
0
6202.0
8407.5
10277.0
10137.5
8222.0
5951.0
4535.5
8485.0
8998.5
8082.0
7773.0
5923.5
5346.5
2141.5
6653.0
0
6710.0
8004.5
7822.5
6592.0
6365.5
9835.5
8192.5
9743.5
5158.0
6535.0
7699.5
8220.0
8005.0
0
6904.5

6628.5
9522.0
5191.5
7991.5
8119.5
6890.0
7965.5
8440.0
8379.5
5831.5
6344.5
1391.0
6730.0
5411.5
7236.5
7763.5
0
1146.0
5588.5
6417.5
10215.5
0
7866.0
6425.0
9876.5
5536.0
10297.0
4679.0
6483.5
5795.0
6969.5
9432.0
9437.5
4308.5
9304.5
8979.5
6106.5
4997.5
68.0
7259.0
8362.0
6978.0
7802.5
6411.0
10497.0
7626.0
0
6514.5
6087.0
7317.5
10302.0
4693.5
6546.5
5449.5
5509.5
6239.5
6236.5
6450.5
10275.0
6109.5
6148.5
2199.5
6239.0
7037.0
5934.0
8559.0
7029.0
0
6501.5
9131.0
8469.5
7681.5
3753.5
7920.5
6038.0
6847.5
7235.0
4463.5
1146.0
8671.0
8839.0
6709.0
6755.0
622.5
8884.0
0
2667.5
4898.0
4549.0
7459.5
9784.5
6415.5
6722.0
7582.5
7790.0
6558.0
5460.0
0
6417.5
7199.0
0
6863.0
7168.0
2202.5
6357.0
0
4803.0
3471.5
6293.0
8036.0
6531.0
6757.5
4922.5
6720.5
7071.0
2834.0
5834.5
8742.0
2708.5
4966.5
6972.5
7780.5
5992.5
4893.5
7466.0
7937.5
9209.5
7110.0
6352.5
7390.5
9225.5
7371.5
6948.0
7448.5
4072.5
7368.0
10197.5
9513.0
7626.5
4867.0
9745.0
6154.0
6838.5
401.0
0
6883.0
10474.5
10285.5
7295.0
6880.5
1641.5
1087.5
5855.5
9572.5
6863.5
6293.0
5369.0
6056.5
6799.0
2203.5
9635.5
5737.5
5735.5
6462.5
7347.0
8021.0
7707.5
6642.5
2557.0
6295.5
7468.0
5077.0
6458.5
5697.5
6602.5
10141.0
10264.5
5256.0
6073.0
10266.5
7336.0
5449.5
6424.0
7185.0
6887.5
4735.5
5877.5
8415.5
5759.0
6297.5
6807.5
6920.5
6771.5
5987.5
5872.5
9153.0
8583.0
7115.5
8332.5
5149.0
7464.5
8317.0
7908.0
7090.5
5668.5
5486.5
4966.0
7063.0
6735.5
8203.5
8812.5
10378.0
6994.5
8139.0
10175.0
7910.0
10083.0
5124.5
6077.0
9749.5
7306.0
7839.5
8645.0
8241.5
6985.5
5896.5
6996.0
10172.5
7117.0
2351.0
8128.0
7087.0
5923.0
3021.0
4784.0
10910.0
4258.0
10487.5
7706.5
6163.0
5736.0
8681.5
3990.0
7968.0
6554.0
8581.0
6472.0
5402.5
7053.0
5831.0
9199.0
0
6143.0
7874.5
7197.5
9074.0
8045.0
5849.0
5933.0
3010.0
8033.5
8989.5
5528.0
6984.5
7952.0
5101.0
6330.0
6829.0
6142.0
8184.0
5613.0
8318.0
9049.5
6217.0
6721.0
6303.5
10159.5
4605.5
8276.5
7461.5
10272.0
8895.5
6718.5
5376.0
10333.5
7260.0
4921.0
2162.5
5947.5
5926.0
7264.5
775.5
7997.5
7747.0
8349.0
7119.0
6448.0
7239.0
4103.5
5311.0
8299.0
6583.5
8852.0
7465.0
893.0
6111.5
8317.0
8628.0
2661.0
10101.0
7814.5
68.0
7677.0
8109.0
5605.5
1866.5
9514.5
7816.5
8541.0
7177.0
0
6280.5
10277.0
7803.5
8089.5
4286.0
8506.0
8485.0
8898.5
6143.5
7184.5
3828.5
6875.5
68.0
5893.5
5196.5
6723.0
6675.0
7404.0
4277.0
6287.0
6493.0
10753.0
0
5346.5
5740.0
8280.5
7903.5
9992.0
7164.5
9186.0
5758.5
7397.0
5809.0
11395.0
6416.0
7994.5
7987.0
10473.5
6387.0
10130.5
6847.5
6731.5
8595.5
10299.0
5146.0
5509.5
7274.0
6992.0
6870.5
6470.0
7130.5
8247.0
0
7496.5
8919.0
6775.5
7417.0
5755.0
4621.5
7570.5
7728.5
7841.5
9539.5
6962.5
8014.5
7662.5
5980.5
8340.0
6753.0
2423.0
8074.0
5902.5
0
10314.0
8548.0
8529.0
8831.5
6811.5
6726.0
11220.0
5792.0
9559.0
9452.0
7050.0
9027.0
6610.0
6251.5
7712.0
5732.5
1086.0
6091.5
5910.0
6524.0
6055.5
8119.0
6963.5
6070.5
6791.0
6028.5
6011.5
4430.0
6075.0
7298.0
10194.0
6767.5
5526.0
8256.5
6251.0
6531.0
6185.5
6083.5
8408.0
8343.5
7535.5
0
5096.0
6290.5
6309.5
7739.5
10319.5
1368.0
7433.0
6549.5
7060.0
10317.5
7433.5
5797.0
2233.0
4938.5
1999.0
9582.5
6481.5
7221.0
5923.5
5604.5
6288.5
0
7283.5
6278.5
10949.5
9685.5
6769.0
1675.5
6624.5
6650.5
5660.5
6121.0
0
5996.5
6070.0
6275.5
8333.5
10216.5
6955.0
7551.0
6209.5
9741.5
0
9424.0
4497.0
1160.5
6993.5
5334.0
3046.0
4270.5
6060.5
6761.5
8182.0
6291.0
6878.5
6852.5
6955.5
7797.0
0
7239.5
1070.5
9135.5
8087.0
6990.5
5995.5
7092.5
6457.5
5652.0
5736.5
7010.0
6986.5
6944.0
3939.0
6859.0
10538.5
6656.5
2179.5
8596.5
1480.5
6930.5
4607.0
7460.0
9206.0
0
6738.5
7790.5
4348.0
9875.0
8596.0
6758.0
7342.5
7058.0
10715.0
3528.5
6419.5
7814.0
7445.0
6649.0
6854.0
6719.5
5467.0
6310.5
8011.5
8416.5
3214.5
8522.0
138.0
9648.0
8755.0
8871.5
2314.0
9614.0
2933.5
6868.5
7161.0
7686.0
6372.5
10500.5
6134.5
6603.5
5630.0
0
7248.0
5339.5
7910.5
8956.5
7176.0
8238.5
6391.5
3840.5
2468.5
7938.5
6527.5
6883.5
6514.5
6454.0
7123.5
8343.0
10163.0
11492.5
5262.0
0
8816.0
8019.5
7918.5
8313.0
7669.0
8823.5
9496.0
7508.5
6108.0
6590.0
7611.5
5177.5
6692.5
7645.5
7209.5
8217.0
6121.5
5626.0
9424.5
6130.5
10352.0
8269.5
10217.5
4541.5
8300.0
3568.5
0
6751.0
9524.0
6747.0
9528.0
7477.0
6563.5
6231.0
4847.5
7836.5
6121.5
2552.0
7081.5
8414.5
6574.0
8267.5
3069.0
7150.5
5971.0
7226.0
7277.0
6493.0
5729.5
6881.5
8841.0
1959.5
1122.5
7349.5
6964.5
5479.0
7897.0
6428.5
7945.0
9794.0
7424.0
6088.5
3257.5
7212.5
5903.0
5888.0
6356.0
5828.5
10147.5
7642.0
5814.5
10395.0
8569.5
6518.5
9958.5
7267.5
7610.0
6759.0
5748.0
7591.5
8534.0
8786.5
10102.5
6416.0
0
7992.5
8953.5
6510.0
4795.5
0
5440.5
6560.5
7762.0
2601.0
7386.5
6216.0
7941.5
6712.0
7145.5
9948.0
5830.0
3478.5
7630.0
5552.0
5978.0
9681.0
10279.5
9389.0
8100.0
6055.0
8315.5
5350.5
5721.5
7178.5
6621.5
5444.0
3293.0
8997.5
6327.5
7195.0
7069.0
7724.5
6774.5
7296.5
7006.0
9486.0
5646.0
8428.5
4063.5
8875.0
5833.0
2988.0
6014.5
8997.5
7958.0
5900.5
6224.5
4992.5
7626.5
5776.0
848.5
8575.5
7392.5
949.5
6654.0
10041.0
8477.0
0
8766.5
7220.5
3605.0
8876.5
6709.0
2536.0
6450.5
8137.0
7397.0
7646.5
7372.0
5623.5
6962.0
4531.5
6468.5
6742.0
0
10482.5
6549.0
5150.0
7975.0
7628.5
6896.0
6229.5
7707.0
2744.0
2471.5
9263.5
5860.5
10104.5
5901.5
7060.0
4379.0
9820.0
5721.0
7102.5
771.0
9406.0
10572.5
10074.5
1528.0
2549.5
7885.5
7313.5
8123.0
6540.0
4455.0
7672.5
1382.5
10439.0
3813.5
6078.0
3548.0
8423.0
7118.5
4961.0
8414.0
7775.5
7855.0
68.0
6367.5
7807.0
8330.5
8164.0
5648.0
7450.0
7403.0
10670.5
5682.0
5814.5
6592.0
6259.0
6851.5
6447.5
5538.0
8016.0
5255.0
10138.5
5909.0
1144.5
9076.5
9622.0
7265.0
6132.5
8048.0
0
7932.5
8534.5
8183.0
6944.0
5826.0
7723.5
6313.5
3914.0
2422.0
6589.5
5345.5
3824.0
9684.5
6554.5
1404.5
9779.0
0
6210.0
7407.5
9904.0
4010.5
6510.5
1670.5
8000.5
9852.5
8864.5
5710.5
7253.5
6962.5
5375.5
6557.5
9590.5
8966.0
7843.5
6428.5
2962.5
6531.0
9610.5
2407.5
8015.5
6440.0
8202.5
8004.5
7300.5
5786.0
10316.5
6172.0
7974.0
7308.0
3331.0
7762.5
5949.5
5879.5
10878.5
3960.5
383.0
6450.5
5649.0
9607.5
6410.5
0
9324.5
68.0
7662.5
1797.5
8839.0
3165.0
6863.5
717.0
10505.5
2945.0
2795.5
7102.0
7149.5
6917.5
7071.0
7222.0
401.0
6510.5
7819.0
7406.5
6442.5
7488.0
790.0
1854.0
1515.5
5754.5
6207.0
7517.5
752.5
6468.5
7117.5
6721.5
7933.5
7081.5
10159.5
7060.0
9144.0
5106.0
886.5
8721.0
11384.5
7530.0
2557.5
6766.5
0
1508.0
68.0
5959.5
9483.5
7880.0
5364.5
7930.5
8505.0
7968.0
5620.0
6483.0
9519.5
5201.5
9172.5
7521.5
8917.5
2860.0
5805.0
7598.5
9241.0
8346.0
2901.0
6216.0
1849.5
6054.5
6476.0
6247.5
6856.0
7043.0
5383.0
6890.5
7187.0
6809.0
7275.0
7579.5
4259.5
8578.5
8512.5
6399.5
6914.0
6361.5
5410.0
7217.5
138.0
6988.0
1791.5
7995.0
7326.0
775.5
7938.5
5944.0
8394.5
0
10292.0
7166.5
7299.0
5782.5
6844.0
6009.5
7810.0
2013.5
5937.0
8480.5
7266.5
6735.0
9207.5
4645.0
6796.5
5941.0
9387.0
0
7574.5
10171.0
8970.0
8237.5
5515.5
10237.5
5972.0
9328.5
5992.0
8212.0
7541.5
7329.5
652.0
0
5992.0
5329.5
7703.5
4999.0
3730.0
7061.5
5637.5
10312.5
6225.0
4911.5
7215.5
8020.0
5070.0
4957.5
7942.0
7546.0
6306.0
6834.0
5673.0
5588.5
4086.0
7562.5
7878.5
9130.0
8422.5
7282.5
8033.5
6505.5
7742.5
8070.5
7160.0
8167.5
7168.5
6379.5
0
5623.5
7497.0
8487.5
7218.5
7098.0
8246.0
6214.5
5743.5
6006.5
8254.5
4926.0
7126.5
5573.5
1231.0
9851.0
5239.0
6318.0
8348.5
7112.5
7485.5
8536.0
8967.5
9416.5
7980.0
8405.0
4993.0
4904.5
9370.5
8064.5
6885.0
9072.0
5861.5
5989.5
10415.5
6789.5
8995.0
8623.5
8713.5
9076.5
7424.5
3980.0
5895.0
7094.5
5280.0
4276.5
0
5768.0
6272.5
6516.0
1382.5
5694.0
6334.5
9105.5
9521.0
9324.0
7568.0
3278.0
7425.0
4728.0
8627.0
5760.5
7968.0
7815.5
7551.5
4823.0
7444.5
6758.5
11982.5
4648.0
9891.0
3631.0
7632.5
10508.5
7603.0
8120.0
5367.0
6775.5
4700.5
6718.0
9585.0
10753.5
8835.0
5832.5
6511.0
700.0
10349.0
7905.5
9198.5
6866.0
7491.5
8133.0
5535.0
7732.0
7208.5
7423.0
7052.0
7758.0
8547.0
8660.5
6754.0
7300.5
6555.0
6627.0
7967.5
7959.0
9588.0
9385.0
7876.5
5328.0
5682.0
6214.5
7820.0
10210.0
7255.5
6303.5
6699.0
9233.0
3485.0
8973.5
8997.0
8891.0
7201.0
7558.0
516.5
9749.0
6145.0
3922.0
7742.0
6369.0
5875.5
9532.0
7000.0
8933.5
8147.0
10321.5
7106.5
6228.5
8136.5
8175.5
6540.0
5350.0
8243.5
8693.5
8789.5
10498.0
8494.5
5554.0
6407.0
7352.0
9164.5
9595.0
7654.0
3475.5
2550.0
9480.0
7461.0
1014.0
8719.5
5328.0
10091.0
10075.0
7758.5
6246.5
9889.5
6756.0
6241.0
5490.5
10448.0
6469.0
9321.5
6527.5
6728.0
1181.5
7889.5
6567.5
4483.0
7531.0
9200.5
6300.0
2851.5
5686.5
9213.5
7983.0
10056.0
5508.5
5460.5
5495.5
6569.0
6112.0
8840.0
6756.0
7830.5
7262.5
8541.0
7699.0
8539.5
7954.0
7360.0
7800.5
7979.5
0
7434.0
8135.0
10288.5
5934.5
6676.5
7180.0
9353.5
1809.5
6739.0
8815.5
6285.5
8814.5
7107.0
9292.0
7328.5
7322.5
4962.0
9037.0
9807.5
5886.0
10310.0
7785.0
6436.0
126.5
8731.5
4666.0
7612.5
6861.0
7379.5
9643.5
6470.0
6780.0
9048.5
5623.5
5741.5
10253.5
9103.5
7026.5
7736.5
6252.5
6606.5
4589.5
6717.5
9169.0
6158.5
8814.5
9388.0
419.5
9471.5
595.0
9500.5
8493.5
10175.0
7123.0
7857.0
8387.5
2761.5
9228.0
6536.5
8992.5
10156.5
7510.0
7382.5
4852.5
6030.0
7963.0
8233.0
68.0
1211.5
8832.0
6195.0
5849.5
8734.0
5700.5
6045.5
6451.5
6085.5
5255.0
5326.5
5881.0
0
4872.5
5801.5
7078.5
6507.5
9744.0
8313.5
2744.5
10299.0
5951.0
7236.5
1141.5
0
6445.5
10331.5
3514.5
5836.5
6240.0
7188.0
6384.5
6911.0
5633.5
6236.0
5611.0
5644.5
7427.5
5226.5
8976.0
6672.5
9262.5
6536.5
7247.5
8614.0
4997.5
5663.5
6876.5
4949.0
3696.0
7671.5
8975.0
7833.5
7159.0
7184.0
9064.5
10121.5
6213.5
4601.5
9894.0
10479.0
1180.0
8134.5
5546.5
9124.0
9558.0
6144.5
10332.0
9307.0
8310.0
8571.0
7022.0
5960.5
6463.5
10017.0
5712.5
6780.0
8195.0
9190.0
4566.5
4725.0
8278.0
7843.5
1609.0
5454.0
7767.5
6758.5
7123.0
7010.5
6404.5
4805.0
2732.5
10719.5
7462.0
9386.5
7874.0
7356.0
10261.5
6185.0
4255.5
3683.0
6427.5
8077.5
10100.5
10259.0
3354.0
0
10264.0
5537.5
7630.0
9406.5
6551.5
6216.5
5854.5
5620.5
4661.5
10095.5
7113.0
9139.0
8986.5
5834.0
7261.5
4597.0
7438.0
6021.0
6211.5
6823.5
10296.5
5605.0
9227.5
5354.5
7697.5
7070.0
5101.5
6447.5
4808.5
5777.0
10148.5
5759.5
6941.0
6141.5
6841.0
3974.5
2826.0
7876.0
9604.5
6430.0
9280.5
7715.5
9004.5
6672.5
6216.5
7411.5
7486.5
9126.5
8915.0
7159.0
6790.5
7431.5
9049.0
8668.5
7055.5
6933.0
10318.0
6662.0
2845.5
8949.5
7902.5
6707.0
7534.0
6031.5
2391.0
6849.5
6050.0
6174.5
7522.0
5906.5
5613.5
5770.5
8476.0
7045.0
10239.0
2752.0
10204.5
7923.5
8092.0
4015.0
5736.0
1824.5
7568.0
6198.5
7398.5
0
5692.5
8764.5
6272.0
10033.5
6839.5
10387.0
7711.5
10486.0
10510.5
5772.5
7347.5
3530.0
6587.0
5695.5
8505.5
6794.5
7854.5
3801.0
5432.0
8328.5
6431.5
5899.5
4956.5
7428.5
4739.5

6988.5
8445.5
6727.0
4490.5
7976.0
8376.0
8151.5
7037.5
5706.5
5318.5
8846.5
8996.5
6012.0
5909.0
8603.5
8354.5
10493.5
2329.0
6001.0
4532.0
6672.5
7499.5
7094.0
4773.0
7553.5
7343.0
8852.0
5766.0
7538.0
8173.0
8267.5
6791.0
5328.5
7871.0
8154.5
0
7713.5
7218.5
0
7559.0
6799.5
8503.0
5191.0
8002.0
1145.0
1092.5
7528.5
10905.0
10861.5
7964.5
7487.5
4539.5
5753.0
8768.5
6794.0
2438.5
8776.5
6281.0
7190.5
7366.5
8490.0
6369.0
6487.0
8128.0
8073.5
2782.5
9191.0
10118.0
5293.0
6423.5
10124.0
10529.0
9724.0
10044.5
7279.0
0
8744.0
5453.5
5497.0
6948.5
6245.0
4912.0
6354.5
3625.5
6361.0
5754.0
6865.5
7360.5
6287.0
7370.5
6299.0
2216.0
7796.0
1550.5
5743.0
4080.0
2830.5
9410.0
822.5
7772.0
7342.0
9421.5
6015.5
7361.5
8546.0
8520.5
8543.0
5305.0
8036.0
5463.0
9777.5
7035.5
7841.5
10155.0
1570.5
6716.0
9717.0
10073.0
8644.5
6643.5
5330.0
8328.0
6301.0
6935.5
7763.5
8565.5
6398.5
6436.5
7426.5
6261.5
6528.0
6328.5
5611.0
7049.0
8541.0
7306.5
7287.5
7912.5
9540.0
8018.0
7283.5
10458.0
7951.0
8919.5
7057.0
5152.5
7812.5
8974.5
5562.0
8657.5
6777.0
5833.0
8404.5
0
5607.5
7364.5
717.0
7387.0
4460.5
7699.0
1735.0
6306.5
10158.5
8200.5
8237.5
6733.0
7539.0
10286.5
8071.5
7987.5
6963.5
6438.5
6132.0
8182.5
6194.0
6396.5
7246.5
8117.5
7000.5
6156.5
7260.5
6058.5
1442.0
6288.0
7733.5
5861.0
7131.5
5833.5
3107.5
6352.0
471.0
10313.5
6332.5
8031.0
1922.5
5831.0
6199.5
7106.5
8552.0
6071.0
1616.5
8449.5
2362.0
5858.5
3631.0
4891.5
7094.0
8325.5
7434.5
8084.5
7130.0
7038.5
8862.0
7092.0
6553.5
10110.0
7367.5
6169.0
3400.5
6715.0
8186.0
8492.0
5385.0
8037.0
6657.0
1108.5
5723.5
7876.0
6552.5
6220.0
841.0
9106.5
5551.0
7377.5
6072.0
7345.5
10256.5
9959.5
8764.0
5475.5
8283.0
6125.0
5824.5
9251.5
3074.5
6817.5
5891.0
9689.5
6211.0
7309.5
5703.0
7870.5
3180.0
6687.5
7156.0
2860.5
10501.5
6517.0
7217.5
4534.5
7909.0
6601.5
6474.0
8327.5
8500.5
7792.5
7880.5
5472.5
6798.5
4949.5
4046.5
2977.5
6911.5
5845.0
8853.5
7646.5
8719.5
7863.0
6673.5
8373.0
5778.0
5936.0
1829.0
7934.5
6797.0
5661.5
7550.0
6423.5
6544.0
5952.0
8556.5
5557.5
6797.5
7973.5
8967.0
6184.0
9123.5
7867.5
7487.0
6541.0
5753.5
1601.5
8709.5
7047.5
6701.0
6279.0
7063.5
7574.5
6438.0
7288.0
10009.5
7658.5
4422.0
1701.0
6313.5
9097.5
7341.5
6512.5
4112.5
5962.5
898.5
6048.5
0
8717.5
6373.5
8646.0
2568.0
5666.5
4699.0
9852.0
7973.0
6385.0
6495.5
8054.5
10294.0
4452.0
5627.5
8840.0
8724.5
5636.5
9233.0
8662.0
7703.5
5255.0
6525.5
7256.5
10737.5
6828.5
3255.5
5098.5
2092.0
6493.0
6844.0
6781.5
3627.5
6467.5
10202.5
6833.5
8319.0
3702.0
5409.0
6635.0
8046.5
8761.0
8441.5
6364.5
5853.5
4787.5
8126.0
5532.0
2849.0
6532.0
6831.0
6615.0
7403.5
10171.5
4432.0
8246.5
7255.5
7307.5
6562.0
5781.0
6358.0
5663.0
7269.5
0
8024.0
7501.5
3236.0
5921.5
0
9024.5
7494.0
8615.0
7690.5
288.0
6615.5
4043.5
3667.5
6464.5
2882.0
6922.0
5942.0
2710.0
6843.5
1086.0
8365.0
10089.5
9691.5
4856.5
10466.0
5775.0
7112.5
9014.5
1904.5
5414.5
7011.0
6209.0
10105.5
5839.0
8822.0
7247.5
7975.0
7485.5
7022.0
6458.0
9851.0
7271.0
7093.0
478.0
6887.5
7880.5
486.0
5406.5
9015.0
6039.0
3985.5
3616.5
6339.5
6388.0
6218.5
5428.0
6280.0
10108.5
6318.0
5773.0
3916.5
9094.0
8858.5
3809.0
8898.5
2207.5
483.0
1789.5
6569.0
3817.0
5834.5
6184.5
2194.5
2938.5
6668.0
6381.5
1835.0
5790.5
9936.5
5706.0
10221.5
8032.5
6237.0
7456.0
7545.0
6867.0
8329.5
7509.0
9790.0
6703.0
2144.0
7685.0
7032.5
4571.0

8315.5
1174.0
6792.5
7372.0
7648.0
6490.5
3934.5
4771.0
2607.5
7067.0
6800.5
7519.0
138.0
7399.5
6259.0
6668.5
0
8416.5
4689.5
3679.0
6630.5
6678.0
8334.5
9550.0
7649.5
0
7493.5
9475.0
6472.0
8501.0
7282.0
6885.5
2532.0
7946.5
6986.0
9677.0
7260.0
9710.5
7603.0
4329.0
5684.0
0
7939.0
7676.5
5617.5
7736.5
2888.5
3643.5
3586.0
5635.5
6685.5
4837.5
8597.5
8534.5
6234.5
9575.5
7338.5
10120.5
10212.5
7854.5
2160.0
6255.0
4831.5
7863.0
8629.5
7644.0
1086.5
7820.0
9668.0
7216.5
5558.0
7571.5
1894.0
7299.5
10045.0
5981.0
6498.0
6597.5
6213.5
6599.0
6794.5
10060.0
383.0
6838.5
6493.5
8594.5
6379.5
6523.5
7314.5
6186.0
7248.0
7836.0
5925.0
9282.5
1885.5
6637.5
6409.0
6137.0
7168.5
5716.0
8507.5
7146.0
7723.5
7269.0
6036.0
6587.5
7297.5
8743.5
7492.0
6571.0
7720.0
8137.0
9617.0
2267.0
0
4769.5
7642.0
6475.5
4747.0
6131.0
7793.0
8230.0
7435.0
0
7042.0
8391.0
7037.0
9235.0
7337.5
1734.5
1972.0
0
68.0
6354.5
6677.0
68.0
7392.5
5999.0
0
10677.5
5838.5
9123.0
10269.5
7434.5
8546.0
7097.0
6682.5
7519.0
1374.5
6289.5
7511.5
6660.5
0
6819.5
5411.0
8418.0
6535.5
5500.5
2047.5
10357.0
7090.0
6802.0
4270.0
2627.5
138.0
6480.5
0
3591.0
10182.0
7093.0
6218.0
6426.0
5818.0
6609.0
6804.5
7524.0
5948.5
6426.5
8373.0
8031.0
0
6054.0
7441.5
6184.0
7521.0
9071.0
4574.0
7889.5
10164.5
7789.0
6275.5
0
5776.0
7684.5
6387.5
7088.0
7548.0
10469.0
7641.0
6171.0
9095.0
7159.0
10112.0
7784.0
4662.5
8215.5
9372.5
7164.0
5810.0
6090.0
7891.5
6000.0
5715.5
5630.5
7349.5
7639.5
7104.0
9653.0
8731.0
8765.0
7093.5
8783.0
7589.5
7318.5
3616.5
8039.5
6635.0
3958.0
9034.5
6875.5
9668.5
6192.0
7918.0
6587.0
5412.0
8589.5
6679.5
8431.5
8903.5
3840.5
1389.5
9822.0
6696.5
126.5
9167.0
0
2253.5
9723.5
6317.0
6875.0
8135.0
9906.0
6630.0
2347.0
3095.5
7270.0
9774.5
4217.5
7772.5
1933.5
9407.0
8731.5
7380.5
7875.5
2868.0
6956.5
6880.5
6259.5
2849.5
7759.5
9585.5
6557.5
8392.5
4672.5
6491.0
9731.0
3406.0
8255.5
0
5366.5
6347.5
7399.5
3780.0
7924.0
10499.0
8081.0
6319.5
6524.0
5515.5
0
8548.5
6869.0
10211.0
7095.0
7734.0
7961.5
5756.0
10542.5
5758.5
6124.0
3659.0
5926.0
7617.0
8271.5
5393.5
6109.5
5666.0
6447.0
8775.0
6550.0
8291.5
7401.0
4365.5
5047.0
6718.5
9197.0
6887.5
8165.5
8359.0
8255.0
7649.5
7768.5
6393.0
775.5
3849.5
8095.5
8453.0
0
0
6549.5
5968.0
5339.5
10271.5
6261.5
3999.0
8348.5
6363.5
7721.0
5618.0
8528.0
6513.0
8674.5
6175.0
6625.0
2138.0
7419.5
6436.5
9140.0
5461.5
9693.0
6817.5
7077.0
7231.0
5944.5
7155.5
4946.0
7326.0
6720.0
4664.5
438.5
7092.5
6409.5
7941.0
7306.5
6377.5
1773.5
3191.0
3571.5
4218.5
3274.5
3725.5
7945.0
2258.5
1393.0
8237.5
7589.0
7832.0
8232.5
6622.5
5436.0
7004.0
6238.5
10380.0
6595.5
4274.5
6317.0
10430.0
5622.0
0
10732.0
7510.5
9033.5
6930.5
7677.5
6255.5
0
10494.0
8945.5
4620.5
9814.5
0
6042.5
5396.0
6540.5
8376.5
8161.5
8787.0
9616.0
9848.0
8938.0
5829.0
10084.0
6592.5
7087.5
5469.5
5456.5
6834.0
10498.0
6239.5
126.5
8694.5
2794.5
5266.0
7562.0
9302.5
6800.0
5477.5
1139.0
7288.0
8351.5
6685.5
8549.5
7146.0
6775.5
1160.5
7528.0
7601.0
5565.0
10328.0
6010.5
0
0
6659.5
5677.5
7420.5
5443.0
5865.5
6543.0
0
9216.0
7300.5
7003.0
3607.5
5660.0
5847.0
3497.5
9891.5
9855.0
7220.5
7223.5
2651.5
10130.0
5982.5
6915.0
7414.0
7258.5
126.5
6196.5
1819.5
6587.0
5737.5
7284.0
7031.5
9157.0
5535.0
6360.0
5095.5
6441.5
5667.0
6260.5
6175.0
6583.5
7013.5
3263.0
5418.5
5364.5
6481.5
6897.0
7259.0
7659.0
0
7967.0
6759.5
6261.0
8680.0
8582.0
5246.5
9123.5
4972.5
5698.0
9068.5
6902.5
8699.0
6951.0
10249.5
8371.0
365.5
10129.0
6849.0
8567.0
3144.5
7650.0
4628.0
4975.0
5716.0
8146.5
6725.0
7010.0
8933.5
9570.0
9168.5
7087.0
6484.0
8240.5
8688.0
5981.0
6589.0
6285.0
5457.5
6537.5
8374.5
5009.5
8744.5
7277.0
7660.5
7126.5
9803.0
8289.5
6921.5
8681.0
7251.0
6048.5
8420.5
5385.0
8051.0
7635.5
7884.5
5966.5
7901.0
6671.0
3717.0
7750.0
5522.0
4924.5
7100.5
1437.0
7901.0
10229.5
5997.5
9320.0
5778.0
10327.5
5948.5
6692.5
8017.5
4288.5
2257.0
5884.5
7878.0
790.0
6385.0
6072.0
5841.5
5722.0
7343.5
9954.0
5833.5
7955.5
5298.5
9121.5
6964.0
9087.0
6103.5
3181.5
5224.0
419.5
8467.5
6294.0
4008.0
7669.0
6258.0
2904.0
8569.0
4307.0
7813.5
115.5
2958.5
0
2341.5
10331.5
8046.0
6954.0
7625.5
5099.0
5715.5
5913.5
9334.0

6875.5
9590.0
8566.0
6233.5
7332.5
4380.5
10599.5
2219.5
6858.0
8473.5
10073.0
2943.5
8437.0
6759.0
7715.5
6214.5
8209.0
1515.0
5933.5
9235.0
9835.5
2863.5
6178.0
5838.5
6214.0
10489.0
6368.5
7508.5
10307.5
9047.5
2529.5
3196.0
5347.5
5991.0
9181.5
7307.5
8060.0
7251.0
6853.0
5974.0
8530.5
3618.5
7592.5
10228.5
6883.5
6402.0
8669.5
1812.0
7549.0
7725.5
3790.0
4529.5
7259.0
7872.0
6437.0
4689.5
10194.0
0
6602.0
6922.0
6400.5
9149.5
8885.0
8092.0
6687.5
0
3437.0
7454.0
5830.5
10322.0
10416.5
8552.5
6686.5
10495.5
9005.0
7223.5
10314.0
3757.0
8446.0
7978.0
7461.5
7139.5
7851.5
6400.0
7943.0
7436.5
4294.5
7516.0
8748.0
6123.5
7108.0
10505.0
6208.5
6642.0
8976.0
5225.0
10377.5
5640.0
6742.0
8834.5
5828.5
7359.5
4331.0
9614.5
5293.5
1761.0
5335.0
7711.5
8422.0
10730.5
5850.5
5699.0
6665.5
5880.0
771.0
6278.5
7613.5
9165.5
9104.5
6147.0
6513.5
5355.5
6039.0
4324.0
6731.0
6233.0
7358.0
10189.5
6687.0
5820.5
3517.0
7860.0
6471.5
11418.0
10509.5
8768.0
7034.0
10142.0
8658.0
5738.5
10069.0
8060.0
4667.0
5513.0
7196.0
8961.5
5438.5
2865.5
6910.0
7741.5
7275.5
8138.5
8259.0
7309.5
7370.5
7639.0
7690.5
5256.0
7121.0
6096.0
8708.0
1482.0
6655.0
10422.5
7501.0
9506.0
7934.5
6478.0
8448.5
7617.0
6251.0
7566.5
10271.5
4694.5
7527.0
5772.5
8860.5
8655.5
10325.5
7037.0
6441.0
5757.0
5623.5

8200.5
8650.0
5809.0
6830.0
6458.0
6727.0
8158.0
2572.5
1333.5
6157.0
8746.0
7758.5
68.0
3852.5
10197.5
6154.5
6568.5
8867.0
7306.5
9815.0
6905.0
5014.0
0
1120.0
8395.5
9245.5
5962.5
7058.0
10176.0
7670.0
2235.5
7994.0
6244.5
6793.0
6451.5
3701.0
10125.0
7199.0
6381.5
1546.5
2619.0
6893.0
10500.5
8475.5
7276.0
7878.0
8918.5
10407.5
2497.5
5902.5
8052.5
8769.5
6585.5
9911.5
5644.0
8149.5
7736.0
5663.5
8798.5
6359.0
8922.5
6607.0
6129.0
3997.5
10429.5
3237.0
10322.0
9683.5
6796.5
2182.5
8248.5
10977.0
5412.5
5851.5
2875.0
7046.5
717.0
6594.0
10578.5
8602.0
6172.0
10367.5
10759.0
6738.5
9314.5
6124.5
6588.0
6344.0
7316.0
7363.0
6533.0
7959.5
6163.5
7576.5
7228.0
7805.0
5698.5
3012.0
6892.0
9008.5
9051.5
5791.5
7235.5
5082.0
0
8623.0
5377.0
5624.5
9690.0
6104.5
6890.5
6765.5
6598.5
7953.5
7902.5
9882.0
7491.5
7116.0
6536.0
7555.5
9871.5
9228.0
3945.0
10051.5
7376.0
6493.5
5666.0
8099.5
7988.5
7744.0
10356.0
7385.5
6512.0
6458.0
10114.5
8335.0
2627.5
3816.0
8067.0
5911.5
6417.5
822.5
6488.5
10047.0
10242.0
5933.5
7175.5
2515.0
7695.0
1761.0
8523.0
6293.0
7087.0
7845.5
10369.5
5826.5
6016.5
5310.0
9721.5
6711.5
9553.5
9105.0
8316.5
3604.5
9349.5
7058.0
7238.5
3437.0
3199.0
10172.0
7308.5
6015.0
10302.5
8104.0
8074.0
7585.5
9778.5
6860.5
6536.0
10160.5
10386.0
7114.0
9243.0
138.0
7650.0
9131.0
6980.0
5406.5
9211.5
6543.0
10477.5
5808.5
8178.5
5830.5
5833.5
9850.0
6476.5
7660.5
6103.5
6967.5
7770.0
8328.0
7615.5
7413.0
8367.5
8037.0
5890.0
10639.0
5932.0
6210.0
8111.5
9044.0
4289.5
5421.0
7491.5
3198.0
7853.5
8429.5
9777.0
10349.0
6265.5
6819.5
5948.0
8152.5
5333.0
10348.5
7894.0
2829.5
6946.5
2530.0
6305.5
7614.5
9736.5
6641.5
6265.5
6331.5
7959.0
8151.5
5795.0
1685.0
4566.0
10330.0
7843.0
6162.5
8898.5
5347.0
7967.5
8756.5
10098.5
10285.0
2553.0
8206.0
8015.5
2826.5
1725.5
5687.0
6181.0
419.5
6186.5
6280.0
6517.0
10747.0
7834.0
1922.0
6701.5
7848.5
8010.5
6264.0
10051.5
8642.0
9262.0
5225.5
771.0
6992.0
2574.0
8009.0
7211.0
6185.0
7609.0
10059.0
2239.5
7500.5
9140.5
9235.0
7688.0
6126.5
7336.5
5231.0
6491.0
7235.5
8377.0
7264.0
8906.0
516.5
9053.5
6960.5
7622.0
5977.5
6577.0
5492.5
5735.5
4055.0
9915.5
6364.0
8915.5
6161.0
6453.0
7215.0
4199.5
7260.0
6946.0
7603.0
7336.0
10162.5
6542.0
7001.0
6125.5
4620.0
6283.0
5585.0
8154.0
4760.5
6866.0
6955.5
6012.0
5669.0
7205.0
8677.5
7645.5
6976.0
7020.5
8159.5
6387.5
10245.5
8522.0
7840.0
6755.0
7409.0
7563.5
5804.0
7696.5
7031.0
5625.0
9423.5
5549.5
7221.0
9045.0
5618.0
8725.0
5771.0
0
7914.5
6511.0
6443.0
4008.0
10344.5
0
5366.5
5856.5
419.5
5888.5
8351.5
6038.5
6776.5
8869.0
8069.5
6321.0
9774.0
6494.5
8435.0
10164.0
5149.0
10351.0
9375.5
5396.0
7032.5
10183.5
10578.0
5978.5
9015.5
6952.0
9393.5
1081.0
7095.5
3203.0
6589.0
9874.5
4259.5
8791.5
5036.5
7979.5
5812.5
8998.5
9309.0
9848.5
6038.0
6552.5
6286.0
7940.5
8250.0
7353.0
6699.0
5590.0
7568.5
5386.5
6325.5
1883.5
7771.0
0
775.5
68.0
8293.5
3887.5
7466.0
2997.5
68.0
6790.5
6745.0
10382.0
7284.0
8204.5
2147.5
6050.0
6688.0
7137.0
1513.0
9430.5
5978.0
9657.5
5944.0
8719.5
6119.5
4774.5
6425.0
9919.0
9535.0
8809.0
6001.0
8264.5
10316.5
10515.5
9263.0
6983.0
4149.5
3737.0
7880.5
438.5
5467.5
8380.5
6792.5
10292.5
2832.5
6110.5
9814.0
7913.5
3394.5
6033.0
7542.0
8383.5
7466.0
6986.0
6683.5
8531.0
8488.5
6534.0
2923.0
7346.5
6418.0
3470.0
8166.5
8476.5
2270.5
0
6520.0
3176.0
7278.0
8403.5
7554.5
5668.0
6740.0
4610.0
9764.0
6287.0
9826.0
7676.0
5981.5
6171.5
9237.5
7221.5
8043.5
6977.5
10162.5
6184.5
10486.5
5679.5
2588.5
10525.0
4681.5
5775.5
3546.5
7899.0
6589.5
5227.5
6754.0
8582.5
8009.0
7374.0
7053.5
6742.5
8533.0
6877.0
7682.0
6621.0
7587.0
1087.5
8434.0
0
8776.5
6252.5
4147.0
7449.5
7878.5
9002.0
7777.0
6766.0
7427.0
6391.5
2625.5
7577.0
1865.5
8276.0
5585.5
7008.0
6647.0
6773.5
8985.5
7377.5
0
7151.5
4957.5
7073.0
7085.0
8500.5
7070.5
7457.0
9988.5
8018.0
6290.5
8705.0
5611.5
2241.5
6660.0
10597.0
8315.0
6200.5
6997.5
6418.5
10509.0
2617.5
68.0
8655.5
7385.0
6719.0
1414.0
7071.0
6361.0
7665.5
8790.0
0
8815.5
8665.5
8510.0
6553.0
8714.0
9829.5
6489.0
2627.0
497.0
3536.5
2573.5
6096.5
6403.5
7752.5
9425.0
8525.0
8217.0
6920.0
9472.5
4402.0
7795.0
7587.0
8607.0
5771.0
5787.5
6569.5
7006.5
6579.0
7316.0
7429.5
6982.5
6856.0
6619.0
1127.0
10070.0
5451.0
7534.5
7291.0
7708.5
3719.5
10274.5
7148.0
7373.5
68.0
10416.5
8499.5
7092.0
10267.5
10086.5
7929.5
6871.0
8375.5
6833.0
6836.5
6904.0
6341.5
5773.5
1092.0
10511.5
9599.0
6167.0
7439.0
9863.0
2777.5
6778.0
5158.5
6648.5
7702.0
6280.5
8984.5
6666.5
3610.5
1863.5
8844.0
6567.5
9794.5
8082.5
6284.5
7060.0
2583.0
8014.0
9065.0
6034.0
2217.0
7973.5
8054.5
7810.0
5656.0
9202.5
9819.0
8680.5
6446.0
10255.0
7321.5
5697.5
7526.5
5590.0
9785.5
6733.0
7806.0
7489.5
10508.0
6997.5
1676.0
8126.5
9458.0
771.0
0
8301.5
6702.5
7433.0
7199.0
8790.5
7258.5
8211.5
7280.0
7703.0
7035.5
7462.5
5758.5
5782.0
9651.5
5032.5
8059.5
7229.5
8345.0
7220.0
7606.5
7732.5
9977.5
6401.0
9433.5
5470.5
6520.5
6470.5
6057.5
8838.5
5968.5
841.0
10495.5
7239.5
6846.5
1077.5
9000.5
6400.0
5033.5
7412.5
68.0
6566.5
7106.0
3576.5
6609.0
419.5
6894.0
3662.0
6424.5
6267.5
8122.0
7900.0
10367.0
10147.0
9347.0
6890.0
4914.0
6762.0
68.0
6788.0
9617.5
8519.0
1865.5
4802.0
6482.0
3569.5
6331.5
6334.5
8916.5
6749.0
6692.0
1524.5
8038.0
9848.5
5950.0
7022.5
8726.5
8374.5
4173.0
4207.5
5921.0
2077.5
9789.5
9857.5
9742.0
5629.5
8689.5
6201.5
2237.0
7130.0
7244.5
10196.0
6276.5
7315.5
7569.5
6702.5
0
6779.5
5979.5
6675.0
6747.0
7307.5
7842.5
9404.5
10206.0
1142.0
6633.5
7503.5
4767.5
6775.5
6585.5
4345.5
5598.0
4556.5
5573.5
5197.5
8218.0
0
7993.5
5474.5
3293.5
6498.5
5891.5
7102.5
7459.0
7255.5
6710.0
7424.5
4721.0
7143.0
9981.0
10344.5
6625.0
7171.0
5910.0
5880.5
1349.0
7253.5
9876.5
5353.5
4938.5
6416.5
6654.0
8988.0
5797.5
1160.5
8670.0
6330.5
6111.5
7232.5
7084.5
6259.5
3797.5
10154.0
2199.5
5366.0
10057.0
3330.0
0
76.0
9325.5
0
10156.5
3217.0
8291.0
6493.5
6562.0
9739.0
5422.0
5748.0
10102.0
6104.0
10501.5
7785.0
8951.5
10489.0
10137.5
7032.5
2219.0
5705.5
6158.0
3242.5
5028.5
8671.5
4341.0
8032.0
6611.5
6111.5
6777.0
7578.5
9480.0
7211.5
6938.0
7396.0
9885.0
7794.0
6572.5
8107.0
7158.5
6034.5
4226.0
8701.0
8134.0
6590.0
5715.5
7753.5
2422.0
8704.0
7251.0
10053.0
9771.5
1533.0
5885.0
6604.5
10198.5
7172.5
5571.5
2513.0
1540.0
7568.0
5339.0
7032.5
8056.0
68.0
7461.5
9327.5
8879.5
9579.5
8226.0
6869.5
8880.0
5018.0
10113.0
10117.0
9659.0
0
3446.5
10183.5
8420.0
8264.5
7609.0
9393.5
6183.0
5664.0
9089.0
9869.0
7502.5
8134.0
10171.0
4153.0
9367.0
0
4963.5
7940.0
7595.0
8447.0
8301.5
7882.0
2991.5
6396.0
2062.5
6728.0
7930.5
2616.5
10306.0
8464.0
9965.5
6839.0
5739.0
3604.0
6803.0
8703.0
10054.0
7910.0
7161.5
8503.0
7676.0
6324.5
8365.5
7784.5
3863.5
5750.0
7370.5
7805.0
6997.0
6360.0
7671.5
2790.0
10291.5
7617.0
8899.5
7652.5
8127.0
9256.5
6954.0
1809.5
7090.0
5825.0
8500.0
8175.0
6030.0
7124.5
7080.5
5605.5
8298.5
7269.5
5290.0
5625.5
10108.5
8794.5
5565.5
6523.5
5526.5
3721.0
9745.0
5486.0
7527.5
6244.5
0
10105.5
8668.5
9233.0
8820.5
6415.5
7133.5
6719.0
7566.0
8673.0
5376.0
6486.0
10568.0
6086.5
6680.0
4923.5
8342.0
5875.0
7929.5
7548.5
6040.0
7437.5
6687.0
7544.5
7279.0
6315.0
9622.0
10183.0
2961.5
10245.5
8945.5
1859.5
9228.0
5702.5
5789.0
6377.5
5978.0
828.5
7814.0
3825.0
8750.5
6268.0
5789.5
7570.5
6666.5
4888.5
6406.5
6923.5
2885.0
7030.0
7583.0
435.5
6563.5
8727.5
10521.5
8990.5
5648.0
4976.5
10204.5
8835.0
8954.0
6549.0
6998.5
9690.0
8535.0
10500.0
6469.0
8031.5
4348.5
10195.5
471.0
9162.5
6516.5
8622.5
7601.5
7636.5
8785.5
9037.5
7387.0
489.5
6985.5
10122.0
9543.0
8222.0
10025.0
5950.0
7875.5
7070.5
5957.5
8777.0
7967.5
10273.5
6792.0
9713.5
1578.5
5469.5
10341.5
1710.0
3921.0
6549.5
5568.5
6063.5
5907.5
5911.0
7260.0
8136.0
6895.5
7970.0
8185.5
7387.5
9040.5
7684.0
5887.0
9127.0
7952.5
6860.0
5555.5
7587.0
6692.5
6333.5
7558.0
8925.0
8448.5
6022.0
8052.0
7846.0
7106.5
9203.0
10166.5
5611.5
9552.0
8073.5
6610.5
5083.0
9611.5
9077.0
7003.5
8331.5
5792.5
7083.5
8596.0
1590.0
5146.5
8275.0
7821.0
7545.0
6007.0
0
2757.5
7435.5
8995.5
8745.5
4435.5
6364.5
6955.0
6650.0
6609.5
8541.5
8585.0
7456.5
7674.0
3695.0
6030.5
7200.0
5824.0
8782.0
10243.5
7827.0
6452.5
8634.0
6859.0
1200.0
6949.0
5541.0
9847.5
5239.5
2979.0
8922.5
7666.0
8411.0
7087.5
8502.5
8743.5
6032.0
3600.0
8643.0
7801.0
5688.5
4822.5
5792.5
9732.5
5534.0
5613.5
8295.5
6619.0
8326.0
7498.0
0
5543.5
7019.0
0
6193.0
6139.0
6806.5
3625.5
5568.0
0
383.0
6885.0
8236.5
6124.5
6278.0
5608.0
10178.0
8151.0
9815.5
9914.5
7928.0
1832.0
6798.5
2106.0
6738.5
5945.5
3738.5
7206.0
6645.5
7545.0
6404.0
8726.0
716.0
6007.5
9566.5
0
8562.5
4831.0
6199.0
6693.0
8810.0
8302.5
7429.5
5947.5
9495.5
8295.5
5599.5
6885.5
8079.0
5423.5
5518.5
5196.5
9454.5
6380.5
10926.5
3271.5
7055.0
8485.5
68.0
9033.0
8620.5
0
7846.5
6160.5
10093.5
10194.0
8893.5
10213.5
3977.0
7979.0
6608.0
9234.5
7566.5
8010.5
8395.5
8508.5
6793.0
8180.5
5166.5
6765.0
8940.5
5703.0
7033.0
7830.0
11203.5
6337.0
8212.5
2282.0
1845.5
8141.0
0
5419.0
9942.5
4378.5
4481.0
10402.5
8162.5
6181.0
10362.5
8708.0
2491.0
7083.0
8524.5
9128.5
6847.0
3331.0
6010.0
7939.5
8109.0
6585.5
7888.5
7417.0
10553.5
6604.0
7949.0
8984.5
5542.0
7538.0
5811.5
8483.5
5838.5
6195.5
9226.0
8352.5
8386.5
10074.5
8611.0
6684.0
7177.5
7664.0
10000.5
2752.5
8136.0
3546.0
5816.0
7922.0
7503.5
8443.0
841.5
68.0
7886.5
7778.0
6859.0
6259.0
8506.5
10382.0
8575.0
6669.5
138.0
7801.0
6557.0
7033.5
7940.0
8720.0
10150.0
6896.5
7200.5
9362.5
6202.5
8953.0
8310.5
2369.5
7459.5
8063.0
2475.0
10038.0
6849.0
1708.0
2825.5
5975.5
8829.5
6963.0
5805.0
5894.5
10062.5
7762.0
6592.5
3290.0
7545.5
7935.0
6667.5
6922.5
792.5
9913.5
5417.5
5329.0
10047.5
5773.5
8767.0
7194.5
0
6331.0
8316.0
4839.5
6374.0
2117.0
8470.5
7597.5
4271.0
7863.0
7586.5
6440.0
7119.0
5886.5
6850.0
5938.0
4716.5
486.0
6658.0
5014.0
3349.0
6988.5
5084.5
6187.5
6333.5
5576.0
7771.5
0
4631.5
7344.5
7466.0
7050.5
7458.5
868.0
6669.5
6299.5
6376.5
6616.0
8576.5
6906.5
7912.5
6927.5
9733.0
6949.5
8194.5
471.0
6059.5
7916.0
8007.0
7509.0
8181.5
6503.5
7871.5
5808.0
5672.0
8039.5
7424.5
0
6614.0
3731.5
6329.0
8357.5
6049.5
6175.0
4991.5
5258.0
8896.0
9300.0
7073.5
7652.5
6761.5
6916.5
5607.5
10341.5
5802.5
6056.0
5015.0
9565.0
6883.0
6557.5
7922.5
7527.0
6535.0
7521.0
6826.0
7213.0
7278.0
9611.0
6012.0
3348.0
7931.0
5949.0
7664.5
3147.0
6745.0
365.5
0
5791.0
5818.0
424.0
6918.5
7819.5
9141.0
5494.0
6722.5
478.0
8069.5
7878.0
3871.0
3021.0
1109.0
9224.5
6813.5
419.5
4519.0
459.5
6588.0
6552.0
10266.5
6460.0
7630.5
6680.0
4512.0
6106.5
8110.0
3417.5
8624.0
5031.0
8619.5
3882.0
7499.5
4221.0
6597.0
10495.5
7163.0
5101.5
4215.5
8193.0
7348.5
6866.5
1499.5
7908.5
8204.5
8432.0
5932.5
6704.0
7261.0
6891.0
6401.5
5904.0
8027.0
6386.5
6541.0
6585.5
9654.0
8468.5
8693.0
7874.5
6691.5
10101.0
6706.5
7518.5
5650.0
6111.0
7922.5
7179.5
7357.0
6792.0
6477.0
7512.5
6403.5
0
6367.5
6084.5
6027.0
8013.0
6783.5
6762.5
7751.0
6363.0
10622.5
6838.5
7948.5
5848.0
419.5
5797.0
7873.5
5331.0
2638.5
6700.0
10040.5
0
6512.0
7190.0
9124.5
5616.5
8712.5
8116.5
7778.0
6155.0
4656.0
7305.5
6012.0
4909.0
5811.5
6873.0
6583.0
7670.0
7079.0
10146.5
6215.0
6520.5
7679.0
6772.0
8467.5
6779.5
0
5880.5
7700.0
5033.5
9693.0
6667.0
2240.5
6501.0
8368.0
7061.5
6297.5
3878.0
9529.5
8662.0
5994.0
6093.5
5528.5
8929.5
5586.0
8021.0
6196.5
4423.5
7864.5
10303.0
7182.0
6551.0
7530.0
10382.5
6792.5
5094.0
2493.0
3775.5
7007.0
7118.5
5954.0
7146.5
7907.5
7462.0
5805.0
7206.0
5642.5
7553.5
8191.0
6219.5
6497.5
8524.0
5892.5
6483.0
7891.5
5071.5
9205.5
7816.0
6888.5
8826.0
1883.5
5101.0
6955.5
8049.5
6903.5
5825.5
6692.0
7187.5
6325.5
6939.0
6513.5
6933.0
8421.0
8611.5
1154.5
6810.5
7151.0
6209.5
5958.5
6935.0
7789.5
9232.0
7929.0
10283.5
8316.0
6625.5
9405.0
10522.5
10449.5
8234.0
8188.0
4605.0
10078.5
8149.0
6849.0
8257.0
6768.0
7176.0
7824.5
6958.5
7545.5
8393.0
10085.0
10001.5
6885.0
7204.5
6296.0
10354.0
10083.0
10113.5
6804.5
6836.0
9791.0
5699.0
6928.0
7099.0
7042.5
6551.5
7085.5
7797.5
5674.0
7223.0
5998.0
8038.0
6672.5
7444.5
10217.0
6357.5
7149.0
9169.0
6889.5
6177.0
6783.0
6294.0
4040.0
2632.0
9312.0
5584.0
8284.0
7550.5
3656.5
830.0
8114.0
0
6958.5
6800.5
8003.0
8749.0
0
4305.0
8194.5
0
10546.0
9208.5
0
6516.0
8259.5
8716.5
9763.0
9068.5
7637.5
6436.5
6841.5
5070.0
0
6454.0
7057.0
9246.0
9624.0
8832.0
5847.5
7202.5
5906.0
7529.5
7299.5
6157.0
10628.5
6683.0
10176.0
126.5
9669.0
5335.5
771.0
8104.0
7187.5
0
6145.0
1911.0
6646.0
8860.0
10034.0
1913.0
8946.0
8085.5
6903.0
6759.0
8480.0
7181.5
5879.5
7831.5
2197.5
5819.0
7203.5
10417.0
7489.0
5809.0
6324.0
6795.5
1344.0
10099.0
2825.5
0
9411.5
5403.0
3814.0
6631.0
7967.5
5375.0
6742.0
11379.5
5329.5
5611.0
8965.0
1512.5
8411.5
6418.5
6452.5
9428.5
2474.5
8063.5
9838.0
5423.0
7319.5
6479.5
6756.0
6728.0
5835.0
5284.0
8015.0
5926.0
829.5
0
5309.0
5534.5
8085.5
7919.5
5200.5
1719.5
4959.5
5628.5
6269.5
811.0
5940.5
5433.5
10377.5
10137.0
7833.0
9432.5
8952.5
8216.0
7768.0
12699.0
6431.0
9528.0
6419.5
7719.5
9606.5
4566.5
7847.0
8545.0
8034.5
3372.0
9612.0
10490.0
4308.5
2901.5
7611.5
7191.0
7061.5
6415.0
6652.5
6782.5
2549.5
6850.5
6570.5
2251.0
7989.5
5962.5
6112.5
10254.0
2474.0
8898.0
8209.0
8025.0
8669.5
7226.0
9045.0
5658.5
5956.5
5828.0
2643.0
8047.0
7129.5
10382.0
8086.0
7682.0
9203.5
6569.5
6469.5
0
10152.0
10463.0
8488.0
1720.5
6403.5
478.0
8035.5
10269.0
6139.0
8561.5
7198.5
8268.0
9457.0
10491.5
6846.0
9200.0
6505.5
4933.5
8150.0
5944.5
5664.5
5971.5
7574.5
8755.0
7198.0
2027.0
8724.0
7104.5
7007.5
8329.5
5711.0
8040.5
9369.5
5584.5
9997.5
6739.5
6110.0
6401.5
9521.5
5888.5
4603.0
9453.5
7431.5
6279.5
6823.5
5947.5
4224.5
9501.0
8517.5
7508.5
9060.5
5540.0
8743.0
6109.5
9920.5
9441.5
7902.0
4234.0
9665.0
6445.0
0
8271.0
7506.5
6659.5
7704.5
7264.0
0
5367.0
7681.0
3831.0
5418.5
7369.5
5642.0
8277.0
5258.5
6405.0
8734.5
6949.5
7411.5
7969.0
68.0
7071.0
6443.0
5944.5
8147.0
7289.0
1477.5
9796.0
5316.0
8105.0
7999.0
9345.0
8563.0
0
7656.0
7125.0
7688.5
4031.0
6182.0
6399.0
8099.5
6216.5
5038.0
5718.5
7704.5
7738.0
7150.0
8014.0
9602.0
7479.0
6454.0
6919.5
10224.5
7602.5
10185.0
8164.5
8863.5
0
6546.0
7469.5
5678.0
7538.5
6503.5
7429.0
8596.5
7125.5
6778.0
1921.0
9877.5
5715.5
5716.5
7637.5
6134.5
9861.5
5538.5
7933.0
6845.0
5645.0
6187.0
889.5
8069.0
471.0
7766.5
10375.0
8651.5
10091.5
6573.5
4950.5
10207.0
6783.0
5683.5
9211.0
2237.0
6470.0
7511.5
7458.0
4207.5
5286.0
6539.5
5950.5
8582.5
1084.5
7179.5
7781.0
5003.5
8294.5
7074.0
6931.0
9489.5
6850.5
359.0
1954.0
4036.0
2886.0
6657.5
7009.0
7173.0
6940.5
5724.0
8071.0
8899.0
7306.0
8538.5
6467.0
10179.0
6851.0
10371.5
7449.5
0
6557.0
3718.0
6867.5
7806.0
5989.0
1511.5
7525.5
771.5
4366.5
6498.0
10079.0
9599.0
7557.5
1423.5
6868.5
8541.5
7931.0
6103.5
6266.5
8015.0
6864.0
6469.0
6092.0
8278.0
7654.0
8952.5
9354.5
8679.0
6962.0
10144.0
7545.0
9574.0
8028.5
6697.5
3828.0
8133.5
1285.0
5981.0
3293.5
5380.0
7313.5
2246.0
2755.0
1814.0
6660.0
8321.0
6032.5
10000.5
5617.0
5913.5
7367.0
8698.0
4658.0
5847.0
8732.0
7009.5
7738.5
6258.5
6217.0
7680.5
901.0
3285.5
5517.0
3972.0
5869.0
4072.0
6026.0
6148.5
1631.5
8416.0
7468.0
8026.0
6275.0
6169.0
8925.0
6138.5
1123.0
10401.0
68.0
3144.0
7514.5
7540.5
5608.0
6740.5
6311.0
8398.0
5712.0
9493.5
8338.5
8371.5
7255.5
8514.5
8156.5
7287.0
1832.5
7437.5
6511.0
5363.5
7215.5
6916.0
9999.0
7539.0
5125.0
9951.0
7489.0
7372.5
2760.5
6874.0
2567.0
8455.5
8945.0
7371.0
6520.0
6125.0
7381.5
8117.5
2607.0
8415.5
6344.5
6959.5
1807.0
0
3886.5
9057.5
7297.5
6382.5
7339.0
6404.0
459.5
1200.0
6892.5
9005.0
4327.5
7442.5
6060.5
8651.0
0
7778.5
0
7868.0
5660.5
1326.0
5404.5
8043.0
7054.0
3079.0
2251.0
0
9050.5
6378.0
7582.0
4110.5
745.0
5648.5
5688.5
7816.0
6430.5
6628.5
3133.0
7238.5
8444.0
7761.0
7612.0
8457.0
5929.5
6224.5
6974.5
3167.0
6124.5
5907.5
1475.5
7904.5
7216.0
8495.5
7515.0
6911.0
5891.5
7350.0
2568.5
7034.0
7672.5
2606.5
8637.0
8953.0
5649.5
8099.5
6868.5
7283.5
3725.0
9373.5
2279.5
7540.5
2337.5
2122.0
5466.0
7011.5
5137.5
8853.5
7327.0
8205.5
7482.5
5689.0
8860.5
5629.5
2182.5
9936.0
7419.0
10149.0
3587.0
489.5
10494.5
8987.5
7047.5
7177.5
0
7616.0
8778.0
6382.5
3181.0
6847.0
7512.0
3407.5
7409.0
3320.0
9617.5
8496.5
8315.0
6294.0
7125.0
5994.0
8675.0
9333.5
7746.0
8861.5
6512.0
4091.5
8220.0
6260.0
4699.0
7484.5
8070.5
8261.5
6188.5
1142.0
7695.0
0
10122.0
7373.5
0
8441.5
9498.5
7490.5
4290.0
7895.0
6494.0
7932.5
7358.5
6284.0
1902.0
6739.5
6142.0
7449.0
5784.5
8283.5
3864.0
7868.0
7780.0
7855.0
2493.0
7092.0
8290.5
6216.5
7970.5
6652.5
7428.5
6239.0
8800.0
6422.5
5717.0
6927.5
860.0
6710.0
2050.5
6676.0
9650.5
7535.0
3895.5
9639.5
4480.5
7212.0
9505.5
7044.5
6418.5
7347.5
7176.0
10087.5
6277.5
7724.0
10065.0
8637.5
6327.0
6263.0
9717.5
7596.5
2182.0
3494.5
5741.5
6772.5
7310.0
5829.0
7959.0
4680.5
8264.0
8622.5
6197.5
7415.0
7183.5
489.5
7199.0
1601.0
1564.0
8616.0
8222.5
5951.5
8053.0
1808.5
6519.5
8599.5
1104.0
6312.0
6706.5
9978.5
5496.5
5930.5
5052.0
3036.0
7062.0
8602.5
2896.0
9324.0
3473.5
8108.0
7389.5
5787.0
6368.5
10060.0
7313.0
9468.5
6396.5
7282.0
8128.5
9302.0
7795.5
8831.5
6261.5
9198.0
6298.5
6792.0
8904.5
7092.0
6067.5
7329.0
9142.0
7057.5
5823.0
9482.0
8117.5
6407.5
6066.5
7274.0
6356.0
2570.5
3500.0
10336.0
7810.0
7792.0
7036.5
6845.5
7197.0
9659.0
8910.0
1804.0
7244.5
8405.0
10097.5
7747.5
7639.5
6351.0
5921.0
0
8833.0
7308.5
7241.5
7954.5
736.0
0
9978.5
5389.0
6067.5
6915.0
8427.5
7811.0
6403.5
4942.5
4405.5
9572.0
7179.0
7059.5
7219.5
6956.0
6205.0
7070.5
4641.5
9152.5
5364.0
9647.0
5674.0
6383.5
5788.0
8219.0
6812.0
7887.0
6071.5
9432.0
9059.0
6256.0
7470.5
7951.5
6075.0
0
2571.0
9575.5
9277.5
8456.0
1810.0
5697.0
7999.0
8564.0
5943.5
3327.0
5216.0
7001.0
6406.5
9107.0
6845.5
9096.5
9361.0
8342.0
9032.5
8870.0
1609.0
6680.5
7132.0
6527.0
10183.5
7791.0
4218.0
1760.5
10191.5
6987.0
7636.5
9241.0
7094.5
7073.5
9382.0
7746.5
9496.0
5638.0
5050.0
9058.5
6776.0
5031.5
8528.0
9901.0
10027.5
7222.0
6476.5
9717.5
7210.5
10282.0
8348.5
6445.0
8100.0
3019.0
6122.0
1598.0
8307.5
8258.0
8419.5
6474.0
8279.5
8330.0
8689.0
6669.5
1515.0
6868.5
1443.0
5863.0
8233.0
6749.0
771.0
1923.0
10074.5
2479.5
2169.5
2863.0
6413.5
1295.0
4320.5
3898.5
7237.0
8125.0
8190.0
9763.0
6520.5
6910.5
9091.0
6992.5
6558.0
7602.0
128.0
8322.0
771.5
9089.0
7899.5
8235.5
8264.5
7557.5
68.0
5997.0
10546.0
2462.5
10199.0
2516.5
7336.0
2428.0
8013.5
7218.0
6351.5
3093.5
1162.5
9670.5
6613.5
6800.0
6972.5
126.5
6824.0
8415.0
365.5
6811.0
9620.0
7221.0
7616.5
4746.0
6462.0
1829.0
9231.5
8822.5
5308.0
5382.0
6606.5
6953.5
1114.0
5912.0
9381.5
6533.5
8223.5
6562.5
5793.5
68.0
8325.0
0
6505.5
10078.0
7735.5
6555.5
7130.0
6153.0
8500.0
9197.0
3549.5
10746.0
9531.0
9548.0
8477.5
7569.5
0
7339.0
8499.0
7076.5
6731.5
811.0
8429.0
7641.5
68.0
7385.5
1827.5
4362.0
4383.5
9528.5
7959.5
7308.0
5553.0
7419.5
7570.0
8323.0
6922.0
3293.5
6928.0
7069.0
8018.0
6283.5
8575.0
5905.0
0
7197.0
7502.0
9270.0
6116.5
6191.5
6149.0
6713.0
6862.5
6167.5
8046.5
7500.0
5524.0
7036.0
4980.0
9237.5
9709.5
8032.5
10552.5
9255.5
7805.5
9309.0
6069.5
9351.0
7370.0
6109.0
9501.0
8363.0
6832.0
5460.0
10147.5
5794.0
10392.0
68.0
6476.5
9712.5
10143.0
8740.5
822.5
5643.0
6498.0
1902.0
6814.5
2624.0
10254.0
1162.5
7125.5
6067.0
7379.5
68.0
5843.0
3087.0
7861.0
7110.0
5016.0
5733.0
7166.0
5944.0
5919.5
7592.0
6414.0
4843.5
2274.0
8234.5
7208.5
6325.5
7589.0
6537.0
7163.0
7654.0
1886.0
5169.0
5742.5
438.5
7820.0
7051.0
6500.5
10482.0
6404.5
6965.0
6975.5
5976.0
8134.0
8174.5
6400.0
5684.0
8445.5
5981.0
0
3255.5
8072.0
8232.0
8013.0
6163.0
7135.0
6751.0
6294.5
6313.0
6204.0
7684.0
9205.5
8753.0
6936.5
9145.0
478.0
6478.0
6809.5
5795.0
10222.0
5344.0
3807.5
7952.0
1545.5
8806.5
8402.0
9495.5
7366.0
6317.0
6236.0
6951.0
4549.5
7156.0
6691.5
7936.0
9652.0
126.5
8346.0
9140.0
8282.0
822.5
6817.5
7387.5
2231.0
2187.0
6183.5
8523.0
68.0
7642.5
8786.0
5847.5
7652.0
8858.5
8161.0
7901.0
7009.5
10365.5
4979.5
9161.0
2929.0
6859.5
8136.0
4770.5
7246.0
7273.0
5614.0
7254.5
2684.0
9937.5
7238.0
10236.5
2267.0
7501.5
6640.5
6649.0
4718.5
10052.5
7281.0
7524.5
5716.5
6467.5
2846.0
9484.0
1883.5
6255.0
7753.0
6088.0
6531.0
7015.5
5984.5
9765.5
8009.0
68.0
10107.0
7739.5
8978.0
946.5
5016.5
7661.5
4570.0
6022.5
7394.5
8115.0
5718.5
6470.0
7392.5
7452.5
5770.0
7961.5
9637.5
5751.5
9402.0
6206.5
7191.5
4033.0
6891.0
8411.5
3065.0
10074.0
8305.0
7933.5
8182.5
5885.0
0
6365.0
489.5
8357.0
7257.0
7357.0
6257.0
9669.5
8636.0
8842.5
497.0
8319.5
6559.0
8738.0
8024.5
7881.0
7966.0
0
8843.0
6338.0
3847.5
4503.0
5754.0
10489.0
7177.5
8288.0
6730.5
8885.0
5748.5
8052.0
4109.5
9361.0
6975.0
5717.5
2617.5
8893.0
4132.5
8822.5
1068.5
6903.0
8947.0
7957.5
8026.5
7462.5
8260.5
7431.5
6482.0
9294.0
6046.5
9736.0
4737.0
8499.0
6089.0
7884.0
10708.5
6950.5
7627.0
8206.5
6397.0
7586.5
7094.5
10251.5
9043.5
0
6539.0
7606.0
5436.5
6365.5
4824.5
770.0
6518.5
8832.0
3881.0
9700.5
0
8836.5
5606.0
10496.0
1834.5
10381.5
8151.0
7691.0
5167.0
8895.5
5234.5
7071.5
6951.5
7979.0
7941.5
9062.5
6056.0
7317.5
7003.5
7780.0
6945.5
5375.5
6421.0
173.0
7242.5
8108.0
7613.0
8415.5
3025.5
7493.0
7794.0
9420.0
7592.0
5660.0
7608.0
438.5
9878.5
6883.0
2516.5
7435.5
4566.0
5982.5
6683.0
6337.5
7199.0
5557.0
6632.0
10115.5
68.0
3255.0
0
8235.0
4150.0
10872.5
7217.5
8650.5
1960.5
5085.5
6424.0
8795.0
7391.5
7936.0
3223.0
8304.0
6685.0
8351.0
68.0
883.0
3143.5
8954.0
719.0
8302.0
7316.0
5962.5
7198.5
7746.5
8209.5
6949.5
9634.5
7939.0
6050.0
1255.5
6197.5
7742.5
7157.0
1437.5
1486.0
3320.0
10722.5
6491.5
6481.5
2778.5
5533.5
68.0
7613.0
8540.5
9163.0
7029.5
8603.5
10048.0
6653.0
7557.5
6896.5
7842.5
5009.0
6648.0
6624.5
9159.5
6036.0
7523.5
6182.5
6248.5
10316.0
6125.0
6425.5
7319.5
8932.0
6499.0
6553.5
6289.5
7623.5
6891.5
6846.5
10235.5
6187.5
7675.5
2819.0
7974.0
9964.0
9464.5
1902.0
9683.0
7258.5
10200.5
5930.5
7877.0
7236.5
6578.0
908.5
8938.5
9450.0
4787.0
9079.5
10411.5
6989.0
9114.5
6085.0
7998.5
7713.5
7533.0
3273.0
6740.0
7950.5
6939.0
120.5
7608.5
6583.0
6332.5
8498.5
7247.5
7639.0
0
68.0
7359.5
6557.5
7945.5
8536.0
6061.0
2414.0
9215.0
7171.0
8760.5
0
10285.0
7815.5
8051.0
9801.5
8459.0
8397.5
5687.5
10152.5
9576.5
10242.0
8832.5
7235.0
8076.5
7127.5
8032.0
10493.5
5961.5
5883.5
5651.0
10771.0
7656.0
10329.0
6335.5
7719.5
7071.5
6524.5
9060.0
8435.5
9814.0
6712.5
10071.0
6684.0
10197.5
10134.0
7452.0
3963.0
2161.5
6329.5
2590.0
6835.0
8816.5
3996.5
4692.0
6569.5
6283.0
7536.0
868.0
4978.5
7877.5
3513.0
7533.0
6495.0
7274.5
7570.0
8077.5
6657.0
138.0
4658.5
9673.5
8988.5
68.0
6350.0
3375.5
8655.5
7259.5
8544.5
3968.5
5695.5
8618.0
4122.5
10447.0
7473.5
2163.0
0
9552.5
5897.0
9711.0
1845.5
2423.5
9796.5
9887.5
10271.5
6989.0
4365.0
0
9402.5
719.0
10304.0
10278.5
5455.5
7427.5
9733.5
0
0
9680.0
6750.5
3263.5
10389.5
3482.0
8068.5
10100.0
5941.0
4349.5
517.0
7395.5
7442.0
6101.5
1921.0
9933.5
6235.5
7834.0
7493.0
8206.0
9325.0
7962.0
9978.5
8295.5
6903.5
3624.5
7887.5
6528.5
8600.5
8013.0
0
8916.0
0
8482.0
6054.0
4427.5
5453.0
10153.0
2721.5
7496.5
5352.0
7607.5
7248.0
3626.0
5978.5
8444.0
6082.5
6395.5
9857.5
8004.5
7253.5
6428.0
8994.0
3497.0
6464.5
9779.0
10189.5
6302.0
0
7955.0
6378.5
8023.5
5858.0
4278.0
717.0
6252.0
5846.5
1303.5
7931.0
5758.0
10510.0
7924.5
7393.5
7932.5
3391.0
4784.5
6355.5
289.0
1267.5
6813.5
4064.5
6541.0
7503.0
8825.0
2850.5
6973.5
9386.5
2493.0
6397.5
7446.0
1250.0
10240.5
6972.0
3993.0
5609.5
6602.0
8379.0
6807.0
5216.0
4152.0
7112.5
8779.0
9106.0
700.0
10254.5
8974.5
10427.0
7673.5
6439.0
1616.5
10432.0
2589.0
6850.0
10341.0
8106.0
9309.0
10669.5
4397.0
5150.0
10580.5
4316.0
8748.0
10166.0
6092.5
8621.5
3779.0
6933.5
6069.5
5124.5
6781.5
7741.0
8332.0
3975.5
5920.0
5566.0
2255.0
4160.5
7131.5
7624.0
2183.0
6331.5
3321.5
4751.5
8854.0
10346.5
5773.0
5995.0
3589.5
0
7972.0
9951.5
10407.0
6456.5
3976.5
9954.5
6533.5
7681.0
3423.0
1535.5
6728.5
3793.5
7248.0
5697.5
9611.0
7007.5
7081.5
7888.0
7953.5
6599.5
138.0
6786.5
10253.0
5401.0
7973.5
6383.5
3672.5
4052.0
8704.5
3769.0
6260.5
3789.5
6907.5
5614.0
8440.0
435.5
7846.5
1443.5
7145.5
7232.0
438.5
6556.0
8365.0
6313.5
4957.0
3198.0
7429.5
8865.0
7721.5
7832.5
6978.0
7821.0
2865.5
0
7723.0
9358.5
8751.0
5527.0
5723.5
9464.5
6845.5
4831.0
2231.0
6033.5
8352.0
5735.0
2922.0
3165.0
8471.5
6219.0
5020.0
7900.5
6120.5
9644.5
7116.0
5774.5
1550.0
7546.0
8453.0
10389.5
8054.0
6499.5
4979.5
9018.5
10852.0
7518.0
7512.0
5682.0
9127.5
8895.0
8883.5
4883.5
2814.5
4988.0
3933.0
7848.0
9271.0
9015.0
6230.0
6704.0
7674.0
1052.0
9658.5
9902.0
7122.0
8556.5
8902.5
8553.0
419.5
3843.0
8108.5
1200.0
5584.0
8115.5
9350.5
7352.0
2681.0
7502.5
0
6334.5
8563.0
9221.0
4108.5
6655.0
8435.5
8021.0
3940.0
6968.0
0
5756.0
5933.5
6327.0
7646.0
6476.0
7038.5
4802.5
4496.0
777.5
7721.5
8307.5
9402.5
7761.5
6352.5
8885.0
7172.5
6687.0
3641.0
8687.5
9556.0
9625.5
10465.0
6331.5
6091.0
2866.0
3040.0
7145.0
7596.5
6910.0
6210.0
6146.0
8172.5
8571.5
6153.0
6502.5
7257.0
4573.0
4371.0
9559.5
8147.0
9427.0
10256.0
2219.0
7261.0
0
10489.5
7901.0
7392.0
719.0
6292.5
4494.5
6720.5
3411.5
0
6656.5
8159.5
7327.0
6106.0
2269.5
8120.0
7552.0
5867.5
5546.0
10494.0
3064.0
6432.0
9347.5
8275.0
6137.5
8523.0
7203.5
3276.0
6171.0
7461.5
4216.0
4936.5
5349.0
7899.0
0
6763.5
6367.5
6887.0
7479.0
7563.0
7411.0
7839.0
6661.0
5325.5
8163.5
7238.0
7664.5
7548.0
6612.0
4865.5
7692.0
10109.0
9105.0
9693.0
8386.5
7291.5
10035.0
6267.0
8845.0
7746.0
6932.0
4460.5
6295.0
7779.0
9691.0
8570.5
1534.0
6623.5
7609.5
6836.0
6336.0
5643.5
10567.0
8407.0
8983.5
5918.0
7995.5
8977.0
2926.0
6995.5
7005.0
8722.0
10252.0
8363.0
9265.0
9193.0
6606.0
7509.5
7098.5
7994.0
3016.5
0
7482.5
4996.5
8237.5
6899.5
7025.0
8304.5
9638.5
8619.0
10185.0
10184.0
10192.5
9074.0
9031.0
4865.0
10492.5
6775.5
4835.5
5653.5
8428.0
9880.0
7080.0
6125.5
1978.5
2267.0
3905.5
6589.0
10677.5
8381.0
7240.0
8738.0
7971.5
10382.5
5403.5
8170.0
7413.5
8950.0
5148.0
6583.0
10295.0
9323.5
10243.0
2179.5
2457.0
5177.5
6898.5
1336.0
9366.5
6578.5
3120.5
4794.0
2124.5
7472.0
68.0
8901.0
6777.0
5992.5
6780.0
6823.0
1398.0
5084.5
8873.5
10525.0
6052.0
5359.0
8257.0
4788.5
10228.5
7837.5
9732.5
7733.0
9503.5
3324.0
7831.5
2981.0
2612.5
5106.0
6967.5
68.0
9127.5
8791.5
6623.0
5610.0
7556.5
6665.5
6562.0
4803.5
6850.0
7786.0
6142.5
7209.0
8087.0
7023.0
9412.5
5609.5
8254.5
9048.5
7305.5
5756.5
8984.5
9846.5
10186.0
8286.5
7390.5
6637.5
9696.0
7850.0
10502.5
9422.0
9342.5
7892.0
6440.5
3530.0
1913.0
1737.0
6153.5
8628.5
2866.0
7222.5
6085.5
9416.0
6396.5
9555.5
7620.5
10359.5
10501.0
8272.5
5678.5
68.0
9588.0
5913.5
6877.5
8268.0
10332.0
8690.0
7498.5
5201.0
7971.5
8251.0
8732.5
7672.0
7340.0
2660.0
771.0
10410.0
6785.0
7586.0
6116.0
2726.5
5947.0
9561.0
8995.0
6871.5
8675.0
10158.5
6805.5
7511.5
10442.5
8014.0
10357.0
6989.0
8875.5
6382.0
6020.0
8449.5
10427.0
10228.5
7676.0
4834.5
7687.0
8753.5
10126.0
2498.5
8426.5
6625.5
9410.0
7305.5
6214.0
10058.0
6387.5
8154.5
7294.5
5773.5
7677.0
8055.0
7831.5
10368.0
9470.5
6635.0
7621.0
8805.0
6956.0
8564.5
10000.0
6829.5
8909.5
7492.0
7220.0
6281.0
1076.0
6786.5
7301.0
3311.5
1941.0
6570.0
7435.0
10273.0
5988.0
8942.5
7215.0
7048.0
7242.5
6345.5
6440.5
6015.0
5170.5
7084.0
6408.5
2611.5
5567.0
8390.5
7119.0
5504.5
5487.0
4955.0
6481.5
10186.5
9326.5
6672.5
10009.0
7623.5
9844.5
10320.5
6931.0
7021.5
10214.5
1998.5
7089.0
7152.5
7067.0
5503.5
7973.5
698.5
7198.0
8157.0
10092.0
3758.5
3231.5
9738.5
9299.0
8435.0
0
2237.5
7987.5
7986.0
8177.5
10743.0
8296.5
7757.0
5886.5
5883.0
6538.0
6375.0
8157.0
8506.0
8289.0
7539.0
7600.5
8646.5
7813.0
911.0
5572.5
7029.5
7648.0
10612.0
7460.0
10322.5
6013.0
2581.0
8545.0
5775.5
6410.5
4976.0
6907.0
9074.5
10290.0
7633.0
5599.5
10502.5
9496.0
7195.5
5408.5
7504.5
5522.5
8970.0
7290.0
8764.5
3833.5
4442.0
8500.5
8761.0
8605.5
7686.5
6356.0
6149.0
7695.5
5441.0
10081.0
9178.0
4860.5
6344.5
8497.0
7849.5
10691.5
6614.5
7281.5
5180.0
5719.5
5163.0
10165.5
9380.5
7484.5
6064.5
1922.0
8343.5
8089.0
7786.5
7674.0
7851.5
3721.0
1903.0
1219.5
7365.0
7720.5
8585.0
8338.5
6445.0
6046.5
7435.0
3287.5
5947.5
9293.5
9009.5
0
8633.5
6873.0
3539.5
7276.0
8927.5
6315.0
8499.0
7852.5
8330.0
9754.5
10184.5
7202.5
8473.0
10204.0
7263.5
7197.0
860.0
6544.5
7883.5
5993.0
7064.0
5261.5
3263.0
6903.5
9233.5
8064.0
1200.0
5088.5
9972.0
6635.5
4880.5
7208.5
6335.0
5623.5
10208.0
6843.0
8455.0
6567.0
5536.0
9581.0
8637.0
6853.0
6087.5
6285.5
7920.5
6680.5
8480.0
8157.5
10022.0
10490.0
7011.5
8969.5
6359.5
8347.0
1181.5
6932.5
8248.5
7929.0
6453.0
5224.5
1459.0
8958.0
6641.0
7402.5
8996.0
9536.5
9583.5
6483.5
6442.0
9247.5
8282.0
7534.0
6114.5
1550.5
8973.5
10481.5
4148.5
7555.0
6401.5
10341.5
1163.5
6473.0
126.5
1921.0
7141.0
6264.5
5273.0
8017.0
0
6786.5
6341.5
790.0
5676.0
8530.5
6880.0
10411.5
6844.5
6822.5
8539.5
7503.0
1482.0
8421.5
7101.0
8508.5
6222.5
9767.5
10339.0
4981.0
6677.0
5874.5
8158.0
5316.5
3233.0
7894.0
7987.5
736.0
10507.5
6511.0
7648.5
2522.5
8538.0
2532.5
9169.5
1620.5
8916.0
9055.0
5695.5
7820.0
9095.5
7563.5
6874.0
2219.0
7767.0
3385.5
6906.5
9509.5
8743.0
7883.0
6563.5
9220.0
8620.5
10424.0
8543.5
6295.5
7458.5
8645.0
5370.0
6643.5
8930.5
7386.0
7711.5
9001.0
7245.5
563.0
6035.5
7490.0
6589.5
5815.0
7308.0
8012.0
7968.5
8450.5
7426.0
5914.0
8251.0
8243.5
7711.5
7132.5
257.0
8846.5
8929.0
8770.0
2486.0
8025.0
8426.5
6111.0
3968.0
7695.5
9387.5
6557.5
6897.5
5569.0
541.0
6366.5
9979.0
6944.5
8924.5
7590.0
8504.5
9442.5
4701.5
10273.0
5608.5
7875.5
5747.0
7643.5
6774.5
7088.0
7131.5
7681.5
7896.5
6844.5
7460.5
5127.0
9304.0
6028.0
8530.5
829.5
7309.0
5884.5
2513.5
8391.5
6701.5
6868.0
4207.0
9486.5
6403.5
5738.5
7850.0
7595.0
3955.0
4340.5
7227.5
8719.0
8674.0
6514.0
10146.0
7568.0
2918.0
6276.0
7490.0
1163.5
7064.0
7919.5
7302.5
8783.0
6475.5
8005.5
7149.0
6852.5
6862.5
7149.0
7252.0
3963.0
6965.0
9464.5
7899.5
8729.5
6064.5
0
7482.5
8819.5
10245.5
7463.5
0
7498.5
5508.0
0
9446.5
5370.5
7002.5
5947.5
7515.0
0
7646.0
9038.5
8110.5
126.5
7948.0
7599.0
6286.0
1870.0
7938.5
5667.0
1688.0
7844.5
6840.5
7358.0
8786.0
3108.0
7059.5
6653.0
9604.0
8033.0
7570.5
0
6059.0
7055.0
6250.0
6986.0
1456.5
6784.5
5649.5
8984.5
0
7722.0
8665.5
7067.5
8690.5
7472.0
7536.5
9159.5
5797.5
6520.5
138.0
7757.0
7708.5
7589.0
5241.5
8519.5
6955.5
794.5
6010.5
7309.5
8252.0
7905.0
6218.0
8412.0
5899.5
7942.0
8818.0
7669.0
7746.5
8818.5
8745.0
5734.5
9361.5
0
8642.0
8533.5
7225.5
6552.5
7923.0
7848.5
2003.0
7970.5
8438.0
8752.0
5739.0
7775.0
8393.5
5766.5
7201.0
6794.5
6564.0
8837.0
9428.5
6433.5
6940.0
5805.0
8101.5
8853.0
7601.5
7795.5
7040.0
5701.0
5977.0
8535.0
8833.5
9985.0
1141.5
8074.5
9958.0
0
6501.0
8940.0
8368.0
8902.5
6730.0
1827.5
6591.0
11070.5
8469.5
8727.0
7206.5
126.5
8922.5
7482.0
9808.0
10097.0
3474.5
5741.0
6732.5
7612.5
1070.5
6458.0
7961.5
6572.0
8454.5
7174.0
6731.0
0
8183.5
9334.0
3538.0
4150.0
5773.5
7799.5
7156.5
0
8505.5
6462.0
6424.0
8973.5
8867.0
7991.0
5630.0
7790.5
0
10560.0
0
5986.0
6368.0
6648.0
7800.0
5025.5
7834.5
7478.5
6982.0
438.5
6786.0
7240.0
8844.0
5239.0
9994.5
5436.5
2278.0
8597.5
8650.0
1869.5
9140.5
6413.5
6308.0
7419.5
9219.5
6430.5
9120.5
6982.5
10779.0
9735.0
8416.0
6404.5
6395.0
0
7265.5
2817.5
6596.0
5635.5
6387.5
6490.0
7879.0
7207.0
8383.0
8561.5
8421.0
7424.0
5782.0
10060.0
6553.0
7095.0
9857.5
7181.0
8633.5
9033.0
5501.0
7913.5
6783.5
9213.0
6979.5
8888.0
7544.0
7878.0
9379.0
8016.0
8446.0
8837.0
8818.5
8644.0
5717.5
9383.0
6836.5
7168.5
6969.5
6611.5
7371.0
752.5
8474.0
3867.0
9632.5
7003.0
7866.0
1160.5
6143.0
8641.5
8336.5
9590.0
7877.0
6860.0
8777.5
6715.0
6146.0
7536.5
8143.5
10494.5
9515.0
8264.0
8752.5
8834.0
8874.5
9526.5
9432.5
7034.5
9126.5
8908.5
8774.0
8512.0
7977.0
5648.5
6212.0
7265.0
6417.0
7286.0
6329.0
8237.5
5719.5
6517.5
7749.5
7167.5
4424.5
8470.5
8848.5
8851.0
489.5
5981.0
6123.0
10084.5
0
5539.5
7369.0
5405.0
6470.5
7370.5
8085.0
5235.5
9318.5
3245.0
7858.0
9868.0
1179.5
9144.5
0
6116.0
5465.5
9138.5
10400.5
2069.0
5828.0
6711.5
8889.0
8124.0
10150.5
8916.0
8329.0
10258.0
7001.5
8844.5
7017.5
1864.0
5706.5
6223.5
5491.5
10610.0
6141.5
956.5
6096.0
6830.5
8296.0
6644.0
9024.0
6005.0
8901.0
8098.0
1105.0
6870.5
8503.5
10202.0
8483.5
10377.5
9098.0
9035.5
5419.0
9226.0
7332.0
6629.0
6762.0
6590.5
9198.5
6476.5
8946.0
4709.0
8004.0
6702.5
7258.0
5733.5
10371.0
8521.5
6115.5
9326.5
6991.0
0
3843.0
6952.5
0
3975.5
8669.0
5029.0
6176.0
5721.5
7820.0
5789.0
10368.5
6306.0
9654.5
6274.5
5687.0
7640.5
9402.5
5867.5
8095.0
10205.0
8370.0
6117.0
5864.0
10434.0
9856.0
8459.0
3073.0
7055.5
10256.5
6950.5
2381.5
9842.5
7180.0
5759.5
2116.0
6067.5
10576.0
7204.0
8266.0
3585.5
9913.5
6080.5
9962.0
9164.5
4481.0
2826.5
9586.5
6686.0
7337.5
6889.5
6798.5
7298.5
6734.5
6540.0
6101.5
8758.5
7522.5
6259.0
7298.5
8713.0
2572.0
10012.0
7474.5
2332.0
7613.5
0
7700.5
2197.5
7785.0
68.0
7112.5
6715.5
6747.0
8297.5
6775.5
7008.0
9187.0
4309.0
0
8961.0
8165.5
7453.0
3625.5
7945.0
7444.0
10389.0
8148.0
6761.5
2090.0
6671.0
6654.5
11008.5
5937.5
8432.5
6688.5
6471.5
8108.0
7186.5
5791.0
3552.5
2116.5
6443.0
2678.0
7341.5
6311.5
9757.5
2235.5
10189.5
5561.5
4662.0
5632.5
4759.0
6739.5
7276.5
6697.5
8687.0
7939.0
8423.0
6043.0
7483.0
8900.5
5477.0
1842.0
8189.0
5759.5
7439.5
8663.5
8664.0
3708.0
5877.5
5886.5
7864.5
8142.5
10326.0
7121.0
6147.0
7038.5
6540.0
4856.0
5942.5
9554.5
9411.5
9642.5
1238.0
5048.0
8535.5
10337.5
6772.5
10186.5
10515.5
7962.0
8503.5
6805.5
1038.0
7053.5
10043.0
7304.0
9641.0
0
7539.5
6371.5
10522.0
9325.0
10216.5
5885.5
7760.5
10257.5
8845.0
6231.5
5227.0
10071.5
6575.0
8123.5
7140.5
8876.5
1860.5
5946.5
8730.0
5402.0
3587.5
2091.0
7234.0
7990.0
7903.0
7607.0
2608.5
6852.5
7488.0
5794.5
10570.0
10297.5
8639.0
6067.5
4949.5
10055.0
7096.0
424.0
126.5
8362.0
8205.0
7717.5
6314.5
4924.5
7906.5
9428.5
7946.0
6689.0
6193.0
9926.0
4160.0
4149.5
10107.0
10129.5
8959.0
10663.0
5294.5
8247.5
7886.0
7164.0
6847.0
8468.5
5323.5
5101.0
68.0
8041.5
10199.0
5929.0
5563.0
5457.5
10088.0
1872.0
9152.5
10494.5
6094.5
5691.0
8111.0
6596.0
10187.0
8924.5
7999.5
8692.5
2553.0
8166.0
7845.5
6632.0
2942.0
8213.5
8763.0
6942.0
6786.5
6043.5
719.0
7408.5
6266.5
9522.0
6585.5
7358.0
5263.0
9837.0
6320.0
6899.5
6645.0
7185.0
8938.5
8294.0
0
8421.5
7079.5
6058.5
4755.0
6503.0
8552.5
497.0
9470.0
10418.0
10415.5
6964.0
6984.0
7269.5
6387.0
8083.5
7035.5
8880.0
7686.0
9921.0
7110.5
8891.5
6472.0
5242.0
1517.0
6076.5
2455.5
1478.5
3894.5
8597.5
9257.0
6606.0
6405.0
6691.5
8699.5
6812.0
10164.5
10137.0
5188.0
1219.5
10492.5
6904.0
6892.0
10098.5
1316.5
7078.0
7148.5
3834.0
6073.0
6769.0
7153.5
1146.0
10346.5
1583.0
6071.0
6472.5
9708.5
5312.5
4501.5
8775.5
5287.5
9462.0
8793.5
8137.0
2362.0
7187.5
3387.5
6583.5
9336.0
7129.5
9580.5
8022.0
6978.5
6916.0
4271.5
7550.0
6876.5
7045.0
6072.5
7657.5
3463.5
10183.5
7039.5
6111.0
5253.0
6155.0
7811.5
5845.0
8400.0
6276.5
6443.0
6328.0
6952.0
9223.5
6847.5
10092.5
3224.5
2542.0
8990.5
3494.5
6507.5
7539.0
6511.5
5698.0
7012.0
7752.5
6550.5
8150.0
7120.5
6671.5
10071.0
6019.5
6022.0
4712.5
1050.0
7558.0
6515.0
10225.0
7577.5
6175.5
8456.0
8351.0
7390.0
6817.5
4909.0
7181.0
4215.5
7149.0
8173.0
10055.5
7844.5
7962.5
6662.5
6697.0
9063.0
6694.5
3236.5
6250.5
8223.0
6574.5
7945.0
7364.5
5861.5
8429.5
6937.0
5964.0
6421.5
10119.5
4241.0
1070.5
1181.5
5236.5
3700.0
7556.0
8315.5
6474.5
5913.0
8619.5
6110.0
7206.5
6647.0
8369.5
7638.0
2095.5
4311.5
6920.0
7438.5
8211.0
4380.0
6766.0
7366.0
7003.5
5886.5
0
7081.0
4571.5
7143.5
7427.0
6396.0
10353.0
10320.5
9457.5
7550.5
7014.5
5769.0
3461.5
7839.5
6927.0
6949.0
9468.5
8210.5
7728.5
7248.0
8489.0
5974.5
5887.0
9071.5
6586.5
8029.5
7713.0
5709.0
6880.0
7116.0
4759.0
8542.5
7585.5
8697.0
7223.5
5512.5
5516.0
7528.5
6663.5
7337.5
8886.5
7373.5
6899.0
5954.5
7584.0
6514.0
7757.5
6597.0
5982.0
7462.0
6475.5
583.0
6200.5
7222.5
6436.5
9363.5
8534.5
7076.0
6802.5
6668.5
7300.5
6684.5
7326.5
7332.5
7918.0
7831.0
6534.5
6047.5
5759.0
5204.5
9604.0
6810.5
5134.5
6592.5
6547.0
6077.0
7399.0
3624.0
6431.5
4628.5
7891.0
6354.5
5783.0
3462.0
6063.5
7430.0
7860.0
5857.5
7329.5
8648.0
10132.5
7468.5
6974.5
9795.5
8771.0
8403.0
7044.0
2692.5
10435.0
6730.0
3217.0
7354.0
7243.5
7287.0
6246.0
3938.0
1104.0
7883.5
6610.0
4694.0
8815.5
6976.5
6446.0
6387.0
6739.5
5878.5
9821.5
5823.0
8949.5
7737.5
8376.5
9782.0
3497.0
5725.0
8900.5
6148.0
3438.5
9683.5
8508.5
2942.5
8360.5
7364.0
7255.0
4882.0
6903.0
8225.5
8756.0
10645.5
0
7465.0
7630.5
8144.0
7638.5
3609.0
10112.0
10279.0
7315.0
5274.5
6457.5
8939.0
8839.0
8805.0
6908.5
7962.0
6149.5
6685.0
7214.0
4468.5
6909.0
5963.5
6547.0
5079.5
5459.0
2779.5
6381.0
8364.5
6383.0
1104.0
7022.5
6927.5
9364.5
5759.0
3919.0
7110.5
4772.5
3347.0
9597.5
10402.0
6089.0
7322.5
6845.5
4638.0
3909.0
10292.0
8843.0
7041.5
8209.5
5087.0
8315.5
6700.5
6864.0
8465.0
4625.0
5156.5
1126.0
9864.0
6649.5
5732.5
6394.5
5625.0
7826.5
7678.5
7864.5
6138.5
7244.5
6480.5
7414.5
5187.0
0
9720.5
8362.5
7899.5
868.0
5419.0
7261.5
9667.0
6103.0
10049.0
7620.5
2760.5
8068.5
6089.5
8806.0
7708.5
6161.0
7793.5
9360.0
6792.5
8883.0
0
6210.0
7051.0
5510.5
3003.5
10197.0
7533.5
7253.0
7951.0
8926.0
8230.5
6380.0
1200.0
7769.5
6302.5
6257.5
8087.0
5875.5
1530.5
3872.5
7685.0
6598.0
8181.5
7589.5
2923.5
8220.0
8385.5
7475.5
6287.5
8816.0
6884.0
9452.5
6470.5
7842.0
5847.0
9301.5
7359.0
5182.5
7716.5
6628.0
7776.5
1844.0
7112.5
5918.5
8769.5
7867.5
6403.5
6352.5
7151.0
9568.5
6314.5
5454.5
6873.0
7070.5
7252.0
2331.0
8465.5
8021.5
7055.0
6590.5
6478.0
7103.5
6858.0
6406.0
7438.5
4977.5
6968.0
6591.5
5865.5
1512.0
419.5
6550.0
5746.0
6550.5
6583.5
5956.5
3428.5
7073.5
9097.0
6535.5
7384.5
8859.0
9373.5
8719.0
5327.0
6619.0
4788.5
7883.5
6851.0
5369.0
6661.0
6560.5
8610.0
7616.5
6755.0
3238.5
8034.5
8162.0
9670.5
6393.0
8860.5
5734.5
10058.0
7158.0
8870.5
10132.5
8925.0
6223.0
7774.5
7003.0
7735.5
8387.5
6786.0
7566.0
5900.0
6526.0
7376.5
7801.0
5626.0
9082.5
9508.5
5559.5
7450.5
8496.5
8911.0
7793.0
6139.0
2567.0
5084.0
7450.0
8460.0
5689.0
6286.5
8993.0
6971.5
9805.5
9092.0
1087.5
7006.0
5660.5
7416.0
9363.0
7619.0
6162.0
7653.0
1842.5
3455.5
6478.0
2754.5
8024.0
6179.5
9672.5
6884.0
7533.5
5707.0
10214.0
6331.0
6801.5
0
6386.5
10176.0
5891.0
6905.5
0
9668.5
6016.5
7702.0
6588.0
6375.0
5810.0
6609.5
7326.0
7175.0
8240.5
9178.0
9038.5
8981.5
6273.0
9019.5
8153.0
6284.5
0
0.0
9770.0
7495.0
7610.5
10057.5
5046.0
5624.5
5833.0
6629.0
5707.5
7187.5
6994.0
8923.5
8512.5
5379.5
6139.0
6762.0
5491.5
6904.0
10054.0
3793.0
3710.5
7714.0
7424.5
7976.5
6824.5
5938.0
6474.5
6566.5
8266.5
7727.0
806.0
6459.5
9922.0
7413.5
7419.0
1174.5
6353.5
7450.0
8939.0
68.0
5900.5
8613.5
10186.0
9007.0
8937.5
4497.5
5965.0
7620.0
7440.0
5858.0
10057.0
6821.5
7682.0
7926.0
7997.0
6621.5
9197.0
5972.5
6730.0
7169.5
7066.0
7124.5
9108.0
8243.5
7679.0
6978.5
7768.0
7234.5
6029.5
7977.0
7342.0
6672.5
7396.0
7132.5
4426.0
7940.5
2075.0
5648.5
6241.5
6043.0
8547.5
8181.5
9472.0
8731.5
7106.0
6258.5
8000.5
8921.5
8491.5
9625.0
6441.0
7636.0
6896.5
829.5
2150.5
8828.5
6573.0
6464.0
6067.0
8537.5
5879.5
8536.0
7603.0
8056.5
8574.5
10009.0
6590.5
7172.0
8282.5
7137.0
9152.0
8248.5
3042.0
7271.5
6122.5
2418.5
7344.0
7260.5
8242.5
9011.0
68.0
9247.0
7097.0
7901.0
9525.0
6944.5
7138.0
9278.0
6733.5
6455.0
6816.0
8482.0
6184.5
7472.0
9908.5
8355.0
8606.5
5668.0
868.0
7666.0
7273.5
6606.5
7723.0
6752.0
8732.5
7570.5
6321.5
6127.0
7516.5
8267.0
8102.5
8649.5
8481.5
5747.0
6130.5
6958.5
3825.0
6605.5
6646.0
7935.0
3807.5
6322.0
9184.5
6937.5
5848.5
8220.0
7278.5
5848.0
6660.5
7882.5
7950.5
10100.0
5675.5
7831.5
4990.5
7233.0
9897.0
10070.0
7137.0
7354.5
9861.0
6878.5
6518.5
3041.5
4344.0
10059.0
6591.5
8067.5
8258.0
6537.5
7311.5
4902.5
6203.0
6806.0
9071.5
6384.0
6970.5
5076.0
7617.5
6975.0
6218.0
7971.0
8126.5
10016.5
6108.0
7473.0
7945.0
2602.0
10271.5
6665.5
7650.0
5288.0
6734.5
6324.5
2594.0
7728.5
10500.5
9251.0
7157.5
7942.0
8457.0
5883.0
7976.5
9284.0
6934.0
4379.5
6928.0
9033.0
7812.5
9927.5
10494.0
5999.5
9431.5
10384.0
5678.0
419.5
8643.0
3835.0
6557.0
6760.5
8036.5
10219.5
6617.0
6316.5
8596.5
10582.0
5457.0
8344.5
7571.0
8877.0
8578.5
10300.0
6642.0
7358.5
9421.5
1499.5
5998.0
7246.0
8239.0
6142.5
8717.5
7730.5
9442.0
7311.0
8594.0
6253.5
7607.5
6471.5
4060.0
6850.5
6862.0
126.5
9564.5
7609.0
9233.0
7572.0
8608.0
7163.5
7179.5
8341.5
8885.5
6074.0
8933.0
5007.0
9237.5
5694.5
8841.5
7980.5
7299.5
7991.0
8313.5
8473.0
8126.0
7174.0
7466.0
5894.5
8343.5
6445.5
8370.0
7227.0
7754.5
6126.0
7347.0
5420.0
2980.0
2403.5
6974.0
6989.5
7545.5
10052.0
8643.5
2863.0
3644.0
5400.5
1513.0
9774.0
7337.0
8254.0
7885.5
8610.5
9189.5
7741.5
9613.5
7084.0
8867.5
8201.0
1868.5
8539.5
7989.5
7539.5
9669.5
10097.5
10063.5
6650.0
8183.0
6532.5
6644.5
9386.0
10328.5
8753.0
4259.5
8915.0
9183.0
1716.5
5405.5
9745.5
7262.0
7074.0
7761.5
8593.0
6659.0
1160.5
6983.5
6867.0
9017.0
7467.0
8182.5
8228.0
9641.0
8311.0
7016.5
8122.0
8140.5
8026.5
0
8097.0
6037.0
5873.5
6020.5
10160.5
9201.5
8303.0
8223.5
8954.5
9468.5
6412.0
6568.0
9087.0
6646.0
6146.0
4283.0
10115.5
9117.5
10049.5
8393.0
8135.5
5471.0
7693.5
8444.0
10146.0
6465.5
9398.0
7135.5
6221.5
7296.0
7757.0
5282.5
7891.0
9106.5
8610.0
7777.0
7388.5
9091.5
7670.0
68.0
9250.5
6601.5
9882.5
6808.5
8048.5
7398.5
10116.0
10074.5
10215.5
8149.5
8780.5
7910.0
10049.0
1582.0
6945.5
10065.5
6575.5
6087.0
9815.0
7003.0
7697.0
6146.0
7390.5
6652.0
7264.5
7207.0
10299.0
7563.5
8220.5
7778.5
7532.5
6117.0
6422.5
0
7929.0
6177.0
4605.0
6588.5
9016.0
7522.0
8922.0
7139.0
5446.5
8200.0
9510.5
8016.0
8529.5
7141.5
8641.5
4254.5
7959.5
10123.0
9468.0
8751.0
8033.5
3570.0
6684.0
5767.0
8749.5
7431.0
8437.0
7976.5
6361.5
5567.0
8371.0
7590.5
7730.5
8492.0
10064.0
8772.0
5973.0
5813.5
6338.0
9201.0
10585.0
7866.0
6834.0
8198.5
7304.0
7462.5
7752.0
8611.0
6812.5
6000.5
6300.5
10293.0
6182.5
9104.0
6947.0
10516.5
7633.0
8381.0
5031.0
8654.0
7155.0
8682.5
6642.0
7066.0
9921.5
7022.0
6244.0
4774.0
8874.0
9724.0
4636.0
7606.5
7294.5
9864.0
7436.5
7391.0
717.0
7185.0
5262.0
8286.5
10042.0
8063.5
10106.0
7076.0
10525.5
9828.5
768.5
6118.5
4730.0
8561.5
2493.0
9564.5
5854.0
7738.5
5699.5
4240.0
8010.0
6942.5
7314.0
8699.0
5415.0
7958.5
9692.5
7450.0
9015.5
7326.5
9123.0
9835.0
8021.5
5724.5
8410.5
9039.0
8124.0
7194.5
7657.0
9098.5
6478.5
8996.5
7970.0
2530.0
8568.0
7362.5
8504.0
10110.5
6926.0
7164.0
6508.5
9740.0
7987.0
5106.5
4441.0
8165.0
9373.5
68.0
8826.5
8179.0
7914.0
1973.0
6970.0
7228.0
6550.0
9063.0
5543.0
7001.0
6856.5
3567.5
5445.0
7741.5
9697.0
478.0
6363.5
7214.5
8155.5
8566.0
6780.0
6583.0
8753.5
8639.5
6146.0
7849.0
6785.0
8258.0
6098.5
6042.5
7469.0
7508.0
7535.0
5381.0
10507.0
10510.0
8650.5
1545.5
5688.0
8067.5
6097.0
8474.5
8652.0
8058.0
7689.0
10206.5
6226.0
8556.0
6888.0
6707.5
1141.5
10490.5
10137.5
7722.5
6390.5
7894.5
9893.5
5342.5
6670.5
8553.5
7302.0
9492.5
6888.0
8074.0
7644.0
7337.5
8335.0
7956.0
7435.0
9779.5
10046.0
5165.0
9441.0
5338.5
6819.5
5087.0
6104.5
9782.5
7655.0
7285.0
5472.5
9651.5
9341.5
6353.5
9652.5
6900.5
10057.0
9003.0
9008.0
6119.5
8773.5
10071.0
8310.5
8492.0
6069.0
7904.0
10265.0
6514.5
7512.0
8612.0
8275.5
7771.5
383.0
6197.5
8431.5
9101.0
7148.0
8102.0
6417.5
5328.5
6013.5
5867.5
2795.0
5793.5
6534.0
6649.5
68.0
7241.5
10219.5
5687.0
7547.5
10056.0
6953.5
5420.0
10210.5
7359.0
2970.5
6991.0
7028.0
7101.5
9748.5
8561.0
7001.0
9534.5
7716.0
8866.5
8794.0
6977.0
8019.0
9406.0
7170.5
10067.0
6577.5
10216.5
8062.5
6322.5
9393.0
6517.5
7200.5
7959.5
10475.5
7018.0
2179.5
6540.0
6805.0
7514.5
6709.0
6401.0
8826.0
2975.5
7384.5
7204.0
7690.5
6660.0
8660.5
6476.5
8573.5
9734.5
8796.0
10175.0
1456.5
0
6999.5
8397.5
7116.5
9189.5
8234.0
5818.5
5273.0
5497.0
7490.0
7725.0
8317.0
7802.0
6956.0
8540.0
7069.0
6343.5
7539.5
7273.5
6680.0
8940.0
5051.5
3571.0
8708.5
8243.5
7146.0
8953.0
4705.0
6698.5
6872.5
8975.5
6197.5
7042.5
6112.5
9091.0
6585.5
7712.0
8861.0
9523.0
3792.5
6267.5
9644.0
8783.5
6050.5
8329.0
6823.0
6278.5
6609.0
6240.5
6625.5
5407.5
9021.5
8911.0
8471.5
7033.0
6267.0
6566.5
9052.5
1550.5
5578.0
7614.5
5769.5
5207.0
3994.0
7575.0
2122.5
7501.5
8607.5
2797.5
8266.5
6715.5
9315.0
4641.5
7651.0
3667.0
10548.5
8312.0
6808.5
7408.5
8237.0
7356.0
9509.0
6943.0
8119.0
8506.0
9117.5
7015.5
0
1814.0
7331.0
6902.0
68.0
1508.0
8548.5
7460.0
8028.0
8670.5
7545.5
8357.5
6120.5
8809.0
6593.5
6693.0
8355.5
8312.5
7606.0
7710.5
6372.5
8499.0
7575.5
8315.5
7541.5
5600.0
6405.5
7739.5
7974.0
8318.0
8263.0
8004.5
6325.0
2544.5
7326.0
8960.5
1846.5
10062.5
7001.5
5357.5
6150.5
8716.5
8844.5
6492.5
6979.0
5870.0
6966.0
7949.5
5571.5
7916.0
2513.0
8078.0
9296.5
7499.5
7448.0
7564.5
7687.5
6516.0
7710.0
8480.0
7976.0
6433.0
9758.0
6290.0
5299.5
4812.5
7494.0
6010.5
7559.0
7037.0
7028.5
7574.5
8117.5
0
8003.0
7398.0
5848.0
6655.5
9068.5
8210.5
8743.0
6215.5
5913.5
9323.0
9094.5
4924.5
7628.5
8466.5
9401.0
5700.0
7563.0
7216.0
8363.0
7462.5
4396.0
8558.0
7851.5
6802.5
7735.5
8207.0
1161.0
7015.5
2549.5
6937.0
8315.0
6542.5
10015.0
8519.0
7175.5
8628.0
6801.5
9158.5
7716.5
0
3309.5
7134.0
9620.5
7772.5
10113.0
7844.5
8612.5
7341.0
3509.5
7246.0
5846.5
5751.5
8747.5
1980.0
8200.5
6633.5
7966.5
5385.0
10425.5
8371.5
10478.0
7710.0
7064.5
6958.0
489.5
8477.5
7361.5
9218.0
9115.5
9274.0
10073.0
6789.5
10103.0
6465.0
9187.5
8945.5
5719.5
5752.5
1123.0
7509.0
2571.0
8469.5
9502.0
0
9307.5
6848.0
7196.5
8273.0
7960.0
6914.0
7270.5
7097.5
6090.0
6990.0
8824.0
6643.5
6614.5
6370.0
7180.5
4780.5
7835.0
8315.5
7975.5
8371.0
1219.0
6024.0
8657.5
7293.5
7443.5
10138.0
9080.5
10060.0
7541.5
7388.0
8115.5
10259.0
7309.0
9069.0
6350.0
6571.5
8369.5
7198.0
5377.5
8831.5
6715.0
10172.5
8746.0
10405.0
6205.5
9000.0
7115.5
7482.0
2656.5
7351.5
6394.5
1830.5
7141.0
10508.0
2752.5
8183.0
8367.5
9085.0
10142.0
6604.5
7013.5
6832.0
9278.5
5851.0
5736.5
7906.0
8617.0
8544.0
8104.0
8017.5
8690.5
8604.5
6719.0
6214.0
7753.5
10122.0
9546.0
5791.0
9277.5
6744.0
7546.0
9243.0
9002.5
8906.5
9382.0
6044.0
9962.5
7754.0
7638.0
9329.0
8782.5
8627.0
8258.5
10089.0
9426.5
6887.5
10781.5
4851.0
7079.0
5776.0
6901.5
6955.0
5298.0
8685.0
9429.0
6004.5

9343.0
6417.5
7990.5
12367.5
9898.0
8236.5
8501.0
6766.0
5801.0
8998.5
8285.5
7954.0
6097.5
7845.0
3761.5
10097.0
7114.5
5013.5
1457.0
3845.5
3645.0
7772.5
7902.5
12117.0
419.5
4027.5
5305.5
6139.0
8137.0
8395.0
9192.0
7860.5
0
2532.5
8266.0
4641.5
7928.0
5420.5
10967.5
5607.5
7751.0
6089.0
6756.5
6291.0
10063.0
7153.0
10106.5
9209.5
7342.5
6628.0
5778.5
1569.5
6701.5
6649.5
7499.0
8522.0
8286.5
10273.0
6537.0
7790.5
8163.0
8310.0
7851.5
10827.0
9199.0
6745.5
6066.5
7244.0
3236.0
9400.5
7983.0
3239.0
8967.5
6438.0
6726.0
7862.5
7322.0
4977.0
10153.0
8209.0
5907.5
7052.5
7876.0
9505.0
10475.5
10109.0
6546.0
1192.5
10053.0
8821.0
10628.5
2442.5
7657.0
0
6889.0
5531.0
6666.5
9676.5
10066.0
3879.5
6636.5
10309.0
6908.5
5755.5
7181.0
0
10175.5
7631.0
6193.5
7009.5
10326.0
1103.5
4289.5
5849.5
9753.5
10122.0
6093.0
10234.5
8857.0
7163.5
6770.5
10647.0
7637.5
6760.0
10185.5
8028.5
7091.5
8757.5
7742.0
7747.5
9677.0
7304.0
10372.0
7217.5
7630.5
8780.5
10371.0
5291.0
8210.0
418.5
0
10949.5
6290.0
8773.0
6370.5
6285.0
10474.0
5005.0
10763.0
8611.0
8045.5
5276.5
6794.5
6248.0
8326.5
9577.0
7654.0
8419.0
4518.0
8951.5
7257.0
8797.0
7870.5
8230.5
6240.5
7420.0
6102.5
0
7741.5
875.0
9295.5
7719.0
9267.5
8505.5
7483.5
6150.0
6006.5
7480.0
3234.0
3445.0
8145.5
8057.5
6288.5
5734.5
2355.0
8841.5
7749.0
10497.0
10058.5
8241.0
8486.5
7301.0
7826.5
7507.0
7514.5
9467.5
8807.0
10094.5
7817.0
7580.5
10720.0
6533.0
9415.5
10061.5
0
6106.5
6623.5
6545.5
4639.5
9613.0
7192.0
8245.0
6122.5
8541.0
8583.0
6182.0
8382.5
10055.5
6396.5
9268.5
3034.5
7915.0
7370.5
5943.0
7934.0
8674.5
8564.5
2848.5
10496.5
5015.5
7909.0
10058.5
6686.5
3252.5
4347.0
3656.0
2726.5
2811.0
9493.0
9187.5
7541.5
10942.5
8017.5
8382.0
6986.0
10127.0
10069.0
7289.0
4211.5
10073.5
7296.0
6893.0
3272.0
3521.5
9311.5
7618.0
7470.0
6725.0
8701.5
7150.5
4902.0
8786.0
7342.0
4823.5
9864.5
6691.5
6311.5
8273.5
6274.0
7281.5
5568.0
0
10118.5
9394.5
7115.0
3386.0
7950.5
68.0
3363.5
9531.0
6219.5
7681.0
7418.5
4114.5
3647.5
5983.0
9453.0
6454.5
7612.5
7694.5
10106.0
11076.0
8103.0
2870.5
10484.5
6928.0
4256.0
9306.0
10244.5
7470.0
861.0
7219.5
5226.0
478.0
10506.0
7314.5
8632.0
7885.0
7493.5
6346.5
6730.0
2835.5
7752.5
4833.5
8968.0
5825.0
6416.0
7776.0
10264.0
10531.5
7583.0
7270.0
3664.5
5400.0
4549.5
7880.5
8218.0
7968.0
8943.0
6921.0
10118.0
8087.5
7346.5
8477.0
8921.5
5736.0
8359.5
7867.0
6166.0
7752.0
10036.5
6447.0
10236.5
7957.0
5594.5
1992.5
5915.5
6234.0
1443.5
6577.0
6406.5
7549.5
5606.0
6794.5
777.5
10312.0
2993.5
10048.0
5072.5
2236.0
7832.0
7681.0
7263.0
9635.0
6475.0
7759.0
7969.0
7423.0
10157.5
10055.5
6710.5
7358.5
10448.5
9725.5
5924.5
4692.5
6766.0
9517.5
3476.0
5910.5
5810.0
4496.0
9006.5
7014.5
8226.5
10302.0
10245.5
7322.5
7854.0
7311.5
10116.5
3984.0
1230.5
7786.0
8534.0
7469.0
9154.5
9416.0
7205.0
7095.0
5955.5
6935.5
6916.0
4892.5
7650.0
9623.0
9035.0
0
478.0
7784.0
9120.5
7577.0
3557.5
5857.5
4999.0
5579.5
7956.5
9174.5
4536.0
8104.0
6744.0
790.0
8887.5
6704.0
6619.5
8460.5
7879.5
8437.0
8160.5
6249.0
8643.0
6519.0
7460.5
8966.0
1815.5
7560.0
6388.0
5509.0
7997.5
1928.5
7973.5
9111.0
7238.0
8075.5
9999.5
7833.5
6718.0
9886.5
7948.5
7496.0
7603.5
6989.0
6503.0
8950.0
7228.5
7836.0
8627.0
10490.0
10777.5
3035.5
6615.0
7014.5
10092.5
5496.5
7697.0
5663.0
0
7961.0
7890.5
8147.5
8425.5
2263.0
7612.0
6382.5
3161.5
6464.0
10200.5
1336.5
7711.5
8555.5
8042.0
7445.0
9262.0
7551.0
7945.0
4416.0
8009.0
6596.5
9252.0
8376.0
3828.5
6423.0
5931.0
4345.0
8204.5
7048.0
6880.5
7500.0
8058.5
6973.0
7697.5
5954.5
7105.5
3229.5
9671.0
9240.5
7317.0
3645.5
3216.0
115.5
5363.5
8706.0
4897.5
9083.5
7297.0
8851.5
9362.5
2876.0
9277.0
9715.0
7352.0
5477.5
7191.0
8209.5
7860.0
3857.5
8327.5
6906.5
7578.0
8969.5
10447.5
8023.5
10290.5
7582.0
9977.5
6748.5
6582.0
6296.5
8345.5
2882.5
6873.5
4014.5
5492.0
5011.0
8269.0
6812.5
9361.5
6822.0
8648.5
8193.0
6058.0
6794.0
5596.5
6337.0
6599.5
8592.5
6972.5
10071.5
0
8647.5
2456.5

8023.0
8798.5
6984.5
7402.0
7825.0
1073.0
5823.0
7273.0
10061.0
1827.0
10126.0
2049.0
6810.5
10499.0
7826.0
7890.0
7435.5
7323.5
7557.0
5093.5
4754.0
8532.0
2217.0
10222.0
7667.0
10094.5
7970.5
7025.0
6983.0
10194.5
6235.5
5046.5
5544.5
8734.5
3647.5
8080.0
7051.5
9560.0
8060.0
10198.0
8620.0
7559.0
7323.0
10088.5
10320.5
7144.5
7712.0
595.0
9525.5
2739.5
7096.0
9223.0
8234.5
6316.0
1200.0
6044.5
7081.5
8721.5
9554.0
5554.5
8284.5
5671.5
3996.0
7446.0
0
8667.0
3991.0
9265.5
6703.5
8133.5
5558.5
1940.0
10056.0
3586.0
5735.5
7373.0
1754.0
9086.0
10200.0
2797.5
4664.0
7541.0
9210.5
9215.0
6864.0
5051.5
6856.0
6801.0
9458.0
10487.0
9711.0
7325.5
8471.0
9872.0
7350.5
5650.5
6931.0
6527.0
7419.0
7204.0
8988.5
10337.5
8080.0
5640.0
9078.0
6282.5
7012.0
9730.0
6410.5
6430.5
6951.5
6729.5
10431.5
7753.5
6623.0
6116.0
9172.0
7114.0
3258.5
8223.0
9938.5
3022.5
6518.0
6029.5
5022.5
7524.0
7493.0
9766.0
7757.5
7548.0
6449.5
7630.5
10510.0
2353.0
6872.5
6655.0
7375.5
6783.5
5736.5
7588.0
8595.0
7628.5
7043.0
8094.5
9547.5
4901.5
9536.0
9848.5
9947.5
7486.0
3878.5
6072.5
7144.5
7477.5
9048.5
9708.0
126.5
408.5
7858.5
8536.5
2304.0
8117.5
9838.5
8047.0
6608.5
7313.5
6305.5
2545.0
8927.5
4810.5
10820.5
9049.0
6850.0
5407.0
8986.5
9953.5
7261.0
0
10123.5
7203.5
8631.5
8168.0
2790.0
7787.5
10529.0
3495.0
7723.5
7839.5
6977.0
7647.0
5206.0
8596.0
5181.0
9306.0
2982.5
6392.5
9710.0
1972.0
10061.5
10672.5
4406.5
10557.5
7475.5
7993.5
138.0
8119.5
6680.0
68.0
7368.0
6954.5
68.0
10116.5
10383.5
3753.5
5587.5
5694.5
8438.0
7680.0
8429.0
8082.0
10358.5
7164.5
374.5
8079.5
1867.0
6795.5
6930.5
6553.5
7385.5
8566.5
9382.0
7389.0
8618.5
7341.5
2218.0
7438.0
10269.0
9705.5
4316.5
8686.0
6323.5
7814.0
6168.0
2568.5
10685.5
7195.5
7114.0
6307.0
7720.0
7679.0
10246.0
7028.5
9167.0
8057.5
5828.5
7550.5
6170.5
0
5971.5
4768.0
605.5
1428.0
10184.5
641.0
10673.0
6983.5
126.5
6376.5
10111.0
0
6618.0
8375.0
7170.5
5977.5
6594.5
3261.5
7619.0
10532.5
7047.0
8942.0
9106.5
8304.0
10707.5
5549.5
9487.5
736.0
6694.0
6770.5
6464.0
2166.0
8537.5
3064.5
7021.0
4661.5
2472.5
10552.5
5557.0
8328.0
10660.0
7174.5
0
10405.0
8395.5
6606.0
8393.5
6596.0
7205.0
7349.5
7115.0
2160.0
6683.5
7106.0
6353.5
7369.0
4114.5
10453.5
8793.0
10635.0
3290.0
10185.0
6876.0
8395.0
8414.5
7802.5
8919.0
8769.0
9531.5
242.0
9494.5
7356.5
8655.5
6216.0
7641.0
10626.0
5700.0
2923.0
7854.5
6997.0
7617.0
6151.0
0
3235.5
8531.0
6316.0
6670.5
1779.5
9062.0
4761.5
8379.5
5863.5
1890.0
7204.0
6924.5
68.0
8272.0
126.5
9012.0
7847.5
9225.0
6362.0
6683.5
6163.5
10310.5
1826.0
10181.5
5848.5
7915.0
8386.0
11331.5
6413.5
6471.0
5610.5
10063.0
9922.0
4553.0
7658.5
68.0
6311.0
10490.5
8153.0
0
7079.0
7354.5
8388.5
6191.0
2846.5
5874.0
3899.5
10136.0
822.5
7576.0
8062.5
7094.0
8787.5
7249.5
7449.0
6230.0
6716.0
8495.0
2674.0
8247.5
11159.5
1534.5
7194.5
6747.5
2230.5
7279.0
2885.5
9764.0
3225.0
5059.5
5360.0
6836.5
2179.5
1829.0
5554.5
2109.0
9438.5
10141.5
7620.5
8808.0
5546.5
2943.5
5728.5
2753.5
7811.5
7021.5
8029.0
9197.0
10052.0
9676.5
7300.5
10150.5
9393.5
7780.5
8529.5
8821.0
6654.5
7074.0
6766.5
6198.5
6073.0
9361.5
9767.0
7229.0
6797.5
4772.5
4957.0
7336.5
7510.0
7230.5
5994.0
6539.5
0
6633.0
6883.0
8162.0
5492.0
7488.5
7393.5
8068.0
7636.0
3269.0
8151.5
8867.5
7523.5
0
6642.5
7975.0
5052.5
10129.5
8396.0
0
8043.5
5853.0
7387.5
4962.5
5749.5
4968.5
2349.0
10263.0
5613.0
9053.0
8170.0
8359.0
3149.5
8958.5
1495.0
7745.5
5851.5
7848.5
8853.0
10172.5
6364.0
6669.0
8190.0
5881.0
7611.5
7858.0
6212.5
10074.0
10384.0
6586.5
8175.5
2513.5
10184.0
6952.5
790.0
5426.0
9213.5
7543.5
9809.5
5994.5
7161.5
10156.0
10071.5
6974.0
6900.0
6965.0
3280.0
8107.5
8167.5
8963.5
9410.5
8254.5
3072.5
7018.5
9812.5
7257.5
6281.0
8353.5
7791.0
10164.5
7160.5
6218.0
5918.5
6969.5
5708.0
5145.0
1777.0
1718.5
5594.0
6917.0
10073.5
5275.0
6934.5
8519.5
1216.5
8703.0
3075.0
7233.0
9175.5
6400.5
8509.5
7535.5
7806.5
8244.0
8053.5
6919.0
2150.0
1826.5
7340.0
10554.5
10022.0
7183.0
6242.5
8788.5
7076.0
2865.5
10528.0
5632.0
0
8043.0
3490.0
6726.0
8965.5
3002.0
10139.0
4274.5
6762.0
2236.5
5037.0
6968.5
3809.5
8327.5
841.0
4455.5
2330.0
6147.0
5351.5
8695.5
10202.0
2233.0
8219.0
5202.5
6632.5
10067.5
5256.5
1127.0
9563.5
9203.5
3369.5
5056.5
2147.0
5673.5
8739.5
10507.5
438.5
6688.5
5239.0
8336.0
8061.0
5578.5
10525.5
5650.0
5419.0
7465.0
5781.0
6930.0
1515.5
7696.5
809.0
9170.0
1141.5
9193.5
9469.0
521.5
6799.0
8402.5
756.5
6556.5
6230.5
8263.0
3664.0
3272.5
1070.5
4095.0
8919.0
7673.0
6041.5
7329.0
3888.5
6293.5
6473.0
6867.0
8298.0
9910.0
7452.0
1412.5
8545.0
8157.5
6821.5
848.5
6502.5
5813.0
6346.5
4905.5
4542.0
5515.0
6964.5
7829.5
10247.0
7573.0
10476.0
8319.5
7837.5
10679.5
10128.5
1174.0
10224.5
8750.5
5880.0
9848.5
8249.5
7040.0
6386.5
9674.5
4033.0
430.5
7553.5
8314.0
6275.0
9274.5
4693.5
7468.0
4886.5
6293.0
9762.5
3103.5
6549.0
9124.0
8331.5
7832.5
8516.0
419.5
5395.0
9460.0
8778.0
7257.5
5757.0
10088.5
8243.5
9683.5
7369.0
861.0
8300.5
9075.5
6708.5
7592.0
7235.0
7632.5
5772.5
6128.0
9122.0
0
1343.5
6677.0
8938.0
8429.0
8024.0
8294.0
5186.5
4350.5
9039.0
4958.0
7232.5
5726.0
8981.5
9750.5
7181.5
7364.0
7998.5
6537.0
6554.0
7799.5
9227.5
6975.5
0
7339.5
6620.5
7939.0
3623.5
10073.5
1787.5
6252.5
1924.0
6092.0
6523.0
9872.0
6438.0
7430.5
2403.5
7520.0
4518.5
9437.0
5646.0
5176.0
7735.0
4498.0
438.5
3221.0
7078.5
8704.5
6745.5
6800.5
8569.0
7394.0
0
7251.5
1355.5
10031.5
7366.5
5180.0
9200.5
4647.5
4777.5
7508.0
10051.5
9672.0
7198.0
6926.5
8373.0
7521.5
6024.0
4904.0
5544.0
5775.0
8629.5
5639.5
7520.5
8245.5
6210.0
10525.5
7335.0
1414.5
4282.5
8634.0
8808.5
9135.0
9766.5
7738.5
5205.5
5848.0
10493.5
2199.5
7106.0
6548.0
6681.0
5947.5
8582.5
9291.0
2507.5
1961.0
6287.5
2090.5
7888.0
8291.5
5913.0
7144.0
6669.5
7040.5
8600.5
7983.5
5604.5
9271.0
7454.0
7984.0
7466.5
5502.0
4443.5
6438.0
10310.0
0
2398.0
6625.0
68.0
8646.5
6515.0
9368.0
9253.5
2308.0
4961.0
6889.5
8298.5
3796.5
9353.0
7621.5
8436.0
7691.0
7337.5
8644.0
3624.0
6535.5
8454.0
9356.5
6367.5
6844.5
8290.0
5135.0
0
8819.5
8944.5
10239.5
10268.0
7714.0
4681.0
5742.0
10244.5
6784.5
5241.0
8153.0
6336.0
5121.0
6857.5
8855.5
9141.5
9216.0
5663.0
10298.5
8833.5
2515.0
6370.5
2529.5
10228.5
2344.0
6726.5
6554.5
6717.5
5834.5
8951.5
3859.5
848.5
6382.0
6068.0
9424.0
4013.5
7621.5
10252.5
3961.0
2571.0
9572.0
7928.0
7121.0
6192.0
6858.5
10448.0
7163.0
1264.0
5868.5
10114.0
4993.0
8132.5
4777.5
7419.5
9602.5
6163.0
7598.0
5723.5
2437.0
6667.0
4167.5
10199.5
10227.5
2670.5
6672.5
7719.5
2821.0
3537.0
7401.0
848.5
771.0
8245.5
2925.5
1516.5
5900.0
8644.5
10354.0
8850.0
6318.0
6281.5
9193.5
3330.5
9925.5
1923.0
1609.5
7846.5
8050.5
3409.5
10048.5
6680.5
10464.5
7538.0
5827.0
7412.0
5769.5
6825.5
7265.0
478.0
8425.5
4733.5
8552.0
5183.0
7912.0
5520.5
7703.5
5450.5
2162.0
5907.0
0
8830.5
8463.0
3946.0
10225.0
5643.0
2397.0
8851.5
8155.5
7182.5
6996.0
6532.0
8758.0
6908.5
6576.0
10091.0
5317.0
5805.0
6965.5
5947.5
8109.0
2463.5
5753.5
7753.0
7615.0
7521.5
7232.0
6560.0
8324.5
5741.5
7483.5
7425.5
8731.0
5476.5
8084.5
7765.0
1468.0
10255.5
2143.5
10491.0
6747.0
6702.5
8491.0
7870.0
7223.5
7281.5
10498.0
8014.0
10671.5
4604.5
10098.0
3266.5
9574.5
1422.0
10286.0
7087.5
4737.5
1092.5
5016.0
8552.0
6100.5
7092.0
6196.5
2390.0
10843.5
9450.5
9848.5
8614.0
438.5
10512.0
1991.0
8696.0
7242.0
3280.5
7078.0
4535.0
6421.0
7389.0
9517.0
459.5
2849.0
5518.0
6908.5
6591.0
6088.0
10302.0
6951.0
6134.5
6205.0
811.0
7761.5
7938.5
5379.5
7940.0
5682.5
2350.5
6857.0
7968.0
7961.0
6930.5
6598.5
3105.0
5351.5
3692.0
6347.5
6040.0
8250.0
6474.5
8502.5
7621.5
10181.5
3584.5
6750.5
1512.5
9066.5
3820.0
4227.0
7528.5
3683.0
6687.0
6124.5
10430.5
6665.0
7101.0
0
8635.5
7141.0
5944.0
7421.5
8689.0
5565.5
5723.5
10207.0
4530.0
8050.5
3235.5
5333.5
9489.0
9303.5
6822.5
10088.0
7379.5
7776.0
2801.0
7829.5
5760.0
7823.0
0
9850.5
8159.5
7422.0
4224.0
9291.0
5908.0
6508.5
7185.5
6148.5
3234.5
8469.0
6350.5
8490.0
6529.0
10012.0
10122.0
10290.0
68.0
8287.5
10083.5
7287.0
6088.5
10096.5
5202.0
6147.5
8020.0
9309.0
10526.5
68.0
6940.0
7881.0
5622.0
8222.0
6512.5
6363.0
7788.0
2144.5
9115.5
6820.0
7367.0
8186.0
8372.5
6242.5
9116.0
6574.0
5105.5
7566.0
10255.5
9452.5
8168.0
3503.5
7189.0
6220.5
6310.0
7135.0
7512.0
6052.5
6427.5
6508.0
5290.5
7785.5
6796.0
10047.0
0
5184.0
7473.5
183.5
6680.5
3220.5
7088.0
7031.5
7621.0
7374.5
7445.0
4992.0
8186.0
8281.5
8537.5
9789.5
7878.5
8062.5
8459.5
10315.5
6903.0
7741.5
7384.5
2904.0
10240.5
5472.5
9148.5
1536.0
6775.0
5763.5
5055.0
10263.0
8359.0
7989.0
6937.0
8637.5
6475.5
6535.0
7354.5
6175.5
8674.0
7913.0
8357.5
5478.5
9517.5
6961.0
8029.0
10230.0
7619.5
6055.5
8321.5
7610.0
10289.5
5765.5
10494.5
4695.0
1902.5
10197.5
8158.5
3349.0
6510.5
7968.5
770.0
3662.0
7925.0
6186.0
8974.5
7985.5
8274.5
8820.0
4533.0
5600.5
1864.0
7658.5
3956.0
10503.0
10060.0
7674.5
6754.5
5747.0
2939.0
6770.0
9290.5
5931.5
10307.5
138.0
3667.0
7914.5
9873.5
6391.5
7423.5
4260.0
8524.5
787.0
5825.0
8397.0
6292.0
4717.5
10942.5
8134.0
7161.0
9050.5
8961.5
4259.0
7823.5
6305.5
8163.0
0
10777.5
10139.0
5073.5
2683.0
8603.0
6269.0
6437.0
6366.0
1754.0
1550.5
4893.5
7734.0
2561.0
6782.5
4270.5
10051.0
6997.5
4401.5
68.0
10182.5
9270.0
7076.0
6588.5
6372.0
8727.5
8599.0
7573.0
10696.0
7560.0
8413.0
8216.5
7156.0
6865.5
10075.0
8352.5
10031.0
2674.0
4819.0
6590.0
8918.0
5727.5
7744.0
1112.5
6058.0
6298.0
7947.0
6462.0
6395.0
6892.0
5687.0
4735.0
7780.0
8494.5
8168.5
8027.5
1831.5
10497.5
6603.5
7744.0
6399.0
8463.5
7226.5
6545.0
7204.5
6861.0
2929.5
8851.0
9289.5
8410.5
0
8582.5
5866.5
6398.0
10256.5
8155.0
4699.5
5809.5
8614.0
5790.0
7879.0
8461.0
6295.0
383.0
8242.0
6721.0
6344.0
478.0
7808.5
5621.0
5762.0
7938.0
5593.5
6086.5
6384.0
6093.0
7959.0
5604.0
9051.5
10499.5
8161.5
8641.5
7166.0
6956.5
6494.0
6557.0
8861.5
7847.5
1068.5
126.5
8138.0
8479.5
10373.0
7602.5
10099.5
7122.5
6296.5
7239.5
7879.5
7225.5
8622.0
3458.5
6780.0
6295.0
6552.0
5659.0
0
6665.5
2362.0
8833.5
6455.0
3000.5
8021.0
6536.0
8133.5
4934.0
6670.0
10186.5
7934.0
6398.0
5547.5
7930.0
5736.5
6729.5
7630.0
5993.5
10104.0
8117.0
7189.5
8015.5
8855.5
5500.5
7606.5
6638.0
5905.0
1497.5
7984.5
6329.5
8438.0
9334.5
10098.5
8481.0
809.5
8970.0
7669.0
5877.0
10681.5
7041.0
6273.5
8731.5
6125.5
4973.0
7054.5
9051.0
8773.0
7088.5
8385.5
8363.0
5841.5
6118.5
5804.5
3428.0
10193.0
1493.5
10604.5
9259.5
7371.5
7385.5
0
5438.0
7420.5
7123.5
10288.5
9097.5
9238.5
9896.5
3912.0
7294.0
9988.5
8900.0
489.5
6665.5
9966.0
8534.0
5425.0
7436.0
7558.5
0
8024.5
6364.5
5579.5
9165.0
3627.5
10858.5
4028.5
1438.0
8065.5
10127.0
10408.0
10569.5
10156.5
0
10181.0
7699.0
9897.0
7707.5
3753.0
7438.5
6238.5
6693.5
0
126.5
7788.5
7772.0
7909.5
407.0
6525.0
8446.0
10301.0
10053.0
6691.0
8491.0
5143.5
4660.5
8088.0
1219.0
9530.0
7220.5
3936.5
8311.0
3889.0
7039.0
4608.5
9739.5
8673.0
6737.5
4445.0
6022.0
2287.5
7181.5
6315.5
3199.0
9080.5
7846.5
10247.5
8208.0
6298.5
8529.0
2329.5
8186.0
8720.5
3252.5
3660.5
7914.5
10414.0
9049.0
3404.5
6395.5
126.5
5883.0
6518.0
4350.5
6889.5
7844.0
6629.5
8356.0
8812.0
6211.0
2572.0
7009.5
6707.5
8317.5
6909.5
2495.0
3840.5
5026.5
230.5
6816.0
8354.5
5963.0
6234.0
10158.5
7796.0
6727.5
9353.5
5981.5
6702.0
8118.5
5695.0
7751.5
4587.0
5346.0
8623.0
6474.0
8252.5
7238.5
0
5003.0
9560.0
10310.5
7171.5
8410.5
6075.5
2254.0
7734.0
8190.5
2313.5
771.5
4965.5
2539.5
9263.0
5753.5
8014.0
2855.0
6470.5
4671.0
6352.5
8805.0
7700.5
4704.5
6524.5
7181.5
8406.5
5464.0
8881.0
1830.5
7569.0
8029.5
7004.5
5291.5
5146.0
6365.5
10018.5
7034.0
3720.0
7508.5
8211.0
9187.0
7343.5
6217.5
5024.0
2296.5
992.0
8245.0
8541.5
9359.5
7929.0
5227.0
6057.0
5664.0
6299.5
6182.0
10284.5
5363.0
5791.5
8180.5
8351.5
0
6865.0
6745.5
3548.5
4424.0
7855.5
5787.5
6537.0
6797.5
5683.0
10178.0
9637.5
6606.5
6026.5
7926.5
1941.5
7154.5
6754.0
3693.0
4139.0
7807.0
5686.0
7274.5
5220.0
6765.5
7465.0
7883.0
6722.5
6248.5
3389.5
2772.5
5424.5
6953.5
1155.5
10388.0
8907.0
5756.0
1163.5
2356.0
5073.5
7128.0
10141.0
7748.5
7808.5
10476.0
5381.5
7110.5
9232.0
3550.0
7170.0
8025.5
7432.0
6755.5
6652.0
68.0
5639.5
8521.0
11049.5
10313.5
9822.5
8466.5
10172.5
4958.5
7041.0
860.0
8469.5
8452.5
6247.5
7049.0
10384.5
7103.5
5309.0
4345.0
6275.0
6330.5
7315.0
7169.0
8362.0
7659.0
6519.0
6794.5
8554.0
7438.5
5218.5
7954.0
7222.0
3046.0
10096.0
7109.5
8732.0
7732.0
5477.5
6446.5
6874.5
5362.0
5935.0
6899.5
7460.0
9257.5
8062.5
6817.0
9488.5
10113.0
8696.5
6235.5
10504.5
7902.5
8227.0
7780.5
0
6044.5
8374.5
7583.0
9371.5
10092.0
7240.0
7411.0
1073.0
4154.0
7013.0
7997.5
6270.0
5931.0
5785.0
10011.5
8424.5
7474.0
7584.5
7739.5
8268.0
5877.5
8851.0
1614.5
4734.5
7010.5
6456.0
10216.5
2216.5
10068.0
8455.0
5661.5
10963.5
6209.5
10071.5
5557.0
7307.0
9646.5
6704.0
7797.0
9406.5
9362.0
2198.5
9288.5
10195.5
8227.0
10333.5
6339.5
6821.5
3309.5
9106.5
7612.0
2221.5
8447.5
6097.0
6594.5
3751.0
7316.0
0
9416.0
771.5
1508.0
7725.0
3794.5
9669.5
5660.0
10469.0
6976.0
6701.0
6177.0
6842.0
7049.0
5923.5
7805.0
6490.5
6566.0
3542.0
6753.0
5819.0
2426.5
4607.5
9017.5
1238.0
9483.0
5394.5
7442.0
5970.5
9007.5
6322.5
7216.5
6272.0
10284.5
6002.5
10996.0
6995.0
7343.5
9433.0
7720.5
10082.0
8215.0
6485.0
6368.5
8309.5
4106.5
7832.0
0
8744.0
7735.5
7487.5
8898.0
5186.0
7357.5
4881.0
6731.5
6636.5
2700.0
9543.5
6020.0
4358.0
9628.5
6033.0
6780.0
7354.0
7602.5
5672.5
8000.5
10328.5
419.5
6533.0
7771.5
6791.5
8617.5
5820.0
3951.0
6313.0
9168.0
4421.5
8291.0
8653.0
5422.0
7899.5
6612.5
7263.5
4610.5
7441.0
8333.0
4950.0
8418.0
10053.5
3349.0
4798.5
7026.5
8653.0
5724.0
5833.0
10499.5
8743.0
7239.0
419.5
0
7807.0
8389.0
7459.0
9704.0
7255.5
7322.0
7659.0
8791.5
7038.0
7819.0
7994.0
10352.5
6459.5
7259.0
8142.5
7283.0
7516.5
68.0
10865.5
6838.0
10008.5
2515.0
7475.0
3777.0
8874.5
5457.5
6966.0
6105.5
2494.0
6908.0
6780.5
7638.5
7636.5
9639.5
9510.5
0
2644.5
6822.0
6436.5
8516.0
1189.0
1219.5
2701.5
10173.0
6963.5
7490.5
6208.5
10933.0
8173.5
6246.5
6365.0
5144.5
6538.5
6490.0
6834.0
7105.0
6517.0
5198.0
3902.0
6730.5
6843.5
7096.5
6945.0
4757.5
8173.0
8047.0
8224.0
3218.0
1458.0
4948.0
3881.5
6848.0
7298.5
6292.5
1517.0
8046.0
8280.5
9375.0
8050.5
5690.5
7442.5
5945.5
8337.5
7151.5
6815.5
7512.0
6987.0
7306.0
4951.0
9352.5
8730.5
8254.5
6293.0
7616.0
4453.0
7845.0
7237.5
10463.5
8124.5
5715.5
10019.0
6943.0
6268.0
8860.5
9337.0
4233.0
7451.0
7118.0
0
87.0
7600.5
7062.0
7961.5
6126.5
6872.0
10544.0
8374.5
10253.0
8038.0
8020.0
3971.5
6830.0
9695.5
9248.5
8688.5
6684.0
7483.5
3256.5
9926.5
6608.0
9332.5
7775.5
3496.0
8412.5
11248.0
7077.5
7841.0
9775.5
5227.5
7442.5
5229.5
7803.0
3733.0
8433.5
0
8050.0
8505.5
6371.0
8480.5
10179.0
9464.0
5772.0
5125.0
7664.0
3645.5
10524.0
9301.5
9989.0
9858.0
7557.5
7912.0
7699.0
4247.0
4875.0
6848.0
10265.5
7994.0
5438.5
9427.5
5135.0
8605.0
9450.0
7607.0
7310.0
4531.0
8297.5
6938.5
8220.5
7458.5
10020.5
8656.5
5012.0
7660.5
7500.0
9002.0
2119.0
5826.0
6975.0
8356.5
7693.0
10094.5
9347.0
9117.0
5049.0
7221.5
9510.0
7335.0
2240.5
10138.5
8131.5
10380.0
5746.5
8735.0
7703.5
9701.0
8593.5
5653.5
3916.5
10343.5
6504.0
8321.5
7145.5
8801.0
6873.0
3848.5
8686.5
6924.0
5684.0
9140.0
8394.0
6266.0
7807.5
7841.0
7255.5
6201.0
6401.5
6685.5
9961.5
6058.0
6485.5
8616.0
8314.0
5564.5
6055.0
809.5
6033.5
0
1142.5
7909.0
6377.0
8330.0
7001.0
7413.5
4987.0
10503.5
5898.0
8186.0
7480.0
6186.0
4891.0
10248.5
5846.5
8880.0
7508.5
10699.0
6159.0
6835.0
9219.5
6469.0
6034.0
10058.0
7553.0
4744.5
9475.5
7244.5
6852.0
5867.5
6385.5
10695.5
7061.0
6895.5
5385.0
10147.0
6731.5
10395.5
6777.5
6378.5
9142.0
6609.5
5240.0
6203.5
5716.5
10155.0
0
10315.5
9582.0
10265.0
7026.0
0
7488.0
5187.5
1110.0
10469.5
8256.5
6552.0
5748.5
9084.0
2999.0
10099.0
8227.0
5736.0
3901.5
7661.5
10158.5
5665.0
11234.5
4379.0
5424.0
0
6393.0
2243.0
126.5
10249.0
10203.0
0
10364.5
8294.5
4869.0
3443.0
7071.0
8187.0
8583.5
7304.0
7174.0
10046.5
7542.0
11019.5
7408.5
3588.0
7813.0
9602.5
6948.0
7343.5
3312.5
9742.0
8048.0
7147.0
7492.0
7024.5
6054.0
4378.0
8387.0
6667.5
7528.5
7366.5
8360.5
8474.5
6370.0
8037.0
9123.0
6378.0
1193.0
4657.5
7957.0
7099.0
9229.5
8074.5
6761.0
6920.5
8156.0
6083.0
7726.0
6634.0
5242.0
6637.0
5271.5
9182.0
7994.5
7632.0
8235.0
6586.0
10499.5
6209.0
7925.0
6256.0
3289.5
9627.5
8560.5
3958.5
5529.5
7667.5
7399.5
7624.0
7782.0
10753.0
7656.5
8206.5
9367.5
7515.5
6073.5
9554.0
8764.5
9123.5
7903.0
7797.0
7786.5
10256.5
7440.0
6818.5
9695.0
10371.0
6371.5
1916.0
3942.0
7469.5
3105.5
10149.0
7436.0
7941.5
7732.0
7461.5
4983.0
5725.0
3866.0
8370.5
6442.5
10498.5
9302.5
7349.0
3628.0
2475.0
6555.0
10488.0
7919.0
10051.0
8763.5
8280.5
5279.5
10285.0
6714.0
5815.5
6909.0
6534.0
4137.0
3438.5
7444.0
5625.5
6262.5
5034.5
6837.0
3105.0
10041.5
8468.0
9701.0
7062.5
10023.0
6469.5
10166.0
10108.0
9089.5
5671.0
8074.5
6494.0
8321.5
7743.0
5479.5
7033.0
3051.0
8561.0
5827.0
6049.5
3962.5
8389.0
5382.5
6402.5
5439.5
5788.5
0
2495.5
5844.0
9336.5
7954.5
10763.0
1456.5
4652.0
10075.5
5270.5
7343.0
8816.5
7022.5
6599.5
8666.5
5717.0
6779.5
6620.0
3550.0
7569.0
5659.0
5246.0
8942.0
6206.0
7989.5
4568.0
5198.0
7149.0
3268.0
0
8688.0
8695.5
8615.5
2588.5
6966.0
2279.5
1792.0
9390.5
6496.5
6214.0
9670.5
5804.0
9575.5
9255.5
6907.0
8563.5
7388.0
7623.5
6425.0
5755.5
4192.0
5298.0
2537.0
5740.0
10261.5
10453.5
6456.0
1300.5
0
10126.5
9868.5
5607.0
6730.5
9190.0
7157.0
5439.0
10235.5
8945.0
5870.0
10246.5
5641.5
7288.0
8821.0
6425.0
6631.0
6187.5
1527.5
10076.0
7069.5
10402.5
7400.5
6185.0
8110.5
7043.5
10067.5
8950.5
4062.5
0
419.5
8261.5
5666.0
6825.5
2766.0
8466.5
6694.0
5779.0
8089.5
8529.5
9594.5
0
7603.0
9703.0
10498.0
6351.5
5703.0
8146.5
5053.5
8669.5
6789.0
4792.0
6460.0
7244.0
8204.0
9079.0
2126.0
6373.0
8323.0
5756.5
8542.5
6150.5
7709.5
6624.0
9343.5
7069.0
7998.0
10078.0
4243.5
8790.0
10152.5
10120.5
6961.0
790.0
7324.5
6296.5
2457.5
4901.0
2890.5
6916.5
7960.5
6423.0
6516.5
8314.5
8853.0
7126.5
5370.0
6984.0
8213.0
6718.5
5702.0
3073.0
9027.5
8356.0
9348.5
7197.5
7240.0
5609.5
6869.0
8567.0
6090.0
9128.0
348.5
7341.5
7257.5
8056.0
10492.0
7506.5
9654.0
7679.5
6011.5
8938.5
9297.0
7528.5
8525.5
5069.5
6483.0
1022.5
7273.0
8611.5
7296.5
7052.0
7984.0
2845.5
2088.5
0
8621.5
4006.5
9953.0
7969.5
6202.0
9836.0
9760.0
7963.5
6564.0
9808.5
7458.0
2913.5
7168.0
7750.5
8089.5
6425.5
6876.0
8212.5
5923.0
6466.0
8272.0
8135.0
9319.0
8851.0
8898.5
3027.0
5783.5
9396.5
6577.0
5684.0
6755.5
6068.0
9491.0
2873.0
8521.0
10559.5
7426.5
2182.5
7710.5
6506.0
5288.0
9080.0
8320.5
7282.5
6754.0
7001.5
8649.0
478.0
9692.0
6791.5
6583.0
126.5
2883.5
7444.0
7011.0
8696.0
6109.5
7078.0
10687.5
9571.0
6892.5
10109.0
8066.5
7092.5
9531.0
6529.0
8884.0
8929.5
10244.5
7604.0
6475.5
419.5
6514.5
4824.5
6516.5
8991.0
7140.5
6479.0
6125.0
6427.5
7200.0
6938.0
4974.0
4470.5
9386.5
9577.0
8337.5
1355.5
6417.5
4195.5
8725.5
9235.0
10060.5
3900.0
10279.5
5328.0
5735.0
8919.0
8928.5
6927.0
3000.5
8433.5
9080.5
6719.5
8176.5
6667.5
7229.5
5594.5
6449.5
6556.5
7611.5
10392.5
7850.0
9212.5
419.5
7201.5
6598.5
6716.5
8299.0
8552.5
8831.0
8204.0
6979.0
7093.5
10105.0
10269.0
7449.5
7834.0
8351.0
6942.5
0
0
5365.5
7155.5
3042.5
7723.0
7153.5
10171.5
2943.5
6815.0
734.5
7112.5
6122.5
8436.5
1826.0
8599.5
6129.5
7323.0
6019.0
6647.0
10125.0
7751.0
9108.5
7616.0
7896.5
6137.5
7596.0
6886.0
5435.5
7964.0
7146.5
0
8939.0
4868.0
8253.0
5902.0
6719.5
7068.0
6948.0
6026.5
8311.5
8159.5
8069.0
9637.5
8185.0
6129.5
9229.5
6903.5
9319.0
10088.0
7360.0
6093.5
6155.5
8501.5
5531.5
5518.0
7217.0
0
6448.0
9458.5
0
7100.5
0
0
7039.0
535.0
5662.0
8814.0
6494.0
6260.5
2685.0
0
5387.0
5692.5
7451.5
6729.5
6979.5
0
4977.0
3566.0
7814.0
0
5400.5
1529.5
7058.5
0
9300.5
6879.5
9289.0
4892.5
126.5
5727.0
2457.0
8537.0
7433.0
5696.0
0
7990.5
1473.5
3332.0
7591.0
7043.5
6916.0
2219.0
0
8188.5
9867.0
6312.0
6426.5
5958.0
0
6381.5
6644.0
7773.5
3027.0
10673.5
6357.5
6425.5
10014.5
7450.5
5667.0
8931.0
2560.0
401.0
6388.0
5914.5
8447.5
9244.5
7695.5
6737.0
3718.0
6209.5
9486.0
7002.0
3588.5
8573.0
4584.5
7233.5
5732.5
5999.5
8262.0
5039.5
8095.5
7663.5
10539.5
6649.0
6302.0
7376.5
3557.5
9690.0
8687.0
1475.5
8542.0
8484.0
6270.5
0
6626.5
8029.0
7820.0
10678.0
8805.5
6122.0
6158.0
6210.0
7791.5
6002.5
7635.5
6943.0
6878.5
7279.5
8270.0
6631.0
7021.5
9963.0
1509.5
6976.5
7500.5
879.0
10704.5
8660.5
6816.5
8301.0
9227.5
5824.0
7243.5
0
6257.0
5296.0
7291.5
7082.0
10589.5
4821.5
8645.5
10115.0
9618.0
6330.5
7027.0
6722.0
3141.0
8729.5
6219.0
1922.0
7047.5
6112.0
9202.0
6393.5
10650.5
9566.5
771.0
4906.5
8433.5
7153.0
5457.0
0
6811.5
7437.5
8271.5
5323.5
0
7998.5
6159.0
6300.5
7585.0
9650.5
5176.0
7223.0
8195.5
9719.0
5593.0
5303.0
0
0
7880.5
1921.0
7065.5
7323.0
138.0
8617.0
7109.0
3829.5
6504.0
9637.5
0
6446.5
9549.5
0
4291.0
9690.5
0
6077.5
8723.5
6721.5
7127.0
5803.5
790.0
3211.0
6552.5
6331.0
5611.5
7759.5
7059.5
8474.0
5326.5
5776.0
9240.5
438.5
6807.0
6547.0
7980.0
9642.5
7903.0
6597.0
4354.0
9142.5
7675.0
8607.0
4417.5
6107.0
8892.0
7715.0
6422.0
6993.5
5400.5
8057.5
6057.0
9975.0
8699.0
0
9910.5
7142.0
0
5896.0
8509.5
7527.5
7082.0
1456.5
8282.5
5050.0
7646.0
7164.0
5989.5
7539.5
2846.5
9056.0
8953.0
6942.0
4922.0
8485.5
5849.5
6953.0
9674.5
6478.0
5739.0
7781.0
6495.0
7593.5
9398.5
5713.0
5341.5
5126.5
7553.5
8945.5
6982.0
9179.0
7146.5
7541.5
8135.5
6670.5
7358.5
8961.5
8055.0
6669.0
9008.5
1231.0
6962.0
5891.0
9988.0
6851.5
0
652.0
10019.0
4331.5
5372.0
6357.0
5365.5
8148.5
10484.5
3551.5
6588.0
2536.5
6927.5
6816.5
6180.0
4293.0
6754.0
6297.0
8381.5
7369.0
3657.5
5755.0
5673.5
6148.0
9466.0
10143.0
4965.5
8243.0
8829.5
4626.0
7107.0
8493.5
7303.0
6272.5
8695.0
68.0
6286.5
10042.5
6879.5
5313.0
1200.0
4957.0
3533.0
7455.5
8974.5
6851.5
6398.5
10798.0
9977.0
8467.5
6166.5
9089.0
7660.5
8976.0
6380.5
7215.0
6731.0
6094.0
5122.5
68.0
10877.5
10750.5
10328.5
6040.0
6564.5
8411.5
7415.5
3690.0
8453.0
5330.0
7115.5
7674.0
8111.5
7522.0
9156.5
628.0
7181.5
6422.5
9760.5
771.5
3586.0
10715.0
10952.0
7635.0
7895.5
7180.0
6186.5
7719.0
9134.0
5462.5
5611.5
6517.5
7741.0
8145.0
7410.0
7552.5
5460.0
5352.5
5976.0
7029.0
5632.5
7020.0
0
3086.5
6892.5
6656.0
5103.5
7685.0
7038.5
6507.0
7897.0
6093.5
10055.0
6928.5
6578.0
5906.5
3287.5
7393.0
8002.0
6478.0
6269.5
8429.5
8942.0
7385.5
5477.5
10207.0
10357.0
8727.0
9008.5
8800.5
6858.0
7041.0
8046.5
6627.0
8454.5
7999.0
7885.5
2637.5
7140.0
8219.0
6175.5
6830.0
6011.5
7410.5
6857.5
4551.0
6151.5
0
1947.5
6117.0
10081.0
7630.0
7267.0
8252.5
7179.5
9965.5
6430.5
2235.0
7072.5
8421.0
7547.0
7598.0
6935.5
614.0
7525.5
8284.5
6793.0
7893.0
3542.5
10372.0
4097.5
10284.0
8111.0
7799.5
5868.0
5971.0
9421.5
7082.5
7108.5
5659.0
7468.0
6993.5
8554.5
6831.0
4604.0
3333.0
1779.5
7122.0
9357.0
8152.5
7302.5
8978.0
5296.5
5072.5
5403.0
2481.5
6200.0
5307.0
8749.0
1250.0
9086.5
6402.5
7079.0
6726.5
7670.0
7139.0
6543.0
6416.5
5759.0
7126.0
5981.0
4251.5
6550.5
8033.5
8487.5
6280.0
1790.5
7269.5
774.5
0
10158.0
7099.5
7428.0
5926.5
6523.0
1208.0
6782.5
10077.0
9502.5
4175.5
7571.5
10015.5
6239.0
6342.5
5693.0
7304.5
9848.0
6739.0
8537.0
6643.5
6866.0
10320.5
6930.5
9505.0
6601.0
6297.0
5489.0
5464.5
401.0
9238.0
7145.0
7460.0
5864.5
4829.5
868.0
8095.5
6754.5
7833.0
9429.5
9423.5
6313.5
5653.5
4975.5
7327.5
7183.5
6521.5
6332.0
9965.0
1420.0
7107.5
6700.5
1961.0
10055.5
9662.0
7502.0
9049.5
1551.5
6488.0
6699.0
8880.5
8391.0
7538.0
6513.0
7442.5
9460.0
8004.0
7922.0
9335.0
7536.5
6290.5
7268.0
6849.5
7549.0
7463.0
6888.0
10523.0
8536.5
7481.0
10288.5
4994.5
7124.0
8497.5
1456.5
7168.5
5034.5
7136.0
3290.5
6454.0
10086.0
7008.5
9133.0
10219.5
7290.5
8310.0
6518.5
6950.5
6691.5
6086.0
7218.5
8531.5
6942.0
10055.5
6797.0
9263.5
6535.0
8161.0
8159.5
10083.0
126.5
7892.0
8226.5
7461.5
10450.0
9223.0
6863.0
10388.0
7714.0
8534.0
8333.0
7857.5
9682.5
8091.5
6602.5
5201.5
8203.0
8413.5
6313.5
6801.5
7129.0
8449.0
10507.5
7026.0
10049.0
6120.0
1496.5
7164.5
68.0
7470.5
4461.5
5222.0
2450.5
6295.5
8785.0
5102.0
4468.0
8144.5
6623.0
8403.0
1456.5
10497.5
8966.5
7713.5
5845.5
6055.0
10315.5
7595.0
6244.5
6582.5
5944.5
7852.0
7042.0
6275.5
9742.0
7539.5
5157.0
8224.5
5680.5
6020.0
68.0
7348.0
8662.5
7671.5
8403.0
6713.0
10232.0
8974.0
435.5
7087.0
6817.5
5797.5
8878.0
8948.5
2712.0
8830.0
6816.5
6051.0
8126.5
8158.5
0
4038.0
7218.5
6781.0
6519.5
5872.5
8858.5
10502.0
6432.5
5597.5
1913.0
4301.0
6076.0
6607.0
9114.5
7338.0
6720.5
6493.5
5607.5
9490.5
5590.0
3639.0
4458.5
7122.5
2221.0
6477.5
8275.5
8695.5
7161.5
8160.5
1849.0
7595.0
9663.0
7189.5
9275.5
7285.5
6195.5
8098.0
6958.0
6954.5
5735.0
6723.5
4329.0
6553.0
8705.5
3282.0
7617.0
7194.5
4681.0
5944.0
8332.5
8122.5
7169.0
5574.5
8016.5
4499.0
10273.5
5496.0
7383.0
6543.0
6405.0
7996.0
10489.5
10320.0
5909.5
9049.5
7926.5
1674.5
0
6793.5
10064.0
7829.5
5609.0
8127.0
1386.5
6761.0
7194.0
7688.0
7704.5
6711.5
8758.5
6375.0
2236.5
7866.0
5745.0
7692.5
7575.5
6158.5
7215.5
6067.0
9439.5
717.0
7840.5
7807.5
8141.5
6513.0
7278.0
0
8337.5
5186.0
7617.0
7440.5
7712.5
5615.5
6385.5
6314.5
7020.0
6398.5
5696.0
3500.5
6639.0
1455.5
7563.0
8168.5
8742.0
5810.5
7143.5
8406.0
6292.0
6545.5
8038.0
5521.0
6261.0
6741.0
6409.0
7498.0
7057.0
9305.0
5663.5
9917.5
6793.0
9404.5
8511.5
2493.0
7492.0
7302.0
7418.0
10084.0
10113.5
10199.0
8927.5
7762.0
6631.0
7395.5
2920.5
6415.0
2489.5
7752.5
1500.5
7161.5
7844.0
6577.0
10163.5
8455.5
3217.0
7587.5
6716.5
6529.5
6435.0
7365.0
7436.5
6623.0
2792.0
6709.0
4653.5
6662.0
6589.5
10190.5
0
7661.5
8590.0
6354.0
7388.0
10232.5
6895.5
8489.0
5395.0
7477.5
9680.0
6125.5
7397.5
7744.0
9328.0
6081.5
5221.5
7007.5
7823.5
7261.0
6701.5
5818.0
8038.5
10264.5
5734.5
8287.0
8680.0
8121.5
8048.5
6163.5
7198.0
7360.5
6889.5
5947.5
