68.0
438.5
535.0
479.5
481.0
370.5
1005.5
0
1250.5
1398.0
1316.0
1783.5
2179.0
541.0
639.5
1900.5
2416.5
243.5
1804.0
719.0
3188.5
1217.0
1784.0
3081.5
698.5
0
2867.5
668.0
1192.0
438.5
138.0
903.5
1816.0
2198.5
1632.0
68.0
1601.5
68.0
1355.5
1798.5
2226.5
1027.0
1160.5
1724.5
126.5
2633.0
1651.5
2427.5
1968.0
1140.5
848.5
700.0
4944.0
68.0
438.5
183.5
989.5
138.0
138.0
2995.5
719.0
348.5
126.5
859.0
1046.5
1586.0
933.5
975.5
2086.5
888.5
656.0
68.0
478.0
404.5
2945.0
583.0
1364.5
2862.5
707.5
1904.5
419.5
183.5
68.0
710.5
783.0
1341.5
438.5
710.5
1587.0
0
1243.0
2026.5
2041.0
700.0
1124.0
2283.0
194.5
0
1460.0
68.0
2215.0
598.0
1558.0
707.0
604.5
497.0
332.0
703.5
1832.0
1439.0
1579.5
365.5
489.5
576.5
683.5

0
1691.0
438.5
497.0
852.5
365.5
757.0
905.0
68.0
126.5
243.5
300.5
839.0
757.0
68.0
736.0
242.0
418.5
2542.0
539.5
405.5
2065.5
2300.0
1220.5
1423.0
300.5
435.5
68.0
1675.5
999.5
126.5
68.0
1725.5
1646.0
635.0
300.5
829.5
1458.0
1868.0
1850.0
516.5
1290.5
763.0
508.5
1405.5
772.5
1691.5
407.0
0
965.0
3008.5
973.5
2336.0
994.0
194.5
2394.0
1566.5
1076.5
1455.5
126.5
1249.5
491.5
2211.0
4766.0
2207.5
0
987.0
726.0
1276.5
1749.0
548.5
300.5
827.5
947.0
300.5
1828.5
4124.0
826.0
721.5
542.5
767.5
2576.0
1200.0
1066.0
3056.5
588.5

581.0
1614.5
472.0
3171.5
1304.0
68.0
871.0
1664.5
1732.0
672.5
863.5
790.0
1309.0
968.5
1842.0
2405.5
775.5
3947.5
1965.5
2647.0
2987.5
1814.0
667.5
602.0
2739.0
4303.0
3431.0
965.0
2925.5
2969.5
897.0
68.0
402.0
68.0
3106.5
722.5
3445.5
2111.0
4451.0
2522.5
5089.0
2255.0
68.0
6730.5
4924.0
3353.5
68.0
6278.0
5678.5
2720.0
5883.5
5235.0
68.0
2025.5
2208.0
1375.0
68.0
4194.5
1078.5
2872.5
7856.5
4161.0
801.0
3006.5
3815.0
5396.5
0
3633.5
6906.0
6963.5
2929.0
3434.5
2470.0
6953.0
3001.5
6753.5
9082.0
719.0
3220.0
3987.0
4147.5
2831.5
1416.0
7913.0
3543.5
6910.5
1948.0
2086.0
6614.5
7920.0
6227.5
1803.5
7825.5
2952.5
5252.0
9002.5
2167.0
4198.5
3582.0
68.0
4304.5
68.0
6157.5
7265.0
1546.5
4817.0
3003.5
2739.5
4305.5
629.0
680.5
8368.0
0
3234.5
68.0
3965.5
6724.5
6314.0
5825.5
6425.0
6026.0
5577.0
9939.5
2253.0
3540.0
1158.0
8988.5
5809.0
4046.5
683.5
2418.0
5395.0
6761.5
9395.5
1923.5
2335.5
641.5
7559.0
6461.0
4197.0
768.5
7214.0
2786.0
1294.0
771.5
3476.0
4661.0
3228.5
4031.5
7000.5
4109.0
951.5
5829.0
3437.0
1425.5
126.5
1154.5
6824.5
1056.0
5638.0
9542.0
4286.0
4668.5
4433.5
726.0
1844.5
4723.5
3935.0
2375.5
2325.5
3690.5
1019.0
3063.0
5973.0
2216.0
7458.5
2790.5
1801.0
3736.5
2823.0
2882.5
3937.0
2923.5
3182.0
1576.0
1414.0
6113.5
6132.0
6988.0
5538.5
6681.5
2496.5
3411.0
2290.0
0
6574.5
5744.0
4241.5
7334.5
3010.5
1461.0
789.0
1772.0
418.5
3016.5
2793.5
3143.5
68.0
4897.0
6383.0
1443.5
3984.0
2811.0
7619.0
6636.0
3916.5
1644.0
1659.0
1969.0
1589.5
3232.5
4474.0
1087.5
5078.5
815.5
3821.5
1668.0
2006.0
1512.0
1322.0
3577.0
243.5
136.0
4084.0
138.0
5303.5
1041.5
3567.5
8046.0
2803.5
3496.5
1522.5
5349.0
6182.5
5775.0
68.0
3469.0
4398.0
4137.5
4981.5
663.0
2286.0
2319.0
3478.5
1235.5
5656.5
6640.5
2625.5
5763.0
7396.5
4437.0
6051.0
9504.0
4751.0
5195.5
1932.0
6129.5
6435.0
6112.5
3703.5
5869.0
7982.0
5429.5
4022.0
4726.5
7843.5
471.0
2284.5
3260.5
2564.0
5351.0
6433.5
3944.5
1176.0
4839.5
7924.5
3903.0
3584.5
8488.5
5927.0
4577.0
7871.5
7778.5
10559.0
7753.5
10199.5
5311.5
593.5
9141.5
6720.5
6522.0
2350.0
1294.0
9319.0
2378.5
3494.0
4247.5
5174.0
6126.5
2590.0
6109.5
419.5
5593.5
7116.5
1135.0
4978.5
6762.5
3001.0
6366.0
809.5
6921.0
4216.5
3615.0
6700.5
8373.0
9371.5
4204.0
2108.0
7691.0
3228.0
2089.0
5499.5
5891.0
6411.5
6449.5
8006.5
2256.5
1389.5
2847.5
5422.0
5607.5
5528.0
7183.5
2103.5
3735.0
7278.5
4455.0
7432.0
8048.0
3510.5
8121.5
7319.0
4831.5
3307.5
68.0
5822.5
4220.0
5855.5
3717.5
4850.0
7930.0
4021.5
3916.0
348.5
4640.0
7768.5
4798.5
7472.0
1977.5
5942.5
6290.5
5014.5
6327.5
4388.0
3248.0
2703.0
5266.5
8165.5
4528.5
7687.0
7051.5
6203.5
5973.5
419.5
7198.0
6949.5
5771.5
6255.0
7193.5
8334.5
7693.0
3584.5
5865.5
5514.0
2105.0
678.5
4750.0
6551.0
5946.0
4501.0
5978.0
0
5114.0
6370.0
3320.0
2949.5
4537.5
7955.5
4782.5
4786.5
5707.0
418.0
5971.5
5019.0
5660.0
4955.5
6199.5
5562.5
5336.0
2925.5
9711.0
6084.5
1739.0
7507.0
0
5669.5
7490.0
6852.0
7725.5
2727.5
8460.5
6581.0
7762.0
2915.0
8032.5
7838.5
6488.5
7873.5
717.0
3519.0
2210.5
4906.0
1354.5
419.5
2851.5
6355.0
6077.0
6636.5
1527.0
980.0
4580.0
4633.5
5620.0
3703.5
5393.5
8179.0
2276.5
9596.0
7546.0
5819.0
4149.5
6166.5
68.0
6684.0
1869.5
4902.5
138.0
2794.0
3165.5
1902.5
3394.0
7406.0
3482.0
4832.0
0
6603.5
2743.0
6599.5
6033.5
6465.0
10313.0
7113.5
5534.5
4602.0
2144.5
5661.5
6760.0
2164.0
0
3164.5
5296.0
68.0
5951.5
5170.5
5680.0
5682.5
5705.0
7977.0
6786.5
5894.5
8110.5
8624.0
7829.5
0
2595.5
8546.5
7229.5
2351.0
7074.0
6272.5
2813.0
3812.0
4967.0
7777.5
7886.0
6052.0
10059.0
68.0
8543.0
6838.0
4611.0
8507.0
5471.0
1826.0
365.5
4925.5
10381.0
0
7753.0
879.5
5746.5
0
4205.5
3366.5
8698.5
8320.5
2515.5
8063.5
0
7934.5
8214.0
8809.0
5747.5
0
4202.0
6035.0
5461.5
6382.5
7616.5
5775.5
6444.0
1385.0
3864.5
6676.5
6936.0
6405.0
6251.0
6598.5
10504.0
7393.5
2828.0
6945.0
0
3402.0
8397.0
1124.5
5375.5
5902.5
8951.5
7559.5
5113.0
4018.5
5027.0
1941.5
10162.0
11945.0
6719.0
1579.5
4259.0
1721.5
5973.5
1068.5
7213.0
6956.0
0
6508.0
0
0
3346.5
2333.0
10221.0
3480.5
7189.0
5096.0
7258.5
6151.0
5069.5
7044.5
7087.0
7923.0
3615.5
9515.0
7858.5
8158.0
8021.0
1165.5
7230.5
7427.0
9970.0
5919.5
6805.5
3002.0
6622.5
6645.5
3645.0
5697.0
5504.5
8640.5
6892.0
7938.5
1351.0
5779.0
8565.0
6711.5
3986.0
1756.0
9215.5
10131.0
8369.5
9150.0
7726.5
8465.5
5501.0
3970.5
6617.0
8665.5
9981.0
10145.0
9464.0
8101.5
6253.5
6143.5
7609.0
8491.5
7490.5
8067.5
3060.0
7835.0
2741.5
68.0
3035.0
68.0
5773.0
5166.0
5858.5
4909.5
13506.0
7350.5
438.5

5975.5
5323.0
7123.0
7267.0
0
5519.5
2884.0
6396.5
10973.0
5565.5
794.5
6061.5
0
8172.0
1791.0
5938.0
7598.0
0
7538.5
1883.0
2609.0
9695.5
7370.5
7745.5
2200.0
5114.5
6768.5
6832.5
7397.0
7522.0
4642.5
6402.0
3498.5
7046.0
7103.0
4370.5
6662.0
7430.5
6679.5
5945.0
5897.0
8818.0
4923.0
1905.5
5996.0
6788.5
4825.5
5455.5
9421.5
3090.5
6708.0
6793.5
7117.5
7254.0
5166.5
7725.0
5743.5
6034.5
6418.0
10773.0
6731.0
8434.5
6421.0
716.0
3810.5
6764.5
4296.0
8181.5
5240.0
9589.0
6944.0
9715.5
1425.5
5649.5
8791.0
5202.5
7465.0
1368.0
2342.5
6967.0
6188.5
6867.5
2241.0
8714.5
7860.5
1324.5
6017.0
6385.5
4454.5
0
2111.5
7626.0
8008.5
3878.5
10148.5
6534.5
5918.0
6409.0
6026.5
7955.0
7828.0
7351.0
1805.0
6718.5
9690.5
6501.0
9144.5
6701.0
0
5090.5
9309.0
7204.0
7076.0
6407.0
7554.0
6607.5
7047.0
2445.0
7140.0
6595.5
3888.5
2212.5
5822.5
6425.0
7494.0
0
10261.5
8321.5
1445.0
2458.0
7963.5
10650.5
6360.0
5544.0
1220.5
5891.5
8108.0
5934.5
6140.5
12372.0
9395.5
6573.5
1848.0
7651.0
9220.5
7404.5
7764.5
3403.5
5720.0
8373.0
6421.0
7533.0
4726.5
9035.0
6656.0
3069.5
7117.0
4075.0
5164.5
6412.5
7453.0
6712.0
126.5
6867.0
7278.5
6830.0
8027.0
5160.5
7124.0
1553.5
5753.0
8500.5
4272.5
9156.0
6987.5
1712.0
7933.5
6398.5
6719.5
1646.5
9935.5
6319.0
7413.5
10860.0
3780.5
6779.5
5548.0
1460.5
7751.5
10601.0
8875.0
4452.5
8058.0
5275.5
4334.5
9195.0
8306.0
6813.0
7106.5
2306.0
5306.0
6224.5
7348.5
8045.5
7854.5
4362.5
6792.5
2142.5
10356.0
6851.5
1202.0
5401.0
1844.0
9275.0
7742.0
6177.5
5849.0
10334.5
7787.0
6409.0
1455.0
5999.0
0
5606.0
4737.5
6775.5
794.5
11180.0
6988.5
6705.0
6906.0
0
5177.5
3273.5
6912.0
12857.5
6556.5
11498.0
6015.5
6263.0
6851.0
9063.5
6195.5
7319.0
7838.0
4695.0
7610.0
5347.5
8234.0
9105.5
6143.5
8434.0
1087.5
5841.0
5421.5
7990.5
6483.5
7946.0
5388.5
11420.5
6370.0
11237.0
3476.5
11938.0
9893.0
6068.0
4449.0
11342.0
6637.5
5642.0
8372.5
2039.0
8648.0
9936.0
6068.0
6371.5
5670.5
5488.0
9436.0
4022.5
7577.5
3425.0
6366.0
0
6261.0
8164.5
1086.5
11577.5
8096.5
5385.0
6387.5
698.5
5778.5
7376.0
5571.0
9189.5
6047.0
6871.0
6803.0
6000.0
11609.5
3175.5
7476.0
6230.0
6190.0
6917.0
10281.5
4655.0
8472.0
6492.5
6065.5
3360.0
6555.0
6146.5
771.0
7846.5
7963.0
6687.0
6774.5
435.5
7288.0
5486.5
7088.5
5594.0
5997.0
9275.0
7042.5
6053.0
6010.0
2866.0
6286.0
6646.0
4553.5
5185.0
6382.5
5873.0
9280.5
0
5396.5
1172.0
8932.0
8596.5
6911.5
6679.0
7832.5
8048.0
6558.5
4710.5
5945.0
6312.5
6646.0
7687.5
7108.0
6499.0
6500.0
5990.5
6773.0
0
6440.0
7317.0
7017.5
5360.5
6718.5
7359.0
6355.5
6129.5
6749.5
5640.5
5632.5
5048.5
10661.5
4758.5
10311.0
6602.0
5632.0
6197.5
9314.0
7911.0
8092.5
7576.0
7749.5
8269.5
6811.5
7773.5
7950.5
1865.5
8867.0
8271.0
5332.0
8557.0
8516.5
7395.0
6814.0
9475.0
126.5
2620.0
6942.5
4854.0
2863.5
2553.0
5688.5
5665.5
9457.0
8528.5
6013.0
8218.5
9618.0
879.0
5701.5
6863.5
6575.0
6526.0
10488.0
7523.0
4551.0
8078.0
9201.0
7025.0
0
6403.0
6942.5
0
5772.5
7309.0
7732.0
0
5909.5
5360.5
8448.0
7558.0
5890.0
7076.5
5326.5
7783.5
8296.0
7647.0
7544.0
6735.5
7631.5
6738.5
7861.5
6982.0
5740.5
10463.0
8979.0
6597.5
8207.0
11320.0
5868.5
7137.0
6875.0
4590.5
9236.0
6188.0
0
7722.5
7799.5
6678.0
5886.0
2990.5
12593.5
7727.5
9552.0
3682.5
4367.5
7578.5
8339.5
5592.5
11077.0
7420.0
7357.5
6909.0
5153.0
7682.0
0
5093.0
8375.5
10453.5
2095.0
6058.5
6713.0
2322.0
8941.5
6776.5
8824.0
7412.0
9531.5
8159.5
6326.5
4254.0
9795.0
8483.5
3793.5
7207.5
6666.5
7176.5
5313.5
6410.0
8220.0
6603.0
7166.0
4093.5
10174.5
10133.0
2482.0
5701.5
7145.0
7151.5
7059.5
6314.0
7904.5
5482.5
7188.0
1556.0
8613.5
6852.5
13592.5
8433.0
9166.5
6398.0
6260.5
6453.5
7518.5
6952.5
4568.0
6552.5
6995.0
2792.0
7611.0
8987.0
6847.5
7498.0
790.0
7083.0
9694.0
6512.0
7334.5
7111.5
9381.5
7946.5
5891.0
9837.0
6200.5
2771.0
3513.5
9645.5
3591.5
5738.5
7334.5
0
5189.5
7037.0
7137.5
7853.5
7116.0
2193.0
7610.0
2386.0
8920.5
5984.0
4480.5
7332.0
5737.5
126.5
9013.5
8752.0
5851.5
6744.0
11721.5
7212.5
2533.5
6803.0
2180.0
8706.5
4441.0
8149.5
8271.0
7175.0
7366.0
8010.5
7818.5
7822.5
10845.5
6997.0
10035.5
2043.0
10937.0
5125.0
7127.5
8338.5
7493.5
5320.0
5862.0
6633.5
6623.0
7602.0
5846.0
2056.0
6504.5
10075.0
1144.0
7554.0
9746.0
6724.5
5491.0
6461.5
7455.0
6129.0
6963.5
8561.5
9456.5
8057.0
7274.0
7103.5
6955.5
1161.0
2105.5
9370.0
6058.0
7206.5
8543.0
5597.5
7123.0
7418.0
6554.0
7523.0
1477.5
1635.0
7456.0
2734.5
7129.0
6335.5
5909.5
5405.0
12976.0
6426.0
6044.5
7306.5
5420.5
10094.0
7710.0
3068.5
7218.5
6670.0
7798.5
7539.0
8295.0
9488.0
7432.5
770.0
7400.5
7988.0
752.5
7245.5
7186.5
7029.0
6381.5
9174.5
9580.0
7029.0
5889.5
5393.5
6822.5
2420.5
6465.5
7268.0
5880.0
2941.5
6648.0
8971.0
5625.5
7337.5
6729.5
6890.5
8217.0
5111.5
7119.0
6161.0
5631.5
6617.0
6438.5
8530.5
1601.0
7641.0
10150.5
6023.0
6295.5
5331.5
7115.0
8320.0
1070.5
6470.5
7935.5
7233.0
10156.5
6680.5
7640.5
5998.5
6457.0
8675.0
7324.5
7237.5
10294.5
6704.5
7888.0
8995.0
7848.5
5718.0
6185.0
6850.5
6869.5
6566.5
6724.5
5832.5
8249.5
4409.0
11618.0
5831.5
2884.0
9737.5
12175.0
5743.0
9295.5
1514.5
7033.0
6626.5
7264.0
9728.5
6480.0
6070.5
9661.5
7350.5
2064.5
7938.5
7594.0
10465.0
7024.0
6798.5
2796.5
6765.5
6337.0
6668.0
6751.0
6175.0
6050.0
7266.5
5922.5
5114.0
7205.0
8450.0
7970.5
6298.5
5984.5
7335.0
6256.0
6982.0
8192.0
7118.5
6993.0
5787.5
2259.0
7235.0
7187.0
5710.5
6987.0
3047.0
5092.0
7360.0
8798.0
68.0
6557.5
6661.0
10077.0
10682.0
8219.0
6651.5
8741.5
7877.5
5332.0
5721.0
4409.5
7183.5
9137.5
6055.0
7155.0
9226.5
7822.5
5749.0
5736.5
7580.0
6219.5
8055.5
755.5
6840.0
2775.5
7499.0
7727.5
7047.5
6682.5
1951.5
1089.5
6821.5
6970.5
5971.0
7689.0
1533.0
6634.0
6214.5
2943.0
7960.0
7517.0
9054.0
7341.5
1954.5
6240.5
9499.5
4909.5
489.5
9209.5
10248.5
5887.5
6455.0
5862.5
8366.5
6597.0
5477.5
2709.0
8431.0
5788.0
8143.5
8232.5
7575.0
6743.5
6459.0
5249.0
5543.0
5305.5
6409.5
947.0
2123.5
9002.5
7378.5
7803.0
8183.0
8105.0
7419.0
10136.0
4942.5
3182.0
5359.5
9113.5
5386.5
7457.5
7754.5
8838.5
9803.0
6329.5
9311.5
7380.0
7637.0
9046.5
7280.0
12122.5
5224.5
7565.0
1552.0
9215.5
8172.5
6333.0
8079.0
6681.0
13304.5
0
8328.5
7200.5
0
8412.5
7632.0
8872.0
5665.0
6621.5
7952.0
8213.5
6363.0
0
9350.0
7578.0
11039.5
8771.5
9772.0
6892.5
10195.0
8313.5
7655.5
7132.5
7482.5
8255.0
9639.0
9399.5
6057.0
7509.5
10524.5
10921.0
7709.0
8678.0
1941.5
6280.5
5591.5
6581.5
9219.0
8764.0
0
6559.5
8707.0
6955.0
8038.5
4533.0
438.5
8270.5
7287.0
1894.0
6452.5
0
0
8070.0
2810.0
7646.5
7174.0
4856.5
9239.5
9057.5
5727.5
0
6601.5
7426.0
0
6095.0
8527.0
2503.0
7335.0
8042.5
8959.0
8444.0
9892.0
2197.5
10429.0
7186.5
8534.0
6934.5
5710.5
6234.5
8562.0
6083.5
9455.0
6496.5
8022.5
6863.0
7163.5
3633.0
7490.5
6359.5
5735.5
9908.0
9632.5
8065.0
5738.0
8411.5
2233.0
8922.5
11220.0
8036.0
5923.5
11319.0
7105.5
9788.0
6777.5
9016.0
9032.5
7634.5
1050.0
6558.0
5779.0
7183.0
1211.5
11961.5
6476.5
5702.0
6039.5
8217.0
6375.0
7305.0
0
0
6525.0
10444.0
8190.5
8403.0
5779.5
8650.0
7302.5
7882.0
6554.5
3187.5
5530.5
8631.0
10738.0
7416.5
4580.0
6731.5
0
9344.5
6698.0
6184.0
8701.0
8019.5
6028.5
5662.0
0
6806.5
9494.5
7011.0
7496.0
68.0
7423.5
7030.5
0
6854.0
9285.5
7437.5
4641.5
7119.0
6813.0
6143.5
8512.5
8688.5
8451.0
9332.0
8915.5
7906.0
7269.5
9667.5
5883.5
68.0
7890.0
6032.0
7655.0
6250.0
1223.0
7124.5
6466.5
7125.5
5441.0
6675.0
6586.5
10188.5
7440.0
7261.0
13041.0
8760.5
7218.5
11346.0
7535.0
5118.0
7239.0
5714.0
6001.5
5948.5
7459.5
6691.0
3647.5
3195.5
8609.5
10898.5
6425.5
8133.5
7849.5
9426.5
6757.0
7110.5
6222.0
7505.5
13108.5
6138.0
6407.0
7913.5
6543.0
9696.5
8000.0
7750.0
7421.5
7554.5
8682.5
8741.5
6990.5
5775.0
7591.5
6633.5
4773.0
6406.5
5509.0
8196.5
13023.0
6011.0
6122.0
7280.0
6589.0
8239.0
9411.0
7486.5
8953.0
8609.5
12367.5
6548.5
8721.0
7920.0
10593.5
8354.5
6779.5
6676.5
6306.5
6493.0
8837.5
5809.5
1812.0
9370.0
7029.0
8615.5
7341.5
7702.5
7880.5
8719.5
8760.5
9087.5
7247.0
11459.5
5759.0
6938.0
7938.0
5956.0
6421.0
6839.5
5696.0
8772.0
9240.5
9499.0
2013.5
7700.0
10751.0
9004.0
9496.0
9780.5
489.5
8731.5
5190.5
4911.5
5941.0
8058.0
7053.5
6621.5
7922.5
7345.5
7746.5
8280.5
5614.0
9406.0
7982.5
2572.0
9266.5
7946.0
5622.5
9186.0
7319.5
8010.0
9604.5
5467.0
5546.0
8572.0
8481.5
6888.0
7647.0
7318.5
8254.0
8463.5
5088.5
7518.0
7043.5
8659.0
8844.5
6117.5
8214.0
7031.0
10805.5
2957.0
6972.0
7940.0
6225.0
7253.5
9355.0
6744.5
10759.5
7276.5
2519.5
11131.0
8803.0
5891.0
6681.0
5681.0
9708.5
9239.0
6405.5
7810.5
8577.5
2814.0
7166.0
7514.5
5579.5
6966.0
7933.0
2733.5
7852.5
6458.0
7125.0
9079.5
6011.0
8420.5
6794.5
6730.5
8492.5
12493.0
1070.5
8706.0
8081.0
5383.5
7319.0
7680.0
5644.0
7917.5
7460.5
6574.5
5937.0
5696.0
9039.0
5791.0
9974.5
6178.5
6788.5
7887.0
5369.5
7200.5
2924.0
7572.5
9494.5
6787.0
7236.0
1032.0
9338.5
5625.0
10568.0
9099.5
12535.0
10092.0
10838.0
8487.0
7563.5
7133.0
10272.5
6758.5
10336.5
9715.5
8338.5
9431.0
9812.0
7127.5
7985.5
7394.0
8401.5
8212.0
8397.0
7308.5
9245.5
13342.0
7761.0
7313.0
6988.5
7455.5
6478.0
9529.0
7610.5
7583.0
6871.0
7359.5
7748.0
6386.0
10528.5
3592.5
11651.5
471.0
8402.5
2387.0
11141.0
9290.5
9610.0
8219.0
8558.5
6716.5
11813.0
6709.0
8726.5
10153.0
5288.5
6898.5
7754.5
4585.0
3162.0
7004.0
9869.5
9443.0
3956.0
6996.5
8058.0
6940.5
7433.5
9627.5
7508.0
4288.5
10575.0
8718.5
8531.5
10896.0
5913.5
7855.0
0
6054.5
7650.0
2494.5
8836.0
7904.0
7635.5
9441.5
6328.0
68.0
6381.5
6331.5
5971.0
8896.0
10163.5
7440.0
7831.0
8045.5
6646.5
8720.5
6144.0
7911.5
6698.5
7086.5
8291.5
6658.0
0
6438.5
7692.0
8940.5
11568.5
9478.5
5716.0
8433.5
9271.0
3814.0
2239.0
9062.5
11991.0
9924.5
7585.5
6334.0
9484.5
5646.5
7171.0
6953.5
6850.5
1565.5
8233.5
6109.5
5671.0
9983.0
7317.0
8931.0
8158.0
9956.5
8538.5
5218.5
9888.5
10120.0
9410.5
1902.0
7682.0
10459.5
8765.0
11067.0
9634.5
5893.0
7672.0
5456.0
68.0
8059.5
2211.5
7625.0
10883.0
7505.0
6796.0
8165.5
2457.5
7409.5
9156.5
9429.5
7809.0
5963.0
7744.5
12071.0
7355.0
7364.5
7422.0
9676.0
8667.0
12715.0
4668.5
5382.0
9724.5
6088.5
5781.0
5985.0
10377.5
6935.5
12621.0
8031.5
6862.5
9206.5
10175.0
7760.5
7974.0
6931.0
6461.5
6712.0
10139.0
7477.0
8447.5
8883.0
6653.5
6997.5
7510.0
7441.0
10201.5
5187.0
11558.5
5352.0
4728.5
6818.0
10054.0
7466.0
6108.0
6993.5
12047.5
6425.0
6402.5
10924.5
2343.0
6838.5
7222.5
8398.5
0
68.0
7794.0
9765.5
7927.5
8666.5
8998.5
10629.5
9415.0
9278.5
8620.0
11752.5
6237.5
12055.5
6874.5
0
7058.0
4147.5
4082.0
8109.5
9605.0
11729.0
12270.5
2281.5
6293.0
10104.0
6536.0
5702.0
7559.5
8550.5
5682.0
8118.5
9491.0
8137.0
5401.5
8287.5
5792.0
8220.0
8145.5
7370.5
2609.5
8781.0
6924.5
12594.5
7211.0
7470.0
1127.0
9956.5
7763.0
7278.5
5570.5
6118.5
8915.5
5791.0
10902.0
10388.0
8217.0
7326.5
3811.0
8285.0
10196.0
10489.0
6410.0
9429.5
419.5
7418.5
2255.5
7782.5
9249.0
7649.0
7948.0
7073.5
9805.0
3888.0
8282.5
7728.0
5802.0

7920.0
7332.0
6328.0
8641.0
6328.0
8784.0
8600.0
6057.0
8048.0
0
6550.0
7884.0
11142.5
10391.0
1542.0
10542.5
6305.0
8961.0
8442.0
9377.0
6534.0
6925.0
8378.0
7125.0
7843.0
8419.5
9423.5
7911.5
8392.5
7660.5
9655.0
7399.0
11978.5
4797.0
10546.5
11872.0
10950.5
7423.0
8485.0
10213.0
10265.5
6589.5
5937.0
7181.5
7939.0
6263.5
8357.5
12352.5
9444.0
5560.5
9287.5
8231.0
6098.5
8111.0
9485.5
9532.5
7822.0
8352.5
1868.5
6656.5
5409.0
9886.5
9061.5
9759.5
3447.5
13290.0
7953.0
13234.0
6422.0
7815.0
7824.0
7610.5
7443.5
10762.0
6522.5
4529.5
8029.0
12398.0
10439.5
7651.0
6096.5
7202.0
8681.0
6587.5
6971.0
4906.0
11351.0
4774.5
8904.0
6963.5
8754.0
8278.0
8326.0
10774.5
9583.0
5370.5
9979.0
7511.0
11945.0
10248.0
7891.0
7396.5
4236.5
6084.0
7900.5
8983.5
6784.5
11850.0
3718.5
10700.5
9160.0
2371.0
7829.5
8139.0
9487.5
4045.5
10101.5
10487.0
10672.5
6067.5
7436.0
8146.5
10900.0
9121.5
7508.5
7175.5
6491.0
6401.5
8826.5
9386.5
11152.5
6248.0
8039.0
7597.5
10369.0
8959.0
6834.5
8999.5
8460.5
5845.5
7997.5
9994.0
7015.5
10196.5
10222.5
8485.0
11969.0
10185.0
9037.0
9925.0
11046.0
8408.0
10378.0
7374.0
10509.0
6335.5
10047.5
8739.0
7692.0
10694.5
12371.0
6323.5
10445.0
7533.5
5489.0
2217.5
10252.0
8569.5
736.0
11931.0
12029.5
6144.5
6958.0
5730.5
9377.0
4579.0
9011.0
9879.5
7331.5
9470.0
6622.5
8544.5
10232.5
6323.5
7346.0
6452.5
12477.0
7764.5
7466.5
6268.0
7112.5
13448.5
6443.0
10084.5
771.0
8805.5
8342.5
9456.0
6817.5
7930.5
11112.5
10502.5
7130.5
7659.0
9382.0
12855.0
8529.5
7883.0
12771.5
7043.0
10422.0
6819.0
3295.0
8676.0
9090.5
5468.5
6392.5
7966.5
9938.5
7505.0
11154.5
6034.5
5710.5
10195.0
10588.0
5728.0
4764.0
10916.5
8736.0
9463.0
13095.5
7043.5
8656.5
6889.5
5452.5
8331.5
6867.0
8353.0
5995.0
9236.0
4586.0
10214.5
8276.0
6034.0
11175.5
9879.0
8879.0
7783.5
4640.5
8425.5
9533.5
10043.0
8336.0
8088.5
6478.0
10076.0
7442.5
1317.0
6026.5
7657.0
11093.0
10214.0
8622.5
12691.0
9573.0
6503.5
10755.0
8504.5
7034.5
6862.0
7217.0
438.5
7034.5
10859.5
7964.5
8697.0
8195.0
7583.0
7325.0
8961.0
9077.5
7625.0
8010.5
9601.0
5868.5
5759.0
5118.5
6679.5
6873.5
8394.5
9888.0
2265.0
6246.0
6166.0
11061.5
8305.0
7219.5
6547.5
6903.5
8670.5
8882.0
8150.0
4997.5
8074.0
9348.0
9127.5
10098.5
7350.0
11628.5
6613.0
11973.0
6518.5
2550.5
9160.5
10865.5
5915.5
6074.0
6075.5
6687.5
2757.0
8400.0
10277.5
11053.5
1512.5
1070.5
0
8006.0
8530.5
9955.0
7493.5
6473.0
419.5
9057.5
9381.0
7317.5
10773.5
10820.0
8969.0
5552.0
6192.5
8162.0
6721.5
3623.0
6023.0
4924.5
8780.5
1904.5
10278.5
6848.5
7479.0
11183.5
8850.0
7986.5
4949.0
9212.0
6669.0
7737.0
6275.5
6188.5
7946.5
11077.0
12759.0
9918.5
9222.5
11049.0
8167.0
10237.0
12424.5
1200.5
10425.0
0
6946.0
10686.0
6183.0
7235.5
9554.0
9906.5
1590.0
12461.5
9201.0
7368.5

6334.5
6467.5
10361.5
5355.5
11604.0
7970.0
7285.5
9199.0
10739.5
1148.0
11224.5
5757.5
9811.5
7801.0
9051.0
5766.5
6792.5
5672.5
10643.0
11419.0
11813.5
12832.5
11455.0
11143.0
8183.0
6486.0
4279.0
6361.5
1991.5
12398.0
10654.0
10686.0
9645.5
6153.5
4051.0
7350.0
10757.0
7358.0
7831.5
8684.0
8297.5
8723.0
7319.0
9946.0
8961.5
10911.5
2862.0
9980.0
6811.0
8133.0
2560.0
10353.5
8223.5
10569.5
7341.0
7559.0
5420.5
5683.0
11370.5
10010.0
6514.0
9744.0
4977.0
1494.5
8234.5
9032.5
6412.5
5922.0
7938.0
8108.5
8680.0
9392.0
7880.0
10366.5
9849.5
6141.0
2188.5
2944.5
3309.5
10546.5
1866.0
7523.0
8978.5
7995.0
6968.5
4063.0
10352.0
10144.5
11015.5
0
8266.0
8670.0
11990.0
9285.0
2600.5
9600.0
8585.5
4964.0
7700.5
9352.5
8919.5
7989.0
7963.0
14428.0
8078.0
12365.5
8079.0
11124.0
9016.5
8183.0
12358.0
6666.5
8421.5
8976.0
10366.0
11166.5
7610.0
10870.0
14180.0
10551.5
8540.5
10408.5
12359.0
12872.5
8531.0
11990.5
10738.0
6777.5
10705.0
2620.5
10063.0
10193.5
9280.0
10241.0
8555.0
6380.5
5611.5
11435.5
8564.0
8402.5
10160.5
6513.5
478.0
9535.0
0
6063.0
10678.0
10637.0
5045.0
10857.5
9684.0
10084.5
14106.0
10699.0
12397.5
12741.5
11109.0
7268.5
11952.5
10975.5
1408.5
7866.0
10462.5
8533.0
6795.0
7397.5
9253.5
10331.5
10075.5
9241.0
11012.5
7533.5
7353.5
4547.5
7220.5
10126.0
12923.0
8853.5
8767.0
9571.5
4201.0
10608.0
8827.0
6407.0
0
10199.5
5890.0
8414.0
12570.0
3142.5
1830.0
8500.5
11971.0
10992.0
6296.0
6708.0
2211.5
6591.5
8312.5
6538.5
9049.5
5202.0
10113.5
7824.0
7818.0
11122.5
7333.5
8852.0
10219.0
12814.5
11396.0
5783.0
6442.0
7272.0
11172.0
5422.5
4110.0
7773.0
7568.0
9823.5
12598.0
8123.0
10065.0
8927.0
10593.0
8637.5
5617.5
8874.0
11653.5
6147.0

8081.0
12426.0
8171.0
6461.0
5505.5
6719.0
9779.5
5419.5
3922.5
12605.0
10466.5
11979.5
5681.0
9922.5
11018.0
9927.0
7733.0
7725.5
0
5664.5
6525.5
2330.5
11896.5
2885.0
8896.0
13484.5
6669.0
7012.0
6916.5
2906.0
10666.0
10509.5
5641.0
10534.5
8284.0
11399.5
8267.0
9699.0
7000.5
7604.0
8662.5
11292.0
6979.0
11547.0
9405.5
4752.0
5420.5
10331.0
10128.5
8054.0
10604.0
8414.0
7144.0
4218.0
12957.5
3160.0
11564.0
13272.0
10717.0
5024.0
8729.5
6556.5
9130.0
4497.0
9855.0
7414.5
10132.5
9456.0
11115.0
14174.5
11059.5
10060.0
13172.5
7028.5
6940.5
10357.0
8315.0
11823.5
10557.5
10585.5
9716.5
10179.5
11127.5
9308.5
10642.0
8980.0
5812.5
6808.5
7327.5
10534.0
10496.0
13391.5
7891.5
10870.0
11604.0
10262.0
10583.5
5741.0
8198.5
7462.5
13251.0
8794.5
10123.5
10223.5
11119.0
10059.5
6557.0
10832.0
9067.0
5564.5
10541.5
10190.5
9381.5
10158.5
5840.5
11068.5
10660.5
6661.5
8743.5
7967.0
10072.5
10190.5
9880.5
10476.0
10678.5
7202.0
8853.5
6563.0
8839.5
9404.0
10950.5
10064.0
1033.5
8250.0
7684.0
12443.0
9121.5
12534.5
13323.5
11765.0
11185.5
10587.0
7361.0
0
11144.5
14086.0
11826.5
13307.5
8390.0
12746.0
10585.5
6090.0
6590.0
11996.5
10565.5
9915.5
11203.0
10564.5
10763.5
5117.5
7918.0
10304.0
2081.0
7481.5
0
12699.0
11687.0
10628.0
12004.5
1419.0
10643.5
8167.0
12641.5
10859.0
0
5106.0
7938.0
5429.0
8404.5
7545.0
8893.0
9518.5
7836.0
5384.0
10379.0
10953.0
12313.0
10897.5
11184.5
9664.0
10207.5
10882.5
10904.5
9228.5
6651.5
0
2381.5
12010.0
10371.5
7443.0
9020.5
12890.5
12538.0
7634.5
9324.5
7286.0
6610.5
7976.0
4364.0
11052.5
2478.0
7633.0
10565.5
7754.0
10954.0
8069.0
10103.5
6798.5
7221.5
10570.0
10568.5
10133.5
0
4502.0
10115.0
10499.5
5822.5
10340.5
7133.0
7424.5
6737.0
7466.0
12941.0
9285.0
11567.5
11791.5
8928.0
6854.0
8917.5
11482.0
10163.5
10944.0
6055.0
8384.5
10725.0
10439.0
8017.5
12246.0
4609.0
9907.0
12857.5
10964.5
8232.0
8916.5
6070.0
115.5
7575.0
1208.0
11434.5
10436.0
5670.5
12853.5
10053.0
10504.5
9447.0
10099.0
12322.0
7729.0
8253.0
2277.0
5790.5
10885.0
11176.0
9029.5
7683.5
9551.0
12082.0
4415.0
10675.0
6025.0
5645.0
9000.0
10148.0
3087.5
12079.5
8942.5
8647.0
7534.5
8255.5
14995.0
419.5
11116.0
11431.0
5417.5
11004.0
9480.0
7239.0
2088.0
11430.0
9548.0
6552.5
10652.5
7539.5
6999.0
8866.5
4237.0
11606.0
8038.5
8667.0
12136.0
11855.5
11312.5
10468.0
12315.5
10317.5
11759.5
10312.5
7536.5
6883.0
10191.0
8052.0
1536.0
11867.5
10621.5
11117.0
10627.0
7190.0
9678.0
7860.5
10668.0
11832.5
7652.0
7718.5
8459.0
7334.0
8616.0
4290.0
11626.0
9927.5
5169.0
4812.0
10364.5
7814.5
9755.5
11413.5
4800.5
11306.0
14222.0
11425.0
11574.0
7895.5
11874.5
9189.0
12169.5
8576.5
11136.5
7930.0
11040.0
9233.5
7267.0
6123.0
11914.0
12187.5
13103.0
9533.0
8273.0
8887.0
8354.0
11733.0
6945.5
10558.5
11228.0
1104.0
8958.0
12422.5
10127.5
8224.5
9980.5
3276.5
9640.5
126.5
11339.0
7552.5
7165.0
7967.0
10110.0
7257.0
6496.0
12494.0
8092.0
13017.0
11982.0
9495.0
7575.0
10145.0
11221.5
12946.5
2812.5
12585.0
11539.0
12594.5
9360.5
10936.0
5866.0
10200.5
7888.5
11399.0
5650.0
13650.5
9608.0
7534.0
9843.0
13070.5
8911.0
10182.5
1512.5
4929.5
12404.5
13067.5
7794.5
4473.0
11177.0
5481.0
7850.0
10952.5
8461.0
10935.5
9570.0
12475.5
11125.0
8358.0
10207.0
9492.0
14647.5
12016.0
10148.0
10202.5
5206.5
11455.5
12980.0
6178.5
10474.5
11461.0
12723.0
7349.0
11449.0
11972.0
7992.5
4699.0
10695.5
7481.0
14034.0
11766.0
10871.5
11448.0
11915.5
12154.5
11426.0
1003.5
7052.5
12142.5
10209.0
10552.5
10995.0
10293.0
10498.5
10947.0
11000.5
6336.5
10967.0
11654.0
9973.5
7892.5
5728.0
10976.0
13281.0
13299.0
6779.5
7522.5
7476.0
6980.5
13625.0
10104.0
11824.5
12547.5
6905.0
10557.5
12228.0
10939.0
12579.5
8483.0
11667.0
10116.5
13952.0
8377.0
9253.0
7311.5
5252.5
11116.5
12630.0
6935.5
13321.0
11448.5
11261.0
10759.0
12874.0
5249.0
6248.5
9674.0
10020.5
8855.5
7964.0
12496.0
10541.5
6341.0
8908.5
11445.0
10405.5
11009.0
13668.5
9533.0
13070.5
68.0
6875.0
9785.0
6756.0
13956.0
9109.5
8651.5
3055.5
6687.5
5605.5
10801.5
7887.0
6141.0
5568.0
13513.5
10500.0
10039.0
13366.5
12012.0
9830.5
11910.0
8685.5
7836.0
12992.0
8809.0
10989.0
4698.0
10020.5
7397.5
10113.0
11076.5
11400.5
10587.5
5146.5
8532.5
9793.0
7385.5
12456.0
7867.0
12750.0
11002.5
5813.0
11725.5
8956.5
9400.0
11384.5
9731.5
6687.0
8528.5
9785.0
11029.5
9400.0
6321.5
10220.5
12898.0
11928.0
11458.5
7297.5
10011.5
7326.5
7405.0
6604.5
6151.5
12369.5
9203.5
9988.0
14244.5
8384.0
13360.0
7498.0
0
8833.5
10160.0
9288.5
8671.0
11079.0
2474.5
10161.5
7493.5
9222.0
12398.0
11863.0
8154.0
1156.5
419.5
10035.5
8751.0
9986.0
11514.5
7146.5
9351.5
7713.5
12530.0
9178.5
6264.5
12869.0
13152.0
11368.0
9000.5
7356.0
5790.5
6766.5
6401.5
10604.0
10985.0
5847.5
9846.5
13677.5
478.0
8335.5
10983.0
10018.0
3605.5
5178.5
5446.0
8460.5
1941.5
11057.5
10927.5
716.0
12276.5
8815.0
9654.0
12141.0
7850.5
7698.5
10701.0
11837.5
2686.5
11433.5
11412.0
12560.0
12574.0
2997.5
10233.0
11688.5
13258.5
6773.0
14477.0
5791.0
8709.0
9627.5
6107.5
11414.5
12331.0
3853.0
12022.0
8478.5
2758.0
6401.0
7556.5
9830.0
11442.0
11450.0
13686.5
5333.0
12986.5
424.0
0
8247.5
10168.5
11266.5
6334.5
7842.0
11129.5
6087.0
10548.0
10670.5
9195.0
11550.0
8040.0
11862.5
9966.0
5550.5
12421.0
11241.0
10644.5
10395.0
10555.0
12789.5
9773.0
13153.5
9688.5
7638.0
7630.5
5490.5
13461.5
10584.5
9949.0
13548.5
13907.5
9306.0
6476.5
8596.5
5909.5
8161.5
5295.5
12089.5
5092.5
9822.0
13531.5
9814.5
10014.5
7491.0
5829.0
11342.5
12409.5
9102.0
8822.5
7857.0
10616.5
10148.5
11392.0
7900.0
10026.5
6387.5
10999.5
6111.5
9124.0
8777.5
8902.5
12570.0
8079.5
7366.5
6480.5
7019.0
10541.0
6824.5
2273.5
1441.0
10126.0
14178.0
13918.0
6864.5
7921.0
7596.5
6491.5
10583.5
11031.5
13363.5
10351.5
5453.0
6479.0
4919.5
5280.0
8541.5
13337.5
13308.0
10258.0
8019.0
11556.0
6683.5
11409.0
3112.0
11484.5
11798.0
11580.0
3239.0
1811.5
7758.5
13586.0
9036.5
9389.5
10232.0
7578.5
9983.0
5576.0
4329.5
7386.5
7786.0
9885.0
13822.5
8922.5
10622.5
13824.0
13907.0
11759.0
10494.0
1829.5
7114.0
11110.5
7547.5
11714.0
12997.0
6561.5
10313.5
8792.0
11849.0
12206.0
10049.5
10132.0
11096.5
13035.0
10831.5
7606.5
9257.0
10670.0
10202.0
5509.0
11203.0
8647.5
6605.0
7182.0
6572.0
11518.5
11810.5
1480.5
12335.0
6256.0
10320.5
11106.0
10052.5
12504.0
14450.0
12873.0
13183.0
13294.0
5515.5
10559.0
5400.5
11446.5
9235.5
13530.5
11259.5
8613.5
13957.0
11910.0
8703.0
471.0
10437.5
7964.0
12989.5
11839.5
14207.0
8907.5
6934.5
4421.5
6867.5
7231.0
12694.0
3112.0
7115.5
13171.0
12068.0
7438.5
8660.0
12290.0
6456.0
11463.0
478.0
13216.5
8126.5
478.0
5683.0
12801.0
5069.5
10998.0
12305.5
0
6851.0
7414.5
9094.5
438.5
12166.5
138.0
12947.5
12159.5
8543.5
9955.5
12947.5
10739.5
10160.5
7165.0
9856.5
11413.0
9235.0
12485.0
10254.0
5368.0
12475.0
10857.0
11191.5
12687.0
5881.5
11474.5
4990.5
5334.5
3165.0
10989.5
13090.0
10087.0
5083.0
10660.0
12179.0
14016.5
13196.0
13676.5
11079.5
10301.0
5414.5
11267.5
8625.5
7492.5
8012.5
12887.0
7716.0
4025.0
3618.0
10254.5
11716.5
9646.5
8178.5
10363.5
14586.5
5334.5
11415.0
9704.5
7763.5
11912.0
7514.0
12208.5
10986.0
5499.5
11873.5
5450.5
12008.5
7203.0
13685.5
5697.5
12823.0
9089.5
1760.5
7458.0
10104.0
13259.0
11183.0
2274.5
10718.0
11786.0
8492.0
14390.0
12432.0
7881.0
5176.0
10990.5
11835.0
8504.5
12924.5
13400.0
13444.0
2930.0
10463.5
13478.5
11820.5
7069.5
12523.0
4713.5
6942.5
13895.5
13124.0
8683.0
12616.5
2236.0
1486.5
14303.0
6951.5
10240.5
11052.5
11537.0
10142.0
7932.5
8483.5
8024.0
11943.0
10335.5
10557.5
10289.0
10870.0
11874.5
6503.0
13177.5
10267.0
5808.5
14156.0
10567.0
10118.5
7459.0
11160.0
7474.0
11117.0
10229.0
13706.5
5536.5
5865.5
11559.5
11741.0
6853.0
11726.0
12633.0
7576.0
12164.0
8800.5
7834.5
10098.5
12377.0
7238.5
11177.0
11890.0
8557.0
8882.0
10763.0
2944.5
12043.5
8383.5
7389.5
7421.0
7434.0
12939.0
10145.5
10441.0
10606.5
12681.5
12432.5
3179.5
11400.0
0
13476.5
13894.0
9090.5
10629.5
11307.5
11823.5
7188.0
8238.5
13444.0
10231.5
13060.5
2098.0
6289.5
7312.5
12405.0
10070.5
11034.5
6151.5
11712.0
13496.5
10007.0
11833.0
10138.5
10492.5
10518.0
9909.5
6314.5
4567.0
10219.0
9772.5
5031.5
13244.5
10684.0
13521.0
10986.0
8647.0
9523.0
7032.5
12500.5
7026.5
11492.5
10194.0
11551.0
2866.0
12122.0
12849.5
12373.0
7264.5
13621.5
10073.0
9325.5
7874.5
12923.5
4903.5
11525.0
9116.0
7264.5
10360.0
7321.5
7725.5
6477.0
11468.0
2216.0
438.5
68.0
10832.5
5162.0
10603.0
8903.0
10220.0
11288.5
15848.5
9293.0
13046.0
4734.0
9916.0
6650.0
12802.0
10293.5
2854.0
9436.5
11922.0
11013.0
5717.5
11643.5
13470.5
2847.5
11235.0
6150.0
2883.0
12591.5
7275.5
11240.0
8248.5
8182.0
6295.5
4885.5
6512.0
8843.5
12462.0
11052.0
10103.0
12583.5
68.0
5808.5
13256.0
7902.5
1122.5
2606.0
7265.0
10805.5
13082.0
10086.0
5476.5
5257.5
11452.5
10829.0
8780.0
6524.5
6357.0
6235.5
11632.5
9300.0
10493.5
2995.0
12137.0
13034.0
5496.0
13416.5
10456.0
11362.5
10673.0
7825.5
8977.0
10064.5
11956.0
6627.0
9873.0
12103.0
7064.5
6811.5
9710.0
8130.5
10646.5
9667.0
0
8037.5
11369.0
7639.5
10353.0
6028.5
10098.5
11040.0
11425.0
752.5
8676.5
7825.5
10080.0
7222.5
8014.5
7884.5
10544.0
8071.5
11558.5
6267.5
13012.0
4571.0
7684.0
7195.5
9916.5
12314.0
10271.5
829.5
3405.0
10756.5
5294.5
10056.5
3662.0
7703.0
9934.0
11967.0
12760.5
11564.0
11916.0
11511.0
8356.5
12216.5
7269.0
9271.0
9464.0
10984.5
7227.5
10814.5
12346.0
13218.0
11209.0
8351.5
11172.0
12762.5
12946.5
6949.5
11171.0
5329.5
10442.5
6909.0
11889.0
10114.5
10482.5
6814.5
13294.0
11507.0
11068.0
12758.5
13939.0
4489.5
9890.0
10971.0
6553.0
10571.0
13754.0
6514.0
3311.5
5310.0
11109.5
12573.0
10213.5
10288.5
11212.0
13099.5
11927.0
4854.5
12379.5
8749.0
68.0
6515.5
11316.5
10851.0
126.5
5611.0
7328.0
7451.5
5384.5
2987.5
10061.0
11916.0
8024.0
8572.5
8815.5
5736.0
6754.0
10512.0
5734.0
13323.0
11857.0
10595.0
6978.0
9586.0
11435.5
6533.5
11638.5
5457.0
9705.5
10665.0
13146.5
11457.0
12231.0
12228.5
10195.5
10226.0
10089.5
11831.0
8330.0
14976.5
12816.5
10165.5
2389.0
2901.5
2940.0
11789.5
5381.5
10173.0
11799.0
7489.5
7043.5
9770.0
10817.0
9602.5
10389.5
10677.5
13018.0
11854.0
2696.5
1883.5
11831.0
2723.5
2220.0
10834.5
11974.5
11533.5
10073.5
7826.5
9174.0
13436.5
9133.5
9612.5
13075.5
10569.0
12856.5
7164.5
9788.0
1555.5
6921.0
11105.0
14780.5
0
13020.5
7426.5
7970.0
8155.5
8065.0
7401.5
7952.5
10705.0
10817.0
10580.5
11901.0
9608.5
10611.5
13325.5
12480.5
10128.5
8814.5
7976.0
4288.0
791.0
4498.0
10965.0
11055.5
10304.5
15310.5
13596.5
10628.5
9712.0
9655.0
10908.5
10199.0
12794.5
2094.0
3293.0
10608.0
13190.5
2254.0
12460.0
10857.5
5649.5
7569.5
13070.0
14644.5
6690.0
1864.5
10498.5
12697.5
10674.0
10994.0
11150.5
12878.5
10272.0
11875.0
6553.0
12641.0
12813.0
0
10051.0
3362.0
13938.5
5752.5
7953.5
5475.5
6289.5
12001.0
5475.5
6352.0
10128.5
8858.5
7066.0
8633.0
9036.5
12533.0
5610.5
13504.0
10183.5
11578.0
5763.5
13444.0
13894.0
789.0
8314.5
1883.0
8363.5
12348.5
6746.5
8519.0
8767.0
5476.0
7161.5
10787.5
8849.5
6719.5
5545.5
11775.5
13148.5
12992.5
126.5
12458.5
5906.0
5045.0
10877.5
10496.5
10819.5
13514.5
5931.0
12270.0
5897.5
10134.0
10052.0
2608.0
7830.0
12738.0
6458.5
11094.5
0
12009.5
11700.5
401.0
7898.5
1142.0
11012.0
5438.5
6390.0
12518.0
12712.5
8140.5
5202.5
7744.5
13212.5
9415.5
138.0
12922.5
11877.0
8567.0
11698.5
13825.0
10504.5
11910.0
1512.0
10931.0
14580.0
6336.5
11942.0
11048.0
12093.0
10194.0
6251.5
11487.5
13233.5
12804.5
11185.5
11038.5
6162.0
12816.0
0
5939.0
2332.0
7942.5
2181.0
10682.0
7376.0
2198.5
11389.5
5462.5
6297.5
4535.5
13058.0
10947.0
10294.0
12619.0
14144.0
10938.5
2149.0
9720.5
10678.0
13386.0
12006.0
13422.0
9620.0
12385.5
11843.0
12221.5
8902.0
12944.5
4951.0
5805.5
12261.5
10211.5
12545.5
13264.0
5385.0
6516.0
12355.5
10765.0
6072.5
5030.5
10537.0
15023.0
11806.0
14135.0
11444.5
10447.5
11453.5
12462.5
13233.5
12817.0
15240.5
10158.5
13023.5
6907.5
10965.0
15215.0
11342.0
8269.5
10993.0
7961.5
10997.0
7260.0
5655.0
12899.5
13216.0
11045.0
9942.5
12977.5
11237.5
12828.0
5891.0
7960.0
12904.0
10654.5
13448.5
13895.5
10045.5
10217.5
13353.0
12194.0
12779.0
10137.0
11437.5
14263.0
10825.5
14749.0
10959.0
12312.0
10586.5
12465.0
0
8428.0
5521.0
12384.0
12021.0
11480.0
12310.5
2254.5
13041.0
13148.5
7900.0
10772.5
11025.0
13166.0
2311.0
14556.0
6195.5
13885.0
12995.0
11507.0
6884.0
12908.0
7835.0
5031.5
13442.0
13219.0
13726.0
12679.0
13075.0
13034.0
6066.5
13834.0
9180.0
10528.5
13212.0
6013.5
5221.0
68.0
12228.0
10151.0
14253.0
6650.0
6052.5
2255.0
10092.0
12866.5
13258.0
11141.5
1515.0
10561.5
13292.0
13519.0
10092.5
10297.5
5830.5
11932.5
12784.0
1532.5
4453.0
2605.0
9126.0
12977.5
8625.5
6534.0
11854.0
8527.0
13189.0
7921.0
10148.0
6666.0
11789.0
3909.0
438.5
2976.0
6057.0
4994.5
6082.5
12338.0
14571.5
13519.0
0
5570.0
10455.0
11018.5
68.0
1864.0
2254.0
10627.5
10525.5
11664.0
10065.0
11612.0
11895.0
5460.5
13339.0
12605.0
2500.0
13093.5
7179.0
13961.5
8364.0
14212.0
14130.0
10525.0
10188.5
11857.5
10958.5
10984.0
7468.0
3309.0
13838.0
11207.0
3353.5
12098.0
11411.5
11547.5
5612.0
13181.5
13150.5
10543.0
11858.5
6791.0
10207.5
11870.0
3271.5
3680.0
10832.5
5521.5
10073.5
5458.0
10075.5
10216.5
11459.0
14605.0
12831.5
13398.5
13358.5
12536.5
3661.5
10379.5
12799.0
7180.0
13644.0
12166.5
11022.5
14898.0
11026.0
10185.0
11065.5
9479.0
11019.5
10516.0
12440.5
12956.5
11360.5
0
8911.0
8791.0
14660.5
9901.5
11789.0
12827.5
12351.5
12120.5
10272.0
9307.5
11623.5
12360.0
13383.0
13221.5
13565.0
10360.0
12368.5
7078.0
3431.5
10517.0
12753.0
13131.5
12677.5
14310.5
13471.5
10251.5
68.0
5263.0
12326.0
12952.5
13318.0
11313.0
10984.5
5610.5
6203.0
12539.5
11770.0
3275.0
10511.0
6477.5
471.0
2643.5
12426.5
12838.5
10958.5
13234.5
6403.0
11866.0
14000.0
13233.5
2221.5
10929.5
419.5
5213.5
11882.0
6238.0
12862.0
12504.0
13465.5
8244.5
13696.0
6698.0
2294.0
10647.0
7867.0
2042.5
0
9158.0
6496.5
12674.5
13692.0
12628.5
2683.5
11460.5
5453.5
6659.5
10042.5
10616.0
13185.5
11043.0
3607.5
13976.0
138.0
13930.5
14225.5
13372.0
401.0
1903.0
13481.0
10549.5
12832.5
11559.5
11185.0
13314.5
11366.0
13667.0
13299.5
401.0
13028.5
13593.5
11957.0
10078.5
10308.0
13113.0
10689.5
9627.0
11437.5
3594.5
12833.5
12412.5
8220.5
6287.0
12104.0
5533.0
12865.0
12555.0
4773.5
6162.5
12963.5
12024.0
9427.5
12981.0
13515.0
11866.5
11114.0
13185.5
12997.5
10328.0
10655.0
13524.0
11998.5
11020.5
11451.5
12393.0
13390.0
3473.0
11641.0
13631.0
11263.5
6985.5
13621.0
12940.0
11956.0
1527.0
12677.0
2762.5
13336.0
68.0
14867.0
13315.0
13243.5
68.0
0
11398.5
13659.5
12811.5
13517.0
13222.0
12774.5
5018.0
5486.0
12803.0
11833.5
12358.0
15523.0
9569.0
0
3090.0
10064.0
8182.0
10977.5
13218.5
2292.5
6784.0
13324.5
6736.0
3675.5
10927.5
6785.5
11589.5
12960.0
10367.5
6536.5
8940.0
10265.5
15441.5
5350.5
5412.5
12829.5
12892.0
13681.0
12414.0
13120.0
1904.5
5847.5
10445.5
10413.0
12280.0
5866.0
1550.5
10505.5
2292.0
11426.5
10505.0
6794.5
13757.5
12143.0
10751.5
10512.0
7923.0
12887.5
12844.5
13010.5
12806.5
13260.0
4853.0
7460.5
6438.5
10978.0
10554.0
11838.0
9452.0
5828.5
12456.0
12916.5
10590.5
5032.5
6953.5
13737.0
489.5
13476.5
12806.0
13114.0
13135.5
11490.5
5992.0
4386.0
1192.5
12909.5
10954.0
2605.0
11709.0
11458.5
12058.0
10509.0
5448.5
11889.5
12987.0
12822.5
12720.5
10122.0
3271.0
11178.0
13207.0
790.0
6261.5
12687.5
10636.5
13781.5
8055.5
13750.5
12997.5
13799.5
10997.5
3595.0
11397.0
4937.5
4698.0
10460.0
10937.0
12755.0
13438.0
12812.0
13617.5
13782.5
0
13113.5
14162.0
9334.0
12907.0
11863.5
12780.0
10979.0
5314.5
12811.5
11018.0
7219.0
7300.5
10973.0
10856.5
12717.5
7320.5
7939.0
14759.5
10662.0
12848.0
2882.5
7457.0
11911.5
5069.0
6104.0
1161.0
9292.0
10265.0
11918.0
11061.5
10060.5
11035.0
12708.0
7534.5
6418.0
12774.5
13091.0
14812.5
14340.0
12132.0
6826.5
6758.5
1404.5
11055.0
13308.0
3344.5
0
11636.0
7502.0
12690.0
7996.0
1882.5
13025.0
9449.0
6351.5
7230.0
12405.5
8486.0
10173.5
11007.0
11887.5
12892.0
11365.0
13872.0
12074.0
10994.5
5847.0
12573.0
11392.5
10053.0
7948.5
10411.5
11507.5
2296.5
12911.0
14073.5
13386.0
13608.0
13752.5
6163.5
7536.5
5471.5
6020.0
2255.0
10334.5
12335.5
11403.0
13379.0
13468.5
13799.0
4257.5
12765.5
10706.0
13023.5
13522.0
5551.0
13953.0
13386.0
14115.0
12257.5
10223.5
5903.5
12998.5
6516.0
11550.5
12962.0
6792.0
12822.5
12254.0
13026.5
10226.5
12352.5
6413.0
9053.5
12025.0
5683.5
10533.5
13262.0
6200.0
13396.5
13104.0
13426.0
11973.5
11853.0
9007.5
11386.0
13503.5
14149.0
6852.5
10651.5
10522.5
6855.5
11679.0
12328.5
5301.5
6493.5
10062.5
10272.0
5275.5
13040.0
13623.0
12331.0
13986.5
6047.0
11461.5
10112.5
10109.5
10657.5
11896.0
11012.5
14629.5
13091.5
12018.5
10203.0
11453.0
8894.0
10298.5
7458.5
7607.5
6457.5
10970.0
13808.5
13144.5
13912.0
10496.0
10074.5
7116.5
10187.5
10574.5
11881.0
13931.0
12705.0
8796.5
13202.0
7003.0
1141.5
5334.0
11014.0
11716.0
11343.0
5348.5
13084.0
13518.5
68.0
12818.0
13611.5
9503.5
10453.0
13965.0
14130.0
3262.0
5087.0
11060.5
13626.0
11573.5
13464.5
13969.0
13303.0
11478.5
10979.5
10142.0
5381.0
8402.0
11647.0
12126.5
10700.5
14138.0
10135.5
13144.0
6561.0
10140.5
6462.0
3428.5
2615.0
10493.5
13435.5
13508.0
12370.0
13317.5
11424.0
11514.5
13790.5
4773.0
5806.0
13004.5
11440.5
9805.5
10960.0
12997.0
11275.0
10142.5
8976.5
12876.5
10389.0
10504.0
478.0
13499.0
0
15357.5
13878.5
12280.0
10663.0
12642.0
13019.0
13954.5
1141.5
3670.5
10769.5
8815.0
8665.0
12106.5
12872.5
12459.0
0
2939.5
13609.5
12800.5
10067.5
8561.5
8808.5
13967.5
1073.5
12275.5
7633.5
10742.0
11551.5
12956.0
12141.5
10236.0
7067.0
13112.5
13377.0
10415.0
11870.5
9827.5
13595.5
10117.5
13158.5
10062.5
13693.5
11053.0
12621.0
14662.0
13593.0
860.0
5795.0
12453.5
12884.0
13202.5
11858.0
6701.0
1312.0
13664.0
13303.5
10775.0
14415.5
11001.5
12391.0
10020.5
11184.5
12189.5
13501.0
12019.5
6042.0
12826.5
13527.0
13702.0
13806.0
12255.5
4886.5
2960.0
11753.5
12777.0
14165.0
10573.5
10909.5
6943.5
1193.0
11858.0
12809.5
13320.0
12237.0
12790.0
12862.5
10914.0
4347.5
6060.5
12882.5
13236.5
13226.0
10624.0
13345.0
12314.0
13317.0
11753.5
14272.0
11423.0
10807.5
11687.5
10125.0
10199.0
10663.5
14013.0
4792.0
1564.5
12889.0
6515.5
13699.5
11196.0
6852.5
11397.0
5105.0
7383.0
11537.5
12358.0
10951.5
13687.5
10046.0
4154.5
11423.0
13905.5
11494.0
13170.5
6183.0
12059.0
10522.0
6590.5
11018.5
12066.0
10071.5
13376.0
3065.5
14880.0
5974.5
10358.0
126.5
11312.0
10610.0
10963.5
10554.0
6489.5
0
11064.0
13270.5
10960.5
4804.0
10555.5
6144.0
11010.0
10964.0
12470.0
12602.0
5822.5
10570.5
11419.0
12007.0
11104.0
13849.0
6383.5
10107.0
12960.0
12744.5
4736.5
11478.5
10169.5
12284.0
11082.5
15431.5
13299.0
8441.0
7534.5
11881.5
13132.5
13088.0
11538.0
11191.0
10934.5
11014.5
11535.5
6608.0
8274.0
12649.5
13799.0
11834.0
13283.0
13242.5
0
6047.5
2343.5
6578.0
10823.5
14981.5
6337.5
10124.5
12831.0
11260.5
12879.0
11888.5
13054.0
13134.0
4013.5
13365.5
5870.0
14003.5
13348.5
11049.5
12592.5
11677.0
10643.0
8257.0
13621.5
14786.5
12877.5
5067.5
14524.0
12646.0
13286.5
13961.5
3387.5
12463.0
13980.5
12856.5
8526.5
16431.0
12942.5
0
7078.5
8346.0
14411.0
10074.5
13096.0
12475.0
7422.5
12261.5
12732.5
11916.5
12785.0
12305.0
10220.0
10739.5
10126.5
2864.0
6496.5
10656.5
13420.0
7030.5
13479.0
0
10076.5
12792.5
10942.5
6525.0
8489.0
11947.0
11858.5
11033.0
13236.5
5632.0
13750.5
4509.5
13446.5
12800.5
0
13475.5
13786.5
6270.5
6958.0
12128.0
12839.5
6613.0
0
7742.0
10568.5
10933.0
10132.5
7286.0
13737.5
11873.5
13158.0
13718.5
14419.5
12377.5
13323.0
3046.5
13432.0
12309.0
10163.0
12140.0
10055.5
13165.5
11933.0
10085.0
12789.5
5403.5
10610.0
861.0
12938.5
0
15708.5
12876.5
6514.5
11939.0
10201.0
13777.0
8202.0
10872.5
10650.5
6433.5
13030.5
5613.0
13963.0
126.5
7124.5
6149.0
13768.0
13814.0
9475.5
9347.5
12862.5
10612.5
13088.5
10647.0
12403.5
13026.0
13131.5
13057.5
14728.5
13835.0
11388.0
12815.0
11939.0
12789.0
12610.0
10537.0
1923.0
2125.5
13254.0
6842.5
14162.5
15013.5
13405.0
13067.0
5809.0
10672.0
6235.0
12396.0
13786.5
13769.0
0
0
11046.0
12296.0
13184.5
10529.0
10068.0
12853.0
13829.0
0
4588.0
11365.5
13626.5
6105.0
13720.5
10073.5
5420.5
3539.5
13113.5
15003.5
11371.0
12978.0
11990.0
7942.5
11152.5
11443.0
10111.0
14973.5
6315.5
2305.0
13079.5
7237.5
11469.0
12784.0
13653.5
14092.5
13013.0
12203.0
12163.0
13286.0
10680.5
14458.5
13159.5
1590.0
9012.0
0
14392.5
10115.0
12286.0
12845.0
12056.5
13246.0
10547.5
13488.5
10093.0
11473.0
12981.5
12314.5
5447.0
13917.5
14943.0
3311.0
419.5
14047.0
12026.5
15355.0
10507.5
7014.0
12922.0
5551.0
12505.0
11074.5
13844.0
12884.0
0
14049.5
14103.0
12777.5
10208.0
11623.5
0
6141.5
13092.5
9449.0
12966.5
7275.0
11588.0
12861.5
6531.5
8012.0
12488.0
5756.5
11690.5
10523.0
10933.5
12779.0
2607.5
13072.0
11844.5
13512.5
13772.0
13945.0
6161.5
14068.0
13086.0
1512.0
0
2903.0
13562.5
10668.5
10075.0
13333.5
13536.0
13520.5
13118.0
11199.0
10941.5
15239.0
14165.0
12965.0
13831.0
12804.5
10545.5
13100.0
12590.5
438.5
5725.0
6961.5
2938.0
12699.0
1921.0
13742.0
0
2997.5
12891.0
13219.0
12805.0
12884.0
5481.0
13491.5
12929.5
14426.5
13187.5
7788.5
10054.0
6469.0
13325.0
12063.0
5924.0
10072.5
932.5
2448.0
6200.5
13395.0
12634.5
13152.5
12833.0
12502.5
790.0
12416.0
13218.5
11847.0
11717.5
8814.0
11464.0
13624.0
13156.5
11202.0
12730.5
6343.0
13765.0
3325.5
13061.5
13775.5
11019.5
10984.0
0
11422.5
12975.0
5554.5
9346.0
8573.0
1896.5
14077.0
3814.5
13389.5
12979.0
10533.0
10994.0
13226.5
10992.5
12131.0
13578.5
8159.0
9578.5
6904.0
9017.0
7820.0
4983.5
4944.0
6553.0
5573.0
10050.0
13257.0
13251.0
6395.0
11920.5
13654.0
15243.0
13222.5
11015.0
7942.0
10080.0
13421.5
13666.5
12955.5
4034.5
13791.5
10686.5
15264.0
10973.5
14096.0
14086.0
6011.0
14242.0
14179.5
68.0
4641.5
13255.0
13401.0
13444.0
12922.0
12174.5
13686.0
13115.5
8955.0
12962.0
11800.5
13102.0
4640.5
14877.5
6819.0
11384.5
2921.5
10904.0
68.0
10493.5
5811.5
15094.0
12077.0
14783.5
12820.5
68.0
14244.5
12331.0
7382.5
13115.5
0
6665.0
10568.5
12835.0
2406.5
10587.5
10211.0
13029.5
11240.0
12419.5
13458.5
12098.5
6705.0
12880.0
7888.5
11938.0
14338.0
6294.5
10986.0
13735.5
11140.5
13829.5
10323.0
13630.0
12446.5
13147.5
10104.5
11631.5
12944.5
12877.5
11804.5
13644.0
10530.5
5694.0
3574.5
8363.0
12032.5
13217.5
7121.0
13170.5
2179.0
12376.0
10230.0
13494.5
9741.0
10309.0
115.5
13008.5
14264.0
8847.5
13603.0
13752.5
11142.0
6970.5
13582.0
13405.5
68.0
11664.5
1902.0
1414.0
14658.0
8405.5
13827.0
11146.0
12528.5
13293.5
11969.0
2686.0
10293.0
9129.5
10674.0
12422.0
12227.0
10955.5
5398.5
12764.0
6070.5
9973.0
5764.5
12898.5
12795.0
14247.5
12327.0
14363.5
10128.0
13577.0
10739.5
12885.0
3756.0
12830.0
13036.5
12821.5
12165.5
10197.5
6909.0
15028.0
11226.0
14691.0
10495.5
10954.0
13668.0
12443.0
7475.5
1794.5
13317.0
14355.0
11536.5
13175.0
3917.5
5816.5
12148.5
13207.0
12477.5
12534.0
14618.5
6904.0
12249.0
419.5
14273.5
13605.0
13732.5
13348.5
6046.5
4680.0
7976.0
13707.5
7121.5
13085.5
13974.5
13852.5
13812.5
12479.5
12182.5
10997.0
7003.5
11461.5
10787.5
12911.0
12876.0
12574.0
2605.5
13199.5
7161.5
11466.5
10564.5
11684.5
13511.0
6513.5
10095.5
13238.5
11040.0
12866.0
10883.5
13746.5
13790.5
13000.5
10922.0
2473.5
7722.5
14163.5
4919.5
10455.5
12382.5
11794.0
11279.5
2902.5
11021.5
13146.5
13439.0
5516.5
13371.5
12818.5
12858.5
13014.0
12678.0
13823.0
10528.5
13419.5
12774.5
13477.0
13655.5
15839.5
6594.0
13692.0
12474.0
14291.0
7771.0
12748.5
10259.5
8865.5
12974.0
6769.0
14178.0
12941.0
14669.0
13982.5
10070.0
1845.0
11137.5
11496.0
13078.5
14731.5
7394.5
10104.0
13627.0
14178.5
13159.0
11167.0
9000.5
10545.5
13242.0
10492.0
14360.0
13260.0
11434.0
13231.5
12691.0
10074.5
14215.0
1922.5
13049.0
7433.5
5886.5
13984.0
14674.5
13288.5
13107.5
11080.0
13370.0
12719.0
13305.0
11370.0
12977.5
686.5
13025.0
10986.5
11045.5
15610.0
7016.0
11406.5
12476.0
5535.5
11398.5
7294.5
13406.5
12999.0
9608.0
7833.0
13883.0
11401.0
13483.5
14202.0
13068.5
7831.0
11823.0
13170.5
3539.0
12980.5
11838.0
10254.0
4661.0
14230.5
1953.0
8206.0
14694.5
11403.5
12517.0
13406.5
2306.0
13273.5
10066.5
11856.0
9115.5
9730.5
7186.0
7804.5
11982.0
13473.0
8221.0
7753.0
12610.5
5473.5
12659.0
14288.0
10696.5
14104.0
3757.0
10779.5
14152.0
12879.5
419.5
419.5
12100.0
9543.5
14161.0
13612.5
10561.0
14004.0
5953.5
13100.0
13268.0
1493.0
8359.5
7487.0
14537.5
13722.0
13504.5
13752.5
12820.5
13891.5
12625.5
14598.5
11159.0
6514.5
2951.0
12456.5
12756.5
13133.5
12379.5
10240.0
11425.5
4208.0
7691.0
13698.0
13397.5
5760.0
12161.0
10650.5
1840.0
13659.5
13261.0
0
6075.0
10482.5
13045.5
14955.5
7588.5
6288.5
13583.5
12373.5
13021.0
14557.5
13003.0
13669.0
13155.5
14323.5
12349.0
5752.5
11418.5
13618.0
13816.5
13146.5
12998.5
13137.0
14380.5
12556.5
13104.5
11122.5
12513.5
12494.5
1885.0
13478.5
12997.5
68.0
10614.5
11859.0
11402.0
13663.5
13247.5
13221.5
10574.0
12962.0
10062.5
6562.5
6823.5
14184.0
10748.5
13226.5
8912.5
12757.0
14285.5
11702.5
14092.5
15095.5
13799.5
11176.5
12864.0
12772.5
10513.5
6670.0
12897.0
6217.5
12836.0
11414.5
12728.0
5527.5
12890.0
12102.0
15100.5
14080.5
14095.5
10048.0
10242.0
11876.0
10556.5
14133.0
11029.5
12864.0
13523.0
7128.0
10106.0
12048.0
12386.0
13474.5
13279.5
10664.5
14010.0
6066.5
11140.0
1961.0
15804.0
4375.0
12296.5
12823.0
497.0
12819.0
13422.5
13415.0
13300.0
11903.0
14940.0
5944.0
13856.0
13985.0
13106.0
6059.5
11921.0
12029.0
14579.5
13401.0
10527.5
1883.5
8968.5
3572.5
14524.5
13128.0
13616.0
10995.5
11272.0
13075.0
14412.5
12374.5
13167.5
13784.5
12055.5
809.0
13451.5
13328.0
879.5
5998.5
13340.0
12605.5
6707.0
12915.0
13202.0
10528.0
7462.0
13185.0
13103.0
13039.0
11543.0
2360.0
9484.0
12466.0
14752.5
4063.0
7401.0
6612.0
10066.0
11204.0
10233.5
12989.5
2253.5
6381.0
12089.5
12530.5
10590.5
6199.5
12968.0
6310.0
13334.5
4472.0
13554.0
10414.5
10024.0
13053.0
13134.5
13809.0
10611.0
5289.0
1650.5
11157.5
13096.0
11463.0
7018.0
11449.0
13414.5
1671.0
2198.5
12893.5
12790.0
12757.5
4052.5
14294.5
11054.5
4946.5
11001.0
13147.5
13087.0
12867.0
5476.5
11052.5
13074.5
13030.5
13365.0
12542.5
12648.0
5382.0
10784.5
11720.0
13018.0
3617.5
11167.5
126.5
13331.5
13643.5
14252.0
12082.5
11864.0
12830.5
13437.5
12867.5
10270.5
10146.5
10374.0
6610.0
12452.0
11082.0
13142.5
4013.0
12775.0
10667.5
14153.5
14427.5
11404.0
7539.0
13022.0
12485.0
13013.5
11321.0
10111.0
10594.5
12839.0
10835.5
0
10507.0
12677.5
10963.5
0
13279.5
11092.5
9420.0
13860.0
10574.0
13917.5
14948.0
10963.0
13976.0
12896.0
11918.0
6420.5
13337.0
14065.0
0
6814.0
13173.5
13680.0
11319.5
68.0
7549.5
7060.5
13138.5
14501.5
12901.0
14477.0
9075.5
13030.0
13276.5
7073.0
13960.5
10215.0
13264.0
11497.0
10484.0
0
13600.0
13774.0
10181.5
13333.0
12519.5
7897.0
12972.0
12685.5
14219.5
5637.0
12619.0
13178.5
6459.5
5771.0
11080.0
14112.0
10088.5
12841.0
12548.5
817.0
13965.5
14593.5
13237.0
12582.0
7224.0
11427.0
5672.0
12981.0
14595.0
13647.5
10691.5
11478.0
6905.5
10491.0
13360.0
12496.0
12889.0
14564.0
13772.5
6628.0
13058.5
0
2814.0
13207.0
12998.5
13804.5
12014.0
4954.0
10255.5
2459.5
14147.0
0
14299.0
10569.0
6458.5
13105.0
14595.5
10524.5
12420.0
4936.5
13018.5
10142.0
15908.5
8359.5
13172.0
11534.5
9777.5
13624.5
10130.5
13077.5
10953.0
13223.5
12333.0
860.0
13068.0
12792.0
332.0
10092.0
13178.0
6571.5
11003.0
13192.5
14195.0
0
10074.0
10527.0
13400.0
6498.5
9419.5
10559.5
11689.5
5068.0
14494.5
6306.5
10979.5
13516.5
11437.5
12195.0
14040.0
9826.0
10514.5
13373.5
15153.5
14148.0
12034.0
11033.5
12891.0
10212.5
11480.5
12739.0
10993.0
10133.0
6465.0
14527.0
7605.5
13187.0
14289.5
1219.0
10506.5
10370.0
126.5
848.5
12861.0
8790.0
13621.5
11902.5
10613.5
13193.0
13493.0
12888.0
6048.5
11168.5
11129.0
10095.5
9671.5
13653.5
8534.0
12855.0
5078.5
7906.5
10093.5
12961.0
4838.5
8107.0
13351.0
14806.0
7079.5
12044.5
13242.0
6744.5
12494.0
13264.0
1904.5
8019.0
10590.5
14126.0
13094.5
841.5
11929.0
7038.5
13892.5
5221.0
14521.0
5068.0
14555.0
5961.5
12624.5
0
14456.5
13121.5
12569.5
0
13457.5
15399.5
13070.0
12727.0
13239.5
6570.0
8646.5
14334.5
12506.5
12007.5
4432.0
12861.0
1968.5
13486.0
5735.5
12086.0
3216.0
13058.0
13190.5
11885.5
13658.5
11796.0
13368.0
13410.5
3150.5
3909.5
9889.5
11907.5
2178.5
752.5
4441.0
6386.5
13393.5
10250.0
2626.5
11993.5
15081.0
6073.5
13339.0
6391.0
14385.5
10644.0
10050.5
12277.0
13262.0
2939.0
12359.0
13229.0
11622.0
13117.5
10368.0
13020.0
12896.5
13557.5
13969.5
10122.5
13606.5
12685.0
12932.0
10115.0
13419.5
12953.5
14266.0
12475.0
5857.5
11042.0
7351.0
10939.0
11559.5
12314.5
7312.0
12510.5
10995.5
11857.5
14373.5
6924.5
12837.5
6980.5
12886.0
15131.5
10291.0
13029.5
7887.0
738.5
68.0
11999.5
8644.5
10108.5
12717.0
12800.5
7649.5
10233.5
1457.5
14277.5
13375.5
10165.0
13514.5
5226.5
10936.5
8859.5
841.0
7699.0
4697.5
12460.5
5404.5
2872.5
13619.5
7365.5
7357.0
11411.0
0
13660.5
10991.0
11438.5
10570.0
11920.5
8635.5
12066.0
11138.5
12966.5
12677.5
12709.0
10149.0
13127.0
6517.5
12916.0
14586.5
13058.0
6376.5
13516.0
12740.5
7721.0
12915.0
637.0
13352.0
10590.0
13258.0
11244.5
11387.0
5869.0
10535.5
12353.0
13380.0
10491.5
10275.5
12617.0
10518.5
7388.5
11884.5
10922.0
11987.5
12962.0
11420.0
13262.0
12421.0
11437.5
6380.0
11942.0
13052.5
14216.0
13399.0
13264.0
10573.0
10265.0
12367.5
13114.0
11729.5
10251.5
2494.5
7183.5
8369.0
9167.0
6496.0
12424.5
7067.0
6207.0
11379.0
6524.5
10181.0
11514.5
10073.0
13658.0
12301.5
12329.0
12320.0
5541.5
10941.0
9011.5
10029.5
12556.0
12909.5
7369.0
7402.5
13032.5
13311.0
2977.0
12779.5
11085.5
9036.5
12951.0
12940.5
13313.0
11012.0
9149.0
13001.0
68.0
10272.0
5421.0
13084.5
9642.5
13500.5
11883.5
15109.5
13559.0
13072.5
841.5
14687.5
12980.5
11038.5
6225.5
6985.0
0
10939.0
11422.5
5810.0
10129.0
13670.0
12892.5
13140.0
13791.0
11399.5
13123.0
6623.5
13035.0
12832.0
11019.0
13122.5
12403.0
9390.5
829.5
11055.0
10657.0
10611.0
12642.0
10225.5
11609.5
6570.0
13955.5
13126.0
10640.0
7899.0
10501.5
10603.5
1531.5
1551.5
5775.0
8363.5
12312.5
11244.5
13426.0
12446.5
5194.0
13240.0
4073.5
11108.5
13636.0
6314.0
13289.0
4973.5
13057.5
13649.0
13695.5
2098.0
12291.5
12742.5
12997.5
13533.5
10958.5
575.0
6106.0
14909.0
12837.0
12975.0
7600.5
5011.0
7274.0
12871.0
13110.0
13654.5
6049.5
12965.5
13755.0
13156.0
6688.5
14098.5
11953.5
5951.0
11586.5
11066.0
1863.5
68.0
14019.5
438.5
13274.0
10561.5
13617.5
13171.0
2976.5
4050.0
10203.0
12252.0
13115.0
12067.5
10965.0
13407.0
13656.0
13680.5
5804.0
13915.5
5999.0
13683.0
13759.0
5609.5
0
12904.5
8199.5
13462.0
13459.5
1550.0
12435.0
13228.5
12500.0
5246.5
9498.0
10999.0
14202.5
7303.5
13778.0
12831.0
14276.0
12772.0
13832.5
8600.0
10084.0
13908.5
11582.5
11910.5
11457.5
13710.0
11012.5
13335.0
12816.5
9390.5
12155.5
14243.5
10569.5
7351.5
13637.0
12416.0
12351.0
12294.0
10975.0
13288.0
15601.5
9633.0
10604.5
10084.0
10236.0
13319.0
11385.5
14605.5
13195.5
12742.5
4954.5
13339.0
2350.5
10067.5
10516.5
14428.5
12321.5
12315.0
10274.5
12344.5
13660.0
12864.0
13445.5
6337.5
12050.5
12108.5
7491.0
10299.5
12630.5
12182.5
11476.5
13332.0
5943.0
7495.5
10570.5
0
4034.0
12730.5
12956.5
12350.0
12051.5
11283.0
10405.0
2813.0
8359.0
13236.0
12780.5
12554.5
13318.5
13270.5
13223.0
13177.5
14155.5
13544.5
13754.5
6662.5
1122.5
11946.5
13978.5
11329.5
10500.5
13056.5
12827.0
13063.0
13073.5
6668.5
13310.0
10080.5
11882.0
14523.5
12309.5
13761.0
13690.5
13995.0
13968.5
7645.0
5327.0
13674.0
13629.0
11792.0
13217.0
13750.0
0
13490.0
12648.5
1960.5
11651.5
7685.5
2273.5
7631.5
3378.5
13563.0
10179.0
12540.5
11581.5
5886.0
14593.0
3292.0
10937.0
11838.0
6491.0
12385.0
7977.5
11406.0
10126.0
13449.0
6396.5
12689.5
13609.0
12373.0
10999.5
13293.0
5847.0
10315.5
10406.5
12182.5
2900.5
12327.0
10591.0
10093.5
11459.0
11328.0
867.5
10593.5
13204.5
14455.0
13054.5
10955.0
11782.5
13980.0
12859.5
13206.0
13191.5
13309.5
14143.5
10049.5
6303.5
10071.5
10390.5
13070.5
12643.5
13380.5
13454.5
12841.5
10256.0
10974.0
10294.5
13103.0
12703.0
13896.0
13733.0
68.0
12071.0
401.0
7348.5
15405.5
11623.5
12990.5
11930.5
10769.5
10513.0
7050.0
11899.5
11876.0
12508.0
14693.0
6481.0
12794.5
1474.5
10061.0
5380.0
10688.5
10703.5
138.0
13993.0
12881.5
0
48.5
10404.0
13286.0
14397.5
13078.0
12290.5
6607.0
13501.5
11620.5
0
0
14130.5
13946.5
13466.5
1845.0
11751.0
10936.5
6677.5
13792.0
11973.5
12985.0
13345.5
9644.5
14008.0
12792.5
15028.5
10558.0
12996.0
14548.5
10564.0
12399.0
12113.0
710.5
2587.5
11384.0
10694.0
11385.0
10594.0
12990.0
68.0
13218.0
6878.5
13103.5
10565.5
7011.5
13647.5
13863.0
0
13345.0
68.0
11726.5
13199.0
12787.5
12810.0
13350.5
10653.0
6357.5
14754.5
8787.0
8161.5
11853.0
0
12673.5
10118.0
10605.0
6535.0
12381.0
13829.0
13167.5
5571.5
12761.5
13050.0
5866.5
11470.0
13017.5
12763.5
11678.5
11894.5
1474.5
10121.0
7586.0
11893.5
4623.0
13224.5
7831.0
13204.5
12469.0
11975.0
14106.0
12292.0
13077.5
12940.0
13209.5
12502.0
6456.5
12427.0
11334.0
13179.5
9723.5
11352.5
12260.5
10120.5
11482.5
12925.5
13793.0
6717.0
13363.0
5689.0
13783.0
10790.0
6806.0
12454.0
13664.5
11502.0
12906.0
13424.5
12918.0
13310.5
5716.5
10594.5
10074.5
10828.5
5886.0
14303.0
11577.5
13983.5
11366.5
13132.5
12800.5
11401.5
13585.0
6468.5
10030.5
10613.0
12886.5
12011.0
3330.0
10054.0
13223.0
6560.5
6277.0
2293.0
12723.5
12283.0
11368.5
10549.5
8464.5
11937.5
15175.5
0
11110.5
12131.5
0
12910.0
11040.0
8387.0
10090.5
12826.0
11353.5
11454.0
11367.5
10525.5
12009.5
13142.0
13232.0
10578.0
13512.0
13420.5
14224.5
11382.0
3016.5
7069.0
13016.5
11402.0
12809.5
12457.5
13952.5
10736.5
10972.5
14065.5
11398.0
0
5056.5
11648.5
13766.0
11851.0
4869.5
13013.5
13519.0
7618.0
5108.5
11384.0
12370.0
5829.0
11067.5
12244.0
11835.5
5902.0
13144.5
10530.0
12863.0
14005.0
10234.5
11852.5
12685.0
13483.0
5947.5
11867.5
0
12929.5
7359.0
9945.0
12282.0
13514.5
12365.5
13995.5
12940.5
5164.5
10630.0
10357.5
14345.0
0
12460.5
4949.0
12906.0
7313.5
12962.0
10153.5
12979.5
13119.0
14542.0
10133.5
6180.0
5946.5
6979.0
2122.0
7210.5
11606.0
13519.0
8300.0
11421.0
13185.0
10068.0
5547.0
11690.5
0
13497.5
6142.0
13199.0
8465.5
10143.0
12834.5
12385.0
11387.0
8782.5
5885.5
11938.5
9594.5
12948.5
12557.5
11402.5
5349.5
13090.0
1620.5
11013.0
11375.0
13866.5
5476.5
13644.0
10618.0
7392.5
6830.5
12139.5
9592.5
14224.0
8852.5
7710.0
12298.5
6888.0
10017.0
10193.5
12864.5
5648.0
10735.0
12862.5
1219.0
12779.5
4092.5
0
7545.0
1180.0
1157.5
13087.0
8494.0
13762.0
14875.0
10960.0
12336.0
11163.5
10618.5
1864.5
10810.5
13759.5
10049.5
10341.5
8512.0
12509.5
14731.0
13347.0
11426.0
10067.5
9462.5
6161.0
12979.0
6527.0
13373.0
12897.5
10992.0
5185.5
12585.5
10681.0
13413.5
13766.5
13649.5
6858.0
13802.5
0
5590.5
9756.0
10975.0
11475.5
11011.0
13193.0
10979.0
12214.5
12353.0
13441.0
13369.0
9590.0
13345.5
11933.5
9884.0
11051.5
12401.5
5466.5
11607.5
5119.5
12371.0
10949.0
6240.0
4014.0
14662.5
9942.5
12251.5
10643.0
10593.0
7810.0
10064.5
10115.0
11872.0
0
12582.0
14123.0
12901.5
14258.5
7040.0
13875.5
11405.0
12266.5
14148.5
10716.5
68.0
8601.0
7274.5
12226.0
13672.5
12902.5
15916.0
12736.5
11196.0
13938.5
14011.0
0
6762.0
12809.0
0
6652.0
1337.5
13281.0
12740.0
13600.5
13504.5
9142.5
11568.0
0
14020.5
6322.5
12635.5
13753.0
11477.5
14896.5
7143.0
10257.0
12576.0
12498.0
14262.0
13616.5
12325.0
0
7101.5
14169.5
14035.5
13454.0
1896.0
0
9640.5
14336.5
11425.0
12823.0
10562.5
10945.5
10062.5
5499.0
12731.0
14071.0
13755.5
13299.0
7228.0
11555.0
8316.5
12837.5
10071.0
13000.0
13812.5
11836.0
2964.0
7182.5
14174.0
12545.5
7798.5
6905.0
0
11451.0
12696.5
12902.0
10922.5
11046.5
10075.5
13387.0
9553.0
7979.0
5126.5
10497.5
10165.0
13365.0
10073.5
5088.0
10643.0
1544.0
13257.0
5476.0
6420.0
13703.5
13143.5
2428.5
7990.0
13652.0
12637.5
12401.0
13120.5
11840.5
12386.5
12173.0
14459.5
14978.5
10123.0
12343.5
10375.0
6532.0
0
10786.5
14361.5
11609.0
8998.5
11380.5
6216.5
10953.5
8368.5
13624.5
7232.0
13744.5
10906.0
14589.0
13684.0
11687.5
6368.5
8784.0
12585.0
12988.0
14213.5
13917.0
11511.0
13903.5
11885.0
14327.5
10430.5
14336.5
13045.0
14796.5
7259.0
13686.5
13518.5
13874.0
9591.0
14874.0
860.0
14160.5
9056.0
10123.5
11398.0
12200.5
10097.0
10518.5
14855.5
1837.5
10271.0
7012.0
7723.0
7837.5
6677.0
12706.0
13275.0
13765.5
10951.5
11612.5
126.5
5496.5
14206.0
10795.0
13645.0
5941.5
12497.0
11954.0
68.0
10970.0
10714.5
4918.0
11920.0
11561.0
13890.0
9572.0
11404.0
13782.0
10621.5
13121.0
12276.5
13190.5
7023.0
13791.5
11824.0
848.5
12041.0
4070.5
5624.0
13822.5
14578.5
1590.0
10560.0
10529.0
7238.0
126.5
14206.5
9874.5
10502.0
5612.5
12053.0
14036.0
12845.5
12354.5
9904.0
829.5
6136.5
9604.5
12819.0
15492.5
5096.0
13658.5
13406.0
13661.5
10061.0
12325.0
14556.5
6704.5
10093.0
7420.5
14714.0
12069.5
14239.5
11697.5
13789.5
11169.5
811.0
13796.0
12143.5
13265.5
14116.0
13338.5
10746.0
5584.5
11606.0
15345.0
0
3236.5
14404.5
6978.0
12442.5
11817.5
14632.5
2975.5
15991.0
4348.0
14381.0
6423.5
13942.5
6946.5
9786.0
11700.5
10110.0
5868.0
12809.5
12843.0
13643.5
14658.0
13327.0
13288.0
10290.0
5809.0
12421.5
14459.0
7502.5
11305.5
10271.5
12098.5
8590.5
13327.5
13564.0
10237.0
10158.5
14105.0
2847.0
13690.0
13923.0
13192.5
13124.0
8332.0
13414.0
14652.0
13255.0
14091.0
14887.0
11358.0
13122.0
14808.0
10162.5
4648.0
12250.5
10956.0
1730.0
10760.5
12727.5
13435.5
12792.5
6280.0
6482.5
12945.5
11451.0
1760.0
12260.0
13208.5
13518.0
7828.0
14768.5
6840.5
11927.5
8238.0
15246.0
14160.5
11439.5
13426.5
2663.5
10993.5
14678.5
13003.5
3306.0
11867.0
5796.5
822.5
7061.5
11317.0
6549.5
10970.0
13487.0
11399.5
13465.0
12202.5
13657.5
13083.5
14706.5
13593.0
13870.5
2978.5
12124.5
14355.5
7076.0
13425.5
12799.0
7536.0
5183.5
13185.0
1883.5
12023.5
6159.5
13756.5
12017.0
10939.0
10103.5
10316.5
1608.5
5923.5
12032.0
6511.0
10423.5
12928.5
12828.5
11441.0
1532.5
11414.0
11497.5
12949.5
11902.5
11258.5
5620.0
11875.0
10076.0
12779.5
13642.5
10127.0
13620.0
1841.0
6239.5
8154.0
11909.0
6456.0
11442.5
12787.0
12430.0
12785.5
13797.5
14657.5
5901.0
13902.5
1231.0
12049.0
7003.5
9293.0
12913.5
12278.0
12746.5
12725.5
13040.5
10628.5
10067.5
10222.0
13256.0
7075.0
7841.5
13204.5
13848.5
11544.0
13575.5
10941.5
12808.5
13849.5
11305.5
13582.0
14165.5
8783.5
13905.5
5888.5
6892.5
11928.0
3680.0
10160.0
13284.5
12866.0
13638.0
6565.5
5733.5
9645.0
13397.5
5146.0
11016.5
7251.5
68.0
10049.5
12367.0
6793.5
12490.0
12886.5
10603.0
14433.0
13612.5
13293.5
13581.5
14185.0
14611.0
11346.5
12784.0
11814.5
12740.0
7530.5
12307.0
14537.0
12981.5
10042.0
11774.0
8509.0
10853.0
5745.0
15154.5
12854.0
12407.0
14163.0
14189.5
13423.0
10629.5
10932.5
7545.0
13221.5
10641.0
13758.5
13507.5
10999.0
13823.5
12419.5
13226.5
11051.0
13790.0
13423.5
14456.5
15035.0
5756.5
12289.5
13012.0
13385.0
11503.5
6550.5
6289.0
11480.0
10977.5
14153.0
14442.0
13625.5
11462.0
11051.5
14603.0
12908.5
13056.5
13019.0
10623.0
8219.0
13286.5
11922.0
10980.0
13289.5
11242.0
13790.5
11012.5
13981.0
12226.0
12722.5
11950.5
68.0
12693.5
9626.0
68.0
13173.0
13019.5
11877.0
13241.5
12839.0
13068.5
10096.5
11993.0
13016.5
6256.0
5009.5
14292.0
11029.5
13189.0
0
3289.0
10698.0
10460.5
13517.0
12447.5
14388.5
12418.5
11247.0
11268.5
13308.5
13809.0
14132.5
12861.5
1141.5
10042.0
12830.0
12991.5
14030.0
10570.0
14833.5
10183.5
13129.0
9684.0
12533.5
9869.5
12476.0
11408.0
2740.5
2179.0
13732.0
13465.5
13600.5
11403.5
10174.0
14142.5
10141.0
10342.0
14185.5
12725.0
13479.0
2978.5
13900.5
12227.0
12483.5
11903.0
2662.5
10801.5
7576.5
7562.5
14197.5
10575.0
6854.0
12346.5
6236.5
12732.0
12406.0
12876.0
15537.0
12826.0
9219.0
13777.0
68.0
8925.5
13150.0
11091.5
13506.5
14597.0
7019.0
10568.0
11517.0
12419.5
2535.5
11416.0
14994.5
11022.0
15001.5
13048.0
13227.0
10619.0
9165.0
11730.0
11901.5
11853.0
10685.0
11888.0
10154.5
10504.5
13323.0
10773.5
12094.5
12400.5
13468.0
14513.0
12574.5
10072.0
13553.0
11001.5
13184.0
12852.0
12847.0
12610.5
11014.0
12012.0
12902.5
10513.0
10524.5
13204.0
9879.5
14221.5
6124.5
4720.0
11162.0
10653.0
13477.0
12989.5
14727.0
13127.5
12382.5
13226.5
11737.0
9543.0
14162.0
12834.5
0
14993.5
15239.5
6884.0
11065.5
13429.0
4103.0
14172.5
11456.5
2286.0
12907.0
13185.0
6318.0
8221.5
2217.5
12801.5
7187.5
11923.5
10071.5
6680.0
5379.5
13124.5
14409.0
11130.5
13283.5
10174.5
14053.0
11828.5
12867.5
11479.0
12111.0
12248.0
12886.5
12509.5
12848.0
14499.5
10492.5
11577.5
11040.0
7518.5
13362.5
13225.0
13653.5
10388.5
11989.0
10885.0
13678.0
13325.0
14235.5
11326.0
6551.0
10480.5
11235.5
12748.0
10081.0
13868.5
13852.5
14035.0
2515.5
4423.5
13185.0
14630.5
5750.0
12552.5
10060.5
12376.0
14376.0
1739.0
10958.0
13702.0
11071.5
10577.5
10531.0
6401.5
14077.0
14685.5
10197.0
12899.0
11926.5
7513.0
12966.0
9614.5
11088.0
12877.0
9995.0
12657.5
8006.5
6142.0
14086.0
12797.0
14241.0
0
13108.5
13267.0
2586.5
10115.5
13826.5
7586.5
10052.0
13375.0
11567.5
13622.5
11050.5
6981.0
13901.0
10140.0
14825.0
8214.0
14232.5
14234.5
12986.5
11975.0
11250.5
13576.0
13387.0
14458.5
6869.0
12436.5
14581.0
13321.0
12800.5
12285.5
11387.5
13426.5
6457.0
5476.0
7941.0
12764.0
12527.5
14097.5
12711.5
6845.5
13423.5
1863.5
11420.5
14236.0
13454.5
10204.0
11414.5
10092.0
13649.5
7775.5
13783.0
6556.0
15149.5
10604.5
13135.0
3853.0
7934.0
3606.0
1142.0
4704.5
10140.0
10977.0
11631.0
13444.5
13449.0
13001.5
12291.5
5010.5
14078.0
12836.5
13331.5
10739.0
12958.0
11538.0
13250.5
11677.5
9199.5
11007.0
5697.5
11408.5
13102.0
15045.5
9050.5
10386.0
10045.0
6841.5
13383.0
10480.5
13079.0
13282.0
16300.0
10667.0
13140.5
13761.0
10525.5
12632.5
11387.5
2911.5
11606.0
11987.5
13733.5
5345.0
10147.5
14094.5
2198.5
12845.5
12503.0
15582.0
11557.5
10545.0
12747.5
9618.0
12285.5
11068.0
12860.0
6090.0
11574.5
5105.5
13201.0
0
13522.0
12318.0
13321.5
13781.5
1123.0
12888.0
12316.0
10630.5
10513.5
13041.5
11398.0
13206.5
68.0
13057.5
12845.0
13808.5
12479.0
6200.0
14151.0
10921.5
11044.0
13023.5
10174.5
8848.5
6529.5
13800.0
13554.0
13980.0
12620.5
11597.5
10538.0
13814.5
771.0
12760.5
811.0
10196.5
11682.0
12652.5
12580.0
12126.5
12814.5
11369.0
12994.5
11052.5
14956.5
11647.0
13651.5
13672.0
14468.5
6979.5
6721.5
13413.5
5861.0
8203.0
9691.0
12418.5
12026.5
14289.5
12886.5
11009.0
11016.0
10956.5
11008.5
12937.0
12349.5
14176.5
15390.5
10937.0
12395.0
13637.0
6774.5
12917.5
11830.5
15533.0
13161.5
13752.0
13162.0
11546.5
13259.0
11463.5
6194.5
13634.5
12661.0
13911.0
14219.0
9036.0
12828.0
4775.0
13671.5
9095.0
11477.0
12900.5
11605.5
13152.5
12283.5
7159.0
6235.5
10590.5
15214.0
12782.5
14008.5
6469.5
10058.0
12806.5
13564.0
11382.5
10994.0
13872.0
12730.5
10085.5
10606.0
13766.5
12970.5
4990.5
13613.5
12224.0
11911.0
11731.0
9660.5
13925.0
14504.5
15492.5
15998.0
12365.0
11567.0
12314.5
13310.5
9071.0
11735.0
12427.5
10564.5
11477.5
13541.0
14178.0
14044.0
6153.5
13061.5
4919.5
13209.5
6415.5
12900.0
11478.5
8371.5
13472.0
14717.0
11860.5
14073.0
13191.0
11855.0
10532.0
6239.5
13963.0
10297.0
12456.0
12351.5
7159.0
12748.0
13588.0
0
13402.5
12566.0
6249.0
13354.0
13995.0
12905.5
13168.0
13454.0
3343.5
13755.0
12496.0
5440.0
13127.0
12957.0
12905.5
14185.0
13230.0
14157.5
13507.5
10525.0
10511.0
11418.5
12845.0
13810.5
7205.5
7739.5
11584.5
12068.5
13775.0
10577.5
12812.5
12833.0
13385.0
7160.5
5772.0
528.0
14434.5
13445.0
6422.0
11011.0
4882.5
12968.5
14105.5
13035.5
14582.0
5645.5
12743.0
13420.5
5067.5
12955.0
13185.5
12206.0
12297.5
11594.5
14546.5
12637.0
11978.5
5643.0
15804.0
10046.0
7217.0
12930.5
12357.5
5974.0
13510.5
10618.5
10172.5
12922.0
10233.0
13254.5
6082.5
11445.5
13362.0
10169.5
5679.5
13101.0
11013.0
14233.5
6217.0
11260.5
11951.5
5827.0
12278.5
6268.5
14119.0
11474.0
13278.5
13185.5
14160.0
12865.0
10272.0
9793.0
12614.0
10074.5
13945.5
12883.5
11886.5
13657.5
13597.5
4830.0
10974.5
14643.0
15220.5
12693.5
13763.5
11403.0
13348.0
0
6738.5
15936.0
12866.0
5676.0
7178.5
6831.5
0
0
10508.5
13244.5
12528.0
13021.5
11572.5
7158.0
11659.5
12812.5
13142.5
11358.5
13549.0
13340.0
10574.5
7219.5
11424.5
15125.5
11431.0
13011.0
14391.0
5553.5
7700.5
11623.0
14115.5
13170.5
13072.0
0
14716.5
13893.5
12930.0
12605.0
12289.5
14202.5
13156.0
12887.5
6572.0
12847.5
13406.5
10431.5
13488.0
12751.0
12524.0
11954.5
10229.0
11425.0
13633.0
10615.0
12838.0
10286.0
11110.5
10571.0
11383.5
13492.0
14611.5
14631.5
2013.5
11924.0
11738.5
7091.5
2305.0
12522.0
10940.0
0
12304.5
11636.5
6284.5
13482.0
11461.0
13043.5
10956.0
11646.5
3395.0
13495.5
10573.0
7429.5
0
0
2256.5
13318.5
1589.5
12956.0
10993.0
12964.5
11471.0
11875.0
13677.0
13347.5
13908.0
5723.5
14624.5
6849.5
12867.5
14114.0
13110.5
11793.0
13233.5
14243.0
13967.0
10331.0
11387.5
14326.0
12336.5
13468.5
14096.5
13296.5
5627.5
10572.0
14301.0
13660.0
12971.5
12438.5
13309.5
11416.5
7108.5
10083.5
11867.5
14883.0
5944.0
13462.5
13632.0
13891.5
12356.5
10991.5
10661.5
12650.5
11630.5
10119.5
7927.5
13305.5
13335.0
10251.0
5234.5
0
11606.0
6100.0
14060.5
14455.5
14534.5
14846.5
13482.5
11385.5
12529.5
13820.0
9111.5
13503.0
10515.0
0
6471.0
13222.5
7395.5
7220.0
13673.5
12952.5
11026.5
11039.5
10694.5
10516.0
13182.0
13445.5
7871.5
13193.0
6596.0
14028.0
771.5
13419.5
10514.5
5272.0
13482.5
5429.0
12844.0
13561.0
13164.5
13002.0
11807.5
13746.0
13482.5
12323.0
10732.0
10984.0
10619.5
15111.0
13525.0
12756.5
15226.0
10120.5
13184.0
9124.0
10576.0
1980.0
11808.5
10155.0
12282.5
10693.0
10515.5
7927.0
4485.5
10063.0
0
13031.5
13454.0
11422.5
6439.0
13830.0
13138.5
13481.5
2980.0
8730.5
11546.0
14338.5
10597.5
13653.5
14441.5
7542.0
10104.5
10927.0
11032.0
13299.0
11033.0
11437.5
12171.5
12564.0
14016.0
11860.0
13141.0
11625.5
12349.5
13814.5
10067.0
10143.5
10582.0
11668.0
13723.5
0
11873.0
9606.5
10494.5
13601.5
12729.0
3462.0
10598.5
14694.5
12509.0
10327.5
7224.0
10203.0
15027.0
8910.0
126.5
2881.5
10950.0
12972.5
12693.0
12312.5
10568.0
1940.5
13007.5
14722.0
14220.0
9139.0
5905.5
13974.0
12902.0
12759.0
15247.0
12991.0
12860.0
13752.5
10550.5
14223.0
12999.0
12418.0
11981.0
13902.5
7460.0
13029.5
13525.0
13148.0
8144.0
13293.5
10139.5
10553.0
12271.0
13666.5
11423.0
6126.0
13186.5
14586.5
10072.5
11446.0
10600.5
13204.0
14702.5
11867.0
12333.0
13044.5
14488.0
0
14244.0
11531.0
11035.0
13258.0
13894.0
13473.0
13071.5
10655.5
13514.5
6906.0
13692.0
12826.0
13310.5
13378.5
10525.0
12792.0
11361.0
10248.0
13309.0
1834.5
11043.5
7203.5
5973.5
12850.0
8663.5
10281.0
11037.0
13571.5
12809.0
15364.0
12740.5
14340.5
14205.0
5473.0
12416.0
10960.5
13332.0
4082.0
12404.5
11632.0
12587.5
15640.0
11435.0
12549.5
6307.0
13333.5
790.0
11020.5
13320.5
12401.0
11975.5
13837.0
5686.5
13265.0
8627.5
13206.0
14693.5
13456.5
13698.5
5272.5
2548.5
6950.0
12847.0
13694.0
10396.0
6886.0
7736.5
13222.0
10151.5
10089.5
1211.5
6330.0
13282.0
12397.0
7642.0
2995.0
12782.0
809.5
12995.0
13196.5
13046.0
2976.0
6447.5
11514.5
10077.5
11306.5
8668.0
6299.5
10669.0
11843.5
12901.5
11976.5
11278.5
9502.5
12839.0
12963.5
13668.5
11892.0
5851.5
12536.5
14327.5
10143.5
13321.5
12323.5
4626.0
12379.5
11604.0
12900.0
14231.5
5950.5
12858.5
10479.0
6369.0
14905.0
10581.5
13572.5
5790.0
11324.0
13941.5
13011.5
8143.5
10939.0
10477.5
13677.0
14506.0
10608.0
12834.5
11443.5
4075.5
13145.5
15044.0
1142.5
8047.5
13257.0
12103.0
7353.0
10087.0
13384.0
12102.0
5955.5
12783.5
12245.0
14211.5
13947.5
11972.5
12809.0
10083.0
13393.5
11556.0
10939.0
1456.5
13782.5
13090.0
13909.5
11045.0
14191.5
12071.5
10716.0
13281.0
10625.0
14466.0
10939.0
6790.5
6050.0
13278.5
10209.5
12734.0
13248.0
12790.0
13416.5
10297.5
12496.0
14778.0
14456.0
12178.5
13781.5
13306.0
12494.5
10769.5
13013.0
10578.5
10223.5
14262.5
11680.5
12888.0
438.5
10096.0
11490.5
12904.5
13933.5
11477.0
13463.0
14466.5
12869.5
11403.5
10160.0
13808.5
13680.0
14115.5
12506.5
14535.5
11699.5
13127.5
13693.5
6572.0
13406.0
13312.5
15566.0
10280.5
12242.5
10072.0
13294.5
14624.5
13267.5
13050.5
12052.5
11392.0
13353.5
13203.5
13223.0
6198.0
13276.0
11547.0
11945.0
14288.0
13820.0
11430.0
5792.5
14221.5
1219.0
14102.5
12778.0
11520.0
10502.0
7766.5
10569.5
12711.0
15250.5
13046.0
5669.5
13273.0
736.0
12961.5
12495.0
12726.0
13179.5
10949.5
13239.0
9169.5
12284.0
11403.0
6163.5
68.0
14592.5
12691.0
13436.0
12765.0
6124.5
11003.5
11005.0
14637.0
419.5
12917.5
13306.0
12964.5
5677.5
7143.5
2549.5
12906.0
8608.5
6919.0
10424.5
5832.5
13960.0
10515.0
11032.0
13887.5
14522.5
13215.0
5882.5
12015.5
1141.5
12806.0
11509.0
5847.0
11399.0
11490.0
5688.0
7318.0
12313.5
11835.5
3760.0
6885.0
12363.5
14830.0
13974.5
11743.0
13918.5
13953.5
13256.0
12155.0
11488.0
13222.0
6883.0
12122.5
4729.5
14337.5
11390.0
14878.0
10994.0
14180.5
14118.5
13407.5
13129.0
10143.5
13384.5
13707.5
1844.5
6457.5
12054.0
10998.0
14164.5
3731.0
11922.5
12744.5
12766.5
12251.5
6211.0
10513.0
0
7701.0
13094.5
12983.0
15005.5
13480.0
5507.5
11979.5
10507.0
0
13309.5
790.0
11909.0
7378.5
11276.0
11035.5
13439.5
10588.5
12916.5
13224.5
12724.0
12949.5
7558.5
12326.5
11874.5
10706.0
10197.5
11654.5
13817.0
13933.0
13883.0
10067.5
13146.0
12475.5
13438.5
6017.5
12981.5
13833.5
9739.0
10164.5
13853.5
10943.5
5759.5
10941.0
14413.5
5116.0
5419.5
11992.5
13005.5
11290.0
5947.5
10103.5
11390.5
15200.0
12663.0
12868.5
12845.0
12145.5
0
11668.0
11834.0
8742.5
13577.5
11326.5
13546.0
0
12665.5
7999.0
10254.0
10197.5
13012.5
13640.5
10556.0
12818.0
3573.0
14098.0
11326.0
13904.5
14606.5
11873.0
10955.0
13845.0
11679.0
14253.5
11096.0
13903.5
13776.0
12164.5
13322.5
14395.5
15110.0
12533.0
11832.5
11438.0
14692.0
7211.0
6130.5
6568.0
13842.0
6217.0
11817.0
6105.5
14424.5
12527.0
13217.0
10254.5
13523.5
13851.5
11658.5
11987.5
12256.5
15115.5
14158.0
12753.5
12618.5
7030.0
13222.0
4832.5
12340.5
14736.5
10068.0
14108.5
13018.5
14843.0
15022.0
13428.5
4850.0
2234.0
10505.5
12689.5
13313.0
13410.5
12350.5
11152.0
11179.0
11686.0
13945.0
4586.0
13216.5
10081.5
4363.5
13480.0
6574.0
11993.5
13006.0
12439.5
11850.5
14306.0
13873.0
13741.5
10988.0
4490.0
11869.5
7781.0
10984.0
13518.5
13379.5
9249.5
10392.0
13973.5
14702.5
14355.5
12899.0
11151.5
11610.0
10003.0
12985.0
12973.5
13188.5
10217.0
10606.0
15342.0
12520.0
11474.0
14542.0
14659.0
12559.5
14246.5
11869.0
10882.5
12013.0
5155.5
12177.0
7419.0
11332.5
14084.5
11996.0
13165.0
11626.0
5723.0
14524.0
12268.5
12752.0
13776.0
14608.0
12406.0
11563.5
6455.0
12034.0
10776.0
10749.5
10557.0
10151.5
11452.5
11004.0
10216.0
10564.0
13697.5
13525.0
14357.0
14606.0
13219.5
11368.5
13455.5
10642.0
5735.0
6647.0
6548.5
13018.5
9776.0
5885.0
13408.0
13305.5
6515.0
13003.5
11398.5
7058.0
13960.5
14678.5
7067.0
10824.5
6222.0
13878.5
11166.5
8683.5
12017.0
1250.0
11226.0
11432.5
13002.0
5003.0
13526.5
12695.0
11456.5
7995.0
9144.0
13997.0
13013.0
12281.0
13204.5
14910.5
10100.0
5867.0
1902.0
4239.0
13263.0
13240.5
7266.5
14688.0
12984.0
13591.0
10263.0
14052.0
13420.5
13866.0
13442.0
10862.0
8554.0
14075.5
13738.0
12659.5
13384.5
5871.5
14089.0
11689.5
13085.5
6923.0
14783.0
10258.5
10413.0
10673.0
13872.5
12897.0
5403.5
12808.5
11671.0
13492.5
0
13904.0
13459.0
13773.5
10386.0
3825.5
5606.0
0
12364.0
13787.0
5214.0
13216.0
13243.0
10101.5
138.0
68.0
11684.5
12654.0
10620.5
0
9172.5
11053.0
10215.5
13403.0
9442.0
13309.5
13845.5
13648.5
12278.5
6465.5
12964.5
13984.0
12958.5
16304.5
13118.0
11752.0
7857.5
12705.0
10445.0
12270.5
14630.0
13997.5
12167.0
0
9753.0
12798.0
4365.0
13006.0
12071.5
12714.0
10549.5
10927.5
12432.5
14634.5
2313.0
11462.0
13586.0
10960.5
16318.5
12842.0
12022.5
4649.5
2941.5
4737.0
12095.5
12773.0
11902.0
10107.0
5867.5
14161.0
13696.0
13907.5
13852.5
9553.0
14907.0
11067.0
6105.0
13506.5
15790.0
11502.0
0
13364.0
14502.5
13626.0
12576.5
13961.5
0
5654.0
13004.5
0
14119.0
11214.5
4772.5
13630.5
14775.0
13819.5
11644.5
5979.0
3740.0
4089.5
11092.5
7203.5
11022.5
12790.0
11014.0
5546.5
13612.0
14474.5
0
10420.0
13959.5
13092.0
12437.0
9520.0
14039.5
13783.0
478.0
13004.0
15945.0
13986.5
10550.5
13754.0
10418.5
11560.5
13088.5
14299.5
10645.5
13712.0
12836.5
12387.5
13875.5
809.0
10591.5
12565.5
10992.5
5491.0
6233.0
10479.5
0
14446.0
0
0
6549.5
10192.5
13326.5
13096.0
8072.5
14521.5
471.0
13800.0
13005.0
5613.5
9084.5
10588.5
14853.5
11829.0
14021.5
13949.0
10343.0
13199.0
183.5
10583.0
8182.5
10824.5
11824.0
8968.5
11659.0
12510.0
11019.0
12372.0
10548.0
14660.0
4765.0
12920.5
13407.0
15053.5
11455.5
13099.5
13443.5
13651.0
13371.5
10849.0
12487.0
6289.0
1512.0
14111.5
12756.0
12445.0
10807.0
1512.5
13217.5
12573.5
13537.0
12889.0
14668.5
13034.0
10547.5
14306.5
13272.5
15158.5
12743.0
14611.0
11484.0
10141.0
7165.0
0
0
12861.0
13075.0
15007.0
15661.5
11403.5
11397.5
13605.5
12867.5
14431.0
15116.0
12907.5
10726.0
14605.5
15661.0
5828.5
13793.5
11120.5
12790.5
13812.0
15174.5
13018.5
13529.5
13558.0
6810.5
14523.5
12345.5
13979.5
10509.0
14300.5
10066.0
13792.0
6514.0
6090.0
68.0
5866.5
11002.0
12517.5
14199.0
14793.5
12050.0
14188.0
10445.0
12900.5
1570.0
12600.0
14061.0
13804.0
14284.5
13822.0
10499.5
10959.0
13375.5
11894.5
13786.0
14204.5
12460.5
6334.5
13830.5
14051.5
10603.0
12851.0
13847.5
11556.5
12291.0
3631.0
13661.0
13847.0
6066.0
12714.0
6440.5
3906.5
10525.5
13887.0
3587.5
13590.5
10664.0
14255.5
14424.5
11859.0
13106.5
11451.5
6241.0
14888.0
14818.5
11125.0
14193.0
11128.0
14374.0
13587.5
14396.0
5187.0
10491.5
10324.0
14301.0
13685.0
7049.5
12844.5
13709.0
12157.5
10798.0
5944.0
6188.0
13733.0
13524.5
15034.5
6379.5
1923.0
13269.5
5752.5
13016.0
13129.5
12793.5
13168.0
13735.0
12825.0
11846.0
4360.5
14092.0
2567.5
10700.0
12819.5
13361.0
13741.0
4735.0
13217.0
13810.0
13796.5
11498.5
10109.5
15432.5
13333.5
13613.5
12718.5
13080.0
12861.0
12064.0
13835.5
12127.0
0
10511.0
13686.5
15740.5
10236.5
12938.5
12830.5
13936.5
12057.0
4623.5
13650.5
7900.0
11147.0
14509.5
7144.0
13056.5
12429.5
0
10056.0
10524.0
8181.5
4788.5
5421.0
7017.0
13551.5
13228.5
6447.5
12831.5
14720.5
11630.5
10146.5
10331.5
13656.0
14391.0
12951.5
6791.5
13275.0
13205.0
5861.5
13426.5
11585.0
11345.0
13745.0
0
8163.0
11850.0
68.0
11920.5
11050.5
10136.0
11911.0
13556.5
6964.0
13016.5
6991.0
14333.0
13921.0
576.0
12279.5
12017.0
12783.0
3510.0
14575.0
13680.5
13691.0
13597.0
12866.5
11849.5
13089.5
8676.5
5808.5
14988.0
8080.5
12352.5
12022.0
9571.0
12321.5
7199.5
11330.0
11015.0
11348.5
6367.0
15488.5
13603.0
6246.5
115.5
10918.0
7496.5
13113.0
13238.0
12470.5
12802.5
12968.0
11912.0
12959.5
13838.0
8019.5
13799.0
13092.0
12049.0
8334.5
10617.0
12961.5
13796.0
5364.0
13589.0
3624.0
15523.5
14173.5
13556.5
13014.0
12610.5
14942.5
6475.0
12408.5
12855.0
13495.5
12042.0
12970.0
12894.0
14924.5
10251.5
14133.5
12027.5
13783.5
14031.5
11872.5
11385.0
13272.0
9644.0
0
13141.5
14608.0
1184.0
13208.5
68.0
15582.5
13144.0
11837.5
14083.5
13950.5
13465.5
16153.0
14005.0
15468.5
12379.0
6184.5
15127.5
6504.0
12872.0
12308.0
13564.5
13343.0
10418.5
10329.5
13694.5
13683.5
13798.5
13735.5
12964.5
13992.0
12726.5
14052.0
13691.5
12288.5
10828.0
11670.5
12068.5
13147.0
11370.5
12777.5
10252.5
14136.0
13431.0
13004.0
12755.5
0
10611.5
13908.5
5278.0
13218.5
13260.0
0
11439.5
6628.5
5830.0
2314.0
10215.5
2625.0
3567.0
13824.5
13374.5
11312.0
8199.0
13104.0
14602.5
12883.5
10588.5
13435.0
11726.0
12104.5
13864.0
13407.5
13873.5
10957.5
0
12490.5
12925.0
6496.0
13335.5
5813.5
13547.0
0
13993.0
13378.5
14386.5
13291.5
11143.5
14282.0
6289.5
13722.0
12029.0
11368.5
13403.0
12080.0
5416.5
10553.0
14352.5
13343.5
14376.0
14161.5
13209.5
10569.0
15274.0
13954.0
10405.5
4697.0
10279.5
13888.5
14601.5
13777.5
6760.0
13612.5
13602.5
11888.0
11444.5
11622.0
10814.0
13014.5
1916.5
12804.5
0
13639.0
13679.0
14942.0
10347.0
12402.5
14720.0
13588.0
11699.0
13870.5
12064.0
10074.5
12851.0
1922.0
13474.0
6460.0
14131.5
8979.0
12660.5
13064.0
5383.0
5784.0
10071.5
10324.5
13259.5
12679.5
10615.0
15509.5
13602.5
13612.5
13406.5
12905.5
14048.0
13695.0
10530.5
5105.0
5488.5
14334.0
0
15058.0
12914.5
13604.0
14589.0
5979.5
13026.0
13307.0
12935.5
11284.5
13912.5
12802.0
11540.5
15194.5
6780.0
10781.5
10258.0
11302.5
13298.5
11445.0
11000.5
6814.5
11400.0
10253.0
1755.0
14746.5
13466.0
11394.5
12992.0
10947.5
11828.0
10494.0
13959.0
12954.0
11339.0
13526.0
1184.5
13487.0
13073.0
0
14626.5
15095.0
12850.5
14546.5
11009.0
12365.0
14162.0
5470.0
11468.5
13765.0
12911.0
14578.5
14648.5
13405.5
11084.0
13040.5
10946.0
11068.0
12965.0
13935.0
13556.0
12981.5
12781.0
13200.5
14363.5
12944.5
6143.5
7220.0
14043.0
14186.0
11296.5
12018.0
4455.0
11079.5
15373.5
10511.5
11306.5
12400.0
13565.0
12773.5
13871.0
13400.5
12481.0
0
12921.5
10140.5
14107.0
11969.0
14632.5
14185.5
700.0
11928.5
12029.0
13288.0
13055.0
12043.0
12781.5
12968.0
13611.5
12274.0
11918.5
6958.0
13890.0
15303.5
12261.5
6322.0
13858.0
14870.0
12650.5
10524.0
12940.5
10822.0
10953.0
14078.0
12260.0
11382.5
6268.5
13067.0
10107.0
12444.0
9013.0
12586.5
13398.0
2141.0
10083.5
15080.5
16459.5
11447.5
13018.0
15079.5
11457.5
12284.5
12981.0
0
13196.0
5898.5
10236.0
14632.0
15641.5
12697.5
9509.5
10498.0
11441.5
0
10968.0
0
14409.0
6704.0
7941.5
12826.0
14049.0
12860.0
13268.5
11608.5
15609.0
8092.5
13862.5
0
15008.0
13649.0
12789.5
7175.5
12279.0
13777.5
11884.0
13628.5
13314.0
13092.5
12401.0
3272.0
10272.5
478.0
10144.0
13242.5
11671.0
13302.0
10210.5
13372.0
12462.5
12842.5
12713.0
12921.0
12273.5
12695.0
12476.0
419.5
0
11867.5
11643.0
771.0
12869.5
1525.5
5803.5
0
16030.0
9219.5
11543.5
438.5
10606.0
10151.5
12534.5
13721.0
12141.0
13481.5
10079.0
12716.5
11560.0
14176.5
508.5
13374.5
13638.5
0
14282.0
0
10621.0
10149.0
3424.5
5396.0
0
0
11023.0
13271.5
13173.0
12607.5
13762.5
13720.0
12805.5
0
138.0
68.0
14368.5
13807.0
11829.5
771.5
0
2784.5
12405.5
1022.5
13667.0
12634.0
2830.0
10176.5
9925.0
11457.5
15434.0
7649.0
14161.5
14439.0
10528.5
5032.5
11459.0
13723.0
10052.0
13415.5
12743.5
14537.5
419.5
6924.5
11855.0
5830.0
68.0
13639.0
12709.5
14404.5
5645.0
10677.5
1902.0
14217.0
10732.0
13037.5
11861.0
14221.0
6646.5
12806.5
10545.0
14095.0
14977.5
3507.0
12941.0
10962.0
7181.0
15621.5
13746.5
13015.5
13712.0
13201.0
14048.0
13258.5
12328.0
14926.5
13636.5
12812.5
0
13937.0
12824.5
11182.5
13837.0
14983.0
12922.0
12977.5
13292.5
14229.5
13190.0
11831.5
13993.5
12494.5
4772.0
13103.5
12860.5
829.5
6158.0
12266.5
985.0
10712.0
10054.5
13412.5
11325.5
13941.5
3517.5
14202.5
10103.5
13546.0
2293.5
12982.5
15173.5
12982.5
14566.0
10142.0
13315.0
7458.0
13220.5
14016.0
13312.0
10078.5
13054.0
13534.5
13186.5
14526.5
6125.0
5641.0
13212.0
13358.5
4382.5
11190.0
15863.0
13936.5
13727.0
13008.0
10661.5
14443.5
5841.0
12247.5
13023.5
11549.0
2684.5
11334.5
7099.0
10549.5
13019.5
13263.5
13396.5
6570.0
13026.5
14480.5
14264.0
14142.0
12831.5
13362.5
12396.5
1941.0
11456.0
15713.5
14395.0
0
13476.5
13669.5
14874.5
12962.5
15194.5
12885.5
11897.5
14617.5
13547.5
10526.0
12354.5
11511.5
0
15520.0
478.0
5478.5
5962.5
13963.0
14645.0
5676.5
8122.0
14364.0
13789.0
13404.0
13459.0
14646.0
14284.5
10090.0
13233.5
6196.0
12109.0
5751.5
126.5
7143.5
13517.0
13203.5
887.0
13450.0
6293.5
15786.0
10997.0
9513.5
10262.5
12774.0
13611.0
13432.5
13758.0
13019.5
0
10555.0
14075.5
13256.5
12997.5
15037.5
13670.5
10194.0
10954.0
10555.0
13531.5
13796.5
13810.0
14054.5
14346.0
13547.5
12785.0
7035.5
5796.5
10531.5
13204.5
13155.0
14940.0
14162.0
14350.5
10939.5
15017.0
13312.5
14363.5
12779.0
13698.0
14101.5
15651.0
13708.0
15064.5
13292.5
13169.5
1515.0
4344.5
16021.0
6550.5
10143.5
752.5
10333.5
14705.0
14588.5
13433.0
12662.5
11829.0
6675.5
1180.0
14539.0
4384.0
12289.0
11899.5
471.0
68.0
13881.5
1942.0
11219.5
12426.0
13008.0
14771.5
15843.5
13640.0
13033.5
7426.5
13451.5
6488.5
5866.0
839.0
11438.5
6429.0
12335.5
10247.5
15552.0
13352.0
13503.0
14296.0
12448.5
12715.0
8665.0
13719.0
13234.5
11473.5
13896.5
14227.5
10994.0
13569.5
10551.0
6811.0
11352.0
6122.5
13334.5
14280.5
13327.0
15690.5
12742.5
1883.0
11021.0
10962.5
11557.5
14845.5
12941.5
12846.5
13925.5
7058.5
6084.5
10982.0
4767.0
13123.5
6473.5
6088.0
68.0
10637.0
5811.0
791.0
14218.0
13720.5
13163.0
7117.5
11856.0
11529.5
2197.5
13011.0
12680.5
12888.5
497.0
12694.5
13500.5
5765.0
12631.5
12106.5
7205.5
13144.0
14511.5
13885.0
13847.0
12822.0
11660.5
12998.5
12898.0
12573.5
14432.0
13586.0
12253.0
7274.5
11014.5
12887.5
13171.5
15303.5
0
12918.5
13320.0
1552.0
13678.0
3970.0
1885.5
14599.5
7090.5
14927.5
11872.5
2198.0
13551.5
14163.0
10197.0
6235.5
5242.5
13162.5
11026.0
13168.0
7295.0
13251.0
6312.5
12160.0
11033.0
7112.0
13243.0
11623.0
7286.0
1368.0
5478.0
12978.0
13346.0
14093.5
6996.5
13205.0
13643.5
0
13060.0
13745.5
12828.5
13862.5
12012.5
14303.0
5996.5
14063.0
1903.5
8181.0
13067.0
10508.0
13726.0
12851.0
11702.0
14690.0
13233.0
14199.0
15429.5
12963.5
13345.5
10624.0
12857.5
6491.5
14431.0
5897.0
11474.5
13853.5
12867.0
13483.0
7648.5
12970.5
2676.0
14010.5
13385.0
13385.5
11226.5
3574.5
12800.0
7262.5
10169.0
12717.5
3034.0
12439.0
10802.0
14162.5
5990.0
13823.0
13182.5
13391.5
13947.0
5771.5
10067.0
12851.5
11960.0
10938.5
12720.5
10142.0
14781.0
1512.0
14406.5
2292.0
6666.0
13343.0
10094.0
12850.0
13292.5
6494.5
7013.5
13649.5
15163.0
6772.0
13591.0
3661.0
10975.5
8420.0
12740.0
15471.5
6573.0
5589.0
9113.5
12257.5
13235.5
11016.0
13743.0
12015.5
13246.0
13273.5
12787.5
13354.0
13179.0
14300.0
14053.5
13406.5
12793.0
6867.0
14279.5
10056.0
10438.0
12362.0
13690.0
11405.0
11044.0
16140.0
14545.5
13942.0
14261.0
13600.0
13041.5
12810.0
11071.5
6663.5
12603.0
3884.5
6571.0
13793.0
13572.0
10095.0
12830.5
13206.0
13757.0
13032.5
5117.5
9113.5
5483.5
10293.5
13552.5
14754.0
12032.5
14174.5
6159.5
8369.5
8027.0
14312.5
13108.5
10960.5
12464.0
10976.5
14792.0
13220.0
13466.0
13539.5
11086.0
10055.5
12407.5
8621.0
12319.5
8513.0
8726.0
12864.0
5551.0
13085.0
13318.0
14022.0
5791.0
14455.0
10580.5
13339.5
11060.0
5545.5
6036.5
13434.0
1200.0
15331.5
13741.5
10048.5
15009.5
10576.5
5744.0
13215.5
13930.0
11903.0
4577.0
12089.0
11099.0
11558.0
13778.0
13565.5
1456.0
13427.0
10499.0
5848.5
13013.0
4686.0
14649.5
10587.0
10940.5
2017.0
14330.5
11393.0
13421.5
13172.5
14384.0
13582.5
13266.5
14304.0
12183.0
8437.5
6161.0
6982.0
13793.5
12374.5
14800.0
12369.5
11388.0
10578.5
7249.0
10073.0
11612.0
15959.0
11033.5
13335.0
10570.0
14103.5
14120.0
12866.0
13434.0
14848.5
14132.0
13346.0
13819.0
12315.5
11190.0
14094.5
9469.0
14809.5
7993.5
14593.0
12462.5
13213.0
14773.5
14065.5
12847.5
10256.5
14131.5
13868.0
12997.0
11645.0
10473.5
14006.5
14196.0
11440.5
12331.5
14795.5
10152.0
11012.5
13455.5
13998.5
14054.5
2782.0
11498.5
13802.5
12814.5
10529.0
10723.0
15110.0
2351.0
12310.0
13905.5
10065.5
6514.0
6946.5
14191.5
13513.0
13591.5
14803.5
13358.0
12791.0
11179.0
12381.5
1160.5
6639.5
1864.0
14591.5
13145.0
12296.0
13440.5
14686.5
6344.0
11321.5
13392.0
13058.0
14078.0
14013.0
10105.5
14051.5
12367.0
12431.5
5933.0
10549.0
1445.5
13568.5
12908.0
10998.0
0
14962.0
3700.5
13897.0
11016.5
10994.0
11412.0
13512.0
13169.5
11432.0
11026.0
438.5
15526.0
11004.5
10274.0
14270.0
12333.5
10546.0
1531.0
10551.0
14874.5
10233.5
11011.5
5843.0
12755.0
10043.0
13639.5
3994.0
2971.5
13144.5
14859.5
12708.0
14764.0
4007.5
13447.5
12943.5
13211.5
10820.5
10140.0
13216.5
11480.0
2254.0
12365.0
14688.5
15992.5
13750.0
68.0
6761.0
10828.0
13219.5
10195.0
13499.0
0
13622.0
2959.0
13366.0
11963.5
13606.5
13389.0
13512.0
497.0
14072.0
15945.0
12832.5
14348.0
9790.0
10171.5
12978.5
13006.0
12936.0
11223.0
10568.0
13085.5
8756.0
5048.5
860.0
5359.5
12774.0
12496.5
13848.5
11486.0
14374.5
12805.0
14245.0
14875.5
13032.5
2587.5
15206.0
12314.0
12013.5
2257.5
0
11023.0
13386.5
10347.5
11471.5
15641.0
12021.5
13258.0
13315.0
14869.5
7984.0
14849.0
14510.5
10981.0
10937.0
3237.0
14103.5
14345.5
14539.0
6572.5
5029.5
13349.0
13935.0
13122.5
10051.0
11587.0
13628.5
12351.0
12497.5
10663.5
13089.5
13757.5
12789.5
12493.0
13951.5
4303.0
14162.0
13696.0
14224.0
15252.0
8145.0
15189.5
12643.0
10955.5
12854.5
12935.5
14492.0
13489.0
13371.5
14326.5
10330.0
14023.0
12668.5
13338.0
13935.0
11941.5
13950.0
12347.0
13609.0
14502.0
10516.5
15284.0
12717.5
14002.5
13014.5
12793.5
12820.0
6942.5
13520.0
13643.0
13479.0
14524.5
5884.0
13908.0
13947.0
13288.0
12917.5
11443.0
12775.0
10207.5
5964.0
14341.0
13194.0
10547.5
13239.0
14761.0
15209.0
13093.5
13509.5
11604.5
13871.5
13667.5
12717.0
13832.5
13515.5
12779.0
13203.5
12741.5
13222.5
11884.0
7219.0
5068.0
11447.5
11896.0
13069.5
13137.0
13425.0
12715.5
13385.5
10734.5
7924.5
12982.5
10574.0
12510.5
5363.5
5617.5
3684.5
12288.5
13755.5
14326.5
10232.0
13514.5
10953.0
12961.5
12909.0
13392.0
13219.5
5090.0
6534.5
10999.0
14639.5
14461.0
11427.5
15140.0
1141.5
12453.5
11405.0
12552.0
11857.0
13874.0
14114.0
13461.5
11668.0
11876.0
11843.5
6010.5
13627.0
6883.5
13091.0
10952.5
13277.5
12929.5
14807.5
5072.5
13201.5
11177.0
10261.5
6815.0
10328.5
11105.5
13461.5
14892.5
12165.5
10585.5
13315.0
12117.0
12823.5
12859.5
11446.5
13222.0
13550.0
12828.5
12908.5
11964.5
13950.0
14464.0
12884.0
13362.5
12957.0
13032.0
14151.0
13773.0
9783.0
7863.0
14411.0
12299.5
13030.5
6307.5
13476.0
7222.0
10579.0
5392.0
14748.0
12717.0
401.0
11812.0
11862.0
10769.0
10059.5
7294.5
10376.5
11449.0
14182.0
4775.0
14996.0
12319.5
0
10168.0
15421.0
12925.0
10388.5
13180.5
14644.5
5159.0
10123.0
11403.0
13249.5
13267.0
1902.0
13539.0
14666.5
12443.0
10094.0
11917.0
5594.5
11958.5
10494.5
11863.0
12374.5
14302.5
13322.5
14147.5
11889.0
14308.5
12677.5
4984.0
5381.0
6630.0
14722.0
12925.0
15948.5
12415.0
14002.5
13436.5
13621.0
13808.5
13441.5
10602.5
12601.0
11933.5
14925.0
13392.0
6102.0
13533.0
12475.5
6798.5
11390.0
13376.0
5752.0
14227.0
6088.5
13097.0
8263.0
11455.0
13773.5
7397.0
12756.5
14546.5
10078.0
13776.5
13048.0
16119.5
6135.0
10978.5
13090.5
13067.5
1901.5
11898.5
12293.0
11844.0
14191.5
10993.0
2920.0
2586.5
13539.5
12933.5
12603.5
13441.5
2273.0
13212.0
14207.0
11000.0
2268.5
12770.0
5811.0
13405.0
13038.0
13672.0
12940.0
12920.0
2311.5
14394.0
1382.5
9634.5
15133.5
13658.0
11038.0
12791.5
10191.5
4804.5
11085.5
13005.5
5223.0
10060.0
11475.5
13445.0
15035.5
12836.5
13609.5
1569.5
14146.5
14055.5
15353.5
11529.0
12783.5
7181.5
5772.0
10716.5
13942.0
11615.5
11950.5
14757.5
12589.0
3464.5
12216.0
11552.5
13457.5
14040.5
15367.5
12313.5
12934.5
11490.5
13814.0
13818.5
14278.0
10244.0
7504.5
5556.5
13948.5
11934.0
13770.5
10755.0
12470.0
10347.0
2343.5
12795.5
13392.5
2253.0
12114.5
12288.0
11898.5
13515.5
8016.5
11418.0
10838.0
8401.0
12852.0
12407.0
7001.0
14940.0
11953.0
11236.5
12387.0
11963.0
10255.0
11398.5
13533.5
12941.5
14240.0
10970.0
6455.5
11884.5
10703.0
13022.5
13011.5
10210.0
13767.5
9581.0
13097.5
14182.5
12792.5
11420.0
14449.5
4919.5
13459.5
14157.5
14805.0
13453.0
9746.0
13979.0
13071.5
10835.0
7199.5
10215.5
10974.5
11089.5
10057.0
10578.0
10118.5
3550.0
13263.0
13006.5
14193.0
14860.5
12888.5
11913.0
13055.5
13737.0
7311.0
7552.5
830.0
10253.5
508.5
13479.5
13631.0
13579.5
6778.5
12371.0
11942.5
8691.5
13335.0
13705.0
12813.5
14466.5
10688.0
14146.5
11451.0
7683.5
13398.5
13279.0
12916.0
8202.0
14243.5
12220.5
6958.5
12888.5
13494.0
14295.5
10094.5
13001.5
14223.5
13942.5
13178.5
13824.5
7095.0
13868.0
5905.0
13210.0
6114.0
11232.5
11479.0
6420.5
10290.0
5182.5
12794.0
13374.5
13367.0
10820.0
5442.5
13682.5
13054.0
12706.5
5069.5
13446.5
10579.5
1849.0
15372.0
13115.0
14699.5
13968.5
12960.5
15197.0
13830.0
13190.0
13563.0
12166.5
12346.5
12116.0
12274.0
8942.0
6200.0
13102.5
10240.5
5363.5
10587.0
10125.0
11538.5
14546.5
12352.0
13099.0
12805.5
15001.0
11379.0
13051.0
14192.0
12424.0
13763.0
7693.5
12871.5
9628.5
14480.5
13224.5
1921.0
10934.5
13279.0
3073.5
10550.0
2567.5
14746.5
13635.0
12475.0
13911.5
9349.0
12264.5
14170.5
11783.0
11761.5
13357.0
15402.5
13843.0
14516.5
12850.0
12798.0
14171.5
11810.0
14136.0
2160.0
12928.0
13550.0
10695.0
10721.0
5829.0
6423.0
10548.5
13080.5
11710.0
10229.5
14004.0
68.0
10849.0
10425.0
11922.5
13310.5
7940.5
11646.0
12804.5
2588.0
6531.5
11754.5
14341.5
68.0
3271.0
12817.5
13170.0
6562.5
9693.0
5705.5
13463.0
14740.0
8242.0
13016.0
13523.5
6998.5
14936.0
11833.5
10673.5
11485.0
11139.0
12767.5
3568.0
13922.5
13323.0
6502.5
11870.0
10185.0
13564.5
13030.0
5186.0
12326.5
11259.5
11985.5
138.0
7849.5
12094.0
12301.0
13426.0
8548.0
10512.0
10513.5
12987.5
13721.0
13584.0
13091.5
13734.0
8010.5
13142.5
13322.0
10862.5
13549.5
4660.5
10185.5
11418.5
11955.5
6090.5
12911.0
14295.5
13176.5
11899.5
10509.0
13741.0
11008.0
13068.5
11701.5
4642.5
12324.0
13816.0
13147.5
14229.0
13631.0
13850.5
14362.5
13486.5
13414.0
12034.5
13155.5
14123.0
10738.5
14175.0
822.5
12976.0
13106.0
13184.5
13495.0
12606.5
13998.5
9766.5
14222.5
11401.5
530.5
15037.5
10547.5
12886.5
12783.0
10956.5
14990.5
14261.0
12656.0
14622.0
11869.0
13843.5
15346.5
13078.5
14229.5
10681.0
11403.5
10996.0
13457.5
12922.0
13944.5
2275.0

10732.0
13294.5
11458.0
8103.5
2531.5
15033.5
13122.0
9978.0
14503.0
13074.0
14572.0
14625.0
15287.0
12899.0
13195.5
1533.0
13220.0
15172.0
14329.5
5105.5
11854.5
9791.0
13426.5
13183.5
12806.5
13663.0
14891.5
10105.0
10587.0
10628.0
13537.5
13654.0
12788.5
8113.0
8163.5
5793.5
13331.0
10547.5
2568.0
12853.5
10510.0
13802.0
10209.5
12586.5
10623.0
10068.5
14065.5
9397.5
12344.5
15450.5
4643.0
10273.5
10199.0
9811.0
11396.0
11780.5
11725.0
13704.0
7201.5
8930.5
12967.0
13689.5
12909.0
13628.0
6458.0
13621.5
10283.0
14133.0
5171.0
9669.5
2343.5
12785.0
10539.5
13877.0
12572.5
15752.5
11996.0
7689.5
12294.5
13031.5
9354.5
13398.5
11214.0
13699.0
14359.0
13240.5
13295.5
13580.5
14938.5
7226.0
13464.0
12976.5
13813.5
2638.0
11920.5
10623.0
12295.0
10048.5
13911.0
12929.0
10511.5
10151.5
12943.5
12999.0
11440.0
5340.0
11047.5
13393.0
7188.5
10944.0
11253.0
6445.0
13244.5
8286.5
12989.5
13818.5
10999.5
13083.0
14421.5
10774.5
11099.0
12363.5
13271.0
12940.5
7238.0
13225.0
14009.0
11568.0
14210.5
13744.5
11149.5
11928.5
4753.0
14272.5
11397.5
13114.5
13389.0
12793.0
14972.5
13938.0
14097.5
12663.5
13124.5
12787.5
13100.0
13919.5
10501.0
12052.0
13094.0
11832.5
12761.5
11871.0
10598.5
13703.5
14806.5
10950.0
5049.5
11582.0
12796.5
12729.0
3138.5
3623.5
10157.0
10078.5
5798.5
11332.0
2534.0
14975.5
13013.0
6348.5
7955.0
12787.5
12322.0
10255.0
12128.0
14689.5
13689.0
15297.5
10381.5
10649.0
13243.5
12846.0
10994.5
9256.5
14954.5
13797.5
12959.5
15487.0
12224.5
14877.5
12184.5
0
6428.0
5440.0
13934.0
13286.5
11560.5
13581.5
12870.5
10377.5
1563.5
10934.0
438.5
6608.0
11838.5
13037.5
4671.5
10647.0
13439.0
2218.0
7201.5
5985.0
11013.0
12282.5
13731.0
1899.0
11909.5
11497.0
12034.0
1969.0
13137.5
10778.5
9343.0
10262.0
11410.5
14551.0
10566.5
13540.0
14290.0
13716.0
13820.5
1760.5
14764.5
11627.0
2236.0
489.5
68.0
12705.5
12542.5
11005.0
11014.0
11562.0
1863.5
12364.5
13479.5
1512.5
6927.5
10625.5
13291.0
13634.0
12071.0
4519.5
2294.0
13008.0
5009.5
12985.0
1940.0
13565.0
2571.0
11263.0
15024.5
14203.5
5106.0
12311.5
13349.5
15278.5
13991.0
6497.0
13741.5
14950.0
13115.5
14910.0
12797.5
10955.0
6094.0
10307.5
13053.0
11756.0
12176.0
4878.5
7821.0
13150.5
6684.5
5458.5
11164.0
13107.0
12629.5
13124.0
5386.5
13014.0
10556.5
13857.5
13490.0
10064.0
10666.0
13512.5
17287.5
13203.5
14360.5
12659.0
12773.0
11503.0
12797.5
14122.5
12736.0
11865.0
12449.0
14876.0
5927.0
14140.5
13828.5
10553.5
12778.5
4772.0
12322.0
10069.5
12847.0
2344.5
13605.5
14632.5
11027.0
2624.5
5704.5
10074.5
11482.0
10815.5
7457.0
13010.0
12255.0
11561.5
6679.5
12081.0
6588.5
14313.5
13404.5
10182.0
15091.0
11906.0
13166.0
10061.0
10288.0
5924.0
14745.0
12812.5
13055.5
12811.5
13588.0
11513.0
12512.5
13685.0
13587.5
13040.5
13238.0
13903.5
1514.0
138.0
13717.5
12931.0
7185.5
12733.0
13079.0
10706.5
12963.0
5918.0
14427.0
11854.5
6758.5
13962.0
11449.0
2864.0
11321.0
12957.5
13236.5
13329.5
13181.5
12834.5
11122.5
12921.5
10061.5
478.0
6976.0
12843.5
5156.0
13530.5
13629.0
13874.0
6533.0
12454.5
12555.0
6439.0
13503.5
6723.5
13486.0
10297.0
10926.5
14617.0
11872.5
13563.5
12047.5
13159.5
11235.5
6351.5
14114.0
6559.5
11371.5
15951.0
10507.5
9362.5
10129.0
13249.5
14741.5
11901.5
12496.5
12403.0
12919.0
13829.0
10816.0
14136.5
12750.5
7652.5
2644.0
14094.0
12767.0
10526.0
12759.0
10925.0
8498.0
12435.0
10606.0
12840.5
13101.0
12815.5
13413.5
1584.0
2638.5
13865.0
7958.5
2467.5
12134.0
14742.5
5346.5
10064.5
14191.5
10607.0
5164.0
10125.0
12898.0
10296.0
6572.5
12310.0
10065.5
13949.0
12515.5
6231.5
12697.5
14317.5
11900.5
14195.5
14615.5
13766.5
10125.5
10276.5
13229.5
6289.5
10726.5
535.0
13013.0
11956.5
11987.0
12308.0
11890.0
12833.0
68.0
10124.5
4325.5
13115.5
13196.0
10591.0
2646.0
13495.0
14318.5
10603.0
11236.0
13533.5
6612.0
13680.0
10626.0
13072.5
11250.0
12068.5
13540.0
13891.5
10156.0
13605.0
14961.5
13236.0
12680.0
10523.5
13055.5
11031.5
13325.0
12784.0
12866.5
9339.5
10607.5
13226.0
13880.5
13105.0
11190.0
10012.0
8849.0
13261.0
10993.0
15125.0
13366.5
10051.0
13658.0
13945.5
12651.5
14109.5
13757.5
13242.5
12806.0
12331.5
11283.0
10481.5
10981.0
15026.5
11420.5
13352.0
3021.5
13060.0
13108.0
7724.0
10225.0
6220.0
13217.5
11444.5
11533.0
14562.0
14159.0
13201.5
0
14261.0
10056.0
0
7663.5
7317.5

12766.5
10140.0
10087.5
10369.0
419.5
11113.5
14743.5
13521.0
14838.0
13241.5
11531.0
13168.0
11127.0
11897.5
14088.5
10980.5
10569.0
5013.5
13725.5
5791.0
8070.0
13274.0
14270.0
10624.0
7650.5
12777.0
9640.5
14867.0
11572.0
7050.0
14067.0
12805.0
15122.5
6571.5
14689.0
11726.0
11147.5
13776.5
11219.5
12802.5
14099.5
12851.5
656.0
3992.0
14211.0
12031.5
10569.0
12626.5
5552.5
5885.0
10990.0
13856.5
13955.0
1081.0
13460.0
13631.5
13932.5
10967.0
11126.0
15189.5
10015.5
13476.5
13527.5
11976.5
0
12130.0
13460.0
12461.0
11407.5
12515.5
14325.5
12780.5
14264.0
12262.0
14183.5
13152.0
438.5
12161.5
4668.5
12798.5
10400.0
7532.5
11051.5
13597.0
13987.0
14217.0
13976.5
14386.0
438.5
13074.5
11168.5
14671.5
11245.0
9184.0
10591.5
14354.0
15114.5
14936.0
12756.0
4929.0
14018.5
14703.0
1110.0
14141.5
771.5
10943.0
11426.5
1846.5
5050.5
11898.0
11789.5
11994.0
6516.5
1230.5
10504.0
13007.5
11830.0
11047.5
12457.5
12793.0
13462.5
13151.5
13351.5
12998.0
12796.5
13231.0
11627.0
419.5
1882.5
12785.5
12968.0
12589.5
0
14810.0
11829.0
13302.0
3380.0
12938.5
12959.5
10047.5
12804.5
10323.5
5120.5
7404.0
14254.0
11221.5
9569.0
10510.5
8137.0
6456.0
1456.0
13650.5
10188.0
13869.5
1219.0
13859.5
14528.5
14234.0
4773.5
6905.0
12647.5
13697.0
5101.0
7123.5
6959.0
6096.5
11386.5
13592.0
13049.0
6276.0
14045.5
12930.0
14553.0
13836.5
13947.5
10958.5
1921.0
12811.0
5703.5
13238.0
2657.5
10102.5
12901.0
12979.0
12655.5
12803.0
14885.5
6953.5
13056.5
11390.0
2976.5
13449.5
6324.0
13172.0
5674.5
11905.0
13850.5
11582.5
14258.0
68.0
12774.5
13888.0
13653.0
13489.5
8401.0
12548.5
14314.5
11975.0
12012.5
13126.0
13638.0
12296.5
5739.0
13035.5
10644.0
12976.5
13670.0
11443.5
14463.5
14566.5
13086.0
12518.5
13340.5
5966.5
13633.5
11070.0
12343.5
13476.5
13323.0
13616.0
11924.0
13120.0
12036.0
14346.5
13453.5
5413.0
14386.5
12868.0
12976.0
5947.5
6885.0
11447.0
6685.0
809.0
12848.5
6678.0
12347.0
10250.0
13474.0
13391.0
11643.0
12794.0
12163.0
13338.0
13508.0
6099.0
11810.0
12610.5
13364.5
13890.5
14470.5
6299.5
8608.0
14675.5
11392.0
14632.0
13047.5
6525.0
6387.0
8167.0
14104.5
12125.5
13132.0
10686.0
12732.0
12899.5
8108.5
12904.5
4292.5
10968.0
9846.0
1230.5
10660.0
5438.0
11441.0
15872.0
1180.0
7658.5
14710.5
0
6535.0
12812.0
13210.5
12843.0
9573.0
4374.5
13388.0
2690.5
10069.0
10282.0
13350.5
13357.5
13370.0
13316.0
13587.5
14364.0
13215.0
13355.0
8535.5
13233.0
5459.0
13568.0
11966.5
12451.0
11179.5
13379.0
7865.5
4975.0
13043.5
13718.0
13445.5
8333.5
13758.0
11552.5
12993.0
1550.0
14827.0
11096.0
0
13163.5
12829.0
5688.5
12433.0
11227.5
11064.5
10884.5
4975.0
12733.5
6002.5
12293.0
9643.0
10644.0
11982.0
10959.5
6414.0
13739.5
7964.5
5069.0
8144.5
14467.0
6568.5
1512.0
12697.0
10631.0
10661.0
13375.0
11797.0
13346.5
6635.0
12888.0
12815.5
809.0
13285.5
6069.0
10719.5
13263.5
13185.5
7407.5
12869.5
14157.5
13193.5
12775.0
13092.5
771.0
12601.5
6831.5
2706.5
13483.5
14155.5
14209.0
2215.5
13483.0
11722.0
13313.5
14252.5
1589.5
14255.5
13033.5
13773.5
13221.0
0
11869.0
11005.5
11697.5
14541.0
12553.0
2626.5
13132.0
12816.0
6422.5
13552.5
13329.5
12631.5
5733.5
13926.5
12501.0
14515.5
13374.0
11631.0
12781.5
6162.0
15206.5
12788.5
14417.5
11402.5
11690.5
3700.0
11422.0
12885.0
12795.5
13804.0
10137.5
12106.0
12767.5
11435.0
11403.5
14124.0
11273.0
14709.5
12071.0
11510.5
10258.0
5685.0
15481.0
13832.5
12299.0
13269.0
4326.5
13970.5
10594.0
11817.0
10523.0
15183.5
12577.5
8065.5
10276.0
15034.5
12793.5
11401.5
13200.5
12416.0
12835.5
13714.0
13493.5
5404.5
13665.0
0
12873.5
5381.5
13170.0
11012.5
12985.0
12766.5
15001.5
8184.5
15074.0
11906.5
10561.0
13607.5
6725.5
6176.5
11511.5
13688.5
11015.0
14649.0
13402.5
13886.0
10067.5
11144.0
14360.0
16693.0
13514.5
10809.5
14748.0
12496.5
13906.0
13412.5
14144.5
12923.0
12756.5
12788.0
15528.0
13372.0
8507.5
13184.0
1923.0
10625.5
12938.0
13922.0
12795.5
11204.0
11609.0
5869.0
13817.5
10048.0
10606.5
11521.0
10221.5
14717.0
13131.0
14894.0
12445.5
12678.0
13846.5
10275.0
12947.5
7479.5
7449.0
13650.5
11108.5
15215.5
13247.5
11890.0
10955.0
12121.5
10548.5
13471.0
13570.0
2745.5
12231.5
10585.5
13233.0
12292.5
5106.0
13336.5
11617.5
13180.5
13843.0
8138.5
12501.5
7655.5
11343.5
7071.5
13608.5
13438.0
13584.5
11254.5
10124.0
6582.5
12846.0
9668.5
11499.5
13305.5
12113.5
13069.5
14527.5
4993.5
12808.0
12229.5
14542.0
13976.5
7479.0
11280.5
12890.5
11034.5
11440.5
14284.0
10011.0
12888.0
13065.0
8442.0
8183.0
14463.5
13558.0
14328.5
15332.5
3360.0
10795.5
13310.5
13714.0
5425.0
14436.0
13326.0
12861.0
13518.5
14238.0
13656.5
14955.5
5183.0
11441.5
12915.0
10501.5
10955.5
8185.0
11997.0
13526.5
15121.0
13705.0
13185.0
13948.0
12861.5
10143.0
1512.5
12793.5
14472.5
12865.5
13028.0
13510.5
12994.5
13261.0
7715.5
5719.0
10797.5
12696.0
11156.5
8237.0
6657.0
13609.0
13814.5
13304.5
13456.0
14016.5
12591.5
12956.0
13693.0
13151.5
12497.5
12404.5
13411.5
14304.5
11397.0
13150.0
14142.0
13871.5
11368.0
14845.0
9011.0
11185.0
13274.0
7526.5
13661.5
14209.5
13244.0
0
13997.5
0
12961.0
12443.0
13269.0
6807.0
11580.0
12968.5
10088.5
12730.5
10578.5
13658.0
12849.5
0
6057.5
12799.5
14121.0
10245.0
13798.0
13006.0
11458.0
13533.5
15031.5
12891.5
12612.0
1160.5
12627.0
13300.0
12741.0
14381.5
11233.5
11436.5
10105.0
13605.0
14545.0
13497.0
13740.5
13765.0
5402.0
13999.5
15812.5
2107.0
12927.0
11057.0
7938.5
14297.5
11073.5
2143.5
11403.5
12594.5
13745.5
13276.0
14002.5
10931.0
13490.5
13581.5
1849.0
10496.0
10425.0
13190.0
14769.5
10232.0
13136.0
8788.0
11528.0
11936.0
13813.5
12199.5
9645.5
11667.0
6826.0
771.0
9093.0
13695.5
10888.0
14443.0
14032.0
12612.0
13241.5
13014.5
13013.5
9977.0
11975.5
6240.5
12594.5
14587.0
9771.0
8641.0
12846.5
13206.0
11660.5
11519.0
14197.5
14847.0
13325.5
15266.5
13458.5
68.0
13755.5
13047.5
13338.5
14350.0
11392.5
12497.5
7142.0
11308.5
13668.5
13613.0
14717.5
8766.0
12522.0
13314.0
15424.5
13083.0
12687.5
11141.0
14287.0
12366.5
2122.5
11187.5
12719.5
5389.5
12699.0
10799.0
12278.5
0
13255.0
7365.5
13665.5
9664.0
15285.0
12734.0
11007.0
0
11956.0
13440.0
8476.5
8739.5
13217.0
11988.5
11031.5
13174.0
3273.0
10336.5
16008.0
419.5
14143.0
8167.5
15025.0
12793.5
10102.5
13893.5
13232.0
9858.5
12811.5
11622.5
12971.5
13726.0
12476.5
14790.0
14594.5
1161.0
6639.5
15384.5
11017.0
15316.0
14423.0
11907.5
10610.5
12779.5
12404.5
10681.5
11708.0
12871.0
10397.0
15501.0
1156.0
14010.5
11197.5
14811.0
13653.5
5362.0
13470.0
13811.0
4823.5
14166.5
11520.5
10818.5
12754.0
14345.0
11232.0
12944.0
14028.5
15018.5
15530.0
13431.5
14492.0
8787.5
13689.5
12355.0
13296.0
13245.5
13297.0
10177.5
12272.5
14880.0
14724.5
13476.0
10594.0
11054.0
13263.0
14826.0
10009.5
14380.5
11019.0
13588.5
0
12821.0
1170.0
7310.5
14712.0
12057.5
11434.0
14153.0
11251.0
13198.5
13444.0
753.5
0
12176.5
10348.0
13176.0
13150.0
15661.5
13152.5
12663.0
0
15987.0
15154.0
13910.5
14020.5
8461.0
10458.5
12931.5
13406.0
13181.0
11642.0
12864.5
12955.5
10136.5
12603.5
14614.5
10996.5
14041.0
12460.0
9956.5
15142.5
10108.0
10292.5
11943.0
3405.0
11530.5
10460.0
2145.0
13291.5
14285.5
14006.5
11606.5
13089.0
13850.0
13947.5
13681.0
12266.0
11451.5
15143.0
10109.0
13744.5
11177.0
15656.0
4881.5
1070.5
12199.5
10070.0
12356.5
10130.5
14287.5
12184.5
13144.5
14771.5
4250.0
14049.0
12866.5
9665.0
14535.5
10977.0
15295.0
6773.0
10888.0
13646.5
14579.0
11977.5
14130.0
12895.0
14158.0
13034.5
12326.5
13398.5
11433.5
12934.0
13912.5
14190.0
12984.0
15182.5
13077.5
13085.0
12323.5
14746.5
13688.5
7812.0
13645.5
10333.0
13410.5
12583.5
12743.0
1141.5
12002.5
14560.5
15313.0
13196.5
12541.5
11317.0
11090.0
592.0
10222.0
13200.5
1230.5
13801.5
13758.5
14408.5
13595.5
13742.5
7379.5
11017.0
12106.0
14137.5
13364.5
13014.5
15449.5
68.0
4606.5
12855.5
12476.5
12828.5
14622.5
13770.0
13325.5
11071.0
68.0
11966.5
13930.5
1087.5
12839.0
12468.0
5043.5
10290.5
12074.5
14225.0
14534.0
13517.0
16640.0
12071.5
6074.5
14900.5
12987.5
16871.0
1428.0
0
0
11938.5
10104.5
13502.0
2254.0
12540.5
15045.5
13563.5
13461.5
12846.5
14499.5
12773.0
11383.0
14741.5
10618.0
7218.0
10400.0
13423.5
2995.5
13158.0
0
13280.0
68.0
12573.5
6768.0
9310.5
13054.0
11998.0
11196.0
13345.0
13753.5
12556.5
10258.0
848.5
5087.5
6963.5
12970.0
68.0
7658.0
13609.5
6182.5
0
8191.0
7377.5
12965.5
10930.0
13548.5
14316.5
10216.5
12075.5
11894.0
10495.0
12419.5
13349.5
13024.5
13843.0
13886.0
13482.0
12795.0
11876.5
13240.5
12516.0
12754.0
13922.5
11100.0
12181.5
11091.0
13415.0
10957.5
11976.0
15246.0
13223.0
13619.0
10861.5
6067.5
14153.5
10181.5
6131.0
13122.0
10042.0
13077.5
5647.0
15291.5
14773.0
10960.0
68.0
11844.5
5277.0
790.0
13221.5
13425.5
497.0
10661.5
5193.5
5774.5
15294.5
12636.5
11203.5
10421.5
15397.0
68.0
14550.0
13745.5
7752.0
12338.5
15325.5
15049.5
11429.5
13898.5
5841.5
10899.0
13928.5
243.5
13805.5
13564.0
6511.5
12644.0
12261.5
10203.0
10163.0
11000.5
10879.5
13653.5
13326.5
5451.0
13937.5
14291.0
14034.5
12067.0
13075.0
5629.5
13327.5
11890.0
230.5
14327.5
10078.5
10428.0
10178.0
10534.5
5901.0
12384.0
14642.5
6276.5
11905.0
11379.5
5804.0
10549.0
13008.0
13354.0
5527.0
13754.5
11795.0
13769.5
12454.5
13234.5
11329.5
13259.0
13233.0
10567.5
10630.0
13085.0
12088.5
8425.5
13682.0
12582.0
11518.5
12378.0
13962.0
12813.5
16426.0
10349.0
14608.5
10609.0
9622.5
12218.5
11857.5
5805.0
14804.5
14530.5
14546.5
14787.0
11279.5
11122.0
13022.5
11196.5
489.5
12997.5
12764.0
15398.0
11008.5
438.5
12293.0
12962.0
10131.5
11842.5
10697.5
10363.5
15684.0
12539.5
12391.5
15710.0
13081.0
13668.0
12227.0
14293.5
10589.0
10974.5
478.0
12493.5
14223.5
11422.0
13406.0
14055.5
12523.0
12587.0
12961.5
12080.0
13944.0
5239.5
14359.0
13069.0
12929.5
14238.5
12707.5
10706.5
68.0
13499.0
10989.0
9504.5
13166.0
14128.5
8118.0
12828.5
7967.0
11869.0
0
4379.0
11153.0
5739.0
0
11634.5
14128.5
14407.0
7709.0
11434.5
14509.0
14876.0
13045.0
14022.0
9166.5
8866.5
13112.5
13611.5
15056.0
11365.5
11953.0
13329.0
13689.5
14283.5
10588.0
0
5219.0
12799.5
7201.5
14581.0
12996.0
12145.0
15412.5
13236.5
13394.0
11550.0
10756.0
0
0
138.0
11206.0
10996.0
12043.0
2181.0
11927.0
13198.5
4578.0
14226.0
12636.5
13578.0
0
10794.0
10149.0
13134.0
10312.0
11866.0
13807.5
12924.5
11525.0
0
11976.0
12733.5
10309.0
12448.0
0
5400.5
13386.0
12480.5
12946.0
13602.0
10399.5
11864.5
6851.0
11188.0
13881.5
10693.5
12329.0
14670.0
12162.0
5423.0
0
0
11380.5
6344.0
12260.5
12089.0
14109.5
12096.0
11938.0
12004.5
5119.0
15168.5
12888.5
13295.0
15662.5
12883.5
11938.5
14009.5
13272.0
14186.5
11534.0
11608.0
13874.0
14799.0
12335.0
1123.0
12814.0
12672.0
11311.0
11426.5
11999.5
13931.5
10565.0
5067.0
5497.5
12956.5
10636.5
10637.0
11381.0
13735.5
12979.0
10089.5
12740.0
12796.0
12033.5
10079.0
13836.5
13497.5
6887.0
14338.5
11366.0
10656.0
0
12895.0
14871.0
12960.0
13587.5
11695.5
126.5
4768.5
12789.0
13753.0
5097.5
11015.0
10882.0
0
5459.5
12040.5
13433.0
12945.0
9838.0
68.0
6087.0
7612.5
11825.5
10083.5
11608.0
0
12044.5
13632.5
10784.0
13321.0
10603.5
13750.5
5517.5
14874.5
14114.5
1512.0
10535.0
13604.0
11092.0
14199.5
0
13084.5
419.5
11218.5
6947.0
11406.0
10697.0
12753.0
9015.5
13634.5
15469.5
5498.0
14349.0
6644.0
11976.5
11864.5
11000.0
6487.5
11095.0
12176.5
12273.0
12292.0
5983.5
6113.5
1885.0
10859.5
13776.0
11662.5
12826.0
12581.5
13762.5
12279.0
11047.0
1062.0
13252.0
13317.0
13198.0
5036.0
12736.5
11400.5
4027.0
8242.5
13999.5
11663.5
13684.0
12520.0
15055.0
14667.5
12881.0
10145.0
13042.5
10494.0
0
13890.5
13654.5
12860.0
12773.0
10146.0
11868.5
13560.5
126.5
10086.5
11415.5
7027.0
12402.0
10921.0
13955.5
68.0
0
12174.5
14149.5
4629.5
14569.5
10885.5
13880.5
13045.5
11123.5
15063.5
11621.5
12968.0
0
419.5
10663.0
12831.5
9162.5
9911.0
12995.5
0
12810.0
13432.5
13200.0
10332.5
15453.5
14907.5
13179.0
13610.0
9645.5
14424.0
13250.5
13436.0
10045.0
12193.0
12821.0
14794.0
13928.5
13128.0
10117.5
13668.0
12485.0
13813.0
790.0
13235.5
13757.0
2274.5
12983.0
13362.5
14079.0
12874.5
10569.5
12700.0
5861.0
10603.5
12810.0
10330.5
10561.0
9979.0
0
13331.0
13752.5
12930.5
7530.0
13654.0
9914.5
6701.5
12811.0
14632.0
13399.5
0
12231.5
0
12851.5
11262.5
13421.5
12953.0
4993.5
13066.5
11413.0
0
12004.5
11865.0
13837.5
13790.0
12566.0
13793.0
9219.0
14919.5
11442.5
11094.5
5793.5
10548.0
12160.0
2494.0
13061.0
13526.0
14194.5
14393.5
14274.0
0
8296.0
12852.5
12331.5
14923.5
0
13866.0
13277.0
11252.0
11728.0
12979.5
11371.5
12823.5
11904.5
5976.5
0
6847.5
13012.5
0
5936.0
14522.0
12851.5
13531.0
12243.5
10137.0
12930.5
14941.0
14562.5
13789.5
15019.5
12886.0
13334.0
4622.0
13710.5
14230.0
10491.5
10059.5
12730.0
10961.5
10089.5
7750.5
6774.5
13111.5
10166.0
13701.0
13989.0
11087.0
13118.5
13956.0
14038.5
0
14073.0
13638.0
12773.0
11430.0
10569.0
6180.0
5622.0
5791.5
6715.5
13384.5
5165.5
10092.0
13026.0
13216.0
13298.5
13406.0
10950.5
12757.0
12020.5
14345.5
13314.0
13967.5
13138.0
13072.5
6433.0
12622.5
10618.0
14261.0
12885.0
11564.0
11386.5
11386.0
12756.5
11733.0
13228.5
12862.0
12807.5
1141.5
6163.5
10974.5
0
13515.5
12325.0
11412.0
14507.5
12961.0
12652.0
13033.0
11401.5
6295.0
4522.0
14854.0
12068.5
13126.0
14598.0
14117.5
10877.5
14236.0
13456.5
13494.5
14752.5
0
10348.0
15339.5
12344.5
0
13978.5
13968.0
12979.5
12752.0
13201.0
12485.0
13669.0
5656.0
10144.0
14404.5
0
0
14403.5
12367.0
12791.5
12863.0
10075.0
10282.5
11276.0
11513.0
14640.0
13001.0
11960.0
11102.0
13049.0
0
8846.0
15007.5
12635.5
0
13422.5
12758.0
14990.0
12627.5
13968.5
11971.0
10195.5
13396.5
12239.0
13426.0
13245.0
13403.0
15425.5
12864.0
12579.5
8964.0
11646.5
13261.0
14290.5
8069.5
13047.5
14773.0
13452.5
13026.0
10742.5
13918.0
13281.5
14157.5
12903.0
4026.0
12050.0
13888.0
15290.0
11393.0
14243.0
10067.0
4642.0
842.5
16092.5
14076.0
9589.5
12906.0
10612.0
12735.5
13970.0
14619.5
14832.5
12846.0
10440.5
14324.5
12244.5
12860.5
13050.5
5767.5
13569.0
12952.0
14903.5
14167.5
12834.0
11421.5
11449.0
13266.0
13541.5
13087.5
12296.5
14442.0
15290.0
6277.0
13255.5
1176.5
13722.5
13875.0
11102.5
5917.5
15462.5
13477.5
11431.0
14015.5
12967.0
12373.0
11749.0
14658.0
10074.0
13689.5
5841.0
11494.5
7683.0
13786.5
12617.5
13551.0
7293.0
11849.5
13094.5
11661.0
12678.0
13441.5
10273.0
13182.5
10974.5
13500.0
12848.0
10199.5
8182.0
11536.5
14796.5
14244.5
6532.5
14001.0
12265.0
9621.0
13420.5
12381.0
12286.0
13304.0
13835.0
11216.5
10494.0
12382.5
7843.0
10751.5
13512.0
965.5
14020.5
13375.0
126.5
497.0
11753.5
12285.5
11683.5
10027.0
12782.5
0
13884.0
10104.5
13088.0
13606.5
13921.0
13524.0
13982.0
11648.5
14239.0
6162.0
12817.0
13120.0
10515.5
13712.0
13377.5
11556.0
10192.5
13388.0
15240.5
13722.5
14118.5
13248.0
13428.5
13636.0
14932.0
11456.5
11913.0
11288.5
14767.5
12801.5
12565.0
12095.0
11022.0
15501.5
13736.0
10881.5
14298.0
478.0
13333.5
14187.5
5472.5
13145.0
11974.0
14305.0
12827.0
10412.0
12550.5
14207.5
14321.0
12742.0
11444.0
14614.0
12436.5
14284.5
12528.5
14885.5
13051.5
12073.0
10957.0
12105.0
15172.5
14388.0
13493.0
5321.5
5063.5
13502.0
6663.5
13410.5
12770.0
13128.5
5985.0
13171.0
13037.5
12757.0
13752.0
13920.0
10462.0
13376.5
13414.5
7415.5
12849.5
13737.0
10052.5
14989.5
7353.0
10547.5
15316.5
6236.5
11198.5
6195.0
12750.5
11026.5
2972.5
13675.5
10148.5
7153.0
14389.0
15311.5
13082.0
5461.0
14603.0
13197.0
13314.5
12856.0
3054.0
13763.0
13011.5
1863.5
13116.0
15339.5
0
16051.0
10098.0
6900.0
13380.5
2620.5
3147.5
13396.0
11730.0
4754.5
12663.5
10605.5
7698.0
13408.0
11398.0
5944.5
11274.0
12773.5
11301.5
11368.5
13020.5
13160.0
15317.0
14824.0
10958.0
13716.0
13319.0
13785.5
10647.5
7566.0
14652.0
13257.0
10997.0
809.0
13132.5
12976.0
12794.0
9176.5
13224.5
0
6455.0
438.5
13074.5
13379.5
12707.0
2701.5
10049.5
5644.0
12675.5
14035.0
15397.0
15785.0
9124.0
14691.5
14611.5
11059.5
12842.5
14496.5
14630.0
13537.0
12274.5
10923.0
13878.5
12944.0
13032.0
14300.5
12733.0
14201.0
12962.0
13436.0
0
14851.0
14732.0
14803.5
15885.0
8164.0
10655.0
15712.5
5552.5
0
1807.5
12290.0
10505.0
13625.5
12589.5
10131.5
13094.0
13303.5
471.0
10568.5
11530.5
15873.0
10295.0
13329.5
12984.5
13570.5
5477.0
5155.5
13188.0
10964.5
0
1904.0
12807.0
14922.5
14002.0
13375.0
13886.5
13744.5
13500.0
4776.0
5107.0
13499.0
16059.5
14651.5
68.0
12348.5
13284.5
14220.0
15198.0
14666.5
13557.5
15928.5
14144.5
13793.0
13716.0
2952.0
12241.0
15326.5
11463.5
14621.5
15134.5
6811.5
13880.5
15601.5
13732.5
15312.5
11904.5
14417.0
12401.5
12353.0
13610.5
10625.0
13144.0
12654.0
14375.5
800.0
5610.5
3293.0
438.5
4110.0
13609.0
13940.5
12852.0
13711.0
12888.0
6259.0
11923.5
14336.5
860.0
11500.0
14274.5
10062.0
3331.5
3083.5
13736.5
14394.5
13764.0
10580.0
13326.5
14647.5
12614.5
10465.5
12772.5
14835.5
10350.5
12918.5
0
14206.5
2607.5
13377.0
13470.5
0
13406.0
10076.5
12274.5
0
14273.5
12747.0
14284.5
12640.0
13392.0
13012.0
12845.0
13066.5
14212.5
3436.0
14871.0
13323.0
13151.5
12820.0
11321.0
126.5
7624.5
14192.0
14258.0
13469.0
0
0
11475.0
11712.0
8587.5
11545.5
14622.5
12701.5
14592.0
12327.5
13918.5
12536.0
13495.0
13867.0
13895.5
11819.0
10365.0
11064.0
12280.5
0
15230.0
14828.0
13403.5
2940.5
12310.5
10591.5
4460.5
0
15262.5
13497.5
10699.0
13223.5
13697.5
13352.0
13803.0
13517.0
14322.0
12776.0
13215.0
8245.0
14255.5
10935.5
11053.0
14552.5
14942.0
15291.0
11844.5
13252.0
13866.5
10120.5
14684.5
0
14009.5
13424.5
10610.0
10591.5
0
10535.5
12591.0
1903.0
5533.0
12914.0
13535.5
13639.0
13679.0
10500.0
5164.0
13966.5
13809.5
4699.5
14183.0
10477.5
13103.5
14004.0
10223.0
6275.0
0
10143.5
10362.5
2197.5
12995.0
13906.5
13889.0
14478.5
14780.0
13543.5
15208.0
14802.0
6570.5
6308.5
13054.0
11378.0
10057.5
13142.0
14276.5
14527.5
5713.0
12686.0
12915.5
12023.0
12835.0
6543.0
13594.5
13729.0
10847.0
10119.5
12988.0
13320.0
10146.5
68.0
13319.5
1394.0
1432.0
794.5
13236.0
1972.5
10253.5
10140.0
5897.5
13943.5
0
1213.0
12386.5
15622.0
14874.0
13834.0
7014.0
13306.5
6257.5
10066.0
12956.5
14066.0
1475.0
0
13408.5
14984.0
12509.5
3837.0
10075.0
13529.5
13396.5
2569.0
12573.0
13829.5
14701.0
13020.5
5421.5
8961.0
13945.0
13254.0
12863.5
138.0
10495.0
13827.5
11021.0
6053.0
2331.0
10132.0
14337.5
10108.0
8027.5
7211.5
13498.0
15413.5
790.0
14489.0
13148.0
13237.0
12153.0
15757.0
14122.0
10578.5
12984.5
12895.5
11917.5
13717.0
13498.0
12972.5
12485.0
13623.5
13950.5
13073.5
10659.5
4772.0
6980.5
0
13204.5
15587.5
13291.5
11014.5
8001.0
15056.5
12891.5
13644.5
14111.5
13342.0
12877.0
14040.0
13021.5
13794.5
11419.5
15497.5
10550.5
6480.0
13049.0
12178.5
12975.0
13495.0
7685.0
10947.5
6258.0
14203.5
13367.0
12278.0
12771.5
12330.0
14466.5
12714.5
14104.0
12265.5
13208.5
12886.0
10757.5
12828.5
15627.5
12684.0
13991.0
14579.0
14194.0
10622.0
11842.5
13171.0
12965.5
13077.5
14835.5
12423.0
16227.5
11853.5
12485.0
2499.0
14251.5
11249.0
12076.5
10512.5
6370.5
13495.0
13293.0
13232.5
12847.5
13837.5
12410.5
14288.0
13292.0
12809.0
68.0
13665.0
5563.5
13013.5
10549.5
13342.5
14993.0
12913.5
12896.5
13584.5
14459.5
11661.5
10603.5
13418.0
12401.0
10071.5
14086.5
1512.0
13710.5
7185.5
10824.5
12219.5
11960.5
5745.0
11856.0
13480.5
11195.5
12986.5
8978.5
8904.5
11821.0
11671.5
14925.0
13183.0
12872.5
10994.0
13971.5
10591.5
14601.5
10199.0
12923.5
13570.5
6757.5
15268.5
11919.5
5012.0
14252.5
15657.0
11015.0
12888.5
13654.0
12847.0
14300.0
14240.0
7002.0
13721.0
12854.0
14846.5
11976.5
6887.0
13998.5
14446.0
860.0
5533.5
14602.0
12951.0
14182.5
0
11004.5
13779.0
14801.0
12439.0
6836.0
13848.5
12736.5
5899.0
13478.0
7046.0
14436.0
15205.5
13196.5
15087.5
6200.0
11256.0
3011.0
7663.5
10567.5
12910.0
15692.0
14961.0
11067.5
13509.5
13737.0
14952.5
12341.5
13136.0
14084.5
13684.5
13931.5
16226.0
10158.5
1589.5
13334.5
13250.5
13906.0
14447.5
15014.5
13099.5
13738.0
13551.5
13095.0
11902.5
14105.0
10879.0
12680.0
14705.5
5495.0
13590.5
16248.5
13816.5
12788.0
14980.5
14835.5
13511.5
14406.0
13518.0
13412.5
2645.5
13471.0
11410.5
6773.0
11069.0
10534.5
10997.5
14070.5
13618.5
1512.5
10962.0
13894.5
14832.0
13455.5
12557.0
14231.0
14864.5
12518.0
14843.5
10102.0
14195.0
10680.5
14044.0
11613.5
12306.5
13407.0
12888.5
14535.0
11717.5
14166.5
15907.5
13053.0
12297.5
8521.5
12351.0
10742.0
11144.5
15033.0
14344.0
17238.5
8050.5
6459.0
13294.5
14520.0
14258.0
12027.0
12777.5
4734.5
14550.0
2098.0
2606.5
14961.5
2939.0
15817.0
14669.0
13402.5
13095.5
10938.5
14061.0
13157.0
6551.5
10549.5
11611.5
12652.0
7656.0
2526.5
12075.0
13855.5
11457.0
12678.0
4399.0
12976.5
14613.5
12936.0
10952.0
13828.0
6980.5
10121.5
14138.0
5533.0
3758.5
14067.0
13598.5
14948.0
12539.0
13541.5
11700.5
13905.5
12866.0
14411.5
10554.0
15108.0
14837.5
12551.0
13854.0
10681.0
13724.5
12477.0
13424.0
14384.5
8162.0
13249.5
12441.0
5068.5
5887.5
11839.5
13636.5
438.5
13164.5
10999.0
13342.0
12978.5
13449.5
12903.0
5251.5
13074.0
12350.5
13514.5
11630.5
13662.0
15589.0
12777.0
12926.5
13057.5
15071.5
13608.0
13315.0
14708.0
14495.5
7907.0
0
10975.5
14829.0
10730.5
13453.0
13946.0
13067.0
10957.5
14860.0
13746.0
13078.5
8206.0
14395.5
0
2637.5
4449.5
15276.0
14276.5
12553.0
10995.5
13885.5
12308.5
13738.5
12815.0
13267.5
12965.5
13648.5
10405.5
15332.0
489.5
15220.0
14970.5
12823.5
14007.5
13335.0
12303.5
13371.0
12752.5
7323.0
11834.5
0
13141.0
8655.0
13120.0
13216.0
14477.5
14480.0
7526.0
13936.0
13372.5
15734.0
14164.5
14686.0
14791.5
12945.5
11944.0
5735.0
11615.5
11595.5
13032.5
14528.5
10516.5
13923.0
14573.5
5793.0
10555.0
13443.0
13277.5
126.5
14216.0
10198.0
11933.0
14119.0
11475.5
13171.5
13335.0
8476.5
14517.5
13515.0
12172.0
68.0
14180.5
14468.0
6066.0
14268.0
10608.0
12770.0
14186.0
13317.5
13062.5
12512.0
14774.0
14961.0
12598.0
11728.5
12454.0
13958.0
11040.0
13967.5
5315.0
13512.0
4833.0
10253.5
11613.0
12748.0
14931.5
12071.0
14375.5
11907.5
12581.5
13092.0
10073.0
13469.0
13473.0
14979.0
12645.0
6350.5
13421.5
6108.0
14642.0
11441.5
12765.5
13420.0
10595.0
14780.5
11924.5
10180.0
13647.5
6362.0
13851.5
5514.5
14081.5
10082.5
3348.5
4990.0
13664.0
10111.5
10075.0
13222.5
14428.5
14246.5
14343.5
6377.5
10064.0
13163.5
9644.5

0
5252.5
11420.5
12097.5
10497.5
10312.5
14365.5
14611.0
14038.0
10308.0
12865.5
14936.5
15352.5
14692.0
10184.0
11700.0
16155.0
6511.5
12368.0
10511.5
13385.5
13815.0
12098.0
3367.0
15118.5
13085.0
10505.0
4641.0
11786.5
8422.5
0
6570.5
11548.0
15005.5
14502.5
2939.0
12843.5
13814.0
13873.5
13762.5
4329.0
15035.5
10295.5
14682.5
13044.0
13776.5
13160.0
14371.0
12016.0
6331.5
13060.0
7204.5
13342.5
6399.5
13614.0
13160.5
6885.0
12891.0
13199.5
14436.5
14064.5
5126.5
10549.0
13650.5
10519.0
14134.5
10052.5
12851.0
11229.0
12291.0
0
13310.0
13648.0
14573.5
14056.5
10664.0
13886.5
12898.0
5592.0
11479.0
13219.5
13004.5
13545.5
14240.0
13266.0
14223.5
12921.0
7660.5
68.0
16661.5
15525.5
10207.5
14738.5
14619.0
13655.0
13788.5
11196.5
14826.5
10104.5
13795.0
10624.5
7184.0
8625.5
12403.0
13973.5
13603.0
12322.0
12694.5
13301.0
15281.0
9664.0
7976.0
13386.5
15024.0
13616.5
6463.5
12713.0
13948.0
12919.0
14036.5
11577.0
14501.0
13610.5
13717.0
12032.0
10755.5
2686.5
5339.0
13716.0
11231.0
11462.5
13394.0
10637.5
14823.0
12409.0
13587.5
14091.5
10545.0
14693.5
868.0
5645.0
12177.0
13727.5
0
13759.0
13750.0
14634.0
15063.0
11772.5
10277.0
11441.5
13841.0
14842.5
10051.5
15544.0
13861.5
14022.0
12758.0
13763.5
8735.5
12329.0
10105.0
11395.5
10699.0
12645.0
5108.0
5140.0
12658.5
14036.5
15188.0
12983.5
14758.5
14249.0
14209.0
12071.0
13263.0
12056.0
13054.5
419.5
0
14634.0
13344.0
14276.0
10937.5
7335.5
13824.0
12888.5
10798.0
2166.0
7034.5
12626.5
13316.5
13887.0
2323.0
11567.0
14132.0
1548.5
16436.5
12471.0
14367.5
14699.0
13259.0
10171.5
12836.5
13669.0
2841.0
14528.0
14485.0
11270.0
13859.0
15050.0
14984.0
12998.5
10179.0
10131.0
10598.0
6559.5
10996.0
14621.5
13074.5
15186.5
11847.0
13961.0
10979.0
13349.5
13937.5
12813.5
13837.5
10102.5
16148.0
10093.0
10149.0
5808.5
13650.5
11916.5
12232.0
15029.0
10463.5
13761.0
11389.0
13555.0
13629.5
12335.0
10172.0
5291.5
1533.5
12292.0
6668.0
13277.5
11789.5
13688.0
9332.0
14238.5
10077.0
10954.0
13479.5
11945.0
12604.5
4404.0
13499.0
13308.0
12298.5
1426.5
10365.5
12521.5
13162.0
11034.5
13058.5
13602.5
10124.0
12982.5
13023.0
10588.0
12801.0
12099.5
13428.5
14501.0
12852.5
14294.0
11405.5
12858.5
12781.0
13996.5
11923.5
15737.5
13124.0
10212.0
13062.0
13412.5
10195.0
12390.0
13940.5
14508.5
12794.0
14003.5
14615.0
4637.0
11012.0
13221.5
13593.0
13262.0
10108.5
11098.0
10937.0
12309.0
10103.0
10536.0
14729.5
14605.5
12539.5
13879.5
14392.5
11235.0
11660.0
10535.5
7790.0
11062.0
7237.0
809.0
12683.0
12474.5
12843.0
12991.5
5799.5
12754.5
10775.5
11415.5
13327.5
12789.0
5696.0
12214.5
15023.0
13890.0
11082.5
13378.5
12732.0
13430.0
11497.0
15223.0
11492.0
8923.0
5576.5
11933.5
15534.5
12447.0
12146.5
8571.5
5981.0
383.0
11811.5
10548.5
12737.5
12767.5
12748.5
15988.0
15407.0
5086.0
10506.5
6603.0
12965.0
13475.5
14274.0
11029.0
11867.0
11480.5
10540.5
7477.5
13648.5
11631.0
11254.5
6369.0
13092.5
12866.0
13235.0
68.0
6844.0
13163.0
0
11255.0
12796.0
13220.0
0
12737.0
12459.0
8784.5
10069.5
13187.0
12553.5
13331.5
13816.5
12270.5
14189.0
15148.0
5829.0
15637.5
10642.0
10066.0
11202.0
11407.0
12811.5
14375.5
9187.0
14796.5
8737.5
10832.0
13244.0
13457.5
14194.5
12995.5
13007.5
12104.5
10989.0
15145.0
13868.0
12883.5
12631.0
12957.5
13588.5
12760.0
11386.0
13027.5
10084.0
11022.5
10177.5
12532.5
12363.0
13421.5
13476.5
4658.5
14357.5
10562.0
13289.5
12087.5
11093.0
419.5
0
13416.0
14515.5
13696.0
10550.0
10602.0
419.5
12125.5
13364.5
11589.0
9533.0
2569.5
13202.0
13425.5
14671.5
4014.5
15619.0
10103.0
13889.5
13229.0
13909.5
14747.0
10536.5
13098.5
11605.0
5659.5
8951.0
13358.0
13117.5
13240.0
14817.5
13187.0
13654.5
138.0
5881.5
6782.5
11121.0
11899.0
13180.0
13770.5
12774.5
10955.5
10290.0
2920.0
10173.0
11400.5
10553.0
13677.5
13538.5
10521.0
13077.5
4958.5
12709.0
13443.5
11903.0
14569.5
13401.0
12942.0
13333.5
10589.5
12802.5
0
13095.0
12284.0
13004.0
13844.0
6258.0
12953.0
12110.5
13244.5
13063.0
14102.0
13477.0
4414.5
15783.5
14491.0
14692.0
8940.5
13623.0
14771.0
15108.5
12944.0
13850.5
5069.5
13570.5
14275.5
11423.5
10512.0
15040.0
