8.0
15.5
68.0
50.0
68.0
68.0
68.0
458.0
68.0
438.5
365.5
153.5
68.0
828.5
0
68.0
68.0
68.0
8.0
67.5
68.0
458.0
68.0
447.5
8.0

68.0
68.0
68.0
68.0
1443.0
68.0
629.0
163.0
22.5
57.5
68.0
8.0
0
68.0
68.0
0
438.5
0
68.0
68.0
458.0
68.0
438.5
383.0
40.5
736.0
22.5
1389.5
163.0
257.0
173.0
68.0
472.0
68.0
647.0
434.0
54.0
22.5
50.0
68.0
68.0
719.0
68.0
438.5
68.0
68.0
68.0
348.5
68.0
68.0
68.0
434.0
68.0
68.0
438.5
365.5
57.5
68.0
1226.0
68.0
66.5
0
477.0
68.0
8.0
543.5
68.0

543.5
68.0
68.0
3125.5
54.0
646.0
0
68.0
927.0
348.5
68.0
519.5

458.0
348.5
1199.0
68.0
68.0
821.5
68.0
257.0
458.0
8.0
68.0
22.5
29.0
332.0
68.0
995.5
922.0
68.0
22.5
458.0
68.0
1592.5
68.0
22.5
68.0
0
68.0
68.0
348.5
68.0
68.0
646.0
458.0
68.0
1109.0
1119.0
68.0
68.0
1006.0
458.0
1703.5
533.5
257.0
0
68.0
0
0
68.0
68.0
68.0
68.0
551.5
65.0
438.5
45.5
35.0
68.0
2000.5
848.0
68.0
68.0
1109.0
68.0
68.0
68.0
68.0
537.5
257.0
68.0
68.0
68.0
1726.5
8.0
0
629.0
348.5
348.5
68.0
1218.5
35.0
68.0
458.0
68.0
434.0
2421.5
68.0
1630.0
68.0
719.0
464.0
22.5
1016.5
741.0
68.0
68.0
68.0
348.5
809.0
646.0
1128.5
2240.0
22.5
3104.0
68.0
68.0
68.0
8.0
912.5
68.0
68.0
613.5
68.0
68.0
68.0
738.5
458.0
68.0
67.5
515.0
68.0
68.0
632.5
956.0
348.5
715.0
68.0

153.5
738.5
828.5
738.5
68.0
68.0
29.0
68.0
2216.5
348.5
1581.0
0
68.0
438.5
68.0
68.0
348.5
458.0
68.0
68.0
348.5
68.0
0
0
.0
627.5
914.0
438.5
68.0
627.5
173.0
8.0
68.0
944.0
29.0
0
68.0
68.0
1504.0
438.5
68.0
365.5
809.5
458.0
68.0
850.0
4238.5
1298.0
257.0
68.0

1578.5
736.0
824.5
0
1023.5
68.0
443.5
68.0
738.5
1499.0
1939.0
68.0
68.0
923.5
68.0
2294.0
425.0
68.0
68.0
804.5
68.0
1111.5
68.0
68.0
68.0
1055.5
68.0
446.0
828.5
68.0
537.5
68.0
2095.0
2356.0
707.5
1145.5
68.0

68.0
68.0
647.0
68.0
68.0
438.5
738.5
271.0
332.0
68.0
458.0
68.0
243.5
365.5
458.0
68.0
1877.0
257.0
68.0

1409.0
438.5
68.0
1222.5
173.0
1810.5
438.5
68.0
257.0
828.5
68.0
68.0
68.0
1013.0
1702.0
68.0
833.5
257.0
68.0
1989.0
68.0
2687.5
635.5
1419.5
2730.5
365.5
438.5
458.0
68.0
922.0
1400.5
719.0
647.0
438.5
257.0
1133.0
627.5
438.5
365.5
68.0
533.5
0
68.0
1285.0
1389.5
68.0
757.5
348.5
68.0
1096.0
458.0
755.5
738.5
173.0
0
68.0
1016.5
68.0
68.0
627.5
68.0
736.0
68.0
1857.5
3799.0
1109.0
2842.5
614.0
68.0
633.5
0
68.0
348.5
1584.5
458.0
647.0
68.0
2747.5
541.0
1665.5
640.0
68.0
1940.5
738.5
1303.5
438.5
2833.0
1205.5
818.0
68.0
68.0
533.5
257.0
68.0
736.0
647.0
68.0
0
1288.0
68.0
1219.5
458.0
68.0
3497.0
1414.0
348.5
68.0
1131.0
348.5
68.0
1100.0
738.5
5425.5
68.0
68.0
365.5
1194.5
1094.5
68.0
1387.0
438.5
438.5
68.0
1779.0
342.5
1333.5
68.0
417.5
997.5
1845.5
68.0
271.0
1973.0
0
1478.0
68.0
1597.5
68.0
820.0
0
614.0
163.0
524.0
0
1188.5
163.0
1205.0
348.5
68.0
153.5
2102.0
68.0
1179.5
5099.5
627.5
521.0
627.5
458.0
68.0
828.5
729.5
365.5
925.0
2180.5
365.5
0
68.0
257.0
68.0
543.5
1033.5
1211.5
243.5
68.0
1872.5
348.5
2048.5
0
481.0
68.0
1695.0
68.0
1688.0
68.0
68.0
68.0
1017.5
1295.0
5857.5
1895.5
68.0
1030.0
68.0
633.5
642.5
633.5
1540.5
4297.0
438.5
0
365.5
921.0
68.0
153.5
3429.0
835.5
1289.0
719.0
1659.0
257.0
736.0
68.0
0
438.5
1239.0
1886.5
755.5
163.0
68.0
1030.0
438.5
2452.5
68.0
633.5
68.0
68.0
2190.0
438.5
68.0
614.0
68.0
999.5
68.0
365.5
3458.0
1864.5
68.0
2968.0
68.0
828.5
68.0
1312.0
0
661.0
68.0
257.0
68.0
1406.5
68.0
68.0
68.0
3393.5
332.0
68.0
0
68.0
3664.0
0
1387.5
929.5
68.0
2761.0
68.0
68.0
68.0
68.0
68.0
0
649.5
816.5
1283.0
68.0
68.0
65.0
68.0
533.5
68.0
68.0
3291.5
68.0
943.0

537.5
724.0
68.0
68.0
68.0
68.0
68.0
348.5
731.5
1097.0
925.0
1109.0
68.0
1387.0
458.0
68.0
257.0
460.0
438.5
1650.5
348.5
1477.0
0
629.0
738.5
543.5
68.0
1855.0
68.0
365.5
348.5
1395.0
543.5
68.0
4009.5
2667.0
68.0
953.5
1117.0
68.0
68.0
515.0
1208.0
814.0
458.0
348.5
68.0
68.0
68.0
633.5
68.0
2484.0
68.0
68.0
68.0
438.5
1398.0
738.5
68.0
348.5
2077.0
68.0
68.0
458.0
1645.5
68.0
438.5
1386.0
1906.0
1427.0
68.0
68.0
554.5
2743.5
68.0
1127.5
5614.5
68.0
1885.0
1012.0
68.0
68.0
2437.0
68.0
2007.5
68.0
257.0
1661.5
1397.5
951.5
0
0
1126.0
1578.5
1126.0
1036.0
458.0
68.0
0
433.5
817.0
68.0
4644.0
524.0
68.0
352.0
419.5
68.0
828.5
4656.5
991.5
68.0
68.0
68.0
68.0
1218.5
68.0
68.0
68.0
3364.0
1945.5
68.0
1506.5
0
1693.0
3651.0
68.0
68.0
1630.0
68.0
68.0
365.5
68.0
0
717.0
5408.0
738.5
68.0
271.0
3777.5
1893.5
989.5
3988.5
68.0
1687.0
68.0
68.0
427.0
458.0
629.0
521.0
348.5
1315.0
68.0
699.5
923.5
68.0
348.5
1392.0
68.0
0
2356.0
1732.0
647.0
68.0
814.0
65.0
1486.0
719.0
3632.0
68.0
0
1593.0
438.5
1097.0
1396.0
1038.0
348.5
68.0
68.0
1615.0
1516.0
1499.0
1117.0
2354.5
0
163.0
68.0
3163.0
866.0
68.0
830.5
163.0
68.0
68.0

68.0
458.0
68.0
68.0
68.0
68.0
68.0
68.0
68.0
458.0
68.0
68.0

1207.0
257.0
926.5
2498.5
629.5
1431.5
348.5
3324.0
719.0
163.0
438.5
992.5
457.0
1226.5
999.5
4076.5
1874.0
438.5
68.0
3588.0
3206.5
460.0

68.0
68.0
1019.0
633.5
68.0
68.0
68.0
0
460.5
922.0
68.0
1106.5
68.0
1947.0
446.0
481.0
68.0
68.0
163.0
507.5
2838.0
427.0
2900.0
68.0
348.5
68.0

68.0

0
68.0
736.0
438.5
1316.5
828.5
68.0
1683.5
68.0
458.0
68.0
2859.0
646.0
348.5
438.5
257.0
68.0
68.0
458.0
68.0
1942.5
1718.0
929.0
68.0
1114.5
68.0
257.0
1480.5
68.0
458.0
554.5
50.0
990.5
68.0
68.0
1927.0
68.0
1102.0
68.0
1901.5
163.0
1036.0
1024.5
537.5
816.5
2949.0
348.5
1412.0
68.0
1201.5
438.5
68.0
543.5
68.0
1098.5
4606.0
1637.5
0
942.5
2257.0
543.5
68.0
365.5
2276.5
2339.5
67.5
627.5
1595.5
1228.5
2366.0
4005.0
68.0

1479.0
68.0
68.0
68.0
68.0
68.0
1636.0
68.0
68.0
243.5
68.0
68.0
68.0
68.0
68.0
526.0
68.0
68.0
719.0
257.0
68.0
818.5
68.0
2601.5
68.0
68.0
3375.0
163.0
724.5
927.5
257.0
2281.5
923.5
68.0
348.5
1980.5
0
68.0
828.5
68.0
2185.0
68.0
1316.5
1497.5
1106.5
925.0
0
4016.0
438.5
68.0
458.0
809.5
1383.0
1281.5
2522.0
68.0
0
348.5
1389.5
438.5
271.0
849.0
740.5
332.0
3364.0
736.0
68.0
68.0
1224.0
443.5
2721.0
2078.0
2738.5
0
68.0
438.5
816.5
348.5
2071.0
348.5
348.5
0
3619.0
848.0
0
1616.5
68.0
438.5
68.0
2396.0
2240.5
1910.0
1358.0
537.5
7036.5
68.0
836.0
1407.5
68.0
0
68.0
332.0
68.0
1019.0
68.0
743.5
1518.5
6866.0
68.0
68.0
568.5
1390.0
68.0
0
738.5
824.0
419.5
68.0
1899.5
738.5
68.0
828.5
0
738.5
68.0
6055.0
534.5
338.5
68.0
926.5
619.0
3312.5
68.0
271.0
68.0
163.0
0
257.0
1034.0
0
1392.5
1014.0
3201.0
68.0
68.0
68.0
67.5
828.5
68.0
68.0
922.0
925.0
68.0
1406.5
1211.5
68.0
612.5
68.0
515.0
68.0
1686.0
537.5
1403.0
2101.0
68.0
1406.5
458.0
635.5
848.0
4219.5
627.5
0
257.0
1004.0
1037.5
0
0
2920.5
163.0
736.0
68.0
718.0
68.0
4350.5
1876.5
1684.0
524.0
68.0
348.5
22.5
68.0
438.5
68.0
434.0
606.5
2068.5
738.5
1181.5
68.0
713.0
466.5
68.0
1407.5
348.5
68.0
2318.5
1427.0
746.5
443.5
2817.0
68.0
2450.0
68.0
438.5
755.5
68.0
458.0
68.0
738.5
365.5
68.0
0
736.0
828.5
518.0
944.0
68.0
521.0
1036.0
1145.0
163.0
1952.0
68.0
68.0
68.0
68.0
0
438.5
68.0
153.5
737.5
257.0
68.0
1029.0
3127.5
751.0
1222.0
68.0
0
0
2728.5
647.0
68.0
1128.0
348.5
68.0
1188.5
2233.0
68.0
68.0
0
818.0
944.5
458.0
2070.0
1980.0
1794.5
555.5
68.0
68.0
2189.0
68.0
68.0
1537.5
68.0
163.0
163.0
365.5
755.5
68.0
755.5
1002.5
1476.0
931.0
68.0
1224.0
68.0
68.0
163.0
1761.5
2004.0
446.5
1606.0
68.0
163.0
2690.5
163.0

1968.5
1336.0
257.0
68.0
719.0
3490.5
243.5
458.0
2016.5
614.0
68.0
68.0
0
3411.0
533.5
809.0
1499.0
524.0
163.0
458.0
446.0
2761.0
717.0
828.5
1418.0
68.0
68.0
1209.0
1223.5
914.0
1147.0
68.0
554.5
629.5
3155.5
68.0
817.5
1909.5
2518.0
438.5
605.0
271.0
538.5
1223.0
68.0
68.0
68.0
68.0
646.0
68.0
68.0
68.0
524.0
1708.0
1004.5
68.0
2054.5
68.0
608.5
458.0
2759.0
1896.0
173.0
434.0
68.0
1626.5
1103.0
533.5
68.0
2002.5
2452.0
1383.5
524.0
1298.0
5441.0
1858.0
612.5
0
163.0
596.5
951.0
68.0
553.0
817.0
163.0
1396.0
443.5
68.0
519.5
524.0
68.0
2198.5
153.5
1205.5
257.0
458.0
68.0
4517.5
0
443.5
257.0
458.0
914.0
2470.5
724.0
828.5
2047.0
1099.0
257.0
2305.0
68.0
68.0
68.0
2834.5
719.0
257.0
620.5
835.0
68.0
68.0
1022.5
438.5
68.0
0
627.5
3063.5
68.0
925.5
68.0
68.0
0
0
68.0
719.0
68.0
68.0
1527.0
438.5
648.0
1110.5
68.0
2173.5
356.5
68.0
2157.5
173.0
725.5
438.5
68.0
433.5
508.5
2511.0
1517.0
2009.5
458.0
5545.0
4256.5
1792.5
68.0
722.0
1705.0
2329.5
5009.0
0
443.5
543.5
908.0
348.5
0
1315.0
1019.5
68.0
1434.0
919.0
68.0
68.0
524.0
2077.0
828.5
68.0
4321.0
68.0
257.0

541.0
348.5
68.0
827.5
68.0
458.0
163.0
646.0
937.5
68.0
2841.5
68.0
451.0
908.0
1190.0
1240.0
68.0
2233.0
1703.5
4116.0
719.0
68.0
533.5
68.0
1059.0
68.0
627.5
68.0
68.0
2520.5
1125.5
801.5
1780.0
2227.5
904.0
68.0
68.0
533.5
0
743.5
1089.5
1711.0
68.0
460.0
534.5
243.5
365.5
2105.5
2019.0
68.0
2276.5
534.5
2060.5
68.0
2059.0
939.0

438.5
68.0
163.0
553.0
1030.0
2756.5
438.5
438.5
1023.5
348.5
453.5
627.5
68.0
1329.0
524.0
1392.5
68.0
828.5
2465.0
719.0
68.0
1022.0
646.5
649.5
68.0
1966.0
68.0
1398.5
1353.5
554.5
68.0
68.0
3743.5
707.5
749.0
719.0
68.0
68.0
2284.5
68.0
2447.0
1704.5
68.0
68.0
68.0
533.5
533.5
1226.0
741.0
2255.0
2164.5
348.5

627.5
68.0
68.0
68.0
554.5
365.5
1315.0
68.0
828.5
458.0
68.0
68.0
2553.0
68.0
3219.0
1889.0
647.0
5891.0
1225.0
537.5
66.5
1971.0
1363.5
68.0
163.0
68.0
3503.5
2748.5
1109.5
612.5
365.5
927.5
538.5
438.5
4351.5
908.0
993.5
163.0
458.0
1778.5
1030.0
1298.0
68.0
554.5
1214.0
438.5
944.5
1107.0
633.5
1121.0
1779.5
352.0
68.0
1013.0
243.5
438.5
804.5
438.5
1534.0
68.0
2170.0
1691.5
68.0
809.0
68.0
348.5
68.0
2437.5
751.0
1566.0
1195.5
529.0
1944.5
68.0
852.0
1406.5
3422.0
812.0
814.0
2825.0
458.0
1863.5
917.5
68.0
1695.0
1973.0
533.5
68.0
153.5
68.0
68.0
2053.5
348.5
524.0
68.0
998.0
727.0
614.0
68.0
153.5
438.5
4066.0
0
68.0
3290.5
333.5
2336.5
458.0
7496.0
348.5
629.5
5080.5
271.0
1109.0
68.0
1299.0
352.0
2848.0
438.5
828.5
533.5
68.0
352.0
1394.5
2367.5
68.0

4790.5
68.0
1862.5
1766.5
0
2825.5
1484.5
365.5
68.0
2161.0
68.0
627.5
4546.0
1055.0
434.0
533.5
596.5
68.0
68.0
365.5
68.0
1597.0
68.0
68.0
438.5
543.5
1610.5
1292.5
738.5
3097.5
1869.5
68.0
2221.0
68.0
68.0
4000.5
1879.0
68.0

3675.5
1685.5
68.0
0
68.0
163.0
4114.5
434.0
1417.5
438.5
2139.5
831.5
68.0
1023.5
68.0
538.5
612.5
438.5
647.0
68.0
68.0
163.0
68.0
68.0
68.0
1049.5
68.0
4056.0
458.0
537.5
543.5
1347.0
2896.0
68.0
1017.5
646.0
534.5
647.0
2543.5
1407.5
2794.0
1301.0
1976.0
257.0
68.0
1972.0
68.0
1553.5
2320.5
830.5
257.0
68.0
627.5
537.5
458.0
1915.0
68.0
1699.5
1690.5
438.5
1529.5
629.0
736.0
790.0
68.0
68.0
68.0
68.0
68.0

438.5
736.0
1185.5
68.0
348.5
68.0
1818.0
163.0
332.0
1764.5
458.0
3684.0
68.0
1844.5
438.5
68.0
627.5
1133.5
243.5
68.0
1407.5
348.5
68.0
68.0
1862.5
1985.5
1934.0
0
4186.0
649.5
828.5
622.5
434.0
68.0
2258.5
1324.0
68.0
633.5
68.0
451.0
2548.0
914.0
68.0
342.5
257.0
835.0
458.0
852.5
257.0
68.0
646.0
1796.0
0
365.5
939.0
68.0
646.0
365.5
0
1126.0
1872.0
68.0
68.0
1109.0
925.0
460.5
1115.5
68.0
68.0
0
348.5
803.0
68.0
4585.5
2797.0
1778.5
1562.0
68.0
5968.0
631.0
2594.0
68.0
1676.5
1118.5
927.5
1128.5
3826.5
2871.0
68.0
537.5
1687.5
629.0
717.0
995.0
636.5
68.0
68.0
3652.0
603.5
356.5
2254.5
944.0
736.0
153.5
68.0
1504.5
3258.0
68.0
68.0
2825.5
68.0
0
163.0
2651.0
1211.5
68.0
534.5
1879.5
1014.5
529.0
804.5
831.0
1389.5
68.0
458.0
629.5
1952.5
365.5
68.0
835.0
3706.5
68.0
1957.0
913.0
163.0
458.0
736.0
894.5
68.0
1606.0
68.0
848.5
738.5
2728.5
916.0
824.0
633.5
68.0
68.0
68.0
68.0
1484.0
243.5
68.0
68.0
646.0
153.5
68.0
1802.0
632.5
3451.5
3137.0
1492.0
68.0
163.0
1968.5
68.0
365.5
153.5
348.5
68.0
2859.0
68.0
163.0
348.5
2881.0
1324.0
1199.0
5390.0
628.5
1988.0
68.0
1218.5
1015.5
68.0
68.0
1019.0
348.5
68.0
68.0
68.0
830.5
68.0
2675.5
722.5
1651.0
541.0
1509.0
551.5
3009.5
163.0
647.0
1559.0
824.0
68.0
6047.5
647.0
68.0
2954.5
1583.0
1114.0
841.0
1870.0
1694.5
2928.0
163.0
68.0
926.5
1110.0
68.0
257.0
2576.5
4750.5
365.5
68.0
2464.5
1222.5
1679.5
3904.0
551.5
68.0
736.0
458.0
3520.5
646.0
835.0
828.5
738.5
68.0
2814.5
348.5
348.5
2297.0
715.0
3261.0
6446.5
68.0
68.0
1016.5
5343.5
2389.5
2185.0
68.0
68.0
663.0
1021.0
2656.0
68.0
452.0
1974.5
1126.0
629.5
257.0
1241.0
2135.5
460.5
1469.0
68.0
1033.0
68.0
2345.0
243.5
3027.0
173.0
68.0
999.5
68.0
1856.5
68.0
4083.5
627.5
3570.0
68.0
68.0
1978.5
348.5
1103.0
941.5
68.0
1578.0
458.0
976.5
68.0
926.5
719.0
629.5
163.0
434.0
627.5
1967.5
257.0
850.5
257.0
2227.0
451.0
68.0
515.0
68.0
1723.5
68.0
1297.5
554.5
948.5
3586.5
68.0
68.0
5110.5
996.0
708.5
438.5
68.0
68.0
68.0
438.5
1950.5
68.0
68.0
68.0
1833.0
6223.0
1985.5
961.0
1492.0
553.0
849.0
68.0
68.0
163.0
738.5
2084.0
1427.0
2968.5
68.0
3319.5
332.0
835.0
646.0
2429.0
2178.0
3758.0
68.0
3118.5
365.5
68.0
0
633.5
1078.0
68.0
163.0
935.5
1133.5
6817.0
541.0
0
2042.0
163.0
7119.5
163.0
943.5
1702.5
1218.5
1940.5
3611.5
68.0
458.0
2060.5
1769.0
6108.5
724.5
2078.0
1038.0
68.0
2857.5
1516.0
646.5
68.0
1690.5
2155.0
632.5
1021.5
2192.0
3659.5
68.0
68.0
248.5
68.0
1373.0
738.5
365.5
458.0
554.5
1514.0
1207.5
68.0
620.5
68.0
911.5
443.5
627.5
1794.0
458.0
68.0
738.5
2850.5
2177.0
984.0
68.0
419.5
271.0
425.0
68.0
68.0
348.5
68.0
5007.0
68.0
623.0
1976.0
2482.5
2433.5
1034.0
4461.5
922.0
3623.5
1223.0
68.0
68.0
2531.5
68.0
850.0
3106.0
1324.5
68.0
68.0
68.0

348.5
5345.0
4105.5
2692.0
1855.0
2280.5
68.0
1386.0
833.5
68.0
68.0
1608.5
1013.0
2306.5
937.5
835.0
1603.5
68.0
68.0
1500.0
629.0
1480.5
1985.5
5031.0
3149.0
243.5
68.0
2744.5
68.0
163.0
332.0
458.0
1859.0
68.0
458.0
3981.0
1136.5
1497.5
271.0
68.0
1830.5
909.5
609.5
68.0
1984.5
2546.5
348.5
1509.5
419.5
68.0
68.0
1013.0
68.0
2355.0
68.0
68.0
153.5
68.0
257.0
722.5
641.5
1599.5
738.5
458.0
1179.5
1334.5
2440.5
68.0
5042.5
2753.5
663.5
612.5
153.5

629.0
2046.5
1005.0
736.0
150.0
926.5
68.0

4940.0
1509.5
1580.5
68.0
68.0
68.0
524.5
1111.0
348.5
649.5
5107.5
537.5
3309.5
1015.5
2814.5
458.0
534.5
545.5
153.5
68.0
1612.0
1031.5
1297.5
1125.0
1312.5
1998.0
3117.5
68.0
1258.5
1023.0
3797.5
68.0
738.5
1098.5
3203.0
68.0
2084.0
68.0

434.0
68.0
68.0
5190.5
68.0
68.0
2251.5
543.5
2240.0
365.5
3116.5
68.0
68.0
68.0
458.0
2154.0
633.5
1522.5
1314.0
947.0
738.5
348.5
458.0
3298.5
68.0
365.5
150.0
163.0
365.5
2640.0
163.0

937.5
68.0
1109.0
943.5
458.0
1977.0
68.0
1028.0
348.5
438.5
533.5
4443.0
453.5
458.0
738.5
995.5
826.5
1033.5
3897.0
1003.0
1299.5
68.0
646.0
633.5
2789.5
68.0
1518.5
68.0
3211.5
365.5
68.0
68.0
2290.0
365.5
1333.5
163.0
1784.0
515.0
1402.0
1019.0
458.0
68.0
68.0
365.5
1598.5
817.0
68.0
1038.0
1705.5
348.5
1894.5
3136.0
2759.0
2761.5
809.0
68.0
5259.5
2489.0
68.0
68.0
629.0
1055.0
1778.5
736.0
68.0
1950.5
1016.5
3527.0
629.5
2726.5
1588.5
741.0
1785.0
3432.5
438.5
6248.5
68.0
1794.5
3590.0
68.0
1036.0
68.0
163.0
736.0
458.0
68.0
1864.5
1053.0
243.5
2044.5
443.5
629.5
438.5
348.5
947.5
438.5
348.5
4768.0
68.0
626.5
434.0
68.0
1143.5
271.0
68.0
627.5

2351.5
365.5
1588.0
68.0
630.0
5537.5
3769.0
68.0
438.5
2441.5
1016.5
3448.0
2918.5
830.5
836.0
1892.0
1124.0
68.0
68.0
1581.5
2692.0
68.0
1615.0
68.0
257.0
1993.5
352.0
2738.5
1430.0
627.5
1757.5
68.0
243.5
68.0
4588.5
68.0
537.5
68.0
1705.0
4312.5
654.0
702.5
543.5
163.0
68.0
68.0
920.5
1796.5
68.0
943.5
1222.5
144.5
68.0
1019.0
1529.5
68.0
2797.0
68.0
1036.0
68.0
1218.5
68.0
1978.5
629.0
2091.5
3869.5
514.0
68.0
68.0
2033.5
2487.0
68.0
1488.5
1615.0
925.0
68.0
2290.5
1824.0
809.0
2452.0
68.0
68.0
2167.5
348.5
1241.5
524.0
4297.5
828.5
68.0
348.5
1796.5
68.0
3142.0
68.0
365.5
1109.0
3327.5
68.0
68.0
68.0
818.5
1803.5
68.0
922.0
68.0
68.0
68.0
614.0
365.5
68.0
2094.0
533.5
1221.0
2265.0
68.0
1103.0
68.0
646.0
1401.0
612.5
1109.0
620.5
68.0
68.0
4880.0
68.0
68.0
68.0
68.0
68.0
524.0
68.0
68.0
524.0
3705.5
68.0
68.0
3670.0
68.0
438.5
736.0
1002.5
68.0
646.0
68.0
68.0
68.0
1502.0
68.0
1800.0
68.0
1218.5
1572.5
365.5
382.5
2785.5
68.0
68.0
153.5
458.0
458.0
736.0
68.0
630.0
831.0
2730.0
646.0
741.0
153.5
348.5
738.5
2434.0
29.0
1949.0
1687.0
68.0
68.0
934.5
926.5
1370.5
68.0
1058.5
348.5
931.0
1795.5
646.0
68.0
348.5
7541.5
365.5
68.0
1122.0
1319.0
68.0
3223.0
68.0
68.0
649.5
755.5
348.5
68.0
1030.0
2151.5
1193.0
724.0
914.0
641.5
68.0
342.5
1278.5
541.0
2826.5
2847.5
348.5
68.0
2838.5
243.5
629.0
551.5
646.0
1102.0
163.0
68.0
68.0
849.0
68.0

3767.5
1591.0
1036.0
640.0
68.0
68.0
458.0
257.0
627.5
724.0
541.0
1106.5
533.5
68.0
4045.0
1519.5
1989.5
2437.5
3682.0
537.5
2351.5
365.5
719.0
153.5
68.0
68.0
68.0
68.0
614.0
1813.5
68.0
1178.0
68.0
828.5
554.5
2819.0
438.5
68.0
1800.5
348.5
2513.5
1109.0
3270.5
1314.5
365.5
68.0
163.0
1991.0
163.0
1575.5
1577.5
4731.5
1388.0
68.0
68.0
333.5
173.0
1194.5
1111.5
3805.5
458.0
923.5
460.5
1789.5
68.0
997.0
1531.5
68.0
68.0
836.0
10357.5
68.0
554.5
1397.5
1348.5
1890.0
944.5
68.0
68.0
257.0
1149.5
68.0
2258.0
257.0
633.5
348.5
68.0
348.5
1519.5
458.0
3486.0
5958.5
68.0
3512.5
1407.5
849.0
3911.5
1388.0
348.5
694.0
68.0
633.5
1016.5
2752.0
6386.5
68.0
68.0
1069.5
163.0
3218.5
68.0
68.0
1119.5
927.5
944.5
524.5
629.0
2172.0
1804.0
555.0
627.5
68.0
348.5
719.0
3881.5
68.0
68.0
1974.5
68.0
68.0
163.0
929.0
2464.5
719.0
271.0
68.0
543.5
2055.5
4157.5
163.0
636.0
0
68.0
2120.5
533.5
3329.5
537.5
438.5
1016.5
419.5
1383.5
1116.0
4160.5
2549.0
4062.0
68.0
1788.5
1969.5
817.0
612.5
939.0
68.0
348.5
554.5
1053.0
3112.0
3134.5
3393.0
2446.5
2354.0
68.0
533.5
68.0
629.5
1884.5
257.0
534.5
1488.5
447.5
533.5
2906.0
3297.0
993.0
2532.5
5286.0
828.5
1207.5
68.0
68.0
1482.5
1496.0
50.0
68.0
68.0
736.0
1504.0
68.0
537.5
853.5
633.5
68.0
2738.0
68.0
1019.0
2642.0
6047.5
1053.0
1617.5
1694.0
606.5
68.0
68.0
755.5
68.0
537.5
1505.0
68.0
629.0
1813.0
1201.0
554.5
1208.5
1317.5
3377.0
1402.0
533.5
0
814.0
68.0
3570.5
5379.5
153.5
434.0
163.0
68.0
3366.5
458.0
2258.0
3369.0
533.5
163.0
977.0
3865.5
663.5
68.0
1214.0
68.0
68.0
616.0
4536.0
68.0
1136.0
627.5
1525.5
4916.5
68.0
3886.0
438.5
332.0
68.0
1016.0
68.0
68.0
68.0
2463.0
536.5
529.0
736.0
3130.5
35.0
933.5
538.5
1120.0
646.0
1408.5
68.0
68.0
710.0
3620.5
1533.0
885.5
2845.0
425.0
5496.0
2246.0
1413.5
68.0
4044.5
1018.5
1807.5
68.0
1976.0
2279.0
647.0
815.0
460.5
442.0
68.0
1005.0
1411.0
3856.0
719.0
163.0
3316.5
68.0
348.5
443.5
2365.5
4514.0
68.0
68.0
2176.0
68.0
1411.0
68.0
600.5
2206.0
646.0
68.0
68.0
68.0
68.0
2614.0
68.0
68.0

1584.5
1093.0
722.0
2864.0
1397.5
1258.5
521.0

163.0
173.0
2392.5
460.5
810.0
68.0
1293.0
1169.5
629.0
1866.5
68.0
2551.5
1591.5
5799.5
1019.5
68.0
3593.0
0
2528.0
1430.0
68.0
68.0
646.0
68.0
68.0
68.0
68.0
738.5
68.0
2873.0
614.0
4603.0
1970.0
68.0
3501.0
68.0
1865.0
173.0
68.0
1126.0
1711.5
4541.5
348.5
68.0
1495.0
3107.5
1505.5
533.5
1036.0
68.0
68.0
77.5
68.0
365.5
1098.5
1199.0
68.0
939.0
1872.5
3126.5
1207.5
1143.5
68.0
2307.0
3733.5
2144.0
3409.0
2087.0
458.0
2800.0
365.5
4346.0
633.5
4735.5
1351.0
458.0
1608.5
1819.5
738.5
348.5
68.0
738.5
1279.0
68.0
68.0
68.0
1309.5
6744.0
2504.5
1566.0
438.5
1085.0
2461.0
533.5
68.0
2385.0
818.0
68.0
68.0
2474.5
68.0
1053.0
2134.5
3287.5
1036.0
1197.0
1038.5
1642.0
68.0
551.5
3416.5
1599.0
726.5
452.0
2147.5
271.0
68.0
7729.5
1496.5
1706.5
163.0
68.0
605.5
1018.0
68.0
944.0
6271.0
1411.5
2908.0
5645.5
2064.5
0
68.0
1496.5
3151.0
68.0
927.5
633.5
1962.5
1872.0
848.5
1016.5
5031.5
1761.0
943.5
0
2184.0
533.5
627.5
348.5
68.0
1536.5
1490.5
4117.5
1128.5
1106.5
68.0
438.5
2389.0
2134.5
460.0
68.0
2430.0
1812.5
3223.5
944.5
2186.0
1283.0
1910.5
537.5
68.0
2241.5
163.0
2762.0
67.5
646.0
68.0
738.5
2367.5
443.5
524.0
68.0
1573.0
5476.0
68.0
68.0
930.0
5997.5
1895.5
2565.5
616.0
2274.5
830.5
6228.0
365.5
4149.5
627.5
2814.0
383.0
734.0
1088.0
3411.5
2897.0
243.5
163.0
458.0
1300.0
2420.5
3728.0
68.0
740.5
1777.5
614.0
521.0
68.0
68.0
68.0
4395.5
2679.0
1568.0
3699.5
1514.5
719.0
1783.0
68.0
1489.0
1616.5
68.0
1316.5
348.5
348.5
1017.5
68.0
438.5
68.0
437.0
1813.5
1474.5
1199.0
68.0
645.0
646.0
828.5
343.5
5910.5
629.0
1190.5
163.0
68.0
68.0
2983.0
434.0
537.5
1489.5
2839.0
1485.5
1385.0
938.0
68.0
0
908.0
1631.0
1443.0
4160.0
438.5
68.0

1522.5
4424.0
1208.5
68.0
3496.0
68.0
1131.0
0
68.0
68.0
738.5
1390.0
332.0
755.5
1516.0
163.0
1514.0
68.0
629.5
68.0
1498.0
68.0
68.0
1486.0
57.5
1511.5
3392.0
633.5
419.5
612.5
2813.5
1526.5
961.0
365.5
2074.5
1038.0
68.0
4597.5
524.0
646.0
2150.0
1928.5
1673.5
443.5
646.0
1890.0
438.5
533.5
2242.0
0
2554.0
1964.0
68.0
629.5
1112.5
438.5
68.0
68.0
1353.0
2372.0
2471.0
68.0
1841.5
1199.5
1316.5
0
537.5
944.5
2246.5
68.0
348.5
4368.5
68.0
911.5
2916.0
1029.0
68.0
534.5
1010.5
2660.5
629.0
5716.5
438.5
736.0
646.0
2531.5
2077.0
68.0
68.0
68.0
68.0
1333.5
1895.0
348.5
3324.0
68.0
2322.5
163.0
1075.5
68.0
1791.5
534.5
4515.5
917.5
1129.5
68.0
1842.0
990.5
661.0
1965.5
1314.0
994.0
1179.5
365.5
257.0
832.0
2471.0
1012.0
438.5
68.0
2753.5
3021.5
68.0
68.0
4052.5
537.5
257.0
68.0
3410.5
1477.0
2725.5
2046.0
365.5
719.0
4558.0
2837.5
3205.5
68.0
1115.5
438.5
68.0
3465.5
3569.0
365.5
1207.5
2987.5
68.0
68.0
458.0
724.0
4690.5
1687.5
3926.0
4573.0
515.0
68.0
68.0
3195.0
2458.5
365.5
719.0
3508.5
68.0
1096.5
732.5
68.0
438.5
68.0
533.5
3293.5
3541.5
68.0
68.0
757.0
5656.5
612.5
2463.5
68.0
348.5
3165.5
629.0
68.0
1016.5
348.5
68.0
553.0
1173.5
943.5

2259.5
2001.5
68.0
551.5
2888.5
68.0
2172.5
2266.5
1957.0
7905.0
68.0
68.0
646.0
458.0
1858.5
1400.5
3112.0
736.0
68.0
755.5
451.0
1843.0
3984.0
3455.5
997.5
1716.5
5057.0
1306.0
3678.5
257.0
2475.0
3326.5
1219.5
68.0
68.0
719.0
3136.0
68.0
738.5
1869.5
1981.0
910.0
68.0
438.5
612.5
68.0
68.0
2841.0
553.0
1783.5
5184.5
1051.0
3408.5
738.5
1333.5
348.5
741.0
4407.0
1402.0
2119.0
2297.5
629.0
958.5
5082.5
4603.0
925.0
458.0
68.0
1634.5
257.0
1222.5
77.5
4937.5
438.5
68.0
68.0
68.0

4138.0
534.5
1639.5
68.0
68.0
1503.0
1404.0
68.0
3704.5
2659.5
1603.5
2084.5
2553.5
3137.0
8578.5
1051.0
2611.0
627.5
838.5
5496.5
1951.5
1688.0
68.0
1010.5
1132.5
1036.0
927.5
1534.0
2264.0
68.0
68.0
4043.5
0
68.0
926.5
1224.0
4477.5
68.0
5562.0
458.0
832.0
830.5
68.0
68.0
5347.0
68.0
2282.5
68.0
941.5
1874.5
68.0
3723.0
348.5
4193.0
68.0
68.0
68.0
614.0
3480.0
68.0
68.0
1766.5
2467.5
68.0
68.0
68.0
68.0
1814.0
1012.0
1018.0
163.0
830.5
2467.0
646.0
2906.0
909.5
555.5
68.0
68.0
738.5
458.0
4163.5
2348.0
824.0
926.5
2865.0
1705.0
1877.0
1430.0
1979.0
0
1570.0
2491.5
68.0
943.5
365.5
2512.0
3091.0
828.5
717.0
791.0
3413.0
68.0
1786.5
68.0
365.5
1778.0
68.0
1308.0
1673.5
2898.0
68.0
3252.0
719.0
68.0
68.0
4666.5
2002.0
68.0
1017.5
68.0
68.0
526.0
3148.5
663.5
1098.0
1373.0
554.5
943.5
438.5
2265.0
2044.5
2094.0
1126.0
348.5
68.0
909.5
719.0
1929.0
163.0
2367.5
3214.5
365.5
4824.5
2441.0
68.0
3178.5
68.0
68.0
647.0
68.0
68.0
738.5
365.5
10257.5
348.5
537.5
9941.5
438.5
332.0
526.0
68.0
1698.0
629.0
2287.0
521.0
2882.5
68.0
438.5
2437.0
2939.0
458.0
68.0
68.0
77.5
3492.5
1674.0
927.5
68.0
5290.0
5018.5
2249.0
2372.5
1479.5
1207.0
1489.5
1222.5
1038.5
2537.5
641.5
8791.0
68.0
3201.0
348.5
153.5
68.0
1410.0
68.0
6439.5
1221.0
1019.0
173.0
68.0
1486.0
2678.5
68.0
543.5

529.0
68.0

1033.5
3904.0
68.0
2787.0
633.5
271.0
3555.0
836.0
3342.5
68.0
163.0
3207.5
68.0
3806.0
68.0
2073.0
438.5
1036.0
348.5
908.0
68.0
348.5
6447.5
68.0
68.0
719.0
2885.0
4049.0
68.0
1000.0
1670.0
68.0
3317.5
3043.5
68.0
68.0
2624.0
4392.0
736.0
5057.0
68.0
1483.0
1814.5
6786.5
68.0
2647.5
600.0
6951.0
2688.0
438.5
434.0
1985.0
2816.0
2829.5
163.0
3221.5
1109.0
1917.0
458.0
1608.5
2467.0
4286.5
68.0
4641.0
1211.5
1317.5
257.0
68.0
1668.5
3097.5
1844.5
10228.0
68.0
611.5
68.0
348.5
1000.0
2372.5
1385.5
68.0
3223.0
4891.5
8076.5
1505.0
2788.5
1824.5
68.0
7035.5
68.0
7187.0
4052.5
3109.5
1168.0
1092.5
1207.0
1089.5
1136.5
1986.5
6271.0
1316.5
1937.5
2821.5
348.5
1410.5
68.0
1031.5
365.5
2692.5
68.0
2618.5
1594.5
5075.5
533.5
257.0
1128.5
68.0
68.0
738.5
3773.0
998.0
68.0
1119.0
348.5
68.0
163.0
1615.0
365.5
2052.0
9047.0
8227.5
4186.5
5633.0
68.0
68.0
1501.5
6556.5
271.0
438.5
3459.0
68.0
8300.0
68.0
629.0
68.0
943.5
1663.5
1578.5
1019.0
438.5
1300.0
458.0
1000.0
68.0
3268.0
2394.0
1538.5
803.0
2750.5
68.0
68.0
6345.0
1687.0
5038.0
2160.0
2580.5
68.0
1298.0
722.5
2765.0
2828.5
3357.0
1976.0
2243.0
68.0
12165.0
5445.5
3169.0
2360.0
68.0
68.0
1102.0
348.5
153.5
5100.0
3042.5
2307.0
1109.0
68.0
5449.5
68.0
1490.0
1127.5
1299.5
2493.0
6924.0
2937.0
1218.5
68.0
257.0
753.5
5881.5
1115.5
163.0
3596.5
1409.0
2547.5
68.0
3808.0
719.0
2563.5
1841.5
2564.0
3334.0
438.5
5688.5
68.0
2397.5
68.0
2265.5
68.0
4479.0
68.0
1841.5
2930.5
3268.5
2067.0
8861.5
1968.0
1999.0
68.0
736.0
2445.0
5557.0
10434.0
1128.0
926.5
68.0
68.0
68.0
257.0
3549.5
68.0
612.5
348.5
538.5
2952.5
4960.5
68.0
348.5
2156.0
1350.5
7230.5
1034.0
438.5
526.0
2884.0
16462.0
5920.0
5094.0
68.0
68.0
4920.0
2447.5
0
1079.0
944.5
7143.0
3184.0
629.0
68.0
3289.0
68.0
5785.0
537.5
442.0
1820.5
2362.0
1053.0
5982.5
68.0
1611.5
458.0
1499.0
1884.5
1053.0
4862.0
68.0
1121.5
3928.5
6578.5
1409.0
4468.0
68.0
1866.5
3714.5
68.0
3060.0
2345.5
1780.5
629.0
5071.5
852.5
68.0
1503.5
4474.5
612.5
6298.0
68.0
1126.0
1894.5
1981.5
1611.0
6429.0
68.0
3668.5
474.0
29.0
7104.5
537.5
3456.5
365.5
68.0
7617.0
458.0
646.0
5638.5
68.0
456.0
3107.0
68.0
5886.0
6527.0
5688.5
910.0
6169.0
755.5
11949.0
9505.0
9002.0
926.5
1894.5
3422.0
6870.5
4558.5
2755.0
348.5
1238.0
68.0
458.0
1595.5
6253.5
68.0
68.0
3302.5
3495.5
68.0
738.5
896.0
13015.5
4707.0
2472.0
1488.0
2147.5
9395.5
1479.5
68.0
1409.5
4392.5
1670.0
163.0
3281.5
68.0
1486.0
2788.5
68.0
1036.0
68.0
537.5
68.0
68.0
3301.5
2903.5
543.5
4974.5
68.0
68.0
1998.5
68.0
2927.5
6408.5
4146.0
2983.5
927.5
2267.0
663.0
1951.0
9968.0
647.0
438.5
2277.5
6226.5
5223.0
458.0
700.0
3284.5
2186.5
8297.0
3900.0
6990.0
448.0
9869.5
68.0
629.0
2319.5
68.0
2173.5
1102.0
0
68.0
3637.0
1105.5
5943.0
1503.5
2081.0
1565.0
68.0
999.5
1886.5
3871.5
1520.5
257.0
629.5
434.0
68.0
3186.0
3556.0
68.0
524.0
5409.0
348.5
68.0
2442.5
4143.5
1326.5
1782.5
1779.5
3613.0
1406.5
163.0
68.0
2942.0
852.0
68.0
2644.0
1966.0
1036.0
629.0
6275.0
6845.0
438.5
68.0
736.0
68.0
458.0
1138.5
4075.0
1724.0
1656.5
738.5
1036.0
2645.5
14291.0
2148.5
1205.5
2713.0
1092.5
2284.5
637.0
438.5
3213.5
1886.5
722.0
10404.5
2410.0
926.5
68.0
68.0
1094.5
2222.5
68.0
68.0
2268.5
5430.0
348.5
68.0
1849.5
2953.5
0
68.0
8049.0
2720.5
348.5
2043.5
7144.5
332.0
1207.0
16793.5
1204.0
2563.5
68.0
3174.0
649.5
3495.0
68.0
3142.5
738.5
68.0
1109.0
2454.0
6448.0
537.5
438.5
68.0
1895.0
6306.0
3561.5
2555.5
68.0
3721.0
68.0
163.0
11583.5
2484.0
348.5
438.5
1280.0
8521.5
1399.5
1595.5
4450.0
2986.5
14833.0
68.0
438.5
1985.5
419.5
68.0
3032.5
931.0
1592.5
4931.0
1895.5
7794.0
931.0
1317.5
2953.0
4275.0
931.0
10556.5
68.0
4839.0
1399.5
68.0
365.5
68.0
4954.5
365.5
828.5
4052.0
3621.5
68.0
943.5
5899.0
1207.5
0
2766.5
1942.0
629.0
4186.5
12130.5
3259.5
5906.5
2746.5
2160.0
2992.5
15743.0
13315.5
1016.5
3189.0
1036.0
1675.5
68.0
68.0
3631.0
68.0
2350.5
458.0
1117.0
68.0
1299.5
5220.0
60.5
3342.0
7348.0
2999.0
3610.0
68.0
9996.0
545.5
2982.0
1448.0
3165.0
9102.0
1509.0
4111.5
68.0
1109.0
68.0
2360.0
646.0
2703.0
1395.5
612.5
9558.0
2743.0
19176.5
2026.0
852.5
68.0
5595.0
365.5
68.0
2043.5
68.0
1430.0
6445.5
9519.5
2706.5
68.0
68.0
3555.0
163.0
68.0
1346.5
4932.5
243.5
7895.5
1390.0
717.0
753.5
68.0
68.0
3507.0
2053.5
2472.5
1033.5
6594.5
722.0
1511.5
1109.0
3752.5
8384.5
1208.5
1317.5
68.0
7367.0
0
68.0
1297.0
1036.0
68.0
3640.5
12041.0
5920.5
1494.5
1783.5
2329.5
68.0
0
1499.0
3140.5
2694.5
2999.0
19235.5
438.5
2417.0
8127.5
2195.5
1036.0
1129.0
0
2767.0
68.0
2567.5
1409.0
524.0
1423.5
1522.5
1861.5
906.0
68.0
1670.0
1224.0
2058.5
537.5
6259.5
5665.5
978.5
68.0
68.0
348.5
68.0
5412.5
2510.5
68.0
6373.5
68.0
68.0
8504.0
627.5
1301.5
248.5
7174.0
68.0
5973.0
5091.0
0
68.0
2062.0
0
5417.0
2358.5
8542.0
0
2472.5
5056.5
5937.0
9207.0
2282.0
68.0
458.0
1318.5
2383.5
68.0
4559.0
68.0
68.0
19611.5
458.0
3447.5
68.0
7814.5
3271.0
68.0
1690.0
6229.0
3558.0
3409.0
1102.0
2646.0
68.0
4083.5
68.0
68.0
1104.5
1053.0
1090.0
68.0
3344.5
68.0
1109.0
646.0
332.0
926.5
3047.0
1614.0
3728.5
3567.5
3943.0
6352.0
0
1951.0
5421.0
68.0
629.0
2092.5
3101.5
4239.0
4535.5
4000.5
620.5
68.0
647.0
1433.5
6685.0
8096.0
1525.0
1037.5
3848.0
629.5
629.0
2747.5
551.5
2885.0
646.0
68.0
3159.5
1460.5
68.0
627.5
2904.0
1046.0
1021.5
501.5
9521.5
5843.5
2784.0
1102.0
68.0
1609.5
943.5
1543.5
1983.0
68.0
68.0
348.5
1016.5
68.0
11339.0
2783.5
68.0
68.0
5872.0
2706.0
454.0
9175.5
1406.5
438.5
1878.5
5876.0
68.0
5325.5
68.0
68.0
2226.5
68.0
68.0
68.0
68.0
1611.5
2731.0
1506.5
824.0
2157.0
7384.5
537.5
2578.5
5520.0
68.0
1892.5
2246.5
68.0
173.0
533.5
68.0
153.5
9081.0
2547.5
163.0
543.5
2856.5
1368.0
1972.0
1493.0
1894.5
12551.0
438.5
68.0
4457.0
4496.5
7543.0
629.5
1866.5
0
7609.0
926.5
1321.5
9814.5
4322.5
5484.0
2246.5
8456.0
68.0
629.5
3161.5
629.5
1019.5
2725.0
1489.5
2134.0
68.0

68.0
1109.0
1112.5
7068.0
11236.0
612.5
1667.5
2445.0
365.5
1597.0
629.0
8986.0
6543.0
472.0
2078.0
7727.5
68.0
4501.0
68.0
11637.0
738.5
1444.0
4166.0
68.0
68.0
4128.5
68.0
4059.5
68.0
1671.0
5718.0
1390.0
1821.0
3175.0
2209.0
2761.0
3564.0
68.0
438.5
68.0
7270.5
7604.5
348.5
1599.0
719.0
68.0
1036.0
50.0
1150.0
348.5
633.5
458.0
365.5
4068.5
926.5
2230.0
10783.0
14286.5
4054.0
0
68.0
1321.0
2271.0
68.0
2771.5
818.5
1807.0
15976.5
14863.0
2079.5
4088.5
6323.5
68.0
4900.0
4662.5
68.0

6686.0
1972.0
173.0
68.0
1207.0
730.0
804.5
1342.0
68.0
1984.5
629.5
4946.5
13370.5
931.0
4630.0
1916.5
3392.5
4934.5
1115.5
3093.0
6596.5
554.5
13557.5
6681.5
419.5
2270.5
3019.0
7002.5
438.5
4579.5
3034.0
68.0
3221.0
4956.5
365.5
1496.5
0
1053.0
68.0
2057.5
4635.5
1771.0
2249.0
271.0
3734.5
68.0
365.5
500.5
68.0
1604.0
365.5
4607.0
3387.5
68.0
0
1019.5
365.5
4473.0
5222.5
8768.0
6922.5
3896.5
1911.0
986.0
1199.0
2467.0
68.0
908.0
3421.0
9242.0
2658.0
68.0
8082.0
68.0
1933.0
4138.5
68.0
2184.0
1429.0
1224.5
2711.5
646.0
1893.0
3644.5
68.0
68.0
163.0
17932.5
1891.0
3124.0
3643.5
10286.5
612.5
983.0
1503.0
68.0
9422.0
1019.0
5571.0
8632.5
68.0
3351.0
2271.5
1490.0
68.0
4127.5
2673.0
1126.0
1984.5
6200.5
606.5
2827.0
9075.5
612.5
3748.5
13283.0
818.0
5322.0
68.0
2940.0
3841.5
3895.5
1610.0
68.0
4045.5
2917.0
1897.0
2511.0
68.0
68.0
1520.5
3026.0
1777.0
11009.0
68.0
646.0
68.0
68.0
4200.0
68.0
2228.0
68.0
2244.0
2299.0
68.0
4482.5
1588.5
8603.0
1876.0
629.5
629.5
11191.0
68.0
7614.5
5828.0
620.0
960.5
1316.5
365.5
2302.0
1968.5
11395.5
2529.5
8870.5
4716.5
2047.0
68.0
2799.0
5523.5
8066.5
7448.0
438.5
3306.0
2357.5
2782.0
3199.0
68.0
910.0
5799.5
68.0
14365.0
257.0
68.0
68.0
926.5
893.0
3557.5
2654.0
2465.0
905.0
1557.0
14828.0
68.0
68.0
4139.5
8084.5
5480.5
2155.5
1111.5
1109.0
961.0
68.0
15742.5
12161.5
68.0
257.0
1019.5
68.0
4175.5
1610.5
2476.5
68.0
1236.5
5446.5
3849.0
663.0
68.0
68.0
68.0
1120.0
1910.5
2839.0
3995.5
348.5
2353.0
9461.0
4186.0
1241.0
608.5
68.0
1029.0
13034.5
68.0
68.0
68.0
3672.5
2751.5
1033.5
8041.0
8365.5
348.5
1707.5

348.5
8167.0
7086.0
6209.0
1106.5
1989.5
11640.5
2240.0
8922.0
10750.0
68.0
3406.0
3227.5
1859.0
17372.0
68.0
1594.5
2840.5
458.0
2363.0
4590.5
612.5
68.0
2456.0
68.0
68.0
1241.5
4150.5
68.0
13582.5
11791.5
1482.5
1019.0
1560.0
8984.0
6557.5
4981.5
1597.0
869.5
4203.5
68.0
2707.0
5065.0
3979.0
5864.5
68.0
2893.0
68.0
6693.5
4030.0
2741.0
7264.0
9081.0
66.5
68.0
2064.0
11539.0
741.0
68.0
3176.0
6253.5
6294.0
1504.5
348.5
68.0
68.0
3632.0
910.0
68.0
13388.5
9020.5
2355.0
736.0
68.0
3866.0
7739.0
3586.5
5863.0
68.0
4759.5
3232.0
1798.0
3596.5
1985.0
1610.5
999.5
68.0
4467.5
2751.5
68.0
4601.0
4413.0
68.0
365.5
8434.0
1033.5
1597.5
1522.0
922.0
68.0
163.0
271.0
68.0
7655.0
4036.5
2250.5
0
646.0
6829.5
521.0
68.0
809.0
1404.0
0
534.5
8282.5
627.5
3553.5
4706.0
9546.5
5520.5
1434.0
68.0
7709.5
1946.0
11660.5
2786.0
68.0
5049.0
1893.0
2827.5
4494.5
646.0
8056.5
348.5
4948.5
68.0
3129.5
4581.5
68.0
68.0
7732.5
3701.5
2356.0
910.0
13061.0
2567.0
8220.0
1589.0
2265.0
521.0
8122.0
6532.5
1019.0
4448.0
1802.0
68.0
5381.0
943.5
68.0
68.0

2359.0
1413.0
2299.0
1499.0
438.5
14854.5
3921.0
5409.5
68.0
2974.5
2067.0
13533.0
6832.5
68.0
3306.0
6817.5
68.0
11390.0
15271.0
68.0
1924.0
926.5
6777.0
68.0
1099.0
1331.5
4169.0
1132.5
1928.5
7180.5
3298.0
11101.5
4559.0
0
68.0
2631.5
3754.0
2474.0
3672.5
1225.0
68.0
7278.0
18551.5
2008.5
4463.0
68.0
68.0
1036.0
646.0
3502.0
68.0
68.0
2723.0
1480.5
2168.5
257.0

68.0
2822.0
11648.5
700.0
2263.0
1066.0
1119.0
1614.0
68.0
4478.0
438.5
68.0
24045.5
68.0
2416.5
717.5
5474.5
3225.5
68.0
524.0
10464.5
1019.5
1779.5
68.0
2397.5
1205.5
14328.5
1987.0
909.5
1016.5
3029.5
3744.0
2285.0
68.0
533.5
8537.5
2720.0
5873.5
1875.5
7234.0
15237.0
68.0
65.0
6665.0
4236.0
68.0
8102.0
68.0
1859.0
10366.0
2097.5
4574.0
3607.0
68.0
365.5
10424.5
68.0
332.0
2312.5
4020.5
9844.5
1499.0
68.0
54.0
1802.0
2531.5
2650.5
1869.5
5509.0
5802.5
68.0
68.0
348.5
1580.5
8151.0
1191.5
68.0
458.0
10073.0
5533.0
7736.0
1016.5
153.5
944.0
1470.5
68.0
3854.5
475.5
5012.0
6256.5
1036.0
4129.5
0
10233.5
13054.5
1614.0
9370.5
2259.5
68.0
5785.0
68.0
947.0
9910.5
9097.0
3086.5
944.0
6442.5
3581.5
60.5
4282.5
5816.5
14373.0
4123.0
3963.5
348.5
458.0
2077.0
68.0
2909.0
3130.5
944.0
5223.0
1894.5
10740.0
4092.5
438.5
12927.0
3228.0
68.0
6901.5
2359.0
3718.5
68.0
68.0
10762.0
68.0
8143.0
3067.0
68.0
1427.5
1032.0
3102.0
3080.0
2575.0
68.0
8486.0
68.0

2739.0
68.0
2250.0
5600.5
68.0
6384.5
3697.5
68.0
1124.5
4406.0
68.0
1327.0
12635.0
7853.5
2393.5
3210.0
4037.0
438.5
1982.0
7580.0
7647.0
16574.5
14659.0
1277.5
925.0
68.0
1593.0
0
6273.0
8911.5
2803.0
5414.0
68.0
4545.5
2065.0
1406.5
926.5
4066.0
5911.5
1984.5
10851.5
1912.0
3389.5
4835.5
68.0
1426.0
1241.0
3282.0
8664.5
738.5
4281.5
1281.5
68.0
68.0
1406.5
68.0
68.0
4552.0
2372.0
1396.5
5975.5
68.0
365.5
68.0
927.0
3071.0
629.5
1413.5
1890.0
7702.5
8547.5
629.0
5388.0
3375.0
4482.0
1578.0
4446.0
1882.0
68.0
1987.5
68.0
1126.0
68.0
3792.5
646.0
68.0
5346.0
6749.5
1051.0
4758.5
458.0
11682.5
4136.5
1126.0
1967.5
68.0
23555.5
2814.0
1496.5
68.0
3584.5
9491.0
4094.5
4086.0
2057.5
8738.5
1576.0
1126.0
10668.0
438.5
8437.0
10281.0
2321.5
77.0
5095.0
0
926.5
1614.0
1803.5
68.0
1878.5
533.5
2987.0
12888.0
6760.0
19264.5
6736.5
6554.0
68.0
68.0
4152.0
8085.0
68.0
1581.5
738.5
9729.5
6329.0
68.0
68.0
68.0
1718.5
4229.5
9397.5
8752.5
1743.5
3654.0
647.0
68.0
952.5
1109.0
17406.0
3866.0
3829.5
2705.0
4488.5
6320.5
8411.5
1019.0
1125.0
2962.5
1089.5
2453.0
12658.5
1316.5
9808.5
5581.5
68.0
68.0
849.0
2357.5
2702.0
68.0
4529.5
458.0
524.0
4664.5
10452.5
3029.0
1518.5
5894.5
920.0
68.0
68.0
68.0
5212.5
68.0
2453.5
68.0
4594.0
17769.0
5437.0
1471.0
68.0
7549.0
8011.5
10668.5
438.5
68.0
8142.0
1786.0
722.0
0
4014.0
6258.0
5374.0
68.0
10141.5
3190.5
68.0
1779.5
4441.0
8458.5
2327.0
1492.0
943.5
4644.5
2357.5
1583.0
5457.5
13781.0
2301.5
68.0
2635.5
68.0
2803.0
7088.0
68.0
5474.5
1392.0
68.0
11687.0
16749.5
0
7782.5
50.0
0
68.0
68.0
68.0
7092.0
1520.0
68.0
7720.5
13956.5
2193.0
3671.0
9079.0
68.0
5409.5
629.5
3597.0
629.0
12462.5
629.0
4403.0
68.0
6699.0
629.0
1132.5
68.0
4156.5
21337.0
68.0
2660.5
5353.0
4153.5
68.0
999.5
5819.5
19076.0
554.5
15450.0
3240.0
2813.5
1190.5
1870.0
4448.5
7155.0
4340.0
7135.0
5234.0
1614.0
1931.5
3651.5
914.0
7056.0
8096.5
8496.0
4061.0
1443.5
17126.5
629.0
6969.5
10256.5
2300.5
9860.0
68.0
443.5
5385.0
68.0
68.0
23598.5
15229.5
68.0
2946.5
12547.5
1948.5
943.5
646.0
1888.5
736.0
5766.5
2099.5
1878.5
1116.5
2655.5
4573.0
6873.0
4916.0
5948.5
5257.5
4204.0
2082.0
3328.0
6228.5
1063.5
68.0
9460.0
646.0
68.0
12501.0
7601.0
5414.5
5360.5
10587.0
2839.0
23646.5
2359.5
3145.0
68.0
3706.5
2676.0
3574.5
1488.0
68.0
68.0
68.0
5882.5
13001.5
68.0
10714.0
10851.0
1089.5
1878.0
4168.5
3722.0
2805.0
5409.0
877.5
8460.5
6669.0
68.0
5083.5
1629.0
9926.5
68.0
6650.0
5137.5
9033.5
68.0
18362.5
68.0
6258.5
3253.5
3594.5
332.0
1396.0
534.5
1779.0
1861.5
543.5
68.0
68.0
9327.5
68.0
6429.5
12482.0
479.0
6819.0
13376.5
6033.5
2692.0
724.5
7721.5
5245.0
68.0
1888.0
11461.0
365.5
3242.5
1406.5
1199.0
7871.0
68.0
2638.5
5874.5
6881.5
68.0
68.0
12067.0
2131.0
4421.0
15054.5
4915.0
646.0
15388.0
893.0
2432.0
11353.0
1597.0
271.0
8670.0
1346.5
14221.5
68.0
68.0
6046.0
551.5
4211.0
2961.0
1629.0
4905.0
629.5
1021.5
926.5
2686.0
6012.0
4073.0
7779.0
646.0
1879.0
2360.0
1783.5
1488.5
1016.5
365.5
11136.5
5490.5
12093.5
5920.0
7622.5
9593.0
438.5
7686.0
68.0
22764.5
11391.5
2206.0
16366.0
1128.5
4059.5
4008.5
9852.5
458.0
8865.5
5793.0
13718.0
2741.0
3313.0
3138.0
1847.5
4703.5

68.0
8443.0
6296.0
3689.5
6754.5
68.0
1875.0
2049.5
4277.0
68.0
68.0
5862.5
4413.0
3116.0
5533.0
0
68.0
68.0
2951.0
7588.5
1208.0
68.0
8153.5
68.0
0
68.0
68.0
9474.5
9450.5
1819.0
1972.5
612.5
458.0
534.5
9835.0
14310.0
68.0
9399.0
9484.5
5371.5
3721.0
4147.5
4583.0
2450.5
4143.5
6047.5
50.0
2339.0
2067.0
1224.0
612.5
1538.5
1431.0
7604.0
2284.0
438.5
7308.0
23700.0
68.0
9385.5
7608.5
554.5
12085.0
2936.0
738.5
1036.0
1471.0
4914.5
663.0
6768.0
1785.0
7057.0
507.5
9813.5
2070.5
68.0
2213.0
68.0
68.0
10397.0
3705.5
0
5588.0
2589.0
3991.5
68.0
6809.0
1895.0
1012.0
5547.5
2002.5
3457.0
9910.0
4760.0
68.0
521.0
3734.5
68.0
15174.5
3128.5
9546.0
13450.0
5122.0
18251.5
24234.5
68.0
6862.5
68.0
1136.5
7256.0
1504.5
68.0
68.0
2494.0
2096.5
6388.5
68.0
68.0
1595.0
1489.0
6358.5
68.0
15517.5
68.0
2335.5
438.5
4958.5
68.0
68.0
2961.0
1016.5
11987.5
2579.5
2899.0
13468.5
10291.0
15681.0
68.0
68.0
4101.5
3991.5
5519.5
68.0
2350.5
6863.5
1878.0
8452.5
515.0
1895.5
4438.0
2340.5
68.0
9495.0
15410.0
1991.5
5462.0
68.0
2097.0
19696.0
13880.5
612.5
1327.0
163.0
3739.0
2894.0
68.0
68.0
6343.0
21599.0
68.0
2673.0
5846.0
4450.5
2735.0
68.0
7869.5
0
5757.0
5380.0
8549.5
68.0
2548.5
10755.5
3883.5
365.5
8795.5
627.5
3644.5
5831.5
5232.5
4074.0
23097.0
13062.0
3604.0
4668.0
955.0
6253.5
5037.5
4560.5
8526.5
1886.5
3549.5
3938.5
8518.0
68.0
3655.0
4998.0
9741.5
533.5
68.0
68.0
816.5
2443.5
2984.0
68.0
10812.0
68.0
1949.5
1599.0
2266.0
1400.5
8576.0
68.0
8489.5
1966.5
10776.5
68.0
1871.5
3212.0
2615.5
3675.0
4070.0
3250.0
68.0
1752.5
1907.0
2565.5
443.5
4225.5
68.0
68.0
1321.0
2309.5
1446.5
3798.5
11222.5
6443.5
19534.5
9073.5
11682.0
1019.0
4554.5
68.0
3531.0
646.0
2857.5
9967.0
893.0
943.5
1406.5
1874.0
8981.5
3135.5
10778.5
24535.5
6919.0
15616.5
68.0
6422.0
4553.0
68.0
5514.5
1109.0
1016.5
4165.0
458.0
4063.0
9050.5
4154.5
68.0
10387.5
20044.5
1504.5
1019.0
5868.5
68.0
646.0
16936.0
5984.0
2679.0
12926.5
2008.0
68.0
10357.5
4146.0
2090.5
68.0
2068.0
629.5
68.0
1862.5
9705.0
17861.5
5901.0
7978.5
68.0
4012.0
4065.0
3144.5
3700.0
7153.5
601.0
5076.5
68.0
5523.5
1893.0
3202.0
60.5
2730.5
3672.5
22.5
68.0
7195.0
1539.0
12573.5
10171.0
68.0
5386.5
2487.0
6235.0
8.0
20529.0
1802.5
4578.5
2416.5
68.0
12002.0
1339.0
68.0
9191.5
9081.5
68.0
7972.5
8876.5
6244.5
809.0
16483.5
68.0
68.0
4084.5
68.0
1818.0
8854.0
13456.0
8668.5
68.0
68.0
3696.0
10724.5
1056.0
68.0
7693.0
1160.5
1802.5
348.5
2666.0
8331.0
719.0
68.0
458.0
6707.0
1479.5
7591.0
7526.0
5599.5
2368.5
1036.0
835.0
12963.5
4916.5
68.0
68.0
2248.0
21908.5
9485.0
2487.5
4001.5
5070.0
8273.0
68.0
2228.5
9784.5
12496.0
2806.0
68.0
8947.0
2762.0
4648.5
1796.5
2008.0
68.0
68.0
9751.0
4565.0
12106.5
1143.5
68.0
3561.5
1002.5
2074.5
1370.0
68.0
3733.0
15842.0
2661.0
68.0
2764.5
1912.0
18467.5
9335.0
5832.5
68.0
1848.0
5011.0
0
68.0
3919.0
9538.5
68.0
68.0
927.0
9450.0
3652.5
68.0
68.0
6744.5
68.0
5370.5
1873.0
3122.0
5592.5
1295.0
68.0
68.0
4478.5
13060.0
6840.0
2284.5
1112.0
4236.5
68.0
3915.5
6321.5
8083.5
7650.0
4032.5
3548.0
68.0
7622.0
5787.0
9838.5
2150.0
438.5
12941.0
3355.0
4587.0
3085.0
1034.0
15878.5
2667.5
1016.5
11694.5
348.5
1126.0
45.5
68.0
2189.5
68.0
68.0
2351.5
68.0
11314.0
12589.5
521.0
68.0
0
68.0
719.0
68.0
2839.0
68.0
68.0
6102.0
2529.0
19926.5
68.0
6963.5
17447.0
68.0
68.0
719.0
2347.5
3367.5
1780.0
68.0
4100.0
2749.0
17413.0
1409.5
4539.5
68.0
3263.0
9510.5
68.0
1128.5
8192.5
68.0
926.5
68.0
68.0
2752.5
1672.5
10234.5
15718.5
663.0
10302.0
3796.5
68.0
68.0
998.5
68.0
995.5
150.0
68.0
68.0
68.0
1875.0
3217.0
5893.0
10026.5
9429.5
714.0
2361.0
1406.5
35.0
1426.0
4982.0
8882.0
0
1406.5
3425.5
1316.5
5140.5
3584.5
4104.5
19348.5
1119.5
20940.0
3948.5
4785.0
5702.0
1631.0
68.0
1276.5
1016.5
68.0
0
9493.0
438.5
6482.0
2351.0
4963.5
438.5
68.0
68.0
4690.0
5869.5
68.0
14459.0
3125.5
4579.0
68.0
1928.5
68.0
646.0
6598.0
1174.5
9054.0
1805.0
12544.0
465.5
1082.0
7369.5
0
2248.5
11849.5
6543.0
646.0
1424.0
4272.0
0
68.0
68.0
68.0
68.0

3046.0
10000.5
68.0
68.0
945.5
4203.0
2486.0
4091.0
68.0
5852.5
7211.0
3624.0
6654.5
2835.5
10752.0
438.5
10632.0
68.0
7182.0
2278.0
4601.0
68.0
1019.0
68.0
828.5
3684.0
9662.0
4929.5
4694.0
68.0
534.5
2044.0
68.0
77.5
1036.0
8095.5
3505.0
5783.0
2635.5
4246.0
4067.5
4952.5
68.0
455.5
1406.5
2299.5
68.0
5410.5
926.5
5040.5
6407.0
4554.5
1878.0
471.0
0
68.0
9088.0
1116.5
68.0
926.5
11324.5
438.5
717.0
2137.5
941.5
68.0
952.0
68.0
68.0
790.0
2253.0
14913.5
1577.5
3575.0
4546.0
4470.5
8171.5
68.0
2722.5
68.0
9585.0
2464.0
910.0
11425.0
943.5
3372.5
647.0
5666.5
4013.0
4911.0
1385.5
68.0
1112.0
629.0
4925.5
6428.5
3186.5
8328.5
3809.0
6786.0
3146.0
68.0
6885.5
3390.0
7674.5
909.5
2546.0
4165.0
1877.0
14172.5
458.0
1941.5
11186.0
12900.5
10186.0
1295.0
4187.0
1984.5
4028.0
2973.5
68.0
4576.5
68.0
958.5
68.0
5386.5
68.0
6736.5
7654.0
68.0
68.0
3124.5
21144.0
68.0
7482.0
2079.0
1592.5
9763.0
1673.0
11109.5
1502.5
18793.0
1126.0
68.0
4163.0
4600.0
68.0
4464.0
3640.0
4288.5
11769.0
8986.0
68.0

4918.5
3198.0
0
13293.0
365.5
68.0
1597.0
68.0
68.0
9380.5
5591.0
4105.0
7757.5
12436.0
17909.0
18539.5
4948.5
943.5
5418.0
68.0
13359.0
7437.5
4381.0
2226.0
1894.5
163.0
7734.5
1967.5
5669.0
6273.5
7555.0
0
68.0
537.5
68.0
438.5
68.0
533.5
443.5
1880.0
7230.5
3282.5
68.0
2244.5
2292.5
0
68.0
68.0
3990.0
7630.5
68.0
7547.5
68.0
8773.0
5040.5
68.0
4605.5
332.0
6541.0
10948.5
7105.0
68.0
1907.0
68.0
1109.0
68.0
5799.0
68.0
3810.0
2241.0
997.5
68.0
68.0
524.0
2828.5
68.0
6396.5
68.0
533.5
4884.5
8056.5
68.0
438.5
6205.5
4284.5
629.0
2285.0
68.0
13860.0
13357.0
6330.0
7634.0
68.0
700.0
68.0
2252.5
910.0
2372.5
629.0
9798.0
6276.0
68.0
5171.0
14508.5
627.5
68.0
1505.5
10911.0
68.0
8.0
612.5
5105.5
472.0
7958.5
4681.0
12396.5
7387.0
663.0
11202.5
9103.5
5460.5
438.5
722.0
10274.0
3599.0
6059.0
629.5
4132.0
68.0
68.0
4578.0
2333.5
68.0
11564.0
2972.5
2562.5
4822.0
5781.5
646.0
14695.0
3063.0
903.5
68.0
1888.5
10272.5
6327.5
68.0
68.0
68.0
5159.0
8686.5
68.0
68.0
68.0
1126.0
1019.0
57.5
8341.5
2453.5
2934.0
1404.5
4786.0
7337.5
7336.5
4903.5
68.0
3679.5
68.0
68.0
4131.5
541.0
3630.0
2355.0
2579.5
68.0
2661.5
2538.0
927.0
4175.5
19210.0
1499.0
1800.0
1629.0
1504.5
15842.0
68.0
4067.5
2364.5
5924.5
68.0
5346.5
13350.5
68.0
4498.0
5752.5
0
1706.5
68.0
10408.5
10386.0
926.5
8462.5
5344.0
1033.5
68.0
3346.5
8665.0
17160.0
1419.0
10905.5
1017.5
7975.5
2768.5
4042.5
13346.5
68.0
1882.0
7808.0
2378.0
16056.0
11036.0
1520.0
13364.5
16326.0
6220.0
68.0
3725.5
1787.0
6518.5
68.0
2282.0
926.5
68.0
4768.0
2734.5
2429.0
7639.5
524.0
15185.0
3043.5
3718.5
9542.5
2664.0
779.0
627.5
961.0
3068.0
1145.5
68.0
646.0
2245.5
68.0
3613.0
661.0
4445.5
22.5
1471.5
68.0
4575.5
6783.5
9956.5
2771.5
11657.0
3892.5
1109.0
18983.0
2259.5
68.0
1390.0
1769.5
5030.5
8963.5
646.0
629.0
0
68.0
6644.5
21322.5
20442.5
5952.5
4459.0
1789.5
5257.5
7664.5
3184.0
68.0
4657.0
68.0
11302.0
8441.5
5051.5
629.0
821.5
2566.0
4759.5
5356.0
1299.5
1039.0
1489.5
14023.0
9069.5
3319.5
5053.0
4564.0
10424.5
68.0
1109.0
68.0
68.0
927.0
438.5
0
2768.5
4075.0
906.0
9927.5
3506.0
68.0
0
14820.0
4568.0
14353.0
4602.0
68.0
6334.0
1409.0
8506.5
68.0
19378.5
1770.0
15860.0
68.0
15520.5
534.5
7724.0
2471.0
10846.5
943.0
13798.5
1816.0
68.0
2682.5
68.0
1109.0
1612.0
3658.0
21060.5
2015.0
68.0
1597.5
13040.5
68.0
1036.0
2679.0
506.0
1331.0
68.0
14641.5
22695.5
2022.0
4245.5
4398.5
8796.5
68.0
3310.0
68.0
17029.5
6393.0
5994.0
22797.5
8434.0
927.0
1796.5
5633.5
702.5
65.0
68.0
7726.5
5456.0
68.0
5393.0
6679.5
553.0
3235.5
1241.5
458.0
68.0
68.0
8100.0
1837.0
4948.0
68.0
3135.0
11307.0
2173.0
3546.0
68.0
4933.5
9334.0
629.0
6706.0
10775.5
3124.0
1879.0
68.0
68.0
6068.0
68.0
68.0
3197.0
3212.0
3826.5
8140.5
10946.5
6337.0
1241.0
16230.0
1021.0
1539.0
68.0
365.5
7641.0
943.5
10202.5
4981.0
13154.5
9006.5
1173.5
68.0
9034.5
988.0
68.0
1351.0
348.5
7189.0
365.5
13412.5
6811.5
14116.0
68.0
927.0
13412.5
68.0
68.0
3893.5
1452.0
7250.5
12582.5
4103.5
17779.5
5543.5
629.0
2110.5
0
6326.0
22.5
77.0
7787.0
68.0
9483.5
13751.0
6865.0
3727.5
8543.5
8949.5
14343.0
5683.5
458.0
2066.0
0
629.0
10811.5
809.0
1782.5
8514.0
13493.5
68.0
5941.5
1858.5
438.5
3136.0
8171.5
4722.5
9908.5
6462.5
68.0
1492.0
5929.5
68.0
5411.5
9471.0
21310.5
68.0
1787.0
6881.0
2454.0
68.0
8890.5
68.0
10683.0
11254.5
68.0
68.0
2436.0
3306.0
490.5
2356.0
1890.0
3187.0
821.5
12912.5
3603.0
438.5
68.0
1347.5
4316.5
7089.0
68.0
2377.5
68.0
10359.5
6702.5
4209.0
17427.5
1595.5
5182.0
1119.5
5365.5
18031.5
10426.5
68.0
3229.5
3814.0
18783.0
68.0
6246.5
6111.5
1490.0
4539.5
68.0
0
7526.5
8325.0
68.0
1413.0
77.5
6350.5
2977.5
601.0
6357.0
68.0
68.0
2082.5
9857.5
5292.5
4432.0
2545.5
8445.0
1236.5
2225.5
2348.5
7966.5
257.0
68.0
7429.5
68.0
12876.0
68.0
5404.0
5409.0
3046.0
1707.5
1912.0
2936.0
524.0
68.0
7118.0
1894.5
453.5
9767.0
68.0
68.0
8954.5
6305.5
68.0
5050.0
12612.5
1612.0
68.0
3635.5
4295.0
6466.0
7166.5
3684.0
8065.5
2043.5
2491.0
5120.5
2660.5
3111.5
348.5
68.0
1394.5
7544.0
68.0
4640.5
9300.5
1430.5
0
4433.5
0
9732.0

9031.5
7273.5
4127.5
11188.0
5051.0
7122.5
6220.0
2316.5
7501.0
68.0
10157.0
68.0
0
4645.0
1597.0
14746.0
365.5
4713.5
7117.0
68.0
2765.5
10468.0
1016.5
3325.5
10453.5
68.0
1236.5
1224.0
629.5
68.0
4445.5
4950.0
68.0
3784.5
15195.0
68.0
68.0
3542.0
1392.5
2635.5
68.0
9547.5
4040.0
68.0
2077.0
11324.0
68.0
5996.5
2162.5
68.0
10213.5
2172.5
68.0
3552.5
3132.5
3893.0
3641.0
9961.5
2452.0
910.0
6012.5
18874.0
1968.0
68.0
2394.0
4134.0
65.0
68.0
8030.5
21493.0
68.0
6644.5
5789.0
68.0
3990.5
68.0
14320.0
7651.0
0
18233.5
5478.0
1190.0
629.0
2351.0
458.0
14276.5
11371.5
8492.5
5691.5
40.5
348.5
13583.0
627.5
1156.0
4318.0
1016.5
1689.5
4463.0
25122.5
68.0
24453.5
646.0
2365.5
1002.5
6363.5
1504.5
68.0
1670.5
17013.0
68.0
736.0
68.0
68.0
68.0
68.0
2772.5
6304.0
1400.5
1627.5
3350.5
629.0
2155.5
4075.5
8534.0
68.0
68.0
14807.5
2972.0
0
1796.5
3584.5
19321.5
7644.0
68.0
68.0
11181.5
438.5
6745.5
4523.0
2826.0
1498.5
68.0
68.0
1820.5
5857.0
943.5
6895.5
629.0
4554.5
68.0
68.0
14241.0
537.5
3129.5
6717.5
21786.0
3584.0
3043.0
4052.5
7861.0
4483.0
1109.0
1777.0
1859.0
1694.5
68.0
7111.5
12074.5
0
5387.5
2002.0
4552.0
2360.0
68.0
7808.5
4645.0
4652.5
68.0
68.0
2941.5
68.0
1953.5
348.5
3157.5
9745.0
2843.5
1395.0
10239.0
612.5
2273.0
68.0
68.0
4945.5
1451.0
68.0
8357.0
629.5
2373.5
10862.0
68.0
11676.0
438.5
1102.5
7536.0
4431.0
68.0
68.0
68.0
68.0
2529.0
5395.0
1911.5
3560.5
9962.5
2081.0
14465.0
2451.5
153.5
6745.0
1835.0
6345.0
3430.0
738.5
23106.5
14414.0
537.5
6238.5
1033.5
4445.0
68.0
453.5
2823.5
5902.5
68.0
68.0
68.0
2981.0
13870.0
9222.5
4578.5
2379.5
1921.0
2053.0
68.0
4606.0
5391.0
68.0
8077.0
1702.0
8937.0
8367.5
6338.0
2961.5
2261.0
2775.0
3163.0
8964.5
1504.5
68.0
3330.0
1343.5
1413.5
3750.0
835.0
4450.0
1005.0
6010.5
163.0
2828.0
3310.5
17099.5
1471.0
7705.0
68.0
68.0
3578.5
3098.5
4892.0
9452.0
0
68.0
999.5
2289.5
11992.5
68.0
447.0
68.0
0
2642.5
1053.0
1377.0
6754.0
3659.5
11671.0
1336.5
1804.0
68.0
9169.5
14842.5
5499.5
2230.0
3720.5
4121.0
5016.5
4598.5
68.0
11021.0
14601.5
13887.0
2447.5
68.0
14894.5
2810.0
943.5
3559.0
3885.5
10976.0
4091.5
2670.5
21394.0
1836.5
1895.5
458.0
7928.5
6313.0
5603.5
68.0
1333.5
9966.5
1022.5
85.0
8998.0
2545.5
78.0
2716.5
6764.5
24853.0
0
68.0
3109.0
4092.5
0
3646.5
10430.0
1460.5
9210.5
16706.0
348.5
2271.5
1114.5
4647.0
5731.0
4919.0
68.0
11454.0
3205.0
1580.5
68.0
2374.5
3425.0
3705.5
163.0
1362.5
9457.5
1010.5
2349.5
2511.0
12687.5
68.0
6231.5
11218.0
68.0
68.0
3501.0
998.5
68.0
2718.5
10407.5
521.0
3990.0
68.0
1687.0
68.0
4480.5
68.0
809.0
6896.0
4058.0
2624.0
9397.5
2079.5
927.5
1965.0
8905.5
738.5
3868.5
68.0
13016.5
3598.5
5131.0
0
24925.0
68.0
4811.5
68.0
68.0
68.0
68.0
10687.0
460.0
5911.0
8064.0
0
2096.5
68.0
2303.5
4973.0
454.0
931.0
2265.0
68.0
68.0
6056.0
8152.5
68.0
9913.5
7257.0
3644.0
3078.5
5057.0
6032.5
6528.5
3161.0
2505.0
2573.0
1844.5
5261.5
3042.5
3987.0
2241.5
0
1565.0
7794.5
10371.0
2758.0
7691.5
5011.0
68.0
2389.0
2344.5
1426.0
3475.5
6655.0
68.0
6640.5
68.0
629.5
6048.5
13794.5
5841.0
163.0
0
9922.5
926.5
2677.0
1706.5
2248.5
1875.0
68.0
68.0
1039.0
1036.0
734.5
2239.5
6162.5
11035.5
646.0
4065.5
68.0
4782.0
6613.0
1520.5
9031.5
4001.0
7674.5
1337.0
68.0
5017.0
3148.5
11254.0
5394.0
3569.0
0
2417.0
2289.0
5589.0
7261.0
2070.0
458.0
68.0
2502.5
21496.5
5173.0
438.5
10165.0
14275.5
9987.5
5784.0
3961.0
2303.0
1670.0
3195.0
68.0
68.0

4745.5
68.0
2673.5
7275.0
8975.0
3722.0
2665.0
931.0
2861.0
612.5
6609.0
2506.5
438.5
629.0
2306.5
8710.0
3089.5
895.5
2439.5
944.0
68.0
3721.0
6488.5
19988.5
7984.5
17047.0
3804.5
6049.5
68.0
4130.5
3685.5
1521.5
68.0
68.0
736.0
2338.5
551.5
1508.0
1880.0
365.5
3272.5
1820.0
2190.0
18762.0
926.5
944.0
68.0
2252.5
68.0
4734.0
4535.0
629.0
3982.0
3504.0
925.0
4182.0
961.0
18386.5
7204.0
2892.0
14214.5
533.5
16903.5
4051.5
163.0
68.0
8458.5
896.0
68.0
6004.0
1895.5
4704.0
68.0
986.5
68.0
7248.5
15659.0
6720.5
3119.5
8076.0
1521.5
944.0
1796.5
68.0
0
926.5
5038.5
629.0
1895.5
646.0
4825.5
8807.5
8660.5
646.0
4175.0
1297.0
5047.0
9421.0
68.0
9445.5
629.0
68.0
1701.5
10732.0
1346.5
1841.5
2473.0
5252.5
21855.0
3206.5
68.0
719.0
4176.0
910.0
1113.0
9820.0
8875.5
10212.5
722.0
68.0
1788.5
68.0
458.0
9872.5
4482.0
1421.5
5787.0
2655.0
68.0
2679.5
8441.5
7867.5
15796.5
458.0
1878.0
4016.5
10537.0
1098.5
9415.5
5424.0
4981.5
5871.0
0
4897.5
8992.0
18418.0
68.0
945.0
647.0
6469.5
22156.5
999.5
9964.0
1797.5
3834.5
0
1594.5
2843.0
1583.5
7023.0
4429.0
68.0
68.0
7162.5
2214.5
458.0
68.0
9574.0
2751.5
1768.5
3175.0
1317.0
717.5
85.0
1280.5
3154.5
68.0
9987.5
68.0
13011.0
68.0
4942.0
4761.0
961.0
9507.5
3217.0
68.0
2470.5
3159.0
3117.5
68.0
7064.0
2744.0
1112.5
4134.0
7841.0
8953.0
2278.0
257.0
4156.0
14242.0
6447.5
2285.5
3201.0
68.0
1786.0
3604.5
629.0
1595.0
68.0
9520.0
5907.0
4573.5
9355.0
68.0
1614.0
68.0
438.5
4562.0
1578.0
3719.0
68.0
646.0
1503.0
68.0
68.0
7321.0
629.0
68.0
17660.0
3710.5
4119.5
68.0
10907.5
10784.0
960.5
8669.5
6634.0
1600.5
2258.5
1406.5
9918.5
5483.5
1016.5
943.5
1349.0
2094.0
1414.0
7127.5
8047.0
7771.0
4986.5
9164.5
16985.0
1111.0
68.0
21049.0
2805.0
3311.5
3156.0
15316.5
11589.0
943.5
1036.0
2039.0
2565.0
68.0
21905.0
365.5
3571.0
4369.0
1016.5
8566.0
540.0
17497.5
2559.0
68.0
5212.5
13349.0
8899.5
438.5
1423.5
4460.0
68.0
17920.0
3223.0
1016.5
1634.0
12960.5
3996.0
68.0
4275.0
3626.0
4440.5
627.5
12675.5
68.0
0
1894.5

365.5
16369.0
68.0
438.5
16773.0
1591.0
1430.5
1109.0
4660.5
2791.5
6570.0
3827.0
3128.0
3691.5
910.0
68.0
3176.5
68.0
68.0
3769.5
10421.5
2339.0
5022.5
9010.5
6575.5
1908.0
68.0
10581.5
0
2086.5
68.0
16390.5
68.0
3651.0
7120.5
2001.5
3458.0
2372.0
14956.5
1982.0
10293.0
5385.5
12488.0
2456.0
2830.5
68.0
0
12976.0
68.0
68.0
6255.5
3238.0
0
1389.5
1844.0
4908.5
2829.0
3235.0
68.0
1614.0
6063.0
68.0
14917.5
14870.0
20572.0
68.0
11281.0
68.0
2733.0
1819.0
3606.0
1577.5
2268.0
438.5
68.0
1819.5
68.0
68.0
6815.0
815.5
927.0
3320.5
2047.0
3213.0
15293.0
0
3220.5
68.0
68.0
68.0
2678.5
12449.5
348.5
1819.0
10559.5
348.5
68.0
4092.0
438.5
7576.5
633.5
2364.5
4676.5
3603.0
68.0
2337.0
3212.0
0
0
2528.5
479.5

0
11060.0
14467.5
10487.0
8492.5
7798.5
7124.0
3528.5
4501.5
68.0
15685.5
1133.5
14901.5
8775.5
68.0
68.0
4703.0
831.0
6990.0
2957.5
1538.5
3115.5
6105.0
68.0
8183.0
0
1413.0
348.5
2338.5
4504.5
5391.5
68.0
1488.0
7981.0
738.5
13035.0
21373.0
8001.0
68.0
5127.5
2760.0
629.0
2084.5
68.0
12078.5
3144.0
9770.5
15212.0
1128.5
2950.0
68.0
5811.0
6349.5
2830.5
1892.0
68.0
5917.5
68.0
2471.5
627.5
2470.5
1772.5
1331.0
68.0
6419.0
4905.5
4116.0
11267.5
10846.5
7163.5
524.0
943.5
3675.5
2265.5
3239.5
4527.0
68.0
3246.5
7589.0
173.0
11935.0
7207.5
68.0
4965.0
16031.0
1504.5
68.0
2384.5
943.5
1119.0
68.0
1427.0
2797.0
68.0
1878.5
14566.0
2319.5
68.0
3316.5
6744.5
4168.0
2328.5
4644.0
10179.0
6646.0
1791.5
1496.5
3205.0
2766.5
4017.0
17320.5
13031.5
3062.5
68.0
4027.5
3286.5
9349.0
11542.0
6320.0
6876.0
6351.0
1033.5
2830.5
4390.0
2723.5
5529.0
68.0
2731.0
68.0
68.0
2842.0
12032.0
7176.5
68.0
2411.5
3106.0
4554.5
0
257.0
4080.0
1406.5
68.0
163.0
6817.5
20011.5
3658.5
7206.0
1388.0
1207.0
7478.5
4927.0
6343.5
68.0
2825.0
4530.0
458.0
1910.0
68.0
4579.0
6545.0
68.0
1612.0
68.0
9817.0
12469.5
13022.0
8482.0
3697.0
7593.5
16002.0
1785.5
6709.0
9413.5
8922.0
1114.0
20087.5
68.0
17467.0
1036.0
68.0
4611.0
6385.5
4082.5
68.0
5453.0
5941.0
1796.5
5629.0
68.0
4106.0
348.5
6677.5
16852.5
3253.5
14364.0
3785.0
2569.0
4328.5
8470.5
68.0
1192.0
909.5
3575.5
9343.0
68.0
852.0
1224.0
14748.5
6218.0
68.0
962.0
3286.5
736.0
1777.0
4518.0
2843.5
5933.0
4726.0
68.0
2267.5
1599.5
6434.0
2299.5
944.0
5820.0
68.0
9006.0
1036.0
7144.5
2676.5
18402.5
2335.5
1948.0
2688.0
1089.5
848.0
4612.5
4470.5
1985.0
8564.5
3225.0
629.0
3216.5
4442.5
1423.5
2398.5
68.0
1222.0
12137.0
10816.5
5916.0
68.0
9551.5
5076.0
63.0
8560.5
3240.5
1128.5
848.0
2802.0
3156.5
5509.5
68.0
533.5
1516.0
68.0
8568.5
4202.0
3492.0
9085.0
68.0
6378.5
2916.5
6379.0
2283.5
4524.0
2705.0
5539.5
2324.5
12434.5
4015.5
6394.5
4001.0
7149.5
18835.0
68.0
3315.5
1492.0
68.0
1314.5
13506.5
1033.5
2352.5
10246.0
2847.0
5019.5
68.0
4728.5
68.0
6487.0
13786.5
5980.0
1412.0
8506.5
68.0
1892.5
10347.0
1334.0
7193.0
894.5
2786.5
4056.0
6695.0
5780.0
68.0
68.0
7277.5
8673.5
2546.0
534.5
68.0
3706.5
68.0
2642.0
5505.0
1333.5
8310.0
543.5
9454.5
9775.5
9489.5
11140.0
18391.0
68.0
5463.0
3113.5
1951.0
1406.5
4133.5
3707.0
2267.0
68.0
946.5
2222.0
3396.5
68.0
68.0
8997.5
1496.5
2283.0
68.0
1916.5
943.5
22012.5
2259.5
14160.0
5020.5
3697.0
68.0
5834.0
1346.5
68.0
2226.0
2267.5
3296.5
1085.5
6290.5
68.0
15715.0
755.5
9896.0
911.0
7581.5
8984.5
68.0
10734.5
5068.5
8202.0
1976.0
1426.0
68.0
4544.5
0
14759.5
1036.0
68.0
5405.5
68.0
4114.0
27325.5
0
2636.0
1317.0
910.0
7842.0
612.5
7634.5
3630.0
1598.5
68.0
68.0
18410.0
5458.0
755.5
1406.5
68.0
7167.0
7623.0
2580.5
1909.5
1402.0
1991.5
2884.0
14899.5
1492.0
6679.5
6412.5
2475.0
4050.5
6576.0
11680.5
16134.0
5088.0
2413.5
4883.0
7648.0
348.5
0
0
11730.0
68.0
2335.5
6080.0
8010.5
8085.5
943.5
1516.0
68.0
1819.5
537.5
17884.0
5763.0
3677.5
2000.5
2680.5
4986.5
68.0
1297.5
16863.0
2324.0
19087.0
3719.5
2731.0
9898.0
6475.5
10745.5
941.5
1775.5
5431.5
68.0
13906.0
2345.0
2863.0
7923.5
13339.5
1487.5
5034.0
6791.5
4702.5
12878.0
931.0
10947.0
8229.5
163.0
5977.0
612.5
2368.5
1911.5
8369.5
7246.0
5811.0
3479.0
3129.5
13955.5
2959.5
3683.0
2379.0
6341.5
4074.5
68.0
2156.0
68.0
12118.0
1016.5
8598.5
68.0
11782.5
68.0
68.0
10762.0
1704.0
452.0
3659.0
68.0
1724.5
68.0
5369.0
9832.0
10284.0
9436.0
3759.5
17428.0
3731.0
1002.5
68.0
163.0
68.0
68.0
896.0
1194.5
0
68.0
11595.0
68.0
1496.5
12645.5
68.0
68.0
438.5
15191.0
4319.5
1880.5
68.0
1980.5
68.0
4947.0
1952.5
4835.5
8125.0
68.0
68.0
68.0
4035.5
68.0
6516.5
4238.0
13694.0
9504.0
4064.0
7744.0
5460.0
1036.0
1379.0
68.0
7235.5
1472.5
2554.5
6344.0
15619.0
15574.5
0
10472.0
2692.0
68.0
8598.5
68.0
68.0
2926.0
68.0
629.0
438.5
68.0
719.0
9454.0
3126.5
1033.5
68.0
3973.0
2854.5
4595.0
23632.5
68.0
22267.5
9383.5
1876.5
20032.0
68.0
7241.0
1670.0
68.0
3868.5
2841.5
3738.5
68.0
8564.5
68.0
1471.0
10880.0
6831.5
2101.5
68.0
11143.0
68.0
4467.5
2821.0
10677.5
15742.0
1505.0
2346.0
719.0
2340.5
68.0
0
614.0
13356.0
22.5
7111.5
4901.5
8576.0
68.0
8001.5
68.0
719.0
11517.0
1786.0
2265.0
11227.5
68.0
68.0
1036.0
18816.5
4278.5
0
13130.5
1109.0
13115.5
2757.0
2754.0
5419.5
16813.5
4407.0
10461.5
5774.5
68.0
2380.0
2356.0
3171.0
7690.0
10560.5
9028.0
908.0
2818.0
68.0
2066.0
7403.0
68.0
4973.5
2931.5
4235.0
22801.5
3697.5
8446.5
68.0
1105.0
68.0
10676.5
9599.0
12065.0
1984.5
15994.5
5005.5
9738.0
19943.0
633.5
65.0
5405.0
438.5
4932.0
1488.0
10743.0
846.5
13333.5
11614.0
1760.0
13434.0
3194.0
10361.5
26342.5
2672.0
1499.0
11401.0
5320.0
1033.5
11993.5
10834.5
16054.5
1577.5
3689.5
22439.5
8435.0
910.0
9413.5
2838.0
11482.0
8499.0
4639.5
22783.5
68.0
5343.0
3389.0
11303.0
4910.0
738.5
2837.5
3497.0
13002.0
15272.5
8692.0
68.0
68.0
68.0
68.0
8006.5
438.5
3220.5
543.5
68.0
6232.0
2736.0
17931.5
1876.0
21262.5
9425.0
68.0
13134.0
2659.5
7221.0
11649.5
27535.0
6794.0
13481.0
11709.0
9984.5
8987.5
6379.5
3141.0
12126.5
24436.5
458.0
16113.0
3976.5
4205.5
551.5
738.5
7289.5
2743.0

4331.5
1036.0
2694.5
2375.5
68.0
1145.5
1016.5
68.0
68.0
6490.5
6341.0
1036.0
438.5

1034.0
22298.0
3214.0
1475.0
24516.0
8505.0
5170.5
68.0
2739.0
1687.0
3692.5
9531.5
5620.0
2772.0
163.0
5358.0
13370.5
1331.5
2299.0
3755.5
5075.5
7731.0
11988.5
24729.5
68.0
15989.0
68.0
1033.5
68.0
9252.0
68.0
1334.5
438.5
10435.0
18143.0
438.5
5544.0
5099.0
5386.5
8990.5
19804.0
1130.0
68.0
438.5
3641.0
5084.5
1504.5
8664.0
2350.0
1954.0
68.0
2062.0
1580.0
1329.0
1505.0
68.0
68.0
5028.0
1505.5
3237.0
4213.0
10831.5
16149.5
646.0
22884.0
11428.0
3349.5
6300.0
0
13410.0
68.0
9687.5
68.0
68.0
4749.5
10042.5
7229.0
14817.5
458.0
2209.0
68.0
68.0
68.0
3998.0
3245.0
1765.5
5445.0
3728.5
16185.0
68.0
14787.0
3668.5
16648.5
4529.5
4450.0
6003.5
12638.0
8899.0
16082.0
4055.0
4078.0
68.0
16476.0
68.0
2217.5
1019.0
68.0
3322.0
989.5
741.0
8472.5
5870.0
4154.5
5962.0
4462.0
2453.0
1406.5
2467.0
2282.5
6008.5
7437.5
7771.5
2312.5
11193.5
68.0
1894.5
3400.5
5019.0
6068.0
2673.0
348.5
68.0
2331.0
10806.5
13899.5
68.0
4538.5
0
5865.0
5472.5
7871.0
4204.0
2321.5
646.0
543.5
3628.5
68.0
635.5
8348.0
8877.0
2282.0
1068.5
15572.5
2357.5
68.0
2873.0
11239.0
68.0
68.0
8992.0
4910.0
68.0
19264.5
8298.5
1131.0
68.0
15116.0
3224.5
13899.5
3282.0
4473.5
4496.0
6369.5
6334.0
68.0
4039.0
2366.0
68.0
5113.0
68.0
68.0
68.0
2223.0
68.0
1496.5
18276.0
1004.0
13099.0
4233.5
10888.0
68.0
1387.0
4033.5
68.0
9148.0
7505.5

17154.0
14462.0
68.0

68.0
1333.5
10799.0
1107.0
3028.5
4020.5
3847.5
2922.5
6761.0
11072.0
896.0
4474.5
612.5
1004.5
999.5
1802.0
0
7477.5
6809.0
10346.0
20073.5
1612.5
68.0
14782.5
438.5
0
1614.0
612.5
68.0
68.0
612.5
629.0
68.0
10396.5
68.0
1522.0
1036.0
20329.5
1016.5
6284.5
927.5
13490.5
12112.0
4704.0
2182.0
68.0
9786.0
6832.0
68.0
2470.5
6747.0
3203.5
5540.0
17880.0
1036.0
68.0
9044.5
524.0
22668.0
11813.5
68.0
68.0
68.0
12892.0
21797.5
68.0
1766.5
2248.5
4646.5
4156.5
4454.5
68.0
2275.0
68.0
2333.5
2453.0
9940.5
12359.0
14799.0
6476.5
926.5
1684.5
5936.5
3254.0
2265.5
68.0
2453.0
1802.0
68.0
13400.5
6051.5
68.0
5
10004.0
13090.0
1877.5
68.0
458.0
1109.0
16019.0
68.0
2377.5
2823.0
68.0
7980.5
68.0
3526.5
4504.5
12378.5
4134.0
68.0
3221.0
68.0
755.5
960.5
22780.0
2989.0
13837.5
6416.0
5869.0
17334.0
4503.5
1786.5
646.0
15360.5
9914.5
68.0
6832.0
5854.5
12713.0
702.5
6044.5
9772.0
68.0
5325.0
68.0
68.0
1670.0
4424.5
68.0
1016.5
1482.5
17388.5
10817.0
4029.5
5021.0
68.0
68.0
11934.5
68.0
4038.5
458.0
3079.0
7455.0
5426.0
5010.5
1409.0
2661.0
68.0
10199.0
68.0
68.0
8586.5
3251.5
994.5
4471.0
7541.0
3683.0
1496.5
68.0
1597.0
5324.5
1486.0
1126.0
458.0
1898.0
3197.0
11024.5
2212.0
3123.5
9796.5
1875.0
68.0
14839.5
2491.5
3611.0
944.5
68.0
4080.0
15667.5
68.0
68.0
4122.5
67.5
4096.5
5013.5
68.0
68.0
12912.5
68.0
0
9637.0
438.5
6833.0
11651.5
943.5
1858.5
12005.5
23669.0
3770.0
1953.5
999.5
4836.5
68.0
10764.5
68.0
1097.0
10896.5
1409.0
5387.5
8446.0
5897.0
7037.5
5855.0
3573.5
15208.0
3195.5
3161.0
3234.5
1016.5
45.5
6289.5
7578.5
3158.5
68.0
1886.5
9387.0
4335.0
1991.5
68.0
1038.5
4129.0
68.0
68.0
8675.5
0
741.0
3293.5
3312.0
4140.0
18822.0
5096.5
1224.0
5559.5
2108.5
68.0
8442.0
438.5
1967.5
4787.0
3391.0
9408.0
6707.0
23532.0
4524.0
515.0
1897.0
1909.0
7246.5
13905.0
1406.5
6429.5
12496.0
68.0
457.0
11336.0
719.0
8254.0
68.0
2752.0
68.0
14836.5
3436.0
10711.0
4201.0
1033.5
4955.5
2419.0
5870.0
19212.5
3234.0
3125.5
2601.5
68.0
68.0
2922.0
11650.5
8653.5
11321.5
758.0
2908.5
1406.5
17488.0
0
10836.5
6955.5
5398.5
68.0
1204.0
68.0
12352.5
13380.0
1053.0
348.5
3110.5
3439.0
12864.5
926.5
68.0
719.0
4269.5
68.0
627.5
5091.5
909.5
68.0
4569.5
13585.0
26071.0
10331.5
1550.5
1670.0
25208.0
13299.0
12085.5
8816.5
4831.0
68.0
1813.5
453.5
3293.0
1299.5
1704.0
1128.0
348.5
6234.0
5133.0
68.0
17576.0
68.0
0
614.0
68.0
443.5
5212.0
8905.0
943.5
24066.5
8034.0
1177.0
1799.5
11268.0
2836.5
2914.5
2926.5
12750.0
9881.0
1019.0
9404.5
68.0
68.0
68.0
17951.5
6381.0
20249.0
68.0
68.0
1611.5
4986.0
8385.0
4675.5
11958.5
4950.0
3417.0
1016.5
1241.0
68.0
3365.5
68.0
458.0
8118.5
7258.5
468.5
18770.0
4570.0
4567.0
1016.5
5794.5
13027.0
4944.0
3801.0
4240.5
11585.0
8935.0
16602.0
3244.0
6245.0
5007.5
68.0
2230.0
68.0
7128.5
2302.0
8542.0
2732.5
3198.0
4852.0
15558.5
10363.0
7148.0
4565.5
14514.5
15165.5
6214.5
438.5
11221.5
15365.5
1102.0
1608.0
8953.5
15150.5
15498.0
3315.0
2527.0
1348.5
1896.0
923.0
9338.5
68.0
68.0
68.0
68.0
8150.0
8481.0
11197.0
68.0
11784.0
7561.5
0
8523.0
9474.5
4091.5
6831.5
12515.5
348.5
8050.5
3125.0
8568.0
16036.0
68.0
4461.5
11899.0
6705.0
68.0
3414.5
9335.5
646.0
0
2282.0
1051.0
7282.0
9998.5
68.0
2728.5
4914.0
11146.5
7237.5
68.0
2212.5
3309.0
2917.0
13729.0
68.0
5995.5
68.0
1479.0
1513.5
0
22.5
3122.0
7225.0
68.0
909.5
12127.5
2697.5
1486.0
21703.5
5857.0
68.0
13923.0
22061.5
1484.5
17030.0
7163.5
7651.0
16898.0
1409.0
4394.5
4362.5
1480.0
6374.5
1967.5
68.0
9017.5
68.0
9549.5
0
1089.5
1107.0
1413.0
68.0
3199.0
1117.5
17453.5
5556.0
68.0
4453.5
68.0
68.0
1520.0
1416.5
0
14344.5
12869.5
4979.5
11176.5
2304.0
68.0
3342.0
16446.0
3602.0
5993.0
68.0
3328.5
2084.5
2248.0
13755.5
3133.5
7994.5
3272.5
257.0
10787.5
2864.5
7358.5
3917.5
68.0
68.0
3376.0
9591.0
1952.5
68.0
7567.0
943.5
16538.5
8531.0
68.0
12541.0
1414.0
1109.0
68.0
12351.5
629.0
2696.0
1316.5
680.5
4365.0
2192.5
3626.0
3237.0
3485.5
68.0
1595.5
16554.5
5776.0
2431.5
68.0
68.0
2733.5
1430.0
5047.5
18776.5
4027.5
4934.5
4073.5
1033.5
6430.5
0
4057.5
68.0
1583.0
9995.5
5356.5
68.0
458.0
629.0
4439.0
3403.5
68.0
68.0
68.0
6866.5
8032.0
12535.0
8369.0
6683.0
1663.0
2349.0
4892.5
7015.0
11103.5
6051.5
1019.0
2700.0
10738.0
12963.0
1794.0
15642.5
22298.5
2363.5
2331.5
7813.0
3070.0
13462.0
5022.5
6769.5
68.0
15194.0
68.0
68.0
458.0
2266.0
8881.5
9261.0
68.0
3157.0
724.5
14866.0
1145.5
9915.0
3141.5
348.5
68.0
3127.0
68.0
5840.0
11223.5
23194.0
17699.5
9044.0
3788.5
2001.5
4080.5
1539.0
6412.0
4661.5
1859.5
1566.5
1145.5
2357.5
68.0
2945.5
907.0
3689.0
1423.5
2287.0
5424.5
7640.5
68.0
4262.5
8993.5
5460.0
1036.0
926.5
4554.0
68.0
4450.5
12666.0
4552.5
6271.0
1316.5
3209.0
4003.5
68.0
68.0
68.0
2669.5
4440.0
11233.0
68.0
4738.5
471.0
1404.0
7836.5
68.0
9822.5
700.0
68.0
9458.0
1856.0
23865.0
1410.0
6208.5
1016.5
3133.5
10207.0
13933.5
14391.5
68.0
1036.0
1469.0
7684.0
828.5
2266.0
3690.0
4746.0
1985.0
5441.5
6849.0
1892.0
4541.5
2636.5
10788.5
4599.0
2092.0
8592.5
4958.0
10327.0
4739.0
22840.5
6378.0
3228.5
7196.5
6328.0
9396.5
16245.5
4136.0
2249.0
1406.5
8987.5
15209.5
7702.0
68.0
68.0
68.0
458.0
629.5
68.0
2782.5
5853.0
68.0
646.0
7140.5
68.0
7147.5
1016.5
13354.5
6222.0
12124.0
1367.0
524.0
11564.5
68.0
4065.0
1595.0
6250.0
68.0
10723.5
16570.5
7521.5
6861.0
13553.0
1016.5
1222.5
3364.5
4119.5
2011.5
4915.5
26358.0
10297.5
629.0
24178.5
68.0
0
68.0
68.0
458.0
5026.0
6793.0
5047.0
9786.5
8600.5
7335.0
14020.5
6422.0
4578.0
4870.5
524.0
1479.5
4440.0
68.0
438.5
438.5
7676.5
68.0
2982.0
6231.5
7482.5
8552.0
9457.0
10167.5
6888.0
12452.0
3781.5
16243.0
1036.0
6374.0
2272.0
6063.0
68.0
8472.5
6300.0
68.0
68.0
4087.5
2736.5
0
68.0
68.0
13511.0
14367.0
5893.0
17039.0
4764.0
68.0
0
6.5
1828.5
7623.0
646.0
16075.5
3214.0
68.0
68.0
0
0
68.0
2450.0
68.0
1145.5
68.0
163.0
1875.0
731.5
646.0
2753.5
13325.0
68.0
11298.5
17055.0
3797.5
7682.5
68.0
68.0
22251.0
2420.5
1910.5
3989.0
17379.0
8548.0
23107.0
2694.0
4890.5
2257.0
5357.5
1971.5
22031.5
1089.5
3152.0
68.0
9041.5
3871.5
68.0
6411.5
2277.5
68.0
988.0
68.0
7327.5
0
68.0
6854.0
0
1891.0
3212.0
5041.5
488.0
68.0
11339.0
8533.0
13887.0
15952.0
8884.5
1889.0
5473.5
0
4534.5
1344.5
9820.0
438.5
2616.0
0
1890.5
6699.0
0
2860.5
0
9219.5
8094.5
2285.5
3228.0
458.0
18430.0
1434.0
7976.0
1951.0
19908.5
5077.0
4552.5
68.0
9375.0
68.0
1426.0
899.0
3669.0
4091.5
1952.5
1334.0
0
13809.0
5813.0
10424.5
68.0
8532.5
68.0
5908.5
7306.0
458.0
0
1777.0
0
5484.0
12534.0
6751.0
3770.0
944.0
8895.5
2544.0
1209.0
4666.5
6509.0
68.0
8370.0
13767.5
4448.5
2930.5
9400.5
68.0
68.0
2284.0
2551.0
438.5
2805.0
15132.0
13521.5
6368.5
3556.5
68.0
7719.5
1794.0
68.0
15734.0
4272.0
5906.0
68.0
68.0
9328.0
1150.0
4156.5
1199.0
4903.0
15752.0
68.0
1636.0
68.0
2994.0
68.0
3260.5
5059.0
68.0
10196.0
0
68.0
551.5
438.5
5508.0
68.0
3615.0
3231.5
0
1950.5
2989.5
3581.5
68.0
0
68.0
22928.5
1892.0
16214.0
0
1895.5
1878.0
12128.5
7250.5
0
68.0
1948.5
458.0
0
2282.5
5643.5
68.0
68.0
68.0
7659.5
3680.5
1687.0
12201.0
2266.0
2803.0
909.5
6967.0
6441.0
3239.5
5138.5
5033.5
68.0
5895.5
4864.5
4177.0
2772.5
5027.0
68.0
4186.0
3797.0
2860.5
893.0
68.0
5744.0
1886.5
68.0
13746.0
12953.5
10767.0
10499.0
9072.5
3708.5
68.0
4122.0
8663.5
8160.5
2959.0
68.0
0
5853.5
68.0
3162.5
3846.5
10888.0
68.0
3589.0
0
2415.5
68.0
6051.0
926.5
1005.0
6289.5
68.0
1970.5
4408.0
68.0
4538.0
4545.0
2763.0
6196.5
1319.5
629.0
5195.5
2253.0
3399.5
438.5
3607.0
4088.5
68.0
2810.5
646.0
18309.5
635.5
0
6802.5
10288.0
3612.0
4030.5
10668.0
6759.5
849.0
68.0
68.0
2062.5
5427.5
4191.0
7267.0
16609.5
25381.5
68.0
6336.5
6244.0
68.0
9449.0
2530.5
11129.5
8098.0
2004.0
68.0
9376.5
1115.5
944.5
646.0
1886.5
4269.0
10036.5
2150.5
7322.5
163.0
2372.5
6501.5
77.5
2355.0
4364.5
8895.0
4533.5
19731.5
458.0
12221.0
458.0
68.0
15102.5
5583.0
926.5
10408.0
3199.0
4868.5
5357.5
11106.5
10684.0
8310.5
5850.0
68.0
7199.5
719.0
1578.5
6004.0
534.5
11530.5
1942.0
15530.5
6708.0
68.0
6360.0
11176.0
68.0
612.5
999.5
6336.5
2268.0
68.0
6982.0
12016.0
4048.0
68.0
1684.5
1606.5
68.0
3668.5
7920.0
1820.0
1019.0
1948.5
1126.0
13474.5
4068.0
3257.0
1021.5
12049.5
4879.0
11238.5
8751.5
16971.5
1948.5
3135.0
9927.0
22882.5
4123.0
1014.5
5785.0
620.5
8889.5
68.0
68.0
5403.5
11253.0
68.0
5990.0
926.5
16425.5
10436.5
22351.5
6014.0
68.0
4026.0
2013.0
2747.0
4121.5
68.0
5881.0
10035.0
1073.0
68.0
4663.5
4893.5
11587.5
5190.5
4203.5
11893.5
1819.5
68.0
21371.0
8120.5
3250.5
5546.0
12544.5
13477.5
3380.0
1892.0
7197.5
68.0
5881.0
68.0
3161.0
11753.5
7651.5
68.0
8122.0
68.0
14670.5
3676.5
24289.0
4916.5
3123.0
10355.0
68.0
9999.5
4147.0
23365.5
7057.0
18324.5
13336.5
68.0
12061.5
68.0
5886.0
1019.0
68.0
3575.0
1504.5
15675.0
16458.5
68.0
68.0
3266.0
1031.5
7238.5
8982.0
68.0
4000.0
4619.5
5059.0
68.0
4473.0
68.0
68.0
2186.5
2509.5
8232.5
6449.5
2047.0
68.0
68.0
4463.5
3565.5
9504.5
7381.5
19683.5
9962.5
68.0
7822.5
2339.5
3239.5
8470.5
438.5
5116.0
15183.0
17019.0
5517.0
5000.0
77.5
2231.5
7198.0
1346.0
3714.0
68.0
12059.5
7304.0
8958.0
9338.0
15856.5
0
68.0
8050.0
21262.0
68.0
10488.0
6794.5
1800.5
1492.0
10384.0
20074.0
68.0
4072.5
68.0
6458.5
6793.5
15363.5
19662.0
646.0
68.0
2299.0
7696.0
10280.0
5863.0
5371.5
16040.0
14866.0
10214.0
524.0
25926.5
7753.5
22262.5
8573.5
11585.5
8227.0
7522.0
68.0
68.0
2363.0
4058.0
68.0
21039.0
0
10272.5
1597.0
21792.0
5042.0
11119.5
5433.5
983.0
0
3866.0
68.0
16966.5
0
14447.5
6358.0
8157.0
1033.5
68.0
3309.0
1092.5
12183.0
999.5
4998.0
3677.0
1408.0
0
1258.5
68.0
2749.5
1133.0
5570.0
4535.0
755.5
6293.0
27198.0
2657.5
4007.5
20164.0
25374.5
7125.0
68.0
68.0
1106.5
18716.5
68.0
1504.5
11818.5
9024.5
6273.5
7682.5
6767.5
68.0
68.0
68.0
2546.0
68.0
629.5
1414.0
18821.0
438.5
68.0
1594.5
68.0
4594.0
26714.5
24203.0
2361.5
1504.5
5949.5
10111.5
17376.5
1389.5
68.0
13360.0
6492.0
454.0
348.5
68.0
8933.0
1379.5
4544.5
4986.0
153.5
12488.0
21379.5
736.0
5867.0
68.0
68.0
13706.0
68.0
17364.0
8942.5
2385.0
9033.0
8924.0
5455.0
68.0
68.0
68.0
12957.5
68.0
12523.0
7640.5
3588.5
2271.5
15584.5
953.0
2740.0
68.0
5338.0
0
19269.5
9994.0
8903.5
68.0
1273.0
12937.0
0
10276.5
9412.5
21854.0
68.0
10719.0
26312.0
68.0
5495.0
4555.0
68.0
4465.0
1876.0
1505.5
10733.5
6520.5
4430.5
68.0
13788.5
5318.0
68.0
2173.0
1819.5
68.0
2397.0
1109.0
1034.0
4910.5
6345.5
13047.0
6666.0
10061.5
2384.5
1859.5
1778.5
68.0
68.0
434.0
5194.5
719.0
15645.0
1522.0
19336.5
5866.5
19450.0
68.0
4891.0
7718.0
68.0
10354.5
5769.0
1796.5
68.0
9458.0
68.0
7496.5
2823.5
12997.0
1005.0
3556.5
4918.0
8490.0
6785.5
438.5
4070.0
5773.0
7485.0
68.0
23251.5
68.0
2660.0
68.0
20544.0
1331.5
4587.0
12985.0
14821.0
6388.0
12148.0
5774.5
8520.0
68.0
13060.5
16670.0
16552.5
68.0
2321.0
9043.5
21858.0
1297.0
348.5
0
7653.5
6250.5
8060.5
68.0
9560.5
9745.0
7685.5
68.0
6465.0
12947.0
24919.5
961.0
8029.5
627.5
3670.0
68.0
7106.0
4236.5
8826.5
68.0
0
68.0
5445.5
68.0
18033.5
68.0
1504.5
13088.0
943.5
68.0
68.0
5318.0
7248.0
944.0
438.5
11369.0
68.0
4504.5
1794.0
15639.5
68.0
3775.0
5355.5
1109.0
1016.5
2346.5
68.0
7140.5
14740.0
10686.5
11302.0
1594.5
8009.5
8484.5
5801.0
5452.5
2542.0
4104.0
68.0
13461.0
9415.5
18361.5
13344.5
5584.0
4022.0
11968.5
9419.5
68.0
5414.5
1496.5
21477.5
9424.5
8722.0
5450.5
17529.5
629.0
0
1390.0
8935.5
2877.0
14131.0
9328.0
5902.5
17328.5
5541.0
3942.5
11285.0
11587.5
2067.0
6394.5
7927.5
1032.0
10333.5
3792.0
15585.0
6077.0
10257.0
6349.0
22803.5
6975.5
13499.0
12468.5
68.0
1389.5
10311.0
4941.5
68.0
24147.5
7652.0
68.0
2276.5
16856.0
1423.5
1337.0
8016.0
68.0
13518.5
15851.5
2788.0
4108.0
6681.5
6665.5
1319.5
25566.0
4046.0
13090.5
6265.5
8526.5
458.0
13557.5
5933.0
11654.5
11663.0
68.0
13387.0
23016.5
2370.5
1883.5
2918.0
4611.5
23688.5
8068.0
21876.0
2358.0
3549.0
68.0
3113.5
18303.0
0
68.0
438.5
6923.0
646.0
13320.0
17411.5
2716.5
68.0
6974.5
2340.5
25794.5
7114.5
3627.5
68.0
68.0
68.0
1342.5
14244.5
14307.0
4265.5
1521.5
14305.5
3599.0
5783.5
17029.5
15861.5
3105.0
10335.0
6743.0
5004.5
16592.5
10392.0
3260.0
68.0
6142.0
6070.0
7476.0
5466.0

67.5
68.0
4895.0
12044.0
438.5
68.0
4051.5
8420.0
11469.5
13796.0
0
5758.5
67.5
68.0
2897.0
438.5
7146.0
4590.0
9070.5
3177.5
3213.5
2745.0
6690.0
7666.5
4162.0
17010.0
4533.0
1803.0
2676.5
19701.0
629.0
68.0
2476.0
68.0
68.0
11884.0
1763.5
10808.5
4153.5
68.0
2346.0
627.5
4556.0
6871.0
543.5
10458.5
68.0
1889.0
6413.5
3188.5
68.0
4373.5
68.0
997.5
2772.0
2357.5
68.0
2936.0
15509.5
6942.0
3898.5
57.5
6160.0
68.0
3673.0
7171.0
13910.0
68.0
9349.0
2265.5
1033.5
163.0
68.0
10024.5
68.0
68.0
68.0
4055.0
4993.0
68.0
68.0
16183.5
4482.0
16390.5
11504.0
736.0
68.0
16591.5
7551.0
12915.0
26718.0
4263.0
14264.5
68.0
68.0
68.0
68.0
543.5
63.0
14135.5
1410.5
2709.0
14464.5
1800.5
4016.0
5760.5
2861.0
5330.5
6722.0
68.0
68.0
1611.5
1968.0
11998.0
4362.0
7991.0
13059.0
1207.5
9959.5
68.0
3665.0
18932.0
1948.5
3304.0
4595.0
1877.5
8611.5
18682.5
68.0
12987.5
68.0
68.0
10787.5
19738.5
2168.0
2859.0
1992.0
68.0
17387.0
5374.0
11271.0
10342.0
458.0
16998.5
10810.0
8986.5
1335.0
68.0
3379.0
68.0
8620.5
68.0
9887.5
8903.5
68.0
1578.0
27566.5
2262.5
17641.5
7668.0
0
1786.0
3290.0
4925.0
3709.0
4016.0
8966.0
68.0
14862.0
1046.0
20045.5
2265.5
8933.5
3794.5
68.0
8155.5
4557.5
2325.5
11189.0
2207.0
5384.5
68.0
5391.5
2077.0
68.0
9859.0
18693.5
2679.5
4131.5
14618.5
4794.5
68.0
9534.0
7295.5
4882.0
926.5
68.0
16623.0
68.0
1911.5
0
24247.0
13255.5
646.0
68.0
0
6753.0
629.5
68.0
15788.0
1594.5
68.0
3220.0
1417.0
1580.5
11633.5
16122.5
10463.0
2827.5
1802.5
1053.0
66.5
7683.0
5570.0
3270.0
7994.5
9302.5
19190.0
6795.0
8128.0
5532.0
68.0
25872.0
1036.0
0
2841.5
10325.0
629.0
1987.0
4701.0
10308.0
9945.5
8606.5
3143.5
9576.0
13474.0
6127.0
11970.5
1138.5
68.0
1568.0
16356.0
12141.5
6718.5
3463.0
1126.0
17054.5
17310.0
1467.0
14204.0
68.0
1032.5
3557.5
7646.5
14443.0
153.5
0
2677.5
68.0
5822.0
68.0
68.0
1488.0
5896.0
438.5
20569.5
17419.0
1875.0
68.0
26330.0
4622.5
7349.5
10426.5
68.0
0
68.0
4069.5
7717.0
25860.0
6354.5
8479.5
11125.5
22288.5
6328.5
1894.5
13321.0
20624.0
68.0
68.0
68.0
12573.0
3438.0
1389.5
722.0
1036.0
4660.0
6383.0
22745.5
11700.0
68.0
2701.5
4578.0
68.0
7134.5
1016.5
68.0
1019.0
1799.0
5442.0
18829.5
4013.5
2299.0
1413.0
1538.5
2755.5
943.5
7253.5
68.0
8936.5
1404.0
20119.5
15307.5
0
1961.0
8946.0
68.0
663.0
68.0
7266.0
1036.0
6004.5
12115.5
68.0
6360.0
68.0
9881.5
1423.5
26430.5
68.0
2718.0
0
6.0
19195.0
1036.0
2289.5
1098.5
4344.0
10702.5
1878.5
68.0
7515.0
68.0
4586.5
163.0
8968.5
20541.5
1003.5
0
12024.0
68.0
2843.0
4539.5
8221.5
3160.5
13868.0
4510.5
13154.5
12579.0
4476.5
11611.5
541.0
1521.5
68.0
68.0
2737.0
68.0
68.0
524.0
68.0
13800.0
736.0
9049.5
1297.5
633.5
68.0
3671.0
4924.0
911.0
1965.0
3637.5
2936.0
68.0
1225.0
8134.5
1016.5
15095.5
438.5
16199.5
3122.5
8475.0
16039.0
19898.0
68.0
65.0
4082.0
1850.0
23274.5
10862.0
4519.0
5470.5
2335.5
3252.0
6007.5
1033.5
21879.5
19699.0
68.0
68.0
5463.0
3626.0
2733.0
27349.0
3758.0
4462.0
66.5
68.0
7576.5
12892.5
4036.5
1806.5
5983.0
68.0
1984.5
1423.5
9141.5
9388.5
6794.0
1505.0
3123.5
995.5
24651.0
29.0
68.0
7165.0
6423.0
3274.0
554.5
3179.5
6676.5
16926.5
627.5
4226.0
2234.0
3635.5
25833.0
986.0
68.0
5416.0
5001.5
68.0
13066.5
1471.5
10788.5
4527.5
68.0
8833.0
1840.0
5241.0
21315.5
21368.5
5945.5
2380.5
6244.0
68.0
3144.0
68.0
3229.5
1149.5
17726.5
6997.5
68.0
458.0
1984.5
68.0
68.0
1909.0
4987.5
18763.5
1128.5
68.0
6133.0
1240.0
4556.5
1581.5
1869.0
68.0
10311.5
3696.0
5221.0
11199.5
3425.0
3225.0
25022.0
0
68.0
6684.0
7627.0
68.0
8978.0
68.0
68.0
4985.0
67.5
15640.0
10008.0
12096.0
0
4978.5
23769.5
23194.5
12937.0
663.0
897.5
999.5
1912.0
2019.5
3230.5
12470.0
68.0
16193.5
5927.5
2680.0
3716.0
3251.0
68.0
68.0
15232.0
17424.5
2265.5
68.0
3217.5
2152.5
7225.5
2579.5
9964.5
1034.0
1911.5
11251.5
11705.0
68.0
9104.0
68.0
6011.0
68.0
458.0
68.0
2282.5
22.5
3200.0
3207.5
10288.5
68.0
11080.5
12523.0
365.5
16956.5
9221.5
458.0

6013.0
19444.5
12597.0
1861.0
3652.0
68.0
163.0
18258.0
2704.0
2770.0
1409.0
7785.0
68.0
2760.0
12902.0
0
68.0
944.5
11189.0
13864.5
2873.0
10732.5
944.0
8485.0
1512.0
24063.5
10352.5
1611.5
1895.0
5858.0
926.5
68.0
68.0
9430.0
1811.5
3320.5
1016.5
5080.5
0
5859.5
6261.5
1580.0
11988.0
68.0
2347.5
2829.5
6256.5
1777.0
15127.0
68.0
68.0
7565.0
17006.5
8836.5
68.0
2748.0
15241.0
13072.0
2370.0
4558.5
612.5
551.5
12197.0
1944.5
5556.5
2810.0
2355.5
8163.0
9777.0
1475.0
68.0
0
2117.0
2562.5
68.0
4661.0
3676.5
3235.5
0
17854.0
2745.0
2305.5
5369.5
68.0
11695.5
1471.0
629.0
7096.5
3646.5
1777.0
5009.0
3138.5
7630.0
7269.5
3767.0
3721.0
1779.5
9440.0
11658.5
20292.0
68.0
4001.0
12549.0
612.5
11675.0
68.0
68.0
4946.0
12578.0
943.5
68.0
19887.0
68.0
10484.0
9409.0
2333.0
68.0
534.5
68.0
7226.5
4513.5
2250.5
22297.5
15203.5
3455.5
18270.5
1891.5
11167.0
9514.5
68.0
7968.5
4021.0
8181.0
15212.5
3683.0
11383.5
926.5
2772.5
2346.5
2338.5
19182.5
68.0
9825.5
68.0
67.5

3993.5
68.0
608.5
6346.5
3690.0
13541.5
2857.5
6343.5
11150.5
68.0
17363.0
68.0
1824.0
68.0
12493.0
2713.0
1351.0
15994.0
68.0
663.0
163.0
8951.5
2467.0
13358.0
3422.0
3236.0
68.0
926.5
8141.5
22852.5
5454.0
68.0
68.0
0
16090.0
6476.0
7217.0
68.0
12489.0
14895.0
3680.0
3215.5
17926.0
68.0
612.5
4594.5
68.0
13363.5
5810.5
23951.5
3991.0
1944.0
4128.0
4427.0
19109.5
5766.5
11115.5
3975.0
14920.5
14707.5
9349.5
8027.5
6740.0
0
1480.0
2363.5
0
13352.0
961.0
68.0
7800.5
6229.5
0
1016.5
68.0
13944.5
5906.5
11275.0
4979.5
18953.0
68.0
1950.5
68.0
0
6674.0
4289.5
24014.5
11665.0
9377.5
1346.5
1387.0
1019.0
2683.0
612.5
25784.0
0
18299.0
5597.5
68.0
8959.5
11209.0
10766.0
68.0
3244.0
903.5
12058.5
0
2795.0
1389.5
57.5
9857.5
9642.5
4960.0
2246.0
0
68.0
7587.5
3292.5
3586.5
9043.5
646.0
68.0
5466.0
3627.0
68.0
68.0
8136.5
68.0
68.0
68.0
1381.0
5868.5
6171.5
0
3722.0
2914.0
9356.0
551.5
68.0
0
22390.5
0
12025.5
0
0
4964.0
68.0
23719.5
5434.5
68.0
1506.5
1912.0
27153.0
9448.0
0
2344.0
67.5
7598.0
22759.5
8186.5
13653.5
68.0
12942.0
1017.5
68.0
12185.0
5490.5
10845.5
20063.0
68.0
1447.5
11209.0
1897.0
68.0
18287.5
68.0
68.0
9841.0
4160.5
0
2846.0
13417.5
6667.5
438.5
10388.0
1019.0
10317.0
5765.5
68.0
6925.0
68.0
5034.5
8525.5
13084.0
8528.0
1406.5
9324.5
3642.5
6734.5
9360.5
1579.5
68.0
10264.0
10366.5
8538.5
3670.5
68.0
7606.0
68.0
1402.0
68.0
68.0
2374.5
3737.5
68.0
5906.0
5427.5
1019.5
16225.5
13531.5
68.0
612.5
0
8211.0
10855.5
2338.0
68.0
2775.5
6858.5
12092.0
3719.5
163.0
7732.0
438.5
68.0
15219.0
6390.5
23788.5
4105.5
2335.5
7104.0
722.0
1914.0
9111.5
9838.0
4568.5
3206.0
4879.5
20095.0
23282.5
68.0
6655.5
68.0
9489.0
0
12870.0
1387.0
4945.5
438.5
1300.0
16331.5
68.0
4107.0
21081.0
5913.0
629.5
543.5
5499.0
3710.5
68.0
16559.5
6913.5
1870.5
1505.5
1334.0
5015.0
6850.0
68.0
2397.0
612.5
612.5
68.0
21500.5
0
7536.0
18864.0
16089.5
8380.0
12961.0
6263.5
68.0
8116.0
4364.5
1387.0
1297.0
10667.5
24587.0
9071.5
1392.0
12202.5
16947.5
68.0
614.0
9309.5
3231.0
9431.5
6268.5
15060.5
7300.0
6414.0
21433.0
68.0
7541.0
5562.0
21352.0
4173.5
1911.5
68.0
14317.0
10459.5
68.0
8022.5
3440.5
1016.5
5983.0
9050.5
14806.5
6376.0
68.0
16395.0
3435.5
6219.0
68.0
1790.0
6325.0
68.0
13963.5
6401.5
45.5
10021.0
1612.5
11199.0
2075.5
5997.5
13818.0
68.0
68.0
7298.0
941.0
1423.5
4473.0
68.0
68.0
68.0
4625.5
10716.5
5052.0
4258.5
5427.5
629.5
20887.5
2360.5
6477.5
6267.5
9026.0
2628.0
4654.0
2377.0
1109.0
68.0
68.0
3213.5
11555.0
6328.0
5845.5
68.0
438.5
961.0
4058.0
68.0
1889.0
10668.5
14420.5
12608.0
17341.5
17425.0
68.0
2674.0
3099.5
68.0
14961.0
18688.5
22667.5
1597.5
68.0
3215.0
11607.5
13861.5
1034.0
68.0
13355.5
4939.5
68.0
68.0
5106.5
3133.0
3233.5
1834.0
2619.5
12489.0
13990.0
25841.5
68.0
68.0
5
2382.0
12210.5
63.0
7170.0
736.0
6322.0
2764.5
1434.0
10481.0
68.0
0
1036.0
68.0
6741.0
16922.5
68.0
4313.0
68.0
68.0
11129.5
3814.5
2562.5
910.0
6748.0
68.0
10258.0
3693.5
717.0
2284.5
68.0
1390.0
4182.5
20556.0
9454.5
68.0
4638.0
5487.0
6361.0
10334.0
13754.0
13368.5
68.0
6238.0
12568.5
25317.0
4743.5
6241.5
10754.0
7421.5
20436.5
1489.0
11176.0
17370.5
19260.0
68.0
6326.0
4250.0
11543.0
1800.0
0
25449.0
24744.0
1014.5
68.0
9963.0
9958.0
68.0
25016.0
1773.5
0
6879.5
68.0
5898.0
8902.0
68.0
4658.5
4534.0
5472.0
5016.5
18688.0
21527.5
3156.5
68.0
5452.0
4500.0
438.5
4014.5
21335.5
5622.0
68.0
68.0
7247.5
12944.5
68.0
6806.0
4548.5
7215.0
19115.5
6784.5
0
12641.0
9954.0
68.0
3568.0
5426.5
68.0
719.0
10918.5
0
9614.5
3688.5
4094.5
19621.5
0
1935.5
4463.5
68.0
9911.5
7831.0
6400.0
68.0
9003.5
1109.0
5133.0
10461.0
8469.0
68.0
4450.0
67.5
1019.5
3044.0
11608.5
18728.0
1129.5
2877.5
68.0
5026.0
11620.5
3980.5
13843.5
365.5
5465.5
21448.0
10429.5
3665.0
3228.5
5046.5
3683.0
68.0
68.0

8456.0
11301.0
20267.5
25975.5
68.0
68.0
12459.0
1389.5
68.0
11717.0
68.0
1796.5
13016.5
68.0
4503.0
5877.0
2442.5
68.0
11198.5
4908.5
5417.0
1392.5
6759.5
10440.0
26283.0
68.0
68.0
6346.5
3281.0
68.0
10639.0
68.0
17492.5
68.0
10404.0
68.0
17901.5
2770.5
8166.0
15283.0
68.0
68.0
8121.5
68.0
14897.0
68.0
6365.5
1504.5
2047.5
68.0
8074.0
68.0
3833.5
5991.5
1970.5
68.0
2346.0
1389.5
1333.5
2057.5
14641.5
3226.5
15626.0
2801.0
438.5
2328.0
12305.0
5449.5
13387.5
68.0
629.0
68.0
3796.0
1426.0
13999.5
68.0
5415.0
11217.0
1347.0
15258.5
8996.0
1911.5
3850.0
68.0
3882.5
7172.0
23731.5
2734.5
2672.5
629.0
2807.0
4263.5
3187.5
4112.5
7609.5
1036.0
6762.0
68.0
68.0
961.0
5462.0
68.0
68.0
3095.0
629.0
2363.5
13811.0
1946.0
3767.0
15549.5
1928.5
7646.5
27045.0
2066.0
68.0
438.5
57.5
8684.0
10240.5
2264.0
11112.0
12546.5
8424.5
5043.5
7641.0
19146.0
68.0
926.5
68.0
3282.0
9473.5
5423.0
2143.0
629.0
15790.5
980.0
3183.0
14842.5
68.0
1207.0
9476.5
8040.0
7762.0
9413.5
5523.0
8534.0
12078.0
455.0
3138.5
22.5
5399.5
927.5
3744.5
68.0
931.0
1406.5
5646.5
10307.0
3596.5
1406.5
3256.5
3626.0
68.0
2726.5
4980.0
1297.0
1033.5
4446.0
68.0
68.0
68.0
4179.0
2368.5
2846.0
11574.0
8731.5
11648.0
2793.5
10218.5
68.0
5833.5
5515.0
68.0
6677.5
19655.0
1971.5
68.0
9774.0
4196.5
7299.5
0
4520.0
8046.0
67.5
6740.0
5154.0
7241.0
21901.5
1505.0
612.5
7739.0
2363.0
9012.0
1106.5
734.5
3732.0
7871.5
3272.5
9003.5
4564.5
5870.0
7165.5
10298.5
438.5
3706.0
68.0
2858.0
1331.5
3686.0
5943.0
4002.5
4058.5
68.0
4684.0
5450.0
68.0
13455.0
68.0
1016.5
568.5
1911.5
68.0
3718.5
3236.0
7792.5
8172.5
12025.0
2784.0
68.0
4277.5
6259.5
12938.0
68.0
1016.5
68.0
68.0
1742.0
2425.5
1559.0
458.0
68.0
17811.0
8041.5
3433.0
12057.5
8529.5
7657.0
612.5
18043.0
7115.0
9830.0
10802.5
2731.0
15647.5
23089.5
537.5
2830.5
68.0
3346.0
11605.0
2341.0
6199.5
7985.5
5811.5
13384.5
348.5
68.0
68.0
9333.5
1033.5
1000.0
68.0
0
68.0
7750.0
4445.0
7711.5
26665.0
8258.5
68.0
10350.0
68.0
1926.5
8.0
10668.5
4069.5
12524.5
7686.0
6823.0
6321.0
13965.0
2267.5
4120.0
68.0
4162.0
20102.0
7228.5
7722.0
3600.5
12505.0
12282.5
3654.5
3640.0
24688.5
2238.5
906.0
68.0
5423.5
68.0
1036.0
13732.5
68.0
2657.5
23232.5
11263.0
365.5
68.0
2700.5
68.0
7240.5
2246.0
9835.5
2935.5
3364.0
2755.0
25503.0
1875.5
16440.5
5430.0
2265.5
15077.5
24516.5
12947.5
4608.5
1499.0
68.0
1036.0
14711.0
0
12218.5
16674.5
8479.5
3118.0
12138.5
3287.0
9806.0
458.0
1000.0
21858.5
458.0
68.0
7242.5
68.0
4116.5
2057.5
1126.0
15127.0
12556.0
1893.0
68.0
6270.5
15939.0
25916.0
22754.5
1126.0
68.0
629.0
68.0
68.0
68.0
68.0
7191.5
68.0
9767.5
939.0
4122.0
68.0
537.5
4503.0
68.0
5493.0
6802.5
0
8285.0
10961.0
2079.5
11565.0
719.0
68.0
68.0
5044.0
7209.0
680.5
28438.5
1396.0
9940.5
3160.0
15340.5
16099.0
1632.0
68.0
11498.0
68.0
16936.0
24621.5
458.0
1894.5
7557.0
19155.0
68.0
2935.5
68.0
8905.0
19120.0
68.0
2377.0
19442.5
0
68.0
21039.5
68.0
894.5
438.5
10202.0
0
6793.5
10699.5
13394.0
1036.0
68.0
15148.5
68.0
2322.0
16059.0
16191.0
9060.5
12039.0
3749.5
20581.0
8092.0
0
1126.0
4105.0
6934.0
1819.0
447.5
7237.5
13010.0
11239.0
7532.0
1002.5
4600.0
7191.0
4722.0
12568.5
68.0
2356.0
7760.5
11224.0
20528.0
68.0
68.0
68.0
9834.0
68.0
9986.5
3104.5
3096.5
6532.0
68.0
7087.5
68.0
2367.5
68.0
26433.0
7730.0
3604.5
8481.0
68.0
521.0
11246.0
8092.5
68.0
68.0
8009.5
0
1053.0
68.0
438.5
1614.5
7263.0
629.0
4925.5
0
1505.0
68.0
7179.5
7149.0
4143.0
7611.5
601.0
12317.0
612.5
68.0
2282.5
12256.5
12592.5
26004.0
7183.0
68.0
68.0
2801.5
4499.5
15874.0
9500.5
2775.5
6702.5
29.0
3267.0
1965.0
22719.5
1031.5
25755.0
9445.0
1933.0
5060.0
68.0
11684.5
68.0
2852.0
68.0
11673.0
68.0
8448.5
6945.5
1461.5
68.0
4986.5
68.0
68.0
19256.0
68.0
68.0
5821.5
68.0
11752.0
0
1701.5
648.5
3601.0
24048.5
67.5
1889.0
3584.0
1350.5
2751.0
68.0
909.5
68.0
4208.0
629.0
8507.5
629.5
7158.5
5420.5
9409.0
3592.0
4228.5
68.0
22327.5
18838.5
1036.0
5885.5
7985.0
3424.0
68.0
2753.0
15634.5
14281.0
4515.0
4452.5
1985.5
2343.5
0
3718.5
5342.5
8362.0
7796.5
4452.5
3152.0
68.0
68.0
1033.5
68.0
10735.0
4478.0
1895.5
68.0
6755.5
1799.5
6779.5
68.0
2389.5
68.0
2338.5
458.0
16606.5
3552.0
1796.5
8450.5
19994.0
68.0
6480.0
68.0
15573.5
1019.5
68.0
6413.5
1796.5
8922.5
4889.0
4115.5
18712.0
629.0
68.0
5838.5
23161.0
5007.5
3360.0
5038.0
3717.5
2342.0
1012.0
68.0
1036.0
9405.5
4576.0
13406.0
1580.5
4046.0
7223.5
68.0
4149.5
12138.5
1115.5
4582.0
1582.0
68.0
68.0
18809.5
9569.5
15282.5
1836.5
15626.5
29.0
13830.0
68.0
6872.5
2406.0
68.0
6396.5
21484.0
614.0
68.0
2397.0
68.0
999.5
5830.0
9387.5
2399.0
5375.0
3908.5
9882.0
1099.0
23994.5
943.5
1931.0
1036.0
68.0
612.5
10756.5
6004.0
6706.0
68.0
7227.5
6258.5
3705.0
68.0
68.0
4609.5
1133.0
5624.5
8306.0
68.0
450.5
4064.0
2731.5
68.0
4134.0
68.0
6971.5
68.0
18816.5
5013.5
7242.5
6729.5
10768.5
6798.5
22373.5
1967.5
5376.0
2034.0
13032.5
3561.0
68.0
11978.5
8571.0
1951.5
4075.5
10376.5
68.0
12532.5
3569.0
68.0
944.0
7240.0
4055.5
14398.5
13893.0
1426.0
4668.5
68.0
0
18387.0
1487.5
7157.0
4182.0
7536.0
2318.5
1090.0
68.0
451.0
2175.5
15610.5
2717.0
68.0
68.0
68.0
5887.5
68.0
5968.5
68.0
68.0
14026.5
68.0
3308.5
4589.0
1128.5
10249.5
6502.5
13473.0
5943.5
647.0
828.5
68.0
10364.5
6122.0
1984.5
4780.5
68.0
4124.0
4172.5
2528.5
68.0
1785.0
6410.0
6564.0
10761.5
7357.5
18349.5
1496.5
25795.0
1945.0
537.5
1016.5
1548.5
6231.0
8182.0
11599.0
1036.0
6362.5
7336.0
551.5
4476.5
8562.5
1487.5
1385.5
4763.0
22842.5
19253.0
2833.5
68.0
2669.5
20882.0
17939.0
14962.0
17875.5
1387.5
2842.5
68.0
16887.5
10714.0
68.0
10779.0
14779.5
6743.5
21453.5
1036.0
68.0
18385.0
3116.0
68.0
68.0
68.0
8166.0
68.0
8502.5
3411.5
1368.0
5066.0
12456.5
5460.5
4900.0
8869.0
68.0
3257.0
1126.0
27685.5
1909.5
16136.5
1504.5
5916.5
26289.5
3213.5
12640.5
68.0
2223.5
27631.0
8595.0
24461.0
10468.0
5017.5
515.0
68.0
4520.0
10780.5
6410.0
13634.0
68.0
7255.0
5559.5
8942.0
3580.5
68.0
646.0
4578.5
4183.0
68.0
1100.5
68.0
4516.5
67.5
68.0
68.0
8951.5
0
3641.5
68.0
68.0
68.0
2364.5
6641.0
4182.0
7586.5
68.0
902.0
4077.0
1116.5
2006.0
68.0
13447.0
68.0
2391.5
2842.5
4198.5
7264.5
68.0
3531.5
22730.5
12218.0
4910.0
29.0
3250.0
4972.5
2826.5
1423.5
1460.5
6413.0
68.0
68.0
3754.5
2412.0
551.5
16214.5
68.0
9483.0
5987.0
1002.5
8733.0
10464.0
5141.0
2865.5
3217.5
22619.5
2750.5
16119.0
1596.0
18179.5
68.0
3190.0
0
6328.5
1949.0
5385.5
1894.5
2825.0
68.0
1410.0
10474.5
1409.0
13960.0
16112.0
7762.5
2231.5
4330.5
8482.5
12628.5
4497.0
12587.0
4535.0
2838.5
68.0
4884.5
68.0
2850.5
7586.0
6025.5
4296.0
7539.0
2852.5
1869.5
4143.5
68.0
1722.5
16162.5
4274.5
8591.0
6836.5
9135.5
68.0
736.0
12659.0
11720.5
3383.5
0
1002.5
23652.0
22.5
1036.0
1882.0
26768.0
8070.5
10261.5
1314.0
68.0
9786.0
910.0
5517.0
2702.0
6353.0
26247.0
3214.5
926.5
25032.5
7586.0
7177.5
14335.0
153.5
1101.5
943.5
5858.5
5045.5
8964.0
3694.5
28008.0
9739.5
4521.0
68.0
6323.5
5241.5
68.0
2059.5
7003.5
68.0
13915.0
3113.5
0
19110.5
8986.5
68.0
68.0
7272.5
68.0
1522.5
7810.5
16098.0
5818.0
2829.5
7586.5
68.0
2952.5
68.0
1566.0
8654.0
5238.0
68.0
2808.0
68.0
0
68.0
68.0
1016.5
2055.5
68.0
0
68.0
629.0
1479.5
68.0
21786.0
2057.5
11369.0
9531.5
11589.5
68.0
68.0
2335.0
0
20822.0
1499.0
68.0
3230.5
438.5
1390.0
17399.5
3677.5
68.0
68.0
7444.5
15329.0
9060.0
68.0
20914.0
5036.5
4424.5
2862.5
438.5
23273.0
2372.0
68.0
14437.0
3683.5
3518.0
68.0
11278.5
4990.0
68.0
68.0
68.0
2265.0
68.0
5914.5
2734.5
11688.5
9399.5
2036.0
12099.5
3623.0
2896.5
4062.0
13480.0
9407.0
68.0
6038.0
19763.5
68.0
5617.5
6388.5
3567.5
8320.0
17374.0
5433.5
909.5
13488.5
16992.5
163.0
9713.0
5951.5
68.0
68.0
8484.0
21432.5
1406.5
68.0
3622.5
3196.0
6843.0
68.0
646.0
6714.0
68.0
68.0
10638.0
4192.5
4986.0
2282.5
68.0
10041.5
3009.5
14224.0
9490.0
3587.0
68.0
68.0
663.0
8601.5
68.0
1128.5
20125.5
9003.0
1504.5
9036.0
2391.5
13923.0
7605.0
3602.0
68.0
6688.0
4884.0
68.0
6847.5
11030.0
5447.5
2672.0
6095.5
4013.0
5009.0
24287.0
6845.5
1036.0
1090.0
1538.5
1033.5
68.0
68.0
5885.5
22455.5
3227.5
16077.0
3158.5
6285.0
3192.0
1033.5
5977.0
7959.0
8923.5
10503.0
9876.0
9980.5
14288.0
4085.0
458.0
11990.0
535.0
1492.0
68.0
5483.5
8613.5
5799.0
4638.5
629.5
944.0
21765.5
68.0
3662.0
926.5
2791.5
11911.5
2701.0
1036.0
1389.5
1019.0
68.0
9769.0
16066.0
68.0
7523.5
68.0
5203.5
68.0
4925.5
1594.5
68.0
5096.0
8155.0
7363.0
14229.0
68.0
348.5
68.0
4595.0
21795.5
5372.0
68.0
16666.0
5904.0
2810.5
3380.0
1522.5
9109.5
23251.0
1611.5
11764.5
68.0
1019.0
25101.0
926.5
13019.5
507.5
2282.5
11371.0
13432.0
4552.5
68.0
1492.0
5460.5
1033.5
12575.5
68.0
68.0
7629.0
2751.5
17494.5
4610.5
21790.5
5122.0
2787.5
1333.5
17203.0
15179.0
365.5
1505.0
8376.5
68.0
4903.5
7210.0
4034.5
68.0
4100.5
68.0
6307.5
8491.0
458.0
3153.5
1526.5
68.0
1051.0
7214.5
68.0
0
4832.5
458.0
2652.5
458.0
16089.5
10687.5
3116.5
8015.5
68.0
10358.5
68.0
16558.0
5038.0
68.0
68.0
0
0
3782.5
7247.0
0
7536.5
68.0
2262.5
1053.0
13367.5
5504.5
68.0
18071.5
4689.5
11105.0
4789.0
5123.0
68.0
22279.5
68.0
6051.5
2813.0
68.0
3995.5
7109.5
5004.5
14286.5
68.0
68.0
4566.0
4942.5
2917.5
1629.5
5598.0
5757.0
21417.5
13078.0
1106.5
68.0
12247.0
23239.5
68.0
2431.0
21001.5
8656.0
6561.0
9443.0
14772.0
6240.5
10812.0
2732.5
8585.0
14953.0
0
20904.0
14647.0
13543.5
6155.0
7184.5
7218.5
68.0
1909.5
12498.0
1882.0
68.0
438.5
68.0
3797.0
11752.0
17459.5
68.0
3582.5
7626.0
14819.5
5997.0
10238.0
438.5
68.0
3118.0
629.0
2446.0
2829.5
10841.0
6649.5
4576.5
8186.0
1497.0
68.0
9800.5
943.5
6704.0
16400.0
427.0
8005.5
11295.0
21411.5
13526.5
5417.5
3181.0
1053.5
6211.0
3672.5
17457.0
10231.5
68.0
7605.0
4943.5
68.0
6202.5
2678.5
27726.5
926.5
438.5
7639.5
9811.0
2689.0
2815.5
12596.5
3995.5
3756.5
13530.0
68.0
1033.5
8492.5
629.0
68.0
2361.5
19750.5
7404.5
5387.0
11575.0
16609.0
7931.5
19590.0
1502.0
1342.0
4560.5
9104.5
14929.5
10638.0
1787.5
3148.5
68.0
6756.5
68.0
4542.0
68.0
3195.0
5964.5
17418.5
6400.5
68.0
5997.0
7718.5
5868.5
68.0
5472.5
0
4572.5
15281.0
14772.0
16661.5
5405.5
7224.0
5745.5
68.0
8708.5
0
8.0
13469.0
5784.5
68.0
20150.0
20603.0
15.5
1651.0
962.0
3747.0
1473.5
68.0
8545.0
68.0
14890.5
7988.5
10728.0
68.0
2351.0
9897.0
4149.5
4154.5
68.0
4066.5
15359.5
3266.5
1333.5
68.0
7653.0
3259.5
68.0
54.0
8142.0
3545.0
12512.0
6025.0
1944.0
8473.0
68.0
11645.5
7514.0
3756.5
68.0
6259.5
7218.5
11545.0
6771.0
1426.0
21010.0
5060.0
68.0
5865.0
13822.5
1128.5
68.0
1875.0
3704.5
68.0
5890.0
14423.5
6312.0
16500.5
736.0
13899.0
5032.5
10368.5
68.0
8632.0
68.0
68.0
68.0
2919.0
1893.0
458.0
7911.5
809.5
22380.5
5901.5
2001.5
68.0
15819.0
68.0
68.0
3700.0
5465.5
68.0
68.0
4601.0
2675.0
14093.0
6231.0
68.0
1909.0
8263.0
68.0
4106.5
4070.5
2345.0
554.5
5978.5
926.5
9928.5
1504.5
68.0
20899.0
14722.5
5354.5
20116.5
6961.5
7190.0
5489.5
6353.0
9535.0
10380.5
68.0
9126.0
5152.0
68.0
13390.5
68.0
10331.0
163.0
21491.0
533.5
10327.5
16052.5
68.0
7317.0
11705.5
16513.0
2363.5
68.0
16898.5
68.0
68.0
7684.0
3713.5
163.0
7250.5
14288.5
926.5
663.5
6812.0
8344.5
17449.5
1873.5
12659.0
16098.0
6869.0
11216.0
17873.0
6411.0
2004.5
7346.5
3551.5
2711.5
4266.0
2303.0
5785.5
2455.5
4058.5
10773.5
68.0
2809.5
257.0
2004.0
2336.0
7705.0
7917.5
9437.5
629.0
15717.5
19530.0
7647.0
68.0
4462.5
0
5012.0
9337.5
2101.5
8171.5
68.0
68.0
12993.5
68.0
68.0
5881.0
8460.0
68.0
7099.5
1036.0
4974.5
12593.0
1499.0
4230.0
11249.0
5147.5
7095.5
13149.5
5878.5
8444.0
1441.0
2265.5
21802.0
2265.5
1506.0
4953.0
68.0
3311.0
9024.5
2923.0
20483.0
8654.5
5477.5
4959.5
3558.0
2742.5
10274.5
7441.0
513.5
68.0
16235.0
2282.0
2964.0
16163.0
68.0
2844.0
12144.0
755.5
4074.0
7752.5
68.0
10103.5
2284.5
68.0
5815.0
68.0
1443.5
8939.0
16823.5
1779.5
3125.0
6747.5
14874.5
1314.0
1909.0
63.0
20734.0
6316.5
2404.5
68.0
3676.5
7628.5
7131.5
13766.5
1390.0
8058.5
10252.5
348.5
68.0
68.0
13972.5
12931.5
19003.0
1851.5
3627.0
27226.5
68.0
9015.0
1886.5
4602.5
68.0
4659.0
68.0
1836.0
7308.5
13290.5
6360.5
60.5
10394.5
19727.5
3231.0
18364.5
68.0
15646.0
26776.5
3496.0
68.0
68.0
11108.0
3277.5
16379.0
22007.5
9910.0
6513.5
4995.5
10452.5
3285.5
3661.0
68.0
529.0
10712.5
68.0
14718.0
1241.0
68.0
1967.5
4931.5
16142.0
5813.5
3668.0
10802.0
68.0
3836.0
3803.5
16068.0
4860.0
25024.5
438.5
5377.0
1890.5
57.5
2813.5
68.0
13426.0
68.0
68.0
35.0
5057.0
68.0
1814.0
663.0
1039.0
10911.0
68.0
5350.0
6959.5
3781.0
944.0
22.5
68.0
1631.0
18207.0
738.5
4966.5
2423.0
11982.5
1789.5
10028.5
68.0
1580.5
7564.5
68.0
8435.5
3233.0
3836.0
5945.5
5020.5
6303.5
10906.0
3789.5
4418.0
11126.5
7233.5
13012.5
2885.5
68.0
5892.0
1036.0
3768.0
3228.5
3332.5
3252.5
68.0
68.0
1813.5
6362.0
10382.0
438.5
4932.0
7897.0
11524.0
4444.5
7686.0
5824.0
16448.5
10537.0
4627.5
7727.5
460.5
2848.5
5892.0
1496.5
10320.5
910.0
68.0
2720.0
68.0
19965.5
11223.5
7143.5
8096.0
17814.5
10758.0
68.0
5979.0
9382.5
68.0
68.0
68.0
9833.0
9477.0
5513.0
15574.0
68.0
12652.5
68.0
16607.5
999.5
12884.0
7145.0
4560.0
5425.5
14369.0
10603.5
6309.0
13982.5
3612.5
11597.0
13402.0
68.0
533.5
1704.0
68.0
10415.5
910.0
5031.0
2342.5
4331.5
3071.0
68.0
3110.0
629.5
12075.5
12444.5
3804.0
1687.0
3716.5
16049.5
15173.5
6000.0
1189.0
68.0
5438.0
6143.5
10671.5
629.0
3692.0
2248.5
13671.0
3199.0
0
663.0
5941.5
5989.5
21971.0
21876.5
13076.0
68.0
13896.5
5770.5
9492.5
0
8000.5
68.0
0
3063.0
11658.0
0
67.5
12838.5
3657.5
438.5
11183.5
0
4997.0
5795.0
2781.5
6794.0
68.0
68.0
12563.5
3564.0
12507.0
4633.0
5485.5
17843.0
0
7575.5
0
7223.0
68.0
15608.5
68.0
943.5
2384.5
0
7564.0
3161.0
0
13020.0
4494.0
6365.0
68.0
2826.0
6284.5
19149.0
5791.5
663.0
2722.0
163.0
25443.5
7638.0
10342.5
3232.0
68.0
7153.5
7740.0
3675.5
5512.5
16611.0
27620.5
1612.5
68.0
68.0
1598.0
1107.0
5889.0
15163.0
26519.0
4086.0
68.0
3683.0
1133.0
1109.0
68.0
3672.0
1109.0
68.0
2266.0
438.5
11907.0
9929.5
5866.0
25896.5
12853.5
9786.0
3193.0
1387.5
10649.0
8021.0
9042.5
1871.5
2767.5
4270.5
5010.5
1539.5
5942.5
3741.0
0
68.0
23078.0
5394.5
68.0
943.5
10344.0
5899.0
17894.0
68.0
1016.5
4918.0
68.0
3689.0
5395.0
9934.0
68.0
11995.5
12121.0
14020.5
0
1331.0
8764.0
5419.5
2324.0
1406.5
1948.5
27669.5
14301.5
15790.5
8974.0
2451.5
3390.0
4086.0
12942.5
4574.0
11399.0
8041.5
6034.0
3533.0
2266.0
68.0
7257.5
438.5
629.0
1488.0
68.0
2675.0
1894.5
14428.0
1389.5
12642.0
1488.5
1036.0
629.0
13361.5
9369.0
2078.5
4608.5
4456.0
3252.5
19109.0
1939.5
5891.0
68.0
8584.0
15674.0
26314.0
7138.0
9902.0
68.0
25458.5
68.0
1036.0
9024.5
17316.5
3161.0
927.0
5365.0
17436.5
21828.0
1099.0
16118.0
1487.5
7239.5
4931.5
14736.0
1796.5
2236.0
10298.0
68.0
2064.5
3456.0
6007.5
13127.5
4965.5
13021.0
3480.0
3298.0
18761.0
18352.5
68.0
9911.0
16372.5
68.0
68.0
629.0
2658.0
3550.5
11274.0
68.0
6859.0
2367.5
68.0
6826.5
21444.0
4903.5
68.0
18842.0
68.0
18099.0
14709.0
2754.5
15145.5
3706.5
1558.5
10319.0
1577.5
17388.0
23657.5
16697.0
9031.0
1522.0
163.0
7446.0
2040.5
4153.0
1036.0
11207.5
4507.5
15633.5
8146.5
5354.5
68.0
3531.0
0
2323.0
6248.5
4517.0
6363.5
1777.5
9803.5
68.0
13749.0
14501.0
11635.0
54.0
6024.5
15905.5
13457.5
1872.0
68.0
22381.5
3360.5
13884.5
3772.0
3696.5
68.0
13365.5
68.0
18872.0
68.0
5008.0
5024.0
16569.0
1387.0
68.0
68.0
10446.0
6296.5
13360.5
5184.5
458.0
57.5
10446.0
5941.0
926.5
22356.0
629.0
0
10355.0
438.5
6773.5
68.0
68.0
1779.5
438.5
11129.5
8610.0
21405.0
9087.5
8528.0
7592.0
1048.5
68.0
6381.0
929.5
68.0
68.0
14282.5
10774.0
0
68.0
68.0
3681.0
68.0
10225.0
68.0
11126.5
1019.0
629.0
8179.0
10255.0
7378.0
22347.5
13326.5
68.0
57.5
2207.5
1393.0
17872.0
10671.0
68.0
68.0
3657.0
68.0
0
163.0
8385.0
8952.0
68.0
3132.5
18441.0
15611.0
6263.5
3659.5
1612.0
2318.5
5914.5
4991.5
2715.5
900.0
9794.5
6382.5
24472.5
68.0
68.0
1892.0
11294.0
1033.5
2826.0
7351.5
15148.0
5338.0
68.0
1019.0
1350.5
9823.0
68.0
899.0
1109.0
12550.0
4449.0
3289.5
16974.0
10764.5
68.0
646.0
15061.5
68.0
3811.0
16075.5
2302.0
2752.0
910.0
5002.0
8108.0
4615.5
3231.5
8390.0
3640.0
2670.0
68.0
926.5
6905.0
1036.0
2321.5
68.0
5356.5
1875.0
524.0
16707.0
997.5
2074.5
6765.5
68.0
9018.5
10214.5
16994.0
13024.5
4962.0
9876.0
2406.5
4996.5
68.0
13472.0
10349.5
961.0
4484.5
2340.0
68.0
4911.0
521.0
18751.5
7997.5
9325.0
5552.0
11246.5
7272.5
68.0
5995.0
8889.0
3553.0
68.0
13147.5
8961.0
26403.5
15239.5
12233.0
1892.0
4230.5
4591.0
15248.5
8978.5
3169.5
1033.5
7809.0
8191.0
68.0
1984.5
68.0
8664.5
68.0
4433.0
2364.5
14829.5
438.5
8948.0
17292.0
20092.0
68.0
943.5
3552.0
20297.5
14490.0
15028.5
960.5
18332.5
2282.5
6359.5
68.0
19752.5
3662.5
1777.0
68.0
9405.0
4243.0
23780.0
4614.0
1505.5
68.0
926.5
68.0
7710.0
68.0
3207.0
23637.0
18851.0
10335.5
2824.5
4666.5
14745.5
4834.5
15607.5
68.0
68.0
4162.0
16932.5
8872.0
5028.0
4544.5
2765.5
16432.5
9998.5
7694.5
620.5
443.5
16613.0
11140.0
6523.5
13495.0
7191.0
1505.5
68.0
68.0
12490.5
2280.0
21499.0
5358.5
68.0
5596.0
5591.0
12904.0
68.0
19156.5
68.0
68.0
2821.5
11422.5
3038.0
4497.5
6464.5
4174.5
5024.5
68.0
13472.5
3786.0
717.0
4165.0
20603.0
68.0
11300.5
2619.0
68.0
10829.5
1892.0
612.5
1347.5
9556.0
1926.5
3033.0
1518.5
3425.0
24943.0
6973.0
68.0
5095.0
68.0
5534.5
1928.5
2655.0
348.5
19757.0
2267.5
2813.5
3028.0
68.0
5056.0
10630.0
5563.5
5827.5
7843.0
13885.0
9947.5
3842.5
8451.5
7646.0
68.0
2247.0
68.0
15584.5
0
7116.0
13200.5
68.0
1488.0
68.0
6824.0
2282.5
8524.0
8998.0
2861.0
15677.0
1950.5
16061.5
15316.5
3683.5
3245.5
1912.0
365.5
12909.5
15122.5
458.0
17846.5
4975.5
1614.0
11208.0
926.5
68.0
1835.5
4040.5
4483.5
8581.0
6751.0
4987.5
5055.0
2378.0
1968.0
3744.0
7293.0
629.0
68.0
6259.0
68.0
11159.5
5490.0
1106.5
1934.0
1016.5
551.5
12998.5
0
0
2327.5
8452.5
12593.0
68.0
18175.5
68.0
5787.0
68.0
17520.0
5060.5
9513.5
68.0
6971.5
8141.5
1601.0
14131.0
1016.5
6309.5
7997.0
2454.5
13369.5
21388.5
68.0
14265.0
16493.5
2377.0
4455.5
45.5
2826.5
5063.0
6264.0
15195.0
8283.5
6279.5
2299.5
5085.0
68.0
12488.0
1019.0
7597.0
21003.0
68.0
8103.5
1423.5
13310.5
2292.0
68.0
0
7180.0
1984.5
26613.5
68.0
4473.0
11885.0
4629.0
944.0
6001.5
25775.0
943.5
68.0
68.0
13051.0
2084.5
17079.0
68.0
68.0
7671.0
4534.5
68.0
3570.0
13407.5
6234.5
24606.0
3006.5
18669.0
1886.0
3264.0
18861.0
68.0
10428.5
3627.5
13133.5
4582.5
24082.5
1299.5
1855.5
12887.5
12142.0
68.0
3214.0
68.0
3677.0
20521.5
68.0
7504.5
12918.5
14245.0
22306.5
19310.5
20663.0
10403.0
0
999.5
5031.0
1850.0
18305.0
1036.0
12090.5
10688.5
2297.5
11242.5
0
1089.5
3236.0
68.0
15111.5
5878.0
999.5
20450.5
3732.5
1779.5
12573.0
17884.5
68.0
68.0
7489.0
1930.0
14840.5
12990.5
2809.5
68.0
17310.5
29.0
1199.0
1890.0
68.0
0
68.0
12679.5
16613.5
68.0
1019.0
10860.0
511.0
18236.0
16762.5
68.0
458.0
17858.5
438.5
24879.0
4560.0
4065.0
10405.0
10428.5
12076.5
6465.5
20162.0
1878.0
22651.5
0
438.5
0
68.0
6707.0
68.0
68.0
11616.5
12483.5
1455.0
910.0
9443.0
68.0
68.0
68.0
3228.0
1016.5
5819.5
20904.5
8604.5
0
10543.0
2321.5
2341.5
8666.5
18770.0
7280.0
5069.5
6944.0
2364.0
10348.5
2259.5
7685.5
68.0
3994.0
2074.5
4483.0
11091.5
1488.0
11136.5
8660.5
19209.0
6346.5
5979.5
19806.5
1967.5
5517.5
28461.5
13332.5
68.0
11223.0
24958.5
68.0
4559.5
25015.0
3603.5
68.0
5006.5
6319.5
13130.5
7234.5
24963.5
0
9851.5
24625.5
4002.0
9479.0
22201.5
4109.0
9859.5
7702.0
3315.0
11423.0
8154.0
68.0
458.0
3025.5
1777.0
1086.5
4161.0
6486.0
68.0
12092.5
14687.0
35.0
15137.0
23991.5
3044.5
2659.0
68.0
1858.5
19973.0
5868.5
25022.5
8004.0
1614.0
15262.0
7285.5
4977.0
6728.5
7137.5
5435.0
68.0
1780.0
4533.5
1800.5
906.0
24116.5
68.0
17673.0
12135.0
68.0
173.0
1016.5
629.0
2695.5
8446.5
5072.5
9122.5
6246.5
6382.0
8919.5
4619.5
15196.0
1803.0
12627.5
612.5
0
68.0
4596.0
3612.5
11258.5
68.0
7667.5
3135.0
68.0
3265.0
13859.5
11236.0
2729.0
5394.0
5063.5
12707.5
9834.5
68.0
8178.5
6735.0
1965.0
25801.0
68.0
8257.5
1126.0
2050.0
20649.5
7609.5
1999.5
7410.0
1496.5
4428.5
22771.0
16235.5
983.0
24473.0
68.0
3337.0
3545.5
6433.5
1894.5
18770.0
25042.0
6495.0
15161.5
68.0
8586.0
7180.0
18851.0
25810.5
5594.5
11263.0
10746.0
1877.5
5021.5
3738.0
3903.5
22368.5
68.0
438.5
5451.0
3661.0
1539.0
11579.5
12620.0
68.0
21616.0
7702.0
1486.0
3017.0
68.0
17565.5
68.0
25502.5
2355.0
5385.0
1771.0
4004.5
4719.0
16920.5
8100.0
943.5
9414.0
28073.0
23567.5
21770.5
1894.5
458.0
68.0
5019.0
9050.0
68.0
8174.5
910.0
26140.5
12224.0
68.0
9565.0
5941.0
13730.5
646.0
1443.5
2770.0
12886.0
68.0
16566.0
6355.0
68.0
1224.5
11139.5
68.0
8077.5
1967.5
10662.5
12473.5
365.5
14799.5
68.0
4588.5
22398.5
15461.0
12004.5
10351.0
3584.0
68.0
7981.5
5992.5
438.5
4532.0
8123.0
1207.0
68.0
68.0
1224.0
3451.0
1331.5
12127.0
68.0
19200.0
4075.0
1879.0
4203.0
13504.5
15087.5
10321.5
1109.0
9227.5
4659.5
4619.5
7660.5
5952.0
68.0
4585.0
8191.0
68.0
438.5
6859.5
1014.5
68.0
10340.5
2246.5
14176.5
3814.0
10823.5
4049.5
68.0
12039.5
27279.5
9496.5
16603.5
10373.0
443.5
4517.0
10840.0
8960.0
1126.0
9039.5
438.5
2754.0
5013.0
22781.0
2866.0
13896.5
10742.0
1402.0
68.0
68.0
1667.5
24339.5
68.0
2548.0
11308.0
50.0
19915.5
6399.5
1368.5
24630.0
3287.0
68.0
1426.0
16282.0
1002.5
68.0
3699.0
8560.0
50.0
16890.5
68.0
1488.5
23090.0
3192.0
458.0
12464.0
1802.5
9445.5
10401.0
15485.0
5798.5
2750.5
68.0
2001.5
68.0
1878.0
68.0
8476.5
4996.5
3571.5
10895.0
5915.5
1427.5
68.0
11234.0
5778.5
68.0
8616.5
1948.0
17986.0
365.5
3508.0
68.0
6963.5
1878.5
11629.0
4350.0
68.0
4700.5
438.5
68.0
3021.5
1036.0
614.0
4417.0
10355.5
5443.5
68.0
6793.0
2210.0
4928.5
438.5
68.0
2094.0
8091.0
68.0
68.0
4029.0
7584.0
60.5
1115.5
16023.0
5040.0
612.5
3620.5
18738.0
23217.5
6803.0
14749.5
1837.5
24146.5
6760.0
16589.0
7562.5
68.0
68.0
68.0
458.0
17299.5
16411.0
16516.0
5869.5
9583.0
2473.0
11229.5
3150.5
68.0
2092.0
2328.5
15252.5
458.0
4246.5
50.0
17928.0
6495.0
14296.0
68.0
3648.0
16109.5
21472.5
9384.5
1820.5
68.0
6001.5
8042.5

4522.0
14872.0
3267.0
3992.0
22332.5
4035.5
68.0
8153.5
68.0
943.5
2398.0
8171.0
11095.0
11660.5
68.0
10223.0
21097.5
3994.0
24675.5
68.0
3683.5
68.0
1892.5
1904.0
23232.5
2278.0
68.0
1496.5
21457.5
1779.5
5954.0
68.0
4493.0
458.0
68.0
438.5
2044.0
5547.0
11718.0
6429.5
6220.5
1786.0
18379.0
4158.0
68.0
7214.0
68.0
4783.0
9411.5
9889.0
4207.5
627.5
1033.5
7639.0
68.0
12600.5
2409.5
68.0
7245.0
5912.0
4184.0
2805.0
68.0
68.0
68.0
4925.0
2464.5
68.0
68.0
25465.0
419.5
1089.5
438.5
3511.5
19625.5
68.0
68.0
7680.0
4238.0
22016.5
6735.0
458.0
68.0
68.0
7218.5
27297.0
736.0
17607.0
5355.0
14336.0
2287.5
7194.0
13087.0
6712.0
45.5
6747.0
68.0
8897.0
10234.0
1004.5
20050.0
2757.5
2246.0
3679.0
68.0
8156.5
1331.5
16600.0
68.0
21035.5
22011.5
19170.0
20683.5
1487.5
1892.0
4776.0
12117.5
21818.0
1126.0
0
0.0
4116.0
3747.0
2389.5
458.0
10378.5
1034.0
4168.5
12105.5
4926.0
23701.5
68.0
68.0
9915.5
4614.5
1869.5
8532.5
0
68.0
5772.0
3610.5
6827.5
937.0
68.0
3025.5
537.5
20053.0
16391.0
1859.0
8046.0
6338.5
68.0
1389.5
68.0
10747.0
68.0
19704.0
68.0
2209.5
3211.0
5374.0
1019.5
8141.0
14677.5
4755.0
627.5
4485.5
6236.5
1333.5
11720.5
68.0
68.0
1051.0
2753.0
19059.5
68.0
5099.0
7246.0
68.0
19057.5
9055.0
15459.0
6473.0
5429.5
438.5
9588.0
9954.0
13745.5
68.0
7791.5
5402.0
7460.5
21480.0
68.0
24971.5
68.0
12099.5
22318.5
12140.0
68.0
1505.5
68.0
10816.0
8877.0
68.0
1478.0
16936.5
4045.0
18886.0
68.0
8094.5
10445.0
4231.0
10407.5
20529.0
13209.0
6335.0
68.0
16097.5
68.0
12002.5
68.0
0
5088.5
68.0
23412.0
8598.5
1377.0
3068.0
12021.5
458.0
3699.0
50.0
3835.0
11243.5
1912.0
68.0
20586.0
4581.0
68.0
2377.0
22645.0
5352.0
9792.5
68.0
1985.5
3231.5
11347.0
2338.0
4560.0
16228.0
348.5
68.0
5422.5
4048.0
3547.0
54.0
2324.5
11145.5
2377.5
68.0
458.0
15844.0
8394.0
11143.5
4002.5
68.0
12028.5
1423.5
568.5
68.0
68.0
13608.0
3233.0
6825.0
9862.0
9837.0
68.0
629.0
8617.5
4748.0
68.0
7631.5
7197.5
6770.0
7791.5
5844.0
717.0
1781.0
3811.5
2318.5
5055.5
28060.0
4470.5
5369.0
68.0
438.5
27841.5
19264.5
11216.0
11267.0
4920.0
68.0
612.5
10591.5
68.0
18393.5
10963.5
5340.5
68.0
68.0
16031.0
68.0
21685.0
17044.5
5272.0
68.0
9689.5
23713.5
4320.5
24670.0
4058.0
19765.5
9021.0
10695.5
68.0
999.5
11325.0
68.0
10303.0
1506.5
2470.0
10811.0
4555.5
68.0
3406.0
1409.0
8945.0
14455.5
68.0
1406.5
68.0
8114.0
14712.0
68.0
68.0
68.0
12573.5
458.0
13999.0
7560.0
10949.5
3899.0
1853.5
11857.5
25400.5
68.0
2757.5
7268.5
2147.5
2827.0
29.0
14868.0
629.0
68.0
68.0
68.0
68.0
2001.5
20253.5
1577.5

9101.5
6422.0
0
10719.5
17830.0
332.0
10775.5
68.0
3981.0
3231.0
0
7626.5
1036.0
68.0
68.0
1878.0
19649.5
11246.5
21325.5
2001.5
68.0
2785.0
521.0
629.0
68.0
5101.0
2429.5
68.0
11094.5
3803.0
10907.0
4560.0
12050.5
68.0
3148.5
4535.5
5153.0
24143.0
537.5
6369.5
6444.0
17782.0
438.5
68.0
0
68.0
719.0
7647.5
68.0
474.5
0
68.0
3790.0
0
23280.0
7655.5
10359.0
2787.5
68.0
22205.5
68.0
8544.0
2655.0
1779.5
4125.0
17927.0
7803.5
4976.0
1877.5
2840.5
1423.5
3713.5
5879.5
45.5
18239.5
12177.0
1036.0
0
1409.0
15742.0
13072.0
365.5
4171.5
4066.0
14211.5
9955.5
2816.5
4434.0
3845.5
458.0
4601.5
3695.5
4371.5
6818.0
5129.5
4875.5
13779.5
9054.0
4124.0
8561.0
4081.5
2762.5
8908.5
12561.0
2360.5
1333.5
68.0
3202.0
0
9891.0
68.0
68.0
3128.0
68.0
629.5
3848.0
10800.5
14248.0
3551.0
68.0
68.0
68.0
13465.0
738.5
6759.0
20418.5
68.0
13876.5
1126.0
68.0
68.0
1670.5
11176.5
68.0
5966.5
7266.0
8978.5
12999.0
2946.0
5514.0
3604.5
4512.0
68.0
4061.5
16568.0
9338.5
1016.5
5372.0
68.0
21424.0
1016.5
2374.5
68.0
6800.5
18862.5
17388.5
8962.0
2720.0
68.0
4536.0
4163.0
68.0
25824.5
11831.5
0
68.0
629.5
19539.0
10910.0
20334.0
5535.5
14747.5
163.0
633.5
6389.5
1479.5
68.0
2965.0
1965.0
5298.5
19278.0
11179.0
15148.5
3683.0
6290.0
4857.5
1126.0
438.5
68.0
16170.0
943.5
11729.5
2320.0
24185.5
5937.0
21502.0
1873.5
16659.5
3701.5
4986.0
17415.5
438.5
6811.0
17472.0
944.0
9738.0
8971.5
4557.5
19138.0
14681.5
19091.5
1463.0
7880.5
12718.0
1895.5
6315.0
8948.0
9501.0
12477.0
1968.0
8521.5
68.0
68.0
18821.0
9680.0
3699.0
16007.0
13380.5
10786.5
6335.0
13980.0
9393.5
10318.0
68.0
6730.5
22610.0
8049.5
16608.5
1406.5
2414.0
68.0
66.5
3240.0
4889.0
1283.0
7996.0
13796.5
1479.5
5908.0
438.5
68.0
627.5
2660.0
14376.0
6745.5
6767.0
944.0
14757.0
6653.5
3636.0
1384.5
20511.5
629.0
4174.5
16181.0
68.0
68.0
10730.0
9722.0
10264.5
1404.0
3225.0
1019.0
6987.0
22236.5
7163.5
3545.0
3656.5
7648.0
1947.5
3653.0
2728.0
3184.0
3494.0
9481.0
68.0
20647.0
3189.0
3548.5
1019.0
11704.0
68.0
629.0
1241.5
960.5
68.0
15704.0
19754.0
68.0
1124.0
20542.5
4459.0
11180.0
1036.0
68.0
719.0
5403.5
5464.5
3676.0
13942.5
68.0
7274.0
13566.5
3760.5
4633.5
438.5
3294.0
68.0
1486.0
5488.0
7679.0
1982.0
8931.0
26217.5
11211.0
8938.5
11636.0
2754.0
8955.0
16916.5
13355.5
12232.0
68.0
961.0
8065.0
3670.0
68.0
7623.0
10283.5
2335.5
478.0
8992.0
1889.0
614.0
4575.0
68.0
4534.5
27315.0
1107.0
6351.0
7637.0
14151.0
10656.5
0
68.0
5444.5
13443.5
3215.0
5105.5
2860.0
68.0
1926.5
68.0
27606.5
68.0
68.0
68.0
10863.0
16546.0
9389.0
10753.0
3722.5
612.5
1794.5
3696.5
68.0
11643.5
68.0
4063.0
3251.0
1912.0
68.0
13299.5
8050.0
68.0
7540.0
16401.0
15576.0
4985.5
13873.0
1387.0
7978.5
11781.0
4444.5
68.0
7152.0
10765.0
2843.0
19303.5
2733.5
68.0
1036.0
13894.0
68.0
17864.5
9920.5
7192.0
68.0
13986.0
68.0
68.0
14773.0
1406.5
8575.5
9910.5
4550.5
22683.5
68.0
736.0
4109.5
15715.5
2352.5
8503.0
9326.5
3658.5
12138.5
20941.5
5418.5
68.0
3809.0
68.0
2339.5
68.0
12712.5
19694.0
10335.0
68.0
4569.5
4596.0
68.0
4945.5
629.0
7122.0
12475.5
4173.5
1317.0
1899.0
18393.5
943.5
15556.0
68.0
6300.0
2282.0
68.0
6620.0
13358.0
6870.5
2858.5
68.0
8086.5
163.0
1889.0
14240.0
4138.0
438.5
1019.0
68.0
68.0
2950.0
20118.0
999.5
68.0
68.0
68.0
24988.5
1522.0
13112.0
5998.5
68.0
1520.5
4180.5
13758.5
22009.0
8117.0
68.0
3106.5
25987.5
4004.0
4067.5
629.0
941.5
1862.5
68.0
5070.5
2374.5
6359.0
17125.0
13430.5
7257.5
68.0
533.5
68.0
3413.5
1538.5
910.0
13924.0
26679.0
1856.5
12201.0
11645.0
12485.0
68.0
13568.0
3328.0
11193.0
18391.0
925.0
1911.5
22178.0
22716.5
3807.0
2737.0
1968.0
68.0
68.0
1538.5
25504.5
7725.5
14976.5
68.0
24393.0
1434.0
12690.5
68.0
68.0
1597.0
4535.5
16897.5
8270.5
2002.0
1426.0
943.0
1456.0
26729.0
12111.0
4050.0
2711.5
9905.5
4582.5
4312.5
1396.0
2543.0
5858.0
5438.5
21409.5
5881.5
7640.5
1370.0
13433.0
68.0
5918.0
23225.5
68.0
5408.5
4560.5
6494.0
4464.0
2816.0
9466.0
14225.0
11228.5
13506.5
1413.0
9681.0
5341.0
3737.5
11294.5
27251.5
6278.0
1798.5
3237.0
1874.5
68.0
2220.5
68.0
6412.0
2423.5
25484.0
68.0
13893.0
1533.5
68.0
8161.0
9423.0
7268.5
927.0
529.0
16237.0
1956.0
2933.0
68.0
348.5
3444.0
68.0
3609.5
1813.5
68.0
3134.5
1893.0
11274.5
8171.0
3609.5
4135.0
1504.5
68.0
2835.5
68.0
12445.5
12917.5
16050.0
24845.0
27124.0
2422.0
20001.5
1499.0
6353.5
4009.5
5857.0
1132.5
68.0
16984.0
5038.0
2391.5
2008.5
2764.5
6241.0
2844.0
1760.0
17796.5
1334.0
1967.5
68.0
5
1406.5
458.0
6555.5
7208.5
5442.0
68.0
15254.5
6687.5
16521.5
458.0
26256.5
8486.5
24055.0
6792.5
11666.0
3155.5
2285.0
11074.0
4031.0
9070.0
3140.5
1926.5
8471.5
4148.5
4158.0
14899.0
1480.0
2736.5
68.0
68.0
8123.5
11637.5
7176.5
24211.0
3732.5
10485.5
9802.5
8374.0
1505.0
68.0
23199.0
7173.5
11240.5
17831.5
3741.0
4599.5
20586.0
2846.0
68.0
6726.5
68.0
14293.0
16527.0
8503.0
4064.5
9399.5
12158.5
9586.5
1984.5
11669.5
8133.5
8665.5
888.0
3601.0
1893.0
68.0
68.0
8559.5
68.0
13578.5
153.5
68.0
596.5
438.5
16737.5
68.0
12156.5
3682.0
24572.0
10664.5
1687.0
2477.0
8516.0
8902.5
1653.5
348.5
21800.0
10967.5
1522.5
898.0
1036.0
629.5
4234.5
7783.5
2487.0
24918.5
9442.0
4626.0
7272.5
23330.5
4596.5
2274.5
5946.5
8546.0
11638.5
646.0
6096.0
3246.0
17078.5
4014.5
15829.0
4940.5
68.0
68.0
0
68.0
18789.0
8520.5
2318.5
17094.5
68.0
68.0
14134.5
3672.5
1914.0
2713.0
15991.5
10393.5
6241.5
646.0
3699.5
10259.0
612.5
68.0
3653.5
68.0
7292.5
7041.0
6800.5
68.0
68.0
14261.5
8131.0
1406.5
8993.0
4544.0
9513.0
4159.5
438.5
4187.5
4944.5
2381.5
13936.0
13806.0
944.0
14755.5
10342.0
14291.0
7961.0
10241.0
1036.0
16029.5
7080.0
9421.5
9344.0
68.0
68.0
68.0
3326.0
4977.5
5189.5
2355.0
68.0
1978.5
68.0
629.0
16255.0
17899.5
738.5
68.0
17877.5
22292.0
5140.5
7321.5
68.0
13039.5
7586.5
8.0
68.0
19273.5
7421.0
15095.5
3206.0
8912.0
3145.5
6891.0
5960.0
5792.5
68.0
10675.5
68.0
9397.0
646.0
365.5
7830.0
1877.5
10317.0
5493.0
25831.0
4847.0
3204.5
9115.5
68.0
1036.0
4902.5
12953.0
17919.0
3236.0
6471.0
68.0
2846.0
3217.0
1724.0
9954.5
9829.0
1479.5
2782.0
25463.5
28599.5
7231.5
1126.0
541.0
19169.0
11099.0
12508.0
7692.5
68.0
7145.5
21050.0
627.5
68.0
365.5
68.0
19646.5
1910.0
11852.0
3150.5
2824.0
8177.0
1521.5
6668.0
7180.5
11580.0
13194.5
1629.0
68.0
6710.5
7648.5
68.0
13851.0
4094.0
14406.5
8623.0
9469.0
8911.5
68.0
1892.0
17708.0
4943.0
68.0
68.0
68.0
7558.5
14275.0
9953.5
68.0
8513.5
4579.0
26355.0
2355.5
7711.5
9573.5
9127.0
68.0
5594.5
0
8064.0
12401.5
7274.0
68.0
4701.0
19692.0
6712.5
4905.5
68.0
15221.5
13914.0
0
4892.5
23594.0
6658.5
10038.5
68.0
1880.0
22874.0
11451.5
1499.0
24866.0
4547.0
1033.5
15666.5
3310.5
12991.5
68.0
68.0
14342.5
9245.0
10202.0
515.0
1016.5
11273.5
68.0
68.0
4520.0
8728.0
3716.0
68.0
1033.5
1822.0
0
1910.0
7664.5
10761.5
3192.0
1126.0
3048.0
14478.0
20321.5
68.0
7248.5
3381.0
4527.5
68.0
2863.5
4966.0
14987.0
6814.5
3672.0
1389.5
6818.0
2373.5
2649.5
68.0
3620.5
1886.5
2389.0
1577.5
68.0
4541.5
15824.5
10807.5
68.0
3692.5
68.0
15144.5
18805.5
1410.0
0
5389.0
16477.0
19586.0
6928.0
4937.5
633.5
5094.5
3205.5
22516.5
24267.0
1614.5
15050.5
77.5
4073.0
4940.0
9246.5
18303.5
8939.0
68.0
68.0
9131.0
68.0
533.5
19346.0
5043.0
68.0
1479.5
7625.5
68.0
7626.0
2781.5
1126.0
14222.5
12778.0
4760.0
20279.0
5020.0
21797.0
9840.0
14767.0
4540.5
944.0
1539.5
68.0
348.5
5463.0
68.0
16014.5
3564.5
6912.0
4990.5
6711.0
6559.0
27114.0
1611.5
1016.5
13462.0
3225.0
8540.5
3708.0
12320.5
68.0
13744.0
1777.0
2487.0
1083.0
1036.0
11165.5
2211.5
2226.5
3603.0
19309.0
3415.5
68.0
5094.5
1225.0
0
1894.0
3623.0
13962.5
1499.0
438.5
1070.5
8584.0
4605.5
68.0
12223.0
2239.0
2718.5
68.0
68.0
1126.0
2272.5
4046.0
8823.0
7104.0
5472.0
68.0
12691.0
11938.5
60.5
7339.0
5037.5
68.0
68.0
5483.5
7090.0
15685.5
12919.5
68.0
11596.0
629.0
5591.5
14906.5
1694.0
68.0
646.0
3678.0
2970.0
26449.5
12591.5
10688.0
7208.0
68.0
68.0
26238.5
16048.0
1796.5
2531.5
4463.5
68.0
68.0
68.0
5037.0
163.0
10330.5
1664.0
4454.0
5781.5
12426.0
4226.5
5785.0
3684.0
2378.5
16498.5
68.0
11644.5
15990.5
7484.0
21900.5
9021.0
12480.5
68.0
4473.0
13369.0
5001.0
8581.0
6295.0
8515.5
3111.5
8066.0
1000.0
899.5
3672.0
68.0
2094.0
4993.5
21617.5
3593.0
10835.0
14327.5
2265.0
25378.5
13871.0
8937.5
68.0
68.0
4627.5
1807.0
12520.5
68.0
5364.5
68.0
68.0
4089.0
16175.5
5373.5
68.0
3066.0
26681.0
68.0
4153.0
4902.5
68.0
2099.5
0
68.0
9002.5
5060.0
21443.5
1706.5
4532.5
3267.0
600.5
1024.0
4221.0
2327.0
8442.5
5155.5
68.0
6984.0
2182.5
68.0
6362.5
26207.5
68.0
17356.5
7390.5
3630.5
5016.5
3415.5
13088.5
7256.5
68.0
3693.5
7250.5
68.0
5745.0
4085.5
15360.0
3488.5
68.0
9921.0
19221.5
2452.5
6766.0
8.0
68.0
15564.0
15638.5
3205.5
11590.0
2505.0
3238.0
68.0
68.0
4921.0
14728.5
19704.0
10761.5
3196.5
68.0
3588.5
12461.0
2190.0
67.5
0
8433.5
456.0
7876.0
23755.5
68.0
5185.0
4732.0
15586.5
8002.0
68.0
1019.5
438.5
8589.5
10229.5
68.0
6290.0
68.0
1875.0
10667.0
7110.5
17247.0
10472.0
14715.5
20398.5
68.0
736.0
68.0
12092.5
3382.5
3072.0
553.0
68.0
16015.0
14864.0
54.0
8484.0
9346.0
2897.0
1966.0
627.5
0
68.0
68.0
23213.5
14680.5
14333.0
1033.5
4831.0
7516.5
1505.0
21474.5
9006.0
19682.5
8194.5
17052.0
2002.0
13396.5
2829.0
23530.5
19725.5
19638.5
1869.5
9912.0
68.0
68.0
5921.0
458.0
5012.0
1053.0
4935.0
8882.0
438.5
68.0
8977.5
2731.0
68.0
22539.5
14681.5
68.0
2746.5
4809.0
11951.0
4342.0
7623.5
13008.5
2055.5
68.0
612.5
12998.5
943.5
26410.0
6782.5
3537.0
11607.0
1424.0
68.0
5019.0
2224.0
3200.0
3591.5
5907.0
7252.5
2380.0
8885.5
3509.5
438.5
6582.5
18740.5
543.5
2074.5
4021.5
944.0
4023.5
901.5
8363.5
15324.5
4944.0
3653.5
5911.0
10712.0
6052.0
4635.5
5103.5
2231.0
910.0
15320.0
19193.0
68.0
68.0
68.0
7122.5
68.0
738.5
9911.0
2683.5
1499.0
3736.0
68.0
1126.0
10303.5
17528.5
15289.0
8473.5
12537.0
10422.5
7157.5
4532.0
7185.0
13066.0
438.5
10796.5
173.0
9918.5
2714.0
2781.5
8934.5
4486.0
18275.5
68.0
1892.5
20517.5
1492.0
1109.0
6028.5
1779.5
3023.0
14323.0
455.5
8.0
17769.0
7228.0
1479.5
3800.5
1258.0
7641.5
4067.0
8325.0
68.0
3599.5
900.5
68.0
2501.0
3528.5
15321.0
458.0
13887.5
6829.0
3531.5
4010.0
4094.0
18320.5
10514.0
1880.0
12098.5
1126.0
65.0
4855.0
9579.0
8838.5
17144.0
18859.5
68.0
68.0
8493.0
1802.5
8958.0
11271.0
2318.5
14542.5
828.5
6921.5
6587.0
1892.5
12682.0
5048.5
1347.0
15163.0
5044.5
4018.5
10801.5
68.0
438.5
3781.5
4555.5
2241.0
12264.5
5878.0
13460.0
68.0
25643.0
14135.0
16187.0
68.0
24123.5
16202.0
1426.0
7511.5
10526.0
614.0
5839.5
332.0
438.5
2746.5
10290.0
10921.0
68.0
3215.0
470.5
3118.0
7674.0
8535.0
3505.5
21043.0
7545.0
68.0
6358.5
8381.0
12598.0
68.0
1019.0
6559.5
68.0
1036.0
7287.5
2246.0
12467.0
2325.5
3702.5
68.0
1224.0
6778.5
9791.0
1876.0
7630.5
68.0
68.0
738.5
68.0
18356.5
7176.5
1338.0
22523.0
1208.5
15667.5
26250.0
629.0
999.5
15719.5
4089.5
68.0
21320.5
19325.5
5021.0
6252.0
6307.5
68.0
19387.0
68.0
4163.0
1796.5
4870.0
4652.0
11672.5
3660.0
7003.5
68.0
4190.5
68.0
68.0
68.0
1034.0
19324.0
26335.0
3342.0
0
3557.5
68.0
20494.0
68.0
27381.5
68.0
2282.5
6896.5
16634.5
2008.0
68.0
68.0
15955.0
4073.0
2055.0
1224.0
26662.5
2903.0
8485.0
6442.5
20390.0
5045.0
14778.5
18375.5
4889.0
10429.0
2799.0
68.0
4122.5
9481.0
5672.5
68.0
0
3159.0
941.5
16415.5
17158.0
753.5
4567.0
21436.0
3124.0
5490.5
12913.0
16953.5
13036.5
3713.0
3141.0
10266.5
19819.5
5055.0
9113.5
1849.5
4056.5
26691.5
21433.5
7236.0
68.0
3238.5
5012.5
8164.0
12056.5
2445.0
68.0
18307.0
2391.0
68.0
3230.0
68.0
7303.0
7699.5
2785.0
12065.5
19366.5
6336.5
19739.0
16899.5
14314.0
20149.5
68.0
1798.5
16497.0
2447.5
13479.5
5475.5
10723.0
68.0
5679.5
1779.5
1019.5
23713.5
21449.5
68.0
20935.0
68.0
8565.0
7654.0
14706.0
68.0
68.0
23535.0
23244.0
68.0
6658.0
68.0
17768.0
68.0
68.0
1463.0
2318.5
2233.0
68.0
13008.5
68.0
21465.5
3323.0
11979.5
4688.5
0
1905.0
9280.0
719.0
438.5
6585.0
4036.0
6330.5
27450.0
1002.5
26039.0
8018.0
2796.5
3804.0
1505.5
68.0
633.5
6853.5
2785.0
20970.5
23077.5
16988.5
1878.0
1368.0
961.0
2708.5
1034.0
68.0
11136.5
14781.0
4940.5
1207.0
68.0
4347.5
3733.0
3135.0
4510.0
18289.5
1911.5
24120.5
3895.5
8265.5
5967.0
11738.5
4333.0
1769.5
68.0
1019.0
7678.0
10297.0
2316.5
997.5
7103.0
2258.5
3160.0
646.0
12923.0
68.0
11474.5
16560.0
2316.5
68.0
1434.0
22320.0
68.0
8282.0
1792.5
2158.5
68.0
68.0
5038.0
11624.5
5092.5
18755.0
8984.0
15404.5
3788.5
11756.0
6314.5
16096.5
6709.0
6736.0
21319.5
9030.0
7331.5
2000.5
909.5
5446.0
9452.0
9849.5
8962.5
17371.5
11374.5
3169.5
6660.5
5037.5
68.0
943.5
4946.5
4499.0
15140.0
163.0
68.0
68.0
2934.5
7271.0
6986.0
68.0
13509.0
9859.0
458.0
8233.0
5033.0
68.0
68.0
5428.0
20038.5
438.5
9896.0
0
20489.0
68.0
68.0
6722.0
21409.5
13698.5
0
10454.0
2251.5
3620.5
68.0
1589.0
4284.5
68.0
68.0
68.0
13871.5
1820.0
3680.0
3623.0
6791.0
1910.0
27197.5
1033.5
8468.0
2763.0
9382.0
4466.5
12051.0
68.0
4774.5
3269.5
19373.0
22360.5
8912.5
4154.5
438.5
458.0
21948.5
1033.5
1904.0
10111.5
0
5058.5
68.0
23207.0
8982.5
442.0
5969.0
5378.5
2762.0
3877.5
68.0
9392.5
1316.5
6802.5
3690.0
0
3726.5
0
18197.0
68.0
8842.0
16259.5
10804.0
943.5
999.5
7155.5
28628.0
10317.0
7703.5
68.0
12900.0
6671.0
3157.5
3305.5
1406.5
365.5
646.0
22737.5
11572.0
1595.0
19262.0
68.0
1109.0
4929.5
68.0
68.0
7294.0
646.0
26239.0
24939.5
4090.0
11943.5
7108.0
7378.0
68.0
4421.5
3120.0
12585.5
68.0
646.0
608.5
3137.0
68.0
5316.5
17432.0
9901.5
1877.5
5836.0
68.0
8564.0
13762.5
17353.0
17660.5
2743.0
5447.0
10291.0
68.0
2844.5
8538.0
3822.5
3671.0
68.0
10352.0
2281.0
1487.5
4027.5
13367.5
7024.5
3575.5
6343.5
68.0
3192.5
4483.5
26236.5
20872.0
15817.5
943.5
3501.5
68.0
1488.0
4982.0
5424.0
2374.5
899.0
11677.5
8184.0
18291.0
68.0
68.0
537.5
3235.5
68.0
68.0
753.5
17048.0
3176.5
4048.0
6270.5
1611.5
9928.0
19592.5
14746.0
20602.0
3418.0
22318.0
6839.0
15113.0
68.0
8209.0
68.0
4554.5
68.0
13061.0
2389.5
68.0
5428.0
68.0
3587.5
7321.5
1404.5
1811.5
4067.5
6222.0
3106.5
6116.0
25875.0
10289.0
943.5
68.0
348.5
5043.0
348.5
537.5
5106.0
68.0
68.0
7201.0
3572.5
2773.5
68.0
13084.0
8640.0
6330.5
5868.5
5794.5
12542.0
11324.5
12166.0
9364.0
14319.5
16939.0
2797.5
1859.5
257.0
2297.0
12512.0
7162.5
68.0
1763.0
6080.0
68.0
6334.5
1331.5
5118.5
348.5
1970.0
15563.5
5827.5
68.0
20517.0
68.0
9886.5
9542.0
14314.5
4439.5
6777.0
4098.5
943.5
2374.5
5054.0
19202.0
4574.0
18923.5
5784.0
18024.5
68.0
3762.5
7460.0
18713.0
68.0
14316.5
19149.0
5344.0
3674.5
537.5
68.0
4001.5
3101.5
4179.0
1019.5
8121.0
4926.0
27487.0
12654.0
3195.0
17035.5
5012.0
3752.0
9022.0
8021.5
3141.5
2266.0
4513.5
12629.5
8548.0
15095.5
7150.0
68.0
12994.0
4076.5
16059.0
68.0
9901.5
5918.5
68.0
7678.0
13014.0
7743.0
8528.0
68.0
5310.5
68.0
629.0
5899.0
17489.0
12240.5
68.0
12142.0
11665.0
1802.0
10320.0
6054.5
19258.0
23607.5
68.0
2546.5
17950.5
68.0
1909.0
1892.5
21170.0
612.5
926.5
3400.0
15692.5
4778.0
7615.0
2580.0
2299.0
10365.0
68.0
755.5
1406.5
3216.0
19574.5
458.0
8726.0
2652.0
7745.0
8583.0
7251.0
3607.0
5458.0
10234.5
9437.0
18324.0
2810.0
2730.5
13261.0
16560.0
18318.0
4813.5
4068.0
21673.0
1499.0
11698.0
3692.0
16968.5
4999.5
1190.5
1906.0
20543.5
8343.0
2392.0
348.5
16599.5
15134.0
4102.0
5976.0
68.0
6352.5
5816.5
4552.5
14837.0
1558.5
1424.0
19276.0
8696.0
3623.5
4911.5
21413.0
629.0
11592.0
68.0
943.5
9993.5
9762.0
20676.0
3332.0
5516.0
68.0
16932.5
8855.5
438.5
15262.5
2289.5
4603.0
20502.0
11578.5
5364.0
10414.0
15124.5
12025.0
4980.0
8539.0
2082.5
68.0
4823.0
8456.0
1102.0
21295.5
1496.5
5773.0
68.0
7853.0
7689.5
12054.0
2501.5
68.0
11111.0
27244.5
3999.0
1106.5
28953.5
7165.5
20710.0
5877.5
9029.5
4260.0
4106.0
4081.0
5824.0
22062.5
2053.5
8813.5
6369.0
68.0
68.0
9504.0
5437.0
163.0
15188.5
1012.0
7282.0
19270.5
8990.5
8083.5
943.5
14480.5
4400.0
9099.5
14964.5
16573.0
68.0
11569.0
2674.5
68.0
6192.0
2411.0
2816.0
11713.5
17195.5
18161.0
7578.0
68.0
19980.5
243.5
17405.5
1406.5
16996.0
4117.0
12934.0
2312.0
6771.0
11185.0
6638.0
7334.0
20794.0
23105.0
7073.5
11801.5
1895.5
1796.5
68.0
11472.5
5070.0
3323.0
18910.5
68.0
68.0
68.0
5920.5
6379.0
1036.0
15664.5
10263.0
22490.0
3685.0
7269.5
18826.5
3209.5
7602.5
27166.0
4234.0
9451.0
926.5
18264.0
3174.5
4452.5
18480.5
13796.5
68.0
20522.0
5156.0
68.0
2669.5
9373.0
13191.5
5501.0
3621.0
2111.5
20644.5
2472.5
2019.0
9474.5
5026.5
20305.0
12219.5
3164.5
4376.5
68.0
14733.5
980.5
2299.5
1931.0
3935.5
68.0
68.0
17259.5
8911.0
68.0
612.5
4798.5
1406.5
8648.5
2356.5
8519.0
2811.0
10229.5
5894.5
2762.5
7959.0
5179.0
543.5
6320.5
12943.5
15188.5
9133.0
929.0
16579.0
4571.0
533.5
11993.0
3511.0
1777.0
68.0
68.0
7763.0
2711.5
24498.5
16264.0
68.0
8112.0
1396.0
537.5
3935.5
10283.0
629.0
17317.5
68.0
20646.5
29387.0
23785.0
4420.5
7087.0
3169.0
5922.0
68.0
9328.5
7193.0
11679.5
68.0
5804.5
9020.0
2358.0
68.0
4089.0
10280.0
68.0
14538.5
10474.5
5801.5
15556.0
978.0
68.0
68.0
8471.0
15588.0
1238.0
68.0
68.0
2226.5
8491.5
4098.0
3640.0
23720.5
10298.5
458.0
17457.0
7376.5
2383.0
2470.0
16762.5
68.0
68.0
5001.0
1426.0
68.0
6433.5
629.0
4179.5
68.0
4139.5
68.0
1014.5
21590.0
1634.0
68.0
2886.0
68.0
4616.0
68.0
15019.0
16221.5
1506.0
2825.0
12526.0
15578.0
0
1019.0
26104.5
4123.0
12073.0
2362.0
7149.5
8038.0
9028.5
11112.0
15348.5
4497.5
1019.0
1036.0
1053.0
2266.0
6688.5
2338.5
3242.0
13044.5
4906.5
13765.0
12582.0
3594.0
2374.5
1927.5
5007.0
4193.0
14685.5
646.0
8450.5
18897.5
5498.0
12057.0
12137.0
163.0
68.0
16992.0
3445.0
9475.0
738.5
1912.5
16983.0
14325.0
26247.0
1889.0
2409.5
68.0
21531.0
8554.0
68.0
15426.5
68.0
5657.0
11017.5
68.0
3705.0
5025.5
16616.0
29373.5
866.5
5372.0
2565.5
4099.0
12005.5
11323.5
16439.5
551.5
1779.5
6473.0
9048.5
68.0
13078.0
68.0
2242.0
5869.0
17490.0
2689.0
1002.5
11536.0
68.0
2264.5
15678.0
6612.5
22757.5
68.0
13391.5
3080.5
68.0
12545.0
14833.0
9971.0
1316.5
0
5510.0
7831.0
4584.5
24753.0
646.0
11111.5
1406.5
2019.0
24403.0
1892.0
3216.0
68.0
68.0
438.5
18778.5
12156.0
5330.5
1019.0
68.0
629.5
458.0
68.0
16885.5
13374.5
11855.0
10363.5
4478.0
6397.5
68.0
8032.5
14498.0
68.0
18045.5
4929.0
0
2835.5
1855.0
7588.0
3752.5
68.0
1896.5
68.0
12949.0
4955.5
68.0
19035.5
68.0
1477.0
4538.5
6060.0
1487.5
2004.0
14453.0
24903.5
12586.5
68.0
68.0
11605.5
22311.0
6215.5
2858.0
1073.5
4174.5
68.0
738.5
6281.5
68.0
8090.0
45.5
9424.5
2079.5
24565.5
2720.0
21493.5
10453.5
19758.0
458.0
13046.0
19231.5
68.0
1879.5
68.0
14047.0
6294.5
4184.0
26348.5
3304.5
10717.5
2041.0
9582.5
1406.5
8460.5
3247.5
458.0
68.0
68.0
18813.0
18498.0
68.0
25888.5
1406.5
23986.5
1036.0
3404.0
5023.0
1485.0
4194.5
2002.0
26415.5
9024.5
6079.0
17358.5
1965.0
14269.0
3711.0
5035.5
9080.0
5339.0
15205.0
25810.0
6011.0
68.0
1426.0
5844.0
68.0
7682.0
2804.0
68.0
2743.0
10758.0
3225.0
2649.5
7249.0
6772.0
13880.0
4047.0
22287.0
68.0
11231.5
348.5
1387.5
19703.0
23537.5
3702.0
6792.5
3675.0
9064.5
257.0
68.0
3696.5
7861.0
4020.5
8956.0
4932.5
1033.5
18724.0
11787.5
2082.5
5851.5
1594.5
68.0
4676.0
6619.5
10486.0
68.0
68.0
2574.0
68.0
68.0
9765.5
3601.5
8514.5
2537.5
2269.5
14864.0
9430.5
3286.5
2845.5
10288.5
629.0
0
0
68.0
15338.0
0
9795.5
68.0
11641.5
68.0
20632.5
0
5880.5
17914.5
2004.0
13254.5
6291.0
68.0
926.5
2936.5
13018.0
16072.0
14236.0
2667.5
0
6823.0
5605.0
4050.0
16713.5
0
13539.5
5778.0
5429.0
5895.5
15634.0
11827.5
68.0
68.0
68.0
0
6523.5
1426.0
5035.0
11256.0
6822.0
5534.0
68.0
2270.0
5430.5
0
4545.0
27134.0
8560.5
1504.5
10784.5
6243.5
8015.5
19927.5
28149.5
7600.0
8449.5
2783.0
1987.5
68.0
68.0
1109.0
1019.0
6809.0
1128.5
0
2338.5
2824.0
4308.0
1886.5
17827.5
1478.0
4005.0
17817.5
68.0
17329.0
4128.5
68.0
68.0
0
629.0
17840.5
9037.0
68.0
926.5
1390.0
5832.5
1460.5
10453.0
0
5219.0
8928.5
4202.0
15847.0
7158.0
6682.0
68.0
5848.5
12721.0
453.5
2467.0
10570.5
68.0
68.0
8286.5
458.0
21134.0
3158.5
11701.0
9075.0
1794.0
8192.5
16015.5
6868.0
1423.5
458.0
13779.0
12975.0
2316.5
4446.0
5260.0
27575.0
24934.5
7565.5
0
1037.5
5405.0
0
13454.5
4474.5
13409.5
68.0
12499.5
5129.5
4001.0
6767.0
2244.5
6393.5
10910.5
1033.5
7611.0
10536.0
9552.5
7981.0
68.0
8313.0
21055.5
10361.0
554.5
10730.5
1482.5
13798.0
13427.0
1350.5
68.0
10832.0
1876.0
11106.0
15172.0
68.0
7650.0
19572.0
26344.5
1948.0
7318.0
4045.0
13057.0
4937.0
5386.5
18360.0
1000.0
2391.5
4456.0
68.0
0
5481.0
438.5
1331.5
1331.0
3203.5
23203.5
18804.0
68.0
7303.0
68.0
68.0
68.0
438.5
68.0
1576.0
68.0
6728.0
24159.0
0
14007.5
68.0
20972.0
1876.0
2809.5
1376.5
2260.5
17794.5
16636.5
68.0
4001.5
6803.5
14695.5
13628.5
18898.5
0
6125.5
4597.0
5006.5
1496.5
1499.0
629.0
4535.5
568.5
1355.0
23676.0
12080.0
10434.0
5185.0
2947.0
7664.5
12510.0
68.0
19177.5
8218.5
68.0
12931.5
25732.5
23636.5
16987.5
11194.5
13807.0
2210.5
8440.5
68.0
68.0
2713.5
4539.5
12453.5
1817.0
28401.5
8091.5
19641.5
12510.0
7641.5
1516.0
11707.0
27652.5
3992.5
5786.5
2445.0
16508.0
4851.0
2803.0
68.0
12613.0
736.0
68.0
13759.0
30927.5
16486.5
7991.5
6730.0
7274.5
2970.5
68.0
23364.0
18074.5
9873.5
7249.5
25614.5
68.0
7108.5
4563.5
68.0
7524.5
4973.0
12092.5
16224.0
1190.5
2201.5
4592.5
21369.5
0
68.0
15984.5
12022.5
8280.5
7591.0
68.0
13035.0
4713.0
7892.0
0
0
1280.0
68.0
5555.0
3660.0
1886.5
7716.5
9466.0
8175.5
7122.0
153.5
68.0
22842.0
4105.0
14365.5
2077.0
16719.5
68.0
68.0
8033.0
13451.0
68.0
68.0
3345.5
16196.0
19855.0
646.0
12515.5
11361.0
3673.5
68.0
1092.5
12155.5
2779.0
8134.5
1034.0
5505.5
68.0
20133.0
18237.5
5860.5
14713.0
19230.0
3199.0
6997.5
16505.5
1406.5
5388.0
629.0
68.0
23183.5
4060.5
12535.0
68.0
68.0
4930.0
23869.0
5300.5
5910.5
7252.5
18257.5
1350.5
9918.5
4308.5
68.0
6907.0
15661.5
943.5
5489.5
3167.5
12620.5
1053.0
1019.0
11267.0
1406.5
17900.0
1016.5
3713.5
7358.5
4609.5
17845.5
1889.0
6737.5
1033.5
646.0
68.0
6208.5
1225.0
1479.5
6203.5
13795.0
931.0
68.0
4618.5
1999.5
20524.0
68.0
6822.5
2750.5
11274.5
8908.5
68.0
18757.5
1109.0
8669.5
2004.0
7987.5
16932.0
4171.5
5500.0
1879.5
68.0
11785.0
9873.5
2241.5
9939.0
68.0
24288.0
0
6891.0
2243.0
4173.5
6764.5
6806.0
0
9365.0
68.0
8238.5
26021.5
5119.0
9800.5
16145.0
6183.0
68.0
11663.0
68.0
460.5
8011.0
68.0
2857.0
438.5
1889.0
16713.0
54.0
2338.0
1396.0
12610.0
4605.0
8454.5
5122.5
18670.0
1379.5
1916.5
68.0
68.0
68.0
2683.5
612.5
1496.5
8808.0
68.0
6798.5
5007.5
0
11031.5
15267.0
736.0
14408.5
11231.5
943.5
68.0
16124.0
68.0
2335.0
8484.5
12590.0
68.0
17085.5
5415.0
68.0
68.0
17259.5
12106.5
931.0
68.0
1406.5
6860.0
2230.0
3697.0
11227.0
7179.5
5001.5
1371.0
22416.0
5141.5
3394.0
3413.5
18786.0
21020.5
1433.5
6941.5
3553.0
0
438.5
68.0
8153.5
2914.5
19231.0
68.0
68.0
9418.5
3148.0
5494.0
16484.5
11067.0
5926.0
3565.0
2806.0
5435.5
7139.0
12649.5
1573.5
19124.5
458.0
20978.5
443.5
68.0
12919.0
901.5
911.0
1458.0
23617.5
68.0
14181.0
19800.5
68.0
10667.5
7650.5
68.0
19238.0
3726.0
68.0
16959.0
9996.5
6750.0
17009.0
14981.5
7019.0
68.0
22444.0
3265.0
68.0
9390.0
8618.5
1777.0
1967.5
10377.0
3138.0
2019.0
7154.0
5928.5
68.0
8485.5
0
5519.0
10176.0
9531.0
21868.5
8650.5
2861.0
2389.5
7737.5
1016.5
68.0
10660.0
1877.5
1348.5
9381.0
1515.5
2762.0
4078.0
2874.0
15739.5
27554.0
4991.0
21127.0
8673.5
68.0
12059.5
68.0
5058.5
5994.0
9360.5
11701.5
68.0
68.0
13084.5
8908.5
68.0
4032.5
68.0
2133.5
68.0
3263.0
12287.5
11298.5
3554.0
923.5
7754.0
8616.5
2818.0
12361.0
5922.0
68.0
458.0
6503.0
16000.5
15271.0
809.5
6819.0
68.0
9922.0
13635.5
1314.0
8907.5
2457.5
3131.5
5445.0
16181.0
8055.0
1507.0
3265.0
3250.0
0
29940.5
3583.0
18738.5
11229.0
348.5
23141.0
9684.5
22272.0
3324.0
11903.5
2077.0
13387.5
8616.5
5485.0
9009.0
12174.0
13029.5
8498.5
2720.0
996.0
4141.0
1387.0
1038.0
16946.5
4978.5
17133.0
4452.0
5518.0
8699.0
0
19204.5
3217.5
9777.5
6658.5
22773.5
68.0
4459.5
15613.5
68.0
68.0
7230.0
1126.0
68.0
2518.0
5039.5
2952.5
17884.5
5484.0
11308.5
458.0
68.0
3702.0
3657.5
68.0
4918.0
29.0
8451.0
4764.5
15086.5
2276.5
4594.0
19689.0
22662.0
68.0
68.0
8024.5
20449.0
68.0
1345.0
18873.0
19398.0
13048.0
12884.0
68.0
3160.0
14388.0
20054.0
163.0
4962.5
0
6873.0
0
2094.0
14652.5
0
3664.0
927.0
438.5
5532.5
1370.0
3144.0
16022.5
5723.0
11140.0
68.0
4552.5
10744.0
1390.0
3174.5
1578.5
27661.5
16539.0
12095.0
19154.5
4110.5
5336.5
1836.5
68.0
15853.0
4139.0
7876.5
1421.5
16961.5
0
14930.5
23617.0
17005.0
4929.5
3677.0
8005.5
5877.0
68.0
5412.5
10819.5
6988.5
68.0
68.0
11193.5
8422.5
5881.5
1861.0
2355.5
12510.5
68.0
9054.0
3784.0
0
68.0
2906.0
3582.0
14284.0
10531.5
6337.5
438.5
1241.0
68.0
68.0
438.5
1404.0
68.0
26397.5
2831.5
27319.5
2287.0
15445.0
14257.5
2814.5
68.0
13441.5
17461.5
4529.5
2391.5
3694.0
2484.5
68.0
7087.5
1411.0
10712.5
5870.0
0
12463.0
1477.0
23682.5
7810.5
68.0
21337.0
4618.5
0
1333.5
3135.0
4615.0
5517.0
16910.5
22.5
16244.5
4131.5
23680.0
5903.5
554.5
5586.0
68.0
1033.5
15149.5
12848.5
68.0
7151.0
68.0
6336.5
10353.5
10369.5
0
2448.0
68.0
4991.5
68.0
0
9038.0
3581.5
1443.0
6216.5
68.0
21314.0
68.0
2248.5
5516.0
22497.5
11333.5
438.5
1580.5
28483.5
68.0
2284.5
6390.0
0
18676.0
5006.5
4846.0
68.0
5812.5
10854.5
0
3767.0
68.0
7687.5
8402.5
9088.0
9083.0
19524.0
5046.5
68.0
1892.5
23220.0
2826.0
68.0
11242.0
8622.5
6829.0
26204.5
68.0
68.0
18814.5
17919.0
458.0
68.0

68.0
6831.5
11483.5
20614.5
68.0
11936.0
961.0
68.0
2804.5
16459.5
5523.0
1487.0
12700.5
2673.0
4017.5
3710.5
3227.5
68.0
4832.0
0
14343.0
1550.0
5849.0
8643.0
3688.5
0
6034.5
15505.5
5414.0
11393.0
1423.5
4622.5
910.5
12686.0
8983.0
1385.5
1951.0
9902.0
11880.0
2355.5
17597.0
1016.5
3755.0
15497.5
68.0

4611.5
458.0
13433.0
68.0
3614.5
13971.5
18791.5
1816.0
1053.5
458.0
1403.0
5482.0
68.0
20129.0
15711.5
0
7195.5
10888.5
28470.5
13032.5
14749.0
14322.5
9128.5
68.0
6684.0
4906.5
4495.5
12521.5
0
8159.5
1516.5
19386.5
11340.5
3077.0
0
13073.5
2823.5
17448.5
15286.5
0
68.0
68.0
943.5
3778.5
4030.5
10275.5
4485.0
13003.0
6727.0
2338.5
13449.0
18374.0
45.5
68.0
21472.0
4145.5
11141.5
68.0
19665.5
3604.5
8601.5
5033.5
3414.0
11218.5
458.0
68.0
15340.5
3815.0
12253.0
68.0
18146.0
15295.0
7521.5
68.0
16525.5
1089.5
944.5
68.0
4356.5
5027.0
12830.0
4480.0
10323.0
646.0
7599.0
8514.0
0
22709.0
1488.5
11226.5
438.5
7195.5
13442.5
2709.0
458.0
14504.5
1109.0
13966.5
3006.5
2361.0
6811.5
63.0
14440.0
68.0
438.5
68.0
68.0

2358.0
365.5
15401.0
5316.0
12634.5
5023.5
68.0
1978.0
68.0
1053.0
12942.0
1580.5
68.0
9806.0
4666.0
1819.5
6003.0
68.0
2464.5
7583.5
68.0
13385.5
629.5
4108.5
2740.5
3416.0
2266.0
2820.5
533.5
5020.0
3731.0
1351.0
2269.5
6224.0
11962.0
5369.0
68.0
458.0
7787.5
12990.0
14332.0
6736.5
2374.5
1406.5
4030.5
68.0
26662.5
4486.0
68.0
13178.5
9345.5
68.0
14481.5
2908.0
8969.0
5007.0
0
10821.5
1106.5
3655.5
10894.0
3197.0
3737.5
0
3135.0
10738.0
11323.5
9599.5
3676.5
8426.0
22813.0
3346.0
68.0
12648.0
2666.5
4036.0
26756.5
7533.0
3268.0
14810.5
68.0
2221.0
25012.0
2640.0
10051.5
926.5
68.0
6759.0
12019.0
22308.0
68.0
6788.0
68.0
15332.0
13921.5
3513.5
15235.0
68.0
9561.0
68.0
8.0
2862.5
1486.0
5029.0
68.0
3662.5
1036.0
3117.0
14845.0
3041.0
8914.5
9427.5
3814.5
4311.0
2338.5
8839.5
438.5
68.0
68.0
5911.0
1496.5
5490.0
1955.0
3637.5
15254.0
13222.5
3121.0
68.0
3783.5
2843.5
6393.5
11570.5
5107.0
28516.0
68.0
26015.0
68.0
68.0
1019.0
68.0
6673.5
5466.5
18918.0
13949.0
25852.0
10865.0
3996.5
163.0
6352.0
68.0
2357.5
6675.0
10454.0
2735.0
68.0
3181.5
28748.5
68.0
5725.5
18051.5
12961.5
68.0
5785.0
9987.0
927.0
8981.0
8543.0
27657.0
11501.5
1475.0
17292.0
537.5
17079.0
68.0
68.0
3091.0
68.0
999.5
68.0
5169.0
9389.0
1886.5
2557.0
1510.0
3216.5
10404.0
24025.5
4547.0
1968.5
14667.0
9925.5
5784.0
68.0
68.0
5947.5
28522.0
1089.5
913.5
6257.0
68.0
68.0
7631.0
14440.0
4015.0
3233.5
22852.5
9531.0
4578.5
1796.5
12156.5
21915.5
7278.0
68.0
1539.0
13554.0
12562.0
9410.5
2372.0
5850.0
2809.5
3697.0
68.0
8114.5
8936.5
18787.0
444.0
3640.0
11685.5
4604.5
11054.0
10789.0
1803.0
8557.5
8429.0
68.0
6318.5
11514.5
10444.5
5415.5
14381.0
12743.5
21044.0
4105.5
6541.5
68.0
13953.5
68.0
68.0
24313.5
12127.5
2340.5
68.0
68.0
9343.5
1965.0
10076.5
1406.5
9416.0
13906.0
7219.5
4516.0
10712.0
68.0
9387.0
3405.5
10345.5
18854.0
960.5
15217.5
19633.5
1608.5
10274.5
1886.5
11209.0
13350.0
3640.0
3691.5
10154.5
1053.0
24548.5
9948.5
13666.0
14795.0
419.5
11238.5
68.0
5879.5
4490.5
3409.5
15868.5
3713.5
19969.5
1886.5
3329.0
3700.5
68.0
2362.0
5816.0
68.0
2671.0
2336.5
6344.0
1505.0
68.0
17446.0
3295.5
68.0
2397.0
3367.5
1116.0
14196.5
1565.0
68.0
5601.5
8485.5
2470.5
1241.5
68.0
68.0
27347.5
5537.5
4079.5
12202.0
3589.5
926.5
5624.0
7687.0
2774.5
11196.0
24003.5
6422.0
2709.0
18364.5
68.0
68.0
68.0
4911.0
29458.5
68.0
3956.5
21082.0
736.0
11221.0
11258.5
13022.0
26687.0
68.0
3630.5
7227.5
13964.0
68.0
3630.5
5197.5
5558.0
68.0
8301.5
68.0
1128.5
68.0
829.5
3699.0
7615.0
3181.0
13368.5
20114.5
9382.5
10707.0
28539.0
24509.5
1373.0
2746.0
1967.5
443.5
15144.5
13906.5
4004.0
5808.5
27226.5
11590.5
19783.0
1092.5
163.0
18778.0
1406.5
5374.0
12576.5
10544.5
4045.5
5343.5
68.0
6474.5
9426.5
68.0
2678.0
14161.5
8513.0
4586.5
26362.5
6033.0
8966.0
7908.5
1521.0
25588.0
18314.5
12141.0
68.0
21955.0
11242.5
5549.5
22301.5
23575.5
3250.5
11575.0
22166.0
68.0
5866.0
68.0
68.0
5037.0
25897.5
5473.0
68.0
3893.0
5393.5
4091.0
21862.0
5762.5
1036.0
12703.5
20556.5
20982.5
14783.0
16130.0
9939.5
633.5
5840.0
7060.5
961.0
16894.0
68.0
6035.5
0
68.0
26685.5
12027.5
5007.5
612.5
15665.0
16946.5
68.0
14081.0
68.0
1926.5
10871.5
5488.0
19182.0
6278.0
17373.5
68.0
22294.5
16214.0
11251.5
4957.0
520.5
13948.0
17206.5
458.0
68.0
9810.5
68.0
21034.0
4469.0
2487.5
15725.0
9005.5
5456.5
16526.5
2377.5
30711.0
68.0
3231.5
14920.0
68.0
12893.0
1894.5
6119.5
6210.0
4094.0
11673.5
5027.0
9041.5
1126.0
4700.0
18315.0
2670.0
5010.0
8466.5
8694.5
1496.5
2448.5
1788.5
2263.5
14804.5
4447.5
11125.0
68.0
68.0
3404.5
6783.5
12605.5
0
68.0
11690.0
13946.5
8940.0
4099.5
3676.5
3249.5
4854.0
68.0
554.5
173.0
68.0
23545.5
9357.5
68.0
68.0
68.0
2858.0
5924.0
68.0
19265.5
9911.0
17401.0
2454.0
3040.5
14722.5
6724.0
68.0
2341.0
27751.5
537.5
10245.5
1036.0
7471.0
17506.5
2833.5
9798.5
68.0
14468.0
3360.5
68.0
2338.0
5364.5
7698.0
3868.0
10692.0
68.0
0
18741.0
17731.0
17745.0
2813.5
4084.5
7558.5
6686.0
7140.5
4987.5
4950.0
4140.0
14245.5
68.0
11083.0
1128.5
13504.0
16025.5
25472.5
11149.5
5493.5
26881.0
2618.5
4996.5
12911.5
5355.0
14846.0
68.0
8000.0
1410.0
26725.5
6034.0
10685.0
2762.5
10364.0
3114.5
6346.5
68.0
6647.0
13067.0
7238.0
13509.0
438.5
1389.5
4567.5
4673.5
4522.5
19267.0
3308.5
10022.5
5383.5
3679.0
68.0
9762.0
1785.5
20493.5
8003.5
15269.5
2177.0
14777.5
68.0
1426.0
6799.5
68.0
9040.0
21384.5
25597.5
68.0
943.5
1580.5
68.0
13392.0
68.0
1684.5
2374.5
68.0
11192.5
22870.0
629.0
3638.0
0
68.0
1496.5
8836.0
21444.5
5826.5
2060.5
3723.5
4910.5
68.0
4484.0
68.0
68.0
12110.5
68.0
16581.0
68.0
68.0
13793.5
2708.5
68.0
8478.5
8142.0
3581.0
0
3411.0
0
16918.5
68.0
11252.5
20422.0
2745.0
2358.0
10482.0
77.5
68.0
1443.0
68.0
68.0
3833.0
1009.0
4099.0
68.0
5918.0
68.0
13924.5
0
6341.0
5871.5
68.0
2805.5
3266.5
0
25099.5
2377.5
4140.0
6400.0
68.0
0
627.5
13986.0
1426.0
67.5
4019.0
6054.0
11728.5
10709.0
6842.5
4974.0
6688.5
16175.0
68.0
10695.0
1207.0
68.0
2221.0
6702.0
68.0
21043.0
13468.0
6834.5
943.5
11724.0
13771.5
2246.5
3549.5
1486.0
999.5
68.0
3108.5
68.0
3226.5
15804.5
1294.0
68.0
458.0
4483.5
68.0
68.0
12617.0
1793.0
0
8604.5
20495.5
332.0
438.5
702.5
3677.0
10546.5
16608.0
8383.5
6756.5
438.5
944.5
0
68.0
4059.5
5459.0
6735.5
3711.5
68.0
458.0
14738.5
14826.0
18691.5
11105.5
17822.0
22556.0
10912.0
15093.5
533.5
17127.0
4662.5
0
4994.0
3855.5
12999.0
7152.5
16121.0
68.0
21402.5
1875.0
8892.5
13093.5
629.0
7376.5
8631.0
2482.0
9038.0
8659.5
20569.5
7208.5
13567.0
719.0
3135.0
4664.0
7285.0
2971.5
1884.0
914.0
2913.5
3693.0
5610.5
18272.5
3066.0
13942.5
1802.0
18126.5
0
5445.0
68.0
68.0
0
68.0
18153.5
1873.5
68.0
18854.5
9925.5
9427.0
68.0
8379.5
20421.5
1968.0
4066.0
533.5
0
3.5
0
5018.0
2957.0
0
9802.0
0
8831.5
1940.5
3135.5
0
8116.0
2389.5
68.0
68.0
7480.5
646.0
0
2745.5
68.0
4488.5
629.5
2265.0
2377.0
68.0
10666.5
10692.5
13758.5
22052.0
15643.5
4604.0
2270.5
12070.5
822.5
2241.0
6296.5
8455.5
68.0
7154.5
9699.0
22825.5
0
5222.5
21068.5
7187.0
1499.0
9028.0
5649.5
9849.0
9465.5
534.5
68.0
8659.0
14687.5
17250.0
12967.0
1505.5
16635.0
0
926.5
13877.5
942.5
68.0
3647.5
12623.0
0
534.5
8411.0
10852.0
8.0
9467.0
13810.5
68.0
29897.0
68.0
23757.5
3828.5
4928.0
68.0
21884.5
4574.5
21366.5
8141.0
16525.5
23256.5
6490.0
68.0
438.5
68.0
0
3023.0
10309.0
14323.5
8195.0
0
4922.0
68.0
6630.5
23617.0
25455.0
68.0
3650.5
68.0
629.0
0
68.0
14796.0
0
4692.5
13037.5
12619.0
1392.5
1928.5
4547.0
68.0
68.0
7667.0
3580.0
6655.0
5052.5
1406.5
8689.0
14992.5
11185.5
23251.0
0
9523.5
6909.0
10319.0
11231.0
10738.0
68.0
6685.0
68.0
4547.5
1807.0
2816.5
4912.0
6007.0
9424.0
68.0
6376.5
68.0
6310.0
717.0
25426.0
1777.0
348.5
926.5
13502.5
627.5
7235.0
0
5429.5
68.0
68.0
926.5
7222.0
438.5
16152.0
20893.5
4010.5
4462.5
2174.0
68.0
8954.0
12170.5
8589.5
0
68.0
13926.5
11199.0
12952.5
7293.0
8.0
19708.5
3621.0
5909.0
6754.0
4352.0
18222.5
24971.0
68.0
68.0
5771.5
629.0
960.5
438.5
8454.5
5486.5
68.0
3152.0
1126.0
365.5
35.0
1361.0
1982.0
68.0
23645.0
21712.5
1406.5
0
2931.5
663.0
68.0
1029.0
68.0
943.5
68.0
68.0
10716.5
3669.5
4838.5
6841.5
438.5
458.0
2299.5
24047.5
9873.5
5053.0
5541.0
10811.0
1803.0
68.0
23841.0
0
0
1869.5
10804.5
7900.0
19699.0
13912.5
4595.0
68.0
14583.0
8556.0
0
13491.0
13024.5
11170.0
0
16094.0
3838.0
5482.5
15878.5
4063.5
5368.5
8101.0
2583.0
14697.0
6054.0
9945.0
13267.5
2355.0
9402.5
1480.0
1413.0
15589.0
7258.0
77.5
14921.5
7390.0
68.0
3309.5
68.0
0
3351.5
5306.5
4568.0
2342.0
13090.0
1019.0
5989.0
68.0
68.0
4228.5
5962.0
0
11251.0
533.5
68.0
24453.0
10607.0
10364.0
1820.0
3062.5
926.5
68.0
2350.5
3859.0
8.0
9597.0
68.0
5840.5
6283.0
11312.5
14450.0
26262.5
2798.5
4674.5
5319.5
438.5
2346.0
68.0
27174.5
2670.0
28339.5
9573.5
2282.0
16099.0
16040.0
927.5
2818.0
2935.5
909.5
902.5
16170.0
5772.5
7925.5
68.0
1299.5
4572.0
944.0
4446.0
4089.5
8515.5
3141.5
6394.0
25373.5
22845.5
5346.0
22813.0
16901.5
9702.0
14140.0
0
4814.0
17756.0
2737.0
68.0
9836.0
16504.5
23614.5
68.0
1777.0
1199.0
23762.5
68.0
27916.5
8489.0
8.0
535.0
13061.5
68.0
6770.0
6062.5
8.0
2150.0
419.5
9422.5
14470.0
944.0
5859.0
3750.0
9401.5
8544.5
4172.0
9104.0
25327.0
68.0
2657.0
10673.0
68.0
3397.5
68.0
438.5
9367.0
5534.5
8546.5
12621.5
14273.5
5430.0
10736.5
11325.5
14708.0
1199.0
2359.0
12676.0
68.0
12422.5
3713.5
68.0
348.5
4084.0
68.0
3714.5
3217.0
6536.5
68.0
9891.5
5023.5
26314.0
3685.5
2757.5
719.0
68.0
5675.5
348.5
68.0
12116.0
12410.0
68.0
12490.5
68.0
25463.0
1909.5
68.0
3713.0
11347.0
4960.0
5498.5
9008.5
7670.5
9804.5
2651.0
10377.0
3614.0
8648.0
1019.0
4600.0
68.0
5018.0
68.0
1522.5
9635.5
1488.5
5076.5
2686.0
16140.0
11323.5
68.0
5513.0
26728.5
22920.5
1327.0
7489.0
68.0
4782.0
15250.5
68.0
28091.0
68.0
19577.5
10889.0
9781.5
7711.0
13978.0
1017.5
3636.5
1892.0
5479.0
5028.5
68.0
11671.0
7139.0
2740.5
2843.5
3267.0
68.0
5522.0
14747.5
4526.0
68.0
647.0
9458.0
15762.5
9294.0
68.0
10276.5
68.0
22681.5
742.0
5391.5
3571.0
2465.0
8857.5
17404.5
2726.0
3689.5
68.0
9421.0
24977.5
4903.5
4033.5
7151.0
5816.0
12757.5
6783.5
14383.0
17851.5
14789.0
68.0
17904.0
2246.5
0
7644.0
20301.0
68.0
7690.5
1875.5
68.0
22388.0
15982.5
3616.5
8.0
8946.5
10229.0
13924.0
11691.5
3730.0
26692.5
4602.5
15426.5
2190.5
1499.0
10541.5
4525.0
3928.0
6018.0
4007.0
17816.5
16554.0
4966.5
629.0
6233.5
68.0
13129.0
9802.0
4488.5
3570.0
10788.0
68.0
2798.5
7221.0
1036.0
0
9827.0
5061.5
14236.0
4084.0
22821.0
15335.5
1484.0
22299.0
3486.5
3596.0
68.0
68.0
11618.0
68.0
438.5
927.0
20615.0
3262.0
3234.0
22875.0
1594.5
0
3068.0
2240.0
5925.5
68.0
3111.0
5449.0
2742.5
1757.5
18747.0
647.0
12965.5
4907.0
348.5
68.0
2353.5
2257.5
4564.0
1813.5
3736.5
5372.0
7129.0
9871.0
15518.0
2316.5
17083.0
68.0
25573.0
17416.0
7578.0
8.0
68.0
5014.5
4171.5
13799.0
4905.0
2467.0
68.0
68.0
2375.0
4991.5
2335.5
18479.5
2838.0
163.0
5042.5
5580.0
68.0
8923.0
68.0
4981.0
10567.0
8104.0
17360.5
1404.0
1036.0
68.0
1879.5
7260.5
21354.5
12091.0
16674.5
3189.0
11669.5
68.0
68.0
533.5
8649.0
3115.5
68.0
68.0
1033.5
17050.0
12606.0
1516.0
68.0
3233.0
4095.5
13864.5
646.0
4614.0
17634.5
23661.5
1036.0
7149.0
3547.0
68.0
25678.0
2411.0
68.0
9882.0
3679.5
7266.5
20558.0
22514.0
9939.0
68.0
2658.5
11602.5
521.0
1038.5
12955.5
10303.5
17084.5
12947.5
2233.0
27146.5
20625.5
4823.5
10308.0
2801.5
13062.0
365.5
20203.5
18673.5
8936.0
1460.5
68.0
1609.5
629.0
21024.5
11927.0
11626.5
9414.5
68.0
1959.5
22286.0
11916.0
68.0
4063.0
9016.5
4106.5
12164.5
4605.5
68.0
8054.5
68.0
1109.0
68.0
944.5
8559.5
68.0
1423.5
10830.0
5944.0
3715.0
2955.5
68.0
15785.0
26687.5
22304.0
5010.0
9945.0
10918.0
6065.5
3600.5
9775.0
8275.5
4177.5
5398.5
18384.0
1889.0
9970.0
9045.0
6287.0
1389.5
7691.0
2301.5
2276.5
348.5
1370.0
10866.5
7837.0
68.0
3691.5
68.0
6171.5
22230.5
4939.0
4439.5
6389.0
7142.0
7680.5
9010.5
68.0
68.0
14325.5
68.0
6052.0
173.0
2019.0
153.5
1406.5
9314.0
736.0
68.0
10421.5
1769.0
68.0
6686.0
1333.5
68.0
22038.5
17180.0
22047.5
26308.0
8541.5
9467.5
11886.0
1409.5
9053.5
7686.0
7980.0
68.0
15314.0
13793.0
11597.0
2259.5
2331.0
68.0
2656.0
68.0
944.0
11565.0
1702.0
24184.5
1033.5
12003.5
3617.5
3445.0
438.5

1496.5
2236.0
3228.0
15087.5
3618.0
8241.0
9301.5
4039.5
16931.5
10043.5
2752.0
6769.5
7673.5
5026.5
438.5
4555.0
1429.5
68.0
14801.0
7586.0
9884.5
68.0
68.0
13554.5
458.0
7227.0
68.0
1126.0
68.0
4846.5
16007.5
8068.0
1109.0
3192.0
2153.0
27102.5
4919.5
68.0
68.0
9554.5
68.0
6542.0
700.0
29747.0
10833.0
8648.0
4084.0
24737.0
16511.0
16921.0
18780.0
3958.5
4139.5
5411.0
647.0
15789.0
68.0
153.5
943.5
13479.0
22049.5
6515.5
1480.0
5522.5
6808.0
3573.5
1777.0
4051.5
2762.0
7648.5
68.0
25864.5
738.5
68.0
68.0
6836.0
926.5
3839.0
1811.5
12012.5
14961.0
68.0
11179.0
0
16641.0
887.5
68.0
3274.0
25815.0
68.0
999.5
458.0
2689.0
3191.5
2393.0
10466.0
4915.0
19314.5
9857.0
10714.5
68.0
524.0
6742.5
12105.0
1033.5
828.5
9895.5
3201.0
8019.5
15868.5
6415.0
68.0
5013.0
4569.0
4937.0
6463.0
68.0
4953.5
11567.0
21324.0
1526.5
5975.0
22332.5
25642.0
68.0
19080.0
9844.0
163.0
21771.0
68.0
12165.0
8203.5
4990.0
12404.5
24305.5
68.0
68.0
1128.5
1409.5
2354.5
14347.0
1479.5
7291.0
68.0
1426.0
927.5
10381.5
0
17047.5
5478.5
629.0
9389.5
68.0
8549.0
4468.0
458.0
11539.5
2559.5
2184.0
9396.0
68.0
68.0
1514.0
5433.5
8639.0
6224.0
910.0
68.0
68.0
14724.0
7224.0
68.0
4989.0
8812.5
1409.5
2749.5
4943.0
68.0
12302.0
11949.5
7983.0
1225.0
4064.0
1614.0
5428.0
3238.5
68.0
8744.0
943.5
11384.0
6354.0
68.0
68.0
2745.0
13101.0
9459.5
5624.5
68.0
68.0
629.0
5594.0
17448.5
68.0
13471.5
68.0
9882.0
68.0
17401.0
438.5
68.0
2341.0
1888.0
68.0
2463.0
5164.0
4084.5
1794.0
8265.0
5449.5
7357.0
24272.5
68.0
4743.0
1949.0
7515.5
1033.5
3793.5
1406.5
15752.5
12688.5
4078.0
4983.5
7598.0
68.0
0
8683.5
2276.5
2167.0
10923.5
3313.0
9530.5
2751.5
5352.0
1053.0
7993.0
10364.0
3166.5
13972.0
22762.0
17522.0
16987.0
4208.5
4934.0
5216.5
1499.0
68.0
68.0
13777.5
19835.5
1802.0
9967.0
5444.0
6294.5
3689.0
629.0
68.0
6433.0
2021.5
14848.0
68.0
1777.0
6856.0
6781.5
24603.5
612.5
16044.0
24603.5
68.0
1377.0
5433.5
12717.0
20960.5
20142.5
68.0
68.0
3655.5
5366.0
6073.0
68.0
3216.0
11250.5
68.0
1925.0
8577.0
68.0
15518.5
5013.0
68.0
1981.5
4584.0
12367.0
4501.0
68.0
12500.5
7672.5
27383.0
12527.0
3811.0
3691.5
19310.0
15571.0
9459.5
6549.5
11710.0
11216.5
5858.0
3275.0
17807.5
10327.5
3968.5
6856.5
8243.5
7501.5
13420.5
5371.5
68.0
19155.5
5520.0
4554.5
68.0
68.0
4569.5
4184.0
16857.0
7301.0
3895.5
1521.5
6242.5
3307.0
14045.5
20879.5
16628.0
10028.0
1611.5
10415.0
4640.0
68.0
5333.0
13542.5
2837.5
15679.0
68.0
1051.0
1036.0
68.0
755.5
68.0
1784.0
3120.0
11247.5
3569.0
12487.0
13800.5
2843.5
22108.5
1968.0
2455.0
68.0
18252.5
68.0
13355.5
7053.0
68.0
8233.5
21456.5
27204.5
20489.5
5459.0
1017.5
6919.0
68.0
4031.0
1109.0
10739.5
2574.0
14831.0
4449.5
7320.0
9370.5
68.0
3141.5
9356.5
7677.5
24262.0
5489.0
5894.0
68.0
68.0
906.0
6210.0
11609.5
7360.5
4036.0
68.0
3170.0
5940.0
10315.0
3238.5
68.0
2220.5
5447.5
10169.5
2728.0
10423.5
438.5
1802.5
68.0
3746.0
4712.0
68.0
1111.5
438.5
646.0
438.5
438.5
12966.5
4078.0
10515.0
5021.0
22420.0
68.0
68.0
5901.0
1951.5
9838.0
68.0
3537.5
5742.0
4602.0
21869.0
68.0
26815.0
1334.0
1036.0
3205.5
2919.0
18920.0
0
8045.5
943.5
68.0
2823.5
0
365.5
13453.5
68.0
910.0
2933.5
10074.5
68.0
0
13033.5
9014.5
10881.0
68.0
20157.0
3666.0
5682.0
15574.0
68.0
13952.0
18731.5
19794.5
9472.0
4120.0
6230.5
68.0
629.0
68.0
11229.5
68.0
21849.0
68.0
10188.0
16459.0
13392.0
19634.0
25020.0
3126.5
12514.5
3610.0
26315.5
1033.5
3205.5
1333.5
22314.0
16469.0
961.0
7963.0
2282.5
15241.0
4160.0
68.0
4927.5
1813.5
4040.5
13655.0
2123.0
13086.0
5613.5
2231.5
6112.5
68.0
68.0
2559.5
3285.5
12375.5
5877.0
4516.5
6691.0
3290.5
1331.0
11240.5
7526.0
7019.5
10444.5
4468.5
18752.5
3175.5
458.0
1218.5
5806.0
15146.5
7450.0
68.0
8400.5
68.0
7225.5
4942.5
11255.5
5859.5
14558.5
10371.5
4683.5
10766.0
17406.5
7641.5
17818.5
18742.5
18828.0
1406.5
9670.5
6663.5
4179.5
4115.5
2973.5
1499.0
68.0
68.0
6224.5
68.0
12004.0
1036.0
68.0
4125.5
18442.5
0
6985.0
28560.0
68.0
3657.5
15663.0
2821.0
2018.5
5741.5
22707.5
1053.0
25803.5
4406.5
14720.0
3677.5
68.0
6505.0
12586.0
0
6814.5
5846.0
1389.5
1909.0
68.0
68.0
18192.0
6035.0
8660.0
27593.5
2731.0
3274.5
68.0
13484.5
68.0
68.0
9153.0
7989.0
15725.5
0
68.0
17572.5
11467.0
68.0
7647.0
1871.0
10385.5
68.0
5388.0
10588.5
15426.0
17916.5
8523.5
2815.5
68.0
15218.0
2462.0
1479.5
1550.5
12107.5
16208.5
3511.0
2244.5
12629.5
4144.0
3672.5
1831.0
12233.0
7149.0
10227.5
6337.5
26767.5
68.0
17412.5
68.0
68.0
4692.0
68.0
16482.5
612.5
1033.5
3428.0
10842.5
16146.5
14350.0
20612.5
68.0
12431.0
3418.5
4416.5
646.0
7200.0
4197.0
9944.5
11563.0
5437.5
20807.5
14293.0
68.0
68.0
1950.5
22355.5
68.0
1355.0
9339.5
3385.0
14900.5
14591.5
68.0
2268.0
1409.0
7853.5
719.0
19135.5
68.0
4587.0
9341.0
9059.5
3062.0
9133.0
1126.0
7867.5
14307.0
12197.0
4939.0
491.0
17419.5
6354.5
10157.5
68.0
23402.5
9790.0
28638.0
9003.5
1423.5
68.0
68.0
4881.5
18809.0
2388.5
4612.5
16044.5
8182.5
5395.5
719.0
5053.5
5484.0
8132.0
8469.0
4939.5
68.0
21486.0
12146.0
4083.5
5176.0
68.0
4039.0
7203.5
3676.5
6436.5
1406.5
9056.5
10404.5
1975.5
4062.5
5342.5
5699.5
4972.0
7658.5
3825.0
7618.0
7512.5
4496.0
7708.0
4064.0
68.0
68.0
18266.5
68.0
458.0
68.0
5351.0
4177.0
507.5
4435.5
755.5
903.5
4959.5
9555.5
1034.0
68.0
8553.5
4068.0
4953.5
68.0
68.0
68.0
3997.0
68.0
68.0
4577.0
5510.0
23362.0
68.0
4028.5
68.0
4161.0
12010.0
8974.0
25385.5
5416.5
68.0
68.0
4418.0
18810.5
6912.5
0
8100.0
9894.0
68.0
20962.5
458.0
8848.5
68.0
20167.0
1982.5
5622.0
5531.0
8933.0
2190.0
8493.5
4449.0
848.0
13331.5
8982.5
551.5
68.0
480.5
8208.0
0
5380.0
12555.0
5110.5
4459.0
68.0
4589.5
828.5
153.5
458.0
13820.0
6275.5
3300.5
2969.5
68.0
13092.0
0
4966.0
8918.5
12339.5
163.0
7289.5
2060.5
68.0
6323.5
19110.5
7563.5
543.5
9881.5
1886.5
68.0
68.0
3899.5
11832.5
612.5
2818.5
3050.0
5514.5
3581.0
14257.0
17987.5
4393.5
7547.0
1499.0
4895.5
8440.0
6021.5
68.0
0
3199.5
438.5
3264.5
8989.0
19885.0
537.5
17565.0
2704.5
5932.0
25063.0
68.0
5876.5
4136.0
13448.5
8.0
5415.0
68.0
27165.5
22707.5
8857.0
1555.5
68.0
5739.0
7035.5
27662.5
809.0
9084.0
5162.5
68.0
68.0
2428.5
7706.0
7185.5
68.0
1128.5
19471.0
25079.0
16522.0
6748.0
1089.5
1777.0
14746.5
9141.0
68.0
29900.0
1404.5
0
68.0
1402.0
10199.0
3608.0
909.5
20121.0
12586.0
438.5
4999.5
5831.5
10538.5
927.0
629.0
4974.5
5245.5
13718.0
19878.0
7494.5
1109.0
9031.0
16156.5
3602.0
6182.5
12076.5
68.0
7708.5
16071.0
3194.5
458.0
6275.0
8570.5
9339.0
17918.0
28556.0
68.0
5043.5
3705.5
14791.0
68.0
28182.5
68.0
4360.0
3376.5
3635.5
68.0
6330.5
68.0
1772.0
1522.5
163.0
4058.5
11244.0
738.5
6448.0
68.0
1867.0
4421.0
3620.5
68.0
9092.5
5627.0
0
8693.0
8174.0
9379.0
68.0
9862.0
68.0
2203.0
0
9154.5
23689.5
3231.0
11047.5
6955.0
11088.5
612.5
0
25589.0
21357.0
26272.0
10967.0
0
6502.0
28212.0
68.0
17579.0
8518.5
68.0
3301.0
68.0
6674.5
13839.5
438.5
68.0
29378.5
1406.5
5558.0
68.0
7855.5
68.0
68.0
7592.0
68.0
11732.0
5072.0
5271.5
68.0
22269.0
12771.5
5824.5
1776.0
7644.0
3263.0
7715.0
10611.5
68.0
1539.0
365.5
1496.5
2163.0
1886.5
11677.0
2276.5
1869.5
68.0
68.0
18352.0
14840.5
23309.0
2728.0
2947.0
19048.0
15170.5
7766.0
14926.0
9568.0
68.0
6293.0
0
5977.5
12395.0
3186.5
554.5
15638.5
2925.0
2389.5
10760.0
153.5
0
4130.0
7715.5
24571.0
68.0
4103.0
10740.0
5029.0
68.0
0
6278.0
15728.0
18858.0
1112.5
68.0
14780.5
1016.5
3321.0
68.0
25932.0
4137.5
3993.5
11312.5
68.0
30806.0
68.0
19338.0
0
3719.0
4159.5
0
68.0
0
1406.5
3567.5
5962.5
14726.0
7782.0
3428.0
26311.0
2147.5
1798.5
68.0
8315.5
28984.5
4174.5
1917.5
25153.0
4531.5
15087.0
22782.5
5144.0
11128.0
7069.0
9202.5
568.5
2392.0
9866.0
25562.0
1331.0
2267.5
9439.0
2246.5
25560.5
15249.0
68.0
6706.0
68.0
6351.5
11243.5
68.0
943.5
68.0
14377.5
458.0
11740.0
0
6337.5
1597.0
14813.5
68.0
15224.5
2374.5
7716.5
9248.0
2312.0
7620.0
926.5
2471.0
1926.5
5832.5
25980.0
8076.0
21021.5
14760.0
543.5
1019.5
20101.5
11721.0
8139.0
12221.0
68.0
14752.0
12462.0
20079.0
19656.0
2456.0
13448.5
68.0
24204.0
8102.0
5389.5
828.5
9497.5
8313.0
4507.5
13658.5
13057.0
22357.5
1876.5
68.0
68.0
68.0
68.0
13150.5
3706.0
0
68.0
0
438.5
8086.0
2908.5
3413.0
22023.5
1126.0
6458.0
6793.0
0
24616.5
1516.0
1218.5
15891.0
11658.5
7206.5
2666.5
5362.5
9404.5
1109.0
68.0
7519.0
5385.5
68.0
2300.5
2742.5
17461.0
11568.5
68.0
17832.5
10333.5
738.5
13945.5
2802.0
16550.5
9885.5
922.0
3659.5
9798.5
4332.0
4919.5
12555.0
2468.0
4612.5
1848.0
16985.5
5513.0
4985.0
0
19222.5
0
19163.0
8441.0
1479.5
14167.5
2779.5
5047.0
0
14600.5
0
4153.5
458.0
5818.5
1218.5
10677.5
68.0
11921.0
8354.0
0
26437.0
3173.5
0
68.0
7300.0
7185.5
68.0
647.0
17356.0
19785.0
21141.5
68.0
18768.0
1594.5
2748.5
20156.0
20858.0
16530.5
4107.5
18009.0
68.0
2374.5
1126.0
25601.5
2689.5
1016.5
6392.0
21210.5
1353.5
3565.0
21494.0
13222.0
1016.5
68.0
13983.0
0
68.0
14768.0
6251.5
3225.0
68.0
14664.5
27144.0
10291.5
596.5
534.5
0
5399.5
10769.5
17854.0
6600.0
18295.5
68.0
18301.0
68.0
68.0
4081.0
15750.0
5504.5
68.0
10401.0
3188.0
11636.5
68.0
17328.5
25757.0
2282.5
519.5
17556.5
5583.0
68.0
18488.5
12865.0
68.0
3284.5
3115.5
7617.0
3494.5
68.0
68.0
9057.5
2918.0
4443.5
3666.0
68.0
0
68.0
29302.5
25419.5
4061.5
5453.0
9931.0
68.0
6681.0
8553.0
19115.0
4590.5
5994.5
6732.5
0
29012.5
24975.0
14370.0
533.5
6984.0
0
3539.5
68.0
809.5
0
19228.0
5678.5
1016.5
0
1685.5
0
25015.5
68.0
0
8080.5
20465.0
10322.5
3947.0
11727.0
8188.0
29298.0
0
68.0
4179.0
3404.5
68.0
0
16413.5
16667.0
4970.5
5921.5
8582.0
20625.5
21945.5
12119.5
8015.0
0
68.0
4601.5
7642.0
12481.0
23992.5
15110.0
0
9932.5
21545.5
17800.0
3079.5
5212.5
68.0
68.0
68.0
15205.5
68.0
2357.5
4561.0
1353.5
2910.5
7270.5
18573.0
1615.0
20931.0
6792.5
68.0
68.0
2747.5
9983.0
68.0
1589.0
30803.0
3715.5
3865.5
12611.0
1791.5
1109.0
14299.5
8106.0
4432.5
646.0
68.0
19165.5
8484.5
1036.0
0
9439.5
1911.5
5746.0
68.0
6024.0
6127.0
68.0
68.0
16270.5
10224.0
68.0
14335.0
6301.5
9321.0
1036.0
8575.0
1867.0
4103.0
3223.0
13351.5
68.0
0
3675.0
13417.0
68.0
11335.0
3699.0
3135.0
2004.0
68.0
13427.0
0
12751.5
68.0
68.0
0
1516.0
14082.5
12023.5
3315.5
19903.5
68.0
68.0
4126.5
27754.5
14339.0
1317.0
2355.0
7509.0
10418.0
2464.5
8145.5
3544.5
17461.5
0
14773.5
1831.0
9021.5
12405.0
68.0
0
3249.0
19795.0
68.0
7683.0
4161.5
11112.5
10641.5
0
2099.0
21365.0
0
629.0
1911.5
6064.5
0
4303.0
10492.5
18666.0
19187.5
5490.5
4639.5
1721.0
1423.5
20858.0
24632.0
2927.5
68.0
3766.5
20427.5
0
1794.5
3711.0
5299.5
5424.5
4552.5
6818.0
3508.5
4963.5
1496.5
1670.0
9270.0
18968.0
4836.5
7758.0
3847.5
926.5
68.0
10820.5
4095.5
15569.0
738.5
10542.5
8007.0
1533.5
10341.0
25163.0
0
9834.5
5367.5
4900.5
68.0
943.5
9266.0
0
1016.5
2041.0
68.0
4225.5
68.0
68.0
163.0
15792.5
27142.5
1126.0
2270.0
7684.0
4254.5
1126.0
1389.5
68.0
1855.5
9386.5
68.0
68.0
68.0
30319.5
5955.5
1889.0
9717.0
4059.0
68.0
1034.0

68.0
31673.0
68.0
4768.0
9985.0
68.0
1036.0
17557.0
5913.0
11686.0
10475.0
9814.0
5400.0
11736.5
27675.5
6591.0
12470.0
68.0
4688.5
68.0
11811.0
4392.5
2428.5
10977.0
9090.5
438.5
8149.0
6901.0
11551.5
14165.5
9082.5
0
0
6032.0
2282.5
68.0
2700.5
4546.5
1781.5
1892.0
6406.5
25998.5
1855.0
20982.5
18400.0
3200.0
21043.5
4552.5
1869.5
68.0
10529.5
10250.5
4812.5
153.5
1199.5
14359.5
7651.0
2826.5
1800.0
4625.5
15978.5
68.0
4140.0
68.0
1106.5
2279.0
68.0
4940.5
20968.5
68.0
68.0
14540.5
3078.0
4120.5
68.0
5462.0
12085.0
0
68.0
1409.0
7231.5
68.0
1389.5
5953.0
13428.5
4952.5
68.0
6733.5
68.0
21390.0
68.0
15910.5
438.5
944.0
16491.0
2092.0
3617.5
3899.0
21070.0
1033.5
9867.0
458.0
5759.0
2764.5
23693.5
68.0
9393.5
6627.0
3713.5
3599.0
25240.5
3123.5
7338.5
6440.5
16897.5
5474.5
18851.5
3565.5
4773.0
3640.5
14171.0
17128.0
6732.5
438.5
26533.0
68.0
1133.0
11884.5
12434.0
8996.0
68.0
9492.0
1892.5
13863.5
2276.5
68.0
68.0
365.5
23870.0
68.0
438.5
6262.5
1516.0
2070.5
2950.0
5547.0
68.0
2338.0
8541.5
6208.0
8599.0
68.0
3229.0
68.0
28497.0
4100.5
16909.0
8117.5
9136.5
68.0
7710.5
17973.5
3581.5
8894.5
17412.0
66.5
8921.0
5052.0
4934.0
26856.5
68.0
5910.0
3549.0
8015.5
0
5589.5
68.0
68.0
9485.0
68.0
3715.5
438.5
13770.0
2001.5
2816.0
14409.0
14843.5
68.0
68.0
2276.5
10341.0
961.0
14366.0
19012.0
1813.5
68.0
3009.5
5908.5
458.0
5897.0
11292.0
20921.0
4618.5
5983.0
5944.5
68.0
68.0
21126.5
0
15185.0
1779.5
68.0
10669.5
2533.0
3345.0
26409.5
6815.5
8742.5
0
4172.0
612.5
4124.5
30739.0
3332.5
9508.5
7664.5
11590.5
1906.0
7266.5
4043.0
14355.0
1436.5
68.0
3713.5
5869.0
2804.0
348.5
153.5
27286.5
1128.5
1019.0
11725.0
1106.5
68.0
68.0
68.0
4557.5
5810.5
1424.0
15360.0
12456.0
458.0
11440.0
3120.5
18717.5
13438.0
8105.5
1016.5
2184.0
5907.0
68.0
4761.5
10439.5
68.0
2765.5
68.0
8190.0
1985.0
15830.0
9469.5
18746.5
18351.0
5364.0
11755.5
1870.5
68.0
4791.5
4086.0
4261.5
4749.5
8.0
0
20195.0
5423.0
4082.0
19480.0
68.0
25395.5
15262.0
629.0
9122.5
10084.0
8926.5
2262.5
68.0
2072.0
13461.5
1126.0
68.0
68.0
10993.5
8090.0
68.0
12371.5
7319.5
68.0
5812.5
10811.0
3155.0
5589.5
13578.5
1967.5
13675.0
614.0

2457.5
68.0
3826.0
1033.5
6365.0
438.5
1426.0
13570.5
68.0
68.0
68.0
5353.5
7612.5
3767.0
3548.5
14047.5
8692.5
10366.5
2096.5
68.0
2253.0
4623.5
21227.0
2385.0
1106.5
1019.0
68.0
2391.5
12896.5
3949.0
4477.0
8994.0
5868.5
12101.0
5089.0
2913.5
28420.0
14245.0
6348.0
4465.0
12568.0
26388.5
4028.0
12498.0
3078.0
1882.0
6423.0
10469.0
12516.0
68.0
7301.5
14360.0
68.0
68.0
30321.5
15867.5
14010.0
68.0
18321.5
68.0
25900.0
13042.0
12049.0
12604.0
1034.0
12432.0
10036.5
2338.0
23263.5
12213.5
11263.5
68.0
438.5
68.0
25425.5
7225.0
8.0
28215.5
11700.5
3214.0
16197.0
8444.5
19850.5
1906.0
882.0
6746.5
11626.5
68.0
29729.5
3716.0
8.0
1850.0
4167.5
16964.0
8078.5
23752.0
68.0
14655.0
17871.5
1967.5
11466.5
2788.0
11907.5
12558.5
68.0
8254.5
458.0
17392.5
12632.0
7245.0
736.0
4379.5
173.0
5440.5
5861.0
10536.5
8141.0
22035.0
23683.0
4587.0
4232.0
5590.5
7763.5
29450.5
68.0
1980.0
68.0
2715.5
1909.5
68.0
18377.0
25069.0
68.0

1794.0
8.0
2169.5
12911.5
29983.0
9477.5
9884.5
633.5
6000.5
1867.5
4898.5
4157.0
5123.5
8919.0
68.0
8465.5
5496.0
2265.5
19872.5
5483.0
68.0
11638.5
16033.0
3913.0
68.0
3792.0
68.0
4141.0
1999.5
8201.5
4954.0
9397.5
4965.5
4943.0
10362.5
29233.0
4183.0
8491.0
21981.5
19939.5
5484.5
1777.0
2447.5
4459.0
68.0
7236.5
68.0
26306.5
68.0
8171.0
26334.0
9167.5
18195.5
1019.5
9431.5
1597.0
24033.0
9461.0
4014.5
16073.5
2128.5
5827.5
629.0
10396.0
7202.5
5278.5
8.0
14946.5
68.0
16179.5
4167.0
3723.0
4482.5
4535.0
29968.5
7576.0
21308.0
11917.0
5387.5
68.0
26669.0
2262.5
8838.0
7845.0
4994.0
6400.0
1687.0
7378.0
1033.5
7012.5
3646.5
13882.5
1985.5
1706.5
3338.0
68.0
68.0
5382.5
7695.0
6011.5
6812.0
7303.0
8538.0
8.0
8720.0
16472.5
29885.5
31020.0
24579.5
18504.0
24282.5
9467.5
68.0
26876.0
68.0
6251.5
7540.0
21485.0
2933.0
9957.5
438.5
4165.5
68.0
6629.0
10005.5
646.0
7606.5
5388.0
68.0
15333.5
1278.5
2487.0
13936.0
458.0
17328.5
12570.0
348.5
5226.0
7957.0
2220.5
629.5
13469.0
68.0
1502.0
68.0
22516.5
2357.5
8.0
10384.5
5194.0
6284.0
3805.5
18561.0
15610.0
8422.5
1911.5
2711.5
1387.0
4606.5
5528.5
2768.0
1126.0
68.0
6881.5
4971.5
15766.5
15336.5
11072.0
474.5
5466.5
15499.5
5519.0
20169.5
3201.0
1036.0
6012.5
18813.5
11054.5
68.0
1963.0
8594.0
6700.5
13729.5
6365.5
5815.0
2382.5
3705.5
4533.5
4157.0
8743.5
1496.5
8.0
458.0
68.0
1839.0
11239.5
5805.5
11127.0
7252.5
8565.5
1036.0
3395.0
19681.5
8194.0
10871.0
16460.0
1409.0
68.0
3694.0
1499.0
68.0
614.0
68.0
4481.0
1773.0
11298.0
68.0
5
4072.5
68.0
13501.5
257.0
16198.0
68.0
68.0
68.0
2414.0
68.0
8080.0
8008.5
17539.0
68.0
3677.0
4943.5
18493.0
4485.0
1460.5
68.0
15267.0
6506.5
8.0
68.0
641.5
68.0
943.5
68.0
4025.5
15102.0
68.0
6429.5
4216.0
6277.5
2854.5
2240.5
4733.0
5413.0
6344.0
3284.0
438.5
438.5
68.0
961.0
4412.0
5420.0
8435.0
14901.5
68.0
19568.0
1788.5
14425.0
68.0
1779.5
68.0
26758.5
3195.5
2074.5
4895.5
68.0
68.0
17799.0
1981.5
9200.5
17163.0
2264.5
2268.5
9776.0
21506.5
2226.5
6761.0
22805.0
7220.0
629.0
10932.0
6242.5
15602.0
1629.0
10284.5
17062.0
20111.0
2341.5
5399.5
68.0
8642.0
18226.0
4966.0
1614.5
13330.0
16874.0
4543.5
11685.5
6495.5
4238.5
2762.0
1787.0
3555.0
4325.5
12693.0
68.0
2041.0
11574.5
8457.5
6290.5
17763.0
18762.0
68.0
4224.5
16968.0
1813.5
2316.5
4469.5
68.0
2237.5
68.0
68.0
2322.5
68.0
24100.0
15575.0
13060.5
68.0
2981.0
5566.5
3043.5
11284.5
10707.5
271.0
1109.0
1036.0
11273.5
7294.5
2283.0
29774.5
1406.5
14834.5
8097.5
16080.0
26719.5
26707.5
20334.5
15145.5
68.0
8452.5
6521.5
68.0
7559.0
68.0
2250.0
5790.0
15669.0
5445.5
8130.0
21824.5
3270.5
8512.0
15304.5
960.5
68.0
12042.0
4194.0
68.0
3709.0
13501.0
5021.0
1489.0
68.0
438.5
68.0
20562.5
17858.0
3700.5
14744.5
68.0
365.5
11687.0
68.0
25909.0
15971.5
7099.0
646.0
4064.0
8256.0
2447.5
7190.5
1327.0
5430.0
68.0
6467.0
12319.5
68.0
5869.0
10447.5
68.0
4455.0
6337.5
5478.0
4465.0
9402.0
14372.0
2192.0
12720.5
646.0
68.0
57.5
6884.5
8994.0
11175.0
3701.0
828.5
9373.5
2782.5
12496.5
646.0
4523.0
7708.0
18365.0
5537.0
10124.0
1089.5
68.0
17523.5
3825.0
3170.0
19020.5
4404.0
3277.5
68.0
3301.5
332.0
68.0
1036.0
1387.0
68.0
20504.5
27314.5
68.0
5448.0
24323.0
8112.5
22335.5
17503.5
5662.5
68.0
438.5
17795.0
68.0
13436.0
3149.5
8428.0
17990.0
7292.0
68.0
6450.0
8925.0
4521.0
1882.0
163.0
68.0
12650.5
23851.0
12057.5
8339.5
3598.0
68.0
2378.5
9082.0
68.0
5917.0
68.0
1109.0
9460.5
543.5
3753.5
5948.5
1019.0
21525.5
16070.0
2237.0
11592.0
12137.5
458.0
68.0
24020.0
68.0
7174.0
12754.5
5547.0
2754.0
16050.0
12486.5
2310.5
13915.5
2819.0
4302.5
20579.5
13125.5
8804.5
8081.0
7134.0
7523.5
1873.0
14793.0
2004.0
68.0
25981.5
25320.5
20104.0
1389.5
3657.5
10740.5
29091.0
5042.0
4590.5
14291.0
11273.5
68.0
68.0
5480.5
3182.5
68.0

68.0
16089.5
438.5
1813.5
13884.0
24356.0
6068.5
3231.5
68.0
2816.5
4109.0
20854.0
629.0
68.0
68.0
22330.5
17543.0
3252.5
1053.5
4139.5
7688.5
458.0
8545.5
9873.0
5841.0
8958.5
10747.5
68.0
1520.0
5145.5
45.5
27681.5
6065.0
25016.5
7580.5
2414.0
5880.0
3215.0
3216.0
1779.5
6557.0
12256.0
1033.5
17191.0
3626.0
4137.0
5922.5
21811.5
755.5
15607.0
68.0
9346.5
68.0
7229.5
5937.5
30251.0
68.0
6502.0
4488.5
17089.5
5721.0
68.0
22713.5
2711.5
7575.5
9956.5
2356.0
20140.0
1406.5
3075.0
11986.0
2055.0
1128.5
6467.0
21990.5
3930.5
1031.5
5887.0
68.0
68.0
1965.5
10841.5
5937.5
68.0
15575.0
6227.0
10434.5
68.0
15775.0
15630.0
68.0
1407.5
7748.0
68.0
20203.0
5136.5
5904.5
438.5
12823.5
8139.5
438.5
14238.0
2094.0
1019.0
8.0
68.0
68.0
6794.0
629.0
5408.5
68.0
5542.5
68.0
9059.5
16447.5
22833.0
3323.0
40.5
68.0
4956.5
3132.5
12542.5
4352.5
438.5
13054.5
2004.0
7654.5
5779.0
68.0
20689.0
68.0
2257.0
3216.5
19204.5
68.0
14924.0
68.0
68.0
68.0
16340.5
10403.5
3708.5
17842.0
9340.5
5908.0
15678.0
68.0
4028.0
10078.5
15905.0
2338.0
9068.5
15997.5
10514.5
5984.0
32171.0
5445.0
458.0
68.0
20036.5
12179.5
18324.5
3610.5
9774.5
8052.5
383.0
2182.0
14203.5
8626.0
438.5
18237.0
5104.0
629.0
12487.5
7667.0
12485.0
19202.5
14299.5
2837.5
2111.0
4149.0
7293.5
17933.0
68.0
50.0
7706.5
20053.5
9077.5
23712.0
19215.5
5555.0
68.0
2804.0
2353.0
8673.0
19470.0
10061.5
5495.0
68.0
1944.0
1477.5
22.5
2333.5
6526.5
5515.5
68.0
7688.0
68.0
10785.5
8.0
29875.0
1479.5
17019.0
29.0
6296.5
5034.5
7950.0
24988.5
23242.5
4565.5
68.0
68.0
8108.5
4104.0
2001.5
68.0
11750.0
14397.5
790.0
1036.0
21159.5
16967.5
1908.5
9514.5
1839.5
19884.5
22991.0
543.5
22371.5
4919.0
7648.0
17736.0
68.0
11976.0
13529.5
68.0
68.0
1409.0
2318.5
6891.5
4046.0
68.0
12116.0
12591.0
15.5
21321.5
4620.0
3285.0
68.0
2577.5
1033.5
14293.0
20083.5
6688.5
6710.5
2259.5
8229.0
7221.0
28386.0
10350.0
738.5
27086.5
21393.5
13878.5
16547.5
11590.0
23040.5
15736.0
163.0
3707.0
22.5
11647.5
17904.0
68.0
68.0
68.0
1836.0
7034.5
68.0
68.0
68.0
8439.0
8035.0
6540.0
29.0
16073.0
7139.5
18317.5
24957.5
5789.0
68.0
17057.0
2745.0
8570.5
4964.5
15238.0
1090.0
14665.5
4968.0
13538.0
4111.0
4364.5
541.0
1016.5
11253.5
68.0
11224.0
6606.5
68.0
10347.5
3968.5
12539.0
4016.0
10365.5
14451.0
3546.5
68.0
10298.0
438.5
11540.0
8766.0
173.0
458.0
1589.0
7686.0
13458.5
1821.0
22.5
68.0
8027.5
31572.5
1423.5
3755.5
1499.0
19876.5
68.0
1019.0
11697.5
68.0
1409.0
1980.0
16914.5
6775.5
3612.5
13897.0
4751.0
68.0
16137.0
4996.0
1848.0
4463.5
2578.0
12984.5
150.0
16335.0
27422.0
9904.0
8081.0
1670.5
438.5
15688.5
5330.5
8621.0
438.5
68.0
2725.5
1814.0
21155.0
8664.5
1684.5
13702.5
68.0
13971.0
5583.5
4479.0
27622.0
22.5
3306.0
9017.5
5467.0
8.0
3233.5
7194.5
2681.5
6505.5
68.0
9796.0
20492.0
10275.5
3403.0
18275.5
24940.5
5348.5
978.5
25066.0
11844.5
68.0
7735.5
2445.0
3692.0
1126.0
68.0
10711.5
68.0
21665.5
17469.0
16162.0
68.0
1423.5
5864.5
18267.0
7592.0
14351.5
2665.0
10885.0
2330.0
68.0
5842.0
10779.5
9346.0
22798.0
1911.5
5913.5
1479.5
1029.0
68.0
68.0
3152.0
1578.0
2349.5
14711.5
8639.5
3929.0
68.0
25569.0
19647.0
9348.0
2711.5
15138.0
4176.0
8.0
8115.0
19920.0
19120.5
16597.0
458.0
14722.5
5820.0
6796.0
27487.5
13909.5
54.0
9614.0
68.0
8081.0
2355.0
4567.0
68.0
2672.0
15722.0
24536.0
40.5
661.0
1404.0
11763.0
27211.5
10374.0
2850.5
1352.5
24876.0
12829.0
3132.5
8589.5
9756.0
17625.5
14880.5
8074.0
12513.5
68.0
18681.0
8197.5
50.0
7305.0
11358.0
3396.5
6309.5
8084.0
4561.0
10249.5
2739.5
11283.0
3403.5
50.0
348.5
1406.5
27470.0
12552.0
68.0
68.0
12936.0
68.0
68.0
19685.5
13365.0
10687.0
3534.0
25205.5
17005.0
5421.0
14254.5
4137.5
68.0
9049.5
12912.0
1373.0
5708.0
27664.0
4050.0
15738.0
68.0
9857.5
7170.0
33917.5
4538.5
9821.0
67.5
9466.5
1423.5
15204.5
1779.5
4477.0
9823.5
4064.5
27512.5
3693.0
243.5
68.0
13467.5
68.0
27051.5
29465.5
8133.5
2257.0
8181.0
458.0
68.0
1033.5
68.0
2316.5
12997.5
3578.5
1496.5
9569.5
22899.5
50.0
6439.5
4987.0
13025.5
14269.0
12930.0
18526.0
11793.5
29472.0
8160.5
3023.0
1684.5
10626.5
16337.5
9049.0
28647.5
5410.5
554.5
4919.5
10736.0
21930.5
7884.5
24567.0
22272.0
22.5
17832.5
15656.5
4963.0
6674.5
4955.0
3803.5
9924.5
7095.0
9944.5
8.0
12099.0
68.0
21020.5
19634.5
9961.0
68.0
1348.5
14910.0
8096.5
4466.5
9329.0
9424.0
20996.0
68.0
16516.0
20473.0
10638.5
8102.5
68.0
1128.5
3193.5
22.5
20772.5
4925.0
68.0
8592.5
21967.0
68.0
68.0
23260.5
14172.5
7295.0
6541.5
10328.5
4914.5
3719.5
15229.5
8223.0
11141.5
2232.0
8968.0
18919.0
10169.0
68.0
16242.5
6798.0
2819.0
68.0
68.0
68.0
13832.5
10365.0
10441.0
1404.5
68.0
22716.5
10607.5
17551.5
18988.5
8.0
3674.5
68.0
18303.0
5956.5
68.0
11121.5
15037.0
10372.0
68.0
68.0
68.0
1406.5
16756.0
5074.0
68.0
8105.5
21443.5
8.0
2730.5
9362.0
3641.0
68.0
4172.0
68.0
163.0
8.0
68.0
534.5
7622.5
25609.0
8.0
68.0
11260.5
4029.0
1033.5
7042.0
4917.0
3277.0
257.0
23248.5
8557.0
10828.5
8451.5
21771.0
4081.0
1794.0
68.0
2430.5
7597.5
13446.0
68.0
12993.0
28199.0
1019.0
9093.5
960.5
458.0

458.0
9504.0
10285.5
1446.0
5463.0
29501.0
14318.0
68.0
6671.5
14394.5
1867.0
5187.5
68.0
6819.5
5494.0
68.0
68.0
2543.0
7534.5
7188.5
6444.5
9514.5
1350.5
9854.5

68.0
16741.5
3235.5
2779.5
10336.5
4033.0
68.0
68.0
1984.5
24985.5
21445.0
15269.5
7131.5
7024.5
25388.5
3233.5
4506.5
68.0
5891.0
3733.5
5417.0
6743.5
68.0
68.0
68.0
14909.0
68.0
28172.5
4143.0
16008.0
3240.0
8446.5
1016.5
7121.5
3765.0
26870.5
16148.5
5026.0
4893.0
68.0
8513.5
68.0
16242.0
4478.5
68.0
21383.5
18658.5
17431.5
3618.5
7233.5
68.0
1036.0
68.0
12578.5
12385.5
1036.0
68.0
20159.0
68.0
5444.0
23354.5
438.5
4191.0
22675.0
13925.0
2282.5
8934.0
5905.5
2829.0
1128.5
50.0
2726.0
1406.5
12629.5
18445.0
10741.0
7766.0
27860.5
12491.0
5541.0
4675.0
7710.5
68.0
13420.5
2466.5
13446.5
68.0
15.5
13507.0
13243.5
1803.0
1794.0
68.0
2743.0
21883.5
5970.0
25874.5
11219.0
2227.5
2169.5
14377.0
5545.0
68.0
26799.5
15649.0
7138.0
21472.5
13451.0
3323.0
15270.5
897.5
1109.0
1116.5
19512.5
5386.0
5567.5
2630.0
22596.5
3487.0
3141.5
13839.5
11618.0
8296.0
7338.5
5932.0
29184.5
19352.5
68.0
7734.5
68.0
961.0
27716.5
20705.0
9866.5
17369.5
12934.5
458.0
10308.5
2372.0
7911.5
8656.5
8062.5
68.0
4006.5
12984.5
9819.5
26025.5
12521.0
13574.5
1772.5
16579.5
1019.0
6341.0
5361.0
10218.5
68.0
5755.0
10393.5
1241.5
68.0
1387.0
9318.0
4022.0
18759.5
8.0
68.0
5862.0
2762.5
4827.5
1387.5
4885.0
24071.5
1892.0
23263.0
11366.5
9098.0
5021.5
4935.5
68.0
5432.0
23205.5
1968.5
10510.5
68.0
0
17984.5
3696.0
68.0
8225.5
5011.0
5123.0
68.0
12501.5
8991.5
24005.0
7721.0
5975.0
10812.5
68.0
68.0
19674.0
68.0
5908.0
68.0
15649.0
68.0
7742.0
21015.5
10790.5
68.0
1370.5
68.0
68.0
2353.0
2726.0
6299.0
1850.0
13880.5
68.0
16741.0
7144.5
1128.5
9339.5
4198.5
68.0
15671.5
8522.0
553.0
7775.0
7165.0
15168.0
0
68.0
9429.0
15231.5
6376.0
0
2701.0
12949.0
12575.0
4116.0
28765.5
1912.0
1333.5
646.0
6105.5
14801.0
26943.0
12544.5
6821.5
365.5
2815.5
2764.5
17556.0
68.0
26331.5
68.0
68.0
3154.5
15280.5
24469.5
9116.5
15985.0
15619.5
4547.5
3186.0
68.0
17698.0
3195.0
68.0
3503.5
1019.5
458.0
20269.5
68.0
68.0
16664.5
2898.0
20771.5
5463.0
16672.0
7759.5
5790.5
68.0
8768.5
12146.5
4070.0
68.0
458.0
1002.5
9472.5
702.5
20599.5
17156.5
68.0
10781.5
12294.0
2548.5
11107.0
68.0
25897.5
12537.0
1777.0
2833.0
13125.5
1036.0
30329.5
1514.0
4505.5
14839.5
10791.5
7206.5
4482.5
13097.5
2276.5
68.0
4068.0
8614.0
68.0
20565.0
4497.5
3191.5
1370.0
9409.0
1893.0
1017.5
5594.0
1109.0
1224.0
3660.0
11827.5
1016.5
1611.5
943.5
543.5
23264.0
6202.5
68.0
15991.5
926.5
19640.5
1036.0
13453.5
10173.5
68.0
16227.0
14015.0
15724.0
68.0
758.0
9800.0
10194.5
20141.0
4108.0
7787.0
8393.5
68.0
1409.0
7208.5
3329.5
16207.5
8277.0
9922.0
15711.0
20557.5
14288.0
4468.5
19661.0
3141.5
21137.0
925.0
9451.0
4117.5
8543.5
7635.0
8602.5
3135.0
68.0
163.0
68.0
14383.0
7613.5
14316.0
1894.5
7637.0
12120.5
7782.5
3998.5
3792.5
10868.5
4006.0
22436.5
1034.0
1535.5
1016.5
68.0
12200.0
961.0
10981.5
2483.0
3205.0
0
9927.5
19248.5
18365.5
1422.0
15605.5
14767.5
68.0
24141.5
68.0
5842.0
2967.0
4822.5
4296.0
68.0
14942.5
1406.5
6479.0
4443.0
11593.0
10789.5
943.5
438.5
6795.0
821.5
68.0
365.5
9167.5
2708.5
646.0
12535.0
8059.0
68.0
4040.5
3402.5
8066.5
8091.0
13499.0
9581.5
4526.5
30834.0
3194.0
3126.5
4898.0
68.0
10810.5
3593.0
7681.5
3887.5
68.0
68.0
28115.5
8549.0
8068.5
4800.5
68.0
5476.5
2021.0
5788.5
18351.0
68.0
438.5
68.0
14408.5
68.0
17871.0
68.0
28349.0
13994.0
68.0
18435.0
2330.0
68.0
68.0
13300.0
16195.5
13907.5
1033.5
10318.5
13366.0
20607.5
9006.0
19921.5
1906.0
1460.5
5918.0
5481.0
21229.0
5388.0
12093.5
2167.5
19384.5
8696.0
12160.0
0
68.0
68.0
4015.5
4469.0
68.0
16848.0
4472.0
5912.5
68.0
10036.5
2095.0
1744.0
17923.5
68.0
5818.5
4476.0
8618.0
15002.0
2950.5
68.0
68.0
163.0
68.0
8977.0
5756.0
0
2897.5
5879.5
12957.0
11981.0
458.0
9899.5
1387.0
28452.0
0
3995.5
4270.0
13305.5
905.0
31245.0
11528.5
68.0
22691.5
2257.5
1314.0
3635.5
3135.0
5938.5
68.0
22768.5
12087.0
4510.5
11055.0
68.0
0
6607.0
3703.0
2357.5
524.0
4904.5
2678.0
9918.5
3205.5
10784.5
12653.0
1780.5
8376.5
68.0
9598.5
23279.5
1019.0
68.0
11487.0
1090.0
10979.0
20487.0
541.0
67.5
1775.0
8018.5
68.0
4578.5
7393.0
10332.0
2265.0
68.0
68.0
9059.5
153.5
4771.5
828.5
5596.5
26336.5
4905.5
2297.5
16414.5
11663.5
12855.0
5437.5
13023.5
14599.0
68.0
13486.5
11252.0
3851.0
26733.5
7221.5
7584.0
68.0
629.5
17450.5
3299.0
1225.0
1856.5

7321.0
10292.5
1479.5
2382.0
25202.0
6920.0
5323.0
68.0
22845.5
13903.0
2021.0
10708.5
1777.0
68.0
10663.5
9909.0
10789.0
16513.0
12030.5
68.0
828.5
13936.5
438.5
3636.0
4018.0
68.0
15691.0
14026.5
3341.5
6669.0
8532.0
15688.0
68.0
68.0
1423.5
1379.5
27541.0
11581.5
19064.0
8419.5
19763.5
7070.5
2665.5
3726.0
0
30814.5
1982.0
12066.0
629.5
438.5
3338.0
68.0
7902.0
21097.0
3559.5
28532.0
26194.5
68.0
5737.0
14214.0
1292.5
68.0
68.0
1721.0
6181.0
7054.0
9905.5
4028.5
4078.0
10240.5
14227.0
13427.5
2965.0
4354.0
16135.0
68.0
9647.0
2779.0
68.0
10267.0
4159.5
13556.5
15235.0
8901.0
537.5
17563.5
2467.0
19324.5
68.0
68.0
5734.0
15011.0
3315.5
14247.0
27209.0
5357.5
4586.5
13083.5
28936.0
4683.0
5368.5
5180.5
9303.0
1016.5
3244.5
3819.0
68.0
68.0
7920.5
68.0
6570.0
5638.5
4791.0
16224.0
7666.5
1951.0
163.0
458.0
17580.0
17177.0
68.0
8895.5
14098.0
0
3528.0
614.0
2462.0
10390.5
10372.5
16516.5
2852.0
5506.5
5976.0
68.0
641.5
2342.5
3664.0
13581.5
29339.5
26474.5
4987.0
348.5
7212.0
4013.0
24363.5
15707.5
1000.0
10367.0
25427.0
1092.5
8111.5
1033.5
8849.5
68.0
68.0
9472.5
7161.5
10729.0
3263.0
1876.0
1816.0
4664.0
68.0
8603.5
3307.0
4671.0
68.0
3911.0
68.0
13534.0
9043.0
19604.0
4963.5
68.0
12918.0
10243.5
68.0
455.0
163.0
4202.0
4289.0
6739.0
4957.0
22642.0
16755.0
1872.0
10322.0
7814.0
16442.5
14862.5
11711.0
1735.0
68.0
2357.5
22268.5
7858.0
2662.5
13019.0
646.0
68.0
11320.0
9365.5
27284.0
8141.0
14803.5
68.0
11234.5
13609.0
515.0
1690.0
1969.5
6330.0
11923.5
12163.5
0
2728.0
11710.0
18246.0
68.0
15607.5
68.0
20221.5
24028.5
6651.0
4136.0
17103.0
33045.0
524.0
22434.5
1949.5
68.0
15296.5
68.0
9172.5
2092.0
26352.5
9045.0
1877.0
4510.0
16947.0
3890.5
17915.0
18734.5
1477.0
5326.5
68.0
4928.0
26918.5
25175.0
3114.0
16546.5
3062.0
18349.5
28405.0
4029.0
3641.0
5227.5
5070.5
68.0
16527.5
6415.5
9012.0
6472.0
68.0
4103.0
2672.0
15788.5
3693.5
6173.0
458.0
3657.5
13236.5
2799.0
3150.0
10492.5
3133.0
6589.5
7330.5
4151.0
24045.0
68.0
15160.5
1869.5
4947.0
21518.0
9625.0
23271.5
14347.5
23717.0
21501.5
1614.5
629.0
1370.0
629.0
2111.5
5473.5
2760.0
520.5
16587.5
14219.0
6256.5
18582.5
1738.5
20333.5
3634.5
7671.0
12626.5
68.0
68.0
1794.0
16937.5
620.5
68.0
11224.5
68.0
10799.5
5327.5
458.0
9522.5
4915.5
4987.5
21820.5
11511.0
68.0
1579.0
13477.0
0
4491.0
23097.0
926.5
1036.0
1373.0
3200.5
0
29985.0
9826.0
24672.0
1850.0
68.0
3249.0
10459.0
24263.5
2410.0
7233.0
9488.0
14732.5
3418.5
5144.5
8622.0
2706.5
6368.0
8928.5
10831.5
6392.0
25987.5
828.5
14130.0
0
10316.0
3187.0
25486.5
15842.0
1926.0
4164.5
16322.5
68.0
68.0
2447.5
0
7806.5
16740.5
68.0
14814.5
0
3931.0
1036.0
22098.0
3708.5
6082.5
8851.5
68.0
26814.5
13350.5
1500.0
13936.0
524.0
17795.0
8119.0
68.0
68.0
16168.5
26299.5
19310.0
5346.5
9786.5
18773.5
10874.0
543.5
7856.5
68.0
13548.5
68.0
5
19642.5
16633.5
15858.0
1496.5
1180.0
17690.0
8569.5
1424.0
24951.0
3842.5
17067.5
2021.5
4477.5
4076.0
7633.5
28995.5
32182.5
2806.0
10991.0
23143.5
68.0
20633.0
68.0
8577.5
2358.0
28155.0
17792.5
16228.0
0
8497.0
7471.5
6725.0
11236.0
942.5
14232.5
19737.5
7206.5
28509.5
13430.0
828.5
18975.0
9038.0
1891.5
5399.5
4952.0
2353.0
68.0
4164.5
5996.0
18333.0
9882.5
20581.5
4654.5
10805.0
17386.0
6183.0
7406.0
3366.5
11373.0
1867.0
19308.0
4726.5
68.0
22572.5
0
543.5
20622.0
11298.0
8538.5
68.0
25004.0
68.0
18926.5
1036.0
6712.5
68.0
6723.5
3583.5
23241.5
68.0
10275.5
8590.5
16307.5
68.0
0
3135.0
14281.0
28711.0
9700.0
911.5
68.0
68.0
19645.5
68.0
68.0
68.0
10285.0
438.5
0
5785.5
9154.5
997.5
3626.5
14502.5
2288.5
30235.5
68.0
68.0
4598.0
1663.5
1036.0
7761.5
8995.5
68.0
3135.0
0
2147.5
1426.0
438.5
20140.0
0
11065.0
1143.5
68.0
4586.0
5816.0
3698.5
10767.5
4973.5
3335.0
4249.5
5888.5
2184.0
2330.5
68.0
2815.5
3158.0
13041.5
2262.5
1774.5
17174.5
11350.5
2349.5
7222.0
9462.5
438.5
8714.5
1959.5
68.0
7417.5
1550.0
9401.0
9090.5
0
29379.5
17014.5
13113.0
3715.5
533.5
68.0
11593.0
68.0
8425.5
6561.5
68.0
2857.5
7965.0
1404.0
3115.5
5423.5
21573.5
2075.0
12056.0
3477.5
68.0
68.0
3057.5
18772.0
5011.0
23229.5
8559.0
3615.0
4030.0
18763.0
3278.5
26888.5
9944.5
3178.0
1612.0
1792.0
4530.0
9610.5
458.0
13022.5
0
68.0
3132.5
8436.0
11540.5
8590.0
1051.0
68.0
68.0
2854.5
438.5
8204.0
719.0
18647.5
10919.5
7097.0
8760.5
5955.5
3554.5
22859.0
2537.5
15257.5
68.0
17793.5
6780.0
18715.5
18104.0
68.0
9882.0
7743.5
348.5
68.0
8077.5
21686.0
1331.5
3801.0
5009.5
944.5
458.0
68.0
2429.0
2002.0
68.0
6148.0
1019.0
738.5
0
11657.0
10446.0
438.5
3662.0
3208.0
2372.0
3707.5
15333.0
2966.0
7651.0
1406.5
1499.0
1682.5
68.0
68.0
31269.0
8065.0
6750.5
4086.0
8153.5
9390.0
5427.5
9022.0
3639.0
0
22348.5
8024.0
738.5
68.0
10735.0
14052.5
5876.0
68.0
4491.0
28104.5
9907.0
1019.0
4376.0
1428.5
2464.5
2745.0
10295.0
6795.5
535.0
6355.0
68.0
68.0
11259.5
2726.0
12091.0
10083.5
7006.5
68.0
1483.5
6462.5
438.5
1613.0
19642.0
6432.0
1128.5
3288.5
4067.5
14780.5
4491.5
24054.0
8073.5
8559.5
1406.5
1911.5
13467.5
15599.0
3243.0
722.0
14331.0
7755.0
1036.0
4830.5
15497.5
22056.0
19621.0
1940.5
7795.5
736.0
4025.0
10935.0
21902.5
68.0
2218.0
1570.0
4044.5
68.0
9730.5
2726.5
23634.5
3602.5
12694.0
1521.5
4191.0
13054.0
2613.5
22223.5
15757.5
11587.0
68.0
11231.0
5916.5
10654.5
10086.5
8756.5
5212.0
68.0
8276.0
13356.5
18457.0
8441.0
526.0
5389.0
9271.5
17482.5
15153.5
15988.0
910.0
8225.0
10266.0
17986.5
3615.0
4236.0
12950.0
1811.5
68.0
438.5
518.5

2083.0
3579.5
738.5
1022.0
68.0
1479.5
1909.0
68.0
6285.0
929.0
12597.0
29262.0
5440.0
3216.5
6617.5
1908.5
3231.0
68.0
11258.5
5825.0
21767.5
68.0
0
1494.5
24432.5
1720.0
3154.0
3785.5
16954.5
8336.0
68.0
68.0
3619.5
6946.5
68.0
646.0
19637.0
68.0
1389.5
12234.5
21892.0
515.0
2506.0
9168.5
1126.0
12295.5
1631.5
9128.5
2167.0
4681.0
4488.0
15581.0
25080.0
8501.0
11956.5
1608.5
10851.0
755.5
68.0
5576.5
458.0
68.0
20091.0
68.0
4892.5
16633.5
8550.0
8075.0
16824.0
6743.5
6878.0
68.0
68.0
12494.0
4156.5
9006.0
1894.5
0
18246.5
68.0
9040.0
6240.0
68.0
9335.5
6235.0
10161.5
6826.5
25513.0
18951.5
68.0
8125.0
68.0
68.0
29902.0
1126.0
68.0
5005.0
5914.0
9775.0
5820.0
10012.0
68.0
11601.5
348.5
5019.5
458.0
16949.0
6593.0
4602.5
12880.0
19869.5
12539.5
68.0
68.0
8154.5
3680.5
4509.0
4994.0
2762.0
13739.5
1803.0
15340.5
419.5
28374.0
1492.5
6812.5
2375.0
4166.0
10317.5
68.0
68.0
2726.5
12294.5
5977.5
2689.5
2184.0
13851.5
10281.0
13812.0
22034.5
1106.5
15414.5
20048.5
2821.0
68.0
1218.5
68.0
68.0
10722.0
820.5
68.0
6356.5
68.0
68.0
15462.5
6236.5
4693.5
927.5
4563.5
68.0
13428.0
68.0
8139.5
2747.5
68.0
68.0
2301.5
15117.5
9591.0
3708.5
257.0
6398.5
12044.0
6836.0
960.5
3225.0
2165.0
11138.0
68.0
6081.0
7636.0
1496.5
10054.5
24363.5
3604.0
6463.5
6346.5
12213.0
926.5
5764.5
11583.5
68.0
458.0
14359.5
3522.5
9825.5
1763.0
68.0
5973.5
16959.0
68.0
4482.5
7788.5
6198.5
16634.5
8095.0
2299.5
0
68.0
23657.0
11093.0
1906.0
13864.5
2739.5
11502.0
7470.5
11398.0
534.5
28210.5
14369.5
68.0
1987.0
68.0
458.0
348.5
4159.0
22409.5
21656.5
6719.5
68.0
5953.5
12274.0
68.0
6092.5
29639.0
828.5
0
12764.5
4168.0
7577.0
4059.0
4246.5
25168.5
28173.0
5810.0
3788.5
3407.5
6390.5
18194.5
5851.0
1053.0
2869.5
19131.5
2428.5
68.0
68.0
1000.0
68.0
2826.5
1535.5
20999.5
841.0
13383.0
6759.0
18834.5
6794.5
9062.5
4998.0
68.0
1704.0
13681.0
11758.0
9482.5
11719.5
14341.0
5372.5
16097.0
18314.5
68.0
17811.5
5832.5
3361.5
6259.5
16177.5
12697.0
15810.5
68.0
16927.0
2227.0
12601.5
4151.0
8149.5
12164.0
1706.5
9679.0
68.0
6365.0
68.0
8777.0
14645.5
7207.0
17815.5
736.0
3246.0
6850.5
68.0
1929.0
629.5
1794.0
11656.5
24685.5
1333.5
7173.0
7257.0
17625.0
15419.5
5643.0
5010.0
4456.5
10262.5
68.0
5483.0
6975.0
5503.0
10007.0
1763.0
68.0
13988.0
9686.5
6846.0
16891.0
1895.5
68.0
68.0
1577.5
7709.0
68.0
68.0
5476.5
3986.0
5218.0
20957.0
2094.0
11210.0
11938.0
16022.5
19603.0
10472.5
68.0
5910.5
6251.5
29930.0
6168.5
68.0
8180.0
5939.5
14362.0
12705.5
1327.0
11675.5
20015.5
14293.5
68.0
828.5
0
4432.5
68.0
1813.5
1758.0
3135.0
24926.0
17867.0
14678.5
12284.5
1126.0
5474.0
9182.0
10372.0
1580.5
3691.0
68.0
2732.5
2805.5
22754.0
1443.0
21426.0
28903.0
14909.0
22573.5
17904.0
11580.0
2372.5
438.5
2723.5
10795.5
1970.0
7690.5
13616.5
13011.0
1497.0
7598.0
13404.0
0
68.0
5947.0
438.5
8462.0
1111.5
6795.5
13703.0
5568.0
12043.5
9490.5
68.0
6042.0
1704.0
1987.0
4583.0
6079.5
68.0
14406.5
9376.0
18826.5
4114.5
68.0
9331.5
20933.5
68.0
68.0
2815.5
68.0
24522.5
6183.0
14922.0
23627.5
68.0
1509.0
68.0
8514.5
68.0
68.0
12977.0
68.0
68.0
27212.5
6312.5
68.0
2325.5
68.0
2341.0
7424.0
3272.0
16499.0
9409.0
21239.5
736.0
68.0
2764.5
68.0
12067.5
4166.5
458.0
15625.5
6847.0
2442.5
5588.0
19708.0
612.5
17392.5
153.5
2356.0
10432.0
1017.5
458.0
20501.5
2828.0
2759.5
13372.5
14609.0
7690.5
11613.0
4951.5
9934.0
8926.0
4014.0
68.0
68.0
438.5
5521.5
5015.0
646.0
68.0
23718.5
13827.0
4858.0
2073.0
10348.5
3688.0
25902.0
23131.0
68.0
8583.0
33960.5
5525.0
68.0
1886.5
8300.0
5950.0
8.0
2276.5
25388.5
4930.0
13282.5
8145.0
5451.0
7080.5
12914.0
11178.0
68.0
0
12513.0
1893.0
438.5
68.0
68.0
2655.0
8.0
627.5
4468.0
9473.0
9111.5
5364.5
10222.5
12163.0
12542.5
15150.5
1033.5
6873.0
1889.0
9724.0
23042.5
5933.5
9415.0
68.0
12950.5
7273.5
68.0
9904.0
1959.5
1911.5
5814.5
19574.0
6473.5
1516.0
6938.5
18894.5
4043.0
438.5
20239.0
11518.5
8418.0
1404.0
1499.0
28537.5
9911.0
19226.5
2888.5
17491.0
17327.0
6775.0
2296.0
809.0
13375.0
4997.5
1836.0
9882.0
8950.0
8691.0
68.0
68.0
1036.0
2075.0
68.0
13923.0
458.0
68.0
1238.0
6340.0
12296.0
5638.5
5794.0
68.0
68.0
10073.0
5923.5
68.0
1615.0
943.5
68.0
68.0
15419.5
163.0
2656.0
9808.0
5380.0
533.5
16469.0
21922.5
1496.5
7172.5
4201.5
10924.5
6908.0
9007.0
20912.5
5013.5
8980.0
646.0
68.0
1850.5
7623.0
6974.5
8312.5
438.5
68.0
1126.0
2355.0
11876.5
8554.0
68.0
68.0
68.0
1589.0
19948.5
6469.0
3599.0
68.0
17421.5
68.0
6813.0
438.5
0
10198.5
17913.0
5806.5
4876.0
4993.0
7800.5
3469.5
6385.5
2536.0
7740.5
3427.0
5122.5
18690.0
18306.0
68.0
10367.0
68.0
68.0
1850.5
17339.0
1929.0
6774.0
67.5
1406.5
4004.0
9068.5
15224.5
958.5
14959.0
521.0
68.0
3411.0
20713.5
2074.5
11608.0
24562.0
68.0
68.0
5812.5
543.5
68.0
458.0
17367.5
18848.0
12133.5
5336.0
627.5
1987.0
68.0
31267.5
2726.5
13171.5
20935.5
0
17185.5
1033.5
458.0
8874.0
68.0
68.0
68.0
2803.5
22783.5
0
4559.0
8946.0
68.0
13592.5
68.0
3581.5
68.0
1109.0
68.0
3686.5
534.5
17651.0
68.0
12746.0
943.5
2947.0
68.0
2279.0
1333.5
16806.5
17248.5
1909.5
23820.0
14948.5
458.0
7721.0
2228.5
68.0
15250.5
19184.5
5009.5
0
67.5
12379.5
1134.0
7005.5
10371.5
4398.0
6245.5
68.0
458.0
25358.5
2250.0
68.0
12514.0
8419.5
68.0
68.0
1516.0
4493.0
1109.0
3203.5
68.0
14257.0
13638.0
5483.0
10756.5
11188.0
21498.0
20980.0
21391.0
4493.0
23570.5
458.0
1794.5
68.0
11605.5
6003.5
3225.0
20558.5
11367.0
68.0
68.0
2543.0
68.0
3059.5
68.0
16980.0
3081.5
348.5
68.0
3284.0
6306.5
365.5
6705.0
11368.5
2263.5
68.0
12776.0
7098.5
17578.0
6945.0
4583.0
4542.0
1053.0
68.0
11228.0
8627.5
14528.5
14353.0
6136.5
7705.0
3017.5
7603.5
9190.5
7240.5
68.0
3708.0
2837.5
67.5
7272.5
22711.5
19636.0
2240.0
4171.0
17262.5
68.0
68.0
6203.5
16806.5
16126.0
2655.0
68.0
612.5
68.0
572.0
1886.5
4059.0
18345.0
68.0
68.0
22831.0
68.0
21898.5
68.0
1034.0
21062.0
1019.5
5160.0
8509.5
7762.0
18694.0
2627.5
13223.0
3634.5
13334.0
5026.5
30441.5
982.0
14853.5
18287.0
3732.5
68.0
68.0
6701.5
0
14030.5
1991.5
2317.0
11551.0
31228.5
68.0
68.0
15348.0
9755.0
68.0
18330.5
17118.0
1238.0
22286.5
9541.5
1774.5
8159.0
0
526.0
3822.5
6851.5
5091.0
28865.5
10281.5
1889.0
2713.0
21348.5
68.0
68.0
3423.5
9487.0
7218.5
7328.0
1886.5
10509.5
8702.0
7248.0

13874.0
11647.0
19389.0
1889.0
1847.5
4763.0
661.0
7682.0
7238.5
6358.0
1908.5
365.5
2091.5
944.5
5337.5
1796.5
25049.0
18899.5
16589.5
13423.0
35.0
10418.5
1423.5
8184.5
1924.5
15924.0
9076.0
3602.0
16541.0
17661.5
1886.5
5894.0
1053.0
19146.0
68.0
3265.0
8994.0
15159.5
23666.5
11561.5
68.0
3886.0
12093.0
438.5
7686.0
646.0
7232.5
1908.5
10209.0
1406.5
68.0
1426.0
4195.0
28442.0
68.0
2279.5
68.0
717.0
8578.0
1908.5
4972.0
438.5
24591.0
4003.0
6600.0
68.0
12064.5
10252.0
17358.5
68.0
5953.5
21834.0
13169.0
4031.0
16550.0
31279.5
8068.5
16563.5
20958.0
1589.5
4473.5
68.0
25051.5
31692.5
68.0
13952.0
9478.5
13219.0
68.0
22518.5
14837.0
1496.5
16534.0
15163.0
20256.0
6328.5
2674.0
2462.5
13800.5
6761.5
20669.5
4179.5
11230.0
6719.5
10176.0
14069.5
4360.0
11315.5
9835.5
8034.5
68.0
16580.0
15333.0
6878.0
8883.0
7706.5
24489.0
1500.0
7291.0
68.0
5762.5
2555.0
8075.0
68.0
458.0
13471.5
16287.0
14758.0
3228.0
1499.0
1958.0
2167.0
10357.0
12546.5
31609.0
30326.0
8971.0
20941.0
68.0
1499.0
9972.5
3723.0
983.0
4103.0
3599.5
68.0
3188.5
3604.5
8944.5
5832.0
960.5
68.0
17817.0
20066.5
25365.0
16090.5
68.0
6848.5
24122.0
6890.0
1984.5
4740.0
13480.5
16619.0
8557.0
4662.0
3334.5
11632.0
2809.5
9831.5
6293.5
6244.5
6074.5
14405.5
4006.5
5849.0
2745.5
24109.0
27773.0
68.0
19250.0
2299.5
6236.0
458.0
68.0
11808.0
24071.0
18337.0
554.5

12656.0
11173.0
24464.5
1516.0
8068.0
68.0
6424.5
18737.0
8244.0
4668.5
2280.5
10735.5
11559.5
2077.5
20586.5
45.5
7223.5
14856.0
11567.5
13563.5
1333.5
1033.5
68.0
841.0
4953.5
4474.0
21350.0
68.0
4938.5
13597.0
3364.5
17083.5
5837.5
663.0
524.0
17566.0
17913.0
68.0
1346.5
25558.5
10614.0
68.0
2340.5
3327.5
29391.0
14787.5
5433.5
1870.0
3232.0
18450.0
17954.5
68.0
9385.0
5114.0
3679.5
13439.5
4510.5
7660.5
4457.5
7378.5
9490.0
7573.0
23244.0
19126.5
2799.0
2687.0
7617.0
2074.5
2391.5
1351.5
0
28946.5
6024.5
8910.5
5021.5
11719.0
1441.0
1036.0
68.0
68.0
27254.0
4564.5
0
4061.0
18787.0
68.0
8042.0
20877.5
26348.5
8212.0
1051.0
3278.5
3634.5
7698.0
3226.0
22828.5
19748.5
68.0
2760.0
68.0
21496.0
68.0
11146.5
19192.5
4896.5
5437.0
1499.0
2671.0
1569.5
7494.0
15721.5
7255.0
14011.5
30012.0
68.0
1036.0
3242.0
6325.5
5529.0
16049.0
5882.5
3480.0
5678.0
944.5
4170.5
14863.5
68.0
68.0
68.0
2872.0
68.0
14718.0
68.0
2743.0
2084.0
8091.0
3580.5
2720.0
15526.0
68.0
8466.5
21172.0
3250.0
19701.5
9820.5
5454.5
12549.0
10279.5
438.5
6318.0
627.5
8571.5
19685.0
15719.5
1031.5
28159.0
68.0
68.0
3684.5
68.0
5791.5
13955.5
4525.0
68.0
68.0
2743.0
14876.5
4083.0
14330.5
5810.5
68.0
12918.5
4727.0
26270.0
68.0
68.0
2114.5
19545.0
4671.5
10325.0
12709.0
4581.5
11613.0
68.0
3318.0
7201.0
1796.5
9781.5
2593.0
14679.0
8987.0
68.0
68.0
7860.0
68.0
68.0
8054.5
5257.0
20060.5
17346.5
7620.5
68.0
4533.5
13846.0
18748.0
3840.5
68.0
4104.0
13955.0
1611.5
2319.0
755.5
11655.5
3790.5
10747.5
4024.5
5390.5
14744.5
68.0
9866.0
30725.5
10143.0
15805.0
5364.5
5193.5
15671.5
68.0
7407.0
348.5
0
68.0
738.5
20503.0
1126.0
15658.0
68.0
0
68.0
2950.5
24607.0
0
68.0
14952.5
68.0
3128.5
25235.0
25047.5
5056.5
5862.5
5360.5
5075.0
12661.5
0
68.0
3484.5
4467.5
68.0
15707.0
68.0
365.5
11299.0
4483.0
12323.0
8299.5
3323.0
19682.5
4081.5
14620.5
6234.0
1886.5
68.0
12963.0
25097.0
4890.0
9918.0
3893.5
541.0
68.0
4121.0
8012.0
7998.0
3694.0
5361.5
17424.5
6857.0
5795.5
15718.5
68.0
2630.0
68.0
537.5
13809.0
7273.5
11136.0
3161.0
68.0
1822.5
7491.5
68.0
68.0
28039.5
8054.0
68.0
68.0
4453.0
534.5
8694.0
68.0
68.0
12507.5
11268.5
10815.5
13556.5
2350.0
13943.5
7404.5
7107.0
1612.5
1423.5
1333.5
13050.5
9107.0
438.5
7132.5
8562.5
67.5
17981.5
16593.0
8157.0
8892.5
1516.0
20122.5
10756.5
4928.0
6323.0
68.0
3112.5
12430.5
18217.0
24955.0
68.0
809.0
4375.5
8448.0
15258.0
8512.5
6285.0
8075.0
68.0
68.0
5975.0
8983.0
1496.5
5889.0
29553.5
163.0
5864.5
18398.0
16485.0
2837.5
943.5
5367.5
31519.5
1940.0
68.0
3205.5
1906.0
3571.5
5474.0
5341.5
68.0
8087.5
68.0
11739.0
5322.0
1787.5
8557.0
24975.5
10370.0
68.0
68.0
1145.5
2186.5
17359.0
2252.0
4908.0
68.0
3447.0
3691.0
7127.0
9272.0
15627.0
14340.5
25147.0
68.0
5686.0
68.0
68.0
14486.0
16157.0
3600.0
68.0
28933.0
5505.5
68.0
2369.0
2471.0
4581.0
2033.5
20056.0
6551.5
11200.0
10674.5
8183.5
5371.0
1404.5
68.0
163.0
4448.5
7718.0
3116.0
4871.0
6212.5
30383.5
68.0
31242.0
2394.0
2391.5
68.0
68.0
21829.0
14425.5
68.0
1875.0
365.5
2482.0
534.5
13330.0
8496.0
646.0
5496.5
11960.0
7147.0
4569.0
68.0
0
5789.5
12960.5
6323.0
14684.0
2290.0
6976.5
8.0
68.0
2004.5
68.0
4465.5
1845.0
30728.0
15759.5
68.0
4154.5
1777.0
23178.0
8977.5
1446.0
2614.0
3169.5
3340.5
4039.0
68.0
4120.5
17336.0
17527.0
3289.5
1501.5
68.0
68.0
4930.0
8878.5
68.0
28207.0
6897.0
1033.5
4898.0
8075.0
68.0
14817.5
13820.5
1426.0
2555.0
5027.5
6313.0
31203.0
6399.5
2339.5
3544.5
11146.0
1051.0
68.0
458.0
7155.0
16004.0
8059.0
4375.5
7669.5
14767.0
8559.0
4524.5
68.0
8850.0
8035.0
29847.5
68.0
12491.5
18700.5
6700.0
29812.5
4154.0
17927.0
21550.0
458.0
8511.0
13101.5
4454.0
2934.5
4028.5
6237.0
30315.0
68.0
6360.0
12016.0
6762.0
5335.5
4067.0
21889.0
2855.5
14029.0
3392.0
438.5
537.5
828.5
1092.5
1869.5
7179.5
2576.0
7620.5
8131.0
543.5
12937.0
5764.5
68.0
14799.5
68.0
646.0
68.0
5511.5
627.5
3173.0
1833.0
738.5
13415.5
10064.5
68.0
9954.0
12671.5
68.0
7165.5
68.0
8938.5
11168.0
68.0
12625.0
14242.5
9334.5
6788.0
438.5
68.0
4246.5
6371.0
5091.5
14002.0
702.5
2075.0
9729.0
3281.0
15753.0
17716.0
14468.0
12110.0
10450.0
2111.5
7354.5
0
8486.5
10235.5
4009.5
15691.5
2557.0
7239.0
11062.0
3632.0
1794.0
4622.0
18721.5
22742.0
13261.0
4578.5
348.5
9465.5
6746.5
1516.0
4114.5
5697.5
32579.5
28189.5
4047.0
1207.0
0
6192.5
20937.5
5141.0
22529.0
4142.5
8283.0
68.0
5684.0
68.0
12674.5
1211.5
1514.0
3233.0
9795.0
5027.5
1908.5
8116.0
1486.0
3832.5
736.0
17867.0
22770.0
12233.5
3338.0
1782.0
1421.5
14313.0
629.0
68.0
68.0
4484.0
944.5
3902.5
629.0
5328.0
68.0
6986.5
7101.0
15137.5
15690.0
68.0
18694.0
12545.5
438.5
20149.5
10761.0
8.0
13465.5
9859.5
6804.5
1126.0
17504.0
2819.0
15004.0
5453.0
1297.0
4268.5
1496.5
4075.5
17038.0
612.5
2445.0
4471.5
4073.0
4583.5
68.0
14392.5
173.0
10789.0
17084.5
13745.5
3974.0
8674.5
8639.5
9027.0
17817.0
13315.5
348.5
68.0
19441.5
68.0
12268.0
738.5
2762.0
10361.5
68.0
4066.5
68.0
10480.0
10319.5
1602.5
458.0
14878.0
11600.0
6943.0
7320.0
6202.0
68.0
12444.0
153.5
68.0
1036.0
5896.5
8631.0
68.0
4132.0
6296.5
526.0
5816.0
23587.0
8465.5
68.0
1019.5
438.5
68.0
68.0
5585.0
14914.5
68.0
68.0
4872.0
5468.0
7710.5
17967.5
26248.0
438.5
24309.0
12142.0
1577.5
7229.0
7723.5
8068.0
68.0
13174.0
438.5
7177.0
20581.5
21773.5
21862.0
2953.5
68.0
68.0
14231.5
8502.0
12048.5
8242.5
22267.5
3150.0
365.5
2836.5
6700.0
68.0
3206.5
914.0
3123.5
14825.5
12162.0
4993.0
4611.5
68.0
8160.0
7177.0
4002.5
14333.5
1589.0
12246.5
7691.0
1869.5
68.0
16530.0
809.5
16475.5
10652.0
12959.0
9459.5
16707.0
68.0
11702.0
68.0
9823.5
68.0
12077.5
14833.5
3747.5
438.5
68.0
68.0
7788.0
17807.0
12492.5
25472.5
11146.5
5599.0
8569.5
4175.0
6775.0
12160.5
68.0
6780.5
1348.5
2091.5
5447.0
4634.5
10650.5
3599.0
3132.5
8984.5
4771.0
68.0
4024.5
5955.5
11530.5
1929.5
16606.0
13925.5
1891.5
15713.0
2863.5
10620.5
15212.0
1019.0
4844.0
6224.0
28858.5
10780.5
17041.5
943.5
22451.0
722.0
9655.5
9233.5
7807.5
0
2077.0
13283.5
2672.0
6720.0
1089.5
68.0
6383.5
4862.0
1106.5
18674.0
14800.0
68.0
6869.5
68.0
1608.5
4692.0
68.0
68.0
6363.5
13450.0
68.0
5192.0
1965.0
3248.5
1090.0
3576.5
923.5
68.0
15615.0
10722.0
67.5
9306.0
68.0
16451.5
1645.0
627.5
926.5
12640.0
0
7874.0
5971.5
68.0
22976.0
535.0
68.0
6304.5
68.0
0
6540.5
68.0
1297.0
1886.5
3597.5
19008.5
6681.0
4453.5
6328.0
10490.0
17915.5
12186.0
12499.0
68.0
68.0
68.0
6483.0
68.0
1126.0
9109.5
12703.5
15590.0
3026.5
68.0
14849.0
1019.0
9235.5
10315.0
16790.0
68.0
1959.5
2950.5
3245.5
1496.5
9588.5
3248.5
1370.0
68.0
68.0
7497.5
13769.5
10686.0
15663.5
3716.0
2279.0
1889.0
12667.5
4179.0
19563.5
5746.5
2746.0
68.0
5715.0
68.0
6278.5
1399.0
1608.5
16989.5
16948.5
458.0
68.0
26324.5
68.0
8947.0
0
15797.0
9843.5
5860.0
4064.0
12270.5
1405.0
68.0
7093.0
9746.0
828.5
20899.0
6689.5
533.5
8452.0
12459.0
68.0
4074.5
19766.5
2276.5
10520.0
27336.0
4492.5
68.0
4557.5
27203.0
2607.0
629.0
1426.0
8061.5
12182.5
12754.5
1106.5
9469.5
8521.0
18316.5
6785.5
543.5
68.0
28645.0
68.0
3279.0
3135.0
2358.5
68.0
646.0
68.0
4118.0
12811.5
943.5
15131.5
6327.0
13857.0
27551.0
17055.5
6273.0
1034.0
1569.5
10362.0
2925.0
4527.0

6631.0
1017.5
10145.5
28330.5
365.5
15275.5
2349.5
9468.0
3688.0
68.0
12053.5
1109.0
5087.0
4103.0
5688.5
755.5
458.0
3562.0
10860.0
614.0
1106.5
6202.0
6625.5
14659.5
14118.0
68.0
3798.0
18760.0
5061.5
13075.5
68.0
68.0
13879.0
1017.5
11422.5
1984.5
11840.5
13921.5
11336.5
1126.0
11315.5
2175.0
68.0
68.0
1811.5
68.0
8055.0
8248.0
10263.5
8389.5
520.5
4471.0
2778.5
348.5
26890.5
10800.5
10386.5
629.0
1949.0
6401.0
1968.0
12187.0
3975.0
1300.0
438.5
68.0
2360.0
1398.5
3146.0
1073.0
4928.5
19651.5
2826.0
5373.0
11235.0
1350.0
24666.0
8942.0
458.0
12887.5
2201.5
15677.0
68.0
6468.0
24851.5
6679.0
1811.5
68.0
68.0
17902.0
20089.5
4802.0
25055.5
16938.5
0
8979.5
10312.5
257.0
1016.5
26591.0
23280.0
10327.0
13232.0
1831.0
3691.0
10426.0
67.5
9133.5
68.0
12040.5
31661.0
1126.0
3150.0
6766.5
2762.0
17969.5
7197.0
9925.0
2639.0
4296.0
68.0
17811.0
1550.5
18403.5
2364.0
10281.5
14317.0
534.5
68.0
1970.5
2372.0
31520.0
5048.0
17201.5
68.0
14320.0
1968.5
68.0
1034.0
1406.5
6457.5
5609.0
9717.5
4586.0
2970.5
11719.0
22906.0
7856.5
68.0
24963.0
2952.0
68.0
271.0
4598.0
9834.5
2266.0
5845.5
365.5
6800.5
6625.0
68.0
365.5
1218.5
8481.0
1798.0
2384.5
5322.5
22762.0
14361.5
3110.0
68.0
8607.0
7212.0
4796.5
6185.5
4098.5
21916.5
2647.0
20075.0
8877.5
6491.5
7462.5
68.0
19021.0
5864.0
5212.5
5782.0
11118.5
14834.5
627.5
1608.5
24276.0
15514.0
15222.0
627.5
1850.5
68.0
2375.0
738.5
7802.5
10703.5
6849.5
6307.5
3788.5
3279.0
17505.0
17233.0
12187.5
8942.0
8569.0
526.0
1016.5
22177.0
68.0
6509.0
2453.0
6238.5
9333.0
15716.0
1389.5
68.0
68.0
4733.0
524.0
3606.5
1608.5
6176.0
0
29566.5
13392.5
13822.5
5414.0
1132.5
1931.5
11439.5
22464.5
2277.0
68.0
1388.0
18751.5
458.0
521.0
3004.5
68.0
4709.5
455.5
438.5
68.0
17365.5
68.0
5854.5
68.0
9549.5
14203.0
68.0
3250.0
5789.5
738.5
68.0
2300.0
32557.5
5041.0
2651.5
3218.5
68.0
5020.0
2240.0
21393.0
21429.5
2355.5
7708.0
68.0
6119.0
5878.5
2713.5
12538.5
13495.5
5845.0
4624.0
14140.0
68.0
5619.5
68.0
6720.0
3764.0
1036.0
13311.0
5473.0
20675.5
68.0
1460.5
31191.0
8985.5
9456.5
4569.0
11210.0
14046.5
68.0
68.0
2057.5
68.0
6274.0
13371.5
21287.5
8109.5
1406.5
0
20983.5
526.0
68.0
1867.0
15749.0
20430.0
1297.0
68.0
7981.0
8001.0
27660.5
27687.5
28106.5
7775.5
612.5
12428.0
14245.0
19240.0
68.0
15684.5
8984.5
12509.5
20179.0
15383.0
16919.0
68.0
68.0
5927.0
365.5
13838.5
17918.5
1143.5
20801.0
28889.0
12278.5
4518.5
646.0
16494.5
68.0
6782.0
68.0
4154.5
2186.5
5311.5
68.0
10377.5
18285.5
4635.0
1582.0
4566.0
18396.5
68.0
6835.0
5457.0
68.0
23305.0
19154.5
24542.0
3627.5
68.0
14295.0
19281.0
2653.0
9833.5
19609.0
17844.0
18700.5
5827.5
5874.0
8240.0
4878.5
12979.5
10694.5
10895.0
68.0
828.5
6817.0
9478.0
6388.5
3518.5
5822.0
5952.0
68.0
32148.5
3024.5
22847.0
21132.5
10576.0
68.0
10833.5
4959.5
3805.5
20603.0
4061.5
19752.0
944.0
68.0
4951.0
1344.5
21371.0
629.0
68.0
10752.0
21976.0
10023.0
1947.0
4325.5
68.0
4582.0
68.0
4191.0
1477.5
8652.5
663.0
12071.0
5792.0
15333.0
8928.5
534.5
1389.5
5000.5
14781.0
32535.5
13391.5
5988.0
68.0
6048.5
11441.5
7210.5
7648.5
4863.5
7634.0
4192.5
68.0
6244.5
4086.5
1865.0
68.0
68.0
13892.0
24947.0
20514.0
6849.0
6707.5
438.5
17969.0
22832.5
6477.5
15798.5
10857.5
68.0
9916.0
68.0
1646.0
68.0
3197.0
18766.5
3246.0
2280.5
1780.5
8517.5
16053.0
17884.5
2676.5
1811.5
5429.0
3240.5
9892.0
7164.5
7852.0
7012.0
944.0
438.5
68.0
29845.0
28524.0
20751.0
23646.5
920.0
24050.5
68.0
3705.0
68.0
15582.5
4532.0
68.0
29565.0
1813.5
68.0
9888.0
68.0
4019.5
14844.5
12939.5
4026.5
5846.5
2279.0
19617.0
68.0
68.0
1331.5
11575.5
7206.5
11274.0
14745.5
20796.5
11006.0
16445.0
533.5
16064.0
6114.0
28696.5
6776.0
1847.5
13062.0
31175.0
9794.0
68.0
12862.5
5366.5
68.0
2000.0
3578.5
8035.0
6727.0
22113.0
1816.0
3042.5
68.0
11321.0
68.0
28645.0
17395.0
3733.0
11116.5
14046.0
0
1423.5
2729.0
943.5
2075.0
26616.0
12654.5
6905.0
2660.5
18711.5
8250.5
8233.0
3503.5
68.0
3410.0
13769.5
4981.5
18783.5
68.0
2072.0
8951.0
5849.5
16382.0
14286.5
0
9101.5
8540.5
0
1499.0
25477.0
551.5
10595.0
5667.0
9447.5
10432.0
7366.5
6804.0
20946.0
30856.0
1019.0
2538.0
24176.5
2579.5
2374.5
5876.0
1351.0
3267.0
4625.5
68.0
19151.0
6598.5
16056.0
68.0
2657.0
68.0
18303.5
19658.0
8558.5
68.0
458.0
927.0
19468.0
1199.0
8062.0
3584.5
13036.0
8127.5
5352.0
18262.5
9385.5
6876.5
68.0
14313.5
10335.0
8926.5
3556.5
16392.0
27220.0
7709.0
2669.5
68.0
68.0
722.0
14072.5
3343.0
68.0
2544.5
9081.0
3045.5
17012.5
68.0
68.0
23587.0
7074.0
458.0
68.0
68.0
3859.0
17960.5
7522.0
6721.5
5018.0
6769.5
17196.5
8069.5
14838.5
1033.5
1126.0
6301.0
14351.0
6806.5
68.0
2299.0
19103.0
17883.0
5067.0
15791.5
14260.0
5985.0
68.0
15212.5
1774.5
9356.5
4931.5
1387.5
2226.5
23371.5
2259.5
3143.0
28778.0
18813.0
3155.5
1019.0
5773.0
31708.0
13503.5
18393.5
18825.5
3744.5
1796.5
10708.0
68.0
1468.0
4142.5
8263.0
5105.5
4000.0
68.0
16958.0
4599.0
9454.0
68.0
40.5
68.0
7153.0
2962.0
68.0
533.5
271.0
68.0
3286.5
7634.5
66.5
5295.0
28937.5
4042.0
25901.5
524.0
4939.0
7273.0
7449.5
68.0
4785.5
32701.0
68.0
8488.0
9037.0
4563.5
6620.0
15543.0
533.5
11326.5
2259.5
6542.5
6326.0
5038.0
4459.5
68.0
17883.5
9337.0
68.0
26801.5
22530.0
4178.5
11352.0
8457.0
19282.0
16144.0
19236.5
20667.0
1952.5
2094.0
68.0
14338.5
4323.5
16975.0
8506.5
1892.0
15398.5
2728.0
12574.0
9169.5
18247.5
31118.5
68.0
68.0
19566.0
13846.0
22583.5
14705.0
68.0
5042.0
15669.5
9452.5
9447.5
68.0
68.0
21059.0
26234.0
68.0
68.0
2665.5
68.0
4609.0
925.0
4472.5
4249.5
2072.5
3822.5
68.0
4490.5
28222.0
68.0
33544.5
2206.5
14771.5
68.0
54.0
68.0
7650.5
1016.5
1424.0
29922.5
8172.5
68.0
9561.5
68.0
438.5
6664.5
25418.0
11896.5
7670.5
68.0
4515.0
2369.0
17975.5
68.0
13761.5
12769.0
18846.0
11676.5
2304.0
4083.5
22107.0
16759.0
29.0
1800.5
68.0
12977.5
10246.0
29439.0
21501.0
19321.0
4190.5
2801.0
438.5
348.5
68.0
1426.0
20402.0
5030.0
18265.0
29002.5
11664.0
68.0
5790.5
13446.5
68.0
899.0
5666.0
19281.0
8060.0
13005.0
68.0
257.0
24527.0
30623.0
5315.0
20940.5
17905.0
1595.0
1033.5
14705.5
68.0
2760.0
1370.0
11690.0
24214.0
1989.0
12328.0
1499.0
18893.0
68.0
0
0
3233.0
68.0
3520.5
5624.0
1199.0
68.0
4920.5
1179.5
8008.5
1424.0
8841.0
13810.5
6040.5
23053.5
458.0
12000.5
4148.5
1019.0
2360.5
68.0
14437.0
6254.0
2072.5
3506.5
68.0
7688.5
2799.5
10498.5
646.0
68.0
14763.0
25394.0
6290.5
458.0
68.0
554.5
6804.5
13068.5
19235.0
68.0
24617.0
18260.0
68.0
27710.5
0
1179.5
19617.5
10140.0
10763.5
10323.5
4951.5
12100.5
2265.0
18418.5
50.0
4062.0
8688.0
0
1391.5
68.0
6722.0
5776.0
6958.5
8024.5
68.0
68.0
12960.5
68.0
12523.0
11789.5
1893.0
5342.5
14268.0
9430.5
6122.0
5097.5
68.0
21334.0
1034.0
2950.5
2857.0
3635.5
2657.5
68.0
534.5
1429.0
8943.0
1503.5
68.0
6026.5
5963.0
8591.0
13464.0
8483.0
4098.5
4678.5
12904.5
828.5
8546.0
3071.5
3368.5
68.0
8283.0
25263.0
11959.0
10719.0
68.0
22391.5
25483.0
6843.5
9451.5
14769.0
438.5
4489.0
16856.0
68.0
22357.0
23145.0
29410.5
5963.0
18307.0
4768.0
12657.0
30304.5
13030.5
8308.5
13828.0
17381.0
8889.5
4042.5
21376.5
11530.0
458.0
29490.5
998.5
2796.5
30294.5
1218.5
23175.0
438.5
68.0
13740.0
21858.5
5659.0
20126.0
19670.0
14833.0
13436.0
13882.5
17393.0
16105.5
438.5
2729.5
28100.0
19160.0
13404.0
21362.5
11195.0
14263.0
12154.5
10296.0
1126.0
14325.5
2001.5
68.0
19431.0
4561.5
4457.5
9408.5
8593.5
5510.5
5406.5
5868.0
1404.5
4993.5
68.0
13892.5
943.5
6402.0
22518.5
10160.0
8766.0
31718.0
3972.0
0
11680.5
3167.5
3724.0
11320.5
2687.0
68.0
68.0
4401.0
29398.5
26788.5
68.0
9412.5
27723.5
14838.5
17649.5
68.0
17337.0
4132.0
7954.5
6840.0
1777.0
13679.0
15252.5
68.0
11208.5
14588.5
753.5
25466.0
7584.0
1427.0
15592.0
5016.5
15694.5
2164.5
13729.0
458.0
3615.0
68.0
21819.0
5975.0
68.0
9983.0
4075.5
8609.0
29933.0
8847.0
68.0
68.0
17973.5
16194.5
68.0
68.0
68.0
20610.5
31329.0
13555.0
809.0
1629.0
32174.0
10450.5
68.0
3222.5
22436.0
68.0
9754.5
0
7682.5
21028.0
16446.5
68.0
68.0
12031.0
18847.5
13330.0
9448.0
11649.0
6966.5
68.0
8.0
21296.5
24990.5
68.0
12835.0
17823.5
3208.0
3710.5
7573.0
20673.0
3932.0
12183.0
23698.0
68.0
20982.0
12454.0
3407.5
3965.0
1594.5
9315.0
3223.0
7567.5
14749.0
68.0
4485.0
68.0
8658.5
1350.5
68.0
7514.5
4748.5
5065.0
6363.0
68.0
1629.0
5469.0
68.0
1423.5
534.5
68.0
9491.5
2557.0
14849.5
7878.0
18876.0
5731.0
2481.5
7257.5
1794.0
68.0
20312.5
1126.0
3381.0
0
365.5
68.0
10325.5
5198.0
2929.0
6546.0
25966.0
14734.5
13505.0
68.0
17238.5
6770.5
0
5995.5
10101.5
13419.0
13403.5
1031.5
5022.0
4154.5
614.0
68.0
5181.0
10250.5
11692.0
12929.0
19668.5
9801.5
5247.5
7893.0
68.0
13647.0
68.0
68.0
2762.0
1317.5
14427.0
458.0
2408.5
8245.5
68.0
1109.0
11223.5
3991.0
3746.5
14803.5
6048.0
3578.5
13610.5
12024.0
68.0
19585.0
2220.5
18782.0
9432.0
68.0
67.5
18816.5
0
68.0
12234.5
1383.5
12512.0
4058.5
15244.0
1596.5
438.5
1199.5
11672.0
15620.5
17787.5
10720.5
2302.0
3803.0
10416.0
12593.5
20617.0
627.5
12164.5
6312.5
11168.0
1199.0
4190.0
8655.5
3080.0
3315.0
6373.5
6761.5
26268.5
12497.5
12534.5
11198.5
25413.5
68.0
6730.5
438.5
4415.5
68.0
736.0
12197.5
68.0
7132.5
4581.0
22833.0
14353.0
18410.0
68.0
14395.0
943.5
438.5
12790.0
12321.0
0
1628.5
8704.0
68.0
68.0
7177.5
1702.0
7141.5
1426.0
12587.0
7114.5
10268.0
13362.0
3900.0
2077.0
3250.0
68.0
5810.5
68.0
25985.0
6532.0
1421.5
8127.0
5946.5
68.0
14756.0
4039.5
1316.5
1406.5
4600.5
5346.5
16556.0
3595.0
524.0
24339.0
438.5
944.0
4131.0
11122.5
9451.5
68.0
2689.0
10565.0
3884.0
1496.5
4959.5
12248.0
3649.0
68.0
1036.0
6853.0
20826.5
24191.5
2096.5
1426.0
18272.5
2316.5
8015.0
10132.5
1704.5
31308.0
8983.0
2559.5
23188.0
7642.0
4614.5
68.0
5398.0
6783.5
68.0
11572.0
11759.5
3602.0
8574.0
1500.0
68.0
2074.5
10936.0
68.0
8.0
5168.5
1002.5
438.5
5488.0
68.0
68.0
13502.5
5058.0
15607.0
1406.5
9833.5
12460.0
7987.5
2810.5
3135.5
438.5
1777.0
68.0
1608.5
68.0
438.5
6924.5
828.5
17101.5
5673.5
3400.5
16374.0
68.0
13124.0
1218.5
19659.0
8600.0
7788.0
6733.5
438.5
163.0
24383.0
458.0
11540.5
18500.5
0
3203.0
17949.5
8760.0
22470.5
1925.5
13618.5
6235.5
1402.5
12940.0
8786.5
2077.0
13060.5
68.0
14770.0
646.0
20546.5
68.0
5163.5
2029.0
10315.0
8851.5
10777.5
8559.5
16933.0
29526.5
3637.0
10802.5
68.0
29514.0
7575.5
738.5
1034.0
3503.5
1128.5
10106.0
5885.0
17875.5
9994.0
68.0
2283.0
50.0
9426.5
3017.5
65.0
1405.0
10716.5
68.0
6421.0
4247.5
7704.0
23725.0
8541.5
68.0
68.0
4489.0
1406.5
1479.5
7274.0
7651.5
9853.5
68.0
2058.0
7586.5
68.0
68.0
153.5
68.0
26489.5
11626.5
12969.5
6069.0
10996.0
5866.5
926.5
11295.5
17099.5
8118.0
9959.5
28615.5
1404.0
68.0
2723.5
4566.0
9820.0
4078.5
8146.5
2447.5
68.0
0
68.0
3344.0
2238.0
2259.5
10689.0
68.0
68.0
14494.0
3915.5
25542.5
24793.5
15595.5
1778.5
68.0
11259.5
3860.0
68.0
18826.0
2282.0
28716.5
1516.0
68.0
12247.0
163.0
1477.5
68.0
68.0
13397.5
18766.0
4547.0
68.0
3115.5
3398.5
68.0
3728.0
68.0
23138.0
719.0
4990.0
68.0
1867.0
1814.0
5480.0
6338.5
2764.5
2255.0
22269.5
5756.5
5601.5
8.0
30352.5
26373.5
17109.0
22314.5
2826.0
4528.5
68.0
23715.5
5341.5
2745.5
2167.0
14543.5
68.0
7833.0
68.0
0
2720.0
68.0
5024.0
458.0
11614.0
2661.5
12159.0
2283.0
2319.5
3115.5
10658.0
1409.0
68.0
67.5
15877.5
2435.0
68.0
1106.5
8695.0
68.0
21229.0
68.0
8546.5
7644.0
9386.5
6903.0
16437.5
809.0
13078.5
2001.5
12013.5
68.0
7271.0
7634.5
26705.5
17242.0
29472.5
7301.0
1980.0
68.0
7138.0
8973.0
1589.0
29261.5
68.0
68.0
9374.5
13810.0
25314.5
14384.5
68.0
27834.5
68.0
68.0
438.5
2096.0
14460.0
11716.5
5433.5
2843.5
11817.0
8919.5
10767.0
68.0
438.5
5451.5
20035.5
68.0
68.0
68.0
14352.5
722.0
45.5
2286.5
12178.0
21902.0
27198.5
68.0
4846.5
23715.5
21857.5
68.0
12459.5
68.0
20617.5
26323.5
10086.5
15423.0
7334.5
9377.0
8381.0
15837.5
2750.0
14797.0
11131.5
68.0
68.0
68.0
8004.5
68.0
6545.0
9798.5
10566.0
68.0
6638.0
68.0
19433.5
11638.0
6699.5
1797.5
646.0
7923.0
1426.0
15007.0
25472.5
20064.5
68.0
6862.0
16877.5
6414.0
7558.5
17079.0
68.0
14059.0
13456.0
5419.5
2927.5
18764.0
438.5
21066.5
68.0
12128.5
1867.0
4183.0
6789.5
14885.5
4092.0
21000.5
68.0
5842.0
24555.5
23916.5
629.0
1464.5
3445.5
365.5
6903.0
9509.5
68.0
14802.0
68.0
6277.5
68.0
24141.5
29826.5
25395.0
1911.5
17753.5
7644.5
6469.0
1850.0
30321.5
9382.0
8040.5
4456.5
9489.0
9041.5
5624.5
68.0
68.0
19018.0
6860.5
6416.5
14137.0
0
68.0
14276.0
17041.5
27306.5
14647.5
10723.5
23158.0
4559.5
438.5
17466.0
4887.0
2743.0
458.0
15617.5
3576.0
5381.0
5832.5
10219.0
1055.0
68.0
13760.0
1594.5
10271.0
2845.5
29982.0
10946.0
11966.0
4468.5
68.0
19571.0
15091.5
20970.5
1889.0
68.0
3649.5
0
9340.0
4156.5
1334.0
1004.0
29196.5
68.0
21784.0
4690.5
1496.5
9859.0
7043.5
438.5
1404.5
7335.5
68.0
1611.5
13884.0
11150.5
68.0
4935.0
7578.0
6813.5
348.5
4791.0
1423.5
18295.5
3639.0
16786.5
14109.5
1703.0
3262.0
13998.0
23166.5
27182.0
4474.5
23662.0
68.0
6418.5
68.0
2450.0
3667.0
12040.0
8549.0
3027.0
9339.0
1760.5
12347.0
9020.5
4817.0
10844.0
4485.0
10803.0
68.0
6310.0
20218.5
23200.5
10623.5
22054.0
11577.0
5403.5
8143.0
68.0
7463.0
8734.5
68.0
25842.5
26282.0
9333.0
68.0
10458.5
14724.5
20181.0
6072.5
8227.0
12020.0
1889.0
10857.0
2349.5
9310.5
6808.0
17343.5
3225.5
6345.5
1597.5
5367.5
5970.0
68.0
68.0
9027.0
68.0
68.0
68.0
2910.5
1128.5
1436.0
458.0
4132.0
20035.0
68.0
10872.5
9860.5
27649.0
3090.5
13402.0
21376.5
6938.5
7012.0
11645.0
13901.0
163.0
19208.5
16389.5
68.0
14327.5
7294.5
2679.5
3135.0
18735.5
6865.5
2278.5
5425.5
30343.5
438.5
18705.5
12122.5
3983.5
5483.0
4061.0
6385.0
68.0
13944.0
17464.5
29483.5
11287.0
68.0
17890.0
3165.0
1019.0
12066.5
4081.0
23245.0
68.0
4936.0
68.0
1762.5
8048.0
68.0
11333.0
1597.5
31716.5
9357.0
2818.0
12097.0
8674.5
2053.0
1911.5
19538.0
12536.5
68.0
68.0
12559.0
24226.0
1406.5
18397.0
3600.5
68.0
6730.0
10033.0
1799.0
68.0
1886.5
23585.0
16147.0
7605.0
15615.5
4678.5
1036.0
25845.0
68.0
33196.0
10741.5
738.5
57.5
4248.0
68.0
2745.0
4135.5
1477.0
68.0
24265.5
3146.0
2596.5
0
28599.0
0
68.0
30772.0
7143.0
21215.0
0
68.0
22283.5
8594.0
3894.0
2371.5
524.0
16101.0
0
8033.0
3192.0
0
68.0
9012.0
6608.0
8535.0
12010.5
365.5
68.0
11636.5
25504.5
9831.5
8948.0
68.0
8035.0
6460.5
1984.5
10295.0
6239.0
12534.5
1419.0
5048.0
0
9082.5
68.0
19205.0
3319.5
15776.0
24153.0
3169.0
14807.5
2372.5
12564.5
68.0
25446.0
68.0
10674.5
3231.0
6292.5
68.0
9042.5
8009.0
68.0
33073.0
8298.0
24101.0
10279.5
68.0
6110.0
5546.0
960.5
13772.5
1803.0
24946.0
2670.0
3238.5
68.0
5841.0
2565.0
1886.5
1516.0
15999.5
5816.5
13135.0
68.0
0
0
16926.0
6177.0
8672.5
26529.0
13419.0
11990.0
68.0
30832.5
11675.0
1499.0
3295.0
7341.5
19949.0
9681.5
21064.5
15651.0
10732.5
2656.0
3686.5
4544.5
7184.0
2684.5
68.0
68.0
68.0
68.0
24630.0
23192.0
14907.5
11001.0
5882.0
68.0
458.0
12416.5
14496.5
68.0
28513.0
438.5
7011.5
14399.0
0
68.0
16968.0
0
8959.0
19831.0
32125.5
5460.5
2537.5
6874.5
3325.5
26136.5
7937.0
12006.5
21292.0
20950.5
8491.5
6719.5
4951.0
11854.5
16482.5
68.0
21434.0
8598.5
0
9466.5
9229.0
1796.5
4964.0
0
0
0
6273.0
10051.5
3341.5
3262.0
3320.0
68.0
9634.0
68.0
25492.5
10808.5
0
3732.5
0
8591.0
7684.0
23177.5
22399.0
5214.5
68.0
22307.5
646.0
2302.0
68.0
68.0
2238.0
10323.0
3132.5

18462.0
5051.5
8354.5
1496.5
1126.0
11665.0
6627.5
20667.0
8965.0
19129.0
7728.0
1089.5
4547.0
3325.0
5114.0
4558.0
3996.5
24174.0
9801.0
4505.5
3250.5
68.0
7795.5
17380.0
0
12199.5
68.0
2979.0
1869.5
68.0
17805.5
15814.0
1406.5
10260.0
29609.0
6705.0
5624.0
1109.0
27301.0
24706.0
3668.5
458.0
23795.0
7637.5
4027.5
26291.5
28856.5
16864.5
13627.0
6194.0
6078.0
9930.0
1124.5
1960.5
7286.0
5886.5
8094.5
4028.0
5858.0
6049.0
10226.0
10147.5
14062.0
4103.5
5552.5
68.0
26110.0
438.5
11456.0
68.0
438.5
7297.5
614.0
7884.0
68.0
15303.5
2669.0
68.0
1033.5
23602.0
33373.5
32472.0
5383.0
3181.5
1940.5
10379.0
68.0
18920.5
68.0
1218.5
28380.0
68.0
1516.0
13692.0
9055.0
68.0
3452.5
2391.5
24218.0
3750.5
3970.5
3203.5
26033.5
1036.0
40.5
3242.0
6722.0
1668.5
4078.0
12962.5
7136.5
13467.5
6682.0
1794.0
438.5
9461.5
29887.0
12982.5
26858.0
68.0
3060.0
9881.0
7773.0
5628.5
2286.5
68.0
45.5
10766.5
2481.5
11709.5
7583.0
18870.0
12940.0
68.0
27725.5
7228.5
8158.5
1019.5
0
4841.5
3225.5
5821.0
16079.5
68.0
9205.5
22797.5
11066.0
7831.5
1921.0
458.0
68.0
2343.5
4250.5
7441.5
7774.0
5770.5
9416.0
0
5902.5
1886.5
13504.5
68.0
23024.0
14275.5
18868.0
7008.5
8883.5
7349.0
5570.0
68.0
23660.5
3797.5
16717.0
11264.0
7906.0
17057.0
15199.5
5366.5
21078.5
26998.5
11880.0
9503.0
17054.5
10566.0
9914.5
14652.5
4910.0
14756.5
4473.0
5797.0
5397.0
6352.5
16564.0
3988.0
8202.0
20572.0
1404.0
4300.5
23287.0
5130.0
3618.5
68.0

5584.0
7141.5
5905.5
3144.0
1796.5
7564.5
2019.0
26796.5
4027.5
4838.0
8051.0
1496.5
13920.5
13270.5
3837.5
68.0
3671.0
15516.0
0
1387.0
4225.5
2524.0
4581.0
6027.5
12579.5
438.5
68.0
8481.5
1614.0
17546.5
163.0
3090.5
17186.0
68.0
12499.5
15327.5
8570.0
25304.0
68.0
68.0
7461.0
68.0
365.5
68.0
16230.5
1777.0
27522.5
16535.5
68.0
68.0
14888.5
27170.5
16682.0
21363.5
999.5
10753.0
13525.5
2128.0
9966.0
6678.0
923.5
68.0
5307.0
1889.0
458.0
4279.0
4056.0
6681.0
7201.0
68.0
7636.5
9429.5
9074.0
15219.5
4004.5
1886.5
4914.5
2370.0
6647.5
6978.5
6272.5
11897.5
1940.0
438.5
9562.0
20265.0
5022.0
12924.5
4128.0
1199.0
1224.5
10797.0
7242.0
1963.0
68.0
5825.0
68.0
27237.0
5565.0
11995.0
68.0
20505.5
14300.5
68.0
10707.5
4646.0
1408.5
992.5
4347.0
68.0
8068.5
11606.0
14420.0
68.0
1218.5
2687.0
68.0
23356.0
10139.0
8149.5
28595.0
925.0
10107.5
19251.0
68.0
6791.5
15904.5
68.0
13970.0
2853.0
16794.0
7741.5
68.0
29080.0
3201.5
6769.0
16717.5
2865.0
68.0
68.0
15220.5
4510.0
9113.5
10883.5
7306.0
68.0
11999.5
68.0
6397.5
5592.0
5327.5
12589.5
21447.0
11913.5
19996.5
25849.5
68.0
68.0
1033.5
1816.0
0
2111.0
68.0
8343.5
7677.0
5397.5
68.0
3693.0
3913.0
22125.0
8964.0
68.0
21623.0
1351.0
68.0
13475.5
14067.5
1870.0
68.0
5446.0
29.0
19490.5
6317.5
68.0
3540.0
68.0
68.0
4956.0
14949.5
1816.0
14402.0
68.0
11815.0
16621.5
7869.5
7753.0
22853.5
828.5
20582.0
438.5
2184.5
4150.0
1796.5
8534.0
6861.5
68.0
1406.5
5955.5
4968.5
68.0
13379.5
13773.5
5923.5
4600.5
3742.0
28062.0
12088.5
30763.0
11354.5
11156.0
10692.0
13069.5
12543.5
4045.0
6977.5
68.0
5853.0
4028.5
28158.0
13585.0
6595.5
9608.5
9060.0
5049.0
4673.0
12188.0
10262.5
10379.0
5456.5
24984.0
68.0
4058.5
3818.0
0
6329.0
3247.0
7640.0
2058.0
7994.0
54.0
15692.5
3671.0
10775.5
14349.5
68.0
11685.0
19741.5
68.0
5996.5
4212.5
10240.5
24607.0
1109.0
13971.5
5821.5
1517.0
4170.5
32100.5
68.0
23509.5
2356.0
4150.0
68.0
4045.0
12047.5
68.0
24525.0
68.0
14757.5
10817.5
23257.5
438.5
5307.5
10122.0
5237.0
809.5
12626.0
9478.0
68.0
2284.5
4445.0
2749.0
5061.0
5134.0
12557.5
3993.5
7315.0
68.0
15971.5
20488.5
2769.5
1948.0
1406.5
18328.5
828.5
10314.5
7123.5
7101.5
12599.0
8054.0
10888.0
14274.0
68.0
627.5
2316.5
68.0
20077.5
5484.5
13791.5
6693.5
15108.0
641.5
21918.5
3559.0
25065.5
19312.0
1614.0
19878.5
45.5
5936.0
2234.5
3247.5
3206.0
8505.0
2799.5
6204.5
68.0
3306.0
68.0
10842.0
7587.0
9991.0
9002.5
13056.0
9442.0
4934.5
1511.5
5804.5
68.0
16317.0
8076.5
14747.0
9504.5
11374.0
5256.0
22275.0
12533.0
68.0
6433.5
5547.0
9909.5
21826.0
68.0
68.0
7536.0
13474.5
9248.5
2374.5
67.5
68.0
10853.5
12984.5
10752.5
3727.5
5474.0
4149.0
7063.5
1016.5
5928.0
22294.0
25372.5
1017.5
2206.0
14944.5
1777.5
17044.0
13937.5
3285.5
7739.0
7686.0
68.0
13439.0
2167.0
3650.0
438.5
68.0
26240.5
2240.0
6776.5
1314.0
6824.0
7112.5
20222.0
68.0
1036.0
14246.0
7028.0
4033.5
1499.0
2726.5
1460.5
8945.0
8395.5
21433.0
68.0
2720.0
2349.5
5831.5
19357.0
828.5
15558.5
1019.0
68.0
5955.5
3693.5
27155.0
4078.0
27203.0
68.0
3649.0
3242.0
1423.5
40.5
1199.0
11580.0
8994.5
9854.0
30380.0
8442.0
8006.5
12607.5
5961.0
7626.0
8171.0
11847.5
1985.0
15130.5
10505.0
3186.5
1496.5
9867.5
3374.0
3026.0
13411.0
7156.0
8436.0
18743.5
23340.5
10781.0
21423.5
3703.0
3269.5
8192.0
7718.5
28085.0
21422.0
10358.5
3048.5
6386.5
1836.5
4305.5
8560.5
3523.0
68.0
2852.5
28975.5
3098.5
8518.5
11941.0
23585.5
9503.0
16173.5
438.5
12674.5
8642.5
14431.0
10117.0
5422.0
7650.5
20406.5
4100.0
30900.5
4975.0
19679.5
1785.0
27234.5
68.0
24119.5
6498.0
2299.0
26378.0
10732.0
443.5
1831.0
8910.5
68.0
12659.0
3622.0
29589.0
12585.0
3739.0
68.0
22785.5
2821.0
11648.0
68.0
15129.5
5835.0
0
9859.0
1514.0
68.0
9632.5
5918.5
8510.5
438.5
4909.0
68.0
2815.5
10773.5
28384.5
12087.5
3225.0
3786.5
68.0
29490.0
26711.5
2905.5

7351.0
28040.5
13902.5
1704.0
16980.5
8083.5
8366.0
32767.0
1648.5
11929.0
0
68.0
17056.5
5511.0
9500.5
17229.5
24109.5
10825.0
438.5
4947.5
30220.0
9871.5
1424.0
1126.0
520.5
2018.5
12989.0
0
8545.0
2310.5
4247.0
13787.0
9020.5
4429.0
8498.5
12091.0
4763.5
9591.0
68.0
29118.5
1614.0
17313.0
1518.5
2077.5
3727.5
458.0
16211.0
3317.5
15645.0
5508.0
163.0
1238.0
14698.5
10813.5
892.5
18351.5
13504.0
8146.0
6793.5
68.0
12552.5
4163.0
8758.0
14646.0
8746.5
9635.0
4529.0
14938.5
68.0
68.0
8447.5
29966.0
2406.5
1867.0
11558.0
6392.5
3184.0
1813.5
68.0
4821.5
983.0
68.0
5422.5
12592.5
21089.5
2111.0
7828.0
15790.5
8200.0
18852.0
4077.0
68.0
5036.0
3356.5
68.0
68.0
1238.0
5432.0
4603.0
5939.0
2115.0
1553.0
20074.0
6228.0
1406.5
16589.5
2394.5
15857.5
68.0
68.0
17453.5
12688.0
15649.5
1333.5
3317.5
68.0
32045.5
9565.0
68.0
3595.5
68.0
68.0
4765.5
3636.5
2374.5
2725.5
2903.5
68.0
68.0
4496.0
9878.5
0
68.0
7495.0
629.0
458.0
19201.0
68.0
68.0
14073.5
11612.5
15658.0
6698.0
4044.5
12990.5
2701.0
10407.5
809.0
30453.0
2472.0
0
26651.0
13418.5
7581.0
4564.0
3989.5
1423.5
13939.5
2816.0
27315.0
19827.0
20833.5
438.5
3465.0
28136.5
17365.5
1218.5
68.0
4191.0
1979.0
9834.5
23305.5
14584.0
7859.5
68.0
9540.5
4483.0
5133.5
6065.0
4710.0
5362.5
60.5
19223.0
12994.5
12334.5
12976.5
12590.0
2576.5
719.0
12141.5
18213.0
30360.0
22284.5
7134.0
14952.0
68.0
8676.5
537.5
1479.5
7157.0
7625.0
2074.5
32038.5
2349.5
15968.0
7751.0
3225.0
2761.0
6333.0
6806.5
68.0
9806.5
68.0
13420.5
17586.0
68.0
3276.5
3609.5
21816.5
8135.0
438.5
5350.0
2257.0
3786.0
68.0
1426.0
10760.0
68.0
4228.0
5711.5
68.0
27815.5
3427.0
27245.5
25208.5
2669.0
419.5
12959.0
2442.5
2620.5
6684.0
27648.5
1218.5
9059.5
6490.5
11731.5
68.0
0
67.5
13099.0
3244.5
1966.0
68.0
23356.0
3602.5
3324.0
2352.5
646.0
8083.0
4253.5
15277.5
15722.5
9494.0
68.0
68.0
10919.0
8014.0
4124.0
1796.5
14432.0
22347.5
17107.0
7709.0
21519.5
11257.5
7375.5
30333.0
7196.0
3155.0
1802.0
3577.0
1892.0
3857.5
28866.5
3859.5
5118.0
8140.0
23656.5
15161.0
8135.5
2111.5
1219.5
3225.0
7073.5
4542.0
7621.5
16490.0
3595.5
68.0
1126.0
5551.0
9477.5
68.0
5333.0
68.0
0
4896.5
738.5
6832.5
4699.0
5807.0
1806.5
13118.0
2855.0
4525.0
68.0
458.0
1199.0
13419.5
6248.5
16366.5
534.5
4118.5
10657.5
8279.0
738.5

21353.0
68.0
8996.0
68.0
16386.0
3991.5
17383.5
8906.0
68.0
3839.5
11675.5
8622.5
2311.0
12611.5
4587.0
1477.5
7188.5
6123.0
11222.0
68.0
2853.5
2670.0
2279.0
8301.0
153.5
68.0
20119.5
7201.5
7952.0
2763.0
14959.0
903.5
2286.5
8990.0
15265.0
3119.0
68.0
13038.5
68.0
68.0
5008.0
1570.0
7251.0
4701.0
3835.0
68.0
1107.0
9884.0
3911.0
0
11148.0
20445.5
458.0
4819.0
3980.5
8676.5
6314.0
15741.0
1813.5
9123.0
68.0
68.0
68.0
7666.0
1777.0
4491.0
17170.0
68.0
12923.0
1889.0
8742.0
30410.0
6860.0
68.0
910.0
627.5
943.5
68.0
10858.5
21234.5
1499.0
925.0
12126.0
31256.5
10756.5
5528.0
7261.0
7051.0
3224.5
68.0
4614.0
438.5
20455.0
9845.5
8532.0
5047.0
67.5
1233.0
2072.5
20125.0
28180.0
5043.5
3688.0
17944.5
19289.5
2249.0
16859.5
18018.0
16586.0
4968.5
15605.5
4904.5
8937.0
7127.5
1107.0
68.0
4026.0
3691.0
2669.5
3242.5
7735.5
68.0
1036.0
68.0
3884.5
1477.5
12897.0
2842.0
9037.0
10794.0
1406.5
15481.0
6786.5
14520.5
4729.5
7718.0
68.0
15666.0
5504.5
452.0
68.0
68.0
9023.5
18447.0
2167.0
5911.5
20810.5
2869.5
1998.5
21618.0
68.0
1813.5
4453.0
15616.5
14371.0
11239.5
6224.5
1569.5
700.0
9512.0
28344.0
68.0
1886.5
0
27726.5
68.0
534.5
2670.5
8611.0
3252.5
17565.5
3557.0
12495.5
68.0
13000.5
24627.0
5888.0
22977.5
68.0
22381.5
14436.5
68.0
16009.5
14008.5
4077.0
2465.0
5117.5
9180.0
14330.0
29462.5
8384.0
16223.0
68.0
26857.5
68.0
22946.0
1867.0
8518.5
14998.5
2835.0
2767.0
11139.5
29403.0
28735.5
28283.5
11778.0
68.0
1886.5
8262.0
1850.5
26890.0
1222.5
5700.0
68.0
23624.0
11691.5
0
6697.5
27199.0
2257.0
3130.5
6474.5
9727.5
16995.5
68.0
3206.0
348.5
68.0
16093.0
4174.0
22331.0
4471.0
533.5
4580.0
68.0
68.0
18185.0
68.0
3247.0
9954.0
2276.5
16548.5
2537.5
4063.5
8100.0
17011.0
12037.5
14295.0
1497.0
9369.0
68.0
14354.5
17907.0
26372.5
6909.5
68.0
8510.0
1675.0
1784.0
6270.5
68.0
6509.5
8436.5
7909.5
1406.5
15640.0
68.0
1126.0
9880.0
10554.0
6361.0
10282.5
16225.0
68.0
5956.0
68.0
10440.5
21513.5
3315.0
2149.0
18792.5
4186.5
68.0
19114.5
9170.0
68.0
12654.0
7626.5
6922.0
20570.0
68.0
68.0
13353.5
68.0
3133.0
12906.5
23216.5
1406.5
1906.0
1882.0
10057.5
68.0
6461.5
16009.5
6234.0
17130.0
31099.5
3500.0
14871.0
32027.0
5156.5
1036.0
12026.0
26715.5
14641.5
68.0
19767.5
11744.0
68.0
1959.5
3615.0
1477.0
2276.5
163.0
7556.5
9934.0
30946.0
5033.0
14784.5
1126.0
24398.5
10916.0
68.0
68.0
68.0
6707.5
13808.5
1036.0
1794.0
68.0
15206.5
6460.0
22163.0
68.0
438.5
6756.5
3635.5
1124.0
68.0
26528.0
1129.5
68.0
13075.0
5525.5
4097.5

944.5
9894.0
458.0
8554.0
3617.5
3674.0
6752.5
23292.0
19445.0
68.0
5925.0
27096.5
521.0
7109.0
68.0
6906.0
19202.5
22883.0
10264.0
68.0
10384.5
11418.5
68.0
68.0
68.0
5449.0
7817.0
68.0
16387.5
5099.5
1477.0
3929.5
17339.5
6880.5
4941.0
68.0
13978.0
21501.0
6234.5
2768.0
12539.0
5820.5
68.0
1611.5
1516.0
4931.0
3610.5
438.5
5029.0
5438.0
22788.5
1985.5
68.0
3234.0
17432.5
18420.0
68.0
14271.5
14796.5
3686.0
2521.0
68.0
4639.5
21425.0
3949.0
943.5
1496.5
17144.0
68.0
5032.0
27571.0
1036.0
7788.0
68.0
12089.0
15582.0
1809.0
5403.0
13472.5
4544.0
11171.0
17576.0
0
17036.0
7537.0
68.0
68.0
21357.0
663.5
8073.0
2226.5
32575.5
3217.0
257.0
11240.0
0
3645.5
10169.5
15610.0
15765.0
13098.0
11359.0
458.0
23102.5
9871.0
68.0
1848.0
17314.5
6696.5
7875.5
68.0
1051.0
18896.5
3715.0
68.0
20027.0
23355.0
15661.5
7842.5
68.0
821.5
68.0
1295.5
438.5
8367.5
19681.0
3685.5
2649.5
5270.5
4279.0
2660.0
7640.5
17699.5
4541.5
9118.0
26333.5
1897.0
0
68.0
831.0
24082.5
68.0
13529.0
7709.0
7693.5
719.0
12015.5
18751.0
9428.0
5458.5
7638.0
8145.5
11546.5
7105.0
19584.5
6870.5
11391.0
6665.5
1377.5
7354.0
5832.0
15582.0
2148.0
6189.0
4950.0
1109.0
22323.5
9933.5
15232.5
29663.5
20839.0
9083.5
2813.5
15493.0
11213.0
2739.5
5802.0
68.0
24559.0
2707.5
1982.0
12136.5
68.0
10695.5
20920.0
2984.5
68.0
24634.0
6320.0
68.0
1499.0
9593.0
68.0
26687.5
7284.0
10430.5
6359.0
2184.0
8058.0
33387.0
28142.5
4917.0
1390.0
2841.5
2350.0
13454.0
22721.0
1424.0
1416.5
2349.5
1409.0
14740.0
68.0
12026.5
68.0
1389.5
5852.5
68.0
646.0
3118.0
19624.5
4731.0
2349.5
4321.5
11548.0
68.0
3652.0
5881.5
4530.0
12944.5
68.0
12546.0
5938.5
9128.0
8950.0
31680.5
3726.0
68.0
10344.5
23228.5
4490.5
68.0
25623.0
15969.5
438.5
8046.5
16124.5
68.0
68.0
1777.0
24823.5
15288.0
16423.0
27195.0
14729.5
1685.5
6591.0
26836.5
2075.5
13053.5
9123.5
5125.0
68.0
3688.0
68.0
68.0
3593.5
458.0
26350.5
1499.0
7023.0
7151.0
16302.5
20360.5
7468.0
23355.5
6272.0
12567.0
24966.0
4183.0
9559.5
26567.0
27280.0
6657.0
4570.5
5040.0
1036.0
68.0
438.5
28181.5
1935.5
20857.5
11800.5
10472.5
6941.5
3690.5
6865.0
9576.0
11434.0
12510.5
68.0
23262.5
8917.5
8716.5
16179.0
5986.5
3276.5
7263.0
1834.0
2276.5
1143.5
1109.0
13497.0
9750.0
4490.5
22557.0
5490.5
488.0
68.0
8013.0
6811.0
12521.5
16756.5
6882.0
4899.0
68.0
4898.5
68.0
15543.0
1493.0
2739.5
6818.0
68.0
68.0
14403.5
26775.5
11048.5
68.0
14381.0
1886.5
10205.0
1867.0
6742.0
3634.5
1779.0
1034.0
12961.5
8091.5
9068.0
68.0
22292.5
68.0
4439.0
13024.0
9961.5
5114.5
17055.0
5207.0
5078.5
173.0
1813.5
3205.5
68.0
68.0
2375.0
444.0
1757.5
7260.5
4050.5
19830.5
2630.0
1381.0
18281.5
5377.5
21872.5
68.0
68.0
1499.0
68.0
1799.0
10859.0
15444.5
6979.5
9817.5
6692.5
16593.0
1516.0
68.0
438.5
68.0
28978.0
18035.5
1514.0
68.0
3316.5
153.5
3368.5
3247.5
14402.5
0
4020.0
16877.0
15358.0
25131.5
1033.5
7039.0
738.5
20647.5
6476.0
5159.5
1016.5
4534.5
0
11976.0
1959.5
13453.0
21889.5
12477.0
18765.0
1480.0
5288.0
14270.5
8086.0
68.0
14274.0
17764.5
5468.0
2515.5
9407.5
14428.0
9479.5
0
27685.0
8106.5
8398.0
26329.5
15334.0
1906.0
3113.0
10224.5
17318.5
5039.0
68.0
23895.0
6256.5
4455.0
1241.0
21126.5
6774.5
68.0
24201.5
68.0
4129.5
5089.0
1034.0
1811.5
3618.0
1051.0
1016.5
5588.5
755.5
2966.5
16232.5
15900.5
16038.0
16053.5
25022.5
3363.0
9389.5
10796.0
26377.0
5419.0
26569.0
68.0
68.0
5899.5
5066.0
2745.0
22799.5
3856.0
26877.0
6231.5
9003.5
68.0
68.0
10946.5
1499.0
2372.0
6005.5
1589.0
16930.0
16347.5
5024.0
11019.0
20171.0
11377.5
12270.5
17232.5
3291.0
9083.5
8964.0
10417.0
68.0
11478.0
3578.0
68.0
1017.5
2548.5
3045.0
2280.5
57.5
22752.0
21814.5
2374.5
7610.0
438.5
17049.5
25182.0
1802.5
13046.5
2276.5
17775.0
68.0
438.5
0
1865.5
68.0
458.0
8012.5
9894.0
6017.5
6385.5
5413.0
68.0
10310.5
458.0
7677.5
6457.5
1106.5
13895.0
3107.0
8559.0
20039.5
10056.5
17769.5
12495.0
2324.0
8976.5
14784.0
6055.0
8047.5
1378.5
20145.5
1015.0
68.0
5510.0
12052.0
627.5
438.5
20683.0
68.0

68.0
438.5
4912.5
68.0
8485.5
5037.0
68.0
68.0
2748.5
1036.0
2739.5
68.0
68.0
7567.0
3501.0
67.5
24149.5
5484.0
68.0
11188.5
365.5
17493.5
68.0
68.0
68.0
1813.5
9506.5
1106.5
6778.5
1811.5
4962.5
7684.0
68.0
8527.0
24015.0
2627.5
4744.0
12205.0
10478.5
738.5
3657.5
19216.0
68.0
5475.5
1479.5
15815.5
12714.5
2296.5
16861.0
1387.0
7585.0
2891.0
68.0
68.0
21960.5
8105.5
68.0
19773.0
1404.0
4044.5
3315.5
68.0
3167.0
68.0
22772.5
27327.5
15134.5
8038.0
6875.5
1799.5
4894.5
6917.0
68.0
7532.5
6396.0
15323.5
9766.0
5024.0
26260.0
11150.0
11344.5
3663.0
11118.0
23161.5
68.0
20405.5
7792.5
21813.5
26348.5
28223.0
5779.5
5417.0
13389.0
17520.0
1911.5
5316.5
13328.0
13036.0
68.0
2265.0
736.0
14192.5
11138.0
68.0
8990.5
3212.5
68.0
68.0
4773.5
3544.0
68.0
13348.5
11174.5
11305.0
13246.0
5691.5
16353.0
5337.0
68.0
1004.0
31163.0
15612.0
1479.5
11728.0
11233.0
8469.0
8633.5
68.0
32472.5
68.0
3324.5
3983.0
7235.0
68.0
4078.0
10326.0
29827.0
5815.5
15614.5
2292.0
5332.0
7159.5
17972.0
19173.0
5873.5
2707.0
646.0
8186.5
4037.5
5116.5
68.0
2310.5
24929.0
5212.5
9361.5
2299.0
7706.5
5117.5
438.5
6940.5
32034.0
20237.0
16882.5
4580.5
10948.5
11579.5
20598.5
4096.0
0
11191.5
7374.5
15238.0
2986.0
1416.0
68.0
18840.0
7338.0
5064.5
8728.0
1611.5
22460.0
0
3135.0
68.0
7484.0
7839.5
2237.5
6459.5
0
2074.5
6805.0
2799.5
0
0
8500.5
30042.0
2276.5
5123.5
2276.5
0
3713.0
0
68.0
2693.5
627.5
753.5
68.0
21093.0
1036.0
8542.0
68.0
3208.0
1033.5
26060.0
50.0
68.0
8109.0
0
68.0
68.0
5274.0
11617.5
18714.0
4469.5
25226.5
8099.5
5292.0
9361.5
9070.5
5845.5
4281.0
68.0
6758.5
8051.0
2947.5
6689.0
28176.0
6394.5
6215.5
68.0
5976.5
16580.5
68.0
9261.0
0
458.0
20004.0
1899.5
2951.0
17820.5
23763.0
0
9887.0
22703.5
2184.0
17400.5
0
15655.0
10836.0
68.0
2406.5
4171.5
6418.5
7962.0
17908.0
68.0
19985.5
1314.0
68.0
6354.5
11420.5
173.0

2352.0
4356.0
10245.0
11155.5
15801.5
4525.5
5524.0
14868.0
5791.0
1426.0
848.0
5415.0
4174.5
458.0
68.0
1192.5
68.0
68.0
23296.5
7423.5
68.0
22555.5
1926.5
0
12008.0
2689.5
0
8255.0
627.5
6502.0
5616.5
24561.5
7743.0
0
2839.5
3985.5
2981.0
19667.0
1788.0
11586.0
2354.5
18745.5
68.0
19688.0
68.0
68.0
3199.5
68.0
10784.5
16769.5
4912.5
68.0
4062.5
3715.5
9149.0
7477.5
6376.0
4603.0
19577.5
20009.5
21447.5
2726.0
6396.0
6373.5
11378.5
3761.0
2770.5
9349.0
4572.0
4045.0
17626.0
21730.5
3307.0
68.0
5970.0
8674.5
20751.0
5047.0
30371.0
8524.5
9478.0
6254.5
26387.0
4083.0
2854.5
68.0
1016.5
18293.5
7255.5
32148.0
5532.0
12118.0
2261.0
1128.5
153.5
6854.5
5360.5
14226.5
15739.5
68.0
32667.5
2933.5
3593.5
8969.0
1492.0
11569.5
5046.5
21398.5
2296.0
20521.5
68.0
22835.5
3300.5
68.0
4934.5
1218.5
1886.5
7974.5
11139.5
29053.0
27116.5
1019.0
54.0
7605.5
20934.0
68.0
9970.5
29277.5
26887.5
458.0
8505.0
15679.0
1876.5
10676.5
20228.5
2237.5
2927.5
2428.5
15153.0
68.0
7712.0
4007.5
997.5
11330.0
10705.5
5600.0
68.0
14107.5
7233.0
19329.5
5819.0
68.0
68.0
68.0
68.0
9430.0
27430.5
2355.0
4076.0
18236.5
16151.5
3576.5
5385.5
68.0
8917.5
4040.5
68.0
8504.0
1847.5
68.0
5188.5
6790.5
68.0
1867.0
7982.0
6385.5
9200.0
12130.0
2931.5
5120.0
13658.0
68.0
16181.0
1036.0
2964.0
438.5
68.0
4155.5
20950.5
4752.0
68.0
1869.5
68.0
21814.0
4130.0
4154.5
8142.5
2869.5
9154.0
68.0
5030.5
7505.0
11218.0
68.0

3993.5
5002.0
6346.5
68.0
1278.0
65.0
1053.0
7323.0
7364.5
77.5
12527.0
19887.0
68.0
1331.5
961.0
8906.0
3994.0
2355.0
22891.0
15597.0
7129.5
12309.0
4230.0
5061.0
1499.0
6337.5
3527.5
15275.5
1496.5
27573.0
24941.5
9948.0
2535.0
20107.0
68.0
6240.0
755.5
7712.0
5864.5
1886.5
12990.5
6026.0
5013.0
68.0
2240.0
68.0
7625.0
458.0
68.0
68.0
22568.0
1889.0
9765.5
7722.5
9814.0
2370.0
5658.0
4982.5
17454.0
438.5
1138.5
533.5
10866.0
19146.5
68.0
68.0
1794.5
612.5
4191.0
1426.0
5034.5
4485.5
1794.0
5854.0
3156.0
6302.0
16684.5
1685.0
68.0
271.0
68.0
35.0
3240.0
7143.0
12135.5
6295.5
14515.5
68.0
10525.5
68.0
6390.5
29827.5
5450.5
19397.0
12666.5
12836.5
15249.0
2710.0
15747.5
1051.0
1521.5
2779.0
5492.0
458.0
20511.5
3559.5
2244.5
6830.5
1111.5
8963.0
10744.0
5612.5
2762.0
5353.5
0
5484.5
68.0
3208.5
5440.0
6716.5
7648.0
3412.5
1426.0
17133.0
163.0
20103.0
3138.0
7567.0
2235.0
30007.5
2355.5
458.0
7682.5
68.0
27875.0
8695.0
7121.0
1128.5
30452.5
8631.5
3420.0
1016.5
7607.0
68.0
3356.5
3552.0
68.0
6419.5
1889.0
68.0
4271.0
7296.0
11633.5
68.0
15281.0
1509.5
3113.5
7071.0
7199.5
1889.0
6826.5
8931.0
6739.0
2947.0
68.0
2330.0
21016.0
3237.5
22084.5
1426.0
7424.5
21786.5
30993.5
19223.5
13054.5
68.0
1036.0
9501.0
4582.5
2576.5
10903.0
4322.0
68.0
1126.0
6362.5
3837.5
5908.5
9995.0
736.0
13835.5
12309.0
925.0
19763.0
68.0
14394.5
68.0
2835.5
50.0
5487.5
755.5
68.0
10716.0
2726.0
10711.0
7048.5
11662.5
13046.0
3582.5
5510.5
9936.0
68.0
3811.0
9851.5
1704.0
68.0
3123.0
2021.0
1109.0
3150.0
68.0
2742.5
8139.5
7050.5
11395.0
31661.0
14457.0
2240.0
8149.5
925.0
10396.0
68.0
5357.5
11295.0
14762.0
2411.0
3822.5
828.5
1126.0
755.5
9803.0
10797.5
17964.5
68.0
50.0
50.0
1970.0
27178.0
12768.5
1109.0
8581.0
5406.0
14342.0
18082.5
7576.0
8803.5
68.0
5049.5
6347.0
647.0
6534.5
5202.0
27379.5
809.0
5827.0
4556.5
2447.5
9116.5
5775.5
1496.5
68.0
17061.5
5469.0
12565.5
3693.5
7006.5
15605.5
13826.0
2094.0
13955.5
68.0
11117.0
25560.0
931.0
11321.0
1779.5
8310.5
3577.0
68.0
15063.0
14327.0
8934.5
646.0
30685.5
16337.0
68.0
10444.5
68.0
1199.0
3218.5
15623.0
7215.5
3671.5
1516.0
45.5
28740.0
23767.5
68.0
68.0
23505.0
2518.5
1910.0
18426.0
3190.0
35.0
612.5
68.0
20149.0
20101.0
1225.0
68.0
1611.5
4929.5
9917.0
20141.0
23218.5
68.0
40.5
26357.5
68.0
3001.0
68.0
24104.0
3247.0
11419.0
13486.0
27193.0
12101.0
1421.5
5064.5
19771.5
13870.5
11033.0
16294.0
2980.0
68.0
13078.5
5007.5
3094.0
1589.0
15319.5
6574.5
14969.5
10136.5
6438.5
68.0
8305.5
1799.0
28905.5
2557.0
68.0
4890.0
11005.5
25230.0
2353.0
454.5
68.0
3343.0
3820.0
5952.5
68.0
6440.5
1321.0
3212.0
18876.0
12019.5
7239.0
5470.5
1406.5
27754.0
68.0
16977.5
646.0
33104.5
4469.0
3578.0
68.0
1584.5
2074.5
2237.5
736.0
5858.0
3604.5
2350.0
1496.5
16212.0
5956.0
7227.5
4957.0
22358.5
20968.0
9405.5
13078.5
1499.0
944.0
11150.5
2801.5
2504.0
18973.0
14713.0
26403.0
11167.0
3895.5
16877.0
12032.0
13427.5
10785.0
29.0
21346.0
21925.0
6085.0
4210.0
3579.0
438.5
68.0
8554.5
1777.0
1479.5
7269.5
5919.5
622.5
1477.0
9725.0
9681.0
23144.0
5576.0
2094.0
6531.0
6677.5
738.5
8070.0
68.0
6770.0
438.5
2128.5
12158.5
12170.5
1869.5
9862.5
10315.0
998.0
68.0
68.0
12899.0
5994.5
7716.0
68.0
8559.0
2645.0
25054.0
15076.0
5840.5
1425.5
50.0
1640.0
7601.0
68.0
10815.0
40.5
828.5
6867.0
68.0
50.0
3520.0
12485.0
5609.0
9461.5
68.0
4532.0
68.0
3605.0
9799.0
8550.0
7634.5
23257.0
23150.5
30270.5
68.0
68.0
5841.0
7197.5
18890.0
6286.0
68.0
2767.0
6230.5
68.0
68.0
7613.5
8951.0
19519.5
7271.5
2554.5
5782.5
68.0
6999.5
29853.5
8986.5
68.0
3410.0
68.0
68.0
11384.0
24148.5
4538.5
8889.0
4670.5
68.0

33848.0
0
17081.0
2705.5
8109.0
12866.0
2726.0
68.0
13521.5
828.5
10305.5
7941.0
13368.0
29073.5
5188.5
13386.0
25853.5
1777.5
4917.5
10757.5
68.0
5860.0
68.0
4090.0
1998.5
4954.0
17411.0
68.0
22765.0
26199.5
15907.0
28064.5
68.0
4041.5
0
3279.0
13485.0
3240.0
10525.0
13844.0
16580.5
3730.0
1340.5
2799.0
1704.0
5436.5
68.0
1906.0
15980.0
68.0
3703.0
1869.5
10224.5
68.0
3264.5
0
12463.5
14671.5
5823.5
5868.0
2428.0
1867.5
68.0
18013.5
23799.0
6275.0
1176.5
0
11843.0
9672.0
19093.0
4179.0
24015.0
11258.5
4133.0
18321.0
1827.5
68.0
13497.5
26923.0
26262.5
477.5
4912.5
68.0
6320.5
2700.5
25933.5
1779.5
1051.0
4010.5
4581.5
5576.5
6516.5
3666.5
19580.5
7171.5
19168.0
68.0
18124.0
2811.5
68.0
15275.0
2911.5
3570.5
17977.0
736.0
21909.0
6209.0
629.0
24694.0
68.0
68.0
68.0
23374.5
9155.0
11152.0
1477.0
12089.0
21029.0
23636.0
14217.0
68.0
10347.0
12983.5
18368.0
4214.5
6446.0
6736.0
5429.5
6386.5
2693.5
68.0
5402.5
9835.0
7253.0
1409.0
4011.5
30431.0
68.0
45.5
12595.0
8544.0
5634.5
9510.0
19506.5
438.5
1477.5
21133.5
12062.0
13863.0
2447.5
9645.0
14844.0
4528.0
9474.0
30919.5
3124.0
438.5
68.0
40.5
31219.0
4000.5
11589.5
1886.5
10761.0
1999.5
6292.0
68.0
458.0
23152.5
68.0
27727.5
1036.0
23651.5
6075.0
438.5
54.0
543.5
5855.0
13994.5
5591.0
68.0
8668.0
3227.5
1126.0
1477.0
24227.0
1128.5
30366.0
10705.5
8518.0
20997.5
68.0
5
4452.0
68.0
2318.5
4846.0
17423.0
3244.5
9775.0
25914.0
25478.5
8475.0
908.5
1334.0
11383.0
1426.0
16080.0
21621.5
68.0
12031.5
7824.0
15738.5
4603.5
2374.5
21608.5
1496.5
20581.0
68.0
22.5
6258.0
68.0
8581.5
4452.5
629.0
11209.5
4339.5
10734.0
28562.0
11569.5
8080.0
35.0
12094.5
1538.5
68.0
68.0
2720.0
455.0
2487.0
5493.0
2854.5
28742.5
12154.5
4451.0
1612.5
4067.0
12933.5
8562.5
4468.5
1813.5
4504.5
7194.5
19613.0
24449.0
12059.5
68.0
3595.5
3079.5
7053.0
8388.5
365.5
11112.5
2360.0
17025.0
8095.5
8074.5
6769.5
20345.5
68.0
10151.0
68.0
6864.0
2372.5
2979.0
1779.5
8916.5
4123.5
0
10449.0
3636.0
16742.0
1387.0
18310.5
45.5
6713.5
2279.0
3826.0
4544.5
13781.5
6726.5
3427.5
719.0
27661.0
68.0
3467.5
19623.5
13455.5
9931.0
68.0
9835.0
23267.5
9736.5
14484.0
9557.5
9964.0
828.5
4069.5
13478.5
5997.0
646.0
6541.0
26374.0
10895.5
10558.5
68.0
7207.5
68.0
5063.0
22244.0
28721.0
7677.5
11608.5
22464.0
2176.5
163.0
4932.5
6565.0
68.0
6899.0
20528.5
68.0
2226.5
26863.0
6809.5
8090.0
7065.0
533.5
2299.0
438.5
16048.0
3212.5
68.0
1907.0
4266.0
4151.0
458.0
3337.0
7191.5
3735.5
21373.0
1516.0
1126.0
15281.5
21802.5
17894.0
738.5
5818.5
21010.5
21365.5
5229.0
2092.0
10016.0
27187.5
6294.5
9874.0
16565.5
14710.5
4037.0
12561.0
641.5
8158.5
29065.5
9916.5
5477.5
8518.5
903.0
7960.5
68.0
68.0
7252.5
1406.5
5052.5
22242.5
68.0
2760.0
28157.5
68.0
7083.5
68.0
438.5

68.0
6753.0
3223.5
7232.5
68.0
8524.0
22648.5
12316.5
944.0
944.0
6125.5
12664.0
1199.5
18407.5
10408.0
9911.0
10006.0
12067.0
943.5
4580.5
7822.0
2259.5
20118.0
6724.0
17059.0
68.0
848.0
1798.5
7581.5
7140.5
68.0
7715.0
15387.0
6670.0
4100.5
14443.0
5810.5
3686.5
23725.0
8130.0
3371.0
9871.0
6709.5
4179.5
68.0
17755.5
11304.0
24634.0
24788.5
6307.0
1016.5
16943.0
2240.0
4792.0
28133.5
3188.5
7716.5
646.0
12754.0
9904.5
68.0
23736.5
5046.0
3281.0
68.0
4750.0
21458.0
68.0
30686.0
12566.5
9878.5
4728.0
18280.5
10503.5
1886.5
12512.5
1817.0
7218.0
7309.5
68.0
68.0
3433.5
2771.0
9475.5
68.0
68.0
458.0
12295.5
2821.0
13936.5
23709.0
11658.0
12046.0
5563.5
68.0
9292.5
32619.0
0
68.0
2743.0
8728.0
1004.0
1106.5
68.0
6642.0
13466.0
9602.0
68.0
2838.5
8951.5
29851.5
6766.5
15326.0
68.0
68.0
5
68.0
4897.5
11521.5
3891.5
17567.0
828.5
11612.5
17017.5
45.5
4726.5
68.0
68.0
8042.0
828.5
4755.0
21523.5
68.0
438.5
1016.5
438.5
7603.5
6755.0
16734.0
16181.0
68.0
13456.5
68.0
8816.0
1016.5
68.0
68.0
5052.5
29652.0
1218.5
1479.5
2462.0
68.0
14788.0
68.0
15276.5
9300.0
68.0
13716.5
8068.0
19365.5
3917.5
13146.5
1631.0
17282.0
24089.0
16821.5
13376.5
68.0
10934.0
1496.5
9385.0
68.0
16157.0
68.0
5528.5
5993.0
1516.0
68.0
1867.5
31054.5
13025.5
3042.5
8640.5
10434.5
7443.5
68.0
9867.5
3731.0
961.0
68.0
10920.0
30409.0
9876.5
68.0
2872.5
31589.5
3710.0
8244.0
2259.5
15922.5
3131.0
5434.5
8595.5
5868.0
4920.5
5050.5
1794.0
68.0
719.0
4645.0
1867.0
25008.5
10364.0
17392.5
32498.0
2758.0
4041.5
1706.5
13883.0
19091.5
19535.0
3823.0
8784.5
68.0
5463.5
68.0
68.0
68.0
1496.5
3746.5
3149.0
6273.0
21113.5
68.0
14302.0
68.0
4211.5
67.5
28325.5
7367.5
10278.0
3287.5
8516.5
20279.5
6251.5
11527.0
9554.0
13145.5
6162.0
9876.0
5867.0
3688.5
16500.5
6155.5
6894.5
3160.5
14151.5
458.0
6099.5
68.0
3593.0
348.5
1389.5
809.0
1904.0
2713.5
1813.5
11143.5
627.5
68.0
68.0
5897.0
68.0
15250.0
12005.0
15675.0
26873.0
68.0
68.0
18280.0
6455.0
12932.0
19665.5
15267.0
1496.5
0
458.0
2797.0
14794.0
21831.5
9830.0
8132.0
11264.5
68.0
22824.0
68.0
24527.5
15246.5
17528.5
68.0
9413.5
68.0
19730.5
15774.5
1794.0
13142.5
4915.0
1019.0
6329.0
68.0
30331.5
8614.5
68.0
2246.5
24049.0
68.0
68.0
11300.0
17813.0
7630.0
68.0
17279.5
2720.0
24282.5
14801.5
9786.0
7274.0
68.0
9509.0
3914.0
5064.0
14244.0
11629.5
13163.5
17028.0
11085.5
6374.0
2837.5
10873.5
68.0
20969.0
5344.5
15749.0
1889.0
22.5
14295.5
5453.0
438.5
960.5
4510.5
27279.5
17895.5
3733.5
23401.5
1569.5
68.0
68.0
348.5
68.0
6667.5
3709.0
5932.5
4997.0
18484.0
5634.5
2294.0
19160.0
26741.5
4597.5
68.0
458.0

68.0
2278.5
1126.0
1126.0
24069.0
68.0
1126.0
22.5
68.0
1333.5
8.0
18299.0
1106.5
6334.5
3097.0
68.0
31628.5
18799.0
2296.0
66.5
68.0
25943.0
11689.0
28169.0
68.0
21931.0
7556.0
68.0
438.5
68.0
2447.5
2357.5
11560.5
6349.0
6828.0
31636.0
1016.5
3208.0
4544.5
15636.5
19726.5
13416.0
26052.5
16120.0
2374.5
12718.5
12610.5
19374.5
21109.5
68.0
18957.0
7086.5
4934.5
11265.5
3825.5
21852.0
438.5
4487.5
17910.5
4970.5
68.0
7270.5
4614.5
21738.0
17523.0
9482.0
458.0
29862.0
14229.5
4022.5
257.0
10664.5
3369.0
0
4564.5
13087.0
4605.0
28657.0
22014.5
3242.5
9040.5
26231.5
13934.0
5394.5
5137.0
68.0
13458.5
21799.5
17432.0
1426.0
10815.0
7675.0
2833.0
1979.0
12258.0
68.0
2732.5
68.0
68.0
32623.5
30782.0
15242.5
9908.0
6340.0
19672.0
438.5
30800.5
2969.5
9037.0
20160.0
534.5
16999.5
17048.0
19745.0
68.0
14716.5
15450.0
68.0
16638.0
68.0
4153.0
438.5
27630.5
68.0
68.0
9807.0
22005.5
2776.5
68.0
25017.0
7125.5
19467.0
5246.5
68.0
68.0
0
3705.5
16052.0
6672.5
16182.5
17078.5
13099.0
11599.5
14781.5
27023.5
4080.5
1872.5
6785.5
8152.5
8886.5
19740.0
3216.5
15662.0
17018.0
3209.0
5675.0
68.0
0
4108.5
2128.0
5580.0
4671.5
16973.5
14480.5
755.5
10598.0
7092.0
63.0
11715.0
68.0
0
20986.5
30430.5
45.5
27713.5
1886.5
23642.0
1869.5
12598.0
809.0
23251.5
9555.0
68.0
2374.5
19686.5
68.0
24099.0
68.0
21040.0
68.0
12067.0
68.0
8300.0
68.0
3157.5
8580.0
4656.0
19197.5
68.0
2908.0
15172.0
68.0
8027.0
17426.0
5512.0
68.0
17417.5
458.0
12954.5
16364.5
4497.0
15629.0
4743.5
7680.0
14414.5
0
68.0
9023.0
68.0
944.5
6826.5
12560.5
11595.5
20548.0
68.0
3265.0
2426.0
3341.5
25686.5
6070.0
26284.5
14785.5
68.0
2591.5
5843.0
23719.0
27592.0
8212.0
7604.0
68.0
13860.0
34260.5
10526.5
1036.0
68.0
1886.5
6216.5
68.0
68.0
4486.0
1928.5
4949.0
68.0
1496.5
24052.5
4108.0
28511.0
14915.0
5931.0
16043.5
8432.5
3231.5
3276.5
0
29056.5
68.0
68.0
7848.0
5824.5
68.0
1036.0
29512.0
12082.5
931.0
68.0
9895.0
17815.5
68.0
419.5
15912.5
7331.5
26332.5
9471.0
3915.0
3615.0
1426.0
2286.5
1409.0
6974.0
4953.0
3655.0
2759.0
8515.0
2481.5
30874.5
1051.0
8154.5
8513.5
1107.0
14808.0
14201.5
901.5
5890.0
4014.5
3778.5
7589.0
40.5
26457.5
3227.5
14255.0
10180.0
68.0
8148.5
458.0
68.0
68.0
33081.5
68.0
14336.5
11838.5
68.0
10747.5
2608.0
67.5
10210.0
68.0
943.5
2778.5
18370.5
27500.5
28988.0
15148.0
24577.0
4525.5
7568.5
4115.5
4442.5
68.0
4726.5
17724.5
18465.0
27209.5
12708.0
438.5
68.0
5414.5
3484.5
7374.0
5454.5
5823.5
738.5
16696.5
10763.0
68.0
68.0
68.0
68.0
809.0
12588.5
21863.5
25343.0
16069.0
15190.5
5424.5
5808.5
1387.0
68.0
11728.0
14898.5
4714.0
12421.0
13528.0
1036.0
1595.5
16652.0
2824.5
9458.0
1501.5
0
19666.0
8.0
15290.0
2706.0
25918.5
5380.5
13900.0
5917.0
438.5
458.0
15580.0
1404.5
1922.0
10209.5
20915.5
4884.5
14840.5
1053.0
5678.0
458.0
1149.5
30928.0
1033.5
68.0
10432.5
10741.0
14836.5
1373.0
1199.0
9083.0
7687.0
0
5866.0
9885.5
1940.0
9003.0
0
68.0
1053.0
0
0
1685.5
22814.0
3232.0
6718.0
15948.0
5512.0
68.0
4375.5
26549.0
7147.0
2370.0
68.0
458.0
6054.0
68.0
9830.0
6838.0
19701.0
1589.0
68.0
5034.0
2821.0
8.0
11581.0
27697.0
8.0
1831.0
6455.5
5185.5
16171.5
68.0
1033.5
68.0
7794.5
6737.5
16692.0
7709.0
21523.0
8086.0
1831.0
2743.0
438.5
12582.5
15599.5
3478.0
8535.0
68.0
1885.5
68.0
14801.0
15.5
3317.5
2296.0
68.0
8052.5
22.5
8.0
6276.5
10943.5
13365.5
8277.0
12473.0
6705.5
21935.5
7164.5
1019.0
68.0
25083.5
68.0
7520.5
5003.0
16169.0
4174.5
27657.0
25928.5
6365.0
68.0
23280.0
3709.0
17470.0
3264.5
0
14243.0
16189.5
458.0
1106.5
29053.0
22874.0
20073.0
68.0
4041.5
11737.0
68.0
3188.5
6939.0
68.0
27230.5
18770.0
629.0
22308.0
68.0
10234.0
4941.0
23142.0
68.0
9938.5
10752.0
10289.0
16061.5
13433.5
458.0
1033.5
3113.5
5824.5
5026.5
68.0
20216.5
17954.5
7617.0
26340.5
35.0
29470.5
9864.5
1033.5
3244.5
2848.5
2749.5
8123.0
9406.5
9922.0
10390.5
6495.0
9026.5
7228.0
68.0
1053.0
5852.0
2729.5
1886.5
10271.5
14381.0
1886.5
3713.0
524.0
18816.5
68.0
5027.0
15957.5
8.0
68.0
26055.5
12081.0
903.5
29846.0
14399.0
17155.5
68.0
12896.5
646.0
20309.0
8644.0
26341.0
13863.0
0
4242.0
4913.0
68.0
50.0
15902.5
1794.0
10908.5
15486.5
8592.5
68.0
68.0
8426.0
16114.5
1589.0
3069.5
4101.5
68.0
30751.5
2321.5
0
7252.5
68.0
11593.5
5519.5
25791.0
68.0
1516.0
9584.0
68.0
11283.0
2302.5
63.0
2464.5
4527.0
22.5
627.5
8331.0
16605.5
17064.0
5814.5
1106.5
1016.5
16587.5
1406.5
4949.0
21921.0
19187.0
68.0
10974.0
68.0
3696.0
7214.0
68.0
7134.0
57.5
6236.5
7610.0
1199.0
14042.0
7691.5
6346.5
68.0
8049.0
33155.0
31921.0
2835.0
31738.5
6291.0
24895.5
6290.0
13594.5
2392.5
68.0
31285.0
25461.0
4086.0
68.0
68.0
534.5
68.0
348.5
17422.5
22380.0
0
0
21012.0
14691.0
3593.0
11324.0
5022.5
8053.0
7590.0
7235.5
3613.0
5919.0
21271.5
9025.0
2701.0
18343.0
11931.0
22810.0
29.0
10637.0
5044.0
11276.5
10966.0
2720.0
1760.0
68.0
3416.5
68.0
68.0
68.0
4582.0
3083.5
18857.0
3347.0
68.0
8554.0
68.0
22554.0
68.0
14011.0
5014.0
12548.5
3557.0
4133.5
2356.0
9415.0
2871.5
10135.0
4460.0
365.5
4100.5
27792.0
7059.0
68.0
26686.5
2747.5
33973.5
9011.0
438.5
12476.0
68.0
68.0
14710.0
10376.5
9053.0
68.0
30702.5
10833.0
12991.0
68.0
40.5
68.0
18692.0
3135.0
68.0
68.0
809.5
68.0
0
68.0
22022.5
458.0
68.0
2815.0
68.0
11291.0
50.0
68.0
20627.0
1869.5
7908.0
15677.5
30263.0
8992.0
4193.5
4583.0
4390.5
0
5992.0
6179.5
16881.5
2041.0
27269.0
26601.0
5592.0
16604.0
7736.0
5819.0
12615.5
13386.5
8636.0
1033.5
738.5
5157.0
30652.5
1926.5
20085.5
26960.5
1019.0
8661.5
30950.5
6385.5
6925.5
9024.0
13418.0
8000.0
0
13030.0
14805.5
27304.5
13065.0
4581.0
8820.0
541.0
8.0
23295.0
14768.0
1968.0
3709.5
14805.5
68.0
8128.0
2276.5
1423.5
18874.5
1016.5
8667.5
26013.0
960.5
16980.5
3670.0
19206.5
24652.5
68.0
2603.0
68.0
4547.5
21244.0
17113.0
4542.0
1704.0
4079.5
68.0
8633.5
1516.0
1423.5
17863.5
8392.0
1867.0
9472.5
19351.5
11237.0
9874.5
7780.5
0
19957.5
68.0
14699.5
7530.5
68.0
6235.0
14911.5
68.0
1128.5
0
0
5768.5
3668.5
3057.0
1892.0
11434.0
3915.0
8846.5
68.0
3321.5
68.0
68.0
20963.0
7185.0
1460.5
68.0
11482.0
8595.5
17455.5
9804.0
6769.0
9848.5
7790.5
21069.0
1499.0
68.0
2369.0
8818.5
1053.0
7342.5
54.0
4986.0
17895.5
6735.5
22378.0
2236.0
458.0
11705.5
4112.5
6423.0
1612.5
27378.5
18781.5
5455.0
163.0
68.0
5103.0
943.5
23222.0
26824.5
5465.5
2457.5
438.5
3126.5
6530.5
68.0
29458.5
9346.0
30824.5
9359.5
1496.5
16096.5
14181.5
68.0
2297.0
26892.5
11671.0
7218.0
1521.5
13162.5
68.0
3686.5
68.0
1199.0
14714.0
12587.5
1053.0
7642.0
1447.5
6563.5
32523.5
21343.0
5892.5
15202.0
22761.0
68.0
6679.5
2743.5
1126.0
68.0
4690.5
9375.5
11040.0
68.0
17094.0
1033.5
5143.0
15312.5
31633.0
68.0
13764.0
2764.5
5119.5
9522.5
7709.0
12155.5
11667.0
2768.5
28588.5
19293.0
68.0
68.0
68.0
1794.0
15711.0
11338.5
4232.0
10467.0
3020.0
68.0
7530.0
22723.5
537.5
1128.5
68.0
8184.0
68.0
6744.0
68.0
13575.0
24180.0
7689.5
10341.5
2765.5
9144.5
1816.0
2001.5
18794.5
10694.0
14347.5
11092.0
3635.0
32832.0
3578.5
21822.0
3985.5
16990.0
11145.5
2825.0
68.0
21840.5
68.0
2220.5
515.0
7256.0
4166.5
67.5
20595.0
1496.5
11861.5
15.5
68.0
1387.0
23828.0
30809.5
68.0
68.0
21544.5
22774.5
1128.5
68.0
13607.5
21404.5
21051.5
1984.5
4032.5
2910.5
15345.0
68.0
614.0
6024.5
6259.5
0
5198.0
7650.0
19484.0
2653.0
16248.0
9527.0
6713.0
1019.0
68.0
68.0
5843.5
12579.0
10417.5
12591.5
13880.0
8016.5
24005.0
30815.0
4564.0
68.0
14776.5
66.5
24664.5
6265.0
9425.0
68.0
9415.0
32414.0
4283.5
68.0
22891.5
20103.0
68.0
3244.5
3964.5
4039.0
68.0
3438.5
20132.0
7341.5
19325.5
5421.5
9342.0
1802.0
45.5
2223.0
26619.0
4889.5
68.0
68.0
18074.0
16061.5
1499.0
15317.5
927.0
1146.0
18808.0
7652.5
8.0
8476.0
10975.0
22688.0
21468.0
5587.5
10240.0
20471.5
2276.5
19098.0
12784.0
1874.5
21792.0
28623.0
9862.5
1036.0
6397.5
23699.0
68.0
6195.5
6229.5
4091.0
4934.0
1499.0
28317.5
6808.5
15.5
3332.5
534.5
6379.0
8133.5
5830.5
11593.0
2257.5
9165.0
8448.0
17408.5
8546.0
3221.0
9361.0
68.0
68.0
68.0
6295.0
8691.5
2447.5
3317.0
13334.0
15.5
1479.5
7978.0
9367.5
2357.5
4595.0
8818.5
68.0
18450.0
9827.5
1873.5
18772.0
438.5
4674.0
10872.5
16496.5
7271.5
2908.5
1033.5
5283.0
10713.0
1496.5
12957.5
2276.5
8968.5
13861.5
68.0
23748.0
26727.0
5783.5
7271.0
12213.5
13509.5
9260.0
68.0
5252.5
7208.0
8614.0
2355.0
5846.5
2186.5
68.0
23197.0
11210.5
3233.5
1479.5
27746.5
11458.0
5548.0
6282.5
12251.0
13376.5
12966.5
0
40.5
2705.0
6271.0
2672.5
6273.5
6192.0
6793.0
4576.0
3564.5
0
7302.0
5488.5
2947.0
2094.0
6640.5
20635.5
1889.0
24178.0
18995.5
11336.0
13443.5
0
5168.5
21840.5
719.0
6729.5
1913.0
5476.0
68.0
11248.0
7147.5
68.0
68.0
1423.5
12030.5
68.0
13678.0
68.0
68.0
7241.0
8952.5
1033.5
6361.0
4110.5
0
0
7842.0
3700.5
0
10911.0
3060.0
24634.0
3723.5
4480.0
68.0
68.0
932.5
11115.5
2869.5
3230.0
6871.5
1796.5
18879.5
11527.5
646.0
2342.5
3607.0
1777.0
8931.5
7183.0
3597.0
12411.5
8747.0
12535.0
7814.5
68.0
3964.5
1379.0
22864.0
8271.5
7760.0
7263.0
68.0
526.0
4247.0
998.0
4658.5
7665.5
4511.0
0
946.5
2669.0
365.5
0
9939.5
0
68.0
1406.5
26694.5
68.0
4006.0
68.0
17517.5
3043.5
3631.5
7177.0
4815.0
9417.0
11638.0
14843.5
17687.0
6005.0
68.0
11601.0
1992.5
68.0
10239.5
9953.0
68.0
16640.0
926.5
1959.5
22709.5
15746.0
10488.0
6081.0
5434.0
4492.5
5862.5
18330.0
1607.0
20417.0
13477.0
7207.5
21341.0
1109.0
23721.0
9345.0
11272.5
3704.0
943.5
9962.5
10800.5
1496.5
68.0
4455.0
4280.5
17282.0
5399.5
8250.0
68.0
2761.5
12068.5
13994.0
17297.0
5442.5
1098.5
22276.5
14207.5
4152.0
1218.5
8271.0
9410.0
3710.0
17038.0
17581.0
68.0
18794.0
21392.0
5882.5
16123.5
10855.5
68.0
5993.0
68.0
7158.0
16414.0
16094.0
17062.0
4505.5
7009.5
68.0
68.0
5125.0
68.0
12660.5
6356.0
7588.5
1879.5
25051.0
68.0
9019.0
2771.5
438.5
68.0
1889.0
5050.0
8486.0
3225.0
0
13823.5
3565.5
68.0
68.0
21781.5
3759.5
22.5
3227.5
28131.5
7130.5
727.0
1126.0
68.0
19619.5
4364.0
4596.0
0
16769.5
5364.0
17002.5
4199.5
68.0
68.0
68.0
16506.5
4095.0
10376.5
23662.5
68.0
9495.5
13023.0
68.0
68.0
5782.5
20137.5
1794.0
20600.5
11240.5
68.0
68.0
22592.0
2908.0
17867.5
68.0
14327.5
5422.0
4891.5
14425.0
68.0
26153.0
68.0
68.0
12502.0
68.0
8925.0
2364.5
5662.5
68.0
2220.5
11169.0
68.0
4281.0
7250.5
5095.0
2825.0
1036.0
13994.0
68.0
9003.5
68.0
21622.0
7241.5
6904.5
12559.0
1034.0
27600.0
4195.5
22320.0
68.0
20647.0
4538.5
68.0
20997.5
9021.5
5451.0
7640.5
68.0
1126.0
11470.0
68.0
0
5636.5
68.0
18565.0
68.0
8037.5
10326.5
13752.0
10778.5
2765.5
4490.5
10784.5
12160.5
1895.5
438.5
15775.5
4912.5
68.0
13941.0
68.0
12679.5
12555.5
24535.5
7631.5
68.0
16566.5
1779.5
68.0
5010.0
18938.5
1033.5
7240.5
3557.5
5922.0
828.5
3135.0
11725.0
7983.5
736.0
29933.0
12982.5
11792.0
20565.5
5767.5
6672.0
9510.0
9859.5
1909.5
3582.0
8165.5
17140.5
6769.5
13624.0
4451.5
11498.0
15267.0
23561.5
13917.5
15191.5
11881.0
17276.0
10557.0
9347.5
17427.0
68.0
13599.5
16055.5
68.0
1867.5
24570.0
68.0
14057.0
16536.0
9332.0
4448.5
9320.0
2318.5
533.5
14324.5
7611.0
18357.5
828.5
5858.0
4135.5
906.0
13449.0
18772.0
68.0
2669.5
663.0
8581.5
4498.0
68.0
16936.5
15254.5
1848.0
28571.5
8634.0
27330.0
458.0
68.0
3677.0
12127.5
68.0
13005.5
11602.5
1426.0
68.0
15824.0
0
4477.5
5915.5
3208.0
4468.5
68.0
3615.5
6352.5
0
21847.5
68.0
11277.0
7733.5
68.0
1426.0
16427.5
8652.0
21939.5
23132.5
8999.0
2240.5
68.0
2775.5
30215.0
17057.0
4989.5
68.0
10875.0
5341.5
15181.5
8132.0
16953.5
12138.5
17863.5
1684.5
1036.0
16958.0
6811.0
12841.5
0
12534.5
12304.0
16292.5
23695.5
8559.0
8182.5
5415.0
68.0
24877.5
68.0
533.5
67.5
68.0
7350.5
8968.5
13272.0
1463.0
12479.5
14177.0
6759.0
6950.5
3131.5
68.0
68.0
543.5
68.0
458.0
9933.0
12098.5
2371.5
30708.0
11324.5
4519.0
23308.5
26146.0
17871.0
11582.0
68.0
12050.0
68.0
8529.5
2389.5
13809.0
25537.5
29989.5
12392.0
736.0
30870.5
11998.0
10307.5
16580.5
2072.5
10246.5
68.0
68.0
9543.5
18278.5
13300.5
18386.0
8268.5
28619.0
68.0
2266.0
68.0
8675.0
6084.0
26817.0
68.0
17449.0
26392.5
1016.5
1070.5
9110.5
68.0
11470.5
68.0
68.0
23201.0
4585.5
9023.0
11006.5
4012.5
21456.5
68.0
68.0
20246.0
2563.0
5578.5
18822.0
31604.0
18265.0
6190.5
13964.5
9398.5
13441.5
1486.0
13816.0
68.0
68.0
1774.5
7382.0
0
2347.5
16375.5
9319.5
3439.0
8301.0
10984.5
3037.0
12611.5
0
1033.5
8581.0
12069.5
3319.0
24655.0
68.0
8534.5
0
6552.5
2559.5
68.0
2238.0
21820.0
18703.0
9033.5
0
1145.5
173.0
0
5879.0
2746.0
736.0
1674.5
65.0
0
34533.0
21554.0
31256.0
20941.0
543.5
4454.0
23745.5
7647.0
30733.5
13789.0
633.5
5523.5
14642.5
16905.0
68.0
2601.0
18321.0
1126.0
11215.0
5870.5
2075.0
68.0
21856.5
68.0
3791.0
68.0
68.0
1029.0
9353.5
3037.0
25874.0
68.0
27052.0
633.5
68.0
7681.0
7676.0
13062.0
68.0
17409.0
8803.5
9462.0
22840.0
26814.5
926.5
16974.5
1981.5
77.5
68.0
3655.0
11128.5
13405.0
10910.0
2743.0
31559.0
17036.5
1850.5
68.0
3566.0
1019.0
5787.0
5007.0
68.0
1680.0
9194.0
68.0
67.5
8933.0
15767.5
6513.0
20065.0
10151.5
9965.0
17026.0
14403.5
16126.5
20056.0
458.0
9445.5
68.0
68.0
1109.0
0
4412.5
8070.0
68.0
17974.0
68.0
31193.5
24048.5
11231.5
14885.0
8628.0
68.0
7772.0
1407.5
68.0
7564.0
9964.5
30891.5
5459.5
17021.5
5414.5
21268.0
68.0
1867.5
68.0
17978.5
68.0
15277.0
4521.5
13226.5
68.0
11528.0
68.0
5570.0
68.0
68.0
68.0
25578.5
68.0
3649.5
438.5
5487.0
24537.5
6458.5
738.5
12099.5
8584.0
14337.5
515.0
15249.0
5751.0
68.0
1940.0
5919.0
13607.5
1496.5
25398.0
4010.5
68.0
26318.5
8029.5
19299.5
12814.0
18319.5
11088.0
458.0
16017.5
20934.5
13096.5
11821.5
68.0
68.0
9252.0
5243.5
68.0
6792.0
11152.0
5065.0
28392.5
18455.5
68.0
4975.5
30752.5
17286.5
2811.5
5272.0
25088.5
23780.0
6363.0
13422.0
68.0
4656.5
458.0
18711.5
10074.0
10062.5
9075.0
68.0
8126.5
7425.0
11972.5
12548.5
5730.0
9454.5
27201.5
13037.0
17567.0
6275.5
11353.0
25467.5
16112.5
3302.0
13599.5
5546.5
29423.0
68.0
8947.5
68.0
2628.5
68.0
893.0
10712.0
7728.0
13780.0
4463.5
68.0
1067.0
68.0
5851.0
663.0
68.0
29122.5
18892.0
25380.0
11733.0
17016.5
13672.0
7091.5
7243.5
68.0
5044.0
22234.0
12583.0
17399.0
1886.5
5985.0
68.0
15248.5
9186.0
17987.0
7314.0
2387.0
20657.0
68.0
8462.5
1869.5
4990.0
4617.0
12278.5
2538.5
163.0
11611.0
10283.5
1333.5
68.0
5420.0
3242.0
20470.0
438.5
68.0
7770.0
5927.5
7789.5
1477.5
3510.0
5360.0
21837.5
1126.0
1499.0
2077.0
10835.5
4986.0
68.0
18754.5
11103.5
9422.5
17712.5
30339.0
4969.0
9859.0
68.0
14358.5
68.0
24338.0
5007.5
68.0
68.0
68.0
7822.5
68.0
19245.5
11978.5
3891.0
68.0
629.0
18369.5
16889.5
3576.5
68.0
68.0
68.0
1409.0
11761.0
68.0
68.0
19288.5
68.0
20925.0
5041.5
27809.5
4099.5
31715.0
68.0
14868.5
17024.0
6612.0
14741.0
24390.5
4056.0
68.0
68.0
4929.0
68.0
7051.5
68.0
68.0
4082.5
438.5
68.0
9071.0
6267.0
68.0
4458.5
68.0
10392.5
19425.5
1092.5
18793.0
0
68.0
11584.5
1758.0
68.0
20170.0
16487.5
2765.5
3223.0
22810.5
11514.5
8125.5
18222.0
8500.5
0
20009.0
9531.0
12142.0
0
29015.5
68.0
9151.0
13470.0
13568.5
13563.0
0
68.0
68.0
27251.0
3603.5
10783.0
68.0
10704.0
1426.0
8467.0
0
17424.5
0
31278.0
0
8643.5
13422.5
68.0
3873.5
13868.0
15654.0
0
0
4724.5
163.0
4178.5
1017.5
9004.5
27171.5
6358.0
68.0
1869.5
12116.0
19445.0
19357.0
6590.5
22043.5
26832.5
6758.0
14688.5
8566.0
16581.0
68.0
20376.5
2799.0
6065.5
3607.0
914.0
22418.0
649.5
10931.5
5919.5
14807.0
5958.5
8120.5
68.0
68.0
850.5
17565.0
68.0
438.5
2674.5
6425.5
11628.0
4395.0
11659.5
68.0
12539.5
5710.0
13408.0
18032.5
9091.5
4973.0
0
19625.5
17851.5
11606.5
9751.5
4608.5
1589.0
14669.5
68.0
16629.0
31880.0
0
6852.5
3150.0
7163.5
458.0
68.0
26864.0
12440.0
6193.5
68.0
15266.0
24106.0
23353.5
16487.0
12808.0
10606.0
14488.5
68.0
30393.5
6417.0
11209.5
8104.5
11356.0
1819.5
4216.5
13089.5
26696.5
3820.0
0
5106.5
68.0
30422.0
68.0
4154.5
534.5
26775.5
944.0
17529.0
0
3054.0
15687.5
9443.0
1889.0
68.0
68.0
66.5
1516.0
8485.0
68.0
14259.0
0
68.0
13974.0
19635.5
9055.5
35.0
14406.5
9435.5
22964.5
4579.0
12454.0
22898.0
6360.5
4173.5
12115.5
10431.5
20123.0
19748.5
10692.0
50.0
24613.5
17160.5
3521.0
5438.5
3414.0
2649.5
17089.5
0
68.0
26413.5
68.0
20044.5
1831.0
15768.5
3227.5
22925.0
17005.5
68.0
68.0
0
533.5
1426.0
68.0
7219.5
9711.5
17004.0
16262.5
13388.5
6007.0
8480.0
0
13124.0
22785.5
7184.0
738.5
13837.0
68.0
5454.0
7223.0
17500.0
4643.5
7591.5
21377.5
4844.5
68.0
16291.5
4045.0
5563.5
68.0
29893.5
7246.0
29502.0
12547.5
4095.5
16750.0
4562.5
50.0
4909.5
8311.0
6991.5
16980.0
26318.5
3637.5
3611.0
4081.5
68.0
7271.5
4005.5
3668.5
68.0
18304.5
438.5
5512.5
15524.5
15.5
68.0
16120.5
1241.0
5097.0
7483.5
16885.0
2709.0
2206.0
614.0
17760.5
3598.0
6772.0
5339.5
1218.5
8195.0
68.0
11102.5
68.0
8075.5
7000.5
4990.0
3675.0
68.0
17514.5
13391.5
7631.5
68.0
6452.5
11190.0
3173.0
16059.5
25484.0
33127.5
3062.0
1331.5
458.0
6828.5
3270.5
5875.0
1813.5
3647.0
8595.0
21393.0
3135.0
2720.5
26219.5
3035.0
8134.5
10852.5
9843.5
1046.5
20402.0
28165.5
68.0
2962.0
7538.0
35.0
17050.5
68.0
25874.5
524.0
6791.5
12017.0
2353.0
7180.0
5051.5
19721.0
3225.5
7218.5
24704.5
1404.5
6818.5
21486.5
2164.5
3225.0
4539.0
16478.0
8644.5
19960.5
31216.0
1033.5
524.0
1886.5
68.0
13423.0
5543.5
19460.0
68.0
7183.0
9033.5
5902.0
32630.5
68.0
13464.5
18769.0
11276.0
2218.5
5119.5
4603.0
15.5
1402.0
629.0
20292.0
68.0
5416.5
13420.0
3262.0
0
16122.5
16523.5
3430.0
2910.5
68.0
3638.0
3685.5
20678.0
2537.5
14849.5
26372.5
28931.0
8589.5
15616.0
7679.5
2886.0
68.0
2279.0
9459.0
13188.0
12503.5
5084.5
1423.5
12148.5
1426.0
15792.5
17577.0
34858.5
50.0
68.0
2747.5
12086.0
0
6325.0
5078.5
19189.5
9009.0
68.0
68.0
21403.0
29534.0
9044.5
7171.5
10473.5
27170.5
5403.0
68.0
25971.0
1984.5
22298.0
7213.5
3666.5
68.0
27263.5
11161.5
2747.5
14730.0
28909.0
438.5
1928.5
27635.0
1259.5
12490.0
13014.5
14425.0
5909.0
28804.5
22.5
68.0
7724.0
11240.5
10805.5
17040.0
6255.0
29472.0
1886.5
11186.0
13919.5
2951.0
647.0
26764.5
4146.5
1441.0
4947.0
4672.0
5399.0
1796.5
25985.5
7596.0
3632.5
6761.0
10381.0
4527.5
28150.5
68.0
34751.5
2279.0
23198.5
25965.5
4914.5
20505.5
1869.5
4610.5
68.0
524.0
24930.0
11240.5
8500.5
1002.5
11277.0
14860.0
12102.5
5922.0
12061.5
68.0
68.0
25449.5
11118.5
68.0
19183.5
515.0
3780.5
3873.5
1945.5
16556.0
0
3242.5
1983.0
2259.5
2166.5
68.0
11705.0
28070.0
2276.5
68.0
22815.5
31679.0
68.0
7222.0
63.0
68.0
23226.5
18325.5
16817.0
68.0
9377.5
32869.0
22446.5
524.0
1053.0
163.0
4020.0
28402.5
7661.0
12157.0
20198.5
5831.5
16957.5
14254.5
7157.5
1911.5
68.0
9921.0
15865.5
2167.5
1406.5
68.0
28163.0
27364.5
68.0
8905.0
14983.0
13815.0
3303.0
1886.5
68.0
6137.5
3505.5
68.0
3637.0
68.0
7161.5
2162.5
30707.0
10399.5
24263.0
1404.0
6343.5
1649.0
12512.5
7683.0
2276.5
21022.5
19706.0
4062.5
11821.0
7228.0
28389.0
68.0
7585.0
8132.0
15761.0
3334.0
6847.5
3243.0
10362.0
1794.0
22868.0
5452.0
11523.0
1872.0
68.0
50.0
18727.5
28203.5
22425.5
24701.5
3135.0
19361.0
32579.5
27188.5
6228.5
0
2164.5
0
9916.5
7663.0
0
0
8551.5
68.0
24710.5
3994.0
0
68.0
925.0
2597.5
68.0
14014.0
8906.0
438.5
17966.5
9446.0
7142.0
7649.5
5753.5
5398.0
68.0
6121.5
68.0
5397.5
11221.0
31254.0
11705.0
533.5
6778.0
1460.5
12609.0
1959.5
6042.5
14913.5
15405.0
68.0
68.0
8450.0
26290.5
1611.5
7636.5
68.0
7570.0
68.0
4786.5
1033.5
3225.5
81.5
18631.0
29497.5
0
5833.5
11972.0
68.0
7311.0
8122.0
8982.5
2852.5
8386.0
4079.5
18806.0
30276.5
15807.5
19641.0
3818.0
14765.5
4085.0
10326.0
32133.5
18828.0
31054.5
9069.5
4210.5
68.0
19372.5
0
7735.5
68.0
17000.5
9466.0
438.5
15738.0
7941.5
3904.0
20412.0
1423.5
0
9686.0
2740.0
7814.5
4632.0
21568.5
7681.5
23538.5
2287.0
31741.5
21513.5
7994.0
9222.0
3432.5
5288.5
68.0
68.0
5865.0
68.0
20121.0
4072.0
12487.0
68.0
2918.5
2720.0
6380.0
20029.0
11034.0
31672.5
7550.5
2690.5
931.0
13404.5
5648.5
68.0
9629.0
13538.0
25000.5
2763.5
18201.0
22294.0
13880.0
68.0
3383.0
24107.0
7678.5
18108.5
13891.0
13564.0
5487.0
27706.0
17982.0
1036.0
68.0
30347.5
5842.5
5331.0
68.0
2297.0
1926.5
438.5
8953.0
3832.5
3222.5
1479.5
1109.0
2349.5
9864.0
12160.0
68.0
3152.5
68.0
14243.0
68.0
68.0
11548.0
6842.5
755.5
5713.5
15727.5
5714.5
3174.5
943.5
1706.5
68.0
2906.0
8964.5
20516.5
11605.5
68.0
20548.5
8114.0
1441.0
68.0
13199.5
23285.5
15683.5
18351.0
13933.5
68.0
943.5
9161.5
7799.0
16558.5
1802.0
3615.5
2760.0
537.5
13291.5
9572.5
18756.0
1463.0
646.0
3315.0
4953.5
4415.0
10319.5
3459.5
21492.0
27573.5
68.0
2599.0
3602.0
3529.0
7595.0
11193.0
2521.0
32925.5
68.0
1033.5
1867.0
20478.0
13442.5
5874.5
68.0
32716.0
24381.5
12707.0
32528.0
8052.0
8344.5
5487.0
12773.5
9028.5
0
20067.0
943.5
2021.0
5877.5
438.5
18781.5
19055.5
16920.5
1426.0
3300.5
68.0
17204.5
1477.5
16625.0
13890.0
67.5
1426.0
3204.0
27008.5
7107.0
18778.0
4656.5
6343.0
1109.0
4130.0
68.0
4873.5
1453.5
9051.0
1053.5
21448.0
18316.5
5560.0
68.0
15167.0
68.0
24488.5
18845.0
7113.0
5543.0
4452.0
19306.5
14752.5
68.0
4171.5
173.0
4937.0
1128.5
4605.0
10930.5
22256.0
2733.5
5339.0
13838.0
8908.0
16100.5
17112.5
68.0
2342.5
68.0
14758.5
27823.0
458.0
31136.5
7273.0
16720.0
9066.5
20939.0
1886.5
1423.5
6317.0
65.0
1126.0
1333.5
12227.0
21982.5
458.0
5432.5
29.0
68.0
13853.5
4626.0
0
12137.5
1911.0
1408.0
3282.0
7088.0
23210.5
9583.0
629.0
6356.0
68.0
5176.5
10983.5
15725.0
15660.5
4985.0
11337.5
2319.0
8044.0
3595.5
17079.0
17682.0
14228.0
13030.0
13410.5
28069.0
150.0
23093.0
11590.5
68.0
1029.5
68.0
458.0
998.0
5043.5

68.0
68.0
68.0
15321.0
6854.0
3244.5
7258.5
5877.0
68.0
13375.0
20810.5
1128.5
0
14321.0
68.0
14304.0
5304.5
11651.0
11097.0
24067.5
4678.0
2779.0
2652.5
5757.0
9861.5
4563.5
23235.5
961.0
6358.5
7275.0
6817.0
68.0
26319.5
15817.5
17917.0
13875.0
8164.5
1888.0
1019.0
755.5
28679.0
13966.0
5776.0
2767.0
5418.5
646.0
28790.0
68.0
722.0
3317.5
5887.5
4532.0
31196.5
9760.5
1441.0
68.0
12439.0
7979.5
2755.5
25482.5
4766.5
7660.0
12544.5
3895.5
68.0
2835.0
8502.0
68.0
8283.0
8551.5
5824.0
458.0
11464.5
9456.0
68.0
9471.5
4129.0
21406.0
21410.5
1850.0
18378.0
22328.0
13420.5
2349.5
5858.0
3371.0
16523.5
24183.0
30737.5
20920.0
22545.0
68.0
11119.0
12569.5
4565.0
438.5
8139.5
18810.5
14446.0
68.0
18390.5
9946.0
16591.5
537.5
2364.5
6356.5
7171.5
12024.0
6844.0
7704.0
8037.5
2838.0
20954.0
9892.5
68.0
5833.5
25419.5
68.0
18801.5
9790.5
7704.0
24134.5
21368.0
5771.5
68.0
68.0
24553.0
28113.0
6829.0
5220.0
19243.0
1033.5
2837.5
7414.5
4950.5
2263.0
6680.5
54.0
4794.0
3686.5
68.0
13692.0
10209.0
8082.5
16145.0
22253.0
12554.0
24194.5
7282.0
17882.0
11213.5
13096.0
28604.5
68.0
31054.5
5787.0
68.0
0
25502.0
2342.5
458.0
68.0
1796.5
68.0
68.0
11573.5
25886.0
24624.0
15694.0
9757.0
1860.0
4132.0
12921.5
23718.5
9371.0
21839.5
68.0
1406.5
6864.5
68.0
4782.0
24840.5
12141.5
17451.0
28727.5
21034.5
68.0
13426.5
458.0
68.0
23348.5
12153.0
0
7602.0
8905.5
22448.0
4934.0
68.0
9019.0
1813.5
68.0
8018.0
68.0
10313.0
26309.5
68.0
10409.5
9833.5
12734.0
68.0
8957.0
17112.0
21799.0
13892.5
438.5
5685.0
9295.0
19262.0
7146.5
68.0
5487.5
12094.0
163.0
17468.5
20815.0
14899.5
4598.5
22368.5
14840.0
68.0
6399.5
5709.5
12647.0
7011.5
12999.5
3930.0
7560.0
21554.0
11401.0
22299.5
11592.5
9452.5
18324.0
2908.0
12509.0
12057.0
4531.0
9844.0
163.0
68.0
8487.0
4232.5
68.0
8554.5
8906.5
16474.5
18304.0
68.0
8037.5
1837.5
4681.0
10320.5
14444.0
9077.5
2835.0
10277.5
11261.0
68.0
10710.0
68.0
12189.0
4653.5
10060.0
11138.5
8180.0
16934.0
1331.0
28553.0
11170.5
68.0
1862.5
25927.5
2940.0
22655.0
19615.0
17282.5
163.0
5487.5
20621.0
23764.5
28270.0
1848.0
68.0
3801.0
16991.0
32620.0
3579.0
12509.0
23315.5
31000.0
26853.0
24147.0
9050.5
5430.0
50.0
1869.5
21565.5
9720.5
9407.0
6787.0
6927.0
27273.5
2745.0
19553.5
54.0
4577.0
0
25365.0
4151.0
9015.0
11175.5
32661.5
22887.0
5025.5
1218.5
1778.0
8441.0
26033.0
8688.5
2055.0
7312.0
68.0
524.0
17341.0
8847.0
21964.5
14671.5
28853.5
4135.5
12515.0
12960.0
26369.5
68.0
9203.5
22728.0
17075.0
68.0
68.0
20580.0
68.0
16031.0
5802.0
533.5
17381.0
8970.0
4471.0
68.0
1025.5
4095.0
24976.0
0
10684.0
29126.5
6792.5
9702.0
1794.0
5986.5
3690.5
26236.5
10463.0
9449.0
26508.5
4703.5
68.0
21054.5
5738.0
1534.0
8929.0
3213.5
68.0
719.0
1351.0
19668.5
13006.5
68.0
68.0
21144.0
14241.5
23419.0
6648.5
68.0
8185.5
4095.5
4005.0
68.0
68.0
68.0
15615.0
18859.5
68.0
13160.0
8135.5
68.0
21993.0
0
25289.0
18181.5
14951.5
68.0
9840.5
28146.0
68.0
4689.5
1392.5
12916.0
23215.5
68.0
0
6312.5
17094.0
1421.5
68.0
24200.5
13997.5
9556.0
29861.5
8116.5
25932.0
15737.0
0
18223.5
5249.0
68.0
3072.5
25789.5
1799.0
18803.5
10634.0
27682.5
27623.5
4956.0
10338.5
1405.0
13845.5
1589.0
6610.0
18318.5
16087.5
21688.5
1979.0
27223.0
19083.0
12982.0
15156.0
1111.5
29480.0
68.0
2589.0
15117.0
458.0
2164.5
5780.5
20918.0
1033.5
1019.5
68.0
10799.0
7348.5
2862.5
10910.0
68.0
4652.0
68.0
27095.5
33861.0
68.0
7126.0
68.0
2841.0
28689.0
10963.0
365.5
7314.0
7488.0
32939.5
13382.0
18846.0
8085.5
5065.0
12029.0
68.0
2854.5
5830.0
828.5
14385.0
927.5
4963.5
13911.5
4244.0
12197.0
8610.0
6997.0
23253.0
8057.5
10585.5
18768.5
68.0
2276.5
4491.5
68.0
4098.5
2908.0
68.0
5111.5
10362.0
0
9402.0
4174.0
4450.0
6253.5
68.0
2340.5
3968.5
8949.5
24377.0
4098.0
2276.5
68.0
5956.0
5394.5
5565.0
68.0
68.0
4653.5
2489.5
1036.0
25804.0
5080.0
7286.0
943.5
28511.5
8057.0
16988.0
10375.0
438.5
23754.0
14119.0
458.0
0
68.0
68.0
9941.5
16360.5
943.5
68.0
18617.5
543.5
68.0
45.5
19427.5
6012.0
2948.0
2168.0
68.0
8299.5
14647.0
24811.5
25450.0
5210.0
11003.0
17196.0
68.0
68.0
1923.0
30423.5
68.0
7744.5
14294.5
21915.5
5978.5
14306.0
68.0
3057.5
68.0
14959.0
17079.5
8860.5
30381.5
11242.5
738.5
0
10676.5
10859.0
50.0
0
1033.5
9964.0
0
68.0
68.0
17035.5
16073.5
1317.0
68.0
1106.5
16590.5
10317.0
2580.5
9132.0
7322.5
9128.5
8643.5
2359.5
860.5
2276.5
68.0
5327.0
25409.5
4002.5
1036.0
7521.5
15017.0
1404.5
27266.0
20623.5
3320.0
8594.0
68.0
13558.5
68.0
7612.0
14714.0
2831.5
6573.0
12100.5
2927.5
3766.5
25882.5
1408.5
13873.5
11243.5
10392.5
68.0
5510.5
6793.0
9511.0
9517.0
13047.0
5010.5
30409.5
32100.0
68.0
68.0
26732.5
9854.5
828.5
21901.5
5007.5
3705.0
68.0
26410.0
6341.5
6306.5
13293.5
3688.0
8479.0
68.0
17918.5
12971.5
68.0
2111.5
6294.5
68.0
28460.5
6006.0
5490.5
68.0
4519.5
7020.0
29570.5
15153.0
1350.5
4335.0
1053.0
3631.5
28650.0
16033.5
9469.0
68.0
12583.0
21372.5
13672.5
68.0
8629.5
11848.0
5471.0
438.5
68.0
6277.5
3725.0
3278.5
30721.0
8666.0
7669.0
10980.0
68.0
14896.0
68.0
7310.5
2832.5
7459.5
7605.5
10448.5
28507.5
8590.5
68.0
4336.5
18024.0
7558.0
5549.0
5065.5
1886.5
10383.5
31723.5
1145.5
68.0
68.0
21371.5
4934.0
10330.0
7585.0
25766.0
2777.0
5932.0
9048.5
17971.5
25421.5
29832.5
17912.5
27357.5
2945.0
17419.5
11192.5
27257.0
24361.0
17903.0
5685.5
68.0
18530.5
1109.0
3169.5
25538.5
13244.5
6488.0
29788.0
25212.0
10148.5
4778.5
7752.5
68.0
2243.0
458.0
6437.0
13397.0
8093.5
28306.0
2072.5
68.0
8850.5
30821.0
16568.5
1912.0
12892.0
9384.5
8067.0
5955.5
2747.5
14812.0
365.5
33673.0
13165.0
21147.5
7659.5
14668.0
3208.5
10264.0
8555.0
68.0
7269.0
10305.5
21607.5
18825.5
26001.0
2683.5
68.0
5377.5
13829.5
8484.0
1550.0
19509.0
0
27159.5
8910.5
365.5
31356.5
10307.0
6367.5
9888.5
7113.5
32568.0
8455.5
2462.5
2257.0
18424.5
27845.5
958.5
57.5
7961.0
16436.5
68.0
22534.0
12433.0
68.0
9729.0
68.0
438.5
21410.0
8706.0
2291.5
3131.0
3584.5
453.5
22275.5
14936.5
19749.5
3218.5
1053.0
6015.5
68.0
12516.0
7603.5
22711.0
13935.0
68.0
3691.5
10385.0
12544.5
68.0
17466.5
17301.5
3777.5
4236.5
11669.5
68.0
27524.0
3206.5
4050.0
4342.0
12893.5
4766.5
5324.0
4915.5
4195.5
10355.0
11636.5
1218.5
9262.5
68.0
1516.0
2691.5
12165.0
2001.5
13948.5
13033.0
68.0
13127.5
4666.5
20017.5
24526.0
1589.0
17836.5
68.0
10837.0
28255.5
1218.5
68.0
2467.0
2871.5
4062.0
4472.0
9039.0
13713.0
828.5
20788.0
27593.5
6292.5
68.0
4433.0
20202.5
15273.5
21395.0
21041.5
9850.5
5321.5
28624.0
22932.0
26898.5
5140.0
4614.5
15972.5
8184.0
6799.0
1516.0
7695.0
68.0
10491.0
13986.5
2501.5
5372.0
24975.0
12507.5
68.0
961.0
2019.0
11292.5
68.0
2760.5
30960.5
1959.5
68.0
11154.0
1350.5
9366.0
7220.5
32167.0
3645.5
6804.5
9768.5
438.5
8616.0
23332.0
8646.5
7925.5
5948.0
31556.0
17390.5
7281.5
2353.0
1143.5
6376.5
1036.0
719.0
4064.5
6227.5
19168.5
21830.5
11289.0
68.0
4900.5
6358.0
20780.0
68.0
23572.5
2311.5
25880.5
7618.0
14563.0
5283.5
5149.0
5341.5
8139.5
1036.0
3578.5
2016.5
11263.0
2908.0
15717.0
18580.0
18153.5
11193.5
68.0
6718.5
2257.0
4819.5
68.0
14344.5
3585.5
9986.0
68.0
20518.0
22276.0
7729.5
1016.5
1909.5
3727.0

438.5
1775.0
9415.5
11459.5
13875.5
10890.5
5412.0
7583.5
755.5
1407.5
2276.5
68.0
19914.0
1499.0
4212.5
17832.5
68.0
1867.0
7060.5
6419.0
926.5
18773.0
5360.5
5414.5
17711.0
8930.5
68.0
18738.5
12473.5
68.0
68.0
1612.5
17578.5
0
6757.5
68.0
3309.0
8964.0
68.0
4177.5
8471.0
419.5
4482.5
4001.0
12790.0
68.0
1796.5
3301.5
3262.0
25504.5
1867.0
16090.5
19363.0
10304.0
68.0
0
7384.5
68.0
68.0
1150.0
2001.5
21322.5
8550.5
17816.5
26266.5
11678.5
4025.0
68.0
18225.0
68.0
13327.5
20090.0
23921.5
30310.5
2610.5
2515.5
21895.5
20087.5
21792.0
2750.0
3140.0
9903.0
15255.0
12164.5
4064.0
22221.5
14119.0
21470.5
5954.5
68.0
5024.0
3500.0
22704.0
24931.5
17309.0
18253.0
16519.0
1571.0
1836.0
2821.0
21093.0
68.0
2628.0
1424.0
29229.5
646.0
18524.0
6175.5
23714.5
5086.0
10999.5
150.0
7276.0
5029.0
4968.0
10076.0
19227.5
6459.0
15316.5
68.0
12193.0
14136.0
3501.0
68.0
6253.5
8922.5
438.5
5252.0
14876.0
3727.0
2111.0
18792.0
15129.0
21510.5
35160.5
4095.5
7622.5
68.0
68.0
8098.0
68.0
15455.5
3633.0
68.0
10330.5
19987.5
3227.5
4478.0
68.0
21699.0
22838.5
20485.0
9835.5
4154.5
15639.0
6325.0
850.5
20132.5
25019.5
8039.0
3063.0
68.0
21915.5
12059.5
7124.5
17777.5
15219.5
12063.5
543.5
7604.0
30080.0
10133.5
22750.5
24818.0
12890.5
24598.5
5324.5
7990.5
6678.0
10408.0
18426.5
68.0
13499.0
16396.0
27228.0
20592.0
7089.5
27287.5
9795.5
16890.5
8623.5
20579.0
1594.5
1789.5
14010.5
19765.5
16151.0
68.0
13399.5
4594.0
7661.5
348.5
3390.5
3652.0
19667.5
24256.5
6913.0
13852.0
21322.5
9858.5
2852.0
9981.0
1109.0
9126.5
1031.5
24802.0
68.0
13928.0
14303.5
68.0
4941.5
1126.0
19149.5
26965.0
9402.0
6039.0
18204.5
438.5
1051.0
4496.0
9900.0
68.0
17748.5
68.0
68.0
68.0
18351.5
27288.5
31102.5
68.0
20617.5
438.5
3411.0
1792.5
9949.5
738.5
29417.5
1979.5
68.0
8467.5
2391.5
8184.5
13074.0
9891.0
3618.5
10363.0
3176.0
9901.0
16808.5
2355.5
13206.0
3714.0
14825.0
33515.0
6825.5
6735.0
10766.0
68.0
4540.5
3742.0
15918.0
4757.0
543.5
68.0
68.0
22602.0
9432.0
68.0
15227.5
5468.0
68.0
3749.5
11569.0
20891.0
6295.5
0
11604.5
23002.0
2338.5
4909.0
7604.0
22800.5
8012.5
8995.5
12502.0
9992.0
25885.0
0
3578.5
68.0
68.0
24134.5
23170.0
0
2330.0
1482.5
1472.5
10759.5
68.0
0
943.5
1392.5
15738.0
1020.0
1119.0
14331.5
68.0
11437.5
4905.5
14833.5
14924.0
68.0
0
68.0
16993.5
68.0
8495.5
4078.0
1569.5
15263.5
1851.0
68.0
9970.5
2282.0
1051.0
10680.0
13761.0
0
1906.0
8569.5
18289.5
13030.5
68.0
68.0
8216.0
30271.0
3540.5
1034.0
11412.0
551.5
30308.0
19941.0
68.0
23208.0
6320.0
7718.5
9976.0
19090.0
2726.0
68.0
1860.0
19448.0
3575.5
3455.0
18987.0
68.0
1794.0
16474.0
1406.5
68.0
1799.0
1886.5
6810.0
7904.0
9908.0
68.0
5344.5
2598.0
8621.0
7137.5
9788.0
3543.0
3823.0
22430.0
68.0
17856.5
9337.0
19235.0
10837.0
6665.0
1793.5
910.0
9990.0
18280.5
629.0
4377.0
3189.5
32491.5
0
13681.5
30689.5
17469.5
29084.5
68.0
1033.5
68.0
68.0
1109.0
3871.0
22286.0
10865.5
11763.0
20599.5
11617.0
23079.5
2666.5
68.0
2072.0
23310.5
9077.5
5065.5
12056.5
18691.0
68.0
6755.5
11432.0
25871.5
961.0
5318.5
163.0
68.0
458.0
1608.5
68.0
10250.0
16170.5
10769.5
7181.5
8947.0
14323.0
29050.0
7570.5
32130.0
9331.5
27702.5
20693.0
3186.0
68.0
14349.5
6853.0
4042.5
68.0
29890.0
1499.0
3237.5
18711.5
1946.5
1004.0
25497.0
458.0
12037.5
26172.0
6253.5
68.0
1921.5
68.0
1981.5
25662.5
13932.0
2207.5
21055.0
22620.5
1610.5
9452.5
3430.5
17482.0
551.5
1352.0
1341.0
150.0
68.0
14335.0
29471.0
11768.5
68.0
68.0
5358.5
4042.0
11682.5
4458.0
19561.0
12435.0
4942.5
15240.5
68.0
14355.5
27142.5
2779.0
24548.0
4167.5
17904.0
4129.5
5385.0
5882.5
6318.0
8061.5
20507.0
25004.0
68.0
3669.0
25531.5
4918.0
3685.5
8721.0
10354.5
26951.0
68.0
13016.0
12959.0
29522.5
15245.5
22691.0
16561.5
11199.0
68.0
9667.0
1019.0
68.0
9524.5
28334.5
4527.5
1430.5
68.0
3615.0
533.5
11456.5
29982.0
23771.5
19165.5
10331.5
13016.0
2709.0
24767.5
1894.5
5140.0
10360.5
32117.0
10727.5
30429.5
17864.0
29228.5
6877.0
6246.0
1406.5
10863.5
27659.5
12128.0
2411.5
6780.0
68.0
24070.0
2238.0
3630.5
5360.5
68.0
9548.5
10052.0
1423.5
2259.5
13036.0
7688.0
2330.0
18257.5
1850.0
19752.0
8217.5
0
10319.5
16182.5
17332.5
22417.5
28237.5
14259.0
68.0
10394.0
8312.0
3152.5
21546.5
6718.0
348.5
14888.5
2349.5
12084.0
68.0
15705.0
19724.0
7379.5
68.0
4243.0
68.0
1351.0
9399.0
3388.5
5004.5
10769.0
14865.5
29028.5
3300.5
5411.5
960.5
68.0
29840.0
9895.0
17052.0
31729.5
7180.0
25881.0
20992.5
12855.0
6759.0
17016.5
21937.0
5002.0
25352.5
68.0
27858.5
1037.0
26231.5
22299.5
68.0
4129.5
4769.0
29523.0
27144.0
1419.5
6680.5
25868.0
13441.5
68.0
14799.0
11719.5
13491.0
1859.5
14708.0
1460.5
13362.5
13006.5
9168.5
24935.5
12936.0
40.5
29396.5
10231.0
4471.0
68.0
9033.0
2311.0
163.0
646.0
23608.0
11470.0
11603.5
163.0
11569.0
68.0
16653.0
12195.5
15114.0
68.0
6883.0
6343.5
8592.0
12579.5
22395.0
6812.0
1200.5
12993.0
21946.5
5026.5
7313.5
26371.0
11657.5
10818.5
68.0
2501.5
12613.0
12104.0
7033.5
10652.0
4101.0
19992.5
32015.5
16408.0
10564.5
4196.5
8103.5
25376.5
17007.5
614.0
68.0
68.0
68.0
68.0
899.0
9597.5
20219.0
68.0
16567.0
11283.0
68.0
6397.0
9475.5
24819.0
19562.0
34359.0
17397.0
10803.5
8133.5
942.5
15408.0
2835.0
11171.5
6519.0
9152.5
68.0
3355.0
7712.0
21084.5
31620.5
4334.0
68.0
3619.0
0
68.0
1228.5
5393.5
9907.5
4058.5
1867.0
20298.5
2150.5
4006.0
8154.0
1106.5
460.5
9511.5
1406.5
68.0
736.0
15270.0
6359.5
2625.5
29931.5
3118.0
6696.0
12550.5
23364.0
18261.0
29407.5
10239.0
4364.5
8279.5
12061.0
4169.0
26067.0
14322.5
2753.0
26229.5
68.0
29514.0
68.0
1496.5
11521.0
68.0
2725.5
7149.0
32695.5
10354.5
13045.5
6583.5
4570.5
68.0
3355.5
998.0
9494.5
16066.5
4662.5
4093.0
3226.0
68.0
7127.5
5884.5
8587.0
15140.5
2330.0
510.0
18042.5
7782.5
21062.0
1406.5
23198.0
17000.0
1000.0
4493.0
8590.5
9444.5
68.0
20261.0
5041.5
68.0
4902.5
5493.5
1109.0
8313.5
16202.0
6763.0
1404.0
9378.5
3023.0
0
7338.5
6813.5
9139.0
68.0
1426.0
6458.0
8440.0
11069.5
717.0
4637.5
1094.5
20661.5
68.0
7219.5
5860.5
32798.5
3133.5
9497.0
10152.0
68.0
1959.5
6741.5
8047.0
14800.5
16726.0
17106.0
18295.0
5373.5
10270.0
6714.5
11646.0
68.0
27558.5
68.0
6380.5
12113.0
14422.5
1496.5
5494.0
22325.0
3798.5
68.0
2782.0
2407.0
68.0
6758.5
4617.0
7476.5
20073.5
2057.5
21228.5
1486.0
5644.0
5877.0
17525.0
2164.5
14325.5
68.0
22735.0
11626.0
30232.5
5321.5
6382.5
33609.5
68.0
1987.0
68.0
17931.5
2182.0
68.0
28784.0
2352.5
1611.5
6336.5
17507.0
13377.0
27435.0
68.0
68.0
3804.0
13822.5
68.0
663.0
11145.5
12022.0
8709.0
1496.5
1051.0
14425.5
2092.0
22713.0
14032.0
4382.0
9946.0
7155.5
9529.0
14106.0
4049.5
68.0
8126.5
68.0
13360.0
3668.5
1314.0
68.0
15709.5
20255.0
10723.5
15668.0
68.0
68.0
68.0
14422.5
4542.5
1884.5
17599.0
3242.0
4782.5
5784.5
5707.5
4505.5
68.0
9066.5
1906.0
26659.0
4532.0
943.5
7121.5
23737.5
15237.5
12613.5
4520.5
7605.5
3130.5
68.0
2318.5
4173.5
7169.5
5807.0
5392.5
1053.0
20902.5
4914.5
24985.5
11706.5
9493.5
8512.0
1122.5
22019.0
23738.5
3225.0
32730.0
14364.5
6363.0
9106.0
365.5
1421.5
68.0
68.0
21519.0
30751.5
9102.5
22127.0
68.0
29771.5
14331.5
438.5
12568.0
4977.0
15656.0
14415.0
11131.0
68.0
13096.5
8096.0
4473.5
1518.5
14421.0
68.0
20156.5
13448.0
24786.0
19725.5
68.0

68.0
12507.5
4100.0
9862.5
12630.0
3066.0
4118.5
1888.0
0
68.0
68.0
15114.5
14349.5
8932.5
8913.0
543.5
4599.0
18249.5
