15000
15000
15065.0
15068.0
15068.0
15000
15068.0
15068.0
15068.0
15068.0
15453.0
15068.0
15068.0
15068.0
15365.5
15000
15068.0
15438.5
15068.0
15068.0
15068.0
15365.5
15448.0
15257.0
15068.0
15068.0
15068.0
15068.0
15068.0
15563.0
15068.0
15068.0
15068.0
15068.0
15068.0
15258.0
15000

15258.5
15663.0
15068.0
15068.0
15068.0
15067.5
15063.0
15663.0
15775.5
15068.0
15068.0
15565.0
15063.0
15068.0
15976.0
15458.0
15278.5
15451.0
15000
15068.0
15068.0
15000
15068.0
15943.5
15068.0
15257.0
15068.0
15271.0
15008.0
15068.0
16053.0
15050.0
15068.0
15568.5
15068.0
15470.5
15067.5
15068.0
16203.5
15068.0
15000
15173.0
15068.0
15000
15065.0
15068.0
15068.0
15258.0
15068.0
15068.0
15460.5
15068.0
15068.0
15551.5
15068.0
15068.0
15492.0
15962.0
15978.0
15068.0
15365.5
15068.0
15068.0
15365.5
15068.0
15068.0
15068.0
15474.0
15458.0
15383.0
15757.5
15068.0
15068.0
15000
15000
15068.0
15568.5
15068.0
15163.0
15068.0
15271.0
15068.0
15383.0
15068.0
15068.0
15068.0
15271.0
15173.0
15068.0
16179.0
15586.0
15068.0
15068.0
15068.0
15680.5
15068.0
15068.0
15365.5
15380.5
15551.5
15068.0
15068.0
15068.0
15373.0
15068.0
15000
15068.0
15068.0
15785.5
15740.5
15068.0
15068.0
15068.0
15453.5
15068.0
15068.0
15470.5
15173.0
15068.0
15173.0
15068.0
15775.5
15068.0
15068.0
15068.0
15068.0
15641.5
15068.0
15271.0
15443.5
15000
15068.0
15068.0
15383.0
15673.5
15383.0
15553.0
15365.5
15365.5
15365.5
15068.0
15348.5
15057.5
15068.0
16154.5
15068.0
15460.0
15000
15068.0
15271.0
16136.5
15068.0
15365.5
15068.0
15000
15271.0
15383.0
15068.0
15068.0
15352.0
15068.0
15068.0
15068.0
15068.0
15376.0
15068.0
15000
15068.0
15068.0
15789.0
15068.0
15068.0
15068.0
15271.0
15068.0
15173.0
15068.0
15000
15785.5
15365.5
15068.0
15068.0
15068.0
15785.5
16177.5
15029.0
15068.0
15068.0
15068.0
15068.0
15068.0
15068.0
15068.0
15068.0
15068.0
15068.0
15068.0
15068.0
15535.0
15068.0
15068.0
15068.0
15068.0
16622.5
15173.0
15068.0
15068.0
15068.0
15257.0
15661.0
15068.0
15551.5
17134.0
15068.0
15271.0
15068.0
15000
15068.0
15068.0
15068.0
15068.0
15068.0
15887.0
15365.5
15068.0
15882.0
15348.5
15068.0
15068.0
15068.0
15068.0
15173.0
15068.0
15773.0
15068.0
15068.0
15068.0
15885.0
15068.0
15068.0
15000
15383.0
15068.0
15470.5
15271.0
15068.0
15173.0
15869.5
15173.0
15068.0
15068.0
15365.5
15068.0
15271.0
15068.0
15173.0
15068.0
15068.0
15068.0
15663.0
15068.0
15163.0
15271.0
15857.0
15365.5
15068.0
15068.0
15068.0
15964.5
15068.0
15068.0
15068.0
15068.0
15383.0
15068.0
15173.0
15365.5
15978.0
15383.0
15068.0
15008.0
15068.0
15173.0
15068.0
15478.0
15000
15383.0
15698.0
15365.5
15163.0
15050.0
15383.0
15173.0
15453.5
15068.0
15656.5
15068.0
15068.0
16797.5
15068.0
15271.0
15068.0
15068.0
15068.0
15271.0
15257.0
15068.0
15452.0
15068.0
15068.0
16559.0
15572.0
15068.0
15163.0
15383.0
15068.0
15173.0
15681.0
15285.5
15068.0
15068.0
16372.5
15068.0
15271.0
15163.0
15554.5
15271.0
15068.0
15068.0
15869.5
15995.5
15916.0
15068.0
15163.0
15681.0
15883.5
15383.0
15383.0
15271.0
15068.0
15068.0
15271.0
15068.0
15068.0
15383.0
15543.5
15068.0
15068.0
15068.0
15271.0
15068.0
15674.0
15068.0
15068.0
15068.0
15153.5
15853.5
15583.0
15068.0
15068.0
15460.5
15365.5
15068.0
15383.0
15068.0
15068.0
15068.0
15068.0
15461.0
15068.0
15365.5
16104.0
15068.0
15460.5
15468.5
15365.5
15365.5
15906.5
15663.5
15068.0
15068.0
15458.0
15068.0
15015.5
15068.0
15383.0
15000
15163.0
15974.5
15068.0
15680.5
15068.0
15068.0
15663.0
15869.5
15257.0
15566.0
15068.0
15649.5
15068.0
15068.0
15068.0
15068.0
15068.0
15568.5
15173.0
15000
15258.0
15362.0
15488.5
15271.0
15568.5
15068.0
15068.0
15068.0
15000
15068.0
16700.0
15173.0
15365.5
15673.5
15068.0
15068.0
15068.0
15271.0
15366.0
15573.0
15761.0
15257.0
15068.0
15257.0
15680.5
15995.5
15163.0
15068.0
15068.0
15738.5
15446.5
15271.0
15068.0
15068.0
15068.0
15068.0
15460.5
15000
15271.0
15271.0
16171.0
15365.5
15068.0
15068.0
15068.0
15663.0
15649.5
15680.5
15348.5
15383.0
15000
15663.0
15068.0
15285.5
15365.5
15568.5
15667.0
15667.0
15659.5
15863.5
15068.0
15068.0
15068.0
16198.5
15568.5
15068.0
15068.0
15173.0
15068.0
15068.0
15068.0
15068.0
15068.0
15257.0
15068.0
15000
15356.5
16742.5
15866.0
15068.0
15673.5
16583.5
15348.5
15366.0
15068.0
15068.0
15163.0
15068.0
15271.0
16204.0
15153.5
16098.5
15383.0
15068.0
15257.0
16190.0
15888.5
15978.5
15271.0
15551.5
15068.0
15554.5
15068.0
15068.0
15964.5
15674.0
15068.0
15068.0
15068.0
15068.0
15698.0
15453.5
15568.5
15000
15271.0
15663.5
15553.0
15068.0
15068.0
15365.5
15068.0
15971.5
16096.0
15068.0
15068.0
15458.0
15271.0
15563.0
15068.0
15035.0
15271.0
15068.0
15789.5
15068.0
15173.0
15649.5
15068.0
15873.0
15068.0
15365.5
15271.0
15068.0
15068.0
15068.0
15068.0
15271.0
15768.0
15365.5
15677.0
15572.0
15586.0
15068.0
15173.0
15068.0
15285.5
15068.0
15773.0
15736.0
15173.0
15663.0
15068.0
15173.0
15000
15068.0
15470.5
17177.0
17120.0
15883.5
15068.0
15999.0
15068.0
15901.0
15785.5
15383.0
15000
15068.0
15257.0
15068.0
15068.0
16496.0
15068.0
15365.5
15068.0
15068.0
15661.0
15068.0
15371.0
15680.5
15677.0
15068.0
15698.0
15573.0
15068.0
15640.5
15958.5
16646.0
15460.5
15474.0
15257.0
15068.0
15068.0
15068.0
15068.0
16928.5
15451.0
15068.0
15365.5
15163.0
15671.5
15257.0
15365.5
15905.0
15000
17206.5
15257.0
16727.5
15163.0
15688.0
15068.0
15068.0
15771.5
15365.5
15068.0
15068.0
15068.0
15365.5
15974.5
16591.0
15470.5
15068.0
15068.0
15068.0
15068.0
15068.0
15068.0
15474.0
15271.0
15271.0
15458.0
15068.0
15551.5
15068.0
15068.0
15068.0
15068.0
15000
15460.5
15768.0
15663.0
15646.0
16336.0
15446.5
15068.0
15068.0
15068.0
15271.0
15068.0
15068.0
15677.5
15383.0
15078.0
15068.0
15068.0
15383.0
15365.5
15068.0
16620.0
16088.5
15068.0
15663.0
15068.0
15348.5
15068.0
15068.0
15068.0
15680.5
15458.0
15677.0
15568.5
15068.0
15068.0
15646.0
15271.0
15871.0
15000
17001.0
15068.0
16385.5
15068.0
16512.0
15741.5
15365.5
15173.0
15068.0
15459.5
15850.5
15680.5
15068.0
15068.0
15068.0
15068.0
16070.5
15380.5
15663.5
15698.5
15383.0
15365.5
15068.0
15068.0
15285.5
15068.0
16222.0
15365.5
15068.0
15068.0
15068.0
16184.5
15068.0
15568.5
15383.0
15271.0
15365.5
15460.0
15173.0
15068.0
16083.0
15068.0
15068.0
15883.5
15678.0
15068.0
15068.0
16167.0
16092.0
15758.0
15068.0
15068.0
15590.0
15068.0
15163.0
15554.5
15068.0
16083.0
16562.0
16184.5
15383.0
15271.0
15068.0
15271.0
15257.0
15068.0
15271.0
15068.0
15173.0
15068.0
16289.5
15068.0
15271.0
15173.0
15383.0
15068.0
15383.0
15068.0
17335.5
15691.5
15163.0
15383.0
15554.5
15068.0
15554.5
15068.0
15775.5
16076.5
15271.0
15173.0
16167.5
15068.0
15068.0
15758.0
15153.5
15478.0
16081.0
15068.0
15068.0
15771.5
15068.0
15183.5
15383.0
16181.0
15068.0
15068.0
15068.0
15268.0
15640.0
15068.0
15474.0
15365.5
15461.0
15474.0
15068.0
16069.0
15000
15773.0
15768.0
15870.5
15677.5
15068.0
15153.5
16553.5
15680.5
15758.5
15366.0
15365.5
15068.0
15068.0
15365.5
15068.0
15068.0
15068.0
15068.0
15654.0
15447.5
15163.0
15068.0
15460.5
15461.0
16379.5
15365.5
15068.0
15898.0
15768.0
15173.0
16689.0
15068.0
15365.5
15669.5
15901.0
15365.5
15163.0
15163.0
15068.0
15554.5
15365.5
15068.0
15068.0
15460.5
15173.0
15383.0
15068.0
15068.0
15943.5
16184.5
15677.0
15365.5
15163.0
15068.0
16199.5
15173.0
15568.5
15243.5
15365.5
15068.0
15478.0
15257.0
15068.0
15068.0
15068.0
15348.5
15285.5
15068.0
15383.0
15068.0
15068.0
15659.5
15068.0
15163.0
15000
15068.0
15068.0
15365.5
16154.5
15680.5
15068.0
15068.0
15068.0
15663.5
15163.0
15173.0
15271.0
15383.0
15068.0
15068.0
16780.5
15583.0
15068.0
15553.0
15271.0
15068.0
15068.0
15068.0
15271.0
15278.0
15068.0
15474.0
15068.0
15554.5
15068.0
15268.0
15068.0
15000
15068.0
16202.5
16574.0
15365.5
15755.5
15068.0
16498.5
15068.0
15680.5
15868.0
15365.5
15068.0
15285.5
15376.0
15988.5
15068.0
15988.0
15680.5
15068.0
15068.0
16898.5
15537.5
15661.0
15068.0
15068.0
15068.0
15068.0
15978.0
15068.0
15068.0
15365.5
15383.0
15163.0
15173.0
15068.0
15068.0
16834.0
15960.5
15068.0
15470.5
15983.5
16489.5
15068.0
15068.0
15068.0
15668.5
15068.0
15068.0
15163.0
15068.0
15775.5
16309.0
15068.0
15554.5
15271.0
16074.5
15068.0
15460.0
15068.0
15068.0
15680.5
15068.0
15068.0
15068.0
15068.0
15572.0
15068.0
15068.0
16388.0
15383.0
15565.5
15068.0
15568.5
15068.0
15068.0
15905.5
15663.0
15551.5
15663.5
15068.0
15068.0
15460.0
15068.0
15365.5
15684.0
15068.0
15659.5
15173.0
15356.5
15068.0
15068.0
15068.0
15173.0
15163.0
15173.0
15068.0
15068.0
15068.0
15271.0
15068.0
15068.0
15068.0
15068.0
15271.0
15068.0
15458.0
15163.0
15068.0
15173.0
15068.0
16385.5
15678.0
15068.0
15068.0
15572.0
15068.0
15068.0
15691.0
15068.0
16455.5
15458.0
16273.5
15068.0
15068.0
16668.5
15068.0
15365.5
15901.5
15243.5
15068.0
15068.0
15572.0
15068.0
15068.0
15068.0
16496.5
15754.5
15572.0
15068.0
15460.0
15068.0
15383.0
15068.0
15555.0
15173.0
15068.0
16411.0
15458.0
15365.5
15383.0
15271.0
15376.0
15173.0
15163.0
15068.0
15068.0
15068.0
15068.0
15365.5
15068.0
15271.0
15365.5
15068.0
15068.0
15365.5
15068.0
15362.0
15365.5
16080.5
15068.0
15773.5
16294.5
15068.0
16070.5
15365.5
15376.0
15068.0
15068.0
15996.5
15586.0
15068.0
15883.5
15383.0
15257.0
15680.5
17523.0
15068.0
15068.0
15000
15068.0
15173.0
15068.0
15383.0
15068.0
15068.0
15663.0
15366.0
15458.0
15271.0
15068.0
15458.0
15068.0
15383.0
15661.0
15163.0
15068.0
15068.0
15068.0
15068.0
15975.5
15173.0
15271.0
15068.0
15163.0
15173.0
15068.0
15365.5
15068.0
15068.0
15271.0
15736.0
15686.0
15068.0
15068.0
15068.0
15962.0
15068.0
15586.0
15068.0
16388.5
15460.0
15000
15852.5
15068.0
15365.5
15365.5
15068.0
15068.0
15257.0
15068.0
16006.5
15153.5
15961.0
15461.0
15470.5
15068.0
15352.0
15163.0
15068.0
16202.5
15173.0
15068.0
15365.5
15899.0
15068.0
15474.0
15029.0
15068.0
15068.0
15000
15068.0
15878.5
15068.0
15365.5
15068.0
15163.0
16685.5
15474.0
15565.5
15554.5
15068.0
15861.0
16667.5
15068.0
15068.0
15068.0
15173.0
15271.0
15068.0
15068.0
15383.0
16307.0
15866.5
15068.0
16816.0
15068.0
15583.0
15153.5
16164.0
15844.5
15068.0
15068.0
15365.5
15761.0
16014.0
15678.0
15680.5
15068.0
15068.0
15650.5
15460.0
15068.0
15559.5
15271.0
15365.5
15899.5
15898.0
15883.5
15068.0
15775.0
15383.0
15173.0
15068.0
15271.0
16703.0
15068.0
15068.0
15956.5
15365.5
15068.0
16167.0
15068.0
15068.0
15068.0
16167.0
16370.5
15068.0
16617.0
15173.0
15460.5
15258.0
15243.5
15068.0
15068.0
15068.0
15257.0
15271.0
16006.5
16290.0
15000
16599.0
15271.0
15068.0
15068.0
15271.0
15068.0
15383.0
15068.0
15068.0
15068.0
15068.0
15163.0
15068.0
15554.5
15068.0
15068.0
15068.0
15698.0
15068.0
15356.5
15173.0
15068.0
15961.0
15478.0
15271.0
15383.0
16402.0
15068.0
15586.0
15068.0
15068.0
15068.0
15271.0
16399.0
15068.0
15271.0
16358.0
15068.0
15068.0
15068.0
15163.0
15068.0
15775.0
15068.0
16564.0
15068.0
15068.0
15068.0
15068.0
15068.0
15775.0
15068.0
15077.5
15068.0
15365.5
15648.0
15068.0
15551.5
15068.0
15163.0
15068.0
15068.0
15271.0
15068.0
15068.0
15068.0
15068.0
15881.0
15068.0
15271.0
15000
15663.5
15068.0
15257.0
15068.0
15068.0
15068.0
15626.5
15568.5
16100.5
15365.5
16126.0
15902.5
15976.0
16177.5
15068.0
15285.5
15068.0
15068.0
15068.0
15068.0
15068.0
18147.0
15068.0
15688.0
15068.0
15068.0
15460.5
15068.0
15887.0
15163.0
15068.0
15271.0
15659.5
15173.0
15271.0
16293.0
15366.0
16346.0
15068.0
15474.0
15068.0
15068.0
16577.5
16007.0
15766.0
15068.0
15285.5
15068.0
15068.0
15050.0
15068.0
15068.0
15785.5
15068.0
15068.0
15163.0
15958.5
15680.5
15383.0
15365.5
15068.0
15271.0
15000
15068.0
15365.5
15271.0
15776.5
15383.0
15163.0
15460.5
16780.0
15961.5
15271.0
15068.0
15068.0
15068.0
15285.5
15173.0
15173.0
15068.0
15068.0
16510.5
15068.0
15000
15068.0
15068.0
16381.5
15576.5
15866.0
15173.0
17856.0
15365.5
15068.0
15566.0
15068.0
15068.0
15068.0
15068.0
16184.5
15068.0
15068.0
15068.0
15068.0
15068.0
15068.0
15068.0
15460.0
15766.0
15068.0
15068.0
15068.0
15068.0
15383.0
17690.5
15068.0
15068.0
15068.0
15783.5
15458.0
15271.0
16192.0
15271.0
15068.0
15068.0
17034.0
15470.5
15880.0
16196.5
15173.0
15257.0
15068.0
15163.0
15153.5
15068.0
15460.5
15258.5
15068.0
15173.0
15458.0
15068.0
15068.0
15390.5
15068.0
15068.0
15782.5
15365.5
15068.0
15663.0
15068.0
15470.5
15068.0
15758.5
15365.5
15173.0
15068.0
15785.5
15068.0
15068.0
15958.5
15663.5
15971.0
15173.0
15068.0
15563.0
15068.0
15460.0
15458.0
15757.5
15568.5
15365.5
15365.5
15271.0
15068.0
15553.0
15271.0
15068.0
15068.0
15663.0
15663.5
15068.0
15660.0
15366.0
15383.0
15271.0
15068.0
15068.0
15781.0
15173.0
15068.0
15659.5
15568.5
15068.0
15068.0
15365.5
15257.0
15068.0
16085.5
16086.5
16086.5
15068.0
15068.0
16477.0
15068.0
15068.0
16772.5
15460.5
15554.5
15068.0
15068.0
16435.0
15163.0
15458.0
16447.5
15869.5
15000
15068.0
15468.5
15068.0
15068.0
18470.5
15383.0
15173.0
15376.0
16088.5
15068.0
15068.0
15572.0
15173.0
15000
15257.0
15383.0
15257.0
15068.0
15271.0
15821.0
15068.0
15271.0
15905.0
15068.0
16871.5
15173.0
15163.0
15383.0
15438.5
16608.5
15554.5
15663.5
15068.0
15068.0
15000
15068.0
16274.5
15271.0
15460.0
15068.0
15068.0
15173.0
15460.0
15568.5
16791.5
15667.0
15068.0
15546.0
15068.0
15163.0
15352.0
15451.0
15000
15068.0
15000
15068.0
15163.0
16601.5
15173.0
15068.0
15068.0
15257.0
15163.0
15068.0
15257.0
15068.0
15068.0
15173.0
15068.0
15365.5
15663.0
15271.0
15583.0
15458.0
15383.0
16053.0
15356.5
15173.0
15068.0
15068.0
15068.0
15545.5
15068.0
17335.0
15068.0
15677.0
15183.5
15474.0
15285.5
16198.5
17342.0
15383.0
15667.0
15257.0
15068.0
15068.0
15163.0
15068.0
15446.0
15163.0
15365.5
15068.0
15383.0
15848.0
15572.0
15068.0
15068.0
16184.5
15068.0
15068.0
15460.0
15365.5
15068.0
15068.0
15680.5
15761.0
15068.0
15478.0
15365.5
15365.5
15068.0
16360.5
15173.0
15992.0
15068.0
15068.0
16070.5
15365.5
15959.5
15068.0
15068.0
15068.0
15586.0
15460.5
15000
15583.0
15068.0
15451.0
15068.0
15383.0
16163.5
15568.5
15271.0
15879.5
15173.0
15068.0
15471.0
16813.5
15257.0
15068.0
15068.0
15460.5
15383.0
15068.0
15478.0
15257.0
15068.0
15365.5
15663.0
15866.0
15068.0
15671.5
15068.0
15068.0
15383.0
15365.5
15663.0
15663.5
15068.0
16271.0
15068.0
15068.0
15068.0
15068.0
16108.5
15663.5
15362.0
15068.0
15680.5
15068.0
15068.0
15068.0
15068.0
15869.5
15068.0
15163.0
15068.0
15068.0
15163.0
15068.0
16401.5
15755.5
15068.0
15068.0
15068.0
15383.0
15068.0
15978.0
15173.0
15285.5
15068.0
15989.0
15383.0
15365.5
15271.0
15586.0
16051.5
15068.0
16069.0
15271.0
16167.0
15173.0
15163.0
15068.0
15646.0
16014.0
16101.0
15068.0
15068.0
15068.0
15646.0
15068.0
15068.0
15786.0
15068.0
15365.5
15383.0
15068.0
15068.0
15163.0
16090.0
16387.5
15068.0
17007.5
15958.5
15869.5
15271.0
15068.0
15068.0
15068.0
16479.0
16501.0
15285.5
15383.0
15383.0
15068.0
15068.0
15068.0
15866.5
15668.5
15887.5
15458.0
15866.5
15068.0
15762.5
15163.0
16283.5
16446.0
15902.0
15068.0
15488.0
15068.0
15661.0
15285.5
15458.0
15068.0
15671.5
15365.5
16888.5
15163.0
15068.0
15555.5
15068.0
15680.5
18107.5
15068.0
15995.5
15068.0
16388.0
15068.0
16336.0
15068.0
16265.0
15663.0
15271.0
17224.5
16298.5
15068.0
15785.5
15638.5
15771.5
15271.0
15068.0
15173.0
15068.0
15068.0
15883.5
16119.0
15068.0
15352.0
16378.0
15488.0
16167.0
15068.0
15555.5
16414.0
15365.5
15068.0
15068.0
15568.5
15068.0
15068.0
15068.0
15068.0
16392.0
15068.0
15068.0
15901.0
15271.0
16488.0
15554.5
15365.5
15586.0
15068.0
15068.0
15068.0
15986.0
15068.0
15551.5
15163.0
15365.5
16284.5
15401.0
16199.0
15975.0
15068.0
15068.0
18056.5
15050.0
15365.5
15068.0
15453.5
15271.0
15068.0
15068.0
15661.0
15852.5
15068.0
15271.0
15068.0
15568.5
15000
15173.0
15661.0
15555.0
15068.0
15568.5
15163.0
15783.0
16416.5
15488.0
16202.0
15748.5
15365.5
15365.5
16726.0
15068.0
15068.0
15365.5
16385.0
15285.5
15068.0
15680.5
15173.0
15271.0
15680.5
15271.0
15470.5
15663.0
15663.0
15470.5
15163.0
15068.0
15888.5
15068.0
15068.0
16199.0
15068.0
15271.0
15976.0
15068.0
15460.0
15568.5
15068.0
15068.0
15383.0
15365.5
15068.0
15680.5
16092.0
15746.5
15878.5
15068.0
15474.0
15271.0
15068.0
15068.0
15068.0
15271.0
15068.0
15183.5
15068.0
15758.0
15068.0
15153.5
15068.0
15866.0
15783.5
15163.0
17043.0
15852.0
15271.0
15773.0
16192.0
15271.0
15348.5
15068.0
18101.0
15258.5
15068.0
15068.0
17310.0
15068.0
16079.5
16104.0
15068.0
15068.0
15568.5
15068.0
15383.0
15068.0
15271.0
15458.0
15068.0
15000
15163.0
15257.0
15401.0
15068.0
15068.0
15000
15173.0
15987.0
15068.0
15786.0
15068.0
15999.0
15068.0
15663.0
15681.0
15068.0
15068.0
15551.5
15173.0
15365.5
15365.5
15173.0
15068.0
15068.0
15068.0
16482.0
15068.0
15068.0
15068.0
15163.0
16277.5
15271.0
15068.0
16272.5
15887.5
15173.0
15068.0
15458.0
16526.5
16013.0
15068.0
15458.0
15883.5
15663.5
15451.0
15068.0
15365.5
15068.0
15365.5
15271.0
15663.0
15271.0
15068.0
15978.0
16500.5
15366.0
15365.5
15068.0
15558.5
15894.5
15755.5
15068.0
15173.0
16164.0
16245.0
15257.0
15555.0
15068.0
16224.0
15068.0
15383.0
15885.5
15068.0
15068.0
15068.0
15163.0
15383.0
15352.0
16478.5
15285.5
15068.0
15688.5
15068.0
16094.0
16189.0
16304.0
15173.0
15257.0
15068.0
15068.0
15478.0
15068.0
15649.5
16770.5
15365.5
15173.0
15068.0
17109.5
15068.0
15068.0
15271.0
17441.5
16695.5
16525.0
15163.0
15954.0
16090.5
15068.0
15068.0
15068.0
15365.5
15768.5
15271.0
15271.0
15068.0
15257.0
16671.5
15659.5
15068.0
15068.0
15383.0
15068.0
15271.0
15271.0
15905.0
15068.0
15068.0
15248.5
15068.0
15068.0
15163.0
15586.0
15271.0
16398.5
15365.5
15068.0
15068.0
16063.5
15883.5
15478.0
15961.0
16504.0
15173.0
16595.0
15453.5
15946.5
15470.5
15068.0
15068.0
15068.0
15068.0
15068.0
15068.0
16309.5
15068.0
15068.0
15068.0
15068.0
15068.0
15680.5
15680.5
15460.5
15068.0
15068.0
15163.0
15068.0
15068.0
15068.0
15257.0
15488.5
15068.0
15365.5
17424.5
15068.0
15068.0
15458.0
15474.5
15271.0
15271.0
15383.0
15068.0
15568.5
15919.0
15753.5
15271.0
15068.0
15383.0
15068.0
15068.0
15068.0
15663.0
16185.0
15365.5
15068.0
15068.0
15068.0
15068.0
15068.0
15163.0
15586.0
15271.0
15068.0
15068.0
15163.0
15173.0
15068.0
15068.0
15568.5
15271.0
16656.5
15474.0
16571.5
16101.5
15976.5
15068.0
15068.0
15068.0
15953.5
15257.0
15163.0
16669.0
16184.5
16602.0
16070.5
15068.0
16178.0
15173.0
15068.0
15257.0
15068.0
15068.0
15068.0
15458.0
15553.0
15068.0
15964.5
15068.0
15068.0
15586.0
15365.5
16448.5
15068.0
15068.0
15068.0
15068.0
15365.5
15271.0
15068.0
15470.5
15757.5
16515.5
15068.0
15173.0
15271.0
15646.0
15068.0
16387.5
15460.5
15365.5
15163.0
15646.0
15163.0
15271.0
15068.0
15883.5
15068.0
15068.0
15068.0
15068.0
15365.5
15365.5
15068.0
16808.0
15173.0
15068.0
15978.5
15068.0
15554.5
16286.0
16101.5
15068.0
15068.0
15068.0
15068.0
15068.0
15869.5
16482.0
15365.5
15068.0
15163.0
15458.0
15068.0
16108.5
15068.0
15365.5
15068.0
15068.0
15383.0
15068.0
15068.0
15068.0
15068.0
15474.5
15724.5
15365.5
15068.0
15163.0
15866.5
17219.0
15068.0
15673.5
15068.0
15572.0
16894.0
15068.0
15068.0
15163.0
15568.5
15978.0
15068.0
15743.5
15285.5
15271.0
15271.0
15783.5
15775.5
15173.0
16498.0
16080.0
15781.0
15068.0
15365.5
15866.0
15365.5
15653.0
15068.0
15460.0
15068.0
15068.0
15068.0
16293.0
15661.0
17205.0
15647.0
15531.5
15365.5
15068.0
15068.0
15271.0
15438.5
16253.5
15883.5
15365.5
16385.5
15068.0
15474.0
15757.5
15068.0
15988.5
15362.0
15068.0
15257.0
15068.0
15883.5
15736.0
15068.0
15383.0
15772.0
15068.0
15451.5
15438.5
15869.5
16910.0
15068.0
15871.0
15470.5
15068.0
15698.0
15163.0
15446.0
15173.0
15365.5
15068.0
16406.5
15785.5
15068.0
16585.0
15366.0
15068.0
16471.5
15572.0
15163.0
15568.5
15068.0
15365.5
15572.0
15068.0
15989.0
15271.0
15586.0
16053.5
15000
15383.0
15883.5
16185.5
15752.0
16371.0
15365.5
15068.0
17527.0
15680.5
15365.5
15976.0
15068.0
15869.5
15366.0
15383.0
15647.0
15068.0
15558.5
15068.0
15271.0
15884.5
15365.5
15068.0
15769.0
15068.0
15068.0
15366.0
15470.5
15565.5
15068.0
15173.0
16387.5
15068.0
15068.0
15285.5
15068.0
15663.0
15163.0
15352.0
15163.0
15551.5
15068.0
15068.0
15678.0
15663.0
15348.5
15068.0
15568.5
15936.0
15068.0
15068.0
15257.0
15271.0
15068.0
15460.0
15068.0
15649.5
15068.0
15068.0
15883.5
15271.0
15271.0
15068.0
15365.5
15568.5
15163.0
15068.0
15068.0
15068.0
16156.5
15460.5
15068.0
15243.5
16370.5
15068.0
15365.5
15068.0
15068.0
15586.0
15068.0
15680.5
15257.0
15163.0
15068.0
15068.0
15271.0
15775.5
15183.5
15271.0
15271.0
15365.5
15068.0
15761.5
15365.5
15362.0
16129.0
15068.0
15680.5
15474.0
15383.0
15460.0
15679.0
15271.0
15068.0
15068.0
15989.0
15078.0
15586.0
15453.5
15068.0
15971.0
15068.0
15365.5
16086.5
15068.0
15758.5
15173.0
15068.0
15568.5
15068.0
15365.5
15068.0
16153.5
17221.5
15173.0
15173.0
16819.5
15572.0
15348.5
16286.5
15470.5
15068.0
15068.0
15068.0
15257.0
15068.0
15488.0
15068.0
19293.5
15068.0
15068.0
15068.0
15870.0
15068.0
15365.5
15663.0
15554.5
15365.5
15068.0
15068.0
16884.5
16078.5
15068.0
15555.5
15173.0
15163.0
15068.0
15365.5
15554.5
15645.0
15068.0
15163.0
15068.0
15657.5
15068.0
16199.0
16167.5
16178.5
15446.0
15068.0
15068.0
15976.0
15173.0
15068.0
15173.0
15068.0
15365.5
15271.0
15568.5
15068.0
15173.0
15163.0
15068.0
15785.5
15068.0
15271.0
15068.0
15451.0
15068.0
15883.5
15068.0
15673.5
16196.5
15068.0
15257.0
16483.0
15586.0
15068.0
15271.0
15586.0
15068.0
16159.5
15068.0
15068.0
15460.5
15068.0
15458.0
15383.0
15068.0
15068.0
16171.0
15772.0
16101.5
15068.0
15558.5
15068.0
15068.0
16980.0
15068.0
15553.0
15383.0
15786.0
15866.0
15068.0
15163.0
15680.5
15068.0
16393.5
17203.0
15068.0
15068.0
15383.0
16416.5
16699.0
17808.5
15271.0
15068.0
15068.0
15068.0
15365.5
15068.0
15173.0
15068.0
15789.0
15068.0
15068.0
15068.0
15068.0
16541.0
15365.5
15163.0
15068.0
15365.5
16289.5
16398.5
15635.0
15680.5
15271.0
15068.0
15173.0
15883.5
15271.0
15348.5
15068.0
15068.0
15068.0
15474.5
15068.0
15068.0
15458.0
15068.0
15257.0
15271.0
15663.0
15898.0
15478.0
15365.5
15985.5
15068.0
15383.0
15383.0
16380.5
16263.0
15383.0
15551.5
15257.0
15068.0
15068.0
15068.0
15068.0
15068.0
17479.5
15365.5
15068.0
16275.5
15383.0
15460.5
15383.0
15681.5
15068.0
15068.0
15068.0
15068.0
15554.5
15173.0
15068.0
15257.0
15663.5
15163.0
15068.0
17142.5
15068.0
15348.5
15068.0
15068.0
17348.5
15068.0
15961.0
15271.0
16446.0
15271.0
15068.0
15558.5
15068.0
15460.0
15068.0
15173.0
15068.0
15173.0
15365.5
15068.0
16562.5
15068.0
15543.5
16608.0
15383.0
15771.5
15883.5
16557.5
15068.0
15000
16514.0
15068.0
16091.5
15068.0
15257.0
16702.5
16418.0
15365.5
15068.0
16280.0
15068.0
15869.5
15068.0
15979.0
15153.5
15365.5
15068.0
15068.0
15365.5
15068.0
15959.5
15068.0
15068.0
16073.0
15163.0
16282.0
15458.0
15680.5
15554.5
16874.5
15173.0
15365.5
15173.0
16217.5
15068.0
15460.0
15068.0
15068.0
15470.5
15257.0
15068.0
16774.0
16198.5
15783.0
16216.0
16462.0
15068.0
15163.0
15458.0
15068.0
15841.0
15453.0
15068.0
15173.0
15984.0
15629.5
16705.5
15173.0
15173.0
15068.0
15068.0
15068.0
15163.0
15068.0
15068.0
15546.0
16066.0
17412.0
15068.0
18045.0
15383.0
15068.0
15163.0
15883.5
15478.0
15365.5
15068.0
15068.0
15068.0
16602.0
16466.0
15068.0
15271.0
15365.5
15285.5
15068.0
15173.0
15383.0
15068.0
15068.0
15365.5
15488.5
16270.0
17217.0
15680.5
15068.0
15068.0
15969.5
17250.5
15775.0
15757.5
15068.0
15068.0
15163.0
15663.0
15478.0
15173.0
15365.5
15533.5
15068.0
15173.0
15068.0
15163.0
15068.0
15257.0
15680.5
15362.0
15458.0
15068.0
15956.5
15163.0
15271.0
15365.5
15852.5
15068.0
15646.0
15068.0
15068.0
15365.5
15572.0
15459.5
15365.5
15173.0
15173.0
15068.0
15568.5
15068.0
15775.5
15068.0
16973.0
15068.0
15068.0
16564.0
15663.0
15271.0
15383.0
17714.5
15271.0
15163.0
15163.0
15285.5
15365.5
15068.0
15068.0
15068.0
15068.0
15380.5
15173.0
15068.0
15068.0
15656.5
15383.0
15068.0
16087.5
16276.0
16270.0
15173.0
15068.0
16881.0
15554.5
15068.0
15568.5
15068.0
15663.0
15555.5
16381.5
15068.0
15163.0
15365.5
15870.5
15453.5
15583.0
15586.0
17651.5
15068.0
15068.0
15742.0
15068.0
15568.5
15268.0
15068.0
15661.0
15068.0
15663.5
15365.5
15657.5
15680.5
15068.0
15878.5
15649.5
16511.5
15884.5
15173.0
15871.0
15753.5
15569.0
15271.0
15460.5
16729.0
15365.5
15068.0
15383.0
15068.0
16069.0
16118.5
15068.0
15285.5
15068.0
15068.0
15173.0
15365.5
15068.0
15257.0
15365.5
15257.0
15458.0
15068.0
15663.5
15173.0
15271.0
15458.0
15663.5
15163.0
16108.5
15068.0
15068.0
15068.0
15068.0
15068.0
15068.0
15163.0
15285.5
15068.0
15680.5
15470.5
15068.0
15268.0
15068.0
17922.5
15068.0
15383.0
15163.0
15365.5
15468.5
15068.0
16223.5
15752.0
15782.0
15383.0
15068.0
15680.5
15068.0
15883.5
15383.0
15068.0
15663.0
15383.0
15068.0
15383.0
15383.0
15068.0
15257.0
15068.0
15068.0
15878.5
16270.5
15068.0
15268.0
15258.5
15653.5
16118.5
15068.0
15068.0
15257.0
15680.5
15661.0
15661.0
15068.0
16196.5
15163.0
15563.0
15383.0
15068.0
15173.0
15068.0
15173.0
16196.0
15173.0
15068.0
16073.0
16398.5
15460.5
16573.0
15068.0
15068.0
15365.5
15901.5
15068.0
15548.5
15348.5
16482.5
15460.0
15173.0
15068.0
15996.0
15376.0
15068.0
15383.0
16199.5
15068.0
15068.0
15068.0
15572.0
15783.5
15365.5
16082.0
15365.5
15163.0
15365.5
15383.0
15173.0
16532.0
15383.0
15803.0
15068.0
15068.0
16971.0
16506.5
15982.5
15701.5
15678.0
15901.5
15068.0
15271.0
15068.0
15163.0
15348.5
15348.5
15365.5
15068.0
15383.0
15365.5
15068.0
15068.0
15458.0
15365.5
16284.0
15365.5
15365.5
15068.0
15478.0
15568.5
15068.0
16402.0
15898.0
15365.5
15460.5
15271.0
15068.0
15173.0
15068.0
15663.5
15348.5
16162.0
15068.0
15068.0
15068.0
15068.0
15068.0
15068.0
16483.5
18281.5
15068.0
15663.0
15586.0
15257.0
15068.0
15068.0
15068.0
16384.5
15962.0
15068.0
15453.0
15163.0
16906.0
15348.5
15068.0
15554.5
15461.0
15068.0
15474.0
15573.5
15078.5
15068.0
16100.5
15068.0
15558.5
15365.5
16088.5
15068.0
15163.0
15163.0
16167.5
15068.0
15574.0
15870.5
15068.0
15068.0
15285.5
15068.0
15383.0
16175.0
15257.0
17028.5
16909.0
15163.0
15468.5
15640.0
15068.0
15163.0
15572.0
15866.5
16065.5
16496.0
15068.0
15068.0
15478.0
15068.0
16391.5
15271.0
16465.0
15068.0
15068.0
16372.5
15688.0
15068.0
15891.0
15271.0
16272.0
15460.5
15068.0
15460.5
15565.0
15068.0
15869.5
16893.0
15068.0
15068.0
16500.0
16798.0
15068.0
15068.0
15365.5
15068.0
15646.0
15365.5
16303.5
15068.0
15985.5
16167.0
15583.0
15362.0
15667.0
15470.5
15068.0
15068.0
17319.0
15068.0
15654.0
15348.5
15068.0
15068.0
15887.5
15068.0
16291.0
15173.0
15068.0
15173.0
15905.0
15068.0
16875.0
15460.0
16198.5
15383.0
15068.0
15068.0
15068.0
16065.5
15068.0
15458.0
15257.0
15068.0
15271.0
15383.0
16510.5
15474.0
16384.0
16302.5
15068.0
15568.5
15271.0
15757.5
15068.0
15068.0
15478.0
16509.0
15068.0
15362.0
15271.0
15068.0
15068.0
15068.0
16086.5
15173.0
17204.5
15068.0
15068.0
15756.0
15068.0
16406.0
15068.0
15554.5
15460.5
15365.5
15068.0
15068.0
15474.0
15775.0
15068.0
15068.0
15068.0
15680.5
16210.0
15068.0
15068.0
16607.5
16681.5
15068.0
15068.0
15068.0
15755.0
15068.0
15365.5
15663.5
15068.0
15173.0
16674.5
15068.0
15068.0
16097.0
15978.5
15554.5
15068.0
15163.0
16389.0
15271.0
15068.0
15365.5
15068.0
15068.0
15401.0
15068.0
15173.0
16311.0
16662.5
15068.0
15978.5
15257.0
15488.0
15163.0
15068.0
15068.0
15068.0
15568.5
15173.0
15068.0
16089.5
15068.0
15698.0
15163.0
15068.0
15365.5
15257.0
16079.5
15068.0
15068.0
15663.0
16380.5
15268.0
16266.5
15663.5
15347.5
16286.0
15698.0
15383.0
15883.5
15173.0
15383.0
15768.0
15680.5
15068.0
15068.0
15586.0
15468.5
15470.5
15068.0
15365.5
15365.5
15880.5
15068.0
15068.0
15365.5
15460.5
15257.0
15068.0
15068.0
15348.5
15383.0
15163.0
15068.0
16816.5
15068.0
15380.5
15163.0
15365.5
15348.5
15068.0
15667.0
15257.0
16491.0
15460.5
15068.0
15271.0
15068.0
16398.0
16594.5
15068.0
15068.0
16086.5
15383.0
15268.0
15068.0
15068.0
15068.0
15365.5
15068.0
15183.5
15978.0
15068.0
16816.0
15383.0
15068.0
15470.5
15470.5
15789.5
15960.5
15663.0
15173.0
15068.0
15068.0
15068.0
15163.0
15068.0
15568.5
15944.5
15068.0
15173.0
15068.0
15068.0
15068.0
15641.5
15568.5
15365.5
15470.5
17508.0
15068.0
15068.0
15068.0
15068.0
15365.5
16384.5
15348.5
15366.0
15173.0
15068.0
16087.0
16181.0
15365.5
15068.0
15068.0
15173.0
15461.5
15257.0
15068.0
15775.5
16883.0
15173.0
15993.0
15173.0
15680.5
15680.5
15068.0
15572.0
15268.0
15068.0
15068.0
15163.0
15356.5
15761.0
15586.0
15068.0
15068.0
15362.0
15460.5
15068.0
15173.0
15680.5
15068.0
15460.5
15659.5
15271.0
17892.5
15173.0
15068.0
15068.0
16182.0
15068.0
15257.0
15068.0
16632.5
15667.0
15271.0
15365.5
15271.0
15068.0
15365.5
15968.5
15383.0
16464.5
15365.5
15460.0
15866.0
16174.5
15068.0
15383.0
15068.0
15881.0
15271.0
15568.5
15563.5
15068.0
15541.0
16216.5
16276.5
16167.5
15470.5
15680.5
15068.0
15068.0
15068.0
15068.0
15068.0
15068.0
15068.0
15068.0
15755.5
15068.0
15663.5
15068.0
15068.0
15271.0
15659.5
18259.5
15554.5
17438.5
15759.0
16205.5
15068.0
15365.5
15068.0
15068.0
15365.5
15068.0
15546.0
15068.0
15068.0
15365.5
15871.5
16393.0
15663.5
15572.0
16486.0
15068.0
15068.0
15068.0
16667.5
15068.0
15068.0
15568.5
15383.0
15068.0
15068.0
15766.5
15543.5
15068.0
15753.5
15183.5
15995.5
15068.0
15173.0
15000
15068.0
15068.0
15068.0
15068.0
15774.5
16321.0
18019.5
15068.0
15348.5
16683.0
15068.0
16293.5
15068.0
15992.5
15383.0
15960.5
17140.5
15680.5
15348.5
15470.5
16198.5
16077.5
15365.5
15163.0
15068.0
16081.0
15761.5
15271.0
15766.0
15873.5
15285.5
15383.0
16090.5
15068.0
15365.5
15068.0
16465.5
15646.0
15383.0
15068.0
15068.0
15785.5
15383.0
15068.0
15978.5
15068.0
15554.5
15173.0
15068.0
16601.0
15068.0
15663.0
15257.0
15271.0
15068.0
16366.5
15068.0
15659.5
16069.5
17014.0
17002.5
15068.0
15365.5
16066.0
15173.0
15068.0
15068.0
15257.0
15996.0
15068.0
15271.0
15677.0
15068.0
15163.0
15153.5
15068.0
16401.5
15068.0
15173.0
15887.0
15068.0
15468.5
15675.5
15068.0
15068.0
16125.0
15068.0
15365.5
15068.0
15285.5
15068.0
15068.0
15271.0
15068.0
15268.0
15163.0
15383.0
16066.5
15901.5
15068.0
15271.0
15257.0
15271.0
15271.0
15068.0
15383.0
15271.0
16088.0
15068.0
15786.0
15771.5
15068.0
15663.0
15173.0
17386.5
15243.5
15068.0
15068.0
15376.0
15583.0
15978.0
15460.0
15271.0
15068.0
15068.0
15068.0
15566.0
15793.0
15068.0
16605.0
15068.0
16201.5
15365.5
15257.0
15068.0
15257.0
15774.5
15568.5
16609.0
15068.0
16603.0
15173.0
15068.0
15691.0
15383.0
15068.0
15271.0
15365.5
15647.0
15068.0
15365.5
15068.0
15068.0
15068.0
15068.0
15348.5
15068.0
15887.0
15271.0
15068.0
15068.0
15068.0
15068.0
15383.0
15068.0
15481.0
16098.5
15575.5
15068.0
15068.0
15365.5
15068.0
15365.5
15460.5
15163.0
15068.0
15163.0
15068.0
16636.5
16367.5
15068.0
15068.0
16067.5
15077.5
15568.5
15758.0
15271.0
15068.0
15883.5
15163.0
15366.0
15554.5
15974.5
15782.0
16272.0
17011.5
16276.0
15365.5
15648.5
15271.0
15257.0
16311.0
15163.0
15068.0
15365.5
16421.5
15460.0
15478.0
15271.0
15068.0
15485.5
15068.0
15068.0
15460.5
15271.0
15271.0
15898.0
15460.0
15470.5
15068.0
15068.0
15365.5
15365.5
17018.0
15068.0
15663.0
15575.5
15978.5
15667.0
15068.0
15681.0
15068.0
15173.0
15068.0
15068.0
15068.0
15583.5
15068.0
15068.0
15173.0
15068.0
15068.0
15365.5
15271.0
16916.5
15568.5
15068.0
15068.0
16104.5
15573.5
15068.0
15663.0
15365.5
15068.0
15068.0
16087.0
15068.0
16503.5
15554.5
16594.0
15365.5
15659.5
15068.0
15976.0
15068.0
15268.0
15868.0
15068.0
15068.0
15883.5
16304.0
15068.0
15546.0
15068.0
15348.5
15271.0
16475.5
15173.0
15285.5
15488.0
15068.0
15887.5
16013.0
15271.0
15257.0
15068.0
15068.0
15068.0
15163.0
15068.0
15995.5
15068.0
15680.5
15068.0
16099.5
15880.5
15365.5
16177.5
16508.5
15383.0
15365.5
15285.5
15163.0
16511.0
15068.0
15068.0
15850.5
15785.5
15383.0
15163.0
15257.0
15663.0
15663.5
15163.0
15163.0
17714.0
15271.0
15163.0
15163.0
16902.5
15481.0
15000
15068.0
15271.0
15460.5
15365.5
15894.5
15000
15365.5
16512.5
15068.0
15068.0
15348.5
15068.0
15365.5
15365.5
16003.0
15163.0
15068.0
15758.0
15688.0
15068.0
15068.0
16293.5
15068.0
15068.0
15173.0
15068.0
15068.0
15068.0
15068.0
15568.5
15569.0
16913.5
15285.5
15787.0
15996.0
15985.5
15654.0
15460.5
15785.5
15271.0
15271.0
16500.5
15068.0
15663.0
15383.0
15068.0
15173.0
15663.5
15173.0
15068.0
15068.0
15068.0
15673.5
15068.0
15068.0
15478.0
15365.5
15772.0
15068.0
16389.0
15568.5
16214.0
15663.0
15173.0
15383.0
15982.0
15257.0
15068.0
15365.5
15271.0
16908.5
15572.0
15365.5
16415.5
15775.5
16091.5
15751.0
15068.0
16104.0
15680.5
15551.5
16063.5
15068.0
15068.0
15271.0
15803.0
15068.0
15470.5
15383.0
15068.0
15965.0
15068.0
15543.5
15383.0
15163.0
15458.0
16569.5
15173.0
15068.0
15563.5
15068.0
16181.0
15961.5
15163.0
15173.0
15068.0
15173.0
15383.0
15163.0
15975.5
15783.0
15755.5
15438.5
15383.0
15163.0
15068.0
15894.0
17835.0
15068.0
15163.0
15661.0
15068.0
15775.5
16603.0
18902.0
16067.0
16784.0
15995.5
15068.0
15068.0
15163.0
15068.0
15068.0
16443.0
15553.0
15673.5
15759.0
15173.0
15068.0
16990.0
16911.5
15068.0
15068.0
15663.5
15068.0
15762.0
16476.0
15541.0
15068.0
15068.0
15461.0
15993.5
15968.5
15163.0
15365.5
15068.0
16717.0
16526.0
15068.0
16488.5
15068.0
15163.0
16599.5
15068.0
15173.0
15352.0
15068.0
15163.0
15068.0
15068.0
15470.5
15362.0
16300.5
15661.0
15866.5
15663.5
16526.0
15068.0
15068.0
15068.0
16690.5
15849.5
15573.5
16598.5
15383.0
15849.0
15586.0
15978.0
15068.0
15068.0
16083.5
15460.5
15811.0
15478.0
15271.0
15972.0
15568.5
15271.0
15068.0
15673.5
15068.0
15563.0
15383.0
15068.0
15554.5
15271.0
15383.0
15257.0
15383.0
15365.5
16476.0
15163.0
15068.0
15173.0
16480.5
16350.0
15568.5
16770.5
15163.0
15383.0
16101.0
15257.0
15068.0
15663.5
15383.0
15068.0
15649.5
15173.0
15894.5
15470.5
15271.0
15365.5
15362.0
16351.5
15082.0
15568.5
15068.0
15257.0
16199.5
15681.0
15663.5
15257.0
15068.0
15068.0
15680.5
15460.5
15068.0
15285.5
15572.0
15796.0
15068.0
16067.5
15888.0
16981.0
15856.0
15173.0
15271.0
15068.0
15365.5
15068.0
15365.5
15068.0
15068.0
15568.5
15568.5
15068.0
15068.0
15173.0
15460.5
15257.0
15285.5
15869.5
16906.5
15173.0
15068.0
15785.5
15183.5
15866.0
15869.5
16785.5
15068.0
15271.0
16181.0
15068.0
15068.0
15365.5
15352.0
15678.5
15068.0
15458.0
15000
16220.5
15365.5
15383.0
15863.0
16104.5
15362.0
15365.5
16729.0
15068.0
15989.5
15766.0
15365.5
15356.5
16831.5
15365.5
15173.0
15257.0
15068.0
15543.5
15365.5
15068.0
16396.0
16090.5
15383.0
16384.5
15775.0
15383.0
15460.5
15068.0
15183.5
15460.0
15257.0
15163.0
15758.0
15068.0
15755.5
15163.0
15068.0
15173.0
15470.5
15468.5
15068.0
15068.0
17106.5
15068.0
15383.0
15383.0
15759.0
16016.0
15365.5
15650.0
17308.5
16293.0
15068.0
15068.0
15068.0
15663.5
15736.0
15647.0
15366.0
15978.0
15901.0
17516.5
15961.0
15663.5
15772.0
15173.0
15776.0
15173.0
17002.5
15271.0
15271.0
15758.5
15068.0
15173.0
15460.5
15883.5
16893.0
15068.0
15365.5
15553.0
16413.0
15647.0
15068.0
15068.0
15453.5
15785.5
15068.0
16996.5
15068.0
15383.0
16290.5
15383.0
15852.5
15883.5
15068.0
15271.0
16177.0
15971.5
17106.0
15068.0
15068.0
15068.0
15568.5
15173.0
15541.0
15756.0
15163.0
15478.0
15691.0
15068.0
15163.0
15568.5
15068.0
15173.0
15068.0
15163.0
15526.0
15068.0
15775.5
15775.5
15365.5
15173.0
15068.0
15775.5
15068.0
15068.0
15068.0
15470.5
16888.5
16409.0
16294.5
15163.0
15068.0
15768.0
15271.0
15586.0
15563.5
16069.5
16813.5
16574.0
16319.5
16093.5
15068.0
15858.5
15365.5
15163.0
15543.5
17228.5
15383.0
15365.5
16511.0
15401.0
15068.0
15356.5
16437.0
15271.0
16001.0
15163.0
15880.5
18377.0
15068.0
15068.0
15365.5
15068.0
15068.0
15068.0
16101.5
15068.0
15468.5
15365.5
15173.0
15572.0
15068.0
17015.0
16199.5
16514.5
15658.5
15470.5
15068.0
15068.0
16371.5
15068.0
16795.5
15646.0
15068.0
16073.0
15365.5
15068.0
16891.0
15068.0
15383.0
16269.0
15068.0
15663.0
15546.0
15460.5
15068.0
16580.5
15383.0
15680.5
16162.5
15068.0
15365.5
15068.0
15383.0
15068.0
15779.0
15755.5
15068.0
15068.0
15460.5
15068.0
15488.0
17277.5
15898.0
15663.0
16881.5
15755.5
17410.0
15257.0
15352.0
15068.0
15271.0
15068.0
16469.5
15068.0
15173.0
15068.0
15068.0
16073.0
15173.0
15563.0
15460.0
15173.0
15376.0
15978.5
17245.0
15460.0
15068.0
15068.0
15271.0
16199.5
15383.0
15537.5
15271.0
15365.5
15663.5
16696.5
15365.5
15068.0
15068.0
15068.0
15978.0
16194.0
15068.0
15163.0
15068.0
15068.0
15068.0
15271.0
15068.0
15068.0
15647.0
15649.5
15068.0
15068.0
15173.0
15766.0
16273.5
15871.0
16599.0
15554.5
15068.0
16072.0
15459.5
15068.0
15673.5
15673.5
16095.5
15257.0
15068.0
15659.5
16915.0
15460.5
16063.5
15271.0
15068.0
15068.0
15572.0
15068.0
15068.0
15068.0
15068.0
15668.5
15365.5
15383.0
17103.5
15983.0
15068.0
15365.5
15268.0
15068.0
15874.0
15365.5
15771.5
16380.5
15752.0
17187.0
16060.5
16713.0
15271.0
17005.0
15995.5
15163.0
15068.0
15978.5
16086.5
15173.0
15768.0
15647.0
15659.5
15068.0
15478.0
15460.5
15068.0
15068.0
15068.0
15068.0
15766.0
15153.5
17824.5
15068.0
15163.0
15068.0
15257.0
15873.5
15383.0
16184.5
15365.5
15907.5
15068.0
15068.0
15068.0
15383.0
15681.0
16949.0
15887.0
15068.0
16066.0
16482.5
15758.0
15362.0
15163.0
17617.0
15068.0
15785.5
15964.5
15663.0
15068.0
15773.0
16685.0
15068.0
15068.0
15478.0
15068.0
15906.0
15568.5
15755.5
15068.0
15572.0
15068.0
15068.0
15068.0
15660.5
15068.0
15973.0
15775.5
15383.0
16493.0
15068.0
15068.0
16198.5
15068.0
15348.5
15173.0
15163.0
15383.0
15458.0
15555.0
16087.0
15068.0
16181.0
15173.0
15258.5
15068.0
15068.0
15883.5
16053.5
15068.0
15348.5
15680.5
16388.0
15068.0
15068.0
15271.0
15348.5
15163.0
15068.0
16771.0
15068.0
15163.0
16417.0
16093.5
15383.0
15899.5
15383.0
15271.0
15068.0
15559.5
15068.0
15068.0
15365.5
16787.0
15068.0
15163.0
15068.0
15173.0
15568.5
15268.0
15663.0
15691.0
15068.0
16010.0
15461.0
15068.0
15068.0
15173.0
15383.0
15458.0
15365.5
15901.0
15173.0
15553.0
15068.0
15873.5
15257.0
16842.0
15068.0
15068.0
16403.0
15068.0
15068.0
15271.0
16258.5
15163.0
15681.0
15365.5
15891.0
15173.0
15068.0
15068.0
15068.0
15573.5
16181.5
15962.0
16500.5
15271.0
15383.0
15451.0
16885.5
15568.5
15163.0
15460.0
17943.5
15068.0
15068.0
15572.0
16479.0
15068.0
16576.5
15555.5
16202.0
15663.5
15068.0
15883.5
15068.0
15680.5
15068.0
17094.0
15680.5
15068.0
15068.0
15068.0
15068.0
15978.0
15663.0
15646.5
15572.0
15068.0
16797.5
18154.5
15775.0
15488.5
15068.0
18157.5
15068.0
17621.5
18249.0
16780.0
15068.0
15163.0
15068.0
15961.0
15863.0
15068.0
15775.5
15068.0
15271.0
15688.0
15363.0
15068.0
17209.5
15488.0
15583.0
15068.0
15365.5
15460.5
16216.5
15365.5
17106.0
15068.0
15068.0
16070.5
15068.0
16776.5
15663.0
15680.5
15257.0
15851.0
15068.0
16682.0
15068.0
15908.0
15647.0
16301.0
15869.5
15173.0
15068.0
15068.0
15362.0
15383.0
15271.0
15365.5
16550.0
15573.0
15461.0
16384.5
15068.0
15163.0
15753.0
15068.0
15880.5
15068.0
15068.0
16163.5
15458.0
15563.5
18669.5
15995.5
16290.0
15068.0
15943.5
15068.0
16987.5
16293.5
16466.0
15068.0
15383.0
15663.0
15376.0
15661.0
15775.5
15271.0
15173.0
15866.0
15068.0
15772.5
15271.0
15999.0
15680.5
15663.0
15453.5
16088.0
15793.5
15563.5
16609.0
15068.0
15153.5
15068.0
16182.0
15068.0
15881.0
15488.0
15163.0
15258.5
15068.0
15068.0
15068.0
16307.0
15383.0
15173.0
15173.0
16589.5
15068.0
15183.5
15982.0
15257.0
15068.0
16199.0
16164.0
15068.0
15659.5
15068.0
15460.5
15068.0
15068.0
15458.0
15883.5
15583.5
16720.5
15554.5
16806.5
15068.0
16297.0
15755.5
15365.5
16864.0
15383.0
15173.0
15068.0
15068.0
15068.0
15348.5
17744.0
15068.0
15068.0
16983.5
17003.5
15757.5
16489.5
15068.0
15698.0
17096.0
16258.5
15068.0
15183.5
15271.0
15458.0
16797.5
17531.5
15068.0
15173.0
15068.0
16368.0
15183.5
15365.5
16415.5
16010.5
15773.0
15663.0
15647.0
15068.0
15488.0
15173.0
15566.0
15994.5
15068.0
15068.0
15677.0
15366.0
15068.0
16466.0
15163.0
16603.5
15068.0
15285.5
15068.0
15663.0
15068.0
15271.0
15068.0
15488.0
15068.0
15572.0
16190.0
15678.0
15068.0
15383.0
15271.0
15173.0
15257.0
15068.0
15068.0
15365.5
15068.0
15163.0
15068.0
15785.5
15068.0
15068.0
15451.0
15563.0
16090.5
15068.0
16385.5
15163.0
15663.0
15901.5
15365.5
15271.0
15365.5
16220.5
15478.0
15680.5
15975.0
15068.0
17650.0
15068.0
15796.0
15068.0
16188.5
16059.5
16475.5
16573.5
15068.0
15771.5
17231.0
15068.0
15775.0
15460.5
16393.5
15068.0
17993.5
15068.0
15365.5
15068.0
16816.5
15068.0
15555.5
15068.0
15068.0
15383.0
15383.0
15766.5
16609.0
16519.5
15173.0
15068.0
16404.0
15068.0
15068.0
15861.0
15068.0
15365.5
16904.5
16163.0
15068.0
17739.5
16438.5
15365.5
15068.0
15068.0
15068.0
15474.0
18790.0
15698.0
15257.0
15680.5
15068.0
15068.0
15068.0
15383.0
15068.0
15883.5
15663.0
15068.0
15271.0
16480.0
16086.5
15068.0
15163.0
15068.0
15365.5
15068.0
16839.5
15068.0
15068.0
16073.5
15173.0
15068.0
15068.0
15068.0
15068.0
15680.5
15173.0
15068.0
15366.0
15183.5
15068.0
15754.5
15857.0
16486.0
15173.0
15278.5
15068.0
17329.5
15068.0
15068.0
16993.5
15068.0
16809.5
15068.0
15257.0
15974.5
15663.0
15068.0
15163.0
16426.5
15173.0
15068.0
15553.0
15478.0
15068.0
15068.0
15163.0
15762.0
15068.0
15068.0
15068.0
17036.5
15478.0
15068.0
15068.0
15258.5
15257.0
17926.0
15163.0
15068.0
15365.5
15869.5
15068.0
15163.0
15680.5
15068.0
15461.0
16203.0
15163.0
16763.0
15583.0
15572.0
15163.0
15173.0
15271.0
15478.0
16096.0
15068.0
15077.5
15458.0
16387.5
15460.5
15458.0
15163.0
15068.0
15068.0
15163.0
15383.0
15366.0
15163.0
16834.5
15871.0
15068.0
15646.0
18267.0
15883.5
15068.0
15559.5
16591.0
15163.0
15068.0
15068.0
15173.0
15173.0
15173.0
16994.0
15163.0
15271.0
15365.5
15068.0
15068.0
15659.5
16386.0
15163.0
15862.5
15068.0
15271.0
15068.0
15068.0
16785.0
15908.0
16209.5
15768.5
16408.5
15257.0
15383.0
15068.0
15271.0
15173.0
15068.0
16076.0
15661.0
15271.0
16077.5
15568.5
15068.0
15153.5
15271.0
15257.0
16801.5
16073.0
15755.5
16921.0
15964.5
15458.0
15068.0
15365.5
16392.5
15993.5
15365.5
17466.0
15271.0
17240.5
15478.0
15909.0
15068.0
15163.0
15383.0
15996.5
15163.0
15451.0
15470.5
15365.5
15068.0
16185.5
15068.0
15572.0
15459.5
15757.5
15068.0
16502.5
16806.0
15068.0
15663.0
15068.0
15271.0
15068.0
15663.5
15068.0
15568.5
16168.5
15163.0
16892.5
15173.0
16192.0
15978.5
15758.5
16582.0
15365.5
15173.0
15068.0
15546.0
15068.0
15572.0
16586.0
16587.0
15173.0
15568.5
15173.0
15068.0
15068.0
15768.0
15383.0
15068.0
15348.5
15468.5
16416.5
16304.0
16053.0
15460.0
16105.5
15068.0
15068.0
15068.0
15068.0
16013.0
15453.5
15068.0
16408.5
15068.0
15661.0
15365.5
15183.5
15068.0
15173.0
15769.0
16070.5
15366.0
15365.5
16706.5
15068.0
16099.5
15173.0
15668.5
15173.0
15068.0
15852.0
15271.0
15383.0
15068.0
15453.5
15173.0
15163.0
15365.5
15163.0
15886.5
15068.0
15257.0
15992.5
15068.0
15173.0
15258.0
15383.0
15068.0
15068.0
15866.0
15986.5
16596.5
15568.5
15068.0
15258.5
15554.5
15068.0
15758.0
16793.5
16482.5
15068.0
15068.0
15478.0
15383.0
15068.0
15068.0
15691.5
15068.0
15068.0
15459.5
15068.0
16367.0
16365.0
16398.5
15271.0
15995.5
15068.0
15068.0
15952.0
15068.0
15785.5
15271.0
15068.0
15554.5
17394.0
16304.5
15271.0
15068.0
16893.5
15553.0
16431.5
15974.5
15068.0
15068.0
15773.0
16503.0
15068.0
15271.0
15365.5
15068.0
15257.0
15383.0
15068.0
16517.0
15366.0
15460.5
15971.0
15755.5
15068.0
15068.0
15761.5
15068.0
15460.5
15453.5
15460.5
15257.0
15474.0
15163.0
15068.0
15363.0
15068.0
16069.5
17189.5
15554.5
15565.5
15153.5
15996.0
15762.0
16514.5
15068.0
15554.5
15068.0
15163.0
15163.0
16176.0
15068.0
15565.5
15068.0
15068.0
16498.0
16199.0
15068.0
15568.5
15383.0
15443.5
15971.5
15775.0
15163.0
15460.5
15068.0
15173.0
15068.0
15895.5
15068.0
15383.0
15173.0
15551.5
15641.5
15271.0
15365.5
15383.0
15964.5
15068.0
15888.5
15068.0
15348.5
15068.0
18048.5
15789.5
15647.0
16489.5
15365.5
16609.5
15383.0
15173.0
16604.5
16621.5
15068.0
15460.5
16013.5
16893.0
15641.5
15068.0
15163.0
15163.0
15348.5
15068.0
16602.0
15915.5
15163.0
15068.0
15163.0
16069.5
16385.5
15068.0
15068.0
16199.5
15460.5
15271.0
15068.0
15654.5
15173.0
15779.0
15663.5
15068.0
15383.0
16168.5
15068.0
15068.0
15568.5
17445.5
16073.5
15573.5
15470.5
15543.5
15755.5
15173.0
15680.5
15383.0
15068.0
15759.0
15173.0
15068.0
15889.0
15068.0
15068.0
17222.0
15068.0
15793.0
16731.5
15068.0
16216.5
17966.0
15271.0
16187.0
16670.5
16404.0
16588.5
15068.0
15068.0
15257.0
15068.0
15068.0
15873.0
15163.0
16606.0
16983.5
15958.5
15659.5
15888.0
16181.0
17942.5
16276.0
15163.0
16310.5
15068.0
16181.5
15883.5
15555.0
16936.5
15068.0
15565.5
15383.0
15068.0
15271.0
15068.0
15173.0
15671.5
16090.5
15271.0
15163.0
15668.5
15271.0
16384.5
15068.0
17121.0
15068.0
15271.0
15554.5
15271.0
17194.0
15068.0
16716.5
16291.5
16073.5
15995.5
15383.0
15068.0
15478.0
15068.0
15163.0
15068.0
16812.5
15680.5
15460.5
15163.0
15586.0
15383.0
15663.5
17319.0
15460.5
16402.0
15383.0
15876.5
15641.0
15648.0
15383.0
15278.0
15271.0
16591.0
15995.5
15365.5
15068.0
15068.0
15257.0
15468.5
15068.0
15173.0
15068.0
15163.0
15068.0
15663.5
16202.5
15663.0
19505.5
15068.0
17962.0
15460.5
16406.5
15768.5
15268.0
16066.0
15068.0
15553.0
15926.5
15068.0
16294.5
15978.5
15068.0
15680.5
15565.5
15365.5
16310.5
15470.5
15383.0
15068.0
17107.0
15984.5
15163.0
15068.0
16949.0
15163.0
15776.0
15565.5
15173.0
15068.0
16395.5
15470.5
15068.0
16591.0
15068.0
15068.0
15068.0
15068.0
15647.0
15068.0
15068.0
15068.0
15068.0
15068.0
15068.0
15068.0
16388.0
15173.0
15068.0
15383.0
15775.5
15271.0
16472.0
16119.0
15068.0
17736.0
15173.0
15068.0
15659.5
15257.0
16350.5
15068.0
15248.5
15068.0
15271.0
17103.0
15163.0
15257.0
15183.5
16489.5
15068.0
15068.0
15993.0
16904.5
17965.0
15068.0
15068.0
15793.0
16819.0
15285.5
16387.5
15979.0
16003.0
15163.0
15068.0
16375.5
15470.5
16173.5
15586.0
15667.0
15068.0
15648.0
15586.0
15068.0
15649.0
16575.0
15068.0
15068.0
15853.0
16916.5
15470.5
15068.0
15576.0
15553.0
15068.0
16554.5
15772.0
15996.0
15342.5
15258.0
15478.0
16079.5
15068.0
15068.0
15554.5
15789.0
15647.0
15568.5
15068.0
15647.0
15173.0
16205.5
15383.0
16476.5
15068.0
15068.0
15068.0
15447.0
15365.5
17016.5
15068.0
15068.0
15068.0
16591.5
17137.5
15163.0
15365.5
16486.5
15568.5
15068.0
15458.0
15773.0
15365.5
15565.0
15849.0
17518.5
15888.0
15163.0
15163.0
15366.0
15068.0
16318.5
15271.0
15470.5
15068.0
15173.0
15173.0
15995.5
15068.0
15068.0
15365.5
15458.0
16374.5
15474.0
15964.5
15163.0
15460.5
15861.0
17155.0
16939.5
16651.5
15271.0
17438.5
15976.0
15068.0
16101.0
16100.5
16276.5
15257.0
15068.0
15068.0
16605.5
15383.0
15163.0
16379.0
15554.5
15775.5
15068.0
15163.0
16836.0
15068.0
16521.0
15663.0
15383.0
15068.0
15068.0
15173.0
15068.0
15755.5
15068.0
15352.0
15365.5
15068.0
15460.5
15068.0
15173.0
15985.0
15068.0
15268.0
15068.0
15068.0
16070.5
15268.0
15671.5
15173.0
15383.0
15068.0
15978.5
16329.0
15271.0
15365.5
15785.5
15163.0
16609.0
15173.0
15173.0
15691.0
15985.5
17091.0
15460.5
16290.0
15173.0
15173.0
15460.0
15663.5
15365.5
15068.0
15271.0
15751.0
15068.0
15543.5
15068.0
15867.0
16101.0
16395.0
16349.5
15663.5
15883.5
16938.0
15068.0
15068.0
15551.5
15068.0
17085.5
15173.0
15663.5
15068.0
16276.0
15068.0
16586.0
15163.0
15173.0
16178.0
15271.0
15068.0
16196.5
15173.0
15068.0
15365.5
15365.5
16090.5
16499.0
15383.0
15271.0
17110.0
15271.0
15271.0
15068.0
15996.0
16486.0
15068.0
15460.5
15365.5
15675.5
15643.5
15663.0
15769.5
15952.0
15173.0
15663.5
15068.0
15068.0
15271.0
15536.5
15996.0
15383.0
17000.5
15271.0
15651.0
15757.5
15365.5
15068.0
15163.0
16721.0
15173.0
15173.0
15068.0
16496.0
15163.0
15646.0
15068.0
15068.0
17088.0
15068.0
15646.0
16373.5
16804.0
17773.0
15068.0
16147.0
16598.5
16174.5
15881.0
15995.5
15068.0
15866.0
15863.5
16076.0
16087.0
15383.0
16423.5
16609.0
15068.0
15271.0
15271.0
15460.5
15651.0
16186.0
15068.0
15271.0
15068.0
15680.5
15470.5
15960.5
17540.5
17008.0
15173.0
16616.5
16370.5
15663.0
16794.0
15365.5
15068.0
15271.0
15556.0
15163.0
15068.0
15742.0
15460.0
15460.5
15068.0
16195.5
15471.0
15680.5
15068.0
16178.0
17115.5
15775.5
15068.0
15271.0
15786.5
17442.0
15758.5
15163.0
15993.0
15068.0
15640.0
15659.5
15803.5
16923.5
15660.5
15173.0
16010.0
15257.0
15572.0
15068.0
16661.5
15163.0
17712.0
15366.0
16195.0
15068.0
17894.5
15383.0
16185.0
15663.5
15960.5
15068.0
15443.5
15271.0
15861.0
15068.0
15068.0
15978.5
15068.0
15775.0
15365.5
15889.0
16780.0
15000
15068.0
15663.0
15680.5
15068.0
15068.0
15863.5
16220.5
16399.0
15758.5
16108.5
16092.5
16168.5
15163.0
15068.0
15068.0
15163.0
15183.5
15460.5
15629.0
15257.0
15352.0
16711.0
15068.0
15470.5
15068.0
15383.0
15163.0
15068.0
15451.0
16081.5
15673.5
15271.0
15461.0
15271.0
16601.5
15555.0
15978.5
15451.0
15680.5
16496.0
15488.0
15775.5
15285.5
16371.0
15068.0
16184.5
16069.5
16488.5
15068.0
15163.0
15163.0
16511.5
15068.0
15271.0
15068.0
15068.0
15068.0
15474.0
16185.5
15068.0
15163.0
15068.0
15173.0
16433.5
16013.0
16955.5
17324.5
15068.0
15654.5
15772.0
15383.0
15257.0
15271.0
15332.0
15468.5
15068.0
17235.5
15163.0
15993.0
15163.0
15457.0
15173.0
15554.5
15163.0
15663.0
15470.5
15271.0
15271.0
15068.0
15068.0
15173.0
16083.0
15545.5
15068.0
16618.5
16073.5
15163.0
15362.0
16181.5
15698.0
16234.0
15558.5
15553.0
15271.0
16462.0
16090.5
15173.0
16011.0
15849.5
15555.0
15271.0
15163.0
15568.5
15766.0
15068.0
16688.5
15068.0
15565.5
15478.0
15383.0
16213.0
15785.5
17408.0
15451.0
15068.0
15257.0
15173.0
15365.5
15858.5
15068.0
15470.5
15258.5
15163.0
15068.0
15068.0
15647.0
15258.0
16185.5
15678.0
16199.0
15068.0
15163.0
15663.0
15365.5
15964.5
15068.0
18242.0
15887.0
15153.5
15000
15068.0
15993.0
15068.0
17735.0
15068.0
15470.5
16286.5
15068.0
15068.0
15460.5
17354.0
16603.5
15068.0
15163.0
15068.0
15285.5
16814.5
16414.5
15068.0
15068.0
15068.0
15173.0
16289.5
15555.5
15068.0
15068.0
15365.5
15680.5
15068.0
15841.0
15268.0
17528.0
16591.0
16108.0
16442.5
15068.0
15173.0
15470.5
15648.5
16178.0
15068.0
15068.0
15363.0
15068.0
16064.0
15068.0
15451.0
16079.5
15068.0
15383.0
15663.5
15068.0
15586.0
15068.0
16789.0
15758.5
15271.0
15488.0
15068.0
15889.0
15476.0
15068.0
15365.5
15068.0
15068.0
18261.5
15257.0
16726.0
15568.5
15173.0
15470.5
16099.0
15068.0
16398.0
16872.5
15973.0
15870.5
16487.0
17821.0
15068.0
15068.0
15468.5
15163.0
15365.5
16668.0
15663.0
15460.5
16212.0
16212.5
16809.0
15068.0
16046.5
15898.5
15068.0
15068.0
15163.0
15173.0
17106.0
16971.5
16903.5
16723.5
15163.0
15068.0
15365.5
17570.0
15163.0
17754.5
15068.0
15568.5
15667.0
15758.5
15068.0
15068.0
15746.5
15173.0
16116.0
16013.5
15894.0
15173.0
15458.0
15271.0
17126.0
15883.5
16183.0
15568.5
15163.0
15271.0
16073.5
17192.5
15775.5
16006.5
15173.0
15173.0
15555.5
16305.5
15068.0
15163.0
15362.0
19332.5
16388.0
16213.0
15365.5
15068.0
15773.0
15268.0
15541.0
16364.0
15563.0
15698.0
19486.5
16493.5
15163.0
15285.5
15460.5
15650.5
15460.5
15068.0
15565.5
15068.0
16188.5
15460.0
15677.0
20320.0
15984.5
15447.5
15691.0
15173.0
15054.0
15868.0
15461.5
15068.0
15365.5
15068.0
16204.5
15960.5
15976.0
15453.5
16673.0
15348.5
15068.0
16490.0
16484.0
15068.0
15068.0
15348.5
17044.0
16466.5
15563.5
15348.5
15068.0
15992.5
15068.0
15258.5
15460.0
15887.0
16821.5
15068.0
15163.0
15667.0
17791.5
15068.0
15783.0
15583.0
15478.0
15278.5
17949.0
15163.0
15488.0
15163.0
16278.0
15758.0
15068.0
15673.5
16294.0
15068.0
15068.0
16507.5
16508.5
15173.0
15153.5
15257.0
16361.0
15068.0
15258.5
15365.5
15068.0
15568.5
15680.5
15163.0
15365.5
15068.0
15068.0
15383.0
16693.5
15163.0
15271.0
15173.0
17637.0
15068.0
16079.5
15680.5
15271.0
15163.0
16196.5
15068.0
16013.5
16375.0
15574.0
15068.0
15996.5
15680.5
16346.5
15460.5
15383.0
15068.0
15556.0
16489.0
15773.5
16878.0
15068.0
15365.5
18401.0
15257.0
15555.5
15068.0
15068.0
15068.0
16860.0
15068.0
15163.0
15068.0
16052.5
15068.0
15068.0
15966.0
15068.0
15257.0
16416.0
15257.0
15268.0
15068.0
15163.0
15173.0
15271.0
16399.0
15365.5
15663.5
15068.0
15573.0
16692.0
16097.5
15068.0
15568.5
15866.0
16146.5
17311.0
15163.0
15365.5
15068.0
15271.0
15575.5
15673.5
15068.0
16473.5
16184.5
15584.0
16104.0
15068.0
16772.0
15988.5
16213.5
15173.0
17274.0
15453.5
15470.5
17332.5
15258.0
15373.0
15996.5
16519.5
17649.5
16194.0
16821.5
15365.5
16903.0
15068.0
15068.0
16290.5
16198.5
16290.5
15068.0
15068.0
17930.0
16146.0
15173.0
16073.5
15348.5
15365.5
15173.0
15068.0
16192.0
16826.5
18044.0
15680.5
15974.5
16326.5
15852.5
15365.5
15163.0
15383.0
15383.0
16276.0
15996.0
15163.0
16774.5
15271.0
15163.0
16459.5
16867.5
15460.0
15365.5
15443.5
15068.0
15268.0
15363.5
15068.0
15365.5
15163.0
15068.0
15068.0
15554.0
15363.0
15163.0
16184.5
15772.0
17619.0
16619.0
15741.0
17705.5
15068.0
15173.0
15663.0
15365.5
15068.0
16101.0
15068.0
15365.5
15068.0
16293.0
16285.5
15173.0
15548.5
15068.0
16083.0
15660.5
15068.0
16158.5
16273.5
15068.0
15068.0
15077.5
15785.5
15000
17297.5
15068.0
15680.5
15068.0
15786.0
16185.0
15268.0
15163.0
15068.0
15348.5
15891.0
15958.5
15565.5
15383.0
15068.0
15163.0
15572.0
15383.0
15173.0
16186.0
16370.5
15680.5
16398.0
15068.0
15271.0
15383.0
15163.0
15163.0
15163.0
16423.0
15268.0
15877.0
15068.0
15365.5
15352.0
15365.5
15068.0
15681.0
15068.0
15068.0
15068.0
16388.5
15163.0
15173.0
15383.0
19126.0
15366.0
15663.0
16181.0
15670.5
15068.0
15068.0
15068.0
15068.0
15768.0
16086.5
15362.0
15962.0
15068.0
16072.5
16882.5
15663.0
15365.5
15363.0
15659.5
15895.5
15488.0
15686.0
17099.0
15365.5
16168.5
16141.5
15257.0
15068.0
15068.0
17457.5
16906.0
15173.0
15163.0
15163.0
15271.0
15163.0
15068.0
16595.0
15068.0
15365.5
15365.5
15068.0
15257.0
16081.0
15996.0
16421.5
15173.0
16763.5
15975.5
15068.0
15554.5
15068.0
16875.0
15163.0
15663.5
16078.5
16398.0
15068.0
15173.0
15068.0
16361.5
15583.0
15068.0
15163.0
15565.5
15163.0
15068.0
15271.0
15068.0
15068.0
15173.0
15068.0
15271.0
15271.0
15470.5
16272.5
15365.5
15173.0
16185.5
15775.5
15985.0
15271.0
16098.0
15258.0
15554.5
16389.0
15257.0
17247.0
15478.0
16513.5
15173.0
15257.0
16711.5
15356.5
15068.0
15563.5
15365.5
15068.0
15163.0
15068.0
15068.0
15068.0
15068.0
16883.5
15658.0
15460.5
16484.5
16002.5
15068.0
15271.0
15183.5
15383.0
15068.0
15383.0
15546.0
17548.5
16512.5
16420.0
15068.0
15365.5
15758.5
15068.0
15068.0
16204.5
15068.0
16078.0
16175.0
15698.0
17000.0
16157.0
15678.0
15068.0
15785.5
15768.5
15163.0
16111.5
15460.5
16807.5
15068.0
15271.0
15163.0
15365.5
15068.0
15753.0
15068.0
17214.5
15978.0
15068.0
15068.0
15888.5
15068.0
15663.0
15993.0
15348.5
15068.0
15068.0
15068.0
15640.0
15257.0
15271.0
15068.0
16111.5
15257.0
17257.5
15271.0
15163.0
15068.0
15268.0
15663.0
16297.5
15068.0
15365.5
15068.0
15365.5
15173.0
15271.0
15348.5
15068.0
16181.5
16398.0
15761.0
15068.0
15068.0
17011.5
16294.0
15068.0
15068.0
16083.5
15870.5
15365.5
15173.0
15670.5
15173.0
15068.0
16914.5
15068.0
15376.0
15691.0
15068.0
15068.0
15786.0
18164.0
16483.5
15677.0
15638.5
15068.0
16616.5
15460.5
15352.0
15883.5
15163.0
16194.5
15365.5
18554.0
15356.5
15068.0
15163.0
15648.5
15285.5
15887.0
15173.0
15658.5
15383.0
15163.0
15660.5
15748.5
15068.0
15078.0
17273.0
15460.5
15068.0
17323.5
15731.5
15699.0
15258.0
16813.5
15068.0
16508.5
17519.5
15068.0
15068.0
15068.0
15443.5
15173.0
15881.0
16824.5
17302.5
17455.0
15068.0
16376.0
16886.5
15348.5
16862.0
16403.5
15365.5
15268.0
15163.0
16389.5
16752.0
15543.5
15659.5
16059.0
15068.0
15993.5
15163.0
15695.5
15068.0
15668.5
16726.0
15460.5
15068.0
15068.0
15452.5
15068.0
15068.0
15163.0
15068.0
16373.5
15546.5
15474.0
15068.0
15775.5
15460.0
16772.5
15365.5
16786.5
15163.0
15173.0
15068.0
15460.5
16501.0
16480.5
17347.0
15068.0
15163.0
17543.5
15996.0
15553.5
15575.5
16806.0
15068.0
15660.0
15586.0
15680.5
17391.0
16388.0
15163.0
16886.5
15460.5
16126.0
16788.5
15068.0
15365.5
15478.0
16386.5
16585.0
15163.0
15956.5
15173.0
15068.0
15656.5
15268.0
15163.0
15068.0
15257.0
15068.0
17088.0
15659.0
15671.5
16278.0
15457.0
15163.0
15772.0
15470.5
16492.5
15068.0
16483.0
15173.0
15278.0
15163.0
16368.5
15163.0
15068.0
16483.0
15068.0
15563.5
15153.5
15901.5
16456.5
15068.0
15470.5
15068.0
15068.0
15068.0
15068.0
16521.5
15068.0
16386.0
15068.0
15460.5
16108.0
15068.0
15163.0
15173.0
16991.0
15068.0
15775.5
15068.0
15000
17321.0
19428.0
15068.0
15068.0
15173.0
16183.0
15068.0
15488.0
16264.5
15271.0
15163.0
15173.0
16177.5
16425.0
15800.5
15376.0
15883.5
15068.0
15365.5
15068.0
15470.5
15271.0
15871.0
16091.0
15348.5
15258.0
16785.0
15884.0
15376.0
15173.0
15471.0
15068.0
17019.0
16289.5
15183.5
15163.0
15173.0
16380.5
15068.0
15068.0
15890.5
15163.0
15460.0
16493.0
15163.0
17313.0
15068.0
15173.0
15000
16273.5
15068.0
15649.5
15755.5
15901.0
15641.5
15901.5
15068.0
15068.0
15563.5
15268.0
15565.5
16810.5
15068.0
16767.5
16508.5
15163.0
15068.0
15068.0
15068.0
15380.5
15271.0
15163.0
15668.5
15068.0
15068.0
16502.0
16499.0
16256.0
15789.5
16084.0
16174.0
15068.0
15068.0
15068.0
15068.0
15556.0
15163.0
16366.5
15903.5
16057.0
15068.0
15763.5
16189.0
15474.0
15365.5
15663.0
15173.0
15068.0
15663.5
15068.0
16529.0
15470.5
15785.5
15555.0
15068.0
15268.0
15257.0
15068.0
15271.0
16473.5
16885.0
15173.0
15271.0
15173.0
16472.5
15068.0
16606.5
16090.5
16854.0
15173.0
16481.5
15793.0
15983.5
15068.0
16500.5
15642.5
15663.5
15068.0
15068.0
15271.0
15775.0
15271.0
15173.0
15365.5
15068.0
16168.5
15363.0
15173.0
15992.5
15068.0
16602.5
16070.5
15163.0
15460.5
15068.0
15383.0
15068.0
15365.5
15650.5
15758.0
15068.0
15663.0
15978.0
15271.0
15163.0
16916.0
15271.0
15068.0
15856.5
16823.0
15068.0
15068.0
15990.5
15163.0
15849.0
15068.0
15068.0
16612.0
15183.5
15964.5
15068.0
16130.5
15978.5
15586.0
15663.5
15068.0
15163.0
16998.0
15670.5
15068.0
15163.0
16597.0
16479.5
15068.0
17102.0
16879.0
15153.5
15366.0
15348.5
17289.5
15278.0
15853.5
15470.5
16471.0
17102.0
15068.0
15775.5
15858.5
15271.0
15556.0
15663.5
18538.0
15468.5
15271.0
16444.5
15471.0
15365.5
17330.0
15285.5
15555.5
15663.5
15898.0
16184.5
15000
16820.0
15183.5
15789.5
16064.0
16598.5
15880.5
16405.5
17910.5
15258.5
16281.0
15460.5
15978.5
15365.5
15488.0
15173.0
15068.0
16175.5
16101.0
15068.0
16305.0
15271.0
17327.5
17186.5
15163.0
15975.0
15163.0
15961.5
16385.0
15975.5
15000
15068.0
15068.0
15857.0
16047.5
15173.0
15383.0
15163.0
15775.0
15573.0
15963.0
15460.5
15443.5
16819.5
15173.0
15660.5
15271.0
17758.0
15271.0
16076.5
15068.0
15271.0
16178.5
16302.0
15271.0
17011.5
15068.0
15673.5
18394.5
15068.0
16298.0
15673.5
16899.0
15000
15556.0
15068.0
15673.5
15365.5
15068.0
15680.5
15680.5
16076.5
15068.0
15383.0
15173.0
15068.0
15661.0
17896.5
15365.5
17245.5
15068.0
16510.5
15068.0
15068.0
15541.0
15366.0
15163.0
16117.0
15068.0
17775.0
17011.5
16276.0
15366.0
16118.0
17115.0
15068.0
15383.0
16606.0
15468.5
16903.0
15458.0
15383.0
16098.5
15383.0
15964.5
17138.0
15068.0
16993.0
16083.5
15285.5
15068.0
16424.0
15258.0
15946.5
15461.5
16073.0
15565.5
15068.0
19446.5
17744.5
15000
15068.0
15656.5
15365.5
15453.5
17078.5
15383.0
17273.0
15996.0
16813.0
15556.0
16151.5
15068.0
15163.0
17000.0
16098.0
15068.0
16201.5
15775.5
15365.5
15068.0
15575.5
16189.0
15163.0
15068.0
15478.0
16413.5
15173.0
16187.0
15068.0
15249.5
15468.5
15869.5
16822.5
15068.0
15173.0
15677.0
16086.5
15068.0
15068.0
15068.0
16283.5
15858.5
15173.0
15068.0
15173.0
15793.0
15068.0
15068.0
15068.0
15468.5
16062.5
15068.0
16284.0
15078.0
15068.0
15271.0
15365.5
16293.0
16098.5
15068.0
18491.5
16066.5
16373.5
15068.0
15556.0
15468.5
16186.0
15796.0
16778.0
15068.0
15068.0
15365.5
16869.0
15898.0
16008.0
15153.5
15163.0
17117.5
15068.0
16228.0
15173.0
15791.0
15068.0
17741.5
16682.0
15068.0
15068.0
16186.5
15257.0
16090.5
16178.5
15173.0
15757.5
15568.5
16423.0
15684.0
18457.0
15068.0
15451.0
16466.5
15173.0
15163.0
16687.0
17024.0
15173.0
15271.0
15758.5
16483.0
16466.0
15068.0
15271.0
15663.5
15271.0
15573.5
15163.0
15068.0
15173.0
15271.0
15068.0
15446.5
15068.0
15068.0
15068.0
16904.0
17260.0
16118.5
19487.5
15068.0
16776.5
17124.5
15068.0
15883.5
15173.0
15163.0
15068.0
15677.0
15460.5
15173.0
15068.0
15973.0
15755.5
17112.5
16808.5
15689.0
15068.0
15163.0
15985.5
15663.5
16482.5
15850.5
16081.0
15068.0
15173.0
15068.0
15068.0
15758.5
15173.0
16461.0
17772.0
15163.0
15981.5
15680.5
16335.0
15383.0
15068.0
15257.0
15068.0
16098.5
15173.0
15163.0
17435.0
15163.0
15365.5
15565.5
16886.0
17029.0
15888.5
15989.0
15068.0
15163.0
15068.0
15163.0
16488.0
15068.0
15554.5
15755.5
15173.0
15648.5
16403.0
17772.5
15271.0
15553.0
15365.5
15163.0
15068.0
16380.0
15268.0
15453.5
17298.5
16609.5
16312.5
15163.0
15271.0
17827.0
15068.0
18449.5
15163.0
15068.0
15068.0
15365.5
15785.5
16165.5
17719.5
15680.5
15068.0
16167.5
15646.0
17076.0
16476.0
16136.0
18181.0
15776.5
15163.0
16392.0
15986.0
15173.0
15068.0
15173.0
16014.0
15068.0
15365.5
15068.0
15068.0
15671.0
16903.0
15068.0
15068.0
16047.5
15365.5
15173.0
15068.0
15964.5
17316.0
15785.5
15163.0
16370.0
16475.5
16097.0
15173.0
15565.5
15460.5
15476.0
15163.0
15068.0
15163.0
15670.5
17233.0
15068.0
17673.0
15555.5
18124.5
15068.0
16375.0
16583.0
16479.0
16419.5
16386.0
15880.5
15068.0
15785.5
15068.0
15068.0
15068.0
16545.5
17302.0
15173.0
16122.0
15505.5
16511.5
17311.5
15173.0
15173.0
15173.0
16672.5
15663.5
16085.5
15163.0
16081.5
15068.0
16930.0
15268.0
15163.0
15555.5
15068.0
15163.0
15068.0
15173.0
15460.5
15068.0
15068.0
15068.0
15068.0
16150.5
15163.0
15573.0
17081.5
16179.5
16484.5
15068.0
15673.5
15163.0
18058.5
16178.5
15362.0
15365.5
15652.5
15068.0
15762.5
15173.0
15383.0
15658.5
17025.0
15348.5
15681.0
15383.0
15163.0
15068.0
15163.0
15363.0
15365.5
15680.5
15173.0
15974.5
15680.5
15365.5
15554.5
15257.0
15173.0
16514.0
15163.0
15163.0
16394.0
15738.5
15766.0
15068.0
15068.0
15068.0
17886.5
17321.5
15938.5
15068.0
15068.0
15268.0
16584.5
16914.5
16423.0
16080.5
15268.0
16381.0
15376.0
16470.0
15068.0
15173.0
16783.0
15866.0
16403.0
15258.0
15470.5
15173.0
15068.0
15678.0
15670.5
16476.0
16688.0
15068.0
15173.0
16088.0
15663.0
17053.5
15068.0
15068.0
15068.0
15068.0
15163.0
16066.0
15068.0
15478.0
16398.0
15271.0
15775.5
15548.5
15173.0
15376.0
16773.0
16175.5
15068.0
15163.0
15873.5
17436.0
16151.5
15068.0
15650.5
17005.0
15680.5
15461.0
16371.0
15153.5
16014.0
15173.0
16474.5
15271.0
15620.0
16712.0
15257.0
15478.0
15554.5
16407.0
15068.0
15163.0
15163.0
15680.5
15680.5
15163.0
15365.5
17826.0
15268.0
15163.0
16353.0
15670.5
15163.0
15663.5
15068.0
15163.0
15068.0
16695.5
16586.5
15982.0
15663.5
16393.0
15365.5
15068.0
16088.5
15068.0
15068.0
17318.5
17313.5
15986.0
15163.0
16556.0
16637.0
15681.0
15068.0
15365.5
15248.5
15163.0
15257.0
15365.5
15068.0
15978.0
16406.5
15173.0
16678.0
15068.0
15833.5
16198.5
15992.0
15573.0
15068.0
17420.5
15583.0
16195.5
16888.5
15268.0
15163.0
15068.0
16456.0
15173.0
15775.5
16402.5
15068.0
15068.0
15847.0
16376.0
16151.5
15268.0
16385.5
15460.5
15850.0
15771.5
15068.0
15460.5
15566.0
16307.0
16468.5
16098.5
16719.0
15173.0
15478.0
15698.5
15572.0
15460.5
15163.0
15068.0
15068.0
15068.0
15163.0
15068.0
15183.5
15971.5
15068.0
15576.0
15365.5
15068.0
15068.0
15766.0
15163.0
17920.5
15563.5
15670.5
16081.5
15365.5
15068.0
15470.5
15661.0
16421.5
15068.0
17227.0
16203.5
15173.0
15903.5
16809.5
17110.0
15068.0
16083.5
15271.0
15758.5
15285.5
15680.5
15383.0
17341.5
15663.5
15969.0
15663.5
15646.0
15163.0
15271.0
15765.0
15768.5
15362.0
16590.5
15460.0
15663.5
15646.0
15348.5
15068.0
15460.5
15068.0
15663.0
17894.5
15543.0
16149.5
16793.5
16096.0
16521.0
15775.5
15778.5
16195.5
17459.5
16491.0
15068.0
15068.0
15068.0
15365.5
15978.5
15646.0
16108.5
15443.5
15460.5
15173.0
15068.0
16564.0
15558.5
15663.5
15637.0
19437.5
15173.0
18727.0
15068.0
15068.0
15271.0
16817.0
15068.0
16411.5
15688.5
15772.0
17842.5
17428.5
15775.5
15173.0
16499.0
16081.0
17122.0
15583.0
15573.5
15068.0
16289.5
15068.0
15068.0
15173.0
17414.0
15173.0
15163.0
16178.5
15068.0
16271.0
15257.0
15995.5
15068.0
16181.0
15173.0
15163.0
15971.0
15173.0
15163.0
16696.0
16220.5
17319.5
15173.0
15278.5
15068.0
15348.5
15365.5
15068.0
15841.0
15677.0
15573.0
16066.0
17010.5
15068.0
18679.0
15680.5
16079.0
17627.5
15163.0
15365.5
15068.0
15775.0
15173.0
16914.0
16177.0
15257.0
15068.0
16895.0
17335.0
16398.5
17758.0
16522.0
15068.0
16446.0
15173.0
16434.5
15068.0
15663.5
16213.0
15373.0
15068.0
16924.5
18512.0
15677.0
17023.5
15068.0
15068.0
15673.5
15068.0
15257.0
15741.0
16994.0
15068.0
15663.5
15470.5
16871.0
15068.0
16090.0
16481.0
15271.0
15163.0
15565.5
16285.5
16457.0
15163.0
15173.0
15880.5
17822.0
15961.0
15068.0
15068.0
15163.0
15068.0
16904.0
16489.0
15163.0
16168.0
15271.0
15554.5
15068.0
16904.0
16512.5
17099.5
15775.5
15660.0
15173.0
16172.0
15668.0
15551.5
15068.0
18040.0
15554.5
16593.0
16493.5
16968.0
15554.5
15173.0
16361.0
16503.0
15163.0
15163.0
15068.0
15068.0
16399.0
16903.5
15173.0
15163.0
17224.0
15978.0
15163.0
16605.5
15541.0
17231.5
15068.0
16904.0
15173.0
16822.5
15163.0
15975.5
15068.0
15365.5
15271.0
15568.5
17349.5
15173.0
15258.0
15569.0
16280.0
16053.0
15775.5
15068.0
15670.0
16501.5
16090.5
15460.5
16469.5
17216.0
15068.0
16790.5
15438.5
15478.0
15068.0
16196.0
15789.0
15976.0
15994.0
15654.0
17258.5
16819.0
15068.0
15068.0
16297.5
15365.5
16701.0
15068.0
15068.0
17735.5
15163.0
16932.0
17121.0
15068.0
16587.5
15586.0
15978.0
15163.0
16385.5
15257.0
15173.0
15163.0
16709.0
17342.0
16918.0
15068.0
15976.0
15684.0
15663.0
15068.0
16420.5
17043.0
16101.0
16073.5
15883.5
17457.0
15881.0
15663.5
15460.5
15068.0
15068.0
15383.0
15068.0
15068.0
15068.0
15068.0
16028.5
15438.5
16072.5
16774.0
15163.0
15068.0
15268.0
15961.0
15068.0
17667.0
16078.5
15553.0
15068.0
16586.0
15285.5
16189.0
16482.5
15068.0
15068.0
15183.5
15974.0
17858.0
15163.0
15766.5
15068.0
17198.5
17521.5
16617.5
15771.5
15663.0
16213.5
15769.0
16444.5
16703.0
15068.0
15163.0
15775.5
15285.5
15758.5
15758.0
18287.0
16284.0
16504.0
15163.0
16644.5
17347.0
15173.0
15173.0
16066.0
17462.0
16163.5
15365.5
16506.5
15173.0
15173.0
16414.5
16188.5
15173.0
15068.0
15659.5
15869.5
15068.0
15775.5
15068.0
15564.5
15968.0
15365.5
15068.0
15068.0
15271.0
15383.0
15173.0
15068.0
15553.0
15068.0
18366.5
15768.0
15271.0
15173.0
15271.0
16861.5
15068.0
16014.0
15569.0
16311.5
15068.0
15068.0
17294.0
15068.0
15773.0
15365.5
15173.0
16916.5
15173.0
15068.0
15365.5
15363.0
16496.5
17322.0
15173.0
16403.0
15068.0
15990.5
16882.0
15068.0
15365.5
15861.0
15068.0
17532.5
17333.0
15173.0
15555.5
15649.5
15163.0
15173.0
16624.0
16719.0
16293.5
15068.0
16384.0
15173.0
15844.0
15573.0
15068.0
16531.0
15163.0
16978.0
16178.0
16293.0
16157.0
18711.0
16273.0
17818.0
16469.5
15866.5
15670.5
15775.5
15458.0
15068.0
15965.5
16091.0
15451.0
15163.0
15068.0
15173.0
15068.0
15173.0
15668.5
15460.5
15365.5
15383.0
16903.0
16925.0
15572.0
15163.0
15068.0
15068.0
15677.0
16916.0
15568.5
15068.0
15993.5
15365.5
15553.0
15163.0
15365.5
16686.0
15068.0
15173.0
16431.0
15978.0
15563.5
15663.0
17508.0
15566.0
15546.0
15173.0
16573.5
15068.0
16866.5
15173.0
16794.5
15651.0
17233.5
15365.5
15955.5
15068.0
17331.5
15663.5
15271.0
15271.0
15153.5
16711.0
16299.0
15068.0
17208.5
16392.0
15983.5
16175.0
15565.5
15566.5
15173.0
16480.5
15068.0
15768.5
15671.5
15163.0
15068.0
15258.0
15768.5
15554.5
15068.0
16094.5
16129.5
15793.5
15173.0
15775.5
15163.0
15173.0
15775.5
16393.0
16581.5
15173.0
16497.0
15657.5
16497.0
15981.0
15173.0
15285.5
15163.0
15964.5
15173.0
16231.0
15268.0
15068.0
15248.5
15173.0
15663.0
15646.0
15163.0
16356.0
15068.0
16058.0
15163.0
15068.0
16597.5
15667.0
15068.0
16604.5
16413.0
16500.5
15173.0
15271.0
15068.0
15271.0
15271.0
15565.5
15068.0
15163.0
15173.0
15457.0
15271.0
16401.5
15583.0
15163.0
16807.5
16463.0
15555.5
15068.0
16167.5
16475.5
15068.0
15366.0
17335.0
15975.5
15459.5
15661.5
15163.0
15068.0
15680.5
15804.5
16074.0
15884.0
15068.0
15068.0
17534.0
15870.5
17326.5
15068.0
15755.5
15173.0
15365.5
15153.5
16820.0
16903.5
16421.0
15663.5
15365.5
15068.0
15901.5
17925.0
16574.0
15068.0
15068.0
15976.5
15163.0
15068.0
17189.5
15572.0
15068.0
15068.0
17298.5
16494.0
15163.0
15068.0
15068.0
15068.0
17104.5
15173.0
15068.0
15365.5
16572.5
15173.0
15769.0
15068.0
15173.0
15163.0
16584.0
15173.0
15068.0
15766.0
15173.0
15555.5
15068.0
16086.5
16381.0
16186.0
16103.5
15163.0
15470.5
15173.0
16889.0
15771.5
16786.0
15173.0
15555.0
17968.0
17131.5
16879.0
15068.0
16388.0
16074.0
15664.5
15365.5
15771.5
16216.0
18236.0
17131.0
15173.0
17330.5
15470.5
17288.0
15173.0
15555.5
17688.0
16406.5
15353.0
15173.0
16198.5
15969.0
15478.0
15460.5
16087.5
16192.0
15554.5
15663.5
15173.0
15257.0
16296.5
16802.5
15478.0
15761.5
15966.0
15470.5
15068.0
15068.0
15271.0
15173.0
16181.0
16807.0
16483.0
15068.0
15365.5
16900.0
15173.0
15068.0
17452.0
16596.0
15068.0
17029.0
15068.0
17317.0
15068.0
15758.0
16870.5
15068.0
15554.5
15873.0
15163.0
16881.5
15458.0
15365.5
15257.0
15458.0
15660.5
15555.5
15173.0
15068.0
16196.5
18182.5
15451.0
15748.5
15068.0
16286.5
17419.0
15068.0
17377.0
20481.0
15684.0
15258.0
15068.0
16804.0
17749.5
16799.0
15271.0
15365.5
16884.0
15068.0
15543.5
15068.0
15478.0
17130.5
16070.5
15068.0
15793.0
16787.0
17735.0
15068.0
15680.5
16119.0
17717.5
16605.5
16254.5
16482.5
15163.0
15470.5
15551.5
15568.5
16396.5
15365.5
17001.5
15163.0
16608.0
15648.5
15975.5
15173.0
16816.5
16169.0
15285.5
15461.5
15271.0
15163.0
18283.0
16001.5
15271.0
15680.5
15383.0
16490.5
15365.5
15568.5
15960.5
15871.0
15173.0
15068.0
15163.0
15163.0
15068.0
15365.5
15163.0
15163.0
16794.5
15698.5
15068.0
16844.0
15163.0
15173.0
15572.0
16088.5
15863.5
15268.0
15068.0
15068.0
15365.5
15163.0
16698.5
16889.5
15561.0
16810.5
15163.0
15383.0
15383.0
16788.0
15068.0
16972.0
15068.0
15555.0
15543.5
15762.5
15285.5
15068.0
15470.5
15163.0
17708.5
15271.0
15068.0
16578.5
16917.0
15539.0
15783.5
15983.0
16080.5
18264.0
16595.0
15365.5
15680.5
15766.0
15488.5
16083.0
16308.0
16152.5
16315.5
16824.5
15163.0
15163.0
16867.0
15895.5
16825.0
15173.0
15785.5
15460.5
16290.0
15173.0
15365.5
15068.0
15068.0
15583.0
15365.5
15654.0
16517.0
15068.0
15163.0
15173.0
16420.0
16058.5
15068.0
15163.0
15453.5
15163.0
16061.0
15068.0
15173.0
15793.0
16476.0
15575.5
15068.0
15163.0
17542.5
15163.0
16518.5
15566.0
15688.0
15278.0
15548.5
15663.5
15173.0
16077.5
15782.5
16556.0
17295.0
15173.0
17350.0
15383.0
15661.0
15996.0
16206.5
17210.5
17442.0
15163.0
15257.0
16892.0
15748.5
15163.0
15468.5
17337.5
18356.0
15258.0
15173.0
16876.5
15978.0
15163.0
15898.0
16309.0
15543.5
16805.0
15663.0
15673.5
15383.0
15068.0
15163.0
15068.0
16172.0
15068.0
16798.0
15068.0
16935.0
16202.0
15163.0
15663.5
17458.0
17764.0
15163.0
16198.5
16806.5
17205.0
16682.0
15470.5
15173.0
17864.0
17937.0
15068.0
17020.0
18809.5
15068.0
16423.5
15068.0
17302.0
15583.0
17329.5
15173.0
16201.0
16303.5
15163.0
15163.0
16413.5
15579.5
15163.0
15573.0
16108.0
16051.0
16476.5
15068.0
17011.0
15068.0
15068.0
16618.5
16610.5
16493.5
15173.0
15068.0
16498.0
15889.0
16796.5
15163.0
16066.5
18185.5
15459.5
15173.0
15173.0
15268.0
16493.5
15663.0
15365.5
15658.0
15068.0
15068.0
16196.5
15663.5
17224.0
15068.0
17416.5
15068.0
15068.0
15572.0
15775.5
15068.0
15068.0
15183.5
15068.0
15068.0
18181.5
15348.5
15278.0
15978.5
17424.0
15365.5
15163.0
15163.0
15663.0
15163.0
15470.5
17652.0
15163.0
17873.5
15754.5
16388.5
15068.0
16185.0
15068.0
16184.5
15583.0
15068.0
15674.0
15785.5
15271.0
16882.5
15863.0
15470.5
16482.5
15285.5
15460.5
17539.0
17772.0
15173.0
15068.0
15068.0
17742.0
15986.5
15068.0
15748.5
15365.5
15173.0
15183.5
15468.5
16486.0
15680.5
15068.0
16501.0
15163.0
15891.0
16182.0
15978.5
15647.0
15873.0
15985.5
15173.0
15068.0
17000.0
15568.5
15068.0
15348.5
15183.5
17281.5
18037.0
16063.5
15978.0
15698.5
15163.0
16478.5
16993.0
15258.0
15365.5
15173.0
16083.0
15068.0
15173.0
15173.0
18464.5
16278.0
15383.0
15163.0
15173.0
15474.0
16821.5
15663.0
16379.5
16398.5
15173.0
15572.0
15068.0
15068.0
15268.0
15553.0
16719.5
17112.0
16309.0
15163.0
15068.0
18272.0
15554.5
15257.0
15068.0
15257.0
15068.0
18421.5
15068.0
15068.0
15271.0
15068.0
15681.0
16177.5
15695.5
15163.0
15554.5
15897.5
16289.5
16489.5
16378.5
15271.0
16101.5
15163.0
17007.0
15887.5
16452.5
15764.5
15271.0
15901.5
16394.0
15551.5
15068.0
16399.0
15670.0
15068.0
15365.5
15068.0
15068.0
15771.5
17248.0
15173.0
15555.5
16928.5
15352.0
15068.0
15458.0
15068.0
17195.5
15068.0
15068.0
16083.0
16483.5
15068.0
16679.5
16916.5
15460.5
18460.0
15068.0
15068.0
16206.5
16408.5
16634.0
15163.0
15068.0
15173.0
15068.0
16508.5
16211.5
15163.0
16482.0
15068.0
15068.0
16211.0
15365.5
15257.0
15458.0
16884.0
16202.5
15068.0
15173.0
15803.5
15686.0
15163.0
15365.5
15173.0
16388.5
15785.5
15563.5
15660.5
15898.5
17324.0
16206.0
15554.5
15068.0
15068.0
15285.5
15586.0
17373.5
15163.0
15068.0
15880.5
17396.5
15555.0
17425.5
15068.0
15583.0
15688.0
15257.0
16490.5
15068.0
15468.0
16498.0
15068.0
15163.0
15366.0
15271.0
15488.0
15673.5
16911.5
15068.0
15553.0
15887.5
16814.5
15383.0
15068.0
16195.5
16955.0
16891.0
17566.0
16376.5
15068.0
17324.0
15258.0
16451.0
16999.5
17911.5
18410.5
16078.5
18217.0
16571.5
15383.0
15068.0
17345.0
15173.0
15661.0
15173.0
18590.0
16781.0
17454.0
15068.0
15556.0
16466.0
18464.0
15173.0
15257.0
15271.0
15789.5
16150.0
15887.0
15068.0
17030.0
15646.0
15068.0
16626.0
15068.0
15884.0
15068.0
16073.5
15680.5
15163.0
16505.5
16795.0
15365.5
15068.0
16581.0
15546.0
15575.5
16375.0
15163.0
16086.5
15173.0
17310.5
16879.5
17848.5
17844.5
15068.0
15572.0
15068.0
16660.0
15600.5
15573.5
16097.0
15348.5
16818.0
17319.5
15873.5
15775.5
15568.5
15853.0
15163.0
15958.5
15068.0
16872.0
17202.5
16785.5
15258.0
16480.5
17450.0
16911.0
15554.5
16503.5
17203.5
17010.5
15173.0
15068.0
17127.5
15754.5
16402.5
15068.0
15173.0
15173.0
15756.5
15068.0
15285.5
15068.0
16202.5
15173.0
15068.0
15458.0
15068.0
15068.0
15573.5
15566.0
16198.5
15680.5
16543.0
16716.0
16370.0
15478.0
16378.5
16388.5
15568.5
16811.5
15680.5
15068.0
17962.0
15663.0
15973.5
15163.0
16888.5
15993.5
15365.5
16388.5
15173.0
15646.0
15964.0
15173.0
16274.5
15891.0
15068.0
15173.0
15678.0
15271.0
16903.5
17774.0
17395.0
15068.0
15163.0
15068.0
16171.0
15068.0
16098.5
15556.0
15068.0
16496.0
16787.0
18143.0
16504.0
15786.0
15068.0
18020.5
15978.0
15365.5
15173.0
17516.5
17314.5
15068.0
15460.5
15173.0
15563.5
15068.0
15663.0
16611.0
15681.0
15668.0
15163.0
15470.5
15163.0
16490.5
18360.0
15680.5
16100.5
18175.0
17265.0
15268.0
15068.0
16993.5
16371.0
17309.5
16929.5
15163.0
16687.5
15257.0
15793.0
16838.0
15268.0
15565.5
16983.5
15470.5
15163.0
15460.5
15677.0
16388.0
15183.5
17238.0
17320.5
15068.0
16099.0
16081.0
15681.5
16559.5
16191.5
15163.0
15663.5
17405.0
15285.5
15681.0
16067.0
15068.0
15173.0
15068.0
15173.0
15474.5
16566.0
16178.5
17001.0
15068.0
15573.0
15775.5
17851.5
15271.0
16616.0
16188.0
15068.0
17819.0
15068.0
15365.5
15068.0
15163.0
15173.0
16848.5
15068.0
17737.0
15068.0
15163.0
15173.0
17219.5
15068.0
17796.5
15468.5
15068.0
15068.0
15068.0
16003.0
17306.0
16594.5
15383.0
16464.0
16483.5
15481.0
15163.0
15365.5
15173.0
15068.0
17122.0
15163.0
15468.5
16604.0
16985.0
17556.5
16886.0
15163.0
15698.0
15068.0
16692.5
15590.0
15654.0
15163.0
15986.0
16401.5
15068.0
16570.0
15163.0
16484.0
15365.5
16380.5
15068.0
15644.0
15285.5
15068.0
15383.0
15173.0
15470.5
15068.0
15163.0
16999.0
16385.5
15695.5
16392.5
15068.0
16504.0
15173.0
15365.5
15650.5
15663.5
15460.0
16906.5
15363.0
15173.0
15257.0
16467.5
16090.5
15068.0
15470.5
16474.0
17746.5
15271.0
16151.5
15068.0
16511.0
16195.0
17345.5
15068.0
15365.5
15671.5
16384.5
15755.5
17099.5
15563.5
16059.5
15365.5
16351.5
15956.5
15765.5
15678.5
15068.0
15068.0
15068.0
15163.0
15068.0
15163.0
15285.5
15271.0
15068.0
15068.0
15278.0
15163.0
15783.5
15173.0
15068.0
16912.0
15068.0
16494.5
15068.0
15583.0
15068.0
15271.0
15068.0
18178.5
19218.5
15770.5
16685.5
15068.0
16470.5
15068.0
16867.0
15173.0
15663.0
15871.0
15068.0
16518.5
15173.0
16480.0
15651.0
15068.0
16809.5
16941.0
16997.0
15068.0
15968.5
16385.5
15173.0
15068.0
15365.5
15068.0
15173.0
15680.5
15890.5
15663.5
15068.0
15654.0
15383.0
16641.0
16881.5
15656.5
16073.0
15640.0
15068.0
17505.0
15068.0
16374.0
15568.5
16672.5
16494.0
15754.5
15768.0
15068.0
15383.0
15068.0
15068.0
15458.0
15775.5
15068.0
15646.0
16922.0
15543.5
15163.0
15695.5
16526.5
15898.5
16514.0
18050.0
17535.0
15068.0
15451.0
15068.0
15365.5
15068.0
16053.0
15957.5
17887.5
15068.0
17326.5
17361.5
15183.5
15068.0
15068.0
15068.0
15068.0
16086.5
16926.5
15883.5
15068.0
15383.0
16794.5
16728.0
15068.0
15068.0
17659.5
15068.0
17656.0
15898.0
15853.5
16934.0
15468.5
16906.0
16548.5
15163.0
17152.0
16290.5
17306.5
15068.0
15163.0
15068.0
17918.0
15680.5
15271.0
15068.0
16063.5
16202.0
15068.0
15680.5
15068.0
15785.5
15068.0
16771.0
17722.5
17409.5
15068.0
16435.5
15163.0
15631.5
15173.0
15068.0
15173.0
15068.0
15068.0
16172.0
15068.0
16479.5
16293.0
16504.0
15383.0
17406.5
17117.0
15068.0
17364.5
15173.0
15661.5
16617.0
15460.5
15068.0
15566.0
16938.5
15968.0
15660.5
16781.0
15857.5
15068.0
15068.0
16463.0
17130.5
17354.0
15680.5
17444.0
17283.5
16161.5
15978.5
15755.5
16413.5
15163.0
15365.5
15163.0
15451.0
15257.0
18610.0
17342.5
16101.5
15271.0
15671.0
15163.0
15258.5
16568.5
15648.5
15569.0
16987.5
15163.0
17657.5
16892.0
16938.5
16499.5
15068.0
15983.5
15663.5
17106.0
15348.5
15068.0
16182.0
16466.5
16081.0
16734.5
16382.0
15271.0
15173.0
15173.0
15556.0
18990.0
15068.0
15698.0
16049.5
16297.0
15163.0
15271.0
15271.0
16366.5
16831.0
15565.5
17021.5
16877.0
15068.0
18139.5
15768.0
15173.0
15068.0
15068.0
15068.0
17422.5
15362.0
16468.0
15488.0
15163.0
16381.0
15663.0
15068.0
16389.5
15068.0
15077.5
15163.0
15982.5
15996.0
19514.5
15068.0
15775.5
15968.5
15568.5
16886.5
15068.0
15271.0
15962.5
15671.0
15163.0
15068.0
16091.0
18812.0
16401.0
17308.5
15068.0
17641.0
15271.0
15068.0
17206.0
15068.0
15271.0
18183.0
15271.0
16633.5
15163.0
15794.0
15271.0
15257.0
15068.0
15460.5
15068.0
16317.5
15163.0
15068.0
15068.0
15257.0
15068.0
15173.0
15173.0
16090.0
16096.5
15173.0
15271.0
15558.5
15173.0
17768.5
15173.0
16193.0
15890.5
17428.0
15068.0
18669.5
15758.0
16532.0
15383.0
16817.5
15460.5
15850.5
15173.0
15173.0
16518.5
15163.0
16588.0
15163.0
15068.0
16074.0
15365.5
15680.5
15068.0
15068.0
15460.0
15677.0
15680.5
16386.0
15068.0
15365.5
15660.5
15068.0
15758.0
15068.0
15757.5
15163.0
16079.5
17869.0
16509.0
15068.0
15573.5
17562.0
15881.0
15673.5
15691.0
15755.5
15554.5
16490.5
16381.0
16586.0
15068.0
15068.0
15995.5
15068.0
15068.0
15068.0
15068.0
15470.5
15173.0
15068.0
15173.0
16181.0
15163.0
16192.0
15348.5
15365.5
16902.5
15681.0
16482.5
16900.0
15673.5
15543.5
17118.5
15458.0
15970.5
16167.5
15163.0
16144.5
15366.0
15173.0
15068.0
16531.5
15173.0
16453.0
16003.0
15068.0
15068.0
16184.5
16592.0
16364.5
15932.0
16804.5
15163.0
15880.5
15460.5
15068.0
15271.0
16196.0
15068.0
18355.5
16820.0
15068.0
15163.0
15068.0
15078.0
16474.0
16486.5
15163.0
16091.5
15068.0
15257.0
15068.0
15365.5
16206.5
15068.0
16069.5
15773.5
15356.5
15268.0
15068.0
16055.5
15068.0
16903.5
15986.5
16510.5
15965.5
16266.5
15566.0
15474.5
15573.0
15068.0
15068.0
15068.0
15173.0
15173.0
15068.0
16319.0
15691.0
15068.0
15068.0
15948.0
15447.0
15751.0
15478.0
16275.5
16703.0
16368.0
15068.0
16195.5
15163.0
15173.0
15068.0
15068.0
16484.0
15163.0
17761.5
15163.0
16500.5
15173.0
16493.0
15173.0
16186.0
16488.5
16178.5
16391.0
16079.5
15068.0
15173.0
16382.0
15066.5
17939.0
15586.0
15068.0
16581.5
15173.0
15362.0
16881.5
15068.0
15163.0
15366.0
15163.0
16003.0
15958.5
15558.5
15173.0
16421.0
15068.0
17033.0
16164.0
15257.0
16097.5
15163.0
15680.5
16515.0
15068.0
15460.5
17412.5
17044.0
15068.0
15681.0
15993.0
15366.0
15173.0
15848.0
15173.0
15866.5
15963.0
15775.5
15163.0
15068.0
15663.5
15068.0
15755.5
15068.0
15068.0
15383.0
15663.0
15173.0
15886.0
17510.0
15068.0
15173.0
15163.0
17328.0
16398.0
15173.0
15163.0
15163.0
15068.0
15365.5
15257.0
16400.5
17764.0
16906.0
15768.5
15471.0
16821.0
17172.5
16518.5
16496.0
15068.0
16909.0
15470.5
15664.0
15365.5
16896.0
15068.0
15551.5
15068.0
15163.0
16003.5
16811.0
15757.0
16819.5
15163.0
17121.0
15899.0
16894.5
15068.0
15785.5
17937.0
15068.0
16605.5
15163.0
15068.0
15663.5
15757.5
16394.0
15680.5
16859.0
16267.5
15660.5
15663.0
15470.5
15173.0
15163.0
15068.0
15444.0
15648.0
15478.0
15363.0
16923.5
15173.0
18556.5
16926.5
15068.0
15068.0
15173.0
16807.0
15461.0
15163.0
15068.0
17324.5
15068.0
17036.0
15657.5
15995.5
17056.5
16626.5
15173.0
15478.0
15764.0
17109.5
15780.5
15068.0
15173.0
17793.5
15663.5
15068.0
16017.0
15173.0
15068.0
19833.5
15447.5
17774.0
16808.5
15772.5
15461.0
17743.0
15278.0
17133.0
15173.0
15068.0
16602.0
17176.5
16897.5
16610.5
16917.5
17160.0
16577.0
15163.0
15068.0
15163.0
15163.0
15667.0
18191.5
15163.0
15173.0
15756.0
15163.0
15271.0
15650.0
15762.5
16364.5
17314.0
15068.0
15572.0
15663.5
16898.5
15068.0
17029.5
16198.5
15680.5
15568.5
15470.5
15680.5
15163.0
16072.5
16596.5
15163.0
15365.5
15173.0
16503.5
15470.5
15565.0
17110.5
15565.5
15163.0
15583.0
18811.0
18862.0
15173.0
16479.5
15163.0
15163.0
15068.0
17078.5
16662.0
15996.5
17421.0
16995.0
16614.5
17138.5
16833.5
16311.0
16094.0
15740.5
17845.0
15068.0
15068.0
16383.0
15971.0
15833.5
15163.0
15271.0
16582.0
15568.5
15285.5
15068.0
15068.0
15768.0
15461.0
15555.5
15163.0
15470.5
16263.0
15163.0
15637.0
15883.5
15173.0
16019.0
16759.5
15478.0
17006.0
15680.5
16734.5
15775.5
19031.0
15163.0
17032.0
15775.5
15173.0
15173.0
15163.0
16911.0
18450.0
17320.0
15163.0
15068.0
15068.0
17726.5
15365.5
15663.5
16481.0
15068.0
15667.0
15163.0
15555.5
16060.0
15173.0
15068.0
15068.0
15068.0
15163.0
16194.0
16623.0
17325.0
15285.5
15068.0
15365.5
17024.5
18175.0
15460.5
15173.0
16071.0
16414.0
16078.5
16197.0
16108.5
20108.0
15068.0
15068.0
17239.0
15565.5
15068.0
16078.0
17295.0
15173.0
15068.0
16391.0
16063.0
15271.0
15163.0
15163.0
15271.0
15881.5
15383.0
16836.0
17031.0
15680.5
15474.5
15068.0
17227.5
15271.0
16407.0
15068.0
15793.0
17232.0
16178.5
15068.0
17125.5
16590.5
15068.0
15546.0
16616.0
16178.0
15993.0
15775.0
15670.5
16038.5
15474.0
16186.5
15271.0
17411.5
16913.0
16893.5
15555.5
15568.5
16083.5
15964.5
15771.5
15068.0
15068.0
15551.5
15468.5
17409.5
15068.0
15673.5
17699.0
15586.0
15068.0
19047.5
15163.0
15663.0
16485.0
15068.0
15173.0
15068.0
15173.0
15887.5
15068.0
15373.0
16480.5
15573.0
15068.0
15173.0
15068.0
15268.0
15257.0
15068.0
15546.0
16734.5
15257.0
15978.0
15488.0
15068.0
16213.5
16258.5
15068.0
16206.0
16461.5
15271.0
15068.0
15572.0
17585.0
15869.5
15068.0
15961.0
16361.5
15068.0
15773.0
15068.0
15068.0
15573.5
16082.5
15068.0
16168.0
15956.0
18420.5
15573.0
16403.0
15468.5
15457.0
16663.0
16462.5
16517.0
15173.0
17029.0
15153.5
15163.0
16174.0
15068.0
17821.0
15163.0
15271.0
15458.0
15068.0
15978.0
15173.0
16206.0
15975.5
16493.0
15271.0
17112.5
15173.0
16404.0
16163.5
15068.0
15068.0
15068.0
16393.5
17446.0
15365.5
17763.0
15285.5
16007.0
16508.0
15658.0
15068.0
17255.0
15271.0
15068.0
16496.5
16677.0
16604.5
15678.5
15068.0
16696.0
15468.5
16589.0
15758.0
15068.0
16280.0
15764.5
15068.0
15068.0
16875.5
15163.0
15271.0
15680.5
16456.0
15068.0
15568.5
16385.5
15443.5
15365.5
15068.0
16399.0
16081.0
15163.0
16495.0
15574.0
15271.0
16694.0
15068.0
16834.0
15271.0
16291.5
16174.5
15163.0
16405.5
15383.0
15551.0
15068.0
15163.0
15257.0
15258.0
17025.5
15783.5
16696.0
15785.5
16073.5
16419.5
15988.5
15996.0
16096.5
16775.0
15173.0
15257.0
17332.5
16199.0
15573.0
15068.0
15976.5
16165.0
15163.0
16080.5
16058.5
16383.5
15268.0
15163.0
15565.5
16888.5
17309.0
15068.0
15646.0
15988.5
15888.0
15173.0
15068.0
15068.0
16924.5
15163.0
15068.0
15173.0
15680.5
16808.0
15365.5
15068.0
19134.0
15068.0
15068.0
16372.5
17741.5
16083.0
15460.5
15383.0
15068.0
18432.5
15366.0
18355.0
15883.5
16496.5
15068.0
17159.0
16446.5
17420.5
16401.5
16821.0
15068.0
15068.0
17334.5
15586.0
15068.0
15068.0
16078.5
15565.5
15470.5
15554.5
16089.5
18225.5
16889.5
15966.0
15163.0
15068.0
16568.0
16072.0
16174.5
15068.0
17456.5
15163.0
16478.5
15586.0
15768.0
16910.0
15680.5
15546.0
16907.0
16814.5
17332.5
15680.5
15573.5
16082.5
16400.0
16308.5
15782.0
15163.0
15677.0
18462.5
15173.0
16504.0
15554.5
15173.0
16406.0
15765.5
15163.0
15068.0
15365.5
15173.0
15766.0
15976.5
16384.5
16108.5
15660.5
15173.0
16088.5
16119.0
15068.0
15068.0
17097.5
15078.5
15068.0
17017.5
15068.0
15068.0
15068.0
16910.5
15173.0
15474.5
15173.0
16097.0
15068.0
15899.0
15554.5
16903.5
16159.0
15982.0
16486.0
17844.0
16083.0
18675.0
17316.5
15680.0
17938.5
15068.0
15068.0
17729.5
15173.0
16476.5
15568.5
15173.0
16271.0
16100.5
15068.0
15068.0
15654.0
15978.5
15937.0
15068.0
15068.0
15871.0
15560.0
16890.5
16420.0
15779.0
17882.5
15978.0
15468.5
15068.0
15163.0
15163.0
16273.5
16492.5
16069.5
16272.0
15383.0
17299.0
15362.0
15257.0
17342.0
15899.0
15173.0
15173.0
16884.5
17336.0
15257.0
15663.0
15383.0
15163.0
15068.0
15460.5
15068.0
15173.0
15583.0
16102.5
15163.0
15163.0
15068.0
17014.5
15068.0
16876.5
15680.5
15470.5
15583.0
15870.5
16101.0
15068.0
16372.0
15757.5
17960.5
16099.0
15871.0
15173.0
15258.0
15173.0
15365.5
16084.5
15068.0
18492.5
15068.0
15383.0
17439.0
15981.0
18584.5
15758.0
15659.5
15068.0
15460.5
15383.0
16519.5
16200.0
15173.0
15173.0
15488.0
15383.0
15068.0
15894.5
16279.0
15068.0
15068.0
15271.0
15775.5
16311.0
16511.0
15660.5
15365.5
16098.0
15886.0
16517.5
15173.0
15173.0
16080.0
15068.0
15852.5
15671.0
15268.0
15163.0
16279.5
15478.0
15173.0
15881.0
15663.5
16090.5
16174.0
15163.0
16195.5
15383.0
15758.0
15163.0
18009.5
15458.0
18776.5
16591.0
15460.0
15068.0
15068.0
15068.0
16778.5
15793.0
15566.5
15068.0
15667.0
17517.5
15362.0
15768.0
15995.5
15775.5
15068.0
15453.5
15858.0
16178.5
17272.0
15688.0
15163.0
15163.0
15996.0
16173.5
16476.0
15366.0
16191.5
15163.0
15173.0
15163.0
15733.5
15068.0
15271.0
17442.0
15163.0
16480.0
16174.0
16906.0
16078.5
16895.0
15952.5
15068.0
16871.5
15068.0
15366.0
18119.0
15068.0
15173.0
15068.0
15661.0
15068.0
15173.0
15173.0
16889.5
15680.5
15556.0
18165.5
15068.0
16396.5
16100.5
15271.0
15173.0
15068.0
15978.5
15271.0
15568.5
15538.5
16195.5
16195.5
15556.0
15663.5
15650.5
16929.0
17242.5
16087.0
15663.0
16073.0
15648.0
15173.0
16012.0
15365.5
15670.5
16791.0
15068.0
15163.0
16076.5
15068.0
17007.5
16099.5
18051.5
15680.5
16474.5
15383.0
16001.0
18977.5
15554.5
15173.0
17730.0
17860.5
16322.5
16825.0
15563.0
15173.0
18209.5
15457.0
16063.5
16152.0
17376.0
15068.0
15173.0
15173.0
17212.5
16417.0
15278.5
16924.5
16258.5
15163.0
15746.0
16298.5
16393.0
15068.0
16373.5
17776.0
15365.5
15068.0
15775.5
15383.0
15163.0
15548.5
16350.5
16689.0
15758.0
15661.0
15365.5
15758.5
15068.0
15173.0
15068.0
15068.0
15785.5
15555.5
15561.0
16908.0
15068.0
15684.0
15068.0
17628.0
15663.0
15068.0
15173.0
16416.0
18200.5
16801.5
15803.0
15884.0
15068.0
15068.0
15068.0
15271.0
15163.0
15775.5
16417.0
15880.5
16178.5
18684.0
16290.5
15365.5
15775.0
15663.0
15546.0
15068.0
16448.5
17913.0
15568.5
15365.5
15556.0
15348.5
15680.5
15365.5
16784.5
16466.5
15749.0
15803.5
16799.5
16098.0
17244.0
16385.5
15451.0
15163.0
15153.5
15163.0
15068.0
15068.0
15663.0
16093.0
15163.0
15763.5
16199.0
15470.5
15952.5
15974.0
17768.5
17691.0
16458.5
16903.5
16535.0
15068.0
15068.0
15068.0
15271.0
17028.5
15068.0
16577.0
16008.0
15163.0
15548.5
15271.0
15173.0
15365.5
16056.5
15551.5
15173.0
17248.0
15068.0
17003.0
15068.0
15068.0
15996.0
15068.0
16084.0
16590.5
15163.0
15163.0
15285.5
15068.0
16600.0
15163.0
15365.5
15365.5
16178.5
15163.0
15173.0
16468.5
15068.0
16701.5
19175.5
15068.0
15680.5
15765.0
16824.0
15376.0
15785.5
15068.0
16203.5
15663.0
16869.5
16195.5
15163.0
16181.0
18251.0
15365.5
16170.5
16198.5
16941.5
15068.0
15068.0
16303.5
15163.0
15173.0
15068.0
15163.0
15163.0
15365.5
17663.5
18162.5
15565.5
15068.0
15680.5
15163.0
15271.0
15554.5
17000.0
16172.0
15163.0
17534.0
16511.0
15568.5
16098.5
15966.0
15659.5
16177.5
15352.0
15470.5
15460.5
15663.0
15659.5
15163.0
16493.5
15365.5
16011.0
15068.0
18380.5
16894.0
16457.0
16397.5
15541.0
16633.0
15474.0
16398.0
16906.5
16158.5
15663.5
15068.0
16901.0
16519.0
15068.0
17529.0
17331.0
16979.5
15893.0
15460.5
15173.0
15271.0
15163.0
17001.5
15068.0
16081.0
15271.0
15173.0
16404.5
15173.0
15173.0
17000.0
15758.0
15258.0
16494.0
15173.0
15163.0
16495.5
15068.0
15554.5
16882.0
15068.0
15785.5
17243.5
15646.0
17821.0
16108.0
15068.0
16692.0
16276.0
16275.5
15556.0
16090.5
19079.0
15271.0
15876.5
15650.5
16866.0
15785.5
16807.0
16481.5
15891.0
17025.5
15870.5
19096.0
15173.0
16890.5
15173.0
15663.0
15173.0
15460.5
15271.0
16074.0
15173.0
15769.0
16521.0
15173.0
15556.0
15974.0
15163.0
16899.0
17740.0
16094.0
15698.0
15068.0
15068.0
15163.0
15660.5
16394.5
15271.0
16593.0
15961.0
15068.0
15068.0
15068.0
17749.0
15775.5
15271.0
15068.0
15163.0
15649.5
15068.0
15872.0
15663.0
17438.5
16172.5
15068.0
16285.0
15068.0
15271.0
15068.0
15068.0
16298.5
15583.0
15268.0
16389.0
16421.0
15068.0
15680.5
15383.0
16835.0
16175.5
16082.0
15068.0
16108.0
15271.0
16381.0
15755.5
16821.5
17076.0
15271.0
15786.5
17717.0
16093.5
15068.0
15365.5
16461.5
15068.0
15663.0
15271.0
15068.0
16090.0
15173.0
15068.0
15173.0
17692.0
15163.0
15068.0
15471.0
16168.5
17229.0
15068.0
15757.5
15663.0
16187.5
16074.0
15068.0
15460.5
15681.0
17312.0
17956.0
15754.5
15674.0
15775.0
15068.0
17412.0
15758.5
15173.0
15978.5
15068.0
16456.0
15993.5
15649.5
16365.0
16168.0
15163.0
15548.5
15478.0
15565.5
15660.5
17279.0
16896.5
17186.5
16997.5
15257.0
17313.0
15173.0
15365.5
15068.0
15460.5
15749.0
18617.5
16074.5
16171.0
15383.0
17529.0
15271.0
15068.0
16601.0
17756.5
15068.0
15068.0
17710.5
15173.0
15663.0
15257.0
16401.5
15173.0
15173.0
17311.0
15173.0
16099.5
15654.0
15173.0
15555.5
15568.5
15068.0
15068.0
15975.5
15773.0
15068.0
16923.5
15163.0
16070.5
15068.0
15872.5
15478.0
16156.5
17724.5
15173.0
16420.0
15995.5
16083.5
15173.0
15961.0
15068.0
16800.0
15163.0
15680.5
15068.0
15068.0
15173.0
16906.5
15068.0
16790.5
15068.0
15383.0
15258.0
15698.5
15458.0
15997.0
15163.0
16192.5
15958.5
16553.0
15068.0
15559.5
15173.0
15068.0
15163.0
16210.5
17206.5
18025.5
15460.5
17326.5
17323.5
15365.5
15661.5
16801.5
15163.0
17224.0
16610.0
15471.0
16543.5
15068.0
15163.0
15650.5
15663.0
15068.0
15768.5
15153.5
16619.5
15470.5
16263.0
16587.0
15680.5
15797.0
17856.5
15068.0
17033.0
16822.5
15786.0
15460.5
15566.0
15478.0
15956.0
15068.0
15460.0
16691.5
15548.5
15663.5
15793.0
15173.0
17123.0
16494.5
15458.0
15646.5
15173.0
15948.0
15068.0
15961.0
16492.0
15543.5
15257.0
19326.5
15857.0
15383.0
16837.5
15572.0
16830.0
16172.5
15068.0
15068.0
15768.0
16379.0
16178.0
16907.0
15568.5
17313.0
16071.5
15068.0
16951.5
15163.0
15068.0
15758.5
15558.5
15163.0
16390.0
15681.0
16091.0
16185.5
15068.0
16357.5
15285.5
16486.5
16367.0
15173.0
15068.0
16608.5
15691.0
16999.0
15173.0
15798.0
15789.0
19027.5
16409.5
15976.0
15068.0
15768.0
15068.0
16501.0
15761.5
16003.0
15068.0
15077.5
15572.0
16083.5
15173.0
15365.5
16506.5
15163.0
15068.0
15859.5
15572.0
15068.0
16623.5
16903.5
15866.0
16090.5
15068.0
15068.0
15173.0
17420.0
15173.0
16174.5
15068.0
15068.0
15078.0
15068.0
15163.0
15173.0
15068.0
15068.0
15555.5
15068.0
15068.0
15163.0
15995.5
15271.0
15575.5
15793.5
15173.0
16369.5
15965.5
16823.5
16370.0
15565.5
16380.5
16687.5
16412.5
15768.5
15565.5
15257.0
15068.0
16072.5
15068.0
15575.5
16673.0
18768.0
17215.5
15663.0
16105.0
16598.5
15068.0
15668.5
16474.0
16094.0
15983.5
16676.5
15068.0
15163.0
15663.0
15673.5
15068.0
15068.0
15183.5
15691.0
15068.0
15641.0
15163.0
15956.0
17338.0
15068.0
16453.0
15271.0
15068.0
15749.0
15257.0
15554.5
16259.5
15163.0
16476.0
16088.0
15183.5
15365.5
15068.0
16070.5
16345.5
15068.0
15163.0
15887.0
15068.0
17114.0
15383.0
16523.0
15173.0
15257.0
17225.5
16922.0
15383.0
16414.5
15068.0
15068.0
15068.0
15068.0
16200.5
16073.5
16938.0
15271.0
15670.5
15257.0
15768.5
16394.5
15365.5
15649.5
15068.0
15068.0
15067.5
15794.5
15068.0
15447.5
16168.5
15068.0
15068.0
16191.0
15906.5
16889.5
15068.0
15565.5
16493.0
15163.0
16267.0
15068.0
15163.0
17860.0
15978.0
15661.0
16387.0
16385.0
15163.0
15883.5
16921.0
15271.0
15068.0
15971.0
15366.0
15068.0
15068.0
15271.0
16817.5
15068.0
17097.0
18132.0
15668.5
15163.0
18090.0
16488.0
16604.5
15065.0
15271.0
15163.0
15365.5
15663.0
15163.0
15068.0
15068.0
15163.0
15775.5
15668.5
15565.5
16396.5
16569.0
15887.0
15758.5
15068.0
15468.5
15173.0
16081.5
15383.0
15460.5
15068.0
16724.5
16388.0
16699.0
16795.0
15068.0
15365.5
16065.5
16277.0
17245.5
15861.0
16185.5
15680.5
15163.0
15163.0
15068.0
15183.5
15563.5
15068.0
15068.0
16664.5
17312.0
16406.0
15978.5
15173.0
15068.0
15460.5
15736.0
16101.0
15068.0
15775.5
16050.5
16083.0
16090.0
16017.0
15173.0
15568.5
16354.0
15068.0
15068.0
15992.5
15068.0
16310.5
16831.5
15163.0
15982.5
15768.5
15173.0
16427.0
15978.0
15068.0
15365.5
15068.0
15068.0
15068.0
16108.5
15173.0
15068.0
15068.0
15068.0
17793.5
15173.0
15649.5
17689.0
16126.0
15068.0
15460.5
15766.0
16822.0
15271.0
15163.0
15258.0
15470.5
16183.0
15068.0
15678.0
16087.5
16911.5
15565.5
17109.0
15068.0
15173.0
16476.0
15068.0
15383.0
15068.0
15257.0
16493.0
15173.0
17199.0
15271.0
15668.0
15163.0
15271.0
16091.0
15271.0
16423.0
15068.0
16518.5
15474.0
16341.0
15183.5
16876.0
15888.5
15978.0
15163.0
15068.0
15671.0
15068.0
19127.0
15068.0
15474.5
15768.5
17814.0
15899.0
15649.5
15068.0
15470.5
18800.5
15271.0
15488.0
17361.0
15879.0
15271.0
15068.0
16726.5
15068.0
15365.5
17200.5
17830.0
15637.0
15068.0
17629.5
15553.0
16269.0
15478.0
15460.5
16069.5
15758.0
16267.5
15068.0
16893.5
18058.0
15068.0
16815.0
15068.0
15068.0
15556.0
15383.0
15656.5
15635.0
17134.0
15068.0
15163.0
15678.0
15271.0
17737.0
15078.0
16481.0
17505.0
15271.0
15667.0
17360.5
15068.0
15663.0
15565.5
15153.5
16199.0
17390.0
17003.5
15068.0
15474.0
15068.0
16512.0
15173.0
15163.0
15680.5
17642.0
15271.0
19452.5
15068.0
17067.5
16478.0
16413.5
16185.5
18729.0
16559.0
17358.5
15901.5
16211.5
17210.5
16589.0
15068.0
15068.0
15163.0
18462.5
15660.5
16173.0
15271.0
15163.0
15565.5
15068.0
16806.0
15271.0
15257.0
16830.5
16313.5
16700.5
16086.5
16149.5
16047.5
16307.5
15768.0
15173.0
16465.5
16466.5
18279.5
16315.0
15068.0
15068.0
15173.0
15068.0
15365.5
16818.5
16081.0
15068.0
16491.5
16379.0
15460.5
15348.5
17748.5
15163.0
15638.5
15173.0
15068.0
16096.0
16003.0
15958.0
15989.0
15068.0
15068.0
15698.0
16188.5
15068.0
16599.5
15470.5
15068.0
15883.5
15458.0
16386.0
16277.0
15068.0
15887.0
17379.5
15068.0
15163.0
15481.0
16088.0
15068.0
16106.5
16287.5
15890.5
15068.0
15553.0
15068.0
16577.0
15758.0
15995.5
16083.0
15068.0
15271.0
16097.5
16441.0
15068.0
15163.0
15771.5
16813.0
16294.0
15763.5
15365.5
15629.0
15883.5
16610.0
15163.0
15640.0
17334.5
15365.5
16391.5
15793.5
15569.0
15271.0
15773.0
16478.0
15365.5
15068.0
15163.0
15173.0
15068.0
15365.5
15380.5
15068.0
15068.0
15898.5
15257.0
15173.0
16497.0
18788.0
15173.0
18178.5
16392.5
15975.0
15173.0
15365.5
17826.0
16806.0
16992.0
16932.0
15068.0
15173.0
15068.0
15163.0
15068.0
15659.5
18627.5
16813.0
15772.0
15068.0
15775.5
15163.0
16832.5
15583.5
15068.0
16496.5
17029.5
15163.0
15654.0
15077.5
15163.0
15568.5
15163.0
17330.0
16413.0
15988.5
16101.5
16392.0
15546.0
15173.0
15173.0
16412.5
15163.0
15068.0
17131.0
15068.0
15485.5
15553.0
15365.5
16399.5
16013.5
15376.0
15068.0
15673.5
16073.0
15678.0
15078.0
15173.0
15068.0
17408.5
15268.0
16473.5
16402.5
15173.0
16178.5
16424.0
17116.0
16902.5
15163.0
15664.5
15258.5
16388.0
15646.0
15068.0
15173.0
18378.0
15663.0
16880.5
17868.0
16404.5
19509.0
15775.5
17215.5
15783.5
15068.0
15271.0
15470.5
16496.0
16392.5
15163.0
15759.5
16441.0
15068.0
17128.5
16081.5
15163.0
15068.0
15863.5
15568.5
15068.0
15563.0
15173.0
15068.0
16074.5
16433.0
15068.0
15573.0
15068.0
15768.5
15569.5
16996.5
15861.0
18674.0
16833.0
17448.5
18402.0
16178.0
17732.5
15068.0
19244.0
15383.0
18689.5
15068.0
15068.0
15163.0
16179.0
15888.0
15365.5
15555.5
17292.5
15285.5
18166.5
15775.5
17005.5
15173.0
17203.5
15271.0
15271.0
15957.0
15163.0
16481.0
16055.5
15668.5
16386.5
15068.0
15680.5
15271.0
15068.0
15068.0
18840.5
16874.0
15068.0
15068.0
15271.0
15068.0
16083.5
15680.5
16509.0
15068.0
17445.0
15068.0
15163.0
15173.0
15873.5
15068.0
15068.0
15365.5
15068.0
16406.5
16798.5
15766.0
15383.0
16983.5
16570.5
15163.0
15068.0
16910.0
15258.0
16406.5
16419.0
15173.0
16173.0
15183.5
15068.0
15163.0
15068.0
15068.0
16200.5
15163.0
16415.5
15068.0
15068.0
15365.5
17723.0
15068.0
15457.0
16580.5
16258.5
15586.0
15453.5
16584.5
15383.0
16474.0
15068.0
16407.0
18743.0
15163.0
15471.0
15285.5
17000.5
18462.5
15068.0
16815.5
17780.0
15680.5
17201.5
16493.5
18601.5
19423.5
15896.5
15650.5
16177.0
15068.0
15975.5
16186.0
17322.5
15478.0
16353.5
15646.5
17530.5
15906.0
15163.0
15068.0
16406.5
18164.5
16898.5
15163.0
16416.0
15068.0
18360.0
17095.0
15866.5
15917.5
15068.0
15163.0
17632.5
16193.0
17724.5
18934.5
15680.5
17027.5
16258.5
15478.0
15068.0
15661.0
15996.5
15173.0
15173.0
15668.5
15774.5
15553.0
15068.0
16484.0
15576.0
16055.5
15068.0
16999.0
15365.5
15772.0
17558.5
15257.0
15173.0
15365.5
18108.0
16627.0
15891.5
15068.0
17290.5
15566.0
16708.5
15257.0
15646.5
16706.5
16534.5
15163.0
15068.0
15068.0
15068.0
15568.5
17765.0
15271.0
18677.5
16050.0
15555.5
16481.0
15163.0
15068.0
16108.5
18699.5
15758.0
15663.5
16405.0
15068.0
15068.0
15163.0
15869.5
15460.5
15068.0
15173.0
15271.0
15572.0
15173.0
15285.5
16488.5
15640.0
16448.5
16403.0
15383.0
16824.5
15068.0
15258.0
15068.0
15173.0
15068.0
15366.0
16348.5
17008.5
15173.0
16638.5
15173.0
15882.0
15173.0
17718.0
15068.0
15068.0
15163.0
15068.0
16543.5
15663.0
15068.0
15068.0
16895.5
15257.0
15658.0
15163.0
16063.5
15163.0
16573.5
15688.0
15068.0
17939.5
15651.0
15880.5
15698.0
15660.5
16356.0
16577.5
15754.5
15068.0
15068.0
15163.0
15173.0
15068.0
15257.0
16486.0
15068.0
15974.0
15068.0
15474.0
15848.5
17250.5
15257.0
17786.5
15173.0
15163.0
16487.5
15365.5
15068.0
15896.5
17875.5
18847.5
15068.0
17316.5
15068.0
15470.5
15257.0
15365.5
16068.0
16095.5
15068.0
15163.0
15365.5
17053.0
15068.0
16336.5
16883.5
15068.0
15458.0
17427.5
16596.0
15068.0
15880.5
15365.5
15068.0
15068.0
15447.0
15586.0
15478.0
15068.0
15153.5
16430.5
16393.5
16403.5
15068.0
15068.0
16893.0
15163.0
15546.5
18302.0
16169.5
18140.0
15538.5
15348.5
15451.0
15173.0
15173.0
15775.5
15365.5
15638.5
15163.0
15558.5
17534.0
15163.0
15068.0
15271.0
15173.0
15163.0
17619.0
15678.0
16381.5
15068.0
15068.0
15348.5
15068.0
15271.0
18406.0
16594.0
18243.5
15000
16429.0
15751.0
17400.0
17731.5
16728.5
16101.0
16791.0
15460.5
15163.0
15460.0
15673.5
15068.0
15068.0
15978.5
15465.5
15365.5
15068.0
15163.0
15565.5
17036.0
15163.0
15869.5
16900.5
15271.0
15269.0
16590.5
16370.0
15458.0
15173.0
15068.0
17436.0
15163.0
15173.0
16101.0
15660.5
16160.5
15163.0
16101.0
16928.5
15068.0
15543.5
16577.0
15173.0
15173.0
16505.0
15068.0
15271.0
17201.5
15443.5
16076.5
15554.5
15766.0
15383.0
15988.5
16274.0
16482.5
16073.5
15163.0
15271.0
17233.0
15068.0
16466.5
15173.0
19447.0
15671.5
17390.5
17232.5
15563.5
15068.0
17364.5
16070.5
17149.0
15768.5
15771.5
15257.0
15749.0
16185.5
15568.5
17826.0
15775.5
16995.0
17065.5
15964.5
16176.0
15068.0
16423.5
15553.0
16620.0
15555.5
16773.0
17912.0
15068.0
15348.5
15068.0
17723.0
17505.5
16262.0
17865.5
15533.5
18199.5
15673.5
16038.5
15680.5
15163.0
15348.5
15285.5
16586.5
16283.5
15068.0
16261.5
15163.0
15775.5
17207.5
16844.0
16906.5
15257.0
15365.5
15068.0
15348.5
15163.0
15687.5
15778.5
15258.5
16939.5
16073.0
16378.5
16410.0
15978.0
15068.0
16465.0
15068.0
15758.0
16984.0
15663.5
15068.0
16525.0
15173.0
15785.5
15163.0
15451.5
15068.0
17737.0
15068.0
15362.0
15068.0
15257.0
15068.0
16503.0
15973.5
15698.0
15978.5
17315.0
15068.0
15068.0
15870.5
16882.5
15163.0
15982.5
15163.0
16808.0
15257.0
15698.0
18350.5
16402.5
15163.0
16533.0
15163.0
18281.0
18829.0
15972.0
15068.0
15173.0
17409.5
15460.5
15173.0
15173.0
15470.5
15173.0
15068.0
15786.0
15661.0
15568.5
15460.5
15776.5
17604.5
16172.5
15068.0
15068.0
15068.0
15163.0
15068.0
15960.5
15285.5
15478.0
16903.0
15365.5
15775.5
15068.0
15758.0
16521.5
15173.0
15646.0
15985.5
16586.0
15068.0
15663.5
15458.0
15068.0
17513.5
16462.0
15173.0
15271.0
15365.5
15965.5
15068.0
15470.5
15365.5
15661.0
16512.0
15271.0
15163.0
15068.0
15068.0
15068.0
18266.0
15163.0
15383.0
16389.0
20488.5
15068.0
15366.0
16806.5
16807.5
17022.0
15348.5
15068.0
16905.5
16412.5
16613.5
15173.0
15257.0
15688.0
16486.0
15271.0
15365.5
15173.0
18263.0
15458.0
15481.0
17004.0
15068.0
16608.0
15460.5
16158.0
16479.5
18273.5
16073.5
15068.0
15068.0
18657.5
17032.5
15068.0
16786.5
15775.5
15173.0
15975.5
15451.0
16606.0
15068.0
15680.5
15068.0
15654.0
15573.0
15068.0
15365.5
15173.0
15663.0
15173.0
15365.5
15356.5
15974.5
16080.5
16901.5
16363.0
15356.5
16480.5
15068.0
15460.5
18702.5
16938.5
17797.5
16102.5
16083.0
16401.5
16293.0
15863.0
15068.0
15663.0
15268.0
15163.0
16051.0
15163.0
15568.5
16567.5
15461.0
15268.0
15068.0
16605.0
15863.5
15173.0
15659.5
15470.5
15068.0
15153.5
17783.0
15555.5
16195.5
15163.0
16658.5
16341.0
15173.0
15575.5
15068.0
15068.0
16063.5
15173.0
15163.0
15470.5
16467.0
15783.5
15691.0
15793.0
15068.0
16826.5
16273.5
15068.0
15068.0
16405.5
15257.0
16181.0
15173.0
15173.0
15768.0
15068.0
15975.5
15173.0
17782.0
15660.0
16182.5
15068.0
15554.5
16083.0
16409.5
15163.0
15068.0
17193.0
15068.0
15068.0
15784.0
15365.5
17435.5
17424.0
16863.0
16607.0
15796.5
16470.5
16431.5
17669.0
16994.0
15457.0
16509.0
16866.5
16448.5
15068.0
15457.0
15383.0
17964.5
16195.5
16185.0
15772.0
16938.0
15068.0
15869.0
16882.0
15163.0
16923.5
15173.0
15653.5
15173.0
16493.5
16617.0
15068.0
15173.0
16091.0
16947.0
16791.5
15546.5
15471.0
15470.5
15356.5
15678.0
15783.0
17424.5
16361.0
15749.0
15068.0
15068.0
15565.0
15998.0
16482.0
16701.5
15789.0
16473.5
17286.0
16013.5
18733.5
15068.0
16165.5
15568.5
16069.5
15068.0
15173.0
15068.0
16509.5
15173.0
15365.5
15068.0
15775.5
16809.0
15565.5
15068.0
16156.0
17948.0
15775.5
15068.0
15647.0
15173.0
15068.0
15659.5
15768.0
17121.0
15068.0
16508.5
15068.0
16276.0
16337.0
15068.0
15068.0
15163.0
15993.5
15768.5
16851.5
16501.5
15173.0
15680.5
16496.5
16083.5
15068.0
16973.5
15068.0
15973.0
15764.5
15995.5
17033.5
17206.0
15768.0
17449.5
15680.5
15068.0
15163.0
15163.0
15068.0
16104.5
15268.0
15173.0
15163.0
16064.0
16090.5
15907.0
16497.0
15554.5
15974.0
15871.0
15434.0
15173.0
15068.0
15163.0
15649.5
16105.0
17078.0
15163.0
15183.5
15481.0
17424.0
16948.0
15163.0
18682.5
17463.0
16712.0
15565.5
15068.0
15451.0
15068.0
15258.0
15068.0
15678.0
15163.0
15068.0
16065.5
17505.0
16073.5
15551.5
15163.0
15068.0
16494.0
16063.5
15163.0
15163.0
15753.5
15268.0
15163.0
16928.5
16889.0
15068.0
18378.0
15068.0
17835.0
15068.0
15278.0
16527.0
15173.0
15478.0
15068.0
17617.5
15068.0
15663.0
15163.0
16602.5
15470.5
16014.0
15068.0
18198.0
16073.5
16817.5
16842.0
16464.5
15068.0
15901.0
15163.0
15173.0
15068.0
15978.5
15978.5
17318.0
16501.5
15068.0
15068.0
16896.5
17336.5
17892.5
16876.0
16480.0
15173.0
15068.0
15163.0
15460.0
16388.0
17247.0
19275.0
16373.5
17119.0
16870.0
16475.0
16465.5
15555.5
16484.0
16210.0
15878.0
15468.5
16965.5
15768.5
16871.5
15586.0
15068.0
15163.0
15883.5
15870.0
16575.0
15163.0
15068.0
15068.0
15365.5
16862.0
16471.0
15173.0
15068.0
15383.0
16267.0
15589.5
16483.0
15173.0
17321.5
15068.0
15651.0
16943.5
15068.0
15068.0
15458.0
15996.0
15491.5
16052.5
15978.0
15470.5
15068.0
16108.0
15163.0
16195.0
16534.0
17837.0
15068.0
15163.0
15163.0
15173.0
15383.0
15673.5
16269.0
15365.5
15068.0
16920.0
15646.0
15163.0
15163.0
19988.0
15163.0
15783.0
15163.0
17023.5
16297.0
17248.0
17131.0
16807.5
15478.0
15552.0
16906.0
15163.0
15898.0
15365.5
15555.5
15362.0
16615.5
15271.0
15271.0
15648.5
15762.5
16170.5
16394.0
17539.5
16090.5
16410.0
16810.0
16511.0
17294.5
15268.0
15068.0
16277.0
15271.0
15758.0
15365.5
16054.5
17103.0
16907.0
15680.5
15068.0
16298.5
15068.0
15664.5
15068.0
15068.0
15163.0
15068.0
15068.0
15957.0
16081.5
17920.0
15554.5
18161.5
15365.5
15068.0
16336.0
15982.0
17478.5
15068.0
16840.5
15383.0
15163.0
15568.5
15068.0
15973.0
15670.5
15163.0
16528.0
15173.0
16006.0
16406.0
15978.5
15163.0
15573.0
15271.0
16311.5
15646.0
15680.5
15068.0
17280.5
15068.0
16387.5
15068.0
16601.5
16173.0
16610.0
16361.0
15365.5
17983.0
16910.0
16198.5
16904.0
15365.5
15853.0
15068.0
16806.5
15901.5
15173.0
15173.0
15068.0
15936.0
17085.0
15986.0
15971.5
15478.0
16234.5
15258.0
15670.5
15068.0
15163.0
15568.5
17056.5
15068.0
16609.0
15173.0
15901.0
16937.0
16289.5
15565.5
15365.5
15680.5
15173.0
15568.5
15442.5
15068.0
15163.0
16709.0
16681.5
15362.0
15671.5
15383.0
15068.0
16589.0
15383.0
15068.0
15173.0
15068.0
15680.5
17786.5
15883.5
15978.5
16669.5
15068.0
16486.5
17857.0
15661.0
16788.5
16515.0
16896.0
15153.5
17751.5
16601.5
15268.0
16482.0
15663.0
15068.0
16876.5
15068.0
15553.0
15677.0
15068.0
15766.0
15173.0
15068.0
15068.0
15680.5
15691.0
15488.0
15566.0
15271.0
16288.0
15985.5
15068.0
15068.0
16993.0
15068.0
19403.0
16186.5
16591.5
15173.0
15163.0
16469.0
15173.0
16903.5
15271.0
17099.0
15163.0
15163.0
15271.0
16011.5
15873.0
15068.0
15271.0
15565.5
15258.0
15173.0
15163.0
15956.5
15068.0
16491.5
16626.5
16126.0
15663.5
18562.0
15673.5
15646.5
15068.0
18150.5
15068.0
15068.0
16007.0
15463.0
15978.5
15583.0
15163.0
15460.5
15768.0
15068.0
15268.0
15068.0
15068.0
15163.0
15068.0
15068.0
17764.0
15460.5
15437.5
15563.0
16126.0
15068.0
15663.5
15258.5
15993.0
15163.0
15366.0
16560.5
19454.5
19025.5
15068.0
15068.0
16456.0
15783.0
15573.5
16357.0
15785.5
15173.0
16406.0
15472.0
18595.5
15463.0
16199.5
15586.0
17191.5
15068.0
17033.5
15068.0
17109.5
15163.0
16934.5
15755.5
17302.5
16496.5
15285.5
15068.0
15173.0
15068.0
16899.0
15478.0
15678.0
17222.0
15756.0
15764.5
15881.0
16160.5
16494.0
17446.0
15576.0
15257.0
16414.0
15383.0
16837.5
16406.0
15543.5
16906.5
16178.5
16108.5
15068.0
16386.5
15785.5
16311.5
16385.5
16386.5
15068.0
16943.5
15470.5
15556.0
17440.0
15451.0
15173.0
16463.0
16501.0
17106.0
15163.0
17542.0
15068.0
16392.0
15068.0
15883.5
16199.0
15173.0
15173.0
15586.0
15773.5
17095.5
15173.0
15068.0
16808.5
16195.5
16080.5
15068.0
15771.5
16206.5
16395.5
15271.0
15573.0
15077.5
15789.0
15383.0
16182.5
15068.0
15565.5
15786.0
15163.0
15965.5
16889.0
15680.5
16518.0
16609.0
15068.0
15173.0
16654.5
15068.0
15068.0
16391.0
15068.0
15258.0
15163.0
15068.0
16491.0
17545.0
15573.0
16483.0
15163.0
15965.5
15068.0
16399.0
15173.0
15068.0
16090.5
18408.5
16481.0
15077.5
15365.5
15891.0
15786.0
15068.0
16506.5
15670.5
15068.0
15793.0
18785.0
15668.5
15068.0
15533.5
15680.5
16714.5
16073.5
15173.0
15383.0
16506.5
16069.5
15775.5
17231.5
17628.0
15068.0
15173.0
15000
16416.5
16569.0
15555.0
15068.0
16512.0
15365.5
15458.0
15556.0
16098.0
15785.5
16294.0
15551.5
17959.0
16308.0
16407.5
15271.0
15163.0
16906.0
15271.0
16499.5
15738.5
15068.0
17240.0
15163.0
16423.0
16368.0
16293.0
15660.5
15383.0
15785.5
15278.0
15271.0
17826.0
16083.5
15850.5
15068.0
15383.0
15173.0
19633.0
15068.0
15680.5
15663.0
16946.0
15163.0
15979.5
15068.0
15783.5
15163.0
15586.0
19530.5
15163.0
15776.5
16396.5
15365.5
16583.5
15068.0
15546.0
15555.0
15173.0
15068.0
15775.5
15068.0
15348.5
15271.0
16381.0
17237.0
15555.0
17347.5
15555.5
15866.0
15173.0
16492.5
16413.0
17703.0
15869.5
15883.5
16173.5
16299.0
15663.5
15671.5
15163.0
15458.0
15173.0
15538.5
16366.0
15173.0
15768.5
15068.0
15068.0
15163.0
16921.5
15586.0
16829.0
15163.0
16416.0
15565.5
15754.5
16070.5
15173.0
16398.0
15068.0
19904.0
16473.5
15964.5
16070.0
15163.0
15068.0
15464.0
16410.5
15997.0
15365.5
15163.0
15965.5
15068.0
16386.0
15555.5
16831.0
15366.0
15068.0
15258.5
15173.0
15648.5
17336.5
16509.0
15068.0
15271.0
15163.0
16707.5
15470.5
15271.0
18169.5
15163.0
15068.0
16202.0
15888.5
16607.0
15068.0
15681.0
16282.5
15554.5
19141.0
15068.0
17350.0
15163.0
18612.0
15173.0
15173.0
17527.5
15271.0
15975.5
15153.5
17195.0
15738.5
15068.0
15785.5
15068.0
15068.0
16361.0
16497.0
15468.5
15173.0
15068.0
16831.5
16050.0
19673.0
15365.5
17627.5
16462.5
15565.5
16405.5
15173.0
15163.0
16792.0
15993.0
15163.0
15068.0
17025.5
16457.5
15543.5
17922.0
15669.0
15068.0
15271.0
15163.0
15564.5
15163.0
17109.0
16480.5
15542.5
17841.5
15991.0
18349.0
15068.0
16575.0
17290.0
16452.5
15271.0
17206.5
15068.0
19030.5
17748.0
15068.0
16807.0
15163.0
15470.5
15680.5
15365.5
15163.0
16472.0
18238.0
16771.5
15775.5
15068.0
17611.0
15871.0
15173.0
15163.0
15163.0
15779.0
15000
15883.5
15663.0
15755.5
15163.0
16500.5
15068.0
16282.5
15068.0
15975.5
15173.0
19299.0
16914.5
15068.0
18156.0
15173.0
15163.0
15365.5
15068.0
16181.5
15068.0
16809.5
17044.0
15173.0
15673.5
15163.0
15383.0
16711.0
17204.5
17685.0
15068.0
16063.5
15173.0
15887.0
16892.0
15365.5
16090.5
15068.0
15946.0
15068.0
16913.0
18186.5
16487.0
15068.0
15163.0
15555.5
15698.5
15068.0
17429.5
16192.5
15758.0
16871.5
15663.5
16799.0
15993.5
15173.0
16998.0
17427.5
16068.0
15775.5
15758.0
15173.0
15460.5
15068.0
16798.5
15663.0
16993.0
15278.0
15068.0
15173.0
16353.5
16567.5
15663.0
15163.0
15677.0
15257.0
15173.0
15648.0
15271.0
16088.5
15762.0
15163.0
15163.0
15271.0
15173.0
15773.0
15474.5
15268.0
15173.0
16178.5
17804.5
15660.5
15068.0
15957.0
16917.0
15849.0
17382.0
16368.5
15163.0
17301.5
15756.0
16057.0
15990.0
15068.0
15460.5
15775.5
15679.0
15163.0
15775.5
15583.0
16806.5
15365.5
16300.5
15863.5
15460.5
15173.0
15556.0
16186.5
17663.5
15163.0
16091.0
15068.0
16641.0
17226.5
15976.5
15365.5
15583.0
16181.0
15068.0
16087.0
15163.0
16588.0
15883.5
16270.5
15365.5
16928.0
15068.0
16863.5
15877.0
15258.5
15555.5
15880.5
15365.5
16356.5
15068.0
15573.0
15852.0
15365.5
15661.0
16398.0
15546.0
16178.5
16301.0
16311.5
15383.0
16875.0
16491.0
15068.0
16281.0
16711.5
18132.0
15163.0
15163.0
16818.5
15771.5
15638.5
15478.0
16886.5
15383.0
15068.0
16790.0
15883.5
18877.5
15068.0
15555.5
15555.5
17253.5
16396.5
15356.5
19104.5
15968.0
15173.0
15568.5
16608.5
16546.5
15163.0
15458.0
15470.5
15173.0
17369.5
17442.5
16101.0
15163.0
15478.0
16598.0
16795.5
15828.5
15478.0
15271.0
15173.0
16000.0
16379.0
16391.0
15068.0
16992.5
19042.5
15811.0
15173.0
15163.0
15785.5
17347.5
16367.0
18313.0
15985.5
16392.0
16500.5
16474.5
17732.0
15866.0
15163.0
15163.0
15460.5
15068.0
16111.5
15068.0
15257.0
16571.0
15959.0
15775.5
15271.0
15163.0
16603.0
15755.5
17989.0
16853.5
15173.0
15068.0
15068.0
16174.5
16466.5
15572.0
15348.5
15268.0
15880.5
16423.0
15568.5
15068.0
15068.0
16186.5
16913.5
17314.5
15673.5
16892.5
15163.0
15068.0
15537.5
16979.5
15365.5
16146.0
15554.5
15068.0
15775.5
15257.0
15068.0
15691.0
15068.0
15173.0
15173.0
15365.5
16822.0
16895.5
16084.0
16118.5
15366.0
17240.0
15785.5
15565.5
15068.0
17322.5
17390.0
16098.5
15460.5
15458.0
15459.5
15796.0
15068.0
16389.5
15641.0
15460.5
15268.0
15895.0
15471.0
16571.5
15068.0
15173.0
15271.0
17439.5
15068.0
15163.0
15654.0
15068.0
15163.0
17110.5
15163.0
15776.0
15068.0
15068.0
15285.5
15671.5
16098.0
15667.0
15163.0
15866.0
15554.5
15163.0
15173.0
16815.5
15068.0
16472.0
15554.5
15163.0
15068.0
16114.0
15365.5
16168.5
15365.5
15068.0
15680.5
16168.0
15163.0
15163.0
15068.0
15681.0
16848.5
15068.0
15163.0
15555.5
15458.0
18276.5
15068.0
17956.0
17015.0
16627.5
15173.0
15881.5
15271.0
16392.0
15173.0
15383.0
17757.5
15470.5
15640.0
15163.0
15995.5
15875.0
15383.0
15068.0
15068.0
15365.5
15470.5
15068.0
16934.5
16181.0
16056.0
15366.0
16530.5
15068.0
15068.0
15663.5
15488.0
16310.5
15068.0
15163.0
15453.5
20079.5
15555.5
16455.5
17456.5
15758.0
15068.0
15271.0
15068.0
15555.0
16203.5
15461.0
16090.5
17352.0
15068.0
16294.0
15555.5
16055.5
17112.0
18405.5
16387.5
16188.0
15068.0
15663.0
18377.5
18283.0
15271.0
17043.5
16596.0
15663.0
18505.0
15365.5
15068.0
15789.5
15173.0
15460.5
15163.0
15068.0
15365.5
15985.5
15478.0
16203.0
17491.5
16802.5
15068.0
17540.5
15775.5
15257.0
15996.0
15183.5
16871.5
15000
15383.0
15575.5
17669.0
15774.5
15153.5
15460.5
19890.5
15995.5
16883.5
15671.0
16081.0
15163.0
15678.0
15285.5
15553.0
15068.0
15964.5
15068.0
16290.5
15068.0
15437.5
15068.0
15163.0
15554.5
15460.5
15752.0
15068.0
15565.5
17931.0
15365.5
16473.5
16041.0
15173.0
15873.5
15271.0
16083.5
15068.0
15474.5
16381.0
15984.0
15458.0
15550.5
15789.5
17027.5
15173.0
15684.0
19781.5
16213.0
16083.0
15646.0
15068.0
15663.0
16189.0
16593.5
15068.0
15787.0
15383.0
15543.5
15568.5
15068.0
15068.0
15365.5
15470.5
16657.5
15975.5
17565.0
15978.5
16713.5
16528.5
15173.0
15383.0
18501.5
15068.0
15068.0
15068.0
15173.0
16261.5
15461.0
15068.0
16596.5
16396.5
15068.0
16932.0
15663.5
15068.0
16708.0
15348.5
15698.5
16424.0
16084.0
15173.0
15068.0
16437.5
15985.5
15786.0
15173.0
16483.0
15163.0
19573.0
15068.0
16386.5
15068.0
15558.5
16083.5
15983.0
16057.0
15068.0
18702.5
15163.0
15736.0
15978.0
16818.0
17617.0
15468.5
15365.5
15163.0
17018.5
15068.0
16591.0
15068.0
16473.0
15568.5
15453.0
17110.5
15365.5
16199.0
15173.0
15555.0
15271.0
16906.0
15068.0
17004.0
16090.5
15068.0
16503.5
15285.5
16083.5
15163.0
15068.0
15163.0
16307.5
16136.0
15068.0
16604.0
15659.5
15680.5
15478.0
16370.0
17424.0
18140.5
18588.5
15068.0
16093.5
16061.5
16528.5
15068.0
16807.0
16101.5
15257.0
15068.0
15173.0
15383.0
16070.5
16590.5
15068.0
15365.5
15285.5
16973.5
15163.0
15751.0
15068.0
15565.5
16471.0
15068.0
16589.0
16493.0
15390.5
16181.0
15691.0
16499.0
16083.5
17393.0
15863.5
19054.0
19211.5
15163.0
15663.0
15451.0
15849.0
16811.5
15068.0
15257.0
15996.0
15563.5
15365.5
16683.5
15068.0
15646.0
16258.5
15068.0
15673.5
16786.5
15173.0
15663.5
16904.5
15356.5
15068.0
17285.0
15365.5
17747.0
16828.5
17719.5
15771.5
15652.0
15068.0
15680.5
16091.0
16966.0
16926.0
15068.0
16010.0
15068.0
16189.0
15271.0
16063.5
16185.5
16580.5
17971.5
15458.0
15458.0
16606.5
16467.0
16116.5
15663.0
15068.0
15068.0
15556.0
15068.0
18210.0
17429.0
15365.5
15401.0
16170.5
15768.0
15163.0
15068.0
16384.5
15068.0
15470.5
15068.0
15068.0
15068.0
15652.0
15659.5
15163.0
15996.0
16496.0
16806.0
15365.5
17709.0
15068.0
16812.5
15068.0
15068.0
15163.0
17746.0
15068.0
15554.5
16102.0
15488.0
15271.0
17089.0
17254.5
16006.0
16829.0
16369.0
15068.0
16168.5
15068.0
15068.0
15068.0
16717.0
15271.0
15183.5
16013.5
15173.0
15995.5
16554.0
17269.5
16966.5
15663.0
16308.5
15163.0
15163.0
15793.0
17208.0
15474.0
16164.0
16906.5
15879.0
15663.0
15068.0
15757.5
16109.0
15163.0
15975.5
15619.0
17327.5
16507.0
15068.0
15670.5
15383.0
15680.5
15068.0
16931.0
16091.5
16396.0
15775.5
15068.0
15979.0
15996.5
15257.0
15163.0
17860.0
16084.5
17452.5
19485.5
15068.0
15068.0
15153.5
15173.0
15541.0
16611.5
15383.0
16181.0
16072.5
15756.0
15468.5
16630.5
15068.0
15973.0
16828.0
15586.0
17968.5
15775.0
16369.0
16928.5
16288.0
15362.0
15173.0
15568.5
16893.0
15968.5
15163.0
15887.0
15068.0
16178.0
15968.0
15173.0
18268.5
15068.0
15981.5
15775.5
15365.5
18013.0
15677.0
15949.0
15173.0
15163.0
16891.5
15978.0
15163.0
17510.0
16606.5
15068.0
15068.0
15068.0
15163.0
15460.5
15173.0
17340.5
15163.0
16608.5
15773.0
15353.5
16598.0
18397.5
15460.5
15680.5
15068.0
16181.5
15768.5
17433.0
15271.0
16396.0
15068.0
18226.0
16375.5
15766.0
15768.0
15068.0
19136.5
15068.0
16174.5
16406.0
15068.0
16475.5
16389.0
17340.5
15600.5
15068.0
16453.0
16053.0
16389.5
15068.0
15663.5
15534.5
15271.0
15365.5
15978.5
16887.5
17618.5
15768.0
15068.0
15163.0
15460.5
15470.5
15068.0
15572.0
15543.5
15068.0
15758.0
16889.0
15163.0
15068.0
16909.0
15365.5
15163.0
15568.5
16269.0
16123.0
15173.0
16574.5
15670.5
15068.0
15658.0
15765.0
17668.0
17806.0
15458.0
15163.0
15758.0
16060.5
15271.0
15163.0
16589.0
15663.5
15268.0
17005.0
16514.5
16089.0
16920.0
15971.0
15068.0
15785.5
15173.0
15153.5
15781.5
15068.0
15383.0
15173.0
16073.5
15680.5
15173.0
15568.5
16455.0
15460.5
15993.5
17692.5
16458.5
15068.0
15575.5
15869.5
16366.0
15468.5
16189.0
15173.0
15870.5
15365.5
15068.0
17021.5
16364.0
15068.0
15068.0
15258.0
16350.0
16491.0
15878.0
15258.0
15555.5
16170.5
16193.0
15173.0
17894.5
15889.0
15173.0
17726.5
16558.5
15068.0
15278.0
15163.0
16847.5
16109.0
17938.0
17231.5
15568.5
15068.0
15068.0
15068.0
15173.0
15173.0
15163.0
15778.5
15864.0
15068.0
15884.0
16293.0
16250.5
17839.0
16392.5
15641.0
16809.5
15659.5
15555.5
17745.5
15163.0
15068.0
16010.5
16194.0
15163.0
16403.5
17642.5
15173.0
15271.0
15183.5
16175.5
15866.0
15068.0
16896.0
15663.0
15871.0
15068.0
15068.0
16785.5
16503.0
15468.5
18839.5
16895.5
15365.5
16785.0
15383.0
16466.5
15478.0
17224.5
17295.0
16088.5
15068.0
15068.0
17787.0
17424.0
15271.0
16370.5
15383.0
15068.0
15353.5
17181.0
15163.0
15383.0
15173.0
15068.0
18265.0
17390.0
16078.5
15978.0
16820.5
15068.0
15383.0
15068.0
15678.0
17036.0
16734.5
16379.5
15163.0
18387.5
15755.5
17333.5
16080.0
15068.0
15068.0
15163.0
15680.5
15583.0
15173.0
15068.0
17425.0
15163.0
15068.0
15068.0
15470.5
17421.5
17006.5
16890.5
16467.0
15163.0
15163.0
15353.0
15555.5
15989.5
16010.0
15461.0
15068.0
18062.5
15572.5
15173.0
15163.0
16786.0
15785.5
15077.5
15698.0
17256.0
16281.0
15551.5
16808.5
15068.0
15663.0
15458.0
16953.0
15173.0
15568.5
15163.0
15163.0
17226.0
17779.5
15888.0
16248.5
16013.5
15667.0
16903.5
15460.5
17304.0
15891.0
16171.0
17108.5
15248.5
16585.5
16991.5
15365.5
16807.5
15173.0
15068.0
15365.5
15163.0
16901.5
16198.5
16493.5
15762.0
16273.5
16388.5
15548.5
16866.0
15673.5
16500.5
15183.5
15068.0
15257.0
15870.5
15451.0
16100.5
16062.0
15068.0
16403.0
16883.5
15775.5
15365.5
15163.0
15163.0
15068.0
18151.5
15543.0
15746.0
16510.5
17220.0
16163.0
18379.5
15673.5
17299.0
16167.5
16424.5
15163.0
15271.0
15163.0
15068.0
16164.0
18175.0
16164.5
17537.0
15163.0
15383.0
15766.0
16974.0
15554.5
15680.5
15173.0
15543.5
15556.0
15163.0
16491.0
16720.5
15068.0
15068.0
16073.5
15468.5
16449.5
15543.5
15173.0
15163.0
15068.0
16523.5
15163.0
16493.5
15068.0
15068.0
15163.0
16810.0
16944.5
16893.0
15366.0
15068.0
18722.5
16862.5
15803.5
15478.0
15068.0
15068.0
15163.0
15460.5
15365.5
17222.0
15888.5
16174.5
15068.0
16066.0
15068.0
15163.0
15873.5
15068.0
15163.0
17916.0
15163.0
15173.0
15660.5
15163.0
17357.5
16290.5
15365.5
15257.0
15068.0
15271.0
15863.0
16291.5
16893.0
15775.0
15173.0
17669.0
15163.0
16999.5
16804.5
16073.5
16783.5
15460.5
17453.0
15460.5
17901.5
15365.5
15961.0
15068.0
15163.0
15163.0
17443.0
15383.0
16704.0
18598.5
15460.5
15663.5
15763.0
16788.0
16445.0
15271.0
16406.5
15068.0
15554.0
15068.0
15068.0
18665.5
16466.0
15068.0
17784.0
15766.5
15173.0
15978.5
15575.5
16979.0
15068.0
16083.0
15568.5
15077.5
15257.0
15556.0
15068.0
15365.5
15271.0
15183.5
15460.0
15651.0
16672.0
15648.5
15163.0
17209.0
16013.5
16816.5
15554.5
15453.5
17226.0
16175.0
15257.0
15654.0
16195.0
16499.5
16185.5
16371.0
17722.0
15678.0
17765.0
15470.5
15658.0
15995.5
15870.5
15163.0
15988.5
15583.0
15163.0
15365.5
16055.5
15068.0
15751.0
16493.0
16058.5
15068.0
16501.5
16548.5
15068.0
17435.0
15163.0
15068.0
15768.0
15554.5
15068.0
15068.0
15163.0
15365.5
15555.5
16483.0
16490.5
15068.0
15555.5
15173.0
15068.0
17837.0
15583.0
15173.0
16466.0
15068.0
15068.0
17087.0
17305.5
15068.0
15558.5
15163.0
15568.5
15068.0
15068.0
17034.0
16293.5
15993.0
16598.0
20315.5
15383.0
16885.0
15068.0
15365.5
15901.0
15383.0
17513.5
15285.5
16493.5
16452.5
15173.0
15068.0
15869.5
17310.0
15985.5
15163.0
15752.0
16403.5
15068.0
15348.5
16692.0
16917.0
15173.0
15786.0
17407.0
16178.5
16500.5
17314.0
16186.0
15437.0
15663.0
16371.0
15572.0
15163.0
15163.0
18687.0
15183.5
16889.0
16864.5
15383.0
16903.0
15546.0
16595.5
15068.0
15068.0
16384.0
15163.0
17459.5
15978.5
16081.0
16088.0
15068.0
16831.0
15271.0
15629.0
16272.5
15347.5
15068.0
15271.0
16244.0
16290.0
15649.5
15555.5
15958.5
15068.0
15887.0
15573.5
15068.0
15880.5
16474.5
15173.0
15992.0
16434.0
15163.0
15994.0
15068.0
16099.0
16788.5
16202.0
15460.5
15568.5
17291.5
16967.0
15268.0
15163.0
15068.0
15163.0
15460.5
16496.5
16511.0
15365.5
15068.0
19082.0
15365.5
15173.0
15068.0
15068.0
16367.5
17397.0
15163.0
15457.5
15173.0
15468.5
16466.0
15068.0
16465.5
15639.5
16859.5
15754.5
15271.0
15470.5
15460.5
16396.0
15173.0
16550.0
17389.5
15163.0
17046.0
15866.0
15565.5
17111.5
16074.0
15954.5
16699.0
15554.5
16431.0
16524.5
15060.5
15173.0
15746.5
16096.0
16179.5
18610.0
18178.0
15568.5
15383.0
15663.0
15068.0
15163.0
16489.0
16807.5
16377.5
16282.5
15163.0
15068.0
16526.0
15443.5
16070.5
15163.0
15757.5
15376.0
16362.5
15268.0
15681.0
16490.5
15268.0
15465.5
15163.0
17206.0
15555.5
15173.0
15068.0
15163.0
15365.5
17301.0
15163.0
16494.0
16189.0
15365.5
18282.5
17124.5
15068.0
15163.0
18390.0
15068.0
15556.0
16902.5
15752.0
15366.0
16617.0
15173.0
15996.5
17328.0
15801.5
15163.0
15068.0
15470.5
15173.0
15568.5
15258.5
15271.0
15163.0
15163.0
15068.0
15068.0
15173.0
15163.0
15068.0
15870.0
15755.5
17421.0
15755.5
16142.5
15173.0
15365.5
17714.5
17761.0
16510.5
15068.0
15068.0
16443.5
16608.0
15068.0
15068.0
15365.5
15068.0
15365.5
16823.5
15776.0
17233.0
16088.0
16677.0
18261.0
16088.0
15173.0
15761.0
15163.0
16465.5
15173.0
15268.0
15563.5
17848.0
15460.5
16387.5
16198.5
15376.0
15796.0
15661.0
15068.0
17446.0
15258.0
16801.0
16398.5
16892.0
15173.0
15365.5
16610.5
15068.0
17436.5
16510.5
16614.0
15365.5
15068.0
18237.5
15974.0
16476.5
16796.0
16304.5
15068.0
15365.5
19458.0
15663.5
15068.0
15565.5
16179.5
15068.0
16483.0
15365.5
15663.0
16508.5
15461.5
16158.5
15677.5
15372.5
15173.0
17798.5
15761.0
15365.5
15983.5
15568.5
15068.0
17320.0
17217.0
15271.0
16221.0
15794.0
15173.0
15173.0
15068.0
15068.0
15163.0
15383.0
16598.0
16874.5
15163.0
15068.0
15895.5
15163.0
16175.5
15365.5
16676.5
15470.5
16119.5
15994.0
16610.0
18048.0
16816.5
15699.0
17821.0
15173.0
15163.0
16898.5
15163.0
15068.0
16189.0
16098.0
15348.5
15866.5
15163.0
15573.0
17334.0
17110.0
16321.5
15766.0
15173.0
15751.5
15376.0
16829.5
15765.5
15680.5
15173.0
16181.5
15257.0
18592.0
16107.5
17536.5
16090.5
15163.0
15883.5
15068.0
15568.5
15173.0
15163.0
15163.0
15068.0
16573.5
15880.5
15173.0
15068.0
16060.5
16350.0
15173.0
15556.0
15271.0
15873.5
16183.5
15173.0
17628.0
15434.0
15271.0
16404.0
15068.0
15461.5
16263.0
15068.0
15068.0
15656.0
15988.5
16216.5
15383.0
18723.0
17356.0
15365.5
15785.5
15698.5
16898.5
15651.0
15271.0
16939.5
16063.5
15068.0
16103.5
16185.0
16594.0
15457.0
15163.0
15163.0
16183.5
15173.0
15478.0
15271.0
15271.0
15460.5
16361.5
16517.0
17261.0
15173.0
15068.0
15663.0
17362.0
16100.5
15565.5
15068.0
15163.0
15470.5
15555.5
17218.0
16405.0
15068.0
15271.0
15271.0
16346.5
15996.0
16589.0
15470.5
15663.0
15257.0
15663.0
15775.5
17960.5
15278.0
15775.0
15271.0
15654.0
17699.0
16817.5
15163.0
15173.0
16099.0
15573.0
16699.5
15458.0
16167.5
15365.5
15173.0
16801.5
16431.0
15752.0
15563.5
15068.0
17930.0
15556.0
15068.0
15068.0
15586.0
16185.0
15667.0
15068.0
15470.5
17073.0
16101.0
15068.0
15173.0
15163.0
15555.5
17019.5
16906.5
15163.0
16668.0
15173.0
15163.0
15365.5
15068.0
15173.0
15783.5
15755.5
15551.5
16574.0
15173.0
15993.5
15257.0
15383.0
15629.5
18788.0
15068.0
17431.0
16195.5
15539.0
16490.0
15565.5
15163.0
16962.5
15470.5
16929.0
16596.5
15078.0
15068.0
15068.0
16898.5
15068.0
16612.0
15163.0
15257.0
15568.5
15663.0
15068.0
16838.0
15996.5
15173.0
15068.0
15460.5
15173.0
15348.5
15257.0
20877.0
15780.5
16925.5
15365.5
15975.5
15068.0
15744.0
15271.0
15766.0
15173.0
16420.0
15173.0
15688.0
15068.0
16104.0
15468.5
17754.5
15376.0
15365.5
15068.0
15068.0
15163.0
16164.0
17963.0
16897.0
15163.0
16479.5
17351.0
15680.5
15068.0
15163.0
15163.0
15775.0
15271.0
18600.0
16070.5
16084.0
15163.0
15173.0
16057.0
15163.0
15068.0
16274.0
16074.0
15880.5
15383.0
15271.0
15068.0
15173.0
15068.0
15173.0
15758.0
16003.5
15458.0
16288.0
16479.0
15068.0
15068.0
15271.0
15460.5
16416.5
15068.0
15173.0
15068.0
15880.5
15068.0
15068.0
16261.0
15763.0
17340.5
15068.0
15974.5
15996.0
16380.0
15068.0
15173.0
15271.0
15068.0
15173.0
15569.0
17757.5
15068.0
15257.0
15366.0
15271.0
15068.0
18019.0
15068.0
17011.0
15555.5
16611.0
17362.5
15068.0
15163.0
15763.0
16830.0
17422.0
15257.0
15442.0
16479.0
17593.5
15163.0
15470.5
16083.5
16461.5
16909.5
15163.0
15785.5
15268.0
15271.0
15661.0
15883.5
15173.0
16080.5
15068.0
15478.0
16056.0
15068.0
16178.0
15068.0
16479.5
16100.5
16387.0
15068.0
15278.0
15758.0
15366.0
15784.5
15173.0
15068.0
16168.0
16889.5
15068.0
15173.0
16083.5
15536.5
15163.0
16224.0
15257.0
15460.5
15173.0
15660.5
15163.0
15556.0
15365.5
15271.0
15680.5
16923.5
15068.0
15068.0
15883.5
15163.0
15163.0
18355.5
15173.0
16101.0
15978.0
16071.0
15068.0
15173.0
15068.0
15458.0
15173.0
17677.0
15771.5
16893.5
16160.5
16483.5
17335.0
15068.0
16196.0
15898.5
15555.5
15978.0
15163.0
15068.0
16994.0
15478.0
16519.5
15803.0
15365.5
15068.0
15068.0
15068.0
16167.5
15677.0
16087.0
16482.5
16777.0
15068.0
15173.0
16500.5
16051.0
15068.0
16196.0
16185.5
15383.0
15573.0
17015.5
15772.5
15555.0
15546.0
15068.0
15068.0
15663.0
16409.0
15068.0
15068.0
17072.5
16904.0
16636.0
15691.0
16916.5
16886.0
15271.0
15271.0
15173.0
15680.5
18755.0
15775.5
15460.5
15365.5
15068.0
17046.0
15762.0
16358.0
15660.0
15163.0
16609.0
17307.0
15768.0
16609.0
16042.0
15468.5
15173.0
17179.0
15555.5
15365.5
15460.5
15680.5
15668.5
15068.0
15068.0
16298.0
17264.0
15173.0
15163.0
16396.5
15163.0
16971.5
15173.0
15650.5
17078.0
15173.0
15163.0
16909.0
15869.5
16081.0
18113.0
16472.5
15173.0
15268.0
15068.0
17366.0
16483.0
16069.5
15068.0
16775.5
17437.0
15068.0
16824.5
16806.5
15663.5
15173.0
15163.0
15173.0
15663.5
15478.0
16896.0
15163.0
16517.5
16612.5
16167.0
18000.0
16997.5
15460.5
15881.0
16616.0
16377.5
15258.0
15884.5
15533.5
17148.0
15846.5
15546.0
16501.5
15173.0
15173.0
17002.0
15173.0
15068.0
15068.0
16468.5
15555.5
17223.0
16307.5
15572.0
15649.5
15173.0
15163.0
16504.5
16089.0
15068.0
15068.0
17029.5
17444.0
15769.0
18380.0
16177.5
16866.5
15993.0
15068.0
16802.5
16597.0
15348.5
15978.0
16426.5
15348.5
16114.0
15068.0
15068.0
15663.0
15163.0
15163.0
15663.0
15068.0
15650.0
19583.5
15173.0
15068.0
15566.0
16461.0
16590.0
15068.0
16191.5
15649.5
15258.0
16478.5
15173.0
15163.0
15365.5
16053.5
16394.0
16997.5
15163.0
15898.0
15663.5
15386.5
15068.0
15068.0
15068.0
15163.0
15663.0
16989.0
15901.0
15173.0
16688.5
15173.0
16118.5
16199.5
16080.5
15163.0
15068.0
15068.0
15771.5
16904.0
15365.5
15257.0
18169.0
15068.0
15460.5
19633.5
15068.0
15383.0
15068.0
15376.0
15470.5
15271.0
15862.5
16272.5
15552.0
18183.5
15163.0
15546.0
16388.5
16199.0
17028.5
15163.0
17229.5
15163.0
15257.0
16195.5
16466.0
15173.0
16900.5
17103.0
17658.5
17747.0
15553.0
15547.0
15762.0
15768.5
15173.0
15996.0
15365.5
15257.0
15870.5
15979.0
15173.0
15866.0
15460.5
15173.0
15173.0
15068.0
15586.0
15771.5
15068.0
15658.5
16349.0
15068.0
16101.0
16478.0
15173.0
16475.5
15268.0
15979.0
15163.0
15068.0
15068.0
15173.0
15887.0
15271.0
15068.0
16419.0
16108.5
15678.0
17776.5
16832.0
15775.0
15552.0
15978.0
15163.0
15068.0
15068.0
15068.0
15173.0
16919.0
15068.0
17421.0
16061.5
15271.0
15068.0
16384.0
16929.5
16602.0
15068.0
15163.0
16073.5
17806.0
15663.0
15979.0
15863.0
15786.5
15771.5
15772.0
16604.5
15675.5
16818.5
15631.0
15173.0
17529.0
16910.5
15068.0
15068.0
15641.5
15173.0
15268.0
15680.5
15257.0
15068.0
15173.0
15068.0
15068.0
15573.5
17046.5
15068.0
15163.0
15248.5
16451.0
15068.0
16698.0
15068.0
16493.0
16858.5
17344.0
15365.5
15852.0
16073.5
15068.0
15365.5
15575.5
15068.0
15068.0
15871.0
15068.0
15068.0
15163.0
15163.0
15068.0
17327.5
17724.5
15163.0
16406.5
15995.5
15068.0
15761.0
15068.0
16479.0
17466.5
16165.5
15738.5
15068.0
15663.0
17865.0
18094.0
15068.0
15257.0
16466.5
15271.0
15775.5
15663.5
15163.0
16378.5
15285.5
15383.0
16603.5
15068.0
15783.5
16995.5
16374.0
15271.0
15356.5
15983.5
15068.0
16115.0
17320.0
16573.5
15163.0
16903.0
15068.0
16199.5
15068.0
15068.0
15173.0
15068.0
16618.5
15163.0
15951.5
15680.5
15758.5
15163.0
15163.0
16808.0
16528.5
15757.0
15163.0
15173.0
15068.0
15650.0
16566.5
15173.0
15068.0
15883.5
15564.5
15755.5
16713.0
15556.0
15975.0
15000
16285.0
16493.5
17753.0
15679.0
15646.0
20107.0
16499.0
15271.0
15068.0
15173.0
15650.5
15068.0
16178.0
15983.5
16595.0
15365.5
15555.5
16591.0
15565.5
16458.5
15763.0
16405.0
16451.5
15153.5
15637.5
16296.0
15573.0
17337.0
15285.5
18570.0
15068.0
15163.0
16046.0
15068.0
15471.0
17476.0
15268.0
15451.0
15173.0
16869.5
16347.5
16011.0
15768.5
15068.0
15365.5
19142.0
15380.5
15068.0
15068.0
15573.0
15068.0
15268.0
15068.0
15163.0
16816.5
15068.0
16836.5
16905.5
15068.0
15271.0
15173.0
17046.5
15068.0
16552.5
17775.0
16466.0
17037.5
15649.5
16293.0
15271.0
15569.0
15068.0
15173.0
15978.0
15068.0
17655.0
15068.0
21313.0
16085.0
15568.5
15173.0
15775.5
15068.0
15068.0
15748.5
15257.0
15459.5
16900.5
15365.5
16583.5
15163.0
15460.5
17463.0
16178.0
16181.0
15068.0
15768.5
19004.5
15565.5
16405.0
16879.0
17667.5
17394.5
16506.0
17449.5
16846.0
17261.0
15365.5
15000
16792.5
15365.5
16363.5
16816.5
16501.0
16054.0
15285.5
15366.0
15257.0
15068.0
16086.5
15271.0
16507.0
16159.5
17771.0
17313.0
17300.0
15173.0
15068.0
15173.0
17892.5
15173.0
16409.0
15068.0
15488.0
15068.0
15551.5
15068.0
17001.0
16498.0
15163.0
15173.0
15680.5
15068.0
16881.5
16178.5
15916.0
15869.5
15383.0
16881.0
15555.0
15271.0
15258.0
15068.0
15173.0
16391.5
15068.0
15646.0
15459.5
15677.0
16481.5
15768.0
15365.5
15546.0
16166.5
15268.0
15558.5
15258.0
16833.0
16574.5
15663.5
15695.0
15068.0
15173.0
15548.5
15583.0
16492.5
15895.0
16184.5
15271.0
15163.0
15986.5
15271.0
15365.5
15068.0
15068.0
15173.0
15460.5
15365.5
15068.0
15068.0
17072.5
15173.0
15271.0
15163.0
15173.0
15576.0
19554.5
15670.5
15173.0
15163.0
15163.0
15748.5
17409.0
15173.0
15883.5
15661.0
15988.5
15365.5
17767.5
15986.5
15068.0
15680.5
15768.5
15068.0
16575.0
15068.0
17069.5
15460.5
17097.5
15460.5
15993.0
15163.0
15068.0
17957.0
15536.5
16188.5
15068.0
15063.0
15894.0
15163.0
15257.0
15651.0
15563.0
15068.0
15646.0
15962.0
15365.5
15163.0
15365.5
16403.5
16985.0
16528.0
15163.0
16266.5
15163.0
15163.0
16608.0
15661.0
16596.5
15759.0
19107.5
17943.0
15365.5
17729.0
15565.5
15365.5
15173.0
15680.5
15554.5
15776.0
18147.5
15579.0
15068.0
15363.5
15163.0
16077.5
16617.5
17086.5
15271.0
17093.0
15068.0
15759.0
15173.0
15068.0
15383.0
16256.5
15163.0
15068.0
15068.0
15460.5
16965.5
15163.0
16281.0
16291.0
17403.0
15173.0
18494.0
15068.0
17257.0
17119.0
15553.0
15543.5
18987.0
15173.0
15271.0
17330.5
15068.0
16361.5
15173.0
15878.0
16079.5
15068.0
15271.0
16727.5
15163.0
15478.0
16052.0
16910.5
17411.0
15663.0
15271.0
15775.5
15068.0
16614.0
17103.5
15573.0
15443.5
15458.0
17229.0
15793.0
15173.0
15173.0
15173.0
16388.5
15663.0
15163.0
15257.0
15163.0
15348.5
15488.0
15173.0
16016.5
15978.0
15068.0
15271.0
15978.0
16879.0
15068.0
15068.0
16083.0
16256.5
15068.0
15068.0
15565.5
15163.0
15054.0
15383.0
15659.5
15068.0
15488.0
15163.0
15077.5
15460.5
15573.0
16394.0
15679.0
16887.0
16476.5
15068.0
16484.0
15565.5
18111.5
16181.0
15663.5
17254.0
15680.5
16802.5
16513.5
15670.0
15068.0
16060.0
15663.5
15257.0
15460.5
16996.0
15068.0
15173.0
15271.0
16885.5
16272.0
18998.5
16687.0
15163.0
15768.0
15173.0
15468.5
16631.0
16471.5
15068.0
16486.0
15163.0
16815.5
15068.0
15460.5
15973.5
15478.0
15068.0
15173.0
16088.5
15460.5
15383.0
16090.5
15068.0
15068.0
15068.0
15758.0
16377.5
15173.0
15068.0
16460.0
15383.0
15638.5
16682.0
15163.0
16503.5
15163.0
15068.0
15173.0
17299.5
15163.0
15068.0
15068.0
15173.0
15653.5
15383.0
15663.5
17945.5
15068.0
15068.0
15766.0
15068.0
16090.5
15068.0
16002.5
15173.0
17207.0
17351.5
15173.0
15758.0
16608.5
15068.0
16158.5
15773.0
15365.5
15775.5
15068.0
15978.5
15163.0
16099.0
16404.0
16094.5
15258.0
15068.0
15478.0
15458.0
15068.0
16805.0
15638.5
15460.5
16013.0
17231.5
15163.0
15173.0
16585.5
16940.5
15365.5
15173.0
17617.5
17829.5
16576.0
15365.5
15761.0
16090.5
15068.0
15352.0
15974.0
16093.5
15271.0
17693.5
15992.5
16586.5
15163.0
15898.0
15982.0
15163.0
15068.0
15680.5
15173.0
16187.0
16452.5
15173.0
15663.5
16206.5
15478.0
17384.5
16811.5
15542.0
15163.0
16482.0
15068.0
15000
15366.0
15649.5
15173.0
16917.0
15660.5
15163.0
15758.5
16465.5
17000.5
16428.5
16494.0
15663.0
16283.0
15768.0
15173.0
15068.0
15163.0
15976.0
15663.5
15768.5
15068.0
15163.0
15481.5
15068.0
16273.5
17229.5
16284.5
17216.5
16406.5
15163.0
15768.5
16476.0
16181.5
15755.5
15068.0
15663.5
16091.0
17424.0
15173.0
17562.0
16210.0
15163.0
15173.0
15268.0
15554.5
15458.0
15803.0
15068.0
15966.0
15068.0
15163.0
16493.5
19380.0
15365.5
16856.5
15068.0
15962.0
15163.0
15974.0
16899.0
16189.5
15068.0
17540.5
16387.5
15000
15068.0
15686.0
16337.0
15163.0
15173.0
15068.0
16897.0
16171.0
16462.0
15163.0
15163.0
15906.0
15861.0
15993.5
17207.5
15068.0
16592.0
15680.5
15978.0
16158.0
16431.0
16091.0
15657.5
15348.5
15163.0
15068.0
16501.5
15365.5
17226.5
15976.0
15068.0
15153.5
15663.5
16483.5
15173.0
15976.5
15659.5
15779.0
17327.5
17715.5
16293.5
15163.0
15776.0
15068.0
15271.0
15068.0
16001.0
15173.0
15554.5
19542.5
15271.0
15573.5
15153.5
15000
15768.0
15766.5
16472.0
15068.0
16562.0
15173.0
16571.0
15681.0
18088.0
15068.0
17871.5
15173.0
15663.0
15680.5
15257.0
16258.5
15173.0
15663.0
15068.0
15478.0
15961.0
15985.0
15068.0
15173.0
15766.0
16497.0
15898.5
15554.5
16606.0
15470.5
17831.0
15910.5
15553.0
15271.0
15163.0
15975.5
16361.0
15173.0
15768.0
15068.0
16099.0
16080.5
15752.0
15573.0
15771.5
16903.0
15163.0
16546.0
15866.0
17337.5
15163.0
15567.0
15068.0
15383.0
15995.5
16691.5
15541.0
15173.0
15773.0
18781.0
15077.5
15173.0
15880.5
16918.5
15663.0
15757.5
17117.5
15173.0
15555.5
15663.0
15565.5
15383.0
17573.0
15268.0
17083.0
16918.5
16437.5
15679.0
15651.0
15547.0
15173.0
17549.0
16888.0
15554.0
18281.0
16483.5
17625.5
15751.0
15068.0
15068.0
15554.0
16397.5
15716.0
17545.0
15163.0
17771.5
16402.5
16497.0
15460.5
16088.0
16493.5
17250.5
16463.5
15451.0
15285.5
15068.0
15163.0
15783.5
15173.0
15068.0
16384.5
15383.0
16178.5
15068.0
15268.0
16098.0
16196.0
16557.0
15775.5
16384.5
15068.0
15163.0
16830.0
15636.0
15068.0
16106.0
15173.0
15648.0
16517.0
16185.5
15640.5
15173.0
15068.0
15163.0
16501.0
15163.0
16090.5
15068.0
15451.0
16465.0
16362.5
16784.5
15068.0
16632.5
16608.0
15772.0
15648.5
15365.5
19215.0
17412.0
15068.0
15163.0
16065.5
15163.0
16501.0
15751.0
16185.0
16181.5
17409.5
15068.0
17831.0
15068.0
15995.5
16890.5
16489.0
18656.0
15068.0
15383.0
16781.5
15658.0
18428.0
15068.0
18141.5
15975.5
15163.0
15660.5
15173.0
17995.0
16371.0
15537.0
15772.0
15470.5
15163.0
16293.5
15068.0
15068.0
15548.5
16273.5
15771.5
16511.0
15365.5
15068.0
15365.5
16426.0
15365.5
15348.5
17366.0
15555.0
15961.0
15068.0
15563.5
15999.5
16506.0
15163.0
15978.0
15383.0
16259.5
17362.0
15773.0
16791.5
15468.5
16482.0
16181.0
16181.5
15068.0
15068.0
16502.0
15163.0
15775.5
15068.0
15068.0
16090.0
15068.0
16952.0
16178.5
15365.5
15978.0
16434.5
15257.0
15586.0
15163.0
16499.5
18580.0
18255.5
15460.0
16598.5
16181.0
15984.0
15488.0
15383.0
15173.0
16831.5
15173.0
15568.5
15068.0
15068.0
15173.0
18665.5
15546.0
16325.0
16388.0
16634.0
17057.5
15741.0
15173.0
16228.5
15173.0
15163.0
15869.5
15993.0
15698.0
15971.5
16196.0
16374.5
15068.0
16394.5
16158.0
15365.5
15481.0
15470.5
15995.5
15661.5
15663.0
15285.5
15068.0
15068.0
16507.0
16476.0
15569.0
16386.5
17899.0
17802.0
15173.0
17982.0
18623.5
16487.0
17231.5
15067.5
15453.5
15163.0
15163.0
16280.0
19675.0
16088.5
15383.0
15554.5
16405.5
15937.5
15068.0
15163.0
17308.5
15173.0
15365.5
15068.0
16171.5
16590.5
16482.0
16471.5
15889.0
15163.0
15163.0
16311.0
15460.5
16221.5
15850.5
15068.0
15458.0
17010.5
16272.0
15365.5
16928.0
15068.0
16483.5
15583.0
16816.5
15173.0
15183.5
15383.0
15163.0
15163.0
16879.5
15995.5
15163.0
15068.0
15068.0
17121.0
18656.0
15755.5
15978.0
15993.5
15365.5
17337.0
15967.5
17320.0
15068.0
16388.0
17014.5
15068.0
16392.0
16368.0
15651.5
15973.0
15163.0
15443.5
16599.0
15068.0
15173.0
16013.5
15519.5
16514.0
15460.5
17289.5
15271.0
17411.5
15173.0
15068.0
16184.0
16063.5
16106.5
15268.0
15646.5
16100.5
15555.5
18222.5
15068.0
15068.0
18177.0
18181.5
16673.0
15965.0
15771.5
15163.0
17421.0
17652.5
15068.0
15789.0
15068.0
15543.5
16156.0
16596.5
16198.5
15163.0
15962.0
17245.5
17011.5
15645.0
15568.5
16178.0
16465.0
15068.0
15068.0
15460.5
15068.0
16379.5
15565.5
15173.0
16632.0
15163.0
15173.0
16463.0
16091.5
15654.0
15986.0
16283.0
15068.0
16394.0
16479.5
15068.0
15362.0
17228.5
15443.5
15173.0
16090.5
15458.0
15365.5
17376.5
15861.0
16003.5
17398.0
16179.5
15447.5
16495.0
15996.0
15068.0
15554.5
15775.5
16183.0
15568.5
15068.0
16872.5
16205.5
16915.0
16832.0
17206.5
15068.0
15763.0
16391.5
15343.5
15173.0
16290.5
16613.0
15173.0
15068.0
17837.0
16070.5
15766.5
16689.5
16045.0
15068.0
17388.0
15563.0
16986.5
16078.5
16068.5
16079.5
15963.0
15068.0
15163.0
15068.0
15068.0
17374.0
15068.0
15068.0
16773.5
15348.5
16603.0
16098.5
16599.0
15068.0
15068.0
15068.0
16449.5
15163.0
15173.0
17017.5
15068.0
17315.0
15365.5
15163.0
15769.0
15383.0
16193.5
15173.0
15068.0
15365.5
15775.0
18225.5
15663.0
15068.0
17489.0
15551.5
15460.5
15173.0
15163.0
16901.5
15068.0
15678.0
15173.0
15467.0
15068.0
17943.5
15565.5
15768.0
15758.0
15854.0
15068.0
15460.5
15068.0
15068.0
15173.0
15173.0
15460.5
16113.5
16433.5
15478.0
15068.0
17288.0
15068.0
16511.0
15068.0
18675.0
15000
17247.0
16063.5
16909.5
15068.0
15754.5
15271.0
16591.5
16475.5
15660.5
15680.5
16090.5
15173.0
15000
15478.0
15365.5
15365.5
16359.0
15741.0
16274.5
15995.5
15163.0
15068.0
16972.5
15680.5
18358.0
16090.5
16604.5
17226.0
15667.0
16387.5
16569.5
15068.0
16821.5
17228.5
15068.0
15173.0
16485.0
18573.5
16260.5
16503.5
15880.5
16923.5
15383.0
15068.0
15068.0
15068.0
15068.0
15068.0
15068.0
16289.0
15173.0
16191.5
15173.0
15173.0
17265.0
15068.0
15163.0
15068.0
15773.0
15271.0
16566.0
17235.0
15068.0
17249.0
16405.5
16202.5
16090.5
15866.5
16224.0
15163.0
15068.0
16491.0
15068.0
15457.0
17401.0
16031.0
15163.0
15680.5
15759.0
15068.0
17821.5
15888.0
15271.0
15163.0
15173.0
15153.5
19473.5
15775.5
15173.0
16196.5
15365.5
17730.5
15068.0
15787.0
16116.0
15470.5
15789.0
16916.5
15068.0
15163.0
15680.5
15356.5
15068.0
15555.0
15365.5
16078.5
15068.0
15268.0
15068.0
15163.0
15663.0
15793.0
16722.5
16902.0
17536.0
15068.0
16381.0
16907.0
15363.0
16602.5
16384.0
15173.0
19437.0
15992.5
15068.0
18679.5
15183.5
15068.0
15985.5
15348.5
15779.0
15173.0
15068.0
16997.0
15068.0
15880.0
19057.0
17203.0
15659.5
16484.5
15173.0
16486.0
16531.5
15163.0
15068.0
15068.0
15768.5
17109.5
16886.5
15068.0
16493.0
17841.0
15631.0
15068.0
16621.5
15556.0
17096.5
15539.0
15173.0
15173.0
15068.0
15068.0
16514.5
16387.5
16178.0
15068.0
16790.5
15663.5
15173.0
15356.5
16126.0
15068.0
15565.5
17511.5
16531.5
15068.0
16710.5
15684.0
16587.0
15271.0
15556.0
15871.0
15068.0
15365.5
15068.0
17023.5
15068.0
15173.0
15183.5
15163.0
15383.0
16493.0
15068.0
15365.5
16091.5
15271.0
19561.0
17277.5
16303.5
15068.0
16404.0
15657.5
17661.0
16392.0
21193.5
16603.0
15982.0
15068.0
16403.0
16083.5
15163.0
16822.5
15271.0
15068.0
16514.0
16720.5
15365.5
15271.0
15488.0
15068.0
15068.0
16779.5
15068.0
15068.0
15883.5
15365.5
16073.5
15068.0
16275.5
17431.5
16183.5
15163.0
16814.5
15880.5
15663.0
15183.5
16406.5
15000

16511.0
16216.0
15163.0
15078.0
16482.5
15460.0
15383.0
15365.5
15173.0
15383.0
15673.5
15365.5
17224.5
15365.5
16195.5
15163.0
16486.0
17316.0
15068.0
16574.0
17299.0
16398.0
15173.0
16098.0
15068.0
17171.5
17732.0
16820.0
15068.0
15163.0
15680.5
16892.5
21193.0
15800.5
16518.0
15068.0
15173.0
15746.0
17134.5
15068.0
16074.0
16498.0
15285.5
16601.5
16496.5
15365.5
15362.0
15543.5
15163.0
16066.0
15898.0
15887.0
15551.5
15068.0
15068.0
15258.0
16804.5
17425.0
15068.0
16287.0
15163.0
15673.5
15565.5
15833.5
15068.0
16423.5
15775.0
17341.5
15173.0
15775.5
15766.0
16583.5
15068.0
15680.5
18290.0
15271.0
15773.0
15271.0
16106.5
15766.0
17106.0
15678.0
15365.5
15271.0
16672.0
15068.0
15775.5
15572.0
16178.5
15068.0
15153.5
17093.0
15568.5
16851.5
16169.5
17755.5
15365.5
15543.5
15646.0
16101.0
15068.0
15163.0
17008.0
15458.0
17173.5
15979.0
15766.0
15068.0
15173.0
15488.0
15678.0
15257.0
17226.0
15481.0
15268.0
16903.5
15271.0
15584.0
16090.5
16974.5
15173.0
17306.5
15758.0
15163.0
15778.5
15163.0
17737.0
16259.5
16206.0
15268.0
15173.0
15163.0
15068.0
15257.0
19148.5
15068.0
15461.0
15546.0
15470.5
15068.0
16923.0
15901.5
15173.0
16413.0
15785.5
15555.5
15698.0
16504.0
16020.5
15271.0
15545.5
15365.5
16084.5
16783.0
16399.0
15068.0
15068.0
16608.5
15772.0
15173.0
18690.0
15068.0
15995.5
16116.0
15373.0
16596.0
15068.0
16711.0
16922.5
15257.0
17284.0
19094.5
16413.0
15663.0
16876.0
16366.5
15173.0
15163.0
15068.0
15785.5
15460.5
17311.0
15654.0
15383.0
16487.0
16792.0
17747.0
15173.0
16150.5
16586.0
15663.0
15173.0
18567.0
15957.5
17694.5
16594.5
15680.5
15365.5
16294.5
16310.5
15876.5
17610.0
15068.0
15163.0
16568.0
16414.0
16886.5
15656.5
15068.0
16518.0
15068.0
16412.0
15758.0
16381.0
15600.5
16959.5
15173.0
15663.5
15068.0
15546.0
16982.0
15163.0
17106.5
15365.5
16414.0
15068.0
15555.5
15880.5
15163.0
16984.0
16806.0
15163.0
15068.0
15173.0
15783.5
15474.0
15068.0
16185.5
15068.0
15163.0
15068.0
16494.0
15452.0
15383.0
16083.5
15068.0
16279.5
15663.5
16076.0
15163.0
16840.5
15568.5
17948.5
15173.0
15761.5
16517.0
18193.5
16089.5
17095.5
16472.0
15668.0
15000
16113.5
15173.0
15271.0
15163.0
15068.0
16311.0
15173.0
15068.0
16873.0
15453.5
15271.0
15268.0
15068.0
15755.5
15654.0
16782.5
15383.0
15068.0
15068.0
15678.5
15543.5
17114.0
16823.5
16386.0
16371.0
15758.0
15978.5
15068.0
15660.5
19148.0
15068.0
15365.5
16169.0
15068.0
16077.0
15373.0
16707.0
15663.0
17298.5
15163.0
15068.0
15458.0
17001.5
16571.0
15068.0
16081.5
20435.5
15068.0
15068.0
18809.5
15901.5
18559.5
15876.5
16918.0
15068.0
15376.0
15257.0
15068.0
15862.5
19640.0
15173.0
15068.0
15657.5
15460.5
16375.0
15068.0
15163.0
15271.0
15271.0
15776.5
16281.0
16818.5
15068.0
15877.0
15068.0
16160.0
16394.5
17002.5
15173.0
16126.5
16184.5
17343.5
17328.0
17422.0
18387.5
16188.5
15068.0
15068.0
16229.0
16260.5
16454.0
15365.5
15593.0
15663.0
16514.5
15268.0
15068.0
16858.5
16070.5
15632.5
15365.5
15068.0
15568.5
17304.5
16436.0
15985.5
16483.0
18470.0
15068.0
15153.5
15068.0
15068.0
16808.5
16781.5
15068.0
15362.0
15068.0
15163.0
16710.0
16321.0
15173.0
15766.0
17511.5
15068.0
15365.5
17349.5
15173.0
15681.0
16198.5
15663.0
15663.5
15663.0
18622.5
15458.0
15068.0
15173.0
15996.5
15870.5
16619.0
15663.5
15068.0
17335.0
15173.0
16062.0
15677.0
15868.0
16528.0
15663.0
15173.0
15468.0
15352.0
15068.0
15583.0
15766.0
15677.0
15163.0
16310.5
15663.0
15068.0
16370.5
15068.0
16083.5
15163.0
15163.0
16788.0
17324.5
15460.5
15773.0
16491.0
15068.0
16504.5
16387.5
16169.0
15785.5
15988.5
15949.5
18269.0
15068.0
16421.0
15970.0
15978.5
15758.0
15068.0
15555.5
15068.0
15575.5
17319.0
16329.0
15173.0
16463.5
15066.5
15474.0
16788.5
16293.5
18651.0
15271.0
15365.5
16399.0
16293.0
16283.5
15163.0
16888.5
15383.0
15668.5
16862.0
16507.5
17631.0
15865.5
16717.0
16873.0
15068.0
15775.0
16396.0
15173.0
17895.0
17047.5
18145.5
15173.0
15671.5
16386.0
15163.0
15663.0
15975.5
15271.0
17333.0
15173.0
15163.0
15173.0
15163.0
15553.0
15383.0
15173.0
15365.5
15173.0
16315.0
16293.5
17320.5
15673.5
16896.0
15366.0
15163.0
15565.5
16501.5
15756.0
15163.0
17344.0
15365.5
16870.0
16615.5
15163.0
16011.0
15659.5
15983.5
15963.5
15068.0
16080.5
17781.0
15257.0
15661.0
16176.0
16929.5
15663.0
16441.5
15869.5
16917.0
15068.0
16465.0
15758.0
15768.0
15650.5
16184.5
15068.0
15068.0
15068.0
15068.0
16441.5
15964.5
15553.0
16160.5
15163.0
17209.0
15163.0
17821.0
15775.0
17401.5
15474.0
17002.5
16000.0
16471.5
19072.5
16293.5
15884.0
16966.5
17499.5
15348.5
16656.5
15978.0
17026.5
15257.0
15068.0
15163.0
16286.5
16474.0
15285.5
15383.0
16476.0
15173.0
16389.0
15268.0
15163.0
17440.0
18693.5
16956.5
18136.5
15271.0
15068.0
15271.0
16162.5
15068.0
16909.5
16511.0
16119.0
15656.5
15173.0
15173.0
15983.0
16453.5
15068.0
16166.0
15257.0
16013.5
16076.0
15173.0
15173.0
15153.5
16648.0
16807.0
15068.0
15163.0
15665.0
16688.5
15068.0
15271.0
15271.0
15673.5
17974.0
17852.5
15641.5
15365.5
17339.5
15068.0
15271.0
18288.0
15773.0
15068.0
15068.0
15443.5
15470.5
15383.0
15163.0
15383.0
16191.0
15973.0
15173.0
15068.0
15677.0
15958.0
15068.0
15163.0
15983.5
16590.5
15068.0
17021.5
15898.5
15460.5
16509.0
15068.0
15068.0
17763.5
15470.5
15775.5
16602.0
15992.5
16072.5
15173.0
17418.5
15383.0
17016.5
17505.5
15068.0
15173.0
16872.0
18279.0
16384.5
15068.0
15257.0
15068.0
15163.0
15068.0
15173.0
15569.0
15688.0
18671.0
15680.5
15663.5
15565.5
15383.0
16080.0
15543.5
16586.5
15068.0
15163.0
15383.0
15566.5
15553.0
15163.0
16766.5
18164.0
15775.5
15163.0
15068.0
15068.0
15068.0
15068.0
15383.0
16474.0
15163.0
15764.5
15163.0
15771.5
16829.5
17348.5
16159.5
15572.0
15173.0
15163.0
15173.0
15673.5
15163.0
15257.0
15271.0
15775.0
15554.5
15068.0
16928.0
16006.0
17481.0
15068.0
15068.0
15173.0
15068.0
15163.0
15068.0
15651.0
15163.0
15960.5
16914.5
16284.0
15173.0
15271.0
16398.5
15365.5
15068.0
16158.0
16072.0
15758.0
16254.0
15068.0
15173.0
15173.0
16093.5
15163.0
17323.0
15554.5
15365.5
15974.5
15068.0
15668.5
15068.0
15538.5
15766.0
15068.0
15068.0
15068.0
15183.5
16436.5
15661.0
15153.5
15978.5
15068.0
15068.0
15068.0
17732.5
16931.0
15995.5
15068.0
16078.5
15463.5
15163.0
15068.0
15453.5
15268.0
17500.5
18073.5
16493.5
15068.0
15986.5
15786.0
17144.5
17576.0
15874.0
17408.0
18438.5
15460.5
15768.0
15785.5
15068.0
15677.0
16395.5
16461.0
16489.0
15271.0
15775.5
15068.0
15964.5
15068.0
15173.0
15573.5
15663.5
16192.0
18151.0
15352.0
15268.0
17774.0
15068.0
15068.0
15271.0
16914.5
17773.5
17388.0
16391.0
16489.5
15068.0
15173.0
15173.0
15068.0
15268.0
16426.5
15383.0
16702.5
15271.0
16469.5
16504.5
18123.0
16176.5
16407.0
16185.5
15068.0
15586.0
15257.0
16371.0
15775.5
16905.5
16878.5
16943.0
15365.5
15271.0
16486.0
15383.0
15365.5
15751.0
16519.5
16483.5
16300.0
15068.0
16722.0
15068.0
15271.0
16203.5
17113.0
15173.0
16098.0
15068.0
15674.0
15549.5
15068.0
17120.0
17226.5
15443.5
19763.0
15663.0
17395.5
15163.0
15775.5
15163.0
16213.5
18695.5
16905.5
15173.0
15068.0
15257.0
16275.5
17509.0
16924.5
16166.0
15285.5
15163.0
15271.0
17317.0
15271.0
15163.0
15163.0
15163.0
15783.5
15163.0
15068.0
15163.0
15068.0
17646.5
15681.0
15173.0
15646.0
16995.5
15673.5
16293.5
15365.5
15163.0
16978.0
16100.5
15663.5
15793.5
15785.5
15458.0
16596.0
16691.5
16401.5
15869.5
16842.5
16507.5
15968.0
15383.0
15248.5
15258.0
15880.5
16379.0
15470.5
16788.5
15068.0
15365.5
16184.5
16181.0
15546.0
15068.0
15573.5
15978.0
15163.0
16888.5
15000
16293.0
18148.5
16210.0
16603.0
15068.0
16531.5
16515.5
16484.5
15563.5
15173.0
15173.0
16185.5
15163.0
15383.0
16570.5
15163.0
16184.5
15068.0
16564.5
15651.0
16097.0
15068.0
15068.0
15468.5
18794.5
15890.0
15783.5
17106.0
15163.0
15068.0
16195.5
15173.0
15068.0
17136.0
15068.0
16008.5
17409.0
15068.0
17340.5
15173.0
17856.0
15365.5
16182.5
17735.0
17417.5
17036.5
15966.0
15068.0
16486.5
15068.0
15173.0
17950.5
15173.0
15068.0
16915.5
15163.0
17333.0
15068.0
15670.5
17313.5
16071.0
15348.5
15068.0
15680.5
15271.0
17315.5
15460.5
16188.0
15755.5
15474.0
16992.0
16991.5
15363.0
15356.5
16408.5
16182.5
15771.5
18789.0
15680.5
16882.0
16466.0
15163.0
16350.5
15068.0
17852.0
15163.0
16286.0
15163.0
16475.0
17740.5
15068.0
16520.5
17247.0
15068.0
16398.0
15068.0
15556.0
15978.5
15546.0
17317.5
16613.5
15173.0
15257.0
15173.0
15548.5
15460.5
17212.0
16068.5
15460.5
17304.0
16932.0
16604.5
15996.0
15068.0
16310.0
15068.0
15163.0
16501.0
15555.5
16174.5
16398.5
16829.0
16776.0
16484.0
15068.0
17291.0
15258.0
15173.0
15068.0
15383.0
15173.0
15680.5
15163.0
17206.0
15068.0
16871.0
15173.0
16531.5
17330.5
16101.0
15969.0
15554.5
15271.0
15068.0
16920.5
15173.0
18372.5
16809.0
15783.5
16995.5
15651.0
18273.5
15488.0
15541.0
15173.0
15790.0
15383.0
16185.0
16482.0
16903.5
17304.0
15068.0
16488.5
16911.0
17244.5
16003.5
17830.5
15163.0
15983.5
15163.0
15447.0
16872.5
15068.0
18277.0
18190.0
15173.0
15953.5
16311.0
15568.5
15534.5
16126.0
17201.0
15271.0
16797.0
15068.0
17006.5
16090.5
17912.5
15380.5
16568.0
16753.5
16998.5
15068.0
17417.5
17731.5
15563.5
15468.5
15681.0
17389.0
15068.0
16433.5
15163.0
16280.0
15881.0
16893.5
18108.5
15257.0
15173.0
15173.0
16108.0
16317.5
16893.5
15068.0
15068.0
15474.0
16050.5
15468.5
15173.0
15978.5
15555.5
15969.0
15068.0
15977.0
15975.5
15068.0
15163.0
16468.5
16798.5
15163.0
15163.0
17560.5
15768.0
16828.5
15989.0
15153.5
17253.5
15068.0
15583.0
16809.0
16458.5
15173.0
16003.5
15664.0
16983.0
15365.5
15271.0
16480.0
15478.0
15801.5
15775.5
16962.0
16315.0
16476.5
15173.0
15960.5
15478.0
15663.5
15068.0
16203.5
16491.0
16165.5
15563.0
16091.0
16395.0
19733.5
15271.0
15068.0
15173.0
15285.5
15258.0
15173.0
15438.5
15163.0
15365.5
15068.0
15888.0
15565.5
16778.5
15163.0
15680.5
16972.0
15365.5
15555.5
16868.5
15461.0
15068.0
15257.0
16916.0
15068.0
15271.0
15163.0
15068.0
15068.0
15163.0
15068.0
16061.0
17215.0
15068.0
15257.0
15271.0
15460.5
16013.0
17899.0
16171.0
15468.5
16259.0
15365.5
15163.0
15068.0
18247.0
15993.0
15173.0
15068.0
15068.0
15271.0
15348.5
15698.5
15068.0
16402.0
15554.5
17306.0
15068.0
15348.5
17324.5
16616.0
15348.5
15068.0
15776.0
15163.0
15068.0
16510.5
16593.5
15278.0
15766.0
16696.5
15271.0
15985.5
17005.5
15173.0
15649.5
16461.5
15478.0
16701.0
15460.5
15365.5
15663.0
16699.0
15973.5
16083.5
15698.5
15173.0
15163.0
15163.0
15068.0
15634.0
15365.5
15778.5
16929.0
15678.0
15173.0
15568.5
16355.5
15555.5
15173.0
15068.0
15258.0
16838.0
16492.0
15775.5
15000
16367.5
16519.5
15978.0
15271.0
15068.0
15068.0
15000
15173.0
16482.5
15068.0
15163.0
15776.5
15649.5
17011.5
15173.0
15163.0
15568.5
15741.0
15898.5
16398.5
17104.0
17843.5
17431.5
15173.0
16583.5
15999.5
15365.5
15366.0
15881.0
17335.0
15681.0
17536.5
15068.0
15173.0
15173.0
17036.0
15271.0
15646.0
16994.0
16805.5
15163.0
15646.0
16901.5
16619.5
15271.0
15163.0
16470.0
15458.0
15257.0
15000
16168.5
15068.0
20355.0
15068.0
15470.5
17019.0
15271.0
17102.5
15572.0
15271.0
15068.0
15068.0
17229.0
15163.0
15163.0
15068.0
15684.0
16497.5
15068.0
15271.0
16497.5
16977.0
15068.0
16004.5
15173.0
15460.5
18606.5
16416.0
15163.0
15068.0
16425.0
15163.0
16588.0
15173.0
15573.0
15068.0
15000
15565.5
15673.5
15068.0
15068.0
16479.5
16276.0
16311.0
15781.0
16401.5
17616.0
15163.0
16101.0
15668.5
16893.0
16899.5
16367.0
16629.5
16491.0
15163.0
15758.0
15163.0
16073.0
17306.0
15978.0
15979.5
15173.0
15271.0
15173.0
16421.0
15670.5
15068.0
15754.5
15163.0
16393.5
16608.5
15271.0
18304.5
15173.0
16275.5
15757.5
15173.0
17341.0
15068.0
15163.0
16893.0
15077.5
16185.5
15173.0
16908.5
17198.5
15068.0
15546.0
15068.0
15163.0
15163.0
17294.0
15068.0
17011.0
15068.0
16578.5
16177.0
16126.0
15068.0
15068.0
15173.0
15365.5
16763.0
17563.5
15678.0
17820.0
15163.0
16108.5
15183.5
17189.5
16497.5
15068.0
16886.0
15068.0
16847.0
16261.5
18762.5
16166.5
15556.0
15678.0
15068.0
15163.0
15173.0
17034.0
17819.5
15271.0
16608.0
15163.0
15365.5
15343.5
16424.0
16081.0
17749.5
15163.0
17354.5
15985.0
16444.5
15163.0
15068.0
15757.5
15646.0
15068.0
15775.0
15565.5
15673.5
17439.0
17078.0
15460.5
15650.5
15173.0
15849.0
15068.0
15271.0
15163.0
15068.0
16729.5
18251.5
16204.5
15565.5
15534.5
15460.5
15555.5
18293.0
15565.5
16455.5
18742.5
16394.0
16496.0
15680.5
16178.0
16328.5
18489.5
15285.5
15541.0
17032.0
16388.0
16505.0
16353.5
16293.5
15768.0
15460.5
16366.5
15163.0
17459.5
15681.0
15686.0
15163.0
15163.0
17792.0
15163.0
16077.0
15163.0
16109.5
16413.0
16087.0
15163.0
16367.0
15068.0
15761.5
15642.5
18208.5
15068.0
15068.0
15163.0
15548.5
16682.5
15163.0
17294.5
15583.0
16510.5
15068.0
16644.0
15365.5
15068.0
15163.0
15268.0
15163.0
17340.0
16514.5
15383.0
15068.0
17044.5
15258.0
16482.5
16782.0
15163.0
15173.0
15163.0
17397.5
15698.0
15258.0
15163.0
18690.5
16068.5
16509.0
15543.5
15173.0
16428.0
16827.0
15271.0
16980.5
15068.0
16927.5
16882.5
15654.0
15460.0
15663.0
15173.0
16155.0
18174.5
15554.5
16216.0
15986.5
18238.0
15681.0
15163.0
15661.0
15470.5
15365.5
15383.0
17554.5
16691.0
18816.0
16087.0
15563.0
15565.5
16186.5
17693.0
16385.0
15629.5
16367.0
15352.0
15453.5
16003.5
16913.5
15470.5
15366.0
17424.5
15173.0
16599.0
15163.0
16388.5
15271.0
15153.5
16386.0
16081.5
16069.5
15285.5
17001.5
15698.0
15173.0
15778.5
15546.0
16374.0
16195.5
16378.0
16669.0
15068.0
15793.0
16909.5
15488.0
15698.0
15163.0
16810.0
16090.5
15068.0
17303.0
18087.0
15470.5
16176.0
15463.0
15758.0
15478.0
15163.0
15173.0
15068.0
15173.0
15163.0
16798.5
15271.0
15163.0
15173.0
16882.5
15458.0
15163.0
17521.0
15173.0
15268.0
15641.0
16499.5
16126.0
17428.0
16492.5
16169.0
15680.5
17854.0
15955.0
15068.0
16863.0
16083.5
18693.5
15068.0
16100.5
19915.0
15068.0
15068.0
15383.0
17654.0
16458.5
15068.0
15698.0
15163.0
15068.0
15754.5
15163.0
16084.0
15068.0
16149.0
15163.0
15656.5
15257.0
15646.0
16407.5
15173.0
16490.0
15663.0
16198.0
15163.0
15173.0
15545.5
16504.0
16014.0
16577.5
17116.5
17318.5
15257.0
16093.5
16492.5
15383.0
15271.0
15365.5
16635.0
18299.0
15068.0
15173.0
15691.0
15555.5
15068.0
15758.5
15671.5
15173.0
15163.0
15163.0
16576.0
15978.5
16415.5
15677.0
17142.0
15460.5
16900.5
17458.5
15163.0
15741.0
16167.0
15565.5
15793.0
15365.5
15793.0
15365.5
15985.5
15163.0
16311.0
15248.5
15068.0
15173.0
16186.5
16322.5
15068.0
15268.0
16068.0
15653.5
15285.5
19439.0
15680.5
16304.5
16507.0
15984.5
15365.5
15173.0
16510.5
15163.0
15554.5
15068.0
17344.0
16276.0
16371.0
15068.0
15457.0
15460.5
18167.5
16472.0
16465.5
15068.0
15551.5
16496.5
16910.5
15558.5
15068.0
18688.5
15663.5
16190.5
15460.5
15068.0
15852.0
15068.0
16065.0
16499.5
15173.0
15773.0
16326.0
15383.0
15068.0
15995.5
15173.0
15365.5
15068.0
16381.0
15663.0
15775.0
16198.5
15365.5
16579.0
16085.0
15068.0
16533.0
15163.0
15258.5
15068.0
15978.0
15663.5
15068.0
16290.5
16199.0
16101.5
15068.0
15558.5
15565.5
15969.0
17945.0
16904.5
16724.0
15783.0
15173.0
15986.5
15257.0
15068.0
18585.0
15258.0
15068.0
17103.5
15068.0
15068.0
15568.5
15163.0
15554.5
17273.0
17733.0
15775.5
15365.5
15173.0
15352.0
15173.0
16503.5
15383.0
15068.0
17719.0
15068.0
19505.0
15163.0
15163.0
15173.0
15975.5
15078.0
15173.0
15348.5
15537.5
15068.0
15163.0
16606.5
15068.0
15173.0
16126.5
15556.5
15068.0
15068.0
15163.0
15365.5
15173.0
15068.0
16213.5
15068.0
15982.0
18196.0
16466.0
15068.0
15068.0
16691.0
15667.0
16590.5
19638.5
17331.5
15663.5
17344.0
15068.0
15173.0
15663.0
16063.5
15880.5
15068.0
15758.0
16408.0
15163.0
15173.0
15163.0
15153.5
15680.5
15173.0
16884.0
15068.0
16559.5
15173.0
15471.0
15163.0
17351.0
15758.5
16526.0
16281.0
15271.0
19336.5
15773.0
15468.5
15163.0
15068.0
15068.0
15163.0
15989.0
15163.0
16679.0
15068.0
15068.0
15163.0
15068.0
15068.0
15163.0
16917.0
15488.5
15365.5
15438.5
15068.0
15068.0
15654.0
15163.0
15905.5
15068.0
15068.0
15163.0
15984.0
15068.0
15068.0
15680.5
15068.0
15383.0
15173.0
16277.0
15974.5
16923.5
15556.0
15978.5
16286.5
15173.0
15163.0
16711.0
15651.0
15659.0
15663.0
17651.0
15163.0
16466.0
15470.5
18282.5
15365.5
15173.0
15365.5
15757.5
17524.5
16406.0
16091.0
15068.0
16395.5
16506.0
17003.5
15068.0
18803.0
16824.0
15068.0
15663.5
15789.0
16496.0
15271.0
15681.0
16301.0
16640.0
15068.0
17320.5
17276.0
15768.0
15565.5
15651.0
16888.5
17234.0
15451.5
15163.0
15976.5
15068.0
15173.0
15365.5
15451.0
15173.0
17009.5
15981.0
15468.5
15658.0
15068.0
16916.5
15068.0
15365.5
17993.0
15541.5
16891.5
15068.0
15068.0
16700.0
16616.5
16188.5
15979.0
15173.0
15068.0
15478.0
18408.5
15761.5
15663.0
16405.5
15850.5
17327.5
15546.0
19486.5
16199.5
17902.5
16821.5
17329.5
15068.0
15365.5
15555.0
15870.0
17760.5
15995.5
15680.5
16066.0
15068.0
15068.0
16419.5
15860.5
15173.0
16906.5
17347.5
15068.0
15163.0
15572.0
16493.0
15068.0
16181.0
15803.5
15555.5
17438.0
17424.5
15860.5
15646.0
15173.0
15373.0
16074.0
15068.0
17828.5
16980.5
15659.5
16991.5
15068.0
16376.0
15068.0
18252.5
15576.0
16892.0
15839.0
15068.0
16383.5
16483.5
15257.0
15068.0
16195.5
16482.5
15173.0
17383.0
15163.0
15068.0
15638.5
15680.5
15068.0
15660.5
15068.0
16116.5
16070.5
15068.0
15972.5
15068.0
15680.5
15068.0
15365.5
15163.0
18777.0
15353.0
15773.0
15285.5
15068.0
15068.0
15068.0
15068.0
15068.0
15163.0
16098.0
15173.0
15383.0
15365.5
15173.0
15458.0
15680.5
15068.0
15365.5
16487.5
17426.5
16511.5
15068.0
15460.5
15880.5
15183.5
15575.5
15163.0
16896.5
17005.5
17415.0
16076.5
15271.0
18265.5
16493.5
15563.5
16890.0
17369.0
16896.5
15268.0
15163.0
15565.5
15458.0
15163.0
15994.0
15068.0
15646.0
15879.5
15590.0
16080.5
17317.0
15488.0
15068.0
16920.0
17388.5
15271.0
15663.0
15173.0
15365.5
15366.0
15163.0
15068.0
17431.5
15470.5
15458.0
15271.0
15755.5
15068.0
17711.5
15068.0
16594.5
16361.0
15460.5
15000
15758.0
15258.0
16412.0
15668.5
15761.5
16807.5
16395.5
17958.5
15068.0
15173.0
15365.5
15778.5
16003.5
15271.0
15257.0
16150.0
16597.0
15376.0
16296.5
15173.0
15068.0
15443.5
15068.0
15068.0
16491.5
18720.0
15173.0
16682.0
16594.0
15068.0
16369.5
16083.5
15776.0
16091.5
15680.5
15793.0
15383.0
17008.5
15068.0
16179.5
15663.5
15068.0
15638.5
15257.0
15803.5
15365.5
16879.0
15873.5
15268.0
16087.0
15555.5
17709.0
15995.5
15068.0
16806.5
16378.5
16080.0
15068.0
16385.0
16083.5
15383.0
15068.0
15470.5
16080.5
16577.5
15680.5
15663.0
15365.5
15068.0
15741.0
15163.0
15698.0
16220.0
15271.0
15978.5
15460.5
15785.5
16065.5
15680.5
16878.0
16118.5
15663.0
16479.5
16730.0
15365.5
16896.5
15163.0
15173.0
17816.5
16106.5
16501.5
16590.0
17437.0
16179.5
15680.5
15163.0
16475.5
16500.5
15068.0
15460.5
15068.0
15068.0
16500.5
15068.0
15163.0
17001.0
16388.5
15163.0
16775.5
16184.5
17963.5
15163.0
15268.0
15173.0
15068.0
15163.0
15766.0
15383.0
15365.5
16189.5
16326.0
17210.5
15068.0
15785.5
15271.0
15271.0
15365.5
15068.0
15488.0
15068.0
15271.0
15583.0
15460.5
17036.0
15365.5
15068.0
15460.5
18272.5
15575.5
17109.0
15365.5
15673.5
15460.5
16297.5
16264.0
15478.0
16507.5
16429.5
15993.0
15163.0
15954.0
16083.5
16123.5
16482.0
17866.5
15583.0
15068.0
15163.0
15068.0
15365.5
16862.0
17950.5
15163.0
15068.0
15680.5
15068.0
15068.0
17008.0
16871.0
15566.5
15995.5
16453.0
17090.0
15068.0
17007.0
15173.0
16191.5
17005.5
15646.0
16901.5
15285.5
15068.0
15556.0
15068.0
15068.0
16076.5
15978.5
15068.0
15470.5
15879.0
15068.0
15068.0
17327.5
16094.5
15258.0
15173.0
17042.0
15068.0
15068.0
15068.0
16136.5
17863.5
15383.0
16616.5
15173.0
15068.0
15631.0
15785.5
15551.5
15999.0
16074.0
16460.5
15271.0
16069.5
15163.0
16817.5
15068.0
16441.5
16402.0
15555.5
15575.5
15068.0
17409.5
15068.0
16358.5
17347.0
16531.0
15068.0
15068.0
16978.0
15383.0
17140.5
16107.0
16714.0
16172.0
15173.0
16463.5
15163.0
15173.0
15068.0
15754.0
15163.0
18304.0
16206.0
15568.5
15163.0
16620.5
17212.5
15068.0
15982.0
16090.5
16195.5
18346.0
15173.0
15995.5
15451.5
15068.0
18669.0
16205.5
15751.0
16410.0
15173.0
15660.5
15163.0
15680.5
15068.0
15173.0
15679.0
15183.5
15173.0
15068.0
15173.0
16189.0
15163.0
15068.0
16073.5
15068.0
15068.0
15383.0
15775.5
15163.0
15451.0
16404.5
17499.5
15173.0
16076.5
18151.0
15173.0
15976.0
15438.5
15986.5
17653.0
16576.5
15271.0
16384.5
15966.0
17717.0
15173.0
17025.5
16398.0
15663.0
15383.0
15365.5
15680.5
16479.5
15657.5
16073.5
15782.0
15163.0
15271.0
15766.0
15663.5
16279.0
15583.0
18394.5
15163.0
15460.0
15173.0
15365.5
15271.0
15553.0
17713.5
15555.5
16003.0
16053.0
16194.5
16833.5
15173.0
15938.5
15271.0
15068.0
16371.5
17536.5
15365.5
15271.0
16888.5
16047.5
15681.0
16911.0
16392.0
16464.5
16701.5
16583.0
15659.5
17312.5
15173.0
15257.0
16280.5
15068.0
15554.0
15663.0
17110.0
16398.5
16907.0
15985.5
15678.0
15068.0
15383.0
15068.0
15068.0
16408.5
15383.0
15173.0
15068.0
15163.0
15173.0
16195.5
15556.0
16013.0
15365.5
15459.5
16184.5
15068.0
15565.5
15068.0
16263.0
16617.0
15793.5
15000
15646.5
15068.0
16709.0
16411.5
16897.0
16178.5
15562.0
15173.0
16596.0
15068.0
15068.0
15995.5
16214.5
16998.5
15173.0
16493.0
15663.0
15565.5
16493.0
15951.5
16808.0
16520.5
15680.5
15173.0
16150.5
16786.5
16003.5
15646.5
15869.5
15163.0
15258.5
16726.0
16637.0
15365.5
15068.0
16483.5
15163.0
15268.0
15568.5
16429.0
15716.0
15460.5
15555.5
16679.0
16929.0
15173.0
15163.0
15680.5
15663.0
16176.0
15068.0
15163.0
15563.5
15068.0
15068.0
16812.5
17734.0
15478.0
16858.5
15949.5
16608.0
16162.0
15565.5
15068.0
15068.0
16811.5
15068.0
17257.0
15568.5
16601.0
15068.0
15966.0
15163.0
15068.0
16134.5
15986.5
16487.0
16789.0
15068.0
15068.0
16594.0
15853.5
15481.0
15663.5
17617.5
15068.0
16616.0
16195.5
15443.5
15163.0
15365.5
15888.0
16592.5
15555.5
15996.0
15978.0
15068.0
15163.0
17755.0
16485.5
15068.0
17271.0
17032.5
15068.0
16457.5
15365.5
15068.0
15068.0
15068.0
16461.5
15383.0
16310.5
15163.0
15068.0
16078.5
15365.5
15554.5
16991.0
15365.5
15551.5
15768.5
15366.0
15785.5
16589.5
15173.0
16061.0
16063.5
17180.0
15068.0
15869.5
17588.0
17774.0
16606.0
15670.5
15487.0
15898.5
15153.5
15383.0
16985.0
16111.5
16293.0
16924.0
15470.5
15988.5
17443.0
15163.0
15698.0
15443.5
15866.0
18382.0
15271.0
15068.0
17397.0
15757.5
15068.0
16626.0
15068.0
15992.5
19458.5
15271.0
16395.5
16944.5
16724.0
16475.0
15068.0
16106.0
17218.5
21618.5
15649.5
15659.5
16895.5
15670.0
16982.5
16392.0
16272.0
15383.0
17740.0
17046.0
16486.5
15068.0
15163.0
15183.5
15163.0
15680.5
15468.5
15471.0
15163.0
16093.5
17197.0
17837.0
16213.0
16409.0
15257.0
18074.5
18305.5
15677.0
17029.0
15163.0
17012.0
15468.5
15383.0
17744.0
16109.5
15173.0
15383.0
15068.0
16602.5
15068.0
15646.5
15248.5
15659.5
17790.5
16053.5
16366.5
16853.0
15957.5
15851.0
15068.0
16519.0
15068.0
15478.0
17416.5
15068.0
15982.5
16553.5
15068.0
15173.0
15470.5
15173.0
15565.5
15068.0
16179.5
15068.0
15698.0
16050.0
16808.5
15271.0
15801.5
15680.5
15663.0
16591.0
15986.5
16401.5
15163.0
16083.5
15573.5
15163.0
15068.0
15268.0
16396.0
15775.5
15638.5
15268.0
15663.0
15153.5
18073.0
16003.5
15068.0
15680.5
15271.0
15755.5
15996.5
15163.0
17740.5
16385.5
15173.0
16892.0
15068.0
16089.0
16624.0
15068.0
15348.5
15573.5
17297.5
16889.5
15163.0
15751.0
15638.5
15993.0
16930.5
16402.0
18400.5
16480.5
15478.0
16815.0
15173.0
15271.0
15470.5
15365.5
15068.0
15850.5
15163.0
16056.5
15271.0
15068.0
16416.0
16272.0
15764.5
15068.0
15271.0
15163.0
15068.0
17339.0
16389.0
15383.0
15077.5
15068.0
15775.5
15173.0
16090.5
15565.5
16951.5
16850.0
16997.0
17778.5
15680.5
15173.0
15173.0
17119.5
16293.0
15573.5
16409.5
16164.0
15793.0
16073.0
17913.0
16657.0
15173.0
16663.0
16983.5
16303.5
15268.0
15383.0
18185.5
15681.0
15163.0
15068.0
15173.0
15376.0
16087.0
16095.5
15068.0
16481.5
16293.5
16514.5
15470.5
15000
15551.0
15348.5
15163.0
15680.5
15278.0
17233.5
15478.0
17817.5
18278.0
16868.0
17300.0
15068.0
15068.0
15163.0
16499.0
15068.0
15651.0
15163.0
16857.5
15663.0
15163.0
15365.5
15680.5
15661.0
15365.5
15586.0
15173.0
15468.5
16186.0
15488.0
16688.5
15686.0
17004.5
15000
17823.0
15961.0
15460.0
16581.0
15000
15068.0
15163.0
16276.0
15068.0
16167.0
15068.0
15271.0
16735.0
15068.0
15383.0
15068.0
15068.0
15068.0
15173.0
17311.5
15068.0
16492.0
15478.0
15068.0
15988.5
15971.5
15173.0
16492.0
15163.0
16414.0
15068.0
16798.5
15554.5
15163.0
16946.0
15068.0
15068.0
15173.0
17429.0
15365.5
15068.0
18702.5
15458.0
15554.0
16608.5
15468.0
15365.5
15068.0
15163.0
15068.0
15864.5
15878.5
15271.0
15268.0
15271.0
16321.0
16090.5
15979.0
15568.5
16489.5
15163.0
15680.5
15068.0
15068.0
15271.0
16468.5
15173.0
16612.5
15068.0
17961.0
15173.0
15958.5
17042.0
15689.5
15068.0
15068.0
15068.0
15183.5
15579.5
16598.0
15068.0
15775.5
15271.0
15068.0
17460.5
16398.0
17972.5
15068.0
15383.0
15068.0
15173.0
15068.0
15163.0
16671.0
15667.0
16040.0
19128.0
15796.0
16771.0
16876.0
15173.0
15068.0
15068.0
16938.0
15365.5
15659.5
15898.5
15163.0
15068.0
15163.0
15068.0
15383.0
17975.0
15068.0
16501.5
15555.5
17401.0
15068.0
15470.5
15163.0
15663.0
16381.5
15173.0
15068.0
15163.0
15068.0
15163.0
15068.0
18063.5
15173.0
15680.5
15068.0
15758.0
16099.0
15068.0
15757.0
15163.0
15460.5
15365.5
17731.0
15558.5
15068.0
16147.0
16714.5
15658.5
15068.0
17405.5
15686.0
15163.0
16683.5
17810.5
15068.0
15068.0
15068.0
15068.0
15982.0
15068.0
15173.0
15383.0
16328.5
15963.5
16080.5
15271.0
15766.0
15173.0
16581.5
15774.0
16499.0
15068.0
15163.0
15573.5
15680.5
16196.0
16913.5
17391.5
15173.0
16203.5
18306.0
16466.0
15488.0
15078.0
15873.5
15163.0
15068.0
15163.0
15068.0
15068.0
17238.0
16322.5
15461.0
17396.0
15078.0
16779.5
15271.0
15068.0
15460.0
15884.5
15173.0
16501.0
16074.5
15068.0
15257.0
16213.5
15068.0
15068.0
15686.0
16213.0
15460.5
18228.5
15568.5
15068.0
16484.0
16472.5
15271.0
15068.0
16575.5
16098.0
16069.0
17329.0
15163.0
16834.0
15068.0
15654.0
16702.5
15068.0
15383.0
15068.0
15163.0
16116.5
15460.5
15376.0
15163.0
15173.0
15646.0
17030.0
16204.0
15163.0
15365.5
15068.0
16514.0
15068.0
15460.5
16593.5
15488.0
15000
15173.0
15775.5
15663.5
15365.5
15068.0
15766.0
16165.5
18059.0
15996.0
15068.0
15068.0
15978.5
15068.0
15365.5
15068.0
17344.0
15568.5
15068.0
17355.5
15068.0
16482.5
15775.5
15548.5
15163.0
15068.0
17797.0
17539.5
16371.0
15365.5
15173.0
15068.0
15068.0
17313.5
15663.0
15647.0
15366.0
15470.5
15068.0
15659.5
16210.5
15068.0
16501.0
15758.5
15658.5
15271.0
15068.0
15572.0
16405.5
16496.5
15773.5
15546.0
15068.0
15775.5
17939.5
17007.0
15661.0
15000
19496.0
16255.0
16199.5
15068.0
15068.0
19566.5
16489.5
15271.0
15163.0
15068.0
18234.5
15163.0
15901.5
17745.5
15068.0
15590.0
15698.0
15285.5
15673.5
15776.0
15365.5
16703.0
16503.5
15365.5
19881.0
16591.5
16069.5
15362.0
15271.0
15542.0
15466.0
15068.0
16798.5
15068.0
15068.0
16076.5
15716.0
16056.0
16269.5
15068.0
15163.0
15897.5
15383.0
15565.5
15460.5
15173.0
17519.0
15663.0
17421.0
15775.5
15996.5
16407.0
16217.5
15976.0
15460.5
16776.5
16375.5
16528.5
17728.5
15068.0
15068.0
16193.0
15271.0
16516.0
15365.5
15474.0
17935.0
15573.5
15163.0
16231.0
15257.0
15887.0
15573.0
17261.0
16482.0
15775.0
15173.0
15068.0
15068.0
15068.0
15738.5
16459.5
15068.0
17219.5
17848.5
15068.0
15068.0
16378.5
15768.0
15163.0
16088.5
15068.0
15558.5
16194.0
15898.5
15173.0
17422.0
15775.0
15163.0
15173.0
15163.0
16366.0
15984.0
15068.0
15383.0
16290.5
16815.0
18182.0
16308.0
15470.5
15258.5
15745.5
16901.0
15068.0
16931.5
15573.5
16448.5
15163.0
15748.5
16118.5
15365.5
15163.0
16198.5
16440.0
15365.5
16471.0
16361.5
15068.0
15163.0
15163.0
15698.5
15271.0
15068.0
15470.5
15691.0
15271.0
16933.5
15068.0
15649.5
15460.5
15680.5
15836.0
15163.0
15853.5
17656.0
15271.0
15173.0
16475.0
15173.0
15780.0
15257.0
15365.5
15680.5
16808.5
16185.0
15068.0
15068.0
17843.0
15163.0
15747.0
15173.0
15068.0
16917.0
15068.0
15153.5
15365.5
16090.5
15163.0
15478.0
15680.5
18625.5
15583.0
15068.0
15258.0
15068.0
15565.5
15068.0
16697.0
15678.0
15257.0
16693.5
16379.0
16693.0
15555.5
15858.5
17398.5
15163.0
15173.0
17910.5
16781.5
16515.0
16111.0
15982.0
17439.0
15383.0
15163.0
15659.5
15680.5
15173.0
15775.5
17219.5
15068.0
15163.0
15901.5
15173.0
15163.0
15068.0
16976.0
15553.0
15163.0
15068.0
15271.0
16803.0
16684.0
15864.5
15173.0
15996.0
16824.5
15163.0
15383.0
15680.5
17011.0
16888.0
16605.5
15068.0
15163.0
15068.0
15163.0
16903.5
16605.0
15568.5
15163.0
15551.5
16084.0
17495.0
15163.0
15163.0
15659.5
15470.5
15068.0
16462.0
15573.5
15163.0
15163.0
15068.0
18580.0
16898.5
15068.0
15068.0
15068.0
15556.5
15068.0
18637.5
15451.0
15068.0
15468.5
15173.0
15068.0
15680.5
15163.0
15068.0
16703.0
15163.0
16711.5
15068.0
15546.0
15285.5
16602.0
15271.0
15460.5
15984.0
16677.0
16072.5
15383.0
15163.0
15163.0
17702.0
15068.0
17819.0
16892.0
15068.0
15691.0
16098.5
15383.0
15068.0
16890.5
16480.0
15660.5
15978.5
15556.0
16006.5
15758.5
16826.0
15068.0
15383.0
15565.5
16083.5
15183.5
15470.5
16592.5
16097.5
15569.5
16083.0
15793.0
15163.0
16578.0
16375.0
15068.0
15796.0
15565.0
15068.0
15257.0
15383.0
15163.0
15877.0
15663.0
18516.5
15068.0
15565.5
15173.0
15688.0
16011.0
15663.0
15173.0
15554.5
15257.0
19571.0
15383.0
18287.5
19007.0
15068.0
16308.0
16196.0
15383.0
15068.0
15271.0
15258.0
15068.0
15068.0
15551.5
15271.0
18338.0
15458.0
16100.5
15881.0
18181.0
15365.5
16309.5
15257.0
15271.0
16901.0
15068.0
15068.0
15673.5
15751.0
15383.0
15068.0
15681.5
16697.0
17843.0
15163.0
15173.0
15978.5
15470.5
16395.0
15793.0
15068.0
15969.0
15173.0
15068.0
15680.5
17324.5
16071.0
15383.0
15068.0
15068.0
15869.5
17039.5
15551.5
15068.0
17289.0
16581.5
17112.0
15068.0
15383.0
15068.0
16011.0
15909.5
15068.0
15271.0
15362.0
15988.5
16168.5
15663.0
16443.0
16599.0
15565.5
15815.5
16514.0
15163.0
15271.0
15068.0
18546.0
16081.0
15163.0
15356.5
16090.5
15173.0
15068.0
15068.0
15068.0
16073.0
16101.5
15776.0
15542.0
15068.0
15000
15068.0
15163.0
15173.0
15163.0
15471.0
15470.5
15068.0
16885.5
15173.0
15173.0
15583.0
17629.0
15068.0
15363.5
15068.0
15451.0
15775.5
15068.0
15173.0
15563.5
15163.0
15978.5
15348.5
15565.5
16570.0
15565.5
15068.0
15766.0
18376.5
15640.0
15271.0
16920.5
15883.5
15163.0
15271.0
15873.5
15068.0
15681.0
15068.0
16198.5
16031.0
17516.0
15880.0
17211.0
15163.0
16722.0
16300.0
15468.5
16826.0
17188.5
15680.5
15365.5
16816.5
15898.0
16090.5
15698.0
15365.5
16168.5
15068.0
15068.0
15163.0
15068.0
15568.5
16327.5
15173.0
16511.5
15068.0
16812.0
15258.0
16585.5
15163.0
15451.0
15978.5
17043.0
15656.5
16978.0
15537.0
15068.0
18071.5
16528.5
15983.0
17713.5
15572.0
15663.0
16413.0
16613.5
16884.5
15568.5
15268.0
15068.0
15862.0
16796.5
15153.5
15670.0
15555.5
16693.5
15271.0
16603.5
15916.0
17744.0
16087.0
15758.0
15163.0
16892.0
15163.0
15989.0
15637.0
16083.5
15068.0
15572.0
15271.0
15173.0
15654.0
15546.0
17712.5
15068.0
15068.0
15285.5
15458.0
15163.0
15741.0
16934.0
15068.0
15163.0
16416.5
16273.0
15068.0
15680.5
15068.0
15661.0
16497.5
15548.5
15669.5
15173.0
15173.0
15173.0
15995.5
15163.0
17418.5
15565.0
15068.0
15988.5
15068.0
15271.0
15463.0
15983.0
16175.5
15173.0
15460.5
15698.5
15068.0
16406.0
15568.5
15173.0
15271.0
16395.0
15988.5
16271.0
16188.5
16178.5
16013.5
15670.0
15986.0
15271.0
15772.0
15068.0
15068.0
15458.0
15793.5
16496.0
18002.0
15163.0
15995.5
15068.0
15366.0
15271.0
16501.0
15353.0
16881.5
15961.0
15555.5
16480.5
16797.5
15554.5
15068.0
16896.5
15068.0
17070.5
16109.0
18577.5
15271.0
15163.0
15271.0
16001.5
16263.5
15173.0
15163.0
16093.5
15680.5
15348.5
15365.5
17323.5
18140.0
16695.0
15068.0
17878.0
17381.0
15687.5
15068.0
16676.0
15173.0
19372.5
15271.0
15376.0
15173.0
15365.5
15586.0
15863.5
15163.0
17698.5
15365.5
15068.0
15271.0
15068.0
17807.0
15163.0
17758.5
16513.5
16081.5
15663.5
15163.0
15163.0
17544.0
16809.0
15996.0
16987.5
15546.5
15663.5
15383.0
16064.5
16903.0
15271.0
15271.0
15757.0
17872.0
15285.5
16906.5
16396.5
17434.5
15680.5
16481.0
15068.0
15163.0
15555.5
17241.0
16811.5
15163.0
16976.0
15173.0
15470.5
17323.5
16929.5
15365.5
16462.0
15556.0
15173.0
15173.0
15068.0
16540.0
15773.0
16703.0
16465.5
15163.0
15173.0
16080.5
16493.0
15565.5
16691.0
15553.0
17404.5
17255.0
17227.0
15775.0
16224.0
15271.0
18063.0
15759.5
15659.5
16908.5
15663.5
16420.5
15068.0
16838.0
16097.5
15068.0
15173.0
17751.0
15068.0
16690.0
16506.5
15183.5
15068.0
15978.5
15068.0
15068.0
16050.0
15663.0
15365.5
16481.5
15383.0
15163.0
15761.5
15068.0
15163.0
15068.0
15470.5
17740.0
15365.5
16535.0
15365.5
18195.5
15565.5
16090.5
15563.5
15163.0
15451.0
15163.0
15068.0
16498.5
15556.0
16321.5
15365.5
15163.0
15163.0
15565.0
15173.0
16416.0
15471.0
15383.0
15365.5
15680.5
15258.5
15458.0
16840.0
16086.5
16787.0
17989.0
16992.0
15163.0
17008.5
15163.0
15648.5
15163.0
15383.0
15257.0
16003.0
15680.5
16510.0
16115.5
16486.0
15068.0
15474.5
17209.0
15978.5
16486.5
15257.0
15995.5
16677.5
15068.0
15173.0
16153.5
15980.0
16482.5
15271.0
15565.5
15163.0
15068.0
16406.5
15983.5
15556.0
15866.5
16385.0
15969.0
15163.0
15068.0
15271.0
15659.5
16833.5
15163.0
15068.0
15271.0
15068.0
15271.0
15068.0
15068.0
16386.0
15068.0
16777.0
15461.5
16066.5
15173.0
15163.0
15163.0
15068.0
16619.5
15457.0
15068.0
16812.5
15153.5
15488.0
16416.0
15563.5
15068.0
16361.5
16121.5
15659.5
15659.5
16518.5
16835.0
17329.0
16273.5
15553.0
15068.0
15365.5
15258.5
15173.0
15460.5
15068.0
15563.5
17418.0
16409.0
15000
15586.0
16798.0
15680.5
15068.0
15365.5
15068.0
16090.5
17351.5
16940.0
15257.0
15887.0
16906.5
15068.0
15470.5
15173.0
15068.0
15163.0
15163.0
15971.5
15173.0
15568.5
16196.0
15898.5
15173.0
16203.0
15271.0
17080.0
17208.5
16574.5
18163.5
15460.5
15383.0
16495.0
15271.0
15173.0
15969.0
16465.0
17268.5
15278.0
16590.5
15068.0
16177.0
15460.0
15998.0
17440.5
15869.5
15271.0
15271.0
15569.5
15173.0
15068.0
15068.0
15068.0
17095.0
15068.0
15657.5
15068.0
15068.0
15068.0
15383.0
16799.0
16091.0
15622.5
17216.5
16379.0
15068.0
15271.0
15766.0
15555.5
15663.5
15271.0
15271.0
15883.5
15365.5
16474.5
15366.0
16374.0
15481.0
15460.0
15978.5
15068.0
16483.5
15173.0
16615.5
15068.0
16834.0
17016.0
16929.0
15383.0
17617.5
15979.5
16416.0
16079.5
16798.5
15663.0
15068.0
15068.0
15068.0
16484.0
17441.5
15985.5
15558.5
15173.0
15366.0
16936.0
15794.5
15068.0
15068.0
15470.5
15478.0
15883.5
15068.0
15762.0
15068.0
16406.0
15173.0
15068.0
15555.5
15460.5
15470.5
15257.0
15996.0
15173.0
17459.0
16329.0
15271.0
15068.0
15068.0
15068.0
15659.5
15573.0
16405.5
15470.5
15572.0
17123.5
17424.0
15365.5
15863.5
15163.0
15663.5
15680.5
15068.0
16168.0
15474.0
15173.0
16487.5
17288.5
18133.0
15586.0
17096.5
15163.0
15775.5
17863.0
15990.5
15068.0
17123.5
16509.0
15659.5
15068.0
16571.5
15278.0
17863.0
16405.5
16606.5
16087.0
15068.0
15068.0
16588.0
16585.0
16075.0
15565.0
16097.5
15554.5
15173.0
17648.5
15775.5
15698.0
16799.5
16951.5
16529.0
15556.5
15758.0
15163.0
16096.0
15163.0
15778.5
16176.5
17534.5
15068.0
15068.0
15068.0
15163.0
16710.0
16827.0
15068.0
16892.5
17699.0
15163.0
15068.0
16828.0
15996.0
15068.0
15996.5
15633.5
15068.0
15365.5
15068.0
17271.0
15271.0
16276.0
15271.0
17277.5
16501.0
15366.0
15793.0
15673.5
15068.0
16388.5
16150.0
17818.5
15383.0
16161.0
16485.5
15271.0
15068.0
15365.5
15663.0
15698.0
16148.5
15068.0
16358.5
17291.0
15163.0
16673.5
15163.0
15163.0
17236.0
16191.5
17022.5
15163.0
15068.0
15680.5
17389.0
15068.0
16021.0
15470.5
15173.0
15551.5
15068.0
15068.0
15163.0
16378.5
16483.0
16253.5
15163.0
15470.5
16164.5
15068.0
15663.5
15873.5
15068.0
15564.5
16687.0
15163.0
15868.0
15453.5
16273.5
18678.5
17930.0
16571.0
16100.5
15478.0
15443.5
15068.0
15271.0
15383.0
15758.0
15068.0
15458.0
15068.0
15981.5
16398.5
15583.0
16416.5
15660.0
15068.0
16799.5
15365.5
15068.0
16893.5
17468.5
15565.5
15068.0
15575.5
16795.5
16914.0
16791.0
16086.5
16327.5
15173.0
15068.0
15365.5
17431.0
15883.5
15163.0
15470.5
15546.0
16591.5
17099.0
16828.5
16731.5
15271.0
15556.5
15460.5
15803.0
16078.5
15068.0
15869.0
16731.0
15787.0
15757.5
15173.0
15173.0
16894.0
15962.0
16696.0
15068.0
15533.5
15173.0
16519.0
16297.0
15768.5
16510.5
15460.5
16099.0
15068.0
15758.5
15348.5
15362.0
15068.0
15068.0
15068.0
15068.0
17318.0
15068.0
16491.0
15663.5
15163.0
15365.5
15173.0
15163.0
15583.0
16362.0
15383.0
16816.5
16071.0
15983.5
15451.0
16724.5
15468.5
15068.0
15258.0
15978.0
15163.0
15068.0
17217.5
15984.0
16605.5
16195.5
17845.0
16455.0
16065.5
15470.5
16098.5
15470.5
20438.5
15068.0
15887.5
16385.5
17667.0
15546.0
16061.0
15068.0
17734.0
15068.0
15173.0
15173.0
15555.5
18450.5
17725.0
15068.0
17208.0
15163.0
16686.5
16223.5
16570.0
15068.0
16495.0
17539.5
15353.5
17375.0
15365.5
15670.5
15641.0
15565.5
15460.5
16406.5
15680.5
15068.0
17378.5
15271.0
16056.0
16199.5
15068.0
17319.0
15078.0
15068.0
16572.0
15891.5
15000
15348.5
16501.5
17740.5
15068.0
15068.0
16501.0
17691.5
16686.5
15670.0
15458.0
15978.0
15173.0
15068.0
16928.0
15659.5
15068.0
15873.5
16570.5
15163.0
15460.5
15365.5
15258.0
15983.5
16508.5
16841.5
15173.0
18233.5
15068.0
16564.0
16181.0
16813.0
17324.5
15163.0
15068.0
15068.0
15563.0
15163.0
15365.5
15866.0
15163.0
17341.0
15068.0
16463.5
15698.0
16853.5
15173.0
16108.5
16879.5
15183.5
15983.5
16372.0
15883.5
15758.5
15068.0
15663.0
16385.5
17742.5
16195.5
16195.0
16473.0
16371.0
15163.0
17527.0
18357.0
16388.5
16852.0
16511.0
15068.0
15068.0
15163.0
16287.5
17167.0
15768.5
16591.5
15987.0
17834.5
15978.5
15163.0
15068.0
17350.5
15068.0
16406.5
16994.0
16111.5
15657.5
15068.0
15153.5
16795.5
15163.0
15068.0
15078.0
15068.0
15356.5
15257.0
15278.0
15173.0
15680.5
16508.5
15068.0
16601.0
15995.5
16061.5
15068.0
15754.5
16523.5
15173.0
17044.0
16956.5
15460.5
15173.0
15680.5
15068.0
16773.5
15978.0
15646.0
15163.0
15068.0
17248.0
18071.5
18058.0
17438.0
16431.0
15068.0
15163.0
15467.0
15383.0
16916.5
15563.0
15173.0
17543.5
16061.5
16385.0
15068.0
15068.0
16118.5
15068.0
16493.0
18047.5
16904.5
17088.5
15163.0
15973.0
16830.5
16854.5
16886.5
15068.0
16463.0
15383.0
15068.0
17011.0
18181.0
15789.0
15985.0
16090.5
16079.5
15173.0
15257.0
15873.5
15163.0
16391.0
15068.0
15173.0
16072.5
16485.0
15928.5
15663.5
15068.0
15257.0
15173.0
18405.5
16587.0
15068.0
15866.5
15568.5
15173.0
15257.0
15068.0
15068.0
16586.0
18391.0
15383.0
16455.5
15068.0
15555.5
17939.5
15163.0
15257.0
15068.0
16204.0
15173.0
16010.5
17035.5
17325.0
15704.0
15768.5
15068.0
16500.5
15271.0
15979.0
15376.0
16133.5
15257.0
15068.0
15173.0
15853.5
15470.5
15068.0
18068.0
15173.0
15365.5
16417.5
15790.5
19113.0
15163.0
16510.5
15068.0
15173.0
15173.0
15068.0
15068.0
15068.0
15173.0
18811.0
16689.0
16528.5
15766.0
15883.5
16373.5
15068.0
15068.0
15468.5
15470.5
15068.0
15068.0
15646.0
15478.0
16496.0
16975.5
16892.0
15654.0
18535.0
16685.5
15271.0
15365.5
19934.0
15163.0
15576.5
16809.0
15460.5
15365.5
15068.0
15173.0
15681.0
15163.0
15546.0
16738.5
18871.5
15173.0
18132.0
15068.0
15365.5
17314.0
15993.5
15383.0
15663.0
15068.0
17001.5
15068.0
15674.0
15681.5
15365.5
15068.0
15173.0
15068.0
15068.0
17004.0
15173.0
15365.5
16273.5
15901.0
15163.0
15470.5
16699.0
15068.0
17720.0
15173.0
15285.5
15163.0
15470.5
15470.5
15768.0
15153.5
15068.0
17052.0
15556.0
15068.0
16195.5
16392.5
16191.5
16588.0
15663.0
16093.5
15068.0
16720.0
15257.0
15565.5
16178.0
15068.0
15458.0
16087.0
17309.5
15663.5
15173.0
17297.0
15776.5
15365.5
17625.5
15658.5
16069.5
15068.0
15663.5
15268.0
15173.0
17728.0
15575.5
15068.0
15068.0
16092.0
15163.0
18156.5
15488.0
16416.0
15068.0
17427.0
15068.0
16909.5
17004.0
16476.0
15068.0
15068.0
15163.0
15778.5
16426.5
17432.0
15271.0
15646.5
15362.0
15068.0
15173.0
15068.0
16209.0
15068.0
17321.5
16091.5
15883.5
15068.0
15068.0
15163.0
15068.0
15068.0
16168.5
15068.0
16623.5
17441.5
15470.5
15978.5
15348.5
16386.0
15453.5
15153.5
16885.5
15068.0
17405.0
15365.5
16163.5
15163.0
15470.5
15563.5
16386.0
15068.0
16181.0
15365.5
16511.0
15173.0
15663.5
15271.0
15271.0
15163.0
16887.0
16463.0
15775.5
16620.5
16905.5
19985.0
15068.0
16584.5
16491.5
15068.0
16990.5
16499.5
15677.0
16630.5
17207.5
15565.5
15163.0
15849.0
16388.0
15271.0
15383.0
15365.5
15383.0
16072.5
15173.0
15569.0
15173.0
15068.0
15163.0
16411.5
15068.0
15365.5
15365.5
15365.5
16063.5
16591.0
18000.5
15978.0
16108.5
16318.5
16794.0
16485.5
15663.0
15068.0
15068.0
19467.0
15068.0
15068.0
16178.0
15257.0
15556.0
16404.0
18485.0
16065.5
15068.0
15068.0
15068.0
16898.5
15663.5
18883.5
17425.5
17129.5
16396.0
15828.5
15754.5
15257.0
15985.0
15579.0
15068.0
17145.0
15894.5
15068.0
16106.0
16181.5
15163.0
15383.0
15173.0
15068.0
15891.0
16080.5
15271.0
15163.0
16194.0
15271.0
17806.5
16184.5
15163.0
16479.0
15257.0
16038.5
17213.0
15677.0
15365.5
15365.5
16927.5
15271.0
17406.5
15068.0
15758.0
16061.0
15068.0
15068.0
15451.0
16871.5
15785.5
15534.5
15460.5
17431.5
16913.0
15163.0
15183.5
16604.5
18929.0
15068.0
16693.0
15638.5
16608.0
16303.5
15163.0
15068.0
15680.5
15268.0
15460.5
16798.5
17348.0
15751.0
15173.0
15068.0
15163.0
15068.0
15471.0
15068.0
16616.0
17014.0
15748.5
15771.5
15278.0
15153.5
16171.0
16068.5
15068.0
15583.0
15470.5
15383.0
15068.0
15068.0
15654.0
15593.0
16080.0
16479.0
16104.0
15583.0
16885.0
17921.0
15173.0
16923.0
15068.0
16772.0
15068.0
15478.0
15565.5
15068.0
16163.5
16386.0
15173.0
15163.0
15068.0
16216.0
17427.5
16984.5
15068.0
16290.5
15978.0
17326.5
16591.5
15068.0
15458.0
15573.5
17847.0
16448.5
15173.0
16006.5
15698.0
16381.0
16493.0
16487.5
16263.5
15677.0
16346.5
15183.5
15663.5
16673.5
15068.0
15365.5
15551.5
15460.5
15365.5
15173.0
16895.5
15793.5
15068.0
15771.5
17214.5
15068.0
15173.0
16184.5
15068.0
16476.5
15271.0
16492.0
15068.0
16073.0
15271.0
17322.5
16914.0
18170.0
15978.0
16901.5
15173.0
16915.0
15365.5
15163.0
15068.0
15068.0
16448.5
15068.0
16789.0
15646.0
15443.5
15568.5
16685.5
15681.0
15163.0
16056.0
15068.0
15677.5
16511.0
15068.0
17221.5
16484.0
15383.0
15565.5
16882.5
15784.0
17184.5
15461.0
16211.5
15153.5
15901.0
15573.5
15068.0
19075.0
16413.5
15163.0
17840.0
15068.0
16098.5
15765.0
15458.0
15365.5
20386.0
16718.0
16408.5
15996.5
15285.5
15470.5
17450.5
15572.0
16780.5
19853.0
15068.0
16504.5
15768.5
15554.5
15173.0
16896.0
16924.0
15163.0
16423.5
15470.5
16923.0
15566.0
15271.0
15383.0
16513.5
17677.0
15866.5
16926.0
15173.0
16992.5
15173.0
16124.0
15068.0
15068.0
17425.5
15660.0
19053.0
15173.0
16626.0
15068.0
16181.0
16398.0
15173.0
15995.5
15869.5
15663.0
15163.0
15068.0
17484.5
15680.5
15680.5
15680.5
15755.5
16090.0
16276.0
16584.0
16090.5
16367.0
15163.0
15974.5
15285.5
17648.5
16907.5
15068.0
15068.0
15068.0
15681.0
15569.0
16380.5
16280.0
16405.5
16487.5
15470.5
15257.0
17275.0
15068.0
15748.5
15586.0
16431.0
15470.5
17313.0
15163.0
17425.0
15565.5
16620.0
15460.5
16493.5
18163.0
15163.0
15383.0
19463.0
15563.5
15470.5
15068.0
15068.0
15173.0
16008.0
16582.0
15664.0
16876.5
16929.0
15271.0
19114.0
15663.0
15068.0
15688.0
15458.0
15383.0
16097.5
16066.0
15677.0
15163.0
15793.5
15978.0
15163.0
17252.5
17256.5
15173.0
15365.5
17784.5
16959.0
16388.0
15173.0
15068.0
15880.5
16591.5
16910.0
15068.0
15458.0
15586.0
17950.5
16118.0
15758.0
15348.5
15173.0
15068.0
15268.0
15458.0
15487.5
15451.5
15068.0
15068.0
19160.5
15068.0
15173.0
15271.0
15068.0
15068.0
16923.5
17109.0
16395.0
15257.0
15758.0
15163.0
16069.5
15173.0
17147.0
15460.0
15163.0
15785.5
15173.0
15068.0
16209.0
15173.0
17086.0
16378.5
15680.5
15068.0
15068.0
15758.0
15749.5
17207.0
16882.5
15068.0
15661.0
15068.0
17054.0
15663.0
16686.5
15068.0
15383.0
16519.5
15173.0
15470.5
15068.0
15460.5
15163.0
15163.0
16090.5
16888.5
15271.0
15068.0
15068.0
16590.5
16417.0
15460.5
16073.0
15000
15163.0
15365.5
15173.0
16011.5
16494.0
16593.5
15163.0
18052.0
17391.5
15173.0
16387.5
15554.5
16595.5
15671.5
15068.0
16100.5
15365.5
17011.0
15680.5
15383.0
15365.5
16497.0
17124.0
15673.5
16395.5
16778.0
15656.5
16191.5
16503.5
15068.0
15755.5
15673.5
15163.0
16339.5
15068.0
15268.0
16099.5
15068.0
15068.0
15068.0
17128.0
15727.5
16462.5
15173.0
16584.5
15887.5
16703.5
15163.0
15698.0
17292.5
16396.5
15068.0
15068.0
16689.5
16609.0
16464.5
15679.0
15068.0
15681.0
15173.0
16608.5
15068.0
17886.0
16108.0
15068.0
17686.5
15285.5
15861.0
16078.5
15565.5
15647.0
17463.5
17239.0
17129.5
15583.0
16476.0
16396.5
15173.0
15758.5
16199.0
15173.0
15887.0
16293.0
16568.5
16200.0
15976.0
15068.0
15919.0
16272.5
15365.5
15348.5
15068.0
16006.5
15068.0
17028.5
16168.0
15651.0
15568.5
15163.0
16618.5
15068.0
16065.5
15068.0
15460.5
15068.0
15460.0
15775.5
16072.5
15681.0
15173.0
16310.5
15383.0
16371.0
17525.5
15068.0
17352.0
17844.0
15068.0
16078.5
15670.5
16090.5
16353.5
15271.0
17958.5
16162.0
17207.5
15460.5
16564.0
15068.0
15068.0
16812.5
15153.5
15163.0
16102.0
15572.0
15068.0
15783.0
15163.0
15068.0
15068.0
15068.0
15163.0
16935.0
17332.5
15068.0
16090.5
15257.0
15163.0
15660.5
16592.0
16528.5
17442.0
15068.0
15068.0
16528.0
16449.5
15551.5
15383.0
15068.0
15496.0
15068.0
17260.0
16083.5
16100.5
16195.0
15173.0
15775.5
15663.0
15758.5
15068.0
16396.5
15068.0
16101.0
15565.5
17307.0
16797.0
15761.5
16933.5
15563.5
17068.0
15438.5
16699.5
15163.0
15078.0
16414.0
15460.0
15551.5
16393.0
15163.0
16489.0
15680.5
15068.0
15068.0
16315.0
16599.0
15173.0
16875.5
15271.0
15163.0
16181.0
15068.0
15163.0
15660.5
15163.0
15271.0
15383.0
16374.5
15365.5
15271.0
18343.0
16290.5
15365.5
15068.0
15470.5
16597.0
17834.5
15686.0
17015.5
16607.0
15646.0
16473.5
15458.0
15680.5
15889.0
15365.5
16109.5
15546.0
15068.0
16167.0
16168.5
15257.0
15068.0
15163.0
15000
15573.0
15986.0
15173.0
15995.5
15000
16623.5
15068.0
17783.5
16083.0
15858.5
15068.0
15458.0
15068.0
16199.5
15068.0
15663.5
16809.0
16434.0
15068.0
16642.0
15285.5
15995.5
15982.0
15663.0
15677.0
16882.5
16378.0
16463.0
15068.0
15278.0
15163.0
15068.0
16388.0
17100.0
15852.0
15068.0
16270.5
15068.0
18471.0
16767.5
16588.0
16057.0
17316.0
15068.0
15068.0
15068.0
15163.0
17740.5
15663.0
16483.0
15271.0
15992.5
15173.0
15068.0
16283.0
15173.0
16912.5
15383.0
16182.5
17438.5
15563.5
15068.0
15068.0
15555.5
16986.5
15068.0
15906.5
16492.5
15460.5
15000
16507.0
15268.0
15163.0
15068.0
15068.0
18294.0
15068.0
15257.0
16006.5
15068.0
15383.0
16474.5
15068.0
15068.0
15068.0
15680.5
15271.0
15383.0
15173.0
16073.5
15163.0
15068.0
15365.5
15285.5
15383.0
15163.0
15068.0
15163.0
15163.0
15757.0
15555.5
16420.0
15680.5
15565.5
16091.0
15173.0
16583.5
15761.5
15163.0
15383.0
16912.0
15068.0
15691.0
16501.5
17021.5
15546.0
16874.5
15278.0
15271.0
15677.0
15068.0
15000
15068.0
15680.5
18250.5
15068.0
15632.5
15674.0
15663.0
15068.0
15555.0
15163.0
15068.0
16378.0
16118.5
15163.0
16807.0
15968.0
15068.0
16073.5
15173.0
15663.5
15163.0
16118.5
16086.5
15163.0
16774.5
17858.0
15565.5
15163.0
18461.0
16164.5
16444.5
15568.5
15163.0
16622.0
16288.5
15681.0
19208.0
17187.5
15173.0
15153.5
16676.0
15068.0
15163.0
15068.0
15768.5
15365.5
16571.0
16848.5
15943.5
15068.0
15675.0
15068.0
17730.5
16469.5
16083.5
15768.5
16097.0
16676.0
15173.0
15068.0
15271.0
16471.5
15173.0
15869.5
16886.5
15468.5
17256.5
17298.5
15572.0
15651.0
15000
15880.5
15068.0
15365.5
19429.0
16308.0
15163.0
17316.5
15163.0
16703.0
15648.0
15163.0
15068.0
16514.0
16083.0
15271.0
15068.0
16403.5
15068.0
15478.0
15365.5
15565.5
15659.5
16592.5
15173.0
15068.0
15365.5
15068.0
15757.5
16573.5
16678.0
15068.0
15678.0
15068.0
15553.0
15883.5
15068.0
16496.0
15068.0
15553.0
15163.0
15971.0
16794.0
15068.0
15173.0
16489.0
15568.5
15997.0
16472.0
15173.0
15546.0
17446.0
15271.0
15663.5
15068.0
15766.0
15460.5
15365.5
15068.0
15000
15663.0
15663.0
17009.0
16374.5
16888.0
16513.5
16411.0
16474.0
15068.0
15068.0
15671.0
15573.5
15068.0
15680.5
15271.0
15451.0
15258.0
15068.0
16220.0
15460.5
16601.0
16056.0
15068.0
15775.5
15068.0
15173.0
15000
17209.5
15068.0
16892.5
15163.0
15163.0
15680.5
16409.5
15068.0
15748.5
15068.0
18237.0
15785.5
16146.0
15173.0
15365.5
15163.0
15470.5
15365.5
16083.5
17316.5
15271.0
15278.0
16983.0
15068.0
15163.0
15163.0
15460.5
15978.5
16851.5
17539.0
16291.0
15677.0
15068.0
15068.0
15999.0
15068.0
15775.5
15163.0
16608.0
15271.0
15460.5
15258.0
16992.5
15793.0
15365.5
15663.0
15775.5
15573.0
16787.0
19473.0
15971.5
16793.5
16518.0
15183.5
17399.5
16877.5
15068.0
16174.5
15343.5
15271.0
15458.0
15068.0
15068.0
16108.0
15068.0
15568.5
15163.0
15068.0
18713.5
15348.5
15460.5
15647.5
15535.0
16416.5
16044.5
16438.5
15068.0
15068.0
15667.0
16293.0
15948.5
15258.5
15068.0
15453.5
16805.0
15163.0
17713.5
15068.0
15068.0
15173.0
15068.0
15068.0
15768.0
15271.0
15857.0
16262.0
15365.5
16203.0
15478.0
15673.5
16379.0
17422.0
16072.5
15163.0
15258.5
15681.0
16184.5
16017.0
16013.0
15970.5
15660.5
15068.0
16083.0
15271.0
16055.0
15163.0
15586.0
17433.5
16278.0
16104.0
15987.0
16387.5
17275.0
15068.0
17860.5
15573.0
15756.0
15460.0
16381.0
16803.5
15680.5
15271.0
17028.0
16046.5
15271.0
18281.5
15568.5
15068.0
17349.0
15285.5
15163.0
15153.5
17512.5
17323.5
16168.5
17394.5
15163.0
15163.0
15068.0
16577.0
15068.0
16584.5
17215.5
15068.0
15000
15078.0
17779.5
15163.0
15768.0
16548.5
15068.0
17441.5
15551.5
15068.0
16167.0
17321.5
15376.0
17228.0
15163.0
15163.0
16903.5
17485.0
17112.0
15673.5
15891.0
15173.0
15383.0
16448.5
15773.5
16195.5
15068.0
15554.5
16396.5
15271.0
15163.0
18240.5
16073.0
15068.0
15173.0
17723.5
17919.5
17418.0
15460.5
15068.0
15068.0
16376.0
15068.0
16491.5
15068.0
15163.0
16432.0
15068.0
15068.0
16398.0
15568.5
15356.5
15271.0
15271.0
16626.5
15257.0
15068.0
15365.5
15173.0
15668.5
15173.0
16398.5
16568.0
16181.0
15994.0
15663.0
15068.0
15548.5
15173.0
15068.0
15453.5
15991.5
15243.5
15173.0
15173.0
16890.0
15875.5
15781.0
16584.0
16073.0
15460.5
16203.0
15883.5
15173.0
15173.0
15383.0
15365.5
15470.5
15680.5
16508.5
15257.0
16209.0
15068.0
16903.5
16709.0
15163.0
16188.0
15163.0
15383.0
16374.0
15366.0
15271.0
15068.0
15470.5
16511.0
17960.5
16060.5
15365.5
15663.5
15671.0
15563.5
16244.0
15068.0
15173.0
17855.0
15068.0
16493.5
15068.0
15365.5
15068.0
17293.5
17681.5
16908.0
15688.0
15173.0
15546.0
15541.0
15068.0
16003.5
15163.0
15352.0
16310.5
16385.5
15068.0
17279.0
15163.0
17722.5
15068.0
15257.0
16186.0
15383.0
15891.0
15663.5
15768.5
15958.5
15068.0
15068.0
15068.0
15271.0
15680.5
16176.0
15068.0
16310.5
15551.5
15068.0
15163.0
15068.0
15068.0
15365.5
15663.0
15173.0
16003.5
16833.5
15068.0
15996.0
15173.0
16184.5
15543.5
17721.0
16883.5
15173.0
15068.0
15068.0
15285.5
16521.0
16087.0
15173.0
15979.5
15555.5
15068.0
15173.0
16478.5
15271.0
15163.0
17552.5
16887.0
15538.5
17195.5
15173.0
16498.5
16489.0
15803.0
15068.0
17218.0
15593.5
15992.0
17473.0
15983.5
15173.0
16481.0
15786.5
16310.5
18614.5
15771.5
17523.0
15442.0
15775.5
15365.5
15068.0
15478.0
15173.0
16361.5
16090.0
15365.5
15068.0
16807.5
15068.0
16311.0
15663.5
15978.5
15163.0
15163.0
16259.0
15565.5
16198.5
15163.0
15553.0
15546.5
16591.0
15775.5
15556.0
16485.5
15068.0
16414.0
15996.0
15068.0
15068.0
16596.0
15068.0
16623.5
16884.0
15068.0
18088.0
15163.0
15548.5
15866.0
16772.5
16493.0
15775.0
15257.0
16162.0
17421.0
17726.5
16003.0
15068.0
15163.0
16851.0
15173.0
15365.5
15992.5
15365.5
15887.5
16126.0
15068.0
17315.5
15865.5
16574.0
16314.0
15365.5
15575.5
15000
15068.0
16199.5
15661.0
17799.5
17344.0
15068.0
15969.0
17016.5
18993.0
18188.0
18659.0
16293.0
15173.0
15173.0
15552.0
16448.5
15068.0
17032.0
17340.0
16531.0
15546.5
15365.5
18381.5
16286.5
15786.5
15173.0
15458.0
15068.0
16098.0
15555.5
16815.5
15163.0
17498.5
15257.0
16300.5
16098.0
16768.5
15163.0
15068.0
17322.5
15173.0
15068.0
15673.5
15572.5
15678.5
15068.0
16581.0
15663.0
15163.0
15068.0
15068.0
15271.0
17438.5
15163.0
15268.0
16976.0
15068.0
15575.5
17316.0
16988.0
15688.0
16608.5
15068.0
16183.5
15173.0
15365.5
15365.5
15680.5
17389.0
15565.5
16105.5
16588.5
15068.0
15173.0
17782.5
16073.5
15641.0
15688.5
18239.5
15583.0
16804.5
17371.5
15173.0
16104.5
15365.5
15478.0
16411.0
15468.5
15068.0
15173.0
17227.0
15736.0
15068.0
16496.5
15268.0
16090.5
18677.0
17710.5
15458.0
15663.5
16902.5
15680.5
15163.0
16919.0
15068.0
15758.0
16398.0
15365.5
15383.0
15663.0
15470.5
15772.0
16499.5
15068.0
15554.5
15257.0
18161.0
15478.0
15068.0
16090.5
15470.5
16480.5
15383.0
16480.5
16882.0
15173.0
16903.0
16793.5
16459.0
16823.5
15271.0
15163.0
15365.5
16413.5
17824.0
15642.0
17043.0
16919.5
15000
15565.5
15173.0
15173.0
15460.5
15163.0
16168.0
15453.5
17318.5
15068.0
17566.0
17022.0
15068.0
15468.5
15874.5
15068.0
15163.0
17750.0
16178.5
15068.0
15068.0
17678.5
19457.0
15660.5
17343.0
15554.5
18573.5
19905.5
18272.0
15163.0
15883.5
16947.5
16466.0
16083.5
15068.0
16600.0
15068.0
16293.5
15365.5
16223.5
15659.5
15458.0
15068.0
15163.0
16614.0
15258.0
16465.5
17009.0
16298.5
15163.0
15995.5
15068.0
16581.0
17478.5
15153.5
15785.5
15661.0
16526.0
17433.0
15173.0
16398.5
17271.5
15568.5
16615.0
17815.0
15555.0
15460.5
16478.5
16686.0
16361.5
17280.0
16966.5
16483.0
15068.0
15173.0
16940.0
15565.5
15663.0
15451.0
16216.0
16186.0
17613.0
15964.5
16376.0
18179.0
15438.5
17715.5
17440.0
15468.5
15068.0
15163.0
15173.0
16525.0
15271.0
15680.5
17341.0
15460.5
15365.5
16293.0
15068.0
16388.5
15993.0
16779.0
15663.5
15895.0
15663.0
15271.0
15068.0
15553.0
15163.0
16416.0
15734.0
15163.0
15068.0
15758.5
16080.5
15068.0
16834.0
16259.5
15766.0
15163.0
15271.0
15681.0
17795.5
15068.0
15994.0
15680.5
15460.5
15068.0
15153.5
15257.0
17442.0
15173.0
16910.5
15271.0
15481.0
16398.5
15271.0
16926.5
16383.0
15068.0
15173.0
16311.5
17733.0
17749.0
15068.0
16994.0
15278.0
15163.0
16396.5
15268.0
15888.5
15068.0
15068.0
15068.0
15565.5
16415.5
15173.0
17427.0
16088.0
16432.0
16199.0
16398.5
15565.5
15978.5
15898.5
15271.0
17659.0
15866.0
15468.5
15068.0
15791.0
15771.5
15978.5
15985.0
16168.5
15955.0
15664.0
15000
17026.0
15365.5
16878.5
15661.0
16267.5
15978.0
15173.0
16015.5
15565.5
17329.0
15068.0
15650.5
15757.5
15641.0
15996.0
15173.0
17406.5
15173.0
15680.5
17288.5
17336.5
15470.5
15646.0
15068.0
15348.5
15356.5
15068.0
15068.0
15551.5
15668.0
15996.0
15285.5
15583.0
16167.0
15163.0
17399.5
15362.0
15173.0
15663.5
15163.0
15568.5
16280.5
17349.0
15793.0
15163.0
15163.0
15068.0
15775.5
15271.0
15985.5
15163.0
16176.0
15068.0
15648.0
15663.5
16470.0
15163.0
15775.5
16277.0
15163.0
15068.0
16408.5
15068.0
15068.0
15173.0
15163.0
18270.0
15163.0
16913.0
15663.0
15541.0
15775.5
16591.0
15173.0
16523.0
17844.0
16833.0
15068.0
15068.0
15068.0
15646.5
15068.0
16076.0
15663.0
17839.0
17162.5
15460.5
16164.0
15785.5
16916.5
15365.5
15163.0
17274.5
15383.0
15453.5
16176.0
16186.5
16104.5
18670.0
15470.5
17310.5
15755.5
15163.0
15538.5
15183.5
16914.0
16382.5
16573.0
15068.0
15068.0
15565.5
15173.0
16906.5
16489.0
15553.0
16973.5
15973.0
15068.0
15068.0
16204.0
15850.5
16824.0
15173.0
16181.0
15365.5
15565.5
15568.5
15785.5
15173.0
15985.0
16622.0
17029.5
16165.5
16098.0
18275.0
15068.0
15068.0
15563.5
15383.0
15755.5
15163.0
15068.0
15555.5
15068.0
15271.0
16483.5
15348.5
16403.0
15068.0
16087.5
15163.0
15996.0
15163.0
15775.5
15986.5
15663.0
15763.5
15365.5
15068.0
16013.5
15068.0
16981.5
15768.5
15968.5
15068.0
15978.0
15173.0
17240.5
15163.0
15068.0
17847.0
15883.5
15068.0
16560.5
16380.0
16596.0
15348.5
15766.0
15068.0
15898.0
15068.0
15068.0
15766.0
16950.0
15068.0
15996.0
16786.5
15163.0
16353.5
15257.0
16886.5
15681.0
15068.0
17732.0
17323.0
15163.0
15365.5
15858.5
17415.0
15566.0
19198.5
15680.5
16377.5
15068.0
15000
15068.0
15068.0
15986.0
16521.0
16066.5
15271.0
15173.0
15268.0
15470.5
16073.5
15173.0
15163.0
16423.5
15572.0
15248.5
15468.5
16808.5
16900.0
17326.5
16815.5
17666.5
15173.0
15451.0
15163.0
17780.0
15173.0
15383.0
15173.0
15558.5
15775.5
15458.0
16889.0
15173.0
16630.5
17334.0
17734.0
15365.5
18254.0
15765.5
19550.0
16491.0
15068.0
15870.5
18277.0
16389.0
16476.0
15754.5
15365.5
16054.5
16370.5
15975.5
17801.5
16997.5
16981.5
15068.0
15068.0
18020.0
15451.0
15556.0
15551.5
15163.0
16608.5
16290.0
16803.5
15068.0
15153.5
15068.0
15663.0
16698.5
15068.0
15068.0
16510.5
16448.5
15573.5
15163.0
15271.0
16409.0
15961.5
15068.0
15555.5
16703.5
16076.5
16900.5
17300.0
15365.5
15068.0
16091.0
15471.0
18299.5
15163.0
16573.5
15068.0
15975.5
15847.0
15443.5
18989.5
15173.0
15271.0
16539.0
15068.0
16816.5
15755.5
17343.5
15365.5
16889.5
16367.0
15758.0
15068.0
15068.0
17866.0
17821.5
16168.0
15068.0
15163.0
16073.5
15556.0
15654.0
15880.5
15470.5
16389.0
15271.0
15268.0
17018.5
15365.5
15285.5
15163.0
15546.0
15173.0
15068.0
15663.5
15163.0
15163.0
16569.0
16508.5
16385.5
15568.5
17032.0
15758.0
15068.0
16493.5
15401.0
15078.0
15709.0
18208.5
17237.0
16194.0
16178.0
15163.0
16294.0
15248.5
15163.0
16188.0
15383.0
15257.0
15365.5
16496.0
15966.0
16289.0
17542.5
15688.0
15653.5
15468.5
15775.5
15068.0
16794.0
15068.0
15163.0
15068.0
15657.5
15996.0
17333.0
17088.5
17429.5
16379.0
15163.0
15271.0
16178.5
15751.0
15068.0
17092.5
17015.0
15975.5
15068.0
16496.5
16168.0
15960.5
15365.5
15163.0
16588.5
15163.0
17742.5
16615.5
15271.0
16198.5
16508.5
15673.5
15997.0
15478.0
16100.5
17320.0
15153.5
15755.0
15568.5
16392.0
15793.0
15068.0
15173.0
15268.0
16835.0
16495.5
15257.0
15173.0
16591.0
15173.0
16614.0
15068.0
15365.5
16783.5
15268.0
15068.0
15068.0
15563.5
15996.5
15163.0
17879.0
16921.5
15068.0
15554.5
17464.0
15068.0
15994.0
15163.0
15460.0
15257.0
16062.0
17944.5
16083.5
15068.0
16073.0
15383.0
15975.5
15460.5
15383.0
15563.5
15984.0
15868.0
15401.0
15906.5
16927.0
16378.5
16398.0
16053.5
15365.5
15068.0
15173.0
16069.5
15871.0
15978.0
15163.0
16124.0
15068.0
16834.5
16349.0
15460.0
15975.5
18777.0
15488.0
15995.5
16493.5
15068.0
17281.5
15758.0
15836.0
15537.5
15888.0
15568.5
15163.0
15271.0
16569.0
15993.0
16805.5
17807.0
15383.0
15068.0
18266.5
18289.0
15985.5
15068.0
16500.0
15691.0
15163.0
15068.0
16511.0
15775.5
15257.0
15163.0
15153.5
15268.0
15471.0
15173.0
15698.0
15803.5
18786.0
15000
15572.0
15663.5
15068.0
15258.0
16514.5
15754.0
16398.5
15543.5
15173.0
15068.0
15995.5
15834.5
16419.5
16213.5
15068.0
16993.5
18384.5
16794.0
15173.0
15258.0
16288.0
15553.0
15068.0
15271.0
15271.0
16388.0
17331.0
17091.0
16478.0
15383.0
16008.0
16388.5
17039.0
16042.5
15173.0
16389.5
15649.0
15068.0
15068.0
16479.0
15068.0
15962.0
15257.0
17625.0
15568.5
15068.0
18373.5
16165.5
17130.5
15257.0
15659.0
15555.5
15992.5
15068.0
15163.0
16473.0
16382.5
15768.5
15068.0
15478.0
16318.5
15163.0
16588.5
16785.0
15173.0
15365.5
15765.5
15068.0
16063.0
16378.5
15568.5
15173.0
16298.0
16065.0
15068.0
15068.0
15488.0
15068.0
16091.5
15183.5
16508.5
15163.0
15680.5
16885.5
16896.5
15068.0
15555.5
16790.5
17319.5
15068.0
15173.0
17036.5
15554.5
16216.5
15563.5
15068.0
15660.5
15978.0
15173.0
15365.5
15068.0
16380.5
15068.0
16494.0
15257.0
15755.5
15068.0
15068.0
16601.0
16380.5
16388.0
16385.5
17219.5
15068.0
15383.0
16946.5
17327.5
15468.5
18577.5
17082.5
15068.0
15373.0
15068.0
15365.5
16086.5
16489.5
16960.0
16267.0
15680.5
15068.0
15680.5
15068.0
16311.0
16924.0
16916.0
15163.0
16375.5
16833.5
15068.0
15285.5
15793.5
15173.0
16966.0
16846.5
15163.0
15173.0
16512.0
15365.5
17011.0
16490.5
16071.0
15460.5
15365.5
15163.0
16834.0
15068.0
15988.5
15348.5
16078.5
15173.0
17019.0
15457.0
15068.0
16388.5
16179.5
16692.0
15634.0
15442.0
15659.5
15963.0
15257.0
15775.5
15163.0
15365.5
15163.0
15173.0
16308.5
15565.5
17430.0
15649.5
16100.5
16491.5
15383.0
15401.0
15068.0
15573.0
15068.0
15470.5
15365.5
15879.0
16928.0
18161.5
15453.5
15271.0
16396.0
16500.0
15678.0
15163.0
16055.5
16108.0
15271.0
15583.0
17304.5
16439.5
15068.0
15778.5
15572.0
15163.0
15383.0
15678.5
18121.0
15068.0
18326.5
15881.0
15173.0
16693.5
15680.5
15163.0
15646.0
15478.0
15785.5
15068.0
15568.5
16520.5
15573.0
16612.5
15994.0
15470.5
15068.0
15773.5
15163.0
16080.5
16181.5
15163.0
15383.0
15362.0
15271.0
16501.0
15979.5
15068.0
16293.0
15271.0
16398.0
16882.5
15068.0
15173.0
15663.0
15383.0
15667.0
16185.0
15451.0
16339.5
17549.0
15173.0
15257.0
18722.5
16396.0
15068.0
15553.0
15271.0
16806.0
16663.5
17386.5
15996.5
16778.5
16826.0
15068.0
17010.5
15986.5
17779.0
15801.5
16393.0
16053.5
15257.0
15365.5
15163.0
15068.0
16293.0
16188.5
15663.5
16611.0
15257.0
15068.0
15068.0
15468.5
15668.5
15920.5
15554.5
15556.0
15583.0
16415.5
15163.0
16310.5
15173.0
16596.5
17097.0
15365.5
15461.0
18359.5
17018.0
15163.0
15068.0
15993.0
17719.0
17024.0
15695.5
16388.5
16476.0
15649.5
16903.0
17049.0
15068.0
16086.5
16405.5
18267.0
16590.5
16512.0
15633.5
18855.0
16497.0
15758.0
15183.5
16515.0
15659.0
15163.0
15772.0
16368.0
18213.0
16938.5
15173.0
15243.5
16098.5
17069.0
16077.0
16173.5
15453.5
16504.5
15173.0
16098.0
15068.0
15068.0
16613.5
15978.0
15163.0
15554.0
15478.0
16790.5
16185.0
16080.5
15068.0
15163.0
15663.0
15698.0
15077.5
15068.0
15460.5
15173.0
15678.0
16459.5
16795.5
15880.5
16098.0
16382.0
15978.0
15163.0
15258.5
15948.0
15068.0
17557.0
16066.0
15768.0
15365.5
15248.5
15173.0
15257.0
15163.0
15173.0
17015.5
15568.5
15068.0
15978.5
15648.0
15163.0
18770.0
16386.0
15986.5
15365.5
15365.5
15068.0
16381.0
16676.5
15586.0
16387.5
15348.5
16465.5
16825.5
16631.5
15173.0
16798.0
15365.5
16794.5
15258.0
15775.5
15173.0
15663.5
15153.5
15271.0
17262.0
16477.0
16468.5
15068.0
15068.0
17305.5
16204.0
15068.0
15068.0
18796.0
15068.0
17094.5
15583.0
15460.5
15446.0
15173.0
15568.5
15068.0
15565.5
15068.0
15068.0
15173.0
16206.0
16589.5
19078.0
15651.0
16377.0
17092.5
16392.0
15660.5
15659.5
15068.0
15068.0
15068.0
15365.5
15352.0
15470.5
16371.0
16108.0
15068.0
15460.5
16792.5
15068.0
15163.0
15768.5
15068.0
15271.0
16578.5
16315.5
15485.5
17301.5
15688.0
15995.5
15068.0
15558.5
15775.5
15271.0
16626.5
15758.0
16805.5
16090.0
15163.0
16480.0
15771.5
15869.5
15163.0
15163.0
15905.0
15766.0
15663.5
16276.0
16087.0
15978.0
15068.0
15173.0
15908.5
15366.0
16082.0
15443.5
15163.0
15631.5
15569.0
15778.5
15173.0
15068.0
16071.0
15068.0
15068.0
16710.5
20326.5
17125.0
17394.0
16599.0
17159.0
16898.5
15285.5
16599.5
15163.0
16675.5
15649.5
15478.0
17187.0
15068.0
15841.0
16196.0
15758.5
15068.0
15470.5
15775.5
15684.0
15451.0
16368.5
15779.0
16073.0
16384.5
15068.0
15163.0
15173.0
15546.0
17903.5
17964.0
17732.0
15163.0
15173.0
15285.5
15680.5
15880.0
15563.5
16378.0
15470.5
15362.0
15285.5
15383.0
15173.0
18026.5
15271.0
15680.5
15173.0
16569.0
15793.0
15786.0
15983.5
15068.0
15365.5
15257.0
15271.0
15995.5
15365.5
17029.0
17084.0
15173.0
16558.0
15866.5
16388.5
15068.0
16679.0
17415.0
15775.0
15443.5
15383.0
16574.0
15870.5
15173.0
16519.0
16310.5
18330.5
15068.0
15163.0
15068.0
15183.5
16200.0
15068.0
15068.0
15365.5
15470.5
15661.0
16176.0
16168.5
15554.5
16811.5
15775.5
15173.0
15470.5
15268.0
18681.0
16415.0
15383.0
16799.0
15458.0
17095.5
15068.0
15365.5
15553.0
15163.0
15978.0
15348.5
15556.5
15659.5
15268.0
15698.0
16654.5
18756.5
16910.5
19236.0
16496.0
16165.0
15677.0
16501.0
15173.0
15153.5
16199.5
15383.0
16286.0
16516.5
16946.5
16393.0
16175.5
17113.5
15068.0
17141.0
15163.0
16881.5
17288.0
15173.0
15365.5
15898.0
17294.0
15173.0
18249.0
15775.5
16186.5
16067.0
15173.0
16439.0
15173.0
15078.0
16394.5
15586.0
15348.5
15573.0
15257.0
17124.5
15268.0
16100.5
15460.5
15698.0
15773.0
18045.5
15989.0
15488.0
16519.0
15068.0
16486.5
15068.0
17506.5
16391.5
15383.0
15068.0
16101.0
15068.0
16723.5
15470.5
15163.0
15656.5
16912.0
15068.0
15271.0
15163.0
16825.0
18257.5
15586.0
15271.0
15365.5
15173.0
16811.0
16464.0
15568.5
17713.5
15271.0
15068.0
16611.0
15383.0
17087.0
16062.5
15068.0
15271.0
15460.5
16071.0
15068.0
15576.0
15068.0
16066.0
15868.0
17130.5
15068.0
16090.5
17420.5
17327.0
15068.0
16192.5
17853.5
17252.5
15566.5
15173.0
15068.0
15258.5
15163.0
15698.0
16805.0
15365.5
16329.5
18083.5
16451.0
15654.0
15853.0
15661.0
15257.0
15258.0
15789.0
15698.0
15271.0
15365.5
16997.5
16561.5
16486.0
16083.5
15068.0
15451.0
15068.0
16083.5
16878.0
17521.5
15663.5
15068.0
17272.0
15553.0
16908.0
15785.5
15555.5
15768.5
15068.0
15993.0
17523.5
15775.5
15068.0
15460.5
15573.0
16384.5
15659.5
15173.0
17814.5
16861.0
16388.0
15556.0
15068.0
16834.5
15883.0
16911.0
15470.5
15068.0
16672.5
15858.0
15068.0
15068.0
15988.5
15443.5
15348.5
15944.5
15068.0
16303.5
15163.0
16510.0
15680.5
17575.0
15173.0
15365.5
15573.0
15068.0
15758.5
16316.0
16388.5
15659.5
18999.5
15568.5
15077.5
15758.0
15173.0
15376.0
15068.0
15068.0
17143.5
15068.0
15555.5
15163.0
15460.5
16266.5
15663.0
15068.0
15068.0
16311.5
15068.0
16510.0
15565.0
15568.5
15869.5
15453.5
15163.0
16379.0
15163.0
16379.0
15068.0
15470.5
16363.5
15738.5
16081.0
15163.0
15068.0
16311.5
15739.5
15068.0
15163.0
16220.0
15356.5
16073.0
15068.0
16602.0
15754.5
15680.5
15163.0
15173.0
16193.0
15680.5
15568.5
15680.5
15068.0
16491.0
17246.5
16376.5
15068.0
18558.0
15651.0
16780.5
16993.0
15163.0
15068.0
15570.5
15068.0
16487.0
15548.5
15373.0
16790.5
16389.5
16216.0
15163.0
15163.0
16492.5
15163.0
15163.0
15173.0
15973.5
16995.5
15163.0
15258.0
16087.0
15163.0
17638.0
15000
15173.0
15068.0
15365.5
17548.0
15173.0
15271.0
15468.5
15173.0
16018.0
15173.0
20198.0
17107.0
15458.0
15451.0
16427.5
16601.5
15163.0
15529.0
18321.5
15969.0
16588.0
15365.5
15698.0
17825.5
16456.5
15068.0
17036.5
15068.0
15163.0
15583.0
15775.5
16785.5
15163.0
15646.0
15478.0
15163.0
17083.5
15365.5
15163.0
17128.0
18287.0
17497.0
16781.0
15163.0
15068.0
15982.0
15068.0
16485.0
15563.5
15068.0
15451.5
16619.5
17968.5
15458.0
16465.0
16203.5
15657.0
15488.0
16493.5
15257.0
15068.0
17327.5
15068.0
19932.5
16478.5
16483.0
15068.0
15883.5
15659.5
16503.0
18130.0
15068.0
15960.5
15569.0
15163.0
16069.5
15153.5
15163.0
15068.0
16178.5
15068.0
15873.5
15173.0
16470.5
16391.5
15163.0
15257.0
16466.0
15068.0
15556.0
17890.0
15768.0
16199.0
15773.0
16571.5
15068.0
15790.0
16928.5
15773.0
15068.0
16864.5
15068.0
15268.0
15173.0
16412.0
15366.0
15575.5
16182.0
15575.5
17094.0
16521.5
15383.0
17297.0
17335.0
15068.0
15978.5
15271.0
15978.0
16176.0
16907.0
15981.5
15365.5
15565.5
15163.0
15538.5
15068.0
15365.5
16905.5
15365.5
19197.5
15268.0
15257.0
15680.5
17513.5
15775.5
17955.0
17288.0
15068.0
15068.0
15068.0
15068.0
17513.0
15663.5
15999.0
15758.0
16083.0
15470.5
15343.5
15365.5
15663.0
15681.5
16491.5
15466.0
15543.5
15163.0
16297.0
16535.5
15173.0
15470.5
15383.0
18247.0
16003.0
18524.5
15068.0
16517.5
17428.5
15068.0
17428.0
15068.0
16597.5
17208.0
15173.0
15471.0
15173.0
15975.0
15258.0
16605.5
16786.5
15768.5
15068.0
15068.0
15680.5
17936.5
15993.0
15553.0
15068.0
17431.0
15173.0
15077.5
16574.5
16054.0
15068.0
15068.0
16194.0
15068.0
16584.5
16286.5
15068.0
15271.0
16896.5
17224.5
15271.0
15271.0
15869.5
15901.0
16779.5
15163.0
19111.5
15068.0
19305.5
15776.5
15173.0
17026.5
15271.0
15365.5
15383.0
15163.0
15068.0
15564.5
15068.0
16176.0
15163.0
15365.5
17295.5
15684.0
15573.5
15365.5
15068.0
15173.0
15173.0
15899.0
17824.0
15173.0
15556.0
15068.0
15458.0
15966.0
15163.0
15068.0
16399.5
16774.0
15068.0
15952.5
15163.0
16405.5
15468.5
15068.0
16483.0
16471.5
16565.0
15663.5
15646.0
15257.0
16101.0
16795.5
16266.5
17037.0
15365.5
15869.5
15068.0
16080.5
15173.0
15755.5
15173.0
15163.0
15068.0
15068.0
19021.5
15895.0
16422.0
16463.5
15565.5
15068.0
15365.5
15563.5
15383.0
15163.0
15173.0
15365.5
15673.5
17362.0
15173.0
16921.5
16829.5
16444.5
15468.5
15068.0
15688.0
15565.5
15775.5
15068.0
15987.0
16784.0
15365.5
17261.5
15173.0
15773.0
15268.0
19586.5
15068.0
17733.5
16500.0
19898.0
17776.0
19243.0
16510.5
18164.0
15068.0
15068.0
15173.0
15068.0
15995.5
15257.0
17796.5
16216.0
15548.5
15068.0
16403.0
16276.5
16423.5
15068.0
15783.0
15568.5
15068.0
15758.0
15572.0
15460.5
15068.0
16399.0
15068.0
15068.0
16695.5
15887.0
15551.5
17515.0
15964.5
15869.5
16795.0
15775.5
15163.0
20336.0
15365.5
16561.5
17239.5
16761.0
15068.0
15068.0
15057.5
17099.5
18690.5
16697.0
15068.0
16497.0
16408.5
15173.0
15068.0
15068.0
16616.5
15068.0
17051.0
16519.0
15474.0
17105.5
15891.0
16422.5
15667.0
15068.0
15173.0
15876.5
15365.5
15068.0
18608.0
16796.0
16336.0
15698.0
15978.5
16231.0
15163.0
15271.0
17160.5
15068.0
15163.0
16875.5
15268.0
17645.5
15698.0
16186.5
15068.0
15068.0
16185.0
16508.0
16914.5
15785.5
15068.0
15163.0
15985.5
15663.5
16578.5
17405.0
15758.0
17434.5
15678.0
15458.0
19711.5
16046.5
19079.5
15173.0
15651.0
17840.5
17150.5
16275.0
15173.0
17199.5
16091.0
16168.0
15543.5
15461.0
15068.0
16823.5
16713.5
15068.0
15383.0
15768.0
16980.5
16602.0
15068.0
15068.0
15667.0
16394.0
15068.0
16503.5
16361.5
16888.5
17773.5
17629.0
15163.0
16398.0
15173.0
16081.5
16901.0
15565.0
15257.0
15660.5
15285.5
15773.5
15673.5
15352.0
16213.5
18822.5
15271.0
16416.0
16689.0
15173.0
16393.0
15068.0
15173.0
16500.5
15271.0
16582.5
16391.0
15785.5
17769.5
16259.5
15163.0
15068.0
16809.0
16420.0
15556.0
15905.0
15173.0
15365.5
15680.5
15793.0
15667.0
17308.5
15271.0
16181.0
17203.5
15163.0
15784.0
16468.5
17613.5
15568.5
15470.5
15460.0
15663.0
15163.0
15869.5
16907.0
15878.0
16090.5
16086.5
16830.5
18660.0
16727.5
17016.5
16465.0
18430.5
15365.5
15163.0
15163.0
15271.0
15583.0
15695.5
16991.0
15068.0
16490.0
17306.0
15861.0
17414.0
15471.0
15068.0
15803.0
17851.0
15068.0
15068.0
16718.5
16508.0
15068.0
15271.0
15163.0
16594.5
15793.0
16809.5
15758.5
15565.5
15173.0
15996.0
15365.5
15068.0
15068.0
15068.0
16586.0
16404.5
15068.0
15271.0
16580.5
15068.0
15663.5
16055.5
15646.0
18054.5
15068.0
15775.5
15746.5
15565.0
16108.0
16073.0
16666.0
16850.0
15068.0
15163.0
18162.5
15880.5
15068.0
15068.0
16198.5
16964.0
16074.5
15553.0
15173.0
16091.0
16686.0
15365.5
16903.0
15163.0
15993.0
15974.5
15680.5
15068.0
16311.0
15163.0
18252.5
15783.0
15285.5
15773.0
15555.5
16188.5
15068.0
15068.0
15852.0
15068.0
15565.5
15670.5
15768.5
16901.0
15068.0
16168.5
15565.5
15173.0
17003.0
15068.0
17979.0
15870.0
15163.0
15771.5
15163.0
15999.5
16479.0
15870.5
16058.5
15470.5
15460.0
16275.5
17963.5
16802.5
15680.5
15365.5
15068.0
15163.0
15173.0
15163.0
16453.5
16497.0
19488.0
15068.0
15783.0
15163.0
15173.0
15173.0
15163.0
15768.0
15163.0
15383.0
15680.5
15478.0
18258.5
15775.5
15376.0
16485.5
15173.0
15565.5
15458.0
15173.0
15173.0
17774.5
16386.0
18187.5
16915.0
15068.0
16210.5
16365.5
15680.5
15173.0
15752.0
16405.5
15163.0
16070.5
15163.0
15068.0
15555.5
15383.0
16475.5
15068.0
16815.5
15383.0
15563.0
15793.5
16293.5
18291.0
16802.0
16819.0
15068.0
16890.0
15163.0
16378.5
17332.0
17044.5
16616.0
15173.0
15257.0
15555.5
15546.0
17228.5
18283.0
15470.5
16910.5
15757.5
18045.0
15793.0
15551.5
17526.0
15978.0
17212.0
15068.0
16002.5
16506.5
15677.0
17268.0
15068.0
15068.0
17749.0
15257.0
15986.0
17323.0
15163.0
17269.5
16861.5
15163.0
16098.5
15978.0
16476.0
15068.0
16500.5
15257.0
17154.0
15564.5
15365.5
15793.5
15068.0
15773.0
20120.5
15068.0
16493.0
15470.5
16913.5
15268.0
15068.0
16833.0
15870.5
15045.5
15068.0
16764.5
16923.5
16477.0
15586.0
17282.5
16881.5
15572.0
15278.0
15383.0
16416.5
16108.0
15671.5
15285.5
15173.0
15365.5
17830.5
16384.5
17732.5
15460.0
17748.5
16872.0
16707.0
16388.5
15068.0
15163.0
17728.5
15258.5
15068.0
15698.0
17093.0
15163.0
15663.0
17621.0
15680.5
15383.0
16611.0
15866.0
15884.0
15173.0
15365.5
16612.5
15901.5
16701.0
15356.5
16178.5
16205.0
15068.0
15068.0
15068.0
15068.0
20135.5
18865.0
15068.0
16039.0
15376.0
18048.0
15365.5
16080.5
16099.5
15068.0
15646.0
15365.5
16978.0
15153.5
16083.0
15068.0
15566.0
15565.5
15068.0
16682.5
15365.5
15383.0
15163.0
16303.5
15068.0
17782.0
15068.0
18737.5
15163.0
16181.0
15068.0
15964.5
18359.0
16184.5
17793.5
17619.0
16790.0
17020.0
15968.5
16088.0
15173.0
17387.0
15068.0
15583.0
15068.0
15068.0
15068.0
15068.0
17190.5
15068.0
16801.5
16515.5
16080.5
17788.0
15173.0
17213.0
15163.0
15068.0
16538.5
16288.0
16590.5
15000
15680.5
15068.0
15271.0
16934.0
18195.5
15889.5
16297.5
16831.0
16894.0
16569.5
15068.0
15565.5
15271.0
16173.5
15068.0
15268.0
15365.5
17009.0
15268.0
15068.0
16788.0
15474.5
16490.5
16809.0
16278.0
16079.5
17303.5
17291.5
17008.5
16517.5
16606.5
16587.5
15068.0
15365.5
16471.5
17939.0
15978.5
17093.0
18990.0
17301.5
15451.5
16098.5
15365.5
16670.0
15716.0
16510.5
16062.0
15659.5
15163.0
15969.0
15758.0
17119.0
15365.5
15678.0
15383.0
16651.0
15365.5
15163.0
18139.0
16777.0
16799.0
15068.0
16774.0
15996.0
16086.0
15068.0
15068.0
15485.5
15068.0
15068.0
15257.0
17324.5
15993.5
16163.5
15972.0
15565.5
15584.0
15565.5
16081.0
15068.0
15785.5
15163.0
15068.0
16493.5
17324.0
15163.0
15451.0
15173.0
15173.0
15163.0
15173.0
17855.5
15768.0
15667.0
15586.0
18023.5
16888.5
15163.0
15470.5
15568.5
15163.0
17063.5
15173.0
16067.5
16108.0
19566.0
17384.5
15163.0
15991.0
15068.0
17278.0
15554.5
15183.5
16903.5
15460.5
15163.0
16920.5
15663.5
16893.5
15757.5
15068.0
15383.0
15068.0
16598.5
19345.0
15285.5
16464.5
15163.0
15068.0
15163.0
15173.0
17019.0
15068.0
17221.5
15183.5
15991.0
15257.0
15365.5
16651.5
16501.0
16584.0
15680.5
15271.0
15566.0
15978.0
15773.0
15173.0
15957.5
15365.5
16867.5
15866.0
15068.0
15640.0
16705.0
15068.0
16886.5
15972.5
15862.5
15992.5
16703.5
15460.5
16013.5
15573.0
15068.0
15173.0
16916.0
15173.0
16487.5
17305.5
16819.0
15068.0
15680.5
15647.0
15566.0
15173.0
15271.0
15563.0
17021.0
15673.5
15163.0
19790.0
16183.0
17775.0
16284.5
15153.5
15649.0
17676.0
17219.0
17526.5
16497.0
15068.0
15568.5
15163.0
16483.5
15866.0
16198.5
17463.0
15173.0
20264.5
18172.5
15755.5
15257.0
16589.0
16186.5
16414.0
15989.0
16081.0
16308.0
16094.0
16888.5
15173.0
15880.5
16487.0
15271.0
15444.0
15883.5
15068.0
15663.5
16099.0
15173.0
15068.0
15271.0
15978.0
16866.5
15796.0
15537.0
15978.0
16483.5
15068.0
15173.0
16073.0
16678.5
15758.5
17312.5
15680.5
16491.0
17273.5
15658.0
16608.0
17413.5
15068.0
15555.5
15447.5
15173.0
15271.0
15916.5
15568.5
15663.0
15173.0
15753.5
16698.5
16976.5
15362.0
15478.0
16588.5
15648.0
15163.0
21786.5
17408.5
15663.0
15568.5
15555.5
16388.0
15884.0
19137.0
16916.5
16373.5
16994.0
15663.0
15163.0
15068.0
15271.0
15173.0
15568.5
17993.0
16280.5
16608.5
15068.0
15068.0
17314.0
15173.0
17037.0
15068.0
15068.0
15068.0
17191.5
15153.5
15285.5
15285.5
15285.5
16951.0
16062.0
15068.0
15257.0
15068.0
16607.0
18131.0
15365.5
16606.0
15768.5
15766.5
15978.0
16881.0
15068.0
16472.0
15068.0
15365.5
17607.5
15163.0
16003.0
15068.0
15163.0
15850.0
15068.0
15173.0
16434.0
15285.5
18164.0
15257.0
16371.0
15796.0
15775.5
15680.5
15541.0
16929.5
16798.5
15643.5
15153.5
15068.0
17033.0
15352.0
15659.5
16935.0
15173.0
15543.5
16065.5
16389.0
15173.0
16077.0
15068.0
16380.5
17493.5
16500.0
15651.0
15068.0
16376.0
17020.0
15068.0
15068.0
16193.0
16671.0
18308.5
15343.5
16115.5
15068.0
15163.0
15173.0
17359.0
15779.0
16914.0
16601.0
15636.0
16091.5
16890.5
15380.5
15268.0
16383.5
15173.0
15068.0
15793.0
15068.0
15068.0
15365.5
16804.0
15632.5
15804.0
15173.0
16177.5
15068.0
16417.5
16901.5
15555.5
17214.5
15068.0
15996.5
15068.0
16181.0
16598.0
15663.0
16198.5
16595.5
16087.0
16368.5
15068.0
15362.0
15173.0
16832.0
15643.5
17781.5
16511.5
17866.0
17843.0
15068.0
15348.5
15163.0
15068.0
16626.0
15460.5
15663.0
15153.5
16092.5
15163.0
15775.5
18051.0
15068.0
16507.5
18183.5
15680.5
16326.0
15173.0
15565.5
16185.5
17571.5
16983.0
15163.0
15660.5
15778.5
15068.0
17432.0
15068.0
16853.0
15068.0
15068.0
15173.0
15459.5
16885.5
15257.0
15163.0
16891.5
15663.0
15641.0
16179.5
15271.0
17842.0
17313.0
15887.5
15755.5
19125.5
16199.0
15271.0
16995.5
15751.0
16108.0
15992.5
15068.0
15671.5
15460.0
15663.5
16097.5
15768.0
17228.0
15995.5
17533.5
17967.5
16456.0
16983.5
16088.5
17028.0
15068.0
16902.0
15470.5
16073.5
15451.0
15769.0
15271.0
15173.0
15068.0
15173.0
15163.0
16902.5
15068.0
15965.5
15766.0
16696.5
15470.5
15383.0
15173.0
15173.0
15268.0
15173.0
15768.5
15068.0
15383.0
15068.0
15163.0
15850.5
19010.5
16469.5
16081.0
15163.0
15553.0
15572.0
16026.5
17268.0
15163.0
17131.0
15173.0
15758.0
15163.0
15880.5
17424.5
15163.0
16471.5
17517.0
15460.5
15783.5
15068.0
16483.5
16616.0
15695.5
17732.5
15460.5
15271.0
15383.0
15068.0
15068.0
15565.5
17113.5
15068.0
15000
16482.0
15068.0
15068.0
15173.0
15438.5
15363.0
17334.5
16314.0
15068.0
15971.5
15173.0
16073.0
16812.0
16473.5
17031.5
15995.5
15068.0
15775.5
17324.5
16280.5
15463.0
15686.0
15565.0
15068.0
15663.5
15068.0
15173.0
17749.0
15183.5
16003.0
16825.0
15365.5
15068.0
15553.0
15478.0
15757.5
16483.0
16491.0
18729.5
15068.0
16483.5
15000
15068.0
18820.0
16478.5
17266.5
15068.0
15068.0
17744.5
16796.5
15163.0
15068.0
15383.0
17789.5
15852.0
16982.0
15068.0
15068.0
16614.5
15068.0
15470.5
16465.0
17218.5
17724.5
19163.0
16513.5
15978.0
15173.0
16941.0
15040.5
16211.5
16110.5
15068.0
15068.0
15068.0
15068.0
15918.0
15163.0
16815.5
15556.0
15173.0
15663.5
16712.5
15068.0
17979.0
15460.5
16457.0
15995.5
15986.0
15271.0
16083.5
15927.5
15068.0
15163.0
17036.5
17217.0
15352.0
16078.0
15068.0
16170.0
15383.0
15068.0
15068.0
15383.0
18734.5
16879.0
16808.5
16344.0
15163.0
15383.0
15068.0
15996.0
15271.0
15163.0
15647.0
15068.0
17550.0
15658.5
16511.5
16453.5
15646.0
16479.5
15000
16899.0
16686.0
15365.5
15383.0
15958.5
15775.5
15649.5
16093.5
17532.5
15173.0
15163.0
15163.0
15163.0
16413.5
16068.0
15478.0
15680.5
16178.5
15068.0
16058.0
15568.5
15271.0
16819.0
15173.0
16846.5
16178.0
17289.0
15758.5
15663.5
15068.0
16098.5
16693.5
15068.0
15068.0
15365.5
16079.5
15831.0
15068.0
16696.0
15365.5
16593.5
15759.0
16411.0
15163.0
16423.5
15068.0
15478.0
16609.0
16021.0
15572.0
15766.0
15068.0
15365.5
15068.0
15163.0
15068.0
17427.0
17872.0
16936.5
15680.5
17816.0
15698.0
15000
15068.0
16374.5
16091.0
15573.5
15741.0
15771.5
15565.5
15068.0
16415.5
15659.5
17787.5
15365.5
16186.5
15173.0
15077.5
16090.5
15068.0
15646.0
16497.0
16614.0
16496.0
15979.0
15663.0
20469.0
15173.0
16808.5
15478.0
16398.0
15775.5
15068.0
15173.0
16704.0
16517.0
15068.0
15976.0
15068.0
16273.5
15996.0
16399.0
15163.0
16703.5
16894.0
15068.0
17957.5
16599.0
15068.0
15163.0
15068.0
15173.0
15163.0
15068.0
15751.0
16923.5
15365.5
15646.5
15068.0
15575.5
15068.0
15068.0
17073.0
16403.5
15763.5
16728.0
15654.0
15880.5
17854.5
17413.0
15884.0
16068.0
15163.0
15967.0
17290.5
15068.0
16650.5
15257.0
15793.5
16499.0
15543.5
15460.5
17274.5
21217.5
15068.0
16193.0
16376.5
16577.5
16703.0
15968.5
15468.5
15348.5
17817.5
15068.0
16179.0
16315.0
15365.5
15173.0
16605.5
18618.5
17906.0
15163.0
15646.0
15068.0
15183.5
16794.0
16387.5
19078.5
16888.0
15716.0
16587.0
17612.5
15173.0
15068.0
15068.0
17299.0
15646.5
16898.5
15363.0
15775.5
16991.0
15068.0
15173.0
17293.5
15990.5
15960.5
15163.0
16703.0
15768.5
17652.5
15775.5
15173.0
15563.5
15365.5
15068.0
19402.5
15555.5
16403.0
17079.5
15068.0
16073.0
16134.5
15068.0
15173.0
15663.0
15163.0
16510.0
15758.0
17018.0
15068.0
17427.5
16498.5
16367.5
15068.0
15775.5
15068.0
16071.5
15068.0
16556.0
17487.5
15365.5
17327.5
18185.5
15068.0
16505.5
15637.0
15068.0
15383.0
16199.0
15068.0
16477.0
15173.0
15068.0
15646.0
15173.0
17848.5
15153.5
18617.0
15068.0
16895.5
15068.0
17427.0
17563.0
16108.0
15583.0
15000
15663.0
15257.0
16493.0
15068.0
15068.0
16909.5
15667.0
17390.5
15554.5
15755.5
15879.0
15766.0
15783.5
15752.0
15678.0
15460.5
17439.5
15068.0
15460.5
15068.0
17291.0
15866.5
15576.5
15470.5
15285.5
15691.0
16083.5
15470.5
15698.0
15068.0
15783.5
17529.0
15173.0
15975.5
16491.0
15268.0
17338.5
15163.0
15163.0
16603.0
16916.0
15068.0
16404.5
15565.5
15068.0
15986.0
15343.5
15470.5
16597.0
16193.5
16902.0
16806.0
15163.0
15163.0
16011.0
16940.5
17201.5
15460.5
17339.0
15568.5
15068.0
16275.5
15556.0
16567.0
16910.5
15068.0
17845.0
15068.0
15678.0
16388.5
16384.5
16559.5
16594.5
15975.5
16608.5
15470.5
18163.5
17817.0
15068.0
15971.0
16301.5
15068.0
16164.5
15068.0
16404.0
16263.0
16493.0
16894.0
15268.0
15163.0
16868.5
15068.0
16010.0
15068.0
15663.5
16643.0
16603.5
16090.0
15068.0
15183.5
19593.0
15667.0
15458.0
15068.0
15068.0
15163.0
15068.0
16079.5
16245.0
15563.5
15460.5
15964.5
16398.0
17512.0
15068.0
17579.5
19288.0
16053.0
15173.0
15271.0
15365.5
15558.5
16468.0
15373.0
15774.5
15985.0
16069.5
16864.5
15555.0
15661.0
17078.0
15478.0
15881.5
15068.0
15753.0
15068.0
15068.0
15553.0
17000.5
16088.5
15365.5
15659.0
16634.5
17840.5
15634.0
16588.5
17069.5
15663.0
15555.5
16167.0
17779.5
15688.5
16490.0
19069.5
15068.0
17735.5
17279.5
15663.0
16586.0
15163.0
15068.0
15365.5
15068.0
15183.5
15673.5
15573.0
15163.0
15163.0
15068.0
15663.0
16473.5
15268.0
15663.5
15173.0
16997.0
15663.5
15068.0
15553.0
16104.0
15663.0
16392.0
17728.5
16907.0
16904.0
15163.0
15173.0
15068.0
15660.5
16507.5
15488.0
16188.0
15383.0
18679.0
15698.0
15468.5
15556.0
15971.0
17314.5
16739.0
18236.0
16596.5
15383.0
15470.5
16973.5
16929.0
15163.0
17117.0
15173.0
18607.0
16216.5
15781.0
15278.0
15573.0
15470.5
16385.5
15068.0
15173.0
15163.0
15068.0
15163.0
15366.0
15163.0
15271.0
15783.5
15068.0
15460.5
15163.0
16861.5
15271.0
15460.5
15173.0
18296.5
15568.5
15663.0
15173.0
16101.0
16648.0
17787.0
15271.0
16914.5
17336.0
16509.0
15673.5
17006.0
17001.0
15568.5
16574.5
16406.0
15163.0
15573.0
15173.0
15068.0
16324.5
15257.0
15460.5
15163.0
16086.5
15068.0
15271.0
16514.0
18664.0
15163.0
17681.5
15563.5
15068.0
15852.0
15552.0
17541.5
15068.0
15068.0
17721.5
15068.0
15163.0
17349.5
15887.5
15772.0
15271.0
16494.0
16493.5
15068.0
15849.0
15068.0
15173.0
16917.0
15163.0
17326.5
16983.5
17757.5
15992.5
15163.0
16989.0
16510.0
17112.0
17237.5
16181.0
16211.5
15766.0
15663.5
15783.5
16571.0
15755.5
19200.0
16099.5
15068.0
15068.0
16726.0
18056.0
15460.0
17939.0
16565.0
16586.0
15068.0
16101.5
15271.0
15068.0
15068.0
15068.0
15646.0
16496.5
17036.5
17483.0
16931.5
15348.5
15560.0
15645.0
16380.0
15698.0
15568.5
15000
16491.0
16108.0
17123.5
15173.0
18131.5
15285.5
15068.0
15888.5
16988.0
16304.5
15163.0
15460.5
15173.0
16133.5
18210.0
16811.0
15853.5
15763.5
15068.0
15173.0
15894.0
15068.0
16357.0
15650.5
15068.0
17307.5
15068.0
15648.0
15000
16881.0
15883.5
15068.0
16629.0
16389.0
15068.0
18146.0
19574.0
15173.0
15663.5
16516.5
15068.0
15785.5
18664.0
15762.5
15068.0
15068.0
17216.5
15365.5
15680.5
15581.5
15365.5
15068.0
16991.5
15784.0
19535.5
15173.0
16345.0
15663.5
16496.5
15906.0
17736.0
15068.0
15068.0
17767.5
16865.5
15648.0
21505.0
16700.5
16499.5
15459.5
17432.5
15163.0
15680.5
15746.5
17349.0
15556.0
16008.5
15870.5
16571.5
16859.0
15173.0
15173.0
17016.0
17185.0
15755.5
16392.0
15488.0
17179.0
15994.5
15983.5
16167.5
18616.5
17014.5
15068.0
15649.5
16621.5
15763.5
15173.0
15365.5
15173.0
16902.5
15951.5
19882.5
18628.0
16362.5
18660.0
18261.0
16385.5
15068.0
16290.0
15173.0
16518.0
15068.0
15068.0
15460.5
15271.0
16923.5
15975.5
16906.0
16325.5
17741.5
15680.5
15638.5
15068.0
15451.5
16013.0
15068.0
15470.5
17120.0
15470.5
15663.0
16416.0
15470.5
15257.0
15555.5
15068.0
15163.0
15470.5
15869.5
18081.0
15555.5
16505.5
15068.0
15163.0
16805.0
17052.5
15768.5
15068.0
15785.5
17361.5
17320.5
15352.0
15068.0
16796.5
16842.5
15173.0
15271.0
15068.0
16788.0
15463.0
15163.0
16101.0
16155.0
15643.5
15068.0
18807.0
15173.0
18086.0
18222.0
17134.0
15983.5
15163.0
17237.0
16389.0
16819.0
16345.0
15539.0
15068.0
17106.5
15271.0
17239.5
17000.0
15554.5
16407.5
16826.0
16904.0
15680.5
17522.0
15068.0
16493.5
17220.5
17449.5
17028.5
15163.0
15068.0
15068.0
16472.5
16470.0
16997.5
15068.0
16060.5
15488.0
16887.5
16497.0
15068.0
15163.0
16574.0
16392.5
16566.5
17002.5
17024.5
15451.0
16951.5
15068.0
17001.0
15068.0
15969.0
18704.5
15474.5
18022.0
15163.0
15663.5
15488.0
15173.0
15068.0
15883.5
15752.5
19140.5
15572.0
15257.0
16588.5
16835.5
15548.5
15248.5
15470.5
16721.5
15785.5
16302.0
15068.0
16188.5
15663.5
17126.5
15860.5
15758.0
15470.5
17237.0
16894.0
17454.5
17402.0
15068.0
15268.0
17708.0
16205.5
15068.0
16077.5
16097.5
16945.5
17238.5
15068.0
18405.5
15163.0
15363.0
16167.5
15163.0
15383.0
15554.5
18272.0
15068.0
15999.0
16920.0
15663.5
15563.5
16412.0
16081.0
16445.5
16149.0
15573.0
15163.0
15663.0
16476.5
16424.0
17324.0
15775.5
16384.5
15765.0
15568.5
15068.0
16439.5
15784.5
17603.0
16606.0
16516.0
15173.0
15659.5
17201.0
18618.0
16902.5
16959.5
15460.5
15642.5
15068.0
16473.0
16598.0
15068.0
15986.5
15068.0
15068.0
16518.5
15460.5
16388.0
15068.0
15163.0
16002.5
19125.5
15258.0
17804.5
16048.5
15068.0
17331.0
16073.0
17400.5
16353.5
15068.0
15257.0
15553.0
16987.5
15163.0
16407.0
15646.0
16185.5
16188.5
16722.0
15663.5
16000.0
15173.0
15163.0
15068.0
16401.5
16003.5
16388.5
15563.5
15173.0
16198.5
16496.0
16381.5
15068.0
15271.0
16507.0
15068.0
16889.0
17081.0
15470.5
16964.0
16113.0
15974.5
15068.0
17323.5
15460.5
16487.5
15869.5
15068.0
17005.5
15641.0
17977.5
17754.0
15068.0
15068.0
15163.0
16906.0
16441.0
15660.5
15649.5
16690.5
16055.5
16779.0
16794.5
15974.5
16371.0
15163.0
16081.0
15555.5
15068.0
15680.5
15555.5
15698.0
15376.0
15163.0
16586.0
15068.0
15498.5
15163.0
18866.0
15163.0
16405.5
15173.0
16471.5
15068.0
17239.5
17997.5
16429.5
15068.0
16270.5
15757.5
15000
16380.5
15738.0
15985.5
15775.5
15383.0
15173.0
16900.5
15698.0
15068.0
18381.5
16395.5
15470.5
15471.0
16142.5
15068.0
16816.0
15268.0
15068.0
15565.5
15566.0
15000
16290.5
15453.5
15163.0
17298.5
16394.0
15974.5
16987.0
15868.0
16843.0
15163.0
17046.0
15068.0
16770.5
15068.0
16493.0
17166.0
15656.5
15068.0
15869.0
16211.0
15163.0
15365.5
16910.0
16526.0
15656.5
15163.0
15068.0
16389.0
16788.0
16164.5
15888.0
16068.0
16451.5
15163.0
15068.0
16897.0
18189.0
16104.5
15068.0
16494.0
15565.5
15758.0
16896.5
19460.5
16823.0
15542.5
16167.0
17516.5
18796.0
15163.0
16003.0
17543.5
16494.5
17028.0
16511.5
15068.0
16904.0
18324.5
15460.5
18785.5
15554.5
15068.0
17411.0
17209.5
15258.0
16583.0
15173.0
15278.0
15866.5
16536.0
17572.5
17435.5
16896.5
18435.0
15569.0
17838.0
17316.5
15278.0
16083.0
15068.0
15173.0
15173.0
17437.0
16186.5
18395.5
16457.0
17106.5
17005.5
15759.0
15000
15680.5
15271.0
15383.0
15883.5
15068.0
16063.5
16094.5
16615.0
15068.0
15173.0
15663.0
15153.5
16466.0
16705.0
15257.0
16951.5
16915.0
15173.0
15663.0
16496.5
17773.0
18623.5
16201.0
17291.0
16501.0
15352.0
16724.5
16983.5
15271.0
15068.0
15981.0
15681.0
16475.5
15173.0
15573.0
16496.0
15680.5
15470.5
15068.0
15068.0
15989.0
16713.5
17199.0
17067.0
17023.0
17351.0
17724.5
19958.5
15163.0
15173.0
15271.0
15173.0
15383.0
15680.5
15068.0
15271.0
16167.0
15563.0
15068.0
18431.5
15068.0
16923.0
15153.5
15163.0
17392.5
15663.0
15068.0
15565.5
15173.0
18274.0
15801.0
17835.5
17421.0
16390.0
15068.0
16759.5
15173.0
15068.0
15698.5
15068.0
16397.0
15068.0
15871.0
15268.0
16198.5
15068.0
16477.0
15786.0
15470.5
16556.5
18161.0
15548.5
16903.5
15173.0
15163.0
16673.5
17437.5
16818.5
15258.0
15768.5
17643.0
15068.0
15758.0
15458.0
16517.0
16428.5
17787.0
15257.0
18496.0
16223.5
15163.0
15163.0
15365.5
15546.0
16399.0
15460.5
16167.0
16821.5
16345.5
15068.0
15068.0
15556.0
16004.0
15546.0
16480.0
15068.0
17335.0
15667.0
15680.5
15661.0
15000
15461.0
15651.0
18713.5
15551.5
15068.0
15863.5
17000.0
15068.0
15271.0
16934.0
15068.0
19686.5
15758.0
16699.5
15163.0
15257.0
16178.5
16511.0
17534.0
16206.5
16477.0
15173.0
15068.0
17416.5
15173.0
16426.5
16179.5
15680.5
15365.5
16199.5
15077.5
18668.0
16500.0
16446.0
16874.0
15552.0
15163.0
16678.5
17001.0
17544.0
16496.0
15568.5
15173.0
15680.5
16589.0
15173.0
15575.5
16601.0
15068.0
15278.0
15163.0
15163.0
16081.0
15572.0
16899.5
19372.0
15470.5
17095.0
15766.0
15000
16796.5
16590.5
15163.0
15555.5
16488.0
15898.0
16184.5
17180.5
16059.5
17283.0
16942.0
15680.5
17097.0
15068.0
17591.0
17845.5
16585.0
15343.5
15555.5
16118.5
17312.5
15268.0
15163.0
15163.0
17217.0
16684.0
15163.0
16091.5
16386.0
15068.0
16489.5
15460.5
15663.0
15705.5
15478.0
16193.5
15258.0
15068.0
15366.0
15163.0
17278.0
18275.0
15543.0
16354.5
17268.5
15271.0
16005.0
15183.5
15543.5
17929.5
17306.5
15173.0
16396.0
15271.0
15173.0
15173.0
15068.0
16106.0
19902.5
15478.0
16885.5
15153.5
17747.0
15257.0
15000
17180.5
15365.5
17651.5
15153.5
15993.0
15268.0
15068.0
16484.0
15978.0
16989.5
16174.0
15173.0
15068.0
15775.0
15268.0
15365.5
16070.0
15163.0
15643.5
19425.0
15068.0
15163.0
15068.0
15573.0
16295.5
17319.0
20105.5
15348.5
16078.5
16338.5
16353.0
15173.0
16106.5
15460.5
15163.0
15163.0
15068.0
18560.0
15163.0
15068.0
15163.0
15764.5
15163.0
15460.5
15163.0
16496.0
15348.5
16361.0
16058.0
16194.0
17736.0
15460.5
15766.0
16463.0
16601.5
15173.0
16576.5
15163.0
16380.5
15173.0
17927.5
15648.0
15451.0
16770.5
15988.5
15173.0
15668.0
17314.0
16807.0
16196.0
15068.0
15173.0
15163.0
16081.5
17138.0
15068.0
15888.5
16473.5
16078.0
15365.5
16416.5
15068.0
15271.0
15383.0
17421.0
16812.0
15663.0
15163.0
16863.0
15163.0
16814.5
16368.5
15068.0
16632.5
15883.5
16087.0
15173.0
15068.0
15258.5
15068.0
15068.0
17039.5
16224.0
15068.0
17016.0
16498.0
15993.0
15285.5
15163.0
17437.5
17946.5
16626.0
16083.0
15568.5
18580.0
15068.0
16878.5
15173.0
15365.5
17685.0
15947.0
15365.5
16105.0
15068.0
15758.0
15173.0
17111.0
16098.5
15365.5
18861.0
15352.0
16175.5
15898.0
15978.5
15581.5
15163.0
16513.5
15978.0
15460.5
15068.0
15680.5
16762.5
16913.5
15163.0
15348.5
17386.0
15558.5
17281.0
15068.0
17879.5
15068.0
15068.0
15691.0
16470.0
18072.0
16185.5
16487.5
15068.0
16205.5
17324.0
16463.0
15555.5
15068.0
17535.5
15173.0
15068.0
15163.0
16666.0
15173.0
16903.5
17643.0
16945.0
15659.5
16598.5
16672.5
15470.5
16100.5
16091.5
16405.5
15673.5
15887.0
15173.0
15173.0
15163.0
17922.0
15680.5
15173.0
15163.0
15583.0
15183.5
15173.0
16365.5
15068.0
15068.0
15680.5
15000
15670.0
15173.0
16904.0
15555.0
15869.5
15995.5
15383.0
15163.0
15068.0
15173.0
17431.5
15488.0
16392.5
15068.0
15163.0
17518.5
16115.5
15657.5
15775.5
16266.5
18946.0
15068.0
15068.0
16398.5
16671.5
19197.0
16679.5
18185.0
17263.5
15558.5
17217.5
16595.5
15068.0
19502.5
15163.0
17314.5
16868.5
15068.0
16473.5
16592.0
18358.0
15068.0
18741.0
17639.0
15772.0
16514.0
16790.5
16070.5
16492.0
15481.0
15068.0
16731.5
16198.5
15803.5
15457.0
15068.0
15068.0
16203.5
15663.5
15967.5
15555.5
17857.5
15068.0
16505.0
15068.0
16108.5
15383.0
16399.5
15451.5
15068.0
15870.5
15383.0
15068.0
16518.5
17477.0
15068.0
15000
16386.5
15068.0
15789.0
15460.5
15163.0
18149.5
16425.0
15173.0
15163.0
16419.5
17005.0
17864.0
15663.0
17320.0
15755.5
16081.0
15163.0
15878.0
16160.0
15000

15978.5
15163.0
15068.0
15173.0
16472.0
15651.0
17660.0
15068.0
18268.0
16592.0
17313.5
16562.5
15460.0
17411.0
15068.0
15163.0
15778.5
15068.0
16185.5
17212.5
16091.0
15068.0
15946.0
15163.0
15556.0
15572.0
16896.5
17904.5
15978.0
15163.0
15565.5
16404.0
15173.0
17448.5
15758.0
16270.5
16213.0
17948.5
15163.0
15163.0
15671.0
15068.0
15964.5
15068.0
16574.0
15558.5
15470.5
15651.0
18426.0
15068.0
17347.5
15834.5
15068.0
15173.0
16310.5
15068.0
15460.0
16414.0
16690.5
15257.0
15271.0
15257.0
15680.5
15173.0
15868.5
15383.0
15979.0
16807.5
15568.5
15068.0
16413.0
15068.0
15068.0
15173.0
15068.0
15257.0
15068.0
15546.0
15348.5
15163.0
15691.0
17619.5
15942.5
15663.5
18307.5
16165.5
15163.0
15554.5
15068.0
17191.5
15173.0
15173.0
16166.0
15163.0
15068.0
16388.0
16068.0
18297.5
15163.0
15163.0
16682.0
15555.5
15068.0
15659.5
16178.0
16473.5
16271.0
15173.0
16616.0
15546.0
15573.5
15173.0
15163.0
16090.5
15068.0
15783.5
15565.5
15680.5
16199.0
15870.5
16386.0
15790.5
16498.5
15068.0
15068.0
15068.0
18026.5
15650.5
15173.0
16491.5
15068.0
15556.0
15068.0
16930.5
17759.5
17285.0
16087.0
16234.0
17753.5
15543.5
15068.0
19145.0
15803.0
16591.0
16081.0
18203.0
16163.5
16175.5
15068.0
15258.5
15163.0
16391.5
15772.0
15373.0
15173.0
16895.5
16484.0
15068.0
16514.0
15383.0
15068.0
16956.0
15068.0
15068.0
16384.0
15068.0
15163.0
16992.5
16886.0
15173.0
15488.0
16477.5
15866.5
15173.0
15565.5
15365.5
15068.0
15878.0
15068.0
15068.0
16586.0
16381.0
15173.0
16293.0
15663.0
15565.5
15068.0
15163.0
16474.0
15758.0
17743.0
17327.0
15163.0
15068.0
15173.0
15547.0
16490.5
15640.0
16470.0
15271.0
15748.5
15365.5
16290.5
16545.0
16406.0
15566.0
17275.0
15555.5
15663.5
15163.0
15163.0
15348.5
16564.5
15068.0
15555.5
17287.0
15068.0
16486.5
16902.0
16046.5
16297.0
15789.0
15068.0
16903.5
16412.0
15163.0
17818.5
16403.0
15163.0
16410.0
15478.0
15068.0
15068.0
15173.0
15383.0
16104.0
15478.0
17323.0
15698.0
15068.0
16088.0
15766.5
17296.5
15563.5
15768.5
15983.5
15383.0
16387.5
16700.5
15068.0
15068.0
16392.0
15383.0
15173.0
15754.5
15686.0
15365.5
15077.5
15068.0
15173.0
15068.0
15173.0
15068.0
15068.0
15698.0
15000
15271.0
16308.0
16167.5
16952.5
15163.0
15173.0
16780.0
17281.0
15268.0
15884.5
16682.0
15163.0
15068.0
15068.0
15271.0
15068.0
18042.0
15000
15068.0
15173.0
17537.5
16198.0
16612.0
17664.5
15257.0
15163.0
15271.0
15068.0
16798.5
17724.0
15460.5
15758.0
15068.0
15470.5
17246.0
15163.0
17507.5
16806.5
15068.0
15271.0
16271.0
15432.5
15173.0
15258.0
15663.0
17071.0
16058.0
15068.0
16978.5
17323.5
16805.5
15257.0
15068.0
16055.5
15068.0
15068.0
15663.5
20418.0
15000

15568.5
15803.0
15068.0
15068.0
16891.5
15173.0
15000
16581.5
15383.0
15000
15068.0
15681.0
15068.0
15365.5
15674.0
16988.0
17002.0
15353.5
16617.0
17030.5
15068.0
16717.0
16108.5
15068.0
15271.0
15163.0
15688.0
17729.5
16052.0
15173.0
16608.0
17915.0
16094.0
16073.0
16842.0
15768.0
17332.0
16092.0
15775.5
16288.5
16216.5
16402.5
15173.0
17621.0
15068.0
15555.5
15984.0
16398.5
17728.5
17359.5
15173.0
16482.5
15068.0
15773.0
15821.0
17123.0
17209.0
15975.5
16473.0
17666.0
17254.0
16874.0
15068.0
15068.0
15068.0
15068.0
15068.0
18300.5
16182.0
15173.0
15068.0
15973.0
20268.5
17957.5
15878.0
15785.5
15068.0
16710.5
15000
15068.0
16412.0
16098.0
15068.0
15300.5
15383.0
17452.5
15271.0
15077.5
16798.5
15153.5
15470.5
15271.0
15163.0
16413.5
17334.5
16108.5
16966.0
15680.5
16063.5
16396.0
16473.5
15271.0
16904.0
18291.5
16086.5
19313.0
16166.5
15068.0
16069.0
15271.0
15881.5
15869.5
16044.5
15068.0
17285.5
15366.0
15758.5
16512.0
16939.0
15068.0
16511.0
15068.0
15663.0
15565.5
15163.0
19168.5
15068.0
18587.5
16910.0
15068.0
18491.0
15572.0
15173.0
16101.0
15908.5
15163.0
16589.5
15163.0
15271.0
16916.0
16604.5
16921.0
15068.0
15650.5
16877.5
15068.0
15663.5
18426.5
16398.5
16998.0
17366.0
17799.0
16721.0
17540.0
17385.5
16053.0
15173.0
15768.0
15365.5
15068.0
15883.5
15348.5
15163.0
15553.0
15068.0
17343.0
19245.0
15173.0
15068.0
16406.0
15586.0
17148.0
15654.0
16408.5
15646.0
15000
15068.0
15163.0
16697.5
16587.5
16474.5
15173.0
17011.0
16290.5
16893.5
15659.5
16062.0
15068.0
15271.0
15068.0
16186.5
15649.5
16080.5
15785.5
15870.5
15173.0
16093.5
15173.0
17846.0
18778.5
15982.0
16277.0
15163.0
15383.0
15757.5
15163.0
16606.0
17466.5
16083.0
15163.0
15741.0
15068.0
15365.5
16833.5
15068.0
16091.0
15488.0
16560.0
15068.0
16199.0
15553.0
15173.0
15785.5
17315.5
15555.5
16523.5
15698.5
15068.0
16496.0
15680.5
15068.0
15654.0
17296.0
19686.0
15173.0
15680.5
16076.0
17010.5
16069.5
15068.0
15649.5
16088.5
18360.5
18225.0
15068.0
16585.0
15163.0
17004.0
17649.0
17028.5
16837.5
16403.5
15077.5
15068.0
15983.5
15383.0
17336.5
17340.0
16126.0
16081.5
19807.0
16408.5
15555.5
15173.0
17094.0
15068.0
15163.0
16814.5
15583.0
15173.0
15348.5
15163.0
15173.0
15884.0
16883.5
15663.5
15681.0
15163.0
15470.5
15768.0
16521.5
16626.5
15068.0
15768.0
16181.5
19588.5
16199.0
16894.5
15365.5
15068.0
17105.0
16930.5
15974.5
17474.5
15068.0
15173.0
15481.0
17429.5
15068.0
17439.0
17817.0
15068.0
19315.5
16479.5
15868.0
15271.0
15173.0
15163.0
15163.0
15173.0
15969.0
15790.0
15481.0
15068.0
16511.5
15068.0
15173.0
15573.5
17429.5
17311.0
15163.0
16775.0
16493.0
15068.0
16388.5
15068.0
16906.0
15986.0
15068.0
17775.5
17964.5
16490.0
15271.0
17333.5
16396.0
17959.0
15996.0
15461.0
17218.0
15761.5
15961.0
15068.0
16910.0
15968.0
17345.0
15365.5
15680.5
15163.0
15173.0
15000
15183.5
15782.0
16888.5
17086.0
15793.0
15978.0
15982.5
15068.0
16069.0
17334.5
15068.0
16303.5
16508.0
16701.0
15866.5
15068.0
15068.0
15285.5
15068.0
16115.5
16188.5
16386.5
16830.5
15271.0
15660.5
15068.0
15068.0
16398.0
15068.0
15068.0
16083.5
15163.0
15565.5
15468.5
15163.0
15546.0
15879.0
15565.5
18299.0
17227.5
16105.0
18075.5
16381.0
15068.0
15163.0
15163.0
15365.5
16465.0
15758.0
18592.5
15785.5
17537.5
15663.5
15755.5
16281.0
17690.5
15471.0
15173.0
15986.0
16725.5
16471.0
15173.0
15667.0
16919.5
16804.0
15659.5
15460.5
15755.5
15470.5
16974.0
16980.0
17297.5
18799.5
18616.5
15651.0
16912.0
15995.5
16678.0
17824.0
15478.0
19147.5
16910.0
15057.5
15468.5
16511.0
15565.5
15990.0
16073.5
15173.0
16127.0
15068.0
15173.0
15068.0
16819.5
15677.0
15768.5
16420.5
16983.5
16503.5
16397.5
15481.0
17510.5
15663.0
16483.0
18400.0
16368.5
17853.5
15758.0
17722.5
15568.5
18156.0
16083.5
16293.5
15556.0
17359.5
15896.5
15068.0
15163.0
15453.5
16088.5
15478.0
15365.5
18254.5
15660.5
17210.5
15068.0
15068.0
16382.0
18354.0
15573.0
17743.5
15173.0
16666.5
15271.0
15271.0
15460.5
15755.5
16290.5
16911.5
17097.0
16178.5
15173.0
16100.5
15173.0
16056.0
17919.0
15000
15163.0
16108.0
15068.0
16775.0
17425.5
15659.5
17211.5
15773.5
18342.0
15880.5
15470.5
15163.0
15068.0
15348.5
15995.5
15000
15068.0
15964.5
15163.0
15663.0
15649.5
15271.0
17429.0
16101.5
15470.5
15068.0
15488.0
16394.5
15678.0
16832.5
15640.5
15163.0
15285.5
15978.0
16503.5
19759.0
15173.0
15163.0
15060.5
19793.0
18812.0
18605.5
15068.0
17421.0
16482.0
15163.0
16077.0
16176.0
15173.0
16361.5
15173.0
16293.5
16056.0
16293.5
15068.0
15068.0
15774.0
16809.0
15163.0
15568.5
16069.5
18215.0
15975.0
17874.0
16489.5
15383.0
15068.0
15173.0
15667.0
15271.0
15785.5
15698.0
15068.0
17751.5
15163.0
17265.0
16916.5
15680.5
15271.0
15271.0
17028.0
18679.0
16167.0
15068.0
19088.0
17643.0
15365.5
15068.0
16584.0
15000
15268.0
15470.5
15173.0
15663.5
15758.0
15068.0
17025.0
15470.5
16566.5
18141.0
15068.0
17497.5
15068.0
16381.0
15068.0
17225.5
17034.0
15068.0
15873.5
17460.5
16865.0
15976.0
16917.0
15661.0
17306.0
16382.5
15163.0
16514.0
16599.0
16157.0
17755.0
15163.0
15778.5
15670.5
15068.0
15563.5
17521.5
17000.0
15068.0
15068.0
15458.0
17345.5
15163.0
17685.5
15684.0
16398.0
16094.5
16251.5
15883.5
16713.5
16398.5
15636.0
18657.0
16603.5
16463.5
15068.0
16693.0
16813.5
16099.0
16489.0
15068.0
15986.0
18207.5
15573.0
16202.5
16808.0
15670.5
15173.0
16479.0
15173.0
15068.0
15460.5
15383.0
15068.0
15173.0
15173.0
15656.5
15068.0
18292.0
15163.0
16384.5
15257.0
15365.5
18272.5
15068.0
15758.5
15258.0
16399.0
15068.0
15641.5
15478.0
15068.0
17657.5
16006.0
16535.5
15271.0
15650.0
15800.0
15068.0
16974.0
15068.0
15163.0
15163.0
15068.0
15383.0
15365.5
17595.5
15068.0
17511.5
15458.0
15163.0
15778.5
16342.0
15068.0
16832.5
15990.5
16872.0
15068.0
15663.5
15565.5
15758.0
16463.0
16221.5
15793.5
17459.0
15646.0
15068.0
16586.5
17144.5
15988.5
15163.0
15772.0
16630.0
15460.5
15698.0
15575.5
15068.0
15068.0
15565.5
15962.0
16066.0
16776.5
15470.5
15460.5
17937.5
15173.0
16560.5
16102.0
16872.0
15651.5
16946.5
15688.0
15383.0
18388.5
19089.0
15068.0
15068.0
17319.0
15285.5
16795.5
15783.5
16709.0
15896.5
16413.5
15671.0
15173.0
15068.0
16938.5
16073.0
16461.0
16284.0
15068.0
15999.0
15553.0
15068.0
15173.0
15664.0
15163.0
16398.0
16197.0
16668.0
15173.0
17271.5
16879.0
15068.0
15680.5
16329.5
15068.0
17844.5
15153.5
15173.0
15268.0
16356.0
16824.0
17819.5
17246.5
15068.0
15163.0
15478.0
15163.0
15173.0
15659.5
15995.5
15163.0
15995.5
15068.0
16108.5
17007.5
15478.0
16049.0
16604.0
18062.0
16479.5
15348.5
16158.0
17344.5
17553.5
16903.0
15068.0
16090.5
15654.0
15163.0
15755.5
15173.0
15573.0
16980.5
15173.0
15271.0
15068.0
15478.0
15068.0
15163.0
15887.0
15268.0
18115.5
15673.5
15163.0
15982.0
15778.5
18096.5
15163.0
15068.0
18756.0
16083.0
15470.5
15565.5
17380.0
15766.0
15650.0
15534.5
15163.0
18390.5
15768.5
15068.0
17017.5
15650.0
16288.0
16938.0
17950.0
17727.5
16125.5
15563.0
17664.5
15534.5
15748.5
16073.0
16293.5
16909.5
15447.0
16183.0
15068.0
16939.0
15163.0
17331.0
17269.0
16894.0
20219.0
15457.0
16090.5
19678.0
15478.0
15555.5
22480.5
15271.0
15668.5
15548.5
15068.0
17280.5
17006.5
15271.0
16790.0
16189.0
16740.0
15649.5
15470.5
15461.0
16065.5
19502.0
16175.5
15068.0
18290.5
15163.0
16413.0
16835.5
17134.0
16028.5
15068.0
15785.5
15352.0
16202.0
15271.0
18157.0
16086.5
15173.0
16906.5
15163.0
16365.5
16403.5
15363.0
15163.0
17096.5
16512.5
15258.5
20814.0
15962.0
15766.0
15068.0
15068.0
15763.5
18680.0
15068.0
17745.5
16878.5
15555.5
20286.0
17298.0
15764.5
16896.5
15153.5
15478.0
17298.5
16998.5
15173.0
16508.0
16387.5
15768.0
15365.5
17526.0
16375.0
17532.5
18189.0
16506.0
15470.5
17306.0
15553.0
20868.0
17938.5
15775.5
15163.0
17357.5
15552.0
16410.5
15663.0
18048.5
15068.0
17421.5
15173.0
19984.0
17009.0
16412.5
15268.0
16794.5
18091.5
15068.0
15153.5
17379.0
15183.5
15285.5
16094.0
16099.5
15068.0
15068.0
15068.0
15068.0
16086.5
15680.5
16594.5
16824.5
18273.0
15163.0
16998.5
16472.0
16076.5
15068.0
15068.0
17008.5
16706.0
16830.0
16079.5
15768.0
16618.5
17763.0
16626.0
15183.5
16450.5
15068.0
16903.5
17680.5
16357.0
17023.5
18371.0
15068.0
15271.0
15646.0
17339.5
15173.0
15173.0
15853.5
15163.0
19567.0
16111.0
15744.5
17425.5
17297.5
15365.5
19892.5
16507.0
15173.0
16078.0
16059.0
16864.5
15068.0
15461.0
15460.5
15173.0
16918.5
15858.5
15555.5
16512.5
15889.0
16090.5
16166.5
18452.0
16893.5
15883.5
15460.5
16383.0
16496.0
15163.0
15173.0
16390.5
15366.0
16160.5
15000
15659.5
15257.0
19561.5
17316.0
15554.5
16555.5
17463.5
15891.0
15068.0
17246.5
15565.5
16609.5
15888.5
15755.5
15068.0
15646.5
15852.0
17775.5
15887.0
15163.0
16903.0
15365.5
15068.0
16624.5
15163.0
16585.5
17428.5
15663.5
15365.5
15068.0
15775.5
16871.0
18252.5
16489.5
17998.0
15468.5
17075.0
15163.0
16270.5
15163.0
16893.0
15068.0
20244.5
16769.0
19411.0
17950.0
15754.5
16405.5
16299.0
17495.0
16384.0
15478.0
17224.0
18526.5
17478.0
16661.0
16616.5
18117.0
18556.5
15654.0
19439.5
16779.5
16281.0
15285.5
17416.5
15163.0
16277.0
17223.5
15068.0
16949.0
15163.0
16176.5
15248.5
16148.0
16067.5
15163.0
15163.0
19433.5
15470.5
17404.5
16064.0
15173.0
15659.5
17416.0
15678.0
19878.5
15768.0
16171.5
17771.5
17731.5
15573.0
15068.0
16494.5
17259.0
18179.0
16415.5
16303.5
16951.5
15068.0
17443.5
16899.0
15278.0
16003.0
15278.0
19159.5
15478.0
18272.0
15985.5
16375.5
15478.0
15163.0
15554.5
15068.0
15347.5
16070.5
15793.0
15573.5
17005.5
15068.0
17438.5
15068.0
16391.5
17026.5
15457.0
16489.0
15258.5
15770.5
15460.5
17317.0
16887.0
17057.5
15163.0
15964.5
15772.5
15684.0
16244.0
16927.0
15173.0
15785.5
15068.0
15068.0
17323.5
17337.0
15068.0
15068.0
17444.5
16089.5
16083.0
17214.5
15068.0
15868.5
15173.0
15068.0
16090.5
15285.5
15068.0
15969.0
15163.0
15458.0
15257.0
15068.0
17840.0
15163.0
16325.5
16916.5
16697.0
15883.5
15460.5
16466.0
15555.5
15470.5
16520.5
15068.0
16301.0
15468.5
18113.5
17599.0
16500.0
15173.0
15163.0
16916.0
15163.0
15680.5
15173.0
16493.0
15785.5
15068.0
16617.0
16503.5
17223.0
15365.5
18163.5
17517.0
15995.5
16994.0
16519.5
15068.0
15680.5
15670.0
15383.0
15766.5
15068.0
16584.0
16906.5
16414.0
16384.0
15068.0
15383.0
15068.0
15478.0
16695.0
16482.0
17452.0
15785.5
15583.0
17554.5
16876.5
16490.5
15068.0
22874.0
15173.0
15366.0
17543.5
15068.0
15068.0
15068.0
15285.5
16081.0
15365.5
18189.5
16500.5
15365.5
15068.0
17886.5
15068.0
15898.0
16465.5
15068.0
16375.0
16922.0
15271.0
16396.5
16603.5
15685.0
15068.0
15068.0
15068.0
15758.0
15457.0
15453.5
15068.0
15068.0
15888.0
17103.5
15558.5
17744.0
15257.0
16158.5
15068.0
16597.0
15660.5
16804.0
15982.0
15995.5
15751.0
16183.0
15470.5
16183.0
16494.0
15365.5
15173.0
15470.5
15944.0
15163.0
18198.0
17817.0
16582.5
15271.0
15173.0
15068.0
15068.0
16631.0
15775.5
17231.5
16412.0
16159.0
16941.5
19182.0
16829.0
18447.5
16188.0
16627.5
17320.0
16626.0
19527.5
15974.5
15000
20655.5
16619.0
16781.5
15565.5
15068.0
16178.5
15470.5
16292.5
15460.5
16275.5
17334.5
15257.0
16193.5
15068.0
17138.5
15068.0
17058.5
15163.0
15068.0
15068.0
15978.5
15068.0
17357.5
16178.0
17957.0
17028.5
15641.5
15068.0
16363.5
15673.5
15373.0
15976.5
16401.0
17264.0
16815.5
15583.0
15966.0
15173.0
15271.0
15068.0
15775.5
15268.0
15698.0
17744.0
15996.5
16558.0
15068.0
16986.5
16661.5
15271.0
15768.0
15163.0
15163.0
18353.0
15068.0
16082.0
15546.0
16174.0
16931.0
16055.5
15771.5
15460.5
15173.0
15068.0
15163.0
17684.5
15365.5
15365.5
15783.5
15637.5
15978.0
16164.0
15068.0
15365.5
16985.0
16185.5
17883.5
15173.0
18284.5
15173.0
16491.5
17087.5
16187.5
16701.5
18362.5
20418.0
16498.5
15383.0
15906.5
16067.5
16900.0
15000
18377.0
16072.5
15068.0
15978.5
18850.5
15173.0
16122.5
15068.0
15068.0
15969.0
16511.0
15068.0
17031.5
15268.0
17478.5
15068.0
16870.0
15068.0
15663.0
15163.0
16591.0
16592.0
17449.0
15543.5
15383.0
15988.5
17019.5
15163.0
17701.0
15663.0
15068.0
15078.0
16493.0
15887.5
15068.0
15559.5
16921.0
15173.0
15163.0
16794.5
15771.5
15068.0
18147.5
15568.5
15173.0
15173.0
16583.5
17217.5
15173.0
15554.5
15173.0
15641.0
15663.0
18155.0
16311.5
15068.0
15068.0
17032.5
15751.0
15651.0
15626.5
15163.0
15068.0
15173.0
17282.0
15460.5
15173.0
15478.0
15068.0
18278.0
15068.0
16727.5
15460.5
15068.0
15163.0
15348.5
15257.0
17704.0
17631.0
15663.0
15173.0
19026.5
15365.5
15568.5
18946.0
15163.0
16322.5
17533.5
18288.5
16770.0
17777.5
15569.0
17325.5
15451.0
16488.0
16202.0
15755.5
16010.5
15000
15748.5
15068.0
17428.0
15568.5
17825.0
15458.0
17433.5
15173.0
16771.5
16296.0
15173.0
18148.0
15068.0
15983.0
16457.5
17804.0
15476.0
16803.5
15163.0
17643.5
16991.5
15163.0
15068.0
15470.5
18000.5
16816.0
15978.0
15068.0
16992.0
19353.5
15068.0
15648.5
16412.5
17321.5
16577.0
15068.0
15173.0
18582.0
15966.0
16751.0
17738.5
17107.0
15068.0
15478.0
15068.0
16776.5
15285.5
15173.0
18288.5
18075.0
16906.5
15068.0
15575.5
16321.0
16099.0
16177.5
16890.0
15661.0
18192.0
15068.0
16083.5
15983.5
16107.5
15988.5
16080.5
16791.0
15470.5
17016.0
15173.0
15173.0
17744.5
15786.0
15173.0
15068.0
15575.5
15068.0
16310.5
15348.5
15793.0
16066.0
16485.0
15993.0
16378.5
18343.0
17323.5
16473.0
17833.5
15068.0
15775.0
15880.5
17527.0
16175.0
16150.5
15271.0
16896.5
18898.0
17012.0
15068.0
15173.0
15978.0
15068.0
15173.0
16489.0
15660.0
15068.0
15362.0
16421.5
15271.0
16503.0
15163.0
15785.5
17288.0
15163.0
15153.5
15680.5
16907.0
16603.0
18670.0
16636.0
15556.5
16483.0
17078.0
18180.0
15173.0
15460.5
17008.5
16213.5
15068.0
16388.5
17047.5
15573.0
16168.5
15068.0
16304.5
15555.5
16591.5
15068.0
15383.0
16283.0
17227.0
15647.0
16513.0
17035.5
15383.0
16389.5
15478.0
15173.0
15749.0
15778.5
15478.0
15271.0
15741.0
15000
15663.0
17281.0
15649.5
16086.5
15663.5
17106.0
15077.5
16497.0
16837.5
15257.0
15068.0
18146.5
17444.0
15068.0
15548.5
15068.0
16708.5
15654.0
15173.0
16444.0
17300.0
17275.0
17616.0
16551.5
16999.0
15488.0
15459.5
17170.0
17324.5
17178.5
17082.0
15163.0
15015.5
16081.0
16837.0
15555.0
15163.0
15843.5
16476.0
16493.0
15163.0
16811.0
15271.0
15758.5
15271.0
19094.5
15173.0
15285.5
15173.0
15271.0
16078.0
16195.0
16153.5
16066.5
16353.0
18672.0
16783.5
17738.5
16048.5
15992.5
15068.0
16489.0
15680.5
15883.5
15173.0
15563.0
15271.0
15068.0
15173.0
15988.5
16453.0
17424.0
16992.0
15460.0
15974.5
16508.0
16176.0
15365.5
17329.0
15163.0
16011.0
15542.5
16520.0
20566.0
16521.0
16999.5
