8.0
35.0
57.5
66.5
68.0
68.0
68.0
68.0
68.0
57.5
0
68.0
8.0
458.0
438.5
438.5
485.0
736.0
365.5
257.0
0
68.0
68.0
452.5
54.0
458.0
153.5
22.5
68.0
68.0
1017.5
8.0
68.0
68.0
738.5
68.0
8.0
68.0
67.5
612.5
68.0
8.0
1428.5
68.0
458.0
730.5
1516.0
828.5
627.5
828.5
921.0
68.0
1053.0
163.0
348.5
1305.5
809.0
837.0
638.5
365.5
543.5
68.0
0
68.0
1115.5
153.5
1033.5
68.0
438.5
257.0
68.0
68.0
68.0
736.0
1891.0
1219.0
0
8.0
1020.0
68.0
1610.5
68.0
348.5
173.0
722.0
348.5
65.0
647.0
68.0
68.0
0
29.0
153.5
543.5
332.0
68.0

1112.0
257.0
0
627.5
68.0
68.0
886.0
68.0
1578.5
68.0
68.0
945.5
822.5
67.5
68.0
0
67.5
68.0
68.0
830.5
543.5
753.5
67.5
68.0
68.0
438.5
1349.0
348.5
68.0
8.0
68.0
438.5
533.5
458.0
163.0
68.0
722.0
438.5
0
633.5
163.0
828.5
0
8.0
1031.5
68.0
738.5
348.5
68.0
507.5
68.0
438.5
68.0
68.0
68.0
646.0
68.0
438.5
68.0
68.0
163.0
68.0
446.0
68.0
68.0
68.0
68.0

40.5
22.5

163.0
257.0
828.5
68.0
329.0
533.5
68.0
68.0
0
68.0
66.5
68.0
0
894.5
438.5
68.0

163.0
68.0

257.0
458.0
458.0
68.0
365.5
8.0
68.0
68.0
67.5
1776.5
68.0
0
68.0
68.0
63.0
543.5
0
68.0
1109.0
67.5
365.5
68.0
738.5
68.0
68.0
68.0
914.0
526.0
68.0
68.0
68.0
68.0
348.5
68.0
0
0
0
257.0
828.5
438.5
68.0
8.0
68.0
68.0
257.0
68.0
68.0
68.0

68.0
438.5
883.0
68.0
1795.5
0
458.0
68.0
620.5
68.0
68.0
163.0
68.0
57.5
68.0
68.0
66.5
68.0
68.0
627.5
458.0
257.0
608.5
1244.0
458.0
1121.5
68.0
8.0
68.0
0
848.0
257.0
1836.5
1112.0
68.0
456.0
68.0
620.5
57.5
68.0
68.0
68.0
68.0
257.0
68.0
68.0
68.0
601.0
0
438.5
65.0
68.0
438.5
68.0
68.0
443.5
448.0
348.5
537.5
68.0
68.0
68.0
67.5
0
.0
68.0
68.0
0
35.0
1206.5
68.0
365.5
50.0
458.0
68.0
68.0
68.0
68.0
67.5
68.0
15.5
601.0
257.0
57.5
68.0
1109.0
68.0
68.0
68.0
458.0
163.0
647.0
68.0
68.0
68.0
627.5
68.0
163.0
257.0
68.0
0
65.0
68.0
68.0
257.0
68.0
348.5
828.5
68.0
68.0
65.0
68.0
438.5
68.0
458.0
68.0
646.0
67.5
719.0
68.0
458.0
1005.5
68.0
365.5
68.0
0
68.0
67.5
68.0

68.0
514.5
271.0
68.0
68.0
68.0
68.0
1036.0
68.0
1017.5
68.0
438.5
68.0
63.0
1875.0
1406.5
163.0
68.0
257.0
68.0
0
50.0
68.0
68.0
57.5
68.0
68.0
1126.0
68.0
612.5
68.0
68.0

964.0
0
68.0
537.5
0
68.0
68.0
68.0
68.0
68.0
438.5
533.5
852.5
365.5
458.0
627.5
68.0
614.0
1985.5
1218.5
68.0
524.0
1139.0
68.0
68.0
68.0
627.5
68.0
68.0
68.0
1238.0
68.0
511.0
944.5
68.0
365.5
68.0
0
68.0
68.0
68.0
1002.5
68.0
68.0
348.5
68.0
824.0
257.0
68.0
35.0
1027.0
68.0
537.5
633.5
534.5
68.0
68.0
68.0
68.0
614.0
832.5
1233.5
68.0
933.5
68.0
809.0
816.5
365.5
68.0
68.0
438.5
68.0
458.0
68.0
68.0
736.0
836.0
1004.0
1310.5
1393.5
537.5
257.0
543.5
365.5
68.0
1777.0
1109.0
68.0
68.0
348.5
68.0
68.0
446.0
633.5
68.0
458.0
68.0
419.5
1242.0
257.0
458.0
458.0
68.0
163.0
0
68.0
68.0
78.0
257.0
0
2059.5
1991.0
68.0
438.5
68.0
1103.0
1993.5
257.0
68.0
635.5
68.0
68.0
1992.0
271.0
722.5
0
795.0
163.0
68.0
68.0
68.0
153.5
738.5
629.5
257.0
68.0
68.0
271.0
257.0
257.0
1128.5
68.0
68.0
1036.0
173.0
68.0
818.0
923.5
68.0
724.0
68.0
257.0
0
809.0
68.0

271.0
1853.0
68.0
243.5
68.0
646.0
1504.5
68.0
68.0
828.5
68.0
68.0
68.0
68.0
68.0
68.0
0
163.0
2058.0
68.0
990.5
68.0
365.5
0
68.0
541.0
163.0
68.0
1141.0
828.5
1106.5
1109.0
68.0
1118.5
68.0
614.0
68.0
526.0
0
257.0
68.0

365.5
757.5
1971.0
2559.5
637.0
632.5
68.0
532.5
68.0
68.0
425.0
831.5
738.5
68.0
68.0
68.0
68.0
724.0
1668.5
68.0
68.0
438.5
271.0
1678.5
722.0
1386.5
432.5
4932.0
163.0
623.0
438.5
831.0
738.5
243.5
954.0
1012.0
68.0
633.5
68.0
348.5
541.0
821.5
163.0
738.5
365.5
68.0
661.0
629.0
365.5
713.5
3560.0
68.0
1223.5
722.5
458.0
365.5
653.5
460.0
2256.0
68.0
348.5
816.5
68.0
0
1963.5
1277.0
828.5
68.0
524.0
647.0
1284.5
633.5
818.5
0
2045.0
1429.0
1126.0
891.5
0
809.0
458.0
68.0
68.0
1490.0
553.0
1972.0
1486.0
804.5
1088.5
2805.5
257.0
68.0
348.5
68.0
700.0
458.0
68.0
438.5
68.0
348.5
68.0
68.0
65.0
68.0
68.0
68.0
68.0
68.0
722.0
2150.5
0
857.0
68.0
619.0
68.0
3333.0
1033.5
816.5
3200.5
68.0

68.0
458.0
68.0
68.0
541.0
68.0
623.0
2164.5
519.0
68.0
1106.5
1487.5
68.0
1035.0
68.0
629.5
68.0
1350.5
543.5
1332.0
936.0
68.0
1967.0
0
68.0
257.0
1346.0
1753.5
68.0
1599.5
257.0
727.0
68.0
68.0
2167.0
555.0
68.0
348.5
68.0
1237.5
50.0
1492.0
2623.5
68.0
68.0
1140.5
941.5
1890.0
438.5
2147.5
68.0
68.0
850.5
1947.5
719.0
68.0
68.0
531.5
68.0
828.5

68.0
68.0
68.0
68.0
0
828.5
68.0
348.5
1346.0
437.5
458.0
1351.5
68.0
719.0
534.5
0
68.0
0
7.5
0
68.0
458.0
1886.5
68.0
1502.5
458.0
438.5
68.0
2144.5
68.0
0
68.0
68.0
68.0
443.5
0
352.0
68.0
68.0
419.5
68.0
438.5
68.0
734.0
68.0
348.5
0
68.0
0
68.0
348.5
68.0
438.5
68.0
448.0
68.0
1132.5
1810.0
68.0
68.0
68.0
1220.5
68.0
458.0
1124.0
1301.5
3015.5
1216.0
438.5
849.0
554.5

153.5
348.5
68.0
1646.0
4360.5
898.0
68.0
646.0
1576.0
68.0

68.0
68.0
1222.5
633.5
68.0
888.0
826.5
0
68.0
68.0
257.0
68.0
460.0
633.5
0
0
0
366.0
438.5
1749.0
68.0
2134.0
68.0
68.0
998.0
68.0
1128.5
0
68.0
68.0
68.0
438.5
68.0
543.5
68.0
1714.5
0
68.0
524.0
348.5
890.0
0
828.5
257.0
68.0

68.0
1228.0
0
1485.5
1119.0
1666.0
432.5
68.0
2233.5
636.0
68.0
719.0
22.5
68.0
68.0
738.5
257.0
1503.5
638.5
458.0
724.0
1432.5
68.0
633.5
1120.5
68.0
830.5
0
1469.5
1126.0
68.0
0
533.5
3492.0
68.0
2238.5
438.5
257.0
68.0
0
458.0
458.0
68.0
1316.0
68.0
1223.0
1569.5
458.0
68.0
919.0
727.0
68.0
633.5
1295.0
438.5
68.0
1860.0
348.5
0
927.5
68.0
68.0
1382.5
460.0
1217.5
1109.0
257.0
1242.0
3458.5
348.5
438.5
68.0
434.0
365.5
68.0
438.5
365.5
68.0
1009.0
1114.0
163.0
1109.5
898.0
68.0
451.0
163.0
353.0
68.0
68.0

451.0
663.0
848.0
68.0
68.0
2127.0
1406.5
68.0
1120.0
1799.0
4164.0
1124.0
533.5
0
927.5
1789.5
68.0
68.0

438.5
348.5
68.0
661.0
68.0
438.5
551.5
1492.0
68.0
2601.0
1802.5
633.5
1131.5
515.0
348.5
230.5
734.0
722.5
348.5
68.0
1258.0
68.0
68.0
1972.0
68.0
68.0

632.5
68.0
163.0
68.0
3766.0
0
68.0
2165.5
68.0
533.5
1752.5
68.0
365.5
68.0
723.5
68.0
1314.0
1901.5
68.0
3269.0
933.0
1893.0
2009.5
627.5
614.0
1698.5
1053.0
438.5
754.5
2728.5
68.0
1589.0
365.5
1212.0
1321.0
1323.0
173.0
458.0
1678.0
257.0
741.5
521.0
68.0
533.5
68.0
68.0
1565.5
3717.0
541.0
68.0
68.0
68.0
68.0
68.0
68.0
1519.0
2318.5
68.0
173.0
68.0
1576.0
2852.5
633.5

348.5
68.0
257.0
68.0
738.5
438.5
68.0
738.5
348.5
458.0
0
365.5
3004.5
258.0
2061.5
910.5
68.0
257.0
1294.0
1237.0
68.0
257.0
3327.5
627.5
809.0
329.0
1413.0
68.0
524.0
348.5
68.0
1382.5
553.0
533.5
908.0
738.5
1953.5
2533.5
68.0
1312.0
68.0
68.0
68.0
521.0
0
68.0
1103.0
848.0
68.0
1298.0
614.0
68.0
1961.5
1389.5
736.0
843.5
848.0
925.0
348.5
348.5
68.0
68.0
458.0
438.5
66.5
68.0
0
659.5
68.0
1131.5
68.0
68.0
460.5
0
68.0
68.0
2534.0
68.0
68.0
1081.5
1109.0
803.0
848.5
1602.0
163.0
438.5
271.0
961.0
5087.5
1725.5
348.5
257.0
68.0
163.0
2838.0
68.0
458.0
1490.5
68.0
736.0
68.0
458.0
722.5
614.0
68.0
68.0
1115.5
1112.0
348.5
641.5
524.0
551.5
68.0
68.0
68.0
68.0
3400.5
848.0
438.5
458.0
68.0
911.0
68.0
627.5
68.0
258.0
1130.5
68.0
943.5
738.5
629.5
68.0
3378.5
0
68.0
1128.5
68.0
904.5
68.0
941.5
68.0
438.5
3667.0
925.0
1918.5
68.0
821.5
2239.0
1346.0
438.5
68.0
68.0
1972.0
68.0
1109.0
809.5
1109.0
1212.5
0
68.0
68.0
68.0
2374.0
612.5
1243.5
537.5
2353.5
1485.5
68.0
1121.5
68.0
365.5
1019.0
68.0
629.5
438.5
0
1109.0
68.0
68.0
68.0
257.0
1158.0
1200.5
2041.5
3397.5
2900.5
68.0
910.0
68.0
3006.0
419.5
68.0
821.5
1463.0
257.0
68.0
1520.5
68.0
257.0
243.5
68.0
68.0
68.0
68.0
348.5
1331.5
2212.0
68.0
828.5
754.0
627.5
1408.0
828.5
68.0
68.0
68.0
1688.0
68.0
68.0
257.0
909.5
243.5
68.0
68.0
68.0
68.0
257.0
2412.0
836.0
68.0
724.0
1298.0
68.0
849.0
1112.0
1583.0
1305.0
1939.0
2162.5
0
68.0
4163.0
702.5
1995.5
458.0
438.5

1085.0
0
365.5
627.5
458.0
534.5
150.0
163.0
68.0
541.0
1778.0
68.0
68.0
458.0
348.5
68.0
68.0
515.0
443.5
68.0
68.0
68.0
908.0
163.0
848.0
2438.0
68.0
0
257.0
890.0
1595.5
68.0
2582.5
438.5
629.5
458.0
68.0
68.0
537.5
1486.0
828.5
68.0
0
68.0
0
642.5
647.0
890.0
836.0
257.0
1595.5
446.0
633.5
68.0
458.0
68.0
68.0
0
68.0
2001.0
623.0
633.5
910.0
4494.5
1186.5
68.0

68.0
3686.0
527.5
68.0
68.0
2990.0
1017.5
68.0

1024.0
0
0
0
68.0
68.0
68.0
1300.0
68.0
1016.5
0
68.0
68.0
68.0
722.0
3876.0
365.5
1616.0
68.0
5022.0
1019.0
821.5
0
742.0
515.0
365.5
755.5
537.5
1770.5
1316.5
68.0

443.5
830.5
821.5
68.0
68.0
1046.0
68.0
1867.0
629.5
68.0
722.0
68.0
257.0
541.0
68.0
1424.0
68.0
1037.0
4109.5
3207.5
914.0
1132.0
524.0
0
1398.0
0
2271.0
68.0
2078.0
619.5
0
68.0

3980.0
1877.0
446.0
458.0
911.5
68.0
257.0
342.5
68.0
1629.0
68.0
1595.5
446.0
68.0
641.5
68.0
1350.0
332.0
68.0
68.0
738.5
1971.0
2842.5
458.0
2445.5
173.0
620.5
1688.0
2242.5
2000.5
68.0
68.0
68.0
1743.5
1109.0
68.0
15.5
348.5
68.0
0
68.0
68.0
68.0
257.0
68.0
163.0
1373.0
927.5
661.0
627.5
1614.0
524.0

257.0
4007.5
1016.5
68.0
153.5
3034.5
2872.5
2696.0
68.0
1036.0
2559.0
4045.0
0
257.0
460.5

68.0
998.0
738.5
68.0
647.0
933.5
1320.0
1471.0
68.0
1802.0
627.5
163.0
3680.0
348.5
1189.0
68.0
1574.5
506.5
68.0
2272.5
68.0
68.0
68.0
68.0
627.5
365.5
68.0
519.5
537.5
736.0
68.0
0
4534.0
1110.0
1477.5
2240.0
68.0
659.5
1873.0
1617.0
1128.0
438.5
534.5
2727.5
68.0
627.5
438.5
68.0
68.0
719.0
3308.5
647.0
434.0
732.5
521.0
68.0
1390.5
68.0
1037.0
68.0
663.5
2678.0
68.0
68.0
1882.0
68.0
68.0
719.0
629.0
2561.0
68.0
0
1388.0
1935.0
801.5
736.0
2068.5
809.0
1222.0
755.5
68.0
68.0
516.0
1968.5
243.5
1202.5
0
866.5
243.5
1780.0
518.0
3103.5
0
2461.0
68.0
68.0
1571.5
68.0
68.0
1115.0
1598.0
68.0
2265.0
1223.5
1804.5
1576.5
1880.5
1570.0
68.0
1399.0
1126.0
1338.5
1582.0
68.0
510.0
2303.0
68.0
935.5
68.0
68.0
348.5
438.5
0
1893.5
719.0
329.0
68.0
257.0
458.0
68.0
1073.0
68.0

2456.0
245.0
1953.0
736.0
1615.0
1616.0
907.5
621.5
1404.5
68.0
828.5
1016.5
3511.5
1217.0
1022.5
68.0
68.0
0
2386.0
68.0
348.5
1539.5
458.0
1407.5
990.0
2163.0
927.5
1516.0
163.0
931.0
0
68.0
738.5
2703.5
243.5
1222.0
524.0
348.5
1024.5
0
348.5
438.5
2652.0
68.0
68.0
2260.0
1674.5
1039.5
446.5
68.0
0
1641.5
1798.5
68.0
1324.5
3011.5
0
1970.5
628.5
163.0
848.0
348.5
1606.0
1593.5
1021.5
68.0
3679.0
257.0
68.0
7518.0
4583.0
68.0
458.0
258.0
68.0
1036.0
0
68.0
1580.5
633.5
68.0
1017.5
68.0
941.5
1300.5
1002.5
1308.0
1109.0
628.5
1958.5
836.0
916.5
3198.5
3211.5
1582.0
68.0
3305.0
839.0
348.5
0
68.0
68.0
438.5
702.5
3869.5
348.5
68.0
68.0
68.0
348.5
68.0
537.5
1031.5
2653.5
433.5
642.5
5095.5
163.0
163.0
68.0
68.0
1209.5
68.0
2647.0
68.0
3950.5
163.0
68.0
68.0
68.0
365.5
3418.5
68.0
2416.0
2167.0
348.5
724.0
1534.5
1981.0
1785.0
438.5
432.5
68.0
1505.5
914.5
68.0
68.0
163.0
741.0
801.5
646.0
828.5
616.0
68.0
1496.5
438.5
534.5
2361.5
3706.0
984.5
68.0
1339.5
163.0
925.0
460.5
1784.5
756.0
9101.5
438.5
1847.0
68.0
68.0
458.0
2683.5
458.0
2211.0
68.0
2061.0
243.5
4871.5
1387.0
68.0
2430.5
1297.5
1444.0
2278.5
438.5
257.0
881.5
68.0
2466.5
568.5
2775.5
438.5
68.0
1771.0
1178.0
916.0
68.0

629.0
627.5
257.0
68.0
515.0
830.5
612.5
719.0
1199.0
1199.0
2629.5
365.5
638.5
332.0
636.0
2104.5
999.5
68.0
365.5
646.0
641.5
524.0
173.0
1049.0
4688.0
458.0
927.5
647.0
2511.0
828.5
1019.0
722.0
68.0
1655.0
257.0
68.0
68.0
68.0
2158.5
4687.0
738.5
1006.5
2518.0
1584.5
0
2955.5
524.0
68.0
68.0
68.0
2432.5
68.0
68.0
348.5
1309.0
68.0
2643.5
348.5
646.0
0
4430.0
2768.5
910.0
553.0
2234.0
1593.5
68.0
348.5
68.0
3405.0
1498.5
68.0
904.0
1882.5
524.0
68.0
348.5
68.0
1589.0
1315.0
68.0
68.0
1428.5
0
68.0
1406.5
68.0
999.5
68.0
68.0
163.0
458.0
0
68.0
68.0
68.0
68.0

914.0
68.0
641.5
1024.5
627.5
438.5
68.0
68.0
0
68.0
68.0
1756.5
2953.5
2779.0
2001.5
3297.5
68.0
257.0
68.0
906.5
1218.5
1027.0
68.0
734.0

1479.5
257.0
1409.5
0
68.0
0
553.0
68.0
68.0
257.0
0
68.0
823.5
68.0
68.0
68.0
2215.0
460.5
524.0
0
743.5
68.0
1693.0
2195.5
740.5
541.0
2094.0
365.5
1113.5
68.0
1037.0
68.0
1301.5
629.5
68.0
419.5
452.0
68.0
1405.0
1127.5
458.0
1869.5
614.0
1112.5
68.0
2734.0
0
627.5
533.5
365.5
68.0
68.0

1780.5
2669.5
1598.5
4298.5
68.0
832.0
2117.0
1628.5
68.0
1806.5
1427.0
348.5
1404.0
2082.0
2726.5
623.0
6115.5
68.0
68.0
365.5
1017.0
68.0
68.0
458.0
68.0
866.0
68.0
68.0
1126.0
524.0
923.5
541.0
3217.5
3266.0
68.0
68.0
68.0
68.0
4527.0
68.0
68.0
1886.5
68.0
68.0
4692.5
641.5
68.0
2438.0
1801.5
68.0
647.0
348.5
0
68.0

68.0
1407.5
438.5
163.0
1601.0
68.0
257.0
5054.0
1888.0
1388.0
1333.5
68.0
2848.0
68.0
736.0
68.0
68.0
438.5
731.5
68.0
68.0
68.0
809.0
730.0
3213.0
1584.5
153.5
68.0
68.0
68.0
1721.5
1559.5
68.0
68.0
6766.5
1030.0
809.5
271.0
663.0
68.0
243.5
911.5
2338.0
2203.0
568.5
77.5
2325.5
3552.0
68.0

68.0
1888.5
153.5
1113.0
647.0
1555.0
68.0
68.0
257.0
828.5
541.0
173.0
1016.5
438.5
438.5
68.0
828.5
68.0
0
257.0
1368.5
1421.5
1414.0
68.0
1115.5
2311.5
438.5
1858.0
0
68.0
0
68.0
438.5
1567.5
68.0
68.0
68.0
1374.5
841.0
68.0
1947.0
163.0
1109.0
163.0
1053.5
68.0
437.5
68.0
0
0
1483.5
1889.0
63.0
1238.0
629.0
68.0
432.5
68.0
853.5
458.0
438.5
68.0
68.0
1677.0
432.5
620.5
1614.5
458.0
257.0
1128.5
4203.5
365.5
68.0
1399.5
1128.0
0
2186.5
1295.5
68.0
68.0
68.0
647.0
68.0
554.5
719.0
1313.5
68.0
1668.5
1979.0
365.5
438.5
68.0
2896.5
0
828.5
1343.0
1544.5
1029.0
2274.5
1516.0
68.0
257.0
68.0
1295.5
0
68.0
633.5
68.0
68.0
3650.0
1964.5
68.0
3426.5
534.5
1505.5
68.0
68.0
45.5
68.0
1858.0
8368.5
1389.5
68.0
257.0
1602.0
646.0
1861.0
68.0
736.0
828.5
726.5
892.5
614.0
602.5
68.0
1020.0
1972.0
68.0
0
1593.0
68.0

755.5
627.5
68.0
2834.0
740.5
271.0
555.5
0
68.0
1150.0
68.0
68.0
1024.5
1516.0
1431.5
0
751.0
446.0
736.0
738.5
458.0
1110.0
2342.5
1617.0
68.0
68.0
68.0
633.5
646.0
1024.5
533.5
68.0
999.5
68.0
1126.0
627.5
3093.0
1445.0
68.0
521.0
68.0
68.0
821.5
1667.5
68.0
533.5
719.0
2925.5
458.0
1315.0
2072.0
511.0
1389.5
163.0
68.0
68.0
68.0
68.0
65.0
1603.0
1036.0
2356.0
68.0
68.0
2764.5
348.5
348.5
365.5
68.0
3936.5
738.5
1598.0
1479.5
736.0
4279.5
3484.5
1116.5
68.0
3286.5
521.0
2291.0
68.0
700.0
365.5
68.0
0
758.0
533.5
0
2171.5
68.0
911.5
332.0
68.0
68.0
257.0
68.0
1408.5
722.0
4054.0
68.0
68.0
4211.5
68.0
1889.0
68.0
68.0
348.5
68.0
2672.0
68.0
68.0
458.0
348.5
1320.5
1199.0
68.0
1309.5
1314.0
0
243.5
647.0
633.5
2354.0
68.0
68.0
257.0
365.5
2887.5
68.0
68.0
68.0
68.0
3738.0
257.0
68.0
68.0
626.5
1298.0
6026.0
68.0
68.0
6002.5
848.0
68.0
1515.5
736.0
1218.5
2544.5
68.0
68.0
243.5
1496.5
4589.5
647.0
68.0
2896.5
5905.5
2391.0
1962.5
1582.0
2253.5
1798.5
68.0
2179.5
2098.5
1312.0
68.0
2004.0
1299.0
738.5
257.0
614.0
68.0
831.0
68.0
3293.5
738.5
3440.5
1025.0
1100.5
1856.5
1106.5
68.0
2382.5
173.0
68.0
537.5
68.0
1685.5
163.0
248.5
68.0
3436.0
68.0
2809.0
738.5
537.5
438.5
1307.0
271.0
68.0
1925.5
163.0
68.0
68.0
2138.5
536.5
1145.5
68.0
68.0
1387.0
993.5
2289.5
68.0
1518.5
458.0
2412.5
1879.5
348.5
641.5
635.5
4886.0
2922.5
649.0
4041.5
925.5
68.0
3122.5
68.0
1394.5
68.0
1875.5
0
553.0
1673.5
2123.5
257.0
997.0
3678.5
68.0
942.0
738.5
68.0
551.5
68.0
2061.5
348.5
627.5

68.0
1404.5
2335.0
4905.0
68.0
332.0
68.0
1111.0
446.0
68.0
68.0
438.5
348.5
68.0
68.0
3284.5
0
68.0
68.0
1577.5
983.0
828.5
1312.5
1514.0
0
271.0
163.0
68.0
533.5
365.5
1199.0
541.0
926.5

828.5
68.0
458.0
1130.5
470.5
68.0
927.5
514.5
153.5
68.0
68.0
3090.5
543.5
809.0
2460.5
828.5
1053.0
931.0
348.5
68.0
438.5
1351.0
2591.0
68.0
438.5
2081.5
1396.0
627.5
68.0
68.0
1667.5
647.0
1877.5
243.5
1767.0
761.5
4466.5
2357.0
641.5
1594.0
834.5
68.0
1343.5
163.0
0
68.0
1089.5
1239.5
835.0
1496.5
4297.5
944.5
68.0
543.5
68.0
2675.5
1499.0
1303.0
848.0
755.5
927.5
68.0
1504.5
257.0
68.0
434.0
348.5
68.0
2934.5
68.0
1035.5
537.5
2530.5
635.5
2063.5
1126.0
68.0
68.0
2703.0
2007.5
1116.5
68.0
614.0
173.0
7542.0
1222.5
4054.5
68.0
68.0
458.0
68.0
68.0
68.0
271.0
68.0
537.5
948.5
68.0
1800.0
1329.0
257.0
815.5
348.5
809.0
943.5
68.0
984.0
68.0
68.0
1630.5
848.0
68.0
1560.5
163.0
68.0
365.5
68.0
812.0
2352.0
68.0
1602.5
0
68.0
68.0
492.5
1037.0
1218.5
627.5
348.5
860.5
1120.0
163.0
3434.5
524.0
1138.5
68.0
173.0
163.0
68.0
498.5
738.5
68.0
68.0
68.0
612.5
1877.0
828.5
68.0
68.0
342.5
1016.5
68.0
1608.0
3381.0
348.5
68.0
1394.0
4661.0
68.0
2751.0
1617.5
663.5
68.0
458.0
811.5
68.0
163.0
1136.0
68.0
633.5
608.5
68.0
629.0
2688.0
1237.0
537.5
1708.5
1855.5
2309.0
257.0
68.0
822.5
646.0
1118.5
2484.5
1099.0
68.0
3071.5
722.0
342.5
917.5
1312.0
68.0
521.0
719.0
2738.5
2249.0
0
2666.0
0
524.0
554.5
68.0
68.0
68.0
1502.5
68.0
442.0
438.5
2606.0
6738.5
3178.0
1109.0
68.0
1524.5
1682.0
68.0
736.0
1583.5
2751.0
1239.0
1890.0
646.0
3728.5
646.0
68.0
68.0
365.5
524.0
1199.0
68.0
68.0
68.0
1256.5
68.0
458.0
925.0
1126.0
68.0
1001.5
1320.5
1007.5
173.0
271.0
348.5
4485.5
68.0
2636.5
535.0
736.0
68.0
1219.5
68.0
1961.5
0
809.0
773.0
2076.0
3341.0
1499.0
1396.5
348.5
891.0
68.0
835.0
458.0
1487.5
68.0
348.5
2233.0
999.5
3032.0
458.0
809.0
1506.5
702.5
1946.5
1863.0
3105.0
68.0
243.5
828.5
68.0
68.0
608.5
520.5
68.0
1128.5
923.5
68.0
68.0
68.0
68.0
1324.0
0
68.0
68.0
0
68.0
828.5
1039.0
1115.5
1516.0
68.0
1594.5
2093.5
68.0
2102.5
68.0
68.0
68.0
832.0
438.5
3551.5
365.5
2811.5
515.0
722.0
1499.0
1241.5
1004.5
3547.0
365.5
1095.0
68.0
1893.0
3181.0
1876.0
2077.0
524.0
524.0
68.0
68.0
438.5
163.0
1907.0
0
4303.5
944.5
68.0
1226.0
257.0
1147.5
68.0
647.0
173.0
68.0
365.5
68.0
640.0
809.0
68.0
366.0
442.0
533.5
629.5
702.5
845.0
153.5
551.5
0
2869.0
438.5
1503.5
999.5
533.5
1117.0
1211.5
1408.0
1114.5
3764.5
1827.5
68.0
68.0
153.5
68.0
68.0

1024.0
537.5
68.0
458.0
537.5
2461.5
4294.0
348.5
2829.5
738.5
68.0
68.0
68.0
633.5
738.5
1368.0
68.0
68.0
828.5
738.5
271.0
68.0
2924.0
68.0
940.0
1126.0
0
1021.0
1999.0
257.0
458.0
1933.0
2378.0
257.0
68.0
68.0
68.0
524.0
736.0
0
68.0
153.5
1757.0
1426.0
458.0
68.0
1335.5
163.0
2283.0
348.5
257.0
0
0
3589.0
68.0
1552.0
446.0
68.0
629.0
627.5
832.0
466.0
68.0
68.0
2062.0
646.0
1486.5
68.0
1213.0
926.5
997.0
1036.0
554.5
458.0
1330.0
68.0

352.0
68.0
68.0
68.0
68.0
1299.5
1143.5
1041.0
68.0
438.5
515.0
68.0
348.5
438.5
1305.0
944.0
1782.5
838.5
68.0
68.0
2314.0
0
612.5
1780.5
524.0
2242.5
1368.0
458.0
68.0
944.5
943.5
554.5
68.0
68.0

68.0
68.0
719.0
68.0
352.0
1017.5
1582.0
2188.5
68.0
348.5
1499.0
620.5
628.5
600.0
537.5
5599.0
438.5
537.5
1983.5
1103.0
941.5
1997.5
3794.5
0
0
1017.5
348.5
2000.0
68.0
68.0
68.0
828.5
0
68.0
2450.0
1219.0
2907.0
257.0
68.0
365.5
68.0
0
1972.0
3975.0
2852.5
724.0
841.0
1130.5
838.5
68.0
1046.5
1315.0
1146.5
68.0
68.0
537.5
533.5
0
438.5
1012.5
442.0
7464.5
163.0
633.5
2088.0
1952.0
257.0
614.0
1774.0
257.0
627.5
68.0
4497.5
348.5
68.0
719.0
68.0
3780.5
749.0
257.0
2300.0
4792.5
438.5
2333.5
68.0
843.0
68.0
150.0
942.5
2143.5
343.5
1759.0
68.0
1487.5
1966.0
1199.0
460.5
271.0
1010.5
5758.0
1309.0
458.0
2436.5
68.0
1458.5
2301.0
1543.5
526.0
68.0
2819.0
68.0
1013.0
6278.0
163.0
738.5
1004.0
68.0
68.0
68.0
524.0
3324.0
68.0
3102.0
1995.0
68.0

1931.5
68.0
68.0
719.0
68.0
3003.5
68.0
1800.5
348.5

1088.0
1584.5
438.5
1316.5
68.0
1119.0
68.0
68.0
817.0
2391.5
647.0
1886.5
446.0
1983.0
4130.0
1658.0
1477.5
438.5
68.0
1937.5
649.0
0
814.0
629.5
22.5
348.5
1933.0
68.0
68.0
68.0
68.0
818.0
1297.5
1017.5
629.0
3050.5
0
2057.5
68.0
843.5
342.5
348.5
68.0
755.5
0
1683.5
1112.0
5043.5
348.5
927.5
258.0
356.5
365.5
646.0
1128.0
1538.5
68.0
831.5
1005.5
68.0
622.5
4157.0
1218.5
809.5
646.0
1479.5
356.5
432.5
743.5
68.0
2147.5
68.0
3776.5
1966.5
0
1036.0
1128.5
68.0
2657.5
68.0
163.0
2355.0
1221.0
271.0
458.0
257.0
68.0
458.0
68.0
755.5
1966.0
524.0
438.5
173.0
2092.0
1473.5
1202.0
1031.5
432.5
2452.5
1803.0
68.0
514.5
163.0
68.0
2160.0
1443.0
537.5
3479.5
3386.0
612.5
1456.0
68.0
726.5
68.0
438.5
904.0
460.5
2454.5
2260.0
2067.0
243.5
1316.5
68.0
68.0
755.5
2568.5
68.0
365.5
460.0
818.0
1672.5
609.5
2670.0
2540.5
629.0
68.0
1037.0
365.5
551.5
1283.0
1954.5
1017.5
633.5
1876.0
68.0
68.0
1888.0
809.0
0
3810.5
458.0
3293.5
68.0
3026.0
68.0
1419.0
68.0
1126.0
68.0
2283.5
616.0
68.0
68.0
0
1220.5
1936.0
1190.0
68.0
627.5
1233.5
348.5
1403.5
68.0

1952.0
1799.0
1388.0
68.0
68.0
68.0
68.0
999.5
1038.0
68.0
1020.0
68.0
68.0
2460.0
68.0
153.5
911.5
803.0
68.0
719.0
533.5
68.0
68.0
1499.0
453.5
68.0
1460.0
458.0
2283.0
1884.0
2747.5
524.0
419.5
68.0
627.5
68.0
1016.5
332.0
1890.5
68.0
614.0
2247.0
68.0
738.5
1116.0
332.0
1225.0
828.5
647.0
68.0
619.0
68.0
458.0
3158.5
633.5
68.0
1052.5
438.5
438.5
0
899.5
163.0
2157.0
68.0
931.0
893.5
3282.0
702.5
68.0
1193.0
68.0
2985.0
1199.0
3717.5
68.0
352.0
3286.0
68.0
446.0
4165.0
2755.0
365.5
1650.5
646.0
7298.5
1948.0
633.5
348.5
68.0
893.5
332.0
551.5
348.5
511.0
2238.5
68.0
68.0
1912.5
458.0
68.0
438.5
4613.0
348.5
2672.5
68.0
631.0
257.0
4763.5
1039.0
1492.0
257.0
920.0
438.5
438.5
736.0
1582.0
1208.0
68.0
68.0
910.0
68.0
68.0
533.5
2471.5
1380.0
537.5
1295.5
4233.0
68.0
828.5
1036.0
1039.5
641.5
446.0
348.5
541.5
1030.0
68.0
68.0
68.0
458.0
1016.5
68.0
271.0
5219.0
68.0
443.5
68.0
1985.5
68.0

1010.5
0
627.5
68.0
722.5
925.0
68.0
2165.0
68.0
2060.0
2056.0
1524.0
427.0
68.0
962.0
755.5
438.5
68.0
68.0
0
0
68.0
68.0
365.5
2441.0
3798.0
2468.5
3549.5
5098.5
738.5

67.5
1016.5
1338.5
541.0
68.0
68.0
4956.0
533.5
3559.0
68.0
1405.5
68.0

2678.5
647.0
736.5
1033.5
755.5
795.0
68.0
2759.5
68.0
68.0
68.0
2181.5
68.0
68.0
458.0
3696.0
755.5
2089.0
68.0
1109.0
68.0
894.5
365.5
741.0
68.0
2174.5
856.0
629.5
68.0
6664.5
1997.5
761.0
68.0
2065.5
1955.0
2327.5
627.5
68.0
1595.5
68.0
848.0
68.0
1102.0
419.5
1408.5
1283.0
163.0
332.0
0
68.0
1128.5
348.5
68.0
3347.5
1707.5
68.0
153.5
163.0
2449.5
68.0
163.0
1022.5
933.5
68.0
68.0
419.5
554.5
68.0
3847.0
612.5
817.0
1362.0
68.0
458.0
1214.0
828.5
257.0
68.0
1430.0
68.0
68.0
1807.0
1132.5
163.0
3127.5
68.0
629.0
828.5
1083.5
925.0
2805.5
879.5
68.0
5079.0
5168.5
68.0
68.0
68.0
68.0
173.0
828.5
738.5
543.5
3669.0
257.0
646.0

173.0
68.0
2760.5
3567.0
1716.5
0
438.5
4519.5
68.0
68.0
438.5
68.0
2526.0
1234.5
999.5
68.0
68.0
365.5
3571.0
1126.0
271.0
1512.0
68.0
2050.5
2341.0
2207.0
68.0
1133.5
458.0
3596.0
68.0

1329.0
632.5
3156.5
68.0
2645.0
68.0
68.0
68.0
1456.0
1268.0
68.0
3386.0
2555.5
1607.0
1187.0
817.0
1097.0
952.0
153.5
68.0
271.0
1949.0
2475.5
922.0
1021.5
68.0
1594.0
68.0
68.0
68.0
836.0
1628.0
68.0
719.0
809.0
68.0
2532.5
338.5
563.0
1094.5
1003.0
3485.5
348.5
446.0
68.0
620.5
68.0
458.0
257.0
68.0
623.0
1242.0
257.0
68.0
163.0
1000.0
1128.5
2814.5
1724.0
1526.5
833.5
927.5
927.5
1394.5
68.0
68.0
1484.5
2642.5
738.5
2422.0
1387.0
257.0
1128.5
1668.5
538.5
4131.5
7223.0
1688.0
3509.5
3086.0
5789.0
257.0
4504.5
3655.0
941.5
68.0
68.0
828.5
633.5
68.0
4112.5
1019.0
1128.0
1109.0
541.0
524.0
2581.5
2447.5
931.5
2986.0
68.0
458.0
1012.0
1037.0
1874.0
68.0
68.0
756.0
356.5
1885.5
438.5
68.0
68.0
2836.5
68.0
68.0
68.0
68.0
2882.0
686.5
338.5
663.0
365.5

348.5
1019.5
633.5
458.0
914.0
635.0
1517.0
68.0
271.0
438.5
332.0
68.0
68.0
736.0
7151.5
1715.5
627.5
257.0
1616.0
68.0
2448.5
68.0
68.0
1199.0
68.0
68.0
257.0
818.0
348.5
647.0
1442.0
1139.0
2830.5
1225.0
1321.0
1616.5
68.0
1422.5
68.0
1503.5
2924.0
68.0
1006.5
365.5
1507.0
554.5
1497.0
1088.5
1950.5
3421.5
2750.5
2008.0
458.0
68.0
68.0
257.0
1024.0
68.0
68.0
730.0
68.0
541.0
1119.0
68.0
537.5
1115.5
633.5
627.5
1576.0
828.5
809.5
68.0
1210.0
257.0
1809.0
2928.0
68.0
738.5
68.0
1822.0
68.0
719.0
68.0
1948.0
1966.0
738.5
3028.0
1333.5
944.5
1784.5
68.0
5816.5
3122.5
68.0
1463.0
537.5
342.5
5124.0
163.0
348.5
68.0
641.5
68.0
68.0
458.0
2252.5
68.0
1721.0
68.0
1313.0
2380.5
1179.5
1525.0
738.5
271.0
68.0
2409.5
68.0
68.0
1556.0
348.5
68.0
1505.5
647.0
629.0
68.0
4893.5
1675.0
1109.0
553.0
163.0
524.0
1501.5
633.5
2536.0
68.0
68.0
521.0
814.0
68.0
1745.0
68.0
629.0
4283.5
740.5
1485.0
647.0
3493.0
731.5
1008.0
365.5
163.0
68.0
1775.0
628.5
2568.0
68.0
3051.0
68.0
646.5
1102.5
914.0
1327.5
937.5
2234.0
1400.5
551.5
68.0
537.5
828.5
960.5
1456.0
68.0
1666.0
348.5
3262.0
68.0
271.0
663.0
163.0
2436.5
0
553.0
332.0
998.0
57.5
68.0
1388.0
438.5
68.0
446.0
3997.0
271.0
68.0
68.0
2762.0
6445.0
2428.5
4182.5
1509.0
3768.0
1241.0
68.0
68.0
999.5
1126.0
1089.5
68.0
68.0
1112.0
1507.0
1670.5
68.0
1211.5
68.0
438.5
1447.5
1034.5
1975.5
1208.0
746.5
4012.0
68.0
332.0
648.0
68.0
68.0
2281.0
458.0
153.5
3039.5
68.0
68.0
4726.5
68.0
5414.5
2867.5
1268.0
724.5
4611.0
627.5
629.5
4324.5
68.0
438.5
68.0
647.0
629.5
541.0
916.0
68.0
2157.5
1036.0
1967.5
68.0
1196.5
629.0
3556.5
1681.0
3559.0
68.0
554.5
1863.5
1011.0
4677.0
68.0
1090.0
2932.0
3311.5
68.0
2908.5
348.5
1494.5
1004.0
1477.5
1758.5
348.5
1370.5
1813.5
4587.5
163.0
736.0
68.0
68.0
1414.5
3317.5
68.0
365.5
438.5
2194.5
348.5
257.0
543.5
961.0
2466.5
5457.5
1769.0
1460.0
68.0
68.0
68.0
1615.0
68.0
555.0
68.0
828.5
68.0
458.0
438.5
1126.5
537.5
832.0
68.0
68.0

1615.0
1946.5
641.5
68.0
1534.5
2977.5
1400.5
3219.0
836.5
1210.5
446.5
999.5
755.5
1128.5
624.0
1301.5
1912.5
68.0
1463.0
1463.0
3230.0
821.5
68.0
68.0
1776.0
629.0
920.5
1207.0
2057.5
3480.5
835.5
5073.0
348.5
2794.5
2065.0
533.5
68.0
1019.0
68.0
3600.5
1608.0
348.5
68.0
1014.0
68.0
458.0
68.0
68.0
1802.5
2149.5
2260.0
68.0
68.0
3046.0
68.0
365.5
839.0
458.0
1507.5
2380.0
5598.5
68.0
2188.5
348.5
7585.5
1179.5
257.0
438.5
998.0
68.0
828.5
1431.5
2399.0
446.5
537.5
641.5
68.0
2899.0
68.0
4491.5
438.5
0
546.0
2230.5
1684.5
641.5
1955.0
1222.5
629.0
257.0
646.0
1033.5
1016.5
828.5
1581.0
755.5
348.5
68.0
3913.5
0
153.5
68.0
3042.0
2036.5
458.0
3483.5
68.0
3763.5
257.0
443.5
1875.0
1893.5
68.0
446.0
3600.0
626.5
1493.5
719.0
1109.0
726.5
922.0
2282.5
554.5
438.5
4370.0
6343.5
524.0
1214.0
6689.5
365.5
633.5
647.0
1883.0
629.5
1391.5
1319.0
2684.0
521.0
68.0
537.5
1036.0
2386.0
929.0
68.0
2319.0
348.5
1109.0
487.5
3891.0
2741.0
919.0
910.0
3109.5
1684.0
1010.5
68.0

1529.0
68.0
163.0
5452.0
68.0
1496.5
4198.0
163.0
0
736.0
348.5
68.0
7224.5
1379.5
2451.0
68.0
2363.5
348.5
943.0
537.5
163.0
2946.0
804.5
1133.5
1208.0
537.5
736.5
68.0
1280.5
908.0
3027.5
153.5
1609.5
458.0
923.0
719.0
68.0
1089.5
163.0
929.0
68.0
1497.0
833.5
6208.0
3884.0
4441.0
960.5
537.5
537.5
1908.5
849.0
1025.0
1107.0
68.0
1002.5
257.0
348.5
68.0
2257.5
68.0
1097.0
68.0
2473.5
1407.5
836.0
1691.0
5359.0
614.0
1315.0
916.0
2825.5
1794.0
68.0
1242.5
68.0
1984.5
1614.5
809.0
1126.0
446.5
68.0
1376.5
1136.0
9062.5
68.0
2949.5
3409.0
1352.5
2667.5
2033.5
970.5
348.5
68.0
551.5
3229.5
926.5
2116.5
257.0
68.0
438.5
3713.0
1634.0
1019.5
908.5
2878.5
68.0
3617.0
68.0
537.5
68.0
68.0
348.5
2376.0
1010.5
365.5
68.0
2241.5
438.5
931.0
365.5
553.0
1900.0
1954.0
163.0
68.0
2342.5
514.5
1201.0
6247.5
1133.5
68.0
1576.0
68.0
1192.0
1892.0
68.0
828.5
1189.0
438.5
1214.0
2773.0
524.0
1174.0
68.0
4022.5
917.5
856.0
1669.0
257.0
744.0
2320.0
68.0
2464.5
914.0
614.0
3003.0
68.0
68.0
1224.0
1222.5
1761.5
736.0
68.0
1541.0
1672.0
5345.0
1208.0
438.5
1298.0
2599.0
1687.5
4696.0
1796.5
4021.5
4288.0
2839.0
365.5
68.0
1616.5
68.0
68.0
944.0
68.0
537.5
3234.5
458.0
852.0
647.0
68.0
2075.0
2791.0
68.0
2825.5
173.0
629.5
2341.0
438.5
1371.5
1502.0
1108.0
5487.5
5868.5
1791.0
809.0
2458.5
1479.5
828.5
3110.5
1175.0
257.0
1035.0
271.0
68.0
743.0
9095.0
68.0
458.0
4972.5
1471.0
647.0
348.5
1199.0
1222.0
1121.5
1523.5
736.0
163.0
5481.5
68.0
6300.0
1762.0
0
4563.0
2856.5
5413.5
631.0
601.0
68.0
1303.0
0
736.0
68.0
831.0
257.0
1199.0
663.0
1013.0
68.0
920.5
943.5
438.5
68.0
2457.0
1181.5
438.5
68.0
438.5
1985.5
969.0
68.0
553.0
68.0
271.0
1605.5
1780.5
646.0
6332.5
3713.0
647.0
68.0
365.5
3868.5
1867.0
543.5
4529.5
68.0
2576.0
930.0
1126.0
740.5
831.0
348.5
633.5
537.5
2344.5
4559.5
1322.5
2371.5
629.0
612.5
271.0
163.0
460.5
348.5
4676.5
68.0
3577.0
1565.0
347.5
623.0
68.0
2259.0
1490.0
348.5
5460.5
738.5
68.0
3003.0
3239.0
68.0
443.5
365.5
1678.5
68.0
68.0
1445.0
3777.0
1016.5
332.0
2257.0
1586.5
366.0
257.0
1486.5
2169.0
4666.5
3678.5
2661.0
629.0
991.5
738.5
2448.5
68.0
6327.5
438.5
1570.0
1090.0
4921.5
722.0
920.5
1574.5
2035.5
3649.5
68.0
68.0
1806.5
68.0
365.5
68.0
1105.0
1394.0
68.0
68.0
1741.0
627.5
690.0
68.0
68.0
458.0
427.0
541.0
3312.5
68.0
1972.0
3529.0
342.5
257.0
68.0
2159.0
738.5
68.0
3437.0
257.0
632.5
1096.0
1780.5
646.0
4931.5
3000.5
438.5
627.5
438.5
365.5
365.5
348.5
4504.0
1870.5
1286.5
914.0
2162.0
939.0
271.0
629.0
68.0
524.0
68.0
914.0
68.0
1406.5
2150.0
907.0
4572.0
4140.0
68.0
257.0
1481.0
68.0
925.0
629.0
3023.0
8681.0
2748.0
840.0
2099.0
1881.5
899.0
1970.5
2242.5
630.0
2252.0
68.0
5701.5
2863.0
453.5
755.5
163.0
68.0
68.0
663.0
641.5
68.0
68.0
1612.0
68.0

2727.5
1780.0
1759.0
841.0
2478.0
243.5
68.0
2214.5
257.0
2459.5
68.0
1892.5
3720.5
68.0
1406.5
1678.5
365.5
1511.5
443.5
1499.0
1482.0
1017.5
2785.5
68.0
627.5
521.0
3968.5
1381.0
646.0
2072.5
1039.5
627.5
927.5
541.0
835.0
163.0
68.0
1680.0
931.0
923.5
1393.0
1893.0
68.0
257.0
612.5
1344.0
271.0
5149.0
629.5
68.0
163.0
2436.0
2062.0
2317.0
1143.5
68.0
3108.5
3481.0
1496.5
5046.0
2595.5
1107.0
458.0
1088.0
68.0
68.0
1218.5
627.5
1912.5
1025.5
1410.5
348.5
1893.0
649.0
1878.0
1405.5
535.0
3106.5
438.5
68.0
7622.0
163.0
3323.5
1242.0
736.0
537.5
68.0
1046.0
2420.5
1390.0
68.0
365.5
68.0
3563.0
434.0
68.0
4054.5
68.0
7317.0
68.0
257.0
448.0
153.5
1031.5
68.0
68.0
2289.5
68.0
3386.5
2466.5
1205.0
1460.0
68.0
831.5
1111.0
1515.5
1199.5
2360.0
1428.0
68.0
348.5
438.5
3994.5
2956.5
1018.0
2268.0
68.0
2506.0
1781.5
2318.5
1879.0
68.0
3716.5
1026.0
68.0
906.0
1016.5
3418.0
68.0
1526.0
828.5
551.5
2481.5
941.5
68.0
68.0
2405.5
3487.5
926.5
257.0
1613.5
257.0
2458.5
3226.5
68.0
68.0
1225.0
935.5
68.0
2080.0
1819.5
2482.0
1704.0
629.0
3325.5
1597.5
68.0
68.0
3676.0
68.0
524.0
68.0
641.5
1124.0
1540.0
642.5
68.0
629.0
1587.5
939.0
1789.5
2815.0
68.0
332.0
4215.5
8739.5
647.0
1960.0
3262.5
629.0
1775.5
68.0
629.0
68.0
1373.0
68.0
68.0
1757.5
68.0
1638.0
163.0
68.0
3417.5
68.0
68.0
541.0
614.0
4889.0
68.0
1126.0
1238.0
6976.0
257.0
2339.0
68.0
257.0
818.0
3335.0
1830.0
554.5
1128.5
620.5
922.0
1242.0
1222.5
1333.5
68.0
68.0
942.5
2039.0
3036.5
163.0
451.0
627.5
2731.0
3086.0
848.0
2760.0
1389.5
0
2717.5
68.0
1849.5
911.0
348.5
68.0
4028.0
568.5
1216.0
1113.0
458.0
68.0
999.5
3814.5
4645.0
1703.5
2623.5
1119.0
627.5
2467.0
849.0
1980.0
856.0
554.5
0
10395.0
68.0
3213.0
911.5
257.0
68.0
925.0
738.5
1601.5
1576.0
2680.5
458.0
2694.0
6403.0
1770.5
68.0
6274.5
68.0
68.0

243.5
646.0
68.0
68.0
455.5
663.0
534.5
1036.0
908.0
68.0
68.0
627.5
1795.5
438.5
68.0
68.0
3007.0
629.0
3176.5
68.0
68.0
7344.5
4561.0
1990.5
1279.0
68.0
504.5
838.5
2250.5
1589.0
6826.0
1406.0
1210.5
348.5
5441.0
2140.0
1109.0
1319.0
68.0
1402.5
68.0
2320.0
4737.5
460.0
352.0
1020.0
533.5
4091.5
1778.0
1809.0
4903.5
647.0
1010.5
153.5
1024.5
163.0
2755.5
2296.5
68.0
543.5
1329.0
243.5
1129.0
1781.5
0
1392.5
348.5
1225.0
1145.5
1460.5
163.0
4497.0
521.0
629.0
7264.0
1316.5
612.5
1679.0
1492.0
68.0
68.0
1412.0
2849.5
68.0
4124.0
1036.0
68.0
5112.5
0
1805.0
752.0
271.0
458.0
1223.5
2213.0
348.5
1387.0
68.0
816.5
1121.5
647.0

0
943.5
68.0
4196.0
0
365.5
738.5
1982.5
68.0
68.0
1971.5
524.0
740.5
2750.5
4055.5
68.0
944.5
535.0
68.0
942.5
5412.0
2076.5
833.5
1794.5
163.0
3326.5
524.0
3236.5
68.0
1016.5
1280.5
1029.0
2564.0
1640.0
248.5
9000.0
2951.0
646.0
2339.5
1397.0
68.0
3225.0
3049.0
458.0
438.5
348.5
1973.0
2394.5
543.5
438.5
626.5
629.0
438.5
2350.0
4950.0
1010.5
2770.0
68.0
1195.5
2390.0
736.0
163.0
3294.0
1485.0
2839.5
1992.5
809.0
7624.0
3151.0
1310.5
1110.0
1018.0
438.5
163.0
458.0
1833.5
901.0
5145.0
1568.0
722.0
999.5
2675.5
163.0
68.0
1499.0
1487.0
243.5
2342.0
68.0
68.0
626.5
4182.5
2079.5
365.5
2271.5
647.0
68.0
1980.0
3807.0
68.0
2448.5
1617.5
1221.5
257.0
348.5
68.0
614.0
163.0
2763.0
2837.0
2338.0
1017.5
68.0
2606.0
68.0
1693.5
6415.0
8145.0
68.0
627.5
1000.0
348.5
68.0
2266.0
2302.0
2100.0
1777.0
6990.0
632.5
4523.0
3575.5
68.0
68.0
1109.0
3150.5
1109.0
68.0
4381.0
68.0
438.5
1315.0
738.5
736.0
2176.0
68.0
68.0
365.5
534.5
1033.5
1721.0
3924.0
1796.5
736.0
8926.5
722.0
516.0
1300.5
0
68.0
623.0
805.0
2482.0
68.0
68.0
68.0
68.0
1974.5
348.5
1890.0
730.0
257.0
999.5
1882.5
2056.0
1586.5
936.0
614.0
1888.0
68.0
68.0
3979.5
3204.0
719.0
1142.5
1409.0
1420.0
68.0
521.0
1614.0
68.0
348.5
3959.5
1503.0
1413.0
1033.5
543.5
699.5
0
163.0
68.0
1526.5
68.0
1474.0
1402.5
163.0
2392.5
2004.5
2746.5
1427.0
68.0
0
3591.5
68.0
1736.5
68.0
1020.0
2632.5
68.0
68.0
1590.0
438.5
736.0
1192.0
68.0
271.0
632.5
68.0
1053.0
4535.5
2221.5
2895.5
1020.0
68.0
68.0
646.0
163.0
365.5
944.0
432.5
2900.5
68.0
1496.5
68.0
1252.5
68.0
543.5
1319.5
68.0
620.5
736.0
2673.0
1801.0
163.0
6322.5
1228.5
2193.5
438.5
68.0
918.0
2073.5
68.0
2655.5
2356.0
5967.5
5934.0
1226.0
2322.5
7146.0
348.5
7110.0
438.5
68.0
3930.0
68.0
68.0
4531.0
458.0
1128.0
68.0
1235.0
648.0
1126.0
998.0
2059.5
2058.5
68.0
68.0
2287.0
4433.5
528.5
1109.5
7711.5
926.5
68.0
1377.5
68.0
68.0
1126.0
4095.5
2371.0
1989.5
4462.0
2238.5
1132.5
2574.0
5197.5
1329.5
68.0
541.0
533.5
365.5
68.0
68.0
2795.5
541.0
636.0
458.0
3928.5
68.0
1004.0
647.0
1119.5
1109.0
3581.0
438.5
68.0
2469.5
1563.5
7935.5
1392.0
173.0
6599.5
600.5
738.5
0
629.0
446.5
68.0
2686.0
68.0
646.0
1980.5
4082.5
1962.5
554.5
1397.0
348.5
521.0
647.0
1312.0
1801.0
68.0
5054.0
458.0
2122.0
1742.0
3137.5
68.0
2595.0
1593.0
727.0
4453.5
6881.5
68.0
68.0
2674.5
3671.5
163.0
741.0
1577.5
1031.5
68.0
1212.5
1895.5
1727.5
1877.0
68.0
2363.5
1970.0
5388.5
2229.5
438.5
944.0
3186.0
914.0
1820.5
1495.0
1010.5
438.5
3165.0
1051.0
1521.5
2067.0
521.0
755.5
847.0
438.5
2285.5
68.0
348.5
68.0
1017.0
68.0
543.5
1099.0
1628.0
68.0
755.5
68.0
68.0
1436.5
2001.5
68.0
3887.0
609.5
6785.0
2341.5
1883.5
835.0
1718.5
4580.0
438.5
6490.5
623.0
438.5
68.0
68.0
738.5
257.0
553.0
68.0
4671.5
68.0
2025.0
1907.5
68.0
5782.0
4945.5
68.0
163.0
2836.0
68.0
755.5
1211.5
2749.0
1690.0
1213.0
632.5
68.0
1479.5
68.0
68.0
2388.5
348.5
1224.0
40.5
1097.0
257.0
2024.0
2338.0
2229.5
438.5
2257.5
1006.5
271.0
348.5
1194.5
1125.0
1499.0
458.0
1002.5
2344.0
456.0
4648.0
1895.5
537.5
629.5
736.0
926.5
6643.0
2353.0
4262.5
1100.0
4047.0
2746.5
68.0
3880.5
3946.0
348.5
537.5
1868.5
68.0
507.5
1103.0
609.5
1683.0
537.5
68.0
1426.0
1886.0
4603.0
458.0
534.5
1487.0
2465.0
153.5
1889.5
1492.0
68.0
68.0
5719.0
68.0
2321.0
68.0
6284.0
3512.0
521.0
1597.5
2431.0
366.0
458.0
1423.0
1860.5
68.0
841.0
365.5
2668.5
4615.0
852.0
68.0
68.0
1244.0
633.5
1608.5
2677.5
1406.5
1588.5
1218.5
2673.5
646.0
68.0
68.0
68.0
2499.5
1370.0
68.0
163.0
68.0
460.5
5483.5
68.0
3706.0
4439.0
1039.0
68.0
620.5
1038.5
153.5
2940.0
541.0
68.0
3715.0
356.5
797.5
4200.0
68.0
2760.0
1482.5
533.5
68.0
1771.0
3708.0
1963.0
348.5
4270.0
632.5
438.5
6073.0
1469.0
2252.0
1431.0
2378.0
2538.0
68.0
629.0
7627.5
1690.5
1119.0
352.0
614.0
2910.5
555.0
68.0
9238.0
5249.5
3136.0
458.0
68.0
2426.0
68.0
12576.0
1504.5
1097.5
5208.5
68.0
68.0
554.5
1053.5
2357.0
68.0
348.5
68.0
3985.0
1982.5
936.5
1126.0
1493.0
4466.5
1476.0
1036.0
68.0
7073.0
1614.0
68.0
4751.5
835.0
68.0
736.0
68.0
77.5
2355.0
641.5
81.5
163.0
68.0
1926.0
524.0
1813.5
68.0
68.0
1204.0
1128.5
68.0
68.0

2265.0
163.0
926.5
538.5
68.0
68.0
68.0
911.5
68.0
68.0
1038.5
1869.5
2841.0
1589.0
944.5
68.0
524.0
1422.5
2718.5
1794.5
163.0
1685.5
1243.5
2772.5
1430.5
68.0
3410.0
68.0
1089.5
999.5
68.0
535.0
2824.0
3133.5
1104.5
5309.0
438.5
2799.5
1010.0
458.0
3046.0
893.0
257.0
1036.0
1114.0
543.5
68.0
556.5
1191.5
1554.0
2739.0
1902.0
942.5
828.5
521.0
68.0
1015.0
68.0
5656.0
3117.0
1410.0
68.0
1967.0
1981.0
68.0
68.0
1019.5
68.0
68.0
4795.5
828.5
2325.5
68.0
619.0
734.5
68.0
68.0
68.0
2720.5
68.0
524.0
68.0
2841.5
7617.5
1017.5
638.5
163.0
486.5
5559.5
4268.0
68.0
3529.0
68.0
68.0
947.5
1878.0
2508.5
1123.5
68.0
856.0
6363.0
446.0
2385.5
1813.5
759.0
956.0
1214.5
10601.5
68.0
1092.5
3424.0
458.0
1406.0
537.5
629.5
1705.0
6850.0
554.5
68.0
438.5
153.5
2478.0
68.0
727.0
2280.5
443.5
258.0
1783.0
593.0
1020.0
5431.5
153.5
537.5
68.0
1238.0
2123.5
68.0
68.0
1983.0
614.0
3134.5
943.5
1760.5
3136.5
173.0
1028.5
68.0
68.0
1612.5
2278.5
438.5
2069.5
923.5
925.5
2619.0
821.5
68.0
1409.5
1612.0
458.0
68.0
1319.0
2362.0
77.5
365.5
702.5
1413.5
68.0
6404.0
68.0
2393.5
623.0
1227.5
939.0
3530.0
1278.5
9130.0
1013.0
0
243.5
1871.0
641.5
68.0
68.0
3149.5
743.5
68.0
2074.5
2728.0
1188.5
2668.5
4218.5
438.5
646.0
68.0
916.5
1472.5
68.0
2914.0
1887.0
629.0
68.0
533.5
4783.0
434.0
365.5
68.0
1000.5
3540.5
1884.0
828.5
1194.5
1807.5
438.5
163.0
68.0
629.0
3319.5
626.5
848.0
821.5
535.0
1223.0
1717.0
68.0
438.5
348.5
68.0
458.0
3225.0
2498.5
1394.0
524.0
1242.0
68.0
3264.5
2421.0
4530.5
3293.5
2741.0
68.0
1136.5
68.0
1821.0
68.0
3020.5
2083.5
1390.0
927.5
3022.0
629.5
1188.5
1887.5
68.0
68.0
1685.0
537.5
3108.5
1801.0
1483.0
458.0
68.0
68.0
458.0
1265.0
1111.0
726.5
438.5

332.0
3750.0
68.0
68.0
757.5
245.0
3285.0
68.0
9927.0
0
524.0
3669.5
4270.0
0
68.0
3473.5
1796.5
68.0
163.0
1777.5
2218.5
432.5
1406.0
2089.0
68.0
911.0
3929.0
646.0
1753.0
1499.0
68.0
68.0
68.0
1216.0
68.0
1930.0
68.0
617.5
1394.0
68.0
0
1131.0
1820.0
257.0
4535.0
68.0
68.0
614.0
68.0
68.0
1614.0
2761.0
752.0
1700.5
1093.0
68.0
4970.0
1126.0
3876.5
1056.0
2162.5
1927.5
1336.0
332.0
453.5
3164.0
257.0
551.5
3484.0
3612.0
713.0
4091.5
68.0
718.0
257.0
3184.0
257.0
2358.5
1128.5
2355.0
738.5
2944.5
927.5
1877.0
5144.0
2263.5
4470.0
3597.5
1038.5
458.0
1245.0
68.0
719.0
927.5
1111.5
1010.5
1208.0
443.5
2929.0
554.5
5833.5
1475.0
1105.5
5363.0
2022.0
526.0
68.0
1406.5
365.5
2310.0
163.0
1614.5
1207.0
3263.5
1027.5
348.5
1550.5
1126.0
68.0
6552.5
4827.5
4126.5
3391.0
4040.5
7379.5
1739.0
2374.0
68.0
68.0
68.0
736.0
929.0
68.0
524.0
1003.0
3199.5
4863.0
1712.5
68.0
609.5
2083.5
68.0
68.0
1010.5
2002.0
1875.0
4614.0
1288.0
554.5
646.0
3589.0
5505.5
2763.0
68.0
365.5
953.5
1881.5
2541.0
6319.0
68.0
533.5
554.5
68.0
1693.5
911.5
434.0
163.0
0
68.0
68.0
2248.5
2390.5
1033.5
744.0
1876.5
1914.0
534.5
68.0
2713.5
68.0
257.0
1017.5
458.0
68.0
3001.0
68.0
2720.5
458.0
68.0
3144.0
163.0
956.5
1699.0
4700.0
646.0
2362.0
5550.5
1870.0
365.5
906.0
818.0
1259.0
1404.0
3684.5
68.0
6365.0
6059.5
68.0
1490.5
153.5
1033.5
348.5
506.0
3537.5
3412.0
3891.5
2344.0
554.5
537.5
348.5
2495.0
365.5
68.0
1505.5
1019.0
1962.5
2462.5
2991.0
4696.5
2245.5
541.0
1368.5
1556.5
5088.5
1096.0
5198.5
1658.5
4021.0
68.0
1611.5
5487.5
1112.0
68.0
524.0
68.0
8405.5
4546.5
68.0
68.0
257.0
2234.0
438.5
1402.0
1017.5
5332.0
348.5
3872.5
5463.0
1675.0
541.0
1792.5
5326.0
68.0
68.0
68.0
1512.5
2247.0
352.0
719.0
2098.0
1777.0
1794.0
3357.5
68.0
163.0
257.0
3218.0
443.5
1418.5
2190.5
446.0
2226.0
1699.5
1408.0
68.0
736.0
520.5
893.0
5606.5
438.5
524.0
4953.5
153.5
943.5
4870.5
2233.5
1164.0
2531.5
68.0
646.0
2370.0
2675.5
1936.5
68.0
914.0
646.0
3621.5
68.0
257.0
722.0
68.0
1549.0
348.5
68.0
68.0
3117.5
1972.5
257.0
68.0
2431.5
2779.0
1096.5
458.0
2008.5
835.0
4003.0
68.0
68.0
719.0
2113.5
2621.5
1175.0
163.0
623.0
5726.0
3224.5
68.0
1021.0
68.0
68.0
458.0
68.0
68.0
608.5
2699.5
2365.0
458.0
1409.0
458.0
524.5
4444.5
738.5
616.0
7912.0
2748.5
4031.0
1795.5
1287.5
4540.5
8767.5
163.0
2802.5
1828.0
612.5
2350.5
3008.0
2773.0
2364.0
2277.0
1111.0
1565.0
537.5
1298.5
1514.0
1820.5
5540.5
68.0
68.0
1316.5
3594.5
4708.5
936.5
7132.5
68.0
68.0
4948.5
2666.5
443.5
1612.5
5667.0
5198.5
460.5
824.5
541.0
68.0
6100.0
68.0
348.5
2815.5
153.5
943.5
1110.5
3599.0
1036.0
2750.0
438.5
2050.0
1614.0
68.0
598.5
1497.0
2356.5
68.0
458.0
68.0
1132.5
609.5
4165.0
68.0
163.0
5212.0
438.5
1594.0
1955.5
68.0
68.0
551.5
2566.0
929.0
755.5
443.5
68.0
1128.5
163.0
1123.5
2358.0
68.0
2733.0
937.0
365.5
5442.5
68.0
68.0
2716.0
939.0
68.0
1516.0
13049.5
3595.0
1719.0
1128.5
554.5
629.0
2116.0
1001.5
68.0
2737.0
719.0
163.0
1713.0
1968.5
2684.5
1689.5
68.0
5883.5
10140.0
641.5
738.5
68.0
1370.5
629.5
1102.0
257.0
1120.0
3976.5
68.0
438.5
1981.5
68.0
68.0
646.0
3721.5
4149.0
458.0
1759.0
909.5
348.5
68.0
1218.5
7782.0
68.0
68.0
153.5
4165.0
1616.5
2807.5
3301.0
68.0
153.5
1033.5
2373.5
702.5
3491.5
68.0
68.0
2169.0
471.5
841.0
68.0
3213.0
661.0
4829.5
2747.0
632.5
1300.5
1899.5
1550.5
352.0
5882.5
876.0
271.0
1301.5
3211.0
3785.5
3304.0
1128.5
68.0
6829.5
629.0
3145.5
1777.0
68.0
848.0
1509.0
257.0
14249.5
163.0
1365.5
348.5
4140.0
271.0
828.5
348.5
5312.5
6217.0
2246.5
891.5
1053.0
647.0
5505.5
1709.0
68.0
910.0
2553.0
2717.0
1499.0
68.0
68.0
68.0
2874.0
427.0
68.0
646.0
551.5
0
927.0
68.0
68.0
1126.0
1017.0
2811.0
2582.0
1687.5
3039.0
68.0
932.5
6700.5
1495.5
1022.5
1126.0
68.0
1636.5
4659.0
434.0
5019.0
744.0
3295.5
2100.5
1315.0
5461.0
1010.5
930.5
1623.0
2763.0
2986.0
9126.0
2072.5
6319.0
365.5
1030.0
1133.5
68.0
443.5
2411.5
5848.0
3682.5
3210.5
2439.5
68.0
4083.0
5472.0
724.5
68.0
68.0
629.0
257.0
0
1423.5
719.0
365.5
4129.0
5489.0
1785.5
2929.5
753.5
2350.5
68.0
2950.0
2648.5
632.5
68.0
2643.5
2720.5
3582.5
1902.0
1406.5
2950.0
68.0
1486.0
736.0
2338.0
163.0
1973.0
68.0
1102.0
614.0
732.5
2122.0
68.0
68.0
68.0
4633.0
271.0
1578.5
68.0
2170.5
1017.5
257.0
3733.0
68.0
68.0
2815.0
0
524.0
1678.5
1109.0
636.0
1033.5
68.0
2812.5
622.5
2367.5
1887.0
68.0
68.0
458.0
8500.5
1771.0
3630.5
1903.5
5268.5
4043.5
68.0
553.0
68.0
68.0
633.5
3122.5
365.5
1219.5
68.0
1205.5
68.0
68.0
3387.5
554.5
2166.0
1106.5
2302.0
3211.5
0
554.5
6651.5
1314.0
68.0
3978.0
68.0
1500.0
1402.0
1806.5
647.0
1990.5
3312.0
1390.0
612.5
257.0
930.0
163.0
68.0
2272.5
1194.5
68.0
1431.0
438.5
0
6285.0
68.0
1070.5
4023.0
1777.0
163.0
1531.0
2046.5
1487.5
722.5
11649.5
4952.5
1126.0
1743.0
661.0
438.5
2747.0
1602.5
68.0
498.5
68.0
3992.0
1126.0
809.5
8452.0
1850.5
1850.5
68.0
524.0
1574.5
1760.0
736.0
3189.5
3339.5
68.0
727.0
2396.5
647.0
460.5
1807.5
2569.5
0
7455.0
1517.0
4165.5
554.5
1308.0
925.0
6628.0
3561.5
1770.0
68.0
0
271.0
541.0
6350.5
68.0
554.5
554.5
68.0
6129.5
4398.5
6743.0
68.0
443.5
1583.0
2280.0
356.5
68.0
68.0
257.0
533.5
68.0
68.0
1921.0
163.0
1467.0
8270.0
1950.5
68.0
7192.5
719.0
68.0
257.0
2537.5
943.5
1044.0
541.0
897.5
68.0
524.0
68.0
7990.5
68.0
68.0
3158.5
2653.5
4996.5
68.0
68.0
2906.5
3468.5
68.0
68.0
4508.0
1691.5
1532.5
2068.5
829.5
2357.0
832.0
568.5

2726.5
627.5
1017.5
3377.5
2043.0
2837.5
1590.0
5739.5
68.0
163.0
68.0
1602.5
3068.5
5550.0
1479.5
68.0

1653.5
1578.0
537.5
1387.0
1775.0
458.0
438.5
68.0
1960.0
257.0
1570.5
438.5
458.0
68.0
1988.0
68.0
543.5
68.0
6796.5
736.0
3864.0
3706.0
1686.0
348.5
68.0
1021.5
1427.0
1496.5
4243.0
1489.5
0
1794.5
3663.0
68.0
4158.0
736.0
1382.5
68.0
3604.0
163.0
4462.0
2690.5
1790.5
3688.0
1465.0
537.5
554.5
1623.0
2872.0
68.0
68.0
2270.5
257.0
4099.5
432.5

68.0
6497.0
1033.5
1797.5
438.5
1432.0
614.0
68.0
929.5
5553.5
348.5
739.5
365.5

927.5
1635.0
68.0
68.0
555.5
946.5
2758.5
460.5
68.0

2132.0
1818.0
1382.5
543.5
438.5
68.0
68.0
741.0
1966.0
6919.5
5836.5
646.0
1708.5
614.0
4915.5
1335.5
738.5
68.0
3158.0
722.0
4151.5
1019.0
2553.0
153.5
614.0
1347.5
68.0
1225.0
925.0
818.5
2921.5
68.0
243.5
0
68.0
3678.5
68.0
1377.5
5024.5
4894.5
1565.0
1025.0
647.0
4262.0
4900.5
1952.5
1188.5
5713.0
68.0
828.5
6466.0
68.0
2338.0
538.5
2431.0
815.5
1205.5
257.0
1359.5
348.5
1340.5
5063.5
537.0
927.0
5609.0
2922.5
2283.5
1596.0
738.5
1036.5
68.0
6381.5
5430.0
554.5
627.5
4621.5
442.0
68.0
852.0
6391.0
1128.0
2198.0
2692.5
4632.5
1426.0
68.0
3429.0
446.0
68.0
2455.5
538.5
2524.5
2427.0
646.0
2271.5
348.5
647.0
68.0
7626.0
5039.0
941.5
2835.0
2645.0
2745.0
68.0
438.5
68.0
438.5
1855.0
1410.0
541.0
629.0
1582.0
1206.5
257.0
1519.5
2860.0
602.5
1502.5
419.0
68.0
908.0
2817.5
1111.0
4537.0
68.0
438.5
5814.5
1299.5
2369.0
1912.5
541.0
1192.0
68.0
1208.0
2819.0
5574.0
2526.0
458.0
8213.0
5525.0
1046.5
1018.5
68.0
4124.5
533.5
2533.0
926.5
2450.5
1508.5
68.0
612.5
0
3545.0
243.5
438.5
533.5
3209.0
68.0
2764.0
163.0
163.0
1051.0
458.0
7690.5
828.5
1218.5
543.5
3888.5
1576.5
1613.0
2608.0
4887.5
533.5
68.0
343.5
5715.5
1109.0
1672.0
3548.0
2763.5
3810.5
68.0
68.0
1021.0
9535.0
828.5
365.5
2489.5
2484.5
809.0
3630.0
2740.5
10998.0
163.0
1361.0
1106.5
1299.0
2406.5
68.0
5961.5
438.5
2922.0
1014.5
2093.5
2145.0
68.0
7070.5
4150.5
537.5
528.0
2556.5
1038.5
3983.5
629.0
930.0
68.0
543.5
2250.0
1010.0
5970.5
2895.0
8615.0
3848.5
5598.5
4240.0
2681.5
5389.0
1053.0
1681.5
1879.0
68.0
1128.5
365.5
537.5
619.0
612.5
4194.5
2337.0
543.5
68.0
271.0
68.0
438.5
849.0
68.0
522.5
534.5
1016.5
6331.5
0
68.0
4098.5
5440.0
4314.5
2843.0
2077.0
68.0
7419.5
929.0
5438.5
2582.0
629.5
958.5
2852.5
646.0
348.5
68.0
5922.0
4714.5
163.0
348.5
68.0
68.0
477.0
2379.5
68.0
68.0
458.0
1120.0
524.0
348.5
629.0
1112.5
3707.0
68.0
68.0
438.5
1119.0
5950.5
842.5
916.5
438.5
68.0
163.0
537.5
755.5
8569.0
3115.5
68.0
68.0
529.0
3953.0
2319.5
2238.5
68.0
68.0
68.0
2332.5
1509.5
5464.5
1113.0
7245.5
3879.5
68.0
4655.0
68.0
1024.5
365.5
0
524.0
835.0
5101.0
257.0
1222.0
1201.0
852.0
1109.0
458.0
661.0
257.0
2447.5
1914.0
458.0
848.0
68.0
2277.5
3052.0
0
663.5
4867.0
738.5
2097.0
68.0
68.0
2253.0
1463.0
4655.0
1213.0
6424.0
2903.0
68.0
1676.5
3146.0
996.5
68.0
12397.0
1010.5
623.0
3308.5
5086.0
2624.5
1582.0
1119.0
2894.5
1033.5
1100.0
1128.5
738.5
68.0
5361.0
2564.5
447.0
2129.0
438.5
7206.0
2256.5
7827.0
68.0
1777.0
258.0
7678.5
1092.5
0
1119.5
1100.5
746.5
348.5
2223.5
1263.5
2189.5
2681.5
7673.5
68.0
3555.0
629.0
68.0
1327.5
771.0
2458.5
68.0
849.0
919.0
2943.0
68.0
68.0
1115.5
438.5
1586.5
623.0
541.0
927.5
629.0
243.5
627.5
68.0
1392.0
5587.5
68.0
68.0
2351.0
2073.5
900.0
1023.5
2560.0
3491.5
1121.5
68.0
533.5
68.0
5868.0
5929.5
2215.5
68.0
68.0
623.0
68.0
348.5
68.0
3414.0
1224.0
2854.5
1146.0
646.0
1109.0
1016.5
2789.0
2865.0
3214.5
68.0
629.0
2454.0
944.5
1865.0
2006.0
348.5
2236.5
3597.0
1594.5
901.5
68.0
533.5
2345.5
5093.5
521.0
4801.5
457.0
365.5
348.5
68.0
1565.0
4134.5
1224.0
0
1429.0
8091.5
68.0
614.0
521.0
537.5
2014.0
1010.5
612.5
5387.5
554.5
356.5
68.0
68.0
68.0
3657.5
2158.5
458.0
68.0
3592.0
173.0
925.0
5431.5
2329.5
68.0
8865.5
5886.0
5264.0
923.5
4438.5
534.5
68.0
257.0
925.0
719.0
5083.5
5125.5
1902.5
1003.0
524.0
365.5
1684.0
1017.5
812.0
1505.5
348.5
1124.0
3013.0
68.0
68.0
348.5
1394.0
68.0
1109.0
1796.5
257.0
738.5
68.0
348.5
153.5
12614.0
891.5
153.5
803.0
458.0
68.0
68.0
8567.5
1413.0
3612.5
4553.5
438.5
3447.0
68.0
434.0
68.0
1392.5
458.0
68.0
77.5
1164.0
458.0
1280.5
68.0
4222.5
2811.0
4594.5
1869.5
930.0
1297.0
4449.0
1584.0
4107.0
3538.0
4918.5
1151.5
7327.0
910.0
0
2488.0
1031.5
1506.0
1312.0
68.0
2841.0
173.0
1349.0
10031.5
533.5
2780.0
438.5
743.5
2189.5
1009.0
755.5
1509.0
68.0
646.0
1879.5
2237.5
1903.5
543.5
3182.5
3590.5
612.5
4208.5
4541.5
68.0
2076.0
68.0
1382.5
2355.5
724.0
3510.5
6097.0
836.0
68.0
4516.5
943.5
1004.5
2267.5
5222.0
646.0
438.5
3243.0
348.5
68.0
68.0
455.5
1576.0
1033.5
1603.0
6871.5
68.0
0
533.5
4549.0
635.0
5032.0
68.0
3334.5
365.5
458.0
1054.0
2724.0
614.0
1343.0
738.5
647.0
163.0
524.0
646.0
736.0
3699.5
3375.5
68.0
5926.0
68.0
438.5
1484.5
1871.5
7206.5
1109.0
1428.0
1927.0
438.5
68.0
2351.0
4929.5
632.5
3167.0
68.0
1706.5
348.5
68.0
1486.0
2674.5
68.0
7281.5
896.5
2437.5
2923.5
3489.0
1983.0
4857.0
538.5
443.5
1740.5
68.0
68.0
68.0
459.5
68.0
2324.0
1220.5
1387.0
68.0
1486.5
348.5
2742.5
2919.5
3329.0
2806.5
4866.0
2153.0
68.0
1972.0
173.0
4596.0
3208.0
4717.0
2391.5
4076.0
2986.0
1136.0
68.0
68.0
68.0
68.0
68.0
1592.5
68.0
2325.5
0
68.0
629.0
4797.0
257.0
3581.5
68.0
1859.5
68.0
68.0
6908.5
3897.0
1505.5
1686.0
68.0
68.0
2956.0
935.0
2118.5
1329.0
2846.5
6436.0
3894.5
2829.0
1700.0
7734.5
1180.0
8092.5
646.0
163.0
1030.0
348.5
2465.0
1053.5
2990.0
1835.0
631.0
68.0
4410.0
4496.5
947.5
1033.5
1106.5
2872.0
68.0
1595.5
243.5
3632.5
3591.5
629.0
68.0
1496.5
2374.5
271.0
1931.0
5326.5
3604.5
3572.5
68.0
1426.0
1338.5
933.5
3471.0
1507.0
3024.0
2318.0
1101.5
3563.5
2988.0
5958.0
1316.0
68.0
163.0
6971.0
1521.5
927.5
3158.0
348.5
2362.5
1038.5
257.0
271.0
1319.5
5675.0
543.5
713.0
3878.5
1511.5
257.0
3391.5
0
6881.5
2158.0
4266.5
10848.0
2750.0
68.0
68.0
1804.5
68.0
5783.5
68.0
163.0
3864.5
919.5
0
1983.5
1136.5
2030.0
438.5
68.0
629.0
2912.0
818.5
533.5
646.0
1633.5
629.0
1035.0
1917.5
3252.5
10216.5
7103.0
1098.5
68.0
68.0
2048.5
623.0
1015.0
1891.5
5090.0
68.0
1016.5
4469.5
612.5
68.0
5176.5
719.0
1322.0
2336.5
524.0
1030.0
16646.0
5467.5
1472.5
999.5
1327.0
5191.0
163.0
1496.5
1221.0
4926.5
68.0
1505.0
163.0
807.5
563.0
1012.5
68.0
68.0
2904.5
2693.5
6319.5
2304.5
1804.0
1985.5
2254.5
647.0
68.0
736.0
927.5
11998.0
529.0
68.0
6094.0
4895.5
257.0
4944.5
926.5
458.0
646.0
1892.0
0
627.5
3749.5
3551.5
4885.0
1007.0
2690.0
1082.5
2682.5
2550.0
2441.0
629.0
68.0
1874.0
1034.0
2341.0
4473.5
1628.5
8.0
2936.0
835.0
68.0

1109.0
1106.5
3560.5
7116.5
5360.5
68.0
1606.0
68.0
438.5
1322.5
4926.5
1003.0
962.0
4829.5
68.0
2630.5
1126.0
641.5
1588.5
1345.5
629.0
4388.0
10243.5
9542.0
2500.5
2966.5
4155.5
2448.5
3889.5
68.0
4081.5
3784.5
1489.5
1633.0
2338.0
1785.0
1968.5
438.5
2319.5
6028.5
5313.5
4736.5
1974.0
5406.0
1115.5
3765.5
2665.5
4551.0
68.0
753.5
3019.0
68.0
68.0
458.0
68.0
6006.0
243.5
1614.0
68.0
3143.0
7845.0
1693.5
1287.0
1796.5
6078.5
2090.5
2679.0
1706.5
2146.0
2406.5
1321.0
68.0
3561.5
2546.5
1003.0
5034.5
4551.5
736.0
2626.0
1502.0
1116.0
243.5
1870.5
646.0
2176.5
719.0
1019.0
365.5
68.0
1520.5
68.0
719.0
2748.5
1143.5
1577.5
446.0
526.0
348.5
68.0
1601.5
3629.0
68.0
68.0
908.0
2583.5
1480.0
446.0
434.0
11113.5
163.0
438.5
443.5
2168.0
930.0
1416.5
68.0
1417.0
68.0
3847.5
600.5
926.5
551.5
1801.0
551.5
8893.0
6019.5
1876.5
5179.5
6953.0
613.5
554.5
3091.0
1316.5
1518.5
11793.5
68.0
68.0
3132.5
1292.5
438.5
1570.0
68.0
10330.0
1630.0
68.0
1593.5
10363.0
2929.5
68.0
755.5
11647.5
365.5
2659.0
814.0
1109.0
3562.5
68.0
68.0
2374.5
5384.5
738.5
0
68.0
537.5
2276.5
1120.0
2996.5
943.5
1718.0
68.0
438.5
68.0
68.0
455.0
332.0
647.0
3324.0
2057.0
68.0
2537.0
1504.5
5468.5
1092.5
68.0
2689.5
4220.5
243.5
2493.5
8587.0
2034.0
1409.5
533.5
68.0
68.0
2318.5
1211.5
68.0
352.0
68.0
6090.5
68.0
68.0
2963.5
732.5
554.5
163.0
551.5
1021.0
2264.5
1314.5
2742.5
726.5
68.0
521.0
1188.5
458.0
852.0
3029.5
1129.5
1523.5
68.0
2738.0
68.0
3892.5
2185.0
432.5
68.0
1423.5
2530.0
68.0
4585.0
1213.5
1123.5
365.5
2438.5
5108.0
3564.0
627.5
3877.5
1872.0
332.0
10752.5
68.0
722.0
6686.0
629.0
1880.5
1876.0
2756.0
163.0
68.0
4261.5
243.5
163.0
2868.0
68.0
7591.0
7384.0
68.0

911.0
68.0
68.0
1987.5
3299.0
4374.0
6458.5
944.0
348.5
448.5
1389.5
3636.0
1883.0
68.0
629.0
999.5
2062.0
257.0
2179.5
2677.5
893.0
2349.0
829.5
2836.5
1477.5
630.0
1895.5
835.0
4179.5
2077.0
4131.5
1363.0
3963.0
4786.5
3939.0
659.5
1139.0
5398.0
5153.0
614.0
3051.5
3200.0
8480.0
629.0
1978.5
470.5
3247.5
7741.0
2249.0
1034.0
629.0
3127.0
3633.5
1405.0
2265.5
68.0
7546.5
3594.5
2372.5
1421.5
2488.5
0
453.5
5869.5
1597.0
2215.5
2857.0
5169.5
2134.5
3422.0
5621.5
8823.0
8339.0
3595.5
68.0
342.5
6094.5
2364.0
828.5
68.0
1017.5
4409.0
2490.5
543.5
5675.5
1966.0
68.0
1687.5
348.5
1224.0
68.0
1004.0
348.5
68.0
734.0
554.5
832.0
68.0
2094.0
647.0
2810.5
9277.5
629.0
623.0
1778.0
68.0
4589.0
736.0
68.0
646.0
2439.5
6616.0
1109.0
4078.5
2428.0
1814.0
4551.5
5041.0
2143.5
6224.5
4660.5
5130.5
68.0
2254.0
8004.5
1868.5
2097.0
7252.5
68.0
68.0
3264.0
5821.0
68.0
1009.0
1925.0
8117.0
68.0
3920.5
4952.0
2660.0
2732.5
1036.0
1033.5
633.5
5555.5
348.5
3196.0
943.5
68.0
2182.5
2770.5
365.5
6156.5
2769.5
1414.0
1338.5
9488.0
2932.5
1033.5
2346.0
612.5
2038.0
68.0
781.5
1503.0
616.0
68.0
3210.5
68.0
68.0
68.0
1814.0
68.0
2936.5
986.0
4144.5
1988.0
4295.5
524.0
68.0
68.0
68.0
6279.5
2873.0
173.0
1522.5
365.5
2268.0
7674.0
68.0
1119.0
1783.5
68.0

1893.0
2749.5
828.5
163.0
68.0
641.5
348.5

1778.5
1314.5
627.5
348.5
526.0
8068.5
1017.5
2934.0
1033.5
821.5
6478.0
257.0
163.0
1968.5
4873.0
1016.5
7189.5
458.0
4922.0
7218.5
68.0
4102.5
2441.0
1865.5
4476.5
755.5
5707.0
68.0
2265.0
35.0
4548.0
3897.0
1019.0
257.0
3244.0
4818.0
2820.5
443.0
1031.5
647.0
68.0
1478.0
619.0
68.0
4562.5
1559.5
847.0
3697.0
163.0
2434.5
3183.0
5528.0
63.0
68.0
1019.0
1304.0
2039.5
7205.0
1334.0
1978.0
2720.0
9856.5
2238.0
3287.0
68.0
1321.5
68.0
1972.5
554.5
438.5
4513.0
2823.5
3335.0
2628.0
935.5
1124.0
1092.5
5218.0
68.0
534.5
1784.0
458.0
68.0
4023.5
1792.5
3298.0
65.0
1997.5
68.0
68.0
365.5
4367.5
68.0
68.0
8705.0
1038.0
2241.5
458.0
68.0
68.0
629.0
1800.5
908.0
4950.5
68.0
1614.0
537.5
68.0
2374.5
68.0
68.0
2639.0
6886.5
748.5
2219.5
68.0
2150.5
68.0
163.0
68.0
1036.0
719.0
4778.5
68.0
1678.5
68.0
68.0
2706.5
939.0
629.0
68.0
7701.5
1109.0
6098.5
1021.5
1427.0
68.0
0
1790.5
4555.0
554.5
1791.5
0
3611.0
471.0
1499.0
348.5
3818.5
2669.0
3603.0
528.0
646.0
68.0
4551.5
68.0
163.0
68.0
2772.0
68.0
1016.5
4730.5
1522.0
3469.5
943.5
68.0
68.0
1795.5
68.0
68.0
3337.0
68.0
68.0
537.5
68.0
1333.5
1128.0
551.5
533.5
1331.5
1038.5
68.0
910.0
2059.0
817.0
4107.0
910.0
68.0
0
2253.0
2060.0
438.5
163.0
1873.5
1379.5
1892.0
68.0
593.0
4361.0
2387.5
3619.0
2267.0
68.0

13831.0
163.0
5381.5
365.5
8793.5
1542.5
1911.5
68.0
926.5
7115.5
3889.5
2224.0
619.0
543.5
7060.5
1681.5
1914.5
524.0
348.5
2734.0
6778.0
1111.5
1115.5
1016.5
68.0
4820.5
458.0
2330.0
608.5
2287.5
68.0
2103.5
8355.0
2635.5
3495.5
3574.0
524.0
2249.0
5886.5
702.5
3201.5
4327.0
4180.0
6754.5
1522.5
568.5
4787.0
68.0
1223.0
736.0
614.0
5285.5
348.5
1479.5
2925.0
1677.5
927.5
646.0
365.5
257.0
68.0
2721.0
438.5
68.0
629.5
1819.0
816.5
163.0
68.0
633.5
2240.0
1960.0
510.5
2273.0
329.0
1884.5
458.0
443.5
1965.0
2672.0
68.0
4573.0
362.0
7106.5
2258.0
537.5
68.0
68.0
2916.0
2678.0
622.5
817.0
566.0
1094.5
2048.5
537.5
68.0
257.0
629.0
2387.5
3974.0
2314.0
940.5
2175.0
1428.0
68.0
1205.0
926.5
1893.0
1609.0
68.0
1383.5
8911.5
1586.5
3152.5
348.5
2694.5
1691.5
2137.0
7101.5
1890.0
474.5
1862.0
663.0
68.0
1128.5
1528.5
5522.5
2177.0
738.5
943.5
0
6043.0
438.5
925.5
1028.0
3215.5
1980.0
5935.5
3867.0
5022.0
1837.0
68.0
68.0
4992.0
4346.0
5501.0
7162.0
2082.5
744.0
68.0
1663.5
68.0
1416.5
2103.0
2815.0
943.5
257.0
8195.5
738.5
843.5
2240.5
5081.0
8548.5
2923.5
2511.0
1707.0
5086.5
5273.5
163.0
736.0
1531.0
68.0
1966.5
7076.0
4651.5
1053.0
7329.5
1350.0
543.5
5266.5
2063.0
68.0
4589.0
2537.0
1225.0
2594.5
5331.0
365.5
3114.5
458.0
510.5
1031.5
736.0
1301.0
3469.5
348.5
3155.5
2677.0
6249.5
4579.5
3633.5
2835.5
524.0
3257.0
10518.5
2677.0
68.0
937.0
3698.5
5946.0
163.0
10776.0
68.0
163.0
68.0
7093.0
4001.5
9817.5
1468.5
4979.5
5158.5
2334.5
2695.0
1268.5
11667.0
3379.0
1129.5
2737.0
1413.0
2269.0
910.0
68.0
3209.5
612.5
163.0
68.0
537.5
13346.0
2839.5
641.5
3170.0
646.0
1350.0
1794.0
6404.5
1770.0
2560.0
1039.5
5568.0
543.5
68.0
1021.5
6512.0
68.0
2088.0
2222.0
3291.5
627.5
663.5
3654.5
2358.0
1225.0
4032.5
68.0
68.0
68.0
68.0
7100.5
2886.5
1036.0
24659.5
1096.5
2580.0
3546.5
9403.0
68.0
11310.0
533.5
646.0
606.5
629.0
68.0
4038.0
438.5
458.0
8895.5
68.0
3826.5
1611.5
15134.5
1098.5
1881.0
3123.0
6333.0
914.0
1297.0
537.5
8412.0
68.0
68.0
68.0
3025.5
2659.0
2720.5
68.0
68.0
832.0
271.0
3585.0
0
612.5
2467.5
5101.5
7330.5
2750.5
1597.0
6114.0
4486.5
68.0
3029.0
68.0
636.0
348.5
3111.5
10086.5
5722.0
10392.5
1409.0
10339.0
1024.5
6643.5
3174.0
641.5
3279.0
2277.5
2674.0
365.5
1613.0
3533.5
68.0
1334.5
1337.0
2454.0
1148.5
3706.5
68.0
68.0
68.0
257.0
77.5
2635.5
6310.5
2174.0
1390.0
835.0
3883.0
755.5
646.0
348.5
629.5
1617.0
5520.0
7097.5
68.0
438.5
68.0
3105.0
2545.5
6983.5
1535.5
365.5
163.0
7786.5
9383.5
68.0
1704.0
751.0
2538.5
646.0
1413.0
1807.0
3798.5
163.0
5627.0
68.0
612.5
1612.0
68.0
680.5
1208.0
904.0
68.0
914.0
4050.0
68.0
1798.5
2897.0
1819.0
68.0
14765.5
1266.5
365.5
68.0
5459.5
6250.0
6264.5
4077.0
836.0
68.0

2324.0
1982.5
458.0
163.0
524.0
1406.5
2094.0
738.5
537.5
902.0
1785.5
2108.0
541.0
365.5
2212.0
1421.5
1512.0
1298.0
5898.0
4498.5
925.5
68.0
998.0
537.5
68.0
68.0
736.0
68.0
927.5
558.5
6252.0
1207.0
3701.0
68.0
2735.0
914.0
1872.0
9561.5
9751.0
2854.5
10275.0
271.0
163.0
2961.5
7692.0
4998.5
2157.5
933.0
68.0
348.5
1016.5
5878.0
1225.0
50.0
5031.0
629.0
68.0
2745.5
68.0
6214.5
4078.0
2762.5
5050.0
1880.0
738.5
4477.5
153.5
2082.0
8598.5
3708.5
2253.0
68.0
1464.0
1113.5
719.0
831.0
5443.5
458.0
68.0
895.0
1496.5
7162.5
2333.5
2475.0
0
923.5
68.0
1227.0
2153.5
4844.0
7999.5
554.5
8998.5
68.0
537.5
828.5
6930.5
10223.5
1505.5
993.5
3104.0
3770.5
736.0
3958.0
2631.0
68.0
1889.0
629.5
1315.0
2096.5
3930.0
348.5
68.0
3781.0
2314.5
9050.0
629.0
926.5
68.0
629.0
4099.0
926.5
68.0
7279.0
3491.0
4042.0
5549.0
68.0
10270.5
68.0
4916.0
77.0
1503.0
3586.0
4745.5
960.0
2654.5
5091.0
68.0
153.5
647.0
3687.0
68.0
365.5
0
612.5
6824.5
3485.5
1014.0
2218.5
2227.5
3326.5
944.5
4270.0
4572.0
8468.0
68.0
1004.5
1818.0
3494.5
1489.5
10556.5
1016.5
2338.5
4397.0
12466.5
68.0
438.5
68.0
5607.5
68.0
4552.0
828.5
831.0
0
3689.5
1228.5
5096.0
68.0
719.0
68.0
923.5
1358.5
153.5
2925.5
9562.0
524.0
3446.5
3188.0
4610.5
3176.0
2285.5
68.0
3286.5
10361.0
271.0
457.0
724.5
11107.0
68.0
736.0
243.5
68.0
1915.0
68.0
626.5
554.5
2245.5
646.0
3700.0
2685.5
1430.5
6783.0
2192.5
4412.5
3108.0
1610.0
1036.0
365.5
1498.0
68.0
1754.5
5964.0
68.0
1504.5
3589.0
1808.0
1409.0
5058.0
68.0
0
68.0
537.5
0
1331.5
3261.5
1523.0
3713.5
537.5
1016.5
614.0
1017.5
3121.5
1489.0
68.0
1350.0
163.0
68.0
1323.0
9183.5
2555.0
3495.0
852.0
1760.0
2313.0
3162.0
941.5
646.0
68.0
6525.5
736.0
257.0
2062.0
629.0
1592.5
5664.5
1746.5
2544.0
2496.5
8136.5
5214.0
68.0

4935.5
332.0
524.0
68.0
4861.5
2159.5
68.0
958.5
453.5
257.0
68.0
1348.5
4476.0
458.0
1606.5
1553.0
68.0
6344.0
3739.0
68.0
1821.5
1405.5
68.0
5762.0
7155.0
2914.5
1013.0
1053.5
1021.5
3808.0
2839.0
2454.0
5848.5
5510.5
5141.0
1969.0
458.0
1396.5
738.5
2828.0
1778.0
5786.5
612.5
533.5
541.0
68.0
4216.5
11708.5
647.0
68.0
257.0
1241.5
1241.0
1414.0
3981.0
1126.0
68.0
1397.0
68.0
2695.0
68.0
1027.0
7945.0
5771.0
3181.0
738.5
68.0
1595.5
68.0
0
5152.5
3548.0
554.5
8885.5
257.0
3160.0
3994.5
700.0
68.0
1451.0
9119.5
3124.0
68.0
6523.0
0
6534.5
257.0
68.0
629.5
2355.5
8266.5
866.0
1571.5
3750.0
438.5
1903.0
68.0
1016.5
35.0
2478.0
1664.0
68.0
535.0
1004.5
1093.0
4711.0
1333.5
3899.0
1010.5
0
68.0
68.0
7741.5
4920.0
2226.0
1387.0
1092.0
1428.0
3287.0
14472.0
10119.5
3685.5
6761.0
3260.0
1422.5
1228.5
2659.5
68.0
623.0
2974.0
173.0
960.5
7988.5
0
2379.5
1128.5
348.5
7956.5
68.0
3317.0
458.0
68.0
11671.0
17755.0
1967.5
1967.5
3210.5
2115.5
458.0
5435.5
1039.0
3045.5
1113.0
163.0
3526.5
4134.5
1505.5
5466.5
68.0
1349.0
524.0
2433.5
1417.0
629.0
3632.0
4902.0
68.0
3534.5
1819.5
2099.0
5523.5
13928.5
0
7622.5
10031.5
2373.5
3413.5
68.0
2820.0
927.5
961.5
438.5
8184.5
1443.5
1486.0
12469.0
68.0
4947.5
2719.0
68.0
68.0
458.0
2576.0
68.0
3687.5
68.0
3645.5
722.0
738.5
2471.5
68.0
3969.0
6021.5
68.0
543.5
3136.0
348.5
2107.0
6857.5
507.5
3021.5
68.0
7584.0
68.0
1349.0
4188.5
1781.0
68.0
2249.5
9376.0
8018.0
68.0
1994.5
8196.5
2705.0
2321.0
1404.0
10411.5
887.0
3270.0
1392.5
2313.0
1670.0
1974.0
553.0
927.5
3792.0
68.0
2413.5
68.0
3883.5
1509.5
68.0
2953.0
68.0
4458.5
7979.0
68.0
3126.0
3069.5
9727.5
1001.5
2489.5
2775.5
57.5
8127.5
68.0
2848.0
1877.0
4026.0
68.0
3363.0
2834.5
736.0
2359.5
2436.5
4624.0
18331.5
3518.5
68.0
2255.0
642.5
13939.5
2215.5
3023.5
1387.0
1406.5
4504.5
2494.0
163.0
1115.5
2813.5
1300.5
68.0
68.0
9795.0
7006.5
4449.5
68.0
68.0
5108.0
68.0
1962.0
3707.0
3778.5
78.0
1021.0
1317.5
554.5
8513.5
1562.5
68.0
5944.0
68.0
4500.0
983.0
491.0
1315.0
68.0
5866.0
3512.0
68.0
17506.0
2338.5
68.0
7151.5
68.0
755.5
5037.0
534.5
443.5
0
4434.5
14190.5
68.0
7251.5
68.0
68.0
3463.0
1000.0
4955.5
68.0
4588.5
18619.0
629.5
7894.0
2397.0
3135.0
2658.0
153.5
3487.0
4003.5
0
12532.0
2087.5
838.5
0
629.0
68.0
7281.5
2298.5
3614.0
68.0
1796.5
0
722.0
828.5
1502.5
68.0
2728.0
163.0
5008.0
68.0
2978.0
6999.0
68.0
1243.5
8820.5
3620.0
1486.0
68.0
2559.5
348.5
365.5
68.0
646.5
2525.5
7994.5
1876.0
2929.5
460.5
1603.0
1053.0
5361.0
1714.5
5072.0
3208.5
2659.5
2677.5
1207.0
68.0
2286.5
11136.0
1149.5
3627.0
4863.0
710.0
2373.5
425.0
3193.0
943.5
8123.5
163.0
68.0
2975.5
927.5
3322.5
1877.5
68.0
6679.0
68.0
3291.5
5587.0
6333.5
3365.0
6825.0
1862.5
1486.5
68.0
3691.0
163.0
3776.5
2568.5
68.0
2811.0
4333.5
734.5
248.5
5027.0
3018.0
438.5
5210.0
16690.0
5485.0
9432.5
365.5
4705.5
11313.0
1815.0
2138.0
2707.0
68.0
438.5
3207.5
1607.5
68.0
3660.0
443.5
2835.0
68.0
3555.5
3691.5
1432.5
3597.5
5115.5
5878.5
77.5
2352.5
3109.5
2757.5
3137.0
2210.0
2352.0
5539.0
438.5
2458.5
738.5
0
1443.5
243.5
68.0
1030.0
612.5
5824.0
3831.0
2350.0
447.0
7679.5
458.0
3833.0
548.5
8371.0
9443.0
738.5
4779.5
910.0
68.0
8697.5
3822.0
914.0
6857.0
1053.0
470.5
2092.5
3944.5
68.0
3725.5
1895.5
1129.5
0
68.0
4836.5
937.5
2133.5
1224.5
943.5
68.0
68.0
365.5
2054.0
3976.5
2074.0
8673.5
68.0
2399.0
365.5
4245.0
483.5
543.5
4082.0
2379.0
4482.5
7237.0
68.0
8086.0
4276.0
1980.0
2754.0
68.0
2583.0
3743.5
2611.0
68.0
755.5
2750.0
68.0
68.0
4086.0
2771.0
458.0
4731.0
1786.5
719.0
68.0
3546.5
68.0
2008.5
2292.5
5335.5
8143.5
68.0
609.5
4466.0
1681.0
1504.5
68.0
68.0
1506.0
68.0
1409.0
3062.0
11762.5
1019.0
68.0
68.0
5920.0
1385.0
257.0
1254.0
2335.5
5136.5
68.0
4943.0
68.0
68.0
1096.0
5910.5
1488.0
0
2889.5
68.0
524.0
1664.5
8647.5
1132.5
438.5
12539.0
2409.5
646.0
4163.0
365.5
809.0
5810.5
4398.0
4509.5
741.0
68.0
443.5
1875.5
0
1126.0
2121.5
2687.5
1115.5
944.0
68.0
68.0
9810.5
1016.5
348.5
717.5
647.0
0
68.0
2560.5
736.0
4142.5
163.0
68.0
3980.0
3369.0
68.0
2434.5
68.0
1979.0
458.0
1905.5
734.5
2643.0
1128.5
0
5861.0
68.0
68.0
68.0
809.0
15968.5
4227.0
6343.0
4167.0
2659.0
458.0
4197.0
1790.5
0
68.0
1207.5
348.5
2167.0
0
6295.5
2303.0
2070.5
68.0
1099.0
2273.5
1426.0
10005.0
257.0
1318.5
6789.5
1977.0
68.0
7468.0
1389.5
3399.0
10340.0
68.0
4676.5
7146.0
1333.5
68.0
243.5
68.0
458.0
2762.0
902.5
1595.0
438.5
12156.5
1840.5
68.0
1329.5
922.0
1559.0
609.5
537.5
1088.0
3300.0
11413.5
717.0
8887.5
4438.5
4604.5
1036.5
0
999.5
365.5
7204.5
4917.0
68.0
629.0
9461.5
5337.0
995.5
2960.0
1569.5
722.0
68.0
0
0
68.0
438.5
1239.0
5722.5
3059.0
5590.0
738.5
1016.5
5606.5
1106.5
2428.5
1095.5
0
4144.0
2351.0
68.0
1704.0
0
8029.0
68.0
68.0
2323.5
1430.5
68.0
0
458.0
2453.0
863.5
1109.0
4815.0
9419.5
3807.0
3312.5
2881.0
1137.0
629.0
2904.0
8576.5
20931.5
1022.0
1496.5
10237.0
2859.5
2909.0
13985.0
2820.5
68.0
5218.0
2090.5
3403.5
5566.0
68.0
5233.0
534.5
68.0
724.5
257.0
8290.5
3140.5
348.5
2371.0
1109.0
4157.0
348.5
5402.0
4964.0
15554.0
2437.5
2088.5
68.0
365.5
5389.0
2023.0
646.0
2389.5
68.0
7986.0
7231.0
1891.0
10735.0
738.5
9569.5
5885.5
926.5
541.0
9505.5
2440.5
68.0
1504.5
3581.0
348.5
68.0
1016.5
647.0
4014.5
3329.5
10712.0
3308.0
3331.0
1912.5
1728.5
548.5
4746.5
926.5
4998.5
6221.5
153.5
6644.0
68.0
3576.0
1484.5
596.0
1911.5
2460.0
5106.0
511.0
2182.0
543.5
4576.0
2240.0
929.0
553.0
1867.0
3190.5
4949.5
7183.0
3696.5
2524.0
6460.0
663.0
537.5
68.0
68.0
68.0
68.0
68.0
2550.5
1230.5
68.0
6309.5
3105.0
1446.0
2297.5
68.0
2572.5
1813.5
9570.5
614.0
68.0
348.5
9076.5
1401.5
2450.0
3139.5
3434.5
438.5
348.5
2345.0
2157.0
4905.0
2296.0
4536.5
6799.5
1404.5
68.0
68.0
7202.0
6042.5
68.0
2248.0
2341.0
438.5
2227.0
1975.0
2926.5
1908.5
691.0
738.5
348.5
911.5
3660.5
543.5
163.0
68.0
6600.5
1787.5
3515.0
1819.0
173.0
163.0
3299.5
348.5
68.0
543.5
3160.0
2842.0
6374.0
15189.5
5039.0
365.5
1781.5
15874.0
68.0
1016.5
18817.5
741.0
68.0
68.0
1024.0
2840.5
3992.5
1006.5
2738.0
3683.5
4087.5
4944.5
1407.0
1946.0
9437.0
4956.0
1111.5
0
5420.0
4064.0
2452.5
68.0
1036.0
2222.5
68.0
6755.0
3708.5
3869.0
1115.5
926.5
68.0
163.0
5797.5
2344.5
68.0
6040.0
554.5
4522.0
68.0
3329.0
4459.0
257.0
7190.5
68.0
6027.5
1878.5
2630.0
1537.5
2806.0
68.0
2521.0
5522.5
68.0
2019.0
68.0
68.0
13029.5
2248.5
4242.5
68.0
243.5
2765.0
6757.5
1778.0
3406.5
6029.0
2669.5
365.5
3212.0
818.5
13400.0
835.0
1881.0
1594.0
925.0
1993.5
4530.5
2672.5
1489.5
4328.5
2323.0
7257.5
1019.0
23695.5
2844.5
5869.5
7377.0
1817.0
68.0
1460.0
4595.0
5905.5
2987.0
1393.0
7101.5
1037.0
7107.0
348.5
68.0
11156.5
4024.5
1631.0
4637.0
2848.5
257.0
1335.5
7487.0
1882.0
3946.0
4715.5
2707.5
7245.5
3671.0
1053.0
5552.5
4084.0
68.0
3132.5
11539.5
68.0
3681.0
438.5
68.0
68.0
2809.5
2062.5
1016.5
922.0
2248.0
348.5
2377.0
2057.5
12442.5
1843.5
4929.0
1516.0
4977.0
68.0
2740.5
7363.0
4040.0
2729.0
68.0
68.0
1949.0
2542.0
1401.5
3609.0
736.0
554.5
753.5
3669.5
6437.5
68.0
3761.0
3722.0
4042.0
7595.0
3591.5
1019.0
3257.5
629.0
5275.5
11234.0
1215.0
2654.5
1492.5
68.0
612.5
8738.0
455.5
68.0
4157.5
68.0
4142.0
5657.0
911.5
1406.5
4834.0
3233.0
3009.5
1019.0
68.0
10807.5
348.5
2448.0
10684.5
2832.0
1472.5
2816.5
738.5
629.5
5365.5
1817.0
4699.5
68.0
458.0
1895.0
438.5
751.0
68.0
8857.0
4031.0
458.0
2665.5
2829.0
4938.5
1580.5
0
1019.0
1199.0
5070.5
2866.5
521.0
755.5
5433.0
3305.5
5351.5
629.0
68.0
2078.5
4885.0
4609.0
2820.5
68.0
4525.5
6291.5
6862.0
4051.5
1218.5
173.0
707.5
3572.0
5633.5
5200.5
173.0
12458.5
3997.0
68.0
828.5
10766.0
925.0
1911.0
2917.5
68.0
1763.5
3312.0
68.0
4104.0
2392.5
1443.0
68.0
1117.0
7562.0
2239.5
68.0
68.0
0
68.0
1499.0
524.0
3282.0
5550.0
458.0
3674.5
2253.0
68.0
8144.5
68.0
68.0
1585.5
5350.5
1095.0
1871.5
537.5
68.0
68.0
68.0
7968.0
68.0
2689.5
7601.5
3046.5
348.5
4656.0
5064.0
1013.0
3614.0
632.5
2654.0
1629.0
2544.0
709.0
4562.0
1133.0
6802.0
5175.0
11735.0
68.0
2824.5
2919.0
14442.0
4913.0
68.0
68.0
1593.0
5922.5
1499.0
3574.0
719.0
3987.0
68.0
9484.5
1587.0
12899.0
1421.5
5988.5
4636.0
2358.5
8637.5
13878.5
3393.5
68.0
68.0
5034.0
1985.0
910.0
68.0
1895.5
7905.0
10289.5
68.0
1016.5
7035.0
68.0
3657.0
163.0
7115.5
647.0
5013.0
4439.5
809.0
2357.5
163.0
1990.0
3245.5
68.0
6910.5
3323.5
6467.5
4197.5
5915.0
22448.5
761.0
1989.5
1099.0
3091.0
68.0
3586.0
1942.5
8174.0
8769.0
3138.5
6002.5
7223.0
4985.0
2413.5
1407.0
1443.5
68.0
914.0
2329.0
2138.5
1346.5
68.0
2544.0
173.0
1115.5
2636.0
68.0
4932.5
3211.0
1912.0
719.0
719.0
6248.0
2833.0
2167.0
1492.0
8388.0
3220.5
68.0
2039.0
5566.0
2861.5
629.0
947.5
5807.5
5236.5
1413.0
0
14713.0
4193.0
2101.0
6258.0
68.0
6328.5
68.0
432.5
6564.0
629.0
7984.5
3587.5
9841.5
2231.0
1024.0
365.5
3458.5
1473.5
1396.0
2050.5
68.0
1539.5
626.5
7627.0
11329.5
13530.5
1842.0
0
1019.0

898.0
3962.0
458.0
8006.0
8090.0
537.5
2970.0
14239.0
68.0
2318.5
68.0

11575.5
163.0
14831.5
1410.0
2620.5
68.0
68.0
5187.5
257.0
68.0
68.0
1016.5
68.0
1605.0
1818.5
908.0
911.5
68.0
2076.5
68.0
1351.5
3488.0
7899.0
1346.5
163.0
3851.5
5518.0
7300.5
6871.0
9971.0
68.0
11362.5
1373.0
11663.5
3307.0
12966.5
1131.0
895.0
4404.0
1224.0
543.5
3752.0
6660.0
0
1772.5
2658.5
10428.5
6300.0
3302.5
2334.0
0
738.5
3187.5
3536.5
68.0
68.0
1843.0
719.0
2861.0
438.5
4096.0
2353.0
68.0
9417.0
68.0
524.0
927.5
257.0
68.0
6700.0
3104.5
68.0
271.0
451.0
1142.0
838.5
3633.5
535.0
7110.0
4465.5
8064.0
1124.5
68.0
2803.5
4996.5
2398.5
646.0
68.0
479.0
8082.0
529.0
1861.5
9858.0
8173.5
2863.5
1721.5
0
3522.5
3139.0
2696.5
474.0
7739.5
6422.5
1793.0
647.0
944.5
0
8688.5
2829.0
1019.0
68.0
6366.0
999.5
1280.0
4246.5
1122.5
68.0
4794.0
438.5
1004.0
1761.0
8022.0
5765.5
6349.0
2119.0
2799.0
983.0
2761.5
5405.0
3616.0
5033.5
8093.0
6026.0
596.5
7184.0
17733.0
16125.0
68.0
6805.5
4108.0
458.0
6536.5
68.0
2046.0
1859.5
4993.5
6470.5
5076.5
2040.5
68.0
1891.0
4590.0
3605.5
8173.0
68.0
932.5
68.0
68.0
551.5
1987.5
11471.0
2348.0
68.0
6683.5
2358.0
2145.5
0
5042.5
3579.5
1768.5
4084.0
4458.0
5600.5
2276.5
3986.0
7735.0
8238.0
5045.5
2378.5
983.0
460.0
163.0
9767.0
4044.0
68.0
5793.5
68.0
4489.5
0
4070.0
3249.5
3952.0
6618.5
1872.0
514.5
3202.0
14899.0
1098.5
2061.0
2862.0
543.5
608.5
1853.5
68.0
6227.5
646.0
12985.5
1010.5
908.0
163.0
6607.0
460.0
554.5
11781.0
78.0
3619.5
68.0
1823.0
14457.5
2920.0
68.0
1968.5
2174.0
1079.5
11045.5
2672.0
8202.5
1882.0
68.0
8320.0
4099.5
903.5
15730.0
4062.0
458.0
6541.5
68.0
1133.0
4861.5
257.0
9023.0
2763.0
3017.0
1109.0
3690.0
3628.5
828.5
68.0
515.0
1375.0
8163.5
1510.5
629.0
7253.0
10349.0
9019.0
9954.5
3156.0
927.0
8941.5
2730.0
2227.5
1115.5
5424.0
5970.5
7875.0
11874.0
738.5
2430.5
1870.0
2757.5
458.0
68.0
1334.0
3201.5
68.0
4938.5
6656.0
9955.5
3200.5
6367.5
0
8642.0
12529.5
8850.5
68.0
7993.0
3078.0
10849.0
1869.5
4098.5
2361.0
533.5
365.5
1722.0
8075.5
163.0
2635.5
613.5
3173.0
4040.0
68.0
348.5
0
2263.5
2735.0
5075.0
7378.0
3190.0
4254.0
719.0
489.5
419.5
0
68.0
1817.0
2078.0
1596.5
8532.5
68.0
4466.0
1592.5
620.5
8618.5
5011.5
918.0
68.0
3297.5
2956.5
0
2022.0
3162.5
10321.5
828.5
68.0
2408.0
68.0
458.0
68.0
8235.0
2568.0
68.0
2656.0
4559.0
1387.0
3256.5
8089.5
1807.0
629.0
1413.0
1114.5
1115.5
2080.5
68.0
68.0
68.0
2241.0
740.5
6364.0
804.5
3712.5
1704.5
68.0
3984.0
2472.0
944.0
1580.5
348.5
1034.0
1501.5
2771.0
1819.5
6224.0
19566.5
68.0
68.0
163.0
612.5
5877.0
809.0
365.5
5633.0
2885.0
9257.0
1107.5
1813.5
2721.0
3516.0
6913.5
2084.0
11478.5
3502.5
3743.0
419.5
68.0
4949.0
1415.5
4040.0
629.0
4557.0
1615.0
5513.5
458.0
1535.0
925.0
455.0
8032.5
68.0
8864.5
1973.0
4608.0
438.5
68.0
1241.0
163.0
11757.5
1979.0
2243.0
153.5
1904.5
4159.5
2094.0
2268.5
68.0
5167.5
3015.5
943.5
68.0
68.0
5913.0
3014.0
68.0
11302.0
16538.0
828.5
3326.0
68.0
348.5

2061.5
1194.5
3219.0
68.0
11609.5
427.0
153.5
153.5
5035.0
2272.0
2084.0
68.0
0
419.5
1055.5
1126.0
2285.0
17454.5
68.0
1878.5
2252.5
9479.5
4173.5
68.0
927.0
3176.0
2375.5
3097.0
2523.5
3539.0
68.0
719.0
13491.5
3341.0
719.0
646.0
1652.5
4047.0
68.0
2381.5
68.0
2270.5
11589.5
3198.5
68.0
627.5
6244.5
348.5
7708.0
68.0
2748.5
68.0
4975.0
612.5
10440.5
2252.5
6480.5
724.0
68.0
1813.5
6231.0
4363.5
3814.0
4600.0
1319.0
4163.0
1801.5
3245.0
1846.0
173.0
1016.5
2363.0
153.5
4025.0
1024.0
0
17935.0
1205.5
521.0
2472.0
2365.0
68.0
1892.0
68.0
2752.5
458.0
3213.0
68.0
7162.0
533.5
5368.5
612.5
365.5
3004.0
1967.5
629.5
633.5
2376.5
736.0
4398.0
68.0
2367.5
3670.0
68.0
2933.0
736.0
7911.5
541.0
1479.5
4166.0
1871.5
4034.5
5912.0
1943.5
68.0
68.0
2672.0
68.0
68.0
10332.0
1599.5
4786.0
10442.0
1597.5
3063.0
68.0
534.5
348.5
535.0
68.0
11062.5
68.0
7524.5
6614.5
2521.0
1038.5
68.0
1092.5
1998.5
909.5
10433.0
4164.5
3267.5
2248.5
2634.5
543.5
5732.0
1668.5
2340.5
68.0
4109.0
1799.5
1036.0
1205.5
68.0
2885.0
0
3994.0
7694.5
0
633.5
68.0
3141.0
14160.0
988.0
4654.0
5116.0
6721.0
1138.5
4399.0
68.0
1368.5
68.0
12586.0
1400.0
1036.0
1112.5
15691.5
68.0
68.0
515.0
1136.5
5894.5
5856.0
2635.0
7584.0
68.0
7639.0
3485.5
1423.5
163.0
7748.0
1968.0
1970.0
2077.0
5483.0
4485.5
2507.0
8674.5
6885.5
68.0
4452.5
348.5
9243.5
7803.5
6840.5
7539.0
8219.5
1598.0
3116.5
458.0
2573.0
4133.0
5095.0
0
1423.5
1117.0
68.0
927.5
1510.5
3233.0
443.5
4191.5
1489.5
3712.5
11160.5
7640.5
1501.5
646.0
17305.0
2359.0
14730.0
6540.5
68.0
4081.5
8974.5
3523.0
1387.0
0
7197.5
68.0
13607.5
4518.5
9974.0
5448.5
3061.0
1242.0
2076.5
1946.0
11554.0
4049.5
533.5
68.0
2765.5
809.0
646.0
601.0
4187.5
4446.0
4917.5
3718.0
1472.5
68.0
1224.0
1836.0
438.5
2381.5
4954.0
3201.5
12973.0
3326.5
1224.5
2066.5
7124.5
554.5
4497.0
848.5
1028.0
459.5
5357.5
627.5
2301.5
5233.5
6372.5
3996.5
943.5
4875.0
2836.5
528.0
724.0
1331.0
460.0
3307.0
927.0
1036.0
2896.0
6965.5
5525.5
1798.0
12792.0
3283.0
68.0
8542.0
2507.0
0
3433.5
5357.0
6714.5
12811.0
438.5
2767.5
1436.0
7419.0
163.0
3178.0
3880.5
68.0
2736.0
2906.0
2079.5
3777.5
348.5
1719.0
68.0
533.5
153.5
809.5
8423.5
1912.0
1794.0
0
3672.5
0
9294.5
755.5
3484.5
927.0
68.0
2144.0
1316.5
68.0
4678.5
9283.0
12033.5
4091.0
5359.0
7359.5
163.0
1488.0
68.0
3613.5
6582.0
1458.5
68.0
926.5
1716.5
8336.0
1010.5
5991.0
4747.5
163.0
68.0
849.0
68.0
14953.5
68.0
15993.0
2340.5
1280.5
3607.0
2367.0
8899.5
6563.5
1104.5
68.0
68.0
8527.0
1901.0
1033.5
1786.0
68.0
2553.5
3542.0
524.0
1406.5
8541.0
1392.0
68.0
2237.0
6014.5
632.5
535.0
646.0
68.0
2380.5
5807.0
7783.5
2407.5
2640.0
1366.0
6263.0
5758.0
2629.5
905.0
4097.5
2537.0
6047.5
926.5
3555.5
4431.5
443.5
1611.0
2536.0
6494.5
2862.0
3206.0
1406.5
1600.0
68.0
68.0
163.0
458.0
68.0
4274.5
1002.5
2167.0
348.5
8082.5
1893.5
5441.0
17819.5
2466.5
68.0
8298.0
460.5
1846.0
365.5
2111.5
1053.0
738.5
1659.5
3666.5
2276.5
153.5
1233.0
68.0
68.0
68.0
1150.0
4171.5
2256.0
153.5
4552.0
0
538.5
3890.0
2350.5
68.0
11647.0
68.0
4020.0
10338.0
68.0
68.0
646.0
3767.5
7061.0
2373.0
5064.0
2299.5
3824.0
12301.5
1484.0
3143.5
458.0
68.0
3476.5
3111.5
163.0
521.0
2808.0
923.5
68.0
68.0
848.0
68.0
5081.5
3450.0
2047.0
911.0
458.0
4472.0
2743.5
4019.0
2259.0
7564.0
163.0
11861.0
1333.5
9132.0
12911.5
919.5
1788.0
2070.0
2377.0
1013.0
741.0
2525.0
8511.5
2771.0
1867.0
2145.5
553.0
4113.5
3026.5
2463.5
612.5
173.0
2284.0
2459.5
1928.5
732.5
438.5
4337.5
771.5
5045.5
3577.5
6535.5
4528.0
7413.5
2772.5
2002.0
257.0
153.5
5432.0
537.5
6836.5
926.5
5411.5
1682.0
554.5
1106.5
2751.0
1126.0
1783.5
2971.0
68.0
7631.5
68.0
2779.5
5165.0
68.0
922.0
614.0
68.0
4707.0
1036.0
940.0
1204.5
821.5
1705.0
1495.0
1035.5
3565.5
3572.0
1580.0
2348.0
1599.0
2034.0
4995.5
68.0
3697.5
3077.5
2535.0
2350.5
990.5
68.0
5551.0
629.0
68.0
1597.0
5952.0
2288.5
5376.0
68.0
3980.5
68.0
1904.0
332.0
4112.5
5404.0
5516.0
68.0
917.0
5458.5
68.0
68.0
3775.0
2971.5
2224.0
1206.0
3592.0
68.0
4108.5
1984.5
629.0
2411.5
2544.0
717.0
1107.0
8442.0
3521.0
5273.0
2313.0
629.0
2259.0
11775.0
4917.5
68.0
4184.0
2723.0
5445.5
3626.5
1600.0
7820.5
1010.5
4075.0
1413.0
11067.0
438.5
1523.0
1309.5
2412.5
1673.0
6350.0
3460.5
68.0
6410.5
6565.5
551.5
960.5
68.0
4996.5
2003.5
257.0
68.0
68.0
2671.0
4071.5
68.0
1500.0
614.0
3512.5
153.5
1019.5
4173.5
3623.5
1875.5
68.0
5491.5
649.5
5667.0
144.5
68.0
348.5
7229.0
68.0
153.5
68.0
14358.0
1019.0
909.5
1010.0
4233.5
5623.0
8434.5
453.5
1827.0
68.0
10748.0
1989.5
1871.5
5528.5
0
8070.5
1124.0
4503.0
68.0
647.0
68.0
1097.5
8431.5
3608.0
3602.0
1406.5
68.0
1033.5
1109.0
68.0
8300.5
22310.5
21759.0
6295.0
4572.0
8041.5
1897.0
68.0
755.5
68.0
0
521.0
848.0
163.0
943.5
173.0
68.0
4044.0
4230.5
68.0
3118.0
1492.0
68.0
0
629.0
541.0
1021.5
926.5
2741.5
3050.0
3333.5
3105.5
3601.0
2216.0
7959.0
1976.5
9868.0
3593.5
943.0
85.0
6199.0
2577.0
6051.0
0
9396.5
6394.5
3993.5
0
1445.5
2914.5
68.0
1595.0
7042.5
68.0
2745.0
1300.0
153.5
1664.5
3721.0
68.0
1602.5
4986.0
4372.0
1102.0
68.0
3543.5
2743.0
627.5
3466.5
2086.0
438.5
68.0
2771.5
1757.5
2715.5
8371.0
4065.5
741.0
1978.0
68.0
1093.0
6556.5
1046.5
1191.5
2772.5
68.0
1997.5
68.0
1516.0
68.0
11975.5
3997.5
5749.0
0
1005.0
3226.0
1559.5
5016.5
163.0
8668.5
1903.0
68.0
0
738.5
3454.0
1670.5
68.0
68.0
3714.0
4267.0
2128.0
1115.5
1486.0
1853.5
10006.0
68.0
3462.5
2560.5
866.0
7130.5
1967.0
2948.5
5407.0
438.5
68.0
2331.0
12136.0
68.0
68.0
627.5
68.0
4425.5
68.0
4684.0
2991.5
1884.0
257.0
2709.0
4482.5
1121.5
2915.0
4155.5
3436.0
1820.0
243.5
3142.5
153.5
6680.5
68.0
68.0
1125.5
4058.0
2821.0
11613.0
1124.0
1997.0
2323.0
719.0
2355.5
68.0
68.0
3316.0
2377.0
163.0
68.0
4365.0
908.0
5207.5
646.0
537.5
5054.0
2862.5
4951.0
2879.5
543.5
5768.5
1597.0
6315.5
1418.5
10295.0
4791.0
4651.0
927.5
68.0
68.0
1388.0
1878.5
3970.0
271.0
16191.5
2684.5
68.0
68.0
1536.5
736.0
1097.0
646.0
4970.5
10940.5
1413.0
3603.0
3120.5
0
68.0
1406.5
895.0
3600.5
68.0
6296.5
11684.5
663.0
612.5
2670.5
2292.0
68.0
1580.0
68.0
458.0
1109.0
2425.5
2291.5
6468.0
1979.5
68.0
5447.0
68.0
4082.0
4137.0
8132.5
2448.5
453.5
3480.0
944.5
3092.5
1621.0
1912.5
68.0
942.5
3584.5
2583.0
68.0
16558.5
507.5
10769.5
4447.5
68.0

1392.5
1126.0
2661.0
68.0
458.0
5120.0
10754.5
68.0
5591.5
3230.5
537.5
12956.5
1905.0
6101.5
13354.0
2038.0
3046.0
1382.5
1012.0
533.5
4160.0
2849.5
6948.0
7731.0
3226.5
68.0
2685.0
2940.5
3610.0
9491.5
7092.5
2725.5
1488.0
2357.0
68.0
68.0
5392.5
9266.0
0
68.0
1611.5
0
68.0
2850.0
68.0
1521.5
537.5
3572.5
2455.5
944.0
2380.0
68.0
649.5
7659.0
19508.0
1115.0
1604.0
1509.5
6286.5
2336.0
1334.5
6136.0
68.0
3056.5
809.0
9907.0
68.0
7693.0
910.0
4943.5
68.0
5518.0
3721.5
14262.0
3801.0
7572.5
6936.0
6711.0
14171.5
3647.0
68.0
1000.0
68.0
5028.0
5323.5
1112.0
1013.0
1016.5
537.5
68.0
2648.5
13859.5
614.0
6137.5
3123.0
68.0
68.0
3673.5
1225.0
3663.5
2652.5
24275.0
438.5
719.0
2276.5
5953.5
68.0
5976.5
537.5
163.0
68.0
3973.0
3704.0
68.0
663.0
4650.5
8814.0
2241.5
12879.5
8562.5
1317.0
153.5
1496.5
9394.5
68.0
4014.0
6393.5
3035.0
10262.5
5150.5
5903.5
68.0
68.0
2652.5
10206.0
68.0
2737.0
3015.0
1891.5
68.0
4021.0
163.0
555.5
7134.5
629.5
15628.0
3281.5
153.5
11358.5
4947.0
6133.5
1097.0
3815.0
2554.0
68.0
3327.0
163.0
5331.5
6441.0
15.5
22678.5
1192.0
1406.5
11345.5
1441.0
2736.0
4646.5
911.5
68.0
2326.0
4721.5
1120.0
12305.5
1472.0
2150.5
3239.5
10885.0
3019.0
5378.5
68.0
1226.5
1704.0
67.5
1106.5
1367.0
3749.5
0
3980.5
3809.5
1612.0
10300.0
4090.5
68.0
2302.0
68.0
1000.0
1201.5
68.0
1905.5
4914.5
3119.0
4174.0
4163.0
2747.5
68.0
1038.0
1214.0
1500.0
163.0
68.0
68.0
5617.5
5053.0
2676.5
68.0
2327.0
2224.5
163.0
3559.0
1409.0
5967.5
2488.5
1873.0
257.0
2074.0
2101.0
2499.0
11218.0
6746.5
6299.5
2564.5
2837.5
2263.0
4534.0
2570.0
13561.5
0
537.5
0
2672.5
0
5580.0
6022.5
702.5
1497.0
646.0
68.0
3793.5
700.0
1417.0
4849.0
10623.5
3637.5
1899.0
68.0
629.0
2793.0
1485.0
2382.0
2295.5
7328.0
7592.0
632.5
68.0
68.0
848.5
1334.0
438.5
7786.0
1788.0
3984.5
1036.0
1136.0
6733.5
68.0
5521.0
257.0
10679.5
10758.0
11066.0
1019.0
2251.0
6247.5
348.5
2279.0
68.0
9598.5
6429.0
724.0
16349.0
942.5
68.0
163.0
2741.5
2051.5
2580.0
551.5
3794.5
2658.0
4512.0
2528.5
348.5
926.5
419.5
10360.5
6742.0
647.0
5508.0
8752.5
68.0
3161.0
646.0
8111.0
7521.0
68.0
68.0
458.0
7867.5
2272.0
8258.5
68.0
8413.5
6966.5
928.5
10105.5
3581.0
3533.5
1021.5
4932.5
1896.5
1779.0
4389.5
2057.5
646.0
2152.0
5032.5
365.5
3720.5
5038.0
646.0
438.5
2270.0
10912.0
68.0
629.0
10332.0
438.5
68.0
5296.0
3626.5
68.0
68.0
24553.0
7567.5
68.0
3571.0
751.0
68.0
14249.0
7069.5
4512.5
1420.0
626.0
828.5

68.0
68.0
1614.0
572.0
2433.5
11479.0
1984.5
2863.5
6254.5
3481.5
2457.5
453.5
68.0
736.0
8442.0
10185.5
11613.0
1989.0
719.0
68.0
2536.0
1036.0
7173.5
438.5
7353.0
572.0
927.5
68.0
68.0
68.0
2650.0
3452.5
755.5
3729.0
3986.5
68.0
458.0
68.0
6833.5
4471.5
68.0
4040.5
6154.5
1862.0
6898.0
629.0
458.0
68.0
458.0
4926.5
1786.0
4189.0
2305.0
3137.5
946.0
7025.5
68.0
7203.5
68.0
2673.0
6743.5
4203.5
1219.5
4733.0
612.5
1897.0
1992.0
3539.0
4164.0
2528.0
2921.0
11958.5
5351.5
438.5
736.0
755.5
629.0
4608.5
2290.0
163.0
68.0
5605.0
7170.0
736.0
2074.5
17760.0
8952.0
738.5
443.5
911.5
1709.0
1016.5
8562.5
1224.5
1490.5
3114.0
5955.5
8464.5
3121.0
18046.5
2986.0
11056.0
68.0
7750.0
68.0
9575.0
4251.5
2267.5
1490.0
14236.0
68.0
9769.5
68.0
5808.5
11015.0
1694.0
68.0
68.0
3616.0
13354.0
4179.5
4122.0
646.0
68.0
1429.0
1033.5
1503.5
12415.0
524.0
12943.0
68.0
6383.0
1977.5
629.5
1019.0
5031.5
964.5
68.0
68.0
443.5
22674.5
68.0
4622.5
68.0
68.0
3213.5
524.0
914.0
5889.0
460.5
7103.0
68.0
257.0
3389.5
1985.0
6004.0
8.0
629.0
1576.0
3319.0
68.0
2686.5
1579.0
1297.0
5983.0
3625.5
4564.5
1858.5
1070.5
3505.5
543.5
4027.5
5695.5
913.0
12591.0
6525.0
68.0
3411.5
818.0
7691.5
1470.5
4095.5
5438.0
68.0
3595.5
2368.5
3436.0
4492.0
3684.5
2911.5
4561.5
944.0
7786.0
6812.5
4911.5
9999.5
2824.0
163.0
68.0
4575.0
438.5
458.0
7720.5
4140.5
9117.5
5798.5
68.0
68.0
5011.0
1891.5
257.0
12598.0
9657.5
5119.5
5986.0
4447.5
4661.0
11064.5
1194.5
5294.5
6797.5
1036.0
4556.0
68.0
8561.5
68.0
3995.5
68.0
68.0
68.0
12256.0
5649.5
627.5
68.0
2089.5
20799.5
10478.5
348.5
68.0
1978.5
7600.5
646.0
1976.5
719.0
2229.5
3507.5
2201.5
6378.0
8171.0
1376.5
4953.5
458.0
7422.5
68.0
1591.0
68.0
2311.0
1965.0
1489.0
7449.0
7410.0
3150.0
3507.5
1392.5
438.5
1616.5
8209.5
5831.5
1333.5
2329.0
68.0
632.5
163.0
6048.5
2347.5
925.0
1578.0
12214.5
12978.5
2826.5
5396.5
6347.0
5988.0
1297.5
68.0
68.0
1954.0
438.5
2932.5
1314.0
68.0
348.5
7525.0
11290.0
68.0
2285.0
8491.0
163.0
3232.5
2328.5
68.0
9367.5
1967.5
6727.5
738.5
4178.5
3601.0
458.0
2146.0
68.0
1775.5
68.0
1956.5
15548.5
68.0
14354.0
0
2784.5
4122.5
1209.0
4082.0
5429.5
2800.5
2253.0
68.0
6789.5
68.0
10795.5
4400.0
14625.0
563.0
4302.0
68.0
535.0
6408.0
68.0
2624.0
2449.5
163.0
0
7807.0
738.5
0
68.0
11303.0
4560.5
1579.0
68.0
6086.0
4182.5
6029.0
6576.0
68.0
1280.5
68.0
438.5
8856.0
3134.5
529.0
68.0
9934.0
2364.5
5312.0
4434.5
3613.5
4596.0
7355.0
1019.0
5501.5
12065.5
835.0
7453.0
6010.0
3517.0
4254.0
68.0
68.0
9937.5
6453.0
3579.0
3540.5
1455.5
5691.0
5453.5
3695.5
2755.0
163.0
3139.0
803.0
13997.0
4941.5
1022.5
713.0
3232.5
0
1772.5
7668.0
1629.0
163.0
1097.0
7307.0
6701.0
2833.0
16535.5
3702.0
2054.5
1594.5
4581.5
68.0
10939.0
2009.0
5142.0
633.5
348.5
2914.0
1887.5
163.0
0
4938.5
3234.0
9316.5
3529.0
6863.0
4280.5
4919.5
68.0
2345.0
4460.0
4027.5
0
1412.0
3603.5
9880.5
14228.5
646.0
5776.0
68.0
15329.0
68.0
1427.0
5887.5
1002.5
533.5
1503.0
4038.0
3418.5
3902.0
12365.5
1092.5
7606.5
2317.0
915.0
2512.0
68.0
68.0
4240.0
646.0
68.0
5428.0
68.0
2192.0
68.0
68.0
0
3237.0
20554.0
4488.5
4499.5
736.0
960.5
534.5
1245.0
700.0
5593.5
2252.5
10415.5
5505.5
4595.5
2843.0
257.0
1864.0
9313.5
927.5
3973.5
2502.0
7761.0
4028.0
3510.5
5833.5
1836.5
9541.0
546.0
1350.0
1875.5
1766.5
8994.0
2375.0
541.0
1526.5
2067.0
2062.5
2580.5
68.0
0
4466.0
5486.5
1923.0
927.0
3194.5
1207.5
3386.0
5322.5
68.0
4061.5
4943.0
68.0
163.0
3202.0
600.5
2598.0
9141.0
1502.5
537.5
1631.5
629.0
2770.0
2084.5
2264.0
1112.5
458.0
68.0
1771.0
2064.5
8024.0
6803.5
2546.5
2615.0
8299.5
438.5
9579.5
3980.0
1294.0
620.5
3877.0
68.0
68.0
68.0
257.0
6467.5
4012.5
68.0
1038.5
646.0
738.5
4268.0
1597.0
3740.0
860.5
5566.0
946.5
9951.5
2953.5
1773.0
68.0
3569.0
908.0
163.0
3565.0
0
911.5
1546.0
1687.5
68.0
5321.5
2989.0
68.0
438.5
1335.5
2059.0
2565.0
1394.5
4842.5
1109.0
2701.0
5003.5
1393.5
1146.5
271.0
543.5
2745.0
2375.5
0
438.5
7993.5
68.0
646.0
4457.5
1123.5
533.5
927.5
1906.0
173.0
1036.0
993.5
1772.5
4068.0
163.0
2195.5
2298.0
1913.5
12037.5
3807.5
738.5
13078.0
68.0
8397.0
5042.5
68.0
928.0
11108.5
9463.5
10335.0
4122.5
68.0
1390.5
4154.5
68.0
1441.0
7281.0
4934.5
68.0
1034.0
3740.5
4533.5
68.0
4744.5
3787.5
438.5
4460.5
2435.0
68.0
14732.0
6676.0
755.0
8177.0
2473.5
714.5
7037.5
68.0
5356.0
3346.5
1327.0
68.0
543.5
68.0
3454.0
68.0
7481.0
1106.5
68.0
2739.5
68.0
3539.5
9122.0
2699.0
68.0
1146.5
1909.5
0
3405.5
2265.0
13021.0
5777.5
1019.0
3539.5
646.0
68.0
1568.0
3041.5
2062.0
3590.0
1207.0
10680.0
2241.0
537.5
1053.0
614.0
591.0
163.0
1511.5
1368.5
2602.0
534.5
8142.0
2077.0
10090.0
68.0
68.0
4427.0
2355.0
5774.5
646.0
6960.0
3883.0
8104.5
4679.0
5207.5
942.5
1503.0
8044.5
4447.0
68.0
5717.0
2277.5
7059.5
7017.5
5323.5
2248.0
4473.5
4010.0
2572.0
504.5
719.0
6278.5
68.0
15631.5
736.0
892.5
2725.5
163.0
2267.0
1409.5
2757.0
7606.5
1431.5
738.5
2286.0
11296.5
68.0
1334.5
68.0
348.5
1566.5
11607.5
1126.0
6883.5
2929.5
68.0
458.0
438.5
4234.5
6726.0
2734.0
68.0
3381.5
10900.5
68.0
5998.5
68.0
919.5
4191.0
10575.0
1868.0
3907.0
10304.0
629.0
2644.0
1444.0
1119.5
173.0
0
2556.5
3300.5
68.0
15517.0
4131.0
2717.5
11019.5
1809.0
1522.0
2261.0
68.0
18795.5
6975.0
3406.0
3036.0
1211.5
0
68.0
5516.0
332.0
3139.0
8234.0
68.0
11684.0
257.0
68.0
2645.0
438.5
4051.5
1899.5
5609.0
68.0
4031.0
68.0
68.0
68.0
7632.5
68.0

1764.0
1698.0
8595.5
646.0
736.0
1697.0
6016.5
4277.0
3295.5
1986.5
1016.5
348.5
5840.5
4137.5
10443.0
8078.0
537.5
4441.5
4075.0
15833.0
1017.5
8591.0
629.0
2528.5
68.0
16650.0
68.0
1036.0
3996.0
257.0
68.0
12554.5
521.0
9910.5
17500.5
521.0
3064.0
891.5
3560.0
2529.0
4164.0
2243.5
7399.5
3770.0
646.0
4889.5
4005.0
68.0
7530.5
4095.0
1984.5
4482.0
3142.0
68.0
4680.0
68.0
68.0
17533.5
1603.5
0
68.0
446.0
68.0
458.0
736.0
2584.0
3531.5
5478.0
1882.5
3217.0
2068.0
848.0
1411.0
9853.0
2437.0
3243.5
68.0
4047.0
50.0
4101.5
4012.5
68.0
4646.0
163.0
1798.5
3253.0
17441.0
1017.5
4450.5
1789.5
2223.0
458.0
1964.0
1128.5
173.0
612.5
719.0
1505.0
3707.0
1113.0
1300.0
2075.5
332.0
68.0
3235.5
1786.0
1049.5
68.0
3609.5
4549.5
2367.0
68.0
7526.5
11625.5
68.0
1796.5
8396.5
1335.0
1204.0
68.0
1036.0
68.0
8987.0
68.0
3131.5
1016.5
11201.5
5219.5
5564.0
5324.0
14281.0
1837.0
1118.5
1614.5
988.0
8889.5
4738.0
4808.0
68.0
68.0
1859.0
2303.5
1115.5
1522.0
3543.5
1107.0
2106.5
529.0
68.0
68.0
163.0
5536.0
4108.0
163.0
348.5
0
1959.5
1005.0
1948.5
3391.0
68.0
1093.0
68.0
68.0
1791.5
6242.0
4012.5
15753.5
784.5
2435.5
68.0
1417.0
68.0
2727.0
10255.5
1496.5
1473.5
5060.0
1224.0
8470.5
3391.0
8877.0
1167.0
10342.5
541.0
3677.0
1491.0
68.0
2860.0
4438.0
438.5
458.0
2139.5
9483.5
68.0
4681.5
68.0
348.5
10726.5
4199.0
4539.5
68.0
4642.5
1505.0
4589.5
2238.5
4094.5
3264.0
68.0
12530.0
5592.0
821.5
1412.0
68.0
20109.0
1315.0
2737.5
2462.5
3422.0
1425.0
68.0
5622.0
8080.0
8041.0

914.0
4627.5
0
18067.0
926.5
458.0
163.0
3521.0
348.5
1429.5
4958.0
1499.0
0
1529.0
2895.5
7457.5
68.0
68.0
927.5
6598.5
4743.0
68.0
4186.0
2674.5
612.5
8565.0
537.5
3407.5
68.0
14398.0
1445.0
6345.5
3573.5
68.0
4441.5
6140.0
3281.5
3333.0
7848.5
68.0
2358.5
3443.5
0
663.0
3686.0
7691.5
6410.0
5370.5
2277.0
4961.5
11084.0
1427.5
10313.0
7990.5
5999.0
5089.5
458.0
4822.5
14726.0
68.0
365.5
8722.0
68.0
5093.5
1882.0
818.0
6917.5
257.0
16661.5
1668.5
5595.5
365.5
68.0
4556.0
4613.0
68.0
68.0
68.0
7961.5
68.0
1304.0
2783.0
6048.0
7858.0
10974.5
3718.0
4448.0
14376.0
3413.0
0
1945.0
1470.5
2014.5
3122.0
68.0
1336.0
68.0
460.5
3708.0
1588.5
3664.5
1875.5
10290.5
3106.0
2344.0
365.5
5220.5
1038.0
68.0
1343.0
4280.5
6736.0
1331.5
2201.0
993.5
6830.5
6781.5
4719.5
1869.0
1932.5
9083.0
68.0
1126.0
68.0
9290.5
458.0
7225.5
365.5
4546.5
633.5
736.0
1072.5
2372.5
1001.5
8578.5
6678.5
68.0
1073.0
4765.0
1208.5
15094.5
6381.5
629.0
470.5
68.0
7246.5
4247.0
10298.0
68.0
2723.0
2958.5
5941.5
12245.0
537.5
4081.5
68.0
1496.5
3907.0
438.5
524.0
2798.0
1115.5
68.0
8541.5
537.5
68.0
2313.0
1338.5
451.0
2815.0
2376.0
68.0
8666.0
4172.0
68.0
4874.5
438.5
6165.0
736.0
5363.5
5527.0
5785.0
3189.0
1023.5
1024.0
554.5
18298.5
3441.5
1505.5
4660.0
12937.0
2415.0
4272.0
629.0
348.5
173.0
3522.0
1113.0
901.0
906.0
597.5
68.0
68.0
6709.5
9111.0
5334.5
5328.0
10141.5
2860.0
3334.0
9850.0
0
961.0
68.0
1968.0
16028.0
2380.5
3650.5
13860.5
8284.5
16722.0
4103.0
68.0
18398.5
2173.5
458.0
271.0
3089.5
1799.5
614.0
6780.5
3995.0
7748.0
7595.5
60.5
68.0
4189.0
68.0
24210.5
68.0
68.0
1315.0
534.5
5349.5
1102.0
9686.0
443.5
6795.5
1854.0
2363.0
68.0
9222.5
1053.0
2804.5
5526.0
163.0
4680.0
1056.0
8635.5
348.5
163.0
9993.0
1504.5
68.0
553.0
3002.5
646.0
8238.5
2048.0
947.5
4533.5
1582.0
68.0
734.0
153.5
6213.0
8125.0
10502.0
2873.5
1089.5
4826.5
6174.0
5882.0
2840.5
68.0
271.0
68.0
4761.5
2281.0
5183.0
6387.0
2661.5
21024.0
2094.0
2811.0
7382.0
68.0
1485.5
5041.0
1974.5
9434.0
8363.0
5796.0
68.0
68.0
4878.0
9844.5
8611.0
1225.0
985.0
2771.0
9465.0
909.5
3762.0
1366.0
524.0
1489.0
0
12525.5
4085.0
5171.0
68.0
3607.5
2100.5
1479.0
4446.5
2293.5
3147.5
68.0
4491.5
4897.0
4447.5
5514.0
68.0
2810.5
14152.0
1971.5
2405.0
1126.0
4576.0
3125.0
8124.5
68.0
1000.0
850.5
4019.5
7505.5
2382.5
3223.5
68.0
1569.5
68.0
7173.5
6283.0
4628.5
2552.5
68.0
2236.0
4073.0
438.5
68.0
68.0
68.0
1789.5
68.0
68.0
68.0
1894.5
2749.5
2350.5
0
2284.5
68.0
7589.0
939.0
4470.0
68.0
5039.5
1224.0
68.0
1869.0
0
2934.0
2376.5
4075.0
5080.5
68.0
4890.5
68.0
15780.0
537.5
68.0
0
348.5
17882.5
0
153.5
1585.5
11302.0
5313.5
7727.5
1387.0
6364.5
1501.5
2563.5
2359.5
6038.0
1578.0
68.0
7800.5
7076.5
2922.5
1019.5
68.0
2813.5
9533.0
2450.5
537.5
7330.0
1687.0
68.0
2302.5
9136.0
1968.5
3330.5
1681.0
5384.5
9667.0
7607.0
944.5
3782.5
520.5
2587.0
438.5
332.0
438.5
3165.5
12010.5
3134.0
3059.0
271.0
0
526.0
2594.0
4447.5
1582.0
6677.0
1213.0
1393.0
68.0
2794.0
8112.0
68.0
2231.0
1126.0
1896.0
68.0
543.5
533.5
0
3710.5
10186.5
68.0
7392.0
2187.0
629.0
0
1054.5
2958.0
4009.0
4502.0
8700.0
12521.0
13861.5
6926.5
10234.5
1133.5
3349.5
68.0
2261.5
4370.5
1578.0
0
2267.5
438.5
3314.5
68.0
4710.5
537.5
2355.0
1548.5
2027.0
68.0
0
5357.0
0
1096.0
2314.0
15101.0
6773.0
2734.0
2752.5
458.0
7782.5
2320.5
68.0
3203.5
3396.0
1333.5
531.5
6211.5
6781.0
4021.0
6502.0
961.0
1098.5
68.0
68.0
20519.0
926.5
1104.5
8599.0
943.5
68.0
63.0
9972.0
8024.0
12088.0
163.0
1350.5
1511.5
3715.0
19962.5
163.0
6250.0
6441.0
952.5
68.0
973.0
68.0
8072.5
3703.5
68.0
68.0
663.0
1016.5
10211.5
68.0
12317.0
2316.5
19979.5
68.0
3600.5
3349.0
443.5
1478.5
4102.5
5327.5
2730.0
910.0
4819.5
2846.0
1916.0
68.0
629.0
3251.5
68.0
4872.0
2438.0
6875.5
1387.0
11149.5
2708.0
0
1523.0
4971.0
68.0
1506.0
4070.5
1589.5
6199.0
3009.5
5619.0
3689.0
257.0
7897.5
2326.0
1982.5
4690.5
1878.5
8095.5
8007.5
4949.5
1890.5
4819.5
9725.5
1224.0
6908.5
2733.0
68.0
68.0
3481.0
14384.5
7307.0
13744.5
1655.5
6063.0
4638.0
12438.5
2394.0
1010.0
163.0
521.0
68.0
8745.0
1132.5
68.0
1856.5
348.5
68.0
68.0
9000.5
943.5
2414.0
2679.5
438.5
5032.0
1406.5
3867.0
2560.0
68.0
2893.0
629.0
68.0
7650.5
1428.5
68.0
1910.5
7605.0
1428.5
524.0
7394.0
6344.0
68.0
68.0
13786.0
5874.0
1029.5
1394.0
4893.5
68.0
1089.5
620.0
3753.5
2347.0
4909.0
68.0
68.0
1147.5
10280.5
6219.5
4153.0
2303.5
2472.5
8880.0
68.0
1385.5
663.0
5822.0
3183.0
1111.5
7199.5
7318.0
646.0
1472.5
1335.5
738.5
1396.0
3210.0
13377.0
5384.5
719.0
3456.0
6284.5
2097.5
16962.0
68.0
7471.0
3975.5
0
1670.5
2916.5
68.0
8500.5
1797.5
2616.5
9729.5
68.0
3763.0
68.0
68.0
68.0
0
1820.0
2938.5
1406.5
904.0
4481.0
163.0
68.0
1884.5
1133.5
3559.0
999.5
3231.0
7151.0
1038.5
3643.0
1859.5
1443.0
8102.0
8922.0
7013.0
243.5
537.5
68.0
1017.5
4955.0
163.0
1687.0
68.0
3234.0
7244.0
8046.5
2628.0
809.0
5469.0
3540.0
622.5
3399.0
926.5
4104.0
22643.0
153.5
3325.0
1019.0
1149.5
2622.0
23846.5
2094.0
68.0
2701.0
1129.5
7761.5
0
12043.5
2733.0
68.0
68.0
68.0
68.0
6876.0
365.5
2970.0
5008.0
6411.0
6791.5
5978.5
2843.5
12621.0
8964.0
68.0
3539.5
524.0
3302.0
2285.5
14432.0
10639.5
15605.0
5067.5
0
0
9858.0
2755.0
0
4974.0
68.0
458.0
5117.0
14791.0
2645.5
3154.0
5181.5
6335.0
1121.5
365.5
68.0
68.0
7697.5
8.0
6541.5
2002.5
3728.5
3192.0
1130.0
891.5
2867.0
68.0
153.5
1196.0
68.0
5504.0
458.0
1472.5
2235.0
365.5
68.0
68.0
12658.5
1518.5
68.0
2687.5
68.0
2465.0
1033.5
3312.0
438.5
10498.5
2504.0
1150.0
910.0
163.0
1036.0
68.0
1894.5
3135.0
4877.0
2596.5
12525.5
68.0
5385.5
4510.5
1910.0
271.0
4075.5
1126.0
4147.5
5510.5
68.0
11759.5
2962.5
3308.0
68.0
3995.5
9557.5
68.0
10791.0
6482.0
1876.5
3835.5
7625.5
2635.0
3989.0
3199.5
348.5
5878.0
1089.5
947.0
6042.5
2780.0
5638.5
7197.5
1891.5
1680.0
1504.0
68.0
68.0
11707.0
29.0
6441.0
12210.0
10557.0
1377.5
2989.0
2851.0
2353.5
68.0
4546.0
5381.0
16905.5
534.5
3634.5
4880.0
68.0
5554.0
534.5
2239.0
8949.0
7777.0
1143.5
2989.0
68.0
68.0
1411.5
68.0
68.0
1872.5
719.0
6287.0
7654.5
939.0
68.0
1427.5
1038.5
944.5
5245.0
4756.5
2160.0
663.0
68.0
1496.5
1343.0
4540.5
3674.5
25998.0
68.0
68.0
68.0
68.0
6331.5
2963.0
163.0
68.0
2478.0
1406.5
68.0
2003.5
927.5
2872.5
6441.5
6924.0
2417.5
2128.0
68.0
6564.0
5786.0
5399.5
2658.5
11586.0
12275.0
1947.0
1800.0
458.0
5377.0
1014.0
5504.0
2674.5
11218.0
3471.5
68.0
2745.0
68.0
68.0
5783.0
7000.5
2457.0
629.0
6410.5
68.0
9202.0
1952.0
68.0
4000.0
4623.0
20188.0
1019.0
3574.0
1132.5
2947.5
365.5
68.0
7690.5
438.5
663.0
4168.5
1765.0
3215.0
348.5
13964.5
3691.5
1381.0
2212.5
2926.0
6248.0
11210.5
5842.5
2282.0
11654.0
68.0
68.0
3411.5
68.0
8605.0
3365.0
9871.5
3553.5
2002.0
537.5
629.0
6645.5
2170.0
1488.0
1129.0
738.5
5651.5
6524.5
629.0
6215.0
68.0
68.0
68.0
537.5
68.0
68.0
68.0
5000.5
1346.0
453.5
738.5
5340.0
1952.5
6603.5
9375.5
8487.5
1222.5
3666.5
10912.5
68.0
2942.5
1980.0
60.5
6708.5
7573.0
6793.0
16106.0
8567.5
5994.0
365.5
4246.0
1784.0
438.5
13837.5
7844.0
14746.5
5783.5
1490.0
3149.5
1029.0
2435.0
2664.0
4938.5
68.0
68.0
1595.5
68.0
5006.5
4053.5
3984.5
6780.5
9759.0
1017.5
1504.5
5225.5
4455.5
4104.0
4983.5
2346.5
3845.0
4080.0
1107.0
2566.0
5049.0
1006.0
3221.5
943.5
4008.5
8516.0
1354.0
4129.0
60.5
68.0
1132.5
15191.5
8108.0
638.5
15.5
458.0
68.0
722.0
15729.5
4362.0
2831.5
2332.0
7968.5
5964.0
67.5
68.0
1509.0
3268.5
68.0
68.0
2097.0
2718.0
1439.0
4697.0
7637.0
2090.5
4881.5
3582.0
3206.5
3169.0
22870.5
9447.0
12044.0
641.5
68.0
4117.0
68.0
68.0
68.0
10396.0
68.0
7187.5
4467.0
2364.0
4650.0
5495.0
7540.0
2806.5
68.0
68.0
68.0
163.0
5273.0
365.5
2679.5
939.0
6470.5
524.0
10827.5
1015.0
6083.5
163.0
1019.0
0
68.0
7108.5
2858.0
8011.5
1039.5
21961.0
2940.0
534.5
4193.5
2458.5
15606.0
1758.0
4431.5
6694.5
629.0
68.0
2525.0
68.0
68.0
17321.0
5392.5
4987.0
68.0
8173.5
3511.5
8879.0
4151.5
1016.5
438.5
68.0
68.0
19597.5
12471.0
6966.5
926.5
3700.0
2602.0
3707.0
7284.0
1019.5
8479.5
738.5
627.5
953.5
11552.5
2777.0
5134.0
3690.0
1146.5
6522.0
8583.0
68.0
3144.0
68.0
2611.0
17927.5
12079.5
543.5
8.0
13062.0
2273.0
68.0
163.0
3733.5
68.0
1413.5
2175.0
1103.0
163.0
1567.0
2915.0
2250.5
13972.0
1499.0
1229.0
1036.0
11987.0
0
7500.0
13405.0
1770.0
5491.5
3502.0
2114.5
68.0
11144.5
163.0
153.5
1982.0
3253.5
0
10207.5
3594.5
68.0
9761.0
5347.5
3287.0
2582.0
2673.0
2381.5
68.0
6736.5
15656.5
68.0
4058.5
1246.0
3512.0
3594.5
68.0
68.0
68.0
2282.5
1056.0
3219.5
7092.0
6448.5
68.0
926.5
9000.5
5873.5
2737.5
3150.0
4024.0
7461.0
68.0
470.5
3189.5
3640.0
257.0
2448.5
68.0
1036.0
11562.0
10731.5
4956.5
3579.5
68.0
7543.5
7865.0
68.0
3576.0
927.5
6834.0
999.5
427.0
6045.0
10796.5
3059.5
1911.5
4185.5
1878.5
6421.5
2693.0
1128.5
1783.5
68.0
2841.0
5688.5
2098.5
2235.5
5622.5
629.0
3552.5
5016.0
3141.0
6308.0
68.0
4703.0
8461.0
1505.5
10782.0
68.0
271.0
1772.5
924.5
5150.5
1208.0
68.0
848.0
10761.5
1775.5
5816.0
4034.5
6180.5
815.5
3224.5
4443.0
10804.5
6831.0
4050.0
7208.0
68.0
1402.0
13453.0
537.5
5022.0
1873.5
458.0
2692.5
1002.5
5941.5
17840.5
925.0
3762.5
1094.5
4086.0
458.0
5467.0
2282.0
926.5
458.0
1225.0
646.0
2443.0
4153.0
10375.5
2032.0
68.0
614.0
4436.5
1344.5
1648.0
1503.0
4672.0
348.5
5441.0
9777.5
11237.0
2067.5
11641.5
1036.0
68.0
13961.0
68.0
2198.5
68.0
1578.0
68.0
9861.5
68.0
11166.0
1885.0
2658.0
719.0
7225.5
348.5
13760.5
1694.5
68.0
68.0
3958.5
5867.0
9467.0
2921.5
1972.0
365.5
2075.0
1604.0
629.0
5453.5
958.5
534.5
68.0
1190.5
1423.5
4909.5
1691.5
7240.0
3662.5
19324.0
629.5
3695.5
68.0
68.0
629.0
2716.0
2793.0
1019.0
3192.0
68.0
2380.5
3109.5
10846.0
0
348.5
3549.5
4957.5
13185.5
68.0
68.0
3444.0
908.0
952.0
537.5
1414.5
6997.5
646.0
3245.0
6732.0
10435.5
8493.0
3732.0
2402.0
17828.5
12105.0
12706.5
68.0
68.0
629.0
5359.5
9203.5
458.0
2032.5
5389.0
4331.0
68.0
627.5
438.5
7963.0
824.0
5685.5
8107.5
5834.5
12211.0
78.0
348.5
1576.5
543.5
4105.0
6789.5
2342.0
1535.5
12360.0
4279.5
3127.0
2361.5
68.0
1796.5
6865.5
68.0
1138.5
1863.0
541.0
68.0
2742.5
1593.5
10564.0
0
9302.5
2558.0
5817.0
68.0
2090.5
14499.5
68.0
348.5
68.0
2324.5
438.5
941.0
11522.0
9857.0
3639.0
68.0
14265.0
1889.0
68.0
1503.0
3692.0
841.0
1150.0
6337.0
2577.5
1597.0
7994.5
4132.5
629.0
2305.5
1829.5
68.0
2810.5
68.0
68.0
1019.5
7535.0
6223.0
3629.0
3100.5
9375.5
2361.0
2965.5
68.0
6018.0
1102.0
68.0
68.0
3378.0
11527.5
4020.5
243.5
4915.0
4486.5
1210.5
68.0
2077.0
14678.5
1578.5
9737.0
3137.0
9779.5
6216.0
4677.0
3117.0
5330.0
1430.0
68.0
3741.5
458.0
8446.5
68.0
565.5
68.0
614.0
11719.0
4244.5
163.0
1445.0
68.0
1387.0
68.0
4909.0
2100.5
3517.0
4499.0
365.5
3640.0
1053.0
68.0
1224.0
5486.0
3253.0
8967.0
1780.0
1521.5
943.5
2117.5
2821.0
4071.0
3035.0
755.5
553.0
7704.5
2361.0
0
438.5
35.0
868.0
4065.5
2717.5
3233.0
1225.0
1019.0
7567.5
5518.5
5592.0
3657.0
5012.0
1224.0
1501.5
12931.0
3359.5
1323.5
1859.5
5908.5
4973.0
3711.0
904.0
2284.5
524.0
5057.5
0
4542.5
1019.5
438.5
612.5
3091.5
1223.0
1852.5
15864.0
1031.0
0
68.0
4061.5
1132.5
68.0
4248.0
68.0
1424.0
4995.5
9078.5
68.0
40.5
1875.5
4632.0
3050.0
989.5
0
365.5
6793.0
3775.5
68.0
16494.5
1019.0
2332.0
2481.0
68.0
5079.0
153.5
68.0
5307.5
68.0
12114.5
1957.0
930.0
4553.0
68.0
8064.0
8617.5
3607.5
438.5
10299.0
2763.5
3610.5
738.5
68.0
1489.5
68.0
5456.0
629.0
2672.5
22759.0
6860.5
68.0
1412.0
5271.5
2208.0
0
4959.0
3227.0
4141.0
2358.0
11987.5
1313.0
1684.5
68.0
9765.5
3498.5
4563.0
10147.5
7006.0
68.0
943.5
4509.5
6058.5
2417.0
68.0
4527.5
5456.0
1051.0
1954.0
0
4912.5
68.0
3159.0
163.0
68.0
2047.5
2397.0
6265.0
22.5
68.0
0
4593.5
1591.5
3502.5
68.0
9030.5
8079.0
2004.0
2645.5
646.0
11553.0
1690.0
13780.5
933.5
68.0
1516.0
663.0
1150.0
68.0
438.5
438.5
1109.0
21367.5
1493.5
553.0
68.0
2946.5
68.0
612.5
1409.0
12485.5
2627.0
2765.0
1426.5
3628.0
2241.5
612.5
5705.5
7659.5
68.0
514.5
7656.0
614.0
2548.0
16951.5
3503.0
7986.5
3295.5
0
2820.5
1482.0
7986.0
24558.5
1036.0
3038.0
19464.0
15238.5
163.0
5945.5
0
68.0
8023.5
68.0
2240.5
3897.5
2578.0
6972.5
68.0
4499.0
6958.5
6737.0
0
68.0
934.0
68.0
2558.0
4925.0
68.0
8078.0
365.5
0
3685.0
10780.5
68.0
8080.5
4087.5
5957.5
809.0
2192.5
7635.0
12426.0
1398.0
4649.5
1208.0
3295.0
68.0
2748.5
5445.0
1561.0
5666.5
8453.5
3571.5
1409.5
2275.5
68.0
2063.5
4671.0
163.0
68.0
68.0
11515.5
1487.5
11534.0
10874.5
898.5
9813.5
10491.5
1768.0
7441.0
68.0
22781.0
257.0
5437.0
68.0
12952.5
8903.0
1153.5
1414.5
1869.0
1363.5
438.5
2538.0
68.0
835.0
10609.5
2566.0
6199.5
7576.5
4685.0
1504.5
13560.0
68.0
10564.5
9985.0
1970.5
1489.5
1967.5
5200.0
348.5
21354.0
0
3243.0
6752.5
3650.0
2342.5
3241.5
4150.5
68.0
8368.5
612.5
5089.5
3791.5
68.0
13093.0
348.5
1660.0
68.0
1115.5
7394.5
0
10581.0
15705.5
1488.5
163.0
2051.0
12660.0
8868.0
0
10703.5
543.5
533.5
9632.0
68.0
1221.0
3182.5
1033.5
0
2079.5
68.0
10772.5
457.0
2914.5
927.5
5044.5
68.0
68.0
926.5
6241.0
1872.0
2255.5
458.0
68.0
629.0
3979.0
0
3165.5
68.0
3181.0
911.0
0
0
3324.5
5996.0
1314.0
960.5
0
719.0
9245.5
4088.5
2186.5
629.0
68.0
0
68.0
6518.5
2343.5
11563.0
4559.0
629.5
8004.5
348.5
348.5
4843.0
2745.5
68.0
68.0
13532.0
1053.0
12131.5
1939.5
8395.0
1895.5
3388.5
4657.5
7530.0
614.0
5432.5
5556.5
11122.0
1787.0
438.5
13726.5
1958.0
1613.5
1807.0
68.0
4747.0
6920.0
5508.5
2226.5
3122.5
4469.5
1346.0
68.0
2355.5
1873.5
18738.5
1109.0
68.0
832.0
4970.0
10288.0
8908.0
68.0
11053.0
5533.0
0
22448.0
8469.0
68.0
2717.0
15335.0
21910.5
2777.5
2770.5
2971.5
16013.0
7340.0
68.0
4996.0
2212.5
12012.5
1496.5
7464.0
3119.5
7723.0
3544.5
2447.0
9032.0
1102.0
2580.0
163.0
68.0
5975.5
15171.5
892.0
1033.5
1292.0
0
6929.0
4191.5
6003.5
1519.5
2262.5
910.0
1110.0
1975.0
68.0
5508.5
612.5
13645.0
2772.0
1131.0
153.5
163.0
2002.0
1392.5
2664.5
943.5
14357.5
3080.5
10190.5
1016.5
68.0
1211.5
1022.0
7987.0
3214.5
0
3791.5
7185.5
68.0
4075.5
14193.5
4098.0
18262.5
2093.0
1909.5
2670.0
663.0
3998.0
3580.5
1323.5
68.0
2282.5
68.0
1128.5
68.0
68.0
1817.5
7713.0
8683.5
7999.0
68.0
1817.0
10803.0
68.0
753.5
68.0
3549.0
1580.0
2396.0
736.0
4500.0
3589.0
2786.5
4449.0
1841.5
2219.0
18696.5
2837.5
1128.5
4302.5
3214.5
7576.0
271.0
1981.0
2759.5
0
0
1036.0
68.0
2739.5
612.5
1404.0
2159.0
5921.0
3769.0
2472.5
0
2736.0
9154.5
8964.0
163.0
68.0
438.5
68.0
755.5
4518.0
5603.0
931.0
2566.0
13417.0
257.0
5884.5
1036.0
2364.0
8266.5
3164.0
3379.5
163.0
13830.0
629.0
9431.0
3200.0
3985.5
68.0
68.0
2590.5
7310.0
163.0
7213.5
758.0
0
7611.0
612.5
68.0
646.0
5175.5
6302.5
257.0
4521.0
5203.5
1156.0
1980.0
7601.5
68.0
6966.5
0
2568.0
9929.5
68.0
5601.5
2723.5
9862.0
3543.5
943.5
3184.0
629.0
0
15104.0
5468.5
163.0
3650.0
1128.5
3593.5
7233.5
1801.5
4093.0
1039.5
534.5
10560.0
2687.0
438.5
438.5
5426.0
68.0
1522.5
6472.5
438.5
68.0
8238.0
6058.0
5046.0
521.0
1192.0
4542.5
947.5
3152.5
2072.5
1458.5
4089.0
2747.0
10542.0
1106.5
3350.0
1021.5
2363.0
9845.0
12064.5
6812.5
10657.5
1419.0
8079.5
7829.5
4828.0
2063.5
0
68.0
4438.0
4021.5
348.5
5854.5
4011.0
1366.0
1869.0
1431.5
1573.5
5065.5
68.0
914.0
11307.5
68.0
68.0
68.0
4103.5
3195.5
5007.5
1597.5
1958.0
2919.0
1014.5
68.0
7755.0
68.0
1409.0
1850.0
3061.0
1085.5
163.0
68.0
7731.5
3426.5
68.0
943.5
4715.5
68.0
1355.5
7652.0
1509.0
8054.5
68.0
68.0
1036.0
68.0
3210.5
1573.5
6941.0
4625.0
365.5
4427.0
68.0
1792.5
68.0
163.0
8985.5
68.0
1850.5
2211.0
7627.5
2238.5
2442.0
0
2246.0
1378.0
6973.5
163.0
1773.5
6015.0
1121.5
3054.0
257.0
4603.0
1505.0
6137.5
2528.5
533.5
1342.5
4944.0
153.5
1215.5
163.0
5421.0
1878.0
2001.0
6531.0
68.0
7529.5
832.0
1053.0
5868.5
163.0
1094.5
12108.5
68.0
68.0
81.5
717.5
68.0
68.0
1489.5
7590.5
8451.0
1865.0
7933.5
68.0
257.0
68.0
68.0
543.5
6655.5
68.0
6662.0
0
1300.0
3121.0
443.5
153.5
736.0
3596.0
1492.0
438.5
1019.0
68.0
2456.5
68.0
940.0
6824.5
9463.5
9661.0
6166.5
4064.5
6119.5
1016.5
4417.0
2262.5
68.0
163.0
3221.5
1575.5
348.5
11328.5
4475.0
3907.0
68.0
1469.5
68.0
6011.0
1019.5
1038.5
2707.5
68.0
68.0
1797.0
163.0
163.0
3113.5
68.0
68.0
2696.5
722.0
928.5
458.0
1078.0
4003.5
6882.5
4951.5
68.0
68.0
438.5
3338.5
2671.0
1983.0
5946.5
1778.5
1112.5
884.5
8652.0
12876.0
1971.5
1349.0
68.0
0
0
2473.5
543.5
1987.0
68.0
4489.5
2282.0
68.0
458.0
1506.5
173.0
68.0
2365.5
163.0
3565.0
1796.5
6348.0
9846.5
1878.5
6839.0
68.0
1016.5
4502.5
3601.5
1053.0
13295.0
68.0
68.0
2355.5
10731.5
348.5
1951.0
3269.0
2316.5
68.0
68.0
2576.0
4464.5
10002.5
163.0
6913.0
8987.0
5951.0
163.0
736.0
7630.0
4140.0
3116.5
5253.5
6208.5
10209.0
629.0
68.0
3343.0
6285.5
68.0
21608.5
909.5
68.0
4970.0
1322.0
9360.5
4162.0
3181.5
14745.0
68.0
11116.0
2440.5
2462.0
68.0
68.0
2788.5
68.0
1768.5
2036.0
1771.0
5118.5
5088.0
3118.0
12204.0
3961.5
2271.0
12123.0
13604.5
68.0
1839.0
257.0
1109.0
6179.0
1872.0
1416.5
438.5
738.5
3301.0
68.0
3220.5
163.0
10290.0
68.0
2122.0
2169.0
68.0
736.0
2508.0
438.5
528.0
1314.5
524.0
10284.5
3696.0
1109.0
6065.5
2111.0
68.0
1930.0
1878.0
163.0
257.0
3936.0
896.5
5783.0
5526.5
4051.0
68.0
1569.5
616.5
5977.0
3515.0
641.5
68.0
68.0
1016.5
1410.0
9944.0
4199.5
3213.0
942.5
6344.5
68.0
271.0
68.0
2094.0
153.5
1935.5
1455.5
68.0
740.5
7105.5
1016.5
722.0
1447.5
2936.5
419.5
1629.0
850.5
68.0
153.5
7608.0
4867.0
894.5
5907.5
68.0
68.0
15133.0
11545.0
2652.5
4666.5
68.0
2948.5
2019.0
1143.5
1878.5
833.5
1606.0
14675.5
7751.0
14157.5
1412.0
5005.0
2282.0
68.0
68.0
911.5
943.5
68.0
4440.5
4099.0
2832.5
68.0
68.0
163.0
163.0
68.0
2201.5
68.0
68.0
3221.5
365.5
636.0
4119.0
12738.0
8803.5
646.0
68.0
4457.0
68.0
4052.0
5145.5
348.5
1027.5
7253.0
68.0
3510.5
883.5
5343.0
1878.5
10301.5
2413.0
5692.5
526.0
4999.0
271.0
1921.0
1792.0
1012.5
1776.0
68.0
68.0
6517.0
11519.5
1038.5
734.0
4623.5
153.5
3297.0
11245.5
1353.0
1184.5
150.0
2378.5
3696.5
6314.5
7271.0
12647.0
348.5
4150.5
1834.5
2580.0
68.0
5506.0
3207.0
1095.0
5031.0
1996.0
12982.5
4656.5
163.0
68.0
641.5
10275.5
68.0
68.0
11252.0
3212.0
68.0
68.0
1051.0
2061.0
3378.0
3793.0
173.0
1548.5
0
2258.0
722.0
3360.0
5565.0
0
2819.5
4551.5
68.0
9897.0
1427.5
6675.0
1111.5
6947.0
7443.5
68.0
4263.5
163.0
11408.5
8848.0
68.0
1314.0
6878.0
68.0
458.0
1592.5
68.0
2414.5
4429.5
2099.5
4750.5
1802.0
1349.5
3954.5
5823.5
68.0
1867.0
7943.0
348.5
3556.5
1574.5
3133.0
9801.5
1916.0
2447.5
9024.5
1126.0
153.5
2355.0
68.0
2599.5
16430.5
12953.5
6246.0
257.0
554.5
3302.5
68.0
68.0
1595.0
68.0
11705.5
6650.5
68.0
7181.5
619.0
257.0
3572.5
4559.0
5999.5
1409.0
11805.5
736.0
1099.0
2758.5
4007.0
5781.0
1911.5
68.0
68.0
22579.5
5947.5
1983.5
1473.0
12600.0
14193.5
3178.0
432.5
2877.5
3155.0
2828.0
458.0
163.0
4790.0
5025.0
832.5
6679.0
3295.5
14745.0
1796.5
6328.0
1252.0
68.0
2763.5
1284.0
2865.0
1837.0
2958.5
2945.0
0
5311.5
1035.0
1799.0
5958.5
437.0
7480.0
2832.5
68.0
1475.0
1224.5
1556.0
15762.0
7980.0
1968.5
646.0
3698.0
2375.5
646.0

5066.5
68.0
3425.0
4089.0
3126.5
68.0
1036.0
3697.0
68.0
1030.0
2896.5
1582.0
5815.0
1024.0
2373.5
514.5
68.0
68.0
4483.5
6639.5
5503.5
2004.0
612.5
4044.5
68.0
5671.5
7546.5
5158.0
15731.5
68.0
348.5
68.0
68.0
4015.5
2100.5
3534.5
163.0
68.0
1612.5
8.0
1021.5
8286.5
13892.5
12145.5
68.0
1400.5
2071.5
153.5
68.0
910.0
1595.5
1846.5
3835.0
173.0
2745.5
68.0
8831.0
537.5
2677.5
1875.0
596.5
68.0
1399.5
1099.0
68.0
2636.5
2409.5
163.0
926.5
0
67.5
68.0
1895.5
19630.5
2894.0
5003.0
3208.5
0
1347.5
1393.0
5020.5
2518.5
2298.5
68.0
4251.0
68.0
9555.5
921.5
629.0
10226.5
7571.5
3317.5
1497.0
4503.0
5343.5
8206.5
458.0
4714.5
271.0
1499.0
1146.5
5941.0
68.0
1816.0
68.0
2849.0
809.0
365.5
1019.0
68.0
943.5
8877.0
1873.5
68.0
4909.5
16794.5
646.0
6384.5
12226.5
3300.5
7150.5
3990.0
997.0
1887.5
438.5
7240.0
1667.5
4884.0
68.0
3643.0
3627.0
4369.5
725.0
4906.5
2244.5
68.0
68.0
8147.5
0
10693.5
68.0
68.0
68.0
68.0
1121.5
5641.0
2839.0
6675.5
537.5
4450.0
2662.5
12246.5
2808.5
4150.5
5848.0
850.5
1954.0
5836.0
7547.0
646.0

68.0
9911.0
4626.0
1785.5
1027.5
736.0
6287.0
5776.0
2575.0
2352.5
68.0
3758.5
5469.0
68.0
5557.5
1408.5
13758.0
68.0
5320.5
68.0
2392.0
3149.0
7117.0
629.0
458.0
453.5
663.0
4707.0
10065.5
68.0
1016.5
2355.0
4126.0
2773.5
1786.5
68.0
5130.5
9134.0
1348.5
365.5
2833.0
0
4238.5
68.0
3569.5
5382.5
1114.5
1815.5
9822.5
1336.5
3161.0
163.0

1482.5
3301.5
17437.5
2097.0
4123.5
910.0
1019.5
3268.0
15.5
1016.5
2263.0
438.5
3105.5
1466.0
68.0
1487.5
163.0
1492.0
68.0
1409.0
1111.5
852.0
68.0
365.5
1488.5
68.0
1917.5
629.5
2456.0
68.0
68.0
5570.5
7459.0
17515.0
68.0
68.0
612.5
1390.5
1104.5
1813.5
14313.0
1599.5
348.5
4446.0
1120.0
68.0
537.5

1815.5
68.0
1053.0
1507.0
68.0
68.0
68.0
6869.5
68.0
8605.0
929.5
2931.5
13005.0
719.0
257.0
3233.5
910.0
3680.5
5838.5
4225.5
22769.0
8399.5
3151.5
541.0
6575.5
68.0
3545.5
4947.5
68.0
4849.0
4648.5
2667.5
6103.5
68.0
4450.5
11777.0
1029.0
3895.5
1492.5
68.0
68.0
9356.5
2322.5
3178.0
68.0
1874.5
6283.5
4595.5
5498.5
5558.0
5915.5
1317.0
524.0
2378.5
68.0
9611.5
68.0

2490.0
2306.0
68.0
68.0
537.5
10935.0
7601.0
4590.5
68.0
0
1784.5
68.0
2730.5
68.0
68.0
13464.0
68.0
2171.5
12096.5
2657.0
3572.0
4912.5
5911.5
629.5
4968.5
5916.0
3312.0
1021.5
68.0
2272.0
2442.0
7349.0
612.5
5480.5
3328.5
927.0
10652.5
68.0
926.5
68.0
173.0
68.0
2690.0
7564.5
5181.5
68.0
8551.0
4195.0
68.0
1479.5
5032.0
8965.5
6436.5
1500.0
2247.5
9984.5
163.0
3209.0
6949.5
0
11097.0
9840.0
2715.5
3311.0
910.0
68.0
68.0
9375.5
5435.5
3620.0
11198.0
8034.0
5761.0
68.0
1019.0
3956.5
4885.0
10775.5
1839.5
7658.0
623.0
5357.5
5286.5
943.5
17428.0
3178.0
68.0
18866.0
16077.5
2745.5
1048.5
0
4566.0
944.5
2870.5
68.0
4137.0
173.0
68.0
68.0
68.0
243.5
4487.0
68.0
163.0
3298.0
3102.5
3526.5
3709.5
1146.5
1021.5
5312.0
5915.5
4908.5
68.0
8979.0
8169.0
68.0
1802.0
719.0
68.0
2754.0
9540.0
3006.5
68.0
1387.0
7751.0
68.0
943.5
8866.0
3614.5
2757.0
2699.5
5936.0
543.5
271.0

6258.0
3140.0
5807.5
8216.5
68.0
627.5
68.0
68.0
524.0
12095.0
1102.0
68.0
3583.0
68.0
271.0
1012.0
1907.0
663.0
4463.5
10032.5
68.0
2377.0
6285.0
910.0
458.0
68.0
10499.5
961.0
925.0
2244.5
5077.0
738.5
1128.0
1445.0
1994.0
2378.5
4542.5
4091.5
68.0
4178.0
1124.5
5878.0
68.0
6882.5
68.0
8001.0
2358.5
1126.0
8591.5
11253.5
1892.0
5055.0
10281.5
5526.0
736.0
2469.0
1390.0
1588.5
1975.5
3308.0
68.0
1343.0
2614.0
1126.0
1221.5
11687.0
3215.5
8201.0
3397.5
365.5
1417.0
738.5
3511.5
1876.0
7276.0
68.0
10692.5
9950.5
6846.0
2673.0
14794.0
1907.0
8579.5
9581.5
348.5
6670.5
1578.0
68.0
12058.0
9154.0
68.0
2666.5
629.0
2234.0
4006.0
1413.0
612.5
1616.0
2173.5
2861.0
612.5
4220.0
7797.0
3246.5
68.0
943.5
5044.5
997.5
5009.0
2021.5
0
11631.5
68.0
68.0
8162.5
6706.5
6880.5
4163.5
4940.0
7755.0
173.0
11669.5
68.0
943.5
2225.5
68.0
1344.0
5547.5
10662.0
2265.0
7552.0
9372.0
1114.5
153.5
68.0
10358.5
10681.0
554.5
3592.0
3124.0
5405.5
11259.0
3719.0
2198.5
889.0
2382.0
8559.5
2881.0
68.0
5138.5
4441.5
68.0
6283.5
1119.0
4225.5
68.0
1861.0
8313.5
68.0
458.0
6498.0
68.0
153.5
1961.0
68.0
68.0
7296.0
4901.5
629.0
2768.0
7538.0
1019.0
646.0
10983.5
1597.5
0
1427.0
1673.0
1119.0
3124.5
1207.5
2814.0
1038.0
12592.0
1982.0
4497.5
10641.5
68.0
1785.0
1258.0
1800.0
68.0
4042.5
736.0
4075.5
4041.0
68.0
943.5
3660.5
943.5
3682.5
68.0
6312.0
3106.0
68.0
68.0
6776.0
68.0
1224.5
1126.0
14874.0
77.0
6888.0
3970.5
5052.5
68.0
5045.0
11346.0
68.0
5787.5
15798.0
11169.5
243.5
68.0
6659.0
2250.0
68.0
1892.0
1765.5
4037.0
333.5
460.5
788.0
4699.5
68.0
4512.5
3697.0
2326.5
68.0
2718.0
68.0
2356.0
3599.5
1089.5
6964.5
4089.5
3578.5
541.0
960.5
7039.0
927.5
68.0
4111.0
68.0
9855.0
4172.5
15110.0
15125.5
68.0
524.0
451.0
2361.5
16082.0
68.0
5592.5
1710.5
5063.0
543.5
2057.0
13975.5
1893.5
68.0
11049.0
1128.5
3141.5
927.5
646.0
3456.0
4646.5
11121.5
2001.5
1783.5
5438.0
17859.0
3175.0
1989.0
10692.5
9555.0
18325.5
163.0
9311.0
22711.0
3727.5
2351.0
2012.5
4283.5
68.0
4098.0
1812.5
2667.5
1411.5
458.0
1133.0
942.5
4568.5
7128.0
1115.5
3973.0
3227.5
6241.5
1350.5
1892.5
1503.0
1690.0
3149.0
68.0
68.0
6413.5
3534.5
7090.5
8584.5
8145.0
17433.0
163.0
68.0
1304.5
3781.5
26246.5
8995.5
8996.0
68.0
1016.5
68.0
3204.5
3267.0
2488.0
4039.5
4530.0
3719.5
3055.5
1094.5
163.0
1020.5
4534.5
7627.5
2805.5
163.0
3146.0
5970.0
68.0
5724.5
68.0
554.5
6495.0
9281.5
2187.0
3326.0
68.0
13527.5
722.0
4612.0
2997.0
10257.5
4095.5
6772.0
5495.0
5511.0
1481.5
2804.5
5527.0
7245.0
537.5
6072.0
10656.0
7790.5
2672.0
5419.5
2766.0
927.0
3678.0
5890.5
68.0
1487.5
629.0
3008.5
3587.0
5728.5
10356.0
4148.0
629.0
1409.5
2286.5
9296.0
11669.5
7981.5
3157.5
3135.5
3847.0
1017.5
1867.5
5472.5
13383.5
3094.5
443.5
2077.0
894.5
458.0
68.0

6965.0
5299.5
1224.5
257.0
755.5
68.0
3624.0
4252.5
1521.5
68.0
5100.5
2240.0
7616.5
614.0
5934.5
3392.0
68.0
8891.5
68.0
68.0
8541.5
4447.5
6341.0
5147.5
4892.5
2734.5
15663.5
7100.5
17506.5
2465.5
68.0
1333.5
4266.5
7619.0
1426.0
271.0
9953.0
3227.0
13131.5
6243.5
4564.0
4475.0
2418.5
533.5
4092.0
1022.5
68.0
2064.5
633.5
5542.0
6093.5
11681.5
8184.5
8794.5
2927.0
68.0
4180.5
5321.0
6304.5
9705.5
930.0
18422.0
6303.0
457.0
1872.5
2483.5
6397.0
458.0
17918.5
2648.5
68.0
144.5
3166.0
4501.5
8970.0
9585.0
4993.5
68.0
738.5
1036.0
1208.0
18203.5
35.0
1483.0
4083.5
7572.5
3425.5
1106.5
3670.0
438.5
926.5
163.0
1484.0
1855.5
533.5
2441.0
8987.0
10742.5
5723.5
5905.5
243.5
1588.5
68.0
68.0
5964.0
3316.5
2392.0
13141.0
6389.0
3725.5
1903.5
68.0
16908.0
68.0
614.0
17432.0
8550.0
924.5
4518.0
2319.5
3484.5
1090.0
3623.5
1505.5
2067.5
21865.5
24152.5
3509.0
68.0
16438.5
68.0
7994.0
11233.0
3201.0
14190.0
3633.5
1021.5
2849.5
10432.0
10267.5
458.0
12201.5
68.0
3632.5
1785.0
6395.0
1592.5
5459.0
1597.5
1371.0
6228.0
3208.0
68.0
3122.5
534.5
7336.5
68.0
1132.5
9101.0
943.5
68.0
7295.5
68.0
15656.5
1229.0
17929.0
627.5
4633.0
10402.5
1859.5
3211.0
5369.5
629.5
3912.0
68.0
738.5
3333.0
1793.0
7104.5
1482.0
68.0
68.0
7751.5
1132.5
68.0
4492.0
1036.0
6966.0
4555.0
68.0
8413.0
2422.0
4473.5
3150.0
2239.0
5575.0
68.0
13341.5
2727.5
68.0
3177.5
68.0
7628.5
1765.0
1984.5
2794.0
12735.5
1216.0
2710.0
719.0
906.0
5476.5
1505.0
12520.0
1576.0
348.5
68.0
68.0
68.0
348.5
3683.5
3676.5
1794.0
1499.0
12932.5
5468.5
163.0
7698.0
2280.5
15644.5
0
6230.0
68.0
5526.5
3216.0
6018.0
21293.0
1505.5
2370.5
2499.5
14269.0
4074.0
5478.0
1820.0
1033.0
4939.0
6808.5
68.0
4206.5
163.0
2824.0
68.0
9848.5
68.0
6268.5
68.0
68.0
1597.5
68.0
6681.0
5830.0
68.0
2706.0
10852.0
538.5
755.5
6223.0
1786.5
1583.5
1489.0
3494.0
2564.0
1493.0
68.0
18770.0
1016.5
2436.5
3686.5
14242.0
10461.5
4524.5
7145.0
5497.0
6275.0
738.5
11096.0
16217.0
1017.0
68.0
1224.0
11219.0
438.5
2373.0
1518.5
8469.5
524.0
68.0
7381.5
4834.0
2114.0
450.0
5932.0
10779.5
1114.0
2413.5
5151.0
1873.0
13900.0
4423.0
68.0
9478.5
438.5
537.5
1774.5
7604.0
68.0
68.0
533.5
7158.0
68.0
8887.5
8156.5
8030.0
6474.5
646.0
5897.0
3062.0
5802.5
944.0
6463.5
3589.5
68.0
68.0
8444.0
2524.5
9370.0
2368.5
68.0
938.0
3322.0
257.0
2079.5
4140.5
1519.5
627.5
438.5
6427.0
4108.0
663.0
7226.0
6174.0
13522.5
7036.0
15045.5
458.0
726.5
14716.0
9283.5
646.0
14784.0
68.0
903.5
2447.5
3204.5
2438.5
533.5
1219.5
6445.5
6990.0
1321.5
11341.5
20060.0
1913.5
5011.0
4937.5
4675.0
1522.5
1893.0
68.0
15172.5
68.0
2751.5
4712.0
1038.0
68.0
926.5
6745.0
68.0
1991.5
5171.0
15130.5
646.0
1455.5
1297.5
4005.5
922.0
4035.0
1594.5
271.0
8749.5
1794.0
1486.5
2765.5
647.0
4127.0
5395.0
68.0
68.0
9557.5
13130.5
5473.5
1893.5
1521.5
4178.5
1346.5
5827.0
3553.5
534.5
24416.5
68.0
13990.0
627.5
4194.0
15812.0
1201.5
68.0
7830.0
910.0
8990.0
1036.0
3164.5
68.0
6264.5
1957.5
5070.0
821.5
5854.0
4575.5
68.0
1053.5
0
68.0
257.0
1611.5
2471.0
9125.5
2862.0
12113.5
2097.5
14749.0
627.5
68.0
19306.0
443.5
153.5
1803.0
2509.0
2283.5
438.5
9411.0
1298.0
13410.0
4997.0
68.0
4498.5
4460.5
68.0
12601.0
3399.0
7330.0
17394.5
68.0
4580.5
8956.0
68.0
68.0
3704.5
1068.5
15621.0
3736.0
20521.0
3548.0
68.0
2897.5
1002.5
12417.0
8462.0
68.0
1410.5
7981.5
5469.5
13095.0
627.5
68.0
5125.0
2654.0
19063.0
10035.5
153.5
9096.0
4898.5
7094.5
2735.0
1348.0
3209.5
1016.5
68.0
5022.0
0
5563.0
458.0
646.0
14446.5
1016.5
4092.5
11360.0
54.0
68.0
1995.5
5914.0
5102.0
5845.5
17827.5
68.0
68.0
163.0
458.0
2217.5
3583.5
68.0
1766.5
1333.5
10840.0
1029.5
5325.5
3116.0
12544.5
11632.5
1254.0
6865.5
6880.0
4646.0
2457.0
3199.5
3033.0
3006.5
68.0
11833.5
6105.5
68.0
4899.5
68.0
163.0
1431.5
5112.0
8645.5
2465.5
2265.0
8111.5
68.0
68.0
68.0
802.5
4497.5
68.0
68.0
5948.0
1894.5
1859.0
7282.0
755.5
3654.5
3275.5
4151.0
8063.5
4109.0
9465.0
6888.5
20490.5
68.0
1771.0
68.0
68.0
4440.5
11199.5
496.5
2070.5
8163.0
6315.0
9007.0
10782.5
68.0
9422.5
2644.5
5476.0
153.5
6240.0
68.0
6002.5
68.0
5798.5
1721.5
10729.5
2786.0
8485.5
68.0
10412.0
68.0
5771.0
3296.0
68.0

1895.5
68.0
438.5
7079.5
68.0
26565.5
68.0
3572.0
9894.0
0
719.0
2358.0
68.0
2841.0
1036.0
4488.0
4883.5
3645.5
6933.0
1016.5
68.0
3195.5
68.0
3699.0
23652.0
5042.0
828.5
3189.0
5836.5
6139.0
2333.5
163.0
17005.5
629.0
4600.5
68.0
3047.0
11048.0
1501.5
1486.0
21203.0
3647.0
6747.0
5389.0
1404.0
4796.5
3508.0
5885.5
2206.5
4217.5
8041.5
7391.0
2345.5
1348.5
4532.0
3234.0
11945.5
68.0
902.0
6406.0
5966.0
68.0
13198.5
1426.0
68.0
68.0
68.0
4943.0
68.0
7768.0
7146.0
6702.0
2346.0
2282.5
2054.5
7297.0
68.0
10418.5
343.5
2884.0
1241.0
9497.0
9810.5
7762.5
10973.0
5806.0
68.0
21237.0
68.0
4167.5
68.0
12279.0
5433.0
3239.0
5948.5
5468.0
11656.0
6505.0
1895.5
16901.0
68.0
708.5
68.0
5128.0
9021.0
1002.5
68.0
1130.0
719.0
68.0
16100.5
6095.5
1876.0
5374.0
5573.5
6015.0
2521.5
68.0
4207.0
1594.5
19969.0
438.5
1522.0
4510.5
8445.5
1819.0
5443.5
6263.0
68.0
5480.5
11719.0
9838.0
1282.0
4945.0
926.5
2804.0
646.0
6367.0
2964.0
3657.0
1106.5
2208.0
15949.0
14465.0
3130.5
8206.0
2928.5
4492.5
620.5
5572.0
0
5496.0
15561.0
68.0
4937.5
1350.5
6121.0
163.0
2387.0
11190.5
4452.0
21350.0
153.5
4854.5
68.0
6359.5
7191.0
911.5
3052.0
1329.0
942.5
5438.0
4883.5
1331.5
68.0
507.5
68.0
4650.5
11601.0
629.5
1021.5
2707.0
1676.5
20081.5
724.5
8142.5
1036.0
24446.5
68.0
5060.0
68.0
1878.5
2139.0
68.0
7238.5
2821.0
68.0
7651.0
2471.5
1348.5
2507.5
7254.0
1029.0
438.5
68.0
26130.0
1573.0
13292.0
438.5
6888.5
68.0
1409.0
8512.0
5486.0
5166.5
1129.5
2821.0
10740.5
14804.0
18267.5
543.5
332.0
2741.5
5467.5
1874.5
828.5
2336.5
4665.5
11513.5
2807.5
6022.5
10924.5
68.0
2612.5
458.0
458.0
348.5
68.0
4889.0
1867.0
163.0
7118.0
68.0
11490.0
1911.5
5476.5
614.0
24801.5
1019.0
68.0
7833.0
7636.5
20867.5
2464.5
8009.5
2294.5
2905.0
2457.5
1092.5
2863.0
6865.0
458.0
2471.5
1727.5
3627.0
8474.5
4853.0
13289.5
4179.0
8960.0
1794.0
633.5
5035.0
1769.0
8138.5
6234.0
3258.0
9953.0
1404.0
68.0
68.0
3226.0
8142.0
4636.0
9914.5
19574.0
17418.0
10714.5
17540.5
4970.5
68.0
12777.5
7142.0
4526.0
16631.5
2158.0
10021.0
2888.0
4010.0
13458.5
1878.5
1684.5
6790.0
1009.0
4557.5
7277.5
68.0
15234.0
4674.5
68.0
13745.0
3304.5
11115.5
2303.0
3193.5
10763.5
10323.5
15000.0
68.0
5896.5
5792.5
10283.5
8920.5
736.0
23160.0
629.0
4910.5
4052.0
9829.0
16214.0
9043.5
9104.0
68.0
8955.0
2664.5
15184.0
6483.0
6430.0
3160.0
3458.5
12465.5
10812.5
6992.0
68.0
8500.5
18738.0
11589.5
1902.0
3917.5
9350.5
12499.0
19808.0
4283.0
365.5
68.0
12750.5
68.0
68.0
8884.5
2367.5
8966.0
2829.0
5474.5
68.0
1348.5
68.0
1486.0
3796.0
8560.0
4933.5
629.0
521.0
4891.5
1881.0
927.0
9233.5
6848.5
2359.5
4903.0
3966.0
68.0
68.0
4110.5
7277.5
7201.5
1521.5
3782.5
68.0
5035.5
2139.5
4115.0
68.0
2297.0
8907.5
68.0
9365.5
9842.5
438.5
1803.0
1085.0
6223.0
9062.5
68.0
3548.0
8092.0
5422.5
365.5
4574.5
438.5
68.0
1780.0
24759.5
6770.5
4056.5
68.0
68.0
68.0
16211.5
8087.0
1803.0
2769.0
1224.0
4172.0
17087.0
68.0
5149.5
10317.5
1521.5
534.5
1223.5
68.0
3572.0
895.5
1416.5
4979.5
5115.5
438.5
2290.5
8432.5
6034.0
649.5
17836.0
68.0
68.0
3989.0
4503.0
10708.5
4109.0
5382.0
68.0
910.0
24447.0
2275.0
2728.0
1099.0
629.0
68.0
1411.0
2823.0
68.0
20554.5
629.0
68.0
14355.5
16047.0
68.0
3540.0
68.0
68.0
4987.0
926.5
755.5
7185.0
16953.0
3099.5
68.0
1884.5
3995.5
68.0
68.0
9480.0
1611.5
1894.5
20125.0
2754.0
2032.0
68.0
14779.0
1099.0
1016.5
12955.0
68.0
7271.5
6840.0
68.0
4459.5
5163.0
3610.5
719.0
1910.0
9213.0
2270.5
8077.5
1516.0
3330.5
4527.0
153.5
68.0
1002.5
458.0
68.0
438.5
10028.0
10346.5
68.0
3219.5
1938.0
1876.5
629.0
68.0
1136.0
1984.5
18150.5
68.0
163.0
10078.0
5712.0
4434.5
6235.5
4710.5
68.0
68.0
4356.0
9531.0
1109.0
537.5
4107.5
68.0
1876.5
68.0
15278.5
1031.5
68.0
68.0
7816.0
7622.5
8075.5
3220.5
11371.0
68.0
1794.0
68.0
4536.0
68.0
68.0
1803.0
16166.5
3264.0
8963.0
5517.0
365.5
8484.0
1992.0
6264.5
0
8646.0
3550.5
5791.0
5917.5
7669.0
524.0
68.0
3251.5
9038.0
8440.0
1911.5
68.0
68.0
68.0
68.0
348.5
68.0
68.0
1963.5
919.5
8915.0
6817.5
348.5
3686.0
68.0
4156.5
3624.0
8273.0
1901.5
7408.0
2252.5
68.0
7396.5
3662.0
3255.0
20011.5
4275.0
1907.5
6961.5

6850.0
3256.0
6012.0
438.5
1768.5
6811.5
68.0
4436.5
2454.5
4633.5
4165.5
7109.5
3108.5
68.0
646.0
2377.5
1875.0
4532.0
2001.5
4582.0
6370.5
5456.5
646.0
4505.0
8541.0
3191.0
1016.5
6523.5
828.5
9390.0
16923.0
8708.0
9596.5
163.0
163.0
1856.0
2712.0
10082.0
6221.5
620.5
4469.5
9395.5
8105.0
68.0
4980.0
2278.0
5970.0
11214.0
6356.5
4165.0
2966.5
8408.0
2659.0
7977.5
9016.5
3670.0
7114.5
909.5
4954.5
3232.0
16095.0
7226.0
3348.5
926.5
1409.0
1036.0
9782.0
5397.5
8686.0
1383.0
7756.0
68.0
18256.5
10714.0
2785.5
736.0
2375.5
2679.5
68.0
1414.0
68.0
68.0
537.5
2642.5
458.0
68.0
835.0
1778.0
5130.5
1496.5
6329.0
738.5
809.0
1869.5
1983.5
153.5
1935.0
5079.0
68.0
2221.5
646.0
68.0
926.5
163.0
2692.0
438.5
16081.5
68.0
68.0
13818.0
4796.0
68.0
7708.5
7108.0
11574.5
1489.5
629.0
7655.0
68.0
755.5
68.0
1410.5
961.0
68.0
2165.0
2861.0
68.0
16940.0
736.0
8168.5
1463.0
4448.5
2772.5
153.5
3440.5
4490.0
3121.0
68.0
68.0
13536.5
68.0
4444.5
736.0
8138.0
1004.0
13980.0
5470.0
17345.0
2779.0
68.0
68.0
0
1315.0
663.0
19194.0
9045.0
3184.5
4578.0
1436.0
4731.5
437.0
1580.5
68.0
68.0
1504.5
7190.0
4564.5
3585.5
5350.0
5977.0
6207.0
7973.5
1981.5
271.0
8966.0
4532.0
68.0
736.0
7681.0
68.0
6233.5
8503.5
68.0
7578.5
6969.5
5470.0
6366.0
10903.5
68.0
2783.5
6501.0
13016.0
10436.0
1033.5
2077.0
11461.0
10478.5
5899.5
17360.0
68.0
4987.0
646.0
2548.0
68.0
629.0
4068.5
5014.5
10558.5
6818.5
1031.5
1002.5
9010.5
1889.0
4470.0
925.0
3237.5
13926.5
4427.5
13017.0
26413.5
5232.5
13308.5
1021.5
1089.5
7639.0
5067.0
10617.0
1505.0
2266.0
153.5
3177.0
5414.5
5418.5
4077.0
10797.0
1041.5
4662.0
1775.0
9210.0
4444.0
7227.5
68.0
1912.0
13018.0
2038.0
5404.0
4621.5
5342.5
2684.5
68.0
629.0
1534.5
8239.5
7624.5
1612.5
332.0
7121.0
2751.5
68.0
9884.5
68.0
173.0
1521.5
23240.5
68.0
68.0
3599.0
68.0
9091.5
4610.0
4110.0
4103.0
2703.5
68.0
2358.0
1867.5
1000.0
68.0
68.0
7141.0

3325.5
2507.0
16932.5
5568.0
19581.5
8104.0
7775.0
68.0
1687.0
4275.5
520.5
1136.5
12855.0
7464.5
2049.5
9958.0
7416.5
5005.5
68.0
6844.5
7245.5
1806.5
25879.0
1390.0
2051.5
4030.0
1499.0
68.0
68.0
5275.0
1914.0
2782.5
10787.5
3212.0
2236.0
9533.5
2754.0
5582.0
663.0
2194.5
68.0
2808.0
1814.5
434.0
1601.5
2372.5
7260.0
9529.5
8997.5
3671.0
68.0
450.0
271.0
633.5
891.5
2833.5
7431.0
2661.5
4558.5
9316.5
4203.0
1616.0
3394.5
1051.0
2082.5
4988.5
9334.5
5056.0
4953.0
68.0
6333.5
2964.5
15631.5
14409.5
612.5
68.0
68.0
9384.5
2644.0
4076.0
7918.5
8976.0
68.0
2809.0
68.0
897.5
3577.0
2338.5
11621.0
19595.5
1333.0
8381.0
2899.5
3605.5
68.0
5791.5
68.0
4948.0
2168.5
7215.5
1895.0
11595.5
10738.0
4486.0
15507.5
2376.5
3064.5
2471.0
614.0
68.0
942.5
7146.5
11619.0
68.0
4954.0
5790.0
9098.5
3714.5
646.0
3305.0
3192.5
4887.5
68.0
10329.5
1496.5
10324.5
68.0
6396.5
4758.0
68.0
68.0
10944.0
68.0
1689.0
629.0
1607.0
0
4918.0
68.0
3998.0
8.0
24460.0
1215.5
2453.0
2735.0
3800.0
68.0
4084.5
1505.5
1582.0
68.0
22319.0
68.0
14421.5
7209.0
22414.0
10434.0
3602.0
68.0
629.0
943.5
4961.5
12896.0
18703.0
627.5
6221.5
68.0
14210.0
2543.5
15150.0
5345.5
68.0
5813.5
16737.5
908.5
5899.5
4092.5
5973.0
14299.5
68.0
68.0
1019.5
68.0
5422.0
68.0
68.0
68.0
6664.5
4551.0
943.5
3789.0
9418.5
3643.5
926.5
1396.0

1631.0
1029.5
68.0
5615.5
3269.0
10252.0
5524.0
257.0
3153.5
1796.5
2492.5
5760.5
4970.0
1041.5
4202.0
8995.0
15569.0
6264.0
438.5
68.0
68.0
68.0

4489.0
1038.5
15204.5
438.5
348.5
537.5
5356.0
22330.5
2270.0
8434.5
5539.0
2983.5
2338.5
4044.0
929.0
163.0
2454.5
1509.0
68.0
3626.0
68.0
537.5
10276.5
18434.5
1926.5
7093.5
7146.5
438.5
22637.5
68.0
11651.0
3151.0
4893.0
9941.5
0
1890.0
1333.5
736.0
2934.0
1019.0
15272.5
68.0
68.0
1797.5
6563.0
6488.5
68.0
3139.5
2177.0
1462.5
3791.0
2265.0
12535.0
4043.5
3682.0
458.0
68.0
8229.5
6511.0
13056.5
5049.5
3626.5
68.0
6193.5
3882.5
5796.5
1810.5
7668.0
6225.5
0
11344.0
8551.5
68.0
6967.0
15569.0
0
173.0
647.0
9423.0
17346.5
438.5
3173.5
68.0
13264.0
13339.0
612.5
1342.0
68.0
68.0
163.0
11229.5
2526.0
0
5752.0
1842.0
8455.0
4899.0
2712.5
0
7152.0
0
332.0
16928.0
5054.0
11123.5
0
3587.0
0
3174.0
68.0
1818.0
438.5
828.5
6990.5
13794.0
68.0
0
7108.5
0
7157.0
3196.5
24505.0
2268.5
649.5
4940.0
4016.5
3912.5
68.0
997.0
2500.0
0
68.0
3319.5
1781.5
1689.5
4274.0
1878.5
2129.0
348.5
16122.5
458.0
6382.5
4170.5
68.0
2868.0
0
3782.5
1505.0
8313.0
68.0
2467.0
68.0
9013.0
5006.5
1019.5
3874.5
4248.5
11304.0
9896.0
3509.5
6448.5
68.0
5987.0
3621.0
3709.0
68.0
68.0
1013.0
629.0
6976.5
629.5
2560.0
5910.0
8366.5
7096.5
629.0
1145.5
68.0
8080.5
4076.0
163.0
8183.5
7172.0
14187.0
2863.0
7391.0
68.0
3711.0
4390.0
10518.5
68.0
944.0
10741.5
68.0
0
7661.0
68.0
4480.0
6417.5
6257.0
3332.0
8440.5
68.0
1947.0
1106.5
2407.5
2972.5
6710.0
2940.5
5083.5
2678.0
11689.5
12055.0
7102.5
1333.5
0
1970.0
9743.0
3255.5
4451.5
11648.0
7996.5
5040.0
13823.0
7419.0
7306.0
5095.5
2937.5
4472.0
18465.0
68.0
2829.0
2671.5
8074.0
2752.5
12977.5
68.0
3333.5
0
2877.5
1862.5
5784.0
6674.5
2219.0
1806.0
0
68.0
68.0
9917.5
3559.0
68.0
4674.0
10473.5
2282.0
1540.0
3679.5
12971.0
4542.5
999.5
9082.5
68.0
943.5
1970.5
0
9505.0
944.0
5914.5
7243.5
68.0
5750.0
10214.5
6618.5
68.0
2673.0
3278.0
1710.5
5272.0
68.0
646.0
5862.5
7161.5
5803.5
2674.5
1207.0
2602.5
2672.0
646.0
1982.5
3810.0
1345.0
3080.0
1580.5
7213.0
6034.5
68.0
68.0
3684.5
68.0
2282.5
348.5
3107.5
2175.0
20187.0
1488.5
1099.0
10935.0
1867.5
0
68.0
68.0
2450.0
3584.5
2070.0
13798.5
0
0
0
7524.0
1780.0
537.5
3323.5
438.5
6518.0
17717.0
1559.0
8033.5
3604.5
68.0
8541.5
7764.0
4014.0
68.0
16585.0
68.0
961.0
68.0
1819.5
3664.5
438.5
5803.5
5341.5
3389.5
5661.0
2942.5
68.0
5504.0
1190.5
17382.5
612.5
9720.0
438.5
8070.5
1038.5
68.0
960.5
68.0
524.0
4139.5
2284.5
474.0
7118.0
68.0
646.0
68.0
68.0
68.0
1469.0
1002.5
1348.0
7071.5
5492.0
3683.5
4932.5
9088.5
4164.5
5533.0
941.5
14931.5
68.0
0
3726.5
1016.5
68.0
1396.0
68.0
5751.5
68.0
443.5
1089.5
11025.0
1016.5
7154.0
3907.5
21131.5
458.0
13014.5
2422.0
646.0
6848.0
68.0
7333.0
7773.0
6248.5
4638.0
7796.0
6722.0
4488.0
2762.0
926.5
68.0
6770.0
5432.0
8976.0
68.0
10933.0
7373.0
68.0
10469.0
8136.5
68.0
5758.5
7737.0
5171.0
68.0
2678.5
4446.5
848.0
2544.5
3237.0
6184.5
533.5
5809.5
4617.0
8151.0
11525.5
68.0
2768.5
2958.5
8175.5
10123.5
1115.5
14349.5
5421.0
4550.5
1053.0
910.0
7676.5
3339.5
2067.0
1333.5
11167.0
2952.5
2822.0
68.0
1783.5
8000.5
7119.0
1019.0
1019.0
3129.0
163.0
12180.0
1877.5
1351.0
2397.0
12530.0
1126.0
9976.5
12846.0
1016.5
14019.5
68.0
2067.5
4569.5
68.0
5165.0
458.0
68.0
3856.0
68.0
551.5
9900.0
9834.5
458.0
7958.5
1019.0
1331.5
68.0
1129.0
5854.5
5828.0
6046.0
5784.0
6394.0
68.0
68.0
3110.0
1115.5
4544.0
2235.5
1482.5
2636.5
257.0
10082.0
68.0
11563.0
9427.5
2075.5
2664.0
10323.5
7550.0
1477.5
4113.5
11819.5
4220.5
1419.5
3799.0
8240.5
646.0
8897.5
14734.0
10841.5
68.0
163.0
11171.5
19989.5
3170.0
2077.0
17389.0
1503.0
1912.0
8558.0
2077.0
1409.0
3273.0
1126.0
4085.0
16553.0
7673.0
738.5
68.0
629.0
3630.5
163.0
5691.0
4934.5
10260.0
2368.0
4645.0
815.0
4248.5
438.5
7100.0
1033.5
1855.5
8137.0
1333.5
8568.0
1070.5
1005.0
3087.5
68.0
68.0

8519.0
4603.0
3590.5
4980.0
68.0
1914.0
68.0
1628.5
2471.0
1423.5
5882.5
163.0
5000.5
2353.0
68.0
629.5
7961.5
13801.0
4560.0
5400.5
629.5
8966.5
9860.5
8366.0
3745.5
68.0
8840.0
10379.0
257.0
14357.0
3806.0
5391.0
7573.0
5609.5
2677.5
4064.5
4258.5
6707.5
458.0
944.0
16556.5
1099.0
68.0
10289.5
4961.5
7167.5
8137.5
1817.0
2246.5
1016.5
568.5
3236.0
3697.0
2456.0
910.0
3120.0
163.0
68.0
68.0
68.0
68.0
68.0
11394.5
68.0
2188.0
2251.0
5334.0
2559.0
5510.5
2289.5
11755.5
2938.0
3551.5
68.0
646.0
26685.5
68.0
3991.0
4064.5
22043.0
6247.0
2661.5
2719.5
21048.0
68.0
17969.5
68.0
942.5
5791.0
1465.0
3647.5
68.0
1092.5
6761.5
8121.0
11778.5
1585.0
18985.0
16379.5
4981.5
9765.0
7623.0
458.0
2096.5
11381.5
613.5
1423.5
257.0
4904.0
2454.5
1743.5
1345.5
8473.0
7674.5
22674.0
4112.5
3207.5
68.0
68.0
8212.0
14236.5
10778.0
2805.0
4154.5
1146.5
4987.5
944.0
2550.0
1387.5
2210.5
10665.5
5914.5
5640.5
2230.5
1141.0
2279.5
7109.5
10213.5
13817.0
8519.0
14476.0
612.5
7247.5
4912.0
8951.5
7190.5
8922.0
3705.5
3314.0
4930.0
1599.0
1877.5
5881.5
1224.0
15303.0
1103.0
68.0
13143.0
5883.5
534.5
4935.0
12523.0
1985.0
4648.0
163.0
10762.0
1726.5
5970.0
10566.0
458.0
1016.5
7179.5
163.0
11230.5
2740.0
13868.5
1375.5
2899.0
12427.5
5027.0
1426.0
910.0
1496.5
68.0
68.0
6363.5
68.0
7614.5
821.5
21000.0
6276.5
68.0
68.0
1129.5
68.0
11522.5
5892.0
1036.0
1053.0
4104.5
11446.0
438.5
68.0
2347.5
9896.0
8899.0
3678.5
6328.5
6809.0
8940.5
8126.5
13371.5
5915.0
3201.5
646.0
6569.5
10461.0
7289.0
7124.5
1865.5
12890.5
5321.5
513.0
925.0
1033.5
8126.5
68.0
2360.5
736.0
15626.5
68.0
11628.5
521.0
68.0
21918.0
153.5
6926.0
1034.0
5000.5
3234.0
6843.0
719.0
0
10004.5
3546.0
4999.0
10654.0
1875.0
68.0
1126.0
68.0
1522.5
4077.0
6682.0
16580.0
9571.0
18429.0
7117.0
68.0
909.5
3422.5
163.0
10795.5
6405.0
68.0
6272.0
12160.0
0
13448.5
1859.0
16442.0
4428.0
438.5
991.0
2726.5
2341.0
68.0
2841.0
68.0
931.0
68.0
944.5
801.5
1885.5
68.0
5043.5
2496.5
5887.0
68.0
68.0
9037.0
3029.0
1034.0
11192.0
2488.5
68.0
1454.0
68.0
0
524.0
1109.0
2301.5
6839.5
3158.5
4947.0
7809.0
21438.0
5493.0
21424.5
68.0
6328.5
4517.0
68.0
6742.0
15197.0
23743.0
68.0
7746.0
3236.5
930.0
68.0
1777.0
4009.5
68.0
2735.0
2389.0
2014.0
4499.5
3703.5
12411.5
6874.5
1028.5
6150.5
1007.5
6789.5
13015.5
3310.0
1970.5
68.0
8542.5
4560.0
1207.5
68.0
8892.0
1906.0
3438.0
68.0
2357.0
68.0
68.0
13517.5
348.5
17787.5
3106.0
1218.5
4586.0
22741.0
8102.5
11373.5
8672.5
4592.0
3233.0
629.5
3295.0
68.0
21510.0
1889.5
3254.0
4569.5
629.5
68.0
15564.0
68.0
68.0
8514.0
68.0
68.0
8969.0
8934.0
5471.0
910.0
8956.5
1884.0
3230.5
68.0
9376.5
4092.0
16526.0
7073.5
5672.0
13035.5
16342.0
68.0
5030.5
11177.5
10651.5
68.0
68.0
7266.0
9861.0
4519.0
6354.5
943.5
7277.0
9851.5
6345.5
4172.5
14898.0
1986.5
2262.0
5339.0
5030.5
68.0
23139.0
2848.5
14405.5
5414.0
9673.0
9803.5
68.0
11754.5
6835.0
1039.0
12147.0
1022.0
1875.5
2266.0
6339.5
11161.5
3216.5
8407.5
4715.5
14800.5
1393.5
68.0
2546.5
7705.0
68.0
0
163.0
3607.5
5457.0
68.0
438.5
12190.0
11748.5
1677.5
1350.5
15572.0
68.0
2265.0
7192.5
12323.5
9374.0
458.0
2671.0
8694.5
3275.0
5018.5
596.5
8024.5
524.0
8013.0
21310.0
22486.0
10753.0
1948.0
6980.5
365.5
4447.0
6741.5
4896.5
3185.5
1869.5
4068.5
68.0
5965.5
13015.5
163.0
22434.0
6357.0
6334.0
6681.5
4129.5
12036.0
68.0
18380.0
57.5
3494.5
2190.5
944.0
68.0
646.0
629.0
12431.5
68.0
13814.5
6792.0
1877.0
12240.5
458.0
7228.5
6287.0
1856.5
3254.5
1333.5
68.0
25401.0
11654.5
5800.5
68.0
3724.0
2766.5
2004.5
12451.0
7480.0
1892.0
1892.0
524.0
68.0
719.0
68.0
6745.5
3966.5
1350.0
68.0
68.0
16257.0
20432.5
9892.0
0
1595.5
2641.0
5394.5
8065.0
1370.0
6201.5
19634.5
6234.0
1316.5
68.0
3543.0
5481.0
1907.5
10105.5
12916.5
5892.0
12788.0
19084.5
4066.5
17338.5
2391.5
629.0
68.0
1336.0
68.0
7695.5
5801.0
68.0
12077.0
453.5
9432.0
2918.5
68.0
1218.5
68.0
4562.0
68.0
2351.0
5349.0
19305.5
7275.0
68.0
7184.5
68.0
13909.5
4016.5
68.0
1427.0
4554.5
68.0
17937.0
6194.0
7613.5
68.0
68.0
646.0
67.5
927.0
7259.0
2370.0
163.0
1389.5
3239.5
13465.0
68.0
16475.5
8089.0
13261.5
2738.0
3214.0
960.5
4756.5
432.5
6417.0
3669.0
10869.0
1016.5
2473.5
2355.0
4968.0
6361.5
3234.5
4466.0
68.0
4732.5
163.0
943.5
2736.0
3911.0
2825.5
8069.0
5824.5
554.5
8549.0
11829.5
3799.5
11189.5
10714.0
1595.0
68.0
3219.0
2437.0
533.5
3574.5
2401.5
2326.5
68.0
12755.5
3693.5
2364.5
1406.5
68.0
1028.0
25978.5
68.0
4316.5
13885.0
1815.0
6308.5
15131.5
257.0
68.0
6519.5
7379.0
5455.5
1016.5
1021.5
646.0
68.0
1417.0
6304.5
68.0
16951.5
19582.5
14438.5
17794.5
2358.0
1409.0
68.0
6540.0
68.0
4150.0
68.0
1406.5
6601.5
1136.5
17362.5
68.0
19770.5
68.0
458.0
12363.0
68.0
1682.5
0
3982.5
2473.5
3553.5
2363.0
1884.5
14783.0
2793.5
68.0
3538.5
629.0
14128.0
4107.5
68.0
68.0
2758.5
4888.5
2357.5
510.5
12584.0
5378.5
3595.0
18659.0
4603.0
2916.0
458.0
10262.0
6369.0
7705.5
537.5
3734.0
16963.5
1968.0
7476.5
5978.0
2294.5
738.5
8952.0
738.5
18228.5
11097.0
4230.0
14306.0
68.0
8584.5
22173.5
3828.0
2024.0
5722.5
68.0
535.0
1126.0
68.0
2284.5
68.0
68.0
5022.5
17918.0
0
12985.0
68.0
3614.0
4137.5
68.0
4698.0
2484.0
68.0
3734.0
10716.0
68.0
68.0
9329.0
9889.5
8968.0
1334.0
2094.0
1146.5
68.0
22753.5
830.0
257.0
7658.5
68.0
257.0
3179.0
1201.0
2774.0
68.0
68.0
719.0
8257.0
68.0
60.5
18316.5
68.0
6850.0
5075.0
4216.0
22675.0
20986.5
1912.0
1522.5
2252.5
12855.0
5841.0
68.0
4598.5
2090.5
1928.5
14376.0
1447.5
4381.5
68.0
3706.5
1842.5
2655.0
629.0
11555.5
68.0
6817.5
9148.5
9121.0
11177.5
68.0
26148.5
5410.5
1796.5
2324.0
0
0
9352.0
541.0
2835.5
68.0
19826.0
9354.0
12961.5
0
534.5
515.0
18279.0
5215.5
9946.5
3511.0
2843.5
5474.0
27272.0
458.0
13584.5
68.0
6391.0
1048.5
163.0
6633.5
68.0
13830.0
8016.0
68.0
1628.5
13795.0
17011.0
2143.5
4645.0
68.0
68.0
4961.0
3575.5
7147.5
2324.5
19284.0
16094.5
4250.5
68.0
4945.0
5515.0
16598.0
5375.0
24107.0
10251.5
5422.5
7752.5
11212.5
20561.5
68.0
12857.0
68.0
68.0
68.0
4721.5
5060.5
6302.5
1097.5
812.0
68.0
24510.0
68.0

4510.5
68.0
68.0
9353.0
12237.5
7534.0
4078.5
2277.5
68.0
7579.5
13420.5
7751.5
5905.5
68.0
3702.0
5034.5
1348.5
348.5
1331.5
16660.0
944.5
7406.5
8020.0
524.0
7156.0
2659.0
3715.5
7551.0
1848.5
5478.5
5093.5
22.5
1988.5
2100.0
5569.5
21025.0
8606.0
9901.0
943.5
19376.5
7725.0
11133.0
68.0
68.0
13005.0
68.0
68.0
8936.5
3604.0
2270.0
14416.5
2377.0
5665.0
2771.5
12733.0
7420.0
0
5427.0
20937.5
13587.0
12219.0
68.0
0
13323.5
5872.0
68.0
1893.0
68.0
2698.5
68.0
999.5
10662.0
0
2703.5
5382.0
1627.0
5520.0
68.0
12563.5
8940.0
68.0
13836.5
1115.5
0
68.0
6217.5
1904.5
3315.5
8963.0
1002.5
8499.5
16557.5
7705.5
68.0
1768.0
5249.5
1423.5
11947.0
68.0
68.0
68.0
8028.5
3576.5
3986.5
68.0
17928.5
9791.0
18779.0
5533.0
163.0
2783.5
0
9797.5
2379.5
14521.5
0
1768.5
7810.0
3464.5
1090.0
3590.0
2002.0
1409.0
910.0
1892.5
68.0
68.0
20097.0
13814.5
9879.5
5872.5
7249.0
12050.0
68.0
6455.5
6232.0
18266.0
68.0
16958.5
4992.0
17929.5
5057.0
13805.5
4137.0
7962.5
8074.5
2640.5
5493.5
6051.5
68.0
18388.0
68.0
2379.5
11555.0
1015.0
14292.5
1033.5
68.0
6008.0
3194.5
68.0
13814.5
3292.0
1005.0
68.0
4523.0
1912.0
4477.0
9628.5
5293.5
20856.5
1241.5
4082.0
4169.5
2375.0
84.5
3314.0
4403.5
4956.0
0
11133.5
2716.0
68.0
6431.5
5256.0
7234.5
2484.5
4990.0
23724.0
6733.5
365.5
68.0
5012.5
68.0
1083.5
5121.5
3141.0
13709.5
7256.5
2675.0
10849.0
3164.5
6356.0
68.0
486.0
9771.0
1492.0
7295.5
68.0
12143.0
11911.5
16569.5
68.0
163.0
1505.0
68.0
68.0
3786.0
4406.5
163.0

68.0
16961.5
2879.5
11090.0
68.0
1413.0
15111.5
68.0
646.0
1577.5
68.0
68.0
1909.0
20764.0
68.0
11162.0
3406.0
22804.0
68.0
13567.5
7186.0
16770.0
6448.5
68.0
835.0
6801.5
7117.0
1389.5
4087.0
68.0
17820.5
3970.5
15593.0
1041.5
5883.5
11225.0
6011.0
9017.0
2672.0
348.5
3628.0
4555.0
8151.5
10683.5
1492.0
1016.5
5410.0
7770.5
68.0
12009.5
629.0
4723.0
7154.5
257.0
20868.5
3800.5
5075.5
68.0
961.0
68.0
4529.0
163.0
2483.5
68.0
7261.0
1337.5
8153.5
4248.0
163.0
9457.0
24004.5
20641.0
2221.5
988.0
5874.0
4595.5
68.0
19838.5
68.0
2736.5
8647.5
4369.5
1019.0
68.0
163.0
543.5
68.0
2319.0
4161.0
13803.5
1909.5
7264.0
6646.5
5731.5
4966.0
4709.5
1814.0
1102.0
1580.5
438.5
15138.5
3203.5
24942.5
8574.5
2490.0
627.5
4897.0
2854.0
16125.5
15846.0
3750.0
68.0
11108.0
3450.5
6253.5
2731.0
8205.5
537.5
1718.5
8942.5
68.0
7750.5
534.5
7713.0
3433.0
10441.5
8935.0
68.0
5020.0
9449.0
925.0
2736.5
9001.0
24954.5
10857.0
68.0
4098.0
12529.0
68.0
13777.5
3471.0
9051.0
9154.5
2794.5
3887.5
13896.5
2875.0
9318.5
68.0
629.0
6333.0
4436.0
9033.0
1477.0
13403.0
2273.0
3717.5
5056.0
3552.0
2363.5
4537.0
2347.0
7277.0
4672.0
3279.0
3126.0
68.0
1410.5
68.0
1010.5
1486.0
0
537.5
68.0
2355.5
6233.0
1878.5
68.0
68.0
21026.0
4888.0
16548.5
68.0
8675.5
10316.5
1687.0
14242.0
68.0
68.0
5267.5
7128.5
443.5
1299.5
6462.5
3123.5
10113.5
4172.0
1103.0
10102.5
9910.5
8724.5
15541.5
896.5
68.0
1800.0
629.0
5408.5
3579.0
1594.5
1406.5
1611.5
21760.5
534.5
1096.0
20996.0
616.0
7705.5
8464.0
3349.5
3643.0
68.0
2265.5
10079.0
68.0
7545.5
1400.5
5945.0
11232.0
629.0
5436.5
10243.0
68.0
9622.5
629.5
1912.0
13387.0
458.0
6013.5
77.5
14259.0
3626.0
11640.5
1504.5
18346.0
24195.5
8065.5
3656.0
7092.5
1427.0
2381.0
0
458.0
629.0
2785.0
3601.5
13284.0
68.0
1036.0
10714.5
3973.5
4156.5
7712.0
4199.0
45.5
12114.5
2083.5
10960.0
1911.5
458.0
20506.5
2101.0
5331.5
8111.0
163.0
3541.0
68.0
14294.0
5090.5
68.0
13340.0
632.5
4716.0
68.0
4078.5
2342.5
14904.5
68.0
3277.5
15265.5
1865.0
13433.0
12675.0
15106.5
2755.0
10300.0
1022.5
2265.0
11568.0
68.0
68.0
14268.0
2075.5
10819.0
7097.0
4842.0
1404.0
3488.5
68.0
10492.0
3222.0
5944.5
4254.5
68.0
1423.5
2425.0
7246.5
68.0
3122.0
647.0
10383.5
11539.0
629.5
1687.0
4087.0
10850.5
2692.0
3280.0
257.0
10743.0
2356.0
4564.5
13278.0
3606.5
719.0
2653.0
524.0
719.0
9360.5
17421.0
5428.5
3159.0
5397.0
68.0
612.5
2378.0
1907.5
19629.0
11194.0
5140.0
0
14896.5
8074.0
68.0
0
0
68.0
4538.0
0
1481.0
8.0
1016.5
4914.5
0
4244.0
8528.0
5866.0
1031.5
3111.0
68.0
163.0
163.0
1019.5
4554.0
1224.0
68.0
5400.0
68.0
0
68.0
3607.0
163.0
68.0
12223.0
3121.0
8194.0
7656.5
0
9324.5
68.0
6353.0
68.0
1817.5
5060.5
243.5
9826.0
68.0
68.0
0
4099.0
68.0
4975.0
2701.5
3567.5
8934.0
1430.0
0
5404.5
1038.5
0
7156.0
3708.0
612.5
68.0
1053.0
5120.0
20994.0
2250.0
3567.5
19588.5
3154.5
17835.5
4132.0
9999.5
9826.5
0
2087.0
0
11145.5
4099.5
11656.5
10367.0
8531.0
1522.5
7702.5
5873.5
6382.0
6726.0
68.0
68.0
17932.5
4536.0
1016.5
738.5
14356.5
1890.5
0
2914.0
23208.0
68.0
4686.0
2861.0
910.0
906.0
5159.0
68.0
14258.5
10845.0
9378.5
1016.5
68.0
3643.0
5510.0
8929.0
7677.5
8420.0
6864.5
14852.5
1976.5
68.0
2731.0
68.0
68.0
17755.0
15224.0
458.0
995.5
2666.5
1421.5
927.0
1109.0
68.0
3845.0
9877.0
6801.5
4833.0
438.5
13887.0
717.5
68.0
2826.5
1991.0
0
5229.5
3637.5
2292.5
10402.5
1042.0
7687.0
1882.5
2733.5
4508.0
5886.5
16983.5
3658.0
68.0
4999.5
12882.5
1486.0
0
1314.0
68.0
999.5
13847.0
2132.0
1019.5
6325.5
8511.0
348.5
68.0
2374.5
68.0
1351.0
0
4924.5
68.0
68.0
5608.5
13318.0
12198.5
68.0
4027.5
1021.5
348.5
68.0
68.0
15560.5
1016.5
5081.0
68.0
713.0
4867.5
2398.0
68.0
6735.5
14818.0
8078.0
999.5
6747.5
1612.0
12647.0
8158.0
6777.5
68.0
24523.0
68.0
458.0
521.0
9074.0
4095.5
7607.5
4512.5
2231.5
365.5
5053.0
1037.0
68.0
458.0
6694.5
2280.0
1486.0
8050.5
50.0
4671.0
1968.0
3122.0
348.5
14790.0
3243.5
934.0
17534.5
7644.0
2917.5
5024.0
8592.5
2830.5
68.0
68.0
7902.5
68.0
4446.5
10283.0
5028.0
4527.0
1508.5
8648.5
68.0
68.0
3332.0
10615.5
1053.5
18846.5
5772.5
68.0
3232.5
8899.0
9301.0
68.0
4881.0
9830.5
68.0
68.0
6212.5
13684.0
1503.0
4191.0
10666.0
1110.5
6225.0
68.0
11416.5
5975.0
5035.5
3233.5
6365.5
7287.5
0
17005.0
521.0
646.0
4440.5
13949.0
68.0
68.0
19167.5
13175.0
5396.5
4187.0
4578.0
6342.0
20910.0
3124.5
1021.5
9255.5
4314.0
14756.0
9496.0
9846.5
68.0
16011.0
944.5
1488.5
2055.0
646.0
2075.5
7196.0
17021.0
2863.5
9026.5
5797.0
68.0
1802.5
13341.5
2731.5
4978.5
5527.5
2660.5
2423.5
1501.5
3629.0
5067.0
6483.5
3586.5
9587.5
6316.5
257.0
0
3398.5
68.0
3223.0
6331.0
68.0
14246.5
68.0
7262.5
8700.0
1016.5
5408.5
7848.5
1053.0
3464.0
0
8055.5
1319.0
1577.5
8927.0
4518.0
3621.0
68.0
2771.5
9041.5
22801.5
11238.5
68.0
1573.5
3663.0
4516.0
68.0
8246.0
1031.5
8121.5
8.0
5505.0
13015.0
3699.0
0
5397.0
9898.0
365.5
0
68.0
8087.0
2286.5
4883.5
16116.5
3664.5
68.0
3968.0
68.0
0
3707.0
4459.5
0
4444.0
2879.5
0
2428.5
163.0
17998.0
5870.5
16994.0
1518.5
4637.5
6363.0
68.0
4999.5
458.0
10426.5
5414.5
999.5
68.0
4793.0
1775.5
68.0
4136.5
736.0
19377.0
5046.5
6376.5
3143.0
9436.5
12567.5
2379.0
19172.0
11257.5
1578.5
68.0
923.5
1394.5
1389.5
4012.5
68.0
68.0
21415.0
554.5
0
7147.5
68.0
40.5
3568.5
6762.5
5512.0
0
153.5
961.0
20549.5
7270.5
68.0
629.0
13424.0
3623.0
7996.5
4433.0
663.0
23170.5
4977.5
7950.0
23585.0
12921.0
14796.5
2774.5
1934.0
68.0
5083.0
2351.5
68.0
3535.5
3797.0
3558.0
5455.5
551.5
8906.5
1409.0
12073.0
57.5
21549.5
68.0
12590.5
614.0
521.0
1029.0
7196.5
0
8955.5
6750.0
24406.0
68.0
365.5
5362.5
7993.5
5483.0
4048.5
8100.0
629.0
4508.0
68.0
6689.5
11246.0
9062.5
5104.5
3623.0
8215.5
13428.0
7710.5
68.0
3309.0
9883.0
3247.5
1892.5
2352.5
1671.0
8445.0
2470.0
11247.5
68.0
15582.5
1426.0
1423.5
524.0
2005.0
4338.5
7111.0
1036.0
19696.5
3141.5
4053.5
5015.0
1456.0
6025.5
7994.0
68.0
11198.0
4943.0
68.0
68.0
19698.5
13088.5
14283.0
2249.0
1877.5
910.0
5494.0
4015.0
20771.0
1586.0
2550.5
68.0
68.0
1504.5
68.0
3701.0
68.0
3865.5
458.0
5233.5
3240.0
1909.0
3158.5
0
0
68.0
16933.0
438.5
68.0
1145.5
68.0
999.5
4920.0
68.0
15657.0
4640.0
13958.0
1016.5
5943.0
4590.5
11023.0
2040.5
68.0
4897.0
1109.0
3644.0
4497.5
1038.5
4089.0
7263.5
5470.5
4076.0
68.0
9017.5
4082.5
1033.5
438.5
629.0
23103.0
911.5
5503.0
1036.0
5240.5
2491.0
6771.5
3234.0
11139.0
6330.0
68.0
68.0
997.5
8092.0
7646.0
3697.0
68.0
11179.0
7201.0
68.0
4118.0
4383.5
0
68.0
68.0
68.0
1019.0
14297.0
163.0
1865.0
1861.5
68.0
15684.5
10164.5
4041.0
1990.5
10341.0
8544.5
5954.0
4116.0
4957.5
6133.0
4150.0
68.0
3601.5
68.0
15612.0
3157.5
3692.5
4041.0
2751.0
8025.0
14329.5
3279.0
9546.5
4924.0
9503.5
16189.5
8122.5
271.0
1504.5
4090.5
9078.5
4155.5
1016.5
68.0
999.5
13068.5
3282.5
2698.5
10825.0
543.5
2471.0
23462.5
22639.0
1800.5
68.0
9776.0
2231.5
68.0
9232.5
19600.0
1333.5
3616.0
5001.0
22388.5
935.5
1667.5
4572.0
11178.5
6820.0
1862.5
2284.5
68.0
2669.5
4182.0
20920.0
17471.5
68.0
2708.5
15868.0
11253.0
150.0
11087.0
5467.5
68.0
1820.0
5043.0
3141.0
568.5
5933.5
3709.0
2342.0
2242.5
1012.5
3250.0
68.0
68.0
12440.0
14301.5
1503.0
458.0
1016.5
4023.5
365.5
11707.5
68.0
3704.0
4948.5
9012.5
68.0
40.5
4063.0
68.0
438.5
7093.5
68.0
68.0
4078.0
68.0
68.0
3209.5
2268.0
11722.0
3719.5
4056.0
68.0
0
7613.0
6746.5
726.5
68.0
4019.5
68.0
10833.0
1796.5
1019.0
4045.5
14284.5
2397.0
68.0
2788.5
3777.5
1413.0
8269.0
4981.5
68.0
2918.5
68.0
554.5
10954.5
2253.5
271.0
7691.5
1019.0
1799.0
629.0
68.0
68.0
629.0
68.0
5103.0
10965.5
68.0
1454.5
6506.0
68.0
4299.0
163.0
15183.5
3349.0
1002.5
68.0
68.0
9921.5
7624.0
14782.5
0
8505.5
646.0
3257.0
1506.0
5608.0
458.0
7598.5
13464.0
54.0
1889.0
5346.5
57.5
68.0
18496.0
13458.5
2358.5
68.0
15610.5
1556.0
2860.0
68.0
458.0

5450.5
7285.0
68.0
68.0
1802.0
24827.5
3012.5
1983.0
5823.0
68.0
68.0
2456.0
68.0
13348.0
9958.5
68.0
8014.0
7194.5
68.0
1948.5
68.0
554.5
2770.0
849.0
8389.5
8.0
5098.5
50.0
68.0
68.0
68.0
22651.0
68.0
537.5
3629.5
2005.0
7651.5
68.0
68.0
24984.0
11242.0
68.0
68.0
5762.5
2258.0
1619.0
927.0
6330.0
9612.5
9936.0
8572.0
1984.5
163.0
629.0
68.0
68.0
7011.0
68.0
8144.0
11500.0
719.0
908.0
7867.5
7139.0
6647.0
1049.5
5559.5
8752.0
7860.0
4529.0
2067.0
68.0
0
7706.5
68.0
68.0
21210.5
5455.0
3720.5
10779.5
6519.5
2826.5
68.0
1558.5
6360.0
4985.0
14252.0
1016.5
0
68.0
14340.0
3031.5
26289.5
8670.0
8183.5
3683.0
15144.5
8581.5
4456.5
68.0
2895.0
8707.0
4478.0
1487.5
68.0
554.5
68.0
21887.0
3606.0
14902.5
11367.5
68.0
68.0
4541.5
9982.0
6952.0
3699.5
7709.0
8926.0
15698.0
2866.5
4574.0
2175.0
4506.5
1016.5
11579.0
68.0
4047.0
257.0
6374.0
2545.5
719.0
68.0
16613.5
3215.0
4459.5
68.0
1016.5
4517.0
5885.0
4948.0
4186.0
68.0
7697.5
3248.5
68.0
438.5
7683.5
68.0
8004.0
4109.5
7628.0
14013.5
16180.5
2131.0
4559.5
1595.0
3055.5
1880.0
11269.0
1038.5
68.0
8998.0
6013.0
0
458.0
1499.0
9903.5
2843.5
21471.5
1423.5
5606.0
24463.0
68.0
20277.0
8457.5
7259.5
5038.5
1454.5
68.0
3821.0
554.5
68.0
10295.0
4955.5
0
17896.0
0
2755.5
554.5
2325.5
14376.0
2056.0
12130.0
12069.5
2841.0
2362.0
14771.5
68.0
9490.5
3199.0
2995.0
365.5
4186.0
10820.5
1019.0
3099.0
2787.0
4092.5
1016.5
1036.0
12644.5
6394.5
12131.0
16939.5
68.0
163.0
19637.5
13900.5
6392.5
8542.5
1349.5
1036.0
6368.5
3331.0
68.0
348.5
1762.0
11730.0
926.5
14076.0
68.0
5
24145.5
3706.5
12469.0
68.0
16430.0
828.5
438.5
4093.5
12118.0
1922.5
6828.0
17640.5
438.5
10861.0
6302.0
68.0
68.0
926.5
4613.5
11200.0
18394.0
1967.5
68.0
997.5
13788.0
1912.5
7990.0
10301.0
68.0
5062.0
5353.5
14164.5
17861.5
68.0
5687.0
719.0
163.0
1959.5
12965.5
2276.5
57.5
646.0
20516.5
5120.0
11265.0
5911.5
1409.5
68.0
1046.0
1991.0
6861.0
68.0
68.0
4973.0
1019.0
68.0
21789.0
163.0
68.0
3719.0
6365.0
1785.0
0
6882.5
68.0
6215.0
1021.5
537.5
14292.5
6760.5
5896.0
271.0
1031.5
11697.0
68.0
68.0
4908.5
24657.0
4442.5
68.0
2735.0
1036.0
9886.0
6367.5
2338.5
631.0
9126.5
23653.0
14747.0
943.5
7572.5
8457.5
24115.5
13120.0
68.0
8593.0
68.0
9655.5
68.0
4507.5
68.0
1911.5
3588.0
1020.0
17292.5
257.0
5803.0
438.5
6340.5
1330.5
3986.0
4787.5
68.0
7726.0
438.5
4109.5
6218.0
4644.5
3118.5
3673.5
2150.0
10795.0
4064.5
2728.0
3634.5
10302.0
5899.0
68.0
9355.5
68.0
1603.5
943.5
2660.5
2841.5
11628.0
9497.5
16426.0
5602.5
68.0
4505.0
68.0
68.0
7235.0
7129.5
68.0
5302.5
68.0
3231.5
14851.0
18698.5
57.5
1109.0
5275.0
68.0
1897.0
9825.5
6685.5
2083.5
1344.5
1115.5
12888.0
719.0

537.5
17349.0
6823.0
68.0
4274.5
1516.0
68.0
2850.0
68.0
68.0
2699.5
4583.5
1886.5
6695.0
5531.5
2765.5
3896.0
5835.5
68.0
68.0
438.5
68.0
438.5
629.0
68.0
3809.5
68.0
2285.5
10357.0
9849.5
1389.5
7647.5
68.0
68.0
1036.0
2702.5
1858.0
19257.5
5454.0
0
18254.0
9008.5
14258.5
68.0
14286.0
5019.5
3102.5
14171.0
68.0
8999.0
68.0
68.0
3390.0
3719.5
68.0
68.0
1577.5
5246.0
2338.0
68.0
4939.5
1521.5
1017.5
457.0
8439.5
13015.5
16044.5
68.0
1392.5
438.5
6400.0
10670.0
12106.5
3743.5
1505.5
1992.0
2353.0
1021.5
3110.5
4250.5
9917.0
2665.5
1004.5
9075.0
163.0
612.5
9000.0
7730.5
68.0
68.0
19196.5
14844.5
4131.5
7717.5
68.0
5426.0
2387.0
6436.5
13049.0
257.0
22363.5
4936.0
5906.0
8906.5
10320.0
0
1875.0
3997.0
7264.5
18733.0
12098.0
2439.0
68.0
2549.5
458.0
1668.0
458.0
1877.5
12948.0
1784.5
68.0
23681.5
8578.5
4199.0
12684.5
68.0
627.5
0
4081.0
12439.5
68.0
5944.0
10325.5
4892.0
629.0
5853.0
1394.0
3188.0
8866.0
0
612.5
0
1036.0
943.5
6233.5
11430.0
4175.0
8556.5
3690.5
7769.5
68.0
68.0
1487.0
1102.0
0
1520.5
68.0
5379.0
1687.0
68.0
4438.0
3713.5
6297.0
1373.0
1710.5
16978.5
2778.0
68.0
5549.0
8881.5
6731.5
12551.5
68.0
4536.0
4148.5
68.0
831.0
7268.0
23898.5
68.0
1865.0
9922.5
68.0
68.0
3865.0
1982.0
1928.5
12587.5
5419.5
0
14343.5
68.0
15751.0
153.5
1002.5
5486.0
2829.5
0
4108.5
9464.0
11640.0
68.0
5413.0
18400.5
4074.0
3323.0
9060.0
8578.5
68.0
2282.5
68.0
925.0
8473.5
6445.5
3196.0
3837.0
8780.0
1875.0
12082.0
9948.5
68.0
4022.0
1965.0
6366.0
11642.5
6365.5
7173.0
163.0
5873.0
1999.5
12397.5
3027.5
68.0
68.0
8505.0
68.0
23995.0
12555.5
7672.5
943.5
7557.5
1598.0
18779.0
6356.5
19582.0
22.5
1300.0
533.5
850.0
6647.0
23684.0
7465.0
2345.5
68.0
11962.0
6294.0
2492.5
21318.0
1053.0
16077.5
13470.5
3098.5
8245.5
17859.5
1021.5
68.0
24202.0
68.0
533.5
1124.5
2262.5
5565.0
7262.0
1424.0
68.0
8144.0
700.0
10679.0
8514.5
1521.5
2637.5
0
12894.5
16982.5
2831.0
68.0
5027.5
20006.5
5072.5
68.0
68.0
2311.0
68.0
0
68.0
3403.5
15222.0
4187.0
8.0
3104.5
2397.0
629.0
3214.0
1971.5
1014.5
10813.0
8988.0
8514.0
5480.0
68.0
3423.5
3531.0
9381.0
0
14991.5
2453.5
15955.0
1199.0
77.0
3206.5
163.0
1614.5
1333.5
1021.5
3322.0
614.0
12380.0
68.0
4022.5
3142.0
925.0
5676.0
22113.5
1931.5
2352.5
1904.5
1430.0
2355.0
3258.0
7166.0
19852.0
9774.0
5982.0
4736.0
6834.5
7732.5
68.0
2640.5
22283.0
3107.0
13396.0
9411.0
68.0
25455.5
365.5
3691.5
1019.0
243.5
5827.5
6246.5
5291.5
15734.5
68.0
943.5
19310.0
4080.0
4955.0
1776.0
11132.5
4455.0
15423.5
23584.5
1911.5
17219.0
9492.5
4002.5
12009.5
6089.0
6385.0
1800.5
68.0
7668.5
8136.5
18405.5
2468.5
1098.5
2234.0
6869.0
16115.0
6152.0
22748.5
458.0
2686.0
2338.0
5532.0
1516.0
8096.5
11080.0
7103.0
7605.0
9371.0
6713.0
5430.5
5403.0
2262.5
7283.5
3884.5
1945.0
68.0
7296.0
0
24061.5
3752.5
2757.5
926.5
5007.0
11732.5
8555.0
0
68.0
2788.0
7011.5
1523.5
2002.0
535.0
438.5
10246.0
5117.0
9679.0
20539.0
13486.0
930.5
3141.5
3199.0
0
2673.5
646.0
1331.5
7611.5
1019.0
11325.0
68.0
173.0
68.0
2734.5
12698.5
443.5
3016.5
68.0
3975.5
2246.0
3741.0
10571.0
10255.0
3233.5
9347.0
13881.5
3112.0
21436.0
21374.5
554.5
4106.0
4053.0
10013.5
1504.0
543.5
68.0
4255.0
1092.5
0
68.0
4575.0
18361.0
4017.0
17070.0
68.0
15467.0
8562.0
18277.5
1019.0
68.0
9649.0
68.0
4908.0
68.0
2280.0
15739.5
911.5
5511.0
68.0
7613.0
8027.0
5398.0
9943.5
11115.0
11929.0
68.0
8187.5
21864.5
3134.5
8651.5
68.0
1109.0
16063.0
3995.0
2386.5
14717.5
11281.0
68.0
8513.0
68.0
4698.0
16366.0
68.0
4744.0
8993.0
16497.5
2375.5
4053.5
6000.0
18797.0
1033.5
7657.5
68.0
3360.0
16433.5
68.0
10501.0
8908.5
1373.0
3214.5
1336.5
1426.0
8910.5
68.0
0
16534.0
4546.5
3889.0
13411.0
3703.0
6332.0
614.0
22.5
14408.0
7154.0
12969.5
9383.0
15779.5
68.0
5432.5
4967.0
10061.0
6589.5
450.0
22742.5
10699.5
2824.5
9524.0
6118.5
2933.5
1016.5
68.0
15244.0
68.0
2267.5
1913.5
3216.5
1056.0
4112.0
4196.5
1053.0
4974.5
22325.0
1788.0
13104.0
8235.0
2717.0
68.0
2638.5
13909.0
14778.0
6456.5
13982.5
68.0
1970.5
0
1333.5
2287.0
3189.0
5443.5
12353.0
10849.0
10627.0
348.5
6103.5
8693.5
8521.5
8421.5
925.0
1539.0
0
21005.5
68.0
5869.0
68.0
68.0
5091.0
68.0
20212.0
68.0
257.0
8584.0
68.0
11705.0
2490.0
68.0
3302.0
68.0
6242.5
68.0
13997.5
2470.0
68.0
7117.5
4765.5
19045.5
9440.0
6981.5
4456.5
22747.0
612.5
11194.5
809.5
1803.0
1720.5
0
68.0
2846.0
12653.0
68.0
9483.0
3695.5
10855.0
68.0
0
68.0
24026.5
0
15556.0
3062.0
6171.5
7683.5
68.0
537.5
8865.0
4153.5
68.0
68.0
4140.5
7989.0
5325.5
68.0
2331.5
908.0
3414.0
11761.5
3585.5
2753.5
15797.0
2755.0
4584.0
646.0
4675.5
1505.0
68.0
6370.5
6407.5
1796.5
1789.5
2668.5
893.0
3174.0
5850.0
7728.0
9143.5
629.0
6368.0
3587.0
12568.5
1503.0
4294.0
68.0
17836.5
8607.5
629.5
3310.5
533.5
6560.0
68.0
2060.0
6890.5
2404.0
17791.0
6655.0
543.5
68.0
9211.5
68.0
2547.5
22454.5
68.0
7694.0
17474.5
24128.5
13550.0
5074.0
6866.0
2246.5
7552.0
68.0
3687.5
4015.0
4905.0
11561.5
5876.0
1556.0
13424.0
4903.0
4093.5
4988.5
5006.0
646.0
68.0
6259.5
18518.0
1538.5
2488.0
22351.5
4552.0
1036.0
14297.5
5844.5
3680.0
23345.5
2734.0
551.5
7724.5
5602.0
832.0
7560.0
1321.5
68.0
1447.0
1034.0
8965.0
4090.0
3145.0
3939.5
7850.0
3718.5
0
8421.0
4625.5
18753.0
10403.5
0
9.0
11357.5
68.0
7743.5
68.0
10625.0
13038.0
68.0
0
1405.5
4465.0
11710.5
2284.5
153.5

5327.0
12945.0
68.0
2356.0
458.0
9898.0
68.0
21899.0
9441.0
0
9511.0
2374.5
0
2562.5
541.0
4934.5
1798.5
1970.5
629.0
5893.5
8041.5
173.0
8861.5
3998.5
1909.0
0
927.5
68.0
18430.0
0
4089.5
68.0
0
646.0
11324.0
68.0
2236.0
68.0
15462.0
15676.5
3563.0
1016.5
4861.5
3312.0
5566.5
0
7667.5
68.0
629.5
2175.5
4589.0
3632.0
5153.0
7460.5
68.0
6348.0
629.5
1488.0
68.0
2751.0
2635.5
10704.0
68.0
12046.5
1390.0
6274.0
68.0
7636.0
18366.5
5109.5
1580.5
12983.0
7636.5
7231.5
13554.5
21400.5
9949.0
12463.5
3809.0
10264.0
8155.5
0
5624.5
1053.0
2375.0
1786.0
68.0
25801.5
20207.5
11594.0
3468.5
2423.5
68.0
3256.0
8204.5
1499.0
10675.0
5436.5
68.0
925.0
5407.5
19652.5
68.0
4168.0
68.0
1224.0
3826.5
1115.5
11314.0
4000.0
438.5
11478.0
2750.0
5917.0
68.0
10018.0
20123.0
19065.0
6809.0
2408.5
7648.0
8503.0
20594.5
1505.0
3283.5
68.0
10225.0
13006.5
4870.0
68.0
17439.5
68.0
2952.5
12264.0
2267.5
68.0
11167.0
14296.0
2040.5
1038.5
11263.5
8873.5
15717.5
6440.0
14707.0
4480.0
14739.0
5858.5
9846.0
4279.5
4115.5
2510.0
1002.5
6383.0
68.0
19628.5
20985.0
3546.0
68.0
1878.5
943.5
13509.0
14441.5
12622.0
12556.5
1085.5
16576.0
5843.0
926.5
3674.5
68.0
12681.0
3666.0
1886.5
173.0
646.0
68.0
19200.5
9107.0
13002.5
68.0
1334.0
4899.5
0
1038.5
12442.5
1594.0
4109.0
7244.0
15081.5
5543.0
5474.0
601.0
4451.0
8897.5
15098.0
7724.0
16957.5
6101.0
1875.5
1895.5
24071.0
13910.0
14871.0
6323.0
13350.5
4867.5
21786.0
7842.0
11551.5
5035.0
8180.0
14770.0
2924.0
1889.5
8191.5
6167.0
3216.0
68.0
10893.0
6827.5
8520.5
6383.0
8.0
8.0
68.0
12194.0
3534.5
4099.0
1331.0
537.5
2860.0
1145.5
999.5
68.0
2488.5
9797.0
7143.0
6670.5
6795.0
3215.5
14815.0
68.0
3343.0
18771.5
68.0
4485.5
0
8478.5
12009.0
4212.5
68.0
15428.5
736.0
0
7666.5
2799.5
24267.5
68.0
10675.5
0
0
2346.5
68.0
12405.0
3601.0
8030.5
163.0
27213.5
503.0
5669.5
68.0
68.0
13472.5
12461.5
4485.5
8575.0
68.0
9393.0
18331.0
68.0
68.0
5050.0
68.0
7236.0
77.5
8926.5
8982.0
23388.5
68.0
10712.5
8261.5
10860.5
13340.5
0
0
68.0
15680.5
163.0
5058.0
3221.5
1034.0
1785.0
10129.5
16285.0
7748.5
14354.0
4514.0
7699.0
6777.0
8061.0
1489.5
15093.0
6558.5
14290.0
4669.0
4435.5
68.0
12151.0
1443.5
8963.0
68.0
68.0
24707.0
3710.5
1406.5
68.0
9980.0
4171.5
12445.5
13055.0
11306.5
11656.5
14631.0
2358.0
4163.0
4584.0
68.0
524.0
1126.0
17000.5
16878.5
68.0
2263.0
9913.5
4584.0
1540.0
7242.5
2265.0
68.0
68.0
11565.0
5928.0
3239.0
4574.5
4067.0
20968.5
10548.0
4095.5
3486.5
4537.5
68.0
68.0
54.0
3265.5
6490.0
1428.5
68.0
458.0
24558.0
68.0
18333.0
3309.0
1019.0
68.0
1917.0
20899.0
16000.5
12956.0
17042.5
13861.5
443.5
438.5
348.5
12017.0
8014.0
14809.5
1970.5
1878.0
9775.0
8503.5
4595.5
22833.0
3751.5
19913.0
14370.0
1770.0
68.0
68.0
68.0
10694.5
348.5
17901.0
5034.5
7285.5
68.0
2374.5
738.5
8578.5
14306.0
13438.5
5394.5
1019.0
14788.5
27180.0
1109.0
10384.5
8021.5
68.0
68.0
3143.5
11183.0
741.0
68.0
3567.0
1519.5
943.5
8468.0
443.5
21523.5
14269.5
4813.0
68.0
702.5
3674.5
2321.0
7254.5
16549.0
68.0
24233.5
68.0
719.0
8519.5
4927.5
0
2670.0
2246.0
1037.0
19783.5
999.5
6248.0
12085.5
9327.5
2689.0
11191.5
9022.5
1492.5
8646.5
0
19240.0
10781.0
11085.5
2740.0
9355.0
4961.5
1333.5
68.0
25769.5
7216.0
4980.0
1504.5
68.0
22320.0
10235.5
16974.5
25865.0
1580.5
7147.5
1005.0
0
6310.5
25452.0
629.0
68.0
11171.5
10294.5
68.0
4444.0
438.5
68.0
9796.0
68.0
3604.5
2330.0
4701.0
10423.0
7251.5
9017.5
68.0
12548.5
1726.0
6839.5
24109.0
3281.0
68.0
17370.5
15560.0
3735.5
2252.0
2737.5
12220.0
999.5
68.0
8556.0
9983.5
68.0
19817.5
4938.5
68.0
0
24253.0
1974.5
4746.0
68.0
629.0
5029.5
12106.0
4996.0
23312.5
537.5
2228.5
3314.5
6756.0
11267.5
11909.5
11567.5
68.0
10655.0
2079.5
438.5
10636.0
3727.5
3584.0
5596.0
68.0
0
10453.5
7260.5
961.0
629.0
4186.5
68.0
25000.0
7218.5
15536.5
5088.5
68.0
2745.0
6554.0
1877.5
12239.5
11710.0
7957.0
6104.0
1333.5
8667.5
68.0
1068.5
68.0
3668.5
11424.0
534.5
10686.0
10450.5
2255.0
19476.0
23134.0
9896.0
68.0
17932.0
3141.0
5365.5
9490.0
0
438.5
2301.5
25866.0
2826.0
1424.0
2241.5
17033.0
2771.0
68.0
68.0
8985.5
11867.5
2766.0
5950.5
1029.0
2638.0
3213.0
8930.0
17468.0
5026.0
1861.0
68.0
6770.0
25081.5
25109.0
68.0
458.0
0
438.5
1031.5
7630.5
68.0
4602.0
1912.0
17373.5
1809.0
6661.5
3270.5
1445.0
68.0
1105.0
9381.5
21867.5
5091.5
10832.5
4481.5
14470.5
68.0
68.0
14961.5
4112.0
68.0
9922.0
4090.5
13428.5
22771.0
9328.0
2252.5
15612.5
1520.0
4038.5
18791.0
68.0
68.0
9526.0
24059.0
460.5
3318.0
68.0
614.0
68.0
612.5
9343.5
2656.0
3283.5
9998.0
8628.5
3668.0
2150.5
1046.5
13021.0
7305.0
13010.5
8889.5
68.0
17760.5
4168.0
68.0
68.0
0
68.0
68.0
68.0
1997.0
6760.0
5488.5
9470.5
2279.5
629.0
11376.0
26306.0
6202.5
1612.5
1670.5
68.0
68.0
68.0
1145.5
1792.0
543.5
4071.0
68.0
5100.5
14302.5
2210.0
7172.5
5286.5
163.0
3708.5
13348.5
458.0
163.0
7969.5
3661.0
13451.5
68.0
68.0
4824.5
68.0
12909.0
17017.5
6439.0
2685.0
4050.0
6340.0
1331.5
2806.5
3369.5
7235.5
4505.0
68.0
68.0
2792.0
17993.0
68.0
68.0
10421.5
5507.5
2194.5
11246.0
3720.5
1916.5
509.0
5417.5
8574.0
12556.5
68.0
68.0
5171.5
1912.0
68.0
9543.5
8743.0
2470.5
3360.0
68.0
68.0
4065.5
6795.0
8944.0
68.0
2377.5
1022.0
3347.0
9193.0
5359.5
17050.5
15211.0
0
21398.0
0
1687.0
5128.5
506.5
4372.0
14813.0
9425.5
1774.0
458.0
2245.5
1820.0
2771.0
11355.5
1580.5
5486.0
4573.0
6858.0
909.5
11638.5
10230.0
68.0
68.0
17054.5
466.5
8139.5
68.0
12082.5
1813.5
5295.5
19211.5
6370.0
68.0
8540.0
68.0
68.0
22220.0
1987.5
257.0
24932.0
4571.0
15710.0
2082.5
451.0
2086.5
3249.5
13195.5
13888.0
2225.5
2251.0
13946.5
20074.5
1970.0
77.5
14817.5
3785.0
1038.0
68.0
68.0
8608.0
68.0
22346.5
16562.5
21000.0
68.0
14029.5
9421.5
5411.0
0
68.0
4163.5
68.0
22257.5
3199.0
7218.5
13019.0
13629.5
4479.5
7016.5
13452.0
12992.5
2361.0
6977.0
2564.5
1016.5
12469.0
68.0
12480.5
14289.0
7476.0
17815.5
4077.0
13215.5
3377.0
68.0
21394.0
8406.0
68.0
68.0
3049.5
9994.5
1444.0
2660.0
10393.5
11060.5
18818.0
13143.5
68.0
1999.5
4335.0
2810.0
18337.0
22506.0
18635.5
21801.5
11655.0
3180.5
2752.0
4834.0
68.0
5881.0
68.0
7199.0
68.0
2282.0
8496.5
17974.5
1016.5
5083.5
13126.5
8491.5
7123.0
18726.5
16086.5
9085.0
81.5
458.0
458.0
1539.5
1875.0
68.0
7111.5
11322.0
7576.5
4204.0
68.0
153.5
173.0
3839.0
68.0
4091.0
7162.0
2283.0
1969.5
68.0
458.0
8586.5
1109.0
14302.5
2736.0
1670.5
9113.5
7156.0
5133.5
6718.5
1489.0
1013.0
2956.5
22220.5
12573.5
4426.0
1029.0
13391.5
68.0
68.0
5501.5
4927.0
348.5
12824.0
21650.5
8010.0
68.0
4858.0
2532.0
68.0
21127.0
68.0
5873.5
8114.5
3103.0
4957.5
24112.0
1783.0
3139.0
0
4924.5
14624.5
24417.5
68.0
17526.0
521.0
68.0
2005.0
23505.5
68.0
68.0
4134.0
9092.0
10664.0
14409.0
4094.0
2682.0
2832.0
8508.5
1343.5
2769.5
6703.5
9837.0
68.0
5412.0
3644.5
1842.0
906.0
23174.0
4396.5
68.0
9448.5
68.0
7139.0
438.5
14010.0
999.5
3124.5
6848.0
4036.0
68.0
8868.5
6797.5
909.5
8884.0
7647.0
738.5
1489.5
962.0
0
3548.0
17420.5
13084.0
4720.0
8866.0
68.0
68.0
8.0
8073.0
6483.0
5732.0
4067.5
14193.0
1126.0
2971.0
68.0
1033.5
17364.5
4229.0
7025.5
5903.0
9053.5
68.0
0
68.0
4880.0
68.0
6847.5
3663.5
8220.5
3587.5
68.0
68.0
6761.5
5862.0
9909.0
68.0
537.5
2860.5
17354.5
8555.5
12876.5
8242.0
4183.0
8542.5
7074.0
2368.0
7174.5
1565.0
3690.0
13940.5
2366.0
6823.5
68.0
3605.5
4062.5
68.0
7235.5
12539.5
4125.5
629.0
6352.0
2842.0
68.0
7638.0
646.0
1226.0
3572.0
13524.5
68.0
2738.0
18299.0
24897.0
438.5
8269.0
646.0
3069.0
22558.0
16688.5
9509.0
3043.5
4805.5
9847.5
6864.0
4025.0
3572.5
534.5
18838.5
8109.5
1111.5
3780.0
1121.5
3610.0
68.0
1331.0
10299.0
10809.5
68.0
1878.5
1504.5
10709.5
1334.0
3193.0
68.0
0
3772.5
3611.0
15836.5
12012.5
20569.0
6100.5
9925.0
68.0
12320.5
1576.5
6352.0
153.5
2338.5
68.0
10731.0
173.0
7243.0
13951.0
1016.5
614.0
1892.0
926.5
2456.0
2748.0
16691.5
6835.0
6875.5
5072.5
68.0
6473.0
5036.0
553.0
21306.0
6160.0
1499.0
4947.0
7821.5
68.0
25881.0
17976.0
8064.0
68.0
13816.0
8861.0
19059.5
524.0
21919.0
19008.0
1782.0
10867.0
1798.5
10287.5
27405.5
1036.0
5530.5
4923.0
3235.5
68.0
17021.0
5419.5
2098.0
923.5
1048.5
3491.5
10416.5
2732.5
17488.0
4155.0
68.0
22690.5
68.0
5555.0
6784.0
8161.5
11204.5
19529.0
1987.5
1005.0
10484.0
434.0
18196.5
629.5
5042.5
2733.5
999.5
722.0
0
5818.5
6255.5
68.0
11701.0
2659.5
1472.5
68.0
68.0
438.5
68.0
13062.0
1033.5
724.0
6753.0
68.0
15283.5
16057.5
68.0
524.0
68.0
12948.0
11670.5
11982.0
1804.0
3738.0
9906.0
68.0
12175.0
1945.0
6332.5
23706.0
2789.0
12171.5
6805.0
9267.0
18269.5
4277.0
0
68.0
4465.5
16410.5
7249.5
68.0
1968.0
12972.5
11913.0
2822.0
8108.0
8706.0
7642.0
68.0
68.0
629.5
8577.0
9866.5
9216.5
0
12573.5
5859.0
5465.0
1334.0
10159.0
22207.5
9900.5
5032.0
926.5
14797.0
5587.5
9366.5
7692.0
629.5
68.0
68.0
2727.0
9336.0
5474.5
14647.5
5029.0
11552.5
257.0
2256.0
68.0
15661.0
8923.0
12548.5
2329.5
16623.0
6630.5
11232.5
9488.0
68.0
8979.0
10372.0
956.0
68.0
17190.0
13389.0
10816.5
3828.0
2841.0
5431.5
438.5
537.5
6697.5
2171.0
9122.0
8375.0
0
1878.5
928.5
4082.0
1012.0
68.0
9806.0
11525.0
1509.0
4561.0
5005.0
4149.5
77.5
2187.5
6218.0
68.0
68.0
1036.0
17292.5
13158.0
1092.5
15217.0
68.0
68.0
0
6760.5
1426.0
4462.5
8892.0
2248.5
0
612.5
4467.0
15122.5
3611.5
13396.5
9113.5
0
1098.5
18399.5
11281.0
491.5
22694.5
1417.0
4473.5
68.0
68.0
3558.5
1005.0
68.0
11583.0
10385.0
1019.0
13433.0
6469.0
5462.0
4576.5
9391.5
2476.0
10948.0
2845.5
1951.5
5367.5
68.0
5915.5
6790.5
719.0
992.5
1383.5
2219.5
2002.0
524.0
68.0
1777.0
9019.0
8497.0
68.0
7131.0
10786.5
2850.0
68.0
2234.5
8486.5
5026.5
9437.5
2812.0
6363.0
738.5
16214.0
7252.0
1112.5
1629.0
68.0
68.0
944.0
3162.5
3689.0
15584.5
1680.0
8024.0
9345.0
8061.5
0
3997.0
4087.0
5136.5
2083.5
17675.5
4562.5
6402.5
8008.5
8045.5
8501.0
19403.0
3234.0
0
68.0
68.0
1503.0
9887.0
4204.0
68.0
1895.5
10339.5
68.0
68.0
22744.0
7205.0
2765.0
257.0
6001.5
8825.5
1208.0
6996.5
14914.5
11508.5
10332.5
2854.0
8055.0
6261.0
68.0
1034.0
7149.5
2911.0
4089.0
26275.5
1864.0
1019.0
629.0
2468.0
10268.0
8636.5
1328.5
4045.0
25940.0
68.0
68.0
3208.0
1869.0
8877.5
6973.0
2045.5
68.0
9892.0
3954.0
537.5
4591.5
5801.5
68.0
7004.5
14745.5
1489.5
13085.5
21312.0
629.5
68.0
13073.0
1128.5
68.0
2762.0
10696.5
77.5
3254.0
68.0
68.0
3233.0
8114.0
68.0
21175.5
1495.5
1387.0
15873.0
926.5
7269.5
14657.0
4594.0
10866.0
17232.0
5604.5
15210.0
2295.5
0
68.0
11729.0
5813.5
0
17291.0
1970.0
68.0
2443.5
6418.0
5208.0
18597.0
11680.5
7991.0
14257.0
4304.5
10223.5
10728.0
12040.0
524.0
632.5
4693.0
68.0
6376.5
4205.5
23192.5
12037.0
163.0
14097.0
3282.5
10682.0
6278.0
8033.0
2259.5
13959.0
1129.5
4953.0
9773.5
3682.0
3155.5
4233.0
25568.0
10975.0
16736.5
68.0
1486.5
14410.5
4088.0
68.0
8061.5
13837.5
4075.0
68.0
963.5
8675.5
163.0
1224.0
646.0
9312.5
458.0
1580.0
11105.0
1516.0
68.0
19253.0
8641.0
9418.5
8871.5
4188.0
8444.5
1931.5
1087.5
6771.0
17952.0
9911.5
2410.0
68.0
68.0
20750.0
68.0
12379.5
1413.0
2554.5
22184.5
6651.5
68.0
23222.5
1019.0
4741.5
7847.5
5444.0
8506.5
17571.0
3168.0
68.0
755.5
6856.0
7113.0
2284.5
646.0
3198.0
4348.0
1017.5
7999.5
23316.0
21839.0
68.0
8145.5
7750.0
2723.5
68.0
438.5
15707.0
4917.5
18364.5
528.0
6019.0
1528.5
16914.0
4654.0
21401.5
2691.5
18374.0
25095.5
3216.0
1522.0
3159.0
15604.0
7018.5
1019.5
12533.5
1877.5
0
9820.0
16568.5
68.0
1537.5
12795.0
2311.0
0
1487.5
68.0
68.0
5388.0
18808.5
24379.5
68.0
5321.5
12077.5
68.0
3219.0
11554.5
16481.5
68.0
4480.5
1038.5
2047.5
11664.5
16976.5
3863.5
68.0
5332.0
5809.5
13848.0
0
68.0
10333.5
10488.5
4562.0
2381.0
524.0
15018.0
1039.5
5284.0
19681.5
1207.5
1869.5
18378.5
68.0
68.0
68.0
4657.5
612.5
163.0
551.5
9711.0
9493.5
22027.0
9820.5
4549.0
13048.0
3585.0
0
68.0
3687.0
3198.5
1577.5
3442.0
3847.0
3762.0
1968.0
4545.5
5798.5
10862.5
1128.5
68.0
7594.0
7059.5
12094.5
257.0
455.5
1404.0
68.0
1092.5
5959.0
12911.0
4922.0
2350.5
10287.0
5065.5
68.0
4899.0
27099.0
68.0
5380.5
6683.0
2258.0
1033.5
1409.0
3596.5
6123.5
8083.5
5054.0
78.0
68.0
2920.0
248.5
5883.5
20175.5
2339.0
1583.0
8581.5
68.0
458.0
25014.0
10853.0
68.0
543.5
641.5
163.0
1538.5
11706.0
23997.0
68.0
68.0
68.0
8990.5
10379.5
9845.0
14239.0
4149.5
3293.5
1016.5
13395.0
629.0
15105.5
4637.0
10343.5
1878.0
646.0
5043.0
1595.5
1032.5
0
6947.0
1597.0
2301.5
2661.5
2661.5
68.0
18198.0
2236.0
6346.0
4145.5
5906.0
1409.0
15699.5
5038.0
3595.5
68.0
23220.0
8543.5
3294.5
612.5
24080.5
11544.5
1033.5
1602.5
15213.5
6785.5
6035.0
6337.5
1592.5
68.0
17353.5
22484.5
9362.5
16098.0
3211.0
3213.5
2507.0
4489.5
4612.0
10324.5
1896.0
5928.0
9514.5
7682.5
8979.5
10323.0
163.0
10494.5
4186.0
1911.5
68.0
68.0
1963.0
11628.5
3792.5
5323.5
6285.5
15370.5
1875.0
17220.0
1931.5
13310.0
7653.5
3868.0
438.5
5394.0
12091.0
22887.0
1016.5
13396.5
6055.5
1499.0
1224.5
5358.5
12968.0
16496.0
3536.0
9890.5
5378.5
25436.5
554.5
4071.0
68.0
11856.5
68.0
0
16017.5
68.0
6736.0
8042.5
1423.5
11086.5
68.0
0
8006.0
10912.0
68.0
4194.0
926.5
4637.0
68.0
17000.0
8748.5
12922.5
4629.5
68.0
10344.5
7236.0
68.0
10553.0
16291.0
5096.0
9048.5
5862.0
5807.0
1033.5
8915.5
4963.0
15184.5
7619.5
629.0
3258.5
5021.0
2686.0
8174.5
1015.0
11637.0
68.0
68.0
9344.0
3735.5
68.0
2225.0
1803.5
3234.0
68.0
6833.5
6702.5
5902.0
9503.0
11365.5
68.0
8920.5
1111.5
1109.0
5017.5
4025.0
17804.0
23242.0
5605.0
0
6351.0
6223.5
5908.0
1051.0
629.5
9620.0
17775.0
68.0
438.5
7660.5
11703.5
68.0
5015.5
4329.0
68.0
2260.5
537.5
4626.0
13565.0
1578.0
8024.0
9013.5
4579.5
18746.5
5415.0
533.5
10035.5
736.0
2355.0
22834.5
16111.5
6262.5
6492.0
10215.5
68.0
2757.0
646.0
1427.0
0
1796.5
13518.5
2082.0
3403.5
11626.5
68.0
68.0
13364.0
2335.5
19967.0
1984.5
1423.5
1132.5
5171.5
943.5
9142.0
18255.0
7393.5
68.0
8517.5
9015.0
0
5526.5
1031.5
3668.0
12130.0
68.0
6886.0
627.5
68.0
13002.0
4853.5
3782.0
4234.5
18182.0
2235.5
68.0
8050.5
1351.0
68.0
3214.5
6741.0
68.0
5533.5
4897.5
14224.0
1468.0
68.0
17913.0
9037.0
1537.5
646.0
16658.5
3276.5
534.5
5363.0
2210.5
68.0
5006.5
0
12489.0
4921.5
537.5
17478.0
1126.0
1016.5
9595.0
438.5
68.0
8132.5
68.0
13991.5
629.5
5874.0
7050.5
6719.0
68.0
68.0
1529.5
13402.5
646.0
68.0
22836.0
7700.5
68.0
10152.0
22277.0
5866.5
68.0
68.0
68.0
22.5
1406.5
3715.0
438.5
163.0
458.0
4140.0
6217.0
9435.0
8002.5
6767.0
2771.0
9884.5
6289.0
20204.5
17807.5
3721.0
4043.5
6679.5
1436.0
6829.5
19183.0
9057.0
68.0
537.5
68.0
68.0
11643.5
7898.5
68.0
6480.5
11841.0
18470.5
4441.5
17909.0
22825.0
22540.0
257.0
7595.5
5003.0
9970.5
11631.0
1521.5
12459.0
15994.0
3562.5
26354.0
4885.5
1968.0
4175.5
9032.5
5412.5
4551.5
961.0
0
1066.0
438.5
18679.0
1820.0
14345.0
646.0
629.0
1549.5
3287.5
68.0
12628.0
1505.5
3585.5
1952.5
9024.0
3582.5
68.0
15674.0
4109.5
0
1016.5
9508.5
12547.0
0
7309.5
20138.5
6168.5
68.0
3773.0
5008.0
68.0
3826.5
2357.5
1948.0
17446.0
19149.0
3204.5
4089.5
9938.5
543.5
438.5
10352.0
9504.5
4996.0
5190.5
3722.5
3787.5
7203.5
12847.5
68.0
3606.0
68.0
16575.5
68.0
68.0
1000.0
3638.0
9863.5
3646.5
6685.0
1697.0
4322.0
5342.5
68.0
3730.0
629.0
4614.5
6794.5
68.0
68.0
68.0
1459.0
257.0
1333.5
7713.0
1951.0
6957.5
2334.0
1799.5
163.0
68.0
2456.0
2785.5
4073.5
8661.0
68.0
1387.0
1946.0
2675.5
14267.0
68.0
68.0
7246.0
1331.0
3500.5
1499.0
3090.5
8146.0
15.5
14532.5
0
18216.5
16118.5
18225.0
14167.5
2285.5
7181.0
6393.5
2548.5
1817.5
68.0
10372.5
6771.0
5824.5
4047.5
15282.5
1126.0
68.0
4942.5
6062.0
2004.0
3357.0
163.0
20560.0
5916.5
10306.5
3582.5
1406.5
9877.5
4020.5
9956.0
9078.5
2321.5
5004.5
6718.5
2138.5
9382.0
1333.5
68.0
0
6188.0
3269.5
10745.0
68.0
10262.5
1577.5
257.0
19556.0
1894.5
20412.0
11219.5
9499.0
6935.5
13854.0
3358.0
943.5
15711.0
10359.0
68.0
14874.0
19573.5
13419.0
7460.0
6386.0
13390.0
4078.0
14561.0
2301.5
438.5
8174.0
2376.5
2736.5
14260.0
19281.5
1038.5
10682.0
6324.0
68.0
3183.5
6702.0
23182.0
68.0
68.0
5521.5
5024.0
18101.5
6669.5
21501.0
68.0
15151.0
4078.5
68.0
3538.0
16412.0
10454.0
25907.5
2341.5
68.0
9383.5
68.0
5077.0
2843.0
5332.5
8593.5
68.0
1019.0
5899.5
3130.0
8196.5
9471.0
2359.5
4560.0
535.0
2893.0
443.5
16021.0
2404.5
2285.5
15526.5
15847.0
68.0
68.0
15210.0
8106.0
1610.5
6616.0
6347.0
9884.5
0
4167.0
3148.0
6116.0
2353.0
6336.0
7181.0
537.5
11154.0
9433.0
1053.5
7710.0
20544.5
3688.0
1052.0
10942.0
3303.5
6752.5
8661.0
1949.0
4124.5
2317.0
15680.0
1873.0
68.0
9376.0
8483.5
11666.0
1894.5
7693.5
3156.5
11130.0
4528.0
1539.0
150.0
12144.5
2847.0
68.0
68.0
8541.0
1036.0
1021.5
10745.0
4623.0
5141.5
543.5
3161.5
11203.5
15218.5
19573.0
3758.0
10647.0
68.0
2440.0
2319.0
68.0
6773.0
18301.0
18801.0
13801.5
17466.0
2800.5
4708.5
6294.0
2985.0
68.0
3713.0
9785.5
663.0
8498.0
4042.5
68.0
17918.5
4003.0
14403.5
5129.5
4529.5
21838.5
438.5
6335.0
2734.0
6805.0
9394.5
4118.5
17446.5
6920.0
10899.5
18344.0
537.5
9372.5
4484.5
2341.0
10236.0
14764.0
4161.0
7671.5
6377.5
11071.5
16078.0
14720.0
4512.5
7069.5
68.0
14699.0
457.0
3021.0
4086.0
68.0
12113.5
3627.0
2759.0
9605.0
6801.0
2720.5
5880.0
12635.0
68.0
5012.0
4668.0
6354.5
13010.0
68.0
15522.0
3208.0
4250.0
4005.5
68.0
18804.0
1929.0
7649.0
6324.5
6380.5
5693.5
14413.0
1967.5
537.5
5500.5
9740.0
4899.0
14404.5
13608.0
68.0
3565.5
2301.5
68.0
5149.5
12634.0
2402.0
2698.0
23144.0
2771.5
348.5
11659.5
11225.0
3605.0
8049.5
68.0
3125.0
9473.5
16499.0
13769.0
14318.0
6089.5
2485.5
1036.0
68.0
20426.0
2411.5
68.0
438.5
1597.0
9348.5
68.0
8568.0
2635.5
3271.0
5803.5
68.0
13032.5
14779.0
68.0
1789.5
2441.0
0
0
12153.5
68.0
68.0
7125.0
3759.0
2701.5
20683.0
755.5
1813.5
68.0
13920.5
68.0
3305.5
6206.5
5776.5
24061.0
7284.5
8504.5
2802.5
17883.0
3680.5
6318.5
9452.0
14741.5
4460.0
2348.0
7124.5
10617.5
458.0
4536.5
15270.0
68.0
2440.5
15597.0
332.0
1893.0
20086.0
9856.0
7434.0
18685.0
680.5
5225.5
533.5
5110.0
1504.0
1772.5
6591.5
1036.0
257.0
3208.0
68.0
4497.0
9939.5
1559.0
5597.5
3777.0
16302.0
1909.0
10193.5
961.0
7236.0
16685.5
17405.5
6981.5
5603.5
4052.5
20090.0
3250.5
24932.5
18743.5
68.0
4890.5
4038.0
68.0
1389.5
17096.5
6771.5
629.0
4031.0
4559.0
18263.0
1036.0
2844.0
554.5
1346.5
1033.5
891.0
1126.0
365.5
163.0
908.5
21336.5
537.5
14753.5
2422.0
17340.0
3687.0
9804.0
2899.5
68.0
2379.5
3118.0
1505.0
68.0
68.0
6921.5
14303.0
0
2245.5
1051.0
1872.0
68.0
3317.0
4034.5
7916.5
9104.0
7125.5
2753.0
1175.0
22276.0
1496.5
68.0
15221.5
2697.5
2389.5
521.0
17206.5
0
68.0
12611.0
13590.5
6422.0
15220.0
6671.0
11286.0
10809.0
3639.0
5648.0
7637.5
3291.5
12977.0
14355.0
3312.5
2242.5
13236.5
6563.0
163.0
9000.0
9498.5
14508.5
5479.5
1019.0
4076.5
14397.0
2347.0
5451.0
2942.5
1875.0
2344.0
7586.0
2726.5
16890.0
553.0
68.0
5949.5
153.5
12352.0
6815.0
1487.5
6278.0
1704.0
5377.5
2267.5
7809.0
24422.5
3930.0
2731.0
1960.5
458.0
10253.5
1687.0
4504.0
68.0
12128.0
153.5
68.0
1901.5
3571.0
6808.5
9447.0
4530.5
18198.0
5753.5
4534.5
68.0
2987.5
163.0
629.0
6909.0
4447.5
8106.5
3906.0
18298.5
1594.5
16546.0
13965.5
4009.5
1989.5
1803.0
257.0
8.0
5048.0
6807.5
7183.5
68.0
9535.5
68.0
3640.5
15707.5
3686.5
11295.5
2911.0
4448.5
68.0
3817.5
4073.5
3148.0
68.0
68.0
6233.5
19408.0
738.5
2837.0
943.5
9795.0
16072.5
1589.0
2280.0
9527.5
543.5
68.0
2169.5
3695.0
8049.0
68.0
2712.5
3439.5
2047.5
68.0
68.0
2432.5
1890.0
4637.0
9589.0
19991.0
606.5
68.0
3771.5
22272.5
20520.5
68.0
7010.0
4172.0
2456.5
1004.5
1518.5
68.0
1554.0
1819.0
163.0
2460.0
68.0
11588.0
438.5
12172.5
5090.5
13184.5
1794.0
15779.5
163.0
5953.0
1223.0
18428.5
8110.5
8607.0
0
629.0
19644.0
3827.0
68.0
14097.0
14854.0
0
9050.5
3947.5
1505.0
8900.5
68.0
10188.5
3640.0
4970.0
12903.0
4094.0
12175.0
68.0
738.5
7285.5
2090.5
23580.5
5369.5
458.0
5305.0
457.0
163.0
68.0
10726.5
2725.5
68.0
68.0
5334.5
8910.5
629.0
24213.5
4122.5
5119.0
5005.0
9800.0
1818.0
68.0
12521.5
8350.0
2660.0
646.0
4282.0
19179.5
3118.5
20395.5
11259.0
458.0
2718.0
11712.0
2749.0
68.0
68.0
2025.0
4962.0
3162.5
68.0
10334.0
173.0
3637.5
1496.5
6440.5
68.0
173.0
4099.0
2130.5
5418.0
2725.5
6245.0
5784.5
163.0

2553.0
457.0
6305.0
17266.5
1002.5
68.0
4569.0
3233.0
13307.0
5495.0
68.0
6669.0
1924.0
10862.0
4519.0
4287.0
999.5
9933.0
18749.0
640.0
1595.5
2672.5
68.0
68.0
5134.0
0
5352.5
19087.0
1794.5
68.0
6406.5
15813.0
68.0
12892.0
1051.0
1016.5
12456.5
3401.5
2593.5
68.0
4602.0
6859.0
68.0
10485.0
5820.5
1389.5
551.5
1136.5
68.0
4108.0
7343.5
68.0
14442.0
2821.0
6505.0
5787.5
3363.5
1892.0
20037.0
19117.0
3149.0
5025.5
3684.5
1486.0
68.0
4499.5
3160.5
9968.5
3720.5
5574.5
4015.0
163.0
6715.0
1781.0
68.0
10332.0
14381.5
68.0
18405.0
1404.0
68.0
9902.0
13890.0
828.5
16219.5
7782.5
7917.0
8450.0
68.0
8149.0
16059.0
4298.0
68.0
8072.0
2174.0
11981.0
68.0
5015.0
68.0
3974.0
68.0
1785.0
3580.5
9827.5
5445.5
2445.0
15353.0
7793.5
3129.0
5455.0
15625.0
719.0
7206.0
1911.5
11583.5
4609.0
3657.5
2255.0
9837.5
4095.0
10892.0
1051.0
68.0
5481.0
2582.0
68.0
3702.0
9487.5
12964.0
17102.5
960.5
15295.0
7207.5
19586.0
3553.5
609.5
3141.0
2283.0
68.0
1555.5
623.0
14224.0
3774.5
20575.5
2276.0
5420.5
2843.0
7194.0
4554.5
4856.5
3989.0
19647.5
11250.0
22191.5
17986.0
4650.0
3999.0
438.5
16992.0
10388.0
3586.5
9862.0
458.0
3777.5
8506.0
12163.5
15216.0
14639.5
3674.0
17327.5
9966.0
2267.5
68.0
9160.0
8128.0
8891.5
1892.0
1848.5
4600.0
6883.0
68.0
21034.0
8531.5
68.0
68.0
4055.0
14685.0
5961.5
3624.5
13854.0
16227.0
9321.5
649.5
3187.5
0
537.5
7228.0
15654.5
12598.5
1036.0
9050.0
8932.0
5881.0
4017.0
68.0
1016.5
4461.0
17522.0
163.0
14012.5
1614.5
16136.0
1681.0
6728.5
8019.0
12332.5
18632.5
24603.0
15853.5
16173.0
6271.5
68.0
663.0
22754.5
4076.0
10638.0
2862.5
9926.5
12572.5
546.0
4321.0
68.0
5765.5
1894.5
68.0
12497.0
5329.5
9651.5
3222.5
6812.0
18660.5
6766.5
9382.0
14505.0
7439.5
4941.5
68.0
10667.0
2363.5
2953.5
7979.0
10855.5
8990.0
68.0
8051.0
68.0
1800.0
4441.0
3650.0
4614.0
999.5
12632.5
11677.0
2473.5
5513.5
4275.5
68.0
24539.5
438.5
10066.0
12941.0
68.0
3198.5
8445.0
1482.5
1036.0
4463.5
3360.0
470.5
2068.0
68.0
10785.5
68.0
4438.5
13177.5
2943.5
2304.5
3627.0
22449.0
4645.0
11872.0
6987.0
6808.0
1502.0
15660.0
68.0
16080.5
8913.0
2268.0
3256.0
1333.5
68.0
14419.0
13376.5
22714.0
1958.5
23136.5
3412.0
4932.5
3640.0
1504.5
11181.0
3432.5
4539.5
8467.0
724.5
4482.5
348.5
9931.0
1967.5
1382.5
4271.5
4447.5
163.0
3745.0
5701.0
68.0
927.5
629.0
16438.5
8993.0
22.5
0
3767.0
3198.5
7819.5
5039.5
9827.5
4076.5
6960.5
9158.5
1897.0
1104.5
68.0
5816.5
15100.5
2734.5
68.0
4561.0
3441.5
17394.0
1890.5
3658.0
68.0
68.0
4898.0
68.0
5900.0
9041.0
533.5
10284.5
3123.0
2333.5
8587.0
2825.0
646.0
22548.5
10471.5
17869.5
7560.5
68.0
9894.5
17767.0
9927.0
10470.5
1379.5
1908.5
4116.0
3597.5
68.0
68.0
961.0
13831.0
5498.0
15226.5
1036.0
9483.0
0
17578.5
16510.5
68.0
173.0
11290.0
68.0
68.0
10522.0
68.0
22926.0
933.5
1033.5
2341.0
68.0
4170.5
68.0
6653.0
68.0
6457.5
8163.0
8095.5
68.0
68.0
18786.0
1126.0
68.0
2438.0
551.5
1487.5
68.0
68.0
9368.5
926.5
13791.0
6005.0
14302.5
68.0
17877.0
68.0
