0
0
8.0
22.5
68.0
68.0
68.0
0
68.0
68.0
0
68.0
0
458.0
68.0
68.0
0
163.0
68.0
257.0
738.5
68.0
533.5
35.0
68.0
365.5
348.5
722.0
68.0
45.5
818.0
68.0
163.0
438.5
68.0
1409.0
68.0
438.5
68.0
68.0
22.5
438.5
68.0
521.0
0
627.5
68.0
68.0
68.0
68.0
1335.5
68.0
0
257.0

612.5
543.5
68.0
641.5
68.0
257.0
68.0
243.5
915.0
348.5
77.5
1145.5
347.5
65.0
68.0
68.0
348.5
15.5
8.0
541.0
163.0
68.0
68.0
22.5
68.0
458.0
68.0
352.0
438.5
68.0
68.0
0
738.5
45.5
243.5
332.0
596.0
1394.0
0
0
22.5
68.0
68.0
68.0
629.5
68.0
68.0
68.0
1329.0
68.0
809.5
257.0
50.0
258.0
68.0
736.0
740.5
68.0
1023.5
63.0
68.0
348.5
828.5
732.5
0
68.0
68.0
68.0
68.0
45.5
0
1409.0
163.0
22.5
458.0
914.0
729.0
0
0
68.0
0
646.0
0
68.0
68.0
68.0
1587.0
8.0
68.0
257.0
348.5
68.0
342.5
1406.5
68.0
68.0
68.0
8.0
68.0
438.5
0
.0
68.0
0
68.0
68.0
68.0
15.5
68.0
68.0
719.0
63.0
629.5
448.0
438.5
68.0
458.0
0
.5
257.0
457.0
15.5
68.0
458.0
68.0
438.5
627.5
8.0
67.5
68.0
458.0
0
1389.5
68.0
68.0
1480.0
68.0
35.0
719.0
524.0
68.0

348.5
438.5
68.0
916.0
68.0
8.0
365.5

173.0
8.0
1390.0
22.5
68.0
68.0
68.0
0
163.0
458.0
29.0
68.0
57.5
1328.0
0
68.0
460.0
68.0
68.0
458.0
828.5
35.0
8.0
894.5
888.5
68.0
68.0
68.0
0
153.5
438.5
68.0
22.5
348.5
348.5
68.0
338.5
438.5
35.0
257.0
758.0
8.0
448.5
809.5
515.0
914.0
68.0
0
2.5
848.5
348.5
1427.0
738.5
8.0
443.5
68.0
348.5
68.0
8.0
828.5
68.0
458.0
637.0
163.0
832.5
8.0
257.0
50.0
894.5
68.0
0
68.0
816.5
908.0
821.5
629.5
68.0
458.0
68.0
1013.0
66.5
632.5
68.0
68.0
438.5
646.0
458.0
1884.0
68.0
68.0
68.0
0
438.5
29.0
68.0
68.0
68.0
1305.0
68.0
68.0
68.0
458.0
68.0
8.0
68.0
926.5

939.0
1030.0
704.0
1109.0
68.0
68.0
438.5
1121.5
8.0
1335.0
0
68.0
427.0
68.0
35.0
719.0
66.5
724.0
486.5
68.0
8.0
451.0
68.0
2356.0
68.0
68.0
438.5
899.5
68.0
447.5
809.0
68.0
458.0
68.0
348.5
534.5
438.5
438.5
887.0
722.5
641.5
68.0
68.0
68.0
647.0
68.0
1122.0
563.0
722.5
1807.5
68.0
68.0
356.5
68.0
68.0
0
0
537.5
537.5
909.0
612.5
257.0
432.5
913.5
68.0
0
.0
348.5
68.0
828.5
0
163.0
1580.0
533.5
68.0
339.0
998.0
432.5
438.5
1019.0
458.0
458.0
658.0
1128.5
68.0
816.5
1360.5
912.0
0
68.0
1790.5
1322.5
919.0
419.5
68.0
1767.0
68.0
453.5
432.5
438.5
822.0
537.5
68.0
348.5
1364.0
0
257.0
0
348.5
632.5
68.0
68.0
719.0
68.0
1993.5
437.5
646.0
722.0
537.5
332.0
68.0
614.0
0
365.5
458.0
632.5
68.0
795.5
68.0
3237.0
68.0
68.0
243.5
628.5
528.0
732.5
68.0
2962.5
3089.5
0
365.5
1721.0
447.0
68.0
438.5
942.5
0
68.0
257.0
29.0
708.0
68.0
68.0
1476.5
1483.0
524.0
458.0
438.5
0
68.0
1384.5
2170.5
0
68.0
68.0
614.0
68.0
943.0
0
555.5
68.0
553.0
0
348.5
1212.5
68.0
68.0
899.0
68.0
0
2276.5
68.0
828.5
927.5
0
257.0
438.5
68.0
68.0
458.0
438.5
1745.0
68.0
371.5
1033.5
947.5
68.0
153.5
68.0
755.5
438.5
68.0
68.0
537.5
68.0
554.5
537.5
757.5
537.5
243.5
535.0
68.0
68.0
1873.5
68.0
68.0
1603.5
1584.5
614.0
68.0
163.0
1628.5
960.5
755.5
738.5
68.0
1336.5
173.0
68.0
821.5
68.0
68.0
68.0
1089.5
809.0
438.5
68.0
68.0
163.0
68.0
68.0
1914.5
923.5
257.0
2227.0
1519.5
68.0
0
1109.0
68.0
68.0
831.0
68.0
68.0
1406.5
68.0
68.0
0
832.0
68.0
719.0
257.0
646.0
68.0
1355.5
1139.0
68.0
852.0
68.0
68.0
1986.0
68.0
68.0
827.0
458.0
45.5
68.0
0
68.0
925.0
458.0
438.5
710.0
0
419.5
2058.5
0
1295.5
911.5
0
68.0
68.0
621.5
1535.5
0
1116.0
68.0
1367.0
68.0
68.0

68.0
0
68.0
2763.5
1794.5
68.0
2340.0
0
1882.5
1022.0
1197.5
736.0
460.5
438.5
1915.5
458.0
68.0
1534.5
1017.5
633.5
68.0
1103.0
0
1768.5
0
68.0
1889.5
68.0
609.5
348.5
719.0
257.0
257.0
438.5
68.0
2446.0
1577.0
2275.5
348.5
257.0
150.0
68.0
622.5
5096.0
1796.5
348.5
1788.5
1116.5
738.5
68.0
68.0
1129.5
0
2843.0
68.0
1119.0
0
0
68.0

2283.0
438.5
1109.0
68.0
0
68.0
554.5
2271.5
1510.5
2269.5
1677.5
536.5
458.0
637.0
848.0
68.0
2100.5
458.0
640.0
68.0
68.0
554.5
1595.5
0
68.0
438.5
365.5
163.0
68.0
68.0
2825.0
0
68.0
553.0
821.5
68.0
68.0
68.0
742.0
68.0
1815.0
68.0
163.0
348.5
68.0
458.0
68.0
2653.5
2153.0
2199.0
738.5
629.0
0
458.0
939.0
153.5
635.0
738.5
927.0
520.0
925.0
2604.5
0
1685.5
1284.5
1221.5
68.0
3276.5
755.5
1612.0
68.0
434.0
68.0
460.0
437.0
348.5
68.0
68.0
68.0
1306.5
68.0
705.5
68.0
554.5
0
1019.0
801.5
68.0
1244.5
1785.0
68.0
365.5
271.0
0
738.5
68.0
0
443.5
68.0
1470.5
543.5
348.5
1397.0
738.5
68.0
1494.0
68.0
68.0
4237.0
518.0
633.5
68.0
1748.5
1007.0
68.0
5774.5
257.0
3870.0
68.0
1392.5
68.0
68.0
68.0
3254.0
828.5
1813.5
1786.0
1111.0
271.0
68.0
68.0
68.0
68.0
257.0
988.5
258.0
68.0
1297.0
839.0
257.0
829.5
647.0
2190.5
1861.0
1102.0
824.5
933.5
3833.0
1222.5
68.0
663.0
68.0
1883.5
1591.5
68.0
163.0
68.0
1059.5
1488.5
68.0
68.0
68.0
537.5
243.5
1142.0
432.5
332.0
348.5
2763.0
68.0
647.0
68.0
68.0
68.0
438.5
68.0
438.5
365.5
2934.5
348.5
163.0
438.5
68.0
458.0
925.0
1745.5
68.0
50.0
68.0
1137.5
68.0
243.5
68.0
68.0
828.5
2282.5
68.0
68.0
447.5
68.0
858.5
3475.0
1329.0
271.0
68.0
257.0
629.0
3296.0
163.0
1986.5
68.0
68.0
438.5
633.5
68.0
68.0
458.0
163.0
68.0
68.0
2625.0
0
68.0
68.0
623.0
537.5
933.0
922.5
68.0
1020.0
68.0
2080.0
2323.0
633.5
1028.0
852.0
524.0
68.0
2374.5
926.5
740.5
1016.5
3026.5
68.0
1777.0
243.5
68.0
1933.0
1777.0
68.0
1019.0
0
271.0
1869.5
1426.0
68.0
627.5
918.5
4606.5
68.0
68.0
68.0
68.0
2732.5
914.0
365.5
3015.5
608.0
3232.5
68.0
268.0
458.0
726.5
614.0
1289.5
537.5
68.0
944.5
537.5
1184.5
1969.5
68.0
1397.5
163.0
828.5
3141.0
68.0
68.0
163.0
68.0
1218.5
828.5
4962.0
0
2588.0
348.5
68.0
1228.5
1017.5
0
68.0
438.5
614.0
828.5
820.5
68.0
1584.0
1506.5
1041.5
68.0
551.0
68.0
68.0
68.0
513.5
163.0
1704.0
885.5
68.0
2086.5
719.0

835.0
67.5
1052.0
438.5
68.0

458.0
438.5
438.5
68.0
451.5
528.0
1502.5
1017.5
2245.0
68.0
68.0
458.0
732.5
68.0
1012.0
722.0
1571.0
163.0
817.0
68.0
352.0
68.0
0
1559.0
68.0
2474.5
68.0
832.5
1114.0
1931.5
742.0
614.0
68.0
2267.0
1004.0
68.0
68.0
1987.5
68.0
2965.5
710.5
1817.5
68.0
68.0
68.0
1220.0
647.0
332.0
1587.5
1687.0
68.0
922.0
3833.0
1394.5
68.0
1146.0
921.0
438.5
2002.5
68.0
163.0
438.5
1016.5
1612.0
68.0
5379.0
2781.5
257.0
68.0
163.0
2010.5
68.0
1571.5
1498.0
68.0
534.5
68.0
1406.5
1126.0
1225.0
1214.0
2535.0
1114.5
755.5
633.5
1803.0
68.0
1637.0
2775.0
614.0
0
1996.0
2079.0
68.0
1724.5
68.0
68.0
68.0
438.5
1407.5
419.5
68.0
805.0
68.0
68.0
1709.0
68.0
68.0
68.0
163.0
1025.5
68.0
537.5
248.5
1299.5
1450.5
627.5
1578.5
1193.5
68.0
0
828.5
0
1005.0
68.0
614.0
348.5
77.5
2785.0
1497.5
2358.0
646.0
1786.5
1597.0
68.0
8.0
458.0
0
633.5
738.5
68.0
68.0
719.0
419.5
4009.5
68.0
931.5
68.0
68.0
1672.5
1360.0
633.5
438.5
438.5
348.5
68.0
1046.0
460.0
0
0
4238.5
1852.0
2615.0
1621.0
841.5
511.0
68.0
641.5
68.0
828.5
68.0
68.0
738.5
458.0
632.5
365.5
348.5
8.0
3780.0
68.0
68.0

1218.5
2227.0
68.0
732.5
366.0

828.5
68.0
1031.0
68.0
68.0
68.0
365.5
348.5
471.5
1382.0
911.5
68.0
1630.0
348.5
641.5
3196.5
0
1258.0
1816.5
438.5
536.5
2243.5
647.0
1316.5
841.0
537.5
68.0
2745.0
702.5
338.5
1298.0
1989.0
1325.0
163.0
68.0
2263.0
2522.5
68.0
257.0
68.0
68.0
1198.0
68.0
3865.0
438.5
2253.0
2170.0
68.0
68.0
1795.0
1425.5
68.0
474.0
795.0
4158.5
1789.0
614.0
68.0
348.5
3261.0
1205.0
1763.5
2143.0
68.0
438.5
541.0
458.0
1885.5
68.0
0
68.0
740.5
438.5
629.5
68.0
847.0
614.0
1216.5
1685.0
2435.5
68.0
925.0
68.0
68.0
1194.5
1214.0
1107.0
1339.0
68.0
68.0
2323.0
0
438.5
1688.5
2073.5
68.0
1201.0
68.0
68.0
1133.5
736.0
533.5
738.5
1791.5
1607.0
0
534.5
68.0
438.5
925.0
451.0
0
757.5
68.0
2656.0
3143.0
535.0
1501.0
68.0
1649.5
342.5
68.0
68.0
68.0
68.0

1291.0
68.0
68.0
0
1797.0
1130.5
68.0
518.0
2741.0
68.0
1317.0
68.0
646.0
1106.5
2272.0
2556.0
1974.5
68.0
1872.0
45.5
537.5
2708.5
2041.0
6055.5
2454.5
986.0
629.0
1945.0
646.0
1674.5
68.0
68.0
68.0
68.0
1004.0
271.0
1222.5
458.0
927.5
68.0
5051.5
0
719.0
432.5
1036.0
828.5
443.5
1379.5
2276.0
713.0
1966.0
1563.0
1855.0
828.5
458.0
647.0
3921.5
640.0
719.0
2664.5
809.0
641.5
1522.5
2367.0
1112.0
1012.0
68.0
927.5
1199.0
438.5
68.0
537.5
173.0
68.0
3043.0
68.0
3638.0
1402.0
68.0
3262.0
68.0
627.5
896.0
2243.0
830.5
68.0
0
68.0
1211.5
1091.5
68.0
68.0
2656.0
68.0
2980.0
257.0
68.0
2382.0
3228.0
2100.5
68.0
2680.5
68.0
348.5
3563.5
4554.0
821.5
68.0
271.0
2407.0
68.0
348.5
2330.5
836.5
738.5
68.0
1100.5
438.5
633.5
727.5
68.0
1317.5
365.5
1797.0
1018.0
243.5
2640.5
68.0
930.0
257.0
4322.5
68.0
1767.5
257.0
68.0
2517.0
2064.5
68.0
4038.0
619.0
524.0
3285.0
68.0
614.0
2946.5
1227.5
257.0
365.5
831.0
1597.5
608.5
68.0
2082.5
243.5
438.5
365.5
2070.0
1031.5
1033.5
68.0
443.5
68.0
612.5
365.5
629.0
4262.0
40.5
68.0
1300.0
1299.5
4271.0
2419.5
3593.5
68.0
524.0
22.5
257.0
524.0
365.5
68.0
0
68.0
68.0
1799.0
724.0
905.0
446.0
2458.5
918.0
348.5
348.5
68.0
616.0
1866.0
717.5
1135.0
68.0
737.5
1912.5
896.0
153.5
1521.0
448.0
153.5
646.0
458.0
1228.0
68.0
925.5
271.0
534.5
628.5
458.0
173.0
638.5
1221.0
1141.0
1028.0
68.0
352.0
257.0
1218.5
68.0
534.5
2440.0
468.5
163.0
628.5
68.0
1128.5
1409.5
348.5
68.0
608.5
68.0
1579.5
931.0
271.0
0
1241.0
1246.0
1103.0
743.5
438.5
1619.5
1106.5
1598.0
365.5
1017.5
68.0
271.0
458.0
2679.0
724.0
629.0
68.0
68.0
616.0
753.5
867.0
911.5
257.0
68.0
1139.0
68.0
68.0
1323.0
68.0
1115.5
68.0
68.0
3134.5
3976.0
257.0
68.0
365.5
3188.0
1228.5
1764.5
929.0
68.0
543.5
1063.5
68.0
257.0
1229.0
332.0
68.0
3497.0
438.5
623.0
163.0
68.0
271.0
2044.5
0
365.5
925.0
1688.0
68.0
68.0
719.0
68.0
68.0
4186.0
68.0
524.0
257.0
537.0
348.5
1641.5
438.5
553.0
68.0
68.0
438.5
646.0
68.0
1904.5
446.0
1436.5
68.0
926.5
68.0
68.0
68.0
923.5
68.0
68.0
521.0
1350.5
258.0
68.0
1439.0
807.5
68.0
68.0
68.0
634.0
1347.5
1396.5
68.0
68.0
1315.0
3201.5
537.5
629.0
243.5
632.5
443.5
68.0
2741.5
1304.0
1767.0
893.0
68.0
1878.0
68.0
438.5
163.0
836.0
1802.0
68.0
365.5
738.5
1387.0
68.0
163.0
828.5
68.0
68.0
1031.5
755.5
538.5
2270.5
68.0
630.0
68.0
163.0
1388.0
0
68.0
68.0
629.0
68.0
1618.5
641.5
348.5
1586.0
537.5
348.5
828.5
911.5
68.0

1294.0
348.5
551.5
0
68.0
848.0
68.0
68.0
163.0
68.0
68.0
629.0
612.5
2642.0
633.5
365.5
1023.5
1322.0
1100.5
460.0
1496.5
619.0
68.0
68.0
0
68.0
68.0
647.0
533.5
1308.0
755.5
248.0
738.5
68.0
68.0
173.0
348.5
633.5
68.0
738.5
1809.0
68.0
68.0
5000.5
68.0
153.5
68.0
629.0
438.5
1783.0
543.5
1403.0
641.5
68.0
2533.0
838.0
365.5
3157.0
0
68.0
2612.5
68.0
68.0
458.0
803.0
1876.5
1331.0
68.0
1000.0
1414.5
419.5
68.0
3032.5
68.0
458.0
533.5
1400.5
1482.0
2445.0
438.5
541.0
458.0
961.0
438.5
417.5
511.0
828.5
257.0
419.5
68.0
1120.0
1017.5
719.0
1602.5
68.0
68.0
68.0
1033.5
68.0
1463.5
68.0
1217.5
68.0

68.0
365.5
68.0
620.5
68.0
1479.5
68.0
68.0
68.0
1891.0
68.0
627.5
257.0
68.0
68.0
68.0
68.0
68.0
68.0
458.0
543.5
68.0
68.0
942.5
1467.5
271.0
68.0
1124.0
1413.0
68.0
68.0
348.5
257.0
68.0
0
533.5
68.0
438.5
1691.0
68.0
623.0
68.0
68.0
68.0
68.0
533.5
1669.0
438.5
153.5
2111.0
243.5
524.0
1197.5
1192.5
68.0
908.0
0
68.0
68.0
896.0
627.5
163.0
741.0
835.0
719.0
614.0
0
1777.0
68.0
68.0
4081.5
248.5
828.5
68.0
831.0
641.5
1568.5
257.0
68.0
955.0
4557.0
608.5
68.0
446.0
0
453.5
68.0
646.0
2166.0
1126.0
719.0
68.0
1004.0
755.5
1141.0
1412.5
3019.5
68.0
1670.5
68.0
619.0
271.0
446.5
163.0
68.0
68.0
68.0
744.0
3079.0
521.0
2961.0
1322.5
850.0
68.0
68.0
458.0
68.0
744.0
68.0
719.0
1025.5
738.5
68.0
3363.0
1335.0
719.0
5663.5
640.0
438.5
68.0
8.0
501.5
719.0
543.5
333.5
257.0
521.0
1728.5
514.5
1779.0
68.0
68.0
828.5
944.5
633.5
68.0
533.5
68.0
68.0
68.0
257.0
68.0
68.0
68.0
741.0
0
68.0
2609.5
458.0
1003.5
68.0
1400.5
452.0
68.0
458.0
507.0
1468.5
365.5
68.0
68.0
68.0
68.0
737.5
801.5
648.0
68.0
1303.5
1399.5
647.0
163.0
257.0
1889.0
68.0
348.5
2690.5
68.0
68.0
68.0
1784.0
475.0
647.0
1706.5
68.0
1119.5
271.0
438.5
68.0
1016.5
838.0
633.5
1895.5
68.0
2332.0
2140.5
535.0
1012.0
68.0
2802.0
271.0
68.0
3239.5
2058.5
633.5
2099.5
68.0
365.5
257.0
554.5
438.5
2647.0
1343.5
68.0
68.0
4121.5
68.0
758.5
68.0
68.0
68.0
438.5
8.0
1329.0
543.5
348.5
627.5
1036.0
713.0
68.0
68.0
803.0
1354.0
68.0
1984.5
68.0
612.5
68.0
2423.5
1880.5
415.0
1017.5
5810.5
68.0
68.0
68.0
68.0
68.0
1896.5
2404.0
68.0
163.0
1019.5
2123.5
614.0
1126.0
533.5
903.0
1982.5
2927.0
629.0
68.0
1816.0
883.0
1125.0
543.5
946.5
1953.0
68.0
1032.5
1504.0
68.0
68.0
831.5
999.5
3900.0
163.0
68.0
68.0
68.0
163.0
163.0
1570.0
68.0
458.0
551.5
1533.5
719.0
931.0
1238.0
68.0
828.5
68.0
2484.5
1014.5
619.0
68.0
633.5
1903.5
348.5
885.0
68.0
3287.5
1199.0
1073.0
1112.0
438.5
68.0
68.0
458.0
934.0
1030.0
2317.5
722.5
717.0
553.0
3286.5
1128.5
719.0
1121.5
68.0
68.0
1915.0
348.5
271.0
1138.5
68.0
1595.5
2063.0
623.0
614.0
68.0
68.0
352.0
1389.5
2283.5
0
2540.0
68.0
738.5
553.0
271.0
1199.0
68.0
68.0
3447.0
68.0
0
3831.0
1397.0
1525.0
951.5
0
438.5
736.5
1341.0
68.0
0
68.0
1768.0
163.0
1740.5
828.5
68.0
2046.5
68.0
0
998.0
2062.5
348.5
333.5
1577.0
1331.0
68.0
541.5
68.0
521.0
68.0
68.0
68.0
438.5
1038.5
257.0
68.0
1033.5
4024.0
2378.0
1037.0
68.0
4445.0
68.0
2034.0
68.0
68.0
1199.0
365.5
68.0
163.0
1128.5
163.0
163.0
68.0
68.0
646.0

352.0
2452.5
419.0
68.0
332.0
1007.5
934.0
838.0
1399.5
68.0
68.0
257.0
68.0
458.0
524.0
163.0
2083.5
458.0
68.0
3221.5
4104.5
1578.5
68.0
68.0
1499.0
1693.5
2541.0
68.0
68.0
2210.0
458.0
332.0
1017.5
257.0
1106.5
257.0
2656.5
2955.0
1763.5
1587.5
68.0
510.5
828.5

257.0
633.5
68.0
1601.5
68.0
163.0
1591.5
68.0
458.0
1109.0
1505.5
736.0
68.0
68.0
1643.5
68.0
68.0
243.5
2314.0
68.0
68.0
68.0
1222.5
1674.5
458.0
68.0
2246.5
0
458.0
5475.5
342.5

738.5
920.0
257.0
2265.0
755.5
822.0
1696.0
1092.5
438.5
717.0
2949.0
68.0
2470.0
68.0
736.0
951.0
719.0
257.0
68.0
524.0
1238.5
2375.5
68.0
2293.0
68.0
1516.0
173.0
68.0
68.0
2081.5
68.0
352.0
902.0
5403.5
3044.5
1039.5
641.5
1218.5
68.0
29.0
1014.0
68.0
68.0
68.0
68.0
257.0
68.0
452.0
3202.0
68.0
1632.0
1119.5
944.5
646.0
1404.5
719.0
1312.0
443.5
3334.0
68.0
531.5
3002.0
68.0
2091.0
524.0
1020.0
438.5
68.0
5490.0
68.0
1363.0
1775.0
2490.5
257.0
438.5
2493.0
633.5
2104.0
816.5
1493.0
68.0
68.0
68.0
163.0
68.0
3315.5
1202.5
1939.0
8.0
1695.5
1114.5
838.5
2936.5
5021.0
612.5
68.0
434.0
257.0
458.0
68.0
68.0
925.0
1442.0
257.0

1055.5
1797.5
627.5
348.5
533.5
68.0
848.0
348.5
68.0
2840.0
68.0
1689.0
2828.5
271.0
931.0
947.0
68.0
1994.5
1399.5
68.0
1301.5
1685.0
438.5
814.0
1327.0
257.0
68.0

848.0
836.0

537.5
825.5
2076.0
809.5
1779.5
257.0
438.5
1370.5
1126.0
68.0
348.5
173.0
365.5
8.0
533.5
546.0
68.0
68.0
68.0
596.5
2730.0
68.0
68.0
68.0
257.0
68.0
1025.5
68.0
529.0
1864.5
68.0
1497.0
1001.0
0
2238.0
68.0
68.0
458.0
68.0
1300.5
4156.0
1286.5
700.0
68.0
1873.5
911.5
529.0
1257.5
609.5
814.0
1017.5
629.0
446.0
438.5
448.0
614.0
833.5
1961.5
68.0
68.0
537.5
68.0
1411.0
3251.5
150.0
2681.5
68.0
3045.0
68.0
1128.0
514.5
68.0
3329.5
1873.0
1828.0
68.0
68.0
68.0
68.0
740.5
68.0
646.0
2156.5
1563.5
1006.5
68.0
365.5
831.5
1331.0
1390.0
68.0
1036.0
1034.0
458.0
1321.0
451.5
1420.5
438.5
2757.0
995.5
68.0
68.0

68.0
348.5
1454.5
1128.5
68.0
68.0
627.5
68.0
458.0
3324.0
68.0
1505.5
68.0
68.0
722.5
443.5
1019.5
1017.5
257.0
1194.5
533.5
925.0
1228.0
1199.0
1576.0
1367.0
77.0
2876.5
68.0
68.0
661.0
438.5
534.5
458.0
68.0
438.5
163.0
1238.0
612.5
163.0
2098.5
2285.5
163.0
925.0
68.0
2011.5
68.0
438.5
68.0
2221.0
2111.5
348.5
68.0
537.5
1092.5
68.0
438.5
966.5
695.5
68.0
1570.0
1028.5
1202.5
1316.5
1003.0
68.0
257.0
612.5
68.0
68.0
944.5
831.0
911.5
1892.5
2178.5
3383.0
614.0
521.0
257.0
68.0
2453.0
1526.0
2084.0
163.0
1379.5
68.0
1953.5
1105.0
257.0
1218.5
1660.0
568.5
0
1224.0
1038.0
2124.5
923.5
2015.0
1526.0
2232.5
68.0
3498.5
68.0
1731.5
68.0
1023.0
736.0
1487.5
1070.5
1507.5
1537.5
424.0
3839.0
1209.0
1576.5
2541.0
2327.5
647.0
68.0
68.0
348.5
68.0
1979.0
848.5
960.5
348.5
68.0
68.0
726.5
1109.0
1688.0
2259.5
22.5
173.0
0
68.0
1579.5
68.0
524.0
719.0
2841.5
2228.0
68.0
891.0
1115.5
348.5
173.0
619.0
824.0
68.0
3491.0
1316.5
0
1106.5
537.5
1382.0
633.5
1687.0
271.0
533.5
628.5
68.0
0
0
163.0
627.5
633.5
738.5
68.0
629.0
68.0
68.0
1045.0
68.0
348.5
68.0
68.0
1615.5
2321.5
68.0
68.0
257.0
1716.5
68.0
1105.0
68.0
342.5
2920.5
257.0
68.0
68.0
1407.5
554.5
68.0
68.0
1126.0
68.0
68.0
3777.5
2245.5
620.5
68.0
5697.5
515.0
3038.5
68.0
3325.0
68.0
243.5
68.0
738.5
438.5
1252.5
719.0
4272.5
1030.0
1593.0
163.0
1576.0
68.0
736.0
521.0
68.0
641.5
68.0
68.0
1102.0
3409.5
68.0
1004.5
2620.5
738.0
68.0
947.0
68.0
1627.0
68.0
68.0
629.0
2779.5
754.0
2271.0
619.0
68.0
1351.0
1389.5
68.0
908.0
68.0
1109.0
3734.5
68.0
1985.0
528.0
163.0
68.0
458.0
1416.5
68.0
897.5
68.0
163.0
3371.5
163.0
68.0
163.0
1118.5
68.0
996.5

1671.5
68.0
833.5
257.0
1600.0
1343.0
1128.5
3052.0
348.5
1332.5
68.0
438.5
68.0
1419.0
348.5
68.0
6683.5
1176.0
68.0
629.0
916.5
68.0
1993.5
68.0
68.0
1213.5
1409.0
809.0
2671.0
537.5
342.5
1026.0
926.5
68.0
1037.0
68.0
1395.0
1398.0
68.0
1540.0
460.5
68.0
257.0
68.0
2824.0
919.0
738.5
3024.0
1181.5
531.5
627.5
633.5
257.0
68.0
2352.0
519.5
620.0
285.5
1117.0
68.0
257.0
68.0
68.0
852.0
2244.0
243.5
163.0
533.5
163.0
1914.5
1769.0
719.0
925.0
68.0
348.5
68.0
719.0
68.0
68.0
1619.5
3148.5
1969.0
1036.0
1503.5
68.0
1275.5
163.0
68.0
736.0
1007.5
68.0
543.5
2205.0
1602.0
2033.0
68.0
1507.0
999.5
68.0
2208.5
537.5
68.0
797.5
533.5
2779.0
629.0
0
68.0
1301.5
640.0
68.0
3623.5
1611.0
1399.0
68.0
1595.5
3334.0
1324.5
68.0
2822.0
68.0
1592.5
1584.5
153.5
1209.0
68.0
243.5
68.0
524.0
2750.0
1139.5
348.5
629.0
458.0
68.0
243.5
68.0
2171.5
738.5
2533.5
365.5
68.0
2803.5
1642.5
3278.5
0
958.5
632.5
1012.0
438.5
257.0
914.0
4267.0
68.0
534.5
438.5
68.0
1635.0
629.0
1373.0
1914.5
1211.5
68.0
931.5
832.0
2191.5
848.0
68.0
924.0

68.0
68.0
1789.5
68.0
4656.5
68.0
68.0
257.0
2232.5
1737.5
3259.0
163.0
629.5
68.0
163.0
1207.0
3696.5
68.0
1221.0
68.0

2431.0
964.5
68.0
4186.5
68.0
1399.5
2461.0
68.0
68.0
646.0
257.0
438.5
1034.0
1497.5
68.0
619.0
443.5
1406.5
68.0
1386.5
738.5
68.0
797.5
68.0
68.0
68.0
68.0
4193.5
1119.0
3143.0
1017.5
5025.5
1306.5
1301.5
68.0
68.0
1518.5
3645.5
4143.5
646.0
1752.5
828.5
68.0
68.0
2946.0
348.5
1116.5
1236.5
2904.5
2703.5
927.5
458.0
68.0
524.0
614.0
1469.0
2368.0
1770.5
628.5
828.5
68.0
68.0
4248.5
629.0
536.5
627.5
2273.0
68.0
3700.0
1029.5
1576.0
1214.0
365.5
68.0
68.0
702.5
1474.0
258.0
1430.5
1011.0
438.5
1587.0
1876.0
722.0
536.5
848.0
743.5
2474.5
848.0
2339.0
0
68.0
613.0
3547.5
1297.5
68.0
68.0
524.0
736.0
828.5
68.0
68.0
0
629.0
68.0
1913.0
1509.0
542.0
68.0
68.0
541.0
68.0
2534.5
849.5
3187.0
348.5
1128.5
348.5
1879.5
2675.0
68.0
648.5
2647.0
627.5
68.0
458.0
1797.5
543.5
624.0
741.0
614.0
2205.0
68.0
68.0
1353.0
524.0
0
627.5
68.0
68.0
458.0
68.0
1814.0
2947.0
955.0
4450.5
1557.5
647.0
1997.5
1489.5
1942.5
3087.5
348.5
348.5
1968.5
1696.0
438.5
68.0
173.0
524.0
524.0
1705.5
458.0
68.0
163.0
1551.5
818.0
365.5
1886.5
1605.0
243.5
68.0
1284.5
163.0
3609.0
1199.5
1111.0
1333.5
0
515.0
2391.0
1017.5
68.0
257.0
2453.0
1218.5
0
1121.5
2178.5
1333.5
153.5
2538.5
68.0
996.0
614.0
828.5
438.5
68.0
3117.0
1436.5
458.0
443.5
365.5
1295.5
828.5
257.0
537.5
926.5
173.0
68.0
258.0
365.5
365.5
68.0
614.0
257.0
515.0
909.0
2106.5
0
68.0
1335.5
68.0
1203.0
2008.0
458.0
446.5
1233.0
460.5
629.0
68.0
68.0
163.0
1381.0
68.0
647.0
4170.5
568.5
1029.0
1176.0
619.0
68.0
1496.5
68.0
438.5
68.0
1595.5
458.0
68.0
3394.0
1405.5
68.0
627.5
163.0
1769.0
925.0
1070.5
1412.0
68.0
1126.0
944.5
3303.5
719.0
1220.5
68.0
68.0
741.0
1895.5
68.0
352.0
2766.0
1225.0
257.0
4144.0
940.0
1284.5
68.0
914.0
6643.0
2430.5
534.5
719.0
2034.0
438.5
1610.5
68.0
68.0
163.0
2204.5
3005.0
719.0
438.5
3990.5
1665.5
68.0
257.0
943.0
828.5
4652.5
1612.0
1201.5
257.0
2305.5
68.0
554.5
1325.5
2280.5
3339.0
68.0
1479.5
173.0

68.0

68.0
1379.5
2149.5
68.0
68.0
2713.5
68.0
68.0
458.0
803.0
68.0
68.0
1337.0
537.5
68.0
68.0
68.0
68.0
1576.0
7328.0
348.5
2836.0
727.0
3590.0
68.0
68.0
68.0
9777.0
828.5
68.0
271.0
629.0
1516.0
2467.5
258.0
1019.0
338.5
809.0
2138.5
1031.5
1241.5
348.5
458.0
2281.5
68.0
2268.5
1013.0
68.0
434.0
1856.0
2088.0
2233.5
3505.5
755.5
807.5
660.5
68.0
68.0
719.0
738.5
1426.0
633.5
2372.0
1882.5
633.5
438.5
1231.0
1014.5
68.0
3226.0
2365.5
1847.5
68.0
1695.5
68.0
2929.0
1882.5
1442.5
68.0
257.0
68.0
1135.5
714.0
163.0
68.0
68.0
68.0
1965.5
1010.5
569.0
68.0
2381.0
768.5
2250.0
2160.0
933.5
438.5
163.0
2075.0
2147.5
68.0
243.5
647.0
895.0
271.0
758.0
0
1966.5
348.5
736.0
736.0
612.5
458.0
736.5
3968.5
437.5
1211.5
4085.0
1407.5
1209.5
707.5
68.0
741.0
163.0
641.5
1106.5
68.0
163.0
68.0
68.0
68.0
163.0
538.5
68.0
1555.0
68.0
68.0
68.0
534.5
68.0
1473.0
1201.0
809.0
1119.5
460.5
68.0
2272.0
641.5
365.5
68.0
438.5
1132.5
153.5
68.0
458.0
68.0
1140.5
1202.5
348.5
629.0
438.5
1876.0
2267.0
417.5
848.0
68.0
68.0
1000.0
150.0
2177.0
348.5
68.0
696.5
595.0
68.0
1704.0
4476.0
0
332.0
548.5
68.0
446.5
68.0
68.0
348.5
1492.0
620.5
68.0
1848.5
736.0
1111.0
1614.5
68.0
348.5
1410.0
1501.5
458.0
68.0
68.0
68.0
68.0
68.0
2828.0
1578.5
828.5
458.0
2292.5
4136.0
458.0
1118.5
2516.5
2475.0
633.5
68.0
627.5
68.0
2362.5
68.0
68.0
68.0
68.0
248.5
68.0
740.5
438.5
1477.5
68.0
1499.0
614.0
68.0
3630.5
939.0
68.0
68.0
5423.5
937.5
3423.0
1315.0
68.0
68.0
153.5
163.0
68.0
931.0
1779.5
5343.5
831.0
6399.0
1114.0
1480.0
68.0
68.0
1675.0
68.0
1198.5
1092.5
2096.5
1477.0
163.0
1013.0
3700.5
2283.0
719.0
1030.0
3540.0
722.5
1417.5
1114.0
348.5
3062.5
0
1983.5
68.0
348.5
163.0
68.0
848.0
1222.0
68.0
68.0
438.5
68.0
68.0
945.5
68.0
1097.0
438.5
68.0
68.0
926.5
614.0
438.5
348.5
1775.5
68.0
68.0
68.0
68.0
68.0
734.5
534.5
3044.5
629.5
1236.5
1394.0
2267.5
1021.5
1413.0
1025.0
4218.0
1500.0
1352.5
68.0
163.0
163.0
736.0
1028.0
68.0
1591.5
3222.0
1297.0
1892.5
1312.0
846.5
458.0
1100.5
5810.5
68.0
603.5
1726.0
646.0
2533.0
271.0
920.5
1503.5
2155.5
818.5
1410.5
1575.0
908.0
1676.5
5125.0
2181.5
68.0
1209.5
68.0
243.5
2908.0
68.0
1395.0
1136.0
702.5
68.0
627.5
2458.5
4218.5
68.0
451.0
68.0
2407.5
68.0
1676.0
896.5
8238.0
1777.0
739.5
68.0
551.5
2630.0
257.0
1711.0
68.0
68.0
551.5
68.0
68.0
68.0
68.0
533.5
438.5
627.5
68.0
68.0
524.0
3421.0
68.0
511.0
68.0
271.0
2456.5
3036.5
2760.5
1516.0
68.0

365.5
533.5
1129.5
1406.5
0
2866.5
68.0
758.0
68.0
1153.5
68.0
755.5
1426.5
365.5
563.0
612.5
1096.0
163.0
438.5
1970.0
929.5
0
663.0
1967.0
153.5
68.0
438.5
68.0
629.0
68.0
663.0
734.0
738.5
68.0
3384.5
458.0
5009.0
68.0
2711.5
68.0
1617.5
646.0

68.0
68.0
163.0
68.0
524.0
68.0
1569.5
1629.0
722.0
68.0
438.5
2348.0
640.0
1972.0
636.0
943.5
1346.5
999.0
828.5
832.5
2258.0
1304.0
68.0
641.5
537.5
68.0
0
5989.5
629.0
2553.5
743.5
68.0
1497.5
365.5
521.0
3219.0
68.0
451.0
633.5
68.0
68.0
2989.5
1589.0
1018.5
68.0
2438.0
911.0
1878.5
541.0
68.0
68.0
1903.0
342.5
1616.5
68.0
3291.0
740.5
438.5
243.5
68.0
2630.0
365.5
1121.5
68.0
2479.5
1429.5
68.0
543.5
443.5
1145.5
732.5
348.5
2164.5
68.0
1146.5
2036.0
1332.5
257.0
443.5
5429.5
4929.0
2468.0
257.0
1019.0
68.0
646.0
257.0
847.0
2359.5
438.5
348.5
1801.0
68.0
257.0
68.0
68.0
1685.5
68.0
1529.0
68.0
438.5
365.5
1224.5
942.5
1806.5
1455.5
736.0
68.0
2801.5
12022.0
2232.5
2042.5
646.0
614.0
1308.0
1676.0
2079.5
1021.5
1808.0
68.0
1591.5
68.0
68.0
923.5
271.0
1402.5
1529.0
1036.0
68.0
1102.0
1219.5
2745.5
1226.0
1222.0
1132.5
897.5
524.0
1037.0
1809.5
961.0
68.0
1972.0
68.0
2717.5
68.0
3796.5
2919.5
609.5
68.0
521.0
365.5
719.0
1504.5
1787.5
722.5
2072.5
173.0
3943.0
68.0
68.0
153.5
173.0
947.0
68.0
1110.5
68.0
0
460.5
1511.5
68.0
68.0
68.0
0
527.5
1516.0
3981.5
68.0
1226.0
0
1010.0
533.5
1672.0
1194.5
68.0
68.0
1362.5
68.0
2740.5
68.0
68.0
4463.0
649.5
68.0
1106.5
6859.5
1012.5
533.5
0
68.0
68.0
68.0
144.5
68.0
537.0
2398.5
68.0
636.0
2739.0
1968.0
68.0
68.0
828.5
173.0
627.5
1571.0
438.5
68.0
1608.5
163.0
458.0
68.0
1021.0
68.0
1128.5
543.5
68.0

3160.5
3508.5
2528.0
3222.0
1494.0
1767.5
1684.5
1089.5
68.0
3591.5
9618.0
68.0
4573.0
68.0
68.0
68.0

1689.5
1500.5
1228.5
3609.0
68.0
1474.5
998.0
257.0
365.5
173.0
0
614.0
828.5
68.0
741.0
348.5
4545.5
446.5
537.5
736.0
163.0
1341.5
68.0
163.0
68.0
3420.5
719.0
68.0
446.0

438.5
257.0
458.0
608.0
1430.5
2825.0
944.5
998.0
3576.0
2543.5
68.0
534.5
939.0
1894.5
163.0
1700.5
1033.5
543.5
620.0
68.0
438.5
646.0
790.0
2488.5
838.5
2088.5
1106.5
1214.5
68.0
1530.0
2431.0
438.5
2603.5
1336.5
736.0
537.5
524.0
352.0
620.5
68.0
1302.0
1036.0
2465.0
1038.0
68.0
4082.0
1002.5
68.0
68.0
1648.5
4654.5
1118.0
0
68.0
4710.5
7279.5
2154.5
1038.5
68.0
2001.5
755.5
1021.5
68.0
537.5
257.0
3625.5
365.5
2944.5
153.5
438.5
446.5
2264.5
68.0
4067.0
0
4626.5
3204.5
68.0
6215.5
68.0
1495.0
1877.0
153.5
68.0
77.0
945.0
932.5
68.0
1388.0
458.0
2372.0
68.0
68.0
5516.5
1440.0
956.5
438.5
348.5
338.5
534.5
365.5
909.5
365.5
68.0
623.0
68.0
817.5
1128.5
3657.5
533.5
257.0

458.0
641.5
68.0
609.5
365.5
68.0
2475.5
1917.5
2438.0
68.0
68.0
68.0
2616.0
1304.5
3607.5
68.0
568.5
2359.0
68.0
68.0
4266.0
68.0
543.5
914.0
1460.0
68.0
4032.5
1000.0
68.0
68.0
68.0
1304.0
68.0
68.0
722.0
551.5
68.0
2369.5
1615.0
2345.0
647.0
2899.0
68.0
543.5
1128.5
738.5
2143.0
2353.0
533.5
2618.5
2435.5
451.0
173.0
68.0
1617.0
824.0
2330.5
68.0

1473.0
4268.5
342.5
1782.0
807.5

1544.0
68.0
68.0
68.0
938.0
732.5
1022.5
258.0
739.5
818.5

1021.5
68.0
68.0
1522.5
437.5
68.0
601.5
647.0
1013.0
1597.0
68.0
7467.5
163.0
1022.0
458.0
2442.0
1035.0
365.5
646.0
2451.5
438.5
68.0
533.5
68.0
458.0
438.5
1828.5
4375.0
68.0
906.0
68.0
1286.5
68.0
2075.5
68.0
755.5
501.5
1036.0
524.0
68.0
629.5
2660.5
68.0
438.5
2930.0
68.0
524.5
646.0
541.0
2092.5
2351.5
4698.0
736.0
2726.0
3428.0
271.0
1409.5
1031.5
1987.5
1188.5
943.5
68.0
922.0
832.0
1126.0
906.0
1488.0
2640.0
1112.0
365.5
4090.5
425.0
68.0
68.0
1033.5
736.0
443.5
1690.0
832.0
68.0
0
1926.5
943.5
647.0
1876.5
68.0
348.5
768.0
738.5
2266.5
352.0
458.0
8137.0
68.0
1516.5
68.0
173.0
1688.0
1814.5
926.5
3017.5
1907.0
1059.0
1022.5
633.5
4088.5
68.0
5590.0
163.0
2413.0
646.0
1985.5
348.5
68.0
1490.5
1509.0
68.0
0
1498.5
0
68.0
3386.0
3217.5
68.0
1004.5
647.0
163.0
646.0
1585.5
2540.5
5485.5
920.5
553.0
68.0
2528.0
1943.5
68.0
1710.0
1138.5
68.0
1860.5
1693.0
348.5
68.0
68.0
68.0
5531.5
5096.5
1017.0
1132.5
2728.0
529.0
68.0
2470.5
1474.5
1415.5
3376.5
68.0
828.5
68.0
68.0
365.5
939.0
3966.0
68.0
163.0
524.0
257.0
68.0
4400.0
1125.0
3494.5
1901.0
68.0
0
68.0
68.0
818.0
1821.5
443.5
438.5
68.0
438.5
5278.5
524.0
257.0
68.0
1147.5
68.0
736.0
1482.5
1098.5
153.5
1636.5
68.0
736.0
68.0
348.5
163.0
5096.5
1969.5
4036.5
1689.0
5682.5
646.0
551.5
475.5
68.0
4993.0
722.5
2144.5
68.0
1578.5
332.0
926.5
515.0
943.5
1106.5
4519.5
438.5
348.5
8794.0
1017.5
1810.5
540.0
1143.0
818.5
68.0
612.5
719.0
68.0
909.5
818.5
1036.0
6750.5
1435.0
68.0
2043.5
3116.0
68.0
1297.0
1384.0
68.0
1487.0
928.5
1863.5
258.0
1306.5
1388.5
68.0
68.0
257.0
524.0
629.5
243.5
365.5
68.0
163.0
736.0
927.0
173.0
68.0
612.5
6263.5
1301.5
914.0
4190.0
68.0
1126.0
824.0

3494.0
68.0
3155.0
1404.0
1512.0
68.0
732.5
352.0
2175.0
163.0
1597.0
458.0
1582.0
7214.5
438.5
1207.5
0
1506.0
68.0
257.0
537.5
1772.5
616.0
486.0
460.5
68.0
2064.0
1675.5
5725.0
68.0
1832.5
612.5
348.5
68.0
809.0
543.5
68.0
4961.0
342.5
824.0
1017.5
3525.0
713.0
438.5
438.5
2166.0
4687.0
2731.0
6329.5
1674.5
68.0
443.5
809.0
68.0
943.5
1116.5
438.5
809.0
760.0
1238.5
1901.5
271.0
3021.5
850.5
68.0
539.0
1319.5
2254.0
257.0
1473.5
1427.0
68.0
1789.5
5615.0
4124.0
4210.5
68.0
1676.5
68.0
4597.0
438.5
3492.5
68.0
911.5
1512.5
419.5
3768.5
1317.5
751.0
68.0
1984.0
933.0
68.0
68.0
568.5
627.5
2259.0
68.0
2990.0
2547.0
2473.5
68.0
1387.0
68.0
68.0
1239.0
419.5
553.0
2761.5
2974.0
68.0
3089.5
68.0
5911.5
608.5
2928.0
736.0
68.0
68.0
3210.5
68.0
68.0
4710.0
568.5
68.0
851.0
1016.5
68.0
153.5
2258.0
2385.5
0
1509.0
257.0
68.0
68.0
1308.0
864.5
68.0
606.5
1883.0
5426.0
68.0
2451.5
848.0
2820.5
163.0
629.5
1003.0
3767.5
57.5
828.5
614.0
458.0
1019.0
543.5
68.0
438.5
68.0
458.0
243.5
1753.0
68.0
1830.5
257.0
755.5
755.5
1110.0
2153.5
68.0
646.0
68.0
4177.0
5472.0
533.5
2392.0
0
68.0
458.0
1126.0
5506.0
1020.0
722.0
68.0
1314.0
1904.0
1541.0
1312.5
4679.0
68.0
5510.5
68.0
68.0
68.0

1012.0
933.0
2663.0
1089.5
78.0
520.0
365.5
68.0
2371.5
1892.0
2217.5
438.5
3667.5
68.0
68.0
620.5
627.5
555.0
163.0
1600.5
1922.0
163.0
725.0
3755.5
1534.5
153.5
68.0
68.0
832.5
2372.0
6789.0
4618.0
925.0

68.0
633.5
68.0
1609.5
458.0
2817.5
1322.5
68.0
2441.5
348.5
68.0
68.0
443.5
2733.5
68.0
1779.0
4875.0
68.0
2593.5
438.5
1019.0
3135.0
541.0
2099.0
3566.0
438.5
68.0
68.0
2999.5
621.5
163.0
3302.5
2338.0
1431.0
4528.5
443.5
1203.0
68.0
1115.5
458.0
68.0
3378.0
719.0
629.0
1794.0
68.0
3251.0
898.5
257.0
163.0
1102.5
3033.0
736.0
68.0
68.0
68.0

998.0
1773.5
3609.0
68.0
1873.0
1082.0
163.0
3161.0
2869.0
1952.5
163.0
1953.0
271.0
1974.0
365.5
68.0
68.0
68.0
627.5
3576.0
2095.0
163.0
1020.0
68.0
438.5
719.0
523.0
4767.5
0
153.5
2960.0
895.0
722.0
4472.0
775.5
1126.0
3374.0
911.5
68.0
438.5
5040.5
348.5
68.0
2065.0
5170.0
4456.0
68.0
533.5
768.0
895.0
5580.5
2166.0
68.0
163.0
68.0
713.0
819.5
1233.0
163.0
1398.5
2779.0
1905.0
68.0
68.0
2658.5
3310.5
68.0
271.0
1974.5
68.0
365.5
3567.5
68.0
817.0
828.5
68.0
614.0
2283.5
835.0
163.0
45.5
1039.5
458.0
3242.0
68.0
68.0
1589.0
923.5
68.0
1424.5
68.0
3096.5
3404.5
458.0
2758.5
68.0
828.5
4540.5
3307.5
1094.5
68.0
68.0
68.0
68.0
68.0
1784.5
438.5
68.0
68.0
833.5
4288.5
68.0
614.0
1521.0
68.0
495.0
537.5
68.0
515.0
458.0
4665.0
1240.0
927.5
4923.0
4396.0
68.0
5678.5
1987.5
1038.5
543.5
2473.5
534.5
755.5
68.0
748.5
2901.0
383.0
68.0
68.0
627.5
68.0
68.0
1499.0
663.5
543.5
1228.0
3296.5
68.0
1214.0
4602.0
68.0

68.0
729.0
543.5
633.5
68.0
5497.5
852.0
68.0
1966.0
1053.0
5605.0
839.0
68.0
1106.0
348.5
68.0
68.0
348.5
719.0
352.0
3402.5
438.5
1109.0
68.0
890.0
4788.0
5900.0
2879.5
434.0
68.0
1786.0
1219.0
908.0
846.0
271.0
541.0
1115.0
458.0
1649.5
841.5
68.0
2322.0
1753.5
5248.0
68.0
1017.5
68.0
1948.0
2034.5
627.5
163.0
1104.5
1146.5
736.0
68.0
1010.5
646.0
2403.0
9955.0
1126.0
68.0
68.0
738.5
1018.0
68.0
1474.0
68.0
1015.0
719.0
2389.5
68.0
2899.5
458.0
553.0
271.0
383.0
533.5
68.0
1314.5
835.0
1378.5
0
68.0
3633.5
2387.5
68.0
911.5
458.0
68.0
1409.0
68.0
902.0
627.5
2562.5
68.0
68.0
612.5
1691.5
1576.5
68.0
5482.0
853.0
4555.5
1443.0
68.0
3213.0
1214.5
2555.0
68.0
68.0
1991.5
257.0
1592.5
944.0
68.0
850.0
6557.0
2337.0
2362.5
5093.0
1820.0
3554.5
995.0
1124.0
554.5
68.0
606.5
348.5
719.0
257.0
68.0
68.0
828.5
5400.0
68.0
2101.0
2378.0
4894.0
738.5
1388.0
68.0
2888.0
68.0
438.5
1796.5
1394.5
809.5
999.5
3583.0
438.5
2818.0
736.0
524.0
348.5
2038.0
2662.0
68.0
2991.5
153.5
2311.0
3841.0
1485.0
524.0
68.0
68.0
68.0
77.5
68.0
68.0
163.0
1211.5
68.0
4473.0
731.5
1133.5
2231.0
2294.0
68.0
1591.5
163.0
1597.0
1032.5
1292.5
5741.5
1225.5
458.0
2803.0
438.5
506.5
1884.5
438.5
458.0
640.0
173.0
438.5
3577.0
1389.5
1555.0
68.0
2754.5
926.5
825.0
458.0
68.0
2065.5
443.5
914.0
541.0
68.0
458.0
1896.5
1025.5
1573.0
438.5
1126.0
68.0
1802.0
68.0
788.0
163.0
4174.0
654.0
703.5
438.5
4941.0
828.5
153.5
541.0
1568.0
2142.5
829.5
1112.5
663.5
2796.5
1036.0
68.0
68.0
2158.5
257.0
257.0
1578.5
595.0
68.0
68.0
1292.0
2317.5
68.0
2655.5
1799.0
2939.0
646.0
68.0
1204.0
68.0
2351.5
2417.5
612.5
1502.0
68.0
3890.5
1479.5
1211.5
68.0
68.0
1117.0
446.0
68.0
1242.0
926.5
3695.0
2353.0
3695.0
365.5
1680.0
738.5
68.0
1841.5
1678.0
2150.0
5433.0
746.5
9117.0
534.5
1522.5
736.0
553.0
1218.5
342.5
4015.0
68.0

663.5
2763.5
3336.5
68.0
1804.5
153.5
5855.5
515.0
0
257.0
647.0
68.0
1440.0
4851.0
68.0
68.0
1004.0
943.0
4155.5
647.0
537.5
3539.5
939.5
521.0
2274.0
257.0
5194.5
68.0
1180.0
271.0
2688.0
1820.0
68.0
2769.0
1521.0
1130.5
534.5
68.0
68.0
1426.0
533.5
3087.0
1497.0
8925.0
1404.5
809.5
2788.0
4290.5
714.5
365.5
68.0
827.5
533.5
68.0
348.5
3525.0
1168.0
1506.5
68.0
68.0
257.0
68.0
365.5
68.0
2384.0
1408.5
911.5
68.0
537.5
4737.5
707.5
1314.5
348.5
68.0
163.0
1889.0
2340.0
3555.5
163.0
4715.0
3231.5
153.5
553.0
2474.0
1232.5
1500.5
1295.0
1204.5
1145.5
2393.5
537.5
1718.0
68.0
2996.5
3655.5
2383.0
1407.5
1042.0
2524.0
68.0
68.0
163.0
68.0
9084.0
848.0
0
1488.5
2458.0
3687.0
446.0
1095.5
68.0
0
736.0
537.5
68.0
0
257.0
271.0
537.5
927.5
153.5
2050.0
2675.5
1816.0
612.5
257.0
1493.5
68.0
2882.0
271.0
3019.0
1604.0
537.5
978.5
1356.5
2083.0
754.5
68.0
1813.5
2666.0
5174.0
3133.5
3386.0
961.0
3196.5
366.0
68.0
68.0
365.5
537.5
163.0
1980.5
1546.0
6294.5
3984.0
1999.5
543.5
627.5
7121.0
3982.5
1448.5
68.0
68.0
534.5
68.0
738.5
1406.5
68.0
365.5
910.0
68.0
3235.5
3034.0
2940.0
2374.0
470.5
68.0
68.0

6301.5
458.0
5613.5
521.0
68.0
534.5
1576.0
4843.5
348.5
68.0
417.5
68.0
1127.5
1890.0
736.0
2784.0
4684.0
68.0
931.5
553.0
1943.5
438.5
1485.5
7640.5
738.5
3123.5
257.0
1369.5
68.0
1474.0
1760.0
2915.0
1036.0
1297.0
458.0
1406.5
1991.0
551.5
2050.5
638.5
2384.0
2802.0
68.0
68.0
7110.5
2247.0
629.0
3840.0
5359.5
614.0
3953.0
1560.5
2969.5
934.0
2390.5
836.0
3000.0
1317.0
68.0
2491.0
3570.0
527.5
926.5
1600.0
514.5
1510.5
2565.5
2241.5
533.5
1017.5
68.0
1103.0
68.0
68.0

2780.0
1488.0
68.0
3077.5
1955.0
541.5
3145.5
68.0
68.0
68.0
4113.5
438.5
3235.5
2453.5
1488.0
1349.5
622.0
458.0
702.5
68.0
365.5
163.0
741.0
68.0
755.5
68.0
1664.0
554.5
914.0
1046.5
719.0
68.0
1720.0
1670.5
458.0
901.0
524.0
923.5
1215.0
3026.5
271.0
2204.5
1774.5
1222.5
0
3069.0
2058.5
883.5
1900.0
8310.0
458.0
1698.0
927.5
1134.0
2216.0
2831.0
537.5
365.5
1304.0
722.0
629.5
637.0
603.5
6666.5
646.0
1030.0
923.5
1109.0
68.0
2365.5
68.0
68.0
68.0
365.5
3930.5
163.0
257.0
3629.0
2548.0
1773.0
68.0
3521.5
458.0
458.0
3195.0
68.0
68.0
68.0
68.0
1594.0
3081.5
68.0
543.5

257.0
1974.5
2450.5
458.0
998.0
911.5
453.5
1019.0
2082.5
1799.0
0
353.0
1871.5
0
68.0
1007.0
1600.5
755.5
1513.0
68.0
999.5
68.0
934.0
2166.0
438.5
2338.0
521.0
438.5
68.0
1106.5
0
438.5
3011.5
68.0
0
163.0
1349.5
2305.0
3034.0
2234.5
458.0
68.0
68.0
6142.5
1580.0
2743.5
593.0
919.0
2051.5
68.0
243.5
4079.5
1577.0
1112.5
927.5
68.0
68.0
2782.0
935.5
271.0
1938.0
3690.5
365.5
3187.5
68.0
551.5
438.5
4618.5
2786.5
68.0
1150.5
68.0
68.0
1278.5
6174.5
460.0
942.5
1970.5
612.5
1877.0
1130.0
2642.0
663.0
540.0
5805.5
2339.0
68.0
365.5
68.0
257.0
1021.5
173.0
2805.5
1128.5
4959.0
68.0
1041.5
1796.5
4018.5
371.5
68.0
631.0
68.0
68.0
3125.0
850.5
68.0
2958.0
2439.0
163.0
910.0
3161.5
1007.0
2667.0
68.0
163.0
934.0
68.0
1778.5
1213.0
68.0
633.5
1034.0
848.0
68.0
2362.0
515.0
68.0
2066.0
68.0
1213.0
736.0
2089.0
68.0
68.0
1906.5
438.5
6774.5
1479.5
68.0
163.0
1287.0
68.0
641.5
258.5
1787.5
1882.5
68.0
614.0
1389.0
2246.5
2533.5
1014.5
163.0
2116.0
757.0
3703.0
4212.0
1532.5
944.0
4194.0
1516.5
1347.5
1016.5
1322.0
6102.5
0
4099.0
1404.0
2740.0
2835.0
2954.0
641.5
2071.0
992.5
68.0
3095.5
541.0
2713.0
0
68.0
524.5
831.5
736.0
3014.0
68.0
629.5
68.0
163.0
2280.0
68.0
2548.0
635.0
2573.5
10800.0
68.0
68.0
68.0
927.0
1406.5
3547.5
614.0
537.5
68.0
68.0

543.5
348.5
1522.5
1694.5
1970.0
1089.5
3241.0
1019.0
1489.5
68.0
68.0
3834.5
543.5
2850.0
1955.5
68.0
446.0

4099.0
68.0
1128.5
163.0
438.5
554.5
5511.5
458.0
68.0
543.5
3222.0
163.0
68.0
656.5
606.5
365.5
2685.5
68.0
640.0
257.0
257.0
534.5
0
163.0
1578.5
1022.5
68.0
68.0
4048.5
248.5
438.5
2400.0
451.0
5578.5
68.0
6356.5
1023.5
2259.5
68.0
533.5
2888.0
1150.5
1507.5
994.0
5732.0
68.0
803.0
68.0
1422.0
68.0
2049.0
173.0
2223.5
453.5
1589.0
458.0
7113.0
2251.0
1594.0
758.5
1330.5
3566.0
257.0
3145.0
68.0
1911.5
1064.5
1592.0
933.5
1891.0
646.0
68.0
1387.0
2851.0
5130.5
1517.5
738.5
941.0
4190.5
1194.5
1616.0
1695.0
1002.5
1018.5
3616.0
153.5
68.0
68.0
2911.5
1202.5
903.5
434.0
1492.0
68.0
2725.5
68.0
722.0
3622.5
1679.0
925.0
2367.5
458.0
934.0
2662.5
5340.5
1851.0
68.0
460.5
606.0
438.5
7070.0
4659.5
68.0
612.5
2045.5
163.0
1538.5
528.5
1207.0
3043.5
1419.5
1018.0
1409.5
68.0
1041.5
5585.5
1300.5
4649.0
1204.0
163.0
543.5
3620.5
1147.0
989.5
2494.0
68.0
11398.0
627.5
1823.0
1969.5
1109.0
1912.0
1586.0
68.0
612.5
1823.0
1430.0
1128.5
68.0
936.5
68.0
4015.5
1469.5
1399.5
515.0
629.5
365.5
1711.0
2028.0
438.5
1559.0
2968.0
68.0
1774.5
533.5
16336.0
68.0
5783.0
68.0

738.5
243.5
68.0
68.0
3404.5
1966.0
719.0
3736.0
738.5
2303.5
6871.5
68.0
68.0
537.5
993.0
5460.5
6154.5
68.0
257.0
1404.5
438.5
163.0
1218.0
163.0
627.5
1343.0
1175.0
1410.0
68.0
4113.5
1364.0
163.0
348.5
5109.5
991.5
68.0
926.5
68.0
68.0
999.5
68.0
1149.5
1016.5
68.0
646.0
755.5
68.0
1539.0
2455.0
1986.5
534.5
642.5
457.0
3271.0
3303.0
1813.5
1686.0
1489.0
646.0
3107.0
638.5
1109.0
243.5
68.0

68.0
68.0
1371.5
447.5
2630.0
3322.5
68.0
1097.0
438.5
6228.0
3616.0
459.5
0
629.0
68.0
2932.0
4695.0
2206.0
8196.0
629.0
804.5
1405.5
4019.0
1126.0
2721.5
2452.0
68.0
458.0
6374.5
627.5
68.0
2261.0
68.0
3592.5
5388.5
1893.0
8499.0
568.5

524.0
1978.5
1521.5
726.5
514.5
438.5
2761.0
68.0
68.0
68.0
504.5
1984.0
1185.0
68.0
1409.5
1391.5
68.0
908.0
68.0
1983.0
68.0
524.0
0
453.5
68.0
2744.0
1316.0
163.0
1406.5
348.5
1670.0
4312.5
1016.5
68.0
68.0
518.0
629.0
163.0
68.0
0
163.0
2052.5
1984.5
828.5
68.0
1037.5
960.5
1493.0
1343.0
2235.5
68.0
646.0
153.5
1117.0
1381.0
911.5
543.5
0
2264.0
927.0
3577.5
68.0
3001.0
3273.5
68.0
4076.5
458.0
68.0
2227.0
68.0
3811.0
635.5
1302.0
627.5
68.0
3491.5
271.0
68.0
1689.5
1028.5
2424.0
1789.5
68.0
3506.0
348.5
1112.5
940.0
68.0
2564.5
163.0
68.0
2931.5
1759.5
68.0
438.5
243.5
2238.5
936.0
458.5
68.0
68.0
1595.0
68.0
68.0
3517.0
2658.5
68.0
68.0
348.5
68.0
2227.0
68.0
1879.5
1025.5
2439.0
5119.5
2216.0
163.0
1504.0
1520.5
717.0
1687.0
3290.0
2094.0
920.5
937.5
4479.0
731.5
2975.0
68.0
68.0
537.5
1335.5
629.5
2379.0
2807.5
68.0
6491.0
3345.5
7198.0
3421.0
3218.5
537.5
68.0
2833.0
68.0
848.0
68.0
68.0
68.0
4589.0
1407.5
1648.5
3432.5
257.0
961.0
541.0
173.0
1442.5
78.0
68.0
832.0
2850.5
438.5
1093.0
68.0
612.5
68.0
3178.5
4711.0
68.0
1871.5
1472.5
1523.0
1879.5
2667.0
446.0
68.0
7477.5
458.0
533.5
4090.0
2360.5
3314.0
3658.0
3571.5
738.5
68.0
68.0
614.0
939.0
1037.0
514.5
68.0
929.0
173.0
1415.5
4494.5
2461.0
524.0
627.5
458.0
1165.5
1893.5
3469.5
1503.0
568.5
2467.5
68.0
68.0
981.0
438.5
641.5
3024.5
2323.0
1966.0
68.0
2580.0
2857.5
348.0
943.5
68.0
719.0
12447.5
4047.5
1017.5
627.5
458.0
5261.5
1287.0
1016.5
2057.5
543.5
438.5
163.0
2571.0
454.0
2971.5
1373.0
2651.5
1221.0
726.5
68.0
68.0
612.5
2218.0
944.5
2249.0
3511.0
257.0
1520.0
0
732.5
3197.5
1413.0
1403.0
68.0
3138.5
926.5
553.0
838.5
614.0
2756.5
638.5
2548.5
68.0
3566.0
68.0
163.0
68.0
68.0
612.5
2487.0
1348.0
2448.5
1198.0
163.0
4124.0
2682.5
150.0
68.0
1380.5
646.0
68.0
2946.5
638.5
1027.0
1468.0
68.0
1764.0
2478.5
257.0
438.5
2523.5
908.0
1593.0
1988.5
460.0
257.0
609.5
9862.0
68.0
1393.0
68.0
519.5
438.5
68.0
1398.0
2965.5
1765.0
453.5
5497.5
0
1834.0
3886.5
68.0
1124.0
68.0
1545.5
68.0
943.5
1316.5
1874.0
68.0
68.0
6737.0
1837.0
68.0
3327.5
3361.5
1125.0
4848.5
4436.0
438.5
640.0
1429.5
738.5
831.0
68.0
1204.0
999.5
1597.0
606.5
173.0
1360.0
68.0
821.5
257.0
458.0
258.0
257.0
68.0
68.0
1116.5
1185.5
6103.5
1031.5
3219.0
931.5
2039.0
646.0
68.0
533.5
5263.5
68.0
3123.5
458.0
1324.0
68.0
3128.0
348.5
1131.0
1019.0
163.0
1734.0
2735.5
68.0
68.0
68.0
923.5
3191.0
68.0
920.0
5486.0
1321.0
2938.0
0
1011.0
68.0
7124.5
1111.0
2892.5
1218.5
68.0
2080.5
891.5
2547.5
2730.5
68.0
68.0
4028.5
68.0
2815.5
68.0
68.0
2583.0
543.5
1990.5
961.0
68.0
68.0
3894.0
163.0
1699.5
1318.0
3588.5
2807.5
438.5
524.0
2369.5
3607.0
1614.0
6284.5
1780.5
163.0
4462.5
807.5
1403.5
1795.0
4772.5
68.0
4689.5
1133.5
4648.5
1779.5
257.0
449.5
953.0
1389.5
1021.5
1490.0
0
458.0
952.5
68.0
2068.0
3285.5
352.0
3232.5
3593.0
8587.0
0
1767.5
458.0
1332.5
629.0
4029.5
1879.0
2736.5
68.0
163.0
10318.5
4060.5
438.5
68.0
68.0
4469.5
719.0
68.0
1668.5
3664.0
4076.0
1334.0
1816.0
1021.5
68.0
348.5
68.0
1121.5
3074.5
3657.5
3106.5
890.0
348.5
68.0
620.5
68.0
2431.0
446.5
7410.0
3791.5
163.0
961.0
1225.0
68.0
614.0
2297.0
546.0
2185.5
1533.5
1958.0
68.0
1884.0
902.0
612.5
458.0
68.0
68.0
1443.0
554.5
8743.5
68.0
3613.0
558.5
1383.0
5218.5
5150.0
2550.5
1479.5
5128.5
511.0
163.0
0
0
68.0
1041.5
68.0
68.0
537.5
68.0
1019.5
1695.5
1966.5
2223.5
2928.0
68.0
455.0
931.0
163.0
5890.0
2771.0
2542.5
2609.0
627.5
1385.5
1113.0
1472.0
2727.5
5013.0
348.5
1481.0
68.0
68.0
68.0
68.0
700.0
3637.0
2616.0
68.0
2084.5
4945.5
1957.5
438.5
4346.0
5135.5
1004.5
365.5
1892.0
285.5
2759.0
2588.0
2943.5
68.0
1404.0
458.0
365.5
68.0
1109.0
1430.0
1548.5
3459.5
68.0
3137.5
755.5
1016.5
68.0
897.5
533.5
3160.0
68.0
1094.0
153.5
1212.0
7607.5
627.5
243.5
443.5
1504.5
342.5
271.0
0
68.0
68.0
4127.0
9247.5
758.0
1517.0
2235.5
2168.0
3339.5
1800.5
68.0
491.5
537.5
68.0
2362.0
68.0
68.0
2470.0
2253.5
4455.5
2274.0
68.0
7155.5
3130.0
68.0
68.0
352.0
68.0
434.0
68.0
909.5
68.0
68.0
68.0
1796.5
68.0
931.0
647.0
5541.0
2455.5
68.0
4068.5
68.0
5355.5
1132.5
1475.0
710.0
68.0
68.0
962.0
943.5
2764.5
850.0
627.5
7528.0
629.0
534.5
2243.5
1208.0
257.0
534.5
4021.0
5023.0
1318.0
2780.0
3469.5
3813.5
1109.0
2293.0
68.0
554.5
68.0
1053.0
4915.5
2297.0
2340.0
68.0
6024.5
3094.0
68.0
645.0
1326.5
1013.0
1987.0
900.0
1990.0
1007.5
1682.5
2178.0
937.0
2111.0
68.0
1806.5
3308.0
2850.0
68.0
68.0
7435.5
68.0
1991.5
0
3631.0
1053.0
3689.5
524.0
1918.5
248.5
348.5
9870.0
1991.0
2569.5
533.5
2275.0
243.5
1053.0
1008.0
3588.5
1785.5
68.0
1036.0
271.0
4374.0
2183.0
824.0
153.5
68.0
6762.0
443.5
2238.0
1053.5
3034.0
1799.5
68.0
68.0
0
68.0
68.0
438.5
925.0
68.0
243.5
1421.5
986.5
257.0
153.5
68.0
1984.0
1481.5
5017.0
153.5
646.0
2861.5
1412.0
3160.5
3227.0
68.0
3587.0
68.0
2745.5
4924.0
608.5
68.0
257.0
443.5
68.0

0
1696.5
0
458.0
2397.5
1564.5
438.5
1801.5
646.0
5057.5
68.0
1148.0
515.0
738.5
2605.5
257.0
629.5
1619.0
2394.0
3283.5
1485.0
4407.5
0
3.5
438.5
173.0
1923.0
1785.5
438.5
68.0
68.0
68.0
2857.0
458.0
1017.5
2081.5
1496.0
3795.0
4372.5
1500.0
68.0
0
900.5
68.0
537.5
628.0
2058.5
3035.0
4750.0
433.5
1507.0
2761.5
1055.0
3412.5
1015.0
1219.0
1850.0
0
4539.5
702.5
0
753.5
627.5
1003.0
68.0
833.5
2563.5
533.5
0
438.5
68.0
68.0
1491.0
68.0
4895.5
1880.5
1223.0
727.5
554.5
153.5
543.5
438.5
931.0
1408.5
68.0
2776.5
271.0
1195.5
725.5
753.5
612.5
8148.0
537.5
4750.5
1427.0
0
728.5
3217.5
532.0
2737.5
1509.0
68.0
694.0
9812.0
1036.0
1833.0
1041.0
4268.5
3785.5
1017.5
2636.5
68.0
1427.0
1129.0
9369.5
1621.0
1023.5
1208.5
0
257.0
5496.5
68.0
5919.5
2763.5
2509.5
2933.0
4920.5
2377.0
432.5
4006.0
736.0
1219.5
68.0
1114.5
629.5
1509.5
257.0
5789.0
824.0
4092.0
1406.5
1557.5
4337.0
458.0
737.5
1024.0
365.5
1132.5
1100.5
554.5
0
68.0
1987.0
68.0
3373.5
4116.0
2461.0
348.5
5573.5
365.5
3198.0
68.0
458.0
7124.5
1016.5
0
458.0
68.0
5055.5
271.0
163.0
543.5
2305.5
68.0
68.0
2249.0
448.0
10142.5
0
365.5
1819.5
1863.0
4029.0
1553.5
68.0
68.0
1240.0
3592.5
153.5
11045.5
2230.5
1317.0
1125.0
4891.5
619.0
438.5
1095.5
1416.5
3328.5
2839.0
1330.5
4312.0
0
68.0
173.0
3007.0
2729.0
0
934.5
68.0
0
832.0
68.0
914.0
2744.0
4166.5
348.5
2842.0
2642.0
7362.5
153.5
933.5
1801.0
641.5
243.5
4969.5
1126.0
524.0
4447.5
627.5
5815.0
1539.5
0
0
5314.5
7078.5
5008.5
1108.0
68.0
6362.0
1987.0
1984.5
3294.5
1024.5
608.5
1388.5
623.0
2280.0
68.0
1399.5
68.0
0
1206.0
0
524.0
68.0
68.0
458.0
889.0
68.0
68.0
1383.5
2344.5
1218.5
1487.5
68.0
438.5
68.0
5
68.0
3265.0
68.0
1314.0
2667.0
1980.5
4302.0
7069.5
6151.0
3872.0
5458.0
68.0
1916.5
4939.5
2959.0
1020.0
1111.5
5192.0
2725.0
3644.0
68.0
2554.5
6005.0
710.5
2374.5
1479.5
1601.0
68.0
1305.0
68.0
5464.5
537.5
68.0
68.0
931.0
1220.0
2779.5
173.0
927.5
7268.0
537.5
4495.0
1019.0
1132.5
153.5
4593.0
1514.0
68.0
6356.0
68.0
4119.0
999.5
68.0
438.5
647.0
0
738.5
3795.5
2652.5
732.5
68.0
1782.5
68.0
6662.5
1388.0
243.5
1119.0
551.5
3091.5
2662.0
2995.0
457.0
2698.0
68.0
537.5
1112.5
978.0
1965.5
163.0
1612.5
3139.0
1991.5
10199.0
959.0
68.0
1685.5
818.5
163.0
68.0
629.0
898.0
1002.0
5040.5
3834.5
2843.0
13478.5
438.5
0
257.0
348.5
3767.5
1114.0
2375.5
899.5
458.0
68.0
68.0
458.0
163.0
68.0
810.0
1982.5
2172.0
68.0
68.0
2697.0
524.0
11098.5
543.5
824.0
1318.5
1427.5
2458.0
719.0
1389.0
5030.5
68.0
458.0
1578.0
68.0
1595.5
6239.5
163.0
1687.5
1133.0
6267.5
1413.0
462.5
3569.0
68.0
925.0
3331.0
1336.0
1036.0
1320.5
9766.5
3767.0
534.5
923.5
1041.5
0
1974.5
614.0
529.0
1796.5
458.0
2940.5
1763.5
163.0
520.0
68.0
68.0
68.0
2252.5
68.0
2564.5
6333.5
1884.5
68.0
5389.0
1895.0
1677.0
438.5
68.0
3155.5
1319.0
163.0
2867.5
944.0
9527.0
68.0
1506.5
3127.0
1222.5
68.0
2273.0
537.5
1089.5
1036.0
460.5
2054.5
2997.0
68.0
68.0
832.0
3599.5
1919.5
2095.5
1410.0
2363.5
4959.5
68.0
537.5
5017.5
629.5
68.0
2055.5
1624.0
68.0
163.0
1092.5
2251.0
1256.0
68.0
68.0
68.0
633.5
3370.0
68.0
68.0
1053.0
1911.0
68.0
1857.0
68.0
2990.0
1414.5
7665.0
1679.5
5756.0
2379.5
1208.0
1859.5
68.0
68.0
1019.0
4156.0
1128.5
4182.5
1291.5
1347.0
438.5
68.0
919.0
1914.5
619.0
7690.5
2406.5
3103.5
68.0
927.5
0
4924.5
3182.5
1089.5
1858.0
2692.0
2229.5
243.5
646.0
1594.5
1333.0
6551.5
494.5
1112.5
68.0
4229.5
534.5
348.5
2357.5
524.0
68.0
3220.5
2683.5
3669.0
4942.5
3010.5
541.5
3253.0
438.5
926.5
1802.0
1012.0
4009.0
68.0
257.0
257.0
3623.5
68.0
647.0
163.0
2939.5
163.0
1597.0
901.0
1714.0
4568.5
1023.5
9987.0
1818.0
68.0
6074.0
68.0
1132.5
1016.5
1010.0
4156.0
7786.5
6380.5
365.5
68.0
537.5
348.5
5251.5
2999.0
1001.5
1582.0
6165.0
68.0
1443.0
1016.5
508.0
68.0
1504.5
4097.5
68.0
926.5
7100.5
2284.0
68.0
1968.5
1192.0
1053.0
511.5
612.5
3660.5
719.0
68.0
641.5
4860.5
68.0
3414.0
0
5451.0
68.0
68.0
68.0
4349.0
8042.0
68.0
622.5
1426.5
68.0
3399.5
68.0
3248.0
537.5
2996.0
2830.5
5001.5
4457.5
68.0
4094.5
543.5
1017.5
2361.0
520.5
3210.5
511.0
2280.5
944.5
68.0
2179.5
438.5
68.0
68.0
3807.0
2288.5
2554.5
633.5
6743.5
8760.5
3354.5
68.0
1037.0
2244.0
3396.0
68.0
1589.5
153.5
5523.5
4158.5
1048.5
2723.0
348.5
629.0
68.0
1241.0
2349.5
4070.5
3541.0
68.0
638.5
15775.5
2490.0
1235.5
543.5
68.0
1923.0
458.0
1300.0
1095.0
1868.5
68.0
2121.0
908.0
4149.5
68.0
1021.5
5470.0
68.0
7138.0
173.0
68.0
10219.0
1887.5
4537.0
4127.0
4891.5
1503.5
537.5
1102.0
1723.5
1237.5
3863.0
1053.0
6652.5
4423.5
68.0
1016.5
68.0
2414.0
365.5
2293.5
4534.0
1336.0
2350.5
5329.0
5342.5
1334.0
3026.5
2566.5
3124.0
3109.0
2069.5
446.5
551.5
68.0
612.5
257.0
4095.0
736.0
2244.0
1760.5
1812.5
1599.5
1024.5
702.5
1202.5
68.0
1851.5
68.0
623.0
4016.5
271.0
163.0
817.0
3508.0
451.5
5048.5
629.0
3957.5
943.5
1029.0
738.5
1434.0
1420.0
68.0
68.0
68.0
10406.5
68.0
1859.5
68.0
1736.0
6781.0
551.5
4967.5
1004.5
2856.0
2730.0
2276.0
3560.5
537.5
68.0
1021.0
7285.0
458.0
68.0
5381.0
1830.0
68.0
1999.5
68.0
1926.5
68.0
68.0
524.0
1039.5
2762.0
68.0
3627.0
4155.5
537.5
6234.0
458.0
1339.5
2468.5
458.0
2160.0
68.0
2359.5
1124.0
2528.5
173.0
927.0
458.0
68.0
1402.0
1413.5
1444.0
2659.5
646.0
1951.5
6231.5
5829.0
922.0
5112.0
4775.0
68.0
68.0
5313.5
4755.0
68.0
68.0
906.0
438.5
68.0
731.5
10345.5
1406.5
4576.5
2392.5
627.5
1013.0
1820.0
553.0
4022.5
1896.0
1385.0
68.0
2442.0
68.0
1770.0
926.5
458.0
68.0
8792.0
998.0
68.0
927.5
458.0

438.5
3270.5
68.0
893.5
925.0
491.0
3190.0
2001.5
2088.0
2095.5
68.0
2339.0
68.0
1082.5
68.0
2540.0
68.0
851.0
4105.5
68.0
348.5
68.0
1036.0
2259.5
1481.0
1423.5
1036.0
343.5
1029.5
2316.5
4046.0
1998.0
68.0
257.0
5033.0
2356.5
7600.0
620.5
2208.0
68.0
438.5
460.5
3250.0
612.5
1865.5
1331.5
68.0
8225.0
68.0
4239.0
1496.5
68.0
2245.5
2701.0
719.0
1503.0
6006.5
719.0
1864.5
2041.0
736.0

163.0
68.0
534.5
68.0
4492.5
1145.5
1423.5
68.0
908.0
2241.0
728.5
68.0
1856.5
438.5
12482.5
543.5
365.5
1051.0
1489.0
568.5
647.0
1472.5
8437.5
2540.0
68.0
7967.0
755.5
3258.5
903.5
68.0
2840.5
5157.0
1989.0
1016.5
4231.0
68.0
719.0
1128.0
1696.0
460.5
4041.0
4278.0
68.0
1361.5
638.5
2357.0
4823.0
1920.5
5162.0
6264.0
2767.5
1571.5
365.5
934.0
1001.5
68.0
1384.0
911.5
4743.5
68.0
1492.5
257.0
1778.0
2052.5
4531.0
0
68.0
1089.5
1490.5
68.0
2798.5
438.5
77.0
612.5
257.0
1096.0
900.0
736.0

68.0
943.5
2770.5
8480.5
931.0
4969.5
646.0
438.5
163.0
4741.5
3104.5
68.0
3556.0
1036.0
4988.5
2844.5
243.5
1055.0
663.5
537.5
914.0
2345.5
68.0
1695.0
719.0
1037.0
68.0
11605.5
68.0
2337.5
68.0
1826.5
736.0
13744.5
1974.0
6661.5
68.0
3986.0
3184.0
2329.0
1444.0
1685.5
68.0
1019.5
835.0
438.5
2040.0
2610.0
1622.5
68.0
1884.5
68.0
1199.0
1477.5
1876.0
68.0
0
2268.5
537.5
68.0
348.5
2816.0
3675.0
1904.5
7024.5
1598.0
835.0
0
68.0
1114.0
6252.0
2365.0
6740.5
68.0
348.5
991.0
2274.0
438.5
700.0
1777.0
533.5

1517.0
5610.5
2337.0
68.0
1797.5
383.0
1619.0
927.0
68.0
1315.0
2141.5
1492.5
4090.5
163.0
738.5
3354.5
3810.0
3178.5
1477.0
1430.0
68.0
68.0
3707.5
738.5
4031.5
68.0
1501.5
68.0
68.0
809.0
68.0
1765.0
430.5
1394.5
1302.0
68.0
2341.5
543.5
533.5
6080.5
1511.0
5842.0
1119.0
3216.5
1684.0
1820.5
8459.0
68.0
1000.0
458.0
738.5
4095.0
2742.5
4784.0
7343.0
6689.0
348.5
68.0
3931.0
1879.0
68.0
68.0
999.5
941.5
248.5
4950.5
537.5
2752.0
3679.0
1205.5
5248.5
5030.0
3057.0
1426.0
68.0
5439.0
755.5
7133.5
3185.0
2061.0
6834.5
68.0
2574.0
2655.5
3306.5
1758.5
348.5
68.0
3256.0
68.0
1302.5
68.0
1562.5
365.5
941.5
68.0
7739.0
3399.0
4061.5
68.0
1521.5
743.5
1520.5
2264.5
627.5
68.0
3676.0
2208.5
1400.5
4015.5
11729.5
554.5
999.5
551.5
68.0
1492.0
68.0
1315.0
2287.5
2862.0
68.0
1779.5
8702.5
271.0
1974.5
551.5

68.0
163.0
913.5
1499.0
551.5
7271.0
68.0
1863.5
738.5
1301.5
68.0
6072.0
7109.0
163.0
1055.5
1934.0
1199.0
1014.5
348.5
543.5
4409.5
6317.0
1073.0
2382.5
533.5
9236.5
5703.0
3159.5
68.0
68.0
68.0
451.0
68.0
257.0
2875.5
7635.0
961.0
6790.5
2350.0
3164.5
1094.5
1224.0
524.0
8596.0
2781.5
2815.0
2741.0
629.0
1521.0
257.0
163.0
68.0
4014.0
2564.5
257.0
68.0
1373.0
1950.0
3669.0
68.0
2050.5
989.5
2836.0
68.0
9100.0
1813.0
1460.0
1779.5
450.0
931.0
68.0
3115.5
543.5
7094.5
2487.0
3574.5
6208.5
163.0
365.5
68.0
6246.0
541.0
3209.5
150.0
2081.0
2771.5
163.0
6056.5
524.0
1417.0
1019.0
68.0
1021.0
4044.0
1523.0
3210.0
20875.0
6069.5
2482.0
3294.0
68.0
12125.5
1036.0
163.0
68.0
2791.5
768.5
1495.5
8452.0
627.5
68.0
458.0
68.0
68.0
68.0
3097.5
68.0
524.0

68.0
2356.0
68.0
627.5
68.0
68.0
2879.0
1128.5
173.0
641.5
1799.0
1013.0
68.0
3253.5
827.0
442.0
68.0
4915.5
68.0
4276.0
1819.5
243.5
68.0
257.0
8164.0
153.5
2693.0
626.5
1298.0
2686.0
3967.5
458.0
4103.0
1022.5
719.0
3684.0
1293.0
438.5
1608.0
814.0
2168.0
1666.5
1126.0
1898.5
543.5
3519.0
553.0
3948.5
3784.0
4214.0
68.0
1812.0
68.0
3070.0
5900.0
163.0
68.0
3564.0
68.0
68.0
1896.0
914.0
2397.5
507.5
1027.5
646.0
68.0
2346.5
700.0
68.0
6239.0
1994.5
1036.0
2961.5
68.0
627.5
1033.5
913.0
0
5953.0
68.0
944.0
438.5
257.0
647.0
1426.0
1880.5
828.5
4202.5
77.5
4658.5
68.0
0
5869.0
6224.5
4579.0
647.0
68.0
507.5
68.0
6469.0
2375.5
2335.5
458.0
1862.5
7034.5
68.0
2737.0
1779.0
1895.5
4212.0
68.0
1573.5
68.0
1898.0
2035.0
257.0
1704.0
722.0
5547.0
1693.5
3704.5
3197.5
1126.0
1192.5
10722.0
4961.0
524.0
641.5
3266.5
5354.0
1911.0
257.0
1991.5
257.0
68.0
447.5
4213.5
1799.0
4084.0
3606.5
942.5
348.5
3225.0
12834.5
1032.0
11711.0
68.0
68.0
3476.5
68.0
68.0
68.0
68.0
446.5
3372.0
2448.0
3836.0
534.5
1306.5
4957.5
3279.5
3281.5
352.0
68.0
2821.5
0
1688.0
68.0
646.0
2217.0
68.0
1614.5
3104.0
68.0
5565.5
614.0
4842.0
5656.5
68.0
1580.5
1242.5
3535.5
68.0
0
68.0
3439.5
1399.5
1315.0
1107.5
3204.0
1984.0
2812.0
9068.0
0
1331.5
719.0
2673.0
2322.5
1496.5
1118.0
68.0
738.5
1029.0
438.5
1120.0
1780.0
736.0
1128.5
68.0
68.0
1882.0
6788.0
2257.0
1023.0
7224.0
2070.0
2392.0
1427.5
7040.0
1120.0
828.5
438.5
3729.5
1397.0
1222.5
3997.5
7687.0
491.0
3234.5
4750.0
524.0
2573.5
926.5
4450.0
1974.5
2266.5
554.5
1394.0
1728.0
458.0
914.0
4880.0
3712.0
2450.5
1596.5
68.0
738.5
629.0
926.5
68.0
458.0
4269.0
68.0
68.0
719.0
728.0
541.0
153.5
8424.0
3168.5
1224.5
4088.0
809.5
1391.0
9384.5
627.5
2040.5
1843.0
1574.5
5407.0
9787.5
1106.5
13320.5
616.0
5112.5
68.0

11310.0
68.0
14642.0
4452.0
2014.0
537.5
68.0
609.5
348.5
68.0
627.5
8990.0
1863.5
68.0
1404.5
8097.5
1016.5
458.0
1223.0
68.0
751.0
433.0
68.0
741.0
1993.0
2140.5
647.0
3019.5
1585.5
927.5
1497.5
68.0
4162.0
4568.0
4361.5
595.0
68.0
3809.5
7022.5
68.0
609.5
458.0
6859.5
5382.0
4067.0
814.0
163.0
537.5
3789.5
348.5
1400.0
1225.0
7188.5
68.0
896.5
3214.0
2344.5
736.0
68.0
2641.0
2008.5
1019.0
944.0
538.5
1504.5
163.0
68.0
4450.5
2815.5
4535.5
68.0
68.0
68.0
956.5
68.0
68.0
3491.0
68.0
2283.5
2294.5
4309.0
738.5
620.5
68.0
68.0

458.0
6506.5
4883.0
356.5
3805.0
5972.5
1053.0
1036.0
68.0
6677.5
3593.0
68.0
2838.0
543.5
0
2720.5
7604.0
828.5
7534.5
257.0
3604.5
352.0
629.0
3317.0
4095.5
163.0
1782.5
5441.5
3908.5
68.0
809.0
163.0
533.5
738.5
3139.5
68.0
68.0
3691.5
2000.0
524.0
832.5
2827.0
2494.5
1421.5
1882.0
629.5
68.0
4577.0
3701.0
3415.0
3562.5
68.0
68.0
629.0
6744.0
0
953.5
1873.5
4639.0
748.5
68.0
68.0
1885.5
1405.0
4802.0
1990.5
365.5
7597.0
629.0
3878.5
1121.5
642.5
2391.5
5732.5
458.0
2737.0
3425.0
3020.0
3162.0
1033.5
1297.5
68.0
4618.0
163.0
1482.0
2429.0
68.0
984.5
3123.5
68.0
826.0
0
2185.5
5458.0
5579.5
438.5
1479.5
1699.5
3085.5
352.0
4071.0
68.0
641.5
3138.0
1111.5
2649.0
13293.5
3622.5
10318.0
68.0
0
608.5
533.5
0
5199.0
2911.0
68.0
3975.0
1020.0
4485.0
7308.5
1794.5
948.5
1102.0
68.0
1499.0
3686.0
719.0
2201.5
749.0
1381.0
443.5
531.5
20105.5
68.0
2736.5
7119.5
68.0
927.5
1041.5
2639.0
2256.5
68.0
458.0
68.0
5446.0
8851.5
68.0
1619.0
543.5
3025.5
68.0
755.5
7135.5
68.0
1004.0
153.5
68.0
2556.0
3681.5
68.0
68.0
4000.0
8403.5
163.0
0
773.0
1026.0
1876.0
7076.5
68.0
646.0
68.0
738.5
68.0
68.0
68.0
1387.5
2689.0
1032.0
2067.0
257.0
68.0
2791.5
2467.0
1282.0
2909.5
2272.0
451.0
68.0
8820.5
68.0
438.5

629.5
68.0
2465.0
612.5
543.5
649.0
1863.5
68.0
68.0
1573.5
1894.5
68.0

438.5
1116.5
68.0
3836.5
68.0
1412.5
68.0
1264.5
927.0
7327.0
10316.5
458.0
1030.0
1130.5
1317.5
8864.5
740.5
348.5
68.0
4648.0
533.5
5840.0
1132.5
3585.0
1538.5
348.5
11895.5
68.0
10843.0
5178.5
3701.5
7829.0
68.0
2358.5
1407.5
1053.0
68.0
1404.0
4955.5
1326.0
2282.5
2275.0
68.0
2072.0
2743.5
7179.5
4312.0
1020.0
153.5
830.0
68.0
1992.5
719.0
1224.0
7690.5
1966.0
68.0
3972.5
0
68.0
271.0
1862.5
4052.0
68.0
629.0
68.0
458.0
2137.0
163.0
1576.0
0
15130.5
4541.5
271.0
68.0
2275.0
0
1807.0
4554.0
554.5
3252.5
3164.0
3154.5
740.5
3978.0
3714.5
1581.0
537.5
1984.5
4140.5
2826.5
2374.5
68.0
458.0
0
.5
2830.5

68.0
68.0
68.0
451.5
3171.5
448.0
68.0
2279.0
641.5
68.0
68.0
2124.5
68.0
3911.0
905.0
1403.0
1565.0
1997.5
4922.0
4481.0
1616.5
2798.5
3206.5
1116.5
515.0
68.0
4503.0
458.0
2687.0
365.5
438.5
1026.0
1615.0
1031.5
2429.0
271.0
534.5
243.5
68.0
1012.0
4067.5
68.0
153.5
68.0
14809.0
1016.5
4233.0
163.0
68.0
68.0
2251.0
1413.5
163.0

1509.0
4188.0
1706.5
68.0
2811.0
1518.5
1964.0
257.0
828.5
1894.5
5857.5
1194.5
1146.5
3107.5
1016.5
1374.5
2681.0
5963.5
68.0
1106.5
6687.0
988.0
1288.0
271.0
2861.5
831.0
4526.5
14684.0
1594.5
4071.0
1836.5
5028.0
68.0
738.5
5445.0
3276.0
2230.0
1533.5
447.0
68.0
68.0
537.0
5419.0
1022.5
614.0
8118.0
3064.5
163.0
738.5
68.0
2526.0
7579.5
7273.5
68.0
933.5
992.0
4695.0
4551.0
458.0
7647.5
4797.0
68.0
3291.0
524.0
68.0
68.0
8098.0
365.5
68.0
68.0
68.0
446.0
2257.0
3797.5
1298.0
533.5
4932.5
9526.0
352.0
163.0
1754.0
257.0
1954.0
0
1995.0
3766.0
646.0
163.0
1792.0
68.0
369.0
1490.0
7754.5
7684.5
822.5
68.0
5589.0
4935.0
163.0
1576.5
5489.0
1579.0
68.0
3130.0
7429.5
2566.0
0
68.0
68.0
68.0
68.0
736.0
537.5
4149.5
1592.5
163.0
1967.0
153.5
649.5
6708.0
1667.5
1109.0
2723.0
960.5
68.0
68.0
3249.0
68.0
4163.0
6400.0
538.5
1132.0
2160.0
2641.5
629.0
3590.5
2647.5
68.0
5993.5
1504.0
348.5
541.0
700.0
68.0
537.5
68.0
1397.5
68.0
68.0
68.0
8043.0
3118.0
68.0
2378.5
820.5
752.0
0
68.0
1019.0
68.0
1038.0
0
835.0
3191.0
0
1595.0
6528.0
5052.5
3908.0
5030.0
1126.0
2838.0
2223.0
5158.5
68.0
163.0
68.0
1037.0
4097.5
4450.5
2247.5
1036.0
629.0
1879.5
5350.5
68.0
68.0
926.5
3856.0
5897.0
3540.5
6756.0
629.0
3694.5
1600.5
68.0
647.0
2457.5
3813.0
507.5
438.5
1522.5
438.5
1878.5
438.5
1554.0
2065.0
348.5
458.0
481.0
458.0
1557.0
1322.0
68.0
3810.0
504.5
663.0
68.0
1393.5
534.5
455.5
68.0
163.0
3195.0
944.5
68.0
4015.5
68.0
257.0
524.0
2691.0
833.5
543.5
458.0
5017.5
944.0
748.5
6149.5
1861.0
537.5
438.5
1494.5
4526.5
153.5
2459.5
1516.0
68.0
0
2327.0
1339.0
68.0
2068.5
719.0
8640.0
68.0
2263.0
16105.0
68.0
2960.0
4939.0
1886.0
460.5
1831.0
6318.5
738.5
539.0
2751.5
2352.5
2099.5
1444.0
68.0
3623.5
3169.0
0
738.5
2100.5
1589.5
68.0
68.0
914.0
68.0
2679.0
629.0
68.0
68.0
1046.5
3133.0
1241.5
163.0
68.0
629.0
1017.5
68.0
1047.5
629.0
3123.0
1602.0
3254.0
7533.0
68.0
68.0
2973.0
521.0
2664.5
3124.0
68.0
1261.5
3668.0
2342.0
4659.0
68.0
4583.5
2883.0
1385.0
68.0
2967.0
68.0
1460.5
68.0
1117.0
438.5
1016.5
2739.5
4178.0
1318.5
0
6647.5
646.0
2547.5
163.0
257.0
258.0
1019.0
4504.0
1114.0
3705.0
1083.5
68.0
68.0
0
68.0
627.5
5216.5
520.0
68.0
3697.5
68.0
2311.5
163.0
2241.0
1128.5
68.0
926.5
524.0
633.5
8218.0
736.0
5355.5
68.0
2798.5
7602.5
3051.0
1903.5
1574.0
1487.5
7769.5
438.5
68.0
629.0
1205.5
527.5
2462.0
4842.5
1974.0
68.0
6756.0
2784.0
1406.5
2082.0
4473.0
3316.5
13819.5
348.5
1407.5
627.5
7626.5
1509.0
1599.5
348.5
4891.5
458.0
8022.0
0
68.0
477.5
626.5
818.0
68.0
0
163.0
68.0
8800.5
438.5
5086.0
3096.5
3996.5
553.0
68.0
2190.0
68.0
1111.5
943.5
624.5
537.5
1820.5
68.0
163.0
1974.0
612.5
0
2690.0
8099.5
2557.5
4984.0
68.0
68.0
68.0
68.0
1016.5
1049.0
0
68.0
81.5
4448.5
926.5
68.0
1224.0
3246.0
537.5
68.0
68.0
1017.5
5022.5
1038.5
722.5
68.0
3350.5
1024.0
546.0
438.5
958.5
0
0
2026.0
68.0
68.0
5788.5
163.0
6695.0
900.0
68.0
1595.5
734.5
0
4964.5
68.0
2653.0
68.0
1016.5
8305.5
2345.5
1411.5
1896.5
1794.0
68.0
6321.0
68.0
641.5
0
939.0
417.5
5136.0
537.5
1134.0
3104.0
348.5
9906.5
5493.0
4147.0
1511.5
612.5
1469.5
5860.5
2533.5
68.0
514.5
3257.5
68.0
68.0
68.0
4077.0
68.0
68.0
68.0
7671.5
68.0
612.5
163.0
68.0
68.0
0
68.0
724.0
2261.5
7449.0
646.0
3342.0
1917.5
173.0
1483.0
1892.5
163.0
3678.0
1968.5
68.0
12226.0
163.0
68.0
438.5
1046.0
3597.5
68.0
1033.5
927.5
640.0
1055.5
1486.0
1000.0
8159.5
2540.0
1005.0
518.5
68.0
5867.5
647.0
5331.0
5021.5
8817.0
68.0
1317.0
68.0
438.5
1194.5
163.0
68.0
3098.0
1404.5
2768.0
1782.5
1126.0
352.0
2762.5
68.0
163.0
5046.5
4602.0
68.0
7388.5
68.0
533.5
738.5
1556.5
6682.0
724.5
2075.5
3970.0
2559.0
68.0
914.5
910.0
448.0
2764.5
1106.5
332.0
3374.0
3043.5
1913.5
1116.5
1109.0
1038.5
2671.0
2271.5
993.5
68.0
68.0
68.0
348.5
663.0
1002.0
1027.0
646.0
6501.0
524.0
68.0

68.0
2222.5
3324.0
68.0
68.0
68.0
257.0
896.5
68.0
543.5
533.5
1443.0
1955.5
0
1771.0
2955.5
1760.5
458.0
1651.5
4820.5
68.0
2301.5
1426.0
627.5
68.0
3073.5
0
2738.0
2765.0
68.0
258.0
3677.0
2863.5
4929.0
2171.5
1602.5
1030.0
926.5
2444.0
629.0
3577.5
68.0
3288.5
2148.0
1794.5
2856.0
68.0
1950.0
68.0
1775.0
5419.5
1016.5
4062.5
68.0
419.5
3605.0
1499.0
4057.5
2477.5
68.0
2062.5
2430.5
458.0
4065.0
153.5
438.5
1419.5
68.0
1814.0
1406.5
1534.5
68.0
0
629.0
646.0
2517.5
2793.5
68.0
68.0
1524.0
1822.0
7286.5
2750.0
3154.5
5991.0
173.0
910.0
68.0
5524.0
68.0
1027.5
2145.5
68.0
68.0
1002.5
11003.0
9926.0
4182.5
3566.5
1034.0
68.0
1666.5
10665.5
2543.0
2742.0
271.0
438.5
447.5
2005.0
4504.0
68.0
0
1653.5
68.0
1965.5
68.0
1126.0
2998.5
1996.5
163.0
0
1857.0
1427.0
6810.5
1426.5
8989.5
551.5
8542.0
646.0
1980.0
1972.5
1129.5
911.0
68.0
1413.0
3488.5
68.0
173.0
4275.0
0
3202.0
1019.0
68.0
2078.0
1782.5
2244.5
68.0
1346.0
257.0
1130.0
1128.5
68.0
828.5
2657.5
68.0
903.5
1107.0
438.5
68.0
163.0
6536.0
1797.5
257.0
1853.0
1786.5
365.5
68.0
14725.0
8704.0
1696.5
68.0
7234.0
4327.0
4725.0
5125.5
2002.0
3820.5
911.0
348.5
4004.0
6969.5
2733.5
1400.5
2746.0
1898.0
1036.0
1875.5
68.0
1208.5
3186.0
5520.5
7427.0
612.5
68.0
153.5
943.5
719.0
2301.5
1334.5
1587.0
451.0
4931.5
163.0
1417.5
12159.5
6794.5
2676.5
2772.5
8964.0
68.0
163.0
68.0
257.0
68.0
1192.0
271.0
68.0
1505.5
6046.5
1591.0
2338.5
3687.0
68.0
1955.5
2824.5
5042.5
68.0
2537.5
68.0
257.0
629.0
348.5
2452.5
68.0
68.0
1033.5
4004.5
68.0
925.0
68.0
1504.0
1592.5
7971.0
2817.5
1218.5
68.0
5694.5
926.5
629.0
458.0
163.0
332.0
4183.5
3232.0
7552.0
641.5
2777.0
68.0
2011.5
451.0
2176.0
68.0
1892.0
68.0
8569.0
541.0
163.0
524.0
438.5
1412.5
6445.0
6492.5
348.5
533.5
534.5
926.5
68.0
4041.5
5038.0
3447.0
3994.5
1036.0
3618.0
1419.0
1711.0
458.0
2521.0
852.5
534.5
68.0
3412.0
1505.5
5233.5
0
3788.0
3127.5
3029.0
1126.5
68.0
3379.0
68.0
1017.0
68.0
1015.0
438.5
4055.0
2382.5
926.5
3256.5
2859.0
533.5
1126.0
7248.5
5089.0
68.0
68.0
900.0
68.0
960.5
537.5
2605.5
458.0
5329.5
6336.0
11637.0
5948.5
68.0
6741.5
731.0
524.0
1024.5
1980.5
3792.0
257.0
2564.5
738.5
10322.5
1038.0
9305.0
2225.5
68.0
619.0
1574.5
68.0
5466.0
2414.0
68.0
9003.5
6187.5
1331.5
5258.0
348.5
68.0
68.0
348.5
68.0
1012.0
163.0
1314.0
2037.5
68.0
2770.5
68.0
4021.0
6762.0
2920.0
717.0
2160.0
1016.5
68.0
1650.5
438.5
1862.5
1901.5
3628.5
7369.0
68.0
1970.0
68.0
3221.0
4686.5
10725.5
68.0
68.0
8516.5
3269.5
537.5
2798.5
365.5
2694.0
736.0
555.0
1762.5
2227.5
1073.0
2371.5
68.0
1016.5
2521.5
1962.5
1020.0
68.0
1385.5
6729.5
641.5
608.5
2861.0
920.5
2258.0
1109.0
2994.0
3281.0
2096.5
2680.0
257.0
8565.0
2748.5
1705.0
5468.5
1221.0
6984.5
1502.5
173.0
1035.0
818.0
365.5
7452.0
5751.5
68.0
6901.0
68.0
68.0
5940.5
899.5
2325.0
826.5
3728.0
2318.5
4647.0
936.0
8939.5
629.0
524.0
6273.0
1037.5
1880.0
68.0
3563.5
614.0
7651.0
8505.5
4552.0
2381.5
2364.0
2738.0
163.0
458.0
4701.5
3206.0
163.0
6916.5
4078.0
3648.5
2855.0
2767.0
3701.0
4178.0
553.0
925.0
0
656.5
10313.5
68.0
4367.0
2194.0
2353.0
6550.0
537.5
68.0
1968.5
68.0
2487.5
614.0
663.5
10663.5
9855.5
434.0
612.5
68.0
472.0
2142.5
68.0
68.0
257.0
4228.5
150.0
1522.5
828.5
68.0
9822.0
68.0
1968.5
1937.0
933.5
533.5
1328.0
68.0
0
68.0
1009.0
511.0

2270.0
4463.0
736.0
1386.0
2240.5
2164.5
6356.5
2671.5
2370.0
2309.5
2002.5
1485.0
2008.5
1128.5
2269.0
153.5
2356.5
68.0
365.5
1301.5
2228.5
68.0
8032.0
68.0
438.5
4980.0
646.0
438.5
1038.0
458.0
1982.5
7092.0
68.0
5006.0
68.0
3125.0
1878.0
711.0
68.0
0
1470.5
3646.0
243.5
726.5
1980.0
2341.0
243.5
4431.0
1585.5
4760.0
1492.0
68.0
1112.5
632.5
68.0
4001.5
646.0
68.0
5139.5
2133.5
738.5
4951.5
1496.5
0
5998.5
719.0
1218.5
3184.5
809.0
3139.0
1777.5
5958.0
3686.0
68.0
68.0
1248.5
932.5
0
68.0
68.0
2440.5
1600.0
3190.0
438.5
2072.5
629.0
68.0
1588.5
2512.5
348.5
1104.5
68.0
10858.0
68.0
68.0
1019.0
1487.5
10360.0
68.0
2267.0
6913.5
1578.5
2276.5
654.0
8590.0
3645.0
2455.0
438.5
633.5
3141.0
5985.0
0
5314.0
16435.5
68.0
2321.5
68.0
1403.0
4455.5
551.5
68.0
614.0
4578.5
7110.5
68.0
2670.5
257.0
1509.5
4580.5
612.5
6620.0
458.0
2053.0
1434.0
1149.5
1489.0
2336.0
926.5
68.0
68.0
4131.5
0
2831.5
1011.0
1595.5
707.5
1480.0
4166.0
348.5
1582.0
1769.5
6388.0
4895.0
1851.0
1415.5
438.5
4544.5
1900.0
1414.0
713.0
2657.5
646.0
9922.5
348.5
271.0
68.0
1417.5
68.0
1078.0
2002.5
4032.5
2299.5
5055.0
1961.5
1589.0
68.0
1409.0
68.0
1314.0
13992.0
3364.0
1794.0
1003.0
2174.5
3352.0
7001.0
68.0
348.5
5017.0
4408.5
68.0
2545.0
1648.5
8521.0
821.5
2778.5
447.5
68.0
929.5
2039.0
1979.0
3203.5
1930.5
4090.0
828.5
897.5
1035.5
68.0
68.0
6428.0
3026.5
2679.5
537.5
4505.0
3663.0
1837.0
5171.5
1503.0
2053.0
1036.0
365.5
7291.0
1680.0
947.0
3849.5
3479.5
5182.0
1616.0
163.0
2448.5
1227.0
2504.5
1033.5
3775.5
68.0
68.0
68.0
513.5
68.0
5780.5
21906.5
173.0
4165.0
68.0
68.0
68.0
524.0
563.0
68.0
3801.0
1158.5
2574.0
68.0
9364.5
8079.0
173.0
68.0
68.0
2897.5
738.5
3815.0
1976.0
3175.0
68.0

6669.5
2253.0
0
5118.0
1334.0
1236.0
68.0
6369.5
5418.0
68.0
3244.5
68.0
2281.0
2993.0
632.5
68.0
627.5
4556.0
2238.0
938.0
1126.0
8150.5
2850.0
4532.5
68.0
1875.0
3204.5
3276.0
4120.5
1211.5
68.0
257.0
4736.0
257.0
629.0
3233.5
1957.5
6036.0
4170.0
506.5
2002.5
1494.5
2352.0
7950.5
1895.5
537.5
1408.5
7573.5
1848.0
68.0
2289.5
68.0
68.0
736.0
3775.5
738.5
1392.0
2704.0
1857.0
7104.5
3223.0
2804.0
68.0
533.5
68.0
8381.0
1801.0
6286.0
8141.0
2915.5
68.0
6558.0
4434.5
6970.0
3623.0
1106.5
1128.5
68.0
713.0
3220.5
886.0
2853.0
3407.5
1804.0
68.0
5001.5
1429.5
2361.0
68.0
2244.5
1601.5
8945.5
68.0
68.0
68.0
68.0
6741.5
814.0
5446.5
68.0
6008.0
736.0
68.0
458.0
1777.0
4081.5
7802.0
1299.5
68.0
3690.5
663.0
9483.5
1926.5
1034.0
3278.5
257.0
68.0
68.0
68.0
68.0
1895.5
4443.5
4615.0
1538.5
68.0
68.0
5019.5
731.5
163.0
438.5
1106.5
438.5
458.0
1110.5
755.5
926.5
913.5
68.0
7260.0
6755.0
533.5
257.0
2860.5
153.5
533.5
3537.5
4914.5
4864.5
68.0
68.0
1211.5
1100.0
3337.0
1804.0
610.0
1503.5
1989.0
1033.5
1963.0
68.0
4528.0
1473.0
4030.0
451.5
533.5
543.5
6932.0
1025.5
4475.0
646.0
2081.5
6203.5
68.0
736.0
2006.5
1989.0
68.0
889.0
5380.5
1036.0
68.0
5033.0
2383.0
1198.5
365.5
3993.5
1879.0
153.5
68.0
1037.0
535.0

736.0
173.0
365.5
68.0
68.0
646.0
1982.5
983.0
554.5
1689.0
1110.0
612.5
2937.0
2763.5
1572.5
3111.0
438.5
0
68.0
1870.0
68.0
2078.0
1364.5
1241.0
461.0
6488.0
6328.0
451.0
543.5
1507.0
4312.0
6817.5
458.0
6318.5
2342.0
3879.0
7357.5
1019.0
1128.5
2360.0
1033.5
1592.5
1701.5
2558.5
163.0
68.0
0
68.0
2412.0
1886.0
629.0
13380.0
68.0
11325.5
1403.0
68.0
848.0
5072.5
2484.0
438.5
438.5
543.5
3331.5
4724.0
4113.5
7702.5
537.5
620.0
1342.0
2004.0
2248.0
163.0
1679.0
68.0
612.5
257.0
526.0
68.0

1839.0
4533.0
438.5
3503.5
4050.0
4612.0
8120.5
2938.0
2008.0
68.0
4487.5
647.0
68.0
612.5
438.5
909.5
1430.5
68.0
2847.0
3657.5
243.5
1870.5
68.0
1109.0
5247.0
4275.0
5047.0
68.0
4604.0
68.0
437.0
3397.5
460.5
68.0
4536.5
7816.5
2192.0
173.0
68.0
68.0
4059.5
1591.5
2340.5
4050.0
1132.5
3202.5
68.0
68.0
2081.5
1591.0
649.5
11181.0
4004.5
7064.5
153.5
68.0
7190.0
1029.0
5968.0
6843.0
68.0
173.0
510.0
5441.0
1187.5
2257.5
365.5
5934.5
9181.0
2292.5
2930.0
3126.5
438.5
734.0
702.5
1019.0
17759.0
68.0
4321.5
890.0
3234.0
1036.0
68.0
5073.0
2719.0
2851.0
15253.0
451.0
7147.0
1036.0
4948.5
5094.5
458.0
4226.0
5762.5
4976.5
1910.0
2555.0
1984.5
3694.0
2263.5
4155.5
68.0
2827.0
68.0
14810.5
1797.5
926.5
68.0
736.0
537.5
909.5
1480.0
3578.0
2841.0
551.5
6437.5
1499.0
68.0
2084.5
3388.5
1693.0
68.0
68.0
3213.0
68.0
68.0
45.5
68.0
2554.5
961.0
2372.5
10802.0
4159.0
4948.0
257.0
927.0
257.0
537.5
895.5
1410.5
68.0
5056.0
4500.0
2564.0
1404.0
1614.0
5132.5
828.5
455.0
2065.5
365.5
6064.0
68.0
68.0
68.0
4014.0
1936.0
458.0
2648.0
173.0
163.0
2377.5
257.0
458.0
68.0
5139.0
438.5
458.0
1199.5
3608.0
3227.5
1863.5
68.0
923.5
153.5
3583.5
4631.0
2330.0
1505.5
383.0
4210.5
920.5
8719.5
3158.5
2259.5
68.0
2903.5
1016.5
6476.0
1817.5
738.5
2377.0
3536.5
7099.0
5016.0
68.0
68.0
2842.0
458.0
1406.5
3149.5
7303.5
2715.0
68.0
6501.5
2402.5
68.0
12168.0
1406.5
5390.5
68.0
68.0
1706.5
0
3506.0
4483.5
4951.5
926.5
68.0
68.0
2828.0
2579.5
4120.0
8518.5
163.0
4024.5
1121.5
926.5
1213.0
68.0
2764.0
1334.0
68.0
5401.5
7446.0
1388.0
5667.5
2895.5
3266.0
68.0
5794.0
8580.0
2076.5
1010.0
1936.0
68.0
3122.0
3699.0
661.0
1565.0
2707.5
5024.5
68.0
2794.0
3756.5
68.0
4167.5
1872.0
6145.0
1240.0
3238.5
4019.5
68.0
3222.5
1412.0
5631.0
7489.5
2451.5
2729.5
68.0
3554.0
68.0
4027.0
4624.0
4194.0
3308.5
554.5
3898.0
1724.5
828.5
68.0
68.0
1691.5
6575.0
835.0
1016.5
1227.5
8399.0
2898.5
4958.0
2655.0
68.0
6087.5
365.5
68.0
629.0
4718.0
1211.5
1383.5
9397.5
4695.0
2178.0
68.0
537.5
7401.0
68.0
3700.5
1972.0
4182.5
608.5
3529.5
2590.5
68.0
4048.0
68.0
348.5
68.0
2292.5
2069.0
539.0
163.0
4058.5
1509.5
68.0
11202.5
68.0
9827.5
2286.0
68.0
1076.0
4462.5
533.5
4444.5
455.5
1794.0
2295.0
1406.5
1013.0
68.0
2372.0
4903.5
1429.0
2224.0
2657.0
1208.0
1569.0
68.0
2252.5
10544.0
646.0
153.5
68.0
4534.0
3581.5
2740.5
1883.0
1331.5
6033.5
5304.0
348.5
68.0
68.0
612.5
12013.5
2341.0
1121.0
6475.0
68.0
1519.0
3524.5
4841.0
2577.5
2915.5
2246.5
5061.0
3703.0
4214.5
4526.0
1016.5
1471.0
2076.5
4098.5
722.0
7694.5
1028.5
4141.5
68.0
1487.5
1024.0
0
620.5
1203.5
163.0
68.0
68.0

1124.5
68.0
68.0
1426.0
738.5
68.0
1789.5
1129.5
68.0
2822.0
3511.5
68.0
1505.5
2559.5
632.5
2113.5
5502.0
3818.0
738.5
5078.5
68.0
2264.0
1505.0
1827.5
5988.0
2164.5
68.0
68.0
5580.5
1804.0
4699.5
1826.5
1802.0
3340.5
5330.5
2034.5
7149.5
1012.5
1589.0
4062.5
163.0
8014.0
717.0
6632.5
3515.0
1036.0
4456.5
1019.0
931.0
4659.0
11314.5
6368.5
2830.0
809.0
7312.5
5227.0
458.0
9579.5
10787.0
68.0
1119.0
1347.5
6239.0
5689.0
1511.0
1439.5
68.0
2825.5
2374.5
1006.5
521.0
6474.0
68.0
1592.5
3801.5
460.5
3214.5
1674.0
4992.5
5745.0
3150.5
2461.0
1486.5
68.0
458.0
2636.0
1415.0
1518.0
927.5
1955.0
68.0
68.0
1869.5
1985.5
3155.0
2154.0
68.0
9920.5
438.5
68.0
3253.5
68.0
68.0
1499.0
438.5
3813.0
1886.5
5117.5
1300.0
1664.5
1036.0
1016.5
2362.5
1512.5
1299.5
1019.5
1462.0
3810.5
1773.5
4703.0
1689.5
68.0
68.0
503.5
68.0
68.0
629.0
2727.0
923.5
68.0
3070.5
1095.5
1030.0
1486.5
629.5
1121.5
3109.0
7118.0
1038.5
515.0
5280.0
719.0
68.0
1413.0
646.0
2331.5
2830.5
68.0
2930.5
2054.0
3617.0
438.5
68.0
4559.5
4900.5
68.0
1460.5
348.5
163.0
909.0
1350.5
5424.5
7169.0
553.0
460.5
365.5
68.0
3694.0
914.0
1039.0
1390.0
68.0
736.0
4681.0
68.0
16451.0
3798.0
5906.0
2825.0
2282.0
5482.5
1154.0
7709.0
6335.5
2677.5
348.5
68.0
1946.0
6550.0
5483.0
2398.5
3390.0
9213.0
3478.5
1392.5
4478.0
2435.5
4919.0
2831.5
1687.0
3657.0
1480.0
6849.5
1536.5
4961.5
978.5
68.0
68.0
6410.5
68.0
1948.5
6511.5
68.0
68.0
3619.5
1911.0
2301.0
1820.0
68.0
1119.0
1858.0
3116.0
8588.0
8205.5
2917.0
3330.0
4066.0
2934.0
10676.5
1208.0
68.0
68.0
4466.0
8698.5
8380.5
68.0
596.5
7204.5
6689.0
68.0
738.5
2355.0
19423.0
68.0
1517.0
1788.0
9307.5
2676.5
68.0
1458.5
944.5
553.0
1591.0
1930.0
7193.5
8601.0
68.0
4528.0
13903.0
538.5
458.0
6687.0
68.0
68.0
5595.0
2751.5
722.5
6999.5
1016.5
4552.0
551.5
3592.5
4415.5
68.0
1608.5
68.0
3646.0
153.5
365.5
2358.5
3177.0
5748.0
1427.0
2972.0
629.0
5232.5
1472.5
68.0
7613.0
3369.5
1109.0
3250.0
1207.0
68.0
7124.0
2700.5
6671.0
2289.0
1928.5
8948.5
68.0
944.0
4289.0
572.0
1211.5
2814.5
1319.0
3133.5
1594.5
68.0
68.0
243.5
939.0
68.0
1858.0
3081.0
554.5
1856.5
9922.5
1016.5
2758.5
2514.5
1813.5
1651.0
6095.5
5695.0
1875.0
4469.0
3140.5
2745.5
68.0
5481.0
3335.0
68.0
3244.0
524.0
1487.5
4254.0
1409.0
1636.0
2340.5
2046.5
12049.0
68.0
3091.0
629.0
2300.0
741.0
68.0
68.0
3674.5
1519.5
68.0
68.0
2111.5
2453.0
5423.5
5051.0
1868.0
1026.0
1119.0
438.5
68.0
646.0
1711.0
1126.0
1988.5
68.0
1750.0
5260.5
348.5
9037.5
3693.5
719.0
68.0
10323.5
1575.0
738.5
1806.0
68.0
68.0
68.0
7585.5
2841.5
68.0
68.0
4082.5
1126.0
2118.5
257.0
68.0
2665.5
68.0
8776.5
1499.0
7834.5
637.0
1875.0
5099.0
3770.5
68.0
4448.0
1870.0
7994.5
1033.5
4195.0
719.0
68.0
4535.0
2201.5
460.5

1472.0
68.0
438.5
163.0
1834.0
1300.0
5358.0
68.0
2691.5
68.0
546.0
2230.0
926.5
659.5
5074.0
1784.5
6202.5
1194.0
2085.5
533.5
68.0
629.0
2454.0
68.0
68.0
728.5
1929.5
1192.0
365.5
2006.5
68.0
68.0
438.5
458.0
11439.0
4389.0
1418.0
4332.5
926.5
1031.5
627.5
2768.5
68.0
68.0
7287.0
68.0
8420.5
6178.5
2518.5
2752.5
9429.0
1934.0
2263.5
13495.0
68.0
4029.5
5208.0
2095.5
348.5
7245.0
755.5
3799.5
1033.5
68.0
5850.5
1387.0
365.5
8518.0
2225.5
1194.5
3568.0
1978.5
4631.0
150.0
68.0
1241.0
5310.5
1241.0
2289.5
68.0
7665.0
1382.5
6758.0
6372.0
7141.5
1556.0
6643.5
3303.5
3118.0
2734.5
2447.5
68.0
612.5
68.0
647.0
629.0
2322.5
1129.5
68.0
12118.0
4648.5
68.0
5142.5
438.5
1801.5
4125.5
68.0
8065.5
4480.0
3124.5
12087.0
68.0
3265.0
5441.5
4941.0
554.5
534.5
68.0
7141.0
5126.5
1404.5
438.5
5148.5
5763.0
68.0
3033.5
68.0
348.5
1389.5
68.0
6356.0
2751.5
12543.5
627.5
5024.0
6754.5
1406.5
2749.5
537.5
2838.5
1387.0
4447.0
543.5
68.0
3583.0
3115.5
68.0
1908.5
3302.0
5793.0
1407.0
2912.5
922.0
1471.0
6774.0
1481.5
68.0
438.5
438.5
533.5
68.0
2785.5
1892.0
6795.5
68.0
533.5
68.0
1409.5
1286.5
4127.5
4994.5
1053.0
614.0
68.0
1017.5
1498.0
7581.0
7050.0
3558.0
8497.5
6623.0
7709.5
2655.5
68.0
4472.0
1241.0
3702.0
1029.0
68.0
5002.5
1670.5
68.0
438.5
68.0
153.5
10514.0
3197.5
2008.5
3099.5
2266.0
10713.0
5053.5
943.5
3818.0
3637.5
68.0
438.5
944.5
8760.0
631.0
7277.0
836.5
1019.0
1017.5
4697.0
8455.0
943.5
10900.0
2332.0
173.0
612.5
68.0
6667.5
4681.0
68.0
1037.0
483.5
68.0
163.0
68.0
629.0
3095.0
68.0
4478.0
4081.5
3246.5
1028.0
3774.5
1017.0
68.0
1205.5
68.0
3980.5
68.0
438.5
68.0
68.0
5879.0
1036.0
4667.5
633.5
911.5
2687.5
927.5
4636.0
1441.0
5009.5
68.0
5817.0
1132.5
627.5
8482.5
0
68.0
1877.5
629.0
5035.0
2229.0
68.0
438.5
9179.5
68.0
629.5
1950.5
1417.0
1324.5
8351.5
0
57.5
3869.0
2324.0
153.5
68.0
2412.5
524.0
11358.5
5023.5
68.0
7526.5
3128.0
2080.0
3555.5
1522.5
3336.0
1389.5
3719.5
1036.0
2735.5
7645.0
68.0
8456.5
5740.0
1149.5
68.0
1724.0
68.0
2423.5
563.0
1882.0
3009.5
3164.5
2362.0
3814.5
4092.5
7980.0
4952.5
6385.5
4210.0
173.0
646.0
68.0
458.0
6761.5
524.0
4655.5
2514.0
4269.0
5222.5
1109.0
153.5
2822.5
68.0
68.0
2646.5
68.0
1509.0
1423.5
338.5
6319.0
68.0
20939.0
68.0
1419.0
1036.0
0
4070.5
68.0
736.0
9473.5
4018.5
68.0
1087.5
0
9145.5
2745.5
3256.5
3948.0
5596.5
163.0
1036.0
926.5
3536.0
1436.0
731.5
4540.5
1496.5
3212.0
68.0
736.0
438.5
521.0


443.5
804.5
5337.5
348.5
2817.0
8871.5
1972.0
3609.5
2801.5
68.0
943.5
12309.0
3220.0
629.0
2820.5
719.0
5512.0
938.0
4204.0
458.0
5369.5
1010.5
3608.5
4275.0
8144.0
68.0
6337.0
2794.5
2089.5
1221.0
1577.5
7254.0
6446.5
68.0
3306.0
153.5
633.5
1614.0
738.5
68.0
2468.5
1241.0
1406.5
173.0
2355.0
5068.5
257.0
68.0
4072.0
68.0
68.0
9456.0
1881.0
914.0
2019.0
3218.5
6890.0
1298.0
3920.0
1106.5
629.5
6885.0
6552.0
1796.5
524.0
8262.0
646.0
163.0
4942.5
68.0
1106.5
912.0
68.0
6753.5
2845.5
943.5
646.0
68.0
348.5
2005.5
1866.0
153.5
438.5
3121.5
1109.0
2290.0
68.0
2026.0
3277.5
2969.5
3287.0
10379.0
4356.0
1336.0
3690.0
243.5
2284.5
68.0
2256.5
3018.5
2542.0
1021.5
4765.0
939.0
2767.0
438.5
629.0
2835.5
5964.0
68.0
1595.5
2254.0
3800.0
10892.0
7569.5
902.0
8035.0
68.0
515.5
2255.0
1126.5
438.5
551.5
3120.5
1909.5
68.0
7942.0
4041.0
1499.0
5431.0
458.0
4081.0
257.0
943.5
7262.5
646.0
68.0
8881.0
68.0
68.0
68.0
68.0
6871.0
1577.5
2563.5
3279.5
2022.0
5675.0
4554.5
5896.5
926.0
1019.0
1532.5
3659.0
427.0
68.0
4283.5
629.0
1324.5
2073.0
1417.5
68.0
1887.0
68.0
1333.0
2265.0
2732.5
5417.5
6312.0
1126.0
2930.0
460.5
1204.0
68.0
7614.5
23959.5
68.0
541.0
3411.5
68.0
1009.0
1016.5
8130.5
4753.5
3340.0
2479.5
258.0
838.5
1427.0
1878.5
633.5
1019.0
1410.0
68.0
2346.0
623.0
2227.0
1538.5
4895.0
2469.5
68.0
68.0
3872.0
68.0
8537.5
2380.0
68.0
534.5
68.0
4176.0
3643.5
554.5
719.0
257.0
646.0
4441.0
2122.0
4113.0
2451.5
6683.5
3155.5
5503.0
3584.0
515.0
68.0
1389.5
2055.0
923.0
3122.5
0
68.0
1867.5
4464.5
8489.5
365.5
68.0
6325.5
1874.5
3718.0
1885.5
68.0
2128.5
68.0
11284.5
6327.5
4737.0
7525.5
2474.5
2659.0
537.5
2928.5
7275.5
7998.0
1419.5
5574.5
2473.0
4029.5
2516.5
5899.0
1879.5
68.0
6551.5
12294.0
1012.0
68.0
5886.5
6438.0
6431.0
1446.0
6274.5
2533.0
1224.5
646.0
534.5
67.5
68.0
2912.5
646.0
849.0
4998.5
1207.5
68.0
642.5
8035.5
2779.0
6788.5
4964.5
68.0
458.0
942.5
828.5
1002.5
12840.5
6256.5
7707.5
12475.5
2390.5
1447.5
2470.0
68.0
68.0
163.0
6558.5
68.0
11273.0
943.5
163.0
4473.0
2117.5
1284.5
4470.5
2237.0
68.0
6302.0
4501.0
1960.5
2084.5
1295.5
68.0
1545.5
68.0
365.5
6397.5
533.5
163.0
68.0
2868.0
719.0
1426.0
1889.5
5269.5
68.0
2249.0
1392.5
2328.0
1208.0
68.0
1912.0
2676.5
927.5
533.5
68.0
629.0
68.0
2786.0
1906.0
3470.5
1115.5
2946.5
0
543.5
8412.5
835.0
710.5
68.0
68.0
741.0
68.0
6393.0
3453.0
5529.0
5891.5
8309.5
68.0
2943.5
3170.0
944.0
1222.5
828.5
4952.5
3211.5
7547.0
68.0
68.0
629.0
3592.0
1188.5
68.0
1471.0
6406.5
68.0
348.5
5288.5
1489.0
2960.5
2814.5
68.0
2001.5
2497.5
1024.0
2342.0
68.0
12418.0
3224.0
57.5
68.0
2553.5
20429.0
68.0
3328.0
5877.0
554.5
68.0
68.0
17431.5
257.0
68.0
12505.0
68.0
6354.0
68.0
153.5
629.0
4067.0
68.0
2227.5
68.0
3491.0
68.0
1191.5
17429.5
8112.5
12364.0
2978.5
1208.0
5013.0
11292.5
5189.0
1779.5
1861.0
348.5
2486.0
1036.0
8084.0
646.0
68.0
2623.0
3992.0
1951.5
6966.5
10014.0
3226.0
153.5
8427.0
9848.0
1333.5
3190.0
3347.5
5448.0
7774.0
68.0
2415.5
3996.5
458.0
755.5
927.0
1034.0
2600.0
3615.0
0
736.0
458.0
5044.5
1033.5
3220.5
1019.0
2808.5
68.0
1634.0
68.0
2229.5
163.0
68.0
7576.0
1786.0
3232.0
719.0
2875.0
2480.5
5120.0
12201.0
888.5
4018.0
163.0
1592.5
3712.0
68.0
2512.0
1489.0
10196.0
3778.5
68.0
68.0
536.5
1965.0
68.0
9401.0
627.5
1019.0
1944.0
1796.0
8.0
1109.0
629.0
3128.0
15198.5
627.5
68.0
12801.0
2638.0
5164.5
3663.0
3251.0
6436.5
8916.0
10324.5
1873.5
2554.0
8077.0
68.0
1420.0
530.0
6942.0
2080.5
1706.5
2671.5
2395.0
23302.0
7464.5
1430.0
1724.5
2074.5
3889.5
2394.0
629.5
1503.0
537.5
438.5
1545.5
3123.5
1509.0
5474.5
2164.0
68.0
9360.0
68.0
1538.5
7006.5
1407.0
4150.5
7203.0
629.0
4299.5
905.5
1892.5
68.0
1781.0
3137.5
649.0
0
68.0
68.0
2336.5
3323.0
926.5
3574.5
1963.5
6685.0
68.0
2055.0
348.5
8147.0
1406.5
6649.0
6590.0
6575.0
2907.5
1891.5
68.0
1225.0
3317.0
4613.0
68.0
5672.0
9494.0
68.0
1412.0
11299.5
6257.0
490.5
537.5
2477.5
4501.0
2482.5
1102.0
4132.0
2605.0
4752.0
16447.0
1017.5
68.0
458.0
68.0
7720.0
6956.5
68.0
3805.5
1377.0
1051.0
68.0
5181.0
7558.5
3543.5
0
68.0
1390.0
10937.0
6367.5
6361.0
2077.0
257.0
8689.5
5356.5
1817.5
3118.0
852.0
458.0
5612.5
12544.5
8539.0
68.0
6433.0
1086.5
68.0
3734.5
1036.0
1575.5
5411.5
0
68.0
3489.0
15.5
961.0
9036.0
2451.5
619.0
8081.5
5067.5
3547.0
68.0
4135.5
1204.0
4574.5
6795.5
5148.5
3887.5
2837.5
68.0
68.0
68.0
16035.0
9191.5
12884.5
7602.0
4571.5
5490.0
6169.0
3989.5
1222.5
14754.0
4823.5
5987.0
68.0
1053.0
2304.5
1438.5
1426.0
68.0
911.0
1286.0
3213.5
2752.0
1036.0
1004.0
612.5
757.5
1145.5
438.5
68.0
68.0
68.0
68.0
68.0
2912.0
2265.0
2437.5
4597.5
5418.0
1119.0
4556.0
6830.5
646.0
3521.0
68.0
163.0
68.0
534.5
14207.0
5000.5
1908.5
5112.0
68.0
68.0
537.5
4551.0
3982.5
4924.5
1792.0
738.5
68.0
68.0
1987.0
702.5
3335.0
1373.0
5055.0
14202.0
163.0
3694.5
7024.5
2620.0
7564.5
4157.0
7946.5
1109.0
68.0
4977.5
2321.5
2186.5
257.0
1502.5
6727.5
68.0
3118.0
3098.0
2792.0
1728.0
3177.0
1115.5
3373.5
1109.0
68.0
3589.5
537.5
8549.0
77.5
1117.5
68.0
2204.5
3054.5
68.0
2424.5
68.0
8491.5
8212.0
1104.5
10588.5
163.0
10883.0
3812.0
5649.0
2803.5
3135.0
2467.0
1109.0
68.0
68.0
2658.0
6008.5
1802.0
1791.0
943.5
7632.5
3617.0
1128.5
68.0
6292.5
6706.5
5461.0
4274.5
2083.0
68.0
348.5
68.0
2835.0
1143.5
6370.5
923.5
1053.5
1950.5
8969.5
8129.0
8375.5
1409.5
1225.0
5942.5
2473.0
520.5
68.0
5736.0
3164.5
6647.5
2611.5
1894.5
2444.0
2656.5
4471.5
68.0
68.0
1315.0
12956.0
3206.0
1867.5
7199.5
4565.0
348.5
1875.0
153.5
2473.5
15.5
68.0
150.0
6097.5
4571.0
68.0
10271.5
4071.5
18778.5
3831.5
7383.5
2719.0
257.0
153.5
893.5
948.5
68.0
4352.0
68.0
8959.0
629.0
1036.0
68.0
3115.5
68.0
2235.5
1999.0
8071.5
68.0
1578.0
2672.5
3193.0
1835.5
3784.5
68.0
365.5
738.5
9008.0
596.0
920.5
68.0
68.0
3969.0
1115.5
2356.5
6192.5
4581.5
1521.5
539.0
68.0
2822.0
6153.0
5580.5
1992.5
1102.0
365.5
2762.0
4713.5
2529.0
4094.5
458.0
68.0
2661.5
5437.0
2147.5
5009.0
257.0
8841.5
2735.5
4928.0
4400.0
68.0
5152.0
3677.5
6285.0
614.0
6198.5
14430.5
5580.0
1501.5
3116.0
2810.5
11412.0
1895.5
2252.0
3163.0
3119.5
1605.5
68.0
627.5
4181.5
4692.5
641.5
4137.0
3742.0
2417.5
2259.5
1579.0
68.0
4484.5
68.0
4275.5
1849.0
2934.0
2098.5
68.0
5119.5
7296.5
68.0
1963.0
499.0
2071.0
163.0
491.5
1822.5
438.5
1874.5
738.5
150.0
4751.0
5584.5
68.0
2367.0
6710.0
3698.0
2741.0
4827.0
68.0
5528.0
2889.5
7402.0
6180.0
4180.0
3812.5
894.0
4057.0
2479.5
9220.0
6705.5
9993.0
5490.0
3257.0
553.0
1966.0
68.0
7636.5
2012.0
2255.0
738.5
17908.5
2932.5
1985.5
68.0
68.0
2804.0
835.0
21001.5
163.0
743.5
458.0
68.0
8875.0
533.5
4112.5
0
68.0
3760.0
458.0
460.5
0
4548.5
10575.0
438.5
2653.0
524.0
10828.0
1972.5
68.0
7350.0
7022.0
1353.5
0
6.5
6557.5
4601.0
2410.0
939.0
1032.5
2359.0
3175.5
68.0
993.5
68.0
68.0
944.5
2292.0
2272.0
1373.0
646.0
68.0
1995.0
16286.5
10956.0
6597.5
8524.5
4300.5
537.5
2172.0
3182.0
11027.0
11570.5
8239.5
68.0
2487.0
5418.5
5040.0
1893.0
68.0
753.5
163.0
68.0
6269.5
1908.5
537.5
163.0
3278.5
1333.5
1208.0
923.5
1582.0
1716.5
2266.0
68.0
68.0
68.0
2048.0
1884.0
2398.5
5053.5
10929.5
1207.0
348.5
4355.0
68.0
1965.0
1164.0
629.0
2643.0
2822.0
2541.5
2209.5
68.0
68.0
68.0
1016.5
5874.5
2669.5
8516.0
163.0
1036.0
5025.0
7611.5
5304.0
4110.5
68.0
3194.5
1297.0
633.5
68.0
612.5
4435.5
1599.5
1333.5
2428.0
11566.5
2240.0
2814.0
68.0
1389.5
1368.0
2340.0
10038.0
11406.0
3111.0
1870.0
5763.0
5451.5
4577.0
7608.0
68.0
15865.0
0
458.0
11180.5
68.0
633.5
4021.0
12226.5
63.0
11048.0
6272.5
1015.0
8604.0
68.0
68.0
4962.0
5322.0
68.0
2708.5
3567.0
1031.0
1598.0
541.0
68.0
5310.0
68.0
1039.5
1689.5
2225.5
2362.0
6863.0
11727.5
271.0
7281.0
1757.5
12031.5
68.0
9817.0
6347.0
1360.0
9096.5
4086.0
627.5
68.0
2469.5
451.0
6204.5
68.0
68.0
11536.0
927.0
68.0
1016.5
7772.5
6239.5
1317.5
646.0
5126.5
1389.5
68.0
10270.5
909.5
68.0
1119.0
1102.0
4522.5
2251.5
1019.0
68.0
0
3326.5
7090.0
633.5
6411.5
6555.5
2759.0
2055.5
20799.0
54.0
15661.0
724.5
554.5
68.0
11131.0
719.0
68.0
2521.0
2094.5
458.0
6369.0
7683.0
551.5
68.0
748.5
68.0
68.0
2060.5
943.5
9989.0
5311.5
68.0
68.0
1783.5
534.5
925.0
6669.5
68.0
2254.0
1565.0
1205.5
365.5
5809.0
68.0
1880.5
1894.0
5052.0
4270.5
2361.0
10931.0
17133.5
1889.0
1533.5
4073.0
271.0
1943.5
1441.0
627.5
10693.0
533.5
4492.0
458.0
4533.0
68.0
554.5
68.0
933.5
1346.5
5417.0
5407.0
153.5
9040.5
1853.5
1019.0
9887.0
173.0
458.0
1864.5
629.5
1792.5
68.0
18306.0
2282.0
2554.0
9105.0
68.0
2464.5
11724.0
4781.0
9807.0
3146.5
646.0
458.0
3686.5
5039.5
4572.0
1099.0
2060.5
16735.0
257.0
7522.0
1331.0
68.0
68.0
2618.5
524.0
1305.0
2540.0
1190.0
271.0
8496.5
2260.0
438.5
944.5
9925.0
6878.5
2962.0
2472.0
4608.5
848.0
2004.0
6924.0
11818.0
68.0
4563.5
3981.0
68.0
4594.0
68.0
629.5
68.0
332.0
12725.0
68.0
4935.5
9095.0
4907.0
944.0
6637.5
828.5
4795.5
5289.0
68.0
68.0
1133.0
0
6883.0
9287.5
5000.5
3692.0
68.0
68.0
6668.0
68.0
6043.0
8063.0
1561.0
1280.0
14742.5
937.0
543.5
999.5
438.5
818.0
5885.0
1297.0
4250.0
4702.5
1520.5
3938.0
365.5
5093.5
629.5
458.0
68.0
3409.5
9978.5
1110.5
2566.0
68.0
14882.0
3758.0
3715.5
68.0
3148.5
11390.5
755.5
537.5
5692.0
3371.5
961.0
7387.0
1109.0
5399.0
10502.0
13588.5
627.5
0
2476.0
4663.0
11719.5
68.0
14267.0
3259.0
1316.5
4928.5
1051.0
3185.0
10709.0
68.0
4956.0
999.5
2106.5
5079.0
14330.0
7406.0
3406.0
1865.5
944.0
627.5
163.0
738.5
1908.5
2087.0
551.5
13315.0
3293.5
910.0
8473.5
5776.5
68.0
2835.0
612.5
68.0
1966.0
0
3548.5
68.0
68.0
68.0
4756.5
1333.5
10716.0
4493.5
6374.5
1474.0
554.5
2510.5
2748.0
7551.5
8558.0
4054.5
7598.5
1913.5
68.0
5472.0
365.5
719.0
460.0
1893.0
1491.5
629.5
5579.5
2082.0
0
7029.0
5528.5
4083.5
1882.5
4912.0
16203.5
257.0
3155.0
1802.0
68.0
2730.0
2732.0
1033.5
1505.5
1005.0
724.0
68.0
3123.0
5602.5
68.0
11223.5
1512.5
3264.5
7326.5
910.0
6807.5
4414.0
68.0
6396.5
3321.5
68.0
7660.5
1284.5
68.0
0
68.0
2320.5
543.5
3841.5
4470.0
2880.5
12893.0
425.0
68.0
68.0
68.0
14823.0
2766.0
7268.0
6235.0
6464.0
2327.5
7214.0
458.0
738.5
2779.0
1397.0
68.0
11202.0
3663.5
68.0
0
2523.0
4513.5
68.0
6848.0
2070.0
6497.5
1595.5
2651.0
68.0
17917.5
68.0
1489.5
68.0
1004.0
68.0
5542.5
6747.5
0
11983.0
10708.0
821.5
5055.5
2458.5
68.0
68.0
68.0
3312.5
3936.0
541.0
7250.0
2529.5
1886.5
68.0
16766.5
9400.5
7409.0
4589.5
3813.0
4267.0
629.0
8371.5
68.0
68.0
18288.0
1119.0
612.5
8471.5
68.0
4636.0
8959.5
2764.0
1187.5
627.5
13370.0
601.0
68.0
1992.5
7372.5
515.0
1801.5
1861.0
629.0
4921.5
5733.0
629.0
1486.0
3791.0
6661.0
1003.0
1486.0
1792.0
612.5
2454.0
5201.0
1315.0
68.0
453.5
3236.5
68.0
2757.5
8620.0
1877.5
12878.5
68.0
8060.0
1036.0
68.0
543.5
68.0
458.0
3110.0
68.0
2959.0
3667.5
4709.5
4440.5
7418.5
5512.0
9433.5
8.0
1534.0
458.0
6334.5
68.0
7803.5
0
0
8088.5
12528.0
12558.0
2953.0
1522.0
13872.0
2004.0
10841.0
4035.5
8085.0
68.0
68.0
3178.5
719.0
5571.0
3225.5
2174.5
9037.5
1486.0
2667.0
8600.0
6461.0
68.0
6115.0
1017.5
68.0
4176.5
7533.5
8185.0
2935.5
163.0

21889.0
5435.5
4018.5
5159.5
0
19586.5
11158.5
68.0
8670.0
1875.0
2365.0
68.0
1224.0
4064.5
1522.0
2249.0
18645.0
438.5
10395.5
2951.0
1334.0
4939.0
5249.5
1138.5
1259.5
8940.0
68.0
68.0
5910.5
736.0
2797.0
68.0
969.0
68.0
1949.0
3594.0
927.5
4892.0
68.0
4012.0
3259.0
68.0
738.5
9867.5
629.5
1609.5
68.0
12630.0
6451.0
1543.5
4475.5
3331.5
68.0
9388.5
68.0
978.0
68.0
0
173.0
5801.0
2579.5
3102.5
7125.0
1930.0
68.0
68.0
1112.5
9148.0
0
3247.5
5433.5
1423.5
68.0
2351.5
6441.0
2260.5
8984.0
19321.0
1580.5
68.0
68.0
719.0
1033.5
1146.5
9306.5
5524.0
4946.0
2167.0
12157.5
4601.0
1521.5
6540.0
1826.0
2745.5
6899.5
1796.5
833.5
1768.5
1023.5
1407.5
3984.5
719.0
3036.0
24117.0
68.0
19806.0
944.5
3592.0
2064.5
553.0
1037.0
4538.5
4005.0
3760.5
4133.5
7245.5
4250.0
68.0
8871.5
1911.5
3323.0
5850.5
348.5
1224.0
1030.0
1538.5
3373.5
553.0
68.0
68.0
519.5
1190.5
6464.5
1926.5
1951.0
5120.5
7262.0
14009.0
1991.5
68.0
68.0
2762.0
1611.5
3361.0
1106.5
13964.5
3674.0
3660.0
5686.0
6764.0
1261.5
2908.5
9015.5
2562.5
6980.0
5931.0
719.0
68.0
2252.5
4330.5
2293.5
458.0
68.0
2155.5
7678.0
1779.5
1016.5
8773.0
11236.0
6437.5
1106.5
8099.5
5809.5
1831.5
5455.0
5678.0
943.5
10210.5
2675.0
3013.5
8175.5
68.0
2748.0
5423.0
3963.5
68.0
2601.5
68.0
5050.0
9593.5
1331.5
68.0
7088.0
68.0
3857.0
68.0
5867.5
543.5
68.0
926.5
4591.5
68.0
68.0
5858.5
1181.5
893.0
1016.5
68.0
612.5
4587.0
541.0
3692.5
68.0
3605.5
2447.5
3940.5
9423.5
6576.0
1281.5
12088.0
4076.5
68.0
8936.0
2273.0
11299.5
1984.5
2341.0
2270.5
738.5
68.0
68.0
68.0
3980.0
163.0
3112.5
12473.5
3161.5
1869.5
0
6855.0
3250.0
1614.0
365.5
68.0
6424.5
1445.0
4913.0
4502.0
68.0
68.0
646.0
68.0
8096.0
68.0
6715.0
1128.5
1109.0
68.0
5932.0
3177.0
8999.0
0
8172.5
5610.0
68.0
0
68.0
0
1336.0
68.0
3558.5
4068.5
68.0
1016.5
5118.0
68.0
68.0
3143.0
3399.0
2518.0
8053.5
1106.5
1241.5
7706.0
15757.0
163.0
10754.5
68.0
11463.5
10222.5
9447.0
1886.5
6784.5
629.0
537.5
8553.5
8015.0
5056.0
7297.5
2847.0
348.5
68.0
11119.0
2854.0
3682.5
20162.5
1117.0
9507.0
7666.0
4872.5
1419.0
10870.0
153.5
4372.5
68.0
460.0
163.0
4575.5
68.0
1373.0
4486.5
0
1448.5
68.0
7466.0
68.0
7743.5
4533.5
3777.5
9022.0
1953.0
1615.0
68.0
2178.0
1427.0
4939.0
4038.5
1297.0
0
163.0
9331.0
68.0
0
1514.0
68.0
68.0
5431.0
3199.5
68.0
5487.5
10468.0
4620.0
9843.5
68.0
68.0
5319.0
0
0
921.5
1066.0
68.0

0
7230.5
4286.0
68.0
68.0
3224.0
1393.5
2806.0
68.0
7664.0
960.5
2971.5
5324.0
6398.0
4093.5
3995.5
5145.5
438.5
0
6221.0
11246.5
8826.0
7148.0
5358.0
1194.5
1355.5
2661.5
928.5
10789.0
629.0
68.0
3178.0
1882.0
8090.5
2826.0
16499.0
68.0
3703.0
5561.0
68.0
7256.0
68.0
13385.0
9213.5
5567.0
2763.0
1981.0
1766.5
9161.0
4901.0
0
4056.0
2232.5
7220.5
7600.5
7461.0
68.0
1083.0
4596.0
1036.0
20998.5
4533.5
1984.0
13357.0
7653.0
68.0
1409.5
18348.0
646.0
12861.5
257.0
458.0
12078.0
7414.5
1033.5
4555.5
4505.0
4216.5
4020.0
1483.0
1053.5
2222.0
537.5
3331.0
68.0
4453.0
24912.5
8551.0
5130.5
68.0
22455.0
438.5
68.0
629.5
3605.5
68.0
173.0
0
6554.0
12209.5
4602.5
3522.0
0
646.0
2923.5
19904.0
2760.0
993.5
698.0
9787.0
9782.5
2310.0
1333.5
1872.5
8206.5
2375.0
68.0
68.0
11280.5
2898.0
3813.5
8214.0
4588.0
4184.0
2914.5
2837.5
0
16449.5
2819.0
738.5
3717.5
13010.0
68.0
458.0
7156.0
68.0
8985.0
1809.0
1016.5
1909.5
6503.0
14284.5
22713.5
20439.5
4461.5
1887.5
9514.5
20467.5
6455.0
4007.5
68.0
11100.0
68.0
6460.5
3187.0
4427.0
738.5
1614.0
4474.5
9830.0
1280.0
68.0
2410.0
5803.5
10846.5
3221.5
12383.5
738.5
2091.5
986.0
4553.5
7572.0
7662.5
68.0
13035.5
5049.0
1894.5
1973.5
5381.5
2004.0
348.5
9966.5
2351.5
3935.0
1898.0
1199.0
1353.0
4129.0
163.0
5485.5
68.0
2359.0
68.0
2350.5
12950.0
13292.5
68.0
4400.0
943.5
1109.0
4637.5
1796.5
1128.5
68.0
1791.5
153.5
5935.0
68.0
1115.5
68.0
1818.5
68.0
17842.0
4166.0
8186.5
1331.0
2760.0
4632.0
535.0
68.0
5079.5
8008.5
596.0
1505.5
68.0
537.5
13412.5
1807.5
1975.5
4130.0
6455.5
515.0
1991.5
7296.0
10656.0
1404.0
68.0
1102.5
3028.5
271.0
3364.0
11337.5
2398.0
68.0
19061.0
68.0
1421.5
632.5
0
1950.5
7985.5
2245.0
7562.0
0
5511.5
4402.5
11872.5
1579.5
0
0
0
9984.5
455.0
68.0
2692.0
6904.0
1128.5
10362.5
8156.0
3703.5
5872.0
68.0
4155.0
1029.0
8959.0
629.5
68.0
68.0
22254.0
719.0
68.0
5888.0
961.5
5425.0
629.0
68.0
828.5
3663.5
77.5
68.0
4060.0
68.0
2428.0
898.0
5059.0
4536.5
2479.5
960.5
68.0
5056.0
68.0
8584.0
1334.0
17437.0
3308.5
1053.0
1597.0
17094.5
0
68.0
68.0
6663.0
999.5
5875.0
4000.5
1419.0
1334.5
1474.5
1036.0
612.5
1002.5
663.0
614.0
1109.0
7122.0
68.0
68.0
1504.5
68.0
4070.0
0
68.0
3705.0
1002.5
1224.0
738.5
1396.0
68.0
5903.0
10113.0
3294.5
5033.0
926.5
537.5
5192.0
5455.5
5024.5
68.0
348.5
342.5
68.0
2104.5
68.0
524.0
900.0
1766.0
2362.5
612.5
68.0
10444.5
257.0
3323.5
2842.5
2214.5
2349.0
1099.0
8923.5
7636.5
2319.5
1128.5
5231.5
68.0
9128.0
4099.0
1119.0
68.0
1023.5
5350.0
7130.5
1595.5
68.0

68.0
6838.0
9369.5
68.0
1126.0
8102.5
4977.0
1052.0
4080.0
9983.0
3148.0
7689.5
3212.0
7159.5
2770.5
0
2098.0
6279.5
3567.5
1892.0
2018.5
4029.5
7573.5
68.0
1299.5
5096.0
505.0
944.5
3726.5

2443.5
2445.0
15611.5
8887.5
1999.5
1329.0
719.0
5533.0
68.0
2339.0
68.0
173.0
1788.0
2798.5
1595.0
68.0
7701.0
2673.0
1129.5
2830.5
3615.0
5050.0
1820.0
927.5
5914.5
6227.0
1353.5
7630.5
4853.0
68.0
163.0
13935.0
4524.5
1128.5
3248.0
3216.0
1614.5
6317.0
3218.5
4522.5
1485.5
8600.5
68.0
4207.0
68.0
3210.0
1479.5
2933.0
458.0
6844.0
365.5
835.0
1129.5
1419.0
68.0
68.0
2672.5
7690.0
627.5
4018.5
68.0
68.0
0
828.5
5947.0
1492.0
1331.5
20473.0
4561.5
1149.5
6480.5
3169.5
6269.0
4489.5
68.0
0
1687.0
1034.0
1893.0
1406.5
5907.0
153.5
960.5
4597.0
722.0
8007.5
1522.5
5995.0
961.0
16602.0
12132.0
3213.0
0
5109.0
1491.5
1316.5
68.0
68.0
68.0
2747.5
68.0
3568.5
1768.5
15581.0
68.0
466.5
10283.5
3553.0
68.0
1033.5
1036.0
1153.5
3734.5
2921.5
3460.0
68.0
5420.5
4704.5
4156.5
0
68.0
163.0
438.5
2597.5
68.0
4683.5
257.0
5535.0
68.0
68.0
68.0
68.0
0
5973.0
0
3161.0
5001.0
68.0
2705.5
2036.0
68.0
68.0
8619.0
1816.0
3240.5
1970.5
8496.0
68.0
4690.0
5595.0
2262.0
524.0
4890.5
9838.0
0
5912.0
4706.0
68.0
6815.5
1979.0
7610.5
3140.5
5898.5
13244.5
5338.0
68.0
5469.0
6351.0
2226.5
2949.0
15995.5
738.5
365.5
1480.0
17511.0
2758.0
5024.5
1352.5
1036.0
554.5
458.0
1409.5
68.0
2360.5
1224.0
12461.5
1917.0
68.0
1351.5
7028.0
12034.0
1595.0
1109.0
1297.0
68.0
4961.5
23724.0
2383.0
7580.0
11207.5
1607.0
257.0
12947.0
68.0
68.0
1911.5
969.0
4187.0
537.5
3218.0
16523.0
68.0
1595.5
9010.0
1019.0
68.0
7213.0
929.0
2033.0
68.0
68.0
5395.0
2305.0
3616.0
646.0
524.0
2547.5
4085.0
1587.0
68.0
68.0
1911.5
20734.0
6304.5
5862.0
736.0
3686.5
1489.5
68.0
20127.5
4072.5
3713.5
2229.0
438.5
2761.0
4598.0
3646.5
5444.5
3716.5
12343.5
1682.0
3996.0
5410.0
3480.5
663.0
68.0
3602.5
926.5
3679.0
243.5
11867.5
910.0
3872.0
1416.5
1879.0
3669.5
68.0
68.0
0
4436.5
1967.5
5651.5
543.5
11142.0
3289.0
5357.5
3398.0
6881.0
16109.0
2355.5
12247.0
0
7683.0
2800.5
3114.5
4891.0
68.0
1792.0
1926.5
524.0
4448.5
17346.0
1893.5
3659.5
1315.0
3887.5
1103.5
4075.5
4041.5
0
6743.5
4055.5
627.5
13055.0
0
17339.5
11583.0
3591.5
68.0
514.5
2362.0
348.5
5350.0
7619.0
14487.5
9600.0
2791.0
7348.0
620.5
3117.0
68.0
15999.0
2807.0
2824.5
1966.0
68.0
1786.0
4576.5
18883.5
9893.0
6040.0
3634.5
5464.5
8453.5
4227.5
7275.0
2822.5
1499.0
68.0
5133.0
68.0
10091.0
0
1912.0
3676.0
6269.0
1503.0
8878.0
3254.5
7115.0
3682.5
68.0
6034.0
1419.0
68.0
629.5
163.0
163.0
4185.5
931.0
68.0
5781.0
754.5
3810.0
1119.0
1019.5
2751.0
5479.5
6208.5
1128.5
12577.0
3163.5
9867.0
5077.5
629.0
8981.0
4051.0
9074.0
7639.5
6919.0
438.5
3142.5
8446.0
627.5
2919.5
2455.0
1975.0
2350.5
3984.5
1427.5
68.0
348.5
2316.0
1447.5
68.0
7448.0
1005.0
2652.5
8953.5
4077.0
1287.5
2231.5
3559.5
2806.5
7607.5
7840.5
8982.5
4081.0
163.0
5005.0
4009.0
6411.0
4449.0
7141.5
1488.5
2661.0
1205.5
7683.5
3997.0
163.0
6221.0
14313.0
4508.5
5584.0
4430.5
751.0
629.5
2721.0
2279.0
6893.5
4470.5
11164.5
7346.5
5314.0
2743.0
68.0
1416.5
458.0
12480.5
8504.0
3317.0
6323.0
13907.5
5451.5
2269.5
911.5
5347.5
68.0
9418.0
5638.0
1381.0
3625.0
68.0
1036.0
4366.0
68.0
0
2170.5
8846.5
1479.5
4685.0
11579.5
1501.0
5117.0
3637.0
6283.0
3267.0
738.5
8004.5
68.0
6794.0
928.5
438.5
18348.5
1487.5
3169.5
1132.5
5769.0
9005.5
1352.0
365.5
5053.0
1409.0
7223.0
6683.5
1491.5
5425.0
8523.0
365.5
3261.5
521.0
4482.0
10262.0
16352.5
348.5
2683.0
11399.0
438.5
4936.0
0
8968.5
943.5
0
3234.0
5006.5
12974.5
2213.0
6607.5
7539.0
4438.0
534.5
4651.5
3147.5
3474.0
9444.5
5045.0
10659.5
4496.0
1892.0
17823.5
68.0
4066.0
5739.0
2289.0
467.5
2858.0
68.0
889.0
629.0
13799.0
1129.5
68.0
13980.0
2231.5
8055.0
1887.0
4626.0
2407.5
1816.0
1345.0
2479.5
7380.5
4593.0
3772.5
68.0
7494.5
1862.5
3403.0
554.5
1053.0
11402.5
2678.5
2661.0
1560.5
2860.5
68.0
68.0
4977.0
7197.0
1876.0
4145.5
153.5
7553.5
5772.0
1036.0
257.0
2246.5
68.0
8431.0
533.5
3736.5
620.5
68.0
438.5
1913.5
3558.0
7644.5
3118.0
6300.0
68.0
68.0
13043.5
1583.0
6744.5
3389.0
6800.5
926.5
1447.5
68.0
8929.5
68.0
68.0
458.0
4249.0
4181.5
348.5
627.5
443.5
1022.0
1406.5
6886.0
68.0
1777.5
153.5
1803.0
54.0
4161.0
738.5
68.0
2848.5
11159.5
68.0
68.0
5886.0
909.5
9510.5
3272.0
3807.5
68.0
7683.5
3316.5
3418.5
6218.5
629.0
68.0
1984.5
163.0
6047.5
5537.5
12034.5
4913.0
0
68.0
348.5
1021.5
2945.5
9999.5
7224.0
1370.5
9452.5
68.0
11102.0
755.5
7108.0
1908.5
9441.0
1536.0
2707.0
1494.5
68.0
22553.0
5814.0
1316.5
13003.0
3704.0
4890.5
438.5
3668.5
19726.0
4438.5
4772.0
2265.0
0
8673.5
9837.5
11368.5
612.5
1490.5
2898.0
3346.5
0
4668.0
0
2378.5
68.0
13474.0
1126.0
944.5
163.0
163.0

0
10678.5
5331.0
438.5
0
4010.0
8399.0
1037.0
629.5
68.0
1036.0
0
12987.0
2421.5
68.0
1409.0
4741.5
923.5
1083.0
68.0
5198.5
6171.0
8452.5
68.0
1126.0
23393.0
1019.0
1946.0
8136.0
6347.5
8153.0
2586.0
2336.5
15229.0
9502.5
2853.5
3906.0
8990.0
68.0
68.0
944.0
11241.5
534.5
2151.0
68.0
6145.0
12019.0
68.0
2378.0
6368.5
0
5892.5
2818.5
68.0
1841.5
68.0
4001.5
68.0
68.0
926.5
2483.0
2838.5
1668.0
6512.5
68.0
629.0
0
2821.0
2021.5
18301.0
0
7622.0
4891.5
68.0
2920.5
3159.5
1875.0
68.0
2255.0
3010.5
3610.5
68.0
1684.5
257.0
3160.5
3577.0
1481.5
14662.5
348.5
0
68.0
1880.0
11195.5
2656.5
537.5
6569.0
2527.5
2076.5
1019.0
6193.5
12896.0
13423.0
348.5
7352.5
438.5
11019.5
4025.5
4021.0
4890.0
1299.5
2689.5
2021.0
5498.5
5312.0
4275.5
68.0
11542.5
15215.0
3697.0
3498.0
6381.5
4343.0
3644.5
0
0
4639.0
5429.0
68.0
15803.5
7400.5
68.0
1016.5
3567.0
1222.5
13440.5
5566.5
537.5
0
848.0
3612.5
828.5
8145.5
5306.0
6675.0
68.0
0
0
3558.5
4619.5
4956.0
3017.5
13572.5
6671.5
8567.0
4997.0
68.0
12282.5
627.5
2907.0
0
736.0
68.0
1486.0
16545.5
5944.0
0
68.0
1038.5
8.0
7528.5
2374.5
6958.5
68.0
438.5
68.0
1053.0
2756.5
68.0
68.0
6286.5
18275.5
1005.0
25748.0
2319.0
9614.5
1440.0
12674.5
1875.5
2652.0
3331.0
10320.5
5434.0
13101.5
68.0
7734.0
3271.5
7669.0
3187.5
629.5
8222.0
3033.0
68.0
3206.0
738.5
2768.0
2841.5
3149.0
68.0
8244.0
3745.0
1886.0
68.0
1112.5
5513.5
16938.5
257.0
12939.5
901.5
15648.5
2248.5
11189.5
1744.5
9549.0
2087.0
12953.0
68.0
1815.0
4597.5
7821.5
1886.5
163.0
3064.5
2995.5
68.0
1947.0
173.0
5055.0
5496.5
4236.0
5226.5
68.0
68.0
68.0
3235.5
7461.0
3960.5
68.0
0
12146.5
2975.5
6247.5
2224.5
7710.5
2826.0
1021.0
8296.0
7574.5
6063.0
4042.5
3102.0
3119.5
1019.0
11197.0
1421.0
68.0
6386.5
0
2731.5
6401.0
68.0
1097.5
5833.5
9744.5
17883.5
68.0
646.0
11213.0
68.0
943.5
1039.5
646.0
646.5
3836.0
2223.0
7158.5
9447.5
9896.5
513.5
13189.5
2002.5
1489.5
2738.5
3295.0
5758.5
22244.5
1423.5
2879.5
68.0
4241.0
3255.5
6421.5
68.0
9043.5
68.0
16427.5
3219.5
1505.5
68.0
6718.0
21872.5
17665.0
16751.5
4109.5
3213.5
11210.0
612.5
736.0
5057.0
11233.0
5423.5
4946.5
4096.0
4490.0
6557.0
1881.0
8572.5
2481.5
6707.0
1055.5
0
13505.0
163.0
2992.0
1875.0
6423.5
458.0
14718.5
68.0
2872.5
5424.0
4268.0
2728.5
68.0
4711.5
3279.5
4954.0
10869.0
5927.5
6299.5
1003.5
6945.5
1503.0
1503.0
18347.0
10350.0
1487.0
68.0
1479.5
7155.0
4813.5
1458.5
257.0
22575.5
4950.0
3660.5
68.0
5018.5
68.0
348.5
4599.5
68.0
3132.5
3346.0
8701.0
5726.0
8362.0
68.0
6446.0
4132.0
8156.5
4603.0
533.5
12542.0
7109.0
3477.0
3874.0
2414.5
2176.5
5042.0
68.0
257.0
2072.5
8181.0
68.0
1884.5
163.0
3230.0
0
633.5
8077.0
1526.0
4869.5
9726.0
4673.0
8144.0
6443.5
1994.5
2380.5
8492.5
1409.0
0
1774.5
2766.0
1578.5
4150.0
5207.5
4188.5
16520.5
22205.0
4448.5
12856.5
6684.5
2813.5
6299.0
1487.5
8187.5
15725.5
10664.5
4097.0
1133.5
3584.5
1209.5
16564.5
646.0
927.5
68.0
1614.0
8754.5
6386.5
68.0
8227.5
458.0
17333.0
68.0
2719.0
8985.0
4452.0
5517.0
68.0
1995.5
1768.5
10387.0
1486.0
3931.5
2155.5
68.0
68.0
3646.5
13942.0
5071.5
1489.5
828.5
68.0
10829.5
68.0
1055.0
2801.5
2504.0
2668.0
1132.5
1410.0
9872.5
5620.5
3550.5
3698.5
943.5
8121.0
1584.5
4484.0
68.0
163.0
5896.0
68.0
68.0
10687.5
1363.0
68.0
1875.0
68.0
68.0
1484.5
1036.0
10818.0
629.0
2263.0
6464.5
434.0
7881.0
14792.0
12539.0
68.0
8997.5
4624.0
1036.0
68.0
6763.5
995.5
2703.5
8600.0
1834.0
68.0
5975.5
18822.5
4576.5
1114.5
7703.0
9513.5
14807.0
4798.5
13233.0
3636.5
619.0
897.0
3326.0
1400.5
629.0
271.0
2366.5
8990.5
2374.5
3569.5
153.5
5625.0
68.0
5106.0
5814.5
22649.0
1483.5
68.0
11590.5
2943.0
2380.0
68.0
2175.0
2360.0
1426.0
8661.5
11850.0
4953.5
4532.5
3160.0
1521.5
12678.5
438.5
1034.0
1048.5
68.0
5716.5
6690.0
8644.5
7677.5
5579.5
2372.0
5830.5
629.0
68.0
68.0
2329.0
4350.5
68.0
68.0
1860.0
1795.5
4786.0
1859.5
11422.0
68.0
3620.5
5896.0
348.5
5354.0
13275.5
21423.5
629.0
68.0
5567.0
8661.5
2336.5
68.0
9055.0
11917.0
5257.0
1980.0
3607.0
17002.0
8543.0
0
3227.0
10970.5
10839.5
24119.5
3620.5
2754.0
2033.5
68.0
10714.0
2409.5
16059.5
3573.0
5003.5
2060.5
13065.5
4962.5
4619.5
3731.0
1803.5
271.0
3337.0
6989.5
3562.5
1522.5
3583.5
8518.0
3967.0
68.0
2829.5
7421.5
68.0
4095.5
933.5
4012.0
7650.0
1036.0
2764.5
68.0
6063.5
68.0
1977.5
3036.0
15697.5
3605.0
68.0
2235.5
2787.0
5796.5
1426.5
68.0

1598.0
3141.0
22272.0
6708.0
7491.5
19874.0
10295.0
12021.5
3160.5
2926.5
5879.0
68.0
2732.0
2094.0
68.0
9204.0
3113.0
8085.0
16153.5
68.0
524.0
68.0
2543.5
4489.0
1051.0
2447.5
11191.5
12551.0
893.0
2436.0
68.0
3778.5
11646.0
4418.5
1977.5
3216.5
15062.0
19816.5
5690.5
12201.0
1112.0
4464.5
9131.0
2341.0
68.0
5074.0
12562.5
11504.5
0
68.0
68.0
3363.0
68.0
736.0
14781.5
68.0
4067.5
68.0
68.0
10496.5
4584.5
10755.5
9453.5
6400.0
3116.0
1928.5
1280.0
3778.0
1863.5
4436.5
68.0
68.0
8469.0
9407.5
4904.5
1482.5
1053.0
524.0
9411.0
13976.0
4957.5
68.0
8574.5
63.0
1036.0
25948.5
0
6461.5
10787.0
3999.5
10928.5
998.0
5520.0
5302.0
11767.0
419.5
2582.0
8404.0
1486.0
3604.5
1126.0
20930.0
68.0
2372.5
910.0
5113.5
68.0
68.0
68.0
68.0
68.0
2937.0
4201.5
4353.5
163.0
929.0
1129.5
68.0
68.0
5542.5
2255.0
9027.5
68.0
4984.5
12473.0
944.0

25925.0
68.0
163.0
5655.0
10098.0
11233.0
8204.5
68.0
646.0
2719.5
2728.5
5941.0
9549.5
8504.0
7630.0
8569.0
1319.5
68.0
1406.5
68.0
7640.0
68.0
453.0
2344.0
13934.0
68.0
1794.0
10868.0
4040.5
458.0
8051.5
5980.5
17865.5
3079.0
1516.0
4598.0
7241.5
14237.0
15189.0
13355.5
2347.0
6346.0
14326.5
3215.0
68.0
5848.0
5843.0
68.0
5912.5
2382.5
20112.0
5869.5
943.5
68.0
3008.5
2926.0
1578.0
10687.5
68.0
4521.5
734.0
1016.5
3222.5
2284.0
2577.0
8030.0
24964.0
23117.0
9319.5
5040.5
20097.0
3551.5
6400.5
5895.5
68.0
647.0
1942.0
960.0
3657.5
5054.5
68.0
438.5
911.5
68.0
14713.5
2064.5
68.0
68.0
68.0
1265.0
9423.0
438.5
68.0
5486.5
1780.0
5348.0
68.0
7287.5
0
13787.0
2580.0
3605.5
9071.0
8556.5
4111.5
7279.0
68.0
0
8640.0
1114.0
521.0
68.0
4038.5
9329.0
3270.0
10347.5
2802.0
2648.0
7626.0
68.0
8479.0
68.0
7175.5
68.0
68.0
9041.5
68.0
2852.5
68.0
2823.5
68.0
10744.0
1423.5
8071.0
1373.0
11618.5
1589.0
4606.0
619.0
2940.0
2855.0
68.0
21541.5
1033.5
1875.5
3584.5
12463.5
961.0
5951.5
2254.0
3745.0
4146.5
6756.5
21933.5
1880.0
14659.0
553.0
68.0
2265.0
2033.5
7561.5
0
68.0
8152.5
16582.5
0
8208.0
14773.0
6248.0
8510.5
1413.0
5408.0
717.0
5935.5
438.5
11689.5
68.0
1556.0
3240.0
68.0
1890.5
438.5
5092.5
68.0
4506.0
3230.5
3121.5
68.0
8956.5
19295.5
68.0
2730.5
5417.0
68.0
941.5
68.0
9960.5
2819.5
5487.0
68.0
3544.5
7576.5
21253.5
9445.5
348.5
27730.5
3798.5
4645.5
2376.5
1583.0
4664.0
755.5
1089.5
1386.5
1136.5
17917.5
10225.0
12696.0
3796.5
68.0
1109.0
3348.5
68.0
68.0
1406.5
1840.5
8068.0
68.0
533.5
12642.5
3307.5
3683.0
5874.0
68.0
68.0
7258.0
5809.0
68.0
5039.5
7182.0
19258.0
17819.5
4122.0
271.0
4797.5
7395.5
4160.5
458.0
5840.0
68.0
2690.0
4000.0
6684.0
4654.5
2812.0
1334.5
12944.0
3975.5
3203.5
4129.5
2290.0
163.0
4984.5
4982.5
1501.5
68.0
4132.0
12522.5
6348.5
8524.5
6840.5
68.0
68.0
1505.5
2100.5
6853.0
8065.0
742.0
68.0
3822.5
4973.0
4551.0
2004.0
1518.0
6939.5
1867.0
5437.0
7177.0
1985.0
68.0
68.0
4740.0
4258.0
9712.5
68.0
1877.5
4133.5
3617.5
68.0
10316.5
18434.0
24105.5
12857.5
68.0
6028.5
537.5
6305.0
9391.5
1803.0
1479.5
163.0
6775.5
3206.5
3217.5
4590.5
939.0
3126.5
14790.5
7387.0
8867.5
15359.5
68.0
7196.5
9344.5
1589.0
10528.0
910.0
7333.5
719.0
68.0
11135.0
2737.5
4551.5
7011.0
21532.5
5711.0
2052.5
2265.0
8492.5
11825.0
9809.5
9851.5
4138.5
68.0
1519.5
68.0
22241.5
16082.5
1224.0
9943.0
22213.0
10849.0
68.0
6876.0
9062.5
1280.5
4919.5
5807.0
13822.5
13140.5
68.0
68.0
1119.0
8520.0
1019.0
943.5
2275.0
1019.5
18329.0
19260.5
6396.5
9408.5
4274.5
4936.5
2811.0
2434.0
2532.5
12417.5
10765.5
1517.0
68.0
5568.0
14272.0
1472.5
4944.0
9817.0
0
3719.5
0
1938.5
1115.5
3239.5
1106.5
10892.5
4509.5
13473.5
1886.5
554.5
8072.0
646.0
11684.5
68.0
554.5
5925.5
3975.5
5025.0
2397.0
68.0
10381.0
2779.0
5097.5
163.0
15510.5
68.0
5549.0
1442.0
68.0
646.0
16473.5
1888.0
6325.5
736.0
8092.5
1224.5
646.0
753.5
1878.0
1835.0
12527.5
10825.0
68.0
2344.0
68.0
9384.5
68.0
12134.5
1396.5
533.5
0
3795.0
1578.5
3135.0
458.0
13769.5
3795.0
3649.5
0
68.0
1687.0
4651.0
12412.0
68.0
68.0
1876.0
1494.5
5162.5
68.0
646.0
1207.0
5785.0
17449.5
3719.0
8907.0
11885.5
68.0
1406.5
2501.5
9898.0
537.5
68.0
22740.0
4609.0
960.5
3723.5
68.0
163.0
7693.5
3642.5
7084.5
6763.5
10216.5
4541.0
15081.0
2833.0
4574.5
1911.5
8204.0
68.0
537.5
68.0
68.0
68.0
4050.0
68.0
1349.5
68.0
68.0
1519.0
997.5
4057.5
18983.0
2972.5
2238.5
3672.5
3978.0
7145.0
68.0
5959.5
9337.5
68.0
348.5
6416.5
2349.5
5373.5
7176.0
40.5
457.0
627.5
1016.5
10700.5
1314.0
0
348.5
4762.0
3161.5
1905.5
9334.0
68.0
68.0
68.0
68.0
534.5
7223.5
1222.0
1333.5
9154.0
68.0
9196.0
3983.5
4375.0
3463.0
1539.0
68.0
12238.0
1776.0
7451.5
629.0
68.0
9511.5
6258.5
3624.0
4530.5
438.5
6667.5
12562.5
3609.0
68.0
961.0
2804.5
1347.5
8015.0
1031.5
13848.5
8069.0
68.0
943.5
68.0
1295.5
68.0
7711.5
1010.5
4951.0
5949.5
3122.5
68.0
1016.5
68.0
3230.5
10734.5
458.0
3408.0
1036.0
4844.5
68.0
7683.0
68.0
68.0
2361.0
8374.0
68.0
1019.0
68.0
7490.5
10703.0
68.0
2064.0
1409.0
8539.0
10491.0
5462.0
8129.0
1208.0
3689.5
6373.0
4894.0
1241.0
1496.5
1521.5
4750.5
3993.5
14866.5
5859.0
6294.5
1115.5
5286.5
2046.0
0
3111.0
1914.0
7229.0
1499.0
68.0
2584.5
13345.5
10351.5
5870.0
7762.5
68.0
2301.5
5520.5
646.0
821.5
4004.0
1955.5
4620.5
68.0
458.0
2150.5
16773.0
4157.0
68.0
68.0
8533.5
68.0
4682.5
629.0
68.0
14721.5
11508.5
1946.0
9102.0
700.0
1016.5
926.5
6554.5
68.0
68.0
68.0
2543.0
8163.5
4581.5
629.0
5325.0
543.5
4074.0
2117.0
22652.5
3590.5
5778.0
5372.0
3266.5
6786.0
2598.0
11231.0
6292.5
438.5
6228.5
876.5
11345.0
68.0
3230.0
68.0
68.0
1021.0
5608.5
68.0
961.0
7272.5
68.0
3997.5
4520.0
10209.5
1522.5
4573.5
68.0
4066.5
173.0
2395.0
4606.5
2807.5
68.0
1521.5
2737.5
14435.5
7676.5
68.0
3664.5
18365.5
14247.0
2933.5
629.0
2548.5
7397.5
5869.0
9338.0
13299.5
11222.0
4488.0
5413.0
1454.5
4771.5
1594.5
68.0
1502.5
2967.0
17457.5
3862.5
4156.0
2646.0
646.0
163.0
2300.0
2021.0
68.0
14307.0
8801.0
1126.0
15788.5
150.0
612.5
68.0
2764.0
1934.5
4899.5
163.0
2785.0
68.0
0
68.0
1538.5
1019.0
2787.0
3414.5
4618.5
5899.0
629.0
66.5
3483.0
4475.0
9888.5
4712.5
2902.0
68.0
0
1489.5
1499.0
943.5
6972.5
2960.0
1775.0
68.0
11571.5
9510.0
4615.0
3627.5
68.0
7450.5
926.5
6656.0
3231.5
10351.0
68.0
8501.5
68.0
2070.0
5449.5
3555.5
2356.0
2376.5
4017.0
68.0
2805.5
453.5
3718.5
3143.5
11204.0
3176.0
68.0
5205.0
1580.5
68.0
1350.5
5398.0
2479.5
3580.5
21536.0
4039.5
1472.5
1019.5
68.0
68.0
4949.0
1616.5
8936.5
68.0
1664.5
8121.0
1832.0
1631.5
0
2380.5
68.0
3564.0
929.0
7336.0
4642.5
8135.5
68.0
5467.0
5565.5
818.5
8949.5
173.0
6379.5
13057.0
1507.0
10736.5
10731.5
614.0
9351.5
3968.0
2599.0
68.0
11807.0
629.0
646.0
4215.5
68.0
5364.5
2551.0
8887.0
6775.5
438.5
9788.0
6577.0
8110.5
8261.0
163.0
2807.5
8982.5
7153.5
7632.0
2238.0
5124.5
68.0
2270.0
12142.0
1300.0
16486.5
68.0
13890.0
68.0
7999.5
68.0
983.0
1345.5
1806.5
8539.5
4976.0
13564.5
68.0
6047.5
2276.5
629.0
8427.0
68.0
1895.0
6819.0
4050.0
68.0
7039.0
2075.5
68.0
2827.0
13511.5
11337.5
1844.0
5875.0
9599.0
14798.5
3236.5
8946.0
1893.5
348.5
10528.0
12903.0
12589.0
348.5
8544.0
9333.0
6305.5
11019.5
68.0
10260.5
8507.5
9445.0
7394.0
14643.0
68.0
4552.0
68.0
2562.5
68.0
2901.0
1036.0
68.0
1423.5
2914.5
68.0
4958.0
22163.5
1020.0
11862.5
21085.0
5916.0
9094.5
8440.5
3062.5
68.0
909.5
5960.5
9502.0
68.0
1083.5
7255.0
4976.0
7703.0
68.0
2817.5
6369.5
68.0
2880.0
9357.5
8210.5
454.0
4996.0
3781.0
7890.5
629.0
68.0
68.0
9568.5
2695.5
8521.5
16520.0
16466.0
515.0
17427.0
944.5
627.5
12228.5
7239.0
5431.5
9610.5
7543.5
68.0
1477.0
12957.0
3234.0
11239.5
68.0
0
1126.0
10504.0
5495.5
1019.0
1019.0
4969.0
68.0
15123.0
3119.5
3265.0
5406.0
14719.5
2540.0
68.0
5502.5
11799.0
5918.5
7991.5
2810.5
2964.0
4108.5
8876.0
5585.5
4472.5
1577.5
16522.0
9106.5
4113.5
68.0
8881.0
68.0
68.0
1116.5
10318.0
9901.0
6951.0
8695.0
15981.5
3666.0
22248.5
1687.0
3537.5
2057.5
68.0
6904.5
4487.0
16633.5
1333.5
6577.5
68.0
3310.0
6748.5
3612.5
5863.0
68.0
646.0
4969.0
68.0
68.0
5029.5
4256.0
7157.0
68.0
4088.5
755.5
68.0
68.0
68.0
1016.5
11073.5
0
11372.0
10714.5
15371.5
3569.0
8721.0
1818.0
5551.0
6488.5
438.5
1914.0
4105.0
0
5958.0
3670.0
9194.0
68.0
9360.5
22720.5
8983.0
4048.0
2691.5
68.0
3569.5
68.0
0
738.5
543.5
6359.0
6092.0
68.0
8623.5
12593.5
68.0
163.0
15167.0
10750.0
9087.0
13143.5
8754.5
9677.5
14381.5
1471.5
10383.5
19592.5
6151.0
67.5
7576.0
524.0
68.0

16886.5
1430.5
8127.5
926.5
1090.0
12110.0
2326.5
3208.0
1314.5
12009.5
68.0
14173.5
68.0
20816.0
960.5
12515.0
17140.0
68.0
1034.0
2271.5
0
3671.0
1896.0
68.0
16021.5
2828.5
1109.0
3703.5
8098.0
1967.5
3649.0
10810.0
2838.5
3010.5
8097.5
4499.0
1879.5
0
68.0
2783.5
0
458.0
26673.0
3388.5
1595.5
1985.5
8952.0
0
3197.0
2692.0
2887.0
10813.0
1410.0
68.0
78.0
21237.5
5348.0
10470.0
11567.0
68.0
4017.5
2788.5
7523.5
0
25386.0
14266.0
68.0
4191.0
2695.0
980.5
8493.0
10283.0
6519.5
5854.5
2751.0
15798.0
2227.0
2393.0
17849.0
3140.5
68.0
15255.5
16085.5
68.0
4113.0
10893.5
2484.0
3695.0
16058.5
13758.5
1019.0
68.0
0
68.0
5985.0
1021.5
0
7630.5
16807.0
15702.0
4104.0
68.0
1410.5
68.0
3738.5
3704.5
6672.5
12844.5
8503.5
8133.0
68.0
14768.0
3436.5
10835.5
4729.0
1503.0
68.0
14331.0
1802.5
9781.0
450.0
8983.0
1496.5
3632.0
9398.0
15287.0
68.0
2286.5
9356.0
896.0
6389.5
12894.5
4112.0
1991.5
5814.0
3945.0
5508.0
6679.0
68.0
24530.0
2460.0
163.0
1390.0
5876.5
9022.5
1404.0
12538.0
1882.5
68.0
646.0
4174.5
5564.5
15653.0
8183.5
68.0
21095.0
1521.5
1053.5
6696.5
19121.5
9903.5
1012.0
68.0
5429.5
438.5
16942.5
2102.0
1499.0
4000.0
2715.0
22064.0
6617.5
943.5
4476.5
68.0
68.0
24098.0
6925.0
6915.0
12102.5
7990.0
458.0
4182.0
719.0
0
717.0
2475.0
1858.0
2725.0
20030.5
12815.0
7019.0
6542.0
3777.0
4987.0
2118.0
2062.0
68.0
3551.5
5781.5
9826.5
3216.5
5407.5
10244.5
4994.0
4933.0
4955.0
8680.0
719.0
8590.5
0
2621.5
68.0
68.0
1702.0
7991.0
13784.5
3304.0
2652.5
3227.5
68.0
5892.0
6221.0
7698.5
1984.5
6352.0
4443.5
755.5
2676.5
2611.0
5056.0
629.5
10789.0
10843.0
2175.5
12129.5
2968.5
2490.5
8662.5
7345.0
8156.0
6278.0
8586.0
1019.0
3655.0
68.0
15390.5
3161.0
419.5
543.5
927.5
2111.0
3684.0
3145.0
20975.5
1036.0
10782.5
17015.0
9326.5
6664.5
348.5
5107.5
4953.5
2879.5
5989.5
68.0
6438.0
0
10667.5
5018.5
612.5
68.0
553.0
68.0
1685.5
1224.0
68.0
68.0
8487.5
1126.0
3720.5
4107.0
4102.0
68.0
1894.5
4330.0
1598.0
4950.0
68.0
14925.0
1861.0
5922.0
6762.0
4580.5
9626.5
7043.0
68.0
3290.5
13443.5
0
21821.0
163.0
2491.5
9575.0
14831.5
4018.5
3223.0
22863.5
68.0
12549.5
15254.0
10336.5
4468.0
6451.5
68.0
4075.5
2469.5
2392.5
68.0
6349.5
18778.0
2391.5
5667.5
348.5
2002.0
19078.0
68.0
4035.5
15987.5
11068.0
1951.5
2192.0
1224.0

7782.0
5486.0
8.0
3092.0
10035.5
68.0
7016.5
12401.5
14266.5
23766.5
13382.0
4041.0
6776.5
4917.5
68.0
68.0
2768.0
4554.5
2688.0
68.0
9908.0
50.0
4932.5
1757.5
1899.5
13336.0
5556.5
9585.5
0
2548.5
616.0
5932.0
7432.0
1053.0
16516.0
1427.0
5425.0
6224.0
438.5
24546.5
4686.5
3130.5
10702.0
3122.0
738.5
5523.0
15372.0
8027.5
2706.5
8157.5
14352.0
647.0
11651.0
68.0
7127.5
14793.0
17384.0
68.0
0
11693.5
1800.5
11256.0
646.0
6415.5
11286.5
68.0
11162.5
16460.0
2594.5
4572.0
7659.0
9497.0
6741.0
68.0
3416.5
8078.5
1423.5
10079.5
26262.0
1193.0
3154.0
10306.0
68.0
11552.5
5882.5
9973.5
10683.0
12929.5
68.0
5833.5
8930.5
68.0
68.0
4559.5
3100.5
6754.5
13498.0
16302.0
3350.0
11129.5
11693.0
1894.5
4435.0
6134.5
1211.5
19221.5
7355.0
3212.0
6776.5
68.0
6725.0
23762.0
1918.0
5043.5
1423.5
8181.0
2563.0
4143.5
4081.5
6404.0
2725.5
960.5
6441.5
3240.5
10738.5
68.0
4083.5
7360.0
4376.0
6730.5
7592.5
68.0
3520.5
1396.5
9886.5
16110.0
12549.0
2752.0
4169.5
8.0
14886.0
68.0
12762.0
68.0
16561.5
16860.0
153.5
68.0
2917.5
13075.5
4559.5
9043.5
348.5
15157.5
4475.5
3719.0
537.5
68.0
438.5
163.0
828.5
612.5
5496.0
9799.0
9849.5
8184.5
68.0
11230.5
18420.5
14388.0
6256.5
365.5
18239.5
1504.5
7663.5
8196.0
13919.0
6218.0
19767.5
14378.5
68.0
4086.5
10084.5
1691.5
893.0
927.0
629.0
10272.0
3686.5
24193.0
12613.5
0
68.0
18680.5
5002.0
3071.0
9028.5
9424.5
3430.5
68.0
614.0
2053.0
1802.0
68.0
68.0
15484.5
8571.0
5894.5
68.0
7691.0
68.0
0
1482.0
18352.0
68.0
1865.0
4862.0
10764.0
5319.5
16071.0
11389.5
8544.0
438.5
16910.5
4397.0
0
9910.0
1785.0
12408.5
6439.0
629.0
14321.0
6236.0
19751.0
8978.5
68.0
8260.0
3551.5
997.5
24558.5
9420.5
4462.0
13978.0
4523.0
4483.5
7419.5
3796.0
1297.0
1859.0
5425.0
6064.5
6634.0
17851.5
554.5
12538.5
11220.5
68.0
2256.0
1241.0
8545.5
5912.0
15257.0
12702.0
1569.5
537.5
7380.0
7121.5
68.0
8927.5
21333.5
22676.0
6266.5
13496.5
2064.0

11266.0
13017.5
0
8110.0
543.5
1194.5
68.0
5198.5
3811.0
1471.0
68.0
13406.5
68.0
68.0
12183.0
18936.0
6885.0
10998.0
5692.0
629.0
3184.5
4687.5
1190.5
632.5
68.0
4487.0
926.5
1612.5
6355.5
4439.0
7169.0
1487.5
68.0
2378.5
3220.5
68.0
6011.5
9628.5
4977.0
5724.0
8516.0
68.0
19189.0
537.5
4546.5
14432.5
4469.0
19625.0
19646.0
2250.5
2678.0
4191.5
1803.0
19286.5
68.0
1383.5
3742.0
6012.5
1875.0
9774.0
21071.5
9616.0
11535.5
5545.5
6730.5
2749.5
910.0
68.0
16247.5
23323.5
3172.5
68.0
1016.5
0
7283.5
1426.0
7678.0
5783.5
68.0
13870.5
2356.0
68.0
68.0
1813.5
2061.0
3606.5
10455.5
5571.0
4537.5
5624.0
4956.5
1470.5
438.5
1109.0
68.0
4883.5
6766.5
68.0
3703.5
11270.5
627.5
19620.5
25825.0
1987.0
4329.5
1811.5
537.5
10129.0
6016.5
2267.5
68.0
12905.0
13976.5
1859.0
2325.0
4017.5
6323.0
2361.0
1019.5
1890.0
68.0
15235.5
16577.0
7892.5
68.0
8443.5
5407.5
543.5
554.5
4219.0
6802.5
9572.0
8498.5
9694.0
21143.0
68.0
1000.0
722.0
10223.5
2507.5
2692.5
26455.5
68.0
68.0
5794.0
8110.0
1389.5
24570.5
904.0
11116.0
1578.0
6654.0
9547.5
1651.0
1348.0
7347.5
3326.5
7310.0
3135.5
68.0
68.0
5021.0
11917.5
68.0
17820.5
2484.0
15164.0
0
5489.5
5795.5
4977.5
13555.0
2057.5
68.0
5942.5
68.0
5930.5
6314.0
1778.0
3608.0
68.0
533.5
1106.5
5884.0
1611.5
13105.5
4219.0
15171.5
1333.5
68.0
1331.5
2367.5
14251.5
6295.0
1128.5
1033.5
15179.5
3143.0
1878.0
68.0
3698.0
348.5
4245.0
4607.5
4676.5
7450.0
15428.0
6584.5
68.0
12039.5
12970.0
629.0
7723.0
12146.5
1977.5
16344.0
1861.0
3270.5
4148.0
3572.5
10425.0
2358.5
8117.0
9424.5
736.0
9893.0
14380.0
534.5
68.0
5884.5
68.0
23209.0
14292.5
13846.0
7259.0
4764.5
9388.5
68.0
524.0
13298.0
68.0
68.0
4156.5
68.0
68.0
614.0
163.0
8406.5
68.0
68.0
68.0
1499.0
365.5
5720.0
11033.5
5481.5
3562.0
2860.5
2351.0
1115.5
3963.5
68.0
2367.5
5480.5
68.0
1224.0
1033.5
8205.0
15020.0
3126.0
1878.0
1033.5
2265.0
629.0
6880.0
68.0
7193.0
2158.5
14795.0
8055.0
1959.5
3893.5
3464.5
68.0
2100.5
1019.0
1561.0
12546.5
23357.5
68.0
537.5
68.0
4205.5
3105.0
68.0
6138.5
26284.0
7712.0
7316.0
3888.0
2457.5
17128.5
1488.0
6364.5
10720.0
9432.0
365.5
5913.0
6338.5
9990.5
8154.5
68.0
68.0
2728.0
1801.0
1443.0
5475.0
4111.5
15115.5
22227.0
6065.5
926.5
271.0
68.0
1928.5
1509.5
68.0
3995.0
14830.0
5376.5
7308.5
2711.0
7711.5
4587.0
14837.5
736.0
68.0
16520.0
3769.0
1021.5
2244.5
68.0
6184.0
9532.0
1540.0
2762.5
2326.0
68.0
9956.5
10248.5
6320.5
10712.5
14305.0
1487.5
68.0
2364.0
4561.5
12006.0
458.0
68.0
11512.5
2357.5
633.5
68.0
68.0
1967.5
1803.0
68.0
68.0
4526.0
1406.5
6697.0
1036.0
4561.0
17018.0
5790.5
5075.0
68.0
4039.5
348.5
1105.0
4922.5
5888.0
12970.0
9566.0
68.0
16555.0
3231.0
16909.5
3117.5
1614.5
1504.5
68.0
10452.0
4446.0
68.0
629.0
2231.0
8758.0
4569.0
5094.0
68.0
2545.5
68.0
2431.0
9943.5
0
7057.5
1106.5
68.0
68.0
7188.0
438.5
4742.5
19661.5
609.5
738.5
4205.0
7890.0
646.0
3422.0
2546.5
14335.0
6217.0
18425.5
9997.0
1036.0
15730.5
21788.5
68.0
3554.0
4645.0
23495.0
8063.5
5005.5
68.0
68.0
68.0
2673.5
68.0
3544.5
4146.0
6048.0
21749.0
1126.0
7581.5
3459.5
10340.0
2267.5
458.0
3098.5
11964.5
828.5
943.5
7561.0
5414.5
1000.0

15721.5
2343.5
2720.0
926.5
4475.0
2430.5
1265.0
22303.0
2729.0
4009.5
11449.5
68.0
19295.0
7103.5
5057.5
6263.0
5398.5
1504.5
2902.5
9347.5
348.5
8129.0
16421.5
1773.0
6388.0
5997.0
68.0
68.0
13308.0
5034.0
68.0
6240.5
453.5
1866.0
4581.0
68.0
68.0
1894.5
927.5
1149.5
1783.5
3085.0
3572.0
910.0
755.5
1109.0
16022.5
68.0
3890.5
2221.0
612.5
4464.5
1889.0
1782.0
3267.0
554.5
0
2471.0
2284.5
5622.5
2471.0
4975.0
13846.0
5420.0
1445.0
68.0
8602.0
1500.0
6656.5
8538.0
2218.0
3810.5
68.0
2221.0
5053.5
18844.5
2222.0
1778.5
1389.5
726.5
534.5
1099.0
6243.0
9397.0
5786.5
2832.5
68.0
2357.5
2704.5
6057.5
7164.0
2718.0
999.5
1339.0
12644.5
1799.0
243.5
12199.5
7203.5
1694.0
537.5
11502.5
1119.0
9944.0
5825.5
5633.0
14688.0
6883.5
17367.5
10297.0
3645.0
0
68.0
3747.0
2737.5
68.0
458.0
5545.5
5777.5
5972.5
1000.0
6863.5
2577.5
6770.0
11685.0
68.0
10774.0
3235.5
173.0
2823.5
68.0
68.0
0
458.0
11569.5
4754.5
68.0
1483.5
1876.0
4091.0
736.0
68.0
925.0
68.0
257.0
2279.5
3366.0
1556.5
8963.0
68.0
6847.0
5484.0
2662.0
8566.0
2224.0
68.0
1103.0
9054.5
8093.0
0
4108.0
10935.5
24173.0
3556.5
18676.5
9781.0
3857.5
4475.5
12965.5
831.0
67.5
3570.5
1895.0
0
1316.5
17132.0
14207.0
5496.5
4928.0
1887.0
5557.5
68.0
68.0
4664.5
1872.5
4494.0
4917.5
1308.0
1875.0
3781.0
68.0
4569.0
68.0
5842.0
7460.5
9386.5
3219.0
458.0
1787.0
3256.5
7988.0
7725.0
5797.5
4229.0
68.0
7834.0
1406.5
17320.0
68.0
8356.5
2398.5
1877.5
8593.0
2381.0
629.0
4502.0
16749.0
25226.0
14843.0
9983.5
68.0
7604.5
14174.5
5908.0
4128.5
14729.0
68.0
3244.0
0
3663.5
68.0
2100.5
163.0
7885.0
68.0
620.5
4580.0
15556.0
4088.5
1236.5
68.0
1505.5
45.5
68.0
68.0
3234.0
12051.0
15208.0
68.0
9468.5
1698.5
68.0
1499.0
7277.5
13938.5
3163.0
4619.5
17442.0
3369.5
1534.0
4442.5
627.5
943.5
16005.0
15288.0
163.0
8140.0
1021.5
1489.0
68.0
1115.5
633.5
5893.5
0
5574.0
68.0
1017.5
5312.5
68.0
3550.5
21836.5
68.0
68.0
17064.5
1796.5
8989.5
6269.5
68.0
7326.0
5941.0
1853.0
2374.5
0
17530.5
23477.0
7778.5
4957.5
1333.5
0
9007.0
17967.5
1089.5
7889.0
7187.0
2226.0
17379.0
6659.5
17042.5
3231.5
1814.0
3253.5
13439.0
68.0
832.5
2806.5
5286.0
16426.0
0
68.0
0
16589.0
3231.5
1887.5
926.5
0
2.0
0
68.0
2374.5
68.0
4129.5
927.0
9280.5
68.0
1593.0
2578.5
68.0
7578.0
348.5
4565.5
3670.0
1489.0
0
1119.0
3700.5
4440.0
6352.0
6641.5
2960.0
68.0
68.0
1516.0
2279.5
5433.5
647.0
9808.0
11239.5
7560.0
6351.0
9349.0
68.0
24536.0
6236.0
17299.5
16008.0
6671.5
12439.5
7598.5
45.5
1757.5
537.5
18748.0
5333.5
719.0
1704.0
7245.0
68.0
1033.5
11556.0
6096.5
5041.5
2047.0
1502.5
2793.0
3645.0
11300.5
3325.5
4247.0
257.0
7093.0
1036.0
68.0
3201.5
14909.0
6418.5
7312.0
612.5

163.0
9523.5
6116.0
7062.0
257.0
3280.5
68.0
11265.0
9657.5
68.0
6929.0
5019.5
20665.0
1894.5
68.0

68.0
68.0
1893.0
5456.5
68.0
738.5
14909.5
348.5
2358.0
7588.5
14322.0
2336.5
2442.5
10386.0
1597.0
68.0
13899.0
5764.5
13925.5
7180.0
4543.0
4940.0
4238.5
0
612.5
16970.5
7934.0
68.0
1875.0
1875.0
2680.0
2365.0
5850.0
3723.5
6250.5
1814.5
16155.0
10857.0
5830.0
14541.0
0
2083.0
19154.0
68.0
5555.0
2861.0
4464.0
8542.5
68.0
4278.0
60.5
14769.5
68.0
646.0
1126.0
68.0
45.5
11289.5
1968.0
714.0
68.0
68.0
12714.0
646.0
14029.5
8786.5
5781.5
4903.5
4628.0
68.0
6243.0
629.0
2616.5
153.5
13996.5
2804.0
1446.0
3018.0
3226.0
14765.0
68.0
2372.5
4120.5
6434.5
1021.5
57.5
3124.0
719.0
54.0
68.0
0
7380.0
2160.5
3642.0
999.5
7802.0
4463.0
68.0
1887.0
1567.5
68.0
9771.0
3809.0
13015.0
1024.0
7544.0
0
11578.0
20960.5
2752.0
943.5
629.0
1016.5
2447.5
68.0
2789.0
553.0
8090.0
4660.5
5542.5
8026.5
7935.5
68.0
6505.0
2933.0
1598.0
68.0
271.0
438.5
944.5
1615.0
68.0
0
1629.0
7205.5
3835.5
646.0
1017.5
1893.5
10872.0
20235.5
8890.5
153.5
68.0
13119.0
68.0
14990.0
6764.0
14692.5
0
5978.5
6180.0
5804.0
4185.5
6006.5
9105.5
68.0
2809.5
9548.5
4531.0
1492.0
4478.0
20938.0
68.0
2229.0
68.0
1915.0
3750.5
68.0
15230.0
5223.5
23241.5
19339.5
4439.0
68.0
5180.0
4953.5
6274.0
15309.5
2284.0
68.0
3604.0
1592.5
5809.0
68.0
6412.0
68.0
5510.0
9397.5
1021.5
2663.0
68.0
926.5
8470.5
11504.0
14908.5
10779.0
2477.0
19443.5
554.5
554.5
543.5
68.0
68.0
470.5
1164.0
2723.5
4582.5
1920.5
2734.5
2814.0
12676.0
68.0
0
9517.5
6697.5
7652.5
4070.5
14450.0
68.0
4562.5
1985.0
1586.0
1536.5
0
68.0
6326.0
2635.5
944.5
1392.5
68.0
3125.5
4995.0
4963.0
1036.0
18278.0
68.0
6109.5
6361.5
8717.0
4171.0
7954.5
0
8051.0
2067.0
1085.0
13363.0
1019.5
271.0
4563.5
68.0
1961.5
3560.5
1494.5
6651.0
2231.0
3721.5
12013.0
1894.5
8150.5
4330.5
7699.5
943.5
852.0
10357.5
8016.0
5050.0
6968.0
16946.0
1102.0
4735.0
2507.0
0
7234.5
2913.5
13401.0
2074.5
5843.0
68.0
2676.0
4522.5
2070.0
68.0
12194.5
4963.0
14003.0
68.0
163.0
68.0
68.0
13450.5
9450.5
8014.0
1036.0
2497.0
1796.5
68.0
5162.0
1016.5
1581.0
13109.5
2541.0
68.0
438.5
5558.5
908.0
5046.0
153.5
7769.5
18243.0
1021.5
812.0
19352.5
1016.5
68.0
68.0
1161.5
5469.0
3140.0
3698.5
6649.0
3234.0
11103.0
553.0
4866.0
63.0
1192.0
16073.0
5897.5
68.0
68.0
0
163.0
3989.0
0
5079.5
348.5
0
612.5
13389.5
22863.0
4134.5
13048.5
8526.5
68.0
2287.5
4549.0
68.0
6771.0
4083.0
68.0
848.0
9615.5
1597.0
4431.5
10350.5
926.5
1016.5
9465.5
153.5
6352.0
4032.5
68.0
7252.5
3541.0
2810.0
2678.5
2341.5
68.0
6998.5
10031.5
68.0
3290.0
20070.0
1597.0
68.0
4933.5
7155.0
4984.0
4450.5
16998.0
11247.0
7011.5
68.0
12403.0
3791.5
4998.0
4986.0
2510.5
939.0
10320.0
16772.0
10710.0
16270.0
68.0
0
68.0
9855.5
9440.5
68.0
7603.5
4465.0
4167.5
944.5
68.0
13398.0
68.0
5113.5
4568.0
8090.0
1482.0
4270.0
9576.5
438.5
9344.5
12119.0
24481.5
12917.5
1495.0
6226.5
68.0
19518.5
4583.0
5539.5
68.0
11683.5
8113.0
3168.5
4184.0
8.0
926.5
5337.5
13321.0
3576.5
18951.5
3793.0
1873.5
5905.0
1019.0
736.0
3610.5
1426.0
15373.5
12134.5
12440.0
4223.0
11086.0
944.0
3703.0
5823.0
4421.0
6753.0
9779.0
19404.0
7725.0
17547.5
7849.0
15603.0
68.0
1704.0
4011.0
4972.5
5914.5
21307.5
943.5
13212.5
3667.5
1348.5

2796.5
4159.5
68.0
1465.0
1582.0
4592.0
68.0
10359.5
348.5
17479.5
5446.0
68.0
10810.5
647.0
68.0
4480.0
738.5
1908.5
4898.5
4029.0
4689.5
0
16142.0
15925.0
3419.5
1882.0
1092.5
646.0
68.0
9864.5
4672.0
10294.5
9023.5
10291.5
10374.0
8991.0
8955.0
5602.0
6741.0
8535.0
9578.5
68.0
3563.5
3584.5
458.0
893.5
68.0
1539.5
0
68.0
11179.5
23062.5
11611.5
1783.5
14347.5
68.0
0
4566.5
5110.0
438.5
5936.0
11699.0
68.0
2639.5
17417.5
1488.5
5404.0
4037.5
348.5
6984.5
6574.0
458.0
68.0
68.0
4124.5
68.0
11249.0
909.5
1136.5
458.0
11966.0
5553.5
2379.0
20505.0
16562.5
9034.0
944.0
1583.5
68.0
458.0
13929.0
68.0
68.0
4545.5
9973.5
9684.0
68.0
18397.0
4662.0
2255.5
11751.0
9865.0
438.5
68.0
8120.5
68.0
68.0
1928.0
1334.0
13908.0
11225.0
738.5
4013.0
4006.0
2358.0
68.0
8938.0
1803.0
1471.0
15274.5
3674.5
3631.0
1016.5
68.0
7237.0
8518.5
3127.5
612.5
2096.0
629.0
10985.0
6819.0
4562.5
3638.5
6306.5
11846.0
16974.0
68.0
1521.5
12035.0
7674.5
2756.0
2689.0
17454.5
68.0
13848.0
6898.0
68.0
1036.0
68.0
462.5
6008.0
14290.0
68.0
7715.0
68.0
68.0
10308.5
68.0
927.5
68.0
3315.0
1975.5
6272.5
3173.0
7970.5
68.0
3574.5
68.0
68.0
10822.5
1224.5
1019.0
9323.5
8496.0
6763.5
1785.5
2310.5
4174.5
6756.0
13811.5
924.5
10322.0
13956.5
6823.0
7418.5
21057.0
68.0
2428.0
8122.0
68.0
13502.5
9405.5
7712.0
4174.5
524.0
6696.5
11613.0
0
4457.5
7331.0
0
8991.5
20542.5
3107.5
6484.5
9367.5
943.5
17895.5
0
68.0
6724.0
7725.5
537.5
1948.0
68.0
629.0
2299.0
7816.5
68.0
2286.5
68.0
21757.5
524.0
68.0
3652.5
4064.0
21680.0
1030.0
68.0
1347.5
12999.0
68.0
15320.0
20117.0
1912.5
18291.0
11404.0
2302.0
7659.0
17408.0
68.0
5405.0
68.0
68.0
1036.0
19958.5
17032.0
4878.0
15721.0
1897.5
19248.5
4531.0
2490.5
4699.0
5482.5
5949.5
3143.0
16085.0
4666.0
0
365.5
68.0
68.0
3630.5
6692.5
3687.0
3230.5
12652.0
6843.5
68.0
4227.0
1493.0
1982.0
3733.0
1871.0
7581.0
10986.0
1033.5
68.0
458.0
5892.5
68.0
646.0
1409.0
19204.5
5840.0
6720.5
1987.5
20432.0
9767.5
3304.0
6779.5
7248.5
1706.5
2366.0
68.0
68.0
10338.5
10279.0
5800.5
1521.5
2240.5
14239.0
3684.5
3123.5
9697.5
11486.0
18957.5
20322.0
68.0
8106.0
1333.5
6760.0
24976.5
7379.5
7920.5
3030.0
1819.5
68.0
3696.0
6535.5
7295.0
68.0
2374.5
0
629.0
1995.5
6998.0
10017.0
3778.5
9097.5
629.5
3794.5
1597.5
1228.0
0
5015.5
7337.0
4217.5
13633.0
7237.5
21523.5
13940.5
68.0
68.0
5486.5
17530.0
943.5
14368.0
1909.5
1496.5
7595.0
8414.5
8451.5
4908.0
348.5
68.0
3754.0
68.0
68.0
0
1522.5
14944.5
11720.5
1085.5
12101.0
68.0
68.0
4090.0
3675.5
9893.5
2730.5
68.0
7494.0
68.0
68.0
12085.0
16519.0
1894.0
68.0
68.0
2369.5
14714.0
68.0
4595.0
7326.0
20098.0
68.0
1034.0
9595.5
7728.0
6842.5
4469.5
1799.0
451.0
0
1802.5
1021.5
0
8901.5
18299.5
10078.0
7662.5
4563.5
163.0
1514.0
2734.0
7666.0
15886.5
7626.5
5652.0
646.0
12557.5
12235.5
13415.5
11741.0
7135.0
7170.5
4726.5
12561.0
2126.0
6410.5
5839.0
2654.5
5162.5
4039.0
3776.5
4062.0
3718.0
4899.0
3394.0
68.0
438.5
68.0
7385.5
20141.0
22299.0
3692.0
948.5
15192.5
22392.5
0
4761.0
15174.0
5846.5
629.0
3695.0
17777.0
5999.5
2282.0
10245.5
9954.0
9097.0
3640.0
68.0
68.0
12030.0
6424.5
14019.0
17029.0
10497.0
8652.0
9855.0
68.0
2289.5
2021.0
1411.5
894.5
6798.0
9936.5
2248.0
11492.5
4082.0
10870.0
1021.0
23223.0
3409.0
8117.5
4095.0
1499.0
19441.0
5116.0
0
1499.0
16164.0
1333.5
4485.0
68.0
68.0
8531.0
3618.5
2487.0
0
0
22701.0
1785.5
11173.5
4580.5
68.0
12588.0
68.0
0
0
4160.5
6683.0
6400.5
22210.5
0
17797.0
5847.5
14304.5
2862.5
4654.5
2455.0
1019.5
68.0
927.5
1875.0
7160.5
68.0
11938.0
1704.0
1595.0
1334.5
14272.0
0
68.0
163.0
1908.5
0
2248.0
4988.0
13947.5
10464.5
0
8506.5
5016.0
0
12160.0
2753.5
19516.5
8549.0
14337.0
7726.0
4210.0
1878.0
12600.0
1949.0
910.0
5357.5
68.0
1779.5
18706.0
9780.5
13356.5
257.0
25857.0
2686.0
3607.0
2225.5
0
68.0
4951.0
1315.5
1079.0
68.0
68.0
13032.0
910.0
10416.5
68.0
4185.5
3168.5
6247.5
153.5
4560.0
68.0
9336.0
1409.0
7718.0
1053.0
1409.0
926.5
458.0
6863.0
11617.5
16648.5
68.0
68.0
68.0
4071.0
2344.0
68.0
12207.0
8.0
1911.5
12007.5
2835.0
3880.5
719.0
68.0
2726.5
458.0
3907.5
68.0
9868.5
3719.5
3205.0
11960.5
10063.0
7223.0
7024.5
68.0
11201.0
8968.5
7248.0
2246.0
6083.5
68.0
4579.5
2385.0
4545.0
14702.0
163.0
14824.5
12549.0
3713.0
10085.5
15699.5
7123.5
3143.5
24080.0
2859.5
68.0
11599.0
8967.0
438.5
1033.5
68.0
8951.0
10702.5
7160.0
1053.0
13749.0
8025.5
0
6854.5
1109.0
23209.5
8208.5
3761.0
1877.5
3206.0
1777.0
4812.0
4912.5
0
68.0
68.0
438.5
15236.0
68.0
614.0
926.5
3672.0
554.5
68.0
438.5
1390.0
929.0
1409.0
1894.5
68.0
4556.0
2843.0
3116.0
1862.0
2787.5
68.0

2394.5
8939.5
10749.5
68.0
5035.5
3861.5
4103.0
11242.5
13010.5
1479.5
11682.5
11571.0
68.0
8157.5
6332.0
2169.5
10268.0
1347.5
20982.0
0
1331.5
68.0
348.5
1890.5
4496.5
458.0
612.5
4938.0
7635.5
19007.0
0
926.5
3115.5
1910.0
68.0
3644.0
3596.5
7660.0
8171.5
68.0
2470.0
6756.5
24147.5
2686.5
1803.0
1992.0
1798.0
8159.5
2739.0
926.5
163.0
7244.0
1861.5
21418.0
365.5
21323.5
1816.5
14814.0
68.0
68.0
68.0
68.0
4541.0
1859.0
1037.0
25863.0
1580.5
68.0
6339.5
5509.0
21478.0
926.5
663.0
68.0
68.0
629.0
14247.0
10289.5
68.0
3247.5
3154.5
2536.5
68.0
5005.5
2336.5
25446.0
5048.0
2340.5
11279.0
2568.5
4665.5
16152.0
9987.5
6303.5
5859.5
1649.0
19689.0
4504.0
1909.0
4001.5
1210.5
943.5
3994.5
1297.0
68.0
68.0
1089.5
10384.5
24047.5
1019.5
9849.5
2249.0
11676.0
4939.0
68.0
22301.5
458.0
15290.0
8372.5
1033.5
8986.0
68.0
13320.5
6300.0
13932.0
257.0
7175.5
1479.5
22238.0
13039.5
7199.0
9833.0
68.0
606.5
5793.0
3587.5
2676.0
68.0
20399.0
12470.0
4885.5
2477.0
68.0
68.0
9331.5
6323.0
4911.5
1787.0
5862.5
11105.0
5857.5
6916.0
1799.0
4201.0
3699.0
13004.5
5793.0
0
3228.5
2067.0
8571.0
5753.5
4454.0
3216.0
6763.0
68.0
646.0
4180.0
909.5
5897.5
6323.0
68.0
3680.0
9042.0
8979.5
3338.0
15189.5
6363.0
4000.0
458.0
9903.0
68.0
5485.5
16549.5
68.0
1336.0
2827.5
3141.5
3517.0
7570.0
1423.5
68.0
0
68.0
9455.0
68.0
24509.5
68.0
20516.5
5019.0
68.0
5015.5
17009.0
13782.0
3585.0
8302.0
11732.5
17113.5
6247.0
68.0
2445.0
641.5
3115.5
2754.0
2728.0
68.0
1897.0
14404.5
9835.5
8573.5
68.0
68.0
2748.0
68.0
20740.5
12929.0
68.0
4666.5
7233.0
68.0
438.5
68.0
0
4.0
68.0
23222.5
2249.5
10747.0
18717.0
8996.0
629.0
4015.0
3590.0
4112.0
68.0
11944.0
68.0
9931.0
6870.0
68.0
12510.5
163.0
14774.5
2843.0
4476.5
4445.0
5983.0
12043.5
1892.0
9081.5
2362.0
5407.0
10901.5
7266.0
1687.0
7374.0
8724.0
9178.5
5021.5
11210.0
14803.5
68.0
13739.0
2254.5
68.0
4547.0
1505.5
348.5
5023.0
1088.0
612.5
2658.5
68.0
9775.5
15626.5
1867.0
3109.5
1053.0
6210.5
9107.5
1608.5
1801.0
5872.0
5833.5
8535.0
2785.5
2748.5
5015.0
4553.5
1019.0
68.0
4281.0
2843.0
5328.0
16592.5
7562.5
4515.5
1611.5
5006.5
68.0
12873.5
1694.0
15891.5
68.0
629.5
2770.5
1034.0
13895.5
68.0
5338.0
738.5
6351.0
7721.0
18358.0
438.5
14353.5
11675.5
10844.0
1894.5
68.0
629.0
8496.0
3186.0
24206.0
7111.0
9391.5
10213.0
14274.0
8505.0
10267.0
1488.0
6822.0
927.0
12435.0
2753.5
9870.0
68.0
8099.5
68.0
4959.5
6789.5
68.0
8930.5
12034.0
68.0
5772.0
438.5
3571.5
11278.0
8566.0
7204.0
12913.5
14262.0
24167.0
68.0
5478.0
18232.0
8583.5
6174.0
910.0
3638.0
5134.0
1333.0
7315.0
2429.5
12580.0
8020.5
926.5
3658.0
68.0
4971.0
4564.5
1333.5
1523.5
68.0
7609.5
3338.0
11144.0
9866.5
15055.0
443.5
14295.5
443.5
2288.5
68.0
5471.0
11685.5
6492.5
3330.0
4142.0
2938.0
4731.5
3994.5
68.0
2254.5
5084.0
943.5
8063.5
17818.5
68.0
3694.5
68.0
26237.0
1820.0
5923.5
22833.0
5400.0
663.0
20521.5
4438.5
11171.5
629.0
4926.0
2921.5
13870.0
3138.5
6818.0
944.5
9016.0
3565.0
9861.5
24551.5
68.0
25399.5
7277.5
21924.0
1242.0
5420.5
68.0
163.0
4958.0
5321.0
11098.0
2380.5
4561.5
12516.0
629.0
6620.5
944.0
4171.0
458.0
17422.5
8240.5
16033.5
8518.0
19182.5
2732.0
14819.5
943.5
1487.0
5060.5
2346.0
2969.5
6216.0
9788.5
2250.0
4159.5
68.0
4018.0
68.0
4181.5
68.0
3135.0
8622.0
9512.5
9037.0
4546.5
6639.5
5542.0
3611.5
14883.0
257.0
68.0
14421.0
2879.5
21777.0
2532.0
1109.0
8981.0
7721.5
13778.5
4866.5
12880.5
5678.5
13818.0
4934.0
0
1019.5
4016.0
19341.5
4100.5
1036.0
68.0
12481.5
2060.5
6731.5
1522.5
18329.5
3626.0
7188.5
11985.0
1136.0
1113.0
4516.0
68.0
4575.5
12966.0
0
2381.5
153.5
68.0
4521.5
1063.5
4459.5
68.0
4538.5
15649.0
6899.5
17880.5
7649.5
1876.0
14774.0
3233.0
9343.5
646.0
5030.5
5075.5
7116.5
14384.0
5887.0
4182.5
9971.5
9883.0
5426.5
68.0
68.0
5339.5
17918.0
3134.5
1984.5
6311.5
10803.0
7195.0
11643.0
10325.5
23625.5
5936.5
20036.0
24056.0
16443.5
68.0
14062.5
5972.0
68.0
1002.5
7540.5
1034.0
14844.0
68.0
1770.0
8583.5
2323.0
1879.5
6303.0
3674.5
15292.0
10488.0
10154.5
10184.5
3179.0
9900.5
4128.0
4918.0
68.0
21768.0
68.0
68.0
960.5
14371.0
8949.5
1409.0
9370.0
9011.5
2764.5
6512.0
2807.0
5936.5
4899.0
68.0
68.0
6320.0
68.0
3085.0
17027.5
50.0
68.0
68.0
4633.5
68.0
15683.5
68.0
2215.5
0
510.0
7163.0
68.0
4117.0
0
9817.5
3278.5
4024.0
16125.5
0
2473.5
5339.0
11920.5
1836.5
8052.0
13313.0
2735.5
1579.0
16199.0
5074.5
7584.5
68.0
68.0
4538.0
3627.5
9033.5
8540.0
16008.0
6253.0
1805.5
6312.5
1878.5
4535.5
10368.5
8043.5
21087.0
1578.5
9444.5
12868.5
3182.0
15666.5
12120.0
11744.0
2248.0
4035.0
9564.0
6790.0
68.0
1053.0
13295.0
8180.0
15157.0
6001.5
3551.0
68.0
2233.0
9829.5
3181.0
68.0
10660.5
68.0
6693.0
68.0
4912.0
21438.0
14255.5
10742.0
2880.5
68.0
4579.5
68.0
4982.0
68.0
4499.5
1036.0
6811.5
4533.5
68.0
1410.5
9828.5
12572.0
1850.0
12085.5
68.0
68.0
4979.0
458.0
68.0
4081.5
17369.5
16791.5
7602.5
17436.5
11884.0
21972.0
16875.0
3775.5
14429.5
944.0
1019.0
19994.5
458.0
1509.0
26308.5
9547.5
6098.0
13373.0
1897.0
5460.5
15115.5
506.5
1578.0
1053.0
25438.5
9790.5
163.0
22317.0
9430.5
1522.5
5082.5
68.0
458.0
647.0
1707.5
18376.5
6230.5
163.0
832.0
8145.5
68.0
7786.5
68.0
2883.5
5820.5
1813.5
18077.0
2721.0
14265.5
67.5
3985.5
12471.0
20536.0
11597.0
6396.0
68.0
68.0
2380.0
16425.0
1929.0
2009.0
1056.0
5527.0
68.0
2364.0
629.0
1911.5
2654.5
68.0
612.5
8155.0
453.5
4085.5
4568.0
2833.0
68.0
0
4148.0
6098.0
5077.5
5433.5
16133.5
11164.5
68.0
21429.0
68.0
23073.0
1802.0
68.0
68.0
68.0
832.0
0
926.5
719.0
11112.0
3221.5
2262.5
7556.5
5004.5
3685.0
2939.0
68.0
2338.5
11149.0
15127.0
927.5
0
68.0
3231.0
5804.5
4092.5
7063.0
7686.5
1128.5
5667.0
4052.0
68.0
7730.5
5895.0
995.5
3574.5
826.5
68.0
1376.0
18823.5
4595.5
68.0
7132.5
1767.5
68.0
10801.0
68.0
7995.5
1704.0
68.0
0
893.0
4968.5
2362.0
68.0
68.0
1106.5
0
15142.0
2040.5
3753.5
11422.0
2248.0
68.0
68.0
4549.0
1421.5
9986.0
438.5
3808.0
7226.5
6661.0
612.5
10747.5
1375.0
5363.0
18277.0
1113.0
0
434.0
10201.0
438.5
3025.5
2377.0
4510.5
2316.0
6272.0
13421.0
68.0
554.5
0
3646.0
5872.5
1598.0
8548.5
1796.5
6558.5
68.0
3717.5
1022.5
4100.5
11014.5
68.0
17954.0
629.5
68.0
26778.0
68.0
18771.5
4454.5
980.5
1892.5
2380.5
1109.0
1505.0
68.0
10665.5
6337.5
1488.0
1014.5
9470.5
1025.5
1796.5
629.0
5356.0
26827.0
999.5
999.5
3577.0
5965.5
68.0
68.0
6707.5
5013.0
29.0
541.0
68.0
19217.5
22313.5
1614.5
7718.0
2001.5
4502.0
4521.0
4158.0
1977.5
20923.0
7821.5
1033.5
68.0
5272.0
926.5
999.5
8141.0
3993.0
1350.5
15333.0
11565.5
4143.5
68.0
1777.0
6311.0
163.0
2049.5
554.5
68.0
17893.0
7680.0
9907.0
11862.0
15171.0
1499.0
2696.5
0
68.0
8146.5
1365.5
68.0
2243.0
2737.0
21299.5
3291.5
13912.0
6723.0
3419.5
7604.5
257.0
14939.5
5960.5
7223.0
3322.0
3986.0
6696.0
2282.0
10270.0
68.0
16853.0
21245.5
12530.5
1036.0
21313.0
12014.5
0
7123.5
11676.5
25547.5
1779.5
15515.0
1504.5
7994.0
16444.0
68.0
8925.5
16518.5
68.0
18255.0
8534.5
909.5
16533.5
68.0
4092.0
10342.0
2246.5
68.0
20591.0
13467.0
6685.0
5848.0
6758.5
1782.5
537.5
2306.0
68.0
19298.0
8109.0
1862.5
68.0
11568.0
2100.5
8521.5
4994.5
4128.0
0
68.0
68.0
5594.0
8591.0
365.5
3638.0
68.0
2275.5
163.0
2768.0
5131.5
5392.0
68.0
14251.5
6801.5
3160.5
9872.5
68.0
2735.0
12257.0
14786.5
0
629.5
5003.5
11632.0
13753.0
17440.0
163.0
68.0
612.5
68.0
68.0
163.0
9028.5
10808.5
11230.0
68.0
7275.0
68.0
1488.0
1819.5
2282.0
2189.5
4001.0
1207.5
10468.0
0
6384.5
4003.5
68.0
1014.0
10773.0
24366.0
1051.0
4011.5
1373.0
10597.5
1556.5
68.0
14886.5
8389.0
68.0
908.0
2769.0
16022.5
2645.0
4940.5
4064.0
68.0
6722.0
4627.5
537.5
16520.0
1475.5
11680.0
2048.0
4570.5
5935.0
11803.0
68.0
2362.0
2755.5
1113.0
4073.5
8915.5
68.0
14253.5
4287.0
68.0
2041.0
68.0
68.0
3248.0
68.0
68.0
1561.0
68.0
1889.0
68.0
4185.5
0
1858.5
5754.0
68.0
900.5
9939.0
14281.5
12981.0
4561.5
2705.0
614.0
4621.5
17601.0
5894.5
2357.5
4164.0
8153.0
19084.0
4115.0
543.5
68.0
5875.0
8356.5
1386.0
3685.0
4116.5
1016.5
4627.0
5929.0
68.0
9061.0
68.0
8019.5
6220.5
8515.0
3165.0
16921.0
1865.5
68.0
68.0
6758.0
1199.0
1096.0
1895.5
2338.0
68.0
4794.5
68.0
0
0
9452.0
5142.0
1089.5
68.0
9463.5
1373.0
1898.0
1504.5
16418.0
1589.0
68.0
1034.0
8613.0
6339.0
18287.5
5114.0
6857.0
0
68.0
738.5
1670.5
1013.0
3724.5
8117.5
68.0
2818.0
68.0
68.0
1895.5
163.0
4152.5
1145.5
1631.0
163.0
3124.0
10715.5
10331.0
8694.0
1499.0
6786.5
1016.5
6728.0
1506.5
926.5
8596.0
5119.5
1423.5
1769.5
9774.0
1912.5
6315.5
944.0
2734.0
999.5
2217.5
9562.5
3229.5
2763.0
14266.5
14752.5
9390.5
3782.5
3262.5
2381.5
3553.5
68.0
1409.5
2060.0
68.0
68.0
68.0
68.0
6390.5
1792.0
5153.5
68.0
15669.5
68.0
1392.5
5318.0
3671.5
68.0
5432.5
3701.0
3309.0
1859.0
5039.5
0
68.0
68.0
3606.0
7760.0
9891.5
4504.5
13824.5
10435.0
163.0
1912.0
3191.0
5317.5
5524.0
68.0
66.5
7111.5
2551.0
68.0
2575.0
21795.5
24935.0
4236.5
1940.5
0
163.0
68.0
4167.0
9982.0
3775.0
3104.0
943.5
68.0
6760.5
153.5
68.0
4161.5
6887.0
612.5
68.0
5570.0
5074.0
5927.0
7747.5
7404.5
1999.5
5441.0
12129.5
68.0
14647.5
848.0
1019.0
5057.5
15595.5
9207.0
14545.0
1387.0
11230.5
1241.0
0
2731.0
9353.0
68.0
68.0
5465.5
4893.5
0
4562.5
1207.5
1886.5
18723.5
68.0
5034.5
7163.5
6741.0
6323.0
1801.5
4700.5
3675.5
2060.5
944.5
8081.0
11214.5
1952.5
68.0
458.0
8533.5
629.0
5862.0
9446.5
9395.5
3374.0
68.0
4925.5
999.5
68.0
9878.0
13374.0
7268.0
4631.5
8616.0
68.0
173.0
7138.0
0
943.5
6924.5
68.0
68.0
6939.0
68.0
68.0
4971.5
13413.5
68.0
5881.5
629.0
2358.5
3180.0
19694.5
3008.5
2383.5
8096.5
5599.5
0
10297.0
6817.0
909.5
11310.0
14648.0
11801.5
5027.0
9799.0
5872.5
3199.5
68.0
8967.5
68.0
0
7544.5
5459.5
68.0
12041.0
7135.0
68.0
1578.0
1019.0
8988.0
68.0
6514.5
5505.5
2856.0
2021.5
24464.5
4140.0
5592.0
12486.0
68.0
68.0
68.0
2877.0
5786.5
1580.0
1019.0
68.0
7159.0
11064.5
3751.5
6965.0
2982.5
2153.5
1929.5
6804.0
68.0
926.5
2074.5
9362.5
17803.5
11863.0
4076.0
4818.5
3838.5
12878.0
17416.5
6148.5
12075.5
6774.0
10037.0
13352.5
8513.0
68.0
4385.0
3236.5
3597.5
1894.5
13010.5
4926.0
5040.0
8808.0
1031.5
68.0
1386.0
6483.0
68.0
1985.0
11247.5
4962.5
68.0
2046.5
8136.5
736.0
11959.5
2364.0
1109.0
2733.5
458.0
3610.0
6810.0
5856.0
7061.5
2617.5
633.5
1499.0
0
5033.0
68.0
20486.5
25411.0
68.0
68.0
7565.5
5808.0
10299.0
68.0
2316.0
10792.0
15276.5
1501.5
68.0
68.0
27247.0
2429.0
4525.5
2487.0
23630.0
7166.5
0
1053.5
10394.0
68.0
6395.5
1887.5
1314.0
2262.5
15178.5
5945.5
5521.0
2279.5
3102.0
20917.5
16510.0
8645.5
24906.0
68.0
20122.5
1004.5
21395.5
8494.5
68.0
17805.0
21902.0
17499.5
1874.5
3280.5
7702.0
3177.0
0
1573.5
68.0
68.0
9382.5
4441.0
629.0
5008.5
68.0
68.0
8147.0
19153.5
10429.0
11581.0
629.0
9741.5
8816.5
5974.0
2340.5
5058.5
1780.5
4889.0
2865.0
12085.0
22041.0
533.5
13862.5
25939.0
10022.5
13294.0
2265.5
12920.0
841.0
68.0
11444.0
3328.5
68.0
4069.5
3238.0
7311.0
5764.5
8986.0
20974.5
1424.0
4065.5

2004.5
11924.5
0
11772.5
6311.5
68.0
1967.5
68.0
5515.0
2355.0
15248.0
68.0
3563.5
2077.0
4185.5
68.0
9855.5
68.0
6196.5
68.0
68.0
12858.5
13437.5
3717.0
9497.5
8628.0
8149.5
4060.5
1036.0
4971.5
1375.5
13215.5
12035.0
646.0
983.0
3674.5
163.0
4081.5
68.0
21127.0
8963.5
68.0
3654.5
6810.0
1556.0
962.0
3387.0
2002.0
629.0
15203.0
68.0
68.0
68.0
9224.5
10354.0
4092.0
2001.5
17323.0
629.0
3491.5
10555.5
2737.5
2676.5
541.0
5892.0
1314.0
68.0
4928.5
612.5
68.0
3791.5
11158.0
1479.5
12192.5
979.0
17354.0
438.5
3991.5
6257.0
26360.0
68.0
14727.5
12988.5
11167.0
9499.0
12133.0
68.0
68.0
25486.0
68.0
1505.5
9982.5
0
15282.0
5536.5
24895.5
7852.5
68.0
1389.5
68.0
9920.5
25038.0
4455.5
68.0
1316.5
1434.0
68.0
6845.0
4653.5
6672.5
1428.5
3653.0
14680.5
0
9570.5
68.0
5797.5
68.0
68.0
14361.0
16993.0
1000.0
13856.0
68.0
68.0
68.0
0
1300.0
9547.5
5378.5
1597.0
1095.0
1894.5
8575.5
11982.5
7241.0
1402.5
1349.5
3139.0
6194.0
3129.0
68.0
68.0
68.0
2250.0
11265.5
6769.0
68.0
438.5
1350.5
68.0
4095.0
4394.0
68.0
1488.0
1599.5
3304.5
5363.5
1019.0
26279.5
68.0
9357.5
20129.0
3655.5
4573.5
3250.5
68.0
1239.0
5945.5
8599.0
438.5
0
8615.5
68.0
10761.5
7104.5
10297.5
4522.0
1197.0
2338.0
7268.5
8313.5
12587.5
68.0
1036.0
332.0
17115.0
68.0
11242.5
9905.5
15696.5
9389.0
4450.5
68.0
0
13815.0
68.0
7208.5
2650.0
14335.0
6814.0
944.0
15166.0
68.0
3205.5
11140.5
7697.5
434.0
7239.5
4542.5
1948.0
9984.0
10314.5
612.5
68.0
11229.0
7165.5
6835.0
68.0
13753.5
68.0
15452.5
19107.5
68.0
1423.5
5385.5
2728.0
0
68.0
68.0
4899.0
13945.5
4553.5
1777.0
1413.0
5891.0
2352.5
1614.0
10365.5
14021.0
10714.5
4595.0
2723.5
1496.5
438.5
5002.5
4381.0
11882.0
4596.0
15100.5
13948.0
1019.0
0
23238.0
1479.5
1414.0
2543.0
0
5321.0
13555.0
944.0
1987.0
77.0
8982.0
6657.5
68.0
1331.5
3248.5
5873.5
4533.5
68.0
8609.5
2283.0
68.0

7179.5
15376.5
16374.0
10698.5
3122.5
68.0
2526.5
1331.0
68.0
23697.0
3102.5
68.0
1875.5
11259.0
3197.5
3216.0
5925.0
68.0
9350.5
2694.0
8058.5
6341.5
5450.5
7552.5
3213.5
458.0
10834.5
9042.5
6431.0
3158.0
5455.0
10311.5
9320.5
4709.5
1479.5
68.0
534.5
68.0
68.0
2734.0
7187.5
8559.0
4543.5
5816.0
16181.5
11707.0
7653.0
10765.5
68.0
1869.0
1336.0
8121.0
1128.5
9910.0
8489.0
1862.5
5336.5
68.0
18248.5
68.0
20442.5
0
68.0
1875.0
1505.0
68.0
10711.5
0
1326.5
629.0
68.0
0
5914.0
2341.0
13915.5
14833.0
68.0
5602.5
13851.0
999.5
23178.5
9805.5
68.0
0
0
7148.5
5029.5
533.5
2002.0
9906.0
14764.5
9535.5
1405.0
633.5
68.0
2089.5
2618.5
3236.5
1033.5
68.0
7637.5
9455.5
9705.5
0
9179.5
68.0
3250.0
25460.5
5989.0
2357.5
12249.5
9267.5
537.5
3681.5
68.0
13921.0
2255.0
4559.5
68.0
8464.5
6101.5
68.0
11692.0
7143.0
4518.0
18038.5
0
17506.0
19529.0
1033.5
5059.5
7128.5
18275.0
1946.5
68.0
2299.0
68.0
2845.5
4282.0
10202.0
1980.5
2369.5
13491.5
2565.5
5832.5
5063.5
1333.5
68.0
1036.0
2394.0
68.0
4139.5
8547.5
5175.0
5936.5
6264.0
68.0
995.5
1477.0
0
3341.0
21973.0
3403.0
2674.5
6286.5
3132.5
1036.0
5906.0
910.0
4350.5
12736.5
18649.5
5924.0
7692.5
68.0
1406.5
15135.5
719.0
5912.5
7546.5
8695.0
11571.0
68.0
0
14741.0
7048.0
1504.5
4299.0
7311.0
6481.5
19242.0
68.0
943.5
11636.5
8521.0
3218.0
14305.0
68.0
2746.0
9872.0
1222.5
15946.0
9914.5
6247.0
8797.5
5331.5
1224.0
1967.5
21427.5
1019.5
5399.5
4922.0
9467.5
2349.0
68.0
5012.0
1796.5
68.0
68.0
848.0
5515.0
0
14678.0
8071.0
68.0
5014.5
1487.5
5708.5
13090.5
3116.5
5790.5
4727.5
68.0
15166.0
1053.0
0
68.0
7656.0
16134.5
1670.5
1881.0
1033.5
18852.0
0
11475.0
3009.5
13048.0
243.5
2366.5
6654.5
68.0
3051.5
9010.0
17767.5
10108.0
7638.0
8729.0
0
3691.0
68.0
8320.0
26719.5
3241.0
68.0
8502.5
2361.5
8294.0
1131.0
4462.0
2306.0
2299.0
961.0
4793.0
11228.5
2438.0
3663.5
68.0
68.0
3698.5
8976.5
5671.5
16475.0
68.0
21474.0
15290.0
8584.0
13822.0
1019.0
943.5
68.0
9110.5
2246.5
5554.5
68.0
18355.0
1892.0
21078.5
2363.5
19085.0
68.0
3724.5
6719.0
6670.0
5478.5
26424.0
5013.0
8535.0
4059.0
2774.5
2828.5
68.0
1333.5
11192.0
9869.5
1480.0
10307.5
2463.0
1485.0
1334.5
10810.5
612.5
4515.5
68.0
163.0
3702.0
68.0
8514.5
16461.0
11659.0
7127.5
1174.0
2638.5
68.0
2546.5
534.5
13358.5
2101.0
1516.0
6890.5
68.0
0
1033.5
68.0
3789.5
5368.0
12475.5
1027.0
12924.0
4479.0
12006.5
10839.5
15190.5
4896.0
68.0
7544.0
6297.5
14513.5
14713.5
8569.5
3712.0
4542.0
3595.5
0
9389.5
68.0
833.5
0
25805.0
438.5
2897.5
1109.0
926.5
68.0
18827.0
7609.0
1472.5
68.0
68.0
4133.0
365.5
9817.0
5589.0
2321.5
68.0
68.0
4060.0
4499.5
4791.0
1378.0
7082.5
12505.5
18773.5
10310.5
8921.5
1796.5
1833.0
13075.5
4916.5
20621.5
163.0
6254.0
0
2354.5
7018.5
7224.0
8980.0
17884.5
7838.5
68.0
68.0
24938.5
9491.5
10301.0
7271.5
3199.0
10381.0
1241.0
68.0
2843.5
68.0
14500.5
6710.0
3680.5
68.0
8844.5
3219.0
22648.5
10290.0
0
3158.0
2689.5
18653.0
1910.0
15705.5
14779.0
68.0
0
1016.5
68.0
13368.5
8522.5
13453.0
10754.0
68.0
3034.0
4456.5
0
15212.0
8869.5
11126.0
1436.5
612.5
6684.0
1578.0
11267.0
8223.5
1875.0
1505.0
68.0
15886.5
50.0
6392.5
15320.0
68.0
4096.5
68.0
5888.0
1019.0
8553.0
68.0
19149.5
68.0
4185.5
4543.0
18258.5
1597.0
27205.0
16939.0
13049.5
961.0
68.0
163.0
3140.0
12310.0
12009.5
3206.0
13839.5
4159.0
4994.5
629.0
3586.5
68.0
68.0
5437.0
5893.5
12910.5
9448.5
5806.5
6247.0
999.5
5045.0
7400.5
21050.0
1479.5
68.0
6738.0
68.0
10230.5
1033.5
11178.5
3680.0
0
4651.0
14824.5
2751.0
68.0
11197.5
5463.5
5340.0
4684.0
7747.5
10392.5
7251.0
9200.5
10417.0
22347.0
68.0
14431.5
9484.5
24700.5
40.5
6222.0
7216.0
21910.0
4254.5
68.0
9495.0
5052.0
68.0
22388.0
2259.5
68.0
4591.0
960.5
11337.0
1554.5
12983.5
3128.5
5998.0
6554.5
1019.5
68.0
14102.0
7277.0
14713.0
9776.5
12512.5
68.0
6880.0
0
12736.5
999.5
12730.5
12531.5
20009.5
14416.5
2423.5
68.0
68.0
4141.0
1048.5
12145.0
3199.5
646.0
68.0
348.5
1392.5
9452.5
5450.5
68.0
68.0
68.0
9038.0
1915.0
7373.5
4735.0
16654.5
3152.5
646.0
0
6448.5
9000.0
7167.5
2770.5
6021.0
438.5
893.5
4463.5
16139.5
15285.5
0
68.0
9836.5
1874.0
961.0
10760.5
0
20720.0
3616.0
1630.0
1895.0
3768.5
2265.5
2100.0
68.0
26242.5
24454.5
2752.0
1893.0
0
68.0
3270.0
4273.0
68.0
5891.5
9461.5
2341.0
12938.0
5987.5
4916.5
10876.0
1825.5
1983.0
7996.5
5047.0
5052.0
7146.0
6240.5
633.5
13901.0
18842.5
9328.0
10735.5
629.0
21327.0
2453.5
17038.0
2689.5
9470.5
7710.0
11736.0
9070.0
4607.0
68.0
2372.5
68.0
4629.0
68.0
19288.5
4075.0
5094.5
6771.0
7039.5
3722.5
1347.5
68.0
7185.5
10464.0
8016.0
68.0
10676.0
627.5
68.0
4054.0
9538.5
2234.0
5015.5
68.0
1106.5
2372.5
1053.0
17423.5
4008.5
3177.5
7199.0
16093.0
443.5
68.0
68.0
4551.5
5896.0
16027.5
1145.5
8754.5
960.5
5873.5
9224.5
5019.5
5467.5
12391.0
1109.0
5366.5
68.0
3162.5
23129.0
16882.0
68.0
68.0
4129.0
68.0
2736.5
14779.0
3242.0
68.0
3669.5
68.0
68.0
8566.0
68.0
5047.0
68.0
0
3401.0
12358.0
12544.0
5376.5
2765.5
16938.0
5057.0
961.0
15029.0
3692.0
50.0
1034.0
68.0
646.0
5343.0
3805.5
2362.0
7683.0
23171.5
4002.5
68.0
68.0
1769.5
2279.5
22346.0
17506.5
3207.0
1819.0
1413.0
1789.0
2784.5
68.0
68.0
9809.0
9688.5
68.0
17001.5
629.0
17561.5
68.0
2548.5
10219.5
7627.5
4485.0
3464.0
68.0
9846.0
4174.5
68.0
438.5
14734.5
6815.5
0
21406.0
13425.5
7536.0
68.0
68.0
18674.0
68.0
8007.0
614.0
6257.5
3665.0
7584.5
25958.0
9592.5
12596.5
68.0
10722.0
8214.0
68.0

724.0
68.0
9331.5
4628.0
4121.5
10390.5
6764.0
521.0
13031.5
1504.5
68.0
1578.0
5060.5
5084.0
9378.5
8983.5
68.0
10829.0
925.0
1479.5
11155.5
1584.5
6212.0
1010.5
4448.0
14845.0
4034.0
77.5
68.0
2529.0
3556.0
68.0
6595.0
1522.5
5900.0
68.0
3815.5
3667.5
15213.0
0
15675.5
12163.5
5435.5
9080.5
1889.0
6093.5
5176.0
0
68.0
20056.0
3396.0
68.0
68.0
7215.0
5401.0
1892.5
1389.5
2845.5
68.0
8992.5
16019.5
68.0
68.0
4642.0
12407.0
68.0
5442.5
6261.0
20498.5
67.5
1980.0
17648.0
2933.0
961.0
2313.5
6272.0
8980.5
68.0
551.5
1522.0
3132.5
8952.0
3684.5
8072.0
68.0
68.0
4631.5
2397.5
6802.0
17888.0
24441.0
5044.0
3657.5
68.0
1631.0
5936.5
2796.5
2439.0
3738.0
4557.0
68.0
12930.0
13775.0
66.5
13448.5
9992.5
1965.0
7675.0
8486.5
5442.0
7762.5
11621.0
11658.5
23599.5
68.0
17364.0
1841.0
6367.5
11191.0
4124.0
68.0
4014.5
1628.5
9802.5
68.0
40.5
8564.5
68.0
7876.0
2452.0
8009.0
9918.0
3216.0
68.0
5858.0
7585.0
6390.5
13825.0
26788.0
2255.5
10278.5
68.0
7981.0
4992.0
2754.5
3236.5
10814.0
68.0
3716.5
4989.0
961.0
22363.0
7773.5
7593.0
2737.0
68.0
6769.0
2367.5
7650.0
22.5
12032.5
14803.0
11485.5
2726.0
5528.5
1110.0
4614.0
1016.5
68.0
68.0
68.0
68.0
15130.0
3050.0
68.0
68.0
17006.5
4171.5
2807.0
524.0
3348.5
15704.0
13022.5
2175.0
3985.5
68.0
5449.0
8929.0
50.0
68.0
5950.0
8.0
14777.5
4528.0
13361.5
2689.0
6396.5
6542.0
163.0
1521.5
8506.5
1987.0
1875.0
2394.5
163.0
6670.0
4517.5
4998.5
68.0
6767.5
7208.5
4070.5
68.0
2299.5
11254.5
6658.0
10838.0
9012.0
20897.0
2302.5
533.5
17041.0
68.0
68.0
6564.0
68.0
14691.5
163.0
5072.5
3228.0
5040.5
19067.0
3686.0
17416.5
22143.5
3045.0
68.0
68.0
1758.0
15627.0
68.0
3699.0
68.0
10440.5
8160.5
9638.0
68.0
163.0
9829.5
163.0
68.0
6259.0
7932.5
24157.0
68.0
68.0
9948.0
7244.0
11877.0
17322.0
943.5
2708.5
68.0
68.0
2768.5
7695.0
348.5
3703.5
68.0
4931.0
4590.5
68.0
438.5
16129.5
15290.0
21801.5
4858.0
4629.0
2265.0
19241.0
68.0
9034.0
943.5
8228.5
68.0
8453.5
8621.5
8516.0
2380.0
3074.5
15146.5
1441.0
68.0
68.0
537.5
4509.0
7655.0
68.0
24612.5
3719.5
2445.0
19392.0
1717.0
26585.0
927.5
68.0
1406.5
1477.5
1878.0
68.0
12709.5
8547.5
5521.0
5008.0
1999.5
16871.0
15739.0
68.0
23688.0
1051.0
5430.0
4908.5
18346.5
524.0
533.5
7244.5
9379.5
2680.5
16429.0
68.0
8.0
0
0
2735.0
40.5
8079.0
68.0
11558.5
5602.5
0
1875.0
5708.5
943.5
1129.5
68.0
9184.0
8523.0
68.0
3537.0
24463.5
68.0
0
6337.0
2206.5
1458.0
0
15284.0
5324.0
14365.5
1968.0
4425.5
926.5
163.0
68.0
68.0
68.0
163.0
6795.0
0
68.0
0
0
0
8137.5
1877.5
68.0
15657.5
0
6674.5
150.0
5793.0
0
8.0
0
1300.0
8446.0
2265.0
1331.0
68.0
2697.0
10304.0
68.0
11201.0
1471.0
35.0
16467.0
68.0
16503.5
11367.5
0
4541.0
612.5
1469.5
1297.0
8033.0
153.5
2358.0
5969.0
1997.0
67.5
1051.0
23114.5
6360.0
4572.5
12475.5
0
7229.0
18815.0
23359.0
6311.5
4465.5
1594.5
12531.5
3601.5
4911.5
1036.0
68.0
16129.5
4603.5
0
8527.0
943.5
16155.0
68.0
2721.0
14374.0
7256.5
68.0
0
68.0
68.0
1089.5
11186.5
3641.0
2766.5
5890.0
2363.5
12100.0
6321.0
15808.5
3609.5
16345.5
9434.5
1479.5
14046.5
8950.0
68.0
5961.0
1578.5
14594.5
16577.5
6628.5
8596.0
2800.0
13973.0
15694.5
5918.5
7773.0
0
8918.5
0
68.0
0
8972.0
68.0
21867.0
13122.5
10252.5
68.0
8962.0
68.0
629.5
0
15129.5
736.0
25708.0
4182.0
6800.5
4577.0
2785.0
1788.5
16599.0
6803.5
554.5
4999.5
2809.0
1002.5
1034.0
2289.5
68.0
68.0
6401.0
2375.0
68.0
3636.0
20675.5
7355.5
68.0
0
68.0
68.0
9239.0
68.0
8338.0
2312.5
163.0
3522.5
3590.0
2206.5
14666.5
2077.5
3124.0
10805.0
6674.0
2323.0
9881.0
4066.5
12069.0
4578.0
944.5
12651.5
9335.5
1019.0
20483.5
5847.0
0
9065.0
68.0
1410.5
5520.0
6375.0
21525.5
7662.5
4633.0
4068.0
10855.5
7281.0
5912.0
5019.5
9906.5
3997.5
19265.0
8502.0
8399.5
12142.0
17147.0
15318.5
12559.0
13023.5
4608.5
3701.5
68.0
736.0
9191.0
5882.0
4464.5
17476.5
14011.5
68.0
6824.0
68.0
5476.5
16083.0
629.0
4995.0
2549.5
19246.5
2826.5
5784.0
2920.0
7369.0
14344.5
2896.5
22713.0
3137.5
1951.0
68.0
68.0
1016.5
68.0
21462.5
2231.0
2794.0
22.5
68.0
8773.0
6976.0
1949.0
163.0
3592.5
1038.5
4899.5
22139.5
3341.0
13299.5
2674.5
11643.5
6779.0
68.0
8450.5
8124.5
1434.0
17388.5
16503.0
4462.0
68.0
3772.0
8042.5
2437.5
1499.0
12961.5
1878.0
5001.0
5411.5
2688.5
68.0
68.0
14669.5
3607.0
68.0
2299.5
68.0
612.5
2936.5
1869.5
6405.0
68.0
19818.5
1602.0
6349.0
5519.5
24557.5
68.0
17950.5
68.0
14742.5
7560.0
68.0
3568.0
1501.5
736.0
909.5
24493.5
5380.0
5390.5
11168.0
68.0
4014.5
68.0
3219.5
2844.0
2377.5
1300.0
68.0
8995.0
1430.5
68.0
15148.0
5907.0
68.0
68.0
3511.0
7909.5
1132.5
5089.0
3553.5
5007.5
68.0
926.5
4467.5
3245.0
2826.5
7704.0
1528.5
16551.0
68.0
5513.0
3643.0
738.5
3267.5
4067.5
4165.0
5441.0
54.0
5351.5
4553.0
5492.0
68.0
12968.5
938.0
1802.0
5525.0
10713.5
3300.0
646.0
7473.5
9322.0
10982.5
2338.0
68.0
68.0
1798.0
3181.5
12008.0
554.5
68.0
3526.0
5514.5
7245.5
2750.5
6274.0
1463.0

3972.5
438.5
3650.5
68.0
2927.5
5874.0
7609.0
4230.5
1950.5
7741.5
9826.5
16561.5
7164.5
9862.0
348.5
3693.0
2707.5
1505.5
629.0
7440.0
6306.0
9018.0
2551.0
1934.5
12911.5
5824.5
8927.5
20489.5
4187.0
6827.0
1033.5
15583.0
646.0
18360.0
17596.5
1423.5
68.0
1594.5
1426.0
1430.5
68.0
16116.5
458.0
5436.0
68.0
5891.5
6561.0
3318.5
3526.0
8505.5
8042.0
2863.0
646.0
10973.0
1860.0
719.0
2744.5
4163.0
68.0
8874.0
4966.0
68.0
1019.0
1505.0
9889.5
18267.5
2799.0
7665.0
22319.0
4693.5
8268.0
1538.5
22.5
9018.5
510.0

9968.5
68.0
68.0
1926.5
8.0
719.0
9474.5
10664.5
68.0
9861.0
68.0
23201.0
4591.0
68.0
3814.5
5762.0
4961.5
16175.0
893.0
1522.5
57.5
68.0
2355.0
7162.0
68.0
4613.5
4040.5
3350.5
2066.5
8489.0
14474.0
7675.5
5797.0
3723.5
15668.5
50.0
8022.5
1895.5
12928.0
629.0
6664.5
68.0
17716.0
6649.5
23748.0
1787.0
629.0
4347.0
68.0
1997.5
68.0
1033.5
1409.0
1806.5
7039.0
6324.0
68.0
68.0
1428.5
5533.0
1404.5
8892.5
2316.5
68.0
17441.0
4032.0
9500.0
7673.5
4921.0
944.0
10775.0
16026.0
68.0
9868.0
8362.0
1915.5
1034.0
1331.5
68.0
20996.0
68.0
5425.0
4463.0
7604.5
7563.0
11560.5
5549.5
4027.5
1521.5
68.0
22361.5
2393.5
2751.5
1487.5
68.0
1975.5
11288.0
1663.0
10846.5
5865.5
68.0
68.0
16986.5
68.0
12641.0
8682.5
2267.5
68.0
0
9902.0
2242.5
0
3593.5
8585.5
2672.0
11120.5
3593.5
5972.0
4465.5
68.0
10188.0
12012.5
6801.5
3203.0
5809.0
7060.5
68.0
3178.0
5470.0
9906.5
22248.0
12051.0
1724.5
8133.0
24666.5
7204.0
8071.0
5039.5
4069.0
2252.5
9303.5
68.0
12246.0
13373.5
68.0
19673.0
1875.0
7216.0
2746.0
3318.5
14702.5
1505.0
438.5
68.0
10976.0
1338.0
3997.5
7207.0
2762.5
14333.0
7687.0
2780.5
8523.0
5783.5
3711.5
835.0
16485.5
4076.5
12572.5
68.0
68.0
3015.0
68.0
1297.5
7641.0
8032.5
68.0
6734.5
2301.5
16019.0
3688.5
7756.5
9791.0
3195.0
23790.0
257.0
68.0
68.0
2477.5
9963.0
22832.0
1092.5
5015.5
68.0
68.0
4981.5
14767.5
3138.5
8623.5
68.0
11144.0
2661.5
2930.5
629.0
4957.5
7606.0
9444.5
1841.0
1880.0
14303.5
68.0
348.5
5946.5
2739.0
4485.5
11359.5
19087.0
3853.0
14320.5
13922.5
4175.0
1892.0
3115.5
5050.0
6315.5
2958.0
3569.5
1016.5
7363.0
6759.0
68.0
68.0
68.0
3587.0
0
1496.5
68.0
1423.5
4573.0
11223.5
8563.0
1519.5
1033.5
3740.0
11997.5
629.0
7209.0
5823.0
0
3226.0
16728.5
68.0
4561.5
925.0
9753.5
11649.0
68.0
9827.5
10758.5
68.0
11847.5
2939.0
6248.5
1346.0
15236.5
26291.5
2001.5
9993.5
2896.5
16975.5
2822.0
13507.5
438.5
16107.5
6725.5
2663.0
68.0
3153.0
909.5
5861.0
11059.0
9404.5
3870.5
6667.0
5695.5
8364.5
753.5
8897.5
68.0
3886.5
21014.5
67.5
6495.0
6340.0
16480.5
14825.0
2334.0
9768.0
8969.5
2409.0
1892.0
17341.0
15995.5
2583.0
3092.5
2647.5
7321.0
365.5
438.5
7484.5
9013.5
17829.5
14043.5
20671.0
54.0
68.0
21435.0
2472.0
9283.5
68.0
68.0
5876.0
3266.0
68.0
1858.0
7138.5
9744.0
8526.0
3119.5
629.5
10369.5
17165.5
10783.5
646.0
11902.0
68.0
12605.0
8963.5
0
9462.5
2316.5
10230.5
1016.5
2348.0
3248.0
25499.0
438.5
68.0
1802.5
12184.0
3601.0
9507.5
1014.5
3700.0
537.0
4628.0
5525.5
12500.5
1024.5
4971.0
10733.5
2775.5
15629.5
1892.0
68.0
4066.5
8854.5
1785.5
828.5
10358.5
14277.0
8151.5
68.0
6401.5
12058.5
68.0
7769.0
629.0
20936.5
11590.0
1016.5
8919.5
629.0
5839.5
20561.5
3455.5
4766.5
3240.5
3214.5
2283.0
4327.5
1431.5
8923.5
0
6828.0
0
16805.0
1280.5
9552.5
68.0
0
5102.0
3094.5
68.0
2372.5
5247.5
0
6544.5
1911.5
10829.5
3269.0
3603.5
3141.5
627.5

3601.0
68.0
21330.0
7021.0
12806.0
68.0
5430.0
5611.0
10695.0
553.0
5605.0
15727.0
4291.0
24265.5
2709.0
1479.0
68.0
6815.0
6237.5
10673.5
3242.0
13673.5
647.0
7181.0
629.0
1051.0
4012.5
8083.5
14244.0
7679.0
6836.0
10820.5
736.0
4986.0
438.5
3935.0
14734.0
5009.5
1784.0
20524.5
13225.0
1102.0
10978.0
2942.0
2652.5
6774.5
6749.0
12440.0
4205.0
5594.0
10708.5
3216.0
68.0
6204.5
2534.5
2338.0
1689.5
3213.5
2225.0
2753.5
19839.0
15192.0
1298.0
24079.5
10402.0
68.0
7701.0
4501.5
8551.5
7109.0
68.0
14383.0
10306.0
12421.0
2356.0
2529.0
23143.5
14393.0
8922.5
68.0
12099.5
68.0
457.0
16884.0
17109.5
0
68.0
2394.5
5493.5
17360.5
8590.5
5026.0
13261.5
1053.5
2880.5
1502.0
1488.5
3196.5
68.0
14764.0
5848.0
5335.0
68.0
1012.0
2835.0
3201.0
68.0
1393.0
4019.5
5973.0
1416.5
68.0
68.0
163.0
2377.0
1800.0
4510.0
68.0
1488.5
68.0
4150.5
14744.5
6169.5
465.5
4593.5
9849.0
68.0
2816.0
535.0
755.5
22273.5
11218.5
68.0
1859.0
12881.5
9880.0
2841.0
6256.0
3735.5
4957.0
22371.0
755.5
5012.0
68.0
6361.0
5310.0
68.0
8552.0
68.0
9894.0
68.0
12052.5
5325.0
7235.5
4483.0
10274.0
68.0
1000.0
12044.0
68.0
68.0
21433.5
1488.0
2237.5
4571.5
15261.0
4002.0
1499.0
17929.0
68.0
7117.0
14386.5
2242.5
1114.0
1406.5
4566.0
9261.0
7219.0
6810.5
926.5
3790.0
14751.5
9924.5
22286.5
11811.0
14351.0
18711.0
68.0
537.5
4172.0
68.0
1911.5
521.0
1790.0
18626.0
68.0
1782.5
4872.5
68.0
68.0
9011.5
8922.0
5331.0
1218.5
68.0
9876.0
2235.0
68.0
20990.0
1276.5
926.5
19611.5
1912.5
11280.0
68.0
68.0
68.0
68.0
68.0
3237.0
68.0
1948.0
3314.0
6822.5
629.0
12956.5
68.0
4071.5
10301.5
13829.5
2009.0
9006.5
68.0
9927.0
4919.0
14813.5
9454.5
11669.5
3199.5
4051.5
5787.5
629.0
68.0
2287.5
2348.5
68.0
68.0

3669.5
1112.5
6825.0
11135.0
68.0
68.0
68.0
4932.5
4466.0
6842.5
3188.0
60.5
2805.5
68.0
68.0
12146.5
68.0
1041.5
68.0
1036.0
4169.0
27203.5
1522.5
163.0
12132.5
68.0
68.0
3072.0
4981.5
10707.5
0
5829.0
10767.0
3231.5
3601.5
11132.0
9111.0
68.0
3245.5
2268.0
14541.5
0
68.0
2846.5
68.0
2350.5
458.0
7130.0
5444.5
13436.5
3137.0
2852.5
16467.0
3203.5
68.0
438.5
2373.0
9868.0
2683.5
2810.0
10371.0
68.0
7682.0
68.0
11685.0
9860.0
11717.5
6743.5
20557.5
6766.0
9077.0
12491.0
5498.0
68.0
6772.5
12056.0
1034.0
6278.0
4930.0
1404.0
4982.0
17464.0
4197.0
23273.5
68.0
4164.5
2379.5
16058.5
163.0
68.0
1497.5
3118.5
4502.0
629.0
6884.5
5899.0
12225.5
68.0
13459.5
5414.0
1928.5
0
13365.0
1016.5
3227.5
4728.5
4792.0
7339.0
68.0
2363.5
6259.5
6734.0
24988.0
68.0
1406.5
5375.5
2777.0
1894.5
23112.0
2380.0
1224.5
10687.0
68.0
68.0
0
68.0
3138.0
999.5
2394.5
2567.0
11172.0
14270.5
13319.5
1984.5
24531.0
5534.5
68.0
6814.5
13953.0
9056.0
13794.0
17870.0
7631.0
5064.0
9433.5
7673.0
68.0
2826.0
2318.5
11158.0
7646.5
11214.5
13506.0
438.5
16992.5
1024.5
927.5
6794.5
14461.0
68.0
535.0
68.0
8172.0
21354.0
8675.0
9860.5
4591.0
68.0
68.0
15153.0
8995.0
25932.0
8480.0
458.0
8199.0
7205.0
5916.0
12604.5
7662.5
11632.5
5508.5
9059.0
18317.5
2357.5
20912.5
927.0
68.0
9456.0
1053.5
1016.5
4201.5
5468.5
2842.0
5464.5
2987.5
8075.0
68.0
13009.0
18744.0
1390.0
3662.5
5512.5
68.0
6314.5
9322.5
12988.5
68.0
6222.5
7405.0
6789.5
3244.0
0
23369.0
3216.5
4648.0
68.0
15771.5
4448.0
11640.5
5897.0
11365.0
15729.5
20599.5
9419.0
10793.5
0
9947.5
2661.5
3086.0
12888.0
2352.5
4806.5
1055.5
0
1019.0
2812.0
2748.5
0
68.0
533.5
7623.5
5808.0
163.0
0
15661.0
9295.5
3733.5
68.0
82.0
904.0
68.0
16919.5
22315.5
1036.0
2090.0
2268.5
2882.0
10237.5
7692.5
5126.5
7223.0
9921.5
163.0
257.0
22267.0
2426.5
10403.5
68.0
3755.0
5868.5
68.0
20947.0
68.0
3215.0
4868.0
2986.5
68.0
647.0
11189.5
5077.5
22201.5
1928.5
5440.5
1895.0
8526.0
3023.0
1777.0
646.0
10348.0
1879.0
14721.0
68.0
4609.5
0
7714.0
20979.5
1499.0
629.0
0
7223.5
18370.0
4103.5
25903.5
68.0
13606.5
10073.0
1522.5
18754.5
10690.0
7611.0
0
1895.5
10962.0
1014.5
15715.0
6447.5
68.0
68.0
1799.0
9860.0
8591.0
641.5
7699.0
3098.5
7260.0
4173.5
6795.0
1799.0
1397.5
2826.0
738.5
5022.5
20035.0
1019.0
8215.5
13040.0
6903.5
1496.5
7689.5
4683.5
1794.0
3810.0
6751.0
4925.0
12674.0
13858.0
10906.0
2154.5
1611.5
1970.0
2757.0
14678.5
6771.5
68.0
2745.0
68.0
3794.5
68.0
68.0
19618.5
2342.5
2766.0
14240.0
18730.5
8947.5
5954.0
1013.0
2826.5
18261.5
15294.0
68.0
17357.5
22814.5
3192.0
620.5
3761.0
3535.5
2296.5
1505.0
1053.0
257.0
0
68.0
0
5977.0
9483.5
8110.0
6342.5
68.0
68.0
68.0
7364.5
7231.0
68.0
1706.5
11268.0
68.0
12906.5
3107.0
15619.5
5483.0
153.5
4981.5
68.0
1964.5
5884.0
4578.5
10762.5
1441.5
1390.0
11237.5
68.0
17082.5
5397.0
8255.0
1504.5
68.0
2391.5
19630.0
2770.0
1034.0
22338.0
17470.5
5359.5
2271.5
6277.0
0
7639.5
10637.5
10793.5
2826.5

4943.0
7770.5
15179.0
543.5
10320.5
8569.0
6777.0
2335.5
1503.0
2680.5
68.0
1423.5
22703.5
8077.5
4115.0
17385.0
19704.5
4541.0
11609.0
13042.0
1862.5
6315.0
68.0
6335.0
15501.5
19330.0
68.0
9030.0
7211.5
15190.5
3745.5
2403.0
3478.5
68.0
4932.0
2265.5
3196.5
438.5
26088.0
10914.0
1861.5
16516.0
0
3575.5
68.0
5024.5
2552.5
10530.0
16127.5
438.5
4094.0
12572.5
3115.5
2490.0
2394.0
5349.5
4637.0
7713.5
0
4916.0
9075.5
4170.5
18321.5
13555.0
4168.0
25918.5
3228.5
1875.0
4444.0
68.0
7662.0
9514.0
19101.0
1416.5
4441.0
11175.5
4482.0
6369.5
14728.0
2284.5
13118.0
5072.0
4593.5
2337.0
13079.0
68.0
5762.0
18409.0
7181.5
6259.5
68.0
2016.5
9492.5
68.0
9978.0
8521.0
1333.5
10386.0
8504.5
3243.0
3251.0
11884.5
14238.0
2218.5
23718.0
4603.0
6475.5
68.0
11135.5
12137.0
5386.5
68.0
68.0
12133.5
0
1479.5
163.0
13211.5
629.0
6475.5
19111.5
10461.0
2001.5
1878.5
14669.0
68.0
6244.0
738.5
21028.5
11589.0
20563.5
5396.5
22120.5
6245.0
5934.5
14915.0
10349.5
21854.0
11592.0
9924.0
68.0
4775.0
4056.5
4906.5
1016.5
3669.0
21034.0
0
68.0
4134.0
68.0
11318.0
68.0
0
543.5
646.0
14385.5
15601.0
7195.0
2720.5
7600.5
0
25477.0
7240.5
6601.5
2821.0
8918.5
13882.0
68.0
68.0
2441.0
2436.0
15644.0
23383.0
1597.0
926.5
11568.5
68.0
5508.0
68.0
3129.0
4107.0
2761.5
2494.0
14832.0
1523.0
6929.0
6109.5
22074.0
19461.5
11590.0
15541.0
1024.0
8878.0
68.0
68.0
0
68.0
0
4645.0
3831.5
257.0
1479.5
3733.0
3214.0
3399.5
12220.0
18691.0
9948.5
11433.0
68.0
4887.0
1791.5
68.0
1879.0
19300.0
4584.5
7306.0
5423.5
68.0
14758.5
23098.5
13053.0
68.0
11937.5
2209.5
1951.0
6705.0
68.0
3386.0
68.0
9335.0
554.5
9166.5
1224.0
0
12608.5
6136.0
5014.0
11771.0
3216.5
13521.0
458.0
68.0
7299.5
8130.0
68.0
17889.5
6760.5
11327.0
23685.5
6367.5
7168.0
629.0
627.5
7946.5
13215.5
0
7519.0
24101.0
4462.5
6272.5
15121.5
68.0
4152.0
68.0
4770.0
0
5955.0
2053.0
9922.5
68.0
10671.0
8681.0
12182.5
68.0
68.0
15555.5
5880.5
7535.5
4163.5
68.0
2431.0
1034.0
68.0
9921.0
3663.0
3645.0
0
23939.5
443.5
5859.5
6753.0
77.0
10242.5
5762.5
0
6195.5
1807.5
68.0
13469.5
21895.5
20029.0
19656.5
7683.5
5362.0
8119.0
5787.5
2820.5
0
2269.5
68.0
68.0
1389.5
1777.5
12020.0
4811.5
8612.0
68.0
68.0
11239.5
6528.0
8476.5
68.0
828.5
68.0
1012.0
68.0
68.0
6794.5
3411.0
1796.5
1436.5
1370.0
4687.0
7975.5
68.0
2358.5
5424.5
11099.0
5316.5
10947.5
19988.0
19647.0
6823.0
5788.5
5552.5
3223.5
14656.0
7480.0
26867.5
7718.5
3584.5
5590.0
8396.5
5914.5
1784.5
21679.5
543.5
1070.5
943.5
68.0
12119.0
4569.5
1410.0
2043.0
6360.5
3127.0
10951.0
6958.5
9822.0
8957.5
68.0
0
914.0
15260.0
8151.5
18415.0
3705.5
1424.0
5144.0
68.0
8481.5
68.0
3123.5
10740.0
0
6651.5
8220.5
17861.0
8064.0
438.5
68.0
4657.0
19130.5
68.0
6264.5
68.0
68.0
11949.5
15969.5
21953.5
458.0
1036.0
16090.0
348.5
68.0
68.0
614.0
6690.5
8099.5
944.5
7243.0
15864.5
1331.0
1873.5
943.5
922.0
2251.0
1551.5
68.0
2723.0
10336.5
1089.5
5436.5
1348.5
68.0
5987.0
1350.0
8937.0
68.0
3700.5
68.0
3197.5
3576.5
68.0
551.5
68.0
0
163.0
8966.0
3700.5
68.0
68.0
10959.5
1509.5
163.0
534.5
8687.5
4446.5
19732.0
3375.5
11570.5
2837.0
18331.5
6278.0
68.0
8161.0
68.0
2299.0
2425.5
6738.0
8011.0
15169.0
1036.0
1436.5
719.0
17899.5
3394.0
13878.0
7603.0
5379.5
17911.5
68.0
10252.5
4163.0
19604.0
1877.5
68.0
12045.5
20923.0
9149.0
5355.0
7121.0
68.0
68.0
2282.0
68.0
68.0
8189.0
1016.5
4648.5
68.0
17568.5
7699.5
3355.5
9216.0
6329.5
21911.0
9361.0
2245.5
1331.5
3704.0
4948.5
7591.5
1814.0
10288.0
5872.0
1980.0
3807.5
1778.0
4591.0
5892.5
2259.5
926.5
14284.0
1365.0
4438.5
1036.0
2436.5
12981.5
3717.0
0
8094.5
13914.5
3769.0
0
0
68.0
1875.0
10048.0
68.0
17651.5
18072.5
9340.5
7714.0
68.0
68.0
18643.5
663.0
1977.5
4197.0
6008.0
3789.0
1092.5
1912.5
5939.5
646.0
1598.5
68.0
646.0
3306.0
15594.5
15139.0
2269.0
2420.5
12577.5
2392.0
6756.5
7714.5
1022.0
10903.5
7585.5
85.0
9370.0
5023.0
3194.5
8471.0
458.0
11645.5
7568.0
5793.0
2739.0
438.5
4492.5
13375.0
6904.5
5337.5
4014.5
9386.0
11168.0
11172.5
68.0
6033.0
3215.5
4434.5
16141.5
5831.5
4137.0
12651.5
68.0
1331.0
10376.5
68.0
7300.5
8584.0
6009.0
17829.0
5972.0
11779.0
11287.5
12006.5
1334.0
19692.0
68.0
14845.5
14234.5
22449.0
4473.5
21586.0
68.0
1895.5
6448.0
24585.5
614.0
5912.5
10782.0
5785.0
0
1704.0
68.0
6440.5
6402.5
10466.0
4127.0
5421.0
10802.5
2840.0
26679.0
12390.0
2804.5
68.0
18277.0
257.0
438.5
68.0
8796.0
2695.0
14646.0
14772.0
68.0
68.0
3701.5
0
13001.0
9775.5
5022.0
68.0
455.0
11420.0
17369.5
6787.0
68.0
15855.0
12973.5
4157.0
14186.0
10711.0
68.0
6638.0
8021.5
17045.0
4984.5
5383.5
4857.5
348.5
23649.5
68.0
11227.0
2719.0
8909.5
5006.0
2282.0
1404.0
2667.5
10699.0
3694.5
68.0
1414.5
1796.0
5269.5
6810.5
2233.5
1499.0
68.0
7601.0
4656.0
16865.0
5108.0
2741.0
0
13178.0
68.0
2158.5
68.0
925.0
68.0
7668.5
2721.5
2282.0
4457.0
9975.5
7211.0
4920.0
2452.5
35.0
15472.5
2733.5
68.0
1021.5
68.0
1036.0
2334.0
629.0
1443.0
12928.0
68.0
3638.5
68.0
1019.0
68.0
4081.5
5481.5
68.0
13060.5
12146.0
6327.0
6328.5
1522.5
68.0
68.0
5461.5
7207.0
8757.5
5960.5
1929.0
7550.0
68.0
163.0
1892.0
2282.0
18013.5
521.0
1987.0
1475.5
18848.5
16650.0
4130.5
68.0
15128.0
11602.0
0
7014.0
943.5
9034.5
68.0
5137.5
534.5
27281.0
2458.5
5157.5
19161.0
5523.5
9549.5
10321.0
21911.0
68.0
551.5
68.0
5047.0
4563.5
4327.5
6357.5
15593.0
1224.0
7157.0
21355.0
4561.0
7675.5
0
730.0
22440.0
7606.0
5951.5
8193.5
68.0
12253.5
4146.0
5054.5
4038.5
3103.5
68.0
1406.5
20997.5
21559.0
4140.5
7146.0
2959.0
1036.0
14658.5
68.0
6843.5
11138.0
68.0
2843.5
1879.0
0
68.0
0
646.0
2709.5
10198.5
629.0
1036.0
23541.0
68.0
465.5
10362.5
7319.0
23168.5
6365.5
2441.0
7626.0
2861.0
4744.5
10373.5
14088.5
24527.5
20477.5
8468.5
16977.0
1870.5
68.0
910.0
2752.0
8472.5
5414.5
68.0
3320.5
68.0
7261.5
10351.5
646.0
5935.5
14472.5
68.0
2001.5
18242.0
6784.5
6258.0
10725.0
18262.0
9565.5
68.0
68.0
21342.5
14372.5
68.0
22335.0
18773.0
1522.0
14273.5
12425.0
68.0
3714.5
1016.5
1856.5
3640.5
5564.0
901.5
22911.5
4000.5
7628.0
7716.5
1348.5
25054.0
4944.5
1801.5
12219.0
4122.0
5003.5
11253.0
68.0
68.0
1875.5
3289.0
1119.0
18715.5
68.0
1389.5
5916.0
26060.5
13937.5
1505.5
2397.5
4002.0
5882.5
19725.5
14273.5
13466.5
12540.5
163.0
18745.0
68.0
68.0
15598.0
18825.0
8148.0
12123.0
943.5
54.0
12176.5
3788.5
10410.0
8225.0
17352.0
10642.0
646.0
1477.0
9328.0
40.5
1877.5
6988.5
68.0
68.0
68.0
68.0
2267.5
7732.0
7154.5
1819.0
68.0
68.0
17951.0
11607.5
17485.5
13343.0
811.0
0
17575.0
1911.5
1112.5
458.0
9928.5
68.0
15598.0
8468.5
153.5
3217.0
19991.0
7736.5
163.0
68.0
629.0
1089.5
68.0
0
68.0
18328.0
163.0
3497.5
19777.5
14260.0
3155.5
2380.0
438.5
6542.0
1333.5
713.0
2950.0
7593.0
1961.5
0
68.0
4020.0
1614.0
3120.0
4688.0
68.0
68.0
14725.5
7290.5
4216.0
5341.5
68.0
1353.5
11583.5
68.0
21470.0
927.0
2640.5
20532.0
13392.5
68.0
8224.0
1119.0
13748.0
11619.0
960.5
13433.0
68.0
5502.0
68.0
7629.5
0
5905.0
8646.0
3141.0
13880.5
14242.0
0
8232.5
17034.0
623.0
10752.0
4431.5
10741.0
5852.0
68.0
11149.0
18489.0
0
13996.5
4437.0
68.0
68.0
738.5
0
12072.5
4511.5
14303.0
68.0
1333.5
11629.5
68.0
68.0
9454.5
438.5
612.5
12427.5
4553.5
14649.0
0
8097.0
77.0
16131.5
28572.0
68.0
20596.5
4220.0
6941.5
1584.5

257.0
4147.5
1019.5
2375.0
1225.0
10819.5
1344.0
1953.5
12899.5
6731.0
22428.5
68.0
68.0
1224.0
12936.5
629.5
7716.0
68.0
8152.5
15938.0
13016.5
13356.5
7705.5
16962.5
2753.5
2236.0
5075.0
1019.0
1499.0
68.0
68.0
8245.0
8596.0
68.0
1016.5
25469.5
6716.0
10333.5
3108.0
4485.0
4483.0
551.5
13473.5
3155.5
6312.5
11972.5
10395.0
13913.5
25014.0
1000.0
68.0
7196.5
5490.0
6255.0
3247.5
68.0
68.0
68.0
15642.5
962.0
943.5
5342.5
17869.5
5395.5
10748.0
68.0
1877.5
4579.0
21047.0
18264.0
18328.0
16647.5
4131.5
2262.5
2746.5
17067.5
16473.5
68.0
68.0
3101.5
8824.5
63.0
50.0
2745.0
9398.5
2784.0
15611.5
9111.0
6758.5
5765.0
68.0
18298.0
5445.0
4969.0
18844.0
163.0
68.0
2842.5
1056.0
11528.0
1893.0
2751.0
17438.5
2859.5
627.5
8011.0
1098.5
6662.5
5552.5
68.0
68.0
3150.0
8574.0
68.0
3982.0
22246.0
68.0
1407.5
20706.0
68.0
11684.0
2268.0
5012.0
5213.5
944.0
446.0
5863.0
0
1503.0
68.0
68.0
2360.0
1055.5
6663.0
5939.0
1053.0
2751.0
5563.5
9558.0
1560.5
5820.0
7738.0
21577.5
3126.5
3250.5
17438.5
4872.5
2844.0
809.0
68.0
68.0
12992.0
68.0
6988.0
11650.5
26741.5
68.0
10046.0
2041.0
12467.5
3560.5
3525.0
2260.0
68.0
6469.0
4582.5
68.0
2372.5
1019.0
6401.0
438.5
4553.5
2251.0
909.5
23730.0
4260.0
1897.5
7644.0
68.0
19218.5
3212.5
68.0
17221.0
9019.5
7156.0
1841.5
21064.5
1051.0
10790.5
68.0
1984.5
10849.0
524.0
4988.5
927.0
458.0
1505.5
68.0
6373.5
68.0
20584.0
7131.5
5888.5
5997.0
1406.5
14756.0
3624.5
68.0
5399.5
927.5
17806.0
5473.5
15647.5
12194.5
14719.5
3823.0
1002.5
4527.0
3169.5
521.0
534.5

14231.5
5058.5
5342.0
68.0
13463.5
2835.5
13053.5
7693.0
68.0
2316.0
68.0
68.0
68.0
57.5
68.0
19687.0
68.0
11283.0
3562.5
68.0
12121.5
68.0
2438.5
4618.5
2736.5
68.0
9914.5
3140.5
2265.0
1880.5
1575.0
4083.5
1126.0
68.0
9628.5
13495.0
1019.5
68.0
12540.0
2524.0
68.0
4020.0
68.0
9039.5
1965.0
5540.5
1471.0
13867.0
1021.5
2158.5
68.0
1858.0
13953.0
1813.5
68.0
2726.0
8867.5
14817.0
4160.0
3782.5
2338.5
3107.5
15171.0
3160.0
8125.0
1565.0
7257.5
5498.0
8240.5
23771.5
20685.5
16485.0
68.0
1066.5
5455.5
13834.0
8099.5
9324.5
3889.5
2372.0
10937.0
68.0
68.0
13065.0
13388.0
10768.0
5485.5
11606.0
163.0
68.0
5473.0
68.0
2455.0
10719.0
11237.5
68.0
5053.5
2828.5
21804.0
1802.0
1878.0
3701.5
4472.0
663.5
68.0
13915.0
1875.0
4011.0
18892.5
6451.5
68.0
3998.0
68.0
21436.5
20169.5
10822.0
0
68.0
21790.5
365.5
926.5
6032.5
163.0
3562.0
24405.5
356.5
12881.0
2171.5
68.0
68.0
0
5947.0
68.0
12934.0
68.0
1392.5
11755.5
3982.0
10379.5
4814.5
68.0
11708.5
1126.0
10803.5
68.0
7660.0
1333.5
22000.5
12566.5
6426.5
7307.5
4572.5
9830.5
68.0
926.5
4182.5
2562.5
1777.0
68.0
9382.5
533.5
15802.5
12477.5
2332.0
2227.0
629.0
22352.0
18654.0
19827.5
719.0
4569.0

12625.5
68.0
0
14395.0
0
2876.0
1053.0
1406.5
1504.5
1580.0
458.0
5992.0
6433.0
0
16126.0
1911.5
25002.5
2316.5
68.0
1742.0
1019.5
68.0
68.0
2919.0
458.0
10752.0
68.0
16206.0
5541.0
68.0
4566.0
3307.0
68.0
4317.5
0
12518.0
10635.5
2439.5
5050.5
12270.5
68.0
2057.5
11936.5
7154.5
8526.0
68.0
458.0
12860.0
1499.0
13386.0
3981.5
9219.5
11772.0
5517.0
3920.0
1334.0
13478.5
5474.5
7237.0
7007.0
4513.0
25318.0
21784.0
8888.0
12070.5
68.0
0
3253.0
4121.5
6658.5
0
23212.5
6411.0
1875.0
0
6836.5
9798.0
5116.0
20061.0
24114.0
7184.0
18696.0
7191.5
5026.0
3108.5
20651.0
1653.5
17314.0
68.0
0
68.0
1488.0
1190.5
68.0
4853.0
6804.5
5604.0
24989.0
8594.0
1025.5
68.0
68.0
68.0
10253.5
1521.5
18366.0
12907.0
925.0
12781.5
4528.0
10369.0
15037.5
68.0
0
6738.5
0
68.0
68.0
20546.0
9869.0
18334.5
20581.0
13844.5
68.0
2820.5
0
2715.5
3777.5
19705.5
1083.0
4547.0
12578.0
3686.0
943.5
68.0
1895.0
11255.5
8574.5
4072.5
68.0
9420.0
7991.5
438.5
21142.0
3679.5
3385.0
16911.5
16101.5
17123.5
5787.5
163.0
2374.5
15228.5
13426.0
68.0
9780.5
1839.0
68.0
6238.5
1389.5
3681.0
3626.0
14776.5
5902.5
9427.0
2830.0
68.0
2391.5
909.5
5452.0
2661.5
1492.5
458.0
4831.0
18889.0
5452.5
4146.0
10836.0
8881.0
68.0
68.0
68.0
68.0
7528.0
9038.5
14232.5
7720.0
9458.0
6239.5
1406.5
2841.5
8747.5
8304.0
68.0
10304.0
68.0
9079.5
68.0
68.0
5981.0
3669.0
68.0
68.0
5503.5
11658.0
1911.5
2356.0
5454.5
16560.0
1502.0
5011.0
17126.0
23504.5
68.0
348.5
524.0
2464.5
6629.5
14768.5
4446.0
68.0
1036.0
748.5
24924.5
3515.5
68.0
4979.0
10212.5
12583.5
438.5
12333.0
68.0
68.0
2266.0
627.5
1406.5
2232.5
14268.0
6916.0
8088.0
6696.5
68.0
13436.5
6997.5
3240.5
16204.0
2730.5
21821.5
68.0
18367.5
2579.5
1983.0
17395.0
12677.5
1889.0
5295.5
5091.5
1132.5
68.0
0
5955.0
0
22335.5
15703.5
893.5
3214.0
1856.0
16581.5
9489.5
926.5
4016.5
0
68.0
3160.0
19668.5
1406.5
23235.5
4444.0
68.0
68.0
15185.0
68.0
0
0
6314.0
3248.0
3140.5
18300.5
1801.0
4613.0
68.0
1019.5
1038.0
7227.0
3146.5
3538.0
3149.0
2916.5
16151.0
4084.5
1426.0
5065.0
3572.0
68.0
2505.0
3529.5
2812.5
12583.0
68.0
6839.5
11182.5
4924.0
68.0
629.0
5492.5
2748.5
13131.0
19750.0
21584.5
68.0
19868.0
68.0
1056.0
3194.5
0
16014.0
11226.5
68.0
4638.5
926.5
2787.5
1479.5
1501.5
68.0
20449.0
3065.0
68.0
13110.5
18718.0
4120.0
3233.0
5034.0
8329.0
68.0
16010.0
12766.0
68.0
1800.5
4739.5
4775.5
20539.5
0
0
2265.0
68.0
1999.5
16558.5
8575.0
3123.5
4498.5
68.0
3687.5
0
8188.5
2248.0
612.5
0
1429.5
7212.5
13353.5
6977.5
68.0
961.0
20995.5
1498.0
68.0
3407.5
13766.0
7682.0
68.0
2436.5
23705.5
629.5
3577.0
5880.5
6779.0
9792.5
7637.5
7610.5
68.0
0
68.0
1803.0
7849.5
3603.5
8982.0
9203.5
5533.5
22773.0
2773.5
1007.5
68.0
1016.5
11151.0
6394.0
14750.0
23691.5
163.0
4073.0
4451.0
6271.0
23196.0
554.5
25408.0
8516.5
17323.5
68.0
12364.5
7254.5
12828.5
5895.5
6281.0
2693.0
1297.0
5046.5
10797.0
8699.0
5017.5
12319.0
9455.5
5103.0
909.5
68.0
4008.0
12566.5
68.0
8992.5
10712.0
2840.5
1952.0
12595.5
17442.5
16747.5
17042.0
4142.5
10438.5
9101.5
2365.0
10784.0
9814.5
11633.0
1033.5
68.0
5513.5
6700.0
22240.5
68.0
10793.5
68.0
2836.5
68.0
8166.5
4565.5
3996.5
68.0
4926.0
68.0
9909.5
68.0
1424.0
68.0
2770.0
926.5
17102.5
20024.0
18767.5
5471.0
12423.0
68.0
13029.0
68.0
524.0
1875.0
11622.0
8063.0
8488.5
10382.0
893.0
15635.0
8942.0
18262.0
25438.0
11665.5
5901.5
1801.0
24154.5
68.0
10283.0
10787.5
0
68.0
6334.5
68.0
1499.0
3339.0
68.0
68.0
15233.5
68.0
68.0
17481.0
10229.5
1892.5
9012.0
14712.5
26670.0
3943.0
646.0
1333.5
9800.5
16187.5
8857.0
68.0
5423.5
5424.5
25669.0
6160.0
8186.0
14686.0
5400.0
14203.5
21453.0
12975.5
68.0
6767.0
14785.0
5952.0
3675.5
629.0
18153.0
15087.5
22385.0
8526.5
12117.5
12038.5
5469.5
68.0
68.0
23934.5
68.0
2300.5
12542.0
68.0
0
5195.5
4659.5
2339.5
2301.5
10914.5
7709.0
16517.0
68.0
11694.0
3817.0
22242.0
438.5
1410.0
6649.5
9117.5
5910.5
23656.0
1949.0
2316.5
22739.0
6224.0
13769.0
68.0
2356.0
22756.5
19722.0
68.0
1870.5
8565.5
9018.5
68.0
11656.0
11781.5
1128.5
537.5
68.0
5520.0
68.0
3716.5
68.0
1799.0
13986.0
12992.0
12215.5
12983.0
10846.0
24447.5
25320.5
7667.0
9824.0
1031.5
9520.5
6383.0
68.0
4153.5
9471.0
11541.5
510.0
11173.0
2823.5
68.0
596.5
3248.0
1521.5
12069.5
12956.5
5419.0
68.0
18315.0
15552.0
8547.5
6321.5
2686.5
1409.0
68.0
4188.5
0
68.0
21357.5
9929.0
7639.5
534.5
16452.0
7735.5
11680.0
68.0
24887.0
2282.0
2361.5
4575.5
5781.5
4101.5
68.0
3225.0
6676.0
1406.5
68.0
5507.0
2927.5
2356.0
68.0
1673.0
7268.0
11380.5
3575.5
1673.0
7830.5
1878.0
4185.0
3699.0
458.0
19114.5
2764.5
568.5
6299.5
3628.0
11389.0
20532.0
2734.5
68.0
24982.5
10326.5
2655.0
27669.5
3643.5
4962.5
7843.0
10329.0
2386.0
11599.5
1019.0
6413.5
25498.0
5921.0
1504.5
1333.5
1937.5
4069.0
2346.5
2470.5
17104.5
24517.0
10204.5
9846.0
11260.5
11728.5
17073.5
5438.5
1390.0
4712.5
19812.0
10238.0
1970.5
458.0
15281.5
11145.0
17795.5
18704.0
7258.5
2231.5
2357.5
1578.0
6867.5
10768.5
7664.5
10672.0
13361.0
1836.5
243.5
68.0
11244.5
12040.0
68.0
1109.0
10815.5
5148.5
6738.0
7247.5
4065.5
14850.5
1489.0
13447.0
3338.0
14692.5
68.0
68.0
5092.5
1479.5
5894.0
2562.5
7696.5
1036.0
7233.5
24539.0
8640.5
4036.0
7208.5
2380.0
7855.0
2231.0
3942.5
7594.5
20524.5
68.0
68.0
438.5
9839.5
23555.0
0
6804.5
2809.5
68.0
25293.5
893.0
17352.5
13929.5
6896.5
3738.0
6315.0
13122.5
9459.5
13021.5
16087.5
4554.5
68.0
27752.5
627.5
7528.0
23191.5
68.0
3767.5
0
1019.5
2358.5
68.0
9829.5
8981.5
6387.0
2809.5
68.0
3660.5
5718.5
3662.5
11615.0
15637.5
7732.5
12985.0
4451.5
20659.5
19679.0
5901.0
9059.5
0
68.0
17500.0
10023.0
11150.5
11700.0
68.0
14259.5
14828.5
4099.0
1036.0
458.0
1895.0
68.0
2555.0
18803.5
3644.0
24435.5
6821.0
26792.5
11333.0
4912.5
2750.5
2845.5
68.0
4122.5
4706.5
5918.5
18785.0
3458.0
9683.0
2353.5
68.0
2663.0
1036.0
1460.0
524.0
5371.5
1115.5
1504.5
1382.0
12683.0
11134.5
1241.0
3242.5
438.5
22747.5
1482.0
1031.5
3611.5
5805.0
3114.5
11268.0
1458.5
68.0
68.0
8973.5
4056.0
629.0
16238.5
438.5

68.0
4519.5
16627.0
2004.0
16079.5
2843.0
4011.5
6303.5
1370.0
6817.5
8519.0
68.0
5325.5
68.0
68.0
458.0
2328.5
4181.5
9035.5
18504.0
2675.5
17843.0
9730.0
2667.5
12085.5
9388.5
4549.5
13220.0
13962.5
1887.0
1858.5
12127.5
7578.0
0
23081.0
6367.5
2863.5
0
1019.5
5767.0
4552.0
8142.0
68.0
13513.5
20998.0
3620.5
3717.0
2870.5
5398.0
9821.5
14878.5
1399.5
4556.5
68.0
6194.5
8530.0
22484.0
8104.0
13334.5
1896.5
68.0
24111.5
5589.0
4972.0
68.0
6878.5
14267.0
3136.0
65.0
68.0
68.0
1207.0
1392.5
68.0
7290.5
22235.5
9845.5
943.5
68.0
12515.5
23250.0
1410.5
68.0
2706.5
9923.5
8504.5
5891.0
16557.5
19604.5
15645.5
16439.0
68.0
6352.0
2168.0
68.0
10838.0
7649.5
18460.5
1051.0
68.0
18064.5
2826.5
68.0
12106.5
9898.5
173.0
5930.0
68.0
20101.0
12039.0
163.0
5324.0
10362.5
9469.5
5908.5
68.0
8100.5
4615.5
646.0
68.0
1479.5
7052.5
13487.0
68.0
22746.5
20511.5
8067.0
4875.0
68.0
5087.0
365.5
1578.0
153.5
68.0
68.0
68.0
68.0
1516.0
12047.0
5971.5
8336.5
3548.5
2248.5
25076.5
9945.0
10700.0
1106.5
1089.5
6357.5
3112.5
9242.5
5883.5
68.0
8501.0
14894.5
5076.5
11535.5
10400.5
12435.0
68.0
2357.5
18722.5
5433.0
1426.0
3666.0
68.0
20578.5
1373.0
16174.5
17888.0
6019.5
4978.5
6727.0
5451.0
458.0
4936.5
961.0
11745.5
1034.0
9351.0
2858.5
8602.5
15575.5
7733.5
24850.0
11752.5
11506.0
719.0
20595.0
6774.5
68.0
68.0
13451.0
12493.0
6520.5
2724.0
16504.5
4531.0
11708.0
6228.0
6343.5
9500.0
4684.5
629.0
17410.0
1014.5
68.0
14538.0
68.0
5825.0
15188.0
68.0
8579.5
68.0
68.0
5058.5
68.0
3498.0
2356.0
7258.0
68.0
68.0
163.0
2167.0
5506.0
16977.0
68.0
9408.5
19601.0
4481.5
9039.5
13430.5
1871.0
20056.0
1648.5
20976.0
16316.0
10755.0
13281.0
6218.0
8940.5
11773.5
9992.0
3703.5
1409.5
16144.5
68.0
11639.0
22278.0
9620.5
68.0
11772.5
1037.0
21278.0
5035.0
8560.0
11696.0
2031.5
1918.5
12012.5
8113.0
68.0
5539.0
68.0
68.0
15194.5
2875.0
9652.5
4197.5
24911.0
4879.5
1954.5
13707.0
68.0
163.0
5415.0
4171.0
6752.5
627.5
438.5
11780.5
5003.0
8495.0
3243.5
4522.5
2231.5
646.0
6741.0
1016.5
9134.0
68.0
17359.5
7100.5
10343.0
12488.5
4170.5
4170.5
68.0
646.0
3178.0
16613.5
0
68.0
68.0
16027.5
18368.5
8624.5
68.0
5818.0
9096.0
470.5
8896.5
68.0
68.0
7755.5
68.0
2332.0
7133.0
7615.5
7513.5
12666.5
1595.5
11002.0
5417.0
4475.5
14784.5
1502.5
1881.0
3684.5
7211.0
4143.0
68.0
910.0
68.0
68.0
1053.0
13675.0
25413.5
4094.5
68.0
2740.5
12988.0
3333.0
9057.5
9427.0
2401.5
5411.5
6885.5
24867.0
16970.5
1929.0
8733.0
3568.0
12482.0
10721.0
24151.0
68.0
7891.5
2825.5
3219.5
14382.5
1614.0
1033.5
646.5
4121.0
12598.0
12893.5
68.0
8083.0
3122.0
23286.5
7384.0
1263.5
1428.5
6453.0
25458.5
68.0
14800.0
21036.5
1015.0
68.0
1019.0
8027.5
1892.0
68.0
8114.5
68.0
20629.0
7744.5
12624.5
1016.5
68.0
23395.0
1521.5
20010.5
1878.0
13927.0
15596.0
68.0
22368.0
1982.0
68.0
629.5
10223.0
21435.5
5558.5
1858.5
12602.5
4144.0
2100.0
68.0
68.0
1475.5
68.0
14047.0
2987.0
68.0
19265.0
8271.0
17408.5
629.0
4964.5
22768.5
9879.0
68.0
8123.0
443.5
1955.0
19457.5
18618.0
11271.0
8903.0
4876.5
14679.0
21765.0
5979.0
68.0
68.0
11371.5
13072.5
8981.5
16738.0
10417.0
7983.5
4924.0
1896.5
612.5
7089.0
8738.0
68.0
10273.0
68.0
6350.5
8970.5
1036.0
2930.5
3730.5
4536.5
8085.5
4955.0
12111.0
4126.0
23164.5
20576.0
12978.5
1505.0
68.0
17858.0
18344.5
921.0
10234.0
5038.5
20155.5
4940.5
3148.0
68.0
13528.0
7139.0
4029.5
4071.0
3590.0
12930.0
14260.5
5361.5
13587.5
3212.5
68.0
68.0
4531.0
4523.0
4131.5
2468.0
68.0
8068.0
3950.5
5966.0
7256.0
2867.5
18876.5
68.0
68.0
11217.5
5456.5
68.0
10308.5
2397.0
68.0
4033.0
68.0
8482.5
3670.5
9533.5
6856.5
2838.5
4927.0
11369.5
663.0
6878.0
4623.5
8125.5
7635.0
21934.5
1786.0
68.0
68.0
6413.5
1102.5
3272.5
6804.0
3617.0
16608.5
3627.5
1336.0
4636.0
22817.5
68.0
1109.0
1331.5
4156.5
19700.0
1700.0
3363.5
4150.0
629.0
533.5
534.5
6651.0
21059.0
68.0
3280.0
19667.0
1053.0
68.0
9084.0
7218.5
21166.5
24465.0
68.0
8814.5
2357.5
8629.5
2355.0
9387.0
15231.0
9030.0
4706.0
13847.5
1500.5
6719.0
9887.5
19663.5
3994.5
9958.5
17426.5
14042.5
8615.5
0
4535.5
4438.5
5952.5
24937.5
1840.0
646.0
8197.5
1957.5
9067.0
7302.5
5841.0
1426.0
12762.5
0
4131.5
0
1053.5
629.0
5411.0
4523.5
1984.0
7193.5
894.5

6904.0
0
20072.5
11109.0
15106.0
1488.0
17309.5
5789.5
68.0
24869.0
4952.5
1796.5
11528.0
4091.0
1426.0
4197.5
6663.5
16964.0
1928.5
535.0
68.0
21927.0
1415.0
9355.5
1036.0
68.0
68.0
4010.5
15705.5
10246.0
17011.5
12091.0
0
5975.5
18380.0
2002.5
4103.0
8065.5
15625.0
11212.0
21531.0
11655.5
4484.0
458.0
2083.0
7094.0
21504.5
608.5
17480.5
6801.5
8993.0
6055.5
3243.0
7979.5
3573.5
2038.0
68.0
68.0
68.0
1596.5
4231.5
4542.0
6750.0
7431.0
18048.5
24772.5
10764.5
4920.0
9579.0
23271.5
458.0
68.0
3545.0
5460.0
11623.5
14700.5
4513.0
1777.0
5981.5
3259.5
3642.0
4557.0
4247.5
5962.0
68.0
68.0
5787.5
12188.0
978.0
68.0
15699.5
960.5
7570.0
163.0
5438.0
9405.0
68.0
9427.0
22718.5
20075.0
14295.5
332.0
25444.5
2785.0
4053.5
2768.5
3324.5
7172.0
999.5
68.0
6376.5
479.5
1929.0
26241.5
5000.5
348.5
68.0
0
2746.0
3547.5
5544.0
4580.5
15105.0
9447.5
1048.5
68.0
3210.5
10910.5
163.0
1443.0
1941.5
5043.0
24016.0
13919.5
17394.5
12999.0
68.0
13859.0
7662.5
8656.0
6445.0
10348.0
68.0
1984.5
11623.5
4764.0
8898.0
9398.5
2328.0
0
2745.0
14880.5
7167.5
0
10778.0
10524.0
6762.5
17103.0
961.0
13891.5
10352.5
18677.0
4445.5
5086.5
16548.0
11101.0
365.5
7976.0
4448.0
6684.5
9492.0
5039.5
18344.5
8951.5
16106.5
5323.5
16430.0
5820.5
7706.5
8585.5
10752.0
17830.5
68.0
0
68.0
438.5
21807.0
163.0
4413.0
1504.5
12117.5
5431.0
0
4464.0
8938.0
24630.0
458.0
15280.5
15665.0
1882.0
4524.5
10296.5
3572.5
68.0
1959.0
5502.0
6325.5
23641.0
6364.5
0
2319.0
7132.5
68.0
8076.0
7781.5
2920.5
68.0
3687.5
0
0
1496.5
4038.5
68.0
68.0
68.0
3349.5
11955.5
13970.5
68.0
1806.5
0
999.5
12461.5
22764.0
0
6336.0
5062.0
13439.0
1987.0
68.0
1472.0
68.0
11774.5
68.0
0
22214.5
21489.5
6793.0
10536.0
1207.5
0
6890.5
0
23041.0
5150.0
8630.0
4098.5
22830.0
12865.0
458.0
2381.0
9978.5
78.0
68.0
2563.5
10329.5
10794.0
10696.0
4591.0
19436.0
6775.5
13783.0
3703.5
68.0
11197.0
11956.0
5850.0
10764.5
9894.5
4126.0
543.5
8097.0
4541.0
68.0
10327.0
8139.5
438.5
5508.0
20923.0
9477.0
11453.5
13800.5
8105.5
68.0
0
6303.0
27585.5
68.0
2299.0
10891.0
7692.0
0
0
68.0
68.0
7406.5
4940.0
1819.5
1109.0
6904.0
348.5
3141.5
3167.5
23572.5
5489.5
10785.0
3461.5
173.0
68.0
17291.5
16300.5
5415.0
6274.0
3876.0
4998.5
12520.5
11722.0
5803.0
8920.5
1389.5
16173.5
22856.0
6336.0
1777.0
8102.5
14398.0
3773.0
18374.0
5940.0
14175.0
1912.0
10323.5
5899.5
4077.5
6944.0
458.0
3616.5
22192.0
2192.5
7240.5
68.0
9960.5
14828.0
365.5
909.5
23239.5
12887.5
68.0
8158.5
7661.5
2809.0
4075.5
9467.0
2321.0
12544.5
68.0
11145.0
6349.0
8970.0
8534.0
3160.5
7641.0
9479.5
12105.5
3009.0
23158.0
8006.5
5894.0
18397.5
68.0
24107.5
646.0
21863.0
0
3981.5
68.0
3217.0
1505.5
68.0
68.0
2248.0
68.0
21732.0
11715.0
5950.0
18459.5
12948.0
5004.5
7666.5
5937.5
24107.5
4488.0
4526.5
11740.5
18224.5
68.0
12703.0
19224.0
68.0
8572.5
10798.0
2787.5
5476.0
7664.5
11713.0
17490.0
68.0
6819.5
22701.0
20386.0
9058.5
4658.0
7345.0
3110.0
12994.0
5895.0
2827.0
2783.0
4542.5
15218.5
5908.0
1426.0
909.5
3221.0
0
7586.0
7255.0
6796.5
68.0
12135.5
68.0
3139.0
16544.0
3325.5
9863.5

1016.5
68.0
68.0
543.5
0
1489.5
68.0
1990.0
12992.0
10348.0
68.0
68.0
8476.5
2455.5
7106.5
8506.5
3702.0
629.0
68.0
21921.5
68.0
2662.0
14611.0
9084.5
5040.5
2743.0
3707.0
629.0
927.0
13009.0
6805.0
16575.5
13501.5
629.0
16630.0
9409.5
6837.5
8446.5
1014.5
68.0
1880.5
10407.0
10914.0
5837.5
3239.5
7723.0
995.5
4553.0
5755.0
11662.0
9951.5
4889.0
7778.5
9408.0
3197.5
4534.0
4476.5
11697.5
3687.0
1406.5
3580.5
9433.5
68.0
541.0
11547.5
12185.5
10011.0
68.0
1132.5
6836.5
9351.0
68.0
14707.5
27788.5
14428.0
3268.0
4327.0
1842.5
68.0
68.0
19670.0
999.5
8127.0
68.0
17841.0
68.0
1036.0
18790.0
2746.0
68.0
68.0
24811.5
0
19717.0
11720.5
3163.0
2657.5
5882.0
68.0
9812.0
11346.5
20225.0
8059.5
163.0
17393.0
2841.5
22269.5
7226.0
10798.5
365.5
0
12606.0
3135.0
13319.5
1036.0
6398.0
23143.0
5893.0
1016.5
68.0
19193.0
3102.5
23213.0
554.5
13506.5
2338.0
1927.5
27687.5
5820.5
68.0
15669.5
9314.5
1053.0
11239.0
68.0
163.0
24855.5
7647.0
2826.5
68.0
17446.0
14366.5
1591.5
1031.5
2564.5
14835.0
6307.5
9013.5
16486.0
23258.5
15200.5
3120.0
5075.5
7726.0
14358.5
3115.5
5024.0
612.5
14337.0
0
5386.0
3300.5
18347.5
68.0
1021.5
1387.0
6291.0
1878.0
15231.0
1819.0
50.0
10850.5
1409.5
4085.0
2338.5
68.0
4090.5
6328.0
6225.5
0
0
2557.0
68.0
68.0
7743.5
16121.0
0
8188.5
1496.5
1751.5
10330.5
1033.5
646.0
943.5
5001.0
0
68.0
20153.5
3033.5
6809.0
4552.5
1019.0
5392.0
2282.5
18682.5
6793.5
11115.0
4090.5
1423.5
612.5
5033.0
68.0
6316.0
13904.5
5538.5
4610.0
13765.5
5837.0
2818.0
3307.0
2338.0
348.5
1406.5
3114.0
8666.0
26560.0
8426.5
22198.0
16131.5
7684.0
4518.5
22840.0
6833.5
6751.5
7240.0
8537.5
9881.5
19276.5
8749.5
1406.5
5069.5
1426.0
5776.5
1036.0
10023.0
18820.0
4479.5
16671.0
1021.5
3241.5
13952.0
1985.5
2672.5
9789.5
19979.0
5429.0
0
17513.0
14336.5
8702.5
438.5
2748.5
15624.5
2725.0
2254.5
12621.0
5436.5
2846.0
17463.5
5027.5
2391.5
11226.0
0
533.5
7546.5
68.0
12016.0
17835.5
537.5
4886.0
14353.0
16018.5
19664.5
5877.0
68.0
17937.5
14403.5
6734.5
6444.5
1479.5
25322.0
20585.5
1033.5
2374.5
13432.5
68.0
163.0
20534.5
1878.0
4053.5
24746.0
5414.0
26295.5
7260.5
15103.0
24274.0
18198.0
13906.0
11433.5
16204.5
13424.0
15180.0
3307.5
18727.5
4959.5
16076.5
68.0
1263.5
1016.5
4017.5
1404.5
23171.5
4065.5
14301.0
24579.0
68.0
14214.5
68.0
629.0
2660.5
4940.0
24326.5
68.0
6758.0
17059.5
13939.0
1836.0
365.5
68.0
3553.0
20981.0
3684.5
8506.5
15283.5
68.0
11224.0
68.0
4013.0
12070.0
4276.0
614.0
5114.0
20070.5
67.5
7704.5
4596.0
6920.5
68.0
925.0
68.0
7661.5
6261.5
13331.5
5821.0
2343.5
68.0
9537.5
9800.0
2228.5
68.0
18847.0
3253.0
19604.0
4613.5
10392.5
3567.5
534.5
25336.0
68.0
11515.5
5998.5
1021.5
1809.0
14369.5
5784.0
12239.0
68.0
13900.5
2896.0
68.0
646.0
3589.5
7082.0
10251.0
3238.5
1106.5
24642.0
6299.5
20969.5
1504.5
3650.5
8026.5
15560.5
2321.5
12116.0
12590.0
2842.0
5433.5
2890.0
1577.5
12583.0
7157.5
5903.0
4172.5
4136.0
8503.0
12083.0
68.0
2472.5
0
4930.5
4089.5
68.0
4472.5
8662.5
19214.0
9528.5
9572.5
10339.0
9288.0
7189.0
7591.0
17036.5
2355.0
2369.5
5483.5
3702.0
458.0
10709.5
7135.5
14373.0
11789.0
24486.5
68.0
7102.0
5508.5
20463.5
68.0
13819.0
2750.0
1471.0
7242.5
68.0
68.0
14364.5
7110.5
5702.0
21441.5
1861.0
1036.0
11131.0
11216.0
12540.0
10470.0
1894.5
1982.0
68.0
5520.5
15549.5
5397.0
1396.0
1033.5
16347.5
6373.0
2288.5
4922.5
3778.5
68.0
24101.0
16064.0
10837.0
7709.5
10326.5
16575.5
17375.5
1909.0
1353.5
6367.5
17751.5
24123.0
1036.0
5485.5
163.0
68.0
8520.0
68.0
68.0
1539.0
26909.5
68.0
11228.5
68.0
3684.0
11896.5
8572.5
20106.0
2002.0
6806.0
24232.5
11182.5
978.5
9823.0
1856.0
1053.0
68.0
9409.0
8871.5
10221.0
18469.5
3612.5
4233.0
9505.5
5020.0
4027.5
11193.0
68.0
4090.0
5851.5
4630.0
534.5
4616.5
4552.5
7673.0
13754.0
1486.0
4974.0
68.0
3886.5
14392.5
6864.0
7618.5
2850.0
7692.0
979.0
8593.0
15163.5
365.5
3161.5
3722.5
11255.0
13857.5
23242.0
4445.5
13338.0
2389.5
16879.0
3620.5
3724.0
5916.5
24442.0
7198.0
9495.5
20166.5
348.5
68.0
1889.0
12032.0
1504.5
6303.0
4036.5
3763.5
12557.0
6489.5
22673.5
10319.0
1034.0
8262.0
25129.5
23277.0
6741.0
11703.0
68.0
4782.0
12935.0
15713.0
4486.5
8028.5
9812.0
5365.0
68.0
3275.0
2283.0
4486.5
4644.5
3698.0
10258.5
19652.5
3578.5
4293.5
68.0
2338.0
10671.0
16617.5
2787.0
6357.0
68.0
4590.5
8503.5
17040.5
3700.0
2284.5
438.5
7168.0
20156.5
11105.5
1479.5
8470.0
13851.5
68.0
15499.0
1614.5
3662.5
3997.5
2750.5
6870.5
7694.0
0
2894.5
2819.5
27679.0
68.0
7501.5
68.0
14372.5
8412.5
9840.5
9796.5
5862.5
68.0
68.0
68.0
909.5
8054.5
68.0
5398.0
68.0
1038.5
7368.0
68.0
2282.0
6292.0
163.0
24175.0
8041.0
7987.0
20875.0
10774.5
4608.0
2237.5
68.0
13376.0
20232.0
68.0
1876.5
1472.5
0
4552.0
17432.0
15665.0
3189.5
629.0
5707.5
25027.0
1942.0
2345.0
1109.0
68.0
7090.5
68.0
19199.0
1721.0
17962.0
21411.5
2450.0
25823.5
9038.5
0
1406.5
4894.5
16531.5
5577.5
9363.5
1507.0
6378.5
3158.0
9892.5
3601.0
68.0
68.0
14365.5
68.0
16735.5
68.0
9439.5
6248.5
4143.5
1036.0
2412.5
16939.5
23216.5
2268.0
2694.0
4974.0
68.0
68.0
5400.5
26055.0
6786.0
9838.5
2229.5
13366.0
3587.0
21967.0
68.0
12525.5
1036.0
1894.5
68.0
1521.5
12922.5
9081.5
6791.5
3248.0
3251.5
6888.5
3135.0
960.5
4087.5
8109.5
68.0
17454.5
1089.5
8574.5
20586.0
8526.0
1516.0
944.5
13836.5
5555.5
629.0
68.0
2716.5
7125.0
14362.0
5562.5
3622.5
16961.0
11652.0
6389.0
6337.5
68.0
11735.0
3296.5
21565.0
21157.5
10422.0
13411.0
17488.0
6229.5
3550.0
2666.0
5356.5
12398.5
4541.0
68.0
6592.0
3318.5
1890.5
16159.0
4390.0
11741.0
1856.0
68.0
19073.0
6346.0
1597.0
960.5
6049.5
6829.0
68.0
68.0
17097.5
2453.0
16831.5
3702.0
68.0
68.0
17470.0
927.5
68.0
8221.5
5782.0
4959.0
10658.5
68.0
427.0
612.5
68.0
438.5
2181.5
1614.0
2777.0
2919.5
4699.0
5504.0
68.0
1102.0
12953.0
1016.5
3905.5
9872.0
19082.5
68.0
9862.0
629.0
1522.5
10857.5
21885.0
10773.0
0
0
24559.0
0
13324.0
20240.0
6249.0
633.5
24200.5
0
2735.0
68.0
16011.5
4665.0
10326.0
5041.5
7211.0
68.0
68.0
4081.0
7715.5
5357.0
22277.5
6769.0
0
11500.0
2372.0
6339.5
68.0
3216.0
3623.5
1878.0
5911.5
15785.0
9428.5
16965.5
1019.0
68.0
4986.0
68.0
68.0
68.0
4097.5
348.5
68.0
17989.0
3158.0
68.0
5540.0
3155.0
629.0
19612.0
6815.0
960.5
16467.5
68.0
5397.0
68.0
26735.0
534.5
20529.0
4541.5
22691.5
3325.5
3340.0
722.0
21379.5
12557.5
901.0
9087.0
3293.5
4544.5
2750.5
3678.0
68.0
1038.5
68.0
8100.0
68.0
13873.0
68.0
68.0
6784.5
68.0
0
6831.5
3215.0
1404.5
68.0
6272.5
4516.0
14800.0
19580.0
1894.5
10323.5
68.0
14259.0
20002.5
3561.0
3568.0
19235.0
20715.5
1016.5
8044.5
1774.5
2813.5
68.0
10751.0
68.0
5765.5
3660.5
1427.0
5334.0
12588.5
68.0
7235.0
2259.5
6710.0
10343.0
10237.0
22279.0
11386.5
629.0
1494.5
77.5
68.0
6278.5
8582.5
7705.5
68.0
647.0
4150.5
12631.5
7293.5
2708.5
8479.5
68.0
7117.5
3233.0
68.0
17070.5
14303.0
6839.5
27260.0
1486.0
24898.0
2365.0
22318.5
11303.0
1814.0
2380.0
2844.0
3206.5
7217.0
17470.0
77.0
17815.5
68.0
9509.5
68.0
19743.0
8541.5
7708.5
68.0

68.0
2082.5
68.0
10405.0
365.5
2077.0
2262.5
12538.0
2736.5
1042.5
68.0
17499.0
7273.5
3701.5
4782.0
3572.0
2818.0
1816.0
16963.0
25117.0
68.0
15183.0
17908.5
2723.5
68.0
1012.0
1410.0
4572.0
9336.0
6037.0
7228.0
1022.5
68.0
3103.5
17310.5
9867.0
68.0
2282.5
68.0
3289.0
8688.5
68.0
68.0
534.5
10830.0
14740.0
7817.5
68.0
6353.5
68.0
1019.0
10806.0
17299.0
7636.0
68.0
68.0
68.0
8924.5
2448.0
8142.0
10657.5
3248.0
1036.0
8975.5
18690.5
7720.5
5917.5
7155.5
5452.5
22717.0
9506.5
1991.0
68.0
3554.0
1883.0
19264.5
2734.0
68.0
68.0
7181.5
3738.5
14192.0
4186.0
9425.0
13425.0
68.0
9035.0
9066.5
2355.0
0
2870.0
68.0
10954.0
68.0
1876.0
3117.0
5373.0
3792.5
7730.0
13518.0
7359.5
68.0
8168.5
3598.0
18929.5
26822.0
1911.5
9723.5
68.0
11153.0
68.0
20573.5
4564.0
7621.0
4905.5
21811.0
2914.0
68.0
16920.5
2753.0
77.5
68.0
5981.5
6958.0
7259.0
8531.5
68.0
2409.0
2733.5
27577.0
8202.0
2795.5
6683.0
5406.0
1034.0
2802.5
68.0
10326.0
7607.5
25014.0
11704.5
5411.0
68.0
8111.0
9472.0
14806.0
2453.0
15126.0
24981.0
19192.0
68.0
14305.5
24965.0
6344.5
23988.0
3251.0
627.5
24843.5
5088.0
4798.5
2672.5
25524.0
4541.5
68.0
68.0
5467.5
3165.5
163.0
7736.5
68.0
8572.0
1892.5
10845.0
23281.5
68.0
23960.5
8498.5
12262.0
3331.5
18301.0
17934.0
9998.0
2284.5
1895.0
15148.5
1489.0
68.0
4441.5
13603.5
3679.0
9137.0
13830.0
68.0
16199.0
0
8215.0
1387.0
68.0
22228.0
1238.5
13431.0
554.5
6243.5
2263.5
9824.0
20611.5
1106.5
438.5
20885.5
12481.5
1109.0
20090.5
4547.5
6219.5
3270.0
68.0
6823.5
9977.0
8953.0
17493.0
7660.0
4052.5
3161.0
68.0
6459.0
12001.0
68.0
68.0
2391.5
18834.5
16580.5
0
68.0
26926.0
7681.0
16555.0
68.0
4109.0
16130.0
3698.0
3260.5
5904.0
596.5
68.0
2357.5
10384.0
2231.5
7185.5
68.0
18353.5
68.0
719.0
17840.0
5983.5
14748.0
2265.0
629.5
3116.5
3235.5
9403.5
960.5
736.0
13864.5
68.0
68.0
24078.0
6336.5
8365.5
25275.0
68.0
2579.5
21289.0
6852.5
9446.0
8619.0
5972.5
11245.5
1504.5
3616.0
68.0
2361.5
612.5
68.0
11186.5
2377.0
21889.5
4073.5
6506.0
17547.0
23356.0
6679.0
19567.0
10335.0
68.0
23211.0
1404.0
68.0
68.0
12054.5
10909.5
6340.5
4071.5
17159.0
2481.5
7306.0
5475.0
8525.5
1406.5
4899.5

3175.0
8134.0
5067.5
4120.5
13406.0
68.0
68.0
1051.0
3326.5
18803.0
2207.5
5440.0
6252.0
3916.5
68.0
68.0
0
8552.5
68.0
1690.0
68.0
2211.5
2792.5
6249.5
1033.5
18482.5
4127.0
5883.0
68.0
0
738.5
19620.0
68.0
8134.0
20533.0
13515.5
3189.5
943.5
2282.0
7824.0
4452.5
5494.0
68.0
2777.0
3240.0
5931.5
68.0
7216.0
13107.0
612.5
4134.5
9401.5
7186.0
68.0
4151.0
8056.5
10760.0
3385.5
2670.0
6221.5
4178.0
68.0
18958.5
2539.5
19587.0
19338.5
68.0
0
943.5
1906.0
9761.5
68.0
5909.0
15605.0
17449.0
4448.0
22785.5
9001.5
10812.5
10486.0
12131.0
68.0
17116.5
4019.5
18717.5
1803.0
17864.5
27261.5
546.0
68.0
1821.0
6431.0
68.0
6236.5
11579.0
68.0
10267.5
68.0
2303.0
68.0
3724.5
3100.0
614.0
68.0
20118.5
614.0
13924.5
12017.5
2357.5
6728.0
19079.0
10734.5
2809.5
3604.0
68.0
717.0
629.0
1505.5
9821.5
4128.0
9883.5
0
6721.5
4028.5
8136.0
14782.5
8538.0
68.0
12592.5
8007.5
10255.0
633.5
13784.5
18467.0
68.0
17423.0
1031.5
68.0
15546.0
68.0
5357.0
163.0
10336.0
5467.5
6853.0
1036.0
68.0
68.0
1328.0
1960.5
521.0
2808.0
16862.0
22716.5
3109.5
68.0
0
68.0
16509.5
7702.5
21445.0
4219.0
0
68.0
10376.0
23951.0
0
8973.5
1021.5
68.0
68.0
68.0
1892.5
1876.0
1351.0
68.0
7973.0
1019.0
11906.5
9882.5
68.0
1912.0
926.5
6764.0
21023.0
25060.0
646.0
23252.5
2794.0
3618.5
4610.0
23206.0
68.0
68.0
18336.0
4029.0
23682.0
1053.0
68.0
19584.0
5958.0
15247.0
365.5
68.0
9347.5
7861.0
7317.0
3233.0
68.0
7078.5
68.0
19732.5
12933.0
13828.5
68.0
68.0
4870.0
11383.0
2753.0
8553.5
755.5
2346.5
1518.5
68.0
458.0
3272.5
22834.5
14247.0
8446.0
50.0
1909.0
0
18353.0
894.0
0
943.5
5950.0
68.0
5803.0
20847.5
173.0
1409.0
16229.0
14665.0
13439.5
438.5
16708.0
3096.5
21071.5
9020.0
22604.0
9593.0
13387.5
10784.0
5538.5
68.0
9585.5
68.0
1482.5
7141.5
7762.0
17836.0
1951.0
6901.5
1931.5
15322.0
68.0
2338.0
6708.0
68.0
22296.0
68.0
68.0
4123.5
2435.0
8084.5
6798.5
9577.5
27210.0
9388.0
68.0
18279.5
0
14753.5
926.5
163.0
23333.0
1036.0
15569.0
68.0
2265.0
5894.0
8997.0
9888.5
5471.0
68.0
13315.5
3590.0
4475.0
15148.0
68.0
0
0
1828.5
10346.0
13424.0
4586.0
14754.0
1109.0
8928.5
9434.0
68.0
22.5
5918.5
21492.0
16126.5
7135.5
365.5
2422.0
7055.5
1002.5
9875.5
4084.5
3231.5
4106.0
1487.5
3602.5
15125.0
8099.5
2828.5
4455.0
4136.0
2374.5
4604.5
948.5
8840.0
1300.0
9963.5
9977.0
8001.0
1892.5
5457.0
15270.5
7655.0
24061.0
1878.0
0
17010.5
11248.0
3702.0
14248.0
15701.5
9602.5
68.0
22668.0
3634.5
68.0
2766.5
4127.0
4889.0
4552.5
3230.0
11364.5
19377.0
10821.0
20528.0
10730.5
10703.0
2792.5
15105.5
15236.5
2257.0
1801.0
3244.5
68.0
7675.0
24070.0
5533.5
11359.5
7196.5
9831.0
1132.5
18257.0
4658.0
983.0
19223.0
960.5
68.0
3233.0
68.0
2352.5
4187.0
68.0
68.0
7665.5
68.0
0
2009.0
10178.5
6740.5
3346.0
68.0
1597.0
0
13848.0
0
12231.0
0
1258.5
3195.0
5827.0
3213.5
8500.5
20011.5
6650.0
68.0
7729.5
5522.5
0
9028.0
943.5
0
1590.0
6323.5
1016.5
0
5904.5
11356.0
1417.0
0
17444.5
19548.0
16019.5
0
12564.0
2250.5
4553.0
12965.5
0
1877.5
2728.0
4052.5
8062.0
15347.0
68.0
23237.0
1053.0
68.0
1946.0
0
17071.5
6836.5
14213.5
0
21487.5
3176.5
22706.5
2654.0
0
2717.0
7553.0
5481.5
1002.5
8079.5
8930.5
13945.0
927.0
5530.5
10370.5
348.5
68.0
9514.0
5023.5
18535.0
11057.0
9826.0
12097.0
8442.0
524.0
7142.0
9083.5
68.0
8507.5
2267.5
3603.5
0
18369.5
2355.5
1875.0
5449.5
19686.5
7610.5
9447.5
18214.5
13536.0
4912.5
1016.5
11278.0
5881.0
1426.0
16431.5
0
68.0
68.0
719.0
68.0
6363.5
2857.5
13891.0
18328.0
4176.5
1780.0
17321.5
25867.5
8583.0
3576.5
19272.0
68.0
7764.0
68.0
18295.0
15226.0
2702.5
1875.5
68.0
9452.5
6150.5
2363.5
1488.0
15567.0
3645.5
1504.5
4524.0
13122.5
5013.0
348.5
15562.5
2362.5
21100.5
9278.0
24131.0
12965.0
11222.5
14771.5
612.5
68.0
8583.0
68.0
1877.5
8155.5
68.0
2326.0
163.0
1506.0
4297.0
1914.5
2363.0
365.5
6845.5
68.0
15381.0
3670.5
8487.0
12584.0
68.0
3472.0
458.0
13937.5
68.0
2863.5
2282.0
1335.0
11840.0
14918.0
3606.0
1034.0
999.5
1894.5
68.0
11474.5
8908.0
6872.5
7237.5
22284.0
3682.5
20097.5
9045.0
4901.0
10285.5
6463.5
14077.5
9656.0
1310.5
68.0
3179.5
68.0
19610.5
14752.5
2716.5
6707.0
4646.5
11800.0
12179.0
24131.0
438.5
68.0
4025.0
6052.0
6716.5
18409.5
10408.5
12593.0
5515.5
68.0
2842.0
27252.0
1033.5
1002.5
6262.0
2319.0
15579.5
3180.5
14172.0
12550.0
1106.5
68.0
5905.0
19202.0
4595.0
17012.5
1987.0
6677.5
3726.0
4558.5
4854.5
2582.0
937.5
5856.5
2066.5
11624.0
1019.0
10730.5
11181.0
12719.0
68.0
9034.5
16440.0
26348.5
4102.0
68.0
8168.5
612.5
5924.5
2904.0
910.0
23150.0
2269.5
12625.0
2334.0
646.0
10373.5
68.0
1499.0
4982.0
10330.5
510.0
68.0
722.0
8626.0
6736.0
14890.0
68.0
4934.0
12039.5
68.0
5228.5
14271.0
3220.0
6071.5
4173.5
629.5
5850.5
8530.0
68.0
68.0
19842.0
19668.0
68.0
9972.5
3592.5
18210.5
438.5
6357.0
4934.5
6775.5
2437.0
3315.5
1803.0
68.0
5453.5
68.0
10185.0
4951.5
1929.0
7159.5
1016.5
19444.5
2302.5
1000.0
15301.0
5115.5
9938.5
4947.5
2578.0
2346.5
163.0
13787.0
663.0
10808.0
68.0
10210.5
5369.5
5465.0
6511.5
6006.5
1629.0
68.0
521.0
12010.5
15266.5
68.0
12944.0
3195.5
9072.5
1499.0
15260.5
6647.0
4588.5
17797.5
68.0
6960.5
68.0
3617.5
983.0
1987.0
3438.0
4218.5
3638.0
537.0
1015.0
8.0
2671.0
7995.0
6796.0
5915.0
1595.0
3656.5
9596.0
9339.5
2043.5
1488.0
23055.5
629.0
68.0
21626.0
68.0
4149.5
4940.0
2357.5
68.0
5520.5
68.0
1106.5
23764.0
20912.5
1794.5
16515.0
25520.5
1488.5
2196.5
68.0
6384.5
68.0
11287.5
19194.0
15539.5
1132.5
10875.5
3365.0
20879.5
68.0
3722.0
68.0
10424.0
68.0
8011.0
13059.0
2464.5
8392.0
7279.0

4225.0
1036.0
10772.5
6519.5
1126.0
68.0
163.0
4584.5
12131.5
2787.5
68.0
68.0
68.0
1036.0
5482.5
11292.5
68.0
8943.0
16054.5
458.0
10764.5
21761.0
11202.0
458.0
3619.0
3331.5
5478.0
11120.5
68.0
4477.0
6707.0
15131.0
1704.0
12956.5
13305.0
7023.5
68.0
15687.0
5780.5
18787.5
68.0
925.0
8850.5
24929.5
4011.5
68.0
10778.0
4146.5
3948.5
13121.5
68.0
1920.5
68.0
17429.5
11200.0
911.5
14193.5
7617.5
4085.0
10366.5
2950.0
12452.5
3178.5
2537.5
10241.0
1597.0
2477.0
68.0
68.0
5886.0
21515.5
16276.5
2749.0
163.0
68.0
5799.0
17435.0
3186.0
8467.0
68.0
0
5340.0
11050.5
2165.0
18233.5
68.0
4138.0
438.5
3126.5
68.0
11688.0
4011.5
4510.0
4275.5
4055.0
14298.0
68.0
5459.0
20963.0
5555.0
10326.5
1373.0
663.0
9890.0
68.0
4552.5
4799.5
163.0
1019.5
68.0
4659.5
427.0
2169.5
4497.5
9955.5
22383.0
2080.0
2042.5
6237.5
6278.0
1036.0
6656.5
68.0
13872.0
12554.0
927.0
7682.0
21888.0
5427.5
3281.0
16124.0
601.0
68.0
68.0
6259.0
8248.5
4176.0
5527.5
68.0
4718.0
20144.0
4456.5
696.5
4600.0
13486.5
68.0
12441.5
4476.5
68.0
1920.0
13352.0
3730.5
16658.5
11220.0
9939.0
8619.5
3636.0
348.5
9949.5
5203.5
4081.5
9939.0
12555.5
2826.5
9839.0
1370.0
1021.5
11231.5
3228.5
1779.5
10932.0
173.0
7155.5
13616.0
5459.0
8611.0
3641.0
1779.5
3067.5
4277.5
3163.0
927.0
1499.0
25925.5
6773.5
7690.0
68.0
3567.0
0
2637.0
68.0
68.0
19622.5
7405.5

11699.5
68.0
68.0
17946.0
9491.0
12767.0
11669.0
3684.5
1888.5
68.0
11698.5
11922.0
6748.0
4094.0
3082.5
14616.0
5358.0
9552.5
68.0
7261.5
7992.0
5024.5
10343.5
3265.5
5940.5
21314.0
2832.5
17994.0
16651.5
9349.5
17467.0
18903.5
1850.5
4142.0
15680.0
944.5
21589.0
4553.5
1522.0
68.0
10331.0
24908.0
1597.5
4472.0
3067.5
68.0
1019.0
6365.5
10115.5
11750.5
738.5
3009.5
21846.0
68.0
3421.5
68.0
68.0
1016.5
541.0
68.0
14207.0
6368.0
5056.5
16150.5
5763.0
9158.0
12421.5
8477.5
68.0
6574.0
8996.0
6442.0
5484.0
13523.0
9566.5
68.0
68.0
12752.0
24922.0
68.0
9774.0
6444.0
2473.0
7726.0
0
20493.0
5477.5
8588.5
1594.5
8291.5
68.0
1024.5
5919.0
5501.5
13004.5
1779.5
7995.5
10768.5
1022.5
738.5
9927.0
5491.5
15648.5
68.0
68.0
8377.0
1409.0
9349.5
10728.0
646.0
4092.0
8106.5
5851.0
11308.5
5428.0
20076.5
1488.0
68.0
4867.0
3399.5
348.5
1488.0
5892.5
3593.5
14092.5
68.0
2184.0
20028.0
2829.0
5905.5
68.0
12230.0
612.5
7313.5
14314.5
1033.5
22358.0
4548.0
10016.5
3550.0
6341.5
68.0
1016.5
12484.0
6740.5
9254.5
5794.5
2741.0
16143.5
7724.5
8852.5
25434.0
3247.5
68.0
12872.0
18540.5
24651.5
8647.0
1895.5
2850.0
6869.0
4135.0
7255.5
4168.0
2469.5
1919.0
10735.0
3555.5
68.0
15967.0
3115.5
1582.5
68.0
3446.5
15352.0
2140.0
78.0

7600.5
1089.5
3164.5
8252.0
612.5
0
3756.0
7685.0
68.0
13033.0
14720.5
17770.0
4627.5
68.0
1504.5
15306.0
2694.5
927.0
68.0
1476.0
1016.5
11633.0
7230.0
3332.5
68.0
68.0
4631.5
3569.5
10797.5
24503.0
10863.0
68.0
17393.5
3207.0
68.0
4988.5
11355.5
460.5
11479.5
6376.0
5392.0
3594.5
12565.5
6360.5
66.5
4149.0
68.0
68.0
13792.0
3798.0
10004.0
9412.5
68.0
2747.5
5535.5
2562.5
7499.0
7181.0
9080.5
5443.5
0
0
7143.0
2850.0
68.0
9103.5
16685.5
4284.0
4380.5
7082.5
0
68.0
4464.0
904.0
1479.0
4144.5
12844.5
10262.5
1578.5
68.0
68.0
1504.5
68.0
5473.5
4130.0
68.0
0
13483.5
68.0
6840.5
16198.5
2816.0
10880.0
2434.5
12524.0
0
2064.5
68.0
8114.5
7727.5
68.0
22767.5
10573.0
4163.0
2462.5
0
3648.0
7032.0
646.0
5468.0
1521.5
7303.0
1019.0
21758.0
1408.0
8976.0
1520.5
4017.0
68.0
8037.0
8069.5
6368.0
18259.0
6743.0
24227.5
10271.5
12918.0
8617.5
4044.5
10681.0
0
12323.0
2581.5
10364.0
68.0
18248.0
18260.0
10443.5
1796.5
7596.5
11705.5
15264.0
13832.0
13716.5
21498.5
9854.5
1803.0
14655.0
1089.5
3685.5
271.0
13608.5
153.5
68.0
9453.0
3576.0
1409.0
18778.5
1016.5
68.0
3985.0
7666.0
3695.0
2841.5
3641.0
68.0
68.0
0
243.5
5348.5
2782.0
8535.0
13008.5
1895.0
20091.0
13475.5
68.0
11291.5
20476.5
10853.5
68.0
3569.0
10843.5
68.0
19070.0
2456.0
0
15179.0
11495.5
4987.5
68.0
14630.0
5799.0
4000.0
3983.5
7623.5
4927.5
12447.5
2731.0
5164.0
22300.0
2357.5
1494.0
11608.0
16736.5
6954.0
8542.5
3869.0
1504.0
68.0
13014.0
1877.5
68.0
68.0
1580.5
1614.0
9504.0
11143.0
68.0
68.0
4504.0
68.0
5348.5
722.0
438.5
521.0
1894.5
3310.0
6333.0
5114.0
3161.0
4499.0
17858.0
4672.5
68.0
1794.5
3285.0
68.0
2364.5
1426.0
2362.5
4489.5
1389.5
8159.5
6756.0
9166.5
68.0
13904.0
13943.0
9066.0
5433.5
68.0
629.0
1777.0
1928.5
2040.5
2742.5
1505.0
1597.0
9800.0
9055.0
15.5
646.0
15219.5
1824.5
8012.5
8497.0
13487.5
68.0
6770.5
8177.0
5791.0
3586.5
5874.0
68.0
17163.5
11226.5
20149.5
68.0
11302.0
17901.0
8978.0
68.0
68.0
8981.5
8630.0
68.0
163.0
623.0
6344.0
3783.5
24698.0
5133.5
14973.5
15136.5
68.0
0
551.5
18856.5
5911.5
1893.0
13888.0
5430.5
3149.0
23000.0
9467.5
68.0
3682.5
14285.0
1036.0
3568.5
12158.0
14749.0
1609.5
4090.0
68.0
68.0
11812.0
3825.5
1333.5
6428.0
3708.5
6943.0
7163.5
1704.5
7750.0
4615.5
4208.5
3567.5
68.0
3736.5
68.0
68.0
1004.0
9599.0
2301.5
18879.5
629.0
3224.0
1785.5
4917.5
6868.5
15818.5
736.0
14385.0
1597.5
348.5
2309.0
629.0
5023.0
5434.5
68.0
12956.0
3233.0
13867.5
5034.0
13876.5
4838.0
11229.0
9006.5
19613.5
1116.5
7597.0
8304.0
12860.0
8103.0
68.0
7293.0
4192.0
6017.5
1468.0
163.0
5973.0
17466.5
12722.0
4550.0
20965.5
2813.0
10193.5
16524.5
6697.0
7722.0
2712.5
68.0
5868.5
68.0
17110.0
13504.0
68.0
6716.0
68.0
2846.5
25624.0
11722.5
12581.0
4833.5
68.0
20534.0
1723.5
15336.0
68.0
2830.5
2850.0
68.0
4680.0
2795.5
2057.5
10274.0
18259.5
10377.5
68.0
6502.0
4533.5
4093.0
629.0
910.0
13965.5
4461.5
7131.0
2049.0
3779.5
68.0
4454.0
1505.5
3658.5
68.0
0
1601.5
13036.5
15662.0
3734.0
68.0
5332.5
24525.0
18560.0
2094.0
6826.5
1723.5
6440.5
11325.0
4596.5
2409.0
1053.0
3747.5
3211.5
12861.0
7623.0
4956.5
16518.0
68.0
68.0
25718.5
1894.5
8614.0
1488.5
12439.0
18372.5
8026.0
1107.0
3293.0
15232.5
3179.5
7656.5
16942.0
6683.5
11192.5
0
646.0
11130.0
1333.5
8453.0
942.5
6845.0
1051.0
68.0
3680.0
68.0
3158.5
20076.5
1019.0
68.0
25464.0
68.0
5789.5
68.0
8927.5
21350.0
5332.5
4855.0
15755.5
2569.0
5987.5
19728.5
8586.0
1022.5
11319.0
3587.5
20577.0
13951.0
629.5
13854.0
4094.5
7380.0
16941.5
7261.5
13436.0
12518.5
10660.0
4673.0
68.0
3116.0
4962.5
13847.5
68.0
9533.5
68.0
3648.5
68.0
5167.0
6727.5
16958.5
20431.0
13123.0
9362.0
0
1968.5
2247.0
68.0
16530.0
13546.5
9053.0
9893.5
9532.0
16512.5
4126.0
13439.5
5375.5
3690.0
13406.5
26390.0
4018.0
17331.0
14390.5
6740.0
1338.5
15307.0
5004.5
1988.5
2049.5
6408.0
68.0
3708.5
4347.5
12131.0
40.5
20275.5
3200.0
3231.5
663.5
5820.5
26278.0
943.5
24499.0
5391.5
18784.0
68.0
12011.5
68.0
2270.0
1472.0
3250.0
1564.0
10347.5
68.0
9498.5
1109.0
4541.0
2831.5
16921.0
18677.0
8899.0
2823.0
1406.5
68.0
16910.0
18369.5
1931.5
348.5
24849.0
12112.0
13900.5
68.0
5847.5
13405.0
2915.5
68.0
10239.0
438.5
68.0
6670.5
68.0
4015.0
1156.0
2835.0
13007.5
5577.0
1836.0
26309.5
23240.0
1389.5
68.0
5059.5
9600.5
8086.0
3972.5
68.0
4027.5
68.0
2456.5
8108.5
68.0
2728.5
11525.5
24049.5
5501.5
68.0
17094.5
1967.5
16096.5
8338.0
6694.5
13075.5
68.0
8554.5
5245.0
6316.5
4453.0
68.0
17980.5
68.0
5373.0
15564.0
629.5
22014.5
68.0
1297.0
18419.5
23664.5
1503.5
5552.0
10341.5
4920.0
5440.0
10249.5
6010.5
2556.0
438.5
14818.5
12107.5
11452.5
5897.0
0
21817.0
68.0
3532.0
7089.0
5538.5
1970.5
16613.0
5105.0
12122.5
9417.5
7213.0
1893.0
927.5
4512.0
5373.5
68.0
3192.0
4557.0
1897.5
68.0
8599.5
8128.0
7686.0
0
68.0
23278.5
17393.0
20033.0
9049.5
18357.5
9308.0
3671.0
20582.5
537.5
12091.0
9477.5
11234.5
13820.5
19337.5
68.0
4654.0
3739.0
68.0
927.5
1499.0
68.0
6687.5
68.0
16521.0
68.0
68.0
11206.5
68.0
438.5
2319.0
68.0
68.0
1016.5
68.0
68.0
17967.5
20429.0
68.0
10647.0
6011.0
19549.5
6217.5
8126.5
3697.0
68.0
543.5
1539.5
20135.0
19765.5
0
5481.0
1504.5
533.5
7713.5
68.0
68.0
2763.0
2363.0
13572.0
10006.0
9424.0
16473.0
3301.5
15299.0
5963.5
24894.0
3570.5
6474.0
17933.0
68.0
1788.0
5940.5
4013.5
1578.5
3138.5
8037.0
27231.0
5125.0
1492.0
7376.0
5598.5
4503.0
910.0
1522.0
23268.0
12270.0
5896.5
458.0
4040.5
6376.5
12652.0
1021.5
4508.0
16587.5
24578.5
5577.0
5577.0
16956.0
8874.0
4165.0
12155.5
68.0
68.0
2369.0
68.0
4563.5
68.0
19112.0
68.0
2244.0
1053.0
3030.0
26291.0
1051.0
19693.5
68.0
68.0
3799.0
910.0
68.0
4485.0
4584.5
2066.0
68.0
68.0
68.0
18338.0
458.0
68.0
6087.0
2824.0
18714.0
3204.0
5128.0
4107.0
26341.0
6758.0
3346.0
16184.5
20647.5
2355.0
22197.0
13059.5
3298.5
23718.0
17163.0
0
68.0
10390.5
6714.5
1368.0
68.0
68.0
68.0
5927.0
7120.5
4529.0
11762.0
1126.0
1119.0
68.0
13883.5
5534.0
620.0
2877.5
68.0
68.0
5765.5
5557.0
68.0
9922.0
629.5
68.0
68.0
11626.5
13013.0
16068.0
11177.0
647.0
2665.5
68.0
1897.5
14118.5
1488.0
17875.0
7090.5
68.0
68.0
3132.5
5512.0
22387.0
1133.0
11094.5
7526.5
1743.5
9733.5
11298.5
2377.0
4970.0
68.0
13366.5
5941.0
23543.5
12627.5
5031.0
8009.5
68.0
21410.0
2324.0
1406.5
438.5
8534.5
6715.5
1967.5
1019.5
3160.0
15267.5
14685.0
2734.5
8918.5
11117.0
8591.5
14666.5
9456.0
77.5
9488.0
5470.5
20124.0
68.0
9838.5
10790.0
17355.5
68.0
4535.5
17405.5
6806.0
21890.5
3687.5
633.5
3580.5
6358.5
7955.5
2207.0
3014.5
11695.0
68.0
10813.5
11218.0
3351.0
68.0
68.0
68.0
16641.5
68.0
5898.5
68.0
22276.5
3716.5
629.0
7111.0
68.0
68.0
10738.5
17942.0
1025.5
629.0
68.0
7236.0
12447.0
17315.5
2357.5
10236.5
12623.5
3910.0
10951.0
7255.5
3047.0
68.0
2721.0
4181.5
10728.5
3063.0
1019.0
10300.5
4241.0
68.0
472.0
2764.5
8032.5
21983.0
5495.5
3992.0
15264.5
17409.5
4593.0
10838.5
6448.5
68.0
5013.5
1836.0
4440.5
19611.5
7188.5
4870.5
0
738.5
3644.5
10450.0
153.5
1019.5
15194.5
2246.0
8439.0
5335.5
537.5
68.0
5887.5
7173.5
7095.0
612.5
1036.0
5987.0
3250.5
10331.0
438.5
7903.5
1875.5
68.0
12420.5
13424.5
524.0
1522.0
13820.0
163.0
3531.0
8184.0
1802.5
4084.0
3211.0
438.5
9839.0
10024.5
12006.5
68.0
20929.0
68.0
4145.5
4541.0
10432.0
68.0
8466.5
6677.5
11980.0
893.5
7476.5
627.5
537.5
8259.5
9453.0
68.0
1951.0
10394.0
8012.5
0
438.5
68.0
24237.0
68.0
551.5
19630.5
6313.0
68.0
2787.0
2324.0
1763.0
6402.5
68.0
2285.0
5496.5
20331.0
3575.5
2353.0
12617.5
8005.0
5514.0
68.0
68.0
17871.0
24907.0
68.0
13407.0
2315.0
8117.5
68.0
20538.5
9508.0
8078.0
20427.5
68.0
614.0
8423.5
14359.0
68.0
4029.0
68.0
8584.0
12219.5
1848.0
3702.5
2373.5
9411.5
2270.5
5399.0
68.0
68.0
1342.5
26325.5
1886.5
68.0

0
8520.0
15613.5
6350.0
11186.5
3234.5
68.0
3293.0
4443.0
68.0
68.0
4087.5
68.0
458.0
8414.0
7176.5
68.0
3593.0
68.0
4122.0
10337.5
6787.5
1878.0
4453.0
13052.0
9896.5
68.0
5423.0
10685.5
68.0
68.0
68.0
1112.0
29.0
68.0
3052.5
18673.5
0
150.0
4534.5
19159.0
2397.0
68.0
9023.5
68.0
0
15460.5
13560.5
68.0
0
11699.5
3638.0
2773.5
25162.0
4550.5
12808.5
5950.5
1970.0
5751.0
8123.5
10459.0
4446.0
2382.0
13471.5
0
909.5
68.0
6458.0
68.0
16668.5
3665.0
68.0
68.0
13866.0
68.0
68.0
14694.0
3220.0
1872.0
68.0
9907.0
3708.5
68.0
10954.0
453.5
9898.5
68.0
68.0
6579.0
5023.5
68.0
4097.0
1331.0
3531.5
3139.0
5763.5
3637.5
68.0
4561.0
24619.0
943.5
2962.5
11698.0
3708.5
18885.0
1406.5
2640.0
7800.5
1787.0
1033.5
4468.0
910.0
5050.5
18245.0
522.0
8415.0
4529.0
1406.5
14323.0
68.0
6811.5
9843.0
8561.0
68.0
5360.0
5051.5
16527.0
11718.5
332.0
6674.0
68.0
438.5
1019.0
2340.5
68.0
8031.0
6777.0
10300.5
18475.0
0
4640.5
0
68.0
12991.5
999.5
16999.5
12048.5
7753.0
5765.5
943.5
14423.0
24639.5
13856.5
68.0
2786.0
68.0
5126.0
2662.5
16992.0
962.0
21049.5
1931.5
19631.0
4680.5
2896.0
3675.0
2825.5
6643.0
23625.0
1392.5
68.0
17429.5
2372.5
68.0
5475.0
68.0
67.5
1547.0
25118.0
12586.5
3234.5
1951.0
5163.5
6268.0
1404.0
68.0
13043.0
7522.0
163.0
6670.5
22339.5
1580.0
1895.0
8094.5
23116.0
9883.5
11990.0
68.0
2340.0
7552.5
7678.5
24968.5
10292.5
10824.5
4167.5
7556.5
7796.5
4567.5
5920.5
12073.5
68.0
68.0
13812.5
3696.0
68.0
68.0
1768.5
2738.5
2082.5
7588.5
11763.0
1692.0
1757.5
15075.5
68.0
1584.5
16079.5
1651.0
25505.5
12132.5
910.0
6809.0
6938.5
2770.0
9838.0
6868.0
1687.0
68.0
6816.5
68.0
68.0
13833.5
12099.0
2821.0
6788.5
68.0
13052.0
11553.5
6803.5
9448.0
8115.0
6308.5
68.0
68.0
1334.5
8053.5
2728.0
68.0
2232.5
5155.0
1014.5
10414.5
15714.5
5451.0
163.0
12130.5
0
8012.5
14010.5
8039.0
7287.5
68.0
10748.5
8952.5
11695.0
12615.5
3235.5
11796.5
1469.5
68.0
5002.5
13917.5
7308.0
17042.0
6670.5
1931.5
68.0
68.0
8914.5
16959.0
8032.0
10851.0
68.0
7986.5
9372.0
68.0
4296.5
5029.0
8914.0
7715.5
2750.5
68.0
68.0
68.0
68.0
5056.0
3627.0
3275.0
5874.5
68.0
68.0
15117.5
4086.0
4853.0
11770.0
3286.5
6886.0
68.0
5333.0
1777.0
927.5
612.5
1409.5
6006.0
5559.0
12737.5
5055.0
8978.5
68.0
3286.5
3256.5
1876.5
15232.0
23194.5
26567.0
897.5
2001.5
5947.5
2454.0
5896.0
10763.5
2299.5
68.0
13793.5
17187.0
68.0
2338.0
15671.5
20028.0
68.0
17328.5
9858.5
9494.0
8890.5
1909.0
68.0
1019.0
25011.0
13916.0
6749.5
68.0
23216.5
12460.0
16161.5
1581.5
14874.5
19283.5
7919.0
22701.0
9818.5
12585.5
13046.5
3155.0
629.0
4587.0
4964.0
12880.0
5982.0
5506.5
26307.0
7091.0
6086.5
8991.0
4542.0
2744.0
13163.0
68.0
13859.0
458.0
1777.0
1347.5
8020.5
6093.5
68.0
4518.0
1109.0
3115.5
7596.5
68.0
2518.0
21810.0
68.0
14265.5
9538.0
19111.0
17836.5
68.0
11549.5
6337.5
6754.0
1728.0
1143.5
68.0
5037.5
1522.0
2865.5
4030.5
22293.5
68.0
68.0
8632.5
13475.5
7371.5
5755.5
11194.5
2787.5
641.5
68.0
3123.5
2156.0
1406.5
19236.0
20929.0
6740.5
1859.0
3146.5
1016.5
0
4608.5
627.5
6208.0
2639.0
2928.5
20152.0
12991.5
8907.0
3212.0
14209.0
4516.0
10941.0
2276.0
2864.5
68.0
68.0
4167.0
17443.5
10377.5
68.0
12656.5
1912.0
5626.0
6343.5
10220.5
68.0
1819.0
68.0
10835.5
16590.0
3721.5
68.0
4203.5
68.0
13359.0
10365.5
5872.5
2752.0
5009.5
6351.5
10334.5
68.0
68.0
5475.0
5113.5
4987.0
68.0
4122.5
8725.0
4107.0
22163.0
68.0
68.0
5082.0
492.0
12393.0
9077.0
13777.0
15178.0
14315.0
7460.0
68.0
4262.5
9561.0
68.0
1109.0
6681.0
4715.5
68.0
2546.5
1390.0
1505.5
20072.0
8919.5
7215.5
5431.0
7113.0
1505.0
646.0
8017.5
1880.5
4948.5
438.5
14889.5
2841.5
5229.0
8913.0
2811.0
2336.5
1965.0
1816.0
2879.5
13368.0
5421.0
12993.0
7411.0
1047.5
7583.0
16573.5
4545.5
12803.5
8664.0
68.0
5487.0
3624.5
4654.0
9995.0
7012.0
2240.5
19672.5
68.0
68.0
7159.5
9404.5
2684.5
6215.0
19689.5
17835.0
2695.0
3174.5
6723.0
1785.0
3285.5
68.0
81.5
736.0
12239.0
11763.0
944.0
2767.0
5039.0
18051.0
6262.0
3990.5
68.0
22343.0
68.0
526.0
16339.5
8247.0
4008.0
18729.0
7602.5
7092.0
447.5
1106.5
1504.5
68.0
17895.5
15516.5
7202.5
8578.5
13502.5
9818.5
9356.5
68.0
5335.5
3834.5
2919.0
1894.5
68.0
8613.5
3214.5
3684.0
13391.5
9387.5
5059.5
1404.0
6142.0
1856.0
1387.5
8159.5
4057.5
15310.0
68.0
9481.0
24726.0
7108.5
1344.5
8209.0
15862.0
2546.5
11534.0
4681.5
8014.0
7739.5
1190.5
4073.0
68.0
9453.5
68.0
14792.0
755.5
719.0
6376.5
68.0
68.0
9944.5
27056.0
26787.5
926.5
5021.0
14762.0
5350.5
4447.0
9896.0
3613.5
3161.0
6335.5
68.0
19639.5
1016.5
629.5
2284.5
16580.5
17458.5
1333.5
68.0
6808.0
21003.0
1033.5
1615.0
5763.5
68.0
1331.5
68.0
3236.5
68.0
4544.0
68.0
2563.0
24189.0
9816.0
10758.5
1039.5
68.0
12515.0
4031.0
4666.0
11198.5
68.0
1016.5
2328.0
11314.0
1439.0
4968.5
8633.0
14255.5
3219.0

1497.0
15793.0
11053.5
12518.5
2357.5
9901.5
3767.5
11324.0
163.0
1036.0
7979.0
68.0
1492.0
534.5
4070.0
551.5
22662.5
3217.0
68.0
7202.0
2748.0
8562.5
15729.5
5544.5
18290.5
16099.5
13903.0
1423.5
2950.0
17524.0
5069.5
12947.5
21535.0
21539.5
4579.0
68.0
11198.0
20090.5
612.5
1912.5
17484.5
68.0
12486.0
4449.5
8448.5
21881.0
6377.0
5226.0
10675.5
68.0
68.0
68.0
6786.0
6340.5
4155.5
11488.5
18788.5
3194.5
9562.5
14770.0
10501.5
6616.5
68.0
2266.0
68.0
243.5
14797.5
14239.0
3657.5
68.0
68.0
612.5
1331.0
14179.0
1892.0
9776.0
68.0
3602.5
0
6225.0
7211.5
6271.5
2709.5
6270.5
2579.5
68.0
4525.5
5019.5
16231.5
10134.0
6677.5
68.0
68.0
68.0
68.0
6727.5
6793.0
14452.5
68.0
944.0
2843.5
1795.5
2372.0
5021.5
4247.0
11594.0
1597.0
68.0
0
68.0
4872.5
23187.5
68.0
68.0
5012.5
13948.0
15516.0
719.0
1019.0
8555.0
24130.5
0
14253.5
1014.5
23685.5
2285.0
5467.5
68.0
68.0
0
7542.0
68.0
5868.0
332.0
20573.0
3694.0
6820.0
68.0
828.5
9373.0
0
9758.0
68.0
9925.0
5015.0
23716.5
1016.5
7242.5
19585.5
6837.5
4888.0
20468.0
15996.0
1946.5
9426.5
163.0
13347.5
458.0
14003.5
68.0
5813.0
20012.5
1033.5
21321.0
4443.5
1770.0
8896.5
24091.0
2902.0
68.0
68.0
1053.5
22324.0
68.0
5536.5
612.5
2229.5
2067.0
1036.0
68.0
21330.0
7340.5
24058.0
614.0
3004.0
68.0
2357.5
8178.5
13946.0
7269.5
22438.0
3646.0
1038.5
68.0
7597.5
68.0
68.0
14725.5
14362.0
16532.5
4177.5
8773.5
14733.5
11295.5
944.5
1757.5
10845.0
68.0
11463.0
5971.0
1496.5
12005.0
1719.0
7616.0
5817.0
13403.0
11718.0
11114.5
2318.5
19631.0
12641.5
4448.5
68.0
26853.0
13099.5
1564.0
4062.0
1794.5
438.5
3741.5
68.0
23091.5
7628.0
68.0
7190.5
2766.0
20554.0
13780.5
8682.0
6737.5
68.0
2535.0
23596.5
17176.0
68.0
9440.5
1889.0
13470.0
68.0
14707.5
68.0
19757.5
4214.5
11093.0
10226.5
68.0
14402.5
2397.5
5092.5
3124.5
20739.5
16012.0
1873.5
1426.0
3102.5
22.5
10357.0
163.0
68.0
8624.0
12068.5
9933.0
1929.0
5541.5
3483.0
13919.5
68.0
27171.0
68.0
68.0
10462.5
5812.0
13499.5
8521.5
7554.5
68.0
1486.5
9347.0
5173.5
943.5
4578.0
11161.0
20020.5
1892.0
6403.5
68.0
4769.0
7585.0
1471.0
738.5
457.0
2562.5
6281.0
68.0
68.0
2234.0
68.0
10314.0
7646.5
50.0
999.5
29.0
19604.5
3674.5
68.0
12154.0
13892.0
68.0
68.0
6818.5
4556.0
10731.5
4121.0
19133.0
16120.0
16532.0
543.5
6708.5
2713.0
5053.5
68.0
1426.0
927.0
21029.0
10453.0
0
8541.5
3231.0
25410.5
5067.5
11303.5
19203.0
163.0
68.0
50.0
68.0
5279.0
8911.0
1053.0
7133.0
68.0
4545.5
9366.5
19239.5
68.0
11739.5
13463.0
68.0
3681.0
68.0
22847.0
10782.5
68.0
2950.0
3610.0
2877.5
9523.0
5811.0
15677.5
10728.0
15711.5
2489.5
21942.0
5003.0
68.0
4561.0
27287.0
68.0
458.0
68.0
2809.5
18711.0
2366.0
68.0
1036.0
738.5
68.0
11365.0
68.0
68.0
1460.0
23223.5
926.5
2746.0
68.0
0
7539.0
68.0
68.0
0
10248.5
14273.5
2818.5
4205.5
537.5
10245.0
1802.5
5937.5
16171.5
1036.0
4545.5
1867.5
4154.5
8885.0
8541.0
10514.5
5020.5
23215.0
1036.0
8468.0
63.0
6236.5
68.0
10361.0
5527.0
8529.5
12918.5
943.5
629.0
12174.0
11688.5
3242.5
8899.5
828.5
15678.5
1794.0
3233.0
2252.0
68.0
4175.0
9147.5
5972.5
4038.5
911.0
24453.5
68.0
68.0
2265.5
11204.0
68.0
9507.5
2919.0
9376.0
4181.5
612.5
4892.5
1032.0
8076.0
909.5
20701.0
17394.0
13010.5
6480.5
2140.0
4258.0
1394.5
10264.0
14788.0
2312.0
1504.5
16513.5
68.0
18344.0
554.5
14504.0
68.0
6300.0
18295.5
15179.0
68.0
4942.5
1330.5
537.5
7664.5
9924.5
10257.5
68.0
14436.5
2790.5
68.0
458.0
2282.0
6773.0
7261.5
2487.5
1777.5
8027.5
5387.5
1797.5
1428.5
8564.0
54.0
3194.5
8890.0
7920.0
12862.0
20108.0
15609.0
4111.5
736.0
13152.5
2812.0
3235.5
6751.5
9580.5
68.0
3194.0
551.5
7252.5
4915.5
57.5
5788.0
14700.5
14005.5
614.0
629.0
1909.5
3156.5
68.0
20506.5
13367.0
911.0
21507.5
22811.5
13758.0
438.5
629.0
4644.5
4921.5
6766.5
3555.5
15652.5
8087.0
5801.0
1886.5
7034.5
5505.5
27094.0
458.0
3145.0
1430.5
8430.5
1911.5
8590.5
5434.5
7336.5
16575.0
18647.5
68.0
68.0
68.0
9931.5
926.5
3161.5
68.0
68.0
1948.5
4158.5
12573.5
8928.0
68.0
646.0
68.0
3194.0
68.0
13341.0
12031.0
3639.0
17441.0
7213.0
68.0
68.0
5900.0
3756.5
3216.5
927.0
15138.0
24952.5
11816.0
19246.0
18322.0
68.0
68.0
15669.0
17027.5
11782.0
10815.5
6760.0
25446.5
5058.0
19584.5
3144.0
11363.5
4575.0
1090.0
6360.0
68.0
10298.0
6273.0
163.0
10231.0
17017.5
1910.0
13788.5
10398.0
13382.0
11702.0
68.0
68.0
68.0
68.0
1892.0
14693.0
4198.5
5501.5
1611.5
3791.5
2662.0
10826.0
3589.5
6703.0
13417.0
3600.0
9462.0
13834.5
4519.5
7681.0
16272.5
3119.0
7191.5
20103.5
1911.5
19229.0
19603.0
22230.5
8077.5
68.0
15223.0
68.0
4086.0
999.5
2815.0
68.0
4448.0
4037.0
491.0
18764.0
1786.5
3626.0
18814.0
24567.0
19348.0
25808.0
15570.5
2099.5
25813.5
50.0
68.0
4995.5
4944.0
7232.5
4560.5
12039.0
24072.5
5748.0
2380.5
11616.0
17975.5
25152.5
6259.5
4140.5
5895.0
1444.5
18316.5
7158.5
1507.5
458.0
68.0
1598.5
68.0
4190.0
12958.0
8490.5
4019.0
68.0
68.0
3194.5
910.0
12604.5
11193.0
10801.0
8418.5
6712.5
3604.0
993.5
12701.5
19300.5
68.0
2856.0
736.0
15262.5
943.5
25883.0
68.0
2863.0
68.0
7287.0
24611.5
14202.5
68.0
8154.0
3719.0
5919.5
68.0
10811.0
68.0
8147.5
5763.0
1516.0
943.5
11742.0
68.0
9420.0
2940.0
4076.0
68.0
4714.0
4892.5
21888.0
13010.0
4879.5
14748.0
10958.0
9506.0
7590.0
68.0
14736.0
5462.0
19221.5
3121.5
13344.5
68.0
15226.5
534.5
68.0
68.0
2414.5
12425.0
663.5
2850.5
9253.5
2318.5
14723.5
1777.0
5831.0
7039.0
4208.5
10776.0
4086.0
68.0
68.0
13023.5
1051.0
1897.0
68.0
68.0
6344.0
13352.5
68.0
68.0
1612.0
4135.0
10354.5
7679.5
4325.5
19686.0
2746.5
629.5
12972.0
1387.0
6825.5
3235.5
25080.5
4621.0
68.0
23176.5
4848.5
524.0
3193.0
458.0
3637.0
8152.5
68.0
4470.0
4591.5
12021.5
1036.0
12574.5
7662.5
3743.5
16518.5
365.5
12161.5
77.5
646.0
8952.0
4608.5
68.0
18266.5
1389.5
15686.0
68.0
939.0
16352.5
7500.5
68.0
5010.0
13980.0
1181.5
7079.0
1130.0
7762.5
4277.0
5979.0
1731.5
12971.0
8689.0
7719.0
12862.5
1241.0
4006.0
8671.5
68.0
3306.0
9372.0
12064.5
4588.5
9417.5
68.0
4578.0
68.0
68.0
68.0
2077.0
6358.0
438.5
4494.0
438.5
3250.5
3592.5
1032.0
68.0
15205.5
2706.5
18692.5
4459.5
4095.0
6240.5
68.0
68.0
453.5
2828.5
1046.0
3550.5
3286.5
10789.0
7398.0
23356.5
68.0
68.0
4974.5
10828.0
12021.5
1796.5
1001.0
4075.5
7668.0
13517.5
8433.0
3441.0
24960.0
7741.5
3537.0
2192.0
8684.5
4115.0
68.0
438.5
14779.0
1982.5
15242.0
1333.5
0
68.0
4545.0
629.0
6484.0
3735.5
21816.0
2823.5
3243.0
5426.0
68.0

5608.5
68.0
68.0
1126.0
17017.5
6814.5
537.5
6256.5
1368.5
9875.0
1348.5
68.0
16482.0
15101.0
15768.5
68.0
1822.5
68.0
68.0
0
4270.0
2331.0
926.5
2426.5
68.0
13830.5
68.0
68.0
680.5
629.0
7216.0
5040.5
365.5
68.0
4030.0
68.0
909.5
19028.0
27215.0
12826.5
1471.0
11560.0
4507.0
15922.5
68.0
0
2264.0
1970.0
16619.5
68.0
68.0
3250.0
68.0
68.0
68.0
1402.0
2229.5
943.5
16091.5
5379.0
15371.0
4268.5
2843.5
4555.5
19603.5
2285.5
5981.5
12109.5
6843.0
893.5
68.0
24120.0
68.0
7741.5
629.0
15283.0
19841.5
12613.5
10401.5
68.0
9467.5
5881.0
2246.0
10320.0
4519.0
11675.5
1036.0
20499.5
68.0
7654.0
68.0
4610.0
13439.5
9931.5
5557.5
15642.0
68.0
16615.0
20646.0
13541.0
5937.0
4637.5
26172.5
2811.5
926.5
68.0
68.0
524.0
10857.5
11764.0
24878.5
23573.5
0
13513.0
1351.0
3568.0
1503.0
943.5
3316.0
3697.5
68.0
68.0
12143.5
9539.5
1406.5
6904.5
68.0
1036.0
3118.5
68.0
2060.5
13852.5
13504.5
8989.5
0
11343.5
2857.0
1487.5
4565.0
2381.5
8935.0
68.0
15379.0
17468.0
9563.0
7197.5
1803.0
68.0
68.0
4571.5
17866.5
68.0
15794.0
6731.5
68.0
4168.5
21064.0
479.0
5002.0
24421.0
3983.0
19214.0
1597.0
22017.0
11203.0
17395.0
3718.0
68.0
12999.0
1895.0
1113.0
7633.0
13811.0
8246.0
629.5
9892.5
4972.5
15245.0
9445.0
8554.0
9975.0
1786.5
68.0
68.0
8020.5
68.0
10727.5
15590.0
9399.0
13482.5
9389.0
17820.5
2862.5
68.0
68.0
8032.0
8668.5
17132.5
8062.0
68.0
68.0
8141.0
9326.5
6846.5
3277.0
7016.5
3706.0
1401.5
15693.0
22346.0
3286.5
7656.0
16194.5
16096.5
7928.5
1691.0
68.0
943.5
9732.5
15664.5
16894.5
24855.5
11742.0
4563.5
5755.5
6060.5
3214.0
14828.5
6263.0
1038.5
3272.5
2672.0
4090.5
5470.0
11093.0
68.0
18754.0
3351.5
7721.5
4027.0
8911.0
12578.0
5436.5
68.0
6188.5
7692.5
11678.0
1333.5
629.5
3111.0
3615.0
7577.5
5858.5
5046.5
927.0
68.0
13036.0
5046.0
68.0
7156.5
8869.0
6370.5
8600.5
1789.5
4028.0
5426.0
7207.5
1348.5
68.0
5031.5
68.0
7282.0
5040.5
9956.0
12944.0
6801.5
9938.0
17366.0
3753.5
0
4523.5
6745.5
9796.0
2001.5
68.0
68.0
4139.0
8054.0
2222.0
3625.5
7276.0
4114.5
20937.5
9776.5
8113.5
5463.0
17973.5
13825.5
7701.5
9548.5
7191.5
6775.0
10358.5
25455.5
12295.5
2364.5

2579.5
7682.0
68.0
941.5
13970.5
1409.0
22874.5
20176.5
68.0
1389.5
9908.5
5016.0
4431.0
22.5
18648.0
1034.0
25050.5
1225.0
3158.0
10374.0
9373.0
3545.0
8.0
12435.0
19172.5
348.5
3699.0
68.0
68.0
2358.5
1967.5
9517.0
0
40.5
68.0
16867.0
10184.5
3183.0
14077.0
2231.5
10710.0
7285.0
68.0
1115.5
10910.5
16088.5
10201.5
68.0
68.0
4082.0
0
68.0
68.0
1387.0
8211.5
1494.5
3992.0
4114.5
5452.0
163.0
3777.0
4842.0
2717.0
68.0
4092.5
5917.5
0
1875.5
68.0
4481.0
2826.5
1520.5
1199.5
12153.0
3610.0
7509.5
1492.0
438.5
6214.5
10329.0
12518.5
4255.0
68.0
12487.0
68.0
2370.0
1031.5
16144.0
2084.0
8482.5
16844.0
9838.0
11275.5
68.0
21431.5
26286.0
11219.5
12559.5
68.0
18302.5
68.0
1423.5
3793.0
21334.0
68.0
4385.5
2355.5
9503.5
15201.0
11449.0
2470.0
4968.0
438.5
10060.5
10776.5
6008.0
11554.0
1333.5
8480.0
68.0
68.0
8161.0
26430.5
943.5
16193.5
14095.0
5433.5
68.0
8941.5
8450.5
68.0
4462.0
2858.0
9880.5
1894.5
4180.5
1471.0
68.0
8089.0
519.0
15251.5
68.0
18501.0
68.0
68.0
12055.0
6268.5
8108.0
15226.5
11320.0
4893.5
8094.0
12869.5
1504.5
13108.0
438.5
68.0
1760.0
7700.5
4149.0
68.0
4196.5
68.0
11131.5
3651.0
629.5
68.0
68.0
8563.5
4067.0
4437.0
438.5
68.0
6710.5
2907.0
4940.0
22.5
22374.0
2248.5
68.0
8578.0
1406.5
22.5
68.0
1002.5
4650.5
3193.0
3603.5
17380.5
68.0
8117.0
7353.5
2370.5
19823.5
2255.0
1019.0
1019.5
68.0
910.0
4539.5
9395.0
4860.5
4008.5
163.0
8592.0
68.0
1819.0
15814.0
848.0
1466.5
13832.0
21988.5
68.0
1893.0
9722.0
5448.0
4493.5
961.0
20941.5
8088.0
8614.5
2499.0
10359.5
2762.0
2764.5
1775.0
4914.5
7295.5
2231.5
6675.5
5499.5
11536.5
0
6385.0
1036.0
68.0
14873.5
1000.0
68.0
1878.0
0
719.0
1876.0
10708.0
68.0
8978.0
9042.5
10780.5
1687.0
458.0
68.0
18214.5
18197.0
3559.5
10934.5
3677.0
999.5
10306.5
3088.0
14772.5
68.0
0
3260.5
2766.0
17625.0
12085.0
6905.0
10513.0
6235.5
1614.0
7111.0
1406.5
68.0
554.5
4463.5
629.0
68.0
68.0
8541.0
4870.5
68.0
1504.5
6340.0
68.0
11043.0
4121.0
19678.5
3323.0
9498.0
11103.5
17851.0
1033.5
4639.5
3218.5
9888.5
7244.0
68.0
21401.0
3298.5
68.0
4032.0
163.0
7589.0
7568.5
1479.5
8092.0
68.0
22266.5
163.0
20222.5
1109.0
4927.0
6287.5
2361.5
5168.0
12385.5
5415.0
0
2299.5
8982.5
21881.5
13942.5
26690.0
68.0
943.5
5812.5
999.5
1991.0
4620.5
68.0
68.0
7231.5
4146.0
21470.0
1350.0
5428.5
0
20780.5
11182.0
1298.0
68.0
68.0
2770.5
6829.0
4999.0
3637.5
68.0
6283.0
3792.0
12115.0
28002.5
10302.0
5646.0
163.0
5940.0
4201.0
17944.5
10322.5
68.0
1592.5
5940.0
1016.5
1777.0
8179.5
1913.0
4555.0
2238.0
13772.0
9076.0
16480.5
4518.0
68.0
5409.5
2829.0
5412.0
68.0
2100.0
68.0
534.5
11321.0
68.0
7605.0
438.5
6242.0
23642.5
13410.5
14877.0
2327.5
943.5
163.0
11222.0
1016.5
68.0
68.0
163.0
4057.0
68.0
68.0
6531.5
5358.0
68.0
2379.5
14881.5
1539.5
1879.0
3180.0
1802.0
68.0
1521.5
6026.5
68.0
6720.0
8221.5
5350.5
25003.0
11659.5
68.0
6327.0
2768.0
0
3618.5
10964.5
1875.0
68.0
1516.0
944.5
5525.0
7648.5
7648.5
68.0
7317.0
68.0
22725.5
2743.0
68.0
68.0
22670.5
23589.5
10020.0
68.0
6259.0
68.0
16933.0
8001.0

10270.5
68.0
5527.5
68.0
5901.0
9439.0
4789.5
1861.5
1911.5
68.0
68.0
3601.0
14270.5
5841.0
13456.0
2785.5
16165.5
3222.0
10228.5
11145.5
5492.5
12120.5
68.0
6360.5
6769.5
16153.0
8023.0
5006.0
458.0
7251.0
13382.5
20575.5
4587.0
12155.5
11589.0
3225.0
926.5
6239.0
12641.5
910.0
4120.5
1387.0
9475.5
68.0
1016.5
11959.5
68.0
1016.5
1053.5
3562.5
7674.0
9121.5
2694.5
20538.0
3656.0
7174.0
1875.0
17043.5
8191.5
14657.0
2267.5
24862.0
3241.0
20744.0
2338.0
68.0
13882.5
1019.0
2706.5
16246.0
4551.0
1492.0
2871.5
15195.5
14988.0
68.0
68.0
2379.5
68.0
999.5
11191.0
8528.5
68.0
68.0
1426.0
1030.0
68.0
12485.0
68.0
68.0
68.0
5940.0
608.5
16499.5
10370.0
2953.0
9428.0
68.0
1802.5
2756.5
2360.5
68.0
1475.5
6779.5
68.0
7568.5
0
1504.5
2267.5
3722.0
4634.0
68.0
534.5
4109.5
16112.0
12122.5
15817.0
5131.5
9329.0
1774.5
6786.5
534.5
68.0
5229.0
6793.0
68.0
2599.0
6202.5
68.0
15639.5
68.0
5875.0
24944.0
10780.5
7449.0
1406.5
4019.5
5412.5
6236.5
1019.0
68.0
68.0
612.5
68.0
9339.5
1242.0
68.0
14701.0
4497.5
17715.0
4645.0
629.0
5591.5
18152.0
3837.0
4109.0
4463.0
14256.5
5998.0
3415.5
2374.5
5487.0
68.0
17311.0
7835.0
2355.0
26885.5
1331.0
4968.5
21311.5
4332.0
8417.0
7118.5
16460.5
12704.5
1022.0
68.0
1106.5
926.5
16830.0
926.5
21550.0
18840.5
612.5
5917.0
908.0
68.0
25514.5
4108.5
9480.5
1329.0
5202.0
16552.5
13416.0
68.0
5954.0
15247.0
1355.0
13465.5
19084.5
8964.0
2655.0
8572.5
68.0
4578.5
9373.0
1951.0
68.0
1015.0
1036.0
68.0
68.0
1499.0
68.0
0
6923.0
2843.5
68.0
68.0
9530.5
0
4044.5
0
68.0
1131.0
7601.0
68.0
1819.5
16583.0
12891.0
3048.5
68.0
22770.0
11899.0
2403.0
3927.0
4912.0
1347.5
0
4902.5
13805.0
629.0
1036.0
3144.0
19052.5
3577.0
10728.5
17948.5
3774.5
68.0
5843.5
68.0
163.0
6839.5
13922.0
646.0
19361.5
8431.5
5415.0
1000.0
1013.0
68.0
6924.0
12997.0
10288.0
8485.5
68.0
68.0
3238.5
8314.0
5101.0
9938.0
25948.5
1033.5
12039.5
18242.0
4089.0
68.0
5857.5
1053.0
5876.0
755.5
13487.5
68.0
68.0
68.0
4449.0
23774.0
3215.5
17421.0
68.0
6026.0
68.0
434.0
8651.0
27778.5
6298.5
68.0
6908.5
10730.5
5027.5
9373.5
35.0
4573.5
8452.0
5878.0
16883.0
1521.5
10335.0
12601.0
68.0
927.0
68.0
6286.5
5792.0
5526.5
68.0
663.0
1910.0
3679.0
7148.0
68.0
6671.0
3969.5
3233.5
18367.5
20542.5
14747.0
14377.5
68.0
68.0
6350.5
68.0
68.0
4109.0
3733.0
438.5
14529.5
15148.5
2752.0
0
68.0
1504.5
8555.5
68.0
16200.5
9895.5
4070.5
7176.5
11642.5
2121.0
68.0
537.5
1033.5
25755.5
3017.0
21030.5
3311.0
12532.0
21091.5
20555.0
1893.5
2862.5
438.5
5583.5
20083.0
11635.5
4616.0
16979.0
543.5
7228.0
8953.0
0
68.0
68.0
14405.5
17011.0
17790.0
15218.0
2933.0
13399.0
68.0
68.0
23273.0
9914.5
3584.0
68.0
12059.0
1036.0
3082.0
1441.0
15722.5
5303.0
7123.5
4282.0
11290.5
10314.0
1777.0
68.0
8056.0
4034.0
1002.5
5412.0
7956.0
15695.5
3610.5
13821.0
8817.5
2681.0
8427.0
4040.0
13281.0
1389.5
0
11964.5
14395.5
5839.0
17499.5
3627.0
16592.0
23637.5
16051.0
68.0
4199.0
22337.0
10298.0
3886.5
16515.0
153.5
68.0
5937.5
68.0
719.0
4505.5
2058.0
23254.5
4559.5
68.0
13439.5
8133.0
26298.0
8115.0
5366.5
68.0
629.0
1109.0
18769.0
68.0
3222.0
3158.5
1785.0
3759.5
68.0
6262.0
3702.5
3674.5
68.0
3060.5
68.0
68.0
68.0
3696.0
1968.0
438.5
7177.0
23240.5
17493.0
23199.5
13833.5
5898.0
2381.0
2559.5
10835.0
5881.0
3281.5
20188.0
1333.5
21910.5
68.0
68.0
19570.0
365.5
7885.5
20958.0
2377.5
13411.5
24536.0
897.5
3191.5
1869.5
19444.5
4308.5
926.5
68.0
1036.0
19617.0
163.0
0
17390.0
13492.0
16379.0
14845.0
4146.0
12044.0
68.0
1505.0
22063.0
629.0
68.0
68.0
11462.0
68.0
4182.0
27968.0
7234.5
2329.5
23264.5
438.5
1521.5
4086.0
10334.0
20120.5
6644.0
3137.5
6394.5
14400.5
13773.5
68.0
1584.5
10281.5
1570.0
20419.5
8606.5
22686.0
68.0
9407.0
1406.5
8572.0
1036.0
1055.5
7185.0
12991.0
12035.5
4077.5
6832.0
1578.5
7672.0
2209.5
13860.5
944.0
4613.0
9831.0
24912.0
15735.0
7422.0
9289.5
13453.5
2285.5
68.0
68.0
5920.0
12296.0
2276.5
4555.5
5490.5
1444.0
1376.0
6346.5
4078.5
4945.0
15791.0
11218.0
1820.5
5447.5
1348.5
21956.5
1598.0
1481.0
21828.0
68.0
6738.5
20279.5
961.0
3568.0
23238.5
1443.0
23126.5
10063.5
11216.0
17809.0
9925.0
1860.5
17464.5
19674.5
9508.0
2577.5
15230.5
20510.0
10824.0
9501.0
10718.0
10177.0
4078.5
3654.5
21936.0
6419.0
4494.0
8075.0
68.0
68.0
17908.5
68.0
4496.0
5164.0
15732.0
1895.5
6789.5
3201.0
4690.0
11287.0
14305.0
3671.0
3612.0
2826.5
68.0
19648.0
68.0
3648.0
7104.5
2664.0
5935.5
8076.0
18848.5
629.5
927.0
6775.5
16078.5
6534.0
11765.0
22732.0
13615.5
68.0
68.0
4516.0
8095.5
68.0
3730.5
3141.0
2081.0
4070.0
68.0
2368.5
68.0
6383.0
3015.0
4063.0
24119.5
663.0
5018.0
9921.0
4144.0
2799.5
15728.5
9904.5
10772.0
12209.0
11248.0
1406.5
10324.0
3099.0
8684.5
3696.5
68.0
9039.5
15643.5
3639.0
68.0
1019.5
2902.0
12945.0
13989.5
458.0
12376.5
3110.5
3509.5
21615.0
68.0
10345.5
4991.0
9018.0
7657.5
5367.0
68.0
13997.5
2472.5
1036.0
13355.5
4650.5
4571.5
5902.5
5869.0
6464.0
8436.5
68.0
2044.0
4125.0
24118.0
18291.0
10217.0
2372.0
68.0
663.0
24434.0
9624.5
1387.5
21686.5
5502.5
7256.5
1599.5
2757.5
6349.5
11672.5
68.0
14789.5
7139.5
21602.0
524.0
68.0
13080.5
68.0
68.0
13416.0
2246.5
4482.0
0
9069.5
5843.0
1516.0
11811.5
3615.0
68.0
68.0
6691.0
6629.0
2694.5
163.0
2450.0
612.5
2843.0
68.0
1019.5
68.0
10771.5
5913.0
15347.5
4415.5
6807.0
3915.0
4924.0
6195.0
24211.0
1021.5
68.0
2724.5
2092.0
14422.0
21147.5
5939.0
1505.5
4262.0
22648.5
8902.0
9486.5

9392.0
68.0
6761.0
646.0
3210.5
1333.5
17680.0
6881.5
3985.0
12556.0
29.0
8925.5
18251.5
6248.0
2040.5
5758.0
2281.0
10810.0
68.0
16238.0
3238.0
68.0
9978.5
68.0
1094.5
68.0
2754.5
4608.5
68.0
5604.0
14826.5
3953.0
2290.5
13801.0
68.0
68.0
68.0
4886.0
1016.5
5354.5
15693.0
19589.5
68.0
2746.0
68.0
19246.0
7177.5
13018.5
21316.5
1333.5
16548.5
7487.5
3701.5
17858.5
15277.0
68.0
6717.5
14412.5
16553.5
1892.0
9347.0
8168.5
438.5
68.0
7674.0
14318.0
20584.5
68.0
16605.0
1927.5
2316.5
4090.5
529.0
1786.5
20558.5
3231.5
10359.0
1036.0
1416.5
6020.5
27247.5
6392.0
8599.0
21735.5
24041.5
6697.5
8135.5
13370.5
4044.0
5767.5
4887.0
15394.5
68.0
1126.0
68.0
612.5
8926.5
68.0
6023.5
6309.0
3579.5
6791.5
3418.0
5814.0
1036.0
12186.0
23686.5
4668.5
24192.5
8121.0
1912.0
2753.0
9858.5
943.5
6295.0
5236.5
7715.5
1387.5
1016.5
9416.0
3239.5
3713.0
7263.5
11743.5
10647.5
1441.0
15381.0
13444.5
3604.0
3116.5
7478.0
6760.0
9414.5
3754.5
11764.5
8565.0
6269.0
19100.5
1115.5
4178.5
12949.5
2237.0
0
17039.0
21060.5
1350.0
629.0
9521.0
4259.0
68.0
2189.5
8697.0
6821.0
4233.0
14005.5
2530.0
68.0
68.0
4933.0
348.5
163.0
724.5
2372.5
646.0
22313.5
8486.5
6368.0
1109.0
438.5
0
7219.0
1299.5
3217.0
3813.5
9926.5
20291.0
1670.5
68.0
9970.0
10740.0
10804.0
68.0
1087.5
6751.0
16103.5
2316.5
9029.5
629.5
3674.5
4578.5
22741.0
15371.5
9882.0
68.0
3603.5
3268.5
16583.0
2580.0
16520.0
5599.0
6326.5
16153.5
3679.5
68.0
68.0
68.0
7214.5
14829.0
20107.5
10022.0
5923.5
3160.0
790.0
17929.5
4970.5
15174.5
2636.5
163.0
6769.5
2400.0
7709.5
6341.0
15230.5
1457.0
24484.0
68.0
5431.5
6082.5
16824.0
0
458.0
1697.5
68.0
10296.5
25307.0
3999.5
5095.0
5041.0
2263.0
173.0
68.0
68.0
3237.5
633.5
5093.5
3213.5
68.0
3124.5
11976.5
9061.0
1053.0
24769.0
68.0
25283.0
541.0
1861.5
1521.5
6282.5
68.0
2576.5
68.0
1892.0
24958.0
2810.0
68.0
68.0
19795.5
9248.0
68.0
5088.0
20870.5
14672.5
7294.0
4560.5
2238.5
629.5
7256.5
1145.5
2768.5
5530.5
15281.5
5501.5
533.5
9433.5
3727.5
8593.0
14400.5
10818.0
68.0
68.0
7702.5
10790.0
17874.0
1499.0
68.0
16602.5
5421.5
3216.0
2826.5
17929.5
365.5
68.0
18794.0
21955.5
17520.0
68.0
2323.5
68.0
3547.5
14701.5
68.0
6261.0
68.0
1014.5
5445.5
20480.5
8238.0
3959.0
13882.5
68.0
68.0
68.0
68.0
1505.5
5467.0
26800.5
68.0
6814.5
68.0
4239.0
16845.5
2741.5
1769.0
8898.5
68.0
13474.5
19707.0
7627.0
13360.5
4446.0
7051.5
2655.0
7144.5
8642.0
3629.0
2193.0
961.0
3270.0
4934.5
438.5
9745.0
5706.0
9037.0
68.0
21050.0
16478.0
15623.0
3664.5
1697.0
6149.0
8922.0
4119.5
1538.5
5474.5
5110.5
2080.0
11126.5
5976.0
1036.0
40.5
17763.0
68.0
19709.5
22.5
68.0
21839.0
9297.5
4036.0
1019.0
9141.5
68.0
646.0
1478.0
8841.5
1617.5
3632.0
4591.5
14296.5
1424.0
12693.0
646.0
68.0
9934.0
7203.0
16504.0
68.0
25901.0
1471.0
0
6797.0
13505.0
13091.5
4593.5
68.0
646.0
68.0
4668.5
6792.0
22882.5
8045.5
68.0
4171.0
3593.5
45.5
2745.0
24009.5
13468.0
12064.0
8400.0
5478.0
4514.0
9383.0
20913.5
11114.5
21721.0
1487.5
8147.5
13452.5
15723.0
17057.5
12979.5
10362.0
5448.0
1895.0
10346.0
1000.0
13420.5
3528.5
68.0
5897.0
23729.5
10018.0
163.0
77.0
68.0
68.0
17751.0
23690.5
25018.0
1133.0
14661.0
68.0
3315.5
8969.0
68.0
14651.5
10699.5
10248.0
4948.0
8539.0
2021.5
0
68.0
12963.5
1487.5
4576.5
7247.5
13564.0
4737.5
629.0
23161.5
1095.0
2709.0
4518.0
3240.0
15221.5
7746.5
10504.5
7856.0
7562.5
68.0
4291.5
10697.0
11264.0
828.5
12154.0
7791.5
9167.0
15627.5
5874.0
9461.0
2409.5
1798.0
16062.5
18452.0
68.0
68.0
7761.5
2362.5
4949.0
0
68.0
438.5
1505.0
0
7755.5
3143.5
2394.0
0
4426.0
68.0
2899.5
0
3323.0
13124.5
4480.0
1563.5
10419.0
3204.0
68.0
2768.5
3230.0
1033.5
68.0
2920.5
3662.5
27286.5
18420.0
5392.0
1786.5
5949.0
5747.5
5444.0
18028.5
15973.0
3672.0
9780.5
20034.5
1691.0
1885.5
15127.0
4138.0
68.0
12020.0
17725.5
68.0
3182.5
4900.5
458.0
23444.5
68.0
524.0
4049.5
68.0
68.0
68.0
13938.0
23093.5
2378.0
1796.5
68.0
11973.5
68.0
68.0
438.5
15705.0
1036.0
0
5754.0
1068.5
14203.5
2437.0
3700.5
7371.5
3123.5
0
6803.5
11686.0
17488.5
5345.5
10378.0
2242.0
1423.5
20067.0
4814.0
14472.5
537.5
5570.5
68.0
1521.5
27205.0
9482.0
8964.5
5822.5
4504.0
2689.0
534.5
6234.5
9841.0
8722.5
1373.0
1015.0
2372.0
15307.0
0
9423.5
629.0
4985.5
1053.0
14309.5
7811.0
1016.5
6738.0
9036.0
5866.0
7655.5
25174.0
16983.5
1932.0
529.0
2338.0
21897.5
7606.5
0
0
12562.5
17004.5
21906.0
0
21567.0
438.5
12890.0
3092.5
17324.0
12890.5
348.5
4428.5
3382.5
21278.0
1475.0
4859.5
1821.0
68.0
4154.5
6811.0
45.5
0
18363.5
5481.0
2750.5
2658.0
15276.0
1862.0
9879.5
4043.5
15135.0
17118.5
1036.0
1879.0
9545.0
9414.0
17828.5
9116.5
0
3232.5
18643.0
3286.5
1521.5
18350.0
14753.5
4985.5
1785.0
1012.0
2762.5
6856.0
19758.0
1768.5
17133.5
6071.5
16099.0
2268.0
0
0
5327.0
68.0
12464.5
458.0
9841.0
24847.5
4934.0
2381.0
21507.0
11221.0
10830.5
3213.0
8341.5
0
8032.5
13363.5
9322.5
6358.5
16716.0
2355.0
68.0
4468.5
4629.5
68.0
4491.5
9791.0
25472.0
68.0
21676.5
5023.5
68.0
614.0
163.0
4235.5
1968.5
6835.5
68.0
5944.5
16259.0
11609.5
68.0
1895.0
1036.0
3208.0
12294.0
629.0
68.0
21894.5
12543.0
5311.0
4741.0
458.0
10834.5
9526.5
16475.0
68.0
68.0
2282.0
8359.0
12111.5
2863.5
13847.5
3694.0
7139.5
1016.5
68.0
3252.0
24563.5
12107.0
9962.0
68.0
944.5
2827.5
68.0
68.0
11763.5
4564.5
68.0
6659.5
2740.5
3293.0
5085.5
1003.5
68.0
23129.5
11275.5
5808.0
22363.0
12010.5
20494.0
12576.5
8151.0
0
3127.5
68.0
22363.0
68.0
10940.0
14780.5
537.5
2362.0
3639.0
68.0
5699.5
3249.5
68.0
961.0
14499.0
4050.0
77.5
646.0
2265.0
22313.0
11601.0
26915.0
4450.5
5733.0
3175.0
543.5
3111.0
3631.0
1016.5
7185.0
999.5
3637.0
15129.5
1036.0
68.0
2703.5
68.0
5481.5
1038.5
68.0
534.5
68.0
68.0
68.0
3655.5
4096.0
2804.5
0
9900.0
443.5
2762.0
8149.0
6011.0
6960.5
3325.5
2306.0
68.0
5573.0
943.5
1843.0
68.0
68.0
68.0
13815.5
0
1777.5
8942.0
68.0
68.0
68.0
15710.5
68.0
5617.0
1487.5
24169.0
1111.5
568.5
14669.5
16511.5
16154.5
2841.5
68.0
4555.5
68.0
537.5
1502.5
1016.5
5180.0
6941.0
438.5
2372.0
25372.0
15211.5
68.0
6295.0
7590.5
68.0
68.0
4144.5
10690.5
2728.0
12260.5
23225.5
17870.0
1516.0
68.0
68.0
68.0
68.0
11263.5
17052.0
24603.5
8161.0
68.0
68.0
26326.0
5522.5
8122.5
2282.0
13339.5
1014.5
11110.0
6555.0
68.0
4126.0
1488.0
4596.0
22036.0
20516.0
12219.5
8518.0
9462.5
3137.0
7191.0
0
11661.5
7268.0
22366.5
7995.0
12992.0
4980.5
8935.0
7240.0
68.0
2355.0
68.0
12551.0
2919.0
68.0
16523.5
1016.5
5336.0
68.0
15273.0
2764.5
68.0
22691.5
5946.5
627.5
8779.5
68.0
0
1503.0
629.0
2375.5
14390.5
6387.5
5979.0
13047.5
21039.0
10090.0
7567.5
8063.5
6255.0
20099.0
14765.5
7673.5
6809.0
68.0
9889.0
19196.0
68.0
6745.0
0
16021.0
68.0
10325.0
68.0
11230.0
0
0
68.0
68.0
10814.5
4350.5
68.0
25748.0
943.5
9999.0
2773.0
2781.0
1479.5
21343.5
12962.0
68.0
9368.0
20991.0
8997.5
20484.0
68.0
11693.0
12954.0
2762.0
1370.5
7069.5
1016.5
20135.5
6541.5
1026.0
2047.0
4160.5
0
68.0
21298.0
68.0
12629.5
6735.0
646.0
68.0
8000.0
3478.0
3703.5
6402.0
4480.0
17023.5
7238.5
68.0
3197.5
9149.5
5633.0
68.0
9502.5
0
3695.0
17039.0
8796.5
6356.0
24843.5
4396.5
22981.5
1911.5
7553.0
6369.0
3997.0
6562.0
12111.5
4467.5
1913.0
5158.0
13422.0
68.0
3300.5
12940.0
20442.5
1582.0
9488.5
11779.5
926.5
953.0
20588.5
68.0
3298.5
4168.5
9152.0
3527.0
68.0
27256.0
15283.0
22243.0
1022.0
21836.0
12502.5
3529.0
6315.0
4112.0
25774.5
68.0
68.0
1016.5
7763.0
4137.0
68.0
4951.0
7537.0
11440.5
2367.5
6016.5
6811.5
6362.0
163.0
0
2374.5
4709.0
12570.0
21136.5
19821.5
3343.0
9459.5
3991.5
5923.0
5004.5
2479.5
1869.5
8675.0
17915.5
68.0
5012.5
14277.5
4089.5
736.0
12884.0
9007.5
12176.5
3548.0
3811.5
13848.5
22316.0
68.0
1005.0
7183.5
163.0
2939.5
2916.0
1036.0
13570.5
5432.0
16485.0
8133.5
20780.5
7212.5
9182.5
17895.0
16030.5
16032.0
11584.0
3702.5
19197.0
7387.0
14270.5
9961.0
5100.5
6771.5
68.0
1053.0
1036.0
5934.5
4535.0
23721.0
19238.0
9051.0
1016.5
10824.0
12519.0
612.5
68.0
9498.0
2775.0
11606.5
17902.0
3809.5
11589.5
2458.5
629.5
2331.0
1373.0
7262.5
1114.5
68.0
2367.5
8928.0
21085.5
7438.0
1033.5
6301.0
12567.5
68.0
22679.5
68.0
2755.5
5053.0
9060.5
3229.0
68.0
9098.0
11763.0
4518.0
15756.0
4629.5
9351.5
4498.5
12438.0
18664.5
2810.0
68.0
458.0
68.0
11401.5
68.0
9426.5
19333.0
5406.0
6716.0
11682.5
8116.0
13445.0
15370.0
11566.0
8629.5
13758.5
68.0
17807.5
3234.0
9479.5
17944.0
9074.5
3660.0
19721.5
9863.0
9461.5
13476.0
7262.0
3107.0
7969.0
9390.5
4921.5
5836.5
68.0
19808.0
2875.5
18894.5
0
11832.5
0
9492.0
5780.0
4605.5
1406.5
8176.5
12182.5
3587.0
926.5
3589.0
16484.0
1479.5
5925.5
5473.5
68.0
3268.0
5983.5
24692.5
3616.5
68.0
5361.5
11172.5
68.0
68.0
4193.0
68.0
0
9507.0
9488.5
68.0
4560.5
11138.5
1755.0
6833.5
9876.5
25074.5
1518.5
10900.0
22709.0
5533.5
2892.5
6109.5
2359.5
68.0
9111.0
2519.0
68.0
0
68.0
7991.5
6461.5
7535.0
24480.0
8069.5
3236.0
6674.5
16113.0
2738.0
0
14825.5
3199.5
14664.5
4465.0
68.0
1945.0
1090.0
12546.0
1499.0
17379.0
9811.0
5439.0
16028.5
15357.5
4620.0
1409.0
23189.5
0
13559.5
16001.0
2830.5
68.0
7452.5
257.0
11688.0
7199.0
20488.0
3991.0
68.0
18824.5
16924.5
8013.0
17228.0
68.0
10858.0
0
0
7103.5
17919.0
8473.5
68.0
12092.5
11064.5
68.0
19278.0
15191.0
4604.0
5841.5
13797.5
68.0
68.0
12496.5
4565.5
68.0
68.0
68.0
12249.5
24083.5
7244.0
21318.0
3270.5
68.0
68.0
5803.5
2348.0
68.0
8463.0
21007.0
16202.5
22046.0
719.0
2719.0
17287.5
3670.5
4002.5
11143.0
910.0
4613.5
2115.0
7031.5
15371.5
19306.0
6460.5
4155.0
68.0
16224.0
9464.0
0
68.0
68.0
11950.0
3124.0
1579.0
719.0
68.0
3910.5
0
5071.0
23738.5
16099.5
6769.5
10453.0
2728.0
9571.0
5113.5
3198.5
163.0
20072.5
16454.0
4569.0
68.0
5433.0
0
7679.0
9421.5
16499.0
13394.5
4125.5
4861.5
3152.0
2907.5
12529.0
8598.5
0
5125.0
13142.5
18844.0
8090.5
68.0
2387.0
3114.0
458.0
68.0
7456.5
2826.5
8167.0
68.0
2458.5
2922.0
13541.5
4165.0
4000.0
68.0
10816.5
11383.0
11735.0
2398.0
1591.5
11386.0
4057.5
7692.0
68.0
3217.5
4481.5
12452.5
14537.0
15529.0
926.5
15488.5
22342.0
5562.5
13850.5
26370.5
68.0
960.5
4604.0
18192.0
2785.5
68.0
2342.5
22894.5
153.5
68.0
2324.5
3158.0
6825.5
68.0
19812.5
0
9496.5
1819.0
4184.0
2661.0
2742.0
6829.0
9952.5
348.5
3512.5
1033.5
3746.0
18343.0
12131.5
16247.5
173.0
2322.0
6795.0
68.0
2708.5
1909.0
68.0
4544.5
12742.5
0
4122.5
17844.0
4030.0
68.0
3237.0
5450.5
6924.5
12099.0
16758.0
14390.0
455.5
4018.0
2431.0
7622.5
9809.5
68.0
68.0
0
4535.0
68.0
68.0
68.0
1911.5
0
10801.5
2372.0
11133.5
24026.0
7593.5
14386.0
68.0
9422.0
5285.0
15676.0
11567.0
9026.0
6405.0
3124.0
11616.0
458.0
16049.0
3530.5
0
68.0
15209.0
26016.5
10387.0
3270.0
1879.5
0
7223.0
16122.5
7277.5
4449.5
6711.0
4254.5
3303.5
2747.5
26277.5
1029.0
8544.5
68.0
4151.5
9322.0
15262.0
1014.5
68.0
7410.0
4533.5
0
1019.5
910.0
9439.5
629.5
1316.5
1105.0
10373.0
13038.0
1116.0
68.0
68.0
19174.5
11785.5
4949.0
9469.0
4987.5
68.0
4865.5
646.0
3710.0
68.0
2658.5
68.0
10678.0
0
68.0
1951.0
16767.5
20681.5
11185.0
2334.0
3144.0
6731.5
2251.0
1471.0
646.0
68.0
68.0
68.0
9607.5
11980.5
4606.0
7308.0
0
3589.0
1032.0
11347.0
4482.5
5105.0
16418.0
2792.0
10362.0
8584.5
3675.0
1016.5
3561.5
438.5
16668.0
458.0
1357.5
7651.0
68.0
6681.0
3913.0
7811.5
8993.5
68.0
18551.5
68.0
68.0
68.0
11714.5
68.0
13018.0
23253.5
1858.5
3664.0
1794.0
0
11673.0
3142.5
537.5
68.0
68.0
2256.5
12018.5
3209.0
9454.5
3271.0
68.0
17893.5
11613.0
4465.0
13456.5
943.5
13093.5
5016.0
1109.0
7665.0
2753.5
0
68.0
2390.0
438.5
4460.0
3679.5
68.0
0
8946.0
0
21932.5
7328.0
8618.5
2265.0
9546.0
9494.0
2262.5
5952.0
17251.0
4553.0
3107.0
1471.0
997.5
18675.0
68.0
16324.0
7653.5
0
19533.0
68.0
23712.5
3192.5
6811.0
4570.0
10296.0
68.0
910.0
10704.5
4127.0
627.5
1988.0
16586.5
2804.0
68.0
2233.5
10472.5
11234.5
7206.5
5907.5
10231.5
2335.5
68.0
10368.0
18380.5
11201.0
68.0
16168.5
1780.5
1387.0
8967.0
4657.0
68.0
11718.0
0
17946.0
26228.5
2689.5
1425.0
68.0
68.0
1690.0
5427.0
16035.5
3248.0
7470.5
646.0
68.0
68.0
24231.5
12021.0
68.0
4054.5
1107.0
6323.5
15133.5
17426.0
0
4614.0
68.0
0
438.5
4965.5
16627.5
6362.0
1406.5
3102.5
12720.5
3248.5
2529.5
3157.5
19527.5
12889.0
1983.5
25510.0
4458.0
7216.0
438.5
1481.5
68.0
6745.5
12531.0
9038.0
0
1594.5
3065.0
1426.0
9315.5
8213.5
22280.0
1987.0
12520.5
8560.5
4563.0
12983.5
1421.5
2826.0
1772.5
19227.0
28066.5
12201.5
14206.0
1934.5
19259.0
0
13854.5
16592.5
1036.0
68.0
1002.5
4996.5
0
21533.0
13482.0
4667.5
5908.0
68.0
68.0
926.5
12578.5
68.0
24554.5
17585.5
3552.5
14777.0
5428.5
18819.5
23872.0
13089.0
21851.5
68.0
7506.0
15799.5
5359.0
11622.5
4519.0
6263.0
7278.0
11112.0
68.0
18726.5
13810.5
68.0
629.0
4103.0
68.0
6810.5
20599.5
0
1485.0
68.0
8134.5
68.0
13023.5
4109.0
7601.5
11750.0
26689.0
6384.5
7810.0
11700.0
0
1016.5
12156.0
11263.0
16905.5
7352.0
535.0
68.0
22327.0
68.0
2858.5
20116.0
5486.5
23185.5
11276.0
14353.0
15432.5
7720.0
20087.5
2691.0
68.0
1019.0
2175.0
11317.5
8119.5
11251.0
4933.5
2368.0
68.0
13883.0
1430.0
11255.0
4572.0
8198.5
19734.0
5823.0
12503.5
18278.5
1503.0
1870.5
8468.5
5794.0
68.0
5935.5
16660.0
14297.0
2321.0
8992.5
3115.5
18695.5
68.0
68.0
1796.5
68.0
1706.5
20224.5
68.0
5914.0
1488.0
8032.5
848.0
68.0
4633.0
13480.0
12685.0
13949.0
68.0
1014.5
68.0
1862.0
17937.5
9509.5
1016.5
1392.5
1488.5
14923.0
5686.0
4504.5
2884.5
2319.0
17354.5
3803.0
5452.0
8974.0
8291.0
1115.5
2374.5
68.0
68.0
5435.5
7957.0
22210.5
543.5
443.5
6371.0
4357.0
2349.5
26241.5
20028.5
19103.5
7273.0
5286.0
1373.0
9294.0
4171.5
19942.5
6524.0
2695.0
438.5
9885.0
1016.5
12130.0
8991.0
4108.5
68.0
3309.5
4280.0
11375.5
68.0
1363.5
1333.5
724.5
10191.5
601.0
21781.5
4000.5
14776.0
9850.5
6374.5
1857.0
13779.5
21474.5
5873.0
7206.0
8044.5
3031.5
0
5917.0
22155.0
7380.0
1406.5
68.0
2248.5
7126.5
8087.5
13880.5
4771.5
5273.5
20982.5
1873.5
17477.0
10334.0
68.0
9873.0
3670.5
3279.0
7971.5
8660.0
6723.0
19682.0
3848.0
5795.5
5352.5
1877.5
68.0
4930.5
3332.5
2878.0
18009.0
8200.0
8276.5
16997.0
68.0
6402.0
68.0
18930.5
11140.5
2813.0
3439.0
3178.0
16012.0
4364.5
4438.0
10978.0
15271.0
14332.0
173.0
0
2769.0
22001.0
4452.5
12880.5
0
4989.0
3669.5
926.5
68.0
25047.5
68.0
12076.5
68.0
21346.5
3879.0
2265.5
1419.0
9593.5
3415.5
11606.5
2180.0
7297.0
8892.5
68.0
18483.0
12878.0
12955.0
18682.5
15638.5
1968.0
6739.0
629.0
5038.0
910.0
5421.5
20089.0
12082.5
943.5
3180.0
10362.0
1016.5
17778.5
2362.0
2747.5
14999.0
10664.5
0
10651.0
22768.5
6515.0
3188.0
15279.5
13154.5
12014.5
24575.5
3849.0
22169.0
11240.0
3221.5
9868.0
8881.0
19746.5
22856.5
23295.5
68.0
2769.0
348.5
12067.0
944.0
68.0
15191.5
3166.5
4589.0
8026.0
68.0
26808.5
6402.5
11818.5
63.0
68.0
7222.5
4197.0
4174.0
13966.5
11679.5
1019.0
4931.5
1949.0
13613.0
12842.0
10995.0
18004.0
17893.0
68.0
25972.5
9394.5
7444.0
26857.5
12587.5
21824.5
12885.5
1516.0
4041.5
68.0
3779.0
19251.0
13917.5
68.0
21350.0
9632.0
68.0
2845.5
7681.0
68.0
5340.0
68.0
12636.0
68.0
13497.0
3205.5
7289.5
23211.5
4021.5
8106.5
14434.0
68.0
3266.5
3107.5
911.5
68.0
1955.0
365.5
163.0
23633.5
1373.5
5946.5
14326.5
68.0
20437.5
13340.0
23176.0
11635.0
10207.5
68.0
646.0
6250.5
1333.5
10362.5
68.0
13915.5
19820.0
68.0
14373.5
68.0
68.0
3233.0
9018.5
3669.5
533.5
533.5
5532.0
6954.5
2372.0
11265.0
3246.5
22147.0
20941.5
20567.0
8897.0
68.0
2097.0
68.0
7725.5
8092.5
5970.0
10860.0
6784.0
4654.0
19200.0
629.0
18917.5
2077.0
68.0
12464.5
5322.0
19619.0
4105.5
612.5
1580.5
1053.0
2825.5
68.0
2823.5
9517.0
17361.5
4068.0
25441.5
7690.5
7677.5
5465.0
365.5
14743.5
3573.0
828.5
68.0
12518.0
68.0
8592.5
4882.5
4474.0
13673.5
18326.5
11820.0
5919.0
16893.5
1000.0
22662.0
8456.0
1892.5
6765.5
3217.0
7497.0
28617.0
0
8536.5
11758.5
0
7535.5
8660.0
9760.0
7782.0
12008.0
14013.0
68.0
67.5
15908.0
6369.0
26069.5
533.5
2398.5
1019.0
18834.0
10331.5
68.0
10752.5
13408.0
7236.5
20239.5
18700.5
68.0
68.0
12522.5
3330.0
3764.5
2900.5
4213.5
0
1998.0
0
8145.0
6331.0
1886.5
68.0
8493.0
9933.5
0
457.0
9108.0
68.0
9652.0
16525.5
3123.0
0
11666.5
20069.5
5022.0
9000.5
7274.5
1454.5
10805.5
5343.5
13053.5
68.0
7127.5
13355.5
17253.0
2363.5
5043.0
438.5
12437.5
68.0
1521.5
4445.0
627.5
4560.5
19825.0
12900.0
7165.0
1893.0
8784.5
5105.0
5819.5
2826.5
12579.0
8463.0
68.0
12155.5
17404.0
68.0
2745.0
1877.5
5941.0
2313.5
4984.0
0
68.0

3574.5
6692.0
68.0
20429.0
3139.5
5004.5
7921.5
5343.5
5713.0
23209.5
68.0
27759.5
13752.5
458.0
1873.5
68.0
68.0
11773.0
68.0
2933.0
16855.0
905.5
1002.5
1033.5
21632.5
8152.0
1436.0
12947.5
13473.0
1019.0
1033.5
1033.5
27269.0
23250.5
3307.5
2360.0
22227.5
4599.5
533.5
12050.0
3668.5
17843.5
438.5
23678.0
12225.0
3700.0
68.0
828.5
5115.5
1793.0
4480.0
738.5
12461.5
22260.0
20061.5
0
68.0
68.0
6739.5
12991.0
1589.0
68.0
11586.5
9801.0
6754.0
13479.0
10142.0
4989.5
19188.5
454.0
68.0
4561.5
8818.5
12049.0
68.0
23613.0
15090.0
10853.5
5046.0
1706.5
14235.0
1501.5
1580.5
1346.5
5373.0
2546.0
68.0
68.0
16149.5
0
68.0
6526.0
10898.5
3205.0
163.0
4869.5
14652.5
19740.0
8101.0
68.0
6762.0
13883.0
68.0
5036.0
3332.5
1384.0
458.0
14854.5
2297.0
10254.5
18340.5
2596.5
8953.5
5527.0
13070.5
20965.0
6210.5
627.5
22369.5
13383.5
458.0
10703.0
1803.0
20048.0
5576.5
20637.0
7129.5
163.0
18936.0
23318.5
68.0
9812.0
2378.5
0
3313.5
11684.5
6384.0
2355.5
18719.0
22004.5
13427.0
14900.0
68.0
8882.5
68.0
1034.0
1684.5
1316.5
2823.5
629.0
458.0
8909.5
68.0
5025.0
10306.0
20097.5
10818.5
5339.5
10669.5
68.0
68.0
15110.0
1482.5
14958.0
5352.0
3233.0
5914.5
12031.5
12016.5
16442.0
13859.0
2169.5
7581.5
12896.5
20504.0
20177.0
68.0
5359.0
23187.0
12562.0
68.0
458.0
11141.5
20563.0
926.5
11652.0
20476.5
943.5
8093.5
4047.0
15133.5
15267.0
3148.5
5047.0
911.0
68.0
20116.0
68.0
2358.0
2265.0
6437.0
11576.0
2857.5
5359.5
68.0
68.0
3196.5
6027.5
68.0
4572.0
2240.5
6624.0
3231.5
5351.5
3359.5
1894.5
5914.5
8146.0
6664.5
11372.5
11401.0
905.0
68.0
16065.5
1033.5
2006.0
1858.0
25017.5
68.0
3686.0
10744.0
1843.0
6839.5
4890.0
2282.0
68.0
1792.5
68.0
2282.0
944.0
1563.5
24106.0
3643.0
1016.5
8056.5
10684.5
14707.5
12184.5
3401.5
6787.0
5433.5
68.0
4069.0
4104.0
22237.0
458.0
6582.0
7260.5
19119.5
14796.0
1970.0
3639.0
68.0
17350.5
17372.0
1419.0
14812.0
26256.0
10905.0
6934.5
6920.0
10378.5
3217.0
4930.5
19661.0
1500.0
11216.5
926.5
68.0
3676.5
1895.0
5023.0
68.0
8134.5
5150.5
16608.5
4906.5
10753.5
1351.0
1516.0
6761.0
9838.0
4980.0
68.0
9897.5
7448.0
5505.5
10782.0
2823.5
7244.5
12521.5
0
2211.5
1900.0
8552.0
5109.5
8892.0
7986.5
68.0
5756.0
642.5
3663.0
10773.0
9334.0
68.0
11230.5
14684.5
13818.5
14308.5
20972.0
6312.5
4279.5
17864.5
163.0
13889.5
943.5
6838.0
4558.0
68.0
6751.0
15133.0
3569.5
3740.0
1894.5
68.0
12039.0
1126.0
9826.0
629.5
2781.5
14736.0
5088.0
2368.5
438.5
9458.5
68.0
68.0
460.5
68.0
3696.5
4130.0
450.0
1488.0
2343.5
3891.0
2747.5
3215.0
6679.5
13505.0
26559.5
2809.0
2344.0
12161.5
1489.0
17929.0
526.0
14443.0
18721.5
26312.5
6821.5
1496.5
1421.5
5813.0
9438.0
7180.0
1029.0
4074.5
3196.5
3296.5
3752.0
25098.5
68.0
8210.5
1836.5
2332.5
7601.0
12542.0
4148.0
17225.0
50.0
68.0
10022.0
1349.0
68.0
14206.0
68.0
10679.0
21894.5
1145.5
68.0
3264.5
6811.0
5981.5
11690.5
68.0
10092.5
1463.0
3696.0
3289.0
12447.5
8158.5
8948.0
17793.0
20561.5
4470.5
68.0
3734.5
4616.0
68.0
2299.0
68.0
22168.5
68.0
1499.0
1856.0
507.5
16957.0
12572.0
8047.0
2841.5
2319.0
18385.0
8544.0
2470.0
1331.0
9964.5
5920.5
3606.0
12579.5
11120.5
2734.5
21033.5
10820.0
22765.0
10725.0
11539.0
7272.5
11253.0
14472.0
16528.0
4120.0
2383.5
68.0
7216.5
1597.0
8138.0
19244.5
4140.5
1898.0
2830.5
13918.5
4930.5
68.0
24959.0
20516.5
4601.0
68.0
20675.5
7214.5
14353.5
1520.5
7163.5
11765.0
6828.0
68.0
8049.5
68.0
12386.0
4752.0
1536.5
4945.5
4347.5
16869.5
68.0
5773.0
1109.0
1962.0
5495.5
3234.0
1768.0
0
14322.0
2736.5
16363.0
5416.5
68.0
68.0
6698.0
26354.5
1968.5
348.5
2788.0
5037.5
6729.0
11115.0
2781.0
8526.5
458.0
2775.0
68.0
68.0
8054.0
3632.0
6010.0
68.0
18090.5
9388.5
16951.5
18426.5
7969.5
5536.0
24973.0
17134.5
21263.5
4876.0
68.0
13460.5
8082.5
17316.5
1038.5
1861.0
68.0
68.0
3620.5
13360.0
11190.0
153.5
1909.0
11467.5
21097.5
999.5
9362.0
14312.5
6758.0
13569.0
0
23364.5
1016.5
13505.5
68.0
627.5
68.0
68.0
19653.5
6273.0
9044.5
5017.5
13885.5
6985.5
1036.0
8693.5
20491.5
5975.0
1002.5
68.0
0
2755.5
1036.0
1854.0
13443.0
646.0
2391.5
1129.5
7130.5
9432.0
19614.5
2880.0
68.0
4946.5
68.0
6927.0
1975.5
163.0
6681.5
4949.5
18718.5
3309.0
11175.5
7235.0
68.0
9707.5
458.0
15339.5
4833.0
3676.5
922.0
68.0
163.0
3240.0
1421.5
646.0
13780.0
8994.0
68.0
2677.0
6210.5
68.0
0
68.0
14749.0
68.0
10026.0
6806.5
3513.5
5881.5
18380.0
68.0
4962.5
68.0
1802.0
0
5525.0
5955.5
11445.0
3234.0
6259.0
9476.0
11641.5
14383.5
68.0
5664.5
68.0
68.0
68.0
24166.5
68.0
1438.5
7210.0
8518.5
7836.0
627.5
14796.5
68.0
17321.5
22579.5
13996.5
3720.0
4058.0
11234.0
8518.0
0
68.0
2355.5
68.0
3691.5
4575.0
2548.5
68.0
12895.5
1611.5
163.0
68.0
2409.0
943.5
3197.5
7250.0
12985.0
1503.5
68.0
5419.5
3689.5
68.0
6789.5
1594.5
1528.5
12510.0
11627.5
163.0
543.5
8487.0
1893.0
21828.0
8117.0
5322.0
5554.0
5339.0
68.0
4571.0
68.0
15605.0
1492.0
68.0
2660.5
15957.0
2922.0
2818.5
68.0
4000.0
3256.0
18290.5
10131.0
738.5
2249.0
2440.0
3374.5
4576.5
7314.0
18257.0
6358.0
3417.0
3801.5
8851.5
852.0
24608.5
24604.0
8442.0
4121.0
6144.0
4107.5
11985.5
9929.5
1793.0
16707.0
646.0
5343.0
5181.0
3970.0
3689.5
68.0
5910.5
163.0
5862.0
3000.0
3296.0
2259.5
2395.0
68.0
2734.0
9433.5
68.0
6315.0
4439.5
20470.5
612.5
15182.0
68.0
5839.5
646.0
537.5
8202.0
3688.5
68.0
5738.0
10454.0
6520.5
4998.5
68.0
0
646.0
3728.5
68.0
6754.5
434.0
5870.0
5512.0
15469.0
2338.0
4159.0
3586.5
4142.5
8782.5
5043.0
68.0
17361.5
68.0
68.0
11560.5
22115.5
2723.5
348.5
16463.5
4969.0
25406.5
3640.5
18772.0
26287.5
16534.5
3651.5
68.0
2677.5
3125.0
7233.0
3625.0
3339.5
13820.0
68.0
21496.5
2375.0
4143.5
11933.0
7145.0
6811.0
1496.5
3612.0
4106.0
9973.0
68.0
1390.0
68.0
7174.0
9708.5
68.0
18811.5
3645.0
16203.0
68.0
5082.0
1921.5
1109.0
2563.5
20001.5
6373.5
927.5
646.0
68.0
8062.5
5626.0
11191.5
961.0
12955.0
2707.0
23186.5
3612.0
944.0
14398.5
1019.0
533.5
4878.5
15669.0
1036.0
11596.5
12587.0
6669.0
998.0
6219.0
68.0
15376.5
554.5
4015.5
14832.0
2770.5
6833.0
23213.5
7748.0
4569.0
7691.5
24529.0
534.5
68.0
68.0
2367.5
17537.0
4535.5
4136.5
8736.5
163.0
8504.5
3903.5
910.0
12081.5
11005.5
27200.0
23208.0
68.0
7761.5
7577.5
13391.0
22709.0
6297.5
20261.5
4600.5
18792.5
8587.0
2751.0
12116.0
50.0
68.0
21931.5
2840.5
438.5
68.0
68.0
9326.5
6848.5
16500.5
15183.5
8130.5
16051.0
3281.0
458.0
14127.5
16167.5
3903.5
68.0
19163.5
2671.0
13905.5
551.5

11558.0
5583.0
5105.0
68.0
2299.0
16962.5
1860.5
3686.0
20533.0
0
1611.5
458.0
2736.5
2315.5
14804.5
68.0
4444.5
3685.0
8565.5
14087.0
1803.0
4961.0
18846.5
7548.5
2265.5
68.0
1522.5
809.0
18843.0
68.0
3307.0
68.0
10411.5
10359.0
8661.0
17814.0
4590.5
2284.5
16578.5
68.0
4122.0
7225.5
24019.0
1890.0
11204.0
524.0
647.0
8125.0
828.5
1489.0
1879.5
8835.0
9356.0
26862.0
1419.5
68.0
629.0
4248.5
11235.5
6680.5
0
68.0
16427.0
19722.5
10105.0
68.0
12000.5
13821.0
2767.0
3141.5
2374.5
22924.0
23578.5
68.0
7856.0
12168.5
348.5
6360.0
68.0
2365.0
8115.5
0
1910.0
5683.0
8247.5
3674.5
3614.0
2369.5
13369.5
68.0
9915.5
13888.0
4016.0
12493.5
5520.0
2332.0
1521.5
11715.0
1786.0
348.5
25422.5
12481.0
1399.5
17890.0
68.0
1581.5
21455.5
68.0
23571.5
10863.5
8558.5
9395.5
2693.0
9502.5
438.5
3278.0
13487.5
25532.0
17487.0
24120.5
4519.0
6356.5
1802.5
18341.5
6822.0
68.0
20865.5
4471.5
5028.0
9953.0
3756.5
1865.0
10750.5
5494.0
6747.5
2282.0
8232.5
19241.0
68.0
5017.0
3589.5
18953.0
20885.5
8485.5
10633.5
8948.0
8568.0
1892.5
9407.0
68.0
21069.0
18871.5
9057.0
68.0
68.0
150.0
4131.0
646.0
1002.5
68.0
68.0
3325.5
12974.5
14247.5
20094.5
1002.5
8901.0
15202.5
6777.0
629.0
612.5
11335.5
0
68.0
9459.0
12980.5
17571.5
17837.0
2439.0
23563.0
2272.0
15615.5
2691.5
4991.5
19684.5
2477.0
5372.5
0
24462.0
15355.0
22296.5
8541.0
9877.5
3250.5
6394.5
4498.5
999.5
3214.5
1387.0
68.0
14000.5
10369.5
16954.5
3740.0
8533.0
13190.0
6373.0
2460.0
68.0
22243.5
15662.5
68.0
4545.0
9093.5
1016.5
1892.0
15805.0
4965.5
612.5
17902.5
8572.5
68.0
1036.0
7386.5
2352.5
5815.5
13304.0
68.0
1885.0
10784.5
4555.0
4951.0
17865.0
0
68.0
68.0
13930.5
163.0
5533.5
25613.0
8064.0
2470.5
1036.0
1879.0
5637.0
7224.0
458.0
9688.5
22901.0
68.0
612.5
12353.5
68.0
2094.0
0
16908.0
0
1019.0
9765.5
9857.0
4892.5
1053.0
0
0
1106.5
68.0
5540.0
9823.0
15275.0
68.0
11244.0
8132.0
68.0
150.0
21077.5
18785.0
5338.0
5927.0
926.5
68.0
68.0
13894.5
23523.5
15923.5
4525.0
68.0
3998.5
10747.5
22231.0
943.5
68.0
2798.5
68.0
3910.5
8459.0
2319.5
68.0
14434.5
2456.0
0
7980.5
5016.0
68.0
6689.0
153.5
24221.0
1893.0
17916.0
5029.5
8571.5
0
3285.0
8685.5
10101.0
6826.5
1767.0
2704.5
68.0
1521.5
68.0
6748.5
2314.5
2714.5
8876.0
17913.5
13773.5
4584.0
927.5
0
68.0
21225.5
10588.0
21362.5
7724.0
16089.5
17289.5
5630.0
13416.0
7704.5
68.0
3828.0
14250.0
4912.5
15471.0
25775.5
11110.5
1594.5
1504.5
6829.0
68.0
12475.0
1036.0
1036.0
153.5
14751.0
14997.0
0
82.0
4546.0
2002.0
438.5
4571.5
10089.0
9954.0
68.0
68.0
9016.5
1016.5
68.0
68.0
17783.0
13083.5
24494.0
8438.5
9340.5
11569.5
1895.0
7688.0
8104.0
7367.5
68.0
1874.5
68.0
7287.0
2456.0
629.5
13001.0
5041.0
12263.0
10296.5
1033.5
23707.0
12915.5
3413.0
9400.5
8492.5
3132.5
25839.0
11328.0
68.0
6159.0
2828.0
68.0
68.0
6711.0
10865.5
4670.5
3898.0
1488.0
4041.5
10903.0
68.0
68.0
22878.0
18279.5
755.5
19780.0
68.0
9938.5
68.0
2358.0
4540.5
537.5
68.0
9312.0
4081.0
68.0
2510.5
13967.0
10718.0
13923.0
3487.0
5466.5
68.0
3982.5
348.5
68.0
68.0
1036.0
943.5
68.0
903.0
10324.0
68.0
5823.0
68.0
68.0
3284.0
68.0
2303.0
3721.0
1577.5
68.0
18457.0
5313.0
2232.0
5919.5
3235.5
7177.5
1109.0
4033.5
68.0
646.0
68.0
19189.5
7640.0
15447.5
13966.5
68.0
8919.0
5762.5
2925.5
10467.0
9913.5
23716.0
68.0
6062.0
2737.0
68.0
68.0
68.0
19273.5
2001.5
3298.0
19793.0
68.0
1687.0
0
6816.0
18473.5
68.0
26685.0
4538.0
6791.0
9104.5
5806.5
1526.0
68.0
14360.5
8144.5
16368.5
8607.0
23706.5
1038.5
68.0
21347.5
9563.5
4162.0
1406.5
25460.5
5488.5
12477.5
68.0
6699.5
68.0
68.0
1479.5
1968.0
68.0
1505.5
5583.0
68.0
68.0
68.0
647.0
13814.0
17795.0
6830.0
2652.5
1053.0
1965.0
15769.5
4465.5
68.0
5417.0
8102.5
6555.5
68.0
629.0
3252.5
8596.5
8463.5
27142.5
3691.0
12185.5
11632.0
10336.5
1109.0
5007.0
68.0
68.0
21033.5
3131.0
14830.0
1892.5
646.0
18157.0
11725.0
8133.5
11096.5
505.0
17853.5
4926.0
1860.5
0
13388.5
17034.0
68.0
13345.5
8047.0
4651.0
68.0
18649.0
4589.5
1333.5
8493.5
7755.5
1390.0
10290.0
2896.5
2823.5
612.5
8963.5
3024.0
4832.0
0
15689.0
7455.0
68.0
10317.0
4563.5
17572.5
5030.0
68.0
12891.5
1521.5
8988.0
8429.0
2311.0
25906.5
1777.0
68.0
3433.5
4636.0
68.0
20602.0
8673.0
6427.0
17860.5
6363.0
4903.5
2818.5
438.5
12035.5
9959.5
2780.0
22766.5
25371.5
4891.0
1948.5
1872.5
18848.5
20040.0
24586.5
17820.5
68.0
4647.0
68.0
18396.0
2373.0
12476.5
14712.0
68.0
4961.0
1347.5
7443.5
8727.5
68.0
11233.0
9856.5
11596.5
2356.5
15582.5
2057.5
68.0
0
4124.5
926.5
3755.0
68.0
5464.0
11265.0
719.0
612.5
15198.0
27294.5
14256.0
68.0
21472.0
637.0
68.0
2372.5
13383.0
926.5
619.0
17058.5
14793.0
68.0
18683.0
4069.0
9395.0
11958.0
6413.0
21260.5
4011.0
1484.5
1199.0
68.0
15659.5
3296.5
7092.0
3226.5
5071.0
2453.5
5480.0
10477.0
68.0
1911.5
68.0
7157.0
0
7503.5

21901.0
10297.0
4037.0
3882.0
4476.5
14687.5
1037.0
13588.0
3141.5
14748.5
25852.5
68.0
3547.0
1477.5
68.0
6762.5
68.0
1109.0
4935.0
8994.0
3702.5
68.0
755.5
7684.0
23296.0
16130.5
68.0
1333.5
10347.5
26240.5
8950.0
68.0
3681.5
6046.5
9502.5
1112.5
27210.0
9845.5
5566.5
68.0
68.0
8937.5
81.0
68.0
612.5
16052.5
629.0
6653.0
6042.0
26323.5
68.0
6365.5
8.0
13362.5
68.0
10443.5
68.0
12609.5
21350.0
1522.0
7208.5
1841.5
26332.0
5892.0
1316.5
14932.5
68.0
2265.0
18149.5
68.0
15744.0
6654.5
3140.5
1894.5
12045.0
9983.5
4576.0
68.0
16418.5
4302.5
4605.5
8935.5
8143.0
3130.0
6348.5
22.5
9400.0
7219.0
10731.5
1022.0
4905.5
7208.0
2844.0
20142.0
1427.5
4118.5
4950.5
976.0
4533.5
12966.5
1441.0
7628.0
4878.0
5047.0
9845.5
9101.0
10816.5
68.0
12968.0
68.0
3175.5
68.0
1629.0
68.0
10658.5
4432.0
1950.5
4514.0
24016.5
17928.0
7234.5
927.0
6399.0
1580.5
0
8463.5
11573.0
23184.5
23693.5
4104.5
8905.5
0
1053.5
17111.5
3657.5
2372.5
7456.0
8017.5
3186.0
15546.0
6679.5
4168.0
6344.5
23678.0
5798.5
3716.5
0
2374.5
1786.0
19273.0
68.0
3731.0
68.0
28004.5
646.0
13800.0
8056.0
22789.0
1350.5
11241.0
1016.5
5575.5
6841.0
1106.5
4165.5
15671.0
68.0
9452.0
4628.0
4450.0
12916.0
68.0
5947.5
0
647.0
11543.5
4596.0
4602.5
2280.5
8693.5
0
17751.0
956.5
13070.0
23085.0
4973.0
438.5
3210.0
14349.5
1115.5
4156.5
3706.0
1518.5
68.0
8950.0
6224.0
8914.5
4202.0
5454.0
10037.5
2816.0
16577.5
4059.0
68.0
68.0
9661.5
17489.0
8575.5
13053.0
10850.0
23269.5
3213.0
7283.5
19610.5
1370.5
3238.0
1521.5
11694.5
3248.5
19366.5
3207.5
8090.5
68.0
17940.0
18783.0
13346.0
9554.0
4572.5
5529.0
898.0
2438.0
68.0
9455.0
3704.0
23117.0
4976.5
3606.5
4478.0
22724.0
5012.5
2072.0
5132.0
4583.5
11528.5
4069.5
458.0
3158.0
19652.0
0
14854.0
13913.0
7269.5
8333.5
7116.5
5890.0
163.0
20575.5
14768.0
21905.5
9795.0
13489.0
2224.5
68.0
9490.5
68.0
26694.5
68.0
20584.5
68.0
10878.5
10337.5
7557.5
2734.5
14565.0
18354.0
18275.0
4591.0
68.0
0
23782.5
8916.5
944.0
6861.5
0
2841.0
10803.5
21811.0
18337.5
28946.5
8875.0
24656.0
663.0
4443.5
14680.5
68.0
6251.5
1869.5
12101.0
19478.5
4737.5
17901.5
68.0
1892.0
5544.0
12678.0
8523.0
68.0
68.0
16931.0
4428.5
17339.0
4300.0
15024.0
1406.5
7949.0
40.5
9975.5
68.0
1926.0
22775.5
4079.5
13024.0
19693.0
163.0
5530.5
13009.5
68.0
9394.0
4535.5
15252.0
68.0
17799.0
68.0
8994.5
4730.0
5889.5
1832.5
24633.5
4977.0
4911.5
68.0
0
23259.5
4513.0
3231.0
163.0
7316.0
8022.0
3672.0
19720.0
2058.5
5457.0
12111.5
24066.5
1026.0
458.0
6827.5
1966.0
8494.5
6627.0
5405.0
8679.0
68.0
12099.0
7690.0
9396.5
68.0
68.0
17087.0
5673.0
1033.5
68.0
22322.5
0
3501.5
4437.0
1033.5
13964.5
1572.5
19679.5
7668.0
8683.5
3211.0
1036.0
68.0
9008.0
24145.5
2788.0
5109.0
8101.5
2377.5
15251.5
4042.5
7205.5
2709.0
828.5
6238.0
18422.0
3584.0
68.0
2768.5
20144.0
1580.5
68.0
68.0
7198.0
2810.0
13894.0
2819.0
8105.5
2677.5
17462.0
4069.5
7225.5
19575.0
25485.0
1503.0
25065.0
68.0
25824.0
68.0
11601.5
17237.5
68.0
8521.0
458.0
25487.0
1002.5
4184.5
15212.5
7137.5
5025.5
21661.0
7368.5
16093.0
1682.5
68.0
68.0
68.0
150.0
4925.0
5556.5
6280.5
10486.5
4998.0
5633.5
19644.5
629.0
7355.5
2669.0
12135.5
20451.5
8590.5
7979.0
1869.5
17483.5
68.0
19653.5
19325.5
5821.5
1119.0
68.0
15398.0
9353.5
6410.0
9813.5
3233.0
8558.5
2378.5
17452.0
4452.5
1224.0
2813.5
0
12547.0
14885.0
646.0
26395.0
12166.5
8494.0
10799.5
68.0
1499.0
1632.0
68.0
16905.5
4019.0
68.0
8512.5
16079.0
9480.0
27736.5
23589.5
8577.0
5512.5
2336.0
9535.5
9858.0
5353.0
1820.0
2375.0
12983.0
533.5
15248.0
68.0
11648.5
1128.5
3259.0
8572.5
10387.5
937.5
1582.0
1940.0
6381.5
1487.5
999.5
1506.5
9827.0
68.0
1910.0
68.0
68.0
21516.5
2282.0
5864.5
21960.5
9859.0
4086.5
68.0
11312.0
68.0
849.0
23165.0
20534.0
15667.5
2298.5
7646.0
10360.0
614.0
2411.0
1316.5
2516.0
4150.5
15208.5
1521.5
68.0
68.0
1022.0
163.0
663.0
16862.0
15202.5
12191.5
2521.5
627.5
7329.0
3682.0
15124.5
3199.5
5761.5
10446.0
68.0
14778.0
9068.0
8980.5
68.0
5033.5
6418.0
15310.5
4301.5
15661.5
14878.5
9220.0
9075.0
68.0
6354.5
1777.0
15260.0
4544.5
3595.0
1016.5
25520.0
4704.5
6023.5
68.0
9013.5
26261.5
68.0
7820.5
5114.5
68.0
7743.5
18794.5
20516.5
21859.5
22809.0
9429.5
68.0
26709.0
68.0
7719.0
1109.0
12550.0
68.0
24668.0
719.0
13143.5
0
6850.0
1488.0
68.0
7192.0
5073.0
5903.5
17877.5
2282.0
11085.0
6368.0
68.0
4502.0
68.0
68.0
6807.5
1336.0
68.0
68.0
153.5
26233.0
1948.0
5377.5
6813.5
15726.0
68.0
7738.5
22338.5
17899.0
16073.5
25906.5
12192.0
68.0
4633.0
7673.0
27267.0
11669.5
68.0
1476.5
5878.0
11411.5
1930.0
1484.5
17923.0
18259.5
4150.0
18782.0
68.0
20117.5
12585.0
68.0
12001.0
21623.0
68.0
68.0
1416.5
23779.0
6312.5
5047.5
7265.5
5788.0
13361.5
17362.0
21448.0
16113.0
24087.0
68.0
68.0
2611.0
17743.0
6232.5
68.0
10266.0
5014.5
5337.0
11605.5
19242.0
3698.0
21504.0
12011.0
4987.0
18680.0
1053.5
5189.5
5038.5
6297.5
1019.0
12454.5
9414.5
12949.0
14808.0
7189.0
9752.0
13962.5
1488.0
1779.5
3178.5
22314.5
3667.0
15214.5
13445.5
1333.5
5933.5
10925.5
6747.5
68.0
4453.0
163.0
1033.5
5332.0
3685.0
68.0
163.0
4678.5
9935.5
68.0
6806.0
2770.5
21686.5
8564.5
1520.5
1141.0
8547.5
3673.0
68.0
20949.5
68.0
68.0
8471.5
16072.5
2863.0
6476.5
68.0

24322.0
68.0
28065.0
68.0
11348.5
1870.0
5937.0
68.0
24257.0
18520.0
5441.5
8581.0
4131.0
10298.5
3656.0
1837.0
1002.5
1487.5
12479.0
348.5
19343.0
2363.0
68.0
10775.5
7573.0
16923.0
68.0
14851.5
646.0
12148.0
10212.5
14769.0
3503.5
18199.5
26416.0
458.0
13849.0
5041.5
2784.0
163.0
5940.0
16914.5
68.0
14425.0
18813.0
16777.5
11759.5
68.0
1538.5
6783.5
1496.5
9366.5
2246.0
21610.5
18154.0
1955.5
68.0
7226.5
7191.0
17349.0
6714.5
68.0
20672.0
6300.5
3105.0
3718.5
12117.0
68.0
3644.0
0
11358.5
5786.5
11411.5
17094.0
8554.5
17430.0
2355.5
8166.0
26317.0
12370.0
68.0
3691.0
13642.5
22371.0
7975.5
68.0
21372.5
6315.0
5102.5
943.5
9054.0
68.0
15495.5
10031.5
3142.0
1016.5
3221.0
1892.0
1971.0
17075.0
19391.5
438.5
8005.5
4552.0
1516.0
21850.5
1488.5
15241.0
68.0
21429.0
68.0
9365.0
3327.5
1349.0
7657.0
68.0
6318.0
534.5
68.0
4233.0
1893.0
15868.5
14983.0
2458.0
3381.5
68.0
11798.5
8083.5
68.0
68.0
68.0
17873.0
23582.0
6685.5
68.0
16560.5
7252.0
24983.0
68.0
3307.5
7861.5
68.0
4982.5
25818.5
22363.0
68.0
9997.0
2732.0
23867.0
4563.0
17859.0
0
22249.5
6406.0
6287.5
23104.5
8082.5
12459.0
68.0
3256.5
2970.5
0
21524.0
10779.0
4938.5
68.0
68.0
6373.5
8056.0
23223.5
2392.0
20013.0
68.0
15638.5
2734.0
4977.5
68.0
2374.5
15712.5
13607.5
20972.5
12603.0
15963.5
15247.5
9813.5
17289.0
20507.5
1019.0
68.0
15604.0
14793.0
9870.5
9919.5
11217.5
68.0
68.0
12125.0
3623.0
460.5
4538.5
6320.0
1016.5
68.0
16226.0
14828.0
18832.0
9407.0
68.0
5507.0
68.0
7834.0
1886.5
15740.5
4586.5
1895.5
4241.0
9788.0
5945.0
4174.0
2748.0
8066.5
20967.5
25023.5
22741.5
2395.0
17512.5
27901.0
6384.0
68.0
2802.0
3114.5
2689.5
6781.0
7632.5
20624.5
4592.0
2411.0
68.0
12998.0
8102.5
27604.0
10279.5
0
8072.0
4147.0
16841.0
13363.0
6354.5
17036.5
16541.5
6289.5
68.0
13863.5
1019.0
12517.0
17933.0
1056.0
20342.5
1522.5
68.0
921.0
438.5
7384.5
11287.5
6699.5
4014.5
7252.0
68.0
68.0
17069.5
19610.0
7311.5
0
10284.0
68.0
15981.5
14379.0
1019.0
4875.0
68.0
68.0
7723.0
1016.5
15570.0
1016.5
5526.0
3365.5
4485.0
10289.5
17884.0
11193.5
2445.0
6853.5
22348.0
1016.5
1314.0
5452.5
23197.5
13391.0
4420.5
6697.0
68.0
3703.0
20493.0
24176.0
1877.5
438.5
25795.0
18649.0
173.0
5432.5
9799.5
14286.5
13066.0
68.0
4606.5
8950.5
9950.0
5464.0
10287.0
14812.0
68.0
16485.5
25793.0
3180.0
257.0
1037.5
25868.5
68.0
20437.0
10875.0
5990.0
3601.5
9398.0
9418.5
3179.5
4991.5
3487.0
68.0
3799.5
11618.0
14876.0
8571.5
2176.0
6824.0
960.5
68.0
3696.0
2919.0
1501.5
2338.5
68.0
5055.0
7275.0
8568.0
68.0
18786.5
2358.0
10808.0
9026.0
9880.5
68.0
10529.5
12067.5
17413.0
68.0
19842.0
4990.0
4465.0
68.0
8552.5
7664.0
2597.0
3721.5
3686.0
19698.0
8136.5
5369.5
7932.0
3273.0
1837.0
6354.5
4990.5
6382.5
17439.5
3145.5
11596.5
8579.0
68.0
2687.5
68.0
68.0
7532.0
19580.0
22313.0
1019.0
68.0
18655.5
11610.0
9400.0
8425.5
17350.5
8559.0
5574.5
68.0
68.0
2351.0
4681.5
68.0
1406.5
2230.0
17052.5
68.0
8737.0
1821.0
24995.0
16590.0
4942.5
11604.5
2843.5
3135.0
3998.5
68.0
8012.0
68.0
11085.0
14563.0
1499.0
6379.5
11746.5
18474.0
7194.0
21513.5
8658.5
5412.5
68.0
17897.5
8999.0
15210.5
1721.0
543.5
4547.5
23184.5
2504.0
1975.0
26407.5
3702.5
2717.0
629.5
17044.0
68.0
9427.5
7346.0
68.0
5436.0
7688.5
68.0
3253.5
18202.5
21818.5
68.0
1875.0
15771.0
1039.0
4138.0
68.0
15612.5
19810.5
18144.0
15878.0
5468.0
6572.5
2841.0
68.0
2335.5
5029.5
4089.5
1016.5
8542.5
153.5
23782.0
1033.5
2798.5
14346.5
4202.0
68.0

5969.0
19261.5
1875.0
15194.0
68.0
15345.5
68.0
68.0
10016.5
4570.0
9355.0
17463.5
7119.5
68.0
68.0
8624.5
68.0
943.5
7630.0
534.5
10706.0
5910.0
68.0
9444.5
3699.0
1016.5
2134.0
9616.5
3624.5
4722.5
19202.5
5931.5
10877.0
153.5
1413.0
68.0
1036.0
5446.0
9909.0
10493.0
7275.0
12480.5
24171.0
12032.5
1488.0
4462.5
68.0
15505.5
68.0
25095.5
927.5
17598.0
11719.0
2824.0
10254.5
14225.0
68.0
68.0
1002.5
68.0
163.0
8480.0
68.0
68.0
1875.0
3666.5
458.0
2860.0
10816.5
68.0
2319.0
646.0
9895.5
68.0
1802.0
8753.5
14658.5
5335.0
10069.0
1768.5
10091.5
11424.0
68.0
23762.0
14381.0
7747.5
68.0
10746.5
68.0
6350.5
3666.0
6839.0
8016.5
68.0
13730.5
68.0
18835.5
6800.5
23154.5
12484.5
1931.5
1019.5
22343.5
1779.5
3694.0

1909.5
4656.0
1614.5
23232.5
68.0
10327.0
7562.0
3213.5
1783.0
0
163.0
943.5
5040.0
5532.5
438.5
5043.0
2731.5
11178.5
8048.0
68.0
1036.0
5905.5
16948.0
1036.0
9353.0
4486.5
6218.5
8962.5
2074.5
7230.5
10374.5
5896.0
0
596.0
68.0
10780.0
68.0
20206.5
13533.0
3250.0
1016.5
16502.5
927.0
6810.5
3233.0
68.0
3558.0
1597.0
2340.5
646.0
68.0
537.5
68.0
3568.5
68.0
25270.0
4361.5
68.0
17436.5
4003.5
23682.5
2285.5
5487.5
5919.0
5888.5
20994.0
996.0
13063.5
11689.5
8049.5
16581.0
1036.0
5791.5
4143.5
2652.5
22315.0
16898.0
17927.5
16116.0
10650.5
7257.5
8053.5
6399.0
1314.5
68.0
2319.5
4503.0
22360.5
68.0
1850.0
10386.0
1688.0
19260.5
68.0
1033.5
5550.0
14786.5
68.0
68.0
1877.5
5660.0
14291.5
15632.0
68.0
68.0
68.0
27678.5
2261.5
5016.0
3801.0
5411.5
11646.0
12085.5
1894.0
11170.0
23595.0
1685.5
5480.5
4462.0
4480.0
13924.0
1499.0
629.0
4501.5
11783.0
163.0
7653.5
7596.0
68.0
7549.0
11261.0
14808.5
68.0
7053.5
961.0
1423.5
2357.5
1590.0
2002.0
68.0
18436.5
7331.5
68.0
2829.0
1503.0
26783.0
6919.0
27096.5
20558.0
68.0
68.0
68.0
1033.5
5803.5
68.0
68.0
8618.0
22372.5
68.0
6972.0
9813.5
68.0
5392.0
2697.0
18877.5
1929.0
1027.5
4148.5
3546.5
68.0
6332.5
68.0
3403.0
2169.5
10864.5
8980.5
537.5
6435.5
12572.5
5782.5
1126.0
4868.5
6799.0
23081.5
20858.0
13830.0
5960.5
68.0
9860.0
961.0
18722.0
16450.5
6454.5
3441.0
68.0
3610.0
68.0
12584.5
6396.0
9034.5
1404.5
68.0
12072.0
1800.5
12931.5
23119.0
1092.5
25889.0
9362.0
10393.0
8976.5
1908.5
6838.5
3579.5
0
5972.0
68.0
15195.5
5369.0
8764.5
68.0
25070.5
13913.0
3045.0
2331.5
12093.0
68.0
4824.5
173.0
4008.0
68.0
458.0
1383.5
68.0
3626.5
6801.0
7659.0
5006.0
629.0
14886.5
68.0
14382.5
22709.5
2351.0
596.0
68.0
11194.5
2335.5
6489.5
15040.5
438.5
68.0
0
3597.0
4129.5
5542.5
23236.5
8130.5
4017.0
2468.0
1777.0
5960.5
629.5
5465.0
68.0
16618.0
68.0
12102.5
7272.5
8503.0
5912.0
0
4106.0
68.0
21022.5
1333.5
11451.0
5069.5
68.0
25612.0
0
4522.0
2864.5
68.0
14299.0
2944.0
5375.5
2414.0
12587.0
0
68.0
18862.5
163.0
10670.5
0
68.0
25038.5
4554.5
629.0
9324.5
13095.0
10841.5
1896.5
6676.0
11210.5
21858.5
1406.5
4651.5
0
2861.0
4574.0
4621.0
4041.5
627.5
11593.5
3332.5
1402.0
537.5
24624.0
7663.0
68.0
25879.5
25837.5
8949.5
144.5
68.0
9502.0
6270.0
68.0
10491.0
68.0
68.0
458.0
68.0
2360.5
5094.0
3688.5
68.0
7660.5
23165.5
4514.5
17070.0
9295.0
10719.5
68.0
68.0
68.0
15311.0
271.0
11248.5
2094.0
13179.5
533.5
68.0
20105.0
17488.0
10782.0
8117.0
5399.5
6320.0
12607.0
6676.0
9857.5
68.0
2338.0
1126.0
473.0
10396.0
7292.0
22112.5
10782.5
8442.0
9379.5
68.0
9091.5
12325.0
7006.0
3426.5
8069.0
6803.5
8229.5
961.0
8954.5
13835.0
10743.5
438.5
2284.5
68.0
6520.5
2338.0
7794.0
9902.5
7301.5
22268.5
26778.5
1479.5
0
2923.0
9697.0
1985.0
2804.0
68.0
0
6993.0
0
11492.5
8511.0
1102.5
0
1777.0
8498.0
68.0
3272.0
20058.5
3995.5
1576.5
4714.5
68.0
1819.0
5469.0
8124.5
4743.0
21773.0
6753.5
68.0
68.0
3989.0
2661.5
68.0
11232.5
26198.5
10290.0
68.0
13083.5
637.0
68.0
5482.0
15989.5
15713.0
13866.0
10157.5
961.0
10354.5
20200.0
1472.5
16570.0
9504.5
24232.5
3722.0
19439.0
6162.5
3673.0
2231.5
736.0
9311.0
21519.5
5863.5
910.0
438.5
3426.5
17007.5
5553.5
612.5
12636.5
68.0
4256.5
19291.0
4532.5
7084.5
3190.0
20130.5
944.5
1389.5
3233.5
5184.5
3677.0
736.0
20554.5
2650.5
12109.0
11935.0
20540.0
27769.0
14413.0
2207.5
0
1389.5
13888.0
5724.5
5463.0
68.0
68.0
1858.0
68.0
1033.5
1820.5
2362.5
2032.0
4103.5
7602.5
7686.5
68.0
18847.0
17472.0
4076.5
23274.0
818.0
1844.0
68.0
1594.5
4118.0
365.5
3716.0
647.0
1973.0
68.0
14835.0
14257.5
8979.5
3141.0
8135.0
6319.5
17870.0
3306.5
10817.0
5986.5
18365.0
13038.0
13758.0
2867.0
17285.0
5041.0
7178.0
16486.5
68.0
1396.5
2793.0
1875.5
68.0
9136.0
3822.5
20902.0
15448.5
10772.0
1505.0
16219.0
8202.5
1033.5
19211.5
2346.0
1772.5
68.0
68.0
10222.0
3651.5
4539.5
5076.5
68.0
11997.0
3968.0
2656.0
16658.5
943.5
68.0
13115.5
21559.5
13174.0
9474.0
16175.5
348.5
10581.0
16928.5
8423.0
22237.5
25496.0
68.0
1016.5
163.0
17039.0
943.5

13791.0
646.0
15581.5
9155.0
470.5
1953.5
17335.5
23360.0
6365.0
4793.5
5782.0
3194.0
5523.5
9129.5
11640.0
6851.5
21340.5
2703.0
5444.0
19196.0
20292.0
11568.0
629.0
19202.5
18282.0
10110.5
2372.0
2469.5
2206.5
22270.0
1089.5
1706.5
12510.5
7473.0
24094.0
13801.0
5543.0
4252.5
7670.0
6352.0
2747.5
9296.0
19638.5
163.0
4950.0
1980.0
1881.0
0
68.0
9098.0
2818.0
68.0
3197.0
3233.0
614.0
68.0
2450.5
1491.0
12839.5
68.0
10602.5
4018.0
9006.0
20174.5
8067.5
1016.5
16009.5
6246.0
2507.5
1423.5
6048.5
2414.5
2094.0
848.0
1458.5
1984.5
9886.0
13969.0
3214.5
6519.5
8041.0
163.0
27669.5
4891.5
7737.5
2545.5
0
4057.5
68.0
15244.5
7233.5
629.0
641.5
13578.5
68.0
3268.0
68.0
15172.0
1578.0
927.0
3276.0
14685.0
17793.0
7610.0
18373.0
12060.5
68.0
5164.0
6806.5
68.0
7242.0
68.0
943.5
15247.5
3270.0
3602.5
11760.0
25017.5
2748.5
6899.5
3132.5
5083.5
9454.5
4840.0
4087.5
4254.0
26120.5
26814.0
5785.0
4743.0
9885.0
4665.5
19743.0
8600.5
68.0
15291.0
9166.5
9502.0
19727.0
6491.0
4437.5
15209.0
3718.5
24072.0
3692.0
2818.5
629.0
13982.0
68.0
68.0
11603.5
68.0
68.0
4959.0
2460.0
68.0
3236.5
68.0
3811.5
10373.0
5495.5
6385.5
4659.5
1614.0
26211.0
14259.0
6661.5
14239.5
68.0
3262.0
2257.0
995.0
3314.5
5100.0
5242.0
1016.5
19128.5
7761.5
5502.5
6429.0
68.0
1014.5
7734.0
2379.5
3604.5
4074.5
2764.5
5905.5
4097.5
5109.5
9561.0
3265.5
1016.5
3323.5
2299.5
1035.0
10279.0
10847.5
7679.0
2261.5
9509.5
10698.0
68.0
3362.5
15168.5
3677.5
1577.5
3718.5
21681.0
12135.0
21562.0
6198.0
7640.0
4440.5
3996.0
68.0
7127.5
18419.0
925.0
16252.5
13990.0
7187.0
6024.5
7373.5
6171.5
163.0
2827.0
21884.0
1630.0
68.0
19228.5
4083.5
163.0
22323.0
15412.0
3330.5
68.0
19143.5
11531.0
8134.0
4462.0
163.0
3663.0
23219.0
13908.5
6464.0
68.0
6702.5
26393.5
8945.5
4107.5
8540.0
7180.0
11534.0
1033.5
14312.0
7236.0
3107.0
2985.0
4594.5
20113.0
7978.0
8458.0
12675.5
2855.5
1389.5
12073.0
529.0
9416.0
7627.5
5002.5
67.5
12072.5
944.0
20559.5
68.0
19379.5
5405.5
6209.5
68.0
9852.0
4536.5
8893.0
68.0
9822.0
5531.5
1313.5
14795.0
1031.5
1861.0
8598.0
68.0
173.0
4481.5
17876.0
68.0
612.5
9779.5
2760.0
68.0
4017.5
1499.0
3727.0
26644.0
9542.5
482.0
1892.0
7236.0
2381.0
68.0
6856.0
438.5
0
18680.5
10405.0
2728.5
6376.0
1406.5
9481.5
458.0
68.0
5538.5
12344.5
3282.0
6840.5
15331.0
9862.0
5019.5
7763.5
20497.0
4887.5
68.0
68.0
68.0
4445.5
68.0
8037.0
10368.5
14231.0
68.0
20202.0
15711.5
3951.0
68.0
5435.5
3762.0
19832.5
17818.0
10338.0
4537.5
14042.0
4537.5
21927.0
68.0
9992.5
3440.5
8488.5
68.0
1036.0
7153.0
6787.0
8058.5
68.0
6642.0
6496.5
5101.0
6355.5
3770.0
27510.0
4592.0
68.0
3660.0
9964.5
68.0
3608.0
13874.0
629.0
19400.5
22080.0
3577.0
11135.5
16381.0
17834.5
8447.5
5883.0
6716.5
50.0
15838.5
4121.0
2752.0
19272.0
68.0
6277.5
10388.0
2381.0
68.0
17727.5
5116.5
68.0
524.0
21348.5
4033.5
4986.0
68.0
7740.5
17825.0
10245.5
68.0
23551.5
0
9421.0
68.0
6590.5
9465.5
7617.5
15646.0
4294.0
13947.0
1597.5
11726.0
646.0
14808.5
14366.0
24627.0
8267.0
1780.0
68.0
10888.5
8947.5
13033.0
19252.5
1019.5
0
3711.0
11741.0
68.0
2265.0
21495.5
22464.5
1965.0
4538.0
5428.5
19202.5
6609.0
3755.0
15257.0
1013.0
21571.0
14318.0
12036.5
9371.0
9857.0
68.0
4784.0
8135.5
1612.0
17925.0
8596.5
3552.0
4929.0
10698.5
13957.0
16255.5
12029.0
2769.5
68.0
6372.0
14409.5
12959.0
16960.0
8011.0
0
5762.0
16987.0
2841.0
2927.5
68.0
14000.0
9439.5
1241.5
5840.0
68.0
14628.5
4594.0
8878.5
68.0
999.5
11863.5
20957.5
1886.5
5508.0
2809.5
13920.5
68.0
12526.0
9170.0
6379.5
68.0
4880.5
21961.0
20652.0
9049.0
68.0
18909.5
7294.5
7315.0
2100.5
3312.5
2368.0
8015.5
646.0
1036.0
68.0
3675.0
646.0
68.0
554.5
4907.0
0
1333.5
18363.5
2877.0
348.5
3387.5
15354.0
68.0
0
438.5
7408.5
19706.5
4451.5
1505.0
68.0
11179.0
7506.0
458.0
21741.0
68.0
68.0
8259.5
12003.5
646.0
2860.0
16616.0
1033.5
2818.0
348.5
551.5
20861.0
10233.0
18370.5
1053.0
1143.5
4462.0
68.0
3138.0
926.5
1019.0
537.0
14762.5
526.0
6052.0
8967.0
68.0
15141.0
11601.5
28236.5
4414.5
4576.0
68.0
9006.0
19545.0
14186.5
21754.5
7981.0
3535.0
5505.5
68.0
68.0
19547.5
6494.0
2750.5
11768.5
68.0
3711.0
2077.0
21412.5
1479.5
6385.0
7340.5
17790.0
1518.5
5439.0
3669.0
999.5
10157.5
612.5
68.0
1002.5
3222.0
68.0
13812.5
6913.5
629.5
68.0
2091.5
12444.0
13500.0
0
7684.0
68.0
26755.5
1053.0
4017.5
1926.5
6244.5
10247.0
612.5
8468.0
18376.0
11708.5
2823.0
3217.0
1563.5
3529.0
8946.0
1490.0
11771.0
13756.5
10505.5
5118.5
3298.0
22825.5
8635.5
13356.5
10235.0
5789.5
23109.0
15765.5
8234.0
2718.5
7561.0
16082.0
11309.5
6716.0
2717.0
68.0
6841.0
18364.0
348.5
68.0
8579.5
1785.5
629.0
1426.0
5885.0
16966.5
5523.0
16362.5
7265.5
7721.0
5497.0
4204.5
6301.0
12953.5
1316.5
19687.5
7263.5
10367.0
9855.5
19279.5
9352.5
0
12145.0
10660.0
68.0
9906.0
9342.0
68.0
612.5
9752.0
68.0
629.0
1002.5
11814.5
68.0
68.0
5465.5
15658.5
4965.0
13429.0
6386.0
68.0
551.5
10048.5
6775.5
1016.5
8411.5
68.0
8573.5
3108.0
8526.5
2764.5
68.0
8165.5
24155.0
4498.5
12063.5
8202.5
2348.5
612.5
8159.5
5930.0
12033.0
5501.0
12962.5
2787.0
3701.5
7413.5
3252.5
9488.0
68.0
2532.0
5470.0
8677.0
438.5
17502.5
7562.0
18714.0
10914.0
2285.5
11629.0
68.0
7533.5
10807.0
0
57.5
50.0
5203.0
2753.5
8090.5
7673.0
4606.5
14867.0
5948.5
4577.5
23242.0
25872.0
3082.0
4516.5
68.0
1800.5
2392.5
11095.5
68.0
2785.5
8664.0
4036.0
13316.5
5024.0
68.0
22796.5
18015.0
68.0
23486.5
2708.5
11959.0
7691.5
12090.0
13820.0
5621.0
3238.5
68.0
22868.5
1300.0
4137.5
14712.0
7661.0
68.0
12027.5
11224.0
18334.0
7003.5
8030.0
9944.5
2765.0
9026.5
15213.0
9937.0
12956.5
68.0
0
20098.5
2829.0
68.0
1471.0
5469.0
68.0
68.0
9364.0
7643.0
68.0
21909.0
6825.5
20088.5
25757.5
68.0
4181.5
12359.0
23658.0
11725.5
5872.0
68.0
25637.0
68.0
8584.5
8145.5
7708.5
4547.5
14885.5
9866.5
8617.0
23684.0
0
6228.0
68.0
22379.0
23214.5
1984.5
4165.0
68.0
12319.5
12502.5
20956.0
9638.0
11328.5
1895.0
4556.5
2967.0
1482.0
7375.0
26849.5
14259.5
22595.5
5037.0
13292.0
5130.0
0
163.0
0
1787.5
0
3126.5
3199.5
5934.5
68.0
5441.0
4146.5
9824.5
4193.0
1945.5
9041.5
22275.5
28002.5
944.5
68.0
68.0
18742.5
12053.0
68.0
3127.0
4555.5
4994.0
16471.5
4997.5
8047.5
68.0
5397.0
4715.0
13882.0
0
68.0
3158.0
22329.0
3110.0
68.0
3209.0
4154.0
755.5
10229.5
4403.5
458.0
16219.5
7588.5
4574.0
9418.5
68.0
23651.0
153.5
12132.5
68.0
1019.0
24843.5
68.0
68.0
13570.5
1594.5
460.0
5592.0
15253.0
7723.5
6221.0
6777.5
8162.5
14396.0
1423.5
68.0
2736.5
5335.0
68.0
6855.5
21459.5
24509.5
1389.5
0
4931.0
3236.0
828.5
2355.5
68.0
68.0
11993.5
8879.0
68.0
68.0
1504.5
3156.0
7589.0
10343.0
4983.0
4948.0
18398.5
6475.0
738.5
1409.0
1786.5
15719.0
5521.5
6361.5
7165.5
4950.5
3528.5
68.0
7224.0
999.5
68.0
23976.0
438.5
4543.5
2282.5
12091.0
736.0
12769.5
68.0
9894.5
12192.5
3225.5
1506.5
6919.5
68.0
11292.5
20481.0
68.0
3062.0
68.0
22784.5
943.5
6339.5
8048.0
614.0
68.0
68.0
68.0
4191.5
6313.0
4146.0
10355.5
11215.5
12442.5
6306.5
7645.5
5541.0
1934.0
14740.5
25459.5
0
68.0
13448.5
17919.0
25446.5
20138.5
27544.0
14485.5
68.0
68.0
19669.5
3404.0
5520.5
0
68.0
8145.5
5856.0
68.0
3752.5
1580.0
257.0
25403.5
943.5
3778.0
13120.0
5078.5
26802.5
1704.0
68.0
1016.5
11128.0
5540.0
15165.5
2942.0
14381.5
4486.5
4416.0

6175.5
16948.5
0
13508.0
22840.5
8458.0
13896.0
19161.0
3201.5
0
5882.0
0
19263.5
6939.0
16590.0
6864.5
3689.0
1965.0
68.0
16909.0
2820.5
16516.0
68.0
1959.5
68.0
7258.5
18741.0
4962.0
0
0
5354.0
7695.5
0
26033.5
163.0
12146.5
68.0
0
5758.0
1538.5
19155.0
5054.0
11717.5
16660.0
7576.0
77.5
26468.0
8175.0
7190.0
13976.5
3750.0
2258.5
4605.5
68.0
24486.0
68.0
1890.0
14154.5
4595.0
26346.5
68.0
13929.5
7178.5
21038.0
68.0
1912.0
17415.0
20058.0
27061.0
13355.5
19332.5
16858.0
21465.5
68.0
257.0
2395.0
1430.5
6525.0
1850.0
11137.0
68.0
13844.0
4010.5
16665.0
3404.0
9516.0
13772.0
910.0
14368.0
19573.5
9344.0
8502.0
5827.0
12482.5
5015.0
10754.0
11790.0
2269.5
22787.0
15583.5
2383.5
458.0
15419.5
19188.0
23661.0
6300.5
10297.5
68.0
16492.5
6730.5
68.0
1444.0
68.0
10769.5
16923.0
7739.5
4886.5
68.0
68.0
1594.5
3621.5
6262.5
68.0
8976.5
629.5
9857.0
9553.0
22847.0
19898.5
68.0
20490.5
20974.5
4107.5
1443.5
6321.5
13071.0
13903.5
8946.0
2843.0
4065.0
9386.0
68.0
68.0
68.0
1855.0
68.0
959.0
12146.5
27261.0
6030.0
2358.0
8091.0
11785.5
13598.0
11660.5
11341.0
2693.5
11702.0
3313.0
24607.5
68.0
25401.5
20591.5
5048.0
4516.5
7184.5
19734.0
910.0
14288.5
4488.0
11612.5
4995.5
12876.0
5297.5
11154.0
17393.5
68.0
2364.0
2728.0
23699.0
16592.0
13929.0
68.0
8567.5
5096.5
9534.5
9951.0
10282.0
10768.0
3731.5
68.0
1016.5
6291.0
15273.0
3606.0
4131.0
4954.0
8581.0
14374.0
1016.5
17867.0
68.0
10322.0
6297.0
13892.0
9325.5
5318.0
5006.5
163.0
541.0
6997.0
17360.5
6757.0
68.0
68.0
9571.0
19606.0
2428.0
8506.0
12034.5
3584.5
1404.0
16935.5
18688.0
1875.0
7561.5
8043.5
15574.0
6691.5
1331.5
18867.0
18656.0
15670.0
1723.5
19642.5
6410.0
4999.0
19658.5
27646.0
11594.5
68.0
3231.0
12632.5
8620.0
612.5
20504.5
21724.5
25447.5
68.0
11044.0
2262.5
943.5
1977.5
17033.0
4982.0
9734.0
20561.0
9335.0
5482.0
10255.0
10008.0
4966.0
5130.5
20575.5
1499.0
2282.5
9826.5
8012.5
19605.0
3744.0
24892.5
7294.0
22884.5
2335.0
2355.0
3567.5
7148.0
4586.0
8887.0
12873.0
13905.0
11663.0
3862.5
68.0
5441.5
14855.0
68.0
68.0
4587.0
6260.0
14672.0
10955.0
68.0
10719.5
68.0
5318.0
7635.0
6227.0
2365.0
21435.5
18388.5
16531.0
20084.5
0
68.0
2418.5
2266.0
4904.5
21259.5
6257.5
68.0
17494.5
13788.5
3643.5
1016.5
11321.0
68.0
4159.5
1300.0
14724.5
5470.0
4014.0
11284.5
0
0
12341.5
68.0
6694.5
13369.0
9507.5
1316.5
14426.0
9443.5
10794.5
14504.5
1404.0
9843.5
24568.0
7225.5
943.5
26683.0
10212.5
68.0
8015.0
5792.0
68.0
1036.0
6843.5
16504.5
10281.5
5423.5
6209.5
11024.0
2748.0
13772.5
68.0
2019.0
3884.5
8999.0
6547.0
8445.5
68.0
68.0
28659.0
14808.5
68.0
2226.5
3606.5
524.0
21512.5
9407.0
68.0
13935.5
8919.5
68.0
5394.0
1886.5
21171.0
3604.0
68.0
68.0
2814.0
629.0
3655.5
68.0
13428.0
629.5
5861.0
68.0
4797.5
1053.0
2452.0
6485.0
11453.5
68.0
68.0
11840.0
4466.5
68.0
16420.0
17370.0
1126.0
12942.0
12591.0
26399.0
16384.5
4549.0
5447.5
68.0
12537.5
10684.0
14619.0
890.0
23708.5
6777.0
7126.5
1038.5
12144.5
1968.0
68.0
68.0
12440.5
1471.0
0
962.0
6364.5
1895.0
3057.5
1503.0
68.0
9408.5
21038.5
10809.5
8542.5
21281.5
15019.5
68.0
6375.5
3144.0
8034.5
4409.5
933.5
1522.0
3575.5
23152.0
3225.0
10148.5
22102.5
534.5
68.0
4036.5
9063.0
1828.0
20564.0
6975.5
0
2792.5
2670.5
13420.0
0
1488.0
11131.0
25384.5
7758.0
2248.0
68.0
2248.5
4075.0
11323.5
68.0
3263.5
68.0
7220.5
19772.0
68.0
8644.5
1580.5
6668.5
22905.0
13358.5
900.5
68.0
1876.0
736.0
4753.5
1132.5
68.0
1892.5
460.0
68.0
6858.0
8662.5
6789.5
13033.5
21780.5
19019.0
1333.5
438.5
0
2250.0
68.0
1404.5
68.0
16244.5
8887.0
9860.0
4965.5
23637.0
1499.0
11659.5
15014.0
12422.0
2360.0
8478.5
11581.5
2434.5
11197.5
551.5
3205.5
11968.0
4581.0
13403.5
68.0
68.0
19752.5
5015.0
5040.5
8070.5
2827.5
4501.0
14308.5
54.0
20024.5
15267.5
14727.0
926.5
9892.0
8192.0
2291.5
4977.5
13430.0
21809.0
719.0
12242.5
16234.0
12109.5
12180.0
13871.5
5781.5
14402.5
68.0
68.0
5002.0
16804.0
68.0
6441.0
13327.5
5340.0
6303.5
12487.0
0
7276.5
16879.5
927.0
18406.0
3208.0
16149.5
21446.5
68.0
25856.0
24517.0
13439.5
543.5
3638.0
8907.5
9027.5
12845.5
2462.5
4103.5
20908.5
68.0
1820.0
4935.5
17914.0
2627.0
15187.5
5394.5
8236.5
68.0
10839.5
0
3149.5
9957.5
6060.5
6285.5
4977.5
824.0
6336.5
27108.0
9021.5
68.0
16968.0
10686.5
438.5
12489.0
68.0
6334.0
5957.0
1569.5
5949.5
3051.5
457.0
22.5
23287.5
5406.5
17884.5
612.5
10246.0
5357.5
5074.5
2304.0
14859.0
5893.0
10302.0
28033.0
10776.5
5940.0

68.0
68.0
20296.5
68.0
7031.5
2826.0
4455.0
68.0
17280.5
14717.5
68.0
7160.0
13812.5
20136.0
6270.5
11194.5
15675.5
6211.0
9438.5
68.0
68.0
68.0
9017.5
8616.0
4655.0
9510.5
13989.0
5900.0
22350.5
18781.5
28996.5
68.0
68.0
1423.5
1614.0
68.0
5431.0
2829.0
5414.5
3139.5
15136.0
0
6723.5
20154.5
3993.5
7030.5
1496.5
11209.0
14316.0
457.0
8470.0
17508.0
11972.0
8421.0
11057.5
68.0
3660.0
3425.0
12943.0
22763.5
68.0
21410.5
2229.5
68.0
828.5
10308.0
5958.0
1275.5
8472.5
11321.5
1016.5
0
17400.0
8186.5
9477.5
0
3199.5
68.0
5443.5
1036.0
1611.5
0
68.0
8927.5
3258.0
17869.0
0
17842.0
7644.5
2806.5
3584.0
3261.5
17894.0
1016.5
6803.0
1580.0
758.0
646.0
18692.0
11649.5
8532.0
17882.5
8855.0
22353.5
809.5
13490.5
14180.5
68.0
6338.0
68.0
20144.0
5338.0
68.0
1546.0
537.5
0
19212.0
68.0
9927.0
17806.5
0
24768.5
5465.0
68.0
9310.0
4461.5
458.0
8487.0
1350.0
68.0
4842.0
2528.5
1389.5
17896.0
0
0
0
488.0
1423.5
1002.5
68.0
68.0
19236.5
0
9047.0
1413.0
0
68.0
647.0
17978.0
3711.5
12098.0
68.0
1390.0
68.0
68.0
23033.0
9987.0
0
1312.5
1801.5
68.0
68.0
24174.5
9415.5
20475.5
4580.0
13072.0
14919.5
12498.5
5817.0
8463.5
173.0
894.5
10334.0
5434.0
4577.5
0
5529.0
1997.0
13193.5
14314.0
14823.5
4491.0
2375.0
68.0
7236.0
13653.5
4109.0
18768.0
0
0
0
68.0
0
0
163.0
68.0
26232.0
6288.5
0
68.0
7679.0
9469.0
68.0
68.0
68.0
6000.5
3212.0
6743.0
7148.0
21057.5
4575.0
0
1619.0
68.0
3982.0
2223.5
18221.5
0
2338.0
4650.0
12452.5
1409.0
0
6849.0
9131.5
10381.0
68.0
68.0
15628.0
1032.5
8127.5
0
3702.0
0
0
68.0
68.0
26244.5
15362.5
1908.0
629.5
68.0
13342.0
24200.5
17747.0
4517.5
2754.5
13955.5
0
10522.0
7148.5
4591.5
17941.0
68.0
0
0
4689.5
3583.0
5441.0
5895.0
5812.5
68.0
1858.0
24954.0
0
19130.5
0
27870.0
14376.0
5126.0
0
19264.0
5439.0
0
68.0
1631.0
6450.0
7657.0
4627.5
68.0
68.0
68.0
13935.0
68.0
68.0
466.5
0
2388.5
23712.0
0
0
0
68.0
68.0
21411.0
5068.5
0
68.0
0
68.0
4847.5
163.0
12565.0
943.5
10291.5
5080.5
24044.0
0
14334.5
8959.0
5876.0
3401.0
1029.0
18787.5
7746.0
11711.0
1974.5
7269.0
25479.5
2574.0
68.0
8503.0
16504.0
7660.5
14757.5
68.0
7638.5
68.0
6766.0
18840.5
9325.5
629.0
3128.0
24515.0
68.0
5532.5
24194.0
894.5
68.0
7305.5
0
5971.5
68.0
434.0
8576.0
1779.5
2712.5
6432.0
0
7143.5
17428.5
2743.0
3623.0
0
3574.5
1810.5
0
68.0
612.5
7277.0
9244.0
458.0
9319.0
0
5007.0
9904.0
11677.5
10415.5
0
897.5
8534.0
4086.0
6195.0
68.0
18775.0
68.0
0
68.0
18543.0
68.0
0
1092.5
629.0
8520.5
8188.5
10725.0
16447.5
551.5
3235.0
15701.0
68.0
68.0
1499.0
16160.0
20115.0
16062.0
524.0
1523.0
68.0
15255.0
8239.5
5035.5
2565.5
54.0
4097.5
68.0
0
5436.0
3122.0
13041.5
4453.0
6846.0
17438.5
20491.0
68.0
68.0
3793.0
4131.0
26813.5
68.0
68.0
12512.5
68.0
1495.0
14117.5
1796.5
68.0
1109.0
0
9503.5
944.0
13384.5
68.0
8542.5
22396.5
14339.0
8094.0
17357.5
4304.5
21757.5
18046.0
4576.5
15018.0
629.0
5381.0
20873.5
4490.0
68.0
1016.5
27669.0
68.0
3717.0
1561.0
5169.0
959.0
68.0
7081.0
4589.5
3132.5
5332.0
4943.0
68.0
1578.5
68.0
3751.0
6808.0
4452.5
68.0
6223.5
12180.5
9901.5
68.0
22251.0
68.0
68.0
68.0
15.5
646.0
537.5
9971.0
22224.5
68.0
68.0
57.5
3145.0
14407.0
68.0
16053.0
11988.0
17386.5
68.0
68.0
9269.5
4591.0
7731.0
68.0
19206.0
68.0
17113.0
4919.0
13332.0
10385.5
68.0
1471.0
4533.0
68.0
1518.5
68.0
0
5565.5
5035.0
68.0
12133.0
25066.5
12961.0
68.0
18775.5
68.0
9387.0
13885.5
22188.0
68.0
4549.5
9585.5
23358.0
1794.0
68.0
2380.0
12442.0
16893.5
68.0
4891.5
13828.5
25256.0
2850.5
9890.5
77.0
24517.0
4534.5
21823.0
21834.0
68.0
9991.0
533.5
9004.0
348.5
68.0
5160.0
17862.0
7219.5
4677.5
68.0
2357.5
27243.5
4104.0
2285.0
68.0
68.0
9066.5
68.0
3183.0
646.0
515.0
903.5
18848.5
23104.5
13267.5
524.0
25014.0
999.5
68.0
2300.5
348.5
12582.0
68.0
16017.0
10726.5
9846.0
3576.0
1876.5
1479.5
68.0
24944.5
8017.5
6352.5
4088.0
13955.5
4069.0
12884.5
3103.5
1819.0
4074.5
7341.5
3611.5
18703.5
12619.0
68.0
8307.5
4128.5
16928.0
2209.0
5989.5
4040.0
535.0
68.0
10358.0
8656.5
13819.5
3133.0
16106.0
12976.0
68.0
26143.0
68.0
1426.0
6762.5
629.0
11354.0
3621.0
5765.0
4511.0
4013.0
2850.5
10436.5
9381.0
3568.0
7585.5
25920.5
8691.0
7594.0
68.0
8131.5
173.0
68.0
8540.5
68.0
20544.5
2374.5
6844.5
68.0
4586.0
1021.5
4454.0
10300.5
3720.5
2843.0
8482.0
1775.0
537.5
18365.5
68.0
8523.0
5934.5
6440.5
3250.5
68.0
22189.0
68.0
3238.5
6299.5
35.0
68.0
1945.5
68.0
7548.0
17915.0
7186.5
15577.5
9348.0
1526.0
68.0
2653.5
1021.5
1392.5
2302.5
1877.5
3655.5
2094.0
3763.5
9628.5
3659.5
68.0
2382.5
68.0
15218.0
1521.5
68.0
2346.0
3358.5
1012.0
926.5
5436.5
4079.5
0
10463.0
68.0
28188.5
22920.0
11237.0
3753.0
3142.0
68.0
5944.5
5698.0
5476.5
12139.0
3619.0
23703.5
14631.5
13847.0
68.0
27361.0
5356.0
7415.5
27731.0
1019.0
14291.0
8950.0
6743.5
6771.5
163.0
7180.5
1824.5
2372.5
11716.5
5021.0
6294.5
943.5
2279.5
18390.5
68.0
68.0
21819.5
8449.5
68.0
21067.0
18723.5
68.0
5034.5
7746.0
3711.0
7646.5
438.5
6288.5
6234.0
2264.5
68.0
68.0
10464.0
537.5
4516.0
18223.5
68.0
1419.0
68.0
18237.0
4576.0
13970.5
68.0
4912.5
12420.5
68.0
68.0
16461.0
2825.0
1109.0
17426.0
16832.0
17849.0
4639.5
6876.5
4950.0
9973.0
1489.0
5677.5
10356.0
5445.0
18699.0
3294.5
8599.5
629.0
12551.0
9448.0
8526.0
9919.5
163.0
17873.5
68.0
68.0
5478.5
68.0
1522.0
10237.0
22304.0
21326.0
3326.5
13785.0
3749.5
3157.5
11275.0
4031.0
163.0
24924.0
68.0
0
4447.5
68.0
23310.0
7240.5
25838.5
1022.5
3697.5
17433.0
68.0
4923.5
3645.5
25022.0
1594.5
21532.0
68.0
18693.5
68.0
12892.5
2027.0
16463.5
21693.0
68.0
1389.5
6378.0
68.0
0
11653.0
10795.0
3175.5
68.0
9390.0
68.0
6586.5
19130.0
10473.5
5058.5
1387.5
0
5444.5
20341.0
5247.5
5945.0
68.0
7246.5
4469.5
68.0
11706.5
2070.0
10325.0
3575.0
14639.0
21041.5
5932.0
68.0
2641.0
18453.0
1031.5
11042.0
7640.0
4481.5
2619.5
24403.5
6397.0
68.0
25907.0
7668.0
6452.5
68.0
1631.0
6256.5
4971.0
3246.5
2839.0
1390.0
8452.5
1777.0
15342.5
4034.5
629.0
4983.5
18567.5
68.0
4546.5
2736.5
13565.5
15791.5
17815.5
4645.0
23568.5
7267.5
2846.0
438.5
8719.5
13906.0
14318.5
4176.5
1979.0
21179.0
11150.0
19264.5
68.0
15123.5
7585.0
10277.5
20149.0
68.0
4530.5
9849.0
22843.5
21831.5
5930.5
68.0
68.0
11644.5
11287.5
7209.5
21461.5
0
5459.5
68.0
8476.0
22276.5
1409.5
8519.5
13424.0
6749.0
5477.5
68.0
14916.0
16516.5
9464.5
2269.5
12548.0
13000.5
15224.0
1387.0
1504.5
16086.0
0
8086.0
646.0
14791.5
6794.0
8582.5
15660.0
7112.0
8083.5
2550.5
8.0
8178.5
17954.0
1379.5
17409.5
2528.5
8323.0
4994.0
646.0
1760.5
16102.5
68.0
16066.0
4849.0
438.5
68.0
27036.0
5435.0
13487.5
6739.5
68.0
11287.0
961.0
10450.0
5939.5
8803.0
3401.5
24120.5
27631.0
25087.5
18479.0
6303.0
13493.0
3132.5
11608.0
1382.5
5386.5
3416.0
1892.5
19681.5
12935.0
2336.0
4555.5
4578.5
10755.0
15383.5
5345.5
3234.5
9502.5
926.5
27202.0
2358.0
1488.0
1423.5
21478.0
12914.5
68.0
5976.0
3135.5
10302.0
16085.0
16410.5
15594.0
1016.5
68.0
7577.0
68.0
4128.5
543.5
2675.0
150.0
4062.0
711.0
68.0
0
6362.0
3999.0

2835.5
19590.0
21323.0
21484.5
68.0
2812.5
14891.0
18798.0
4933.5
68.0
68.0
9914.5
2265.0
1721.0
9362.5
23197.0
2917.0
9394.0
68.0
68.0
68.0
5986.0
2919.0
9720.5
0
4631.0
438.5
68.0
68.0
3657.0
6815.0
11220.0
68.0
4889.5
3210.5
1447.5
543.5
4160.5
4537.5
24174.0
1779.5
0
16067.0
17877.5
6354.0
944.0
26798.5
68.0
5498.5
2765.0
3826.0
7133.5
4370.0
11402.0
1019.0
28238.0
926.5
5489.0
4091.0
68.0
612.5
7643.0
2843.0
3076.0
68.0
4499.0
7215.0
3294.0
17948.5
680.5
18344.0
9470.5
68.0
6344.0
68.0
68.0
15102.0
9892.5
68.0
4559.0
5035.5
16435.0
12516.5
11212.0
68.0
15625.5
738.5
26323.5
4480.0
4574.0
1199.0
8496.5
438.5
14377.5
5004.0
4116.0
926.5
7905.5
3701.5
26725.0
2863.5
2231.5
8941.0
1036.0
3290.0
9485.0
944.0
3252.5
3562.5
19251.5
68.0
8558.0
2818.0
68.0
15290.0
7067.0
6810.0
5851.5
5354.5
13906.5
20714.5
68.0
17021.0
10341.0
6883.5
10822.0
24502.5
3644.0
3252.0
68.0
21886.5
16047.5
17910.0
4358.5
10664.0
68.0
8125.0
4539.0
21476.0
68.0
5513.0
18832.5
68.0
22234.5
646.0
22955.5
10097.5
21509.0
1477.0
5038.5
6505.5
68.0
68.0
5393.5
9004.0
2563.5
11590.5
68.0
3136.0
68.0
1036.0
68.0
21477.5
26647.5
1997.0
2370.0
68.0
4050.5
20654.0
68.0
0
3683.0
17135.0
5022.5
926.5
1777.0
19007.5
68.0
1406.5
629.5
24520.5
8982.0
68.0
7352.5
1019.0
17917.0
1858.5
5812.5
5922.0
9046.0
10758.0
9016.5
3553.0
5904.0
15986.0
1109.0
68.0
2675.5
18783.5
9205.0
6808.5
2358.5
3138.0
68.0
4759.0
68.0
16982.5
4159.0
24999.0
543.5
11251.5
1534.0
1112.5
24133.5
23792.0
21000.0
7998.0
7632.0
438.5
1241.0
7267.5
4074.5
8613.0
12928.5
16158.5
4553.0
5533.0
1406.5
7996.0
2672.0
10383.5
68.0
68.0
10805.5
4543.0
12121.0
3732.5
68.0
7124.5
6665.5
18634.0
68.0
13869.5
7258.0
25324.5
7016.5
6357.0
10769.0
13996.0
13894.0
6906.0
28504.5
9931.0
11152.0
10749.5
8041.0
11936.0
14915.0
1875.5
7271.5
68.0
3570.0
68.0
68.0
0
6362.5
1426.0
68.0
18357.5
68.0
2095.0
25972.0
68.0
646.0
534.5
4001.0
8527.5
4083.0
8571.5
8058.5
6742.0
14154.5
926.5
926.5
7701.5
13402.0
6250.0
961.0
257.0

9832.0
7593.0
16092.5
68.0
2764.5
9904.0
19278.5
1053.0
6653.5
10912.5
25059.5
2389.0
13022.0
24135.0
68.0
68.0
19246.0
8071.5
9461.0
68.0
11217.0
16065.5
8464.5
2374.5
16609.0
961.0
4165.5
68.0
15032.0
15386.0
21971.0
12599.5
12074.0
18831.5
23130.5
11558.5
1016.5
68.0
13427.5
21028.0
21394.0
1784.5
13943.0
68.0
8215.0
13489.0
1853.0
3484.0
3231.5
1505.5
537.5
1109.0
4875.0
6806.0
68.0
9061.5
12067.5
8130.0
11170.0
16593.5
21857.0
15715.0
2880.0
16898.0
20663.5
10272.0
23286.0
1034.0
7308.0
25441.5
22710.5
14626.0
2750.5
11155.5
633.5
15968.0
14726.5
68.0
1980.0
2675.0
68.0
9105.5
10858.0
4603.5
438.5
2074.5
3846.0
3587.5
15749.5
25081.0
10380.5
68.0
5435.5
9948.0
68.0
13479.0
68.0
2656.0
0
612.5
11168.0
68.0
4440.0
13861.5
17310.5
10331.0
9330.5
16872.0
9983.5
1036.0
18348.5
5526.5
2354.0
11615.0
8242.5
1880.5
8204.5
1786.0
4098.0
3143.5
4636.0
4516.5
24890.0
3603.5
3680.0
1809.0
68.0
942.5
4067.5
4453.5
68.0
4585.0
18758.5
14759.0
19672.5
2633.5
1949.0
1909.0
12040.0
68.0
8937.0
13910.5
68.0
12075.5
4562.5
23321.5
20924.5
18824.0
