29.0
50.0
57.5
68.0
68.0
68.0
68.0
68.0
68.0
0
68.0
68.0
68.0
68.0
257.0
68.0
828.5
458.0
68.0
68.0
8.0
641.5
68.0
524.0
0
0
68.0
68.0
627.5
153.5
8.0
68.0
0
173.0
68.0
68.0
8.0
68.0
68.0
68.0
348.5
0
647.0
732.5
40.5
537.5
1201.0
22.5
68.0
68.0
828.5
458.0
447.5
738.5
68.0
22.5
68.0
68.0
68.0
438.5
438.5
68.0
1213.0
828.5
68.0
68.0
0
904.0
68.0
68.0
68.0
271.0
1874.5
68.0
348.5
65.0
1412.0
8.0
533.5
68.0
438.5
68.0
68.0
68.0
68.0
68.0
736.0
68.0
57.5
68.0
257.0
828.5
68.0
68.0
68.0
68.0
68.0
925.0
641.5
348.5
719.0
8.0
1213.5
68.0
50.0
68.0
2746.0
68.0
646.0
29.0
1504.5
68.0
68.0
0
163.0
68.0
68.0
365.5
458.0
511.0
45.5
1664.5
841.0
1019.5
8.0
68.0
163.0
554.5
57.5
68.0

8.0
50.0
68.0
627.5
68.0
1389.5
3243.0
8.0
257.0
15.5
0
68.0
68.0
8.0
68.0
68.0
68.0
257.0
460.5
68.0
68.0
0
916.5
8.0
852.0
841.0
438.5
348.5
68.0
1053.5
473.5
22.5
68.0
50.0
45.5
68.0
22.5
68.0
438.5
2254.5
8.0
438.5
15.5
29.0
1242.5
257.0
8.0
68.0
15.5
22.5
8.0
68.0
0
40.5
8.0
68.0

8.0
68.0
271.0
365.5
1002.5
68.0
0
29.0
458.0
65.0
8.0
153.5
646.0
22.5
458.0
736.0
68.0
68.0
458.0
1320.5
68.0
68.0
163.0
68.0
68.0
1009.0
1037.0
243.5
68.0
68.0
29.0
257.0
8.0
8.0
68.0
726.5
68.0
438.5
0
438.5
458.0
8.0
22.5
438.5
0
454.0
68.0
0
614.0
446.0
66.5
22.5
68.0
8.0
537.5
35.0
68.0
8.0
458.0
68.0
636.0
614.0
68.0
65.0
50.0
0
828.5
40.5
68.0
173.0
68.0
68.0
432.5
68.0
1216.0
348.5
68.0
458.0
15.5
1019.0
15.5
68.0

911.0
927.5
257.0
68.0
68.0
68.0
40.5
68.0
0
50.0
22.5
15.5
68.0
45.5
348.5
446.0
8.0
68.0
438.5
713.5
646.0
894.0
68.0
930.0
35.0
68.0
1400.5
163.0
0
458.0
68.0
68.0
68.0
63.0
459.5
348.5
458.0
22.5
1573.0
29.0
8.0
68.0
1124.0
348.5
1298.0
8.0
68.0
68.0
2265.5
833.5
458.0
68.0
458.0
911.5
68.0
257.0
828.5
8.0

68.0
63.0
68.0
458.0
22.5
438.5
68.0
633.5
68.0
365.5
68.0
68.0
886.5
348.5
828.5
68.0
68.0
553.0
68.0
68.0
1594.5
68.0
67.5
22.5
163.0
0
8.0
68.0
958.5
68.0
68.0
909.0
1128.5
526.0
755.5
2539.5
68.0
348.5
1333.0
719.0
1371.0
438.5
68.0
832.0
68.0
848.0
850.0
68.0
458.0
1387.0
8.0
8.0
68.0
0
68.0
629.0
68.0
68.0
524.0
434.0
804.5
68.0
68.0
40.5
911.0
438.5
57.5
68.0
163.0
365.5
1126.0
438.5
68.0
22.5
438.5
736.0
63.0
2282.0
257.0
68.0
0
22.5
60.5
2546.5
2569.5
68.0
0
66.5
1614.0
68.0
458.0
755.5
68.0
614.0
438.5
458.0
22.5
1199.0
68.0
740.5
257.0
612.5
68.0
0
1013.0
68.0
68.0
0
458.0
3423.5
68.0
647.0
163.0
614.0
68.0
1379.5
460.5
22.5
68.0
68.0
68.0
163.0
68.0
1033.5
1215.5
68.0
68.0
68.0
719.0
3243.0
458.0
663.5
438.5
68.0
68.0
68.0
828.5
68.0
1795.0
722.5
68.0
1876.5
1002.5
458.0
926.5
1660.5
1406.5
458.0
1207.0
469.5
68.0
1569.5
458.0
0
348.5
1604.0
541.0
243.5
809.0
68.0
271.0
68.0
68.0
68.0
68.0
719.0
713.0
257.0
68.0
68.0
537.5
458.0
646.0
173.0
68.0
1852.5
647.0
1997.0
0
0
68.0
1051.0
553.0
0
68.0
68.0
466.5
1292.5
68.0
719.0
68.0
68.0
68.0
68.0
627.5
931.0
40.5
458.0
2356.0
257.0
438.5
8.0
629.0
1813.5
257.0
1592.0
515.0
348.5
2196.0
453.5
646.0
68.0
1106.5
68.0
524.0
0
348.5
1033.5
2937.0
68.0
68.0
365.5
2374.5
68.0
541.0
1509.0
68.0
1222.5
1199.0
537.5
458.0
741.0
68.0
627.5
563.0
68.0
257.0
714.0
849.0
2208.0
68.0
68.0
1797.5
458.0
365.5
68.0
68.0
914.0
338.5
1475.0
348.5
150.0
68.0
869.5
1106.5
2070.0
0
1150.5
612.5
68.0
338.5
68.0
434.0
68.0
978.0
68.0
163.0
68.0
0
1420.0
458.0
738.5
68.0
2583.0
68.0
68.0
68.0
68.0
1609.5
1978.5
543.5
438.5
0
68.0

641.5
524.0
68.0
0
986.0
68.0
0
0
0
0
1107.5
153.5
627.5
627.5
163.0
821.5
738.5
647.0
68.0
68.0
1112.0
68.0
2570.5
2235.5
918.0
2786.5
2925.5
68.0
0
68.0
68.0
257.0
438.5
1119.5
68.0
458.0
68.0
68.0
68.0
1617.0
68.0
1391.5
540.0
2391.0
68.0
68.0
365.5
2358.5
0
0
438.5
68.0
68.0
458.0
1109.0
646.0
1611.0
0
2240.0
1089.5
68.0
0
2730.0
68.0
748.5
68.0
755.5
1324.5
438.5
68.0
68.0
1648.0
68.0
534.5
257.0
734.5
458.0
818.0
809.5
163.0
163.0
1393.0
458.0
1582.5
68.0
68.0
1218.5
923.5
999.5
4704.0
438.5
68.0
271.0
68.0
743.5
60.5
68.0
627.5
0
68.0
68.0
2098.5
348.5
612.5
1406.5
68.0
2256.0
68.0
68.0
68.0
2152.5
163.0
943.5
4026.5
365.5
68.0
612.5
68.0
0
738.5
1313.0
537.5
68.0
458.0
3346.5
348.5
68.0
68.0
2134.5
0
68.0
1128.5
939.0
68.0
257.0
1008.0
365.5
629.0
646.0
68.0
68.0
243.5
1184.5
153.5
68.0
0
1954.0
257.0
719.0
68.0
271.0
1654.5
68.0
537.5
629.0
68.0
68.0
68.0
68.0
68.0
68.0
728.5
243.5
1106.5
68.0
1033.5
68.0
68.0
3029.5
271.0
3627.0
365.5
719.0
68.0
843.5
68.0
4824.5
68.0
451.0
534.5
1190.5
1569.5
65.0
163.0
627.5
68.0
1804.5
815.5
1704.0
257.0
804.5
2823.0
173.0
68.0
348.5
2658.5
2734.5
1031.5
1038.0
243.5
1300.0
1399.0
68.0
365.5
68.0
68.0
1925.5
841.0
1771.0
1012.0
68.0
2834.0
68.0
533.5
1297.5
68.0
68.0
537.5
1390.0
619.0
1009.5
1053.5
1770.5
1317.5
835.0
68.0
68.0
627.5
4272.5
1411.5
68.0
163.0
1426.0
458.0
713.0
2862.5
2032.0
2516.5
68.0
614.0
1798.0
914.0
1022.0
942.5
257.0
1485.0
68.0
68.0
68.0
68.0
1857.0
1211.5
1017.5
68.0
68.0
1109.0
2461.0
257.0
3440.0
633.5
627.5
68.0
2087.0
348.5
153.5
68.0
68.0
2465.5
3432.0
850.5
848.0
443.5
438.5
68.0
365.5
257.0
68.0
753.5
68.0
348.5
1284.5
1788.5
68.0
68.0
1218.5
1706.5
68.0
68.0
68.0
554.5
1500.5
1811.0
68.0
68.0

1109.0
68.0
1089.5
0
627.5
365.5
0
1390.0
68.0
1221.0
647.0
828.5
3279.0
614.0
1402.0
257.0
719.0
742.0
663.0
920.5
338.5
3779.0
348.5
3005.5
68.0
5874.0
1589.0
3538.5
257.0
356.5
68.0
458.0
458.0
438.5
824.0
3549.0
68.0
68.0
68.0
2977.5
68.0
1131.0
68.0
629.5
3774.5
2371.0
257.0
257.0
1019.5
458.0
438.5
835.5
68.0
944.5
6905.0
68.0
443.5
4539.0
68.0
2747.5
458.0
3282.5
1126.0
2846.0
68.0
68.0
2684.0
1912.0
68.0
0
68.0
3099.0
2289.0
1460.5
68.0

828.5
5865.0
0
0
163.0
1295.5
68.0
1265.0
0
438.5
0
342.5
631.5
68.0
1019.0
524.0
68.0
1386.0
68.0
612.5
1276.5
2360.0
68.0
438.5
68.0
460.0
68.0
999.5
68.0
3791.0
458.0
68.0
68.0
628.5
163.0
68.0
77.5
348.5
1028.5
68.0
68.0
1404.0
243.5
1407.0
1498.5
2272.0
1226.5
738.5
788.0
1499.0
68.0
427.0
848.0
68.0
626.5
68.0
713.0
257.0
1528.5
1189.0
828.5
68.0
828.5
0
1036.0
1521.5
1128.0
163.0
1724.0
2263.5
1019.0
629.0
348.5
68.0
923.5
727.0
68.0
68.0
736.0
698.0
1687.0
1599.0
551.5
68.0
68.0
2430.0
2128.5
68.0
1109.0
514.5
1036.0
944.5
1687.0
524.0
68.0
911.5
1670.0
68.0
524.0
1206.5
68.0
348.5
554.5
348.5
1794.0
68.0
173.0
68.0
68.0
1509.0
1972.5
1702.0
68.0
257.0
1211.5
348.5
828.5
1339.0
68.0
736.0
2735.5
828.5
348.5
68.0
1205.5
68.0
68.0
68.0
1218.5
2057.5
2866.5
533.5
2414.5
257.0
1931.5
68.0
989.5
163.0
537.5
68.0
68.0

257.0
4825.5
68.0
68.0
0
4198.0
243.5
68.0
68.0
914.0
1016.5
2583.0
1617.5
2264.5
348.5
68.0
68.0
614.0
647.0
1110.5
920.5

1618.5
68.0
3339.5
68.0
68.0
438.5
68.0
2043.5
1190.5
348.5
68.0
68.0
68.0
438.5
68.0
68.0
68.0
537.5
1587.0
68.0
68.0
458.0
68.0
153.5
3434.5
434.0
68.0
1595.5
646.0
460.0
1003.0
719.0
511.0
663.5
68.0

348.5
68.0
68.0
1472.5
1382.0
68.0
828.5
1204.0
4069.5
68.0
68.0
633.5
68.0
348.5
438.5
910.0
2022.5
1331.5
2718.0
68.0
717.0
2398.0
68.0
348.5
3503.0
1494.5
68.0
153.5
1834.5
809.0
1899.5
68.0
458.0
627.5
68.0
68.0
5528.5
1508.0
163.0
68.0
1698.0
736.0
348.5
68.0
458.0
68.0
257.0
257.0
5356.0
257.0
68.0
543.5
68.0
68.0
438.5
257.0
68.0
68.0
68.0
1179.5
1510.0
2333.0
632.5
68.0
596.5
1124.5
1307.5
5913.0
68.0
257.0
829.0
68.0
68.0
68.0
68.0
3343.0
68.0
524.0
533.5
627.5
68.0
68.0
68.0
348.5
7581.5
2187.5
538.5
68.0
2296.5
68.0
438.5
458.0
0
68.0
935.0
2918.0
458.0
627.5
537.5
1226.0
814.0
68.0
68.0
348.5
2368.5
68.0
1967.5
68.0
741.0
1408.0
927.5
68.0
1315.0
68.0
68.0
1111.0
534.5
3618.0
68.0
68.0
1404.0
1025.5
1521.0
5534.0
1697.0
1992.0
68.0
1317.5
68.0
2689.0
773.0
918.0
68.0
257.0
1073.5
2479.0
68.0
2012.0
68.0
68.0
68.0
1985.5
2425.5
0
68.0
458.0
68.0
68.0
8.0
1534.5
927.5
731.5
68.0
68.0
1059.0
365.5
905.0
1239.0
680.5
453.0
458.0
68.0
1889.0
944.5
935.0
451.5
68.0
925.0
906.0
68.0
68.0
2805.0
2329.0
68.0
647.0
915.0
726.5
1216.5
2340.0
1306.5
2889.0
2100.0
1223.0
2180.5
612.5
348.5
458.0
1408.5
1781.0
63.0
1473.5
458.0
68.0
1993.0
68.0
68.0
1033.5
68.0
163.0
163.0
68.0
348.5
1479.5
68.0
901.0
68.0

551.5
2261.0
68.0
629.0
68.0
719.0
68.0
365.5
4078.5
702.5
646.0
1021.5
68.0
438.5
901.5
68.0
10308.5
68.0
537.5
348.5
3769.0
1220.5
541.0
68.0
1042.0
68.0
257.0
717.5
1972.0
809.5
458.0
438.5
68.0
68.0
629.0
68.0
647.0
2256.0
1103.0
68.0
521.0
153.5
961.0
1036.0
2301.5
553.0
68.0
68.0
4888.0
727.0
1516.0
68.0
2201.0
68.0
2820.5
2095.5
1429.0
68.0
3324.0
1497.0
646.0
1098.5
438.5
1008.5
68.0
348.5
1026.0
68.0
332.0
1560.5
365.5
4899.0
958.5
2015.0
68.0
68.0
2214.0
1406.5
2074.5
68.0
68.0
68.0
348.5
68.0
937.5
533.5
257.0
627.5
1038.5
348.5
1347.0
68.0
930.0
629.5
10898.5
68.0
1200.5
1810.5
1896.0
365.5
831.0
438.5
68.0
163.0
2908.0
1780.0
68.0
68.0
68.0
68.0
943.5
68.0
736.0
738.5
243.5
348.5
1615.0
68.0
2102.5
2246.5
68.0
68.0
663.5
1834.5
1540.0
918.0
68.0
2477.0
68.0
909.0
67.5
832.5
68.0
68.0
257.0
738.5
68.0
738.5
628.5
1126.0
1317.5
3160.0
929.0
68.0
68.0
1313.5
3296.5
1661.0
438.5
68.0
446.0
1134.0
68.0
638.5
438.5
68.0
1028.0
3544.5
68.0
68.0
68.0
68.0
465.0
68.0
553.0
2554.0
68.0
809.0
68.0
68.0
68.0
4073.5
68.0
257.0
740.5
943.5
738.5
914.0
68.0
68.0
68.0
68.0

243.5
1809.5
348.5
1280.0
614.0
257.0
458.0
2826.0
348.5
432.5
1499.0
68.0
1394.0
1795.0
1021.5
2371.5
68.0
68.0
1906.0
921.0
1387.0
458.0
257.0
271.0
458.0
66.5
2117.5
2448.0
68.0
1879.5
68.0
1802.5
2243.5
68.0
596.5
68.0
68.0
1817.5
1131.0
1103.0
3197.0
68.0
68.0
68.0
153.5
537.5
352.0
646.0
68.0
524.0
68.0
458.0
925.0
1651.0
271.0
2133.5
365.5
68.0
1204.0
352.0
68.0
1791.0
568.5
434.0
738.5
68.0
1500.0
1111.5
68.0
1333.5
1116.5
1965.5
1222.0
68.0
68.0
473.0

68.0
1612.0
163.0
68.0
163.0
348.5
1110.0
1148.0
638.5
173.0
843.0
68.0
68.0
257.0
68.0
1854.5
738.5
3242.5
1571.5
541.0
627.5
501.5
633.5
150.0
348.5
1306.5
68.0
2346.5
1724.0
68.0
890.5
4512.0
68.0
68.0
629.5
68.0
68.0
1686.0
68.0
1126.0
2342.5
1495.0
926.5
722.0
1784.5
68.0
614.0
1211.5
1841.0
68.0
2336.0
1577.5
2685.5
2760.5
1578.0
68.0
68.0
458.0
1518.5
68.0
828.5

1688.5
5767.5
67.5
68.0
942.0
458.0
0
68.0

1495.5
4584.0
1817.5
68.0
173.0
2243.5
458.0
814.0
68.0
1046.5
848.0
68.0
68.0
815.0
646.0
2309.5
612.5
68.0
1796.5
67.5
68.0
6852.5
998.0
68.0
838.5
1897.0
1147.5
736.0
68.0
68.0
68.0
632.5
3072.5
4446.0
608.5
832.0
534.5
257.0
2225.5
68.0
365.5
6403.0
821.5
68.0
77.5
1675.0
1033.5
1456.5
365.5
2777.5
1894.5
554.5
68.0
1398.5
68.0
1019.5
68.0
68.0
1128.5
0
848.0
163.0
68.0
1106.5
629.0
68.0
68.0
68.0
0
68.0
1411.0
68.0
1798.5
524.0
68.0
68.0
1525.0
1412.0
68.0
68.0
533.5
68.0

495.5
1684.5
68.0
68.0
2457.5
647.0
68.0
808.0
633.5
68.0
365.5
1578.5
485.0
438.5
1327.0
438.5
4639.5
1204.0
1848.5
1577.5
1595.5
443.5
153.5
850.5
2693.0
702.5
0
743.5
717.0
1334.0
627.5
1388.0
3127.0
348.5
1876.5
68.0
3616.0
1859.5
3161.5
243.5
68.0
438.5
2645.5
438.5
68.0
68.0
438.5
1499.5
68.0
1684.5
910.0
451.0
1396.5
533.5
68.0
1129.5
758.0
443.5
438.5
68.0
68.0
3624.0
2561.0
68.0
629.0
68.0
1199.0
1775.5
68.0
4548.5
1209.0
68.0
68.0
68.0
348.5
1686.5
609.5
1565.0
0
257.0
738.5
173.0
1522.5
68.0
944.5
68.0
68.0
2051.5
257.0
68.0
554.5
3135.0
68.0
1114.0
2077.0
68.0
348.5
1015.5
612.5
1809.0
153.5
348.5
1466.5
1129.5
68.0
2650.5
68.0
524.0
927.5
543.5
909.5
828.5
1511.5
68.0
983.0
3068.5
1620.5
163.0
68.0
719.0
68.0
68.0
348.5
458.0
68.0
163.0
515.0
68.0
4102.5
68.0
68.0
1410.0
2055.5
533.5
458.0
68.0
1594.5
3926.0
271.0
68.0
348.5
6764.5
68.0
1974.5
68.0
68.0
533.5
68.0
257.0
2197.0
1316.5
738.5
755.5
68.0
1824.5
68.0
68.0
68.0
465.5
68.0
329.0
1141.0
1426.5
257.0
627.5
68.0
173.0
2609.5
533.5
68.0
1500.0
348.5
822.0
163.0
627.5
68.0
3108.5
941.5
68.0
1120.0
1794.0
2722.0
1749.0
68.0
163.0
68.0
271.0
68.0
68.0
68.0
68.0
1278.5
438.5
1101.5
2334.5
849.5
68.0
458.0
68.0
2700.5
450.0
2364.0
1462.5
68.0
1204.0
68.0
3132.5
3435.5
68.0
1225.0
2747.5
68.0
622.5
2189.5
0
68.0
2088.5
0
724.0

68.0
533.5
2285.5
163.0
3981.0
614.0
1501.5
9029.5
68.0
68.0
535.0
68.0
68.0
68.0
736.0
2742.5
2769.5
1503.0
1110.0
163.0
755.5
647.0
68.0
2367.5
68.0
68.0
1585.0
2100.0
68.0
458.0
438.5
507.5
1542.5
1032.5
2348.0
2768.5
68.0
243.5
533.5
68.0
4613.5
814.0
68.0
1300.0
1800.5
68.0
1522.0
438.5
1677.0
68.0
68.0
1886.5
736.0
1427.0
755.5
534.5
646.0
68.0
0
1687.0
930.0
0
68.0
68.0
2273.5
1496.5
533.5
68.0
2298.0
1582.0
68.0
68.0
2377.0
68.0
2338.0
1113.0
68.0
1224.0
5896.5
68.0
68.0
5287.0
77.5
68.0
365.5
68.0
68.0
68.0
2246.5
719.0
2761.0
0
3148.5
68.0
68.0
1907.0
1488.5
633.5
68.0
1744.0
2267.0
438.5
5794.5
624.0
9173.0
1128.5
68.0
68.0
1036.0
515.0
3525.5
2467.5
848.0
2888.0
68.0
2640.5
738.5
68.0
1617.5
68.0
3677.5
163.0
365.5
637.0
68.0
68.0
629.0
458.0
1231.0
1698.5
646.0
1129.5
68.0
68.0
68.0
1423.5
348.5
2192.0
5791.5
443.5
713.0
68.0
457.0
1019.0
257.0
947.0
348.5
519.0
438.5
1816.0
1409.0
163.0
68.0
68.0
68.0
2744.0
6606.0
1489.0
1407.5
68.0
627.5
438.5
68.0
755.5
2863.5
736.0
812.0
755.5
438.5
68.0
68.0
68.0
68.0
1499.0
824.0
1879.0
1020.0
1260.0
458.0
68.0
738.5
937.0
1297.5
922.0
163.0
632.5
1499.0
1399.5
1036.0
2185.0
1000.0
68.0
68.0
0
719.0
2492.0
537.5
68.0
2816.0
2923.0
640.5
719.0
68.0
7356.0
68.0
1684.0
163.0
68.0
1380.0
3193.0
438.5
1405.0
68.0
738.5
1504.5
68.0
68.0
68.0
1538.0
861.0
68.0
68.0
757.5
1022.0
3045.0
68.0
2351.5
533.5
447.0
348.5
1005.5
2366.5
1036.0
646.0
773.0
163.0
68.0
68.0
68.0
809.0
68.0
54.0
258.0
68.0
828.5
838.0
551.5
1375.0
68.0
438.5
1224.0
68.0
68.0
67.5
443.5
1985.5
4572.0
68.0
68.0
348.5
438.5
1961.5
1801.5
68.0

2810.0
629.0
68.0
458.0
3868.5
2573.0
1424.0
4137.0
3135.5
600.0
2141.5
1208.0
2929.5
1016.5
348.5
646.0
828.5
68.0
2832.0
2428.0
612.5
1596.5
627.5
68.0
537.5
5036.0
2346.5
2727.0
68.0
1207.0
0
68.0
68.0
68.0
1053.0
68.0
2467.0
1021.0
1188.5
734.5
68.0
438.5
1286.5
68.0
68.0
68.0
3010.5
632.5
4338.0
2648.5
647.0
68.0

68.0
2872.5
3199.5
2298.0
68.0
68.0
68.0

2733.0
68.0
163.0
68.0
419.5
817.0
3856.5
68.0
524.0
1499.0
438.5
68.0
1355.5
0
68.0
68.0
68.0
944.0
68.0
533.5
68.0
1862.5
1436.5
1504.0
3622.0
2297.5
352.0
614.0
68.0
533.5
271.0
163.0
1509.0
629.5

1334.5
2923.0
538.5
2473.0
1221.0
1283.5
68.0
68.0
68.0
68.0
1130.5
68.0
515.0
68.0
68.0
68.0
458.0
365.5
68.0
68.0
926.5
1839.5
3477.0
68.0
173.0
6122.5
0
753.5
448.0
163.0
68.0
163.0
163.0
0
68.0
163.0
0
1573.0
68.0
4269.5
1577.5
68.0
4269.0
1394.0
633.5
1694.0
1068.5
1694.5
3014.5
68.0
2646.0
1600.5
2911.5
68.0
458.0
3118.0
2428.5
68.0
68.0
425.0
68.0
458.0
836.5
4600.0
814.0
2321.0
438.5
1996.0
68.0
68.0
68.0
77.5
365.5
1150.0
1629.0
2342.5
68.0
1865.0
1804.0
163.0
3146.0
486.5
68.0
163.0
1981.5
5154.5
2255.5
2587.5
629.5
1473.0
1221.0
3383.0
533.5
348.5
68.0
1877.5
1038.5
163.0
1586.0
68.0
163.0
7888.0
2188.5
816.0
5337.0
1387.5
736.0
68.0
153.5
1003.0
744.5
163.0
68.0
68.0
68.0
537.5
11820.5
1958.5
2707.0
1128.5
68.0
257.0
68.0
958.5
458.0
1421.5
68.0
68.0
68.0
68.0
1188.5
2362.5
68.0
68.0
3670.5
1411.5
257.0
738.5
641.5
82.0
68.0
68.0
1896.5
3690.0
68.0
918.5
2347.0
68.0
438.5
68.0
629.0
2087.5
68.0
68.0
68.0
68.0
1384.0
3426.0
1342.0
620.5
68.0
365.5
438.5
1236.5
1185.5
68.0
925.0
68.0
1228.5
1970.5
1019.0
68.0
271.0
740.5
68.0
4630.5
458.0
1019.0
68.0
1329.0
2365.5
5365.0
68.0
348.5
68.0
1898.0
1582.0
68.0
1912.5
68.0
365.5
1721.5
1492.0
1033.5
524.0
2063.0
3449.5
68.0
1707.5
68.0
68.0
3628.5
68.0
68.0
914.0
1033.5
1296.0
68.0
68.0
173.0
5326.5
524.0
68.0
347.5
1492.0
68.0
68.0
3103.0
2804.5
68.0
1950.5
68.0
68.0
68.0
543.5
2653.0
1117.0
1218.5
3306.5
68.0
438.5
6076.0
894.5
1784.5
68.0
1109.0
1194.5
1205.0
922.0
68.0
1389.5
7654.0
553.0
833.5
1848.5
153.5
1315.0
68.0
2321.0
68.0
68.0
1331.0
438.5
4305.0
1002.5
3198.0
3099.5
2192.5
3890.5
541.0
1090.0
68.0
68.0
736.0
1479.5
2477.5
365.5
738.5
1782.5
68.0
1410.5
68.0
1019.0
68.0
68.0
68.0
458.0
1606.5
68.0
533.5
4275.0
68.0
365.5
1121.5
543.5
734.5
521.0
68.0
535.0
68.0
68.0
1225.0
68.0
68.0
1428.0
68.0
1877.5
5585.5
1312.0
629.0
163.0
1017.5
5765.0
4546.5
68.0
68.0
519.5
438.5
755.5
1319.0
5888.0
68.0
1317.5
68.0
828.5
452.5
5353.0
68.0
2958.5
629.5
2143.5
1016.5
1898.0
956.0
534.5
163.0
2665.0
68.0
627.5
1802.5
68.0
348.5
153.5
1032.0
646.0
163.0
68.0
348.5
717.5
6712.5
348.5
68.0
1500.0
365.5
68.0
68.0
487.5
2009.5
68.0
923.5
68.0
68.0
68.0
5463.0
1999.0
2366.0
2993.0
68.0
68.0
3350.5
930.0
68.0
68.0
1449.0
1109.0
68.0
2478.5
2814.5
2839.0
438.5
1403.0
68.0
68.0
68.0
1019.0
365.5
3986.5
68.0
2157.5
1648.5
163.0
428.5
68.0
3291.5
1036.0
68.0
68.0
1570.0
68.0
68.0
68.0

68.0
518.5
438.5
1126.0
1351.0
4340.0
4570.5
1497.5
68.0
3345.5
1413.0
4062.0
2746.0
984.5
619.0
68.0
3221.0
68.0
1012.0
68.0
4172.5
2068.5
68.0
1133.0
888.0
68.0
68.0
1126.0
755.5
2938.5
1021.5
163.0
633.5
3106.5
848.5
1608.5
2850.0
1085.5
68.0

68.0
554.5
1920.0
163.0
1426.0
448.0
3104.5
2452.5
2820.5
1218.5
894.5
68.0
68.0
629.0
835.0
4085.0
1899.0
848.5
755.5
68.0
943.5
4764.5
999.5
68.0
1109.0
68.0
0
1996.0
2946.5
958.5
804.5
1525.0
68.0
3244.0
3957.0
68.0
438.5
68.0
1493.5
163.0
3588.0
68.0
533.5
12879.5
68.0
1334.0
2339.0
1541.5
1382.5
971.0
4436.5
68.0
2704.0
1974.5
553.0
1126.0
3177.5
68.0
943.5
68.0
1379.5
726.5
1244.0
2714.0
68.0
2661.0
365.5
163.0
1112.0
1705.0
533.5
3257.0
68.0

1386.0
1112.5
68.0
243.5
1143.5
173.0
68.0
4447.5
68.0
68.0
458.0
163.0

68.0
68.0
2398.0
1042.5
1312.0
2656.0
77.0
1036.0
1009.0
944.5
487.5
1407.5
68.0
3227.5
526.0
1109.0
736.0
68.0
1427.0
1783.5
68.0
458.0
271.0
2240.0
1036.0
4242.5
1219.5
1016.5
68.0
853.0
6160.0
5299.5
68.0
999.5
68.0
1346.5
3613.5
3353.5
524.0
68.0
818.0
68.0
68.0
1796.5
2961.0
3921.5
438.5
68.0
68.0
1218.0
1298.0
68.0
0
5728.0
68.0
1501.5
68.0
1672.0
629.0
534.5
2599.5
68.0
1606.5
1093.0
68.0
365.5
68.0
738.5
614.0
458.0
68.0

68.0
1578.5
68.0

629.5
2534.5
3161.5
2667.0
450.5
68.0
68.0
68.0
0
68.0
2486.5
68.0
68.0
68.0
1225.0
5944.5
68.0
5493.5
815.5
68.0
68.0
3178.5
68.0
900.5
627.5
4200.0
68.0
4009.0
1033.5
68.0
3029.5
2857.0
68.0
1984.5
1750.0
68.0
68.0
1156.0
2366.0
1128.5
458.0
68.0
4398.5
724.0
4155.0
738.5
68.0
741.0
6730.5
68.0
3663.5
738.5
3119.5
1908.0
2560.0
68.0
627.5
1769.5
533.5

68.0
4358.5
7621.0
68.0
68.0
1304.0
619.0
332.0
68.0
68.0
5125.5
68.0
809.0
2821.5
619.0
533.5
163.0
68.0
257.0
1121.5
68.0
6977.0
1957.5
4727.0
3305.0
6761.5
365.5
4235.5
533.5
931.0
4194.0
4562.0
68.0
68.0
271.0
68.0
2366.0
68.0
68.0
1675.0
411.0
163.0
629.0
68.0
753.5
1378.0
68.0
0
2382.0
68.0
68.0
5972.5
1978.0
68.0
828.5
2365.0
68.0
524.0
3634.5
68.0
438.5
4755.5
68.0
68.0
68.0
68.0
1594.5
1553.5
68.0
68.0
438.5
647.0
68.0
1114.5
438.5
365.5

1504.5
1690.5
4047.0
1051.0
68.0
68.0
2252.5
68.0
68.0
68.0
2562.0
2959.0
3213.5
68.0
68.0
3375.5
68.0
362.0
352.0
257.0
1124.0
2755.0
1970.0
438.5
537.5
68.0
68.0
5097.0
3425.5
614.5
1205.5
2759.0
68.0
1706.5
2642.0
2797.0
68.0
1416.0
68.0
68.0
68.0
1819.5
68.0
3024.0
434.0
458.0
68.0
68.0
144.5
68.0
1894.5
458.0
4938.5
1055.5
1275.5
621.0
7438.5
68.0
2990.5
68.0
6330.5
1017.5
68.0
1585.5
3175.5
68.0
348.5
3317.5
3058.5
2965.5
2210.5
731.5
4540.0
736.0
68.0
4475.5
4462.0
68.0
68.0
77.5
68.0
68.0
68.0
68.0
1390.0
68.0
1726.0
2687.5
332.0
738.5
365.5
641.5
2686.0
2114.0
2311.0
3523.0
1974.0
68.0
68.0
68.0
1373.0
1205.5
2361.5
1150.5
68.0
1019.5
163.0
348.5
1219.5
68.0
5746.5
828.5
1382.5
1097.0
1863.5
77.0
438.5
543.5
458.0
68.0
2345.0
893.5
68.0
3557.5
1530.5
68.0

1407.5
2958.0
629.0
248.5
443.5
1492.0
2430.0
1514.0
4083.0
68.0
1000.0
2246.0
629.5
68.0
68.0
68.0
1501.5
68.0
452.0
2825.5
1128.5
719.0
1404.5
68.0
68.0
470.5
1730.5
6807.5
663.0
68.0
2266.5
809.0
438.5
1023.5
4095.0
68.0
68.0
4364.5
68.0
533.5
543.5
3125.5
629.0
1811.5
68.0
629.0
68.0
4945.5
68.0
646.0
65.0
68.0
9838.0
944.5
1031.5
2109.0
2038.0
68.0
2667.0
1516.0
2275.0
533.5
755.5
3101.0
828.5
2238.5
1389.5
68.0
68.0
68.0
68.0
3566.0
2914.0
4195.5
68.0
68.0
163.0
2155.0
434.0
68.0
68.0
738.5
68.0
348.5
3032.5
6105.0
68.0
0
365.5
1345.5
1794.0
1593.5
537.5
5673.5
4565.5
2557.5
68.0
68.0
438.5
68.0
68.0
68.0
1509.0
68.0
68.0
738.5
2378.5
646.0
4638.5
758.0
1946.0
2427.0
68.0
1128.5
68.0
1190.5
5199.5
68.0
926.5
243.5
1179.5
1479.5
1960.0
5752.0
553.0
68.0
68.0
458.0
68.0
3286.0
173.0
348.5
726.5
0
4498.0
348.5
2680.0
1705.5
434.0
68.0
68.0
3451.5
1687.0
7774.5
68.0
524.0
163.0
68.0
1409.0
4114.0
5924.5
68.0
1211.0
1198.5
3715.5
173.0
68.0
68.0
612.5
8427.0
1772.5
3117.0
514.5
3289.0
1833.0
5173.5
68.0
163.0
68.0
3221.5
2455.5
68.0
824.0
438.5
68.0
5036.0
68.0
68.0
173.0
0
0
163.0
68.0
1705.5
1502.5
2643.5
1109.0
68.0
537.5
1126.0
6562.0
68.0
68.0
1019.0
2830.5
438.5
4026.0
7629.0
1873.5
1486.0
443.5
1053.0
68.0
348.5
8975.0
163.0
1971.0
1863.5
612.5
1014.5
809.0
632.5
629.0
627.5

1016.5
613.5
4818.5
458.0
1033.5
3285.0
3512.0
1728.0
1894.5
4289.0
1092.5
458.0
2572.0
3970.5
1314.0
5001.0
3742.0
348.5
2061.0
0
4780.5
4556.5
68.0
68.0
348.5
68.0
2670.0
68.0
2461.0
3222.0
438.5
8199.0
649.5
2088.0
68.0
1404.0
944.0
4617.0
68.0
1991.5
68.0
5924.5
722.0
68.0
68.0
6463.5
68.0
943.5
1020.0
2652.5
1597.0
1508.0
707.5
68.0
438.5
4669.0
1014.5
1680.5
623.0
68.0
647.0
6636.0
553.0
68.0
2626.5
646.0
1224.0
5241.0
68.0
3423.5
68.0
2324.5
537.5
755.5
738.5
1427.0
8093.5
4243.5
2778.0
1409.0
2454.0
365.5
514.5
68.0
533.5
3271.0
606.0
6886.5
2100.5
68.0
2736.5
1577.5
2283.5
738.5
2377.0
719.0
1874.0
77.5
68.0
551.5
1592.0
68.0
68.0
1972.0
163.0
68.0
515.0
4936.5
3812.0
1033.5
515.0
5340.5
68.0
524.0
2315.5
348.5
828.5
1099.0
68.0
6883.5
1895.0
2461.5
2972.5
3139.5
4186.5
257.0
365.5
68.0
2249.0
68.0
4306.5
2671.5
3140.5
0
68.0
629.0
10061.0
4932.0
68.0
365.5
1427.0
68.0
1225.0
68.0
5319.5
1033.5
1110.5
2188.5
1725.0
1211.5
1019.0
68.0
348.5
0
738.5
1199.0
68.0
68.0
2282.0
68.0
68.0
4151.0
153.5
533.5
4144.0
68.0
2955.5
1065.5
68.0
1505.0
722.0
744.5
68.0
3083.5
999.5
457.0
77.5
0
3921.0
7967.0
68.0

163.0

4070.5
1684.5
1116.0
9927.5
458.0
738.5
68.0
1111.0
1483.0
3325.0
68.0
1480.0
68.0
2226.5
68.0
2471.0
4067.5
551.5
1463.0
2746.5
1863.5
2084.5
4695.5
629.0
68.0
1972.5
348.5
1102.0
4539.0
453.5
627.5
1514.0
1298.0
1102.0
68.0
596.5
68.0
68.0
68.0
4569.0
68.0
68.0
828.5
68.0
926.5
6556.0
1466.0
903.5
1999.5
536.5
68.0
551.5
68.0
1345.0
909.5
68.0
646.0
458.0
68.0
1131.0
2979.0
633.0
529.0
68.0
3163.0
1026.0
68.0
2259.0
68.0
68.0
521.0
68.0
1489.5
4574.0
2358.5
68.0
3195.5
995.0
68.0
68.0
1981.0
2913.5
2226.0
2156.0
927.0
627.5
68.0
68.0
2162.5
5837.5
1499.0
68.0
2710.5
2251.0
68.0
614.0
628.5
2272.5
1594.5
1900.0
2745.0
68.0
68.0
3631.5
68.0
646.0

163.0
624.0
1319.5
68.0
1987.0
68.0
68.0
68.0
3103.0
1296.0
719.0
4484.0
3167.0
68.0
5308.0
163.0
68.0
2900.0
68.0
68.0
2704.0
68.0
153.5
163.0
534.5
1551.5
153.5
1480.0
4536.5
4697.0
1036.0
5478.0
2846.5
2246.5
68.0
1218.5
4241.0
1979.0
3613.5
68.0
68.0
257.0
68.0
68.0
943.5
818.0
3097.0
6827.5
5053.0
68.0
163.0
3745.5
68.0
1504.0
3290.0
533.5
1424.0
3835.5
1904.5
738.5
3029.0
3508.5
3252.5
4920.5
4469.0
68.0
537.5
458.0
1034.0
1026.0
751.0
3821.0
4434.0
751.0
68.0
612.5
68.0
3956.0
1106.5
68.0
458.0
1031.5
2278.5
605.5
629.0
2711.5
4511.0
4067.5
68.0
8198.0
438.5
5573.5
3125.5
2252.0
3762.5
1242.0
533.5
1481.5
3306.5
2837.5
455.0
707.5
1004.0
943.5
68.0
893.0
4072.0
8013.5
68.0
68.0
1688.0
3596.5
1114.0
68.0
2373.0
68.0
163.0
68.0
563.0
738.5
68.0
534.5
68.0
6434.0
0
163.0
2747.5
68.0
1019.0
1005.0
8565.5
332.0
3962.5
1005.0
68.0
1472.0
68.0
534.5
2633.5
1409.0
1335.5
68.0
4677.5
551.5
1496.5
68.0
68.0
68.0
1276.0
2513.0
1888.5
1613.5
936.5
612.5
5545.5
3096.5
1989.0
68.0
1127.0
553.0
2744.0
68.0
4020.5
543.5
646.0
828.5
609.5
348.5
3208.5
642.5
947.5
68.0
1241.0
828.5
68.0
68.0
2380.0
438.5
68.0
438.5
68.0
714.5
1473.5
541.0
5435.5
1021.5
8895.0
1102.0
2712.0
1588.5
12798.0
722.0
1501.5
1092.5
68.0
68.0
2813.5
68.0
3120.0
68.0
1314.5
8642.0
68.0
6245.5
3210.5
1507.0
348.5
163.0
3698.0
1020.0
828.5
68.0
2684.0
68.0
163.0
68.0
68.0
68.0
629.0
1019.0
1908.0
2267.5
1577.5
1202.5
1078.0
68.0
9125.0
2723.5
458.0
637.0
68.0
1687.0
2450.5
6299.0
1016.5
77.5
4918.0
736.0
68.0
68.0
1560.5
2038.0
68.0
2074.5
3037.5
68.0
68.0
1106.5
144.5
2826.0
6304.5
7347.0
3597.0
68.0
612.5
717.0
68.0
719.0
2670.5
1207.5
68.0
3678.0
68.0
348.5
629.0
68.0
2547.0
1033.5
1039.5
2643.5
3408.5
4197.0
9388.0
3904.5
629.5
68.0
458.0
1781.5
619.0
3973.5
68.0

68.0
5494.0
68.0
4087.0
5955.0
612.5
3681.0
719.0
943.5
1953.5
68.0
68.0
1005.0
68.0
5784.0
926.5
1929.0
1037.0
68.0
543.5
1871.5
68.0
68.0
68.0
5785.5
68.0
663.0
729.0
2327.0
68.0
1132.5
5899.5
68.0
537.5
68.0
1518.5
2101.0
629.0

2737.5
68.0
947.5
0
3011.0
815.5
68.0
68.0
4141.0
534.5
3285.5
7860.5
647.0
612.5
443.5
926.5
1954.5
438.5
1897.0
15530.5
943.5
163.0
77.5
1887.5
2089.0
2074.5
2343.5
68.0
68.0
68.0
1520.5
68.0
68.0
2709.5
68.0
2983.0
524.0
163.0
1706.5
612.5
68.0
1019.0
2227.5
68.0
1053.5
68.0
68.0
1107.0
1998.5
1343.5
68.0
68.0
1501.5
68.0
5007.5
153.5
3463.5
68.0
4440.0
997.5
68.0
0
1892.5
68.0
68.0
9164.0
163.0
649.5
13179.0
8013.0
68.0
944.5
68.0
1426.0
332.0
3983.5
7595.5
348.5
68.0
1180.0
1858.5
1969.0
1988.5
68.0
68.0
348.5
68.0
2321.5
702.5
1404.0
458.0
68.0
533.5
1278.0
4358.0
1033.5
629.0
68.0
458.0
68.0
629.0
68.0
4142.0
960.5
5457.0
68.0
1038.5
629.0
4587.0
2691.5
68.0
1522.5
1034.0
2219.5
68.0
68.0
2255.0
68.0
68.0
348.5
68.0
999.5
8133.0
68.0
68.0
646.0
1599.5
68.0
936.0
1258.5
4464.0
1503.0
348.5
3718.0
1985.0
554.5
453.5
12213.5
4027.0
68.0
1000.0
5437.0
543.5
68.0
4457.5
3767.5
2352.5
4437.0
3970.5
933.5
2750.0
68.0
1694.5
1419.0
5984.0
68.0
1778.0
4929.0
458.0
68.0
1615.0
1471.0
68.0
719.0
68.0
4651.5
458.0
717.0
7116.5
629.0
3946.0
9701.0
3123.0
524.0
2857.5
68.0
0
2650.0
1002.5
809.0
2268.5
554.5
68.0
2770.5
68.0
1409.5
1581.5
78.0
2376.0
1426.0
68.0
6023.0
537.5
4449.5
3473.5
2116.5
521.0
0
68.0
68.0
2382.0
2342.0
943.5
163.0
68.0
3216.0
68.0
68.0
68.0
2663.0
77.5
4541.0
623.0
4140.0
1419.0
2746.0
3159.5
612.5
4448.5
3965.5
2316.5
348.5
1803.5
68.0
736.0
458.0
4115.0
68.0
1410.0
68.0
2067.0
926.5
1016.5
68.0
2162.5
68.0
1412.5
1053.0
68.0
68.0
68.0
2824.0
7930.5
348.5
68.0
2264.5
458.0
68.0
9358.0
1375.5
68.0
4185.0
5933.5
1674.0
1949.0
1109.0
1241.5
0
979.0
1830.5
9476.0
629.0
434.0
629.0
841.0
541.0
2282.0
2539.5
3685.5
533.5
365.5
1390.0
1779.5
2017.5
2636.5
1518.5
1967.5
646.0
68.0
2358.5
5400.5
5823.5
3969.0
1999.0
3198.5
0
68.0
551.5
0
68.0
524.0
2830.5
68.0
2341.5
68.0
68.0
944.5
2848.5
927.5
4956.0
5907.0
1698.0
2118.0
0
4460.0
1132.5
1259.5
77.5
68.0
1948.0
1895.0
68.0
68.0
1496.5
5369.0
68.0
68.0
5238.5
7775.5
77.5
68.0
1573.0
5092.0
68.0
438.5
1412.0
68.0
1862.5
2709.5
2501.5
68.0
68.0
1539.0
68.0
4043.0
943.5
0
458.0
612.5
1582.0
68.0
1016.5
458.0
2023.0
5827.5
1997.0
68.0
3716.0
3623.0
68.0
3775.0
0
2227.0
3892.0
68.0
1796.5
68.0
5042.5
3701.0
2748.5
68.0
438.5
68.0
6302.0
1484.5
6924.0
0
627.5
68.0
1817.0
1389.5
1036.0
4615.0
3104.0
68.0
68.0
7568.0
646.0
68.0
4642.0
1519.0
68.0
348.5
68.0
5349.5
705.5
68.0
163.0
458.0
3916.0
68.0
4496.0
3145.0
68.0
2707.5
11695.5
68.0
612.5
68.0
1036.0
68.0
2537.5
2466.5
2259.0
68.0
988.0
2858.5
12707.5
9994.0
3499.0
68.0
755.5
728.0
5576.5
1333.5
646.0
348.5
2468.0
68.0
163.0
1967.5
629.0
1112.0
1036.0
909.5
1983.0
173.0
2339.0
1822.0
2422.0
1033.5
68.0
927.5
68.0
4142.5
3174.5
0
68.0
4278.5
3195.5
68.0
68.0
4328.5
1426.0
6008.5
738.5
3700.0
68.0
1327.0
68.0
68.0
1090.0
4969.5
2271.5
12084.0
0
758.0
4556.5
6374.0
1608.5
534.5
910.0
521.0
1109.0
3214.0
2695.5
68.0
5819.5
999.5
3297.0
2008.0
4290.5
1016.5
68.0
553.0
646.0
785.5
2275.0
2789.5
3551.5
6347.5
4970.0
68.0
533.5
6570.0
68.0
68.0
4791.5
4344.5
1792.5
67.5
453.5
1146.5
163.0
1970.0
68.0
5013.0
10416.5
68.0
68.0
1519.0
7604.0
68.0
7174.5
67.5
4576.0
163.0
1430.5
620.5
68.0
3214.5
1953.5
163.0
153.5
1392.0
68.0
1641.0
68.0
68.0
4962.0
8166.5
633.5
3075.0
68.0
68.0
68.0
68.0
68.0
68.0
5422.5
887.5
68.0
1406.0
738.5
7525.0
1597.0
553.0
2348.0
4641.0
2564.0
68.0
1361.5
0
66.5
899.5
68.0
534.5
68.0
1423.5
3640.5
2130.5
1578.5
646.0
4234.0
1107.0
5363.5
68.0
8036.0
68.0
0
1972.0
12086.5
0
663.5
1112.5
1090.0
1785.5
1522.5
68.0
2908.5
612.5
2808.0
906.5
163.0
68.0
5339.0
68.0
3259.5
2493.5
1031.5
2712.5
646.0
163.0
3309.5
3761.5
629.0
4452.5
348.5
5558.5
4009.0
4459.5
68.0
68.0
2284.5
1032.0
2284.5
68.0
66.5
2818.5
1019.5
4083.5
4235.5
1819.5
68.0
1863.5
3621.0
2348.5
3562.5
438.5
646.0
646.0
1190.5
7119.5
8098.0
1036.0
2252.5
68.0
1031.5
1869.5
2549.0
68.0
68.0
68.0
1586.5
68.0
68.0
6457.0
8642.0
68.0
68.0
68.0
2278.5
68.0
68.0
2149.5
3210.0
9660.5
77.0
68.0
1390.0
1111.5
931.0
6034.5
68.0
3233.0
153.5
2317.0
4728.5
2626.5
3618.0
1411.0
4067.5
4623.5
7730.0
458.0
1509.0
2875.5
1131.0
999.5
629.0
68.0
2455.5
0
1167.0
1803.0
68.0
1241.5
3679.0
926.5
68.0
1970.5
4933.5
2361.5
5634.5
0
3065.5
68.0
6623.0
2455.0
736.0
2744.5
731.5
546.0
1784.5
943.5
365.5
4501.0
68.0
4814.0
4165.5
68.0
1776.5
817.0
5390.5
1501.0
3671.5
1238.0
68.0
68.0
1016.5
68.0
1789.5
533.5
2824.5
4075.0
1499.0
68.0
68.0
10632.0
68.0
3266.0
2094.5
456.5
839.0
68.0
3731.0
68.0
1858.5
646.0
68.0
1102.0
1016.5
1332.5
1988.0
2191.5
5902.5
68.0
719.0
68.0
740.5
68.0
3275.5
2899.5
629.0
68.0
0
3371.5
458.0
2671.0
8346.0
612.5
3254.0
6679.0
5802.0
1602.0
68.0
68.0
8528.0

2829.0
646.0
450.0
438.5
460.0
5924.5
957.0
467.0
3774.5
2484.5
2721.0
1799.0
9833.5
57.5

365.5
68.0
930.0
1840.0
646.0
2248.0
629.0
68.0
4876.5
4084.5
1521.5
736.0
944.5
942.0
3658.5
3604.5
1389.5
68.0
68.0
68.0
1873.0
1005.0
2676.5
623.0
4059.0
1929.5
1016.5
68.0
163.0
2679.0
3647.5
68.0
999.5
4566.5
3641.0
1875.0
1708.0
533.5
943.5
1445.5
3128.5
2962.0
68.0
68.0
1426.5
68.0
4089.5
1019.0
1876.5
4953.5
0
3348.0
1128.5
2391.5
999.5
1687.0
2060.5
3144.0
68.0
68.0
68.0
926.5
2380.0
629.5
2683.5
8515.0
68.0
4629.5
1785.5
541.0
4267.0
68.0
68.0
1053.5
719.0
1055.5
68.0
1413.5
5960.0
551.5
1223.0
3208.0
1877.0
68.0
68.0
1389.5
2419.0
68.0
68.0
1836.5
163.0
68.0
68.0
1892.5
6589.5
173.0
1601.5
68.0
14669.0
68.0
68.0
629.0
458.0
2737.0
3158.0
458.0
2029.5
2411.0
68.0
1036.0
640.0

5956.5
68.0
1190.5
2104.5
68.0
68.0
927.5
1785.5
68.0
1131.0
68.0
68.0
1689.5
68.0
68.0
4907.5
68.0
68.0
3102.5
3157.5
443.5
438.5
3192.0
3135.0
68.0
8749.5
5512.5
57.5
1499.0
985.0
6687.0
1704.5
163.0
3736.0
633.5
68.0
2046.5
68.0
0
1824.5
68.0
926.5
68.0
1893.0
150.0
2678.5
8579.0
551.5
4024.0
524.0
68.0
68.0
68.0
68.0
2004.0
0
1241.0
68.0
3877.5
1389.5
68.0
2077.0
68.0
68.0
6356.5
2662.0
4808.5
68.0
1036.0
68.0
1394.0
4913.0
7128.5
8384.0
1912.0
835.0
68.0
738.5
9383.5
1364.0
1770.5
3190.5
537.5
68.0
9801.5
68.0
10775.5
1595.5
1987.5
68.0
68.0
1970.0
1107.5
3556.0
2753.5
2120.5
3619.0
68.0
1521.5
68.0
68.0
4490.5
0
348.5
2476.5
521.0
740.5
1053.0
455.0
153.5
3762.5
646.0
3567.5
68.0
709.0
68.0
5017.0
5006.5
1114.0
458.0
68.0
2827.0
1768.0
738.5

68.0
1143.5
68.0
68.0
68.0
3670.0
612.5
68.0
1019.0
2933.5
4095.5
2903.0
1404.0
1819.0
68.0
68.0
68.0
1218.5
6174.0
537.5
4499.0
68.0
2906.0
6326.0
68.0
4287.0
4809.0
3258.0
7463.0
1783.5
20210.5
68.0
438.5
68.0
2939.5
3515.5
833.5
68.0
68.0
4758.0
1521.0
5085.5
1711.5
1505.5
68.0
2297.0
68.0
7204.5
68.0
458.0
68.0
4450.5
6812.0
68.0
2285.5
719.0
1033.5
458.0
1412.5
1414.0
1092.5
4539.0
6250.5
3998.5
3555.0
4711.5
163.0
926.5
57.5
4492.5
67.5
1033.5
4594.0
7359.0
348.5
1033.5
1224.0
724.0
4022.0
348.5
4055.5
4893.0
2762.0
553.0
6794.5
68.0
8.0
68.0
0
3297.5
14307.5
68.0
68.0
68.0
68.0
1514.0
629.0
1221.0
2360.5
1408.0
1128.5
3367.0
68.0
2440.5
1794.0
6271.5
68.0
68.0
3633.0
1488.0
0
68.0
2265.0
1777.0
2720.5
68.0
1895.0
3181.0
1772.5
641.5
4463.0
1410.0
68.0
4660.0
4984.0
4034.5
10330.5
3299.0
4571.5
68.0
11545.0
4607.0
1426.0
4526.0
10209.0
2653.0
6626.0
943.5
68.0
1516.0
7240.0
68.0
68.0

5411.0
438.5
5571.0
8995.5
3704.0
2106.5
1980.0
68.0
1019.0
2185.5
68.0
4546.5
68.0
1768.5
943.5
2346.5
365.5
1687.5
646.0
2299.0
2745.5
68.0
1809.5
458.0
1427.5
68.0
2530.5
68.0
2558.5
57.5
1132.5
7913.5
1706.5
623.0
68.0
68.0
68.0
332.0
5100.0
3125.0
68.0
1789.5
68.0
82.0
1126.0
163.0
1036.0
2248.0
2345.5
163.0
514.5
68.0
68.0
13018.5
8832.5
68.0
3213.5
614.0
4518.0
2659.0
1053.5
4891.0
2023.5
2364.5
6390.0
1894.5
68.0
7051.5
7686.5
5134.0
3164.5
68.0

1539.0
65.0
1501.5
2370.5
5894.5
926.5
1387.5
1039.0
163.0
1404.0
1594.0
8.0
66.5
7649.0
2004.0
163.0
9264.5
2280.0
2001.5
6457.5
68.0
6828.0
4837.0
4964.5
6799.0
68.0
5638.5
4457.5
68.0
68.0
50.0
1053.0
5242.0
629.0
1978.0
2563.5
2524.5
629.0
438.5
2077.0
453.5

2467.5
4080.5
68.0
68.0
927.0
18375.5
2321.5
54.0
68.0
68.0
2380.0
68.0
4451.0
738.5
12410.5
3208.0
14719.0
926.5
68.0
68.0
1396.5
2387.5
926.5
1218.5
57.5
4030.5
8450.0
1836.5
5904.0
3130.5
629.0
68.0
68.0
68.0
68.0
68.0
348.5
68.0
7175.5
10247.5
1518.5
926.5
1033.5
68.0
5491.5
68.0
1208.0
68.0
68.0
2074.0
6297.5
5092.5
1816.0
1505.5
4837.0
68.0
68.0

2651.5
10755.0
2038.0
2794.0
906.0
9687.0
1670.0
68.0
8547.0
2917.0
54.0
3611.0
3585.0
529.0
68.0
2251.0
438.5
12162.5
68.0
68.0
1368.0
7317.0
4007.0
1106.5
9450.0
1019.0
1903.0
3739.0
3180.5
713.0
68.0
5336.5
4519.5
471.0
488.0
646.0
68.0
4280.0
68.0
646.0
1021.5
4213.5
1109.0
2057.5
6345.5
2658.0
4565.0
1987.0
1096.0
629.0
68.0
68.0
4486.5
68.0
2454.0
68.0
1019.0
5485.0
2374.0
68.0
1423.5
612.5
537.5
68.0
7153.5
68.0
1597.5
2272.0
13431.5
3530.5
2163.0
11619.0
4552.5
8068.5
2078.0
2735.0
68.0
2648.5
68.0
3229.5
4939.0
68.0
1036.0
68.0
68.0
927.0
68.0
8046.0
68.0
4446.0
1112.0
6987.5
646.0
3202.5
4934.5
68.0
257.0
68.0
68.0
68.0
1224.5
68.0
68.0
4014.5
68.0
920.5
1411.5
4476.5
13079.5
68.0
68.0
622.5
470.5
467.0
2735.5
6901.0
0
163.0
4086.5
1597.5
1496.0
2562.5
1687.0
7573.5
68.0
1797.5
68.0
68.0
5866.5
3736.0
0
68.0
68.0
6366.0
163.0
5555.5
68.0
11578.5
1597.0
68.0
4540.5
944.0
1430.5
438.5
1004.0
68.0
2362.0
4366.5
2520.5
0
9041.5
4106.5
68.0
5915.0
1397.0
1126.0
68.0
1893.0
8608.5
3657.5
943.5
2847.0
68.0
8057.0
0
3119.0
7595.5
68.0
1387.0
926.5
501.5
438.5
629.0
1595.0
453.5
9944.0
68.0
8536.5
3577.0
68.0
68.0
68.0
3589.0
1600.0
4993.5
10153.5
3593.5
348.5
4169.0
1966.0
4335.5
68.0
68.0
1053.0
68.0
173.0
534.5
68.0
7184.5
1556.0
9828.0
1019.5
5632.5
1522.0
1430.0
454.0
926.5
2655.5
612.5
0
6976.5
2282.5
1019.0
3980.5
68.0
77.5
68.0
7136.0
2687.0
8010.0
1945.0
1494.5
612.5
68.0
4466.0
68.0
68.0
68.0
7088.0
7115.5
1589.0
2300.5
4148.5
2826.5
0
1016.5
68.0
6309.5
68.0
68.0
1896.0
1556.0
68.0
629.0
68.0
5437.0
4369.5
5882.5
68.0
943.5
629.0
1521.5
9351.0
7639.0
68.0
3175.5
1109.0
5299.5
1914.0
11209.5
1576.5
4615.0
5898.5
623.0
68.0
1145.5
596.0
68.0
68.0
12756.5
1116.5
4875.5
1022.5
10453.0
3602.0
5021.0
1500.0
5055.0
3515.5
9436.5
7595.0
68.0
646.5
646.0
533.5
0
15958.5
68.0
2759.5
458.0
1625.5
1406.5
2263.5
2307.5
0
173.0
68.0
12126.5
3255.0
2268.0
68.0
68.0
68.0
68.0
2336.5
68.0
68.0
438.5
68.0
68.0
458.0
8121.0
68.0
7575.5
2858.5
2472.5
1876.5
1978.0
1899.5
68.0
3539.0
1505.0
4837.0
3381.5
1494.5
365.5
9541.5
629.0
4746.5
1923.0
4087.5
646.0
1585.5
6436.0
68.0
68.0
438.5
68.0
1106.5
257.0
5467.5
163.0
68.0
257.0
3612.5
1818.0
3331.0
4619.0
451.5
6033.5
7693.5
68.0
10413.0
68.0
4465.5
68.0
4236.5
4260.0
1109.0
68.0
4479.5
68.0
68.0
458.0
0
1472.5
5775.0
68.0
6260.0
4121.0
514.5
68.0
68.0
0
0
2372.5
68.0
0
0
2343.0
646.0
736.0
5150.5
9892.5
2724.5
626.5
1258.5
734.5
68.0
77.5
4423.5
2370.5
68.0
2806.5
68.0
2655.5
1591.5
5133.0
2728.0
1926.5
3390.0
1786.5
9086.0
68.0
68.0
2117.0
68.0
3632.0
163.0
1911.5
1499.5
2381.0
3136.5
3214.0
67.5
68.0
3191.0
4522.0
2680.5
68.0
2771.5
2784.0
1965.0
12618.0
3621.5
68.0
3171.0
2380.0
1126.0
163.0
3177.5
738.5
1909.0
1853.0
68.0
68.0
6828.5
332.0
612.5
4028.0
537.5
4260.0
3126.0
850.5
629.0
68.0
4036.0
68.0
1558.0
3896.5
68.0
68.0
3512.5
9890.5
0
1898.0
6115.0
4150.5
68.0
2173.5
3186.5
4013.5
2280.0
163.0
5377.5
2719.0
7655.0
1036.0
3660.0
10921.5
68.0
68.0
68.0
1226.0
2173.5
2734.0
6523.5
438.5
11572.0
14534.0
68.0
1487.5
1486.5
68.0
1051.0
1690.0
68.0
2245.5
2355.0
6410.5
2956.5
524.0
447.5
68.0
68.0
13765.5
1033.5
68.0
9317.5
13022.0
1016.5
5920.5
68.0
68.0
1596.0
0
458.0
5002.5
15053.5
1912.5
68.0
9866.5
8152.5
3307.5
722.0
3947.0
2168.0
5679.0
1426.0
12447.0
2551.0
68.0

458.0
533.5
1019.0
68.0
4059.5
0
4018.0
8147.0
68.0
438.5
2758.5
2467.0
68.0
2862.5
543.5
68.0
68.0
68.0
0
68.0
1190.0
1614.0
68.0
1426.0
1996.0
68.0
1016.5
1126.0
9817.0
553.0
11673.5
3090.0
68.0
1823.0
1242.0
6344.0
4786.0
68.0
12829.5
68.0
2312.0
8140.5
68.0
1987.5
2267.5
4915.5
68.0
13409.0
1053.0
2263.5
1833.0
2667.5
4032.0
68.0
20731.5
543.5
68.0
12586.5
68.0
68.0
68.0
629.0
2160.0
6168.0
68.0
1853.0
348.5
2234.5
1989.5
3025.5
3472.0
68.0
0
10438.0
2764.5
5120.5
2770.0
6885.5
68.0
68.0
4212.0
1241.0
0
163.0
68.0
3198.5
68.0
0
6317.5
68.0
4557.5
163.0
4581.0
2746.0
1349.5
4608.0
4750.5
2968.0
1426.0
163.0
68.0
0
1053.0
3155.5
365.5
515.0
4105.5
2837.5
1409.0
2507.5
3750.5
1803.0
1016.5
3833.5
68.0
68.0
4745.5
4771.0
2280.0
3345.5
1033.5
997.5
3536.0
7599.5
4484.0
2338.0
3124.0
8665.5
943.5
9784.0
1514.0
68.0
1910.5
65.0
68.0
68.0
3792.5
12940.5
2507.0
1968.0
68.0
5409.5
7734.5
1112.0
68.0
646.0
7464.0
4907.0
68.0
50.0
6819.5
4291.0
5750.0
2117.0
8694.0
4983.0
2992.0
1909.0
68.0
68.0
9106.0
68.0
1019.0
3539.5
10987.5
1348.5
68.0
438.5
7554.0
4288.5
7850.0
1878.0
2003.5
2843.5
8141.5
4133.5
18674.0
3625.5
1578.0
1241.5
5980.0
12922.0
68.0
68.0
68.0
11365.0
1780.0
3130.0
2219.5
7679.0
646.0
4545.0
1768.0
4165.5
9885.0
1803.0
3101.5
15739.5
4442.5
68.0
68.0
961.0
732.5
68.0
2456.0
5047.5
68.0
7192.5
4594.5
997.5
4574.0
68.0
7495.0
0
629.0
612.5
9894.5
1882.0
68.0
15696.5
18207.0
612.5
5973.0
3146.0
1128.5
4360.5
7728.5
2658.5
2751.0
68.0
3319.0
5888.0
85.0
1094.5
1507.0
4470.0
68.0
4903.0
438.5
524.0
4953.0
3109.5
68.0
68.0
5768.0
1581.0
596.0
68.0
68.0
1841.5
10360.5
68.0
12206.5
629.0
68.0
1109.0
1987.0
68.0
629.0
1019.0
6277.5
68.0
1821.0
4463.0
68.0
1369.0
68.0
1470.5
1124.5
1892.0
6050.5
2104.0
0
0
68.0
1012.0
68.0
4999.0
68.0
3576.5
1424.0
50.0
4555.0
4053.0
68.0
68.0
5926.5
2827.0
0
5918.5
1053.0
2436.0
494.5
68.0
68.0
68.0
1426.0
3967.0
68.0
1487.5
153.5
3601.5
629.0
458.0
1600.5
4453.5
5906.0
1571.0
1785.0
1522.0
524.0
3582.0
2040.5
334.0
68.0
7013.0
3328.5
11505.5
68.0
927.5
68.0
3211.5
10165.5
348.5
3739.0
5133.5
1016.5
68.0
5034.0
3110.5
647.0
8755.5
3206.0
68.0
1611.5
3240.0
68.0
1602.0
2577.5
1811.5
3612.0
1345.0
7007.0
5069.0
2349.5
11649.0
11762.5
68.0
16239.0
2518.0
3550.0
3835.5
3216.0
2753.0
4239.0
2778.0
8508.0
4543.5
68.0
3399.0
719.0
5061.0
7150.5
5326.0
11647.0
68.0
68.0
629.5
904.0
0
1116.0
68.0
2798.5
2889.0
348.5
10292.0
1333.5
1876.0
7112.5
40.5
68.0
68.0
4430.5
2450.0
1820.5
629.0
68.0
612.5
1802.0
8454.5
2723.0
5926.0
2801.0
629.0
68.0
2036.0
5348.0
68.0
68.0
68.0
4538.0
68.0
4199.0
6802.0
5886.5
68.0
4617.0
45.5
68.0
14836.5
4013.5
612.5
9415.5
1016.5
5695.5
6576.0
1109.0
5371.0
7422.0
68.0
4033.0
15974.5
3217.0
8954.0
1048.5
15792.5
13374.0
1816.5
2018.0
6824.5
13859.0
2336.0
1051.0
1877.5
4985.5
629.0
22094.0
68.0
6774.0
6787.0
6946.0
163.0
5321.0
68.0
4468.5
68.0
1021.5
10651.5
68.0
1765.5
45.5
2384.5
68.0
722.0
19354.5
3582.0
68.0
2025.5
1504.5
68.0
68.0
3709.0
4853.5
2967.5
68.0
551.5
68.0
6009.5
68.0
999.5
2854.5
3996.0
68.0
13890.5
4533.5
1105.5
458.0
629.0
1626.5
524.0
4124.0
5371.0
68.0
13416.5
9902.0
537.5
3576.5
7559.0
4933.5
2991.5
0
68.0
1417.0
163.0
1016.5
68.0
18756.5
68.0
1691.0
6540.0
1053.5
68.0
533.5
6995.5
1034.0
9000.5
68.0
6453.0
1768.5
1109.0
1781.0
50.0
5435.5
3129.0
4919.0
68.0
68.0
1038.5
6268.5
1889.0
2695.0
3772.0
2824.5
4970.0
3640.0
68.0
2832.0
3281.0
629.0
68.0
6724.5
3574.5
68.0
1522.0
1115.5
68.0
1504.5
68.0
16125.0
68.0
925.0
5468.0
1499.0
10324.5
3161.0
986.0
1875.0
8477.5
0
68.0
68.0
68.0
3131.0
163.0
68.0
66.5
5087.0
4442.5
68.0
3493.5
1867.5
3046.0
10852.0
1959.5
519.0
2677.0
2283.0
4239.0
926.5
2738.5
68.0
629.0
17879.5
68.0
68.0
3209.0
2790.0
1000.0
6779.5
533.5
8130.0
15064.0
8310.5
3717.0
828.5
1586.0
8145.5
9461.5
68.0
2247.0
10377.5
1218.5
68.0
6525.0
68.0
2343.5
3502.0
29.0
8076.5
5096.5
12024.0
438.5
1991.5
3923.5
3233.5
5846.5
646.0
5902.5
4063.0
1802.0
9124.0
8879.5
4103.0
5479.5
3208.5
163.0
2788.0
2296.0
0
4476.5
68.0
12991.5
3155.0
68.0
7848.0
1016.5
939.0
4483.5
68.0
438.5
5074.0
10467.5
11045.5
999.5
68.0
68.0
2674.5
2993.0
68.0
646.0
6342.5
1036.0
1463.0
1878.0
663.0
3253.0
999.5
6902.5
9784.0
68.0
2214.5
646.0
68.0
960.5
5898.5
458.0
2373.0
18335.5
7874.0
4388.5
68.0
68.0
3747.0
4653.5
1019.5
3233.0
68.0
0
7666.5
0
68.0
3750.0
12134.0
2064.0
629.0
8491.0
68.0
2374.5
365.5
12053.5
1876.0
1539.0
3233.5
6710.0
4031.0
0
3463.5
5161.0
3106.5
10453.5
68.0
1033.5
16059.0
68.0
68.0
2812.0
4437.0
1861.5
4007.0
2038.5
50.0
646.0
2779.5
1809.0
4642.5
4467.5
1804.5
10663.5
5038.0
1614.0
2714.5
1896.5
68.0
163.0
68.0
5524.5
68.0
458.0
11246.5
8588.0
438.5
14880.5
2005.0
3729.5
629.5
832.5
68.0
4495.5
4010.5
68.0
3505.5
5821.0
2826.5
8470.5
2704.5
6766.5
68.0
11307.0
68.0
2582.5
1503.5
3719.5
16524.5
4470.5
68.0
68.0
54.0
4757.0
1406.5
3562.5
68.0
2282.0
1036.0
458.0
3895.0
68.0
2546.0
68.0
2841.0
68.0
434.0
3770.5
68.0
68.0
1965.0
5228.5
21368.0
4955.0
458.0
1413.0
68.0
3137.5
4067.0
7146.0
1589.0
153.5
21012.5
3874.5
2345.5
3605.5
68.0
68.0
14958.5
959.5
2692.0
4437.0
5471.0
629.0
1128.5
736.0
8139.5
68.0
3936.0
3700.5
68.0
68.0
8014.0
10344.0
19202.0
6650.0
4066.5
941.5
4453.5
1872.5
6771.0
999.5
1431.5
22139.0
0
944.0
5470.0
4093.0
68.0
2249.5
1433.5
68.0
3870.0
646.0
3507.5
1970.5
458.0
3230.5
5060.5
1004.0
7603.0
9950.5
68.0
1423.5
1503.0
5024.0
438.5
68.0
68.0
534.5
68.0
1409.0
68.0
68.0
4448.5
68.0
2711.5
8.0
612.5
68.0
3868.5
68.0
6275.0
68.0
961.0
3578.5
8459.5
68.0
68.0
68.0
458.0
1577.5
68.0
2265.0
8719.5
3253.5
1015.5
68.0
2936.5
9656.5
4893.5
1496.5
4099.5
1019.5
629.0
1856.5
2829.0
68.0
470.5
596.0
68.0
3689.5
438.5
68.0
12500.0
1894.5
68.0
68.0
3548.5
2669.0
2087.5
2806.0
7531.5
452.0
4239.5
2082.5
4103.5
1002.5
2057.0
1036.0
4006.0
68.0
1577.5
9036.0
68.0
68.0
926.5
3110.5
2805.5
4473.0
812.0
365.5
68.0
68.0
629.0
1890.0
68.0
68.0
4026.5
0
3584.5
1759.5
1224.0
1411.5
1478.0
68.0
3685.0
1019.0
2953.0
2077.0
2812.0
68.0
12467.0
8578.5
4053.5
4152.5
4218.0
68.0
68.0
348.5
1799.5
3571.5
2711.0
2272.5
68.0
68.0
4113.5
2243.0
7086.0
5503.0
1878.0
1867.5
3937.5
68.0
1786.0
4965.5
1877.5
4559.5
5916.0
6296.5
3134.0
3578.0
163.0
50.0
5876.5
1965.0
1202.0
534.5

2733.0
1967.5
68.0
2355.0
68.0
3133.0
68.0
7214.0
3884.5
21017.0
8292.0
2077.0
4154.5
2300.0
4007.5
2633.5
1777.0
11834.0
1394.0
1798.5
1691.0
537.5
627.5
4285.0
4577.5
3209.0
68.0
4533.5
1019.0
4076.0
68.0
68.0
8085.5
1624.5
2355.5
68.0
7683.0
68.0
4046.0
2750.5
1406.5
2265.5
348.5
3711.5
1020.0
4289.5
68.0
4779.5
5868.5
14698.5
7132.5
1019.0
9004.0
3075.0
4456.5
1128.5
4037.5
2781.5
1648.5
0
647.0
738.5
68.0
9825.5
68.0
3189.5
999.5
543.5
2156.5
3315.5
3751.0
68.0
438.5
68.0
12748.0
68.0
4055.0
68.0
6568.5
3233.0
68.0
1929.5
12962.5
512.0
1019.0
1899.0
1580.0
68.0
2245.5
5766.5
1406.5
3692.5
1914.0
2209.5
257.0
1036.0
20299.0
3702.5
3611.5
1021.5
7211.5
68.0
1914.5
1019.0
1499.0
2282.0
68.0
8736.0
9434.5
150.0
10824.0
4070.5
1522.0
3930.5
68.0
7564.5
1126.0
2837.5
2297.0
537.5
10427.0
68.0
3288.0
1019.0
999.5
68.0
2781.0
0
2816.5
5431.5
1710.5
3609.5
1911.5
5904.0
1387.0
68.0
5970.0
68.0
68.0
3216.5
1016.5
3499.5
4389.0
5609.5
7673.5
1970.0
8454.5
68.0
4902.5
68.0
5339.0
1894.5
10354.5
9914.0
2895.0
68.0
4970.0
2282.0
507.5
6715.5
1813.5
67.5
68.0
3141.0
2190.5
2563.0
1034.0
16198.0
68.0
832.5
2038.0
926.5
3561.5
6770.0
68.0
999.5
3328.5
68.0
4552.5
1359.5
1051.0
2096.5
2246.5
1594.0
4683.5
9733.0
68.0
5401.5
3604.0
926.5
2758.5
68.0
4549.5
1779.5
4145.0
7610.0
9800.0
3231.0
1516.0
2460.0
2742.0
68.0
1031.5
13007.5
1364.5
1706.5
458.0
1906.5
3540.5
68.0
68.0
3163.5
4982.5
163.0
3578.0
4568.0
1482.5
68.0
4036.5
68.0
3342.5
5500.5
1100.0
7439.5
3613.5
554.5
68.0
5737.0
2251.5
1706.5
3231.5
68.0
3116.0
3143.0
3042.5
8002.5
68.0
1014.5
68.0
943.5
6796.5
8563.5
1016.5
1022.5
1646.0
4957.5
4020.0
68.0
1082.0
16117.5
68.0
0
365.5
2247.0
910.0
14899.0
5681.5
68.0
4566.5
3987.5
555.5
7809.0
19239.0
8553.0
438.5
9384.0
68.0
68.0
68.0
524.0
68.0
5835.5
4467.5
6199.5
7908.5
828.5
9644.5
438.5
7700.5
6725.0
10959.0
68.0
1207.0
68.0
4152.5
68.0
14887.0
68.0
533.5
5105.0
6793.5
3536.0
1016.5
2604.5
2171.0
5894.5
3493.5
68.0
2057.5
77.5
3559.5
68.0
4557.0
4443.0
3685.5
3191.0
0
68.0
68.0
13101.0
4435.0
613.5
68.0
1019.5
2376.0
3570.5
68.0
4989.0
7097.0
6201.0
68.0
6009.0
2827.0
3141.0
4014.5
1516.0
4167.5
68.0
1831.5
68.0
944.0
68.0
4581.0
3449.5
4980.0
2550.5
646.0
1779.5
68.0
1820.0
2224.5
163.0
646.0
348.5
348.5
68.0
365.5
9103.0
5988.5
663.0
1604.0
943.5
68.0
68.0
7236.0
3050.0
2433.5
1021.5
3628.0
5554.0
1333.5
10784.0
20415.5
68.0
2984.5
458.0
6680.0
4088.0
8478.0
14780.5
7611.0
68.0
8038.5
2716.5
3203.5
68.0
629.0
1597.0
0
458.0
11469.5
5170.5
1951.0
3159.5
4033.5
2755.0
4091.5
8091.0
663.0
1555.0
68.0
2854.5
646.0
4573.5
1019.5
4915.0
7884.5
68.0
5423.0
8022.0
68.0
458.0
7596.5
1479.5
1109.0
68.0
4103.0
163.0
10273.0
163.0
524.0
3528.0
68.0
68.0
960.5
68.0
2547.0
3032.5
1055.5
477.0
1406.5
18978.5
68.0
68.0
1819.5
68.0
5009.0
4073.0
2021.5
5784.0
0
68.0
537.5
68.0
4899.0
150.0
910.0
68.0
4170.5
68.0
2730.5
1352.0
163.0
68.0
5768.0
4698.5
6791.5
5820.5
68.0
5372.5
738.5
1687.0
3545.0
10363.5
2768.5
9865.0
6125.5
533.5
3784.5
10971.5
3769.0
68.0
5050.5
3345.0
6638.0
3237.5
533.5
68.0
8672.5
68.0
1760.0
6315.0
10062.0
68.0
10702.0
458.0
10251.5
460.5
14926.0
5035.5
2357.5
3655.0
8977.0
5021.0
6902.5
755.5
68.0
2770.5
1518.0
4681.0
4455.0
1109.0
35.0
1796.5
10374.0
68.0
1438.5
1360.5
1904.5
7660.0
10133.5
1796.5
2560.5
2465.5
68.0
9549.0
4026.5
68.0
3230.0
68.0
68.0
3657.0
12092.5
68.0
68.0
3711.0
5469.5
3606.0
14775.0
68.0
68.0
1034.0
2473.5
9844.5
4091.5
1559.0
5501.0
15258.5
68.0
937.0
68.0
5810.0
3486.0
68.0
68.0
5981.5
1423.5
17773.0
5822.5
11132.0
438.5
16983.0
999.5
68.0
2318.5
1487.5
1897.0
1611.5
68.0
10256.0
1487.5
9362.5
2683.5
7038.0
68.0
926.5
10353.5
5912.0
2214.5
1704.0
3134.5
2282.0
2734.5
13359.5
68.0
2368.0
68.0
4538.0
6243.0
4077.0
5334.0
163.0
68.0
3628.5
3608.5
1126.0
68.0
438.5
1796.5
1016.5
11383.5
68.0
2358.0
2377.0
10279.0
16009.5
2469.5
2275.0
1199.0
3807.5
50.0
1791.0
4988.5
0
40.5
7699.5
68.0
3195.0
68.0
68.0
68.0
2729.5
1107.0
1409.0
4120.5
1109.0
68.0
3879.5
12467.0
4128.5
3275.5
8930.0
4479.0
4225.0
438.5
68.0
997.5
68.0
68.0
4095.0
68.0
2373.5
8931.5
68.0
5372.5
8927.0
1796.5
1039.0
4443.5
15332.0
828.5
9440.5
1053.0
3298.0
3117.5
3019.0
68.0
1648.5
1109.0
1112.5
1987.5
2563.0
14290.5
629.0
153.5
4036.0
1594.5
2672.5
5837.0
7533.0
5910.0
6749.5
68.0
2282.0
68.0
68.0
3696.5
68.0
3255.0
27262.0
6270.5
0
4538.0
1016.5
5918.5
458.0
2008.0
1190.0
961.0
1443.5
348.5
5010.5
4014.5
1631.0
920.5
3402.0
2803.0
68.0
2719.5
68.0
1409.0
1036.0
11252.0
6135.5
9548.0
4066.0
438.5
3207.5
3028.5
629.5
68.0
11615.0
3673.0
923.5
2674.5
646.0
1575.5
5110.5
11164.0
8914.0
68.0
68.0
1423.5
3231.5
2872.0
1875.5
8607.5
0
348.5
2360.0
10507.5
68.0
1984.5
5412.5
3717.5
68.0
5514.0
3593.0
1107.0
68.0
6043.5
7037.5
0
6806.0
0
957.0
68.0
8958.5
68.0
2380.5
5455.5
0
1865.5
0
8264.0
1036.0
3869.5
1911.5
3787.0
173.0
13150.5
16537.5
5013.0
1016.5
7268.5
3607.5
68.0
68.0
12930.0
646.0
4096.5
9933.5
68.0
1426.0
68.0
2357.5
1917.5
595.0
68.0
2736.5
68.0
2879.5
68.0
3831.0
68.0
4387.5
533.5
18840.5
1779.5
2725.5
1150.5
68.0
3643.5
6386.0
68.0
438.5
4614.5
6673.5
2714.5
533.5
4554.5
153.5
13409.0
1797.5
1112.5
3997.5
6800.5
9059.5
2838.5
738.5
68.0
12135.5
6532.0
9366.5
4137.0
6315.0
1963.0
68.0
1909.5
8101.5
68.0
1126.0
11372.5
5948.0
612.5
6767.0
1779.5
68.0
68.0
6844.0
4582.5
3216.5
3853.0
12449.0
7146.0
17515.0
2819.5
4147.0
629.0
68.0
1796.5
529.0
68.0
543.5
68.0
5791.0
6751.0
3289.5
1419.0
3233.0
63.0
6392.5
68.0
5092.5
68.0
12985.5
4486.0
8062.5
1053.5
18331.0
2747.5
68.0
68.0
3738.0
9451.5
2901.5
24114.5
4497.5
60.5
6643.0
13479.5
68.0
68.0
1334.0
68.0
438.5
68.0
68.0
68.0
438.5
2856.0
5336.5
17215.0
5518.0
4598.0
68.0
4565.0
926.5
911.5
11310.5
543.5
5014.0
6516.0
68.0
543.5
629.0
1505.5
68.0
6493.0
4568.5
1609.5
3207.0
0
5052.5
1109.0
755.5
5954.0
7398.5
68.0
68.0
1609.5
68.0
3520.5
1201.5
1280.5
68.0
910.0
68.0
68.0
1423.5
3103.5
68.0
7171.0
68.0
1016.5
4064.5
1949.0
3115.5
68.0
1019.0
5040.5
2669.5
3218.0
68.0
11293.0
1782.5
6786.5
1479.5
6524.5
4513.5
2325.5
68.0
11598.0
68.0
2042.0
68.0
7199.0
68.0
6280.5
15996.5
4026.5
646.0
5016.0
4788.0
1967.5
1965.0
629.5
2092.0
68.0
444.0
5995.0
4169.5
348.5
68.0
629.5
3232.0
11683.5
163.0
5499.5
3686.5
4916.5
7025.5
163.0
68.0
2286.0
4616.5
1099.0
68.0
68.0
7124.5
2358.5
3012.0
809.0
2468.0
68.0
2074.5
3564.5
5970.0
3082.0
2483.0
1573.0
4568.0
68.0
1991.5
926.5
700.0
3257.5
1014.5
2734.5
1128.5
1407.5
0
6088.5
1614.5
68.0
12475.5
68.0
68.0
18667.5
926.5
524.0
68.0
68.0
68.0
68.0
11543.5
1033.5
646.0
163.0
2925.0
1785.0
3199.5
3462.5
3067.5
1336.0
3088.0
365.5
1597.0
4045.5
3122.5
10803.5
10678.5
1498.5
3999.0
1597.5
68.0
68.0
3116.0
68.0
0
629.0
68.0
1148.0
646.0
1224.0
1016.5
68.0
6476.5
1116.0
68.0
3159.0
1970.5
3359.5
1019.0
68.0
68.0
2004.0
3676.5
719.0
438.5
6654.5
2248.0
1912.0
1300.0
348.5
6751.0
12827.0
68.0
1299.5
438.5
3488.5
14768.5
163.0
1036.0
68.0
11141.0
68.0
68.0
458.0
5118.5
7138.5
2209.0
1036.0
1814.0
0
1409.0
16497.5
348.5
1020.0
1331.5
2536.0
68.0
68.0
5462.5
719.0
10825.5
2844.0
3166.0
8079.0
1499.0
2675.0
10749.5
4469.5
22678.5
68.0
68.0
68.0
13307.0
458.0
8917.0
68.0
68.0
458.0
2460.5
1867.5
3629.5
755.5
2556.0
63.0
1480.0
1331.0
1179.5
719.0
3949.5
68.0
1757.5
6765.0
68.0
13556.0
1396.0
68.0
4737.5
4260.0
3317.0
6309.0
2581.0
2803.0
2160.0
68.0
68.0
5702.5
3147.5
3312.0
8988.0
1016.5
627.5
1872.0
6237.0
663.0
68.0
1019.5
7191.5
68.0
1022.5
4807.0
4990.0
3625.5
646.0
2921.5
1891.5
6245.0
4100.5
3052.5
2073.0
68.0
5412.0
2562.5
8209.0
1687.0
4964.5
2967.0
68.0
5357.0
612.5
2739.5
68.0
0
3178.0
543.5
1982.0
3732.5
3131.5
2655.0
3121.5
2338.5
612.5
458.0
11685.0
4954.0
68.0
5072.0
3310.5
5040.5
1796.5
2074.5
5331.5
1126.0
0
1332.5
6309.0
3910.0
5548.5
68.0
13138.5
1409.0
12986.5
4565.5
3853.0
68.0
68.0
3712.0
3138.0
2822.0
0
6294.0
68.0
365.5
4144.5
1016.5
356.5
1016.5
7647.0
3628.5
1991.0
68.0
2745.0
19876.0
68.0
4545.5
68.0
4591.0
12411.0
1569.5
999.5
2473.5
12982.5
738.5
7171.0
68.0
348.5
15338.5
68.0
12957.5
5807.0
5608.5
68.0
20090.0
7212.5
5528.0
3548.0
68.0
68.0
12164.0
6872.5
2180.5
1019.0
1520.5
68.0
2569.0
8479.0
68.0
11118.0
1051.0
1194.5
9839.5
2372.5
14320.0
2262.5
68.0
2268.0
9035.5
68.0
3782.5
4747.5
68.0
543.5
68.0
16067.5
4137.0
8977.0
3525.0
1036.0
2443.5
348.5
1019.0
3624.0
4804.5
68.0
978.0
68.0
1496.5
1894.5
0
4090.0
1423.5
4553.0
6363.0
3959.5
68.0
68.0
3255.0
4538.5
2196.5
4959.5
0
4587.0
6340.0
6364.5
1275.5
2237.0
7144.0
10982.0
0
1895.0
68.0
2656.0
551.5
68.0
3153.0
554.5
460.5
4008.0
4105.5
2731.0
68.0
68.0
1589.0
5348.0
7610.0
68.0
348.5
68.0
2824.0
68.0
35.0
1119.0
11696.0
4146.0
1389.5
1016.5
68.0
68.0
1516.0
1977.0
4879.0
1595.0
1051.0
8578.5
4012.0
5486.5
68.0
2177.0
13740.0
68.0
629.0
719.0
3113.5
7348.0
8521.0
2326.5
3554.5
1901.0
5857.5
629.0
927.0
9063.5
68.0
521.0
68.0
7213.0
909.5
7595.5
1351.0
927.0
68.0
1225.0
3236.5
68.0
68.0
4000.5
68.0
7232.5
68.0
68.0
5916.0
68.0
1980.0
1019.5
1595.5
68.0
68.0
10590.0
1128.5
3699.5
25837.0
5629.5
1563.5
2707.0
68.0
1053.0
68.0
910.0
2057.5
629.0
6767.0
1488.0
68.0
68.0
68.0
1032.0
7570.0
4138.0
8977.5
8018.5
68.0
6321.0
4162.5
68.0
8766.0
4090.5
927.0
4141.5
5775.5
1967.5
612.5
365.5
629.0
68.0
928.0
2382.0
8091.5
612.5
68.0
11946.5
4272.5
4807.5
1126.0
4927.5
460.5
68.0
68.0
3590.0
10932.0
68.0
19662.5
25435.5
15673.5
1404.0
9383.0
1132.5
8032.0
68.0
458.0
3067.0
1521.5
3185.0
458.0
1877.5
153.5
12498.0
467.5
2356.0
0
1400.5
910.0
9404.5
4671.0
926.5
961.0
927.0
7696.5
3789.0
5115.5
4166.0
9430.5
68.0
2453.5
438.5
17525.5
1016.5
1845.5
4502.0
612.5
4576.0
2948.0
68.0
911.0
5900.5
8464.0
1048.5
68.0
4562.0
2385.0
7174.0
4181.5
18389.0
68.0
68.0
68.0
68.0
68.0
5104.0
2593.5
2019.0
5669.5
736.0
1858.5
1614.5
2797.0
0
3247.5
553.0
13401.0
1502.0
1413.0
9870.0
5914.0
5989.5
929.0
68.0
1789.5
5540.0
1389.5
6823.0
68.0
1488.0
3565.5
2827.0
5885.5
21586.0
1423.5
68.0
1514.0
3606.0
12098.0
11722.0
1036.0
68.0
3106.5
438.5

1479.5
13348.0
7959.5
5411.5
1404.0
2653.5
2560.5
68.0
2490.5
3600.5
15743.0
0
7268.5
5893.5
14335.0
3551.5
68.0
68.0
2040.5
3155.5
3619.0
448.5
8476.0
68.0
629.0
8436.5
6238.0
3560.5
1697.5
1021.5
8871.5
2674.5
943.5
3034.5
6301.0
3382.0
11088.5
630.0
2372.5
68.0
365.5
2278.0
173.0
4555.0
6310.0
3125.0
5823.5
3278.5
2343.5
629.0
1109.0
6706.0
9342.0
1128.5
3216.0
68.0
68.0
68.0
1333.5
7739.0
68.0
7172.5
5509.5
3048.0
68.0
1802.5
18769.0
68.0
7518.5
3692.5
438.5
68.0
2186.5
4895.0
2661.0
68.0
68.0
68.0
3107.0
3360.0
838.5
1616.5
5392.0
4104.0
68.0
3987.5
6366.5
2809.5
68.0
3546.0
68.0
3159.0
14839.0
12948.0
68.0
4458.5
5925.5
7639.5
8072.5
68.0
68.0
663.0
1224.0
68.0
68.0
1862.5
8777.5
68.0
6752.0
8414.0
2844.0
458.0
926.5
68.0
10688.0
10382.5
68.0
4213.0

6005.0
1578.5
2349.5
5059.5
8114.0
2636.5
13494.0
1036.0
12097.0
8103.5
3373.5
3002.5
3152.0
1036.0
10306.0
4191.5
1202.5
1929.0
13707.5
68.0
9967.5
4946.0
7159.0
1056.0
68.0
68.0
68.0
4085.0
13921.5
9800.0
3606.0
8950.5
6421.5
68.0
1614.0
15679.0
6246.0
7588.0
612.5
68.0
1968.0
3573.0
68.0
68.0
1789.5
998.0
3230.0
6642.0
4159.5
15164.0
68.0
2365.0
68.0
0
0
68.0
7356.0
1487.5
68.0
8470.5
68.0
1863.5
629.0
2689.5
8171.0
730.0
13509.5
5084.0
6601.5
68.0
0
8187.5
1895.0
4521.5
2745.0
2341.0
68.0
5529.0
68.0
3837.5
18249.0
3981.0
4288.5
513.5
2310.5
68.0
10326.0
3216.5
15241.5
2263.0
1777.0
4520.0
460.5
2661.5
0
1598.5
68.0
629.5
1424.0
3219.0
68.0
1033.5
0
1406.5
5491.5
3760.0
5751.0
1019.0
6209.5
5885.0
1789.5
68.0
0
11808.5
68.0
4017.0
4607.0
68.0
5079.0
980.0
4069.0
3646.0
1789.5
4511.0
927.0
68.0
12962.5
1484.5
4449.5
2341.0
1873.0
63.0
1861.5
3402.0
1900.5
629.0
68.0
1723.5
1036.0
8183.5
1207.0
5007.0
1089.5
68.0
13414.0
12142.0
68.0
10565.0
5556.5
1000.0
2058.0
4003.0
12072.5
4918.0
6843.5
4469.5
1112.0
1471.5
15370.5
1409.0
1782.0
68.0
524.0
944.0
6896.0
2055.0
7156.5
68.0
2130.5
1019.0
68.0
13316.5
1553.0
1033.5
68.0
12050.5
2593.0
1242.5
10910.5
2042.5
1499.0
1521.5
2212.5
943.5
839.0
2858.5
3765.5
68.0
2553.0
1597.5
2814.5
719.0
8052.0
4609.0
23005.0
2544.5
0
365.5
68.0
1777.0
68.0
68.0
68.0
68.0
13379.0
533.5
1875.0
163.0
3218.5
7420.5
3502.5
2450.5
3701.5
68.0
6082.0
4541.0
1522.0
2002.0
1111.5
7647.5
6785.0
4147.5
554.5
7179.0
4566.5
68.0
612.5
2826.5
4506.5
11421.0
663.0
68.0
6921.5
4966.0
5260.5
702.5
3716.5
68.0
7163.5
68.0
2840.5
4508.5
68.0
68.0
1033.5
68.0
2706.5
68.0
2689.5
646.0
918.0
6526.5
11715.0
5058.0
7688.5
68.0
1499.0
68.0
1511.5
0
5491.0
6389.0
2788.5
1410.0
348.5
13336.5
68.0
1594.5
12077.0
458.0
447.5
40.5
5531.0
68.0
68.0
68.0
68.0
68.0
7345.5
4447.5
4478.0
6506.5
1853.5
1333.5
3955.0
2282.0
10987.0
1802.5
4590.0
1842.5
68.0
68.0
332.0
741.0
7101.0
68.0
6334.0
5927.0
8433.5
6322.5

4528.0
2315.5
3616.5
960.5
4014.0
6548.0
60.5
5118.5
5924.5
15590.0
7668.5
1406.5
9445.0
2745.5
68.0
68.0
6010.0
1479.5
68.0
68.0
4096.5
10991.5
3813.0
4540.5
3228.5
4034.5
68.0
1406.5
68.0
1412.0
2547.5
68.0
2797.5
1016.5
7168.0
9535.0
2296.0
3306.0
68.0
68.0
11211.5
12168.5
5919.5
68.0
918.0
0
5794.5
68.0
1594.5
1907.0
68.0
68.0
7232.0
438.5
943.5
1036.0
2282.5
68.0
10923.5
144.5
0
3111.0
4742.0
2757.5
438.5
3516.5
1844.0
7158.5
5218.5
68.0
1423.5
68.0
2306.0
10251.5
1021.5
68.0
3130.5
68.0
438.5
910.0
4648.5
68.0
1895.0
68.0
68.0
1390.0
3152.5
11291.5
68.0
68.0
3668.5
1109.0
6411.5
5474.5
2067.0
2250.0
1443.0
2439.0
1479.0
3231.5
1614.0
11258.5
1876.5
4631.0
9515.0
3265.5
2284.5
1089.5
999.5
7269.0
10906.5
3437.5
68.0
365.5
8084.5
1036.0
1096.5
9817.0
6398.0
4082.5
9321.5
1119.0
3142.0
12054.0
7313.5
4156.5
4444.0
3109.0
1479.5
68.0
68.0
4912.5
13388.5
15057.0
68.0
68.0
835.0
1558.5
23248.5
68.0
1689.5
1794.0
12523.5
2730.5
3099.0
6480.5
7663.0
6313.0
68.0
722.0
5950.5
5758.0
8451.0
537.5
1399.5
2338.5
9231.5
9410.0
629.5
6889.5
6690.5
13567.5
9435.5
68.0
68.0
6176.5
8075.5
6751.5
68.0
3698.5
1974.5
68.0
1806.5
68.0
5322.0
4637.0
4130.0
537.5
5345.5
68.0
17846.0
3779.5
455.5
68.0
4186.5
3138.5
5916.0
2544.0
2248.0
68.0
5952.5
9901.5
1426.0
68.0
3301.5
1190.5
5950.5
4136.0
4994.5
2723.5
11123.0
2226.5
612.5
2494.5
4081.5
68.0
1496.5
5469.0
1982.5
1595.5
926.5
9650.5
4874.5
434.0
2366.0
35.0
926.5
68.0
68.0
9880.0
11670.5
5908.5
1004.0
8724.0
2394.5
2338.0
7417.5
68.0
15402.5
348.5
21759.0
438.5
1039.0
13325.5
2621.5
755.5
5322.5
6769.0
16132.0
1889.0
2666.0
5706.0
68.0
1019.5
9112.0
68.0
68.0
0
3018.0
2781.0
10783.0
1777.0
501.5
1492.0
68.0
68.0
68.0
1482.5
8512.5
68.0
4119.5
0
4931.5
5004.0
2021.5
4362.0
3948.5
1560.5
3878.5
8.0
910.0
3671.5
4111.0
2448.5
6788.0
1109.0
2282.5
13892.5
17896.5
10815.0
4173.0
4948.5
4142.5
9043.5
1016.5
4947.5
1331.5
8947.5
1911.5
1631.5
1889.0
14448.5
1019.0
3211.5
4132.5
1472.5
1331.5
3125.0
3511.0
2750.5
1106.5
8437.0
4778.0
1601.5
68.0
68.0
4925.5
6689.0
68.0
2560.5
3203.0
6789.0
68.0
4980.5
10667.0
2543.5
4952.0
2364.5
7412.0
6749.5
960.5
68.0
3135.5
68.0
68.0
4543.0
7183.0
68.0
9415.5
5436.0
68.0
3705.0
68.0
7192.0
0
1034.0
612.5
4467.5
3682.0
7959.0
14213.5
1915.0
1869.5
2299.0
365.5
3289.5
8539.5
4993.0
1522.0
5855.0
5429.5
13870.5
15598.5
163.0
5501.5
4868.5
1412.5
68.0
6651.5
2714.0
2764.5
2845.5
927.0
3662.0
4091.5
3230.5
646.0
4049.5
8966.5
646.0
5574.5
3140.5
7472.0
2750.5
835.0
1987.5
68.0
5808.0
5449.0
68.0
68.0
2268.0
68.0
3653.5
2266.0
68.0
2563.0
1582.5
1858.0
2741.0
7436.5
7979.0
5453.0
1614.0
68.0
13395.5
10233.0
3565.0
944.0
1721.5
4522.0
14005.5
68.0
68.0
7025.0
9356.5
10333.0
6810.5
926.5
4174.0
9891.0
5436.5
40.5
1909.5
0
11657.5
4233.5
68.0
19767.0
68.0
2316.5
629.5
926.5
18230.0
68.0
7198.0
9342.5
3474.5
68.0
68.0
2820.5
153.5
0
14282.0
12066.0
68.0
3301.5
0
7524.5
4882.5
2728.5
999.5
3476.0
68.0
15773.5
18884.5
68.0
11180.5
14393.0
1426.0
68.0
5931.5
14331.0
4723.5
629.0
2360.0
1803.0
5387.0
5758.0
68.0
1796.5
4569.5
11038.0
960.5
68.0
1521.5
8898.0
1019.5
163.0
2826.0
2471.5
9362.0
9432.5
9948.0
68.0
7952.5
960.5
12985.0
68.0
1779.5
7438.0
10812.0
10297.5
68.0
2558.5
1802.5
438.5
10843.5
809.5
68.0
68.0
1744.5
2066.5
4068.5
7982.0
68.0
3326.0
68.0
50.0
21802.5
8898.5
15297.0
3231.0
68.0
4387.0
2301.5
15194.0
1405.0
68.0
68.0
10000.5
1314.5
23134.5
4081.5
1331.0
3620.5
6680.5
68.0
5022.5
20813.5
3207.0
22311.0
8966.0
14058.0
9433.5
6695.0
6343.0
68.0
1896.0
68.0
68.0
5065.0
8485.0
755.0
533.5
68.0
4672.0
68.0
8054.0
5296.5
17771.5
12966.5
8599.0
68.0
10996.5
4630.5
3170.0
0
27760.5
68.0
4054.5
4053.0
2717.5
68.0
629.0
5791.0
1496.5
6271.5
5897.5
6828.5
1948.0
1780.5
3974.0
68.0
10298.0
4565.0
438.5
5114.0
2740.5
1631.5
4095.5
68.0
2372.0
10698.0
1036.0
9867.5
9941.0
10806.0
1109.0
5916.0
9420.0
4070.5
3238.0
13000.0
10557.0
68.0
2314.0
5141.0
4491.5
4945.5
163.0
68.0
2734.0
68.0
7467.0
2837.0
4109.0
68.0
12025.0
11639.0
68.0
944.0
3043.0
15794.5
9143.5
1207.5
68.0
2794.5
2491.0
3576.0
1225.0
68.0
1417.0
6685.5
3581.0
68.0
12912.0
10247.5
11139.0
6786.5
68.0
23270.5
1911.5
7123.5
1504.5
10367.0
9425.5
68.0
6966.5
68.0
848.0
0
2257.0
13380.5
68.0
612.5
0
2768.0
3768.5
6741.0
738.5
20061.0
2450.5
5625.0
2786.0
15605.5
4884.5
1016.5
68.0
2563.0
2726.0
9451.5
7286.5
8899.5
3330.5
68.0
11123.0
21454.5
9793.0
438.5
2422.5
68.0
551.5
8146.0
1492.5
6241.0
3197.0
5324.5
8908.0
2733.5
9878.5
2339.0
68.0
2437.5
5550.0
6026.0
438.5
4572.0
2742.5
11675.0
4593.5
19878.0
6392.0
4555.5
173.0
18877.5
2604.5
14333.5
0
3768.0
68.0
1322.0
2762.0
68.0
68.0
12494.0
68.0
68.0
998.0
9911.5
2324.0
7902.0
68.0
4928.0
68.0
10245.5
8638.5
68.0
4165.5
2825.0
4358.5
4577.5
1426.0
4145.0
13478.0
6300.5
3749.5
9064.5
1831.5
68.0
1704.0
68.0
68.0
68.0
68.0
926.5
2660.0
4123.5
8976.0
2056.5
1585.5
3124.0
68.0
68.0
68.0
1987.0
4078.0
4982.5
7084.0
7165.5
5343.0
1207.5
6012.0
5911.0
68.0
2367.5
5640.0
15687.5
14745.5
1689.5
68.0
3615.5
7519.0
6376.5
68.0
68.0
11264.0
646.0
8876.0
17478.0
1706.5
9024.5
1392.5
4115.0
1426.0
629.0
68.0
612.5
2565.0
3716.5
68.0
4822.0
68.0
14641.0
2990.0
944.5
68.0
612.5
9829.5
9975.0
14444.5
2812.0
68.0
163.0
23168.5
1505.0
3713.0
68.0
1539.0
68.0
1581.5
68.0
13555.5
717.0
2751.0
458.0
11363.5
6504.0
988.5
14218.5
20221.0
0
8585.0
1389.5
10208.5
1019.0
629.0
1019.0
0
9017.5
14316.0
10024.5
4501.5
1430.0
68.0
1337.5
11576.0
13468.5
6931.0
614.0
68.0
2912.5
1763.0
7344.5
4050.5
3214.0
3124.0
68.0
3210.5
1432.5
2931.0
13364.0
68.0
14394.0
8437.0
17233.5
6344.0
16515.5
629.0
68.0
1423.5
68.0
1890.0
20169.0
7246.5
68.0
8590.0
5052.5
3014.5
68.0
9027.5
663.0
12871.5
6290.0
612.5
1002.5
8104.5
1819.0
5892.0
1150.0
68.0
543.5
68.0
1037.0
16447.5
2282.5
7719.5
10365.5
2830.5
5877.5
7177.0
14773.5
68.0
4976.5
0
68.0
2816.5
1090.0
11930.5
4659.5
4951.5
68.0
11265.0
5378.0
1145.5
14447.0
68.0
2728.5
15215.5
10283.0
3646.0
68.0
2711.5
68.0
1966.0
20810.0
5583.0
15064.0
5781.5
6479.0
2175.0
68.0
10342.5
3604.5
910.0
1877.5
4035.0
944.0
2437.5
6764.0
4083.5
14967.0
646.0
4044.0
629.5
10680.0
8175.5
257.0
7239.0
7896.5
1653.5
12023.0
4013.0
1033.5
68.0
534.5
68.0
11536.0
7163.5
12458.0
1486.5
3935.5
943.5
14354.5
68.0
2745.0
1333.5
5580.0
68.0
68.0
16011.0
68.0
6688.5
68.0
8912.5
68.0
3704.0
8988.5
2176.0
9064.5
14240.0
8085.0
3024.0
6346.5
2545.5
24538.5
68.0
6881.0
2470.5
1129.5
2807.0
6690.0
3138.0
14901.5
4479.5
5750.5
2209.5
828.5
1012.0
1897.0
3684.5
629.5

68.0
3643.0
7715.0
4962.5
68.0
8616.5
1915.0
4531.0
1583.5
5098.5
348.5
68.0
3747.5
77.0
68.0
68.0
68.0
68.0
8262.5
4523.0
4979.5
68.0
0
68.0
68.0
629.0
5438.0
8531.5
7611.0
3359.5
1489.5
629.5
68.0
348.5
5083.5
4112.5
4011.0
1106.5
3736.0
3216.5
5119.0
3104.0
1208.5
19816.0
3270.5
6913.0
3627.5
12485.0
6244.0
2728.5
68.0
1948.5
6961.5
11176.5
2259.5
2249.0
3640.0
7244.0
1631.5
14246.5
4108.0
1690.5
68.0
54.0
10788.0
4177.5
1218.5
5843.5
4940.0
163.0
68.0
13625.5
7586.5
4961.0
4156.5
11561.5
6495.0
2249.0
16574.0
3696.0
13017.5
6820.0
4925.5
5842.5
3703.0
3183.0
1889.0
68.0
10328.0
68.0
3135.5
54.0
1036.0
3256.0
1475.5
646.0
68.0
6871.5
16494.0
4108.5
3256.0
68.0
458.0
68.0
68.0
944.0
7703.5
17873.0
5092.0
4931.5
2782.5
68.0
68.0
909.5
5446.0
3335.5
3221.5
10017.0
4468.0
8448.0
68.0
3169.5
2392.0
1892.5
348.5
4835.5
2760.0
1505.5
9079.5
17422.0
1005.0
1943.5
1690.5
19552.0
1869.5
1516.0
16107.0
68.0
1782.0
6464.5
68.0
6731.5
7900.0
68.0
11241.5
9394.0
2351.0
68.0
14875.5
5044.5
6537.5
3600.5
3137.5
24724.0
10321.5
6595.5
1906.0
4542.5
68.0
1019.0
21825.0
18033.5
8174.5
68.0
1504.5
0
13391.5
68.0
68.0
68.0
68.0
8996.0
1598.0
14402.5
8721.0
1034.0
6430.5
68.0
68.0
6757.5
8756.0
13338.5
1036.0
68.0
3587.5
19218.0
8450.0
68.0
10940.0
4077.5
9861.0
3231.0
2339.0
68.0
2753.5
68.0
2338.0
1434.0
3597.0
11581.0
68.0
68.0
68.0
9945.0
5310.0
5015.0
3065.5
2631.0
1089.5
1876.0
3216.5
2268.0
1895.0
4582.5
3898.5
68.0
5836.0
6814.5
14237.5
2066.5
6258.0
24111.0
5821.0
11681.0
12069.5
20553.0
7174.5
3629.5
2346.5
8125.0
1002.5
3250.5
4703.0
68.0
14067.5
68.0

7213.0
1710.5
68.0
68.0
68.0
1406.5
1098.5
68.0
2360.0
5885.0
1373.5
68.0
1802.5
163.0
4065.5
68.0
68.0
3997.5
2688.0
2897.0
8026.5
8515.5
3737.5
5918.5
7768.0
3407.0
9023.0
9855.0
2975.5
2411.0
9382.5
612.5
12090.0
1916.0
12984.5
3421.5
2751.5
13408.5
612.5
3693.5
5410.0
926.5
163.0
629.5
4033.5
4870.0
1444.0
15233.0
1389.5
68.0
5049.5
68.0
1408.0
68.0
2675.5
3591.0
68.0
68.0
19181.5
8091.0
68.0
9381.5
153.5
68.0
1034.0
7194.0
616.0
3621.0
12781.0
6520.5
14240.0
1496.5
6923.0
3548.5
5412.5
2819.5
16829.5
537.5
68.0
4205.5
7041.5
14228.5
3673.0
1331.0
68.0
68.0
68.0
7211.5
68.0
8582.5
1898.0
1443.0
4148.5
7347.5
8471.5
1016.5
9030.5
6369.5
5998.0
1033.5
11155.0
11224.0
8080.5
68.0
68.0
4527.5
627.5
1768.5
12527.0
68.0
1409.5
7319.5
2759.5
736.0
68.0
68.0
893.0
8908.5
3140.5
7046.0
12988.5
2543.0
14797.5
2362.0
3701.5
3387.0
4108.0
7021.5
7688.0
2563.5
8598.0
5904.0
1631.0
3601.0
8534.0
68.0
983.0
68.0
4988.0
68.0
458.0
5387.5
1479.5
999.5
68.0
612.5
12054.5
68.0
11668.5
4566.5
6558.5
3622.0
16428.5
5515.5
2445.0
438.5
3609.5
1504.5
1423.5
5045.5
909.5
3175.5
4031.0
3049.0
15230.5
68.0
68.0
5343.5
68.0
1019.0
19639.5
0
960.5
4082.0
2487.5
40.5
5799.5
3613.5
5930.5
68.0
8443.0
1334.0
13810.0
3235.0
68.0
7550.0
4938.5
68.0
2358.0
4361.5
3143.5
1094.5
10651.0
22797.0
2815.5
4562.0
14763.5
629.0
8868.5
458.0
7710.5
8032.0
910.0
5830.5
348.5
4033.5
1423.5
3327.5
524.0
9026.0
893.0
16835.0
2708.5
1297.5
68.0
553.0
3205.0
4514.5
0
7021.5
68.0
3602.0
0
3108.0
4538.5
18301.0
4084.0
68.0
68.0
0
3118.5
5597.5
68.0
2375.0
2768.0
10838.5
3143.0
3575.5
646.0
2549.0
438.5
910.0
68.0
0
1479.5
3558.0
6281.0
8906.5
1486.0
3210.5
3599.5
3464.5
612.5
961.0
6789.5
13478.0
163.0
10361.5
8919.0
726.5
2194.5
4111.0
2246.5
3106.5
68.0
9237.5
9509.0
0
10395.5
2301.5
1521.5
5509.0
458.0
2754.0
5793.5
1487.5
1987.0
18299.0
10828.0
8485.5
1858.0
8075.5
926.5
5435.5
475.5
2002.5
3760.0
1504.5
3314.0
4120.5
3241.0
6408.0
4535.5
68.0
68.0
663.0
68.0
8626.5
68.0
8696.5
3657.5
4160.0
7651.0
1089.5
68.0
553.0
8080.5
6771.5
68.0
3169.0
3479.5
4998.5
619.0
5386.0
1036.0
1877.5
9352.0
612.5
8463.5
931.0
2043.0
5799.5
5027.5
1892.5
21415.5
629.5
1589.0
5883.0
943.5
1033.5
3187.5
68.0
3195.5
1868.0
9852.0
5109.5
68.0
12018.0
1033.5
68.0
629.0
68.0
7150.0
4675.5
13779.0
5927.0
11721.0
68.0
27153.5
68.0
5021.0
68.0
6326.5
2527.0
3262.5
14892.0
68.0
3473.5
3967.5
3850.0
4058.0
68.0
68.0
4521.5
21065.5
68.0
2232.0
68.0
68.0
6484.0
68.0
2812.5
7285.0
663.0
2812.0
1931.0
1780.0
2808.0
68.0
68.0
910.0
12552.5
5537.0
2454.0
1553.5
14469.5
2226.5
68.0
2375.5
68.0
6400.0
3442.5
1399.5
5529.0
1113.0
2524.5
2212.5
3551.0
2770.0
1556.0
15972.0
1837.0
999.5
6257.0
646.0
4449.0
68.0
68.0
1875.0
646.0
3093.5
68.0
1406.5
10846.0
68.0
0
68.0
3231.0
6241.5
68.0
6968.5
6343.0
6030.0
2377.0
7673.0
458.0
1779.0
15492.5
5945.0
3554.5
1912.0
3612.5
68.0
2734.5
629.0
2041.0
2782.0
1321.0
68.0
20280.0
4958.5
438.5
10892.0
3118.0
14547.0
18219.0
9239.5
2262.5
10012.0
1486.0
4131.5
537.5
1578.5
3404.5
9362.0
3298.0
2655.0
944.0
629.0
5494.0
629.0
4647.0
4980.0
1843.5
1002.5
2667.5
68.0
1799.0
5062.5
4572.0
1033.5
68.0
3794.5
458.0
8664.5
7676.0
68.0
20583.5
3265.5
3771.5
5828.5
68.0
68.0
68.0
68.0
2861.0
3717.0
20156.5
1199.0
5396.5
1423.5
1036.0
2355.0
11303.5
4613.0
3209.5
6300.0
9829.0
5869.5
0
629.0
68.0
11668.5
12095.0
68.0
1470.5
68.0
68.0
646.0
943.5
68.0
12889.5
2561.5
8010.0
11630.0
173.0
8162.0
3526.0
26277.0
18329.0
0
3927.0
5554.0
40.5
7534.5
3614.5
6431.5
68.0
1102.0
4548.5
3503.5
0
13346.5
2358.5
2265.5
68.0
7907.5
68.0
923.0
8984.5
24742.0
68.0
5890.5
68.0
2282.0
3171.0
153.5
5645.5
68.0
1894.5
9811.5
2250.0
17161.0
8981.5
21818.0
629.0
15275.5
9875.5
68.0
11509.0
68.0
1592.5
10307.5
2066.5
0
443.5
2002.0
11228.0
20554.0
511.0
5402.0
16304.5
68.0
68.0
10396.5
68.0
68.0
10795.5
7280.5
3122.5
1861.5
999.5
4647.5
68.0
163.0
14714.5
8909.0
9508.0
68.0
3509.5
68.0
68.0
15372.0
1517.0
7982.5
5859.5
835.0
1892.0
6772.0
5816.0
4174.0
68.0
5846.5
20923.0
6731.5
2355.5
5019.0
68.0
68.0
8038.5
4026.0
3231.5
4611.0
2066.5
10664.5
896.5
1895.0
1869.5
68.0
5711.5
5889.0
5061.5
1597.5
5782.0
68.0
513.5
68.0
5868.5
809.5
4914.0
3105.0
68.0
1482.5
10806.5
2355.0
68.0
612.5
438.5
2845.5
4423.5
4030.5
68.0
7322.5
77.5
2773.5
5477.5
68.0
2861.0
22776.0
68.0
68.0
10064.0
6503.0
14274.5
5011.0
2659.0
68.0
4104.0
1423.5
68.0
5931.0
9030.0
1858.0
5401.5
68.0
1873.5
4165.0
8113.5
68.0
0
68.0
15160.5
68.0
2702.0
2728.0
68.0
68.0
2861.0
15981.0
6804.0
5492.5
1972.0
68.0
68.0
14788.0
1522.0
9880.5
1895.5
13372.0
1002.5
646.0
4097.5
6769.0
0
9177.5
6304.0
2322.5
68.0
2240.0
3702.5
4589.5
68.0
9981.0
5002.0
2712.0
5516.5
1987.0
68.0
3643.5
22738.5
68.0
9945.5
2338.5
5013.0
2554.5
3160.0
629.0
7626.0
68.0

68.0
1333.5
4625.0
7636.5
2562.5
68.0
7287.0
2134.5
1477.0
10798.0
1389.5
5813.0
68.0
11523.0
1878.0
8569.5
1128.5
5021.0
365.5
10032.5
10522.0
14264.5
68.0
4959.0
1886.5
14329.5
2502.5
1450.0
68.0
68.0
10580.5
722.0
6283.0
6806.5
10812.0
9850.0
903.5
68.0
68.0
1033.5
18121.0
2447.5
16129.0
6794.5
2120.5
736.0
4865.0
4070.5
2512.5
2329.5
14776.0
0
1390.0
4925.5
8880.0
68.0
6247.5
0
7655.0
1224.0
5781.0
11203.5
2703.5
9375.5
1631.5
719.0
68.0
2821.0
68.0
2325.5
6677.0
4278.5
3118.5
13481.0
68.0
3459.5
6824.5
2091.5
4092.5
2748.0
2769.5
68.0
6361.0
937.5
4529.5
68.0
7290.0
419.5
14948.5
999.5
11258.5
3686.0
3591.0
4897.0
6777.5
5437.0
2451.0
2000.5
2961.0
736.0
4764.5
7548.5
3230.5
68.0
1002.5
8086.0
68.0
68.0
19623.5
11707.0
68.0
17443.0
1894.5
1426.0
2546.0
20080.5
68.0
6265.5
4094.5
8165.5
1405.0
18351.5
16937.0
68.0
10327.5
612.5
755.5
12006.0
912.5
2984.5
11425.5
19328.0
8927.0
1016.5
6677.0
14282.0
6513.5
68.0
7258.0
1036.0
1126.0
68.0
2318.5
68.0
11274.0
2823.5
10318.0
1014.5
1387.5
2933.0
13052.0
3618.0
2787.0
16083.5
5042.5
68.0
10805.0
10980.5
3978.0
10699.0
7162.5
68.0
5670.5
8495.0
1488.5
2243.5
2287.5
2363.0
68.0
68.0
1423.5
1522.0
3998.5
68.0
2734.0
5420.5
1768.0
68.0
13002.5
9854.5
629.0
2453.0
4591.5
4949.5
3637.5
9346.0
163.0
4054.0
10310.0
11441.5
3107.0
3696.5
4165.0
365.5
1032.0
5456.5
4781.5
68.0
9405.0
3218.5
4527.0
68.0
4598.0
11554.5
68.0
68.0
2338.5
1029.0
68.0
68.0
9438.0
68.0
1409.5
6687.0
6665.0
68.0
1862.0
2299.5
19612.0
6515.5
4463.0
3265.5
9324.5
3141.5
7224.5
12046.0
7188.5
5433.5
68.0
6020.5
5387.5
6958.5
16185.0
999.5
19638.5
8739.0
2357.5
14315.5
1299.0
68.0
2830.0
8203.0
15355.0
3240.0
4746.0
68.0
943.5
22862.5
9359.5
68.0
68.0
4128.0
21830.0
2374.5
2299.0
13781.0
3665.5
3977.5
4747.0
68.0
0
2677.5
1036.0
1818.0
14989.5
68.0
2711.5
5199.5
1031.5
4038.0
9923.0
458.0
9849.5
15262.5
1477.5
68.0
6214.0
458.0
4162.5
1798.5
11228.5
68.0
15049.5
68.0
348.5
1406.5
68.0
646.0
68.0
646.0
8574.0
11676.5
8512.5
7450.5
3237.0
68.0
1970.0
7202.0
0
6564.5
3604.5
1611.5
8599.0
1327.5
68.0
2789.0
11743.5
4925.5
8009.0
11882.5
1508.0
6343.0
438.5
68.0
2854.5
5032.5
68.0
68.0
2236.0
68.0
9365.5
2436.0
8519.0
548.5
68.0
14274.0
5895.0
4636.5
8501.0
4196.5
13810.5
3299.0
1595.0
68.0
68.0
5483.5
5382.5
17833.0
68.0
738.5
7212.5
68.0
68.0
7168.0
8189.5
1319.0
22357.5
13861.0
4066.0
1410.0
3211.5
68.0
3232.5
1802.5
68.0
3325.5
18275.0
4980.0
4539.0
7558.0
68.0
4549.5
4920.0
68.0
12172.0
1873.5
1033.5
14355.0
68.0
738.5
4582.0
68.0
1016.5
173.0
1389.5
5074.0
12033.0
3633.0
5493.0
3938.0
68.0
4079.5
1892.0
10462.5
5891.5
68.0
4493.5
68.0
3607.5
26150.0
1109.0
7624.0
10426.0
6368.0
68.0
3308.5
348.5
0
6344.0
68.0
5596.0
68.0
9294.5
14663.5
3568.5
68.0
2958.0
4574.5
629.0
2512.5
68.0
5227.0
3677.5
68.0
2471.0
2952.0
4121.0
68.0
68.0
68.0
68.0
3342.5
1600.0
1036.0
3309.5
10361.5
438.5
1983.0
1280.0
533.5
3630.0
627.5
5894.5
5889.0
1033.5
1005.0
14184.5
1597.5
3307.0
554.5
2935.5
2641.5
68.0
3715.5
68.0
1036.0
4108.0
12556.0
14004.5
1479.5
68.0
13389.5
8928.0
8943.0
1597.5
8.0
68.0
68.0
1873.5
2484.0
1987.5
1678.0
68.0
629.0
1628.5
68.0
1387.0
11212.0
2321.5
1109.0
4057.5
26293.0
6069.0
2209.5
1126.0
3457.5
68.0
1499.0
8466.5
68.0
3152.5
68.0
5212.0
68.0
78.0
9684.5
4515.5
4481.5
68.0
68.0
10645.0
494.5
1351.5
4235.5
5507.0
68.0
13033.0
4546.0
7647.0
68.0
15435.5
11294.5
6135.5
9462.0
3239.0
10324.5
5921.0
15297.5
5804.5
68.0
68.0
537.5
68.0
5416.5
68.0
19658.5
2369.5
18846.5
2284.5
1092.5
8944.0
1426.0
17491.5
1819.5
3688.0
68.0
2299.5
438.5
11119.5
3872.5
8904.5
3694.0
2995.0
458.0
11613.5
6834.0
7323.5
18667.0
3582.0
68.0
4163.5
1016.5
68.0
524.0
8039.5
1501.5
68.0
629.5
1032.0
5934.0
458.0
11290.0
68.0
4451.0
68.0
68.0
15181.5
3719.0
20917.5
19212.5
1019.5
68.0
9856.0
2810.5
68.0
14093.5
1241.0
10813.0
927.0
8930.5
3010.0
5513.0
3684.5
6809.0
68.0
3687.5
5133.0
68.0
1016.5
11193.0
3236.0
14741.0
646.0
3579.0
0
9403.5
458.0
1995.5
4301.0
68.0
68.0
68.0
3123.0
1397.0
1488.0
6840.0
9396.5
3102.0
13075.0
1036.0
10915.0
1909.0
1019.0
1897.0
1145.5
68.0
68.0
3794.5
1858.5
2340.5
5782.5
11158.5
16605.0
9834.0
5554.5
68.0
2850.5
3158.5
944.0
3604.5
15744.0
68.0
3390.0
11899.0
4183.5
163.0
6732.0
2309.5
3355.5
68.0
2374.5
5488.5
978.5
68.0
2969.5
1599.0
163.0
5108.5
944.5
5567.5
4569.5
5814.5
12586.0
16108.5
11718.0
68.0
8905.0
68.0
68.0
8519.0
6839.5
3404.0
12098.0
943.5
68.0
1331.5
515.0
9940.0
68.0
11254.5
438.5
1016.5
1816.0
5405.5
1333.5
23636.5
6024.5
1848.0
23191.0
19260.5
68.0
6828.0
1444.5
7173.0
633.5
68.0
16444.5
7208.5
68.0
8023.0
1922.5
22016.0
68.0
16869.5
646.0
10759.5
927.0
6249.0
5892.0
1333.5
2994.5
17094.5
4573.0
6297.0
2262.0
1505.0
68.0
943.5
8470.0
68.0
9055.0
4058.0
3369.0
11970.5
68.0
13977.0
2747.5
68.0
5789.5
348.5
9089.5
68.0
2804.5
3225.5
2563.0
4163.0
68.0
68.0
15911.5
3614.0
16918.5
68.0
13748.5
596.0
23721.5
6358.5
994.5
2533.5
6266.0
1538.5
7635.5
612.5
68.0
68.0
2768.0
5444.5
68.0
68.0
3083.5
3863.0
17376.5
68.0
7766.5
68.0
3987.0
2893.5
5626.5
68.0
1218.5
348.5
4048.5
13943.0
68.0
7247.0
68.0
68.0

2266.0
1022.5
68.0
1329.0
68.0
9432.0
3992.5
4484.0
68.0
3217.0
2267.5
5989.5
68.0
1404.0
13067.5
1799.0
458.0
68.0
6041.5
3382.0
7576.0
2557.5
68.0
5472.0
68.0
68.0
944.0
2378.5
4140.0
2281.0
5201.0
27733.0
5982.5
0
10265.5
5861.5
8906.5
2751.5
12102.0
68.0
804.5
3136.5
6135.5
0
5430.5
6366.5
3713.5
7385.0
6475.5
458.0
943.5
68.0
3993.5
4645.0
13838.0
1876.5
1614.0
15178.0
10383.0
16213.5
5069.0
7703.5
1022.5
4480.0
17018.0
7259.5
1505.5
6718.0
7549.5
8537.5
7129.0
1336.0
5419.0
68.0
68.0
9318.0
7746.0
2297.0
68.0
8174.5
2046.5
4279.5
68.0
1126.0
12905.5
944.0
68.0
7572.0
68.0
8163.5
68.0
1866.0
12105.5
1036.0
68.0
8.0
3613.0
16035.5
1019.0
3998.5
13770.0
12964.5
1126.0
944.0
5473.0
68.0
5909.0
2266.0
927.5
8437.5
21358.5
153.5
10400.5
5011.0
10667.0
12436.0
9863.5
7677.5
20495.5
5058.0
68.0
5788.5
12981.0
14335.0
9959.5
1333.5
163.0
68.0
6286.5
2201.5
10353.5
5709.5
68.0
2818.0
15727.5
9468.0
5772.5
16506.5
5465.5
68.0
1019.0
13971.5
68.0
68.0
0
1518.5
4968.0
9903.5
3127.0
3643.0
13014.5
5858.5
6016.0
3850.5
3289.0
15881.0
15626.0
16812.5
68.0
82.0
1333.5
2587.0
3028.5
458.0
68.0
3139.0
1128.5
719.0
8110.5
19824.0
7656.5
6872.5
68.0
641.5
68.0
3095.5
13404.0
11281.0
68.0
4182.5
20074.5
13392.5
961.0
12962.5
2820.5
3127.0
68.0
1333.5
3259.5
2065.5
163.0
4591.0
10664.0
3708.5
7453.5
4747.0
4454.5
10221.0
11775.5
4514.5
1444.0
7780.0
3675.0
438.5
68.0
18322.5
68.0
537.5
26770.5
1971.5
4720.5
1614.0
0
910.0
13443.0
5445.5
10366.5
2951.0
3678.5
6689.0
2072.5
10292.5
8563.5
8337.0
646.0
7947.5
15645.5
9851.0
19734.5
1036.0
612.5
13843.5
8956.5
1779.5
2056.0
68.0
13440.5
11140.5
68.0
18772.0
68.0
6738.5
1684.5
17908.5
0
6395.5
5803.0
10823.5
68.0
68.0
68.0
17006.5
68.0
9790.5
1016.5
1460.5
13495.5
6642.5
12236.0
4554.0
11153.5
4950.5
3203.5
4569.5
68.0
68.0
2191.5
68.0
68.0
1704.0
68.0
9535.5
9059.0
17347.5
1563.5
68.0
68.0
5412.0
68.0
68.0
23608.0
68.0
8135.5
1895.0
1899.0
2658.5
4637.0
8138.0
4601.0
3453.5
11507.5
1897.0
68.0
68.0
68.0
8273.0
13817.5
1500.0
1396.5
7668.5
3568.0
1016.5
2843.5
3711.0
1016.5
7659.0
68.0
4154.0
1519.0
68.0
2263.0
68.0
3710.5
68.0
68.0

4987.5
2745.0
5420.0
1783.0
68.0
10646.0
17781.5
738.5
68.0
2357.5
68.0
3135.0
8982.0
68.0
68.0
1053.0
3240.0
68.0
68.0
17022.5
68.0
13834.5
2347.5
2445.5
6223.5
68.0
2695.0
533.5
7303.0
68.0
1516.0
8522.0
68.0
5335.5
68.0
5484.5
2299.0
5365.0
1002.5
68.0
6381.0
68.0
6834.0
3608.0
1796.5
4064.5
68.0
68.0
11668.0
68.0
68.0
2357.5
68.0
68.0
3671.0
3512.0
6811.5
3268.0
11207.0
5137.0
6687.0
68.0
14612.0
4545.0

2249.5
1970.0
6001.5
5048.0
2460.0
68.0
9882.0
1802.0
2265.0
12068.0
68.0
629.0
68.0
3462.0
68.0
12481.5
68.0
5422.5
909.5
2899.5
4212.5
2728.5
68.0
68.0
68.0
12534.0
5921.0
2409.0
68.0
0
2448.0
6693.5
1914.0
8926.5
9891.5
629.0
13050.5
14425.0
68.0
1201.5
11664.5
3233.5
5040.0
6505.5
7195.0
6388.5
1337.0
731.5
2655.5
5770.0
68.0
6424.0
13889.0
21296.5
19767.5
2171.0
9329.0
646.0
9558.5
5792.0
15302.0
2021.0
17554.0
1629.0
2723.0
9773.5
348.5
6362.0
2220.5
4592.5
68.0
1895.0
20473.0
3892.0
5410.5
14498.5
1794.0
68.0
4103.5
6809.0
1350.5
3309.0
8335.5
629.5
8482.0
1614.0
16098.5
3679.0
6747.5
4168.0
4142.5
332.0
17008.0
516.0
8528.5
6166.5
5472.5
2804.0
1036.0
68.0
6969.0
3697.5
4506.5
9791.5
8451.5
6664.0
68.0
1875.0
14449.5
68.0
2729.5
3617.5
2711.0
7884.0
5440.0
3530.0
5824.0
9382.5
6360.0
4985.0
8272.5
1241.0
2997.5
4273.0
2687.5
12069.5
6405.5
8215.0
5911.0
1143.5
1892.0
68.0
2653.0
68.0
4445.5
3230.5
1595.0
1615.0
9040.0
365.5
24468.5
943.5
10186.5
68.0
68.0
8413.0
3290.0
15698.0
9954.0
4532.5
1115.5
68.0
629.5
8274.0
7806.0
1089.5
2355.0
5409.5
5110.0
943.5
23717.0
68.0
6238.5
663.0
6671.0
9542.0
3663.0
9487.5
2265.0
68.0
68.0
68.0
153.5
68.0
9981.5
4126.5
4880.5
2377.0
13008.0
68.0
0
11609.5
4324.0
8211.0
5432.0
1911.5
1109.0
16665.5
68.0
6023.0
4274.5
3972.0
68.0
10465.0
14935.5
7217.5
7130.5
1033.5
3649.0
8102.0
646.0
45.5
68.0
9369.0
10790.5
68.0
4207.0
68.0
8028.0
1051.0
163.0
3620.5
6003.5
7487.0
4927.5
5581.5
13427.5
13211.0
13577.0
163.0
4479.0
8998.5
25323.0
68.0
1370.5
2251.0
5354.5
68.0
13288.5
25915.0
1016.5
68.0
12528.5
11195.0
4140.5
4151.5
66.5
4452.0
1016.5
68.0
28693.5
9836.0
1112.5
6355.0
1948.0
68.0
3606.5
2636.0
0
4606.5
68.0
68.0
9420.5
7203.0
10433.5
68.0
6803.5
1106.5
9788.5
612.5
1351.0
68.0
6935.5
20631.0
0
3578.0
719.0
2604.5
4033.0
2745.0
2428.5
2374.5
11259.0
828.5
612.5
2484.0
4483.5
5880.0
68.0
68.0
13364.0
10326.0
1894.5
0
68.0
1807.5
8937.0
68.0
2810.0
68.0
1538.5
68.0
68.0
11675.5
9829.0
3040.5
15323.0
27245.0
10833.5
13198.0
68.0
8975.5
257.0
68.0
68.0
3983.0
5725.5
68.0
5571.0
68.0
3231.5
9027.0
8945.0
68.0
68.0
6790.5
1002.5
910.0
68.0
6597.5
8072.0
68.0
3888.5
68.0
2360.0
4940.0
1892.0
15522.0
68.0
5143.0
68.0
11710.5
1521.5
68.0
9851.0
68.0
1911.5
1869.5
163.0
1483.5
736.0
6822.0
11677.5
68.0
1021.5
9524.0
633.5
68.0
22379.0
68.0
1368.5
68.0
6758.0
4083.0
4443.0
4482.0
1016.5
4522.5
1496.5
4165.0
4537.5
11562.0
1053.0
68.0
3917.5
1389.5
3520.5
2329.0
6356.5
365.5
11652.5
68.0
68.0
11237.5
2411.5
6713.5
12441.0
2419.5
1019.0
5865.0
4146.0
13928.0
25737.0
3202.5
24076.0
3319.5
5918.5
7147.0
1019.0
5507.0
1317.0
68.0
68.0
8092.5
12555.5
2221.5
5054.0
7234.0
998.5
13410.0
68.0
4978.0
9462.5
4488.0
8035.0
9491.0
4740.5
68.0
15646.0
4115.5
11682.0
4157.5
5459.0
68.0
2790.0
3983.5
3547.0
4994.0
3643.5
68.0
1333.5
2381.5
1779.5
722.0
68.0
4532.0
68.0
1968.0
1786.5
438.5
2823.5
68.0
15663.5
4138.5
926.5
12111.0
6298.5
9388.5
11625.5
3326.0
5541.0
646.0
4682.0
9130.0
524.0
68.0
9425.0
5446.0
18850.5
9782.0
928.5
2764.0
1207.5
3812.0
1667.5
14326.5
68.0
2189.5
5769.0
18744.0
1331.5
68.0
8588.0
7624.5
2462.5
4170.0
68.0
68.0
68.0
68.0
7098.0
3955.0
4249.0
9578.5
68.0
68.0
7221.0
1218.5
12568.5
612.5
5533.0
3138.0
6680.5
1190.5
68.0
12686.0
22408.0
7209.0
3257.5
4793.5
68.0
4111.0
6747.0
5871.5
4516.0
10912.5
18288.5
4441.0
68.0
438.5
11426.0
5432.0
5386.5
7548.0
1910.5
738.5
4017.5
848.0
17120.5
68.0
14781.0
7593.5
1019.0
0
68.0
3634.0
0
4650.5
14315.5
16509.5
4966.0
2292.5
458.0
4378.5
4033.5
1984.5
7240.5
6363.5
13844.5
4045.0
9413.5
13002.5
68.0

68.0
14525.5
7131.5
6894.0
14901.5
1000.0
10373.0
4098.0
3601.0
68.0
68.0
1207.0
21831.5
68.0
19368.5
68.0
68.0
1109.0
5146.0
14981.0
7577.5
68.0
1259.0
68.0
2689.5
68.0
4088.0
4572.0
7497.0
1036.0
2282.0
20615.0
3563.5
18752.0
12157.0
5987.5
1145.5
13937.0
14309.5
11371.5
18391.5
21448.0
68.0
629.0
10367.0
68.0
8453.5
2748.0
1218.5
1802.0
5379.0
12531.5
68.0
7237.5
7112.5
12125.5
4659.0
5898.5
2263.0
848.0
1797.5
9915.0
3308.5
6359.5
2830.5
348.5
2374.5
2005.0
6825.0
68.0
16580.0
526.0
6701.0
2544.5
68.0
4152.0
7613.0
2672.0
3710.5
12579.0
8464.5
3256.0
1803.0
10446.5
1406.5
1994.5
5321.5
8969.0
2394.0
4552.5
1363.5
68.0
8419.0
68.0
9081.5
1882.0
5396.5
10902.0
910.0
68.0
9437.0
68.0
11135.0
1092.5
2355.5
13781.0
1597.0
2900.5
6538.5
8145.5
68.0
7996.0
26877.0
8143.0
6827.5
9087.5
68.0
3663.0
5068.5
2861.0
68.0
7718.0
629.5
2070.0
943.5
3863.5
0
16416.5
5416.5
21249.5
458.0
6922.5
68.0
10776.5
68.0
8141.0
1345.5
3287.5
68.0
1002.5
8333.5
68.0
68.0
1706.5
2242.0
68.0
68.0
1368.0
927.0
960.5
5377.5
68.0
68.0
1034.0
68.0
19194.0
68.0
2350.5
68.0
4585.0
2778.5
4587.0
14343.0
5013.5
18663.5
68.0
9919.5
10230.5
8565.5
1258.5
612.5
14387.5
5558.5
3291.0
68.0
16083.5
4441.5
14734.0
68.0
438.5
68.0
4625.0
10217.0
1409.5
1038.5
68.0
68.0
12882.0
15311.5
5422.0
7588.0
22334.0
68.0
7169.0
3494.0
6509.0
68.0
11295.5
6224.5
68.0
10554.5
12440.5
15371.5
2096.5
1488.5
1209.5
438.5
68.0
4063.0
5930.0
9402.5
1034.0
9890.0
1012.0
68.0
1611.5
68.0
4449.5
68.0
4499.0
68.0
68.0
3124.5
10663.5
3453.5
2301.5
68.0
3805.5
19974.5
18715.0
9829.5
1584.5
68.0
1016.5
12524.0
9198.0
68.0
10730.5
6780.5
2661.0
68.0
4459.0
5764.0
6923.5
4053.0
17041.5
3199.0
5397.5
2389.5
23539.0
1036.0
5518.0
22680.0
1426.0
68.0
3828.5
4261.5
0
8825.0
3998.0
458.0
68.0
458.0
926.5
3532.5
20525.0
1406.5
3658.0
10220.0
68.0
2377.0
9858.5
2301.5
2268.0
2222.5
9027.0
68.0
68.0
7510.5
5481.5
1876.0
1370.0
15601.0
1051.0
4509.5
18118.0
4519.0
3170.0
68.0
4078.0
25078.0
68.0
4444.0
68.0
3233.0
13330.5
16978.0
4073.0
0
68.0
5834.5
2745.5
5802.5
3721.5
2753.0
68.0
3623.5
13586.0
68.0
68.0
68.0
1406.5
6847.0
6716.5
4095.0
4684.0
1019.5
68.0
68.0
10191.0
7191.0
1109.0
4162.0
7739.0
13461.5
68.0
5998.0
17552.0
9149.5
2155.5
18333.0
1891.5
543.5
5367.0
2621.0
2374.5
68.0
2428.0
12167.0
163.0
2832.0
68.0
3181.0
1760.5
2356.0
3713.5
68.0
6864.5
9112.5
646.0
9379.5
24493.0
6946.5
2574.0
5028.0
3000.5
2481.5
16667.5
12011.5
22738.5
9023.0
5492.0
1241.0
6686.0
12499.5
68.0
1332.5
68.0
438.5
7264.0
10691.5
7570.5
1608.5
6883.5
10246.0
68.0
3331.5
2355.0
1002.5
68.0
4290.0
4815.5
68.0
14238.0
2696.5
22324.0
755.5
5761.0
3304.5
68.0
828.5
4805.0
6968.0
5848.5
8212.5
10317.5
6003.0
68.0
9843.5
2473.0
629.0
1505.0
3430.0
5554.5
15845.0
68.0
2793.0
8102.0
4561.5
22308.0
68.0
0
4948.0
2405.0
1411.5
12111.5
755.5
68.0
15535.5
3090.0
515.0
21370.5
68.0
68.0
458.0
4312.0
7538.5
9450.0
4274.0
2807.5
543.5
4472.5
5375.0
533.5
68.0
809.0
16373.5
18375.0
2638.0
68.0
8504.5
2669.5
6762.5
68.0
14339.0
17779.0
12098.0
4510.0
4713.5
3638.0
5907.0
68.0
1109.0
11642.0
15917.0
1033.5
5452.5
7011.0
68.0
10004.5
68.0
17858.0
15679.5
68.0
68.0
1895.5
68.0
8540.0
7216.5
2175.0
13923.0
2258.5
1115.5
2764.5
719.0
3655.5
4117.5
68.0
365.5
7575.0
12092.0
163.0
15794.5
2788.0
5463.0
15746.0
1892.0
2077.0
2791.0
68.0
3617.5
2565.5
13834.0
438.5
3152.0
2548.5
8626.5
68.0
2708.5
1860.5
12927.5
68.0
68.0
68.0
68.0
3306.0
2076.0
5866.0
12500.0
68.0
68.0
68.0
11548.5
3576.0
6023.0
1785.5
1126.0
5089.0
926.5
1496.5
10734.5
1898.5
50.0
13791.5
4013.5
2380.5
4141.5
541.0
68.0
2562.5
4969.5
5801.5
3747.5
68.0
6649.0
451.0
68.0
3111.5
12442.0
7437.5
8667.0
3140.5
2809.5
438.5
8627.5
15202.5
10313.5
5411.5
6353.5
5316.0
1499.0
68.0
8561.5
1053.0
12139.5
68.0
13440.0
4147.5
458.0
19231.5
6324.5
3570.0
5554.0
68.0
3555.5
4551.0
1036.0
15148.5
3752.5
7674.5
4961.0
10844.0
68.0
4040.0
612.5
68.0
3290.0
6653.5
3389.0
68.0
21516.5
1760.5
12838.5
944.5

4054.5
8482.0
20347.5
10042.5
2486.5
6215.0
8585.0
2447.5
944.5
9876.0
68.0
1589.0
5054.0
1894.5
68.0
2838.0
5035.5
68.0
1492.0
6291.5
12481.0
7162.0
68.0
68.0
68.0
13075.5
3327.5
153.5
2473.5
68.0
8886.0
5838.0
1926.5
68.0
18302.0
4071.0
0
3611.5
12005.0
11621.5
68.0
629.5
17358.5
5503.5
0
2640.0
8152.5
19224.5
6533.0
3252.5
1317.0
7949.5
68.0
0
14170.0
5516.0
4955.5
12786.0
12053.0
943.5
4091.5
68.0
1953.5
8499.0
1878.0
9873.0
1879.0
2695.5
2357.5
68.0
0
2301.5
68.0
68.0
0
8039.5
68.0
7415.5
14332.0
5331.0
68.0
5783.0
0
719.0
9532.5
2745.0
8475.0
5463.5
2766.5
8517.5
13936.5
612.5
458.0
926.5
8644.5
438.5
16198.0
68.0
5205.0
68.0
2825.5
7124.5
11183.5
5690.5
12904.5
7544.5
646.0
0
8343.0
3085.0
12084.0
24200.5
68.0
629.0
6283.5
22358.0
68.0
4588.0
2558.0
7157.0
2262.5
4576.0
16977.5
11586.0
8988.5
6337.5
0
68.0
10609.0
10032.0
68.0
6903.5
3647.5
2263.0
68.0
6849.0
0
13908.0
0
3993.5
68.0
2239.0
68.0
7211.0
3267.5
68.0
8181.5
68.0
348.5
68.0
1886.5
10854.0
0
4516.0
15687.5
0
17354.5
719.0
7603.5
7168.0
1314.0
5015.5
5777.5
21942.5
68.0
6831.0
3405.0
68.0
7617.5
68.0
1522.5
5425.0
1443.0
6438.5
6383.0
13911.5
6779.5
1424.0
3289.0
1333.5
18709.0
1861.0
8637.5
4516.0
5498.5
4102.0
2580.0
2269.5
10144.0
11652.5
6384.5
1019.5
5845.5
10112.0
5939.0
348.5
6692.0
10480.5
4080.5
14750.0
19295.0
6701.0
17065.5
11609.5
16559.0
68.0
26683.5
2377.0
2389.0
8571.5
9401.5
14453.0
4925.0
2056.5
68.0
13340.5
10593.5
1426.0
1019.0
68.0
19208.5
1951.0
1053.0
5908.0
68.0
1895.5
24730.0
4092.0
1016.5
68.0
15812.0
68.0
9272.0
8967.0
4342.5
2482.0
3113.5
3705.0
68.0
18691.0
8990.0
1768.0
2001.5
1331.5
3691.5
68.0
2504.0
68.0
1225.0
4096.5
2376.0
1036.0
646.0
68.0
646.0
14715.0
68.0
2391.5
68.0
5927.0
926.5
4659.0
68.0
1404.0
455.5
1387.0
1348.5
11085.5
1777.0
8956.5
646.0
68.0
8869.0
68.0
68.0
1016.5
13919.0
3668.5
22344.0
736.0
719.0
537.5
3195.0
9042.5
3301.5
1387.0
13904.5
68.0
68.0
1036.0
2203.5
13986.5
5487.5
961.0
7401.5
983.0
68.0
18604.0
2628.0
3140.5
1002.5
68.0
4197.0
21383.0
68.0
1368.0
6514.5
23135.5
68.0
9344.0
1036.0
13933.0
7135.0
8442.0
17843.0
6245.0
68.0
1875.0
10458.5
19245.0
68.0
910.0
22472.0
16932.0
3213.0
19982.5
2357.5
68.0
14841.0
1385.0
2357.5
4087.5
3559.0
1019.0
13427.5
438.5
12631.0
22866.5
926.5
16173.5
3668.0
12804.0
2700.5
4600.5
14319.5
26702.0
438.5
1861.0
68.0
68.0
23680.0
738.5
1499.0
25834.5
5999.0
5013.5
2792.0
12031.5
15363.5
15581.5
6739.5
9488.5
7599.5
10700.0
5926.5
8525.0
45.5
68.0
2267.5
961.0
438.5
68.0
1631.0
8810.5
8422.5
6383.0
6939.5
9375.0
68.0
5433.0
12087.0
4476.5
1406.5
11390.0
7253.5
22713.5
2642.5
6764.5
438.5
1390.0
12628.5
4027.0
68.0
68.0
612.5
10356.5
458.0
8281.5
627.5
10734.5
1615.0
4296.5
2363.5
7761.0
14374.0
3655.5
5416.0
4880.0
68.0
943.5
23126.5
24081.0
3217.0
11722.0
438.5
8045.0
9045.5
8095.5
82.0
738.5
18651.5
68.0
68.0
7972.5
7690.0
3174.5
15133.5
1051.0
68.0
13067.0
2260.5
68.0
68.0
5663.5
8696.0
5945.0
9941.0
6661.0
8459.0
8695.0
5799.0
3800.5
1019.0
68.0
68.0
68.0
8130.0
12143.0
7595.0
1911.5
1500.0
663.0
736.0
17882.0
20208.5
646.0
1984.5
1770.0
68.0
911.5
68.0
1033.5
68.0
4933.0
6285.0
15391.5
6615.5
85.0
2357.5
6277.5
2725.5
68.0
8510.5
68.0
68.0
4973.0
68.0
0
1016.5
3715.5
68.0
8483.5
6287.0
68.0
5076.5
7639.5
68.0
10479.5
1813.5
2143.5
0
438.5
68.0
12999.0
2374.5
8529.5
1051.0
68.0
2818.5
8238.5
68.0
3697.0
3702.5
719.0
3244.0
8035.5
11419.5
10462.0
3665.5
68.0
1479.5
6986.0
1580.5
8039.5
68.0
3097.0
6906.0
6700.5
7588.0
15.5
2363.0
8452.0
4884.5
3748.0
8579.0
12565.5
5476.5
68.0
2643.5
3991.0
4520.0
3335.5
3687.0
646.0
3216.0
5467.0
1126.0
438.5
983.0
4393.0
1053.0
63.0
1539.0
4079.5
23165.0
20140.0
2764.5
2358.5
68.0
68.0
15695.0
15204.5
11688.0
12466.5
2424.5
2245.5
4068.5
27265.5
68.0
8082.5
9625.0
3146.0
17964.0
68.0
68.0
15116.0
68.0
458.0
12084.5
4658.0
1019.5
68.0
18292.5
9834.0
14267.0
11243.0
0
8015.0
9000.0
348.5
7294.5
163.0
1819.5
16464.0
612.5
3154.5
736.0
7160.5
13427.5
5018.0
3698.5
0
8114.5
5596.0
9451.5
11470.5
50.0
6769.5
68.0
68.0
68.0
17422.5
8498.0
6854.5
1036.0
4590.0
5076.5
68.0
7554.0
17583.5
8999.5
7105.5
2072.0
1877.0
9487.5
0
2357.5
11223.5
6336.5
18696.5
3587.5
68.0
6664.5
9421.0
13925.5
0
1785.0
16972.5
68.0
646.0
458.0
0
1802.5
1389.5
68.0
68.0
1392.5
2301.5
1984.5
2787.0
68.0
68.0
77.0
4108.5
4997.5
4269.5
68.0
11362.0
8484.0
68.0
1029.0
10393.0
0
0
4455.5
7660.5
1569.5
7996.5
68.0
2727.0
68.0
4568.0
4496.0
68.0
68.0
22294.5
4474.0
4555.0
68.0
4451.5
348.5
68.0
1593.0
1036.0
68.0
68.0
4891.5
7753.5
9011.5
68.0
68.0
3542.0
68.0
0
6455.5
3118.5
4653.5
5041.0
1019.5
10349.0
438.5
68.0
0
1801.5
4666.5
3289.5
68.0
68.0
68.0
629.5
12417.0
5430.0
8024.0
173.0
926.5
4185.5
19557.5
981.0
68.0
11948.5
3575.5
6272.0
68.0
0
5040.5
7984.0
3208.5
2747.5
7029.0
7319.0
8088.5
3302.0
2218.5
68.0
68.0
10886.0
927.5
68.0
365.5
45.5
4567.5
21946.5
5935.0
13888.5
1876.0
4466.0
1413.0
68.0
68.0
3023.5
15471.0
8141.5
0
7064.0
0
2694.5
68.0
68.0
3249.0
68.0
68.0
1805.5
1387.0
2364.0
8217.0
68.0
5052.5
14834.5
3115.0
25353.0
68.0
68.0
1109.0
646.0
0
22261.5
612.5
1818.0
68.0
68.0
2235.5
54.0
24237.0
15806.0
68.0
526.0
68.0
2526.5
4017.0
68.0
2257.0
2477.0
15884.5
20088.5
1019.0
2910.5
627.5
629.0
2919.0
13503.5
11221.5
26239.5
3684.5
68.0
68.0
6361.0
458.0
2958.5
68.0
25987.5
2360.5
3025.5
2391.5
7654.5
2989.5
4513.0
5463.0
6422.0
4447.5
5525.5
68.0
5898.0
1869.5
17794.0
7994.5
15153.0
1318.0
10715.5
68.0
9841.0
5962.0
22319.5
5576.5
50.0
68.0
1504.5
7986.0
5370.0
17104.5
10464.0
11046.5
68.0
646.0
1785.5
13047.0
4400.5
68.0
8074.5
4988.5
9483.5
10974.5
3070.5
506.0
5533.0
18334.5
14839.5
3186.5
11125.0
543.5
3116.0
12375.0
68.0
68.0
68.0
3160.0
11641.0
1858.0
12874.5
16285.0
12935.5
7968.5
2245.5
6784.0
6433.0
6809.0
5993.5
13519.0
10411.5
12083.5
7107.5
5007.5
10746.5
2348.5
17356.0
3676.5
68.0
2807.0
6306.5
15000.0
4043.0
1334.0
20286.5
68.0
68.0
11106.0
2826.5
68.0
6867.0
1499.0
3221.5
3248.0
12009.5
68.0
68.0
5322.0
68.0
3637.5
6443.5
2747.5
68.0
910.0
8603.5
3525.0
1012.0
5543.0
1411.5
68.0
1482.5
922.0
68.0
7601.0
9145.5
68.0
68.0
8931.5
3253.5
6823.5
68.0
4048.0
68.0
543.5
1580.5
9908.0
20009.5
68.0
4330.5
1488.0
4915.5
19281.5
7900.0
13825.0
0
8648.0
2750.5
11802.5
9951.0
9899.5
1404.5
5843.5
2548.5
10481.5
24986.0
17775.0
2638.0
68.0
68.0
5791.0
9054.0
4504.0
68.0
3662.0
1502.0
68.0
4720.5
68.0
11731.5
68.0
0
18459.5
1390.0
458.0
68.0
5487.0
9351.5
50.0
4464.0
77.5
2382.0
10724.0
524.0
533.5
68.0
6805.0
5788.5
68.0
0
534.5
3627.5
7908.5
6662.5
68.0
20187.0
1218.5
68.0
68.0
11184.5
1869.5
1559.0
1218.5
8121.0
68.0
68.0
68.0
2284.5
1331.0
13152.5
6700.0
5772.0
68.0
68.0
29.0
1019.0
4718.5
13826.5
22068.0
5915.5
6669.0
3317.5
3299.5
4540.5
4102.0
348.5
2299.5
5943.5
4653.0
68.0
5050.5
8025.0
6261.5
9340.5
3416.0
13506.5
13041.5
21636.5
6652.5
68.0
13482.5
2650.5
5554.5
7250.0
68.0
10360.0
14726.5
68.0
68.0
3803.0
2849.5
68.0
3236.5
2435.5
2555.0
1479.5
2970.5
2338.5
7138.0
1106.5
68.0
10459.0
6363.5
2854.5
614.0
7771.0
68.0
909.5
4476.0
1109.0
646.0
68.0
1800.5
3138.5
5980.0
7640.0
1585.5
4041.0
6043.0
10306.5
438.5
68.0
22339.5
663.0
8223.5
1427.5
68.0
9787.0
27425.5
12017.0
18911.0
68.0
8535.0
4882.5
68.0
6357.0
11495.5
5144.0
828.5
7558.5
2560.0
612.5
3703.5
1894.5
16339.0
68.0
1373.0
3113.5
2598.0
68.0
68.0
1982.0
11895.0
2823.5
3951.5
6533.5
3798.0
2284.0
25385.0
3234.0
14802.5
2374.5
1387.0
8497.0
11664.5
26011.0
8449.5
15750.0
0
348.5
710.0
6284.0
10988.5
629.0
438.5
1811.5
5214.0
11227.0
1785.0
6641.0
1128.5
4553.0
6283.0
68.0
68.0
1036.0
68.0
11687.5
20085.0
68.0
5797.0
2057.5
68.0
16057.0
68.0
6689.5
7397.5
11247.5
10783.0
7577.0
16164.0
3118.0
612.5
68.0
438.5
14067.0
14289.0
10812.5
4105.0
2060.0
5038.5
2451.0
15559.5
1684.5
6763.0
7107.5
5789.0
5091.0
3497.5
4267.5
3141.0
4931.5
8932.0
1968.5
2245.5
2473.0
68.0
8769.0
68.0
5860.5
2378.5
1342.0
11170.5
68.0
9595.0
4658.0
4064.5
4552.5
153.5
2689.0
12905.5
14793.5
458.0
14416.0
348.5
2077.0
9081.0
7675.5
16660.5
4417.0
3234.0
21765.5
15584.5
68.0
10263.5
3342.5
11399.5
3442.5
1099.0
1019.0
1092.5
943.5
68.0
3404.5
20598.0
2276.5
9049.5
68.0
4325.5
10079.5
9101.0
1867.5
5948.5
0
16114.5
6710.5
1995.0
16125.5
6242.5
1595.0
6889.0
5307.5
10315.0
11252.0
24029.5
8392.5
2338.5
7137.5
2001.5
4049.5
68.0
68.0
2656.5
6774.5
9793.5
3833.5
68.0
68.0
1861.5
8743.0
2766.0
10269.5
646.0
68.0
4473.5
6352.0
7427.0
4657.5
2736.0
9523.0
0
4476.5
4518.0
533.5
3097.0
3101.5
14909.5
1033.5
3550.5
7394.5
1036.0
533.5
3786.5
2745.5
2064.0
24557.0
10268.0
4567.5
5184.0
828.5
7779.5
2691.5
28124.5
7168.0
11638.5
6279.0
7259.0
2008.0
3498.5
1119.0
6365.5
6171.0
1569.5
13153.5
68.0
10332.5
16417.0
755.5
1409.5
68.0
926.5
3125.5
3622.0
9710.5
4535.0
3397.0
8984.0
1109.0
15374.5
8037.5
1297.0
2246.0
68.0
68.0
2069.5
4586.0
7190.0
1109.0
173.0
2565.0
4466.0
4550.0
8989.0
15192.0
6728.5
5898.5
16009.0
2859.0
455.0
68.0
9283.0
3675.5
11219.0
68.0
68.0
68.0
543.5
2356.0
5850.5
7177.0
3679.5
12407.5
11804.0
9579.5
68.0
68.0
2004.0
68.0
4013.0
4486.0
68.0
16096.0
68.0
11186.0
3210.5
926.5
16530.5
4082.0
4462.0
5015.5
1460.5
68.0
10413.5
444.0
7684.0
9038.0
16601.0
68.0
9456.5
68.0
9004.5
68.0
4424.0
7682.0
7642.5
4083.5
9472.0
943.5
1070.5
4017.0
6398.5
68.0
22367.0
6281.0
3097.5
68.0
68.0
926.5
2711.5
9806.0
3106.5
12087.0
2284.5
1595.5
6435.0
1858.0
4935.5
4135.5
4567.5
68.0
6299.0
10045.5
3676.0
68.0
612.5
68.0
68.0
1702.0
5047.5
348.5
15416.5
10766.5
68.0
852.5
68.0
3062.0
438.5
438.5
8575.0
68.0
1387.5
6731.5
4017.0
1884.5
11113.5
13652.5
1928.5
68.0
68.0
2657.5
12672.5
458.0
8959.0
153.5
68.0
1522.5
5869.0
3079.5
68.0
68.0
68.0
1848.5
7392.0
9069.5
16569.5
68.0
4119.0
15180.0
5387.5
943.5
1929.0
68.0
0
68.0
68.0
848.0
7660.0
5030.0
4974.5
68.0
4039.5
68.0
1894.5
3562.0
5990.5
68.0
2463.0
3272.5
1387.0
2746.0
8122.5
537.5
4131.5
1480.0
2752.5
13916.0
7120.0
7574.0
2060.0
68.0
6353.0
2750.5
68.0
12420.5
6276.0
68.0
8333.0
2222.5
68.0
20982.5
9954.0
12627.0
1479.5
5852.5
14354.0
3823.0
5823.0
10396.0
7583.0
1363.5
12086.5
8930.5
5916.0
4059.5
4985.0
3143.5
68.0
68.0
68.0
978.5
9359.0
20137.5
8010.5
646.0
3975.5
3101.5
1583.0
68.0
8934.0
3576.5
2374.5
10355.0
3121.5
68.0
5856.5
629.0
14776.5
68.0
68.0
68.0
1331.5
3362.5
2574.0
68.0
1395.0
10054.0
1728.5
9451.5
4167.5
68.0
3804.0
3183.0
68.0
3144.0
5895.0
1417.0
1505.5
68.0
24441.5
1406.5
11999.0
3029.0
1413.0
4187.5
85.0
68.0
6111.5
68.0
68.0
1948.5
458.0
5015.5
3957.5
646.0
8979.0
1704.0
943.5
3994.5
8535.0
6518.0
68.0
3646.0
68.0
1471.0
8578.5
4633.5
3314.5
8509.5
2372.0
7636.5
68.0
3231.0
26550.0
8696.0
9325.5
2439.0
1131.0
8886.5
4923.0
3160.0
1005.0
438.5
8912.0
1409.0
10316.0
1016.5
5757.0
9362.0
3231.5
1704.0
9018.0
6344.5
11706.0
11010.0
10184.0
10211.0
68.0
16479.5
68.0
12469.0
2078.0
1521.5
24472.5
5337.5
68.0
1019.0
7732.0
999.5
8976.0
3601.5
4092.5
15121.5
1423.5
68.0
1126.0
1333.5
4113.5
5274.0
8046.5
68.0
3233.0
3117.0
1875.5
68.0
10316.0
12983.0
68.0
68.0
7298.5
4589.5
2302.0
68.0
3332.5
1499.0
1426.0
3525.0
68.0
6280.0
3669.0
8155.0
1522.5
5436.5
3129.0
68.0
13291.5
68.0
68.0
68.0
68.0
1947.0
12479.5
3617.5
68.0
15706.0
6002.5
5965.0
23220.5
4125.0
5411.0
1611.5
14826.0
7210.5
68.0
8891.5
1992.0
1877.5
1910.0
2829.0
21193.0
26848.5
6402.5
719.0
1370.5
15233.0
17374.5
1019.5
6271.0
27719.5
21505.0
14682.0
8161.5
1582.0
27621.0
4161.5
2355.0
17990.0
68.0
5875.0
8779.0
13156.0
68.0
20923.5
927.5
68.0
5879.0
751.0
5042.0
6914.0
5947.0
26389.0
8117.5
9093.0
9430.0
12579.0
629.0
999.5
8193.0
11164.0
11827.0
8083.0
11433.5
68.0
21873.5
1819.0
68.0
738.5
68.0
1033.5
629.5
5613.5
20082.0
16934.0
926.5
663.0
4909.0
1016.5
4072.0
68.0
68.0
9010.5
68.0
8006.0
724.0
4623.0
8927.0
13121.5
3670.0
13443.0
1423.5
5857.0
4235.0
68.0
910.0
1614.0
5021.5
8074.5
9434.0
736.0
9015.0
5526.0
4000.5
8099.5
2481.5
2079.5
646.0
8976.5
5686.0
1316.5
1129.5
11555.5
10988.5
629.5
9015.0
2049.0
1016.5
68.0
1499.0
68.0
10356.0
3244.5
10504.5
6115.5
0
21380.0
68.0
68.0
8005.0
12133.5
5407.0
68.0
3253.0
68.0
1875.5
7282.5
68.0
10037.0
1577.5
26375.5
16617.0
3641.5
68.0
26316.5
10925.5
7548.5
68.0
6157.5
629.0
2364.0
68.0
21119.0
12451.0
4199.0
26235.5
6289.5
3072.5
68.0
68.0
68.0
8253.0
1911.5
629.0
21409.0
10362.5
68.0
68.0
4179.0
4988.5
16904.0
646.0
2247.5
13844.0
1561.0
1037.0
68.0
736.0
68.0
68.0
3584.5
17848.5
5790.0
5456.5
3565.5
11547.5
2167.0
68.0
19119.5
3982.5
1019.5
22320.0
5336.0
2467.0
11438.0
4996.0
1333.5
7413.0
16134.5
9511.5
627.5
646.0
3587.0
68.0
2080.0
1331.5
6000.0
68.0
5876.5
68.0
3560.5
5020.5
2301.5
17841.0
3175.0
12549.0
3805.5
2109.0
7285.5
1207.0
4492.0
5523.0
68.0
944.0
68.0
3716.5
1836.5
507.5
3072.0
68.0
9421.0
1473.5
7647.5
3775.0
7499.5
909.5
68.0
68.0
68.0
68.0
23216.5
68.0
68.0
18691.0
68.0
5370.0
1441.0
13478.0
6258.0
629.0
4120.0
11355.5
27229.5
68.0
3460.5
68.0
2058.5
68.0
11750.0
365.5
998.0
1614.0
1033.5
1815.0
17039.5
738.5
1985.5
6676.0
25319.0
2002.0
12631.5
68.0
21101.0
1539.5
2360.5
1670.5
5507.0
68.0
9470.0
9515.5
646.0
5921.0
68.0
2860.5
4660.0
10345.0
10981.5
717.0
6312.0
7103.0
6444.5
68.0
1333.5
68.0
1517.0
68.0
629.0
5917.0
5459.0
10624.5
6426.5
3938.0
1406.5
68.0
5457.0
4068.0
1670.5
19171.5
2432.5
13765.0
3389.0
4059.0
3052.0
2096.5
10752.5
4670.0
1877.5
68.0
3042.5
14318.0
68.0
14023.0
5851.5
629.5
68.0
18262.5
719.0
68.0
12937.0
365.5
1356.5
1019.5
18866.5
1127.5
3717.0
1016.5
3964.5
7269.5
5146.0
68.0
1503.0
68.0
45.5
8426.0
1875.0
4984.5
11199.0
4146.5
23541.0
15121.5
68.0
16473.5
68.0
6363.0
13067.5
10283.5
68.0
629.0
45.5
8480.5
4950.5
4409.0
3262.0
15664.0
8044.5
4063.0
612.5
1612.5
68.0
10231.0
4404.0
3685.5
8177.5
1036.0
646.0
68.0
8143.0
2262.5
13086.5
2815.5
4805.0
10652.5
0
22691.0
3029.5
68.0
443.5
6284.0
17380.5
10366.0
438.5
4141.5
2807.0
68.0
19220.5
68.0
1796.0
14656.0
7692.5
19140.5
5949.5
0
7122.5
68.0
2173.5
23680.5
5163.0
10823.5
8159.0
3634.0
0
12477.0
2257.0
13237.0
828.5
1016.5
1406.5
444.0
4536.5
3628.5
9310.5
4125.5
6690.0
68.0
1145.5
7662.5
10857.0
68.0
7926.0
4499.5
3869.0
68.0
4185.5
5428.5
0
1766.5
13816.5
6391.0
68.0
6222.0
4171.0
1781.5
8216.0
68.0
68.0
68.0
4217.0
68.0
1883.0
5851.5
1801.5
68.0
68.0
5852.0
2482.0
9059.5
7639.0
22895.5
9025.0
10345.5
13783.0
3602.0
68.0
8107.5
5878.0
5406.0
16557.0
68.0
23813.5
68.0
927.5
4472.0
10587.5
24144.5
534.5
16955.0
9056.5
3602.0
2672.0
12763.0
4092.5
5772.5
1691.0
736.0
20531.0
68.0
68.0
68.0
4033.5
1106.5
3612.0
3652.0
4468.0
4341.0
15355.5
10046.0
1499.0
943.5
8014.0
68.0
7108.0
68.0
13507.5
728.0
68.0
68.0
4472.0
1857.0
3457.5
4492.5
68.0
3957.0
1004.5
68.0
4075.0
1016.5
16617.0
5203.5
2711.0
9495.0
1486.5
6939.0
6834.0
8097.5
438.5
1385.5
11140.5
68.0
68.0
2762.5
68.0
68.0
68.0
7268.5
68.0
68.0
10361.0
4104.0
11607.5
68.0
3892.5
11702.5
9994.5
2987.5
1105.0
3180.5
14519.0
4052.5
9373.0
533.5
7141.5
11774.0
1939.0
3621.5
68.0
68.0
1967.5
19711.5
3802.5
1409.0
9838.5
16966.0
10745.0
13881.5
15160.0
68.0
68.0
5900.5
18262.5
8462.0
1479.5
18465.0
68.0
533.5
4495.0
0
1876.0
1000.0
3369.0
4924.5
1033.5
68.0
14850.5
1595.5
7774.5
0
12033.0
3374.5
1894.5
68.0
7311.0
4087.0
0
1889.0
2229.5
910.0
1522.0
13350.5
6819.5
944.5
5455.5
5060.0
939.0
1424.0
1906.0
17682.0
18277.5
6388.5
68.0
68.0
10817.5
1875.0
438.5
5496.0
19692.5
10823.5
2804.5
12528.0
7735.5
0
8012.5
4570.0
1891.5
68.0
2335.5
5836.5
7591.0
4461.5
6214.5
0
2741.5
2614.5
10774.5
6809.5
8267.5
1370.0
3614.0
1016.5
1479.5
68.0
2347.5
4040.5
68.0
931.5
68.0
1207.5
2827.5
20295.0
4260.5
12119.0
68.0
18701.0
3056.5
0
0
8394.0
19694.0
6002.0
11068.5
1406.5
4550.5
0
7071.0
2835.5
5800.0
68.0
8983.5
68.0
2225.0
68.0
2709.0
68.0
68.0
5063.5
0
8862.5
68.0
6221.5
68.0
9048.0
3437.5
68.0
4124.0
3543.0
3238.5
68.0
10361.0
10594.5
7207.0
438.5
25003.0
999.5
15166.0
68.0
2300.0
2762.0
68.0
5049.5
2415.0
2791.0
1504.5
68.0
15191.0
17920.0
2265.0
9874.0
3243.0
4775.5
5832.5
16458.0
4393.5
12933.0
68.0
529.0
6312.0
4103.0
5491.5
1594.5
1777.0
68.0
2296.0
18781.0
2344.5
3301.0
68.0
2281.0
3302.0
4161.5
3214.5
68.0
4030.0
25030.5
1951.0
68.0
3101.0
0
68.0
12158.0
2784.5
7275.0
20893.0
68.0
6706.5
6307.0
537.5
1967.5
68.0
5501.5
6273.0
6925.0
717.0
12074.0
12949.0
8900.5
1704.0
68.0
2698.5
6238.0
6466.0
11628.5
5591.5
68.0
68.0
6728.0
5904.5
12168.0
10730.5
27245.0
1479.5
4836.0
18566.0
365.5
6756.0
5206.0
0
2862.5
5807.0
3623.5
2219.5
458.0
4176.5
6754.5
926.5
3464.5
11854.5
14398.5
13205.0
1911.5
4177.0
1479.5
68.0
68.0
458.0
14335.5
11404.0
8489.5
11624.0
4994.5
4396.0
11260.5
68.0
1779.5
20025.5
68.0
3225.0
7210.0
7196.0
3549.0
2422.0
4557.5
438.5
0
9310.0
8909.5
68.0
68.0
68.0
0
3845.0
0
438.5
68.0
17388.5
68.0
1841.5
6355.5
68.0
12173.0
6339.0
10712.0
2708.5
2084.0
736.0
68.0
11720.0
9804.0
5448.5
6129.0
11130.5
0
2615.0
68.0
12030.5
11060.0
68.0
4303.5
68.0
68.0
7612.5
1951.0
5925.0
4443.0
1053.5
663.5
68.0
3064.5
12152.0
8963.5
8136.0
68.0
68.0
68.0
6295.0
68.0
2077.0
5067.5
24641.5
0
1019.0
2004.0
14334.0
1389.5
8572.0
68.0
2175.5
2265.0
68.0
1908.5
7413.5
173.0
14242.0
10357.5
8039.0
7139.0
28164.0
1424.0
5477.5
9403.0
16447.0
3209.5
8980.0
68.0
12568.0
9355.5
6764.5
7223.0
612.5
21812.5
11228.5
11539.5
4463.5
68.0
15144.5
10313.5
3231.5
3638.5
6815.5
8293.5
9916.5
3660.0
10783.0
11631.5
4954.0
68.0
6652.0
629.0
68.0
981.0
11550.5
68.0
21270.5
14087.5
6733.0
17346.0
4047.0
11649.0
6330.0
17285.5
7140.5
2721.0
11847.5
3657.5
8528.0
68.0
1927.0
10284.0
6476.5
8620.5
2747.5
1389.5
68.0
926.5
8006.5
944.0
10325.5
12879.5
1701.5
3549.0
25746.5
1370.0
68.0
13774.5
629.0
68.0
828.5
1089.5
68.0
18274.5
12946.0
68.0
11133.5
12165.0
458.0
8126.5
5558.0
68.0
68.0
943.5
68.0
6761.5
68.0
2728.5
7563.5
4640.0
5113.5
12341.5
10844.5
163.0
596.0
2967.5
10229.0
7607.0
3710.5
1479.5
1332.5
1004.5
5919.0
68.0
3657.5
68.0
3175.0
10559.5
8914.5
21780.5
68.0
1717.5
10351.0
736.0
2372.0
438.5
7740.5
68.0
68.0
68.0
17829.0
702.5
612.5
8148.0
9414.5
6770.0
935.5
2153.0
68.0
1912.5
13439.5
2628.0
554.5
458.0
2857.5
9971.5
9924.5
17953.5
7038.0
3680.0
4887.0
68.0
10919.0
68.0
2731.0
3553.0
5020.0
17462.0
2636.0
1944.0
9835.0
68.0
9756.5
1180.0
68.0
9790.5
10492.5
2582.0
4576.5
1106.5
68.0
18142.0
0
9000.5
1499.0
68.0
755.5
8315.5
9499.5
68.0
893.0
4958.0
1199.0
68.0
4471.0
960.5
0
68.0
5956.0
3723.0
4058.5
11477.0
1475.0
2667.5
68.0
68.0
68.0
68.0
9324.5
68.0
9482.5
1844.5
7956.0
6851.5
68.0
68.0
8988.0
4201.0
9362.0
68.0
68.0
4093.5
3105.5
6237.5
5175.5
11580.5
68.0
29667.0
14669.5
12433.0
5428.5
1034.0
3214.5
7454.5
68.0
1016.5
8960.5
13328.0
438.5
19650.0
7155.5
68.0
5
68.0
647.0
6712.5
6902.0
4594.5
10244.0
9354.5
7494.5
3605.5
1877.0
68.0
8096.0
68.0
2297.0
1912.0
2669.5
2176.0
11581.0
3637.0
1334.0
3633.0
18625.0
8083.5
7674.0
68.0

4145.0
2507.0
1594.0
68.0
2004.0
0
10219.5
2441.0
5558.5
4066.5
3113.5
1929.5
736.0
1034.0
68.0
2327.5
68.0
5021.0
1333.5
68.0
3287.5
828.5
7645.0
11851.5
4530.5
1514.0
68.0
10672.5
1778.5
1297.0
8584.0
10683.5
5507.5
21042.0
1499.0
22817.0
5013.0
4653.5
736.0
8000.5
4926.5
0
13810.5
3714.0
1019.5
16385.0
5967.5
1654.0
23184.0
5913.0
3646.0
81.0
438.5
5422.0
2031.5
9414.5
68.0
68.0
26837.5
927.0
1612.0
68.0
68.0
9771.5
68.0
1350.0
7601.5
10856.0
68.0
4588.5
68.0
17021.0
3808.0
2323.5
10299.5
6763.5
5665.5
68.0
68.0
6870.0
3406.0
3126.5
1875.0
10603.0
68.0
6513.0
2302.5
17485.0
68.0
5007.0
0
1033.5
6080.0
1593.0
755.5
4672.0
7614.0
7457.0
7716.0
5248.0
18719.0
438.5
2873.5
68.0
13440.5
11249.5
7155.0
68.0
5742.0
68.0
2847.0
153.5
12929.0
627.5
10308.5
4591.0
68.0
5035.5
68.0
13889.0
1685.0
68.0
365.5
6198.0
1426.0
9016.0
5686.5
458.0
17876.5
5463.0
2316.0
458.0
1538.5
68.0
9455.5
4481.5
68.0
68.0
12495.5
68.0
438.5
6073.5
2544.0
6563.5
68.0
68.0
12507.5
4058.0
6847.5
1522.0
2653.0
1895.5
3153.5
11648.0
6715.5
3276.0
1561.0
438.5
4030.5
16023.5
2004.0
4491.0
5102.5
68.0
68.0
24264.5
10538.5
438.5
4946.5
1479.5
11676.0
2268.0
16731.5
5520.0
633.5
3695.0
1785.5
16976.0
2750.0
2731.0
68.0
2004.0
1199.0
11015.5
6318.0
0
4920.0
20121.5
4015.5
13375.0
9966.5
20031.5
54.0
457.0
8109.5
2471.0
1016.5
19825.0
9446.0
6315.0
1016.5
1520.0
9035.5
1406.5
1406.5
7174.5
7556.0
10364.5
68.0
1779.5
13100.0
5971.5
4467.5
68.0
14186.5
68.0
3781.5
10376.5
928.5
68.0
0
14303.0
13791.0
4118.0
4735.0
11252.0
18663.5
18303.0
68.0
17375.5
8498.0
68.0
1912.5
438.5
1109.0
4713.0
6735.0
22750.0
16836.0
68.0
1112.0
68.0
68.0
15169.5
7544.5
14978.0
1948.0
5836.0
68.0
1999.0
6796.5
7776.0
68.0
68.0
11289.0
68.0
1409.0
68.0
12195.0
458.0
10215.5
11719.5
2081.5
4130.0
68.0
68.0
68.0
6293.0
1014.5
10959.0
4555.0
7231.5
1724.0
68.0
8145.5
68.0
68.0
9268.5
1404.0
17974.0
2679.5
12946.5
8446.0
6143.0
1496.5
4529.0
5751.0
553.0
10720.0
4562.5
910.0
19292.5
3346.5
736.0
3485.0
10355.0
1494.5
9343.0
4977.0
3307.0
2563.0
7247.0
16098.0
68.0
4995.5
68.0
9488.0
6773.5
68.0
68.0
68.0
68.0
7273.5
19379.5
68.0
68.0
8107.0
10358.5
10755.0
1089.5
926.5
13586.5
17859.5
6643.5
4509.0
6365.5
21017.0
68.0
68.0
7603.5
5911.0
11642.0
4941.0
8699.0
14819.5
3597.5
2230.5
1033.5
3595.5
6347.5
2748.0
68.0
629.0
7091.0
961.0
646.0
3159.0
68.0
10844.5
68.0
68.0
2355.0
1595.5
2374.5
1858.5
5009.5
15639.5
4469.0
1682.5
68.0
3130.5
3723.0
68.0
12469.5
0
443.5
348.5
68.0
629.0
3713.0
3252.5
7061.0
68.0
13559.5
10914.5
5930.5
9012.0
6723.5
5759.5
6296.0
68.0
3504.5
1014.5
2718.0
8194.5
68.0
1489.5
7455.0
11616.5
1894.5
7123.0
68.0
4937.0
5600.0
14244.0
7603.0
2389.0
3009.0
7602.5
521.0
68.0
68.0
2355.0
11643.5
12098.5
153.5
68.0
1331.0
10268.5
8041.0
2537.5
540.0
5362.5
5497.5
68.0
1299.5
5315.5
2873.0
6402.0
17801.5
2267.5
68.0
68.0
19696.5
5337.0
68.0
3663.5
10345.5
4953.5
8425.5
3637.5
1014.5
2094.0
8151.0
68.0
68.0
6689.5
10356.0
3586.0
6358.5
68.0
16883.0
9006.5
2321.0
1492.0
2005.0
1505.5
6582.5
1429.0
3692.0
9924.5
68.0
68.0
2825.5
68.0
2248.5
15596.0
3190.0
646.0
5422.5
20046.0
944.0
2336.5
11796.5
6198.0
68.0
2787.0
2374.5
943.5
2772.0
6393.0
9002.5
9502.5
1218.5
4495.0
5071.0
68.0
1479.5
68.0
5355.5
2529.0
19141.0
11983.0
3216.5
2706.0
1875.0
627.5
15560.5
13046.0
438.5
0
3784.5
11605.0
18910.5
1016.5
68.0
5842.5
7124.5
68.0
4597.0
68.0
7273.0
3660.5
4940.0
7196.0
20604.0
11920.0
68.0
4505.0
7717.0
7193.0
1736.5
8134.0
68.0
68.0
5392.5
68.0
68.0
1329.0
2768.5
10202.5
6605.0
68.0
6138.0
22795.0
6292.0
4436.5
6994.5
5974.0
1445.5
1423.5
1463.0
3268.5
1033.5
4922.0
68.0
3081.5
1863.5
1036.0
68.0

68.0
1504.5
5169.0
8983.0
11570.0
4547.0
1784.5
7230.0
2334.0
4553.0
68.0
8984.5
68.0
10916.0
4289.5
3595.5
2529.0
14248.0
663.0
2794.5
3168.0
9800.0
5392.0
68.0
15534.0
4475.0
5877.0
9072.5
9463.5
16401.0
16663.0
68.0
68.0
13483.0
68.0
2219.0
1036.0
5809.5
15672.5
612.5
1019.0
9999.5
926.5
22634.5
68.0
6088.5
7238.5
5809.5
163.0
24535.0
6488.0
14724.5
736.0
22777.5
68.0
5843.5
68.0
11675.5
1089.5
2861.0
5711.5
2458.0
68.0
8984.5
1965.0
1522.0
3041.5
68.0
2377.0
7299.0
4518.5
8542.0
1409.5
12027.0
6774.5
16113.0
2379.0
1786.0
1406.5
24163.5
68.0
4646.0
6548.5
3102.5
7213.0
1126.0
68.0
68.0
68.0
7390.0
1345.0
7568.5
4028.5
11021.0
68.0
24459.5
3530.5
68.0
9882.5
11246.5
4435.5
17010.0
21607.0
2340.5
9765.5
3128.0
68.0
1690.0
1128.5
11469.0
1980.5
19172.0
8102.5
2237.0
2959.5
68.0
14403.0
11999.0
5798.5
348.5
469.0
6274.0
2429.0
68.0
1019.5
0
1314.0
1965.0
4358.0
4353.0
9895.5
17878.0
10264.0
9131.0
1479.5
3706.0
17477.5
2586.5
9428.0
68.0
68.0
8578.0
2338.0
4184.0
13940.0
68.0
1843.5
7579.0
68.0
16978.5
943.5
1763.0
4115.0
15149.0
5499.5
11184.0
19618.0
68.0
4898.5
18396.0
629.5
3177.5
68.0
5973.5
68.0
68.0
11115.0
6491.5
3525.0
163.0
8247.5
3619.0
16088.0
4463.0
1033.5
68.0
9635.0
5333.0
8969.0
1691.0
68.0
68.0
13036.0
68.0
13945.5
16609.0
16692.0
537.5
4835.0
19203.0
68.0
2394.5
7772.0
13439.0
68.0
2212.0
68.0
3638.0
68.0
11961.5
1499.0
1242.0
19191.0
68.0
17391.0
1033.5
6734.5
4100.5
68.0
16529.5
4117.5
10753.0
2374.5
7430.0
1499.0
68.0
948.5
68.0
12084.5
19307.0
8014.0
13457.5
68.0
2835.0
12098.5
1890.5
4956.0
4347.0
8025.0
2805.5
68.0
17592.5
26363.0
1389.5
8183.5
9995.5
8582.0
4714.0
8272.0
6543.5
6780.5
1569.5
68.0
18097.0
1179.5
5854.0
4560.5
2246.5
15974.5
6283.0
11193.0
68.0
2800.0
3385.0
5568.5
8937.5
6015.5
5079.5
7532.5
553.0
68.0
3035.5
68.0
9917.0
1019.0
1723.5
27606.5
16734.0
438.5
3230.5
8591.5
9374.5
17619.5
163.0
1799.0
68.0
10061.0
68.0
5472.0
2742.5
68.0
68.0
68.0
18873.5
8485.5
5676.5
2481.5
68.0
68.0
12608.5
18304.5
10236.5
4782.5
2299.5
1789.5
5096.5
1477.5
1408.0
8149.5
68.0
18859.0
2576.0
16920.0
4939.5
8308.0
12056.5
68.0
5909.5
3124.0
938.5
11783.0
4098.5
12169.0
5449.5
24138.5
5491.5
3671.5
1385.5
68.0
10802.5
9009.0
1036.0
3844.0
2348.0
5041.5
7120.5
21489.0
2245.5
6292.5
26361.5
2207.5
443.5
1819.5
4120.5
4202.5
1768.5
13018.0
9409.0
5855.5
68.0
7654.5
1796.5
3149.0
999.5
7587.5
14588.5
3673.5
1876.0
68.0
7205.5
68.0
9078.0
2609.0
1499.0
629.0
6082.5
541.0
11267.5
506.0
1794.0
1821.0
13475.0
25771.0
1565.0
8456.0
22001.0
15220.5
68.0
21785.0
11989.0
438.5
9365.0
68.0
2345.0
68.0
5037.5
9854.5
4025.5
4206.0
4642.5
10865.5
12096.0
5488.0
11105.0
3203.5
1126.0
1406.5
2835.0
21921.5
25347.5
68.0
5391.0
11681.0
16438.0
68.0
4008.0
4984.0
4163.0
68.0
23824.5
8097.0
12560.0
5798.0
6017.5
23695.0
2753.5
13863.5
6027.0
438.5
4199.0
68.0
18255.0
1847.5
4488.0
9656.5
68.0
13860.5
3379.5
641.5
18690.5
5900.0
11697.5
68.0
6124.5
646.0
943.5
4052.5
15347.5
68.0
16060.5
3621.5
2743.0
1036.0
7401.5
11125.5
1881.0
4480.5
21925.5
458.0
10411.5
17452.5
927.0
11239.5
3251.5
2745.0
68.0
68.0
5829.5
9455.5
25438.5
9398.0
13465.0
5467.5
2743.0
2821.0
5455.5
815.5
2282.5
23143.0
68.0
68.0
3696.0
3999.0
163.0
12349.0
6563.0
9974.5
2434.0
925.0
4438.0
12922.5
4138.0
68.0
9926.5
1409.0
0
926.5
7322.5
8382.0
809.0
348.5
15227.5
6137.5
17361.5
5914.0
29466.5
4448.0
5424.5
68.0
5386.0
27094.0
68.0
16113.0
5422.5
5498.0
5838.0
2374.5
12127.0
1036.0
68.0
8578.0
68.0
1107.0
7580.5
3733.0
15905.5
68.0
1002.5
6646.0
25749.0
5354.0
68.0
2781.5
8898.5
5924.5
629.0
68.0
8479.0
68.0
10144.0
1475.5
10714.0
1887.0
11475.5
0
4991.0
926.5
1894.5
12617.0
7045.0
7210.0
1409.0
3719.5
3233.5
5874.0
14322.0
22326.0
447.5
16593.5
926.5
21961.0
13867.0
68.0
9705.0
6405.0
68.0
16878.0
16445.5
2736.0
14959.5
4957.5
961.0
12594.0
11230.0
961.0
9892.5
8726.5
8642.5
1984.5
19425.5
21019.0
7794.0
19646.0
8069.5
68.0
1406.5
738.5

68.0
9114.0
1409.5
1238.0
1126.0
901.0
4075.0
68.0
5819.0
4126.5
8474.0
3404.0
68.0
4045.0
1443.5
7967.0
17599.5
629.0
9413.0
5044.0
1207.0
14359.0
68.0
68.0
21252.5
9903.0

458.0
68.0
458.0
4530.0
11047.0
7135.0
7796.5
3347.0
7656.5
1820.5

68.0
68.0
933.5
68.0
7392.0
68.0
7159.5
12162.5
6713.0
1959.5
13414.5
6108.5
5057.0
27150.0
24029.5
3586.5
68.0
68.0
2826.0
68.0
2697.5
68.0
1504.5
629.0
738.5
3677.5
5369.0
4444.5
68.0
4565.5
11638.5
68.0
2060.0
3250.0
68.0
17780.0
14318.0
68.0
1479.5
68.0
533.5
0
68.0
17010.5
458.0
2757.5
1229.0
11994.5
0
7189.0
3245.0
0
9693.0
7686.0
458.0
68.0
943.5
828.5
22202.5
4803.0
24101.0
2676.5
9334.0
68.0
68.0
10059.0
4968.0
960.5
1331.0
3602.0
4171.5
646.0
4047.5
18852.5
68.0
13512.5
1877.5
10400.0
458.0
10246.0
68.0
68.0
3298.0
1241.5
68.0
7146.0
13531.5
2782.5
471.0
16157.0
68.0
1869.5
11205.0
7973.5
68.0
4610.5
13857.5
68.0
19192.0
68.0
21443.5
7636.5
5011.0
1016.5
68.0
9391.0
1584.5
4460.5
6009.0
9216.5
24953.5
6300.0
2801.5
3606.5
1985.5
8089.5
12590.5
1928.5
2811.5
9033.5
7353.5
11205.0
10677.5
4950.0
8900.5
28523.0
0
68.0
9798.0
10409.0
7791.5
5909.5
0
3997.0
3862.5
10763.0
0
3214.0
3257.0
4584.5
11201.5
24567.5
8743.0
68.0
1826.0
12100.5
68.0
2872.0
0
68.0
18563.5
1799.0
5470.5
4897.0
10935.0
17888.0
943.5
8525.5
541.0
27966.0
1894.5
8590.5
6139.0
0
10558.0
1207.0
7185.0
1409.5
5013.0
1799.0
16107.5
16162.0
1379.5
2232.5
6677.5
3617.0
5460.5
6083.0
7692.0
943.5
17510.0
22164.5
2335.0
3197.5
6595.0
25447.5
3623.0
6883.5
11546.0
8044.5
2361.5
10911.5
1016.5
153.5
0
828.5
13070.0
68.0
1389.5
4824.0
18814.0
1550.0
68.0
68.0
17457.5
10530.5
22721.0
68.0
1892.5
2728.0
1725.0
7223.5
1300.0
4594.5
5519.0
13631.0
68.0
2902.0
0
5417.5
1016.5
68.0
8215.0
17328.0
21012.5
6038.5
68.0
8571.0
68.0
12053.5
8964.5
809.0
68.0
7150.5
13576.0
5033.5
4848.0
68.0
2674.5
24011.0
68.0
438.5
16674.0
2552.5
4832.0
8527.5
14820.0
0
4968.5
20222.5
0
6287.0
68.0
68.0
1016.5
7078.5
4084.0
9787.0
4129.0
16555.0
1348.5
5391.0
1016.5
1471.0
1485.0
26763.5
68.0
0
20595.0
5810.5
458.0
11541.5
7080.0
68.0
8961.0
68.0
10769.0
6691.5
18238.5
68.0
1891.5
3989.0
68.0
10222.5
8110.0
3796.5
3774.5
20800.5
68.0
23939.5
1126.0
4500.0
1423.5
3234.0
11378.5
2669.5
7229.5
943.5
2783.5
4232.0
4473.5
5225.0
5905.5
7185.0
20123.0
68.0
960.5
646.0
4159.5
12099.5
438.5
68.0
68.0
4070.0
10958.0
68.0
4399.0
68.0
5389.5
8591.5
2327.5
2752.0
537.5
68.0
16584.5
7537.5
68.0
4969.0
0
4068.5
1443.5
68.0
68.0
2375.5
6298.5
6630.5
9858.0
68.0
68.0
5961.0
1499.0
6747.0
944.0
12998.5
3189.0
1406.5
5553.5
1421.5
68.0
0
68.0
6459.5
4193.0
68.0
2537.5
2321.0
68.0
1496.5
3121.0
1968.0
978.0
68.0
9870.0
1109.0
68.0
3155.5
2764.5
8798.5
641.5
1783.5
21445.5
11371.0
7219.5
6313.0
9440.0
8164.5
68.0
1909.5
68.0
2633.5
2767.5
5373.0
22681.0
3156.0
3933.0
6276.5
1406.5
2305.0
8012.5
4319.5
4056.5
4514.0
14893.0
0
21469.5
2762.0
8111.0
9130.5
6456.5
68.0
5017.0
3877.0
68.0
3043.0
3770.0
9032.5
18805.5
5227.5
1488.0
5403.5
2846.0
17827.5
68.0
68.0
6339.0
18703.5
6180.0
2158.5
2748.5
1089.5
12973.5
6679.5
18429.0
68.0
68.0
5408.5
8527.0
1802.0
24152.0
21758.5
3558.0
15312.5
17841.5
2690.5
365.5
1496.5
1861.5
2244.5
2685.0
3606.5
5694.0
11153.5
7302.5
14011.5
2797.0
6851.5
5871.5
2077.0
11635.5
68.0
1036.0
755.5
5347.5
5038.0
2239.0
68.0
438.5
68.0
68.0
4984.0
1055.5
68.0
12993.5
68.0
5466.0
1351.0
6346.0
68.0
2818.5
1033.5
12130.0
68.0
1984.5
6012.0
68.0
16560.5
6346.0
12258.0
6338.0
10528.0
11643.5
1926.5
68.0
2953.0
7317.0
8535.0
27242.5
26257.5
3582.5
11268.0
68.0
68.0
0
18209.5
68.0
16437.0
1706.5
2139.0
27351.0
3670.5
1392.5
736.0
68.0
20981.5
943.5
1878.0
25850.5
3045.0
68.0
3587.5
4373.5
3309.5
2018.5
12042.5
15179.5
11199.5
8046.0
9419.5
5417.0
5808.0
3559.0
68.0
68.0
68.0
10319.0
68.0
7106.5
68.0
68.0
2338.5
10897.0
5020.5
68.0
4111.5
5841.0
18458.0
1409.5
2823.5
14859.0
5683.5
68.0
10239.0
3197.5
6250.0
24099.5
3201.5
68.0
1409.0
68.0
740.5
3072.5
3238.0
6383.5
4439.5
5787.0
3665.0
1017.5
1584.5
68.0
15265.5
4922.5
68.0
8449.5
8974.0
2746.0
18298.5
3190.0
10602.5
5350.5
5257.5
3720.0
8489.0
68.0
27664.0
1000.0
68.0
6799.0
3540.5
1334.5
9793.5
10782.0
1053.0
4784.0
2299.5
22807.5
7610.5
3194.5
163.0
8079.0
9399.0
1297.0
23747.5
18417.0
2655.0
1407.5
68.0
10846.5
68.0
2259.5
15774.5
7476.0
8482.5
627.5
5859.0
1036.0
458.0
68.0
11137.5
1499.0
10466.0
9500.5
4142.0
3242.0
12146.5
1225.0
5238.0
8631.0
3308.0
68.0
828.5
68.0
12985.5
4082.0
12137.5
5880.0
68.0
68.0
10454.0
11213.5
7279.0
9166.5
6484.0
68.0
20790.0
68.0
68.0
68.0
7096.0
19249.5
24781.5
6795.5
68.0
68.0
21153.0
614.0
68.0
4098.5
23754.0
2817.5
2754.5
8988.5
16202.5
6362.0
1109.0
23119.5
68.0
1033.5
458.0
8325.5
5048.0
18340.0
4468.0
8464.0
2932.5
7376.0
6809.0
68.0
12096.5
1794.0
14173.5
68.0
11144.5
57.5
20035.5
7439.0
3644.0
1796.5
15703.0
21890.0
1441.0
8903.0
9397.0
11956.5
3696.5
10678.0
8989.5
6707.5
8058.0
12508.5
68.0
5457.0
6735.5
68.0
0
11658.0
4491.5
18409.0
458.0
16528.5
943.5
4233.5
7224.0
7222.0
4148.5
1026.0
12152.0
629.0
25805.0
68.0
5518.5
3135.0
5042.5
68.0
3097.0
458.0
68.0
2769.0
6850.5
15420.0
68.0
57.5
19654.5
68.0
6320.0
4429.5
68.0
3603.5
6006.0
14922.5
68.0
1033.5
25638.5
25765.0
7600.0
5916.5
18486.0
13030.5
4538.5
9494.0
13409.0
4476.5
17419.0
8950.0
68.0
1886.5
68.0
1421.5
24510.5
9375.0
19213.0
3660.0
6885.0
9886.0
3340.0
8914.5
5976.0
9960.0
68.0
999.5
3547.5
6975.0
3643.5
1458.5
13810.5
3550.0
2298.5
6713.0
458.0
1036.0
4092.0
10925.0
1872.5
4761.5
10350.0
5046.0
68.0
12950.0
11172.5
1417.0
3113.0
11623.5
16900.0
5018.0
2953.5
12643.0
68.0
18213.0
6686.5
17357.0
438.5
12028.0
1019.0
0
14835.0
68.0
1813.5
6774.0
1358.0
3268.0
1051.0
2726.5
9768.0
68.0
68.0
68.0
1479.5
68.0
894.0
68.0
68.0
17490.0
0
1499.0
4539.0
1036.0
9363.5
4573.0
68.0
7949.5
26517.5
16082.0
8605.0
6380.5
7306.5
10273.0
68.0
12136.0
4273.0
21023.5
2672.0
458.0
1909.5
1895.0
738.5
29866.0
68.0
1016.5
1036.0
10386.5
9083.5
6686.0
4930.5
7251.5
11492.0
15302.0
3152.0
10328.5
8212.0
11756.0
14716.0
68.0
68.0
11348.0
68.0
6300.0
2762.0
2729.5
68.0
7712.5
1488.0
5838.5
4494.0
17668.0
68.0
29754.5
23221.5
13801.5
999.5
23217.0
8837.5
68.0
68.0
10006.5
2351.5
9833.5
4957.5
9991.5
18708.5
8605.5
68.0
68.0
3433.5
8260.5
16847.0
68.0
15713.5
4562.0
5993.5
1906.0
28558.5
438.5
68.0
2787.5
8454.0
9870.0
809.0
1487.5
10137.5
3205.5
68.0
68.0
16584.0
719.0
3203.5
6494.5
26768.0
68.0
7196.0
12005.0
5633.5
1218.5
11208.0
11190.0
4238.5
26764.0
627.5
4516.5
3979.0
5913.5
15116.0
4906.0
68.0
4374.5
8013.5
3290.0
2668.0
8277.5
21171.0
7592.0
20326.0
6309.5
68.0
13780.5
6396.0
6788.0
68.0
14977.5
68.0
68.0
6170.0
2467.0
627.5
10731.0
4030.0
3249.0
68.0
6072.5
7611.0
2317.5
19583.5
365.5
68.0
2790.5
68.0
24995.0
3246.5
1656.0
7438.0
3585.0
4072.5
8437.5
3636.0
4451.5
3697.5
10453.5
3615.0
10398.0
68.0
5516.0
6833.5
68.0
12943.5
3153.0
7797.5
4803.5
9995.0
12262.0
68.0
4996.5
68.0
1331.0
68.0
8151.5
6930.0
14233.0
458.0
4917.0
68.0
9613.0
8507.5
524.0
4612.5
15097.5
6745.0
68.0
18781.0
23842.0
1965.5
4527.5
23532.5
68.0
26341.5
7692.0
9236.0
68.0
13112.0
68.0
8719.0
16371.0
18038.0
7678.0
1436.5
5847.5
5460.5
4077.5
1634.0
8049.5
11084.0
4545.5
8625.0
24908.5
68.0
5357.0
4581.0
68.0
6244.0
6345.0
21551.0
2781.5
9838.5
20222.0
7657.0
543.5
1589.0
458.0
10329.5
68.0
13448.5
2301.5
5819.5
6380.5
14783.5
0
5040.5
8575.0
2280.0
8531.0
17520.5
13048.0
9883.5
68.0
7973.0
937.0
10867.0
22352.0
1477.0
1740.5
16564.0
68.0
9329.5
3637.5
14695.5
943.5
17760.0
646.0
1333.5
11940.0
12220.0
8439.0
11125.0
2905.5
3576.5
68.0
16454.5
3773.0
5919.0
68.0
537.5
1631.5
14384.0
10718.5
17412.0
8806.0
9833.5
16500.0
68.0
11951.5
455.5
3599.5
68.0
67.5
15306.0
1316.5
68.0
9135.0
68.0
4067.5
68.0
68.0
68.0
68.0
21058.5
2421.5
68.0
2700.5
7191.5
4046.0
7554.5
150.0
9563.0
1019.0
68.0
6371.0
9970.0
68.0
2077.0
4525.5
68.0
68.0
12632.0
1594.5
9402.5
68.0
18204.0
9997.0
0
5536.5
2128.0
458.0
10679.5
2169.5
29392.0
68.0
1911.5
12553.5
5478.5
2516.0
21071.0
4575.5
15672.0
68.0
3139.5
68.0
0
68.0
458.0
10622.0
20480.0
11173.5
68.0
68.0
12489.5
1858.0
3197.0
4747.5
17827.5
1794.0
12366.5
7246.5
68.0
68.0
68.0
10314.5
68.0
9801.5
2541.0
2945.5
2764.5
68.0
3576.5
68.0
5030.0
1895.5
8079.5
9354.0
1518.5
2268.5
68.0
1000.0
4960.0
68.0
4949.0
5127.0
1424.0
12717.0
1929.0
1847.5
438.5
646.0
1967.5
50.0
8486.5
6718.5
2316.0
2409.5
9328.0
68.0
5905.0
4065.5
8144.5
1192.0
11624.0
1987.5
0
7670.0
11981.5
2709.0
8031.5
8250.0
812.0
68.0
5432.0
15167.5
438.5
68.0
348.5
8077.0
68.0
3888.5
0
24112.0
5871.5
5007.5
458.0
5341.0
2757.5
4529.5
14378.5
3424.0
1053.0
5377.5
8041.0
68.0
2706.0
68.0
3269.5
0
9539.5
12159.0
4454.5
2391.5
9499.0
1036.0
12363.5
26875.5
8.0
68.0
1426.0
8.0
3174.5
8.0
2240.5
926.5
7592.5
4595.5
24620.5
6767.5
1106.5
7694.5
2794.0
68.0
5430.0
6721.5
21843.0
17048.0
3043.0
9813.5
25435.5
12575.5
3137.5
3882.5
25070.5
1443.0
1333.5
27247.5
915.0
6509.0
6332.5
1499.0
68.0
4452.5
18153.5
458.0
2341.0
14428.5
4667.0
7700.0
7311.5
3491.5
12596.5
68.0
0
68.0
1479.5
1416.5
3660.5
68.0

4476.0
68.0
3023.0
12845.5
19126.5
3234.5
9966.5
68.0
16251.5
4251.5
5109.0
19627.5
923.5
1561.0
1794.0
1479.5
10286.5
7900.5
8069.0
68.0
7824.0
4471.0
12918.5
943.5
18876.5
7998.5
7802.0
6282.0
0
68.0
5422.0
8656.5
4881.5
2882.5
1426.0
3337.0
2730.5
3130.5
21011.5
0
11126.5
68.0
4027.0
22946.0
12942.5
10207.5
28103.0
27226.5
3701.5
2711.5
1406.5
6752.0
24019.0
68.0
2391.5
944.0
5457.5
15581.5
5354.0
1224.0
11580.0
15269.5
6769.0
24443.5
2780.0
4953.5
1963.0
438.5
1333.5
848.0
8093.5
3865.0
6901.5
2689.0
8963.5
9448.5
1711.0
16415.0
4151.0
9991.0
23691.5
9899.0
68.0
7913.0
3568.0
17601.5
1315.0
1036.0
11277.5
68.0
2764.5
3093.5
13348.5
3996.5
1033.5
68.0
3230.5
8682.5
6761.5
5303.5
2700.5
40.5
3122.5
68.0
1138.5
3465.5
13431.0
68.0
68.0
2299.0
12143.0
5754.0
68.0
68.0
6036.0
1390.0
15623.5
1794.0
2769.0
9417.5
68.0
1479.5
68.0
68.0
18831.5
68.0
9399.0
21015.0
2548.0
17205.5
27118.5
1785.5
19691.0
7711.5
1036.0
9298.0
1522.0
68.0
4556.5
7272.0
68.0
8253.0
10935.5
5431.0
1589.0
1112.0
68.0
0
14376.0
9031.0
2650.5
21872.0
3177.0
1409.0
68.0
926.5
2347.5
68.0
10834.5
1019.0
6037.0
25821.5
18710.0
0
9878.5
24876.5
3677.5
17506.5
8582.0
1016.5
23629.0
68.0
17068.0
6975.5
68.0
15686.0
8146.5
7458.0
14709.5
5490.0
6002.5
68.0
23688.5
4897.5
68.0
2209.5
8514.0
68.0
6354.5
3976.5
9431.0
5539.5
6307.0
68.0
68.0
7603.0
5832.0
21842.0
10486.0
1651.0
18628.5
5998.0
7213.5
5015.0
68.0
8029.5
4123.0
14685.5
68.0
8983.0
68.0
717.0
511.0
2276.5
1387.0
6072.5
5061.5
68.0
1053.0
0
3603.0
16812.0
13163.0
4450.5
9446.0
2655.0
1036.0
4544.0
1053.0
5055.5
12552.0
6798.0
68.0
16526.0
629.0
3994.0
16183.5
15603.5
1760.0
6697.0
68.0
68.0
15677.0
6660.5
68.0
9985.5
68.0
22389.0
10323.0
7718.0
2762.0
18629.0
68.0
10022.5
12941.5
8882.0
2666.5
5546.5
66.5
68.0
8154.0
12251.0
11969.0
68.0
6303.5
68.0
1331.0
2338.5
68.0
68.0
7713.0
1441.0
1676.5
2706.5
3386.5
68.0
1019.0
3714.0
3660.5
3227.5
8521.0
17979.0
5056.0
944.0
17004.5
12181.0
23103.0
68.0
1036.0
16084.5
5348.5
943.5
10252.5
77.5
5855.5
68.0
2962.0
11461.5
8146.0
2172.0
18344.5
0
2554.5
4881.0
1987.0
68.0
3265.0
8978.5
3528.0
68.0
1314.0
3585.5
11760.0
6980.5
7672.0
1886.5
16044.0
9504.5
68.0
5980.0
68.0
1779.5
10346.5
3522.0
1479.5
3700.5
1912.5
68.0
68.0
15978.0
1192.0
0
15258.0
13781.5
22671.5
14771.5
7655.0
8450.5
26284.5
68.0
3267.5
6304.0
2747.5
719.0
4082.5
9224.5
0
8523.0
7669.0
4603.0
4977.0
4985.5
6657.0
2355.0
8931.0
68.0
68.0
1036.0
458.0
68.0
14859.5
4575.5
68.0
7191.0
8037.5
68.0
68.0
1929.5
4761.0
4656.0
1089.5
13149.0
11233.0
257.0
7230.5
68.0
22248.5
8021.0
6400.5
17937.0
68.0
8386.0
2709.5
3147.5
3139.5
5935.5
3341.5
2265.0
1612.0
5130.0
4497.5
1569.5
2837.5
2576.5
12519.5
68.0
2279.5
9191.0
7763.5
2563.0
8921.0
18370.5
1019.0
68.0
8612.5
68.0
4550.0
26967.5
17927.5
3904.0
22295.0
8368.5
22842.0
7880.0
68.0
2284.5
68.0
10252.5
23736.0
5902.0
4454.0
68.0
3152.0
68.0
3251.5
17229.5
6688.0
1911.5
1595.5
2689.0
14932.5
2547.0
0
16953.5
25735.0
4028.5
29374.0
68.0
8498.0
1777.0
18286.5
3109.0
9298.0
4927.5
68.0
68.0
68.0
6397.0
10490.5
9935.5
68.0
68.0
4950.0
12012.0
6898.5
14383.5
17858.5
5873.0
1869.5
1516.0
6242.5
7700.5
3707.5
16347.5
68.0
19222.0
15716.5
2019.0
68.0
6351.5
7186.0
719.0
3560.5
68.0
6206.5
10409.0
1892.5
13832.5
3136.5
4751.5
5841.0
68.0
1495.0
6843.0
1983.0
332.0
68.0
68.0
3701.0
3693.5
4611.0
68.0
4553.0
11534.5
4265.0
11702.0
19592.0
24888.0
68.0
68.0
14262.5
8361.0
4429.5
943.5
5350.0
20848.0
7619.0
10837.0
7092.0
438.5
14937.0
612.5
7150.5
16501.0
2283.0
9012.0
3687.0
2343.5
9891.5
3692.0
68.0
68.0
3747.5
14120.0
1034.0
4693.5
13884.0
68.0
738.5
68.0
7401.0
1757.5
6764.0
458.0
29075.0
1218.5
68.0
5000.0
25633.5
17544.0
1128.5
20609.0
6391.0
3055.0
68.0
13852.5
285.5
4638.5
1424.0
68.0
2428.0
3110.0
0
17315.0
7147.0
2860.5
7542.0
12394.0
2391.5
700.0
14052.0
17511.0
9374.5
68.0
7168.5
5576.0
68.0
68.0
608.5
2543.0
68.0
15678.5
68.0
68.0
17373.0
19744.5
0
8155.5
5399.0
10528.5
6649.0
68.0
68.0
68.0
24603.5
68.0
3238.0
943.5
4618.5
1499.0
68.0
12981.0
3096.0
1036.0
11728.0
1331.5
68.0
11225.0
5505.5
1522.0
0
7131.0
68.0
17011.0
68.0
0
2638.0
4192.0
3936.0
68.0
68.0
3111.5
2043.5
10294.0
1777.0
2764.5
2668.5
68.0
23683.5
3786.5
348.5
6229.5
4591.0
1033.5
3816.0
3560.5
68.0
68.0
4613.5
68.0
68.0
12227.5
2302.0
15141.0
5442.0
3747.0
67.5
13058.5
68.0
4429.5
68.0
348.5
2952.5
5464.5
9814.5
12555.0
1909.5
1850.0
10030.0
6326.5
10318.0
1409.0
9431.5
3689.0
5003.0
16443.0
0
6474.0
8450.5
3579.5
12123.0
12925.5
8449.5
10734.0
6311.5
2801.5
943.5
5374.0
7115.5
0
68.0
2284.5
4640.0
2173.5
2318.0
11287.5
2392.5
0
6842.5
68.0
68.0
1479.5
4519.0
8173.5
0
11913.0
68.0
7496.0
5688.0
22862.5
11364.0
13454.5
68.0
0
7890.5
8006.0
961.0
4146.5
3789.0
68.0
68.0
13156.5
68.0
1406.5
534.5
26783.0
5833.5
2730.5
68.0
20147.0
68.0
6429.5
943.5
12118.0
3360.0
1471.5
68.0
4257.0
68.0
3607.0
13559.0
2666.0
68.0
6431.0
21900.5
18272.5
173.0
1777.0
1034.0
3658.0
5018.0
11172.5
8029.5
6673.5
68.0
68.0
1430.5
1806.5
6754.0
9356.0
6660.5
68.0
5346.5
12270.0
0
16550.0
21443.5
6931.5
348.5
3597.5
68.0
9961.0
1967.5
68.0
12482.0
14818.5
2892.0
22374.0
10964.0
0
8521.5
6773.5
22748.0
13359.0
4264.0
3216.0
6540.0
2621.0
5909.0
5633.5
2384.5
68.0
28466.5
3674.5
6786.0
68.0
1882.0
2470.0
7556.0
455.0
5916.5
3099.0
68.0
7026.5
1597.0
12935.5
1653.5
10259.0
1017.5
16964.5
11493.5
9723.0
3121.0
22707.5
6998.0
1796.5
3543.0
4156.5
2840.5
4370.0
755.5
6654.5
68.0
3879.5
19523.5
365.5
1889.0
14276.5
9948.5
68.0
8004.0
535.0
68.0
68.0
999.5
13337.5
68.0
1704.0
1109.0
2001.5
3644.0
1482.5
1126.0
11273.0
6360.0
4153.0
68.0
5156.5
736.0
4914.5
12648.0
7751.5
6298.5
5201.0
10931.0
4538.5
348.5
6042.0
612.5
2468.0
28643.0
68.0
68.0
21807.0
1738.5
9698.0
18387.5
365.5
5444.0
943.5
7254.5
9341.5
68.0
6281.0
19340.0
22382.0
13380.5
4881.0
5403.5
28580.0
438.5
5091.0
2312.0
3233.0
9827.5
68.0
5494.5
16778.0
68.0
2638.5
12947.0
8997.0
6124.0
5737.5
612.5
22803.5
8841.5
1353.5
4385.5
9476.0
68.0
534.5
13762.5
1496.5
10410.5
16618.5
3228.0
9023.5
68.0
68.0
1779.5
68.0
57.5
8535.0
68.0
6823.5
4239.0
3619.5
68.0
9365.5
11050.0
5848.5
943.5
1426.0
2805.0
4971.5
1428.5
27636.5
4009.0
4998.5
68.0
68.0
2436.5
0
20159.5
0
3194.5
10372.5
9558.5
8408.0
14757.5
1791.5
365.5
3579.5
6863.5
2355.0
1000.0
438.5
4227.5
68.0
68.0
68.0
68.0
438.5
7100.5
1019.0
7542.0
68.0
68.0
9807.0
11225.5
20681.0
23128.0
5912.5
9026.5
12492.5
14741.0
25435.0
68.0
5731.0
68.0
15224.0
7227.0
1999.5
6784.5
2289.5
68.0
68.0
4584.5
1875.0
1002.5
163.0
2486.5
12289.0
12040.0
3203.0
1850.5
5083.5
2287.0
68.0
11351.0
2265.5
68.0
1982.0
4035.5
8841.5
68.0
68.0
2700.5
68.0
18897.0
1968.0
4933.5
10502.0
1479.5
7968.0
17816.5
20472.5
5412.0
2714.5
27707.5
629.0
5016.0
753.5
13045.0
68.0
28538.0
7452.0
8451.0
1221.0
4010.5
5471.0
7213.5
1016.5
1404.5
18161.0
3898.5
4510.0
0
438.5
12213.5
6014.0
629.0
1033.5
6895.5
16945.5
11180.0
5449.5
6849.0
4215.0
702.5
4983.0
8120.0
4448.5
1109.0
12941.5
4014.0
1385.0
4193.0
163.0
7595.0
9065.5
8535.0
13843.0
6600.5
0
6712.0
4028.0
1373.0
8775.5
2666.5
7161.0
4474.5
68.0
1794.0
68.0
736.0
1869.5
68.0
9193.0
5411.5
14038.0
68.0
10091.5
12187.0
6334.0
2828.5
7929.0
6747.0
68.0
2147.5
5568.5
2073.0
68.0
68.0
4333.0
5512.5
7176.0
19322.0
641.5
11182.5
6997.0
4538.5
1816.0
1929.5
68.0
68.0
8037.0
9827.5
2987.0
2374.5
17416.5
4669.0
3497.0
68.0
5156.5
12634.5
68.0
10701.5
68.0
1482.5
2770.0
5015.5
17251.5
68.0
68.0
10385.5
12927.0
68.0
348.5
3763.0
2537.5
2346.0
68.0
7097.5
1426.0
25739.0
11378.5
2361.0
68.0
3129.0
438.5
4792.0
68.0
6498.0
25146.5
13384.5
68.0
2790.5
5443.5
68.0
68.0
28172.5
1535.5
4240.0
6288.5
21403.5
68.0
6775.5
9937.5
17916.5
7720.5
17958.5
68.0
26092.0
68.0
5461.0
9505.5
3583.0
6320.0
0
31433.0
68.0
2748.5
16108.5
1036.0
3679.5
4423.0
15331.0
68.0
0
4457.0
10379.5
8519.5
16909.0
2574.0
68.0
68.0
15089.0
8141.0
997.5
13084.0
4256.0
0
12659.5
68.0
68.0
6448.0
68.0
5481.5
68.0
68.0
3737.5
13373.0
68.0
629.5
3133.0
534.5
68.0
3163.5
6667.0
8563.0
9336.5
6212.5
17566.0
16645.0
1426.0
1190.5
1426.0
13479.5
14734.0
68.0
1128.5
809.5
7712.0
438.5
13396.0
14723.5
25453.0
5532.5
24055.5
2361.0
15671.0
68.0
6848.5
4617.5
2666.5
68.0
1580.5
9760.0
68.0
68.0
3992.5
7744.5
9396.0
2330.0
15258.5
26772.5
8119.0
2450.0
453.5
1869.5
13054.5
68.0
3321.0
722.0
2075.5
7183.5
12408.5
927.5
20183.0
1985.5
18769.0
663.0
0
68.0
348.5
1890.5
7579.0
68.0
4548.0
0
0
3130.0
4066.5
30691.5
3539.5
14333.5
14153.0
9594.5
4378.5
4160.0
1346.0
68.0
4105.0
5460.0
4227.5
4972.0
68.0
9494.5
438.5
3961.5
68.0
1611.5
12622.0
16242.0
1019.0
6818.0
1872.0
9753.5
21444.0
1053.0
2341.0
68.0
1499.0
5064.5
68.0
2167.0
4533.0
68.0
15145.0
68.0
5236.0
4592.0
1002.5
9460.0
11565.0
68.0
736.0
1346.5
6519.5
12582.0
4635.0
68.0
68.0

3472.0
68.0
17388.0
68.0
11715.0
1499.0
12478.5
1347.5
1016.5
1772.0
7186.0
7290.0
5970.5
4469.5
1516.0
2597.5
68.0
13048.5
10243.5
163.0
7032.0
3298.0
4013.5
8931.0
13085.0
7803.0
2077.0
809.5
7758.0
6671.5
19702.5
2375.0
9851.5
4901.0
68.0
1873.5
8501.0
4020.0
8567.0
68.0
15620.5
15171.0
6643.0
4249.5
68.0
8024.5
5445.5
14879.5
5437.5
68.0
68.0
9418.5
629.0
3025.5
68.0
16222.0
68.0
13515.5
11311.5
18366.5
1316.5
4477.5
16115.0
1589.0
68.0
3680.0
2394.0
6910.0
1409.0
629.0
4256.0
612.5
23729.5
2488.0
68.0
5074.0
7652.5
16562.0
21421.5
68.0
6177.0
68.0
2310.0
68.0
9308.5
543.5
68.0
2537.5
16538.0
1033.5
2467.5
8979.0
1779.5
68.0
3725.5
9559.0
3542.0
3531.0
68.0
9495.5
627.5
7131.0
2839.5
647.0
2602.0
2618.5
68.0
7113.0
68.0
68.0
5098.5
68.0
8214.0
2377.5
6855.5
18723.0
11271.0
0
1.0
35.0
5222.5
7608.0
2450.5
9829.0
8444.5
1051.0
6271.0
10423.0
1036.0
68.0
4083.5
0
5051.5
1798.0
3598.0
365.5
2987.5
3581.0
2767.0
16953.0
19633.0
612.5
6708.5
438.5
6535.5
21042.0
1482.5
6539.0
1036.0
1033.5
543.5
9431.5
3641.0
8961.5
1314.0
3268.5
738.5
4530.0
68.0
1496.5
1614.0
7689.0
944.0
68.0
68.0
30693.0
3348.5
1460.0
1107.0
9376.0
68.0
1036.0
68.0
68.0
1053.0
3599.0
2946.0
438.5
7561.5
6952.0
5913.0
68.0
3893.5
11849.5
1329.0
26095.5
14243.5
1501.5
15364.0
2077.0
5016.0
1779.5
2989.5
2923.0
21719.0
68.0
68.0
5425.5
16055.5
6308.0
9450.0
68.0
4720.5
68.0
10452.0
3120.5
5920.0
2355.5
7250.5
719.0
68.0
2877.0
15648.5
4399.0
10282.5
68.0
4179.5
22713.5
2370.0
12350.5
21153.0
8536.0
13304.5
4182.5
21846.0
3315.0
0
11143.0
8718.0
1036.0
5135.5
1480.0
1423.5
828.5
1128.5
2357.5
8131.0
8177.5
68.0
14438.5
3132.5
1979.0
18271.5
4598.0
1489.5
68.0
2212.0
2282.0
10533.5
10314.5
3919.0
23317.0
10258.5
2266.0
68.0
13383.0
8017.5
7231.0
12912.5
2153.0
2453.0
5063.0
4557.0
68.0
19708.5
5074.0
8933.0
68.0
4609.0
2667.0
20871.0
9797.0
6743.5
3135.0
5099.0
12467.5
1858.0
18784.5
3532.5
2689.0
2321.5
1406.5
2355.0
5704.0
68.0
68.0
702.5
9522.5
19149.0
13023.0
1772.5
943.5
5144.0
12525.5
20948.0
8494.5
68.0
8548.5
68.0
2754.5
68.0
5934.0
537.5
9115.5
12192.5
4510.0
68.0
9000.5
7308.5
2863.0
1867.5
1770.5
4170.0
3703.0
719.0
68.0
68.0
12893.0
20107.5
22641.0
2711.5
7492.0
4806.0
18441.0
68.0
7158.0
8130.0
68.0
5066.5
9042.5
8986.5
16108.5
12535.5
27250.5
18857.0
12727.0
2464.5
7262.0
68.0
68.0
68.0
16484.5
736.0
23976.5
68.0
68.0
6270.5
458.0
438.5
68.0
68.0
3687.5
1687.5
3129.5
8131.5
17034.0
68.0
4024.5
6223.0
1297.0
3896.5
2857.5
0
68.0
68.0
54.0
12591.0
2745.0
4637.0
3974.0
914.0
7265.5
11993.0
2692.5
11696.0
8703.5
7722.0
2060.5
632.5
11197.0
1268.5
68.0
8564.5
68.0
738.5
1102.0
16080.5
2987.0
8426.0
5037.0
6189.5
1968.0
1889.5
2563.0
21053.0
438.5
6775.0
1016.5
68.0
2729.0
15632.5
25782.5
12576.5
8142.5
12229.0
470.5
5060.5
68.0
1969.0
500.5
19819.5
1033.5
13335.0
68.0
25351.5
2351.0
1779.5
3232.5
1796.5
13501.0
5796.5
6260.0
1629.0
21011.5
4212.0
3058.5
10228.5
3300.5
2728.0
9847.0
8443.0
21763.0
10404.0
13020.0
6645.0
14270.5
1589.0
6746.5
5502.0
8186.0
1479.5
68.0
11182.0
1424.0
13532.0
661.0
5554.5
16551.5
9046.5

68.0
22360.0
67.5
5214.5
4513.5
20548.0
1608.5
9046.0
9485.0
1423.5
1915.0
4535.5
14632.5
4717.5
8994.0
2823.5
11263.5
11203.5
4279.5
5035.0
3919.0
8313.5
2364.0
28016.0
1036.0
4307.0
4133.0
68.0
458.0
1687.0
68.0
4549.0
17174.5
68.0
17934.5
9919.0
15757.0
4481.5
4176.5
68.0
13815.5
2201.0
722.0
68.0
68.0
4252.5
15440.5
7817.5
68.0
1706.5
28731.0
68.0
6811.5
9494.5
2617.5
27135.0
10712.5
3867.5
8188.5
68.0
11683.5
4345.0
68.0
0
5530.0
12991.5
10443.5
1499.0
5396.5
5923.0
524.0
19927.5
2218.5
2782.0
68.0
14198.5
8017.5
68.0
68.0
16097.5
3250.0
68.0
8033.5
2002.5
8030.0
2408.5
12111.5
7211.5
68.0
68.0
68.0
3599.5
4451.5
16459.5
68.0
68.0
348.5
8577.5
17778.5
4156.5
14154.0
4410.0
922.0
3584.0
11628.5
23002.5
4274.0
1443.0
14319.0
828.5
68.0
4089.0
68.0
738.5
9443.0
29111.5
848.0
4850.5
9548.0
5468.0
1347.5
9342.5
68.0
3136.0
22772.0
5108.0
3082.5
12517.5
1073.0
0
68.0
2547.5
68.0
4793.5
5356.0
16502.5
1406.5
1572.5
2133.5
68.0
19592.5
5681.0
0
6570.0
68.0
67.5
10009.0
2837.5
12926.5
8632.0
8995.0
68.0
6346.5
434.0
68.0
8309.5
6574.0
18049.0
521.0
8478.0
8119.5
11074.0
12873.0
365.5
68.0
1869.5
4187.0
3049.0
68.0
3172.0
3191.5
7236.0
10460.0
68.0
2341.0
8181.5
1333.5
15414.0
15767.5
68.0
2394.5
0
20856.5
3520.0
2689.5
3205.5
2801.5
5005.0
20183.5
458.0
68.0
13223.0
12041.0
9822.5
68.0
2094.0
3640.0
15850.5
11645.0
738.5
21512.5
5383.5
12480.0
9234.0
5854.5
13474.5
3249.0
1608.5
2203.5
14657.0
348.5
10751.5
14297.0
13303.5
1333.5
163.0
24126.0
68.0
6370.5
21944.5
5071.5
0
13303.5
12924.0
3210.5
5045.0
7268.0
2340.5
2374.5
16011.5
4974.5
5852.5
20633.0
19575.5
68.0
5488.0
2358.0
12176.0
28898.0
68.0
2276.5
10365.0
828.5
27641.5
2742.5
68.0
2563.5
7610.5
68.0
8917.0
68.0
4476.0
68.0
68.0
0
0
15165.5
0
8218.5
5994.5
29881.0
4595.0
17188.0
17492.5
348.5
1241.0
16154.0
13445.0
1499.0
17972.5
18300.0
4460.0
68.0
68.0
4364.0
68.0
28207.5
4487.5
17031.5
4483.0
6038.0
2746.0
3578.0
1053.5
3079.5
6760.5
10744.0
68.0
6346.5
5577.0
3612.5
68.0
0
68.0
68.0
2801.0
68.0
1019.0
68.0
68.0
0
68.0
4617.5
68.0
68.0
1224.0
7219.5
68.0
5020.0
5268.0
7299.0
16211.5
163.0
6630.0
2694.5
12543.5
7440.0
68.0
1463.0
173.0
68.0
2094.5
24082.5
4012.0
7537.0
1886.5
25095.5
5474.5
3489.0
15215.0
8841.5
2284.0
68.0
17869.5
8968.5
9480.5
1886.5
5061.0
25878.0
19503.0
7199.5
10219.5
646.0
0
18267.5
11217.5
68.0
20037.0
5038.5
68.0
68.0
8661.5
5006.5
60.5
68.0
1656.0
738.5
8097.0
68.0
1423.5
23337.0
17405.5
9973.0
926.5
7603.5
1516.0
68.0
7070.0
68.0
68.0
6802.0
10897.5
5832.0
614.0
16928.0
8557.5
7212.5
458.0
68.0
646.0
0
13349.0
1426.5
13355.5
68.0
2816.5
348.5
68.0
543.5
0
68.0
524.0
68.0
3189.0
458.0
1862.5
4064.5
68.0
22742.5
4084.5
6026.5
12042.5
8480.5
3821.0
68.0
15602.5
5939.0
13985.5
4089.5
7197.0
2177.0
2745.0
68.0
9121.5
15825.5
3115.5
68.0
0
68.0
9859.5
16002.0
68.0
68.0
12100.5
22296.0
4986.0
2724.0
13297.0
1199.0
6754.5
0
939.0
68.0
68.0
68.0
15687.0
32341.5
68.0
13910.0
68.0
16079.0
68.0
848.0
9102.0
3025.5
999.5
6264.5
4281.0
1053.5
458.0
68.0
4981.5
458.0
11722.5
943.5
7614.0
7242.0
3640.5
1794.0
1128.5
5526.0
3671.0
18320.5
8976.5
1387.0
68.0
2340.5
3497.5
4511.5
40.5
68.0
5868.0
25454.0
14498.5
68.0
4502.5
19528.0
11186.0
68.0
17349.5
15664.5
0
1848.0
3696.5
10804.5
4497.5
1033.5
443.5
4045.0
6259.0
21629.0
0
3708.5
68.0
8907.5
10669.0
68.0
0
3974.0
3697.0
6396.5
6326.5
0
19383.5
68.0
17893.5
19845.0
3255.0
0
16086.0
14330.0
68.0
23235.5
5867.5
6770.0
68.0
3396.0
68.0
5828.5
3098.5
13954.5
5642.5
12108.0
13317.5
12989.0
17223.5
5810.0
2798.5
1580.5
28804.0
4589.5
12948.0
2341.0
3155.5
68.0
68.0
6324.0
8524.0
68.0
1892.5
11270.5
14021.0
13108.5
2270.0
7656.5
20145.5
21440.5
3697.0
8445.5
8438.0
6781.0
1404.0
738.5
2820.5
23608.5
2357.5
13855.0
68.0
5512.5
2370.5
4542.5
12154.5
5568.5
11281.0
3562.0
68.0
2374.5
3213.0
828.5
27180.0
3216.5
4039.0
20166.5
3340.5
1000.0
5944.5
68.0
2818.0
647.0
25854.5
5332.5
6300.0
3994.5
12508.5
18042.0
13479.0
612.5
68.0
68.0
68.0
12040.0
9462.0
28476.5
26853.5
20990.5
24525.5
8581.5
9464.0
9468.5
1479.5
18721.0
23617.0
7878.0
22719.0
2646.0
9902.0
1813.5
5479.5
68.0
999.5
6380.0
6010.0
15726.5
68.0
10040.0
68.0
6461.5
19134.5
3132.5
2279.0
6306.0
0
3674.5
6870.0
0
40.5
4862.0
68.0
1965.5
68.0
348.5
15332.0
16440.5
2917.0
2299.0
11222.5
6736.0
1423.5
1811.5
6730.5
1344.0
68.0
68.0
14223.5
1516.0
543.5
1070.5
68.0
20529.5
12972.5
8059.5
365.5
3260.0
24639.0
5919.0
68.0
14312.5
23862.5
629.0
916.0
0
5851.5
9664.0
19628.0
25375.5
8088.0
3553.5
68.0
927.0
1389.5
68.0
0
3597.5
28546.5
2375.5
68.0
68.0
7684.5
5091.5
7491.5
68.0
16597.0
21842.5
25484.5
68.0
9210.0
68.0
10360.5
4471.5
68.0
18714.0
24042.0
0
18273.0
4533.0
4639.5
4075.5
9501.5
2296.0
68.0
68.0

2970.0
68.0
15233.5
11704.5
1332.5
2391.5
26000.5
68.0
5859.0
3737.5
68.0
6046.5
1331.5
5615.5
8436.5
68.0
5520.0
5402.0
2767.0
7575.5
6824.0
7732.0
27787.0
68.0
21453.0
2816.0
28044.5
68.0
4055.5
4294.0
2512.0
4561.0
4450.0
3244.5
9614.5
1016.5
1016.5
19189.5
10719.0
18283.0
68.0
13445.5
30339.0
5009.5
15702.5
68.0
22850.0
1336.0
9516.5
5859.5
1404.5
4527.0
68.0
5905.0
8696.0
68.0
8907.5
0
4539.5
68.0
19247.0
7297.5
7677.0
2372.0
68.0
10918.0
3115.5
7626.5
5977.5
7438.5
15109.0
11197.5
68.0
3674.0
5040.0
0
6312.5
6392.5
8158.0
5571.0
54.0
3696.0
4971.0
6351.0
16280.0
663.0
2743.5
1224.0
1406.5
68.0
5271.5
8489.0
0
14379.5
5502.5
2083.5
0
68.0
68.0
6306.0
2753.5
10244.5
12114.5
68.0
6814.5
68.0
19412.0
68.0
7235.0
16213.0
68.0
11272.5
11767.0
3323.5
5123.0
5458.5
8045.0
2764.5
3340.0
2796.5
3641.5
9403.0
12155.5
12719.5
12495.5
9516.0
6688.0
68.0
16124.0
2263.5
0
4049.0
438.5
68.0
24010.0
3086.0
8166.0
68.0
1482.5
0
20723.0
68.0
1569.5
2950.0
4113.0
68.0
24953.0
9146.0
68.0
9253.0
27233.5
68.0
29808.5
8015.5
348.5
755.5
68.0
438.5
16722.0
7654.0
438.5
68.0
3233.5
68.0
68.0
16473.0
926.5
31596.0
1965.0
3600.5
10368.0
897.5
68.0
2378.0
10789.0
4626.0
11217.5
10925.5
68.0
4737.5
6675.5
7555.0
2453.0
68.0
1404.0
9469.5
10946.5
68.0
1731.5
68.0
1631.0
7324.0
2369.0
68.0
8431.5
68.0
13796.5
68.0
68.0
68.0
2464.5
28588.0
11235.0
3586.0
9362.5
5396.5
68.0
68.0
68.0
7684.0
14265.5
1876.0
6352.5
3122.5
14663.5
1499.0
68.0
6439.5
2670.5
17501.0
2268.0
943.5
163.0
719.0
4070.0
646.0
12556.5
10954.5
809.5
7358.0
3265.0
5399.0
22366.0
1314.0
4198.0
68.0
8916.5
3206.5
5859.0
2759.0
68.0
17660.5
3685.5
10912.0
11851.0
3227.5
68.0
933.5
68.0
5018.5
5451.5
8532.5
17869.5
719.0
68.0
663.0
32097.0
68.0
8554.5
438.5
4025.0
16529.0
2797.0
25190.5
1260.0
6560.0
7490.5
1479.5
438.5
20504.0
8527.0
9777.5
14113.5
20956.0
553.0
18393.0
438.5
1017.5
2260.5
1099.0
7332.0
0
21852.0
663.0
1426.0
68.0
0
5576.5
3131.5
3706.5
22776.0
4519.5
6461.5
4547.5
3578.5
68.0
2762.0
163.0
533.5
6410.0
68.0
2352.0
68.0
24482.5
11187.0
18142.0
11224.5
1019.5
7216.5
12280.5
7263.0
29978.0
3751.0
8927.5
7651.0
5931.0
12504.5
8114.5
458.0
68.0
68.0
14138.5
4821.5
12948.5
1406.5
8400.5
1869.5
17124.0
13050.5
438.5
5815.0
68.0
68.0
68.0
629.0
13861.0
629.0
1370.5
4732.5
455.0
10791.0
1704.0
68.0
68.0
10451.0
828.5
18371.5
1608.5
4681.0
9904.0
438.5
68.0
0
2074.5
7584.0
6315.0
8351.0
1377.5
68.0
14342.5
27477.5
6941.5
1869.5
13793.0
3763.0
5454.0
68.0
9658.0
11796.0
4080.5
3621.5
4028.0
11419.5
10314.0
5376.0
13469.5
1033.5
1970.5
7695.0
5055.0
9963.5
0
26353.5
1333.5
13455.5
7988.5
12032.5
633.5
10792.0
153.5
10615.0
2760.5
17548.0
18696.5
4525.5
10027.0
438.5
5004.5
1016.5
1804.5
68.0
68.0
163.0
18115.0
15126.5
2060.0
12548.0
365.5
4581.0
1886.5
68.0
68.0
1999.5
6248.0
8624.5
1516.0
4008.0
8052.0
1794.0
68.0
12055.5
68.0
3640.5
458.0
68.0
14402.5
68.0
12924.0
2760.0
979.0
6621.0
10917.0
365.5
10172.0
1608.5
68.0
68.0
25877.0
9369.5
5896.5
3574.5
7270.0
15776.5
0
5814.5
21907.5
153.5
5961.5
68.0
1777.0
6543.0
2359.5
17516.5
15268.0
10442.0
9802.0
3249.0
68.0
7664.0
646.0
68.0
21835.0
3697.5
68.0
68.0
1469.0
29947.0
22803.0
6266.5
3486.5
1036.0
23772.5
7691.0
28615.5
1794.0
5403.0
438.5
5813.5
3266.0
1499.0
16027.5
458.0
4048.0
11986.0
1016.5
1803.0
3214.0
12014.5
1036.0
3223.5
4586.5
438.5
1865.5
3818.5
383.0
17870.5
3411.0
629.0
2837.5
68.0
68.0
13076.5
3644.5
29007.0
68.0
8865.5
13803.5
3713.0
1144.5
0
68.0
524.0
663.5
68.0
1036.0
4176.0
12342.5
68.0
25602.0
14453.0
1814.5
68.0
3988.0
3222.0
68.0
12471.5
12997.5
13026.0
10673.0
20609.0
68.0
7197.0
22842.5
2349.5
6309.5
16529.0
68.0
6444.0
1238.0
6559.0
4941.0
24582.5
8791.5

0
68.0
68.0
0
8565.5
68.0
1409.0
0
7644.5
438.5
21405.0
2818.0
16476.5
68.0
13547.0
16479.5
3205.5
1479.5
7863.0
17849.5
943.5
1017.5
7268.5
21942.5
68.0
3703.5
943.5
68.0
68.0
365.5
3994.0
2691.5
646.0
16558.0
68.0
5804.5
11156.0
68.0
4300.5
68.0
68.0
68.0
20274.5
12259.5
6977.5
12457.5
68.0
7668.0
7887.0
68.0
458.0
17976.5
11283.5
10342.0
3561.5
13431.0
0
3632.5
458.0
4474.0
2221.0
14414.5
68.0
2537.5
438.5
25854.0
1404.5
68.0
2349.5
10343.5
68.0
54.0
4501.5
21859.5
629.5
1053.0
68.0
27183.0
28620.0
68.0
2269.5
22074.0
68.0
0
68.0
4065.5
21489.0
68.0
1525.0
438.5
9038.0
68.0
7258.5
15631.0
68.0
6309.5
54.0
68.0
1413.0
6989.0
1876.0
8118.5
4461.5
13724.0
25518.0
3578.0
14201.0
348.5
4489.0
12566.5
4546.5
4094.5
1374.0
1036.0
11680.5
19595.5
16482.0
6668.0
16519.5
2387.0
17427.5
7974.0
3624.5
28467.5
9164.0
68.0
646.0
5011.0
7616.5
4320.0
20039.0
7173.0
12012.5
27687.0
20259.0
10683.5
27722.5
8568.5
6828.0
4002.5
22495.5
14256.5
11681.0
68.0
13992.0
19698.0
13310.5
68.0
68.0
1892.5
7109.5
68.0
68.0
15845.5
163.0
1648.5
68.0
0
68.0
4435.5
7324.5
4525.0
3225.0
6707.5
0
19487.5
1016.5
12098.5
2863.0
3623.0
3209.5
9603.0
1608.5
68.0
6984.5
7209.0
14252.5
5605.0
14682.0
19046.5
2428.0
961.0
21192.5
68.0
6549.5
9086.0
909.5
6371.5
22734.0
2489.0
4466.0
6471.0
8562.5
3593.0
7247.0
68.0
18391.5
19814.5
0
1036.0
8450.0
68.0
1404.0
1835.0
12934.0
31241.0
999.5
12046.0
21696.5
614.0
11280.5
68.0
3658.0
9861.0
8101.5
1126.0
68.0
10141.5
10288.5
6096.5
8546.0
2581.0
68.0
4044.0
3285.5
4159.0
1496.5
2428.0
4970.5
68.0
16933.5
3679.5
6781.0
25817.0
68.0
12661.0
14485.5
8128.5
5846.0
68.0
10813.5
7110.0
68.0
11332.0
68.0
2686.5
1721.0
1985.0
6742.0
12246.5
4355.0
8.0
1777.0
68.0
7304.0
68.0
21395.5
9754.0
9896.5
68.0
4949.5
68.0
3638.5
68.0
21839.5
6928.0
8914.5
68.0
68.0
2414.0
3110.0
1387.0
28488.0
1831.0
68.0
7536.5
10476.0
68.0
7669.0
68.0
68.0
1404.0
68.0
5011.0
4976.5
7317.0
1426.0
6382.5
21333.0
8511.5
68.0
15674.5
10084.5
17763.5
1479.5
1702.0
10798.5
2091.5
1106.5
17325.0
13541.5
2349.5
7124.0
4904.0
20969.5
3123.0
15641.5
7978.0
68.0
11279.5
12223.5
68.0
18958.0
68.0
28150.0
9919.0
2377.0
68.0
11648.0
68.0

1016.5
3615.0
12140.5
17137.0
68.0
68.0
5460.5
19250.0
68.0
2002.0
0
10378.5
4570.0
13994.5
7036.5
19264.5
8390.0
14739.0
68.0
9001.5
5028.0
2321.0
8987.0
68.0
0
6768.0
63.0
16567.5
9937.5
68.0
1033.5
5507.5
8482.5
0
15130.0
68.0
5392.5
7619.5
1796.5
19250.0
68.0
543.5
3205.5
68.0
8472.5
1800.0
2740.5
68.0
12773.0
3578.5
5083.0
5936.0
0
19339.5
21153.5
15723.0
20076.0
17127.0
24929.5
19214.5
9887.0
68.0
0
15212.5
21560.5
3233.5
24998.0
68.0
6730.0
6402.0
3006.0
4973.5
68.0
641.5
7651.5
7527.0
23967.0
68.0
2257.5
68.0
458.0
927.0
14724.5
68.0
4570.0
627.5
12352.0
16238.5
12603.0
1499.0
68.0
17809.0
1126.0
68.0
68.0
68.0
8277.5
19681.0
68.0
438.5
23261.5
68.0
68.0
12460.5
1314.5
12582.5
11652.5
6293.5
16995.0
5881.5
18317.0
2668.5
11684.5
6340.0
6350.5
0
18565.0
11491.0
68.0
4947.0
753.5

68.0
68.0
524.0
68.0
9532.0
4011.0
1224.0
1496.5
68.0
68.0
68.0
13382.5
646.0
68.0
17927.0
2665.5
19348.5
2687.5
1499.0
10858.5
365.5
9868.0
68.0
5498.5
8971.0
1614.0
1853.5
12568.5
7057.0
68.0
4180.5
1390.0
68.0
3115.5
10869.5
68.0
1016.5
535.0
6789.0
68.0
9047.0
2650.5
68.0
10808.5
68.0
68.0
13396.0
10069.5
736.0
68.0
6729.0
7733.0
1002.5
9135.5
13444.0
6404.0
12923.0
10220.0
1241.0
4975.0
4491.5
68.0
6312.0
6290.0
68.0
10729.5
4935.0
11770.5
3585.5
960.5
20609.5
1016.5
68.0
3738.5
1033.5
8215.0
13454.5
1867.0
1721.0
68.0
13086.5
11698.5
22768.5
3154.5
3041.0
2482.0
2357.5
3249.0
6292.0
4137.0
68.0
1315.0
2574.0
6700.0
68.0
5514.5
13395.5
2732.0
1906.0
68.0
27687.0
24545.0
5475.0
68.0
738.5
6509.5
2794.5
68.0
4441.0
68.0
19248.5
1911.5
438.5
13315.0
17888.5
365.5
0
20161.0
5776.5
12075.0
23482.5
1350.5
1138.5
4472.0
14717.0
828.5
4093.5
5790.5
7202.5
7260.0
6514.5
68.0
438.5
68.0
1802.0
3244.5
438.5
173.0
3145.0
1404.0
4469.0
11447.0
1844.5
16497.0
21823.0
16399.5
1316.5
3718.0
21806.5
8915.5
1850.0
1777.0
10698.5
2094.5
5739.5
10791.0
8435.5
12077.0
12041.0
0
5.0
9206.5
755.5
18817.0
68.0
2800.5
2835.5
1796.5
20496.5
15604.0
943.5
68.0
0
4988.0
3710.0
2563.5
9876.0
6607.5
1404.5
15314.5
1300.0
1514.0
1053.5
12229.5
14298.0
3666.5
68.0
4696.0
2245.5
5920.0
1423.5
646.0
1940.0
68.0
14335.0
13411.0
6140.5
27128.0
45.5
7802.0
1496.5
20057.5
60.5
14711.0
20603.5
5120.0
68.0
4986.0
646.0
2336.5
23308.0
68.0
458.0
8098.0
17407.5
68.0
18212.5
8063.5
8528.5
68.0
5797.5
3638.5
2911.0
68.0
4905.5
8602.0
1224.0
1126.0
3274.5
3857.5
0
3810.0
0
17883.0
7449.0
1882.0
9045.5
4895.0
7345.5
24446.5
68.0
68.0
3210.5
3946.5
13927.0
2206.0
7598.5
68.0
18287.5
4912.5
1536.0
68.0
8522.0
4468.5
20348.5
68.0
1019.0
24200.5
50.0
21940.0
68.0
18453.0
16922.0
3248.5
7658.0
13512.5
4581.5
68.0
9403.5
1921.5
458.0
12102.5
535.0
3525.0
68.0
11613.0
68.0
28600.0
3557.0
29035.0
8954.5
5471.0
153.5
7585.5
7764.5
68.0
68.0
4379.5
1351.0
16297.5
3037.5
8895.0
20160.0
68.0
2372.5
11306.0
5761.0

68.0
5895.0
26368.0
5425.0
68.0
5986.5
68.0
1187.5
68.0
68.0
11211.5
2186.5
1786.5
1863.0
4056.5
10732.5
4101.5
1051.0
1884.5
68.0
23034.0
68.0
3187.0
68.0
21387.5
3672.0
31691.0
641.5
68.0
68.0
3124.5
4527.5
1406.5
17864.5
65.0
738.5
15645.0
68.0
9940.5
3879.0
14573.5
2257.0
6713.5
16434.5
3435.0
1356.5
15428.5
5847.0
1615.0
1423.5
1479.5
9414.5
4561.5
8262.0
68.0
8096.5
2206.0
68.0
2782.0
10307.5
68.0
16488.0
5820.0
4725.5
11260.5
4095.5
4548.5
68.0
68.0
68.0
1794.0
68.0
3155.0
438.5
6130.0
19736.0
23208.0
6345.5
68.0
7275.5
17376.5
2998.5
5422.5
24924.5
11673.5
2249.0
3262.0
6833.5
4162.0
4163.5
0
18381.0
12003.5
9409.0
8484.5
20867.0
68.0
1895.0
68.0
153.5
438.5
1331.0
8479.0
4971.0
2281.0
27248.5
2871.5
2180.5
25804.5
14775.0
68.0
30369.0
68.0
14262.5
2218.0
8563.0
68.0
4934.0
18381.0
3135.5
6741.5
3137.0
3250.5
9809.5
1019.0
10252.0
17784.5
4471.0
1516.0
9010.5
12122.0
1016.5
6423.0
13409.5
8617.5
3447.0
1911.5
5910.5
534.5
1631.0
6678.0
1479.5
9908.0
1780.0
3188.5
9345.0
28458.0
4065.0
7719.0
68.0
8694.5
5071.5
27116.5
3608.0
2657.5
68.0
2464.5
4549.5
68.0
1779.5
68.0
4378.0
68.0
68.0
23218.0
8149.0
10389.0
2484.0
15230.0
1387.0
9112.5
68.0
7557.0
1033.5
11562.5
1607.0
3216.5
17053.0
68.0
1499.0
6962.5
4904.0
809.0
10774.0
6090.0
1241.5
6756.5
68.0
68.0
927.0
16748.0
6517.0
2349.5
8158.5
2669.5
68.0
16134.0
6006.5
3957.5
2265.0
6108.0
1595.0
68.0
1315.0
68.0
27599.5
7700.5
1016.5
2074.5
68.0
1392.5
1016.5
45.5
12596.0
6792.5
6272.5
2259.5
3208.0
1518.5
14861.0
1109.0
68.0
5568.0
1016.5
68.0
68.0
12672.5
2372.0
9860.5
9416.5
68.0
2852.0
8066.0
1351.0
4003.5
68.0
68.0
68.0
9194.0
12901.5
12443.0
12465.5
1492.0
68.0
646.0
3572.0
5493.0
10336.0
7151.5
15320.0
16930.0
13518.5
19697.5
3677.5
9830.5
537.5
1314.0
451.0
7626.0
68.0
438.5
17524.0
8540.0
9029.0
4920.5
1019.0
6363.0
4012.0
29217.0
68.0
173.0
19534.0
23797.0
8178.5
10545.0
2547.5
68.0
6384.0
17026.5
30390.0
68.0
3989.5
0
7146.0
5344.0
348.5
0
10403.0
5789.5
68.0
543.5
9368.0
1479.5
68.0
6366.0
6373.5
3217.5
1800.0
0
10321.5
646.0
5583.5
68.0
5832.5
68.0
943.5
3115.5
10355.0
5052.0
9362.0
0
998.5
5949.5
3886.5
4489.5
68.0
68.0
554.5
4538.0
8225.0
17444.5
21313.5
3392.0
26897.5
365.5
9301.5
16000.0
5786.0
702.5
7626.0
68.0
7745.5
2687.0
9207.5
16057.5
68.0
68.0
1685.5
12891.0
3582.0
1426.0
7965.0
7633.0
438.5
8072.5
1426.0
3123.5
68.0
68.0
68.0
3561.5
3793.5
5489.0
2818.0
20263.5
68.0
4163.0
14818.5
68.0
68.0
68.0
68.0
7624.5
20311.5
2998.0
13515.0
5361.0
68.0
6879.5
1016.5
1036.0
15789.5
2842.5
68.0
17861.0
68.0
6794.5
68.0
68.0
17265.5
16509.5
19685.0
6440.0
10868.0
19808.0
1199.0
12574.5
5016.0
7286.0
1019.0
30298.0
18318.0
21324.5
23545.5
6691.0
719.0
13922.5
4496.5
68.0
9716.5
21491.5
4644.0
7797.5
2838.0
1423.5
17163.0
28206.5
8919.0
2078.0
68.0
29900.5
21396.0
20753.5
68.0
613.5
22970.5
2262.5
1836.5
68.0
68.0
15607.0
23097.0
3691.0
1867.0
2243.0
1201.5
1387.5
27271.5
9029.0
2341.0
2781.5
4507.0
68.0
68.0
7111.0
5346.5
4757.0
81.5
17893.5
1254.0
1036.0
0
3996.5
5363.5
68.0
14071.0
15223.5
68.0
68.0
4508.0
1589.0
8557.5
10036.5
9900.5
646.0
10067.5
26957.5
15125.0
5010.5
17030.0
68.0
21893.0
5021.5
4081.0
3603.5
3155.0
5042.0
25757.0
365.5
828.5
68.0
4547.5
68.0
20581.0
5464.0
68.0
68.0
6329.0
4504.0
68.0
33876.0
9387.5
20507.5
5422.0
68.0
17930.5
3869.0
3622.0
8555.0
4511.5
68.0
68.0
21937.0
1316.5
9800.5
3264.5
4538.5
68.0
15250.5
23113.0
24521.0
8034.5
24093.5
68.0
11285.0
11345.0
1016.5
0
458.0
26265.5
1894.5
6354.0
4084.0
16126.0
2767.5
68.0
11170.5
10697.5
0
7692.0
11341.0
6958.0
1487.5
68.0
68.0
2652.5
68.0
20001.0
999.5
20875.0
68.0
1218.5
68.0
3969.0
17812.0
68.0
68.0
23575.0
11307.5
1423.5
1882.5
17514.0
10404.5
7866.0
22331.0
68.0
3692.0
5830.5
568.5
0
68.0
12954.5
14386.0
9475.0
0
68.0
3214.0
1813.5
16870.5
11235.0
22759.5
7906.0
13758.0
68.0
68.0
68.0
8121.0
1518.5
13723.5
22310.5
3042.5
27382.5
7528.0
2745.5
458.0
3240.5
4846.5
2779.5
11333.5
3251.0
68.0
26382.0
68.0
1016.5
2257.0
1016.5
68.0
629.0
0
0
5827.0
0
68.0
5494.5
6998.0
8613.0
9382.0
4603.5
1893.0
1779.5
960.5
1019.0
68.0
68.0
27217.0
18324.5
2627.5
9492.0
11633.5
21326.5
5323.0
0
438.5
10734.0
68.0
68.0
7223.5
28270.5
2411.0
537.5
16952.5
11276.0
2008.5
68.0
1036.0
68.0
10680.0
16064.5
19695.0
68.0
7687.0
68.0
3615.0
4140.0
5400.5
68.0
5859.5
0
19283.5
641.5
3623.0
3891.5
1348.5
16381.5
68.0
4030.0
4124.5
3390.5
8071.0
9915.0
24124.5
17359.0
13067.0
3043.5
3718.0
23135.0
8431.5
1796.5
0
1033.5
68.0
2479.5
15892.5
1496.5
4567.5
1351.0
438.5
68.0
8628.5
14344.5
8625.5
5348.0
1801.0
3641.0
8512.0
2671.0
8942.0
68.0
19562.5
19169.0
6800.5
1859.0
5048.5
2557.0
68.0
6239.5
68.0
4623.0
3135.0
16165.0
15043.5
22908.0
68.0
68.0
6270.0
21630.5
1850.0
17345.0
348.5
8462.5
6253.5
4991.0
11270.0
68.0
12938.0
68.0
2711.5
455.5
11112.5
4589.5
15285.0
1482.5
25140.0
438.5
68.0
68.0
6800.5
8121.5
6482.5
8136.5
6906.5
3197.0
821.5
1034.0
68.0
6937.5
3615.0
17414.0
1499.0
4056.0
12595.0
1406.5
7126.5
8927.5
6649.0
14264.5
4474.5
9572.0
1874.0
10055.0
1109.0
68.0
26777.5
5425.5
4897.5
3279.0
10729.5
9785.5
5383.5
8931.0
4471.0
647.0
3247.5
9465.0
15434.0
3803.5
4397.5
4401.5
5622.0
68.0
4937.5
5791.0
4562.5
0
26696.5
1423.5
5324.5
68.0
0
3579.5
17905.0
68.0
3229.0
1053.0
68.0
1801.0
9875.5
13732.5
5549.0
12150.5
2760.0
2001.5
896.5
4593.5
3150.0
68.0
68.0
15667.5
4579.0
2296.0
68.0
13789.5
11370.0
3595.5
14289.5
1406.5
719.0
7373.0
0
1406.5
956.5
568.5
12106.0
1016.5
68.0
1126.0
3618.5
1781.5
21377.5
68.0
960.5
0
68.0
6734.0
348.5
20661.5
3261.0
68.0
6288.5
4542.0
68.0
21013.0
26698.0
14302.0
3303.5
7061.0
29380.0
663.0
10369.5
11084.5
1042.0
3096.5
4918.0
6831.0
11342.5
15175.5
5888.0
68.0
0
5451.5
4333.0
4393.0
5495.0
2296.5
68.0
8450.0
646.0
1495.0
9399.5
7222.5
11268.5
68.0
68.0
2952.5
663.0
5847.0
68.0
54.0
4034.0
1819.0
10732.0
6682.0
11272.0
24001.0
3915.5
5080.0
8498.0
11073.0
5494.0
1850.0
1488.5
2687.5
1409.0
15668.5
9345.0
67.5
9068.0
3664.0
4618.0
6341.0
2380.0
3486.5
67.5
68.0
4990.0
1016.5
68.0
5890.5
6372.0
4990.0
3565.0
4971.0
2743.0
4453.5
10853.0
8572.5
5183.0
68.0
68.0
9619.0
438.5
10664.0
3707.5
5993.5

20118.0
21409.0
2004.0
16011.5
5817.5
4837.5
3464.5
9090.0
68.0
2375.5
5331.0
22000.0
0
5479.5
68.0
3659.5
13858.0
365.5
1964.5
533.5
3169.5
5641.5
4958.0
3991.0
4620.0
22334.5
458.0
12430.0
3539.5
57.5
2356.0
0
16055.0
6793.0
17510.5
8451.5
1665.5
68.0
17818.5
5749.0
533.5
6689.0
1443.5
5945.0
1314.0
2540.0
10373.5
21344.5
7595.0
12545.0
6295.5
6800.0
4492.5
68.0
68.0
5922.5
3336.0
173.0
1816.0
2267.0
5052.5
3153.0
458.0
15761.5
23243.0
4553.0
7219.5
68.0
14024.5
14891.0
348.5
4953.5
25369.0
19683.0
28897.5
1334.0
9965.5
1426.0
17409.5
10481.5
19273.5
11898.5
1499.0
12604.0
7638.0
13485.5
9472.0
15683.5
28125.0
8585.5
9025.5

4458.5
5868.5
2821.0
17475.0
68.0
26115.0
3578.5
3933.0
5100.0
944.0
68.0
68.0
24616.5
5037.5
1911.5
7142.0
2436.5
16580.5
2799.0
9141.0
68.0
2352.5
68.0
68.0
68.0
20123.5
6277.5
23319.5
10806.5
2223.0
7775.0
5975.0
10292.0
68.0
1895.0
21139.5
1406.5
9531.0
21457.5
3473.0
1016.5
9961.0
10865.0
68.0
6087.0
68.0
7581.0
2693.5
0
0
68.0
5830.5
40.5
20747.0
3167.0
68.0
14710.0
2745.0
5047.0
3699.0
22284.5
2255.0
1334.5
18731.0
8631.0
20157.0
12941.0
2391.5
68.0
2229.5
22312.5
68.0
68.0
2715.5
5422.0
19482.5
68.0
1177.0
5891.5
3560.5
68.0
5102.0
68.0
3225.5
438.5
4930.0
4098.0
68.0
68.0
14701.5
4934.0
8696.5
3244.5
9422.0
5590.0
12731.0
19671.0
1406.5
2282.0
908.0
9833.5
2862.5
68.0
6800.5
4598.0
68.0
2745.5
8959.0
6030.0
1392.0
828.5
68.0
68.0
16195.5
9993.5
7514.5
944.0
1589.0
6354.0
10936.5
4000.0
9874.0
68.0
1509.0
5913.5
5569.5
2832.5
1570.0
2818.0
8939.0
4468.0
4155.5
13042.0
0
1351.0
5874.5
19268.5
68.0
3323.0
28771.5
3177.0
10166.0
1033.5
16134.5
22218.5
18665.5
3668.5
8277.0
7455.5
10250.0
1886.5
1033.5
68.0
332.0
12648.5
7994.0
1350.5
5068.5
2669.5
4587.0
894.5
3198.0
68.0
13915.0
13175.0
1909.5
68.0
3993.5
828.5
4934.0
1036.0
6491.5
1016.5
14272.0
68.0
6799.0
2299.0
4518.5
11393.5
612.5
1033.5
68.0
68.0
2467.0
12056.0
12621.5
1334.0
5506.5
612.5
7577.0
0
1331.0
1610.0
3596.5
0
14401.5
21392.5
68.0
16586.5
68.0
1454.0
4174.5
7668.0
7771.5
16107.0
4452.5
16196.5
26510.5
736.0
23300.0
4732.0
26384.0
3590.0
14782.5
3595.5
6410.0
5479.5
3213.5
68.0
8002.0
20185.0
6862.0
458.0
2779.0
7140.5
10179.5
68.0
2392.0
7550.0
6732.5
6334.5
15616.5
4768.0
163.0
2392.0
5754.5
12923.0
10688.0
9392.5
6909.5
10794.0
4213.5
4950.5
6258.5
68.0
1910.5
6724.5
3149.5
68.0
8109.0
12464.5
3693.5
68.0
2546.5
5462.5
629.0
1885.0
10959.0
1036.0
6476.5

2691.5
6784.5
11741.5
6667.0
18852.0
6468.0
8980.5
1774.5
510.5
15796.0
17259.5
5448.5
9896.5
68.0
4658.5
13995.5
1894.5
365.5
12142.5
7658.5
0
30854.5
10842.5
68.0
68.0
8477.5
6345.5
2757.5
11701.5
2430.5
1036.0
68.0
9881.0
7158.5
526.0
4500.0
1780.5
11224.5
68.0
12536.0
9458.0
10679.0
3358.0
14812.5
20529.0
7088.0
68.0
20971.0
2485.5
8476.5
6238.0
20126.5
68.0
5052.5
1019.0
4547.5
68.0
453.5
68.0
68.0
9009.5
10954.5
6971.0
68.0
9299.0
9478.0
68.0
7536.5
11540.5
25001.0
3310.5
6809.0
3127.0
68.0
9232.5
7672.5
3635.5
5462.0
7845.0
7172.5
68.0
29920.0
4472.5
4251.0
26918.5
1146.0
11234.0
23645.0
9492.5
3591.0
13226.0
19925.5
3191.0
22236.5
6288.0
7633.5
15634.0
1314.5
14823.5
16489.5
1034.0
3587.0
68.0
5413.5
22749.5
68.0
6834.0
27332.5
68.0
12512.0
1314.0
1499.0
2316.5
18113.5
24582.0
68.0
2687.0
7848.0
68.0
22731.0
3248.0
4701.0
68.0
5573.5
68.0
7106.0
5434.0
68.0
1033.5
8731.0
458.0
8677.5
17998.0
438.5
68.0
68.0
68.0
12498.0
27692.0
6324.5
68.0
14388.0
1886.5
68.0
4114.0
2058.5
68.0
19704.5
11725.0
27160.0
6816.5
3465.0
68.0
2728.5
11036.0
68.0
68.0
738.5
68.0
7860.5
11754.0
1423.5
702.5
4862.0
8913.0
68.0
68.0
17761.0
68.0
3101.5
6012.5
9111.0
4524.0
961.0
68.0
9968.0
3103.0
68.0
68.0
1704.0
1051.0
2021.5
68.0
8079.5
7760.0
1016.5
0
68.0
2432.0
3574.0
29563.0
15152.0
5973.5
68.0
0
68.0
11005.5
10031.0
646.0
16717.0
22669.0
32532.5
3389.0
10063.0
458.0
19084.0
68.0
1589.0
13016.0
11300.0
68.0
0
17766.0
9618.0
2365.0
5925.0
68.0
4532.5
927.5
8247.5
6311.5
8568.5
68.0
13962.5
1036.0
68.0
18555.0
22868.5
68.0
20026.0
1940.0
68.0
20885.0
4572.0
13857.5
9210.5
8659.5
0
68.0
554.5
2947.5
4160.0
14383.5
1126.0
2725.5
68.0
7636.5
2690.5
26631.5
8551.5
4735.5
7304.5
4065.5
10416.0
77.5
17176.5
1687.0
68.0
10418.5
9341.0
9608.0
13466.0
0
0
1719.0
23158.0
2633.5
4080.5
57.5
10457.0
5879.5
68.0
3111.5
5072.5
1796.5
6904.0
14790.5
3295.5
3550.0
0
8933.5
1796.5
1850.0
5773.5
7225.5
4968.5
4030.0
68.0
12585.5
9091.0
68.0
21197.5
3562.0
68.0
1404.0
5739.5
2316.5
15619.0
5995.5
68.0
7811.0
2745.0
348.5
1016.5
1406.5
68.0
10233.5
5534.0
14955.5
68.0
25995.0
0
1333.5
68.0
0
1406.5
5304.5
10344.0
25600.5
1535.5
2874.0
68.0
3552.0
21776.5
7685.5
9045.0
0
68.0
0
12615.0
14818.5
1895.5
12030.5
0
10751.0
24191.5
68.0
15198.5
18622.5
15314.5
10679.0
348.5
68.0
4186.0
0
6683.0
8185.0
13830.0
2748.5
7872.5
1333.5
3730.5
2633.5
68.0
7779.0
348.5
938.5
719.0
5774.0
28478.0
809.0
1033.5
6355.5
1353.0
22481.0
4630.0
68.0
3751.0
10474.5
2645.5
1016.5
3763.0
10352.5
20014.0
15614.0
68.0
68.0
6700.0
8332.5
2377.5
646.0
614.0
1145.5
68.0
6698.5
10872.0
12237.5
11606.5
10794.0
27641.5
5320.0
10278.5
15573.0
68.0
6015.0
943.5
3227.5
12530.0
614.0
458.0
7252.0
717.0
2441.0
438.5
6197.0
10960.0
11194.5
11114.5
24918.0
8021.5
6761.5
6943.0
17795.0
3769.0
25982.0
13136.0
3632.5
68.0
13822.5
8942.5
16684.0
4839.5
2755.0
68.0
21756.5
2836.5
6329.0
4564.5
8004.5
627.5
68.0
3971.0
6733.5
6704.5
458.0
9502.0
10703.5
68.0
68.0
17952.5
2244.5
2274.5
1019.0
68.0
11561.0
646.0
15968.0
68.0
4009.0
633.5
2651.5
365.5
24455.5
1960.0
3233.0
6049.0
10378.0
1784.5
5821.0
68.0
2545.5
3140.5
1316.5
68.0
15728.5
1402.0
828.5
10332.0
4266.0
68.0
68.0
736.0
68.0
3728.5
2373.0
10663.5
4321.0
8701.5
20209.5
458.0
68.0
68.0
68.0
7166.0
4547.0
7832.0
68.0
11605.0
1997.5
16706.0
11983.5
3430.5
3216.5
3032.5
4634.5
7577.5
1004.0
15557.5
19662.5
68.0
13811.0
9418.5
2909.0
1796.5
68.0
4258.0
3341.5
7010.0
647.0
68.0
2649.5
16455.0
3191.5
4236.0
8295.5
15754.5
2094.0
9508.5
1894.5
11717.0
629.0
9443.5
4064.0
68.0
27562.0
6023.0
828.5
9451.5
3292.5
68.0
1482.5
5953.5
926.5
6265.5
68.0
961.0
68.0
68.0
68.0
9147.5
828.5
3840.0
4799.0
9073.0
68.0
12743.5
68.0
365.5
7364.0
10284.0
9759.5
68.0
68.0
458.0
2470.0
3225.0
68.0
4096.5
3571.5
2773.5
4387.5
68.0
68.0
68.0
68.0
19531.5
3715.5
451.0
3440.5

736.0
7109.0
68.0
2649.0
5035.0
365.5
12483.5
13189.5
7440.0
8359.5
15716.5
4754.5
68.0
27734.0
1417.0
14424.0
8656.0
12962.5
2554.5
68.0
848.0
24908.0
68.0
6241.0
1817.0
19621.5
68.0
13888.0
68.0
13382.5
629.0
68.0
68.0
14388.0
3618.0
68.0
68.0
828.5
15659.5
8936.0
9042.0
11995.5
21563.5
365.5
2186.5
28222.5
3713.5
438.5
4118.5
14262.5
10098.0
14114.0
6841.5
68.0
2821.0
17717.5
2279.0
68.0
16379.5
2261.0
5924.0
4825.5
926.5
4839.0
4431.5
5363.0
4555.5
438.5
13928.5
4367.5
1935.5
19649.0
5995.5
5420.5
24470.5
5102.0
8598.0
16121.5
11286.5
16077.0
5457.0
13932.5
3643.5
4148.5
612.5
2058.5
3621.5
1016.5
4381.0
63.0
68.0
4453.0
4507.5
1499.0
4936.5
68.0
9409.5
68.0
3370.0
21953.0
68.0
6838.0
13771.5
11327.5
5008.0
3300.5
2813.0
163.0
2276.5
809.0
4023.0
12571.5
68.0
1089.5
23570.5
19721.0
5532.0
5586.5
2801.5
3442.0
8943.0
1772.5
68.0
68.0
27615.0
8903.0
438.5
11263.0
9860.0
11124.5
68.0
1943.5
10925.5
1904.5
2222.0
3244.5
551.5
5858.0
10260.5
6820.5
1496.5
6352.5
17024.0
1589.0
14856.5
12027.0
23628.0
26308.0
68.0
68.0
6367.0
8531.0
18781.0
9967.5
22660.5
68.0
25079.5
18343.5
68.0
17230.0
25627.0
999.5
6307.5
4951.5
10277.5
6802.5
458.0
458.0
2743.0
5433.5
5434.0
537.5
3794.0
21435.5
2352.0
627.5
8363.0
20936.0
27158.0
4637.5
12876.0
543.5
68.0
16535.0
4587.5
3597.0
5832.5
16894.0
57.5
964.5
8272.0
9975.5
18870.0
8534.0
3692.0
12458.0
13049.0
68.0
3340.0
45.5
21908.0
7504.5
26747.0
19136.0
5572.5
3993.0
6465.5
17380.5
5860.5
3621.5
23709.0
15171.5
2713.0

1633.5
68.0
5179.0
68.0
1179.5
9182.0
8954.5
12130.0
4822.0
543.5
6234.0
68.0
458.0
5773.5
11709.5
15541.5
2237.5
68.0
12153.0
2998.5
11973.5
27002.0
5010.5
4025.0
13396.0
27198.0
5066.5
21334.0
11167.0
16154.0
2464.5
5461.5
20485.0
2372.5
5799.0
16129.0
7236.5
16172.5
4339.5
9490.0
14271.5
7880.0
4880.5
5746.5
451.0
6373.0
22833.5
4613.0
2574.0
68.0
5520.0
68.0
9786.5
2276.5
438.5
1940.5
68.0
68.0
629.5
5905.0
9537.0
5988.0
5483.0
29549.0
10922.5
17881.0
663.0
8565.5
1089.5
4494.5
7955.0
5532.5
68.0
5700.5
5341.5
2748.0
16490.0
6035.0
11237.5
1496.5
10274.0
4360.0
12879.5
1106.5
4546.5
7830.5
2330.0
68.0
10776.0
68.0
6776.0
18136.5
2353.5
4008.0
68.0
6792.5
5846.5

27116.0
1906.0
1390.0
6051.5
68.0
68.0
5451.0
6295.0
5971.0
4910.0
13346.0
19361.0
4675.5
68.0
68.0
8104.5
68.0
15612.5
13842.0
10669.5
6380.0
10245.0
1224.0
16547.0
0
6856.5
1496.5
68.0
68.0
2725.5
1704.0
4168.0
68.0
7032.0
458.0
5677.0
1016.5
8354.5
22924.5
60.5
1594.5
8493.5
9717.0
29122.5
12112.5
5013.0
2257.0
3750.0
68.0
68.0
68.0
68.0
25267.5
67.5
68.0
13410.0
1982.0
20064.0
3291.5
16936.5
3718.0
68.0
68.0
1760.0
6685.0
8145.0
1794.0
2276.5
1426.0
4635.5
2988.0
13932.0
12029.0
458.0
24798.0
6719.0
68.0
3569.0
12507.0
63.0
29804.0
68.0
4405.5
1426.0
66.5
6770.5
68.0
5813.0
910.0
15676.5
20231.0
7696.5
68.0
68.0
11243.0
11227.5
8438.0
12993.5
68.0
68.0
8523.0
68.0
5029.0
4962.0
11606.0
3020.0
68.0
22293.5
3264.5
68.0
8916.5
30285.0
7050.0
15267.5
4444.5
9462.0
543.5
68.0
5925.0
2353.5
21927.0
5591.0
4467.0
163.0
4607.5
2540.0
0
17752.0
3660.5
22734.0
30354.0
16564.0
1982.0
438.5
8468.0
1965.5
6829.5
5327.5
3602.5
2257.0
6981.0
3159.0
7392.5
6972.0
2170.0
11631.0
4285.5
16883.0
1199.0
13902.5
68.0
533.5
13649.5
12548.5
68.0
3208.0
9414.0
68.0
8138.0
12514.5
2111.5
458.0
3607.0
17729.0
3741.5
2357.5
3892.5
68.0
1352.5
12228.5
365.5
22653.0
11977.0
31822.0
68.0
1410.0
3227.5
18313.0
533.5
68.0
5420.5
17170.5
68.0
10232.5
11779.5
12063.0
13431.5
1785.5
4305.5
5510.0
20992.5
18751.0
12414.5
16119.5
2779.5
12921.0
5059.5
0
8466.5
13743.0
68.0
27372.5
2579.5
4414.5
27404.5
68.0
32166.0
6240.0
9785.0
4023.5
14750.5
1940.0
68.0
68.0
8579.5
8596.5
68.0
21905.5
10325.0
18065.5
16925.5
5416.0
3624.0
11453.0
6284.5
458.0
11676.0
68.0
1126.0
68.0
14289.0
11297.5
68.0
68.0
1496.5
9468.0
68.0
68.0
10349.5
68.0
13461.5
3576.5
7644.0
10285.0
18643.5
16059.5
8306.5
998.5
10826.0
10334.5
25598.5
438.5
1985.0
5812.0
68.0
6935.0
68.0
8136.0
9860.5
68.0
68.0
612.5
736.0
1886.5
6813.5
11251.0
28474.5
28466.5
9149.0
4690.0
960.5
10711.0
13500.0
20289.0
8618.5
13097.0
3640.0
3205.5
9602.0
553.0
7389.0
438.5
9869.5
11795.0
9579.0
20551.0
68.0
2728.5
11565.0
2145.5
12049.0
3230.5
1053.0
1617.5
21471.0
4193.0
4538.5
16477.5
13410.5
13523.0
16934.5
4161.0
1570.0
27598.5
5961.5
3320.5
9866.0
1479.5
458.0
524.0
11199.0
24017.0
1926.5
68.0
6038.5
20123.5
2728.5
27635.5
11088.5
1803.0
16373.0
68.0
7223.5
31294.0
10426.0
1499.0
6528.5
68.0
5304.0
12429.5
0
68.0
2349.5
20976.5
6577.5
14417.0
2708.5
533.5
9020.5
1421.5
2627.5
8048.0
68.0
537.5
7185.0
1056.0
3776.5
10769.5
32429.5
6733.5
3231.0
5606.5
3214.0
2001.5
1119.0
10505.0
9441.5
26099.5
11471.0
438.5
68.0
15705.5
2374.5
9886.0
27320.0
68.0
31452.5
9911.0
8088.0
10762.5
68.0
1033.5
19535.5
8143.0
3576.5
6852.5
68.0
738.5
11330.0
2640.5
17814.5
11946.0
1875.5
9087.0
11633.5
909.5
4482.5
7289.5
9051.5
14747.0
28620.5
20076.5
19727.5
29.0
67.5
7651.0
23888.0
8091.0
26690.0
4897.5
1016.5
6491.5
10437.0
68.0
1036.0
8571.5
68.0
8240.0
2282.0
12104.5
29331.0
8078.5
7336.0
13115.5
68.0
8117.0
4842.0
68.0
1928.5
18421.5
10807.5
4485.5
68.0
6482.5
10132.5
524.0
20679.0
10578.5
14854.5
2355.5
5841.5
68.0
68.0
2074.5
21813.5
68.0
0
2854.5
11847.0
68.0
68.0
3433.0
2816.5
68.0
19570.5
68.0
4694.5
8987.5
68.0
21870.0
68.0
68.0
2557.0
4549.5
25246.0
68.0
8918.0
11296.0
8019.0
7731.5
68.0
0
13921.5
11220.0
14357.0
13174.5
68.0
10776.5
633.5
68.0
2700.0
4634.5
22695.0
0
1796.0
16411.5
16801.0
21483.0
1423.5
17532.5
19610.0
15693.5
68.0
10987.5
1570.0
1089.5
1892.0
3132.5
8972.5
2330.0
27118.5
1757.5
8209.0
5936.0
22262.0
7171.5
11344.5
13887.5
7032.5
21907.5
68.0
438.5
15332.5
68.0
6730.0
68.0
6797.5
22645.5
10327.5
21021.5
19282.0
14795.5
8024.5
10015.0
68.0
15533.0
6325.0
14320.0
17801.0
14758.5
17427.0
22.5
4100.0
943.0
1019.5
7302.0
10407.5
14335.5
24552.0
4966.5
68.0
4899.0
926.5
68.0
10286.5
0
10357.0
68.0
2369.0
3613.0
14940.5
1019.0
28048.5
21030.5
8982.5
6242.0
1792.5
1258.0
2075.0
14258.5
9877.5
7622.5
68.0
9849.5
68.0
68.0
68.0
17045.5
0
68.0
9812.5
2632.5
11234.0
2781.5
68.0
16165.0
28364.0
10443.5
2221.0
4491.5
14440.0
4870.0
68.0
11345.5
11754.0
30834.0
3668.5
65.0
68.0
68.0
12130.0
68.0
68.0
3710.5
1387.0
19738.5
9491.0
8412.0
6733.5
7221.0
2192.0
12145.5
10291.5
14389.0
9706.0
68.0
68.0
910.0
68.0
13440.0
27020.0
0
24124.0
68.0
6253.5
1889.0
3893.0
4488.5
16054.0
10248.5
4161.0
67.5
18750.5
68.0
45.5
1199.5
10359.0
5844.0
12051.0
28344.0
7969.0
1589.0
18648.0
3501.0
24148.5
13450.5
1421.5
4075.0
1423.5
27638.5
68.0
68.0
68.0
5795.5
68.0
3598.0
5926.5
20126.0
68.0
3023.0
68.0
0
68.0
5375.5
5705.5
8970.5
25415.5
68.0
5907.5
14290.5
9732.5
26345.0
68.0
25039.0
68.0
68.0
0
68.0
68.0
1516.0
68.0
4157.5
20883.0
2374.5
11496.0
68.0
68.0
23177.0
5020.0
5487.0
1402.5
68.0
7215.0
8232.0
68.0
68.0
948.5
4646.5
17261.5
3949.0
12487.5
68.0
68.0
68.0
68.0
4369.0
4156.5
7579.5
18916.0
17513.5
68.0
20206.5
7112.5
20132.5
11864.0
5315.5
21036.0
14448.0
9930.0
68.0
8578.5
627.5
68.0
25877.5
20592.5
6382.0
12386.5
19883.0
9513.5
16140.5
8645.0
5407.5
68.0
2847.5
7199.0
7738.0
68.0
0
22232.5
12526.5
8551.0
9010.0
2647.0
24516.0
68.0
533.5
68.0
1794.5
68.0
3140.0
68.0
2090.5
633.5
5151.0
7294.5
16304.0
68.0
1792.5
2456.0
27630.5
68.0
68.0
20534.0
629.0
6329.0
5546.5
13942.0
4232.5
68.0
21832.5
0
2263.5
30381.5
68.0
13922.0
8566.5
7690.0
6873.0
10551.0
1404.5
68.0
20867.5
68.0
28253.0
1794.0
960.5
19460.0
5133.5
68.0
27947.5
22053.0
22186.5
1404.0
24556.0
4002.5
3298.0
16294.0
67.5
11632.0
3207.0
68.0
68.0
68.0
14362.0
68.0
2330.0
14362.0
68.0
3658.0
68.0
6085.5
17843.5
68.0
7647.5
28547.5
13336.0
7463.5
16941.0
68.0
0
1940.0
8153.0
13072.0
5930.0
3593.5
14503.0
9579.0
68.0
14205.5
6730.0
0
29223.5
2761.5
22155.0
543.5
8259.5
646.0
6355.0
68.0
16160.5
1575.5
1513.5
8065.5
2016.5
12472.0
7695.5
1687.5
9459.0
1126.0
5463.0
2372.0
458.0
7170.0
1862.5
2653.0
26776.5
68.0
1406.5
2739.5
8710.5
68.0
12523.0
2944.5
68.0
1967.5
2279.0
3167.5
11198.0
2558.5
1589.0
1906.0
6437.0
14611.5
68.0
8396.5
68.0
2520.5
11126.0
9897.0
2143.5
7586.5
2487.5
68.0
17357.0
4949.5
13680.0
1499.0
1109.0
68.0
458.0
8387.5
9321.5
24036.0
17892.0
2191.0
9470.5
438.5
68.0
6706.5
18651.5
633.5
9377.5
12176.5
2845.5
3287.0
14875.0
1126.0
7338.5
458.0
9841.0
30807.5
20904.0
27265.5
13376.0
5995.0
30730.0
16998.0
68.0
458.0
6719.0
1386.0
7568.0
9951.5
1444.0
1886.5
68.0
15848.0
68.0
2769.0
13853.0
13907.5
68.0
18276.5
8914.0
16069.0
12570.0
13239.5
738.5
9894.0
5788.5
23304.0
5425.0
4193.0
173.0
3780.0
68.0
20476.5
6410.0
1022.0
3610.5
68.0
2319.0
7657.5
68.0
7385.0
68.0
3668.5
1351.0
68.0
3334.5
25525.5
10846.0
2370.5
10940.5
5024.0
1509.0
29903.0
6229.5
7222.5
1959.5
5470.0
68.0
7751.0
8063.5
68.0
2391.5
14779.0
1758.0
13304.0
3315.5
3274.0
68.0
28132.0
57.5
5302.5
2815.5
1792.5
68.0
68.0
68.0
22069.0
68.0
4486.0
1019.5
6698.0
11307.0
5039.0
1033.5
11211.0
9806.5
458.0
68.0
31170.0
21725.0
11265.5
17536.5
2865.5
29963.5
4067.5
13054.5
20627.5
68.0
15755.0
0
6348.5
8220.5
943.5
4227.5
68.0
16013.0
16151.5
31425.5
13523.5
5417.5
68.0
68.0
0
26762.0
719.0
6391.0
5903.0
68.0
68.0
11063.5
6256.5
5063.5
1848.5
0
68.0
68.0
68.0
0
3413.0
0
68.0
629.0
10710.5
7555.5
7258.0
4652.5
15808.5
736.0
9491.0
68.0
3621.5
31710.5
68.0
68.0
9426.5
19164.0
28705.0
68.0
67.5
1869.5
3160.0
9860.5
3691.0
6236.0
68.0
3248.5
0
2725.5
68.0
14787.5
8071.5
68.0
1813.5
1687.0
68.0
16879.0
8156.5
68.0
9950.5
5863.5
903.5
68.0
21857.0
903.5

1409.0
68.0
1404.0
3964.5
9357.5
10713.5
4154.0
17300.0
23925.5
11681.0
0
3208.0
2576.5
1867.0
901.5
12617.5
68.0
3662.5
2219.5
1614.0
1780.0
8511.5
2266.5
68.0
2932.5
1334.0
1346.5
10772.5
1479.5
68.0
68.0
10334.0
13004.0
68.0
3131.5
1354.0
5366.5
4448.5
2703.0
10741.5
4766.5
736.0
68.0
1755.5
6431.0
19803.5
3788.5
68.0
68.0
12974.0
8184.0
4595.5
1033.5
68.0
4075.5
68.0
13289.0
9876.5
13365.5
4727.0
13098.5
2745.0
2259.5
6324.0
9486.0
9435.5
11645.0
68.0
68.0
629.5
10037.0
8042.0
2687.0
6272.0
15245.0
5112.0
9369.0
10374.5
68.0
3002.5
9889.5
20140.5
926.5
1218.5
5046.5
0
7328.0
828.5
438.5
8498.0
5537.0
961.0
25637.0
68.0
68.0
2206.5
5770.5
12921.5
23296.0
68.0
13944.5
68.0
11655.0
68.0
11232.0
4658.5
4251.5
19329.0
68.0
8609.0
13930.0
11167.0
68.0
15178.5
21442.0
5159.5
6663.5
11638.0
2932.0
3158.5
24040.5
12963.5
8212.0
1486.0
68.0
7645.5
31562.5
68.0
0
4342.0
68.0
1819.5
3130.5
14279.5
11436.0
7738.5
7284.5
15696.0
0
68.0
8459.0
17436.0
10776.5
13529.5
13461.5
28552.5
68.0
68.0
10808.5
1411.5
3983.5
7906.5
68.0
24489.0
5835.5
438.5
8497.5
9826.0
13867.0
8368.5
2562.5
2537.5
2276.5
8593.0
1331.5
2092.0
68.0
646.0
9404.5
16078.5
7222.0
15759.5
9861.0
18700.5
4569.5
26636.5
68.0
7928.5
3717.5
23714.5
68.0
11337.5
24542.5
629.0
68.0
10370.5
68.0
31636.0
9014.5
1143.5
1782.5
8128.0
10696.5
2857.0
68.0
4364.0
3624.5
9023.0
68.0
10917.5
10302.5
68.0
6830.0
8506.5
35.0
11274.0
3668.5
68.0
4465.0
1797.5
68.0
6290.0
9729.5
3790.5
4912.5
5317.5
6162.0
68.0
17507.0
2280.5
15494.0
17018.0
68.0
5820.0
1817.5
19274.0
7763.5
27287.5
4150.5
12562.5
8112.5
10197.5
6755.5
1334.5
4544.0
9541.0
68.0
10850.0
16486.0
927.5
68.0
25326.5
1126.0
5378.0
68.0
68.0
68.0
7612.0
7196.0
1477.0
3195.0
4972.0
2590.0
2301.5
1331.0
68.0
1191.0
68.0
5831.5
1016.5
13889.0
16516.0
68.0
12083.5
68.0
21077.5
9359.5
12011.5
68.0
8018.5
2411.5
10281.5
68.0
68.0
18800.5
68.0
68.0
68.0
4471.5
15746.0
5939.0
3580.5
1631.0

3120.5
4693.0
2689.0
962.0
15261.0
1777.0
5515.0
14746.5
68.0
8622.0
68.0
4464.0
28040.0
68.0
12137.5
12142.5
4190.0
68.0
4059.0
1333.5
19488.5
68.0
11208.0
1333.5
15590.5
68.0
68.0
1940.0
458.0
5745.0
6372.5
9947.5
68.0
3613.0
0
7236.0
23127.0
3679.0
2690.5
68.0
16467.5
23589.5
68.0
1631.5
1944.0
8927.0
8990.5
11302.5
3138.0
68.0
4969.5
2282.0
2745.0
68.0
68.0
3133.5
68.0
30739.0
1496.5
4005.0
68.0
13789.0
3715.5
68.0
1426.0
25783.0
68.0
7115.0
24459.5
18744.0
5513.0
10269.5
15608.5
8033.0
9553.0
1670.0
3637.5
458.0
8784.5
0
11829.5
458.0
8552.0
13797.0
25366.5
14738.0
12607.5
5423.0
68.0
68.0
4433.0
29362.5
0
68.0
6340.5
5065.5
16029.5
10353.0
66.5
8969.0
4065.0
7611.5
5905.0
910.0
3647.0
12091.0
3411.0
9539.0
68.0
10924.0
1499.0
9487.5
2316.0
7221.5
4594.5
15213.5
8962.0
9215.5
2706.5
9495.5
18973.5
12556.0
736.0
1926.5
21476.5
3228.5
18016.0
9509.0
18195.5
68.0
11606.0
458.0
10837.5
6217.0
22995.0
6505.5
2853.0
4993.0
68.0
68.0
5049.5
0
647.0
10383.5
3227.5
9434.0
68.0
7899.0
5336.5
2669.5
12449.5
1479.5
25250.5
1106.5
438.5
22219.0
13605.5
68.0
9898.5
438.5

68.0
68.0
68.0
3284.5
4170.5
4506.0
3110.5
25807.5
7113.5
20509.5
5024.0
2058.5
2264.0
68.0
7662.0
0
13890.5
68.0
27939.0
1033.5
7741.0
438.5
10320.0
68.0
6755.0
2349.5
68.0
629.0
14735.0
19606.5
1036.0
5897.5
16083.5
68.0
8929.5
14402.0
5373.0
2739.5
5774.0
1569.5
2518.5
1034.0
3059.0
19461.5
11158.5
68.0
5881.5
1036.0
9116.5
15143.5
2277.0
0
1036.0
0
13059.0
3993.0
1904.0
68.0
3118.0
8105.5
1794.5
2257.5
2167.0
68.0
14748.5
7568.5
68.0
27262.0
20687.0
6702.0
20109.0
3732.5
68.0
5810.5
3079.5
6561.0
480.0
6498.0
4120.0
18451.0
7665.0
5900.0
2257.0
9903.5
68.0
9861.0
10097.5
15242.0
16499.5
1021.5
68.0
12908.5
5348.0
438.5
68.0
2585.0
2670.0
12392.0
4553.5
2765.0
30267.5
68.0
7718.5
2732.5
18702.5
11115.5
3580.0
524.0
7201.5
12989.5
68.0
5386.5
2297.0
13826.5
27334.0
1723.5
2850.0
1051.0
7651.0
4580.5
68.0
1480.0
68.0
2276.5
13409.0
9408.5
7949.5
68.0
29338.0
3648.0
2666.0
5363.5
13507.5
5368.5
9023.0
8079.0
11173.5
1128.5
29411.0
3079.0
68.0
4006.0
719.0
28243.5
0
31173.0
68.0
12908.0
939.0
17873.5
11164.5
13859.5
3681.5
1370.0
4881.5
719.0
28991.0
6257.0
480.5
6198.0
755.5
68.0
3197.0
5003.0
6065.0
15144.5
4601.0
68.0
1850.0
13066.5
8566.0
3204.5
22692.5
646.0
10691.5
18809.0
3337.5
1421.5
4245.5
18735.5
28093.5
12598.0
9438.5
2409.0
8505.0
6358.0
28058.0
3461.0
10350.5
28991.0
10257.5
4026.0
13480.5
2608.5
14189.5
1033.5
13874.5
68.0
12579.0
3223.0
68.0
7769.5
68.0
3581.5
4585.0
1777.0
1499.0
9842.0
15282.5
438.5
458.0
1053.0
4825.0
1906.0
4285.5
13879.0
1984.5
3763.5
7477.5
5114.5
68.0
1423.5
68.0
68.0
4183.0
1906.0
68.0
21896.5
20556.5
2799.5
18282.5
18526.0
15000.5
0
6267.0
25972.5
3149.5
17305.5
3830.5
438.5
68.0
0
31660.5
11501.0
18280.5
68.0
1965.0
5992.5
68.0
4006.0
68.0
68.0
12917.0
2672.0
7255.5
543.5
2077.0
5076.0
5446.5
3688.5
68.0
68.0
68.0
68.0
6314.5
68.0
11569.0
68.0
0
23166.0
3874.5
2927.5
16112.5
8668.5
5879.5
1569.5
21918.0
11212.5
68.0
2265.0
9125.0
3506.5
2763.0
348.5
68.0
9006.0
13466.0
10734.0
14825.0
77.0
68.0
4654.0
5764.5
9818.0
755.5
54.0
4901.0
5625.0
19657.5
736.0
68.0
3738.0
5100.0
19630.5
17489.0
5359.5
16011.5
21131.5
29108.5
458.0
68.0
68.0
68.0
0
7610.0
3593.5
4191.5
20140.5
7139.0
10551.0
11951.5
3279.0
5835.5
2687.0
6749.5
31710.5
17350.0
18082.0
7215.0
16594.5
3226.0
1036.0
8137.0
8514.0
11427.0
9823.5
6775.5
12408.5
6972.5
458.0
4178.5
68.0
3786.0
68.0
21421.0
30967.5
3645.0
68.0
68.0
7618.5
1889.0
14962.0
5536.0
18777.5
7593.5
17968.5
13050.5
1611.5
9428.0
5012.5
19488.0
68.0
68.0
7705.5
28908.5
5122.0
365.5
10331.0
0
4454.5
68.0
10325.5
16791.5
438.5
68.0
18876.5
458.0
458.0
68.0
9397.5
10644.0
3696.0
68.0
14423.5
3217.0
21945.0
16617.0
663.5
1423.5
13523.0
68.0
68.0
14988.5
5125.5
16511.5
7921.5
6247.5
4098.0
14844.0
68.0
8605.5
19161.0
13176.5
5052.0
1631.0
4444.5
68.0
67.5
14492.5
7040.0
7673.5
17703.5
13479.5
5509.5
4485.0
8971.5
8537.0
8438.0
68.0
3983.5
23660.5
33131.0
1648.5
7322.5
68.0
11033.0
68.0
68.0
11638.0
1850.0
7831.0
2330.0
68.0
19714.0
17032.5
68.0
6343.5
18662.0
68.0
15931.5
28110.0
18762.0
68.0
10834.0
4005.0
4056.5
29730.5
68.0
8332.5
3599.0
25978.0
7736.5
719.0
4949.5
68.0
7469.5
1927.5
6497.5
3601.0
5061.0
68.0
68.0
1479.5
24635.0
5416.5
68.0
14788.0
1406.5
1982.5
4639.5
15187.5
11217.5
7725.5
13929.0
22734.5
4252.0
68.0
8082.5
7234.0
365.5
68.0
5432.0
3609.5
68.0
5935.5
33984.5
6797.0
2296.5
68.0
8909.5
9706.5
68.0
4451.0
2394.5
8575.5
8198.0
4521.5
68.0
3144.0
68.0
3247.0
4988.0
1333.5
4525.0
68.0
32199.5
5449.0
5414.0
2203.5
15190.5
12634.5
2167.0
68.0
2835.0
5431.5
13955.5
11272.0
10362.0
11179.0
11174.0
6697.5
2762.0
2762.0
10493.0
25020.0
1852.5
68.0
18371.5
3562.0
3618.0
68.0
33846.5
3169.0
5507.0
28301.0
841.0
0
1499.0
11214.5
629.0
4058.5
68.0
68.0
4028.5
458.0
16624.5
16417.0
10320.5
1426.0
26343.0
5904.5
1126.0
3281.0
6575.5
1774.5
68.0
6846.0
3169.0
0
18434.0
7126.5
10819.0
21052.0
3203.0
68.0
68.0
7124.0
4771.5
25987.5
12935.0
68.0
17793.0
68.0
8664.5
2301.5
736.0
5322.0
20234.0
10868.0
23621.5
7192.0
14593.0
5603.0
809.0
6026.5
68.0
2787.0
68.0
26331.0
1895.0
22022.5
1959.5
66.5
11031.5
5531.0
68.0
1627.0
68.0
5529.0
68.0
68.0
0
2685.5
150.0
7748.5
10792.5
24159.5
12074.5
68.0
17472.5
6286.5
3115.5
68.0
13859.5
24159.0
68.0
1833.0
1569.5
22.5
68.0
8015.5
2008.5
13886.0
11558.0
0
11684.0
3671.0
16546.5
4143.0
0
68.0
4931.5
8108.5
68.0
2340.5
9203.0
13813.5
365.5
1979.0
68.0
7585.5
3587.0
5919.0
6069.0
12497.0
3450.0
646.0
2537.5
1831.0
5024.5
68.0
1499.0
6083.5
68.0
68.0
541.0
7200.0
68.0
28452.0
68.0
1828.5
68.0
13853.0
0
17524.5
0
68.0
68.0
4131.5
23062.5
4430.0
6233.0
17398.5
2944.5
17301.0
68.0
0
0
68.0
1886.5
68.0
2279.0
2764.0
17041.0
24447.5
6943.0
68.0
2375.0
7183.0
7253.5
6742.5
8015.0
6278.0
1348.5
68.0
3638.0
13796.0
68.0
24844.5
1516.0
23610.0
5394.5
7399.0
6694.0
1910.5
9056.0
68.0
17002.5
68.0
10525.0
4328.0
6494.0
7578.0
19556.0
20147.5
9705.5
16498.5
1036.0
16551.0
9921.5
10742.0
17426.5
12974.5
438.5
1350.5
68.0
4190.0
2464.5
68.0
2369.0
3115.5
9944.5
1441.0
68.0
23536.0
8891.0
438.5
1848.5
1126.0
8642.5

68.0
68.0
8476.0
2008.5
1796.5
7636.0
4936.0
3135.0
11614.5
1126.0
4620.0
5865.0
68.0
4489.0
68.0
68.0
7628.5
14720.0
3822.5
68.0
4129.0
68.0
6326.0
2911.0
4279.5
29268.0
17976.0
2355.0
2891.5
8427.0
5427.5
458.0
68.0
4960.5
68.0
68.0
20914.0
5076.0
1106.5
8501.5
25449.0
13744.5
18254.5
68.0
68.0
6241.5
68.0
3639.5
4956.0
1010.0
8462.0
13417.5
68.0
32662.0
1816.5
12048.0
5563.0
5526.0
14183.5
1131.0
1612.5
13198.0
68.0
3889.0
2337.0
18327.0
5952.5
1070.5
12576.5
7569.5
8591.0
68.0
28558.0
68.0
10472.0
10311.5
4527.5
2725.0
6655.0
1016.5
4098.5
68.0
28156.5
14317.0
24642.5
8801.0
7053.5
4565.0
18847.0
14120.0
1300.0
1890.0
7830.0
4561.0
9879.0
11484.5
10802.0
22806.0
28014.5
68.0
10127.0
4937.5
8057.5
68.0
257.0
4093.5
2759.0
9881.5
12735.0
68.0
7441.0
163.0
3295.5
1477.0
1463.0
68.0
13500.5
68.0
3710.5
2354.5
2664.5
9496.5
5755.0
4571.5
18762.0
10698.5
1909.5
14657.0
5394.0
7818.0
10862.0
1578.0
68.0
2276.5
4045.0
4054.5
14455.5
7743.5
0
6076.5
4540.5
1477.5
348.5
1867.5
11259.5
2296.0
13130.5
9364.5
6772.0
8999.5
3259.5
8657.0
68.0
438.5
68.0
12737.0
9109.0
4000.5
3136.0
68.0
9386.0
5808.0
8252.0
24501.5
458.0
21565.5
460.5
7369.5
1869.5
14566.5
11373.0
21151.5
68.0
68.0
68.0
19008.5
68.0
8075.5
11336.0
944.5
21816.0
68.0
21210.5
68.0
2374.5
16266.0
19690.0
2762.0
6302.5
68.0
68.0
5514.0
68.0
10906.0
28065.0
16679.0
7567.5
1051.0
7196.5
68.0
20797.0
2543.5
5560.5
68.0
9027.0
68.0
9744.5
7199.5
9371.5
31725.5
24017.0
32592.5
68.0
68.0
6263.5
5794.5
2330.0
1106.5
29007.5
365.5
68.0
3486.0
13587.5
68.0
20890.0
68.0
3838.0
4168.5
4103.5
2358.5
2831.0
6367.0
6178.0
14101.5
5663.0
3632.5
7856.5
8086.0
4523.0
68.0
8491.0
3317.5
2739.5
1497.0
5141.5
6827.0
68.0
68.0
961.0
5457.5
1406.5
13583.5
1943.0
6829.0
5356.5
16550.5
18312.5
12596.5
68.0
4283.5
18368.5
2206.5
1516.0
6838.5
1016.5
1387.0
5156.5
15345.5
6660.5
1940.5
24019.0
13846.0
11268.5
17411.0
25428.0
6750.5
9537.5
3617.5
29470.5
6736.5
2285.0
2319.0
68.0
22343.5
7407.0
6561.5
438.5
12046.5
2764.5
12436.0
8538.0
68.0
8460.0
3688.0
7744.5
8614.5
68.0
4024.5
438.5
31367.5
1036.0
7128.0
2497.0
68.0
12357.0
9857.5
68.0
4765.5
17559.5
460.5
2686.0
6330.5
68.0
11771.5
9987.0
14836.0
68.0
25423.5
68.0
22636.5
17378.0
4526.0
5921.5
5677.5
30309.0
5052.5
19609.0
21904.5
17025.0
19141.0
28663.5
68.0
68.0
68.0
1019.5
23272.0
68.0
1909.0
6810.0
5458.0
1443.0
4724.0
68.0
68.0
2392.0
19293.5
6432.0
8604.0
12084.0
13888.5
7194.0
2240.0
1385.0
68.0
11639.0
1199.0
5149.0
1406.5
11625.0
12575.5
4966.5
12653.0
21500.5
68.0
31409.0
3205.5
10061.5
1139.0
9886.0
4805.5
21481.5
17038.5
68.0
68.0
3573.0
17007.5
3205.5
11280.5
1417.0
4281.0
28108.0
10342.5
5461.5
831.0
8178.5
68.0
14819.0
5111.0
11917.0
7380.0
5864.0
24968.5
3212.5
4487.5
5377.5
68.0
4088.5
5549.0
25025.0
6334.0
68.0
7323.0
163.0
2330.0
68.0
16957.5
10366.5
458.0
14692.5
26100.0
2715.5
22406.5
537.5
9869.5
68.0
13896.5
3248.0
1499.0
1777.0
2356.0
2229.5
13938.0
20605.0
7744.5
68.0
10688.5
8912.5
20571.0
5426.0
809.0
10733.0
21069.0
828.5
21781.0
7698.0
12994.0
17428.0
16131.0
19593.5
6502.5
23685.5
68.0
1199.0
21067.0
8795.5
11662.5
68.0
5195.0
5194.0
68.0
13138.5
9336.5
4563.5
6231.5
4289.5
13438.5
8984.0
5122.0
27585.0
68.0
68.0
1796.5
68.0
68.0
10761.0
4417.0
6306.0
14403.5
719.0
15192.5
27717.5
1019.5
8559.0
9038.0
24025.0
5959.0
5511.5
3870.5
1053.0
68.0
21475.0
11881.0
30295.0
17403.5
7629.0
17106.5
20970.0
8437.0
1413.0
68.0
0
2259.5
30248.0
68.0
68.0
1351.0
25047.0
18343.5
20574.5
11778.0
12967.5
12739.0
31710.0
68.0
1763.0
68.0
1388.0
9454.5
4469.0
9004.0
50.0
23143.0
15388.5
8506.0
23732.0
438.5
3170.5
0
8272.0
3994.5
5475.5
12137.0
18943.5
2189.5
11580.5
6086.5
0
4608.0
5489.5
3530.5
68.0
1426.0
978.0
17501.5
5833.5
7718.5
68.0
15731.0
20544.5
2649.5
0
5380.5
8818.0
458.0
809.0
68.0
68.0
68.0
17177.5
1889.0
3227.5
13336.0
7715.0
68.0
0
68.0
68.0
68.0
68.0
25087.0
2113.5
2310.5
68.0
8764.5
68.0
13762.5
2656.0
68.0
19708.5
0
10661.0
6898.5
4105.5
68.0
9532.5
15803.0
10301.5
1016.5
28083.0
68.0
68.0
22730.0
68.0
6293.0
68.0
68.0
21917.0
15668.0
26821.0
2364.5
25090.0
1906.0
9460.5
4937.0
7130.0
15210.5
8130.0
848.5
20149.0
4487.0
438.5
3152.0
68.0
8138.5
13366.5
6738.0
627.5
6770.0
2257.0
24937.5
12057.5
25776.5
438.5
961.0
17899.0
12631.5
33970.0
19737.0
32582.0
5062.0
15339.5
68.0
1912.5
22859.5
68.0
1479.5
0
0
14870.5
524.0
68.0
18643.5
8515.5
2374.5
15806.5
1875.0
25684.0
32120.5
2257.0
13687.5
68.0
68.0
8497.5
7108.5
8126.5
1796.5
14850.0
736.0
7162.5
9002.5
2727.0
9461.0
68.0
438.5
6720.0
8920.5
8948.0
12468.5
68.0
24934.0
27992.0
1126.0
12169.5
3278.5
14872.0
1979.0
1036.0
3500.0
2279.0
3335.5
9205.0
3226.0
543.5
4608.0
4093.5
3539.5
10098.5
736.0
9293.5
21500.0
20605.5
14248.5
20142.0
10663.0
10383.5
8073.0
8036.5
10846.0
25569.0
4049.5
6068.0
13381.0
22580.0
68.0
1959.5
11205.5
32192.5
9557.5
438.5
27153.0
27185.0
5812.0
3003.5
12809.5
68.0
1145.5
9410.0
19160.5
1410.0
8580.5
19468.0
68.0
68.0
22813.0
68.0
16950.5
6750.5
31747.5
0
0
6896.5
8989.0
1886.5
1906.0
7824.5
0
0
68.0
68.0
3579.5
8078.5
6716.5
3415.5
0
68.0
15709.5
3780.5
68.0
533.5
6315.0
8903.5
3635.5
1126.0
12940.0
20866.0
8578.0
16066.0
2262.5
14111.0
1496.5
16140.5
68.0
13089.5
2944.5
12170.0
0
7338.5
68.0
8057.5
7650.5
2164.5
0
6384.5
19703.0
1477.0
5932.0
5535.0
68.0
9844.5
6816.0
68.0
1800.5
6555.5
26847.0
7650.5
2818.5
1906.0
2689.0
8470.0
28052.5
10923.0
6709.0
5046.5
14048.0
18367.0
17315.5
68.0
11136.5
12045.5
15368.5
68.0
68.0
2077.0
8675.0
68.0
68.0
10609.0
3994.5
1038.0
4083.5
68.0
23993.0
26663.5
6425.0
1036.0
1409.0
19262.0
0
8089.5
14587.0
1813.5
9500.0
20552.5
5908.5
68.0
7033.5
3689.5
68.0
68.0
68.0
21018.0
6159.0
68.0
16568.5
1404.5
1016.5
5992.5
4951.0
2701.0
68.0
13965.0
11305.0
16706.0
68.0
1569.5
4047.5
3652.5
4036.5
2759.0
3317.5
68.0
4532.0
23203.0
2276.5
12051.0
14522.0
9014.0
68.0
1724.0
4357.0
3992.5
68.0
7880.0
31237.5
68.0
12582.0
0
8157.5
4047.5
8633.5
1867.0
68.0
3637.0
7252.0
10096.5
4114.0
6527.0
8692.5
68.0
29963.5
19033.5
7572.5
11196.0
8988.5
5319.5
1106.5
1218.5
2835.0
11231.5
68.0
13157.5
16132.0
1951.5
332.0
19731.0
11159.5
943.5
12151.5
68.0
22912.5
943.5
68.0
22748.0
4666.5
5986.0
0
8103.5
4116.5
11771.5
6674.5
8900.0
5014.5
13375.0
18513.0
1612.5
12092.5
9853.0
4043.5
20970.5
8506.0
9216.5
8963.5
13106.5
0
956.5
17557.5
11396.0
3298.5
1780.0
2240.0
4925.5
23179.5
1987.0
534.5
2257.5
1314.0
612.5
5083.0
2257.0
68.0
13193.0
1666.5
68.0
1569.5
3205.0
9211.5
16977.0
0
6070.5
31644.0
6429.0
22650.0
1105.0
68.0
23342.5
68.0
12637.0
5023.5
3555.5
2259.5
2981.5
16069.0
3140.5
7458.5
16079.5
2955.0
11155.5
24756.0
68.0
7229.0
12575.5
13880.0
438.5
1409.0
1089.5
68.0
1844.5
68.0
68.0
543.5
10246.5
68.0
6782.5
6772.5
10557.5
4159.5
14592.5
2300.0
753.5
10014.5
15677.0
68.0
23254.0
1331.0
0
14227.5
68.0
68.0
3650.5
13215.5
4121.0
6276.5
999.5
12299.5
1016.5
28521.5
3615.0
68.0
5041.5
958.5
1351.0
9870.5
68.0
18788.0
10221.0
68.0
26711.5
9369.5
15265.0
16246.5
6384.0
23999.0
5380.5
11648.0
5906.0
68.0
6662.5
68.0
68.0
13965.0
533.5
24604.0
458.0
22469.5
11486.0
29844.5
3142.5
5877.5
12958.5
1792.0
1862.5
348.5
68.0
14809.0
4041.0
3707.5
18322.0
68.0
2481.5
5009.5
68.0
68.0
2347.0
7393.0
0
68.0
16116.5
68.0
68.0
7586.0
68.0
4020.5
68.0
3115.5
10380.5
23131.0
809.0
9713.0
5025.5
3649.5
5062.0
4448.0
3208.0
2356.0
2314.5
4949.5
8052.5
12422.0
10824.0
5771.0
11298.5
68.0
6777.5
438.5
65.0
4454.5
9503.0
595.0
18911.0
68.0
1627.0
3414.5
17091.5
16178.5
257.0
68.0
68.0
2092.0
68.0
3971.5
6293.0
68.0
9470.5
12166.0
11552.0
68.0
2794.5
1019.0
68.0
68.0
68.0
68.0
11889.5
15208.0
19237.5
3267.0
10673.5
2255.0
19232.5
2147.5
271.0
2762.0
0
23478.5
9863.0
4469.0
68.0
2464.5
6292.0
68.0
3611.0
0
12753.5
3225.0
1199.0
4356.5
68.0
19560.5
68.0
67.5
29146.5
7250.5
3486.0
18131.0
2709.0
5873.5
15621.5
0
7589.5
68.0
68.0
15908.0
68.0
3251.0
16311.5
16910.0
68.0
7406.5
21524.5
4466.5
16601.5
6556.0
22568.0
5243.5
4532.0
18226.5
7269.5
6986.5
68.0
6785.5
68.0
6832.5
1023.5
6004.5
68.0
8199.0
828.5
3540.0
4440.0
68.0
2362.0
7606.0
4493.0
848.0
1872.5
15970.5
18377.0
30773.5
1106.5
7504.5
738.5
11157.5
19320.5
68.0
20975.5
2505.5
12470.5
1940.5
3138.5
68.0
28146.0
13936.5
68.0
627.5
68.0
16035.5
9013.5

1886.5
2523.5
12895.5
438.5
5117.5
8756.5
14919.0
24623.0
7024.0
4172.0
0
6411.5
2732.0
14135.0
10849.5
8864.5
944.0
68.0
6970.0
2679.0
5955.0
14348.0
68.0
68.0
68.0
11541.5
4136.5
8072.0
68.0
19361.0
17567.0
9988.5
67.5
13802.0
14847.5
18733.0
10865.0
4975.0
68.0
1987.5
4065.5
534.5
24204.5
3699.0
11260.5
68.0
68.0
10254.5
5383.0
5637.0
68.0
68.0
4395.5
1029.0
68.0
15331.5
7571.5
16957.0
21235.0
24516.0
4992.0
11306.5
68.0
16966.0
0
4058.5
12055.5
5904.5
5534.0
10510.5
21398.5
2822.0
68.0
4518.5
8715.5
7268.5
68.0
2243.5
68.0
6727.0
9412.0
20897.5
68.0
68.0
26398.0
68.0
31258.5
3562.0
4618.0
1199.5
16461.5
1480.0
68.0
1460.0
68.0
9072.5
68.0
629.5
68.0
22303.0
68.0
15270.5
15952.5
15177.5
2374.5
68.0
7827.0
2308.5
13823.5
7774.0
68.0
11162.5
9512.0
2854.5
68.0
21428.5
9407.5
68.0
15399.0
68.0
1484.5
2428.0
11375.0
25031.5
3223.5
1739.0
2998.0
4190.5
68.0
365.5
1178.0
68.0
3023.5
533.5
5924.0
828.5
2391.5
68.0
3248.0
1886.5
20370.5
7445.5
16969.5
9896.0
68.0
1899.0
20610.0
20370.0
2330.0
8805.5
4983.0
7640.5
68.0
23195.5
10092.5
8463.5
4589.0
1886.5
31771.0
3632.0
1333.5
4192.5
9156.0
891.5
6825.5
68.0
10086.0
16091.5
1540.0
68.0
24101.5
9705.5
68.0
31973.0
2537.5
11893.0
1494.5
13812.5
16013.0
68.0
26757.5
9859.5
68.0
12608.0
68.0
17026.0
12099.5
68.0
2582.0
14543.5
68.0
6809.0
17479.5
8055.0
0
2494.0
3260.0
7421.5
6386.5
68.0
68.0
7580.5
1569.5
3536.0
1128.5
3277.5
0
4113.5
983.0
60.5
8458.0
438.5
6286.5
1406.5
8963.0
3525.5
1796.5
1406.5
68.0
32382.5
2933.0
5069.0
15187.0
27305.0
5401.5
68.0
0
1516.0
8583.0
6073.5
20147.0
14365.0
5922.5
68.0
10430.0
68.0
1282.0
15799.5
28676.5
11550.0
4514.5
5758.5
4041.5
68.0
23722.0
3542.0
438.5
10749.0
18826.0
68.0
937.5
11433.5
3764.5
10312.0
12612.0
6733.0
4077.5
1406.5
5402.0
7148.0
1366.5
16637.0
5430.0
68.0
22378.5
68.0
1584.5
21018.5
3492.5
10364.0
4082.0
23266.0
5100.0
8756.5
5812.5
18394.5
3699.0
68.0
1016.5
3686.0
2664.5
68.0
3040.5
9422.5
4163.0
12736.0
17197.0
3205.5
4020.5
6216.5
2374.5
11691.5
13424.5
11081.5
458.0
8955.5
5993.5
5892.5
6434.5
68.0
7033.5
9326.0
3101.0
2282.0
25845.0
9507.0
20992.5
646.0
11586.5
16550.0
68.0
5091.0
13897.0
9373.5
15665.0
14818.0
26883.0
29515.5
4561.0
19267.5
8105.5
3227.5
1106.5
9369.5
5568.0
1477.0
6738.5
7506.5
663.0
6999.5
5018.0
68.0
18750.0
1090.0
22330.5
9531.0
16374.0
3671.0
17286.5
10722.0
4529.5
18769.0
24278.0
5506.0
15095.5
14934.0
4349.0
27433.0
8011.0
4157.0
20126.0
1426.5
18743.0
68.0
7233.0
25186.5
3596.0
5912.5
6253.0
12516.0
1882.0
26583.0
68.0
4557.0
4643.0
68.0
1516.0
14294.0
68.0
12406.5
68.0
68.0
1016.5
68.0
8106.5
11326.5
1758.0
1410.0
5554.0
7190.0
6793.5
23678.5
8540.0
10011.5
68.0
68.0
17868.0
4588.5
1034.0
2684.5
3242.0
4758.5
16338.0
7882.5
3265.0
68.0
1719.5
5016.5
1333.5
1496.5
2854.5
13763.0
16649.5
738.5
1886.5
738.5
3628.0
68.0
14248.0
15688.0
68.0
68.0
3298.0
0
0
4771.0
1409.5
0
14350.0
738.5
524.0
16535.0
1979.0
22294.0
4786.5
14384.0
3486.5
68.0
15553.5
0
2300.0
8109.5
458.0
1889.0
12901.5
68.0
29872.5
943.5
2360.0
1774.5
12966.0
5329.5
11154.5
4990.0
68.0
68.0
8355.5
6326.0
9941.5
20513.0
13102.5
1589.0
7187.5
1126.0
29409.0
30778.0
458.0
20022.0
68.0
0
68.0
13384.0
18351.5
2147.5
28672.5
9091.0
3853.0
68.0
3327.5
1126.0
1950.5
2316.5
2672.5
7228.0
3037.0
6291.0
68.0
4473.5
68.0
7425.5
21966.5
21434.0
10540.0
9162.0
534.5
6901.5
68.0
7262.5
458.0
8946.0
2743.0
9821.5
8557.5
26304.5
738.5
24493.5
629.0
3501.0
7249.5
68.0
6328.5
12986.5
2002.0
1869.5
68.0
7022.5
7221.0
3227.5
7676.0
543.5
12962.5
1109.0
68.0
6332.5
22185.0
20188.5
8441.0
23233.0
2518.0
1460.0
7535.0
11615.5
10270.0
14392.5
7139.5
5403.0
16817.5
4030.5
1928.5
3000.5
2666.5
68.0
2242.5
25201.5
22931.0
4455.0
1796.5
3870.5
1331.0
7360.5
14281.5
68.0
20427.5
4129.0
8993.5
17898.5
17292.0
7164.5
13463.0
12170.0
68.0
2154.0
18786.5
68.0
14775.5
5324.5
2843.5
26522.0
7870.0
5497.0
68.0
5895.5
8.0
26763.0
68.0
5423.0
68.0
1942.5
5865.5
3118.5
68.0
3170.5
11357.5
458.0
5476.0
19681.0
68.0
10190.0
20059.0
68.0
7668.5
20475.5
23305.0
68.0
18242.5
68.0
50.0
6321.0
5675.5
17145.5
5557.5
1594.5
5804.5
2760.0
23217.5
7546.5
8342.5
2282.0
68.0
1589.0
68.0

28994.0
4155.0
68.0
21384.0
1723.5
6938.5
13400.5
4090.0
1010.5
7702.5
1940.0
5884.0
68.0
19205.0
6815.5
22201.5
1869.5
1777.0
29124.5
13392.5
2349.5
7127.5
5517.0
24089.0
9897.0
68.0
8973.5
15332.0
8961.0
3192.5
2338.5
8314.0
15575.5
14341.5
30977.5
13382.5
8921.0
68.0
19835.5
23747.0
68.0
68.0
68.0
23679.0
68.0
6338.5
7963.5
68.0
12073.5
4465.5
5545.5
4974.0
2265.5
68.0
68.0
5056.0
543.5
21451.5
68.0
32497.0
1889.5
18001.5
458.0
68.0
11927.5
63.0
68.0
26806.0
943.5
68.0
68.0
68.0
9073.5
5826.5
5561.5
12953.5
28695.5
15227.0
5431.0
2837.5
68.0
68.0
30115.0
10597.5
458.0
68.0
5007.5
3057.0
1331.5
68.0
12976.0
2094.5
13384.5
5906.0
8976.5
5902.0
2279.5
5697.5
68.0
29689.0
9888.0
8630.5
10431.0
2668.5
11266.5
24054.5
2276.5
16191.0
16979.0
8038.0
4954.0
14436.0
10993.0
68.0
68.0
5466.5
6258.0
68.0
68.0
3503.5
3579.5
3606.5
18777.5
4959.5
68.0
68.0
14239.0
11716.5
7313.5
68.0
6545.0
7813.0
68.0
68.0
15718.0
28587.0
25910.5
2259.5
8.0
4135.0
68.0
9887.5
10283.5
8538.5
9894.0
2739.5
4653.5
8646.5
2671.5
20011.0
18218.5
32084.5
6387.5
22305.0
68.0
68.0
31757.0
17812.0
5934.5
18770.0
33834.5
7432.5
6318.5
2289.0
68.0
5439.5
1033.5
3727.5
5047.0
2240.5
13467.5
68.0
8700.0
11685.0
14668.0
35.0
68.0
0
15250.5
14198.0
9063.0
68.0
68.0
914.5
26312.5
2698.5
3223.5
6067.5
68.0
533.5
68.0
2240.0
4468.5
2330.5
68.0
11588.0
7237.5
16935.0
21092.5
2908.5
68.0
16522.5
68.0
1632.0
68.0
4193.0
8930.0
9859.0
10328.0
68.0
29059.0
4576.5
1053.0
1561.0
1037.0
68.0
1889.0
20132.5
12936.0
7109.5
2221.0
6725.5
18238.0
9428.5
18740.0
31326.5
4658.0
9540.5
1608.5
8122.5
68.0
33479.0
2330.0
13046.5
438.5
2245.0
10763.5
68.0
12188.0
68.0
1409.0
8132.0
26454.5
9973.0
21333.0
24033.0
7276.0
15627.5
68.0
68.0
7631.5
12554.0
68.0
3156.0
2265.5
12160.0
5446.5
20479.5
68.0
10278.5
1514.0
3501.0
21195.5
6793.0
68.0
5049.0
24165.0
18646.5
4567.5
901.5
28989.5
68.0
8049.5
2723.5
2782.5
633.5
27638.5
2257.0
10309.5
1036.0
7201.0
68.0
68.0
3988.0
68.0
8150.5
365.5
9931.0
153.5
24495.5
4994.0
944.5
68.0
7931.0
4563.5
3851.5
5049.5
22432.0
15739.0
5984.5
9411.0
4580.5
7677.5
4190.0
8.0
68.0
8291.0
10837.5
4465.5
4968.5
68.0
13082.5
3298.5
9909.0
12619.5
1495.0
5004.0
29905.5
2501.0
8315.0
9273.0
18366.0
10301.5
3617.5
8336.0
10244.0
13938.0
3332.5
1496.5
1126.0
68.0
5816.0
4566.5
1499.0
68.0
2704.0
1906.0
19371.5
1351.0
68.0
3116.0
68.0
68.0
14340.0
6793.0
63.0
4592.0
15177.5
68.0
60.5
4759.0
13492.0
1869.5
14591.0
68.0
14633.0
0
66.5
13219.5
1034.0
28218.0
5817.5
68.0
14376.0
12253.0
68.0
5870.0
1499.0
9057.0
1128.5
173.0
1426.0
18279.0
32922.5
68.0
11740.5
68.0
1199.0
68.0
2942.5
21896.5
13570.0
2540.0
9144.5
19503.0
9440.5
13365.5
11985.0
5412.0
22.5
24478.0
68.0
11692.0
68.0
2647.5
6038.5
12053.5
21693.5
1813.5
12586.5
21043.0
1019.0
13918.0
18753.5
68.0
4454.0
30293.0
68.0
13273.0
10450.5
68.0
0
533.5
11819.5
1667.5
925.0
4177.5
4990.0
68.0
8823.0
11235.0
29268.5
5528.5
944.5
68.0
7267.5
22723.5
554.5
3617.5
14764.5
5881.0
2389.5
68.0
17823.5
11383.5
9242.0
16006.5
7731.0
2164.5
10951.0
16859.5
20966.5
4715.0
19206.5
4168.0
2252.5
163.0
6357.0
2431.0
13320.0
24269.5
7556.0
19684.0
0
5872.5
4628.5
68.0
3977.0
4038.5
526.0
8.0
3224.0
68.0
1106.5
30323.5
6040.5
5379.0
1016.5
7693.5
524.0
348.5
4011.0
11692.0
8790.5
6319.0
11675.0
3799.5
1689.5
68.0
8673.0
20121.0
11007.0
68.0
16520.5
68.0
3707.5
13815.0
5181.0
4888.0
11276.5
17439.0
68.0
1906.0
4767.0
5468.5
68.0
1406.5
10768.0
736.0
68.0
68.0
14138.0
15561.0
68.0
991.0
68.0
6721.5
68.0
19219.5
7138.0
68.0
7314.0
68.0
67.5
18371.0
5011.0
10131.0
6321.0
68.0
4087.0
18166.5
458.0
3062.5
7272.5
5989.5
68.0
1796.5
4139.5
11574.0
24633.5
1460.5
68.0
2349.5
14341.0
10748.5
68.0
13370.5
28044.0
2369.0
5310.0
4117.5
7259.0
12701.5
12893.0
1796.5
19059.5
4588.5
4842.5
4939.5
17651.5
68.0
1794.5
3641.0
3209.0
68.0
4472.0
1145.5
4993.5
13371.5
19144.5
12743.0
3229.5
6340.0
5495.5
26830.5
4933.5
1869.5
19568.5
32115.5
1390.0
13910.5
5971.0
11380.0
2739.5
13716.5
68.0
12487.5
4580.0
68.0
3585.5
8255.0
68.0
1409.5
68.0
15209.0
22179.0
17022.0
20434.0
68.0
23609.0
3634.5
7263.5
2349.5
26283.0
9570.0
0
4582.0
22734.5
19121.5
10296.5
2557.0
6860.5
23128.0
31214.5
0
12174.5
60.5
68.0
68.0
25007.0
12980.0
1404.5
68.0
8333.5
8070.0
809.0
68.0
3442.0
68.0
68.0
28612.0
13331.5
2457.0
7217.0
2074.5
68.0
4634.0
3204.0
23190.5
9941.5
17429.5
4473.5
738.5
25492.5
20553.5
6245.0
11814.0
3132.5
14435.0
2481.5
5962.5
27611.0
19810.5
9776.5
4188.5
29001.0
68.0
68.0
68.0
2962.0
8003.0
8647.0
33349.5
3632.0
1479.5
68.0
27722.5
1811.5
1499.0
68.0
10008.5
68.0
11317.5
32110.0
1199.0
13838.5
68.0
2844.0
68.0
6526.5
12970.0
6344.0
0
809.0
68.0
68.0
10011.0
68.0
20180.0
21431.0
32223.0
27751.0
998.0
15327.0
10736.5
10486.0
2282.0
13417.0
13369.0
34389.0
6586.5
1387.0
10779.0
2782.0
8480.5
1016.5
15649.5
6289.0
3060.0
17443.5
3615.5
1016.5
68.0
10212.5
24111.0
17109.5
68.0
0
9260.5
1019.0
26833.5
29500.0
12061.0
2330.0
3340.0
32596.0
629.0
20999.0
30122.5
4546.5
6573.0
7675.5
68.0
68.0
9839.5
2626.0
0
21407.5
7583.5
68.0
11482.0
68.0
40.5
0
68.0
32712.5
68.0
828.5
0
9408.0
719.0
10797.5
828.5
2815.5
68.0
2782.0
68.0
2060.5
23135.5
27557.5
4521.5
68.0
68.0
10662.0
22740.0
26346.0
1850.0
4912.0
68.0
34386.5
68.0
9099.0
68.0
16607.5
2186.5
1499.0
14400.0
0
18451.0
3223.0
12208.5
6394.0
18717.5
8197.0
5587.0
2749.5
4463.5
9027.0
13080.0
15509.5
5021.0
3295.5
0
68.0
3213.5
9734.0
8092.0
7177.0
11239.5
4934.5
4045.0
10357.0
3206.0
13452.5
12932.5
3801.5
68.0
25888.5
8119.0
23626.5
15621.0
4581.5
14705.5
1479.5
1869.5
9440.0
68.0
1889.0
25799.0
68.0
3278.5
8091.0
21121.0
26447.0
22738.0
26712.0
5796.0
5071.0
68.0
17993.5
68.0
22303.5
17428.5
68.0
7033.0
16726.5
10332.5
534.5
6897.5
1867.0
4904.5
68.0
2430.5
68.0
68.0
1016.5
29148.5
16599.5
23923.0
4187.5
2330.5
68.0
18489.0
553.0
3060.0
20925.0
68.0
68.0
741.0
68.0
7555.0
68.0
943.5
3244.5
6407.5
68.0
22730.5
68.0
943.5
19719.0
2330.0
15827.0
18268.5
4915.0
15681.0
31739.0
22613.5
1574.5
16918.0
8550.0
4170.0
1988.0
9393.0
68.0
5044.0
2669.0
16180.5
4985.5
8589.0
3172.0
29879.5
68.0
1406.5
11636.0
1867.0
28158.5
26657.0
13341.5
4617.0
68.0
7900.0
7448.0
1667.5
14835.0
16458.5
68.0
11210.0
6919.5
1218.5
8989.5
1891.5
1884.5
7156.5
4490.5
27149.5
1016.5
1889.0
68.0
10261.5
4108.0
1794.0
68.0
68.0
11140.5
1479.5
24921.0
4586.5
11173.0
4024.5
6843.0
9931.5
68.0
1392.5
7091.5
68.0
19672.0
11553.0
21501.0
13301.0
1409.0
25926.0
68.0
458.0
16545.5
8630.0
25159.5
68.0
12469.5
1406.5
2720.5
18041.5
17921.0
17435.0
31367.0
4976.0
22461.5
11494.0
438.5
9035.0
8157.0
6846.0
1387.5
68.0
68.0
68.0
31242.5
6894.5
16593.5
25049.0
11630.0
68.0
26790.5
7214.0
27214.0
1126.0
21551.5
68.0
11157.0
6326.5
8417.5
8549.0
68.0
68.0
7325.0
3612.5
3206.0
4998.0
24627.0
2311.0
20495.5
2339.5
943.5
1109.0
8103.0
8184.0
13481.5
809.0
3578.5
10472.5
646.0
20137.0
10527.0
68.0
8535.0
7449.5
23679.5
3983.0
3991.5
13941.0
4990.5
15716.0
12125.5
8049.0
68.0
1631.0
4984.0
13920.5
3245.5
22723.5
5794.0
908.5
10679.0
5566.0
13449.0
1796.5
13462.5
9332.5
21563.5
5898.5
8452.0
14795.5
68.0
19749.0
3722.5
23827.5
2725.5
0
10908.5
5773.5
31290.5
17837.5
27668.0
28621.0
14349.5
68.0
7268.5
13035.5
68.0
1033.5
646.0
5544.0
1032.0
4356.5
4565.0
21054.0
6860.0
68.0
68.0
12979.5
2540.0
7261.5
6211.5
3788.0
68.0
458.0
68.0
629.5
5217.5
68.0
646.0
14361.0
2730.5
663.0
9819.0
2147.5
10318.0
68.0
11803.5
3632.0
16153.0
68.0
4551.0
719.0
734.5
68.0
9936.5
6346.5
68.0
11120.0
4083.5
2720.0
6770.5
29673.0
27732.0
68.0
2724.0
7616.0
15878.0
68.0
5941.5
1016.5
6095.5
0
4006.0
7673.5
13261.0
5406.0
19680.5
13961.5
3578.5
16746.5
5575.0
8936.0
68.0
11204.5
20097.5
10323.5
26399.0
54.0
11326.5
2259.5
1632.5
1909.5
68.0
68.0
23625.5
18275.5
12486.0
18285.0
11575.5
6275.0
6460.0
12624.5
7956.5
4928.5
8995.5
18462.0
9864.5
3574.5
8667.5
22831.5
926.5
31682.5
8550.5
68.0
20062.0
23390.5
1892.0
2481.5
68.0
24067.5
68.0
68.0
19653.5
28139.0
438.5
22743.0
2680.5
50.0
22259.5
13484.5
5481.0
7572.0
15852.5
5510.5
68.0
4153.5
4110.0
1978.5
4673.5
68.0
541.0
24173.5
68.0
5867.0
9432.5
3769.0
68.0
68.0
68.0
11190.0
68.0
8923.0
23529.5
2282.0
19010.0
7222.0
21173.0
10140.0
3643.5
5812.5
30743.0
15283.5
1777.0
16044.0
7497.0
3357.5
13278.0
5930.5
68.0
4235.0
8138.5
7916.0
31168.0
23982.5
10473.0
15276.5
6317.0
68.0
1423.5
8052.0
11717.5
16536.5
8067.0
809.0
23320.5
20208.5
21904.0
11746.0
10825.0
20561.5
10325.5
3770.0
68.0
14130.0
68.0
22317.5
18795.5
15079.0
68.0
13370.5
2782.5
3557.0
26325.0
18509.0
4021.5
21498.5
28113.0
14761.5
5411.5
23112.0
68.0
68.0
5370.5
10790.5
8131.5
5064.0
12588.0
4463.5
7273.0
3192.5
68.0
9968.0
5451.0
26369.0
944.5
19220.0
1426.0
12440.5
19190.0
9025.5
0
1441.0
31641.0
2002.0
8121.5
4561.5
14924.5
5383.0
22841.0
7162.5
16125.5
1036.0
13564.0
19084.5
438.5
5523.5
30415.5
11197.5
19285.5
7979.5
1388.0
6934.0
15170.0
28145.5
7626.0
13861.0
1496.5
21296.5
15948.5
1811.5
68.0
7274.5
68.0
5070.0
68.0
11409.5
23777.0
7774.5
13943.5
11213.0
11572.0
3279.0
12162.0
3207.0
5470.0
9499.0
68.0
21333.0
0
4437.0
14765.5
458.0
738.5
68.0
16847.5
29450.5
68.0
68.0
11969.5
17835.0
68.0
537.5
17729.5
1889.0
32196.5
22214.5
5144.0
9464.5
14812.0
4280.5
10793.5
68.0
26764.5
29012.5
68.0
68.0
50.0
1663.5
11723.0
1016.5
2501.5
1423.5
8556.0
3169.5
4457.5
29928.0
5009.5
348.5
14326.5
4545.0
68.0
6697.5
13435.0
1983.5
3568.0
0
1965.0
1423.5
5392.0
10006.0
3582.0
14725.0
3139.0
68.0
17975.5
719.0
68.0
1865.0
68.0
13515.0
3705.0
16664.0
2297.0
20089.5
3789.0
13596.0
5806.5
13505.0
4572.5
4566.0
3577.5
4062.5
30915.0
21125.0
16251.5
3248.0
7275.0
68.0
513.5
4559.0
19086.5
68.0
68.0
455.5
9016.5
17007.0
68.0
25402.5
68.0
19291.5
10861.0
12837.0
12683.0
10363.0
13016.5
0
20946.0
68.0
18278.5
5352.5
14771.5
68.0
68.0
68.0
2283.0
68.0
68.0
1332.5
45.5
6553.0
10766.5
2745.0
4470.5
8575.0
5120.5
646.0
68.0
22988.5
15473.5
7656.5
8540.5
14354.0
34157.5
0
1128.5
5943.0
68.0
12897.5
10297.5
68.0
5708.5
0
3427.5
0
9862.0
68.0
68.0
28384.0
68.0
16940.0
3577.0
2762.0
17029.0
68.0
6974.5
8556.5
12636.5
8776.0
68.0
14780.0
10245.0
9028.0
458.0
12068.0
16155.5
16470.0
8918.5
543.5
3971.5
15653.0
926.5
4905.5
17158.0
6961.0
1796.5
68.0
14454.5
4079.0
7657.0
3705.5
18407.5
19047.0
11747.5
5386.0
3749.5
13048.0
11284.0
68.0
438.5
13084.0
646.0
1036.0
13556.0
0
8317.0
68.0
18796.0
1817.0
68.0
68.0
9045.0
438.5
68.0
3206.5
68.0
68.0
14281.0
8695.0
0
3637.5
16064.5
13054.5
15277.0
23173.5
68.0
4568.5
20387.0
24973.5
9963.5
10744.0
18373.5
2762.5
18271.0
1087.5
12683.5
9421.5
68.0
16292.5
6298.0
7306.5
17949.0
15652.5
7417.0
68.0
68.0
21356.0
68.0
68.0
15645.0
68.0
4078.0
28931.5
11407.5
15858.5
68.0
1796.5
9327.5
458.0
534.5
17046.5
18815.5
68.0
6342.5
7626.0
13483.5
4011.5
25061.5
68.0
11644.0
1033.5
1886.5
68.0
614.0
8977.5
14772.5
14922.0
6329.0
68.0
10963.0
1406.5
5436.0
2338.0
25517.0
10081.0
21158.5
10793.5
5807.5
4015.0
24818.5
17768.0
3116.5
12482.0
3303.5
68.0
438.5
1033.5
17034.0
348.5
68.0
7848.0
2923.0
4191.0
68.0
4006.5
2743.5
629.0
68.0
1910.0
1853.5
5900.0
3129.5
15394.0
68.0
22372.5
68.0
0
68.0
13931.0
8091.0
68.0
68.0
16624.5
438.5
13529.0
14900.0
1890.0
8931.5
4022.5
2299.0
7720.5
68.0
7898.5
5456.5
2038.5
15460.0
4531.0
627.5
7895.0
2801.0
981.0
14035.5
2206.0
68.0
68.0
7522.5
21058.5
2184.0
20999.0
7738.0
2457.0
6345.0
30331.5
19779.0
6346.0
24139.0
68.0
1959.5
719.0
13807.0
1794.0
910.0
68.0
3227.5
9924.0
3188.5
25597.0
7601.5
0
4957.5
1428.5
29458.5
3132.5
1396.0
4647.0
68.0
348.5
68.0
1940.0
1796.5
68.0
68.0
11581.0
29550.5
1477.0
68.0
68.0
68.0
20148.0
15678.0
18280.0
19165.0
2085.5
68.0
6614.0
5992.0
22435.0
2486.5
12543.0
68.0
5871.0
14910.0
68.0
12124.0
0
68.0
11448.5
17911.5
4525.0
8074.0
68.0
23900.0
12965.5
23331.5
3986.0
5832.5
1128.5
3227.5
1333.5
3060.0
24977.5
68.0
2339.0
4118.5
663.0
2389.5
15740.5
13703.5
14912.0
8198.5
68.0
1872.0
13755.5
2084.5
23332.5
7691.0
4080.5
17893.0
7082.0
68.0
20916.0
1109.0
68.0
4959.5
554.5
4639.0
9795.0
22273.0
68.0
4064.0
6776.5
9130.0
19597.0
23281.5
68.0
13011.0
4105.5
4332.5
5831.0
3576.5
68.0
68.0
20612.5
5883.0
28502.5
5024.5
7279.5
9032.5
25094.5
68.0
17403.5
22205.5
68.0
11555.5
16925.5
9411.0
68.0
17878.0
2074.5
29080.0
12573.5
68.0
5924.5
17561.5
8217.5
10035.0
68.0
1479.5
5882.5
4490.5
438.5
980.5
8186.0
1853.0
4438.0
16896.5
15788.0
5058.5
11585.5
16247.5
10415.5
68.0
1514.0
1909.0
1387.0
1501.0
8112.0
1796.5
4079.5
68.0
68.0
12549.0
10340.0
19388.0
3574.0
68.0
1869.5
68.0
0
68.0
8127.0
5892.5
68.0
20958.0
17917.0
26371.5
3189.0
2259.5
15358.5
9901.5
68.0
3673.0
68.0
21391.0
14684.0
4514.5
68.0
17486.0
68.0
19004.5
3685.5
14624.5
524.0
31272.5
9186.5
3985.5
1034.0
543.5
68.0
68.0
68.0
68.0
3063.5
438.5
20577.0
19986.0
14790.0
68.0
7951.5
8538.5
8514.0
3505.5
6395.0
13859.0
30928.5
68.0
68.0
5502.5
68.0
9864.0
4939.0
30356.5
1314.0
4525.0
68.0
1775.0
438.5
68.0
19272.0
533.5
21316.5
4131.5
3340.5
11276.5
7145.5
4022.5
8008.0
8013.5
3488.5
12914.5
23202.5
68.0
8062.5
68.0
11763.0
68.0
68.0
2814.0
28306.0
4973.0
21326.0
68.0
16062.0
68.0
2053.5
9529.5
68.0
68.0
68.0
10433.0
3769.0
68.0
15657.5
68.0
2077.0
4997.5
68.0
68.0
17040.0
5532.5
4995.5
6300.5
68.0
3208.0
7262.5
12779.0
7047.5
6793.5
20141.0
4948.5
6703.5
21755.0
68.0
68.0
9246.5
6318.0
9469.0
68.0
18773.0
10886.5
1385.0
30859.5
9927.0
68.0
68.0
8980.0
1867.5
6722.5
7682.5
28371.5
24508.0
1033.5
12295.0
5158.0
68.0
18598.5
2706.5
7008.0
16478.0
7177.0
0
6230.0
32339.0
68.0
1979.0
30000.0
23232.0
68.0
7415.5
9098.0
26686.0
10728.0
1406.5
27214.0
68.0
26783.5
3621.5
68.0
6622.0
10008.5
27178.0
68.0
68.0
23589.5
1681.0
1070.5
16010.5
828.5
13032.0
24590.5
14303.0
15536.0
20137.5
10948.5
68.0
19455.0
9030.5
1499.0
68.0
3244.5
2747.5
18939.5
6755.5
68.0
17260.0
13461.0
1522.5
1628.0
10289.5
14410.0
3567.0
5395.5
68.0
4473.5
3640.5
738.5
8082.5
1421.5
7589.0
68.0
68.0
16789.5
3581.0
19626.5
68.0
1904.5
8816.5
68.0
7746.0
12222.5
17248.5
4399.5
68.0
7830.0
4015.0
1423.5
26350.5
15432.0
68.0
1794.5
5305.0
2852.0
20545.0
68.0
1098.5
24634.0
4098.5
14259.0
942.5
20166.5
68.0
3975.0
9446.0
10440.0
9959.0
13037.0
30139.0
3873.5
1499.0
1489.5
26294.5
68.0
68.0
5501.5
2184.0
0
4771.0
3222.5
10661.0
3586.5
10512.5
15272.5
68.0
68.0
10506.5
738.5
68.0
68.0
68.0
13176.0
6373.5
2286.5
3694.5
627.5
9012.0
3699.0
1073.0
1516.0
21651.5
15162.5
13619.5
32254.5
68.0
23307.5
30409.5
9513.5
21333.0
738.5
5499.5
8173.0
0
68.0
4944.5
18807.0
68.0
68.0
77.5
612.5
5507.0
4563.5
3420.0
9378.0
8040.0
8084.5
68.0
18052.5
3746.5
1699.5
2257.0
19235.0
6294.0
1409.5
3617.5
2743.0
9918.5
68.0
68.0
23493.0
16788.0
1930.5
1499.0
13026.5
68.0
6774.5
9110.0
22175.5
68.0
68.0
9562.0
1819.5
68.0
68.0
20657.0
7004.5
15182.0
15522.5
18870.0
14729.5
17069.5
1479.5
11130.0
12517.0
25404.0
6511.0
3930.5
438.5
23260.0
1291.0
472.0
646.0
68.0
30895.5
738.5
4566.5
68.0
0
2742.5
68.0
4272.5
1584.5
68.0
22367.5
646.0
22132.0
68.0
1822.5
943.5
9432.5
738.5
4857.0
68.0
534.5
646.0
19293.0
8518.5
20538.0
54.0
68.0
8697.5
7372.5
12473.5
2836.5
4950.5
6267.0
5468.0
13351.0
68.0
68.0
68.0
365.5
14538.0
7363.5
6622.5
28223.5
1016.5
14366.5
27346.5
6291.5
1036.0
68.0
11399.0
15372.0
9073.0
8307.0
11176.5
15278.5
11731.5
1909.5
13382.0
19013.0
3652.0
24487.0
1813.5
68.0
16101.5
68.0
11842.0
1331.0
5058.0
68.0
18302.0
17851.5
27660.5
4507.0
2814.0
29527.0
4043.5
68.0
68.0
1496.5
21368.5
20177.5
3099.5
68.0
13009.5
3281.0
68.0
68.0
68.0
21258.5
68.0
68.0
68.0
15305.0
28995.0
6859.0
4749.0
18070.0
438.5
3298.5
68.0
2964.0
3500.0
9006.5
736.0
13305.0
12534.0
14389.5
22712.0
19810.5
68.0
3194.5
736.0
2837.5
16128.0
10338.0
4066.5
9317.0
3677.0
68.0
68.0
13094.5
68.0
3677.5
68.0
7190.5
7051.5
1794.5
8050.0
21485.5
4557.0
3615.0
1869.5
0
30466.0
6304.0
2001.5
13250.5
9624.5
22588.5
3020.0
68.0
19203.5
14915.0
7271.0
3077.5
438.5
4020.5
68.0
8102.5
0
10847.0
12505.5
18139.0
2879.5
1866.0
28111.5
68.0
8451.5
68.0
68.0
21061.5
25390.5
24631.5
8519.5
24943.0
67.5
4323.5
1019.0
31301.0
1179.5
68.0
1068.5
4123.0
7526.5
7884.0
438.5
458.0
6057.5
9033.0
3143.5
11794.0
68.0
14036.5
7698.0
4151.0
10742.5
12255.0
17947.0
3559.5
68.0
243.5
68.0
17899.5
13069.0
7965.0
68.0
5037.5
68.0
68.0
68.0
68.0
458.0
2257.0
11664.5
1570.0
5931.5
68.0
68.0
26357.0
20647.5
6812.5
20462.0
68.0
3323.5
22313.5
1569.5
2779.5
4056.0
533.5
534.5
4973.0
68.0
7700.0
22373.5
438.5
16715.0
5765.5
68.0
2762.0
14322.5
663.0
19529.5
10231.5
10042.5
8167.0
1016.5
2497.5
18896.0
8918.5
4624.5
9059.0
68.0
68.0
33366.0
18344.0
646.0
943.5
68.0
4987.0
68.0
4160.0
68.0
68.0
68.0
1497.0
4668.5
12283.0
6901.5
68.0
23457.0
68.0
17300.0
1570.0
5859.5
2781.5
2310.5
4154.0
13033.5
978.0
5864.5
2759.0
0
19361.0
22376.0
1300.0
22405.0
68.0
17433.5
11033.5
24746.5
3416.0
3694.5
7268.0
7134.5
11267.0
8199.0
10327.0
22315.0
1051.0
1867.0
21917.5
22769.5
0
1036.0
10261.5
1479.5
13388.5
16893.5
4287.0
68.0
1704.0
2291.5
12991.0
11568.5
2574.0
32692.5
7643.0
6391.5
1499.0
11427.5
28651.0
0
68.0
3410.0
26666.5
68.0
7100.5
20468.0
16091.5
533.5
28116.5
608.5
7221.5
15731.0
68.0
13675.0
5331.0
1499.0
8625.5
13954.0
3017.5
14112.5
6818.5
68.0
68.0
348.5
68.0
68.0
7501.0
31180.0
960.5
68.0
16916.0
68.0
15169.5
21080.0
10702.0
68.0
68.0
68.0
5286.5
8645.0
4187.0
1053.0
68.0
2319.0
7107.5
0
2464.5
6148.5
1348.5
17050.0
68.0
5522.0
1016.5
68.0
68.0
4870.0
9555.5
4160.5
68.0
21886.0
9114.0
68.0
68.0
1106.5
20167.5
14821.5
8433.5
1738.5
6316.0
68.0
68.0
5627.0
18830.5
20384.5
12437.5
332.0
8242.5
2393.0
16727.5
3133.0
20114.0
20963.5
3231.0
3038.5
4164.5
20397.5
16630.0
13501.0
68.0
7928.5
10702.5
3315.0
10264.0
719.0
20518.5
5375.0
68.0
4914.5
1853.5
68.0
7604.5
3801.0
10368.0
6852.0
1901.5
10375.5
1144.5
68.0
3602.0
68.0
2279.0
2927.5
68.0
9478.5
68.0
6423.5
1036.0
68.0
68.0
9009.0
25517.0
828.5
5825.0
68.0
7252.0
68.0
68.0
68.0
68.0
7291.0
10801.5
23378.5
999.5
68.0
1409.5
11568.5
2168.0
17196.5
17904.0
348.5
1119.0
12121.5
9405.5
1813.5
12154.0
1107.0
16095.0
68.0
23164.0
17839.5
2537.5
443.5
13524.5
9869.5
11173.0
4919.5
22746.5
9111.0
11457.5
0
0
21857.5
6705.5
8941.5
1982.0
6762.0
9177.5
17893.5
0
4914.5
68.0
10802.5
5976.0
77.5
5009.5
2818.5
68.0
6415.5
68.0
68.0
68.0
10213.5
5420.0
68.0
6823.0
15189.5
4016.0
3691.5
1387.0
3408.0
11593.0
4048.0
12626.5
5975.0
68.0
9111.0
31196.0
15597.5
18016.5
9570.5
3247.5
0
2349.5
68.0
3691.0
4039.5
29509.5
5375.5
7257.0
5343.5
68.0
68.0
1516.0
4885.5
68.0
68.0
7117.0
1886.5
4472.0
1889.0
1106.5
29099.5
7592.0
68.0
17715.0
3403.0
13079.5
24073.5
1387.0
4527.0
5774.5
0
29495.0
11218.5
1591.5
68.0
0
12431.0
4602.0
17415.0
11396.5
8464.5
12254.5
68.0
1869.5
68.0
11791.0
68.0
19754.0
6819.0
68.0
5414.0
12438.0
26729.0
8510.5
12815.0
1387.5
0
1967.5
19659.0
68.0
68.0
2759.0
68.0
0
1016.5
8553.5
16118.5
3264.5
1016.5
4081.0
629.5
6867.0
68.0
28999.0
18309.5
30783.0
4568.5
5491.0
4579.0
26375.5
17668.5
17800.5
68.0
8084.0
68.0
1499.0
7276.5
458.0
13369.0
7498.5
68.0
68.0
9030.0
26734.0
17896.0
19062.0
5437.0
612.5
68.0
25940.0
12937.5
21855.0
8005.5
9294.5
68.0
20979.5
12634.5
17517.0
68.0
20005.0
2507.5
68.0
8977.0
5198.5
3676.5
68.0
11658.0
68.0
7280.5
943.5
1796.5
4107.5
68.0
12011.0
68.0
68.0
7314.0
8889.5
5012.5
18632.5
68.0
960.5
755.5
6804.5
1570.0
4157.5
68.0
1984.5
21912.5
68.0
68.0
4709.0
3787.5
68.0
17857.5
18423.5
68.0
68.0
1562.5
12446.5
3216.0
28288.0
16931.5
17329.0
26805.0
9468.0
11161.0
31163.0
2966.0
68.0
13167.5
7004.0
11566.5
11656.5
3705.5
68.0
3780.5
458.0
68.0
13075.0
3617.5
6849.5
11594.5
4078.0
1222.5
18324.0
16116.5
24478.0
10376.5
944.0
7648.0
4361.0
68.0
12115.5
543.5
68.0
6355.5
14903.0
5917.5
13910.5
4446.0
1494.5
4444.0
4186.5
163.0
2701.0
17912.0
1426.0
11734.0
68.0
15450.0
3334.5
16463.5
646.0
1814.5
7685.0
6301.5
8456.0
22674.5
68.0
20875.5
2816.5
1889.5
68.0
25414.5
3603.0
24992.5
68.0
2800.0
27195.5
6370.0
24803.0
6799.0
13350.0
5943.5
68.0
2240.5
68.0
13923.0
3571.5
554.5
68.0
13772.0
4000.5
12481.5
30182.5
18277.0
1109.0
1314.0
16545.5
5799.5
6986.0
5950.0
14961.0
30633.5
944.5
12957.0
15614.0
12178.0
5015.5
27381.5
25880.5
12525.5
21802.5
11179.0
68.0
18819.5
68.0
11795.5
943.5
11725.5
9252.0
26665.0
6809.5
6494.5
9515.0
4148.5
6841.5
4086.5
2557.5
4562.5
16540.0
17567.0
2058.0
10502.5
16205.0
5903.0
18496.5
1409.0
5812.5

68.0
4539.0
24304.5
2465.0
26742.5
3060.5
68.0
4920.5
68.0
25934.5
68.0
4584.0
68.0
4616.0
0
4144.0
2201.5
629.0
9077.5
29994.5
25786.0
68.0
11614.5
68.0
0
68.0
612.5
4015.0
26785.0
5332.5
10162.0
68.0
9353.0
26782.0
5074.0
8162.0
11571.0
3894.0
68.0
12933.0
24451.0
8780.5
68.0
68.0
4020.0
5981.0
12464.0
0
68.0
0
16984.0
5997.0
5439.5
68.0
21925.0
22985.0
17499.0
2998.0
2352.5
12657.5
68.0
13569.0
12500.0
736.0
7561.0
1053.0
14809.5
1016.5
68.0
2330.5
21499.0
7689.5
15251.5
68.0
8310.0
9416.0
5305.5
978.5
8540.0
6978.0
23885.0
627.5
2931.5
9114.5
13498.5
1407.5
23267.5
828.5
24946.0
2765.5
12998.0
1349.0
7144.0
68.0
68.0
23156.0
20606.5
67.5
2426.5
19438.0
9483.0
10412.0
1895.0
17927.5
13463.0
2760.0
1109.0
0
173.0
0
13398.5
2782.5
30531.0
4005.5
12847.5
3136.0
68.0
2301.5
17830.5
68.0
2079.5
68.0
25219.0
2647.0
1923.5
2375.0
68.0
18718.5
11618.5
9068.5
68.0
3226.0
68.0
19241.0
22855.5
30396.0
3539.5
9446.0
0
11862.5
646.0
68.0
68.0
68.0
13007.5
3206.0
4628.0
68.0
4073.5
3175.0
1836.0
3747.0
22844.5
21375.5
14269.5
24119.0
10315.5
16013.0
7271.5
2340.0
5356.5
68.0
23310.5
2574.5
943.5
3584.0
16100.0
68.0
68.0
458.0
4095.0
16111.0
68.0
30262.5
3278.5
10743.5
7721.5
33433.5
68.0
5452.0
458.0
68.0
15746.5
33455.5
10368.5
11989.5
20070.5
10925.0
12487.5
12862.0
68.0
11582.5
12719.5
17393.5
27479.0
3685.5
13937.5
68.0
28120.0
68.0
458.0
458.0
68.0
68.0
5021.0
4583.0
4988.0
3862.5
2535.0
20165.5
68.0
68.0
68.0
2784.5
163.0
68.0
2431.0
68.0
7127.0
23207.0
1133.0
9121.5
32130.0
1499.0
23764.5
68.0
4981.0
68.0
6818.5
8057.0
17077.0
68.0
5268.5
8704.0
3265.0
68.0
68.0
8072.5
1331.0
68.0
5932.0
3694.0
6043.0
68.0
2759.5
6702.5
15846.0
533.5
10785.0
68.0
1051.0
2781.5
5526.5
5425.0
3688.0
365.5
4561.5
2854.5
68.0
1146.0
68.0
20892.0
68.0
8840.5
7607.5
5817.0
16604.5
68.0
2858.0
68.0
4122.5
2368.5
16579.5
1614.5
1892.0
17864.0
68.0
4300.0
21947.5
68.0
365.5
23252.0
3634.5
2240.5
3717.5
10701.5
9550.5
1518.5
68.0
68.0
20635.5
6822.0
17433.0
458.0
68.0
30711.5
8555.0
19349.5
21400.5
2282.0
68.0
68.0
1876.0
3651.5
2835.0
68.0
68.0
68.0
6660.0
1794.5
0
22242.0
10609.5
5445.5
4884.5
4935.0
16630.5
3710.5
11754.5
14287.0
6818.5
68.0
7292.0
16301.5
1813.5
10720.0
23315.5
68.0
12620.0
7331.0
10675.5
68.0
4394.0
458.0
26479.5
68.0
4192.5
6205.5
20580.0
438.5
1019.0
4175.0
8517.0
4933.5
926.5
3540.0
1400.5
1520.0
2282.0
1594.5
18918.0
4724.0
5343.5
5899.0
7272.5
10288.5
2301.5
9443.5
13883.5
21799.5
11674.5
365.5
68.0
68.0
5045.0
29660.5
5463.5
16039.0
68.0
3132.5
24064.0
3671.5
10751.5
4920.5
438.5
2306.5
29629.0
28096.0
944.0
1509.5
18145.0
5083.0
28928.5
21845.5
11665.5
3169.0
68.0
438.5
2280.5
1331.5
29501.5
14535.0
6222.5
10395.5
30818.0
4266.0
7578.5
27262.0
4656.0
1492.0
23733.5
438.5
9037.5
68.0
1496.5
11191.0
68.0
17382.5
0
10234.5
438.5
26478.0
24457.5
2310.5
11177.5
1128.5
10754.0
10370.0
25591.5
68.0
29071.0
9950.0
5463.0
6295.0
3598.0
6289.5
2761.5
12044.0
23374.0
28766.0
5489.5
68.0
15675.0
13825.0
828.5
8091.5
6243.0
68.0
68.0
2372.5
14151.0
3727.0
10856.5
68.0
5146.0
524.0
2515.5
68.0
8069.5
68.0
68.0
12206.0
2147.5
8138.5
2060.5
3594.0
1016.5
4039.0
68.0
1406.5
5640.5
22355.5
18340.0
20079.5
2762.0
68.0
28533.0
8607.0
458.0
15560.0
4996.5
2392.0
12038.0
68.0
2871.5
68.0
68.0
173.0
9428.0
12323.0
68.0
12475.5
68.0
21284.0
926.5
68.0
9493.0
738.5
2689.0
35.0
1128.5
13455.0
30456.5
10283.5
3632.5
537.5
17863.0
2689.5
5847.0
5819.0
1577.5
68.0
4117.5
3207.0
14772.5
8320.5
68.0
68.0
1409.0
8454.5
29588.0
68.0
22330.5
10511.5
9861.0
4564.0
2338.0
6507.5
5789.0
7984.5
15672.5
6442.5
5029.5
68.0
12912.5
1126.0
13879.5
2647.0
50.0
6426.5
68.0
8770.5
7765.0
18312.5
68.0
9521.0
29930.5
68.0
8984.5
5634.0
12605.0
15975.5
27422.5
4532.0
19233.0
19646.5
1033.5
22346.0
8646.5
6592.5
738.5
13477.5
4163.5
68.0
14549.0
17558.0
2448.0
10343.0
17923.0
1190.5
7959.0
10847.0
2779.0
9800.0
6266.5
13401.5
7582.0
68.0
3596.0
13974.5
5416.5
5691.5
68.0
9487.5
20092.5
5135.0
68.0
3557.0
1779.5
19583.0
15301.5
9430.0
24975.5
16376.0
12002.0
68.0
1333.5
22232.0
29326.0
551.5
3544.5
17369.5
20942.5
2796.5
6846.5
29434.5
19741.0
2669.5
68.0
2567.5
68.0
8506.0
16555.0
2524.5
1813.5
1521.5
33815.0
5723.0
23278.0
6254.0
68.0
458.0
17311.0
9481.5
7673.0
5394.5
25946.0
6306.5
13847.5
20193.0
12049.5
33577.0
3671.5
68.0
1952.5
2833.5
5271.0
1109.0
10705.5
26000.0
629.5
13529.0
68.0
15110.0
17040.0
9086.5
8946.5
7471.5
5604.5
31985.5
68.0
1535.5
0
3361.5
5059.0
25845.5
1867.0
1070.5
9742.0
68.0
7965.0
26975.5
28155.5
9384.5
6743.5
543.5
8459.5
3230.5
11118.5
14787.0
16137.0
13564.0
68.0
438.5
1036.0
0
1940.0
9444.0
16077.0
27254.0
12496.0
0
23971.0
4927.5
15124.5
8534.0
6854.5
1869.5
7629.5
3750.5
7806.0
68.0
4982.0
68.0
10368.0
4809.5
24075.5
1131.0
68.0
8017.0
25916.0
23746.0
2356.0
19577.0
10774.0
6602.0
11679.0
22413.0
0
68.0
1890.0
1940.0
6889.5
8960.0
29145.5
2094.0
20593.0
6126.5
24210.0
3189.0
0
0
25660.0
15134.0
4372.5
6671.0
68.0
0
6336.0
9071.5
13467.0
0
719.0
3576.0
0
0
6361.0
1985.5
4435.5
8507.0
4618.0
1589.0
4300.5
23267.0
3700.5
11206.0
13488.0
68.0
10294.0
1106.5
5873.5
68.0
5602.5
68.0
68.0
68.0
6814.5
13382.0
68.0
1033.5
1022.0
22877.5
0
5827.5
8595.5
68.0
3546.0
1370.5
6839.5
1777.0
14849.5
0
5393.0
4365.0
68.0
68.0
7848.0
20593.0
11235.0
12733.0
7265.5
7199.5
458.0
1862.5
0
4586.0
438.5
12151.5
10349.5
7030.5
12669.5
12871.0
68.0
9192.5
6065.0
68.0
68.0
18059.0
0
8126.0
68.0
4095.0
17810.5
68.0
614.0
0
14929.5
0
68.0
1963.0
1496.5
4701.0
6405.5
9068.5
13113.0
3013.0
0
0
6794.0
68.0
68.0
1959.5
7248.0
2803.0
543.5
25390.5
15577.5
15613.5
11176.5
35.0
68.0
13429.5
68.0
68.0
12053.5
10356.0
0
2784.5
4818.0
0
14341.5
1406.5
0
13441.5
68.0
0
6346.0
6588.0
11770.5
68.0
20626.0
15597.5
4876.0
6712.5
12492.5
1126.0
15237.0
26316.5
18874.0
21373.5
4722.5
1012.0
14755.5
15755.5
5746.5
6376.5
68.0
68.0
9474.0
4528.5
0
7160.5
4298.0
13038.5
7256.5
7956.0
12888.0
68.0
19191.0
9469.5
2167.0
1867.0
68.0
7514.0
1406.5
26495.5
20892.0
68.0
23559.0
11198.0
8798.5
68.0
68.0
640.0
4872.5
9542.5
68.0
8547.0
24921.5
68.0
16793.0
3388.0
8208.0
11340.0
1126.0
19590.0
1815.5
7465.0
2683.0
15702.0
11654.5
22024.0
1507.0
2700.5
68.0
14736.0
3211.5
543.5
12668.5
1796.5
57.5
627.5
4592.0
5867.5
3612.5
24382.0
9960.5
1036.0
9929.5
7244.0
68.0
22.5
68.0
4287.0
1477.0
6747.5
1477.5
438.5
68.0
8533.0
10797.5
27216.5
9411.0
6380.0
2240.0
8220.5
24178.0
7635.5
4726.5
4465.5
68.0
5249.0
2796.5
16505.5
68.0
680.5
5880.0
11121.0
68.0
10207.5
68.0
5399.5
10654.5
68.0
68.0
17905.0
68.0
68.0
8109.0
5513.5
68.0
63.0
6253.0
11724.5
3445.0
13876.5
31692.0
16912.0
458.0
0
10825.0
11122.0
0
21741.5
1033.5
15232.0
533.5
10825.5
10900.5
1053.0
10969.5
8034.0
68.0
17534.0
14264.5
68.0
15662.5
18757.0
68.0
629.0
2701.0
14770.5
68.0
4098.5
4378.5
8020.5
10384.0
68.0
5007.5
458.0
1404.0
68.0
68.0
68.0
9442.0
16616.5
4767.0
0
4615.5
6293.5
1778.0
3236.5
16445.5
18262.0
68.0
458.0
3579.0
68.0
9370.0
57.5
7159.5
4039.5
68.0
68.0
5507.0
21027.5
6231.5
68.0
68.0
1894.0
5887.5
0
30398.0
13474.0
14170.5
7283.5
4469.0
3627.0
22307.5
68.0
5925.5
68.0
6682.5
614.0
68.0
6318.5
12063.5
2257.5
3806.5
7176.5
1477.0
68.0
2835.0
17808.0
21411.0
68.0
22643.5
0
14407.0
6053.5
7586.5
2817.0
25619.0
663.0
1628.5
7123.0
2276.5
16022.0
19437.5
9395.5
10687.0
20282.0
68.0
6753.0
931.0
3999.5
19286.0
1464.5
3154.5
7569.5
17101.0
0
257.0
4237.0
12088.0
23317.5
68.0
10944.5
68.0
8175.0
14717.5
1441.0
8134.0
8101.5
1021.5
68.0
3660.5
2237.5
438.5
5119.5
4118.0
68.0
8446.0
7233.0
16456.5
9056.5
9319.5
12195.0
18631.0
614.0
5897.5
8971.5
0
13821.0
6483.0
2648.5
13011.5
6009.5
0
1569.5
25874.5
6932.0
9057.5
4144.0
0
68.0
4994.0
7273.5
68.0
3618.0
14711.5
68.0
3203.5
17453.5
68.0
1828.5
5422.0
18454.0
12610.0
8086.5
68.0
1121.5
4653.5
18321.5
24224.5
21430.0
4152.0
7333.0
12370.5
438.5
68.0
4476.5
23634.0
9926.0
5083.5
12040.0
2742.5
8452.0
68.0
32023.5
1426.0
14363.0
68.0
1533.5
68.0
11226.5
16916.5
68.0
67.5
12028.5
458.0
2871.5
5046.0
68.0
4115.5
28099.5
68.0
68.0
3247.0
20569.0
6299.5
14865.0
1089.5
348.5
518.0
2765.0
26777.5
736.0
12036.5
20782.5
68.0
68.0
17422.5
1426.0
13345.0
7772.5
68.0
2445.0
13872.0
68.0
646.0
68.0
23969.5
68.0
7586.5
57.5
1867.0
1869.5
8516.5
2292.0
348.5
7797.0
68.0
17418.0
68.0
68.0
271.0
11567.0
30550.5
20110.0
5493.0
1033.5
458.0
4459.0
11553.5
495.5
50.0
68.0
68.0
16539.0
5496.5
1496.5
7078.5
68.0
30774.5
1016.5
10820.5
22715.0
68.0
6772.0
6287.5
646.0
68.0
5433.5
26698.0
458.0
16323.5
7773.5
30688.5
68.0
13079.5
12456.5
68.0
1051.0
3784.0
6851.0
3132.5
548.5
15620.0
6234.5
10810.0
10762.5
68.0
2310.5
1421.5
68.0
68.0
16443.0
32063.5
23954.0
68.0
7622.5
4979.5
0
438.5
33872.0
4954.0
5018.0
13880.5
22095.5
23459.5
1949.0
9881.0
1199.0
5898.0
8157.0
22451.0
12536.5
9452.0
25032.0
8637.0
10859.5
5030.0
68.0
21488.0
10106.0
3761.0
31643.0
68.0
6215.0
68.0
4525.0
3606.0
5436.5
68.0
16151.5
4138.0
1396.5
15654.0
6816.0
2275.0
31098.5
10362.0
7330.5
1850.0
7206.0
17932.5
3855.0
68.0
8081.5
5953.5
8994.0
1867.0
68.0
629.5
17184.5
11275.5
1033.5
1106.5
2538.0
27714.5
458.0
641.5
68.0
15233.5
6882.0
68.0
16022.5
4546.0
68.0
68.0
5787.0
68.0
1036.0
68.0
68.0
4512.5
2237.5
68.0
68.0
12494.0
12161.5
10748.5
6337.0
6380.0
15633.5
68.0
8585.5
5176.0
9847.5
1911.5
68.0
19217.5
3156.5
12268.0
22864.5
24536.5
9618.0
12452.5
3576.5
3568.0
3244.5
18986.0
25620.5
31184.0
1126.0
68.0
15973.5
6232.0
15324.0
12700.5
25531.0
23244.0
68.0
7727.5
68.0
458.0
1145.5
10092.5
21850.5
10939.5
8220.5
4024.0
4480.5
68.0
7250.0
18749.5
4973.0
12924.0
4157.0
7564.0
8349.0
68.0
8588.0
13825.0
1499.0
7109.0
7213.5
68.0
10132.5
68.0
4095.0
7200.0
12071.0
18292.0
3295.5
1890.0
6777.5
2306.0
20666.0
6840.5
365.5
9070.0
68.0
5044.5
17586.5
1496.5
8038.0
1199.0
11156.0
20099.0
458.0
68.0
68.0
2257.0
11600.5
14229.5
5875.0
9879.0
1479.5
7736.0
13674.5
11687.0
438.5
7669.5
0
32606.0
4546.5
68.0
68.0
5043.5
10294.0
1387.0
15688.5
9042.0
4081.5
68.0
1797.5
68.0
4570.5
68.0
14687.5
13202.0
11229.5
18271.5
14653.0
20894.0
4205.5
23847.5
12400.5
13034.0
10840.0
17353.0
16944.0
8462.5
68.0
12040.0
27936.5
1575.5
8464.0
1033.5
2685.0
10493.5
0
18946.5
25937.5
14282.5
20087.0
0
1002.5
534.5
10340.0
15849.5
3595.5
68.0
20258.0
2720.0
8622.0
524.0
17855.5
27654.5
5134.0
9432.0
1389.5
68.0
4780.5
68.0
9802.0
68.0
16581.5
4545.0
11533.5
68.0
163.0
17887.0
14401.0
4083.5
18406.0
511.0
0
68.0
68.0
1426.0
12493.5
68.0
6806.0
11670.5
68.0
3244.5
4561.5
3153.0
10056.5
1507.0
68.0
2278.0
1850.0
7194.0
8521.5
7325.0
2801.5
6441.5
8170.5
10845.5
438.5
6697.0
12863.0
68.0
4476.0
15714.0
1796.5
1861.0
4505.5
5075.0
68.0
68.0
3989.5
5841.5
1811.5
21439.0
3596.5
4824.0
646.0
4134.0
68.0
68.0
5295.5
29332.0
68.0
22441.0
2905.0
26518.0
4931.0
2186.5
1813.5
68.0
9329.0
68.0
1109.0
10814.0
18750.0
14699.0
20230.5
68.0
68.0
4120.0
6199.5
27267.5
9353.5
6817.0
68.0
68.0
0
1068.5
5078.5
9668.0
1516.0
1608.5
4902.0
68.0
14806.0
4010.5
3203.5
22522.5
1897.0
4101.5
68.0
4945.5
18729.5
18227.5
0
22953.5
6859.0
2739.5
14383.5
9383.0
12269.0
25917.0
68.0
524.0
3634.5
7524.0
17031.5
13149.5
13961.0
0
12123.0
12081.5
14417.5
1423.5
2296.5
543.5
68.0
26374.5
14906.0
6262.5
3596.5
10923.0
68.0
9851.0
32420.0
12904.5
10392.5
19177.5
14738.0
16234.0
25906.5
0
6975.0
68.0
3432.5
2352.5
12592.5
15409.5
68.0
14358.5
1889.0
68.0
3632.0
68.0
1053.5
5048.5
68.0
29766.5
4120.0
68.0
6815.0
68.0
68.0
20247.5
8576.0
23576.0
11700.5
68.0
1242.0
22843.5
15383.0
901.5
8504.0
5841.5
629.0
13382.5
9406.5
9982.5
68.0
6385.5
4021.0
6329.5
2962.0
6307.5
68.0
533.5
7116.5
34220.0
68.0
17363.5
10821.5
4195.5
14416.0
68.0
68.0
5902.0
21510.0
1867.0
14244.0
17467.0
2726.5
68.0
50.0
12136.5
24137.5
7126.0
11692.0
1516.0
17898.5
2520.5
21829.5
4150.0
9345.0
68.0
6247.0
45.5
2654.0
14340.0
68.0
2353.5
27600.0
12682.0
11826.5
3188.5
68.0
1033.5
0
1406.5
12713.5
11237.0
68.0
67.5
68.0
68.0
3265.0
444.0
68.0
20192.0
7175.5
2795.5
24710.5
6226.0
6421.0
6692.0
68.0
8625.5
9609.0
8763.5
68.0
68.0
29017.0
10888.5
25987.5
1784.0
8386.5
17094.5
2313.5
438.5
10677.0
1016.5
7787.0
28588.5
4067.0
458.0
14817.5
1126.0
641.5
68.0
4546.0
68.0
68.0
1036.0
6472.5
2853.0
7409.0
4748.5
8896.0
3542.0
4532.5
10853.0
1807.0
12085.5
1019.0
9607.0
9921.0
10201.5
943.5
68.0
6885.0
4056.5
17958.0
17831.0
4035.5
9287.5
4923.5
68.0
4951.5
9001.0
8592.0
68.0
3208.0
1033.5
68.0
21722.0
438.5
1037.0
15663.5
27458.0
22005.5
67.5
68.0
935.0
68.0
4581.5
1423.5
1126.0
4211.5
15560.5
5366.0
26080.5
13698.5
828.5
26915.0
20200.5
16860.0
534.5
8085.5
18909.5
4585.0
13325.5
3563.5
12157.0
68.0
1516.0
9064.5
13894.5
438.5
25498.5
1685.5
24729.5
68.0
3748.5
68.0
10001.0
21950.5
6267.0
68.0
1389.5
30240.0
7632.0
68.0
68.0
14281.5
4992.5
6688.5
8952.0
12556.0
6302.5
11575.5
12628.0
10692.0
4890.0
2745.5
16466.0
5370.5
16805.5
8544.5
68.0
7877.5
4660.0
5446.0
8737.0
17078.0
68.0
68.0
24151.0
438.5
22352.0
17070.0
68.0
20891.0
10525.0
29164.5
458.0
21610.0
68.0
63.0
32959.0
537.5
14442.5
8461.5
23688.0
1794.0
68.0
3612.5
828.5
3929.5
1404.0
68.0
68.0
7623.5
32156.5
719.0
13487.0
12958.0
458.0
12498.5
7326.0
68.0
4542.0
1869.5
11235.0
4098.0
16149.0
32180.5
8896.5
9320.5
0
1589.0
10448.0
68.0
10905.0
438.5
926.5
7340.5
13451.5
1036.0
68.0
4030.0
20570.5
2257.0
30590.0
3184.0
14306.5
6357.0
3300.5
9054.0
11606.5
5066.0
7788.5
3750.0
29374.0
646.0
8567.5
1960.0
16836.5
68.0
32525.0
20465.0
348.5
9846.5
458.0

8647.0
11465.0
5880.0
68.0
3595.5
4490.5
3821.0
16950.0
18653.0
3893.0
30680.5
21985.5
458.0
10640.0
8072.5
8461.5
26308.5
1444.0
2260.0
28592.0
12938.0
5994.5
29683.0
17479.0
68.0
1441.0
7230.5
20514.0
68.0
4804.5
153.5
22972.5
8978.0
4026.0
63.0
348.5
9373.5
8154.0
3730.0
7800.0
68.0
68.0
68.0
13784.0
3761.0
68.0
3267.0
0
458.0
1903.5
19311.0
8961.0
19352.5
68.0
15130.0
0
7274.5
1777.0
68.0
4547.0
26390.0
4988.5
11264.0
4544.0
9368.5
10972.0
2350.0
4634.5
19594.5
12656.0
68.0
3603.5
3613.0
14035.5
3221.0
1879.5
908.0
20456.5
926.5
18970.5
11167.5
2767.0
8891.5
1426.0
10831.5
12504.5
22411.5
0
68.0
828.5
15145.5
22976.0
16651.5
2318.5
8090.0
0
11829.0
3249.0
5931.5
13890.5
3473.0
0
5544.5
11217.0
4539.5
1929.0
21922.5
33452.5
6220.0
68.0
1036.0
5078.5
1886.5
15612.5
10816.5
0
6809.5
852.0
3812.0
14294.5
9450.0
7099.5
3640.5
10280.0
68.0
11939.0
1423.5
18801.0
68.0
4561.5
5934.5
1109.0
26337.0
68.0
5042.0
8814.0
1033.5
68.0
68.0
939.0
8636.0
9224.0
8089.0
68.0
0
68.0
7029.5
68.0
18787.0
0
2373.0
33891.0
10366.0
15243.0
68.0
18845.5
5972.5
2462.0
68.0
0
1833.0
1496.5
9420.0
9464.5
534.5
8715.5
68.0
68.0
14702.5
14696.0
27518.5
68.0
4062.0
8242.5
68.0
1867.0
21110.5
68.0
25058.5
21107.5
11644.0
25845.5
3591.0
19317.5
8281.5
68.0
10259.5
15876.0
25195.5
5990.5
68.0
4101.0
2700.5
19210.5
68.0
6703.0
7244.5
24034.5
3879.0
4558.0
68.0
14405.0
5491.5
7530.5
19040.5
13012.5
2652.5
6310.0
438.5
68.0
2299.0
9216.0
19724.5
20527.5
0
19295.0
0
1224.0
6777.5
68.0
26245.0
18894.0
0
12589.5
7126.5
8249.0
68.0
29686.0
1829.5
5952.5
8452.0
2796.5
68.0
2237.5
19754.0
3340.0
20707.5
18273.5
7199.5
12273.0
3007.0
2674.5
68.0
68.0
68.0
68.0
1780.0
68.0
16099.5
14986.0
68.0
12509.0
458.0
8597.5
30509.5
1496.5
7670.5
2445.0
0
10676.0
68.0
3244.5
0
14987.5
1477.0
11097.0
438.5
5159.0
19935.5
16493.0
9501.5
16426.5
21392.0
68.0
4386.5
9924.5
3581.5
8470.0
8035.5
68.0
1940.5
3913.0
23657.5
1631.0
13061.5
68.0
3407.5
32129.5
438.5
25365.0
6763.5
54.0
68.0
7187.0
4011.5
24022.0
68.0
22871.5
6340.5
12527.0
0
4896.0
0
3668.5
0
15381.0
67.5
13091.0
0
458.0
68.0
438.5
68.0
9422.0
9139.0
4373.0
348.5
1406.5
0
68.0
17886.0
68.0
13963.5
4454.0
10041.5
8265.0
68.0
22890.5
13410.0
18342.5
7399.0
12341.5
12061.5
6656.0
438.5
10505.0
27717.0
0
458.0
0
29786.0
8156.0
7755.5
8609.5
6960.5
30750.5
68.0
25037.0
12203.5
848.0
68.0
18359.0
68.0
7199.0
943.5
6331.5
68.0
646.0
22560.5
12173.5
15269.5
68.0
13025.0
25604.0
1387.5
12150.0
68.0
68.0
68.0
68.0
27182.5
68.0
19221.5
68.0
4096.5
5943.0
27148.5
2836.5
19173.0
9966.5
4059.5
9093.5
736.0
2911.0
11274.5
68.0
3141.0
32001.5
5726.0
5288.5
14649.0
16076.5
68.0
8075.5
13415.0
10636.5
15595.0
10778.5
942.5
14081.5
68.0
20561.5
68.0
25091.5
3862.0
3186.5
0
12810.0
1865.5
15185.5
12588.5
12977.0
68.0
68.0
9439.5
3666.0
15294.0
0
3666.0
9219.0
68.0
8152.0
3598.0
29730.0
9028.0
4580.5
7574.5
14758.5
5444.5
68.0
68.0
458.0
68.0
8554.0
0
18711.5
8642.5
9464.5
22441.0
8283.0
21163.5
6670.0
5848.0
68.0
4154.5
11030.5
1899.0
1887.0
68.0
5890.0
67.5
4651.5
7231.0
14733.0
24074.5
19891.5
9425.0
68.0
13581.5
0
5525.0
17405.5
10356.5
7737.5
543.5
68.0
5395.5
5617.5
10390.0
12036.0
2282.5
14394.5
2557.0
1034.0
67.5
3245.5
29053.5
719.0
10325.0
0
943.5
0
15946.0
26668.0
32733.5
68.0
4970.5
4084.5
13476.0
13915.5
9414.0
7831.5
16113.0
9879.0
911.5
19395.5
16138.5
21011.5
5791.0
7001.0
9046.5
1090.0
10000.5
16917.5
4398.0
20108.5
16470.0
2259.5
8478.5
736.0
28591.5
68.0
68.0
68.0
27317.0
5052.0
14214.5
4273.5
18335.0
68.0
1685.0
22257.0
8107.5
2782.5
4563.5
2478.0
7238.0
18260.0
17147.5
18470.5
5431.5
16931.5
6322.0
438.5
26224.5
1867.0
68.0
0
31287.0
5972.5
0
0
1426.0
9400.5
68.0
6820.5
10768.0
0
14142.0
4566.0
11994.0
68.0
68.0
19162.5
68.0
629.0
4079.0

16128.5
6875.5
2257.0
2741.0
7745.0
3837.5
1910.0
3835.0
9150.5
68.0
10452.0
68.0
0
18788.5
13531.0
27471.5
9478.0
20927.0
2345.0
4561.0
3185.0
2762.0
16474.0
7273.0
14869.5
1577.5
9368.5
10597.5
12185.0
6497.0
8688.0
3201.5
4665.0
438.5
26842.5
31389.0
68.0
15713.5
8243.5
18021.5
2739.5
6267.0
9845.5
1426.0
33453.5
15427.0
3040.0
15855.5
6336.5
458.0
2280.0
4566.0
1406.5
3270.0
3778.5
2275.0
15676.5
21418.0
5951.5
68.0
68.0
6238.0
1966.0
11117.5
15280.0
13902.0
1036.0
4194.0
7529.0
3110.0
8535.5
7302.0
458.0
12936.5
3341.5
68.0
3600.0
7657.5
7103.0
7171.0
3938.0
2428.0
14560.0
7594.0
8656.0
9417.0
25880.5
20576.5
1034.0
68.0
9436.0
4527.0
19555.5
1911.5
1479.5
16347.5
10301.5
0
12028.0
21865.5
1812.0
11467.5
1199.0
5699.0
8277.5
19167.0
1423.5
19231.5
25741.5
458.0
15984.0
5585.5
22871.5
4780.5
0
1850.0
17107.0
25947.5
0
12495.0
27293.5
16988.0
7266.0
20101.0
2471.0
438.5

6397.5
68.0
32167.5
13975.0
13712.5
5446.5
15650.0
6635.5
30742.5
1777.0
458.0
11252.0
31161.5
8460.5
8535.5
12714.5
68.0
3009.5
11786.0
68.0
68.0
1089.5
14036.0
438.5
0
8487.0
15916.5
24573.0
17493.0
14912.0
21021.0
31678.0
26381.0
68.0
5359.5
4548.5
0
5919.5
9537.0
2819.0
13707.5
6033.5
21916.5
6769.0
68.0
663.0
17102.0
68.0
8096.0
12100.0
68.0
1867.0
68.0
0
10561.5
6457.5
4088.0
11225.0
13793.5
6420.0
5321.5
2318.5
2251.0
13959.0
3710.5
1406.5
1889.0
2739.5
16569.5
8324.0
9078.5
11046.0
7204.5
7496.5
2800.0
4472.0
20555.0
458.0
11206.0
5897.5
14333.0
25388.5
68.0
23908.0
20291.5
1406.5
4540.5
29305.5
13235.0
10274.5
10759.0
4146.5
2369.0
68.0
15256.5
16459.5
13657.0
26716.5
68.0
12548.5
2891.5
10634.0
537.5
15255.5
1516.0
10768.5
1012.0
22.5
7262.5
9620.5
458.0
2352.0
8843.0
24210.5
68.0
18445.0
12888.5
4151.5
1411.5
68.0
68.0
11683.5
1390.0
12137.5
6825.5
6683.0
3150.0
2462.0
9111.0
7279.5
1774.5
3133.0
16518.5
10037.0
17897.0
16926.0
2936.5
9489.5
2282.5
4566.0
738.5
1106.5
2759.5
2962.0
12139.5
7286.0
1126.0
3893.5
8829.0
0
1501.5
8710.0
68.0
10753.5
1522.5
8975.5
7301.5
12100.5
54.0
927.0
5287.5
22268.0
7213.5
3599.0
9927.0
173.0
10198.0
19554.5
1482.5
9970.0
68.0
0
22732.5
21861.5
1869.5
4389.0
12158.5
2374.5
6324.0
9920.0
19715.5
13917.5
8935.5
23252.5
10505.0
1489.5
5141.5
18879.0
8499.0
6314.5
18294.0
2237.5
68.0
68.0
14635.0
1109.0
2745.0
4589.0
68.0
14809.5
2764.5
68.0
828.5
14628.0
1721.5
5584.5
17432.0
9340.5
68.0
7828.0
11355.0
2841.0
25672.0
11697.0
3242.5
18119.0
8018.5
68.0
2779.0
3865.0
553.0
2167.0

68.0
4994.5
5405.5
68.0
25141.0
10296.0
68.0
12999.0
5040.5
0
25934.0
458.0
68.0
2369.0
19639.0
11366.0
12144.5
26416.5
7499.0
12999.0
21470.0
17153.0
9317.5
458.0
68.0
9435.5
5970.0
68.0
14770.0
27258.0
68.0
3321.0
8257.0
14013.0
11817.0
2276.5
68.0
3486.5
68.0
9219.0
9014.0
14613.5
29.0
12924.0
68.0
1796.5
50.0
3810.0
925.0
68.0
7821.5
6195.0
12561.5
8899.5
68.0
8692.0
0
1036.0
0
68.0
2467.0
16599.5
0
1499.0
6287.0
33441.5
7773.0
9437.0
10432.0
29569.0
12175.5
16305.0
828.5
0
12713.0
13953.5
8942.0
5093.0
4531.0
24198.0
12990.5
19759.5
5673.0
1053.0
3056.5
6272.0
68.0
20186.0
12877.0
8442.5
68.0
13043.0
629.0
14541.5
33302.0
14342.5
15358.5
5461.5
4990.0
1499.0
18753.5
2240.5
5563.5
19668.0
1516.0
1443.5
12044.0
7270.0
16612.0
3225.0
16164.5
30402.5
9935.0
24310.5
5549.5
9015.5
68.0
29454.5
2871.5
24626.0
11012.5
6755.0
68.0
2275.5
614.0
1424.0
11534.5
29417.5
11669.5
554.5
15702.0
0
68.0
10075.5
20491.5
3686.0
17122.5
68.0
6753.0
8653.0
482.0
68.0
17090.0
10343.0
18636.0
13186.5
13951.0
3052.0
22198.0
10741.0
8974.5
20282.5
4266.0
2691.5
68.0
6385.0
68.0
4101.0
3632.5
22511.0
6431.0
1389.5
7630.0
736.0
11615.5
4045.0
612.5
10431.0
68.0
1036.0
68.0
4978.5
5131.5
3298.0
16042.0
1048.5
68.0
18145.5
738.5
19180.0
68.0
9924.0
6658.0
30827.5
8250.0
11389.0
3632.5
68.0
68.0
21912.0
5467.5
68.0
438.5
6713.0
68.0
2606.0
8052.0
68.0
1847.5
438.5
927.0
4491.0
1499.0
2821.0
7604.5
8043.0
19813.0
5992.0
68.0
1036.0
2257.5
68.0
4486.0
1019.0
5913.0
6888.5
9483.0
28217.0
20563.0
29612.5
5885.0
8256.5
4928.5
1019.0
3821.0
14693.0
1792.0
738.5
1259.5
13891.0
26144.0
6783.0
68.0
68.0
2760.0
15815.5
8476.0
9388.0
68.0
19082.5
1906.0
17517.0
614.0
9984.0
68.0
3647.0
3131.0
1887.0
8486.5
68.0
3585.0
3576.5
12986.0
10036.5
54.0
6097.5
68.0
3634.5
6692.5
13026.0
3245.0
6290.5
1884.5
32296.5
68.0
9055.5
26494.0
10787.0
68.0
3632.5
9742.5
2209.5
68.0
2259.5
68.0
68.0
68.0
68.0
7472.0
1033.5
2927.5
68.0
68.0
18090.0
8041.5
17779.5
7210.0
1799.0
11826.5
7206.5
10737.5
961.0
7607.0
11680.5
32622.0
0
22819.5
4152.5
537.5
1979.0
11851.0
5744.0
18575.0
17376.5
8607.5
3189.0
6033.5
8466.0
6309.5
8911.0
12631.5
13957.5
21589.0
3589.5
68.0
6460.5
0
28973.5
68.0
8419.5
1443.5
8401.0
438.5
2618.0
2297.0
68.0
26107.5
68.0
14715.0
10169.0
17482.5
6329.5
2905.5
1867.0
12087.0
13552.0
23756.5
2745.0
3262.0
11125.0
6652.5
20842.0
16296.0
26890.5
21968.0
1865.0
68.0
12077.0
78.0
4542.0
21898.0
20344.0
3074.0
9268.0
12415.0
13068.0
2363.0
17883.0
8799.0
10317.5
68.0
1406.5
16978.0
458.0
15684.5
26305.0
1892.5
17898.0
348.5
978.0
68.0
3206.5
68.0
13444.5
17471.0
18231.0
1608.5
458.0
6770.0
14794.5
16836.5
68.0
9381.5
26365.5
153.5
57.5
8614.0
8636.0
1889.0
19080.5
29444.5
1423.5
7218.0
68.0

68.0
9334.0
68.0
14815.0
2201.5
0
2552.5
1126.0
533.5
153.5
68.0
18894.5
17848.5
7764.0
2058.5
5922.0
68.0
10333.5
10773.5
68.0
16565.5
68.0
0
14765.5
68.0
3225.5
7273.0
0
8197.0
0
14327.5
1940.0
6708.0
17044.5
10678.5
18179.0
458.0
3596.5
0
16587.5
2667.0
25262.5
4579.5
14930.5
10432.5
5484.0
20707.5
9400.0
3881.5
3324.0
8310.0
9814.0
5395.5
5933.0
5925.0
11205.0
458.0
15336.5
68.0
68.0
2477.5
21834.0
12260.5
32211.0
12245.5
68.0
0
68.0
16777.0
25688.5
0
5492.5
68.0
0
68.0
19754.5
9537.0
29001.5
12084.0
68.0
18117.0
10607.0
15606.0
1589.0
1894.5
9221.5
2357.5
68.0
14054.5
25858.0
1016.5
19681.0
6753.0
3985.5
13882.5
11790.5
3281.0
16143.0
8645.5
5970.0
5078.0
68.0
1886.5
13267.5
22825.5
23712.0
15549.0
13153.5
19929.5
68.0
68.0
6585.0
32034.5
5005.0
12133.0
24935.0
3581.5
16849.5
21169.5
16533.5
0
5618.5
1484.0
8945.0
10856.5
5196.0
68.0
68.0
68.0
9387.5
20236.0
12161.5
68.0
10467.5
3990.0
6769.5
22333.0
68.0
1333.5
3242.0
1497.0
5133.5
21531.5
6817.5
11967.0
68.0
11291.5
2276.5
13451.0
3276.0
4624.5
68.0
7358.0
28749.0
11900.5
21634.5
9914.5
68.0
12646.5
27335.0
18791.0
12023.0
828.5
1053.0
9341.0
7699.0
68.0
17491.5
5473.5
2763.0
19745.0
18250.0
68.0
5366.5
3617.5
68.0
68.0
8630.5
20737.5
0
9789.5
18822.5
10245.0
9420.5
18401.5
20519.0
1589.0
1979.0
2739.5
13452.5
1017.5
45.5
68.0
13367.5
6359.0
11251.0
68.0
68.0
482.0
15600.5
20982.5
15593.5
8568.5
14729.5
9528.5
12141.5
1984.5
7693.0
1906.0
13495.0
13690.5
68.0
10398.5
5801.5
68.0
15273.5
4800.0
68.0
5078.0
28132.0
25334.5
68.0
68.0
14807.5
68.0
4396.5
1126.0
2913.0
8266.0
365.5
18342.0
2666.5
25017.5
4687.0
1864.5
10426.5
9055.0
5736.5
6252.0
1690.0
68.0
68.0
3611.0
68.0
8985.0
25028.0
4648.5
68.0
5013.0
68.0
17210.5
68.0
1811.5
20862.5
68.0
10415.5
633.5
809.0
7121.0
3526.5
28242.5
28947.5
18764.0
6524.5
9342.0
1518.5
8812.5
3660.5
68.0
2482.0
68.0
1850.0
8963.5
4189.0
6696.0
2815.5
68.0
68.0
10336.5
3763.5
13248.0
2837.5
3711.5
15170.5
0
68.0
4897.5
5361.0
4558.0
8731.0
7743.0
8913.5
12108.0
20666.0
5693.5
1496.5
1850.5
1016.5
1608.5
68.0
5336.5
8440.0
68.0
24491.0
16535.5
1053.0
4083.5
68.0
18959.5
5394.0
10677.5
9016.0
7884.0
1016.5
6702.5
554.5
31710.0
8560.5
16575.5
7937.0
1053.0
6339.5
5263.0
21426.5
68.0
68.0
2100.0
5457.0
9084.5
22782.5
4530.0
5419.5
19223.0
22079.5
460.5
3171.5
14450.5
11673.0
12089.5
10901.5
68.0
12452.0
11230.0
68.0
9804.0
6711.0
7767.5
12669.5
9874.0
18850.5
6282.0
21053.5
68.0
68.0
1053.0
23270.0
25712.5
2886.5
23391.0
2833.0
5887.0
8544.0
68.0
68.0
6812.0
6166.0
68.0
77.5
68.0
8829.5
68.0
11179.5
7682.0
3501.0
10785.0
3617.5
68.0
68.0
10301.5
68.0
68.0
1569.5
68.0
4993.0
8063.5
1608.5
3711.5
68.0
4490.5
18457.0
4528.5
14806.5
11375.5
5143.5
5903.0
9512.5
23405.0
4283.0
6285.5
24113.5
1872.0
12107.5
11259.5
3481.0
5712.0
1395.0
9051.5
7725.0
3189.5
68.0
0
10746.5
8113.0
15017.5
4415.5
22720.0
4090.0
9871.5
1777.0
6276.0
2279.0
1760.5
348.5
2353.5
68.0
16710.0
5529.0
29899.5
1687.5
29545.0
1878.5
1426.0
31395.0
68.0
1016.5
12545.0
10170.5
12882.5
4432.0
13082.0
4124.0
17722.0
68.0
7213.5
1889.0
68.0
68.0
6572.5
2187.5
2887.0
68.0
3060.5
16607.5
20128.5
14821.5
68.0
3744.0
4178.5
68.0
7226.0
68.0
7216.5
68.0
13149.5
13058.5
8574.5
5019.0
28045.0
2666.5
20256.5
22871.5
2240.0
3635.5
68.0
17837.5
3705.0
8150.0
68.0
68.0
19715.0
67.5
2837.5
2206.0
1780.0
68.0
1516.0
68.0
16106.0
1036.0
4471.0
68.0
23343.0
17133.0
7750.0
8237.0
646.0
9498.5
5493.0
10733.5
4951.0
19496.0
5189.5
1794.0
0
5848.5
7955.0
7387.5
614.0
20895.5
3711.0
68.0
22523.0
68.0
923.5
16706.5
68.0
2237.5
68.0
7828.5
828.5
1496.5
15698.0
15579.0
7299.0
20261.5
458.0
68.0
8814.0
68.0
21026.5
2742.5
68.0
2294.0
4266.5
627.5
1889.0
1107.0
68.0
68.0
11317.5
458.0
5552.5
68.0
1578.5
68.0
2630.0
33046.0
163.0
5549.0
9959.0
1019.0
4485.0
68.0
365.5
3913.0
68.0
4120.0
11950.0
26399.0
15143.0
68.0
3610.5
68.0
7623.0
14776.0
3400.5
15566.5
68.0
5861.0
1569.5
68.0
7187.5
68.0
10561.5
68.0
2779.0
68.0
1126.0
9822.5
26838.5
5375.5
24002.0
22380.0
0
11514.0
30462.5
163.0
2240.0
835.0
1908.0
7772.0
28189.5
5660.5
16984.0
2283.0
2822.5
68.0
2316.0
10391.0
0
5561.0
2445.0
0
0
8022.0
943.5
9441.0
68.0
534.5
68.0
1869.5
11165.5
4922.0
1024.0
68.0
1816.0
0
2674.5
1897.0
1106.5
68.0
28177.5
1126.0
68.0
1199.0
68.0
1813.5
68.0
4622.0
6705.5
68.0
12509.5
646.0
32598.0
6389.0
16095.0
68.0
5419.5
4441.0
1516.0
7127.5
943.5
9944.5
18702.5
1258.5
3203.0
18301.0
24597.0
365.5
68.0
11546.5
1404.0
5954.5
16554.5
8905.0
9056.5
68.0
7649.5
1884.5
16930.0
4356.0
3281.0
10787.5
1106.5
67.5
68.0
10179.0
18682.0
5414.5
1334.0
68.0
68.0
5487.0
5953.5
8338.0
9641.0
4937.0
10814.5
68.0
25480.0
4988.0
13881.5
68.0
6333.5
27623.0
6776.0
32502.5
23823.5
5801.5
5547.0
1477.0
68.0
438.5
3878.5
5899.5
5032.5
5883.0
8493.0
15853.5
68.0
4370.0
68.0
22727.0
8015.5
19082.5
6414.5
2785.5
9801.0
21892.5
3975.5
6001.5
3947.0
516.5
8281.5
5176.0
32481.5
13050.0
20774.0
1406.5
2630.0
68.0
9517.5
7860.5
68.0
68.0
13388.5
4190.0
535.0
26775.0
7718.5
68.0
13450.5
68.0
10717.0
68.0
15412.0
21453.5
1886.5
4030.0
9342.5
68.0
9010.0
11057.5
68.0
15742.5
5063.0
68.0
68.0
32190.5
4056.5
32154.0
6851.0
5343.5
4471.0
1016.5
3321.0
9365.0
24948.0
17375.0
5083.5
6213.0
15807.0
9975.5
7144.0
16059.0
2304.0
14876.0
68.0
14361.0
1477.0
8108.0
6381.5
0
7180.0
68.0
68.0
11294.5
1021.5
26862.0
9403.0
6251.0
12647.5
68.0
365.5
13924.5
5442.0
17120.0
68.0
4931.0
18748.0
1479.5
3113.0
9025.0
3542.0
2372.5
28583.0
0
14522.5
1499.0
17448.5
2310.5
8615.5
10256.0
68.0
0
68.0
5474.5
15356.5
0
0
458.0
2389.5
19257.5
7802.5
8341.5
27248.0
2372.0
68.0
35.0
22791.5
10740.5
3228.0
10223.0
7996.5
8093.5
68.0
1406.5
2220.5
19582.0
5346.5
68.0
6334.5
20907.5
4397.0
10443.0
3651.5
9114.0
2871.5
68.0
5526.0
11237.0
6774.0
68.0
8278.0
68.0
68.0
13959.0
3666.5
4934.0
2945.0
7601.5
68.0
8170.0
30500.0
22001.5
68.0
1053.0
21386.0
68.0
12518.0
68.0
13929.5
11973.5
4071.0
11261.5
68.0
16690.5
18535.0
438.5
8218.5
8430.5
23916.0
3669.5
12989.0
5151.0
68.0
14527.5
14744.5
514.5
68.0
9786.0
10914.0
13598.0
18303.5
8671.5
7618.0
8102.5
27736.5
0
68.0
8442.0
34344.5
0
20631.0
22215.0
24975.5
68.0
6724.0
68.0
68.0
943.5
5446.0
6266.0
0
6352.0
1053.0
943.5
21417.5
68.0
68.0
5013.5
4232.0
13663.0
19189.5
2574.5
23033.5
13659.5
1315.0
5060.5
4086.5
7448.5
68.0
68.0
1843.0
68.0
21492.5
14692.5
438.5
11969.0
5600.5
0
1496.5
31434.5
5916.5
68.0
14203.5
11284.0
6853.5
7936.5
14005.5
1036.0
1811.5
4928.5
8958.5
15231.0
5455.0
25571.0
633.5
0
13949.5
12470.0
68.0
3386.5
1629.0
5890.0
16982.5
5578.0
7123.0
68.0
14011.5
14332.0
68.0
8014.0
11771.0
5859.5
68.0
14786.5
1535.5
6612.5
1406.5
0
4092.5
7579.5
2813.5
3795.5
257.0
68.0
1777.0
19107.5
6682.5
68.0
163.0
4926.5
11551.0
3216.5
2111.0
1404.0
5050.0
25049.5
1499.0
28918.0
4356.0
68.0
11580.0
68.0
13934.5
4479.0
5385.0
68.0
13850.0
12117.5
6393.5
3707.5
8481.5
2742.5
9081.5
5361.0
68.0
1886.5
10503.5
68.0
16635.0
537.5
7734.5
4637.0
1409.0
663.0
12136.5
67.5
5654.5
45.5

11594.0
5360.5
68.0
11265.5
68.0
15256.0
7752.5
6770.5
13438.0
4742.0
6714.0
22464.5
21909.5
9451.5
10165.0
8656.0
6264.0
438.5
18417.5
15492.0
1569.5
7823.0
17551.0
24527.5
5420.0
832.0
3635.0
7899.5
663.5
17954.5
25397.5
0
9054.0
1886.5
7089.5
68.0
933.5
3043.0
2342.5
0
68.0
10730.0
21466.0
5987.0
9485.0
16489.0
16974.5
68.0
1951.0
68.0
6387.0
32098.5
68.0
9648.5
13959.0
31662.0
438.5
68.0
4913.5
3714.5
22.5
2796.5
13539.5
8921.5
2349.5
68.0
17528.5
0
458.0
1424.0
8927.0
18755.5
10287.5
3321.0
2259.5
1869.5
68.0
19416.0
1019.0
68.0
17427.0
3017.5
2996.0
8983.0
497.0
8938.0
1863.0
28623.0
4481.5
526.0
9329.5
31104.5
18368.5
27113.0
9034.0
8516.5
25437.0
6353.5
29.0
19781.0
2835.0
458.0
13752.5
8187.5
17022.0
978.0
10715.0
8645.5
12496.5
68.0
21391.0
28158.0
4524.5
7809.0
20151.5
1258.0
29271.0
1126.0
9032.5
68.0
12478.0
2353.0
14384.0
1886.5
5327.5
29113.5
3150.0
6783.5
7694.5
68.0
25688.0
68.0
5069.5
9577.5
3705.0
68.0
31634.5
2075.0
534.5
5905.5
20698.5
736.0
1813.5
0
8478.0
21482.0
68.0
6213.5
944.0
68.0
2295.0
68.0
7166.5
0
5025.0
3206.0
1867.5
6319.0
21497.5
5142.5
26323.5
0
68.0
1036.0
0
0
537.5
68.0
68.0
5953.0
8847.0
0
2670.0
3023.5
68.0
68.0
8657.5
28076.5
0
6270.0
68.0
19277.0
30421.5
13368.0
10250.5
23265.0
27960.0
5602.5
10265.0
68.0
68.0
28817.0
68.0
1794.5
5897.5
68.0
68.0
17951.5
29031.0
8247.0
68.0
68.0
9862.5
8892.0
12015.0
1758.0
15738.0
68.0
16127.0
15638.0
4743.5
19684.0
9124.5
68.0
926.5
11291.5
12970.0
16501.0
5414.5
11937.5
1426.0
14811.0
10807.0
755.5
4911.0
8893.5
5475.5
3822.5
1387.0
9475.0
0
68.0
9488.5
1757.5
3213.5
719.0
12930.0
9146.0
23180.0
15555.0
68.0
68.0
68.0
68.0
5737.5
10724.5
8616.0
8959.5
9437.0
27224.0
15965.5
3789.0
1499.0
68.0
809.0
7635.0
7340.0
4112.5
5921.0
68.0
999.5
12036.5
13591.5
7751.0
13412.5
6711.5
28997.5
29085.5
25877.5
2857.0
3305.5
15181.0
12150.0
13147.5
30291.5
458.0
68.0
12686.5
2835.0
68.0
11139.5
0
21327.0
21068.5
68.0
6277.5
68.0
16581.0
68.0
6011.5
1036.0
68.0
24688.5
2763.0
20382.5
12648.0
20186.0
27341.5
5999.5
14167.5
9147.5
19922.0
8592.5
14421.0
32183.5
8441.0
68.0
68.0
3715.0
68.0
1016.5
9246.5
0
19356.0
68.0
458.0
68.0
68.0
4636.5
19257.5
3191.5
1426.0
2462.5
438.5
22726.5
68.0
68.0
14872.5
1872.0
2720.5
12124.5
8281.5
7105.0
13960.0
2299.0
68.0
68.0
68.0
4115.0
8556.5
22939.0
25888.0
10743.0
4007.5
68.0
68.0
9989.0
2297.0
6389.5
33146.0
9082.5
68.0
19813.0
19434.0
68.0
11725.5
68.0
4032.5
1109.0
13508.5
68.0
1033.5
19623.5
68.0
163.0
4618.0
477.5
2720.0
68.0
646.0
537.5
2299.0
7590.0
68.0
8447.0
629.5
0
4525.5
68.0
23501.0
1090.0
68.0
68.0
4998.0
16892.5
25034.5
10334.5
3522.0
0
8128.0
0
18809.5
2228.0
68.0
23703.5
13888.0
2167.5
9449.5
4563.5
6560.0
2669.0
3171.5
5060.0
68.0
68.0
1051.0
68.0
8584.5
0
534.5
3248.0
11644.5
1019.0
8750.0
13870.5
2704.5
0
16635.5
10240.5
8748.0
68.0
13896.5
2761.5
1406.5
8037.5
2345.0
68.0
24059.0
68.0
20887.0
12230.0
11546.5
1959.5
4893.5
68.0
2316.0
24700.0
8119.0
16001.5
7333.5
22812.5
68.0
68.0
17969.5
68.0
6829.0
21544.5
2349.5
1036.0
68.0
1886.5
17902.0
31515.5
2259.5
11287.5
848.0
13104.0
3227.5
14276.5
14327.0
365.5
1031.5
68.0
31622.0
32534.0
1419.0
26705.5
68.0
1496.5
15250.5
2816.0
21400.5
1496.5
738.5
21328.0
6333.0
1387.0
14643.0
6712.0
68.0
8753.5
2705.5
3284.0
68.0
11824.0
2947.0
22253.5
13901.0
68.0
1496.5
1496.5
17549.0
68.0
68.0
8447.5
14744.5
68.0
16504.0
646.0
8983.5
19056.5
14316.5
14692.5
68.0
17066.0
26579.0
29177.0
19158.0
7100.5
68.0
26775.5
68.0
3927.5
12315.5
7682.5
68.0
5476.0
18297.0
25019.0
33856.5
5782.5
15329.5
13922.5
28550.0
26778.5
19290.0
9396.0
4988.0
23578.5
68.0
5383.5
20889.5
0
5436.0
7055.0
9023.5
18714.0
0
5749.0
496.5
0
16554.0
8584.0
7240.5
7097.0
13405.5
3545.0
21931.5
29342.0
8293.0
68.0
16558.0
68.0
11187.5
68.0
12243.0
3186.5
12217.5
4983.5
68.0
0
3149.5
15081.5
13943.5
6749.0
1496.5
11689.0
4458.0
68.0
5343.5
68.0
7646.5
30445.0
4061.0
19596.5
12868.0
68.0
7194.0
458.0
5454.0
24165.0
24790.5
3595.5
1867.0
1811.5
9925.0
4106.5
26013.0
3225.0
12762.0
7033.5
16363.0
11197.0
7168.0
1016.5
29405.0
68.0
5886.5
13955.5
3621.5
0
68.0
68.0
2826.0
19663.0
68.0
21020.0
24077.5
68.0
10285.0
4011.5
17405.0
554.5
15641.5
4612.5
1426.0
3632.0
438.5
2567.5
4612.0
18225.0
8156.0
8139.5
14241.5
5110.5
18779.5
2764.5
68.0
68.0
14060.5
27696.0
68.0
7665.5
68.0
8145.0
9520.5
1033.5
1416.5
68.0
4619.0
1777.0
19740.5
68.0
68.0
6777.5
2765.0
14601.0
736.0
8989.0
68.0
18804.5
10712.0
26448.0
809.0
1016.5
68.0
4904.0
14816.5
11123.0
29965.5
18546.5
14106.0
10369.0
11559.5
9383.0
9435.0
20979.0
11933.0
7870.0
1421.5
1021.5
1886.5
6324.5
33535.5
21955.5
8520.5
16049.0
15991.5
68.0
3803.5
7172.5
35845.0
68.0
0
9201.5
10487.5
9835.0
68.0
6241.5
26256.0
68.0
11172.5
0
0
5851.5
10903.5
0
13920.0
4611.5
738.5
4105.5
18198.5
16109.0
32969.5
16536.0
0
25798.5
2224.5
0
10730.0
19641.0
443.5
8965.0
4763.0
14791.0
8105.0
1053.0
26484.5
5342.5
5074.0
10620.0
1920.5
68.0
68.0
627.5
29507.0
68.0
5837.0
10131.5
7290.0
10284.5
15642.0
0
21914.5
23680.5
1811.5
4586.0
7721.0
3215.5
68.0
11286.0
4979.0
1886.5
1406.5
438.5
68.0
163.0
68.0
68.0
4970.0
646.0
11183.0
11229.5
68.0
68.0
68.0
13902.5
8467.5
68.0
8217.5
15764.5
68.0
2334.5
25424.0
17798.5
30820.5
961.0
68.0
0
2666.5
4060.0
9941.5
6814.0
3724.5
22768.5
17695.0
8463.0
11868.5
6212.0
7847.0
1589.0
45.5
5361.0
68.0
1036.0
3371.0
68.0
818.5
68.0
68.0
1423.5
68.0
1109.0
20975.5
68.0
68.0
4000.5
68.0
6698.0
5349.5
4624.0

9032.0
11248.5
17883.5
1406.5
5394.5
489.0
5800.0
68.0
5810.0
15765.5
13156.0
12200.0
14563.0
1959.5
7195.0
0
19804.5
16969.0
5819.0
25911.0
2319.0
68.0
28969.0
26803.0
2739.5
0
12899.0
4560.5
0
7719.0
9836.5
9526.5
7155.5
68.0
22512.0
0
12500.5
365.5
10744.0
4580.5
1218.5
4078.0
2647.0
1945.5
4612.0
2240.0
13303.0
13814.5
0
27574.5
21542.0
18802.5
68.0
68.0
68.0
4455.5
12100.5
68.0
14232.5
68.0
6980.5
8683.0
68.0
15985.0
26518.5
18351.0
16546.5
68.0
12148.0
5936.0
68.0
4733.5
3092.0
10182.0
14233.5
4444.5
3133.5
25527.5
68.0
7645.5
0
14307.5
13605.0
65.0
54.0
2280.0
4000.0
21000.0
5886.0
736.0
68.0
1053.0
24730.5
2743.0
4376.0
1017.5
68.0
3503.5
1143.5
7977.0
16980.5
7293.5
19280.0
6404.0
26284.5
68.0
12170.0
18069.5
1569.5
1978.0
2165.0
5939.0
19604.0
2720.0
8116.5
15276.0
9833.0
68.0
5770.0
68.0
8324.0
14431.5
68.0
14348.5
68.0
21973.0
14254.0
12162.0
7382.0
10924.0
16975.0
2499.0
3298.0
12578.5
8217.5
0
68.0
68.0
23384.0
11597.5
68.0
16538.5
25090.5
68.0
1794.0
1109.0
35.0
12123.5
438.5
8669.5
68.0
8456.0
19309.0
68.0
68.0
68.0
50.0
23124.0
7791.0
1850.0
2986.5
68.0
3727.0
4061.5
12572.0
6960.5
13846.5
31390.5
9152.0
1811.5
6727.5
17452.5
2796.5
1796.5
11629.0
7659.5
419.5
68.0
68.0
1406.5
68.0
13822.5
9515.5
1806.5
18328.0
1019.5
7392.0
9573.5
31408.5
719.0
68.0
68.0
5265.5
12098.5
9408.0
13076.0
19704.0
4147.0
4065.5
1886.5
1179.5
19142.5
6492.0
12078.0
8954.5
6222.5
10765.0
68.0
68.0
14050.5
68.0
4424.5
23294.5
10723.5
458.0
7268.0
7553.0
1889.0
9918.0
452.0
7138.0
1479.5
16122.5
68.0
12472.0
4453.5
1869.5
68.0
21587.5
68.0
11676.0
1906.0
3225.0
2927.5
10547.0
1128.5
2372.5
7887.5
629.0
8636.0
25478.0
828.5
68.0
25799.0
458.0
68.0
1889.0
9476.0
4465.5
11360.0
1445.5
3315.5
1390.0
68.0

68.0
3659.5
11640.5
1406.5
10262.5
3167.5
3115.5
163.0
6724.5
1779.5
18546.5
68.0
68.0
5495.0
8546.5
8652.5
2501.0
8023.0
14236.0
8599.5
68.0
7565.0
8078.5
4026.5
348.5
2596.5
5915.0
17777.0
5412.0
68.0
68.0
16696.0
18388.5
26649.0
34066.5
3003.5
16203.0
50.0
6321.0
1426.0
17457.0
25097.5
32766.0
1387.0
25686.5
1109.0
2464.5
68.0
7577.0
17005.0
14671.0
10226.5
3953.5
29563.5
68.0
5229.0
14671.0
14760.0
29.0
9060.0
10977.0
13527.5
8496.5
68.0
2673.0
68.0
13079.5
15.5
3228.0
68.0
15.5
34338.0
7554.0
12264.0
1036.0
13322.0
1872.0
9027.0
3064.5
3133.0
23181.0
1869.5
1126.0
12064.0
35.0
2823.5
7216.0
1792.0
538.5
365.5
4005.0
12088.5
15171.0
10379.0
6772.5
12751.5
68.0
1796.5
2664.0
6416.0
11078.5
541.0
2833.0
18392.5
7622.0
4778.0
10344.0
3947.0
68.0
8.0
20168.0
15786.5
2945.0
24609.0
68.0
3723.0
14762.5
4357.5
68.0
163.0
25132.5
1423.5
5867.0
14402.5
10673.0
14769.0
30287.5
515.0
1145.5
16919.5
21957.0
8142.0
4746.0
4432.0
15599.5
848.0
6410.5
3664.0
68.0
25560.0
68.0
5504.0
7197.0
67.5
9829.0
68.0
8165.5
17933.0
68.0
1479.5
2382.5
68.0
2443.5
8111.5
1969.5
11583.0
18809.5
4174.0
68.0
17507.5
68.0
719.0
68.0
438.5
5487.0
3585.0
68.0
20925.5
68.0
11300.0
4095.0
40.5
20634.5
16689.5
8987.5
16259.5
9471.0
0
68.0
19630.0
1516.0
13709.5
2833.0
2775.0
16142.5
0
2387.0
9941.5
12125.5
458.0
5919.5
163.0
1424.0
2276.5
438.5
0
961.0
1218.5
68.0
10466.5
21979.0
2681.0
10248.5
2633.0
18759.5
3837.5
9499.0
7803.0
11688.0
524.0
68.0
8273.5
2353.0
7689.0
13815.5
2753.0
7349.0
68.0
26716.5
1331.0
13071.0
5011.5
1106.5
29481.0
18235.0
0
5658.5
2246.0
13571.0
1889.0
1034.0
8390.0
8234.5
4862.0
3174.5
23737.0
7627.5
5838.0
4039.5
68.0
438.5
15176.0
23730.0
68.0
6434.0
0
68.0
0
22682.5
12045.5
19120.0
14386.0
26570.0
20581.5
7552.5
11170.0
35.0
5370.0
14868.5
438.5
438.5
3265.0
7458.0
1707.5
4392.5
25387.5
3338.5
68.0
10057.0
14863.5
1704.0
1019.5
8053.0
1126.0
2257.0
4469.5
13864.0
17980.0
7357.0
0
6414.5
35.0
68.0
68.0
1889.0
4938.5
6442.5
5307.5
19720.5
6494.0
2074.5
6721.5
10412.0
68.0
2218.0
68.0
11156.5
14732.0
19820.0
27841.0
33280.5
925.0
554.5
6605.0
68.0
68.0
7730.5
10913.0
27635.5
10347.5
5913.0
1979.0
68.0
2349.5
68.0
23225.5
6813.0
45.5
8.0
11771.5
68.0
1792.5
6333.5
6753.0
21089.0
6812.0
8054.0
6360.5
2278.5
16363.0
27293.5
21358.5
8979.5
68.0
68.0
68.0
2481.5
3516.0
2134.0
57.5
2681.0
9812.5
755.5
4542.0
10787.5
21890.0
4544.5
68.0
7174.5
68.0
8102.5
438.5
2870.0
7175.5
68.0
1406.5
5638.5
0
68.0
4058.5
1504.0
12802.0
5821.5
68.0
18902.5
10728.0
9444.5
17875.5
6714.0
5896.5
2896.0
20115.0
68.0
31324.5
20165.5
7327.5
68.0
828.5
3728.5
2835.0
10336.0
50.0
2355.0
68.0
5061.5
543.5
9850.5
68.0
1589.0
1036.0
3035.0
68.0
7880.5
68.0
5097.5
68.0
7367.5
2666.5
25940.0
1909.5
5361.0
8919.0
4449.0
28189.5
20685.5
12969.5
19556.5
1149.5
14785.5
7880.0
68.0
68.0
29948.5
534.5
9420.0
6657.0
9024.5
348.5
9022.5
458.0
68.0
629.0
1126.0
1278.0
9030.0
68.0
2264.5
537.5
9803.5
15220.5
68.0
68.0
68.0
17833.0
9305.0
5807.0
2267.0
10791.0
3818.0
2330.0
7314.0
12068.5
14802.5
13578.5
2910.5
9084.0
68.0
11130.0
68.0
6578.0
2239.5
6496.5
9406.5
4078.5
15.5
18314.5
4207.5
8466.5
1906.0
1589.0
10294.5
68.0
68.0
6891.0
19357.5
68.0
4174.5
10821.0
10692.5
68.0
2389.5
10363.0
21418.5
438.5
0
68.0
4266.0
4542.5
9873.0
5677.5
3707.5
9952.0
4385.5
68.0
23294.5
5385.0
3932.5
13161.5
9028.0
17796.0
4359.5
33557.5
68.0
10769.5
3242.5
9004.5
2717.0
68.0
4994.5
19653.5
2815.5
14457.5
16610.5
21042.0
890.0
7586.0
1221.0
2371.5
21771.5
10298.5
1886.5
13694.5
1056.0
12331.0
9485.5
12283.0
68.0
458.0
7143.5
10258.5
11836.0
7359.0
926.5
13456.5
17606.0
22703.5
7528.5
8035.5
68.0
68.0
68.0
1107.0
7685.5
68.0
68.0
2815.5
1959.5
0
646.0
8673.5
28079.0
68.0
68.0
2350.0
1107.0
1811.5
13042.5
8858.0
5987.5
24620.0
10764.0
1833.5
18981.5
13276.5
6255.0
10843.0
68.0
1496.5
68.0
14770.0
68.0
1979.5
1684.5
13313.0
7294.0
9470.0
923.5
15186.0
8950.0
2462.5
3317.5
13268.5
20058.5
68.0
999.5
20405.0
4581.0
14508.5
17469.5
29164.0
6211.5
19715.0
68.0
438.5
10192.0
8125.0
18271.0
4001.5
0
23016.5
68.0
2772.0
2872.0
68.0
68.0
25163.5
7723.0
25782.0
2759.0
438.5
68.0
2330.0
13239.0
6027.0
68.0
4673.5
18275.0
23778.5
13023.5
7500.5
65.0
3966.0
7787.0
68.0
14287.5
19027.5
2330.0
14790.0
10431.0
4157.0
17624.5
5898.5
68.0
68.0
4956.0
11159.5
20149.5
1037.0
1443.0
8461.0
9469.0
2470.5
1760.0
68.0
15348.0
68.0
5866.5
8957.5
22683.0
458.0
68.0
12886.0
4154.0
1406.5
13841.5
17471.0
5438.5
9479.0
10317.5
3637.0
4211.0
2540.0
1331.5
15233.5
10319.5
68.0
6285.5
1801.5
28598.5
2332.5
11701.5
524.0
5248.0
10250.5
17710.0
1837.5
16546.0
16014.0
3880.5
11640.0
68.0
5521.0
849.0
1124.0
27809.5
5482.0
438.5
13901.0
68.0
2223.0
2905.5
15140.0
68.0
68.0
0
3612.0
16954.5
458.0
10898.0
68.0
10321.0
17448.0
30904.0
68.0
6235.0
68.0
14689.5
1862.5
16530.5
1886.5
7159.5
30248.5
1966.5
7221.0
4102.0
68.0
12089.0
5569.5
16963.5
2428.0
12635.5
16473.5
68.0
7572.0
16965.5
29.0
6326.5
3797.5
1499.0
10189.5
68.0
68.0
4151.0
1869.5
3203.5
1423.5
21311.0
68.0
12028.5
68.0
1406.5
50.0
1016.5
3874.0
7993.0
3368.0
4003.0
1913.5
458.0
7123.5
4964.5
11250.5
3129.5
8568.5
68.0
32493.0
68.0
1867.5
3668.5
5795.0
19504.0
68.0
24528.5
14303.0
4202.5
57.5
8060.0
9309.5
5201.0
4208.0
21570.5
5473.0
18720.5
1867.0
3613.0
5045.0
13465.0
68.0
68.0
12546.0
14951.0
68.0
20884.5
68.0
2536.0
13420.0
5356.0
9836.0
0
6972.0
6285.5
1496.5
68.0
4222.0
31864.5
68.0
68.0
68.0
68.0
1959.5
6695.5
3615.0
1869.5
6694.5
6046.0
14703.5
438.5
0
68.0
5695.5
0
9919.5
68.0
5796.5
1126.0
26659.5
20702.5
7159.5
1796.5
8981.5
68.0
68.0
18519.0
24970.5
68.0
1959.5
4739.0
3992.0
3606.0
10453.0
4625.0
5493.5
11236.0
1238.0
2773.5
6025.5
9167.0
15251.0
68.0
332.0
30299.5
14792.0
365.5
5371.0
2874.5
24990.0
67.5
10782.5
5790.0
3688.0
3119.5
12071.0
0
457.5
4156.5

68.0
68.0
13416.5
150.0
5206.5
3669.0
7678.5
68.0
68.0
68.0
4973.5
68.0
68.0
67.5
0
10285.5
7558.0
9975.0
68.0
67.5
68.0
7205.5
7137.5
438.5
6306.0
20058.0
22694.0
8544.5
27282.0
5436.0
8141.5
68.0
14384.5
68.0
68.0
68.0
5521.5
10874.5
2694.0
10316.0
25932.5
24959.5
68.0
15627.5
15923.0
0
68.0
13377.0
13108.0
68.0
11491.0
2355.0
68.0
3206.0
9781.5
8462.0
1036.0
1867.0
4171.0
647.0
4986.0
3561.5
6470.5
14814.0
18790.5
2906.0
5732.0
458.0
68.0
23231.0
8866.0
68.0
5248.5
1869.5
4974.0
12543.5
1987.5
18751.0
8465.0
6300.0
1611.5
4388.0
16086.5
3170.5
15707.0
28493.0
10742.5
5052.0
3225.0
3861.0
4474.0
25949.5
3896.0
6602.0
4929.0
26776.5
1109.0
68.0
6275.5
458.0
1051.0
14860.0
68.0
16790.0
0
68.0
4525.0
68.0
68.0
25166.0
30952.5
6009.0
28115.5
4378.0
828.5
6307.0
2373.0
1424.0
31824.5
16960.0
1019.0
16499.0
13438.0
7312.0
11265.0
22691.5
68.0
19703.5
27168.0
13473.0
6497.5
23668.5
2708.5
68.0
3580.5
0
18895.5
17077.5
26455.5
438.5
1387.5
1034.0
4458.5
3654.0
4215.5
3334.5
20906.0
828.5
17808.5
68.0
27942.0
0
25829.0
10821.0
1521.5

12038.0
68.0
2813.5
13804.0
2747.5
17344.0
10315.0
32524.5
20261.5
14380.5
19223.0
24620.5
6718.5
3191.5
7766.0
24612.0
1983.0
13565.0
13602.0
3489.0
1019.5
68.0
16950.5
21827.0
12636.5
20449.5
27866.5
2535.0
19776.0
12559.5
13389.0
22940.0
68.0
3652.0
23780.5
12241.5
2284.5
4557.0
8598.0
68.0
6289.5
14094.5
5860.0
13412.5
20924.5
68.0
68.0
10310.0
8547.0
5685.5
19783.5
2167.0
14461.5
18770.5
15157.5
68.0
15176.0
68.0
1518.5
11314.0
4505.0
5701.5
10716.0
5021.5
68.0
68.0
7956.0
68.0
68.0
68.0
11608.0
17125.0
24552.0
68.0
15216.0
13602.5
3612.5
15095.5
11586.5
32611.5
68.0
4439.0
17334.0
13931.0
2240.0
25883.0
16116.5
5509.0
1853.0
17863.0
6837.0
68.0
68.0
4928.0
31440.5
14112.5
5359.0
18882.0
14869.0
2388.5
34244.5
5881.5
13438.0
3758.5
23477.5
6753.0
1983.0
68.0
20876.0
6294.5
8282.5
9123.0
13486.5
9427.5
68.0
8673.0
1109.0
23094.0
22745.5
0
2237.5
5137.0
9892.5
19130.5
3064.5
3115.5
5046.5
68.0
68.0
23595.0
23993.5
11842.0
68.0
68.0
2520.5
6800.0
60.5
68.0
1409.0
5465.5
68.0
68.0
26247.0
14502.5
13237.5
5860.5
1704.0
9084.0
3278.5
68.0
68.0
3205.5
3700.5
4098.0
5400.0

927.0
5424.0
1421.5
68.0
68.0
8132.5
2294.0
20649.5
11030.0
20577.0
68.0
1406.5
8548.5
1036.0
1886.5
4951.5
7558.5
68.0
68.0
2837.5
460.5
458.0
16221.5
68.0
10733.5
2681.5
22041.5
16560.5
3152.0
0
68.0
12622.5
11074.5
21011.0
1443.5
10385.5
21050.5
10311.0
68.0
68.0
1869.5
68.0
1126.0
9738.0
460.0
68.0
4974.5
5410.0
68.0
13860.0
365.5
7557.5
10779.5
35252.5
16152.5
18797.0
68.0
2537.5
13019.5
3242.5
68.0
5440.0
3108.5
3634.5
1199.0
68.0
12092.5
7755.5
3410.0
809.0
68.0
257.0
14756.5
13140.0
5001.0
18630.0
17617.5
7586.0
629.0
68.0
738.5
4623.5
10430.0
14109.0
68.0
7064.5
68.0
3615.0
7565.0
68.0
4168.0
31853.0
18740.0
1479.5
0
7607.0
32422.0
8141.5
2275.0
68.0
29075.5
1777.0
3688.0
12119.5
68.0
8511.0
68.0
9580.5
7112.0
68.0
12180.0
68.0
4546.5
21349.0
6351.0
2354.5
16527.5
16930.0
6382.5
16174.0
28502.5
6830.5
68.0
68.0
11257.5
68.0
736.0
9630.0
14926.5
4466.0
68.0
8491.0
68.0

6345.0
16108.0
629.5
5498.5
8251.5
1987.0
68.0
15681.5
458.0
10823.0
7585.5
4140.0
9014.0
68.0
1575.5
27622.0
897.5
6109.5
9834.5
7733.5
8797.0
7162.0
9197.5
0
22024.5
68.0
68.0
2739.5
13379.0
12549.5
19137.5
9518.0
8485.5
2998.5
28032.5
12070.0
68.0
12118.5
4093.0
3060.5
4442.0
10768.0
23204.0
2666.5
3705.0
27728.5
2724.5
6390.0
2257.0
14258.0
68.0
9025.0
9515.0
12973.5
12114.0
68.0
24914.5
10419.5
1970.5
14363.5
68.0
5577.5
3431.5
2415.0
8452.0
3017.5
13022.5
23786.5
19560.5
4074.0
28355.5
4993.5
10897.0
68.0
27585.5
7564.0
2163.0
68.0
68.0
8725.0
68.0
7640.0
15167.5
7650.0
8537.5
12199.5
755.5
16511.5
15058.5
4494.0
2428.5
4117.5
4566.5
22785.0
3783.5
11176.0
68.0
3113.0
57.5
16252.5
1350.5
68.0
1036.0
22793.0
4035.0
10935.0
68.0
5396.0
6343.5
68.0
4036.5
4026.5
4130.5
2649.5
3579.0
4927.5
6227.0
2447.5
0
3898.5
7658.0
3037.0
10374.0
11921.5
438.5
68.0
4022.0
4459.5
2079.5
9924.5
13900.5
2318.5
11226.0
68.0
9495.5
2282.0
28265.5
14396.0
3649.0
19826.0
21417.5
1496.5
12496.0
68.0
1460.5
1538.5
3446.0
3501.0
1331.5
68.0
8377.5
15696.0
11211.0
4452.5
12234.0
68.0
10524.5
22374.5
68.0
2220.5
736.0
4653.5
6083.5
7667.0
15487.5
4900.0
68.0
8944.0
736.0
0
923.5
5455.0
4971.5
26392.0
5434.0
24938.5
8057.5
1499.0
12021.5
28564.0
68.0
68.0
9441.5
0
68.0
3211.0
16685.0
10483.5
5119.0
2670.0
68.0
30321.5
68.0
9430.0
68.0
25467.5
12077.0
34648.0
1016.5
68.0
458.0
6282.0
458.0
68.0
5288.0
438.5
7872.5
2074.5
68.0
68.0
10723.0
30304.0
1199.0
1869.5
7446.5
16079.5
9865.5
3341.0
13382.0
32236.5
3742.0
29830.0
31575.5
68.0
4947.0
736.0
17408.5
7177.0
11532.5
66.5
9451.0
13953.0
6005.5
19472.0
16580.0
17111.5
1867.0
4012.0
20107.0
68.0
1998.5
68.0
2330.0
11840.0
68.0
33426.5
68.0
8066.0
1963.0
4966.0
4855.5
21752.0
0
1831.0
15566.0
67.5
68.0
4095.0
2574.0
25890.5
2375.0
68.0
11940.0
68.0
14818.5
1033.5
15147.0
7919.0
32077.5
29378.0
19832.5
68.0
7707.0
1813.5
8145.0
22727.5
9916.0
9051.0
11211.5
3913.0
11357.0
2464.5
9506.0
5013.0
8529.5
3632.5
1034.0
25859.0
4510.5
7189.0
612.5
68.0
5849.0
10783.5
67.5
10838.5
15624.5
4446.0
20580.0
68.0
68.0
26656.0
16578.0
60.5
9010.0
2914.0
4342.0
24910.5
14685.0
8.0
10863.5
3192.0
3537.5
736.0
3133.0
13398.0
68.0
2854.5
0
12130.0
68.0
1886.5
3486.0
5857.5
18342.5
23947.0
15251.5
11170.5
68.0
68.0
68.0
10335.0
9022.0
26950.0
5941.0
10244.0
4413.0
20113.0
13292.5
5063.0
1351.0
2703.0
12008.0
1867.0
3233.0
348.5
66.5
8268.0
9689.5
28462.0
10527.5
13409.0
10369.5
15359.0
20655.5
1089.5
6739.5
515.0
21435.0
11513.0
8918.0
12796.5
3540.0
1036.0
5453.0
23309.5
15636.0
25091.0
809.5
8148.0
68.0
30381.5
9367.5
68.0
1890.5
68.0
68.0
3770.0
9034.5
68.0
68.0
1051.0
6378.5
0
20188.0
20074.0
6428.0
1479.5
22894.5
13403.5
5049.0
9808.0
1406.5
4525.5
26002.0
11434.5
3671.0
4114.5
11176.5
2330.0
8536.0
18896.0
7018.5
21970.0
15242.5
7454.0
22760.5
2278.0
12639.5
13664.0
68.0
9273.0
12454.5
18660.0
16175.5
2689.0
4093.0
926.5
20110.0
68.0
33379.5
1115.5
534.5
1330.5
20295.0
14833.5
50.0
4449.0
13947.0
14632.5
2226.5
533.5
27684.0
2572.0
27174.0
4584.0
4568.5
12860.5
28664.0
438.5
17361.0
68.0
33815.5
1777.0
15073.5
516.5
458.0
8001.0
4432.5
8.0
1463.0
5462.0
1499.0
1589.0
5459.0
19240.0
5321.0
68.0
6039.5
25709.5
22613.5
68.0
11637.0
29582.0
68.0
5403.0
68.0
11162.0
21432.5
68.0
9069.0
8922.0
6787.5
68.0
5452.5
8120.0
29043.5
4600.5
2377.0
10705.0
68.0
68.0
2167.0
14778.5
5897.5
68.0
4002.5
8931.5
4460.0
9068.0
1199.0
828.5
24540.5
18323.0
16644.0
68.0
10899.5
0
68.0
8004.0
11043.0
22464.0
4058.5
68.0
17064.5
68.0
9042.0
10314.0
68.0
20758.5
4996.0
9784.0
5949.0
9888.5
0
5473.5
68.0
68.0
4974.0
4465.5
21336.0
1033.5
15939.5
68.0
10403.5
1421.5
68.0
9928.5
68.0
29826.0
2861.5
8128.0
9407.0
11615.5
68.0
29196.0
1909.0
22783.5
19387.0
5564.0
21277.0
6060.0
68.0
10408.5
68.0
15596.5
3125.0
18246.0
6430.5
68.0
68.0
5346.0
68.0
4864.5
2739.5
1886.5
68.0
9720.0
1813.5
4468.0
14052.0
5419.0
68.0
5053.5
7122.0
12993.5
1589.0
2374.5
543.5
8122.5
10917.5
8560.0
12168.0
16506.5
4144.0
10118.0
11220.0
19155.0
20027.0
9651.5
68.0
21260.0
5415.0
11245.5
7694.5
9000.5
15620.0
10132.5
8111.0
68.0
5061.0
1388.0
9985.5
25397.5
12173.0
3172.0
524.0
13565.5
68.0
458.0
4608.0
1889.0
6788.0
68.0
3266.0
2369.0
10272.0
8148.0
68.0
17498.0
68.0
68.0
3237.5
68.0
5069.5
68.0
1777.5
28546.5
1496.5
533.5
3652.0
16983.0
12543.5
1887.0
10770.5
365.5
3428.5
13033.0
20200.5
4936.5
8017.5
19805.5
4160.5
27640.0
68.0
68.0
29958.0
6799.5
4154.5
5067.5
11190.5
1905.0
3077.0
30258.0
68.0
10970.5
10374.0
12350.0
438.5
68.0
16678.5
4978.5
68.0
6829.0
14378.5
1499.0
12198.0
14308.0
12628.0
77.5
17970.0
68.0
20111.0
13484.0
4105.5
8666.5
68.0
2235.0
20970.0
17317.5
23602.5
20782.0
458.0
5897.0
13140.5
1019.0
16597.5
20160.0
68.0
17440.5
2307.0
3519.0
10129.5
1496.5
3707.5
2339.0
25464.0
21875.5
32123.5
10322.5
68.0
68.0
8652.0
68.0
1331.5
33969.5
13364.0
809.0
8240.0
4151.0
68.0
68.0
6534.0
8293.0
11783.0
5896.5
2779.5
19301.0
14821.5
11602.0
22858.5
19608.5
534.5
4025.5
904.0
9986.0
68.0
11723.0
68.0
26400.5
68.0
28548.5
8525.5
13071.5
10816.0
15615.0
68.0
5512.0
926.5
960.5
1869.5
68.0
21452.0
9917.0
17861.0
1886.5
4240.0
14422.5
5406.5
736.0
5944.5
13904.0
3133.5
20148.0
68.0
1336.5
14438.5
16552.5
29416.0
68.0
7993.5
348.5
1521.5
13362.5
11979.0
22250.0
7605.5
8296.5
8641.5
68.0
29875.5
18891.5
3138.0
736.0
17035.0
458.0
10065.0
8326.5
12532.5
6343.0
22418.0
2926.0
5030.5
1518.5
458.0
11163.5
68.0
1033.5
22990.5
5493.5
1218.5
27753.5
0
68.0
30065.0
1036.0
943.5
8096.0
35.0
15329.0
68.0
11770.5
3147.5
755.5
7252.5
26687.5
6829.0
6971.5
3688.0
3315.5
3306.0
7268.5
5318.5
68.0
68.0
9633.0
7508.0
2679.5
68.0
27674.0
28743.5
12114.0
68.0
997.5
20966.0
27186.5
3727.5
7401.5
9906.0
7207.5
68.0
438.5
68.0
24628.0
8852.0
68.0
68.0
12043.5
30347.5
7082.0
68.0
16829.5
12947.0
68.0
68.0
30367.5
3225.0
1387.0
1589.0
18322.0
4932.5
68.0
33367.5
30753.5
755.5
15203.5
68.0
5913.5
458.0
4157.0
10865.0
13347.0
68.0
1628.5
3950.0
24644.0
68.0
68.0
5791.0
10781.0
12227.5
68.0
1477.0
4118.0
32922.0
17026.0
1794.0
520.5
4056.0
14505.0
5766.0
1409.0
8011.5
68.0
14387.0
9995.0
9425.5
438.5
68.0
21442.0
31775.5
23653.5
1528.5
68.0
68.0
32325.5
23332.5
68.0
5534.0
2094.5
2330.5
11254.0
20088.5
32148.0
27188.0
7695.5
68.0
4992.5
11229.5
68.0
6663.5
1886.5
1869.5
1792.0
5080.0
13411.0
24855.0
68.0
2686.5
20098.5
2184.0
32069.5
11204.5
5506.5
22368.5
68.0
11733.5
7583.0
13086.0
68.0
6192.0
3223.0
68.0
524.0
828.5
3714.0
68.0
3210.5
1796.5
17033.5
1889.0
7140.5
3559.5
68.0
68.0
3242.5
3741.5
2892.0
4457.0
4900.0
68.0
13021.5
8594.5
9522.5
2647.5
9936.5
3710.0
4076.0
4152.0
11690.0
68.0
32187.0
438.5
10821.0
21961.5
18786.5
719.0
3684.0
9104.0
10803.0
17389.5
2540.5
6272.5
68.0
8151.0
6326.0
14360.5
1886.5
22338.5
20442.0
68.0
17468.5
14298.5
20086.5
15186.5
438.5
68.0
12921.5
11608.0
68.0
1869.5
68.0
68.0
68.0
8912.0
11594.5
348.5
6638.0
1350.5
7106.0
9095.0
11196.0
27112.0
3605.5
68.0
2799.5
1569.5
9956.0
19897.5
20177.5
6464.0
2799.0
11453.5
68.0
68.0
6241.5
29895.5
14701.0
5327.5
9090.5
68.0
2356.5
10401.5
22751.5
16452.5
4953.0
16257.5
3983.5
1424.0
4056.0
15273.5
6766.5
16075.0
10791.0
7206.5
30310.0
4914.0
30471.0
0
2227.5
163.0
6744.5
9414.5
3652.0
13467.0
68.0
4039.0
68.0
4241.5
6473.5
627.5
8666.5
7174.5
68.0
1479.5
19426.5
68.0
68.0
31246.5
4114.5
6017.0
15150.0
9944.5
438.5
646.0
68.0
5934.5
15850.0
10497.0
4937.0
14346.0
5816.0
23524.0
17446.0
14291.0
8445.5
10684.5
68.0
68.0
9310.0
8943.0
32529.5
3262.0
4692.5
3206.0
3764.0
68.0
10050.0
68.0
26434.0
4005.5
18576.0
646.0
753.5
1126.0
646.0
68.0
1499.0
939.0
68.0
7920.5
1241.0
11607.0
6657.5
30691.5
8663.0
68.0
6841.0
4520.0
26765.5
10787.0
13995.0
13970.5
2456.5
10167.5
7159.0
12517.5
3801.0
0
5597.0
17427.0
9503.5
18513.0
17486.0
6845.0
6888.0
10729.0
16718.5
68.0
68.0
68.0
8664.5
10207.5
8296.0
31323.5
0
10439.5
2630.5
5047.0
9424.0
4586.0
8064.5
8.0
1853.0
68.0
6688.5
21404.5
5515.5
12934.5
1348.5
4927.5
0
0
12464.5
0
15.5
10349.5
32802.0
6719.0
0
9356.0
8563.5
68.0
14828.5
1382.5
5592.0
8515.5
3150.0
1016.5
4836.0
16080.0
1800.5
5501.5
2649.5
19229.5
68.0
7387.0
1409.0
1516.0
2688.5
6788.0
17088.0
68.0
6568.5
3986.0
641.5
18890.0
8219.0
5875.0
5903.0
12781.5
68.0
1106.5
1106.5
20532.0
2223.5
16504.5
14182.0
4198.5
8450.0
9037.5
2447.5
4710.0
1773.0
11262.0
8978.5
68.0
612.5
4804.0
3396.0
554.5
68.0
68.0
68.0
68.0
4563.5
6445.0
10336.0
68.0
7647.5
4724.5
16087.0
1128.0
2681.5
3371.0
4580.5
9853.0
22425.5
68.0
460.0
2257.0
68.0
68.0
7144.0
18885.0
458.0
2274.5
1126.0
68.0
3990.5
25913.5
7181.0
16750.5
16551.0
16344.0
68.0
2218.0
25093.5
3599.5
8526.5
10058.0
5378.5
1033.5
68.0
68.0
4081.5
4685.5
15151.5
2779.5
4508.0
4637.0
3671.5
17493.5
12508.0
23230.0
12918.5
5494.5
8964.5
6876.0
7260.5
1038.5
5844.0
2225.5
4078.0
68.0
68.0
29788.5
5565.5
68.0
2655.0
3778.0
6801.5
13564.5
14451.5
8910.0
8010.5
6251.5
1869.5
14316.5
14813.0
10345.0
2314.0
13358.5
68.0
10718.5
10473.0
16926.5
19099.5
629.0
3023.0
68.0
7571.5
3183.5
15364.0
68.0
6834.5
2379.5
5880.5
5343.5
173.0
11122.0
3334.5
68.0
68.0
5678.0
1126.0
15580.0
10362.0
7639.0
10328.0
13936.5
1779.5
0
7723.5
5492.5
68.0
6424.0
68.0
719.0
18773.5
14276.0
21779.0
12595.0
15699.0
3653.0
9164.0
10307.5
16991.0
22222.0
2257.5
4528.0
8459.5
17383.0
26762.5
4715.5
2739.5
29031.5
12028.5
28452.5
12474.5
12152.0
10712.5
68.0
1019.0
16388.5
25091.5
16598.5
18267.5
1109.0
68.0
32042.0
13937.5
5893.0
5187.5
9687.5
20600.0
8206.5
4637.0
68.0
10636.0
6997.0
3110.0
6268.5
12518.5
10434.5
1774.5
22282.5
68.0
8928.0
68.0
68.0
23644.5
26014.5
1106.5
9859.5
8391.5
10205.5
1594.5
438.5
1036.0
13363.0
8630.5
5507.0
68.0
1499.0
3225.0
68.0
68.0
629.5
7214.5
5871.0
25116.0
3371.5
21500.5
4890.0
68.0
3118.0
68.0
16137.5
3693.5
533.5
0
4956.5
2633.5
5904.5
6144.5
18016.0
15689.5
4456.0
17008.5
4818.5
3204.0
68.0
68.0
9506.0
7642.0
26295.5
543.5
438.5
12024.5
14200.5
8074.0
68.0
3320.0
68.0
67.5
21000.5
16048.5
2717.5
33878.0
68.0
8169.5
29916.5
5864.0
0
153.5
9497.5
0
14329.5
3170.0
68.0
68.0
24899.5
7179.0
11827.5
25890.5
15185.5
20787.0
4452.0
9615.5
16833.0
16129.5
1036.0
2739.5
16053.0
3455.5
13478.0
68.0
2927.5
18759.5
6769.5
9293.5
2593.5
4552.0
6671.5
16337.0
14025.5
458.0
8581.5
1496.5
7660.0
1346.5
5646.0
68.0
4471.0
4007.5
2337.0
28975.5
11722.5
15149.5
7989.5
13883.5
5080.0
3711.0
8255.5
1477.0
29322.0
11322.5
68.0
3747.0
5287.5
12086.0
68.0
29708.0
5439.0
3304.5
17854.5
15233.0
7337.5
6937.0
848.0
16122.5
1959.5
3722.5
22687.5
7218.5
68.0
18768.0
14661.0
11220.0
33607.0
68.0
68.0
68.0
1109.0
8990.0
8580.5
11232.0
2091.5
2745.0
1477.0
8078.0
11351.0
8029.0
13171.0
7233.0
6750.0
20613.0
19148.0
26858.0
68.0
20170.0
3223.5
8589.5
19962.5
23634.5
31598.5
68.0
2203.5
1608.5
3335.0
2391.5
8034.0
1404.0
31466.5
5366.5
68.0
68.0
5442.0
68.0
22864.0
2837.5
1967.5
9587.5
3302.5
6581.5
23897.5
1831.0
1596.0
67.5
19761.0
68.0
6048.0
68.0
13187.5
4652.5
18743.0
16350.5
13475.0
0
26209.0
2666.5
2242.0
1016.5
21006.5
22705.0
8037.5
20225.0
13100.5
3784.0
16043.0
7824.5
14954.5
10051.0
10675.5
9540.5
33483.0
21948.5
8177.5
702.5
5182.5
1106.5
4286.5
18364.5
30369.5
4552.0
13195.0
458.0
1390.0
30709.5
68.0
16906.0
32334.5
9070.5
68.0
18354.5
68.0
9847.0
2374.5
5056.5
719.0
4704.5
6788.0
5797.5
8048.0
24148.0
23765.5
348.5
68.0
18528.5
2768.5
11882.0
6211.0
22.5
11262.0
13943.0
68.0
3394.5
348.5
3530.5
31141.0
15948.5
11198.0
19674.0
9479.5
2354.5
7287.5
3649.0
68.0
68.0
68.0
9362.5
18289.0
68.0
16572.0
3313.0
1492.0
2779.0
9562.5
5004.5
2682.5
68.0
68.0
1872.5
9203.0
11167.0
24504.0
65.0
6105.5
60.5
28013.0
646.0
17463.5
13772.0
10387.0
28491.0
15357.5
21543.5
458.0
23024.5
22698.0
5809.5
8000.5
68.0
0
510.5
2374.5
63.0
68.0
1794.0
68.0
10718.5
9485.5
68.0
4582.0
7594.0
68.0
25346.5
29647.5
31762.5
2305.0
4558.0
68.0
0
5436.5
68.0
8847.5
9863.5
0
10685.5
68.0
3758.5
0
11101.0
0
3115.5
14332.0
13011.0
9595.0
6975.0
68.0
32655.5
8574.0
4188.5
22147.5
2462.5
2336.0
22255.0
6734.0
24113.5
7682.0
608.5
16126.5
17909.5
4917.0
68.0
4373.0
68.0
719.0
68.0
68.0
68.0
3410.5
5008.0
68.0
12973.0
925.0
1794.0
68.0

57.5
5801.5
1199.0
3150.0
22239.5
29433.5
21455.5
68.0
31042.0
68.0
24199.0
24573.5
6294.5
68.0
646.0
68.0
2109.0
18383.0
4528.0
8216.0
4129.0
12552.5
68.0
68.0
848.0
3184.5
4129.5
14328.0
15017.5
27191.0
21871.5
9603.0
6059.0
4932.0
20178.5
3001.0
5496.0
68.0
6493.0
68.0
16476.5
20942.5
68.0
10000.5
27693.0
4281.0
7201.0
20549.0
2464.5
10060.5
9386.5
8634.5
5466.0
5391.0
68.0
16074.0
12608.5
8613.5
68.0
17034.0
68.0
17444.0
0
5877.5
26027.5
2996.5
6200.0
6767.0
1516.0
5161.0
68.0
10430.0
24269.0
11262.0
1053.0
2349.5
15857.5
1036.0
0
19346.0
15293.5
4974.0
1106.5
8515.5
3317.5
3115.5
13302.0
1089.5
68.0
12554.5
5043.5
5879.5
4148.5
8552.0
19398.5
5337.5
4986.0
4943.0
29342.5
25977.0
14399.5
6368.0
6268.5
68.0
4675.0
7304.0
646.0
163.0
15810.5
68.0
1126.0
7125.0
3609.0
10488.0
7631.0
23653.0
3154.5
9525.5
27767.0
24492.5
2801.5
1850.0
6936.0
4559.0
11131.0
10273.5
17251.0
828.5
7295.0
13906.0
5299.5
10799.0
1780.0
736.0
6062.5
68.0
9348.0
1940.0
5439.5
68.0
25690.5
4261.0
10820.5
6070.5
23336.0
14743.5
4097.0
0
4934.0
17476.0
852.5
21171.5
2389.5
6826.0
16666.5
2237.5
26413.0
11601.5
15917.5
68.0
8591.0
12552.0
16451.5
1867.0
5136.0
2700.5
8519.5
22878.0
68.0
13664.0
2576.5
10273.0
1883.0
20084.0
68.0
5456.5
6363.5
34296.5
4138.5
68.0
18643.5
68.0
646.0
1019.0
3503.0
828.5
1589.0
10146.0
68.0
20723.5
15580.0
68.0
20010.5
68.0
6306.5
18398.0
4953.5
27165.0
5363.0
68.0
22078.0
15752.5
68.0
1034.0
4614.0
0
6271.0
1036.0
29869.0
32979.5
8478.5
10737.5
11584.0
8956.5
17343.0
26504.0
15662.0
22328.0
5154.0
6772.5
28172.0
5131.5
3208.0
68.0
0
68.0
10786.0
1334.5
8904.0
5397.0
458.0
18744.5
2257.0
2391.5
4912.5
17475.0
1443.5
31293.0
30817.5
491.0
68.0
12631.0
5061.5
20546.5
68.0
14624.5
6958.0
68.0
23194.0
67.5
3708.5
13391.5
22756.5
1034.0
29900.5
22818.0
10270.5
18616.5
24553.5
1297.0
4239.0
11131.5
68.0
68.0
22845.0
3785.0
68.0
717.0
8347.0
30790.5
438.5
68.0
4491.5
14941.0
7695.5
10257.0
5535.5
1499.0
12130.5
27602.0
4639.5
68.0
1894.5
25625.5
1979.0
1402.0
32957.5
537.5
16686.0
9567.5
68.0
4755.5
13970.0
7257.5
1421.5
7720.5
13022.5
15929.0
68.0
31176.5
33892.5
458.0
20102.0
21490.0
68.0
17053.0
68.0
2091.5
10475.5
3133.0
68.0
10761.5
1514.0
8946.0
18866.5
6671.5
14314.0
68.0
12900.5
835.0
68.0
2060.0
8908.5
7076.0
14936.0
15299.5
2448.0
18608.5
68.0
5565.5
68.0
2055.0
16899.0
8411.5
2040.5
3152.0
5866.0
68.0
17596.5
17978.5
16002.0
11228.5
68.0
20723.5
8773.0
25343.5
809.0
27545.5
5000.5
18253.0
68.0
15236.0
17469.0
4469.0
3227.5
31276.0
4090.5
19541.5
1032.0
8094.0
15631.0
4909.5
4321.5
68.0
809.0
1036.0
2352.5
1589.0
8015.5
68.0
5429.0
1878.0
6340.0
26321.5
29042.5
29876.0
16680.5
32095.5
68.0
10455.0
1612.5
9464.5
1426.0
14660.0
1368.0
15311.5
4342.5
68.0
13118.0
1794.0
11568.0
20029.0
3187.0
5120.0
16559.5
10497.5
7220.5
15123.5
3967.0
68.0
13189.5
1404.5
18748.0
13578.5
20185.0
68.0
3688.0
68.0
3679.0
2720.0
8176.5
68.0
68.0
68.0
2762.0
29567.0
68.0
3877.0
68.0
2626.0
4796.0
3244.5
68.0
21986.5
11280.5
3595.0
68.0
22813.0
27787.5
3295.5
1963.0
6775.5
12654.5
8131.0
5114.0
14123.0
7238.0
15207.5
4562.5
6650.5
3601.0
12108.0
68.0
13867.5
3189.0
5069.5
26953.0
9048.0
543.5
12701.0
28566.0
68.0
485.0
19043.0
25008.5
20581.5
13556.0
31114.0
27684.0
12078.5
12388.0
11223.5
6997.5
16500.5
68.0
4476.5
20159.5
12756.5
68.0
19711.5
1704.0
2908.0
68.0
719.0
25043.5
29533.5
19279.5
11726.0
4148.5
16757.5
1351.0
68.0
8918.0
27257.5
13418.5
68.0
641.5
68.0
4471.0
9532.0
14848.0
6770.5
68.0
19148.5
13982.5
20214.0
21830.5
2724.5
5416.5
4538.5
8976.0
13418.5
10754.5
5852.0
13950.5
12139.0
30410.0
438.5
11839.5
21658.5
15146.5
16875.5
68.0
1348.5
2666.0
10882.0
68.0
7477.5
68.0
9488.0
68.0
68.0
4097.0
1505.5
68.0
68.0
20612.5
18388.0
68.0
5529.0
11619.5
7446.0
31479.5
16962.0
14444.0
9463.5
8779.0
68.0
15171.0
3174.5
6239.0
2094.0
24440.0
68.0
18458.0
29143.0
68.0
8118.0
12510.5
438.5
14349.5
5392.0
4516.0
809.0
68.0
11364.0
163.0
21578.0
8072.5
458.0
3713.0
2925.0
1496.5
4598.0
19688.0
3652.0
4129.5
7943.0
3837.0
8964.5
1033.5
68.0
9919.0
4671.0
13152.0
68.0
14466.5
8555.5
12136.5
31160.0
8553.0
22509.5
14013.5
12321.0
1218.5
17437.5
24632.0
68.0
9914.0
68.0
8968.5
68.0
18500.5
22653.0
28934.0
4099.5
4581.0
8021.5
3842.5
68.0
7143.5
68.0
68.0
7048.5
9730.5
13648.5
15658.0
8526.5
5008.5
13819.0
18750.5
6026.5
5836.5
10946.0
1946.5
11719.5
16498.5
1894.5
23238.5
22368.5
68.0
13508.5
8626.5
5341.0
16939.5
3573.5
3154.5
13693.5
6757.5
4536.5
2350.0
8079.0
5530.0
6648.0
28152.0
68.0
8078.5
4034.5
17767.5
9452.0
68.0
4711.0
16990.0
9857.0
28135.0
4499.5
10483.0
8674.5
14805.5
68.0
17531.5
6659.5
8027.5
1569.5
5346.0
6346.0
10308.5
2074.5
5058.5
1033.5
3135.0
20555.0
5858.5
3191.0
16328.0
2686.5
1034.0
10024.0
14666.0
4107.5
3191.0
29243.0
68.0
68.0
7237.5
1778.5
15912.5
438.5
4538.5
34277.0
2739.5
68.0
19109.5
4006.0
7090.0
5826.0
1496.5
458.0
4606.0
5532.5
68.0
6863.5
68.0
736.0
68.0
9180.5
2447.5
3808.0
27873.0
514.5
68.0
68.0
736.0
68.0
10374.0
68.0
3154.5
68.0
1443.0
17024.0
2991.0
4137.0
24721.0
68.0
7131.0
4473.5
15311.0
12355.0
14548.0
26375.5
0
5285.5
719.0
1496.5
2676.5
2721.5
3018.0
6088.5
68.0
68.0
9591.0
19746.0
1372.5
11203.5
365.5
9535.5
68.0
1886.5
9967.5
27303.5
16122.0
24790.0
1869.5
0
7055.0
68.0
3374.5
28066.5
1333.5
12116.5
20449.5
10144.5
828.5
23639.0
4949.0
5448.5
5373.0
27632.0
4191.0
1426.0
14834.0
5822.5
19207.0
24996.5
7699.5
28222.0
20941.0
68.0
10887.0
12144.0
2925.5
18748.5
68.0
3020.0
448.0
3559.5
16077.0
21042.0
68.0
0
13611.5
4469.5
20175.0
13616.0
68.0
3154.5
4011.0
16454.0
68.0
14401.5
173.0
68.0
68.0
2184.0
3265.0
0
68.0
1002.5
809.0
16722.0
8511.5
68.0
809.0
11749.0
5026.0
68.0
68.0
4084.0
6304.5
16716.0
6276.0
68.0
14012.0
0
29526.0
20980.5
2636.5
11580.0
29468.5
7265.0
20758.0
8776.5
68.0
20947.0
28061.0
5024.5
68.0
3154.5
28559.0
15718.5
2835.5
15309.5
21474.5
2819.0
458.0
8157.0
34787.0
23286.5
9890.0
2786.0
68.0
7553.0
8982.5
7678.5
16199.0
6840.5
68.0
13004.5
20222.0
12184.5
13011.5
8446.5
3832.5
2113.5
3988.0
6437.0
25783.5
18589.5
15161.5
4098.0
9807.5
18625.0
13513.5
4384.0
15324.0
6267.0
6349.0
0
9854.0
7067.5
11166.5
3766.5
10257.0
6758.0
3152.0
11874.0
0
3649.5
68.0
68.0
7626.5
4449.5
1516.0
12486.5
68.0
2257.0
2720.0
1406.5
1538.5
5603.5
68.0
10228.5
5451.5
13352.0
5829.0
5311.5
19151.0
14287.5
32206.0
1998.5
12270.0
9651.5
5434.5
3331.0
17135.5
35.0
663.0
68.0
1499.0
738.5
16925.5
14839.0
9133.0
12972.5
2004.0
13879.0
3623.0
68.0
22874.0
9983.5
68.0
1390.0
944.0
9379.0
7578.5
2276.5
68.0
943.5
12384.5
15249.5
12472.5
7658.0
16370.5
4078.0
614.0
25523.0
1609.5
8053.5
7679.5
27263.0
2523.5
458.0
15263.5
0
6694.0
17786.5
4519.5
1959.5
12061.0
17068.0
6783.0
68.0
8490.0
6337.5
3674.5
68.0
14492.0
1886.5
0
68.0
14170.0
629.0
3839.5
1589.0
3513.5
20443.0
7217.0
27753.0
10698.5
17351.0
68.0
1479.5
3966.0
16455.5
1421.5
5010.5
6344.0
3519.5
4005.0
26773.5
5875.5
9828.0
9357.0
3152.5
11677.5
3244.5
4056.5
16113.0
10228.5
14214.0
6758.0
68.0
1817.5
9910.5
4480.0
1406.5
17065.5
68.0
2355.5
20758.5
1779.5
22844.0
6255.5
6746.0
7263.5
21925.5
23495.0
3725.0
20460.5
16082.0
3696.0
10249.0
68.0
68.0
9839.5
1416.5
5545.0
15651.0
1484.5
68.0
5338.0
14390.0
6850.5
68.0
68.0
3800.0
16639.5
2001.5
18139.0
8537.5
755.5
5133.0
5600.5
18905.5
2184.0
5945.0
68.0
68.0
16698.5
28534.0
1777.0
4457.5
3505.5
68.0
7981.5
24695.0
7211.0
5068.0
68.0
6950.0
68.0
20591.0
11321.0
1927.0
10430.5
7628.0
1589.0
8792.5
3612.5
68.0
28045.0
68.0
68.0
68.0
10685.0
10976.5
13544.5
12551.0
1036.0
722.0
12691.5
21796.5
6363.0
1238.0
3429.5
21981.5
68.0
16353.5
12066.5
5749.0
10781.0
19566.0
11183.5
3152.5
6738.5
1608.5
3233.0
1701.5
0
2218.5
68.0
27258.0
12245.5
3761.5
5420.0
7041.0
15308.0
19468.5
68.0
29450.0
10940.5
8945.0
6428.5
18957.0
12102.5
6297.0
1012.0
6082.0
27133.0
13317.0
11534.5
15226.0
6744.0
2330.0
7198.5
2724.5
0
163.0
10186.0
23666.5
1019.5
9510.5
9478.0
8622.5
11713.0
2353.0
2501.5
68.0
4552.5
5927.0
0
24244.0
962.0
9447.5
17213.5
0
5976.0
5748.0
5097.5
3851.0
17382.0
13814.5
26911.5
17066.0
9741.5
8596.0
20208.5
5505.0
28551.5
8514.5
16545.0
9003.5
5567.5
3450.0
4129.5
13410.0
68.0
11417.0
23662.0
6286.5
30012.5
13875.0
32140.0
3037.0
0
16054.5
4547.5
7463.0
8932.5
3666.5
28451.5
12467.5
16999.0
18276.0
641.5
14749.5
68.0
5001.5
7629.5
68.0
68.0
33374.5
0
2779.5
5100.5
7153.5
6458.5
18820.5
8047.0
16145.5
458.0
21919.0
68.0
11202.5
0
30607.0
14935.0
6270.5
4135.0
6967.5
5051.5
19738.5
438.5
6972.5
13104.5
438.5
1463.0
8442.0
6184.5
68.0
13543.5
2240.5
25003.5
2243.5
29555.0
0
5916.0
5361.0
68.0
13934.5
9386.5
7760.5
1867.0
68.0
1869.5
68.0
21446.0
438.5
7026.5
8182.5
6025.0
6362.0
22911.0
1199.0
20573.0
1578.5
2925.0
21012.0
21970.5
6378.0
3242.0
68.0
30386.0
5091.5
0
16259.0
18423.5
21950.0
2520.5
18342.0
11357.0
68.0
68.0
68.0
16967.5
12504.5
21489.0
20343.5
26441.0
4294.0
23844.0
68.0
7327.5
5439.5
2218.5
68.0
2276.5
6980.0
4005.0
17149.5
14403.0
2799.0
447.5
68.0
663.0
2368.5
18818.5
1959.5
15702.0
68.0
1128.5
6695.5
28604.5
68.0
5488.0
68.0
3132.5
24169.0
9856.0
68.0
3252.0
3573.0
1107.0
12182.5
68.0
1016.5
68.0
68.0
4454.5
5140.0
24790.5
25231.5
8472.0
3579.5
27734.0
4391.0
21800.5
10327.5
68.0
24276.0
11327.5
2257.0
13014.5
21450.5
8942.0
1911.5
4300.5
14444.0
1479.5
24165.0
68.0
4930.0
23558.0
6395.0
13460.0
7130.0
11356.5
7677.0
9838.0
12523.5
1126.0
68.0
10262.5
27754.5
1016.5
33385.5
10468.5
2353.0
7909.0
12195.0
10134.5
2854.5
12782.0
33603.5
8576.0
5210.0
68.0
27755.5
23260.0
4526.5
7693.0
0
29067.0
16619.5
13777.0
7532.5
25513.0
3559.5
16494.5
6997.0
1423.5
22749.0
438.5
1145.5
17394.0
13901.5
2647.0
4617.5
6198.5
19105.5
3699.5
1940.0
19298.0
828.5
17365.0
1409.0
7254.5
4212.5
15610.5
15169.5
828.5
68.0
4626.5
1889.0
14297.0
7760.5
13833.5
10373.5
9852.5
26567.5
11690.0
13224.5
4377.5
458.0
8966.0
4062.5
1314.5
68.0
18250.0
50.0
12252.5
1789.5
632.5
68.0
68.0
20577.0
68.0
14018.5
5906.0
68.0
14860.5
12336.5
23837.5
4507.5
0
12026.0
31435.5
11388.0
960.5
68.0
7903.0
68.0
8908.0
1582.0
7724.5
0
14708.0
17659.0
8699.0
2882.5
6284.0
15685.5
5328.0
8134.0
8100.5
7662.5
25292.0
4066.0
25127.5
1480.0
68.0
11624.5
68.0
9655.0
1109.0
68.0
8092.0
23742.0
15464.0
3491.5
2145.0
34765.0
537.5
10381.5
68.0
13214.0
3671.0
4527.5
13712.0
1499.0
1036.0
25760.0
18085.0
25215.0
68.0
1940.0
4207.0
11710.0
7189.5
1037.0
5598.0
10781.5
10333.0
21075.0
15769.0
4467.0
13099.0
15849.0
68.0
10910.5
0
68.0
3037.0
20032.0
16594.5
9517.5
68.0
6344.0
1036.0
1959.5
68.0
8141.5
68.0
1813.5
1869.5
7064.5
13041.0
32055.0
21959.5
3223.0
19382.0
1803.0
68.0
21408.5
10676.5
18718.5
2666.5
1906.5
1092.5
524.0
22679.5
2431.0
7165.5
12586.0
68.0
68.0
68.0
27742.0
12486.0
7025.0
4430.5
68.0
10923.0
68.0
14126.0
12011.5
68.0
9200.5
68.0
9893.5
2291.5
12493.0
0
68.0
31719.0
1479.5
1406.5
28749.0
68.0
20674.5
458.0
24947.0
68.0
15767.5
10532.5
6623.0
6405.5
5935.5
13397.5
3414.0
12167.0
68.0
3855.5
2391.5
17907.0
438.5
1989.0
21995.5
23263.5
13376.5
2647.0
68.0
20454.0
663.0
18386.0
5429.5
21737.0
9134.0
848.0
13957.5
68.0
6826.0
68.0
68.0
68.0
5506.5
0
1218.5
29665.5
1497.0
19687.5
68.0
20975.5
15198.5
8737.0
29516.0
14412.5
9554.0
9051.5
7684.0
4101.0
15290.0
68.0
719.0
7823.0
21025.0
5385.5
524.0
0
5780.0
26847.5
16594.5
0
68.0
26444.5
1941.0
3167.0
3710.5
7573.5
14787.5
14408.0
68.0
68.0
68.0
4917.5
68.0
7547.5
18058.5
719.0
22271.5
4819.0
3593.5
5374.5
6012.5
68.0
13060.5
14892.5
13858.0
5504.5
2314.0
12428.0
8583.5
3820.5
4208.0
68.0
14690.5
3000.5
9889.5
3351.5
1925.5
6038.0
9867.0
68.0
68.0
5824.0
4825.0
828.5
68.0
12858.5
9928.5
25296.5
6451.0
458.0
10914.5
4875.5
68.0
28087.5
13733.0
1373.0
18556.0
6116.5
6812.0
1665.0
6370.0
16174.5
3671.5
29866.5
11750.0
533.5
32543.5
620.5
3825.0
31612.0
4500.5
8174.5
68.0
68.0
7350.5
68.0
2784.0
68.0
20586.0
4373.5
19703.5
3842.5
15295.0
15228.5
3225.0
68.0
12233.0
23267.0
26854.5
5448.5
68.0
10441.5
13960.5
4317.0
1869.5
29436.0
68.0
3584.0
10274.5
68.0
6866.0
1668.0
16054.5
458.0
4131.5
6031.5
68.0
3583.5
4782.5
11663.5
19615.0
1531.0
2730.5
8191.5
7505.5
20187.5
21855.0
1427.5
3631.5
5082.5
68.0
11547.5
4465.5
19646.5
943.0
6438.5
13813.0
29821.0
68.0
3666.5
8459.0
11172.5
8050.5
809.0
458.0
9786.0
9667.5
68.0
68.0
11768.0
11110.0
68.0
19723.0
0
2357.5
1297.0
68.0
3407.5
2467.0
68.0
8065.5
12089.5
68.0
68.0
1899.0
68.0
3205.5
627.5
68.0
25896.0
10968.5
5024.5
1019.5
10269.5
3175.0
12493.5
28876.5
7768.5
68.0
2557.0
68.0
0
3655.5
18426.5
68.0
68.0
16537.5
1796.5
4709.5
8891.5
0
32332.5
12001.5
23788.5
21468.5
1479.5
34265.5
63.0
6307.0
9495.0
10368.5
2664.5
0
68.0
5780.0
2272.5
1813.5
12972.0
3576.0
14171.5
12775.0
1126.0
19211.5
9897.5
5806.5
68.0
13431.0
458.0
21217.5
3632.5
1968.0
1128.5
944.0
5528.5
68.0
6641.0
68.0
8937.0
28161.0
541.0
23206.0
438.5
4561.5
438.5
20610.0
5048.5
5348.0
68.0
68.0
9927.5
9676.0
5471.0
68.0
3735.0
2265.5
438.5
25041.5
17695.5
828.5
25033.0
14840.5
10628.5
19792.5
68.0
1865.5
6267.0
1070.5
11587.0
14689.0
1794.0
12025.5
68.0
9023.0
7995.5
2499.0
68.0
14296.5
438.5
8480.0
751.0
5007.5
7211.5
18808.0
7313.0
13456.0
22337.0
10772.0
27621.5
68.0
1409.0
7625.5
7140.5
68.0
13861.0
4499.5
5898.0
17307.5
12918.0
16188.0
10941.0
22753.5
2000.5
11360.5
12190.5
16039.5
2726.0
2238.0
16059.5
1384.0
7766.5
13315.5
68.0
1496.5
68.0
17541.0
10220.0
13995.0
34407.5
9313.0
14765.0
11709.0
16929.0
13423.5
2316.5
68.0
438.5
11624.0
68.0
8607.0
68.0
4334.5
68.0
7273.0
3830.5
9479.0
5972.0
1016.5
2538.0
1036.0
24512.0
3388.5
11674.5
68.0
5431.5
68.0
458.0
458.0
1952.5
2825.0
68.0
24025.5
29615.5
23618.5
68.0
6691.0
24985.0
5418.5
1423.5
9383.5
6436.0
9278.0
4388.0
5307.5
12888.0
2261.5
7815.5
6684.5
5897.5
438.5
28124.0
2372.0
458.0
68.0
68.0
3664.5
11815.0
68.0
2368.0
7257.0
7455.5
13308.0
2375.0
5770.0
3270.0
3705.5
18380.5
11877.5
13920.0
68.0
16230.5
1872.5
8532.5
2276.5
68.0
19158.5
68.0
19725.0
3579.0
1297.0
1019.0
3618.0
22079.0
7571.5
10847.0
4533.5
6321.5
3278.5
2765.5
22910.0
14850.0
14773.0
32863.5
5782.5
12114.0
68.0
22215.0
13122.0
7380.5
5851.0
3873.5
31282.0
68.0
4925.5
9959.0
16847.0
4732.5
14324.0
9944.0
4003.0
7256.0
68.0
68.0
68.0
17186.0
68.0
0
4545.0
12214.5
68.0
1406.5
438.5
2665.0
0
2349.5
9826.5
6739.5
2720.0
68.0
29069.0
8254.0
1886.5
2464.5
68.0
12116.5
4939.0
68.0
1479.5
27891.5
9599.0
15915.5
68.0
20605.5
1516.0
736.0
2715.0
5007.5
438.5
2004.0
5568.5
1496.5
18670.5
6279.5
68.0
646.0
2237.5
6783.0
9525.0
9894.0
4123.0
68.0
26884.0
3653.0
19691.0
68.0
68.0
2911.5
68.0
2413.5
3983.0
9016.5
9763.5
2113.5
0
8087.5
9588.5
11118.5
68.0
5560.0
10910.0
19428.0
961.0
18116.5
438.5
35208.5
458.0
1999.0
0
5052.5
6786.0
2535.0
7225.5
28335.0
29913.5
1496.5
65.0
515.0
1520.0
3131.0
3752.0
16976.5
12215.5
16243.5
3744.0
7920.0
2094.5
68.0
1777.0
20053.0
31307.0
6740.5
9417.0
68.0
3315.0
68.0
11060.5
6806.5
68.0
10411.5
978.0
68.0
438.5
3859.0
27001.5
438.5
1517.5
24640.0
68.0
2240.0
11289.0
458.0
10905.0
3612.5
24627.5
2816.0
22888.5
738.5
3688.0
30323.5
173.0
8886.0
4030.0
11203.5
0
14533.0
10885.0
458.0
29440.5
6863.5
68.0
68.0
4284.0
1822.0
6909.0
5502.0
5796.0
68.0
0
68.0
17322.0
5465.5
4229.5
1051.0
2305.5
68.0
939.0
1985.5
12902.0
11598.5
68.0
13099.0
0
1889.0
5803.0
3244.5
1719.0
15309.5
3286.5
68.0
68.0
68.0
458.0
1516.0
10264.0
16964.5
5897.0
68.0
68.0
12523.0
7569.5
2670.0
3780.5
10052.0
2850.0
1424.0
1385.5
1608.5
68.0
68.0
1862.5
17872.5
15320.0
68.0
6063.5
12530.5
438.5
534.5
68.0
5025.0
3613.5
68.0
4000.5
348.5
7272.5
68.0
1813.5
2167.0
14326.0
2464.5
438.5
4092.5
24976.0
68.0
68.0
3130.0
17014.0
4819.0
68.0
5484.5
646.0
663.0
3525.5
12653.0
15408.0
10762.0
10576.0
21889.5
68.0
18781.0
9430.5
1036.0
68.0
68.0
458.0
68.0
3842.5
12357.0
3786.0
9470.0
6374.0
1484.0
28666.5
68.0
68.0
68.0
13500.5
6287.5
2074.5
11128.5
14711.0
68.0
16870.5
68.0
6517.0
68.0
68.0
68.0
68.0
6283.0
68.0
5456.5
738.5
68.0
7174.5
25544.5
16062.5
68.0
16073.0
3298.0
31195.5
21319.5
68.0
12988.0
18392.0
18854.5
20155.0
3596.5
1779.5
10407.0
68.0
6333.0
16448.0
28682.0
6832.0
2002.0
4148.5
2818.0
68.0
10209.0
6357.0
6566.0
24151.5
6781.5
3129.5
3949.5
15327.5
68.0
2795.5
4392.5
6562.0
15051.0
11149.5
12155.5
9366.5
68.0
4127.5
68.0
14058.5
1612.5
68.0
10576.5
2944.5
8156.0
2330.0
6301.5
458.0
2572.0
7056.5
68.0
2745.0
4094.5
9404.5
2041.0
1126.0
515.0
11023.5
4544.0
26285.0
1496.5
28554.0
20964.5
6737.0
68.0
3298.0
458.0
11654.5
15546.0
11181.0
11374.5
57.5
68.0
738.5
68.0
10336.0
22796.0
14767.0
458.0
7008.0
4931.0
2372.0
14284.5
1794.0
17569.5
20075.5
6257.0
68.0
3578.5
0
3203.5
4600.5
27490.0
9421.0
17429.0
10651.5
4005.0
68.0
6065.0
5412.0
68.0
1959.5
1794.5
9463.5
0
68.0
15582.0
1033.5
5078.5
4078.0
6020.5
68.0
438.5
1315.0
68.0
5136.5
3480.5
1811.5
7133.0
67.5
66.5
2720.5
20142.0
25133.0
4542.5
1106.5
3870.5
8036.0
68.0
7820.0
828.5
7147.0
26443.5
1423.5
68.0
68.0
3203.5
5470.0
68.0
7129.5
6954.5
4457.0
458.0
5585.5
3706.0
5493.5
3616.5
2693.0
1033.5
17052.5
0
4026.5
2582.0
1426.0
2647.0
17480.5
20116.0
11583.5
438.5
15147.0
20334.5
6379.5
68.0
14682.5
6731.5
5896.5
8073.5
12434.5
68.0
10982.0
6275.0
4513.0
5453.5
14384.5
5029.5
4971.0
13881.5
809.0
1496.5
18922.0
68.0
23310.5
17471.0
68.0
9478.5
68.0
6280.0
10779.0
3688.0
1889.0
12524.5
3610.5
18273.0
5436.0
18728.0
24459.5
26685.0
2335.0
68.0
15836.5
13942.0
68.0
12908.0
8829.5
17725.5
1770.0
0
12554.0
33094.0
68.0
63.0
31945.0
1409.0
15909.5
68.0
8128.0
4966.0
2988.0
68.0
21415.0
68.0
16163.0
5537.0
6358.5
17012.5
6803.0
14279.5
30531.5
68.0
7648.0
1126.0
16637.0
14770.0
7848.5
16718.5
0
27361.5
68.0
9410.0
3152.0
28568.0
9533.5
68.0
8461.5
68.0
23491.5
10665.0
17591.0
458.0
1087.5
7912.5
4898.5
1777.0
9423.5
4929.5
14821.5
0
68.0
68.0
438.5
21027.0
33620.0
13282.5
31678.5
16553.5
13923.0
19186.0
9330.0
1780.0
3556.5
8520.5
13003.5
7819.5
9442.0
13993.5
8734.0
21798.5
7773.5
5377.5
2576.5
68.0
2927.5
7733.0
68.0
2593.5
9014.5
438.5
68.0
6751.5
641.5
68.0
68.0
23234.0
5399.5
4434.0
1036.0
11225.5
7551.5
3563.5
6318.5
68.0
4525.5
5398.5
13929.5
5110.5
29305.0
5380.5
68.0
4439.5
21923.0
3600.5
5877.5
13302.0
1460.5
2389.5
45.5
16619.0
68.0
18496.0
15663.0
5228.5
2574.0
0
1480.0
4727.0
923.5
68.0
0
2782.0
21831.5
11203.0
68.0
543.5
21488.5
17407.0
1424.0
28783.0
28312.0
5902.0
3666.5
14269.0
1138.5
21400.0
7249.5
7711.5
26032.0
13452.5
2580.5
2431.5
2906.0
27260.5
19188.0
68.0
1126.0
19870.0
68.0
5929.5
3277.0
6248.5
68.0
68.0
7885.0
8984.5
6028.5
1053.5
3703.0
11610.5
8042.0
1608.5
68.0
22823.0
9385.5
16546.5
1426.0
10091.0
8533.0
19287.5
5607.5
8011.0
68.0
13039.5
13398.0
8941.5
4036.5
26369.0
3688.0
961.0
7248.5
13362.0
3651.5
30187.0
11213.0
5526.0
9220.0
0
11266.0
68.0
68.0
9436.0
9911.0
3822.5
68.0
7927.0
17940.0
68.0
68.0
4840.5
5855.0
68.0
30764.0
14246.5
4093.0
4100.5
438.5
458.0
438.5
8567.5
1999.5
4506.0
21221.5
12040.5
10462.5
458.0
14774.5
18307.5
348.5
641.5
9222.5
5395.0
1106.5
6382.5
68.0
9346.0
722.0
67.5
901.5
11875.5
68.0
438.5
4581.5
68.0
8655.0
16738.0
20149.5
1199.0
68.0
22.5
68.0
25429.0
1126.0
3912.5
13888.5
10961.0
7246.0
68.0
68.0
2259.5
4619.5
6791.5
15279.0
68.0
68.0
19522.5
10285.0
22307.0
68.0
30721.5
68.0
12997.0
16767.5
16774.0
4117.5
18417.5
15790.0
1886.5
4081.0
2418.0
755.5
68.0
3581.0
15683.0
68.0
7694.5
7614.5
10707.5
27026.0
21030.0
943.5
6224.0
31619.5
12940.5
6397.0
6354.0
29.0
5110.0
29791.5
18344.5
1817.0
3688.0
12035.5
31676.5
4118.5
1906.0
2741.0
438.5
0
12286.0
6044.5
3728.0
6792.0
68.0
13481.5
11268.5
10380.5
6549.5
11767.5
11305.5
809.0
68.0
3152.0
3485.0
2019.0
68.0
4964.0
9078.5
14222.0
3800.5
6602.0
458.0
68.0
12532.0
9365.0
458.0
27239.0
12453.0
30651.0
6288.0
8408.0
68.0
68.0
66.5
7235.5
828.5
24565.5
1899.5
18425.0
16129.5
6473.5
10703.0
646.0
1109.0
4059.0
163.0
5417.0
2094.0
458.0
1443.5
68.0
68.0
30434.5
13122.5
13345.5
68.0
18876.5
15918.0
68.0
68.0
10039.5
9927.5
23757.0
4446.0
68.0
7604.0
5322.5
68.0
926.5
471.5
7224.0
16469.0
1479.5
6789.0
4045.0
2223.5
1847.5
4449.0
68.0
15757.0
13375.5
68.0
944.5
4911.0
68.0
5900.5
5248.5
68.0
29815.5
7326.0
5041.5
29951.0
0
8979.5
2673.0
29797.5
4509.0
68.0
2670.5
1053.5
17026.5
12379.0
13880.5
2575.0
68.0
33156.0
13391.0
68.0
4889.5
14349.0
2257.0
68.0
7659.5
21564.0
7764.0
1846.0
68.0
2799.0
1019.0
4549.5
6832.0
33137.5
0
534.5
10818.5
4391.5
23837.0
533.5
21488.5
9483.5
6848.5
5004.5
68.0
2186.5
1894.0
3708.5
10309.0
11679.5
926.5
0
458.0
0
1427.5
3542.5
15782.0
31228.0
13913.5
4025.0
68.0
16527.5
10008.0
10691.0
6715.5
68.0
18396.0
9585.5
2630.0
717.0
68.0
68.0
68.0
6845.0
68.0
9053.0
15898.0
68.0
6270.5
25840.5
2276.5
8106.5
8274.0
68.0
1492.0
9550.0
8499.5
10755.5
10670.5
7502.5
25504.5
2713.0
19797.5
9452.0
8160.0
22851.5
8619.0
12957.5
2240.0
9860.0
68.0
68.0
68.0
5046.5
23250.0
9464.5
25788.0
23971.0
1238.0
27505.5
2908.0
5194.0
2369.0
68.0
6824.0
11994.0
3859.5
29513.0
7696.5
18858.0
9402.5
68.0
14674.5
17881.0
2431.0
7860.0
5541.0
13441.5
68.0
6250.5
68.0
7108.5
11494.0
14795.0
1109.0
15288.0
2330.0
0
22864.0
68.0
5768.0
9819.5
2041.0
2249.5
68.0
29335.5
68.0
18324.0
11378.5
29022.5
16135.0
27246.5
10003.0
9575.0
1959.5
9870.5
8613.5
6423.5
8986.0
3246.0
4429.5
7749.5
1589.0
1406.5
6455.5
9064.5
1867.0
8004.0
1109.0
11728.5
9413.5
5026.5
2765.0
21092.5
30735.0
27854.5
28933.0
11267.5
15674.5
17886.5
622.5
828.5
68.0
68.0
68.0
18976.0
2257.0
4473.5
18845.0
68.0
68.0
68.0
68.0
8303.0
7326.0
16983.0
23190.0
1867.0
28126.5
17720.0
17967.5
0
6904.0
68.0
68.0
21904.5
26747.0
28071.5
15283.0
6896.0
68.0
5902.0
7777.0
3612.5
1109.0
17578.0
67.5
3223.0
22134.0
11240.0
0
68.0
12366.5
31232.0
3949.5
553.0
4990.0
7729.0
14353.0
68.0
24372.0
68.0
13344.0
3893.0
8591.0
68.0
25333.0
12877.0
15018.0
68.0
2966.5
11311.5
0
2224.0
17381.5
13070.5
68.0
12109.0
6027.0
12004.0
8644.5
68.0
18700.0
30863.0
24663.0
21361.0
68.0
8588.0
24197.5
9478.0
9483.0
9838.5
6718.5
622.5
507.5
755.5
17360.5
0
68.0
0
16228.0
6155.0
68.0
17547.0
68.0
438.5
4170.5
12088.5
13484.5
68.0
1499.0
12618.0
68.0
8124.0
25072.0
7697.0
22499.0
1426.0
23194.5
2468.0
17077.0
26006.5
68.0
68.0
3790.5
14714.0
3803.0
68.0
68.0
14635.0
10899.0
68.0
4079.0
68.0
21155.5
20709.0
22658.0
5722.5
13500.0
3856.0
3606.5
24969.5
9018.0
7155.5
68.0
33479.0
11798.5
6936.0
26709.5
2060.0
25638.0
1889.0
348.5
4039.0
438.5
5500.0
8096.5
21984.0
68.0
458.0
12118.0
6772.5
1974.5
6460.5
68.0
68.0
2745.5
68.0
68.0
13345.5
2356.0
68.0
12408.0
438.5
6072.0
0
9151.5
700.0
2064.5
0
68.0
8051.0
4039.0
16754.0
9349.5
4989.5
16300.5
12480.5
3699.5
30157.0
9391.5
24159.0
8937.0
4264.0
20277.5
8511.5
458.0
1630.0
68.0
68.0
1777.0
5457.0
68.0
1940.0
12494.5
6738.0
9434.5
9548.0
15938.0
5316.5
33160.5
77.5
22227.5
3430.0
2535.5
68.0
809.0
0
4056.0
23191.0
10342.0
17022.0
14111.5
26107.0
4631.0
13858.5
4765.5
68.0
4488.0
543.5
9396.0
19153.0
16935.5
68.0
8618.5
18917.5
11590.0
7136.0
5008.5
12581.0
4136.5
68.0
68.0
68.0
438.5
30261.5
9519.5
5361.5
647.0
2345.0
4564.0
14682.5
15232.0
5894.0
68.0
24932.5
6806.5
68.0
3167.0
11184.5
4932.5
15221.5
9416.5
13919.0
68.0
0
3371.5
25714.0
1406.5
68.0
3338.0
12669.5
68.0
68.0
11390.0
21395.0
2878.5
5048.5
6365.0
11200.5
646.0
5921.5
2684.0
6825.5
524.0
0
4095.5
2372.0
1053.5
10484.5
68.0
901.5
68.0
9765.0
2986.5
6303.5
68.0
29617.5
20578.0
3201.5
4281.0
2349.5
1499.0
11429.5
4374.5
5149.5
28123.0
12942.0
9983.0
1033.5
4500.5
8705.5
2148.0
2672.0
24535.5
18831.0
68.0
1331.5
20610.0
6158.0
6926.0
14358.0
10693.0
23456.0
68.0
12254.5
5532.0
11188.5
12140.0
3666.5
6733.5
9018.5
22234.0
4559.0
3152.5
16104.5
16935.5
0
28570.0
7620.0
3358.0
8966.5
14297.0
20342.0
5946.0
2316.5
29160.5
458.0
68.0
3115.5
2781.5
1516.0
68.0
18717.0
13515.5
12928.0
22751.5
68.0
15710.0
6442.5
2777.0
2240.5
23513.5
12530.5
3820.0
1521.5
68.0
4049.0
18303.5
13394.5
9394.0
68.0
68.0
3017.5
15613.5
9320.0
68.0
20543.0
11626.5
5892.0
6292.5
7260.0
3374.5
4968.5
11887.0
9803.0
14207.5
68.0
9367.0
13942.5
8026.0
1889.0
14732.5
15087.5
6340.5
0
12545.5
8530.0
28676.0
12133.0
4996.5
13858.0
10952.5
534.5
2767.5
7914.5
3579.0
0
6373.0
2626.0
3403.0
736.0
8932.0
15944.5
30335.0
1016.5
10365.0
3115.5
13365.5
5986.5
3685.5
4356.0
0
68.0
21614.0
68.0
19658.0
0
0
25490.5
29206.0
2279.5
3229.0
34309.5
26229.0
12260.0
5437.5
6460.0
23295.5
40.5
1331.5
5011.0
4658.5
0
33450.5
0
0
0
4863.5
14359.5
0
0
2316.5
8337.5
3377.0
1126.0
5077.5
3245.5
0
11674.0
19640.0
24205.0
0
19751.5
1126.0
0
3208.0
28741.0
0
4601.0
7605.5
5861.5
32262.0
2925.5
3020.0
6862.0
0
68.0
0
6450.5
753.5
68.0
2428.0
2777.0
8104.0
3247.0
6798.5
4227.5
14833.5
18015.0
2764.5
68.0
8482.0
8108.5
31280.0
8741.0
68.0
29046.5
2664.5
24552.0
22513.5
0
19559.5
10321.0
22853.0
9339.0
11354.5
35478.5
8209.0
11653.5
4949.0
17872.0
3152.0
0
0
68.0
11601.5
3912.5
68.0
3227.5
4995.5
19283.5
17150.5
0
0
21068.0
18695.0
13870.0
4963.5
1887.0
629.5
0
17323.0
1779.5
3445.5
3240.5
8107.5
20944.0
1794.5
68.0
0
4839.5
646.0
8368.0
6669.5
3245.0
14359.0
7702.0
5212.0
27609.5
68.0
68.0
2762.0
24124.0
68.0
68.0
8562.5
3986.5
2909.0
28624.5
4060.5
13456.0
68.0
30415.5
23243.0
3116.5
7695.5
14897.0
68.0
6295.0
17138.5
25066.0
10670.5
13946.0
5872.0
10850.5
1608.5
6856.5
7838.0
5433.0
