497.0
438.5
419.5
285.5
700.0
505.0
568.5
691.5
1270.0
639.5
741.0
1828.5
1396.0
1885.5
551.0
698.5
721.5
2204.0
459.5
138.0
365.5
2662.0
1249.0
68.0
2686.5
2851.5
3541.5
390.5
4018.0
68.0
3924.0
418.5
2078.0
537.5
1181.5
313.5
4542.5
1005.0
0
814.0
407.0
4626.5
476.0
721.5
315.5
3569.5
68.0
3585.5
951.5
300.5
599.5
1227.0
172.0
1038.0
128.0
231.5
4173.5
724.0
1731.0
408.5
911.5
1250.0
1753.0
1654.5
1475.5
1683.0
1566.5
1961.5
2665.5
1087.5
710.5
2064.0
1274.0
1510.0
2317.0
719.0
1595.0
5522.5
1107.0
6039.0
411.5
572.0
478.0
1389.0
1261.5
729.5
2115.5
138.0
478.0
1563.5
773.0
478.0
68.0
524.0
68.0
2314.0
2340.0
1129.0
1539.5
365.5
365.5
1957.5
491.0
5538.5
128.0
537.5
1956.5
1864.5
595.0
583.0
1189.5
1110.0
173.0
471.0
1028.0
472.0
2692.5
2399.0
2057.0
1007.5
126.5
1305.0
610.0
2044.5
2018.5
1481.0
1243.5
491.5
1321.0
1182.0
438.5
1822.5
419.5
1225.5
128.0
1448.5
126.5
982.5
2068.0
508.5
0
1350.5
764.5
2057.5
300.5
1426.5
355.5
2953.0
1149.0
736.0

1447.5
2422.0
1160.5
593.5
682.0
68.0
5670.0
1965.5
1682.5
1264.0
1525.0
1032.5
68.0
2109.5
138.0
1693.0
407.0
138.0
652.0
1358.0
464.0
465.0
419.5
2307.5
68.0
1589.5
2046.0
1119.0
635.0
2111.0
2745.0
1023.5
524.0
3078.0
1429.5
253.5
1484.5
692.0
2090.0
1318.5
1569.5
1744.5
1146.5
2361.5
715.0
1258.0
1423.5
438.5
857.5
2010.0
2879.0
0
138.0
68.0
300.5
647.5
1166.5
458.0
1577.0
2386.5
3053.0
68.0
1652.0
0
2797.5
242.0
712.0
3268.5
2492.5
1998.0
4807.5
1562.5
1712.0
1096.5
489.5
2943.5
2045.0
3347.0
3324.5
1370.5
4856.5
4987.5
2708.0
2961.0
1528.5
3296.5
808.5
1189.0
1409.0
6127.0
2588.0
5419.5
5815.5
4392.5
1497.5
3129.0
2335.0
361.5
138.0
6434.5
4208.5
6180.0
2059.5
639.5
1282.0
613.5
524.0
7897.0
3082.5
2498.0
2939.0
0
0
6197.0
2517.0
5130.0
6152.5
5315.5
5473.5
1571.0
7212.5
7545.0
7647.5
6385.0
5606.0
7318.0
1427.0
3880.0
5551.5
68.0
419.5
956.5
9641.5
4092.0
4194.0
3653.0
3066.0
6462.0
1079.0
4835.5
126.5
3895.5
6237.5
2774.5
7184.5
0
5956.5
1066.0
1934.5
0
2162.5
68.0
992.5
5694.0
6040.0
2833.0
4649.5
3391.5
2583.5
1790.0
3760.0
3271.5
6284.5
1314.5
1770.5
2458.5
1403.0
253.5
7666.0
2248.5
6899.5
2693.5
6896.0
1827.5
4906.5
5365.5
4494.0
2710.5
6450.5
1119.0
1877.0
7357.5
2043.0
812.5
1878.0
848.5
1511.5
3809.5
1911.0
5790.5
4014.0
6198.0
230.5
2565.0
68.0
6260.5
3939.0
5726.0
8439.5
2500.5
1452.0
1672.0
804.0
7172.0
2629.5
1456.5
652.0
3343.0
7207.5
2279.5
3118.5
489.5
6179.0
2042.0
5711.5
5159.0
4978.0
0
971.5
5759.5
4851.0
1683.0
1628.0
3174.0
1226.5
3527.0
1103.5
3401.0
2802.5
1464.5
5597.5
523.5
5747.0
1954.5
1324.0
4164.5
6234.5
6639.5
6865.0
418.5
2681.0
68.0
6303.0
2773.5
916.5
6132.0
2550.0
5154.5
3175.0
6174.0
3992.5
3411.0
9064.0
5199.5
5821.5
6344.0
2707.5
5772.5
1600.0
5205.5
6358.5
5696.5
198.0
3227.0
4480.0
4448.0
5977.0
3338.0
5082.5
0
965.0
1067.5
3640.5
968.5
7178.5
2342.0
2782.5
3343.0
3104.5
6087.0
2024.0
2190.0
4627.5
4312.5
3423.5
2983.5
1275.5
528.0
7076.0
2348.5
2956.0
6302.0
5019.5
2868.5
8090.0
4895.0
5612.5
1661.5
7134.0
8699.5
4681.5
6026.0
4748.0
6848.0
11121.5
4993.0
3473.0
8315.5
4816.5
7411.0
7278.5
7307.5
2526.5
3276.5
4828.5
5971.0
1859.5
3781.5
4531.0
5377.0
3471.5
2106.5
4301.5
3257.5
2427.0
7303.0
3304.5
68.0
5088.5
3539.0
672.0
3493.5
7603.0
2726.0
5988.5
1674.5
2119.5
0
4528.5
6459.0
5984.0
2060.0
5880.5
2111.0
3535.5
3969.5
2449.0
2790.5
2791.0
2163.0
7665.5
2156.5
6076.0
2817.5
1093.0
1388.0
6534.0
717.0
3637.0
4544.0
6102.5
6224.5
734.5
1317.5
8857.0
6496.5
8389.0
5970.0
4256.0
9430.0
4863.0
4667.0
4947.0
5863.0
2981.5
7986.0
3756.5
9093.5
3707.5
4473.5
6419.0
6026.0
9084.5
4047.5
1540.0
5218.0
8191.0
6750.0
11457.5
3294.5
2595.5
7093.5
4756.5
5086.5
717.0
2412.5
4976.5
2616.0
4980.5
4510.0
1888.5
3008.0
4042.0
910.0
8214.5
4371.5
2112.0
2691.5
7372.0
7395.5
3217.5
3355.0
4259.5
4065.5
5783.5
984.0
5587.5
5051.0
4235.0
1738.0
4263.5
7947.0
4258.5
5281.0
3936.0
7521.0
6652.0
5194.0
3520.0
4250.0
128.0
4414.5
4509.0
1534.0
7392.0
2814.0
6609.5
4621.0
6987.0
1478.5
8804.0
1241.0
7694.5
2603.0
7556.5
2499.0
4341.5
5285.0
8057.5
5895.0
4795.5
1331.0
7570.5
6176.0
6282.5
3519.5
598.0
6352.5
719.0
5803.0
3814.5
1276.0
4890.0
4404.0
9144.5
5174.0
1810.0
787.0
4732.5
1952.0
3508.5
7654.0
6297.0
68.0
6618.5
3546.0
3227.5
3685.0
6229.5
7407.5
4359.5
4260.0
6626.0
6257.0
3643.0
1617.0
0
4101.5
707.0
2483.5
2417.5
3300.5
3471.5
2466.0
6049.0
8622.0
3767.5
6009.0
1068.5
6461.0
3354.5
1995.5
3059.5
8249.0
8590.5
4376.0
6802.0
68.0
7721.0
5379.5
5047.5
2751.5
6121.5
3750.0
1394.0
4111.0
2933.5
6303.5
1244.5
6468.0
4870.5
2270.5
7615.5
1107.5
8818.0
5988.0
3584.0
8631.5
8010.0
2637.0
2797.0
4991.0
2740.0
6181.5
9265.0
365.5
5957.5
829.5
7223.0
4433.0
0
659.5
68.0
6370.5
0
365.5

0
8528.5
7891.5
7363.0
10316.0
7954.0
5878.5
3443.5
8191.5
1246.0
0
2087.0
5606.5
9141.0
848.5
7946.0
68.0
2738.0
10505.5
10829.5
8264.5
2968.5
10262.5
8276.5
6322.5
4670.0
2954.0
9490.0
1349.0
3522.5
2276.5
8673.0
2172.0
2148.0
68.0
4455.5
9839.0
8143.0
6890.5
6100.5
0
6831.5
9068.5
6850.5
5718.5
4918.0
4711.5
3168.0
0
4813.5
0
5770.5
7287.5
6510.5
2455.0
7748.0
3041.5
6413.0
6097.5
3704.5
2023.0
4883.0
3527.5
1867.5
3291.0
0
7110.0
7273.5
3066.5
5899.0
2091.5
8484.5
6204.5
3541.0
8022.0
5208.5
9892.0
1733.5
4264.5
10641.5
3157.0
5625.5
4126.5
3145.5
3832.0
6764.0
424.0
4585.5
7426.5
8189.0
4667.0
4456.0
8109.0
138.0
10184.0
6579.0
7316.0
1502.5
2643.0
5983.0
2188.5
9618.0
1930.5
4179.0
459.5
9606.5
2806.5
3837.5
1630.0
5678.0
3378.0
4872.0
8788.0
6944.0
6456.0
5189.5
4047.5
6899.0
5416.5
0
2859.5
2992.5
6352.5
948.5
4957.0
1786.0
6495.0
5621.5
126.5
6757.5
3694.0
895.5
3055.0
2244.5
5048.0
5577.5
6727.5
5743.5
3557.0
2986.0
1808.5
2847.5
5628.5
5222.0
8577.5
2902.5
1576.0
3061.0
2414.0
3979.5
2840.5
3131.5
8722.0
359.0
2248.5
8575.5
10493.5
2705.5
6816.5
438.5
68.0
2164.5
2967.0
3781.5
2647.5
9080.5
5634.0
6194.5
5581.0
6197.5
5293.0
3265.5
4250.0
3332.5
3575.0
4845.5
5797.0
4978.5
2595.5
2623.0
4296.0
8853.5
9562.0
5726.5
4212.5
3026.5
6340.0
5773.5
5103.0
6914.5
1875.5
285.5
2663.5
6629.0
230.5
5465.5
7106.0
3056.5
5271.5
7511.0
10019.0
6597.0
4901.5
2429.5
6597.5
9052.5
583.0
2677.5
9192.5
7712.5
1553.5
2206.0
3584.0
9335.0
2906.0
2887.5
9490.0
173.0
4552.5
11471.5
2768.5
5642.0
5373.5
3506.5
3441.0
5991.0
2879.0
2267.0
0
7235.5
722.0
4146.5
5262.5
3070.5
758.5
9930.0
3354.0
5692.5
4111.0
2453.5
1723.0
4587.5
3312.0
10709.5
5055.5
4783.0
2181.5
5974.5
3026.5
9246.0
1296.5
5572.0
6200.0
1697.5
3129.0
2650.5
5168.5
1636.5
3669.5
3485.0
5620.5
5159.5
5062.0
1500.5
3529.0
5643.5
3738.5
3382.0
752.5
1048.0
2053.0
4343.5
7274.5
2233.0
8139.5
5815.5
6576.5
5422.5
10490.0
831.0
2472.0
5232.5
2542.5
6152.0
1955.0
4355.5
584.5
6156.5
3353.0
6066.5
3301.5
0
7865.5
3371.0
5798.0
985.0
3074.5
7438.0
1600.5
8251.0
4279.5
1284.5
0
4828.0
9550.0
2812.0
1020.0
3582.5
2079.5
6639.5
1919.5
4862.5
5227.0
8758.5
9032.0
6464.0
1617.5
4993.5
4763.0
4046.0
1505.5
4151.0
6539.0
68.0
7684.0
1987.5
4717.0
5637.0
1528.5
3568.5
5535.5
8259.5
7932.0
6876.5
4776.0
3112.0
4944.5
2080.0
7451.0
9400.5
1658.0
3833.0
2834.0
0
5256.5
1249.0
7752.5
3026.5
8082.5
3354.0
8665.5
1162.5
1470.5
5650.5
3875.5
5383.0
7055.5
2584.0
3638.0
6827.5
7591.0
805.0
9371.5
1160.5
5408.5
9810.5
9277.0
5921.0
0
126.5
1735.5
7562.5
3672.0
1639.0
4361.0
8227.5
3884.0
5763.5
6230.5
6429.5
0
3588.5
3321.5
1471.0
6296.5
5786.5
6117.5
4045.0
5147.5
5920.5
4620.5
3613.5
2687.0
2179.0
7802.0
3108.0
8264.5
4612.0
4174.0
588.0
3963.0
8365.0
5732.0
965.5
6070.5
8970.0
418.5
10010.0
6337.0
5866.0
0
6142.0
4807.0
5465.5
1389.5
2821.0
6207.0
5171.5
2653.0
5333.5
6137.0
4362.5
8579.0
10923.5
2280.0
6299.5
3982.5
7152.5
1560.5
2838.5
6258.0
9070.5
3685.0
6661.5
6125.5
2050.5
7800.5
6405.5
9083.5
7569.0
1774.0
1452.5
68.0
5552.5
1417.0
7223.0
6159.0
6332.5
5820.5
7632.5
3888.5
424.0
2983.0
2579.5
3555.5
7166.5
6399.5
6857.0
2358.0
5211.0
2764.5
8080.5
9258.5
3483.0
6351.5
8283.5
5376.5
5390.5
3193.0
8890.0
0
6357.0
6115.5
7348.0
1839.0
7901.0
5405.0
6991.5
7900.0
2698.0
9090.0
2337.0
1694.5
0
6586.5
3530.0
1357.0
641.5
3866.0
6453.5
438.5
2221.0
7668.5
4381.5
1964.5
2623.5
3940.5
6479.0
6218.0
6408.5
9492.5
6607.0
7562.0
1422.0
4307.5
218.0
1726.0
7805.0
0
4132.0
8992.0
5576.5
419.5
2626.0
3421.5
8825.5
3619.0
5469.0
8280.5
1175.0
3153.0
2035.5
126.5
9918.0
5880.0
8365.0
6932.5
186.5
6340.5
8149.0
359.0
5774.0
2320.0
3928.0
6742.5
5923.0
4705.5
9129.5
7523.5
9628.0
7454.5
3070.5
6207.0
5575.5
2735.5
8177.0
3710.0
2194.5
1898.0
5895.0
2097.0
7120.0
2780.5
2049.0
8847.0
0
0
7114.5
2333.5
2462.0
1440.5
5119.5
4898.5
841.0
1079.5
8191.0
1460.5
982.5
0
3724.5
5476.0
8449.0
7893.5
1458.5
1257.5
0
4852.5
0
9257.5
0
1595.5
2386.5
6808.5
2822.0
9667.0
989.0
5291.0
5642.5
4939.0
2703.5
2449.5
419.5
2790.5
6856.0
7517.5
4641.0
10031.0
6435.0
7415.5
10073.0
8264.0
7274.5
6332.5
1814.5
7082.5
4842.0
3569.0
5323.0
6746.5
4172.0
3501.0
0
5793.5
7335.0
533.5
6815.0
7668.0
10092.5
3142.5
2617.5
243.5
3602.0
7570.0
6909.0
6298.5
2589.5
3690.0
0
68.0
6607.0
8237.0
1627.5
6266.0
3890.5
8331.5
2352.5
5309.0
3781.5
7661.5
9577.0
2791.5
6302.5
8023.0
5710.0
4452.5
5454.5
300.5
1694.0
4689.5
6792.0
7475.0
5840.0
5942.5
3374.0
3568.5
3296.0
7226.5
3484.0
5272.5
10057.0
2583.5
8244.0
7354.5
3567.0
4255.0
1371.0
3231.5
5537.5
5107.5
6966.5
4685.0
1580.0
8138.0
3626.5
5153.5
7232.0
4445.5
8663.0
7734.0
8909.5
6476.0
3766.5
6137.0
1591.0
5310.5
2813.0
1500.0
419.5
8806.0
5328.0
2033.0
5538.0
3229.0
4168.5
1952.0
5277.0
2142.5
4567.5
5994.0
3167.5
1175.5
6874.0
2325.5
7321.5
2907.0
6277.0
10137.0
1518.0
6011.0
5750.0
7724.0
8834.5
5881.5
2584.5
4828.0
5057.5
6103.0
5387.5
7137.5
4073.5
10259.5
6684.0
6239.5
7093.0
5747.5
8225.0
478.0
3685.5
6352.5
9722.5
5620.0
2340.5
7393.5
7742.5
0
4225.5
688.0
9621.5
7408.0
2324.5
5154.5
583.0
3269.5
729.5
6262.0
5629.0
5407.5
3828.0
7615.0
8387.0
5767.5
8060.5
3757.5
4920.5
2069.0
6752.0
6831.5
2156.0
68.0
1523.0
4615.5
4454.5
7327.5
300.5
6788.0
6455.5
9189.0
4199.0
9933.5
10425.0
2536.5
967.0
0
6742.0
9584.0
2475.5
5107.5
2291.5
7316.5
6003.5
6401.5
11442.5
10105.0
5835.0
7869.5
4833.5
7861.5
1264.0
6243.0
6810.0
9367.5
5873.0
68.0
5170.5
5233.5
316.0
6606.0
5827.0
8150.5
2764.5
10492.5
10565.5
7591.0
0
0
7609.0
6679.5
4256.0
8376.5
4086.0
5984.0
10077.5
7523.0
10149.5
6964.0
7174.5
8015.5
6508.5
3218.5
8909.0
1308.5
4445.0
10299.5
8977.5
8307.0
10052.5
6941.5
4550.0
2614.5
4775.0
7101.0
4100.0
6782.0
5447.0
2944.0
5823.0
8004.5
7605.5
2651.0
0
6104.0
3128.0
9032.0
2816.0
0
3939.0
8599.0
3263.5
0
4335.5
3555.0
10082.0
8283.0
5765.5
10264.0
126.5
2648.0
1911.5
2762.5
895.5
5077.0
6478.5
5200.5
3648.5
901.0
1933.0
3966.5
3298.0
10643.0
2163.0
7246.0
9354.5
5374.0
1798.5
2835.0
5347.0
3272.5
1753.0
1785.5
2037.0
6280.0
0
3109.0
6548.5
5053.0
3505.0
7077.5
1506.5
300.5
0
3651.5
7350.5
5302.5
8493.5
6978.5
2343.0
8134.0
6458.5
7293.5
6918.5
4325.5
5692.5
8033.0
940.0
10071.5
7762.5
5532.5
1409.5
7612.0
5861.5
6308.0
7040.0
8517.5
3204.0
1749.0
4645.5
6790.0
3340.0
5295.0
6053.5
2361.0
7831.0
3478.5
5807.5
4815.0
7339.5
6410.5
6127.0
5480.0
6624.5
4589.5
7119.0
828.5
0
3373.0
6060.0
3045.5
2070.0
5275.0
5047.0
401.0
9486.5
7174.5
9213.0
3285.5
6455.0
5033.0
3943.0
5913.5
5118.5
6597.5
5344.5
7785.0
7471.5
1130.0
6799.0
4109.5
6460.5
5965.5
9969.0
1050.0
3129.0
8898.5
3123.0
3739.5
2039.0
68.0
5074.5
5311.0
3730.5
7431.0
4489.5
1686.5
3695.5
2742.0
6587.0
3820.5
5107.5
4987.0
4167.0
7962.0
5260.5
4865.0
5428.5
8687.0
3435.0
5102.0
892.5
7627.0
7919.5
2230.0
6546.0
3846.5
1141.5
9035.0
6982.5
7183.5
7372.0
0
8643.5
438.5
9077.0
1883.5
8252.0
4698.0
6366.5
5316.5
2402.0
4044.5
3146.0
5247.5
7039.0
3669.5
1643.0
1206.0
2386.0
4952.0
5724.5
10273.5
3249.0
8572.0
8224.5
5169.5
6099.5
3898.0
3891.5
997.5
5946.5
892.5
9975.5
4833.5
5948.0
5328.0
10506.5
4563.0
6479.0
6531.0
1459.0
7014.0
8855.0
5837.0
6362.5
10539.0
4471.5
7087.5
10303.5
2413.5
3517.0
7708.0
10147.0
3224.5
4287.5
7072.5
3037.5
10360.0
6212.5
9353.0
6290.0
7712.5
3952.0
2163.0
6455.5
1160.5
8559.5
5952.5
9200.5
7229.0
8096.5
5925.0
3484.5
6101.5
9493.5
3644.0
10286.0
0
726.0
7767.5
8077.5
3845.5
419.5
5297.0
9974.5
1703.0
2667.5
0
4104.5
6735.5
5534.5
3612.0
6649.5
2498.0
9754.0
2572.5
3601.5
0
5799.5
10991.5
1073.0
2059.5
4874.0
4232.5
6568.0
6901.5
6739.5
5616.5
3091.0
6107.0
7864.5
4988.5
5741.5
6654.5
6369.0
0
7720.0
10251.0
9018.5
1575.0
6745.0
1771.5
8368.0
0
6993.0
6719.0
6573.5
6193.0
6386.5
9349.5
5205.5
7342.0
1067.5
5724.5
1939.5
4142.5
4452.5
5210.5
3721.5
1050.0
4435.5
7435.0
3674.5
8316.5
5733.0
8136.5
8560.0
6698.0
4667.0
6711.5
5260.0
7811.5
3916.5
7403.5
5912.5
7450.5
4025.0
8833.5
7656.5
8504.5
9122.0
3520.0
5730.5
6769.0
6886.5
7372.5
8278.0
7026.5
5577.0
9811.5
3130.5
3855.0
8742.0
6830.5
8466.0
5084.5
6529.0
8314.0
6313.0
5421.5
6385.5
3962.0
348.5
4935.0
6742.5
5970.5
7010.0
9211.5
1161.5
5983.0
6820.5
5001.5
6627.0
7095.5
3618.0
3005.0
3476.0
7153.5
7371.5
2477.0
3186.0
5103.0
8039.0
9984.0
7597.5
2171.0
4488.5
4572.5
7015.5
3813.5
2702.5
3886.5
3475.5
2787.5
5643.0
8784.0
10506.0
5380.5
6357.5
6618.0
4304.5
8056.0
8256.5
4602.5
8336.0
6163.0
8364.5
10072.0
6185.5
8260.5
8627.0
2465.5
7221.0
6469.5
7200.5
6145.5
1780.0
8665.5
8097.0
8629.0
5887.0
5609.0
6916.0
10651.5
3696.0
6271.5
6265.0
3762.0
6930.5
1202.0
5212.0
2981.0
4136.5
6035.5
3470.0
7459.0
8703.5
11385.5
7606.5
5562.0
6078.5
9209.5
4175.5
8292.0
7342.5
3760.5
7684.0
126.5
7529.0
8453.5
3366.5
5302.5
4883.0
0
8688.5
1402.5
2278.0
2707.5
3126.5
7753.5
9219.0
9170.5
10560.0
68.0
4134.5
4319.5
2285.0
6710.5
2747.0
5205.0
6550.5
6360.0
0
4059.0
3499.0
10167.5
5568.0
8178.5
8696.5
6094.5
6796.5
2608.5
9581.5
5960.5
9633.0
8386.0
3675.5
3330.0
10578.5
1251.0
3734.5
10186.5
7145.5
5645.0
7946.5
7443.5
9383.0
5099.5
8760.0
6859.5
4713.5
407.0
7647.5
7904.5
5214.0
7453.0
6004.5
5207.0
5803.5
9308.0
4037.5
6217.5
3774.0
2914.5
6819.5
0
3876.0
285.5
7337.5
4651.5
9581.0
6204.0
1850.5
4449.0
7440.0
5995.0
10053.0
5673.5
5824.5
6642.5
2035.0
6577.0
5907.5
9407.5
7178.5
5970.0
2464.5
6923.5
7386.5
6067.0
6358.5
3729.5
5889.0
8442.0
2227.5
10289.5
6259.0
5483.5
8463.5
7007.0
7546.0
6611.0
8426.0
1043.5
5656.0
9689.5
4426.5
8688.5
4682.5
3478.5
1426.5
7466.5
6653.0
7735.0
8345.5
8112.5
5850.5
1514.0
3476.0
3736.5
9053.5
4722.5
7045.5
7174.5
4917.0
4211.5
5014.0
3799.5
9300.0
9452.0
6071.5
8845.5
5486.5
3432.0
8344.0
704.5
6373.0
5103.5
5828.0
3162.0
1898.5
1700.0
2693.0
6864.5
3309.5
6874.5
7157.5
4938.5
10293.0
6748.0
6804.5
9008.0
5482.0
5497.5
126.5
9229.5
4899.5
6590.5
9189.0
7674.5
5536.0
8946.5
7512.0
4860.5
6558.5
653.0
8265.0
5334.0
7939.5
6866.5
6699.5
9234.5
5850.5
2290.0
2140.0
5858.0
8010.5
8735.5
7300.5
5854.0
6877.0
9471.5
10433.5
1034.0
7012.0
5571.0
1772.5
5635.5
9565.5
7145.5
5929.0
6759.0
7595.0
0
7458.0
6565.0
10478.5
6155.0
0
7365.0
5465.0
4867.0
5871.5
6134.0
6593.0
10316.5
5800.0
5688.5
6788.0
6173.5
3420.0
7778.5
6483.0
10787.5
9891.5
4727.0
6984.5
7515.0
8506.5
5622.5
8539.5
5516.5
926.5
6977.5
3073.5
1649.0
8572.0
9793.0
7936.0
7359.0
5931.5
8707.5
7282.0
2321.5
2203.0
5305.5
8337.5
10005.5
6100.0
6533.5
126.5
6278.5
9354.0
5731.0
9307.5
10815.0
1000.0
1295.0
6684.0
4898.0
2664.0
7552.0
6627.0
5195.5
5719.5
2861.0
0
5722.5
9703.5
3564.0
7512.5
10064.5
5763.0
9625.5
3008.5
7540.0
2728.0
5414.0
6138.0
7300.5
5000.0
8194.5
3535.5
8338.5
0
0
8537.0
7353.5
9718.0
10403.5
4326.0
8065.0
6796.5
8391.0
10483.5
3104.0
9317.0
8653.0
7886.0
6396.5
7128.0
2314.0
6664.0
5634.0
9063.0
365.5
7520.5
10194.5
2127.0
5744.0
5284.5
5805.5
7647.0
10278.5
7934.5
6275.0
10297.5
5647.0
1108.5
9439.5
3553.0
7133.0
7766.5
8072.5
3352.5
3180.0
9546.5
10358.0
0
9030.0
6002.0
6853.0
10113.0
6700.5
8507.5
6814.0
5667.5
8404.0
3592.0
6112.5
10497.5
7780.5
7275.0
5746.0
3603.0
3056.5
7288.0
4267.5
1219.5
7714.5
9928.0
4291.0
8860.5
7018.5
5864.5
7215.0
4581.0
10056.5
6104.5
1793.0
1896.0
6638.0
10148.0
7850.5
7204.5
3808.5
8746.0
6827.0
1591.0
9827.5
7663.0
3926.5
5637.5
7813.5
5059.5
9424.0
8623.5
2639.0
4935.5
6583.0
0
4691.0
7082.5
6464.5
4435.5
7246.0
8729.0
6593.5
7887.5
5203.0
5220.5
7108.5
10091.0
9586.5
8588.5
7142.5
6422.5
9342.5
10198.5
1457.0
9474.5
6310.5
6120.5
7790.5
5411.5
6355.0
8225.5
4141.0
8042.0
5755.5
9122.5
3093.5
7832.5
3119.0
5799.0
9115.5
6510.5
10284.5
0
4637.5
7613.0
7120.0
5817.0
0
5998.0
8154.0
10137.5
6638.0
5182.0
979.0
3599.0
10045.5
7964.5
407.0
7632.5
4722.0
6993.0
8110.0
8621.5
7748.5
10128.5
7233.0
8123.0
2768.5
6743.5
7772.0
8472.5
6343.0
9941.0
7209.5
7789.0
7243.0
8538.0
8193.0
10226.0
9984.5
5366.5
8343.0
8763.5
5389.0
6400.0
6610.0
4159.5
5837.5
2536.0
7377.5
2305.0
7350.5
10192.5
4697.0
4698.0
68.0
6076.0
4905.0
2457.5
5808.0
7918.5
7632.0
8677.0
6836.5
7656.0
2724.0
10175.0
7863.5
10476.5
3201.5
6590.5
7051.0
8274.5
8965.5
3849.0
5643.5
5203.0
8240.0
6837.0
7144.0
5385.5
6672.0
7945.0
7181.0
8485.0
5866.0
2825.0
3007.5
3640.0
6321.5
9045.0
8659.0
10062.5
8395.5
3820.0
9847.5
968.5
4111.0
8307.0
7267.5
5375.0
7532.0
7514.0
4246.0
424.0
3134.0
3903.5
9175.0
0
9586.0
10128.0
5809.5
8355.5
4452.0
68.0
6787.0
5759.0
8356.5
7142.5
8082.5
7212.0
9752.0
7881.5
9039.5
4834.0
7265.5
5547.0
7184.0
6518.5
4798.0
5036.5
880.5
10377.5
126.5
5316.0
9012.0
6405.0
4295.0
441.5
10311.0
7133.5
8843.5
5280.5
6358.0
7347.0
5053.0
3144.0
5295.0
6111.5
5704.5
5711.0
0
7666.5
7392.0
5830.0
6156.5
7868.5
8026.0
7889.0
5234.5
10353.0
7003.5
6356.5
4921.0
7038.5
8411.0
1988.0
5646.5
6445.5
5946.5
2240.5
8838.0
7637.5
5688.0
7102.0
3305.5
5619.5
8130.0
4489.5
7717.0
6080.0
7675.5
8023.5
8161.5
7390.0
5452.0
5689.0
4857.0
9466.5
8157.0
418.5
6060.5
9375.0
8899.0
7798.0
2983.5
4231.5
9164.5
6710.5
9407.5
10275.5
5844.5
8856.5
4239.0
4221.0
4864.0
6284.0
5168.0
7215.5
9610.5
9629.0
8508.5
8420.5
6892.5
6389.0
6881.5
1386.0
4588.0
10122.5
6603.0
9077.5
6992.0
10053.5
5795.0
5973.0
6561.5
8007.0
6687.0
9985.0
7719.0
6880.5
10178.0
4273.5
7135.0
3110.0
9517.5
7899.5
2708.5
5650.5
5340.5
6210.0
925.0
5268.5
6228.0
10052.0
9227.5
6028.5
9771.0
6930.5
9004.5
2475.5
7226.5
9737.5
3227.5
6092.5
6974.0
6092.5
7588.0
7963.0
6749.5
7145.5
6674.5
7115.0
7628.5
3736.0
8621.5
10339.5
10168.0
7256.5
10094.0
7272.5
7184.5
2038.0
3357.5
4758.0
7924.5
8104.5
10288.5
5847.0
10184.5
5091.0
10217.0
5911.0
6863.0
9665.0
6591.0
10506.5
10372.5
4795.0
1552.0
5995.0
3470.5
10280.5
4313.0
2799.5
10058.0
4024.0
9322.5
10234.5
7603.5
9667.5
7152.0
4090.5
9360.5
0
764.5
10106.5
10896.5
8089.5
7546.5
3640.0
5130.0
922.0
6888.0
6972.0
1741.0
5458.5
1870.5
5799.5
0
9280.0
4522.0
5622.5
2569.5
10661.0
4644.0
7918.5
8351.0
1421.0
6850.0
6924.0
4815.5
4892.0
6791.5
9163.0
5865.0
8080.0
6930.0
10305.0
5291.0
2429.0
8718.5
6503.5
3557.0
5375.0
9147.0
2456.0
126.5
5340.5
6007.0
9936.5
7626.5
10718.5
7342.5
6344.0
3517.0
8956.0
5750.5
6974.0
7919.5
2692.5
4976.5
8093.0
0
5171.0
6368.5
6046.0
4421.0
68.0
10062.5
10111.0
5280.5
8237.0
0
8426.0
5218.5
5944.5
9301.5
7598.0
7714.5
6720.5
5966.5
8250.5
5776.5
6984.0
0
6948.0
6194.5
8102.0
10188.0
2243.5
8686.0
3890.5
7474.0
10244.5
6071.0
10335.0
9577.5
9762.0
3752.0
6135.0
9533.5
6116.5
7654.5
10063.0
10080.5
6806.5
0
10195.0
8374.0
6617.0
8098.5
10496.5
9197.5
9010.0
5155.0
5825.0
3607.5
9818.5
4893.5
10186.0
7019.5
9504.5
8917.0
4408.5
8484.0
4473.5
6234.0
7950.5
1878.0
7423.0
4722.0
7496.0
6664.0
3316.0
6559.5
2034.5
9872.5
9560.5
5581.0
6442.0
7365.0
3841.0
5702.5
6617.0
4862.0
1092.0
9919.0
7995.0
2886.5
6566.5
5865.0
10285.5
9160.5
7874.0
9783.0
6336.5
10308.5
0
6466.5
8202.0
6729.5
5267.0
8349.0
8175.5
6065.0
5685.0
0
8206.5
2716.5
6413.0
6920.0
6562.5
6690.5
10208.5
3535.5
10502.5
1444.5
471.0
5932.0
0
4411.5
7137.0
10298.0
8563.0
5250.5
5913.5
5445.5
10053.5
6191.5
243.5
2349.0
3242.5
4641.5
6696.0
0
5765.0
8395.0
9607.5
1868.0
5322.5
3843.5
10291.0
8063.0
5639.0
5616.5
7223.5
0
10034.0
7221.0
8354.0
8942.5
2640.5
3628.5
6885.5
1832.5
8580.0
8574.0
7711.0
6591.0
4054.5
8198.5
10466.0
0
9003.0
10301.5
9406.0
7250.5
7073.5
7105.0
6500.5
5792.5
9553.5
8995.5
9456.0
4919.0
4654.5
5871.5
9779.0
5315.0
9363.0
0
4229.5
7020.0
7528.0
6256.0
0
1829.5
9654.0
7084.5
7801.0
9286.5
9999.0
6959.0
10341.5
8986.5
2912.0
4440.0
6070.0
7312.0
5774.5
8052.0
4974.0
10137.5
8807.5
8582.5
3666.5
7447.5
6977.0
5186.0
7458.0
8935.0
6984.0
9675.5
3088.0
0
8749.0
5444.0
5909.5
7852.0
9865.0
4843.5
8578.0
0
6654.0
10113.5
6728.5
5108.0
635.0
8214.5
6906.0
7832.5
6353.5
4317.5
8551.5
9608.0
10540.5
8689.5
8518.5
5712.5
7572.5
2636.5
6383.0
5997.5
6436.5
4125.0
8235.0
7382.0
8799.5
8829.5
5483.0
7560.5
9183.5
4822.0
6441.0
6071.5
6439.5
10059.0
7573.5
8826.5
7805.5
4176.5
4521.5
6916.5
0
8504.0
8779.0
6943.5
0
7735.5
0
10511.5
3193.5
10055.0
9161.5
7565.5
6931.0
10962.0
7594.5
0
6066.5
3262.0
6139.0
8613.0
10503.5
6832.5
6850.5
8503.0
5317.0
8310.0
7723.0
7795.5
10338.5
8208.0
5177.5
1880.5
7100.0
8242.5
3082.5
8737.5
9261.0
8930.0
7185.5
5081.5
5314.0
4679.0
6592.5
0
5319.0
4532.0
10363.0
7047.5
6172.0
5556.5
0
8999.0
10267.5
6944.5
7017.0
2954.5
4149.0
8690.0
5314.5
7627.5
10203.0
1180.0
8190.5
9784.0
7791.5
7768.0
2329.5
7139.0
3157.0
7728.0
4542.5
0
8980.5
3992.5
9353.5
0
7057.5
4829.0
8266.0
10600.5
68.0
6859.0
7663.0
8514.0
1229.5
6425.0
8052.5
9367.5
7790.0
6619.0
7256.5
6412.5
8939.5
4842.0
6851.0
7189.5
8505.0
9304.0
6129.0
10288.5
10112.5
3635.5
4873.0
10334.5
10624.5
4198.5
9111.0
10148.5
10149.5
9513.5
5457.0
5124.0
8040.0
5202.0
4909.5
7672.0
8562.5
8214.5
8967.0
5145.0
0
9196.0
1476.0
6043.5
6746.5
7521.0
4587.5
7396.5
6290.5
10649.5
10277.5
7903.0
4965.5
370.5
5289.0
3557.0
3238.5
0
7305.5
9482.0
5322.5
5833.0
6248.5
5253.5
3658.0
1679.0
9132.5
5111.5
2554.0
6001.0
717.0
10224.5
4445.0
401.0
8103.5
0
1378.0
10496.5
1890.5
1773.0
10283.0
6529.0
10103.5
5137.0
9698.0
3933.0
4337.5
6039.0
3661.0
0
7884.5
6429.5
7316.5
9671.0
2784.0
4324.5
8188.5
8540.0
6193.5
5209.0
8770.0
10101.5
3501.0
10499.0
8320.0
5950.0
8332.0
6683.0
6105.5
5591.0
8657.0
0
10218.5
10441.5
7994.0
5951.5
1068.5
4848.0
9142.5
6813.5
4614.5
5846.0
300.5
2233.0
0
7192.0
8432.0
7236.5
6799.0
10136.0
6069.0
5892.0
9909.0
1436.0
4617.0
8398.5
6727.5
9871.0
9062.0
7735.5
8207.0
10449.5
2199.5
7879.5
0
8423.0
2519.5
0
7608.0
6650.0
5399.5
0
7245.0
6234.5
10157.5
9365.5
6875.5
6101.0
2126.5
7907.0
7129.5
7323.5
7060.0
7807.5
4896.5
8541.5
10101.0
8120.5
8710.0
3910.5
3532.5
8020.0
7072.5
5002.0
10166.0
7501.5
6865.0
7082.0
9016.0
2095.5
5971.0
3127.5
9327.0
419.5
3630.5
10258.0
8459.5
0
7215.5
3973.5
348.5
5891.0
7157.5
0
5572.5
9921.0
5795.5
9150.5
7919.0
497.0
6069.5
10444.5
4902.0
5212.5
7213.0
10217.0
9109.5
10444.5
419.5
5351.5
717.0
0
6932.5
2721.5
9978.0
5016.0
6319.0
6845.5
10254.0
10059.0
7737.5
6080.5
8564.0
10352.5
10049.0
5434.0
2370.5
4980.5
4970.5
7372.0
0
786.0
10558.5
7844.5
8775.5
5533.0
6036.0
3929.5
6753.0
8933.5
6471.0
7924.5
0
1856.5
4427.0
9286.5
5982.0
424.0
5550.5
471.0
5481.5
10068.5
4392.0
9963.5
8184.0
8801.5
8505.0
4202.0
994.0
4221.0
9380.0
10113.0
5360.0
7907.5
1536.0
10500.0
8882.0
7610.0
8174.5
5920.5
6626.0
7078.0
8448.5
4210.0
4434.0
7089.0
2985.0
7134.5
5086.5
3897.0
10128.0
4635.0
8028.5
5723.5
10229.0
3095.5
9475.5
698.5
5091.0
9432.5
4679.5
150.0
7443.0
2599.5
7568.0
8846.5
4253.0
10494.5
10791.0
6898.0
8073.5
7111.0
7386.0
0
8792.0
2119.0
4570.0
7484.5
5932.0
10006.5
0
10286.0
5948.0
8494.0
10108.5
10493.0
7380.0
4500.5
7489.5
6448.5
7646.0
6498.5
9769.5
7683.0
3552.0
5692.5
5546.5
6886.0
9197.0
9200.0
10495.0
8820.5
9676.5
7349.5
0
7587.0
10499.5
8887.5
7194.5
5401.5
6545.5
7016.0
3687.5
10467.0
2868.5
10179.5
10097.5
5241.0
8437.5
8344.0
9558.5
8838.5
6760.5
8065.0
5645.0
7964.5
6913.0
8865.5
4922.0
9145.0
9960.0
5532.5
6581.0
3309.0
10213.0
6098.0
9809.0
8861.0
6938.0
9348.5
0
8928.5
9947.0
1810.0
6280.0
0
8300.0
6949.5
4939.0
6727.0
5866.0
3701.5
8826.5
6761.5
9052.5
0
1087.5
6902.0
8812.0
7626.0
4464.0
10270.5
1654.5
4606.5
424.0
5500.0
2583.0
6290.0
8601.0
6114.5
5989.0
10195.0
2897.5
7442.5
7351.5
8683.0
9158.0
5284.0
4845.5
7914.0
7382.0
0
5545.0
7150.5
6442.5
4426.5
7948.5
4502.0
4546.5
4138.0
9557.0
5383.5
6951.5
6944.0
7139.5
5865.0
7776.5
7434.0
9273.5
8095.5
1829.0
6507.5
10293.5
7218.5
2952.5
6270.5
2428.0
8938.0
10161.0
8636.5
5193.5
8493.5
0
7268.0
9327.0
9196.0
4151.0
5052.0
7687.5
8398.0
4605.5
10145.0
3603.5
5372.5
3984.0
3542.0
5369.5
7871.5
5399.5
8086.0
8001.5
6194.0
6709.0
10089.5
6113.0
9445.5
9105.0
5533.5
7189.0
4166.5
8111.0
6615.5
3240.0
5075.5
5347.5
5854.0
6170.5
4932.5
6694.0
6282.5
8073.5
9450.5
7730.0
9804.5
4735.5
5125.5
10049.5
7367.0
7503.5
7244.5
8882.0
8170.0
6423.5
9564.5
5414.0
8982.0
10360.5
4241.0
5909.5
4531.5
7481.0
5055.5
7004.5
8094.5
6421.5
10042.5
6589.0
6849.5
10023.0
9467.5
7295.0
6316.0
6698.0
8084.5
5535.0
6304.5
4059.5
5546.0
7105.5
2537.5
1196.0
9376.5
3976.0
8106.5
5971.0
6396.5
7256.5
9372.5
2602.5
4978.5
3832.0
7887.0
7067.0
8048.0
7027.0
9918.5
8498.5
7716.0
7094.5
8549.5
9095.5
4149.5
6496.0
1394.0
7850.5
8074.5
9101.5
6865.0
7857.5
9132.5
4323.0
7129.0
6350.0
4821.0
9359.0
3744.5
7469.5
8120.5
8796.5
716.0
7807.5
1736.5
6846.5
9653.5
2194.5
0
4760.0
6753.0
6306.5
7481.0
9621.5
8918.5
6289.0
9198.0
6392.0
4892.5
7868.5
7251.0
5351.0
6908.0
2325.0
7752.5
5369.5
6575.0
8181.0
8217.0
10140.5
9417.0
10118.0
9389.0
3162.0
7010.0
7703.5
6834.0
7558.0
5744.0
3304.5
7219.0
2850.0
7220.0
1142.0
4244.0
7608.0
10112.5
8057.5
8310.5
6644.0
7341.0
8354.5
7447.5
7260.0
9004.0
3646.0
5917.0
4420.0
6721.0
6146.5
7734.5
7710.0
6446.0
9728.0
4193.5
7226.5
6041.5
7732.0
5292.5
8823.5
4980.0
8005.5
4902.5
9593.5
9452.0
5113.0
435.5
6507.5
8916.0
6921.0
0
3336.0
7386.5
8844.5
4448.5
10320.0
5334.0
5615.0
7816.5
7821.5
8859.5
6120.5
6971.0
6828.5
7024.5
7229.0
7558.5
5874.0
5805.5
6325.5
6404.5
6481.5
8677.5
6907.0
10482.5
4645.5
6904.0
3702.5
5077.5
9878.0
9008.5
7142.5
5668.0
6652.0
7182.0
5937.0
5816.5
4270.0
7701.0
8772.5
7328.5
6383.0
10063.5
8663.0
9407.5
6976.5
9548.0
0
8594.0
7794.0
7157.5
5318.0
10164.0
7705.0
7446.5
10924.0
943.5
10250.5
7126.0
6031.0
7754.0
8006.0
0
6020.0
5717.5
6051.0
3866.5
5896.5
9398.5
8563.5
770.0
6919.0
5139.5
6086.0
8218.0
6992.0
10297.5
5976.0
2999.5
7085.0
8769.0
9148.5
4840.0
7065.5
9879.0
1366.0
8713.5
9248.0
5237.0
6009.0
6737.0
8405.5
8722.5
7360.5
10458.0
10410.5
6357.0
4259.0
9201.5
6339.5
3148.0
8959.0
5803.5
6491.5
9487.5
8759.5
7241.0
8257.0
10319.0
6319.5
10068.0
7831.0
6526.0
0
6859.0
10176.5
10124.0
5551.5
752.5
10280.5
6561.0
5653.5
1372.5
8302.0
7252.0
7266.5
7853.0
9226.5
10812.0
6957.0
7417.5
9170.0
6476.5
8579.0
2873.0
8331.5
6530.0
6567.5
7692.0
5517.5
5935.0
3334.5
0
3993.0
4311.5
3933.5
5953.5
9031.0
4039.5
7315.5
1724.0
3595.0
9494.0
8195.5
8398.0
10023.0
0
10098.0
8737.0
7617.5
10387.5
0
6606.0
9113.5
8123.5
0
6994.5
6845.0
10472.5
0
2706.5
6861.5
8074.5
424.0
7470.0
10246.5
2465.5
7794.0
3458.5
489.5
5092.5
7713.0
6693.5
3721.5
6601.5
7535.5
8537.5
4433.5
10096.5
10208.0
7927.5
7282.5
6240.0
3237.5
10110.5
8515.5
0
0
7949.5
5314.0
5629.5
10186.0
4612.5
10477.5
10121.0
5611.5
9703.0
8171.5
6559.5
5093.5
6967.5
10351.0
7840.5
7253.0
10126.0
7686.0
7953.5
9930.5
5685.0
7733.5
8229.5
8470.0
8876.5
2797.0
0
5765.0
3005.0
5628.5
7603.0
5294.0
5095.5
0
2609.5
7315.5
5568.0
6461.5
3430.5
10605.0
6963.5
9428.0
7387.0
7448.5
2612.5
6345.0
7970.0
7242.0
9636.5
9822.5
3516.5
6659.0
8386.5
2351.0
5796.0
6589.0
6588.0
6056.0
5077.5
5280.5
478.0
8561.0
10131.0
10482.0
5789.0
5533.0
4414.5
5021.0
10642.5
2186.5
8614.0
138.0
10079.5
8429.0
6877.5
6622.5
8379.5
10089.0
9384.5
6305.0
7082.0
126.5
6316.5
5710.5
6047.0
7514.0
10170.0
5756.5
0
6678.0
5587.5
4677.0
10061.5
7366.0
9419.0
7640.0
681.5
10174.0
3514.0
6049.5
7633.5
8352.0
8538.5
8455.5
6891.5
0
6340.5
8142.5
10120.5
2439.0
8494.0
0
5905.0
6164.5
6175.0
7917.0
8110.5
8543.5
7251.5
8266.0
0
7933.0
7005.0
7041.5
5528.0
5498.5
7096.0
9646.5
7252.5
7952.0
5498.5
7340.5
5510.0
9012.0
4965.0
7102.0
6537.0
3562.5
6793.5
6963.5
4258.0
8327.5
6425.0
10343.5
7177.0
8909.0
7661.5
10134.0
10294.5
7090.5
7706.0
8575.0
4998.0
2796.0
2074.5
7477.0
7377.0
9765.5
8556.5
6099.0
10425.0
10359.5
10358.5
9610.5
4662.0
3440.5
7427.0
8185.5
6139.0
8445.5
8285.5
3879.5
8280.5
7038.0
8291.0
4271.5
3412.0
5876.5
10172.5
8267.0
2710.5
9013.0
8187.5
8384.5
6793.0
8571.0
3135.5
9272.5
5698.5
10248.5
6433.0
10235.5
6524.0
10573.5
5844.5
7966.5
3742.5
5124.0
3643.0
8545.0
3768.5
6806.5
6375.5
9109.5
5780.5
7094.5
10065.5
4883.5
6134.5
5096.0
9837.0
0
7059.5
4363.5
3690.0
9349.0
10048.5
8794.0
9237.5
10246.5
6770.5
7778.5
10074.0
10193.0
10079.0
1256.5
8507.5
7402.0
10103.5
5092.5
8527.0
3623.5
6608.0
10411.0
10178.5
7932.0
3631.5
5308.0
4251.0
7237.0
9046.5
6641.0
8786.5
8465.5
8772.5
0
6782.0
10118.5
10350.0
4498.0
419.5
6087.0
7317.0
5698.0
7837.0
8362.5
68.0
6548.0
6679.0
4827.5
183.5
5775.0
6514.0
8206.0
8977.5
5668.0
9762.5
0
7260.0
4821.5
4434.5
8569.5
6085.0
6784.0
1830.5
830.0
3321.0
5087.5
787.0
2752.0
6773.5
10127.5
10175.5
10056.5
10398.0
7907.5
7191.0
2614.0
6337.5
1966.0
4762.5
9192.0
8603.0
7077.5
10290.5
8912.0
5971.5
7913.0
6946.0
2519.5
4078.0
6880.5
9474.0
5791.0
10131.0
6961.5
9092.5
10096.0
6682.5
8105.0
790.0
8333.0
10147.0
6618.0
424.0
9563.5
10110.5
5870.0
10143.0
7678.0
10021.0
3715.0
7316.5
9698.0
1846.0
7183.0
8142.5
7365.0
6476.0
10676.0
3902.5
4790.5
5037.0
6637.0
1019.5
10138.5
9622.5
6921.0
4259.5
6368.0
10125.5
10059.0
5580.5
6264.0
3869.5
7316.0
7132.0
7925.5
7204.0
3956.0
5789.5
9199.0
11402.5
8478.5
5404.0
7209.5
2709.0
6266.5
9002.0
10043.0
1775.0
3593.5
3966.5
6101.0
7116.0
7564.5
6895.0
6171.5
6745.5
6352.5
5096.0
10200.5
7616.0
5324.5
10689.5
7283.5
11067.0
8890.0
7885.5
10799.0
10369.5
5425.5
6424.5
2394.0
6408.5
7561.5
8813.5
10232.0
0
11030.0
5478.0
7641.0
10188.0
9006.5
7905.5
7881.0
3132.0
4256.5
10273.5
7042.5
0
3573.0
7626.5
5799.0
9232.5
7277.0
2246.5
6027.0
6669.0
9617.0
4469.0
3939.0
8260.0
8999.5
7844.5
0
7288.5
9596.5
6788.5
4585.0
8821.5
4599.5
8655.5
3654.0
7160.0
3760.0
777.5
10181.0
8212.0
7239.0
6338.0
3615.5
7480.0
5062.0
9720.5
9198.0
8939.5
8866.0
8825.0
4769.5
10067.0
9258.5
7903.5
3796.0
4902.5
5353.0
7123.5
9520.0
4716.5
6192.5
10276.5
9227.5
7974.5
10065.5
6241.0
7140.5
7177.0
8786.5
9985.5
0
126.5
6661.5
7698.5
4990.5
3940.0
4037.5
3886.5
3411.0
7791.0
7416.0
8495.0
7625.0
2978.5
3319.5
8372.0
8661.5
9115.5
3615.0
7348.5
6935.0
9429.5
4558.0
9228.5
8146.0
0
8713.5
7965.5
9799.0
7652.5
7773.5
4144.0
10361.5
6970.5
5840.5
7623.5
7381.5
8450.5
10397.0
5640.5
3606.0
8851.0
7667.5
6340.0
4905.0
6318.0
8365.5
8364.0
5396.5
4646.0
7283.5
8263.0
3850.0
8104.0
7606.0
8623.5
497.0
10283.0
10248.0
3575.0
10109.5
1681.5
5749.0
6291.0
6529.5
4626.5
8875.0
8607.0
10371.0
8190.0
10541.0
7149.0
9039.0
10105.0
6005.0
6256.0
10726.5
5721.5
9455.5
10121.5
3303.5
0
6497.5
6890.0
7488.0
7169.5
10255.5
8474.5
2424.0
3259.0
9359.5
6891.0
8409.5
9854.5
8424.0
6612.5
6291.5
8182.0
6779.5
8898.5
8191.5
7205.5
5340.0
9350.5
9316.0
7725.5
7229.5
9930.5
419.5
9179.0
9008.0
5203.5
6512.5
3729.0
7032.5
9581.0
8411.5
6465.5
7473.0
5630.0
7646.5
9321.5
3983.0
8480.0
4800.0
5498.5
5107.5
10173.5
7835.0
1713.0
7674.5
8329.5
4090.5
7853.5
7581.0
5398.0
4392.0
5807.0
7700.0
4606.0
9425.0
6298.0
7725.0
5258.0
7066.0
10054.5
10249.5
6072.0
6300.5
0
6992.0
7309.5
3540.0
7648.5
7608.0
8859.0
10069.0
3783.5
5345.5
6396.0
9093.0
8422.5
8167.0
8424.5
9115.0
8394.5
6447.5
10188.0
5696.0
10355.0
419.5
3141.0
790.0
10151.5
6105.5
5818.5
6338.5
7106.5
10278.0
3879.5
4160.0
6778.0
6764.0
1878.5
7114.5
8053.0
6323.0
5300.0
7486.5
2829.0
7398.5
7736.0
9277.5
2292.0
8180.0
10292.5
1420.5
10507.5
3333.0
6179.0
9153.0
9661.0
5935.5
7687.5
126.5
7602.0
3143.5
5458.0
5743.0
5670.0
2869.0
6056.0
1774.0
7122.0
8829.5
5385.0
8474.5
6721.0
6795.5
10371.0
2241.0
7117.5
6912.0
5624.5
8797.5
7248.5
4241.5
9322.0
7622.0
2579.0
9138.0
9483.0
4088.5
6544.5
5485.5
6583.0
7640.5
9896.0
5795.0
4336.0
5685.0
6407.5
5321.5
789.5
6996.5
6675.5
7710.5
6584.5
700.0
0
5286.0
8496.0
7808.0
4871.5
10104.5
10730.0
9499.0
5562.5
8468.5
7152.0
7733.0
6430.5
5790.0
6483.5
4703.0
0
3423.5
0
5160.0
9618.5
4911.5
4074.0
4433.5
10107.5
10705.5
4949.0
4507.0
2754.5
7552.5
6178.0
1030.5
3473.5
5654.5
7409.0
138.0
1775.0
2163.0
2701.5
7050.5
4789.5
5723.0
8182.5
8207.0
5981.5
5209.0
8875.5
7182.0
5636.5
6851.5
6971.0
6637.5
6320.5
6051.0
9038.5
3302.0
2411.0
1070.5
6567.5
2547.0
8669.0
8672.5
10172.0
6840.5
8637.5
2667.0
10490.5
1336.0
8025.5
5449.0
5262.5
6143.5
8207.0
7071.5
7305.5
3245.0
7092.5
8956.0
8142.0
6019.0
365.5
9832.5
7542.5
5566.5
6249.5
5894.5
1419.0
5260.5
10095.0
8780.0
8688.5
10034.0
9642.0
4604.0
4485.0
8721.5
3869.5
7205.5
9033.0
2886.0
6665.5
7653.5
8279.0
3727.0
7952.0
2919.5
8692.0
8200.5
10210.5
8803.0
7499.5
8132.5
6549.5
8373.0
126.5
8629.5
6367.0
6004.5
7369.5
5140.5
9791.5
6602.5
6907.5
9495.5
9041.0
5325.0
6779.5
9406.0
8397.0
1734.0
0
3457.0
5545.5
9573.0
7255.5
138.0
7867.0
7008.0
6903.5
4259.5
9719.0
9813.0
8654.5
7955.5
5307.5
9846.0
10081.0
10087.5
7910.0
3566.0
8173.5
5908.0
8139.0
6971.0
6410.0
5213.0
2356.5
7015.0
8405.0
5227.5
3691.5
5428.5
0
5227.0
7858.5
3779.0
4274.5
5188.0
7154.5
5506.5
9677.5
8650.0
6156.5
3542.5
8650.0
1641.0
10393.5
7698.0
136.0
6874.0
5556.5
9661.0
8882.0
8335.5
4697.5
8607.5
3999.0
5726.5
4935.0
7912.0
8166.0
5854.5
5480.0
8499.0
9044.5
6614.0
6448.5
9657.5
9141.5
5026.5
6569.5
8915.5
5962.0
6731.0
6613.0
1867.0
5029.0
0
4419.0
0
4252.0
9892.5
10094.5
4909.0
3516.5
6142.5
2386.5
2881.5
10087.5
0
8875.0
7455.5
7599.5
0
0
194.5
9145.5
9886.5
8912.0
8422.0
4649.5
5804.5
6374.5
0
6020.5
6924.0
4793.5
5160.5
9571.5
1932.5
9235.5
8124.5
6424.5
1772.5
3881.0
0
8705.5
0
7778.5
0
3981.0
5164.0
8683.0
3862.0
10109.0
6629.0
5263.5
7374.5
6097.5
3365.5
2910.5
6702.5
9437.5
3633.0
7943.0
9472.0
7195.5
8455.5
8148.0
3690.0
10112.0
7434.5
8144.0
3237.0
9575.5
8132.0
9968.0
6724.0
5884.5
10271.5
8091.5
5616.5
8190.0
6521.5
464.0
3868.5
8374.0
7353.0
8805.0
5067.5
8973.5
5931.5
8153.0
1321.5
6026.0
2060.5
10470.0
9313.5
6903.0
10414.5
9601.0
6551.5
6366.5
10097.0
3596.5
5628.0
68.0
6845.0
8038.5
10288.5
7279.5
3202.0
8723.5
9686.0
5638.5
7912.0
8552.5
6426.0
3444.5
6537.0
10199.0
5374.5
6941.5
5533.0
10349.0
3990.0
0
4023.0
8900.0
3510.0
5634.0
10085.0
8466.0
10197.5
5739.5
10302.5
5224.5
3421.5
3706.5
3758.5
6891.0
7064.5
5064.5
7236.5
7256.5
6025.0
7330.5
9320.0
5887.0
4170.5
9343.0
9320.0
6126.0
3186.5
9000.0
9488.0
4870.5
4034.0
9784.5
8976.5
7968.0
5317.0
2980.0
10049.0
7054.5
7643.5
10243.5
4929.5
6740.0
9542.5
5878.5
3370.5
9731.0
3965.0
7543.5
7320.0
6119.0
8365.5
7728.5
8328.5
6459.5
10164.5
5023.5
10457.5
8135.0
7686.5
9961.0
6911.0
8067.5
9912.0
8041.0
5886.5
3737.5
5172.5
10353.5
10042.5
6375.5
10285.0
10181.0
10492.0
7080.0
9559.0
8947.5
10817.5
9172.5
10390.0
8541.0
7680.0
10196.0
10085.0
8388.5
6679.0
10490.5
8564.0
7193.5
10692.0
7628.5
3589.5
3755.0
5292.5
5414.5
8131.5
10530.5
8615.0
7735.0
10047.0
7369.0
9743.5
10756.5
9093.5
7295.5
4666.5
6281.0
10294.5
10107.0
8353.0
3462.0
9724.5
8708.0
10317.0
8647.0
9045.5
8373.0
4157.5
9012.0
9511.5
1138.5
8988.0
10164.0
9096.0
10062.0
8513.5
6433.5
10442.0
6426.5
3123.5
8843.5
10183.5
8547.5
5224.0
10146.0
10251.0
6862.0
4183.5
901.5
8509.5
7207.0
10362.5
10235.0
9720.5
10290.5
2867.5
6896.0
5732.5
10146.5
5768.0
8862.0
7823.0
8291.0
4209.5
10271.0
7290.5
5459.0
6420.5
7466.0
8617.0
365.5
9109.5
10328.0
138.0
10520.5
8699.5
9880.5
9004.0
9702.0
775.5
5688.5
5765.5
8707.5
5609.0
9678.0
10187.0
7497.0
4089.0
5889.0
7147.5
7809.5
6324.0
7812.0
7497.0
8158.0
10051.0
5922.0
2055.0
7338.5
6729.5
8729.5
3336.5
7426.5
3697.0
5770.0
6990.5
7144.0
8000.0
8006.0
9278.0
6639.5
5824.5
7787.5
7838.0
10505.5
9246.0
7272.0
8586.5
10227.0
1705.0
2931.5
7182.0
2601.0
5710.5
8645.5
7901.0
5427.5
7902.5
9530.5
10600.5
7805.5
5676.0
2043.5
7017.5
9376.5
9727.5
6501.0
8886.5
2576.5
6686.0
10365.5
7936.0
10061.0
10199.5
9445.5
9030.5
8330.5
3306.5
6217.5
8655.5
9379.0
0
7694.5
10557.0
7307.0
9382.0
7483.0
4549.5
9492.5
10257.5
1339.5
8093.0
10880.0
419.5
8100.5
10127.0
3317.5
6594.5
2743.5
8511.0
8075.5
1869.0
7407.5
7332.5
9157.5
7635.0
68.0
7898.5
5027.0
8827.0
7885.5
3798.0
10350.5
10343.5
5401.0
5266.0
10459.5
2747.5
7199.0
10202.0
9456.5
0
6151.5
1478.5
7656.0
4477.5
7739.5
8750.0
10505.0
8399.5
9714.5
3921.0
6602.0
2793.0
10237.5
9951.0
1845.0
4395.0
10197.5
8319.0
8923.0
5929.0
10724.0
7823.0
7718.0
6645.0
1100.5
10052.0
9973.0
2736.5
5429.5
10067.5
7460.5
10086.5
5924.5
3175.5
10545.5
10058.0
6579.0
5351.5
7900.0
6356.5
10054.5
4514.5
8177.0
138.0
5731.0
3409.0
6691.5
8515.0
8236.0
8626.5
9053.5
3840.5
2439.0
10421.5
9320.0
7623.5
3286.5
736.0
7220.5
10086.0
6151.5
8757.5
10096.0
5757.5
5851.0
5644.5
7110.0
6617.0
7264.5
2533.0
7839.5
9414.0
7397.0
7327.0
6311.0
68.0
5
9991.5
6710.0
9420.5
10056.5
3258.5
6408.0
6397.5
10090.5
10121.0
7387.0
6460.0
2959.0
6228.0
9441.5
5325.5
7250.0
7916.5
7443.0
9169.5
9169.0
8628.5
3680.5
1321.5
9125.5
9638.0
7082.5
9373.5
6609.5
8927.0
5094.0
1388.0
7291.0
10174.0
6763.0
7164.0
7999.0
7169.5
10137.0
3409.0
7724.5
10388.0
8701.0
4923.0
6038.5
10241.0
1776.5
8455.0
10528.0
10292.0
10132.5
4673.0
5679.0
6424.5
8801.5
7572.5
3609.0
9649.0
4983.5
7823.0
10646.5
7848.5
7661.5
3574.0
10073.5
6174.5
9086.5
8139.5
6594.0
10088.5
0
6768.5
7146.5
8783.0
10044.5
7350.5
6422.0
7069.5
9196.5
1262.5
8353.0
8669.5
5495.5
5850.5
7083.0
10046.5
1033.5
9918.0
4001.5
10190.5
6176.5
5642.5
1829.0
5314.0
8461.0
5717.0
750.5
2691.5
5671.5
6339.5
10063.0
8005.0
9207.0
10247.0
6622.0
10448.5
2742.0
7823.0
0
5213.0
6953.0
3631.0
7480.5
5904.5
6330.5
9320.5
4727.5
7371.0
7350.5
8649.5
8888.0
8468.0
3197.0
7387.5
2165.5
10536.5
4883.0
8566.5
4233.5
10489.5
4058.0
8794.5
10592.5
7942.5
9932.5
6139.0
8959.0
10351.0
7045.5
5301.0
10208.5
7658.0
4749.5
3129.0
10264.5
9867.5
7358.5
4658.5
10087.5
7157.0
10084.5
6788.0
7468.5
10276.0
7495.0
4744.0
10089.0
7798.0
8106.5
5712.5
10286.5
5247.0
9662.0
0
10160.0
6061.0
8921.0
3655.5
6020.0
6858.0
3998.0
8622.0
9073.5
3166.5
8228.5
10693.0
7532.5
4168.0
8568.5
8563.5
10317.5
6475.0
10492.5
7996.5
8710.5
9761.5
8597.5
7197.5
7806.0
3815.0
7016.0
2778.0
6126.0
0
5994.0
6987.0
3333.0
5447.5
8972.5
8502.5
8514.5
6238.5
2886.0
8030.0
0
0
7373.0
10191.0
2484.0
794.5
10222.5
7222.5
6444.0
8032.0
5627.0
10142.5
10224.5
3404.5
9363.5
4745.5
0
10061.0
8316.5
8583.0
9285.0
5082.5
8028.5
3775.0
9690.5
10107.5
4494.0
7814.0
4911.5
10136.0
10245.5
10100.0
6642.0
0
7602.0
6486.5
10365.5
7103.0
7424.5
10457.5
8889.0
1581.5
7918.5
7937.0
9787.0
5843.5
4650.5
1400.5
7759.0
10466.5
4176.0
8516.5
10225.5
7989.0
8199.5
9161.5
10109.0
10127.0
8881.0
9348.0
10199.0
8663.0
7806.0
7842.0
10215.0
9298.0
10599.0
10088.5
8700.5
5505.0
0
5693.5
10278.5
8793.5
10406.5
10243.5
7997.0
978.0
6939.5
10170.5
8163.5
10154.0
7720.0
9068.0
10298.0
7455.5
10247.0
5280.5
9034.5
6206.0
5666.5
10088.0
7888.0
8966.5
6082.5
2608.5
4990.5
10081.0
10664.5
6522.0
10001.0
10122.5
7421.0
3502.5
9374.0
5198.0
2085.0
6249.5
6268.5
9313.0
4850.0
173.0
4323.0
7881.5
0
1824.0
4329.5
8508.0
8333.5
0
3459.0
7275.5
7902.0
0
5983.0
8162.0
2515.0
6837.0
9833.5
7223.0
9815.0
10296.0
8065.5
10069.5
5401.5
7049.0
7743.5
10067.5
2356.5
4242.0
3840.0
4987.0
8630.0
6965.0
3896.5
5080.5
8603.0
3208.5
9254.5
10162.0
4571.0
8534.5
3111.5
10265.0
5880.5
8681.0
5657.5
9255.5
7325.5
5807.5
5600.5
8765.5
8531.0
7213.5
7684.0
2393.0
7860.5
10047.0
6844.5
7162.5
5962.0
7408.5
1019.5
8331.5
8707.0
1366.0
1241.0
10105.5
10102.5
9596.5
9496.0
4588.5
4173.0
8514.5
7032.5
8393.5
6723.0
7034.0
8603.5
10286.5
10248.0
10385.0
10370.0
8337.5
4446.0
10117.5
7010.0
8943.0
8692.0
8849.0
9001.5
8114.0
6152.0
9968.5
2429.0
9376.0
9661.0
1390.0
9591.0
6023.0
7121.5
0
10209.0
10264.5
8353.0
5113.0
10131.5
10080.0
3502.0
10048.5
3534.0
10205.0
8944.0
10152.0
8919.0
7652.5
9002.0
9129.0
688.0
8457.0
4815.5
0
10944.0
10082.5
10056.5
1769.5
897.5
6740.5
6209.0
8364.0
7032.5
2556.0
10065.5
10287.5
10215.0
7365.5
5048.0
10383.0
0
3924.5
5481.0
7652.0
10852.5
4177.5
8696.5
2734.0
7043.5
9632.0
9408.0
5815.5
9169.5
8606.5
7642.5
8407.5
4569.5
5905.5
5466.0
9409.5
6981.0
9018.0
10169.0
663.0
7359.5
8393.0
10085.0
8284.5
10498.0
7398.0
1420.5
6536.5
895.5
1276.5
10069.5
5679.5
3225.0
10075.5
8020.5
0
3101.0
6911.0
7685.5
7396.0
3555.0
6017.0
3564.0
7609.5
9594.0
6879.5
8045.5
10074.0
10196.5
0
3612.0
9009.0
9880.0
4424.5
7062.5
9146.5
10080.5
7206.0
10141.5
3369.5
2681.5
5954.5
9598.0
9229.0
5356.5
8146.0
1701.0
9045.0
10323.5
10228.0
9593.5
10068.5
9005.5
7054.0
7617.5
2534.5
6454.0
6225.5
10063.0
9398.5
1022.5
2194.0
9654.5
7461.0
1160.0
10368.0
6410.5
8720.0
1818.5
10343.5
9237.5
9216.0
6815.0
5466.5
9029.0
8969.0
6263.0
9874.5
10227.5
10063.5
10086.0
9770.0
7533.0
9238.5
7758.5
5680.5
7991.5
10066.5
3470.5
9399.5
1388.5
10490.5
10321.0
6313.0
8478.0
8710.0
8890.0
0
10339.5
5117.5
7414.0
5464.5
8686.5
9700.5
8739.0
10041.5
2283.0
3419.0
5603.5
242.0
10352.0
6534.5
8268.5
8998.5
1582.5
7404.5
2799.5
8265.5
8413.5
10350.0
710.5
6337.5
7996.5
9180.5
10249.0
3769.0
8428.5
8315.5
8180.5
8917.5
438.5
1680.0
4174.5
8663.0
4577.0
2421.0
253.0
9728.5
453.0
5829.5
5659.5
9002.5
10150.5
4515.5
10238.5
9354.5
5356.0
9413.5
9971.5
6963.0
6568.0
7794.0
7795.0
5414.0
0
5062.5
1770.0
126.5
6524.0
10360.0
10610.5
4265.5
5511.0
10296.0
8276.0
6624.0
10746.5
3306.0
10148.5
8840.5
3455.0
9973.0
5887.5
7930.0
9039.0
10609.5
8156.0
9134.0
9233.0
7730.5
0
6273.5
10024.0
4240.5
3511.0
6492.0
348.5
9603.0
8104.0
10137.0
8957.5
7698.5
5347.5
8478.0
6215.0
6187.0
7999.0
8047.0
10279.0
6025.0
925.0
10111.5
5391.5
10500.5
4352.5
8858.5
6339.5
9293.0
10028.5
3131.0
6194.5
7550.0
10053.0
7711.0
5180.5
3547.0
5997.0
6512.5
6780.0
9155.0
2878.0
10250.5
10110.5
4419.0
7764.5
6806.0
4095.5
10041.5
4858.0
2048.5
9705.5
3214.5
9440.5
9782.0
2417.5
7050.5
3248.0
7645.5
7332.0
10222.5
7767.0
0
10058.5
8940.5
6461.5
7662.0
8971.5
5502.5
1725.0
7378.0
7475.5
4503.5
6122.5
7877.0
9057.0
10158.5
10089.5
6985.5
4646.5
6957.5
7915.5
8389.0
5122.0
3187.5
6620.5
9660.5
9267.5
6759.0
2976.0
3914.0
9114.0
10229.0
10254.0
7723.5
9468.5
10334.0
8505.5
8252.0
6159.0
0
7889.5
8055.5
0
8802.5
4795.5
3296.0
8828.0
2141.0
2016.0
3958.0
6141.0
9606.5
4415.0
9851.5
10085.0
5055.5
10310.0
2090.0
6599.5
9580.5
8091.0
138.0
1288.5
10074.5
7236.0
9928.5
9916.0
7060.5
4041.5
1975.5
9608.5
8335.5
10136.0
10199.5
10045.5
10125.5
9464.5
7331.0
8948.5
8023.0
9602.0
8696.5
7758.0
7640.0
10457.5
6695.5
7815.5
8012.0
8406.5
6380.5
10117.0
10475.0
10071.5
0
7123.5
2095.0
9809.0
3882.0
7285.0
8168.0
8910.5
6813.0
7304.0
1676.0
8039.0
1960.5
6158.0
10217.5
2166.0
7405.0
6444.0
7888.0
6825.0
424.0
0
10091.5
3625.5
8777.5
0
5684.0
1192.0
10103.5
10307.5
2842.0
8633.0
9485.0
7986.0
10148.5
7836.0
9915.5
8140.0
8050.5
6393.5
68.0
2061.0
3019.0
3913.0
4735.0
3521.0
9245.5
2511.0
10424.0
10361.5
6667.5
3446.5
9027.0
6648.0
5777.0
10205.0
10317.0
3260.0
9552.5
6764.5
10427.5
10342.5
5556.0
3120.5
6369.5
2967.5
5022.0
5152.0
3627.5
10190.0
9653.0
8474.0
6126.0
10107.5
5616.5
6762.5
10080.5
6486.5
1143.5
6193.0
5703.0
10293.5
10485.0
6614.5
6838.0
8379.0
6498.5
2234.0
5406.0
68.0
10559.0
8721.0
7579.5
5974.0
6930.0
10493.0
7996.0
10656.5
5550.5
9302.0
9437.0
7960.0
8242.5
9816.0
6644.5
7206.5
7331.5
2562.5
8068.5
7629.5
7566.5
7461.0
10389.5
5986.5
9367.5
0
4568.5
717.0
7221.5
10242.5
719.0
8507.0
4816.5
8781.5
5245.5
8242.0
7701.0
5318.0
10137.0
6681.5
7332.5
10391.5
10525.5
2577.0
5709.0
3913.5
8843.5
7584.5
8466.0
3939.0
7404.5
2774.5
7213.5
10122.5
6863.0
6116.0
6397.0
9356.5
10096.0
7440.0
9287.0
9474.5
6969.5
9084.0
10071.5
6821.5
9098.5
10071.5
7890.0
6292.0
10496.5
3294.5
8969.5
4900.0
4683.5
9417.0
8948.0
6877.0
3221.5
6042.0
3388.0
6824.5
6116.0
8403.0
8632.0
10000.0
10109.0
6051.0
3192.0
9874.0
7125.0
10275.5
2967.0
7110.5
6981.0
7240.5
3469.0
6239.0
6300.5
9712.0
6561.5
4606.0
7748.0
6084.0
6665.5
9354.0
9089.5
9552.0
2369.0
604.0
9958.0
10503.5
0
7137.5
8610.0
8644.5
459.5
4314.0
2888.0
5846.0
10115.5
7416.0
5162.5
8952.5
7949.0
6374.0
8206.0
5909.0
6284.5
2941.5
10111.5
1809.5
68.0
7193.0
471.0
6334.5
9322.0
10482.5
5109.0
0
0
6748.0
6090.5
10062.5
10121.5
5856.5
7908.5
6178.5
7393.5
478.0
8269.0
10168.5
7344.5
5009.5
5614.5
6412.0
7581.5
8608.5
739.0
9262.5
10765.0
7620.5
10047.0
7100.0
8888.5
9128.5
8953.0
6130.5
0
6650.0
10639.5
10554.0
7863.5
10236.0
441.5
10303.5
8758.0
10052.5
7033.5
2016.0
6893.0
9110.0
10528.0
9342.0
8997.0
8308.5
8551.5
7736.5
10226.0
8295.5
1829.0
6851.5
3143.0
9574.0
7155.5
6518.5
7240.0
9512.0
10665.5
10572.5
8278.0
6932.0
7352.5
7440.5
3159.0
7365.0
6950.0
8523.0
5825.0
10323.0
9347.0
8244.5
10507.0
6980.0
5126.0
0
3889.0
10094.5
6344.0
6890.5
6554.5
6381.5
2215.5
10414.5
3181.5
10052.0
8598.0
1726.5
8972.5
10364.5
4290.5
8385.5
5230.0
10247.0
6238.0
8917.5
10055.0
9647.5
9919.0
10136.5
9601.5
8917.0
9622.5
8052.5
10250.5
8136.0
10484.5
5068.0
10231.5
8453.0
9222.0
10408.0
10148.5
6450.0
10520.5
6359.0
5741.0
8823.5
10155.0
4580.5
9077.0
6478.5
937.5
1698.5
4000.0
8799.0
8586.0
6596.5
10811.0
10086.0
6351.0
7480.5
7546.0
768.5
2811.0
9009.5
5956.5
10306.5
7056.0
6309.0
10044.0
10159.0
10185.0
10187.5
5519.5
4238.0
8143.0
8754.0
5756.5
8031.5
9602.5
10085.5
7585.5
6273.0
5597.0
7712.0
8522.0
10569.5
10054.5
10110.5
4134.0
7361.5
6441.0
10188.5
10200.5
7131.5
9142.5
8136.0
8426.0
5591.5
4529.5
8346.0
2946.5
2774.5
10058.5
9182.5
8517.0
5895.0
7888.0
10260.5
1143.5
6153.5
8005.5
5436.5
7959.5
7238.5
4729.5
6819.0
10149.0
8871.0
5865.5
0
9233.5
4788.0
7424.5
6221.5
5393.0
8611.0
10411.0
10324.5
10061.0
10390.5
438.5
5584.0
6651.5
7614.0
4856.5
2877.5
10103.5
7902.0
2671.0
7867.5
68.0
10068.0
8396.0
6957.5
812.0
6704.0
10088.5
1690.5
8065.5
8679.5
5750.5
3797.0
10052.5
6065.0
8584.5
7741.0
6152.5
7238.0
3891.5
7013.0
10059.0
1479.5
7368.0
3354.5
2870.5
10595.5
10101.5
10501.5
9315.0
6803.0
10071.0
10291.5
7824.0
332.0
9627.0
10065.5
2331.5
1980.0
8828.0
10717.0
6980.0
7542.5
10068.0
4621.0

471.0
6780.5
10188.0
10169.5
7175.0
8989.0
10165.5
7911.0
7614.5
2837.5
10177.0
10208.0
6803.0
7288.5
1067.5
68.0
10052.5
0
10609.5
1143.0
6507.5
5194.0
4006.5
5624.0
10061.0
5798.5
10391.5
7878.0
10072.5
5077.0
10095.5
8513.5
10407.5
7176.0
9136.5
8057.0
8010.5
10168.5
7705.0
5621.5
3785.5
4950.5
2989.0
5664.5
2693.5
5692.0
4003.5
10243.5
6653.5
9078.0
4304.0
5981.5
7997.5
4628.0
6295.5
10137.5
10408.0
10189.0
6750.5
10611.0
6346.0
7141.5
9689.0
6479.0
7119.0
1050.0
10305.0
10496.0
10441.5
9453.5
8470.5
7164.0
9844.5
1461.5
4858.0
933.5
10438.0
10100.5
6078.5
10207.5
5706.0
10382.0
0
7853.5
10341.5
7811.5
8581.0
9456.0
10106.0
8581.0
6809.5
1578.5
9769.0
1334.5
9440.5
794.5
10104.0
9996.0
6753.0
3286.0
10071.5
9291.5
6925.5
6209.5
1778.0
3905.0
418.5
3448.0
6618.0
9515.0
3271.5
5654.5
1319.0
68.0
4468.0
8195.0
6867.0
5982.5
9883.5
7661.5
10328.5
10348.5
6950.0
5943.0
7374.0
10534.0
10356.5
7483.0
7614.5
6849.0
6251.5
8638.0
7070.0
5780.0
5972.0
10634.5
3865.0
10322.5
7095.5
10061.0
9932.0
10298.0
7681.5
6403.0
8939.0
7676.0
10160.5
8683.0
7061.0
7920.0
10215.5
5415.5
10309.5
9550.5
10506.0
194.5
6852.0
3818.5
4255.0
5757.0
10945.5
2717.0
9589.5
9480.0
6535.5
10209.0
7355.5
8937.0
10500.0
4480.0
4296.0
138.0
10095.5
8563.5
1867.5
8810.5
2239.5
5893.0
126.5
2161.5
7195.0
5106.0
5722.0
8594.5
9444.0
5615.5
6133.0
2783.5
10319.0
10418.0
7631.5
8834.0
10043.5
7248.5
7875.5
7217.5
10390.5
7741.0
0
2057.5
9100.0
4359.5
2811.0
10329.5
6426.0
6655.0
7495.5
6226.5
5957.5
7221.0
10289.0
8574.0
5792.0
10178.0
8080.5
0
6391.0
10063.0
126.5
9240.5
126.5
10128.5
0
9003.0
6374.5
8244.5
10290.5
2826.0
424.0
0
8200.0
7154.0
7152.5
2442.0
5791.0
243.5
68.0
8321.5
7604.5
2842.5
10062.5
9472.0
9894.5
10513.5
10246.5
10898.0
10381.5
10222.5
8218.0
9211.0
7298.0
383.0
7893.5
68.0
4597.5
7359.0
9913.0
2260.5
10473.5
10088.5
5662.5
8520.5
7806.5
9759.5
9618.0
5864.5
8894.0
0
0
10071.0
5263.5
10328.5
1067.5
9963.5
3975.5
10548.5
5452.0
8630.0
8832.0
7274.5
3813.0
8814.0
2793.0
6422.5
10061.0
10060.0
9582.5
2703.5
6500.5
7350.5
5072.5
9712.0
0
5413.5
10302.5
7509.0
10067.0
9199.5
8410.5
6255.0
10336.5
10185.0
1591.0
10042.5
10380.5
794.5
2947.5
10594.0
3902.0
10293.5
10204.5
10062.0
10505.5
8452.0
0
6573.5
6212.0
8940.5
10307.5
4578.5
5613.5
9692.5
10173.0
8699.0
10274.5
10220.0
7967.5
9705.0
7318.5
6495.5
10002.5
8710.0
419.5
8083.0
10517.0
6708.5
2929.0
8663.5
3237.0
9510.5
10350.0
10314.5
10085.0
10194.5
8569.5
6579.5
138.0
5913.5
7366.5
7813.5
6587.0
5504.0
3352.0
9417.0
10068.0
5237.5
10225.5
3144.5
68.0
8660.5
5779.5
9542.0
5919.5
10315.0
1439.0
7872.0
10117.0
9443.0
10359.5
2531.5
8677.5
10227.5
8902.5
9345.0
7683.0
6445.0
3597.0
0
7532.5
9916.5
7109.5
8322.0
5944.0
6412.0
10333.5
5781.5
1398.0
7776.0
9276.5
3094.5
6782.0
7514.0
8846.5
5129.0
8640.0
6458.0
9780.0
4611.0
10100.0
8192.0
8444.5
9393.0
6472.5
7056.5
8955.5
68.0
9397.5
6301.5
10374.0
5352.0
9420.0
10270.5
9086.0
10057.5
7580.5
1997.5
7254.5
7226.5
10436.0
8869.0
8732.0
9740.5
5482.5
9287.5
10129.5
10703.0
8311.0
8535.5
8577.5
10366.5
10298.0
7766.5
9168.5
7197.0
7524.0
10068.0
9021.5
6215.0
6197.5
8710.5
10360.5
5480.5
10412.0
5838.0
10304.5
7298.5
7056.5
5914.0
10146.5
2521.5
10159.5
6533.0
7920.5
10504.0
5842.0
7758.0
9123.5
8544.5
5657.5
5867.0
5432.5
5318.0
8565.0
7810.5
6819.5
7247.0
8368.5
7616.0
8226.0
6896.0
6363.0
5780.5
10110.0
7533.5
7274.0
407.0
7936.0
8725.5
10094.5
8811.5
7977.5
3920.0
8900.0
10246.5
10256.0
4124.0
6644.5
7860.0
6954.0
10096.0
8077.5
6180.5
7646.5
9644.0
10120.0
8082.0
10149.0
3043.5
10140.0
7612.5
7603.5
8127.5
7998.0
7132.5
10226.5
8531.0
10870.0
9364.5
7191.0
8382.0
4225.0
10160.5
8264.5
10571.5
8113.0
10495.5
9180.5
10947.0
6621.0
8110.0
10082.5
10115.0
8143.5
5657.5
9464.0
3988.5
4618.5
10080.5
0
8830.0
6693.0
8770.5
6618.5
5913.5
6596.5
7316.5
8497.5
7283.5
10208.5
8052.5
3780.0
10119.0
7830.5
10545.5
7854.0
7709.5
10053.0
10168.5
10795.5
8994.5
10024.5
5804.5
10231.5
10187.0
10222.0
2800.5
7533.0
8922.0
3850.5
1147.0
7155.0
7526.5
10931.5
8285.0
10053.5
6030.5
10251.5
7513.0
9006.0
9078.5
10099.0
6672.0
4484.5
10144.5
6793.0
68.0
5228.5
10597.5
8559.5
8239.5
9192.5
9345.0
6691.0
9158.0
10267.5
8674.5
7780.5
8795.0
6841.5
10053.5
10185.0
700.0
126.5
5797.5
6321.0
10050.5
8910.0
1515.0
8627.0
9112.0
9209.5
5003.0
7450.5
6401.0
10293.0
9762.0
7019.5
7789.5
9525.0
6462.0
10320.0
10671.5
6191.0
1087.5
7601.5
8072.5
7634.5
6852.5
10202.0
7942.5
10315.5
10087.5
7366.5
1252.5
2093.0
9378.5
7633.5
4387.5
6758.5
9359.5
6265.5
10913.5
9267.0
4368.0
8254.0
10130.0
10064.0
10266.5
9922.5
6646.5
8159.0
9665.0
5142.5
716.0
7946.0
10458.5
10575.5
5953.5
8251.5
7559.5
1754.0
9115.5
1965.0
8358.5
4218.5
4395.5
2684.0
6270.0
9314.5
10788.5
8495.0
3347.0
8353.5
6258.5
8728.0
6330.0
9887.0
6830.0
8869.0
9857.0
8315.5
9603.0
960.5
5421.5
4967.5
10218.5
10249.0
10000.0
790.0
9490.0
479.5
1121.5
8963.5
7209.0
8710.0
10839.0
3724.5
10154.0
10666.5
9788.0
7014.0
10441.0
7432.5
9689.0
10339.5
6512.5
10241.5
10347.5
6342.0
11110.0
5566.0
7588.5
8393.5
7631.5
5168.5
2127.5
9503.0
7374.5
10228.0
10178.0
3801.0
68.0
10268.5
8766.0
10508.5
6461.0
10380.5
9351.5
8484.5
5958.5
8426.0
8208.0
9739.0
10153.5
3745.0
6797.0
9656.0
10346.0
9730.5
4807.0
2205.0
383.0
9208.0
8989.5
528.5
5434.0
9909.5
8725.0
1758.0
7950.5
8313.5
8073.5
10343.5
3043.0
10513.5
2428.0
10105.5
7676.0
9645.5
9170.5
7360.5
6894.0
7186.5
4251.0
5993.0
5232.5
3113.0
10155.5
7996.0
5814.0
6526.0
9985.0
7055.5
10494.0
6287.0
9977.5
10365.0
10200.5
0
997.5
10275.0
6870.5
10176.0
9332.5
6789.0
8951.5
5623.0
7002.5
6710.5
4370.0
6090.0
10113.0
9050.5
6673.5
6740.5
7113.5
8564.5
9634.0
10292.5
9138.5
1507.0
9185.0
7676.0
8126.5
7022.0
10498.5
4359.0
9230.5
2383.0
7536.5
10785.5
6546.5
4868.0
5787.5
7907.0
5649.0
7496.5
4611.0
8869.5
1496.5
8838.5
8454.5
8246.5
68.0
7160.0
5202.0
10183.5
10229.5
2884.5
10134.0
9788.0
7691.0
8515.5
1779.5
8101.5
3730.0
2180.0
7116.0
10112.5
10307.5
9117.0
7128.5
7097.5
10003.0
9401.0
9348.0
10129.5
5141.0
9105.5
6296.0
6047.0
5403.0
9949.5
8582.5
126.5
9377.0
10209.5
2281.0
733.5
10621.0
10286.5
7505.5
8554.0
5035.5
10166.0
10998.5
10135.5
9298.0
6171.5
8660.0
4625.0
2443.5
8859.0
3627.0
8506.5
9554.5
0
1056.0
6710.0
10349.0
7387.0
10119.0
9525.5
6038.5
3751.5
5785.0
8165.5
7498.0
10110.0
7681.0
3874.5
7454.5
10021.5
9738.5
7880.0
9652.5
9903.0
5917.0
6225.5
4189.0
3512.0
698.5
7198.0
10264.5
10691.0
10237.0
8312.0
10233.5
2993.0
10224.5
7640.5
3851.0
843.0
68.0
7558.5
4826.0
8777.0
10142.0
10479.0
2219.0
8369.0
2294.0
7441.0
6231.5
7573.5
8642.5
2997.0
10122.5
8928.5
2161.5
5686.0
10346.5
10129.5
10734.0
419.5
1687.5
6471.0
6457.0
5200.5
4013.0
7690.0
10155.5
6562.5
7557.5
4863.0
9982.0
9526.5
8597.0
10097.0
453.0
10287.5
10469.5
9741.5
6778.5
7274.5
8101.5
3128.0
6181.0
10302.5
6829.5
10283.0
7556.0
6510.5
10280.0
9127.5
8031.0
10707.0
5976.5
6438.0
9679.5
7151.0
4846.5
10826.0
10143.0
10624.0
9036.0
2749.5
10438.0
0
1312.5
10111.0
10230.5
10599.0
8114.0
4105.0
10425.5
10635.0
6602.0
3555.0
10197.5
4201.5
6176.0
10169.0
7642.5
10414.0
3425.5
10191.0
1711.5
8422.5
6504.0
6545.5
0
8383.0
10152.5
10275.0
9001.5
5255.0
5197.5
10088.0
10129.0
10252.5
10128.0
10522.5
5768.0
8554.5
3203.0
10415.5
2495.5
10173.5
10549.5
10106.5
9576.0
10080.5
4079.0
7811.5
9274.0
4425.0
8214.0
8659.5
5463.5
10479.0
8902.5
10162.5
7778.5
10052.5
6953.0
5092.5
11129.5
6855.5
5976.0
8159.5
8015.5
7518.0
8220.5
10233.5
6115.0
10506.0
9569.0
1399.5
497.0
10640.0
10508.0
9287.5
7321.0
10474.0
7950.5
10138.5
8084.0
6858.5
8625.0
10214.5
2092.0
9477.5
8565.0
10314.5
7469.0
8432.0
7316.5
10289.0
10141.0
10119.5
7020.0
10500.0
6915.5
5954.5
6793.0
3997.0
9337.0
10237.0
7836.0
10231.5
10108.0
7035.0
8865.5
5034.5
7295.5
8613.0
1727.0
9950.5
9747.5
10084.0
7160.0
4552.5
10109.5
8917.5
5970.5
6131.5
9357.5
10257.5
10500.5
0
8325.0
7317.0
10557.5
6266.5
10450.0
7368.5
9029.0
6089.0
10264.0
10276.5
9740.0
10090.5
6387.0
6514.0
5800.0
5629.5
10062.5
5565.5
9031.5
2366.5
6007.5
7398.0
10209.5
7023.0
5465.0
10016.0
1079.5
1700.0
7035.0
10497.0
1966.5
10216.5
9599.5
7990.0
8489.0
10306.5
4461.5
8813.5
8248.0
10513.0
8624.5
4922.5
10116.5
7849.5
8250.0
7404.0
7609.0
6046.5
8224.0
10297.0
10280.5
383.0
1813.0
8356.5
10145.0
7365.0
4935.0
8707.5
8178.0
7276.0
2175.5
2854.5
3572.5
7729.0
10227.5
5423.0
115.5
10179.5
7743.0
10436.0
9119.0
10060.0
5883.5
8655.0
10214.0
8979.0
8481.0
9313.5
10444.5
8526.5
8275.5
8064.0
6854.0
6825.0
6310.5
10562.5
8542.5
10364.5
6832.5
8735.0
7525.5
7023.0
10357.5
7913.5
3878.5
9485.0
8378.5
0
9697.0
8596.0
6230.0
10262.0
9067.5
10359.0
7031.0
10819.0
9741.0
10298.5
8885.0
7851.0
6913.5
10521.5
138.0
2607.5
10238.5
8925.5
8067.0
10201.5
10441.5
6521.5
9661.5
10213.5
9941.5
7995.0
3073.0
10304.0
7599.0
9376.5
10065.5
6011.5
7639.0
9664.0
5790.0
5035.5
9708.5
10068.0
9027.0
7560.5
10297.0
9698.0
9254.5
10088.5
5352.0
10396.0
10100.5
10151.5
1887.0
9872.5
10140.5
5060.5
8136.5
10130.5
8303.0
5151.5
8505.0
5039.5
5083.0
10263.5
10078.0
8056.0
10357.0
8961.5
9741.0
10215.5
9011.0
4146.0
9122.5
8906.0
5086.0
7214.5
5742.5
8984.5
7881.0
5583.0
1702.5
407.0
9760.0
7765.0
7673.5
9633.5
10320.0
7885.0
9014.5
4805.0
5678.0
8573.5
8454.0
7284.5
8054.5
10129.5
7493.0
10251.5
6842.0
7778.5
8297.5
3705.5
10544.0
2437.0
7357.5
10163.0
6873.5
7192.0
9761.0
8997.0
9543.5
9766.0
10298.5
6056.5
1272.5
3443.0
5112.5
10055.0
8077.5
7783.0
5194.5
10307.0
10454.5
9567.0
10024.0
8604.0
10099.5
7250.0
9980.5
10073.5
7090.0
9786.0
10053.0
2613.5
6792.5
0
8041.0
10314.0
10227.0
10065.5
10070.0
10328.0
9045.5
734.5
5588.5
10107.0
7756.0
10298.5
10262.5
7427.0
3735.0
8954.5
10201.0
5665.5
10383.0
6097.5
3666.0
10062.0
0
5762.5
5317.0
8434.0
419.5
9416.5
10393.5
9513.5
7684.5
5227.5
8093.5
7112.0
4667.5
6036.0
6748.0
5141.0
9260.5
9069.0
7965.0
6697.0
8378.0
6861.0
8773.0
8251.5
10137.5
7573.0
5779.5
10526.0
10440.5
10158.0
7601.0
4695.5
8716.0
5816.5
2384.5
3757.0
10059.0
8225.5
4943.0
8259.5
6295.5
7045.5
1846.5
10511.5
6207.0
6393.5
7070.5
8351.0
6278.5
8887.5
10172.5
10340.0
5751.5
1014.5
10084.0
9973.0
6246.5
0
10161.0
126.5
5218.5
7293.5
7114.5
5855.0
5136.0
10046.0
8596.0
0
6563.0
3441.5
6258.0
6006.5
126.5
10058.5
8274.0
4968.5
383.0
10467.5
5743.0
3753.5
7451.5
10381.5
8012.0
6369.5
3621.0
5661.5
9107.5
10095.0
6749.0
7775.5
365.5
1862.0
7074.5
10201.5
6637.0
3954.0
6968.5
7541.5
5561.0
7778.5
9993.0
471.0
5795.5
2677.0
10395.5
7794.5
6449.0
9826.5
9412.0
10401.5
9743.0
5841.5
7094.0
10244.0
10249.0
6586.0
4319.0
7649.5
6633.0
7438.5
7161.0
9243.5
7827.0
698.5
7595.0
1813.5
4019.0
6052.0
5639.0
7650.5
10232.5
6759.0
7231.5
10362.5
5747.0
4216.5
0
7150.0
0
2378.0
7214.5
1354.5
10064.5
5877.0
2780.0
8124.5
3950.5
6515.0
5642.5
7218.5
1096.5
10146.0
8547.0
3380.5
7449.0
1830.5
8814.0
10251.5
10291.0
5552.0
4579.0
10128.0
10430.0
8318.5
6144.5
8553.5
7235.0
3835.5
10261.5
9143.5
9818.0
7276.0
68.0
126.5
6514.0
2461.0
10407.0
9051.0
365.5
0
243.5
9302.0
10043.5
7434.0
10212.5
9382.5
7781.0
4197.0
9442.5
10196.0
9301.5
10619.5
7270.0
10157.5
3078.0
5573.0
10431.5
5560.5
8933.0
10174.0
0
8128.5
9267.5
8134.5
5961.0
7665.0
7446.5
8472.0
3113.0
5140.5
8189.5
8954.5
4196.0
2921.5
8285.0
10089.5
332.0
8810.0
9826.5
7920.5
8010.0
9615.0
1794.5
3513.0
5619.0
1145.0
8791.5
9114.0
8704.0
8831.5
3592.5
10192.5
3240.0
7138.0
10124.0
7659.5
7986.5
8747.0
6703.5
10262.0
7166.5
7470.0
424.0
0
10167.0
7243.5
10232.5
10160.5
667.5
10322.0
10262.5
6339.5
10206.5
10388.5
8650.0
9403.0
9321.0
9968.5
5103.0
8651.5
2366.5
4820.0
7209.0
7845.5
2293.5
6346.5
6701.5
9499.0
5420.5
2781.5
2068.5
9749.5
8096.0
6596.5
8595.5
6934.0
1666.0
4987.0
10226.5
6561.5
7099.0
10493.0
3862.5
5995.5
4888.5
8123.0
7792.0
6423.0
5942.5
6341.0
10121.0
8351.5
9922.0
7314.5
4980.5
7284.0
7495.5
10583.5
3772.5
6457.5
7649.0
7836.5
9877.5
4215.0
6792.5
5278.0
3400.5
0
7982.0
10246.0
10500.0
7877.5
9200.5
9837.5
4872.5
6169.5
4896.5
4583.5
7248.5
6859.0
6980.5
5636.0
6583.5
10152.5
10297.5
8171.5
6983.5
8767.0
9162.0
6324.5
3313.5
6278.0
8155.0
4604.5
6795.5
4550.0
10056.5
8856.0
6147.5
7594.0
5652.0
3185.0
8889.0
7595.0
6747.5
10341.0
10503.0
4948.5
3001.0
6939.0
6850.0
7587.5
5322.0
4925.0
6501.5
10123.5
5391.5
10500.0
3708.5
9347.5
7210.5
7530.5
10684.0
8508.0
6921.0
4959.5
6682.0
10302.0
9626.0
8611.5
9031.5
9848.0
8190.0
5611.5
9202.5
8108.0
4184.5
10101.5
3399.5
3511.5
5983.5
6149.0
5965.0
8112.5
5100.0
10650.0
9216.5
5169.5
7323.0
7460.5
9366.5
9637.5
8121.5
7524.5
7912.5
1086.5
9745.0
8125.0
8452.5
7962.0
6724.5
10292.0
9393.0
5946.0
6089.0
8662.0
9940.5
7122.5
3812.0
4488.5
8596.0
8930.0
419.5
7547.5
5835.5
4924.0
10506.5
7204.0
1512.0
10092.5
10085.0
5244.0
9413.0
9634.0
9219.0
3059.0
7716.0
7401.0
1613.5
7976.0
8324.0
10195.5
5705.0
8737.5
6052.0
2980.0
419.5
1907.5
9456.0
8769.0
10109.0
3463.5
2537.5
5965.5
10167.5
8189.0
1232.0
5543.0
1213.0
10162.0
7084.0
5718.0
11005.0
777.5
10086.5
10306.5
5742.0
4214.5
7698.0
10528.0
8471.5
7447.0
5693.5
7144.0
4272.0
8737.5
7640.0
6670.0
10165.0
5483.0
3687.5
10141.0
7457.0
9476.5
8721.0
9989.5
5846.0
6401.0
9500.5
8414.0
8861.5
1830.5
6194.5
9598.5
7405.5
9706.5
9635.0
6851.5
9275.0
2596.0
10498.0
1104.0
5656.5
10145.5
8296.5

4546.0
10521.5
5157.5
5172.0
4538.0
5250.0
1196.0
7043.0
8426.0
8967.0
7673.0
4706.5
2630.0
4235.0
5990.5
7542.0
7887.0
7729.0
4627.5
10122.0
9041.0
3096.0
9307.0
6414.5
6864.5
4322.0
4654.0
9047.5
9267.5
3701.0
10107.5
10334.5
8957.0
9808.5
9304.0
6491.0
6766.0
10529.0
9635.0
3976.0
10424.5
10260.0
9353.0
6249.5
10369.0
2070.0
6656.5
302.0
9468.0
7814.5
7907.5
8791.0
365.5
8348.5
4214.0
8201.0
6976.5
5381.5
5906.0
478.0
7622.0
10230.5
2745.5
10195.5
7829.5
68.0
3601.5
10115.5
2781.0
7273.0
7846.5
7374.0
6544.5
5416.5
5466.5
3404.5
2901.5
5889.5
7705.5
4082.0
7182.0
6816.5
772.5
8873.5
10305.5
9683.5
8103.0
3677.0
666.5
7783.5
10076.5
8137.5
10109.0
5557.0
6811.5
10516.0
6839.0
9442.0
10495.5
3812.0
4003.5
7196.5
9468.0
10180.5
2176.0
5220.5
8909.0
6359.5
5355.5
7197.0
8801.0
8027.5
10778.0
4268.0
7790.5
10115.0
10643.5
2175.5
126.5
10069.0
365.5
10283.0
7005.0
6364.0
4803.0
10487.5
6872.5
10350.5
1766.5
10222.0
2642.0
6626.0
7814.0
4158.5
10289.5
6817.5
4727.5
1951.0
9301.0
10549.0
8890.5
2431.0
7085.0
7903.5
6462.5
8676.0
7045.5
7208.5
1182.5
10213.0
10143.0
10030.5
10250.5
9222.0
755.5
68.0
8613.0
10244.5
8900.5
9602.5
6262.0
8346.0
4760.0
5921.5
0
7785.5
9689.5
7453.0
4449.5
7182.0
348.5
7981.0
0
4640.5
7331.0
68.0
7080.5
6390.0
10431.0
4154.0
9485.0
9740.0
7311.0
10084.0
8420.0
7552.0
8216.5
8408.0
6779.0
5576.0
10245.0
8220.5
8184.0
2867.5
10149.0
8555.0
10224.0
8834.5
0
10103.0
10073.5
6962.5
3373.5
4048.0
10215.5
0
7785.0
9334.0
6587.0
8164.0
8860.0
9093.0
10225.0
7126.5
0
10440.5
10223.5
6731.0
6180.5
2841.0
9533.5
8634.0
9402.0
2887.0
8449.5
8130.0
6761.0
6054.5
5789.5
8871.0
10329.0
8847.5
7098.5
8246.5
9088.5
6542.5
0
10128.0
2475.5
9239.5
4304.0
1845.0
10051.0
10474.5
4960.5
10426.5
10380.0
9477.0
6355.0
5775.5
10191.0
6020.0
6770.0
2407.0
10289.0
2080.5
7749.5
7288.0
10375.5
10425.5
8564.5
10777.5
6487.0
9370.0
9170.0
9727.5
10203.5
8879.5
6716.5
5885.0
6217.5
68.0
10335.5
10468.5
10266.5
2564.0
10345.0
8531.0
10209.0
1259.0
10047.0
7957.5
1418.5
6837.0
7413.5
6374.0
6916.0
8139.5
6165.0
8880.5
7629.5
6518.5
1142.5
9361.5
8720.0
6916.5
7397.0
7487.5
8591.5
10283.5
0
4541.5
6418.0
10226.0
10472.5
10209.0
7651.0
10619.5
7017.5
8114.5
7301.0
10292.0
9246.0
6004.0
7944.0
3974.5
2377.5
7833.5
6338.5
512.0
10468.0
1666.0
6230.5
10128.0
10108.5
7576.0
7073.0
10201.0
8711.0
7872.0
8782.0
3264.0
9956.5
4980.5
7684.0
9825.5
7954.0
5757.5
8946.5
6987.0
10409.0
10314.5
6499.5
6196.0
3050.5
9673.0
4707.0
9358.5
2254.0
6110.5
2149.0
9585.5
9785.0
7553.0
0
10132.0
6247.5
0
0
9966.0
9217.5
4365.0
126.5
1981.5
9333.0
5224.0
10179.0
7196.5
7662.0
6767.5
10052.5
9677.5
9827.5
6805.0
4074.0
7665.0
1929.5
2060.0
841.0
10050.5
10262.0
10088.0
10051.0
6619.5
0
4368.5
9413.0
10650.0
2338.5
5652.0
10319.5
6732.0
0
8663.5
10256.5
6413.0
10406.5
6738.5
7892.5
10332.0
10207.0
9430.5
5734.0
7922.5
7335.5
6756.0
8979.0
9980.5
10319.0
7356.0
8810.0
4200.0
4372.0
10279.0
8733.5
8778.5
9108.5
9110.0
6028.0
2126.5
4775.5
6710.5
7901.0
7633.5
10251.0
0
7829.5
6423.0
6930.5
4686.5
7821.0
2473.0
285.5
9115.5
10307.0
10430.0
10495.5
3417.0
8762.5
7160.5
8034.5
5589.5
10296.0
8249.5
8063.0
5715.5
10404.0
5684.0
9941.0
5883.5
383.0
582.5
10237.0
7965.5
9485.0
6351.0
5847.0
3988.5
8053.5
8045.0
5419.5
8951.0
10288.0
7342.5
7715.5
7359.0
4243.5
8648.5
1940.5
6621.5
4147.5
10158.5
7754.0
4603.5
5704.5
7533.5
6865.5
6537.0
8691.0
4943.5
9896.0
8497.5
10315.5
5797.5
3957.5
10511.5
0
5927.5
10006.0
10117.0
0
6413.0
0
6697.0
8512.5
5053.0
10124.5
9151.5
5288.5
8974.5
8980.0
9918.5
9377.0
8071.0
5419.0
6623.5
4952.5
4689.0
9418.0
7477.5
8609.0
9647.0
10181.5
8416.0
10474.0
6450.5
6642.5
5925.0
8739.0
0
10173.0
10107.0
7042.5
4365.0
6428.0
8925.5
8274.5
10581.0
7146.0
68.0
10305.5
10468.0
7635.0
1108.5
10076.0
7608.5
7087.0
5217.5
7758.5
9711.0
10206.5
10512.0
10353.5
9734.0
8432.0
7482.0
0
0
4031.0
10127.5
2762.0
0
9730.5
6685.5
3727.5
5620.0
10058.5
9086.0
885.0
8666.0
5889.5
9211.5
9217.0
10246.5
8222.5
6681.5
9274.0
10107.5
10307.5
5199.5
8953.0
7906.0
10008.0
6726.5
10495.5
11391.0
9040.0
6833.0
10675.5
1695.0
7930.5
8639.0
6900.0
7555.0
8091.0
10346.0
10180.0
355.5
9567.5
1216.5
3140.0
7975.0
9477.0
10675.5
8180.5
10920.0
3260.5
4808.5
10044.5
0
7035.5
7199.5
6268.0
68.0
8958.0
10410.0
10247.0
6309.5
2622.5
9229.0
6034.5
10498.5
10227.0
10192.0
0
8913.5
2819.0
7393.0
8597.5
8670.5
8866.0
10324.5
7820.0
4072.0
6706.0
9622.5
9490.5
0
6463.5
10067.5
2653.0
6136.0
5702.0
9434.0
8268.0
6410.0
10115.5
7955.5
4472.5
7132.0
7520.0
10072.5
10499.0
7659.5
8235.0
10101.5
7858.0
9159.0
7791.5
8698.5
6068.0
7503.0
6934.0
3142.5
0
6619.5
10107.5
8533.5
4540.5
6766.5
7226.0
8570.5
8598.5
0
7378.0
6808.0
804.5
10683.5
7888.0
663.0
4464.5
10081.0
7484.0
9023.5
6075.5
10541.0
4811.5
9834.0
0
10173.5
9144.5
6925.5
6009.5
1908.5
10079.5
10549.5
7057.0
10502.0
7529.0
3418.0
8351.5
10499.0
10367.5
10102.0
10452.5
10104.5
10501.5
3182.0
5723.5
10505.0
10724.5
7798.0
8981.0
9439.5
10285.5
2586.0
10716.0
10371.5
6591.0
10950.0
8760.0
8309.5
10303.5
8897.5
6505.0
6447.5
10501.5
8998.5
10233.0
10189.5
10757.5
10525.5
9656.5
10420.5
9402.5
6489.0
8817.5
5815.0
10488.5
6417.5
7747.5
6596.5
7642.5
5645.0
4096.5
1330.5
0
8519.0
3527.5
10145.0
10086.5
2458.5
10484.5
10230.5
10297.0
7670.5
8360.0
7678.5
7615.5
10190.0
3332.5
10495.0
5507.5
8341.5
6456.5
8058.0
8871.5
9106.5
10080.5
10050.5
4111.0
7104.0
6163.0
6291.0
11362.5
10308.5
2897.5
8157.0
6997.0
7315.5
9807.0
3021.5
4650.0
6250.5
10232.5
5705.5
7186.5
2992.5
10594.5
0
9105.0
9911.0
7541.0
6421.0
6948.0
9625.0
7271.5
3719.5
6179.0
7168.0
10113.0
9422.0
6959.0
3409.5
4977.5
7110.0
5166.0
6406.5
8796.5
6261.0
6814.5
8493.0
10490.5
737.5
10575.5
6728.0
5688.5
6458.0
8125.0
8077.5
471.0
4307.5
10104.5
5561.5
8582.5
0
8993.5
126.5
8007.5
9526.0
9260.5
8877.0
3870.5
6870.0
10329.0
8815.0
10044.5
2243.0
8999.0
8344.5
8919.0
8407.0
6739.5
3948.0
8060.5
7679.0
7706.0
5278.0
9666.0
407.0
2925.5
316.0
138.0
10487.0
10116.5
5890.0
5055.5
9579.5
804.5
9864.5
8953.0
3264.5
9485.5
4078.0
7941.5
6928.0
5076.0
3136.0
7067.0
10076.5
10377.5
5989.5
830.0
6196.5
8663.5
6700.5
3701.5
5040.0
8977.0
8055.5
6468.0
7395.5
8199.0
8704.0
6131.0
4026.5
10501.5
10070.5
5503.0
2274.5
5852.0
4686.5
3199.5
10296.0
8102.5
7519.5
10453.0
10137.5
6222.0
10370.5
10282.0
8335.5
0
9540.0
8515.5
8749.5
9919.5
10114.0
0
6205.0
3230.0
0
5662.5
7569.0
2918.5
10487.0
8508.0
6358.0
1148.0
10073.0
10496.0
9699.5
7535.0
7925.5
8370.5
7957.5
10193.0
9087.5
5555.5
8470.5
8638.5
10496.0
3339.5
6568.0
10194.0
704.5
7119.0
9317.5
7479.5
8312.0
7108.0
8134.0
9170.5
6268.0
5912.5
8168.0
9439.5
2550.0
4869.5
9122.0
10159.5
9456.0
6608.0
10497.0
9371.5
6066.5
7826.0
10506.0
6309.5
0
8957.5
4561.0
9159.0
10056.5
0
6045.5
7750.0
10266.5
7876.0
0
8245.0
5814.0
10159.0
6838.0
8651.0
7577.5
9747.5
7602.5
10182.5
6945.0
10052.0
7472.0
8102.0
6006.5
10111.0
10077.0
6807.0
3316.5
10312.0
5223.5
7253.5
6182.0
9929.5
6560.5
10480.0
7365.0
10256.5
6408.0
10726.5
10406.5
7067.5
10500.0
5790.5
10149.0
7132.5
10295.0
8907.5
10575.5
5293.5
10507.5
2933.0
5783.5
6639.0
2992.5
4488.5
0
8079.5
10194.5
10354.0
10505.5
7192.0
8368.0
7109.0
10176.5
5441.5
10250.5
8265.0
10404.0
8411.5
8623.5
7977.0
8686.0
6437.0
9360.5
9749.0
5106.0
8950.0
6405.5
7510.0
10315.5
4606.5
1085.0
0
5272.0
6517.5
6746.5
6572.5
9314.0
10224.5
7788.5
8723.0
8764.5
8033.5
7235.0
9935.5
3601.5
10273.5
9465.0
9509.0
9873.5
2612.0
5716.0
1576.0
9882.5
6281.5
9418.5
10229.5
4318.0
10569.5
0
0.5
9104.0
10564.5
7127.0
9024.0
8494.0
8906.0
8248.0
10473.5
4792.5
9731.0
0
7087.0
10334.0
6488.5
10354.0
8843.0
0
8434.5
7064.0
7655.0
5893.5
9517.0
4255.0
0
6677.0
6252.0
5824.5
7260.0
0
10300.0
8949.0
6353.0
6928.5
10495.0
4382.5
0
0
3569.0
4162.0
10088.0
68.0
7366.0
7217.0
10185.5
0
7529.0
3280.0
7938.0
7234.5
9214.0
0
7700.5
5972.5
8211.5
1723.0
7666.5
7632.0
7947.0
5039.5
9725.0
9133.5
9958.5
1742.5
3968.0
8094.0
6536.5
8289.0
3372.0
5124.0
9768.5
7584.0
9952.5
9040.5
10840.0
6754.0
9992.5
6442.0
3661.5
8501.0
8606.0
8183.0
7141.5
2627.5
10851.5
1534.0
2910.5
1382.5
9455.0
7500.0
7449.0
6277.0
8066.0
2218.5
4092.5
6567.5
5441.5
10229.5
10744.0
8271.0
7720.5
3319.0
9256.5
10226.0
10104.5
9904.0
0
6732.5
10193.5
8253.0
0
3946.5
5641.5
9782.5
7887.0
8056.5
2224.0
0
516.5
3719.5
9249.0
7580.5
6675.0
7981.5
6698.5
8785.0
10164.5
9088.5
10210.0
5015.5
3374.0
10366.5
5697.5
5724.0
7018.5
4084.5
9266.5
9510.5
10103.0
10949.5
5595.0
7743.5
7734.0
10173.0
7496.5
6072.5
5686.0
7121.0
7217.0
9518.5
6391.5
10136.5
10255.0
10477.5
8174.0
5609.5
6723.0
7504.0
8668.5
5944.5
7844.0
5654.5
6534.0
0
7485.0
10690.0
8247.0
10189.0
6147.5
9931.5
6112.5
5233.5
10213.0
10110.5
8923.5
8521.5
10267.0
10245.5
6210.5
0
6322.0
10908.5
6606.5
5767.0
9790.0
5265.5
10210.0
10186.5
7124.0
10213.5
10698.0
6068.5
9950.0
8556.0
10121.0
0
5458.0
10309.0
8375.0
7690.5
7120.5
10134.0
6010.0
10265.5
0
5782.0
8610.0
8138.0
5744.5
0
10098.0
5680.5
257.0
5224.5
6169.5
10504.0
6212.0
7942.0
9527.5
2816.5
8519.0
7614.5
7504.5
10271.5
9750.0
10375.0
3773.0
5587.5
8784.0
2697.5
10247.5
10227.0
4756.0
3261.0
6080.0
9811.0
3314.0
1457.0
9064.5
7140.0
8749.0
8235.0
5596.0
9047.0
5562.5
6412.5
0
8373.5
8653.0
7595.5
9629.0
10491.5
7866.5
9996.0
4163.0
9114.0
7598.5
10709.0
2387.5
4373.5
5513.0
6750.5
6528.5
8229.5
7993.5
3055.0
10472.5
10000.0
10178.5
0
7252.5
10338.5
6580.0
2997.0
10054.0
5196.0
7677.0
8551.5
10071.5
10406.0
1321.5
8121.5
7035.5
10546.5
9701.0
10145.0
10345.5
8442.5
10318.5
10100.5
9421.0
4150.0
7322.5
4882.0
5058.0
8047.5
10436.5
6419.0
10071.0
7766.5
5582.0
6930.5
5385.0
5173.5
8089.0
7044.0
10127.5
5297.5
10060.5
7494.5
6237.0
2050.5
8722.0
5277.0
6910.5
9942.5
10778.5
6627.5
9767.0
10062.5
9180.0
5478.0
7898.5
898.0
10208.5
10089.5
10140.0
8843.5
7338.5
8782.5
6147.5
8023.0
6393.5
10234.0
5233.0
7498.5
6461.0
7140.0
68.0
6476.5
4554.0
2068.5
10469.5
9353.0
8305.5
1016.5
0
6374.0
5326.5
10308.5
961.0
8397.5
10044.5
7627.5
7022.0
6526.5
10330.0
5128.0
10249.0
6908.0
6454.0
5928.0
6082.0
6974.5
0
9778.0
10491.5
0
10054.5
9300.5
10280.0
10054.0
7413.0
9375.5
4962.0
9333.5
10239.0
6868.0
3473.5
7101.5
9148.5
7926.5
3755.0
10044.5
8719.5
7303.0
5882.0
6528.0
6110.0
10374.0
10337.0
4806.5
3783.0
5215.5
4109.0
8098.5
10116.5
3279.5
7632.5
5066.0
7752.0
8030.0
3072.0
8374.0
4058.5
5179.0
10937.5
10051.5
2475.5
10337.5
6812.0
6346.5
10506.5
10175.5
10512.0
9885.5
6026.5
10218.5
10212.5
8078.0
7604.5
10055.0
10398.0
7188.5
8636.0
11039.5
9600.5
6713.0
7539.5
1773.0
7322.0
8468.0
10050.0
7621.5
6564.5
7920.0
7504.0
10240.5
829.5
7951.0
9835.5
9070.0
4321.0
7238.0
7087.0
6703.5
4921.5
9770.5
10359.5
7914.0
8716.0
6545.0
8768.0
1141.5
996.5
10404.5
10760.0
6710.5
8535.0
1305.5
424.0
8399.5
1629.5
7452.0
10255.0
5793.0
8366.0
10132.5
5771.5
3796.5
10359.5
5693.0
1566.5
10150.5
9508.0
5995.5
10175.5
10205.5
9319.5
10694.0
9019.5
6650.0
9797.0
7866.0
9373.5
8602.5
6847.5
7244.0
8528.5
8671.0
9161.0
10165.0
9244.0
10453.5
9406.0
10486.5
8457.0
10224.0
10139.0
10000.0
10486.5
9443.0
10551.5
10549.5
8707.0
7234.0
9854.0
10279.0
8515.0
8353.5
9370.0
5181.5
5696.0
7288.0
7563.0
6591.0
7235.0
10055.5
4043.0
9612.0
7311.0
6972.0
10297.0
7758.0
8920.0
8793.0
6441.5
8545.5
8255.5
5512.0
10435.5
8861.0
7194.5
10925.0
7544.5
7387.5
7080.5
9550.0
6756.5
2486.0
7299.0
10093.0
5327.0
0
1803.5
5882.5
5619.0
2812.0
9396.5
6807.5
10133.0
6760.5
8921.0
10192.0
8292.0
10496.5
5346.5
8101.5
8601.5
10303.5
7167.5
9452.0
10213.5
508.5
9044.0
1245.5
7974.0
8805.5
10662.0
9783.0
10272.0
4976.0
9494.0
9142.5
9282.0
1369.0
2536.5
10203.5
7929.5
8326.0
646.0
10169.0
10487.5
6643.0
3021.5
9573.0
8989.5
6656.0
7506.0
7422.0
9331.0
6999.0
8779.0
9899.5
1264.5
6790.5
2847.0
9937.0
9193.0
8466.5
5363.0
10248.5
7685.5
6527.5
9803.5
5890.0
0
7867.5
9000.0
8172.0
8522.5
10914.0
7218.5
10945.0
9693.5
10547.5
789.0
8597.0
10265.0
10436.5
10260.0
6726.0
10189.5
10088.0
8780.5
10443.5
3795.0
6916.5
1906.5
10292.5
5721.5
9662.0
4394.5
7155.0
6173.5
10735.0
8793.0
8951.0
4654.5
6904.0
4621.5
6428.5
8952.5
9497.5
4083.0
8616.5
8214.5
9177.0
2537.5
5386.0
3119.5
8537.0
5125.0
9877.0
7191.5
5892.5
6483.5
7773.0
9698.0
9012.0
10073.0
10504.0
9828.5
1311.0
3816.0
8642.0
8427.0
8314.5
6050.5
7552.0
10228.5
10337.0
7341.5
10139.5
10206.5
0
9622.5
9823.0
10075.0
3077.0
3699.0
4708.0
10059.0
6545.5
0
6320.0
11262.0
6995.5
8606.5
9075.0
8597.5
7541.5
9661.5
6822.5
6091.5
6394.5
6796.5
0
5231.5
10158.5
7906.0
10210.5
8785.5
10442.0
9803.5
8450.5
3193.0
7163.0
7891.5
9655.0
8305.5
7093.0
5999.5
6621.5
5088.5
10097.5
2022.0
8668.5
7131.5
0
0
7110.5
10271.0
8033.0
6083.0
10081.0
5608.0
997.5
5312.0
8507.5
7350.0
10610.0
2923.5
7675.0
7280.0
6039.0
6891.0
2737.5
8005.0
7839.5
9581.0
9024.5
6072.0
4827.0
8494.0
7458.0
8960.5
8731.0
10259.5
8179.5
10535.0
8826.0
9416.0
3197.0
10174.5
4522.0
8359.5
2814.0
7331.0
8362.0
9110.0
10489.5
3811.5
0
7666.0
10111.0
4919.5
7040.0
10200.0
0
10655.5
8431.5
6613.5
9257.5
8006.5
4679.5
0
6716.5
10310.0
9249.0
3712.0
8212.5
7008.5
0
9014.0
10153.5
7722.0
10308.0
8962.5
6114.5
10164.5
6476.5
6391.0
6786.0
7277.0
6594.0
10479.5
0
10254.5
7935.0
9468.5
8531.5
10127.5
10513.0
7312.5
9494.0
6914.0
7385.5
6316.0
4429.0
10061.0
9852.5
10151.0
9754.0
2943.0
10509.0
10044.5
7451.0
9085.0
9146.0
9007.5
9708.5
10247.0
6389.5
10396.5
10354.0
0
8471.0
6669.0
8305.0
10357.0
9677.0
1862.5
10395.5
3146.0
10230.0
9682.5
10125.5
3720.5
10162.0
6489.5
7097.0
9196.0
8640.5
7467.0
8985.0
10382.0
10117.5
10092.5
10614.5
7001.5
8154.0
10070.5
9886.0
7581.5
5512.0
10056.5
8487.5
4429.5
9350.0
10046.0
10053.5
4698.5
8007.0
10318.0
8996.5
10061.0
5848.5
10580.0
0
8706.5
7781.5
0
8423.5
8589.0
10363.0
6795.0
3491.5
8264.5
10169.5
5834.0
722.0
8853.5
7210.0
0
7408.0
10323.0
6073.0
5344.0
10124.0
8142.5
0
10124.5
2182.0
9883.5
8940.0
9756.0
1057.5
7687.5
10209.0
6587.5
10054.0
1779.5
8984.0
10315.0
6051.5
7972.5
10120.0
10265.0
8631.5
8931.5
10339.5
10099.0
10254.0
9977.0
10229.0
8597.0
6947.0
10226.5
10105.5
9888.0
10473.5
8487.0
2919.5
5738.5
7387.0
8160.0
6654.5
5402.5
7921.5
7578.5
6326.5
3357.5
7260.5
8687.5
7628.5
10246.5
9866.0
9818.5
9865.5
7807.0
9542.0
0
8019.0
8645.0
7480.0
6495.0
10453.0
6443.5
7812.0
7486.0
4778.5
9105.0
6898.5
9146.0
7506.5
6016.5
821.5
6875.5
10214.0
10412.0
4478.0
2095.0
8991.0
7020.0
10076.0
5257.5
9437.0
8911.0
10404.5
7162.5
10171.5
10934.5
6547.5
10205.5
5431.0
6140.5
10550.0
10280.0
9795.0
10211.0
8163.0
7877.0
8241.5
6629.0
10390.5
9780.0
5813.5
10563.0
9323.5
10537.5
7084.0
4443.5
7021.5
7691.5
8191.5
9606.5
10279.0
0
7567.5
8023.0
6813.0
10209.5
10493.0
0
10187.0
8613.0
9539.5
0
6523.0
0
8490.5
8548.0
8648.0
7295.5
10075.5
6840.0
8866.0
10066.5
7069.0
8865.0
9539.0
8068.0
6982.0
6683.5
10096.5
3189.0
0
4141.5
5755.5
7619.0
3147.5
5098.5
8031.0
5511.5
7299.5
8038.0
7511.5
8678.0
8017.5
7483.5
4408.0
7896.5
9445.0
7375.5
7995.0
8219.0
2328.0
10113.5
7670.5
6934.5
7526.0
9666.5
9951.5
10082.5
2861.5
0
5179.0
0
8917.5
10063.0
9400.0
10055.5
4910.0
9922.5
10150.0
10503.5
7616.5
6607.0
6786.0
9028.5
7596.0
7294.0
9267.5
6340.5
8557.0
8601.5
10134.5
4564.5
7958.5
4582.0
5171.0
10317.0
7937.5
8700.0
6259.5
6482.5
6402.5
10068.5
7379.5
9367.0
8712.5
10675.5
5818.0
10503.5
9409.0
8008.0
8259.5
9932.0
3445.0
5698.0
1270.0
7003.0
6904.0
6073.5
6783.5
10055.0
9083.5
7535.5
6213.5
8584.0
10238.0
5560.5
7047.0
10509.5
2690.5
6381.5
3358.5
7778.0
7335.5
4992.0
8146.5
10048.5
7137.0
10310.0
7954.5
5893.5
4327.5
3938.5
6767.0
6897.0
7185.5
10747.5
7049.5
6669.0
10258.5
2740.0
3440.5
9926.5
10331.5
10411.5
7921.0
10206.0
6037.0
10072.0
10212.0
4498.5
10158.0
6923.5
10117.0
10205.0
8318.5
3661.0
8044.0
1420.5
8914.0
10064.0
10479.0
7491.5
9242.5
6678.0
10362.0
10052.5
3249.5
1686.0
8804.5
10462.0
8984.0
8373.0
10232.0
9357.5
9986.0
6830.5
10115.0
10261.0
4740.5
9017.0
4439.5
7016.0
6286.5
9998.5
68.0
4720.0
0
2936.5
6551.0
7742.0
10078.5
8130.5
5202.5
8788.0
8085.5
4521.5
9409.5
9353.5
7484.0
8247.5
2865.5
10607.5
4466.5
8384.5
0
7478.0
10192.5
10474.0
9146.5
9538.5
68.0
9898.0
829.5
4100.0
7429.0
9977.0
7147.5
6733.0
4812.0
8378.0
4049.5
6977.5
0
10424.5
2746.0
7052.5
4755.0
9345.0
9358.0
2899.5
2744.5
5549.5
10177.0
7081.0
7141.0
7937.0
6679.5
6542.5
10097.0
10128.0
3489.5
8538.5
7061.0
10061.5
8033.0
8521.0
10500.0
5523.5
5762.0
8870.5
10053.0
2968.5
10434.0
0
7849.5
7777.0
7762.5
2866.5
1602.5
9217.0
1384.0
3462.5
10498.5
10048.5
10503.5
0
9738.0
10497.5
0
8481.0
7363.5
10155.5
10421.0
6023.0
9455.5
8954.5
8534.0
0
10331.5
10112.5
10043.5
7407.5
0
10779.5
6308.0
3897.5
5093.0
9679.5
0
6089.0
7193.0
6956.0
9893.5
9961.5
10490.5
8860.5
10432.5
10671.5
10098.5
5436.0
5539.0
9729.5
10492.0
5295.0
5461.0
10144.5
9588.5
10099.0
8036.0
3527.0
10464.5
8107.5
5925.5
7376.5
10212.0
7344.0
7858.5
5956.5
1687.5
7789.0
68.0
7849.0
5541.0
10518.0
10044.0
8845.5
8942.5
9307.0
6941.0
10500.5
10072.5
8020.0
2425.5
5538.0
7614.5
10114.5
6340.0
10056.0
419.5
10050.5
6830.5
4427.5
6432.0
8881.5
10095.0
5534.5
5972.0
10833.5
8103.0
9873.5
10094.5
1458.0
10232.5
10201.0
9026.0
9962.5
8267.5
10189.0
6139.0
8139.0
9342.0
8306.0
5666.0
9286.0
3533.0
8855.0
10210.0
5383.0
4605.0
8074.5
10231.0
6643.5
10227.5
7406.5
3813.0
5738.5
4736.5
7757.0
8367.5
9610.0
10496.5
8894.5
10056.0
10077.5
9402.0
8472.5
6462.0
9601.5
9843.0
9392.5
7530.0
11811.0
9014.5
8079.5
10165.0
10731.5
4540.5
3357.5
5779.0
10674.5
8736.5
7126.5
9199.0
4765.0
10115.5
9302.5
8006.5
10149.5
5675.0
0
1756.0
7927.5
6093.0
10303.5
7421.5
7935.0
9728.0
5993.0
8585.5
10564.0
8645.5
7232.5
9349.5
6652.0
3313.0
10265.5
768.5
7748.0
8120.0
8284.5
8451.0
424.0
68.0
8495.0
0
6599.0
775.5
4508.0
6280.0
8677.0
7025.0
9853.0
7372.5
9057.5
3048.5
10034.0
10105.0
7855.0
6630.5
7072.0
2316.5
8830.5
6931.5
8179.5
4421.5
2023.5
7066.5
10342.0
6860.0
10057.0
10057.0
10043.5
6815.5
6737.5
9656.0
6921.0
4387.5
10448.0
3273.0
9090.0
9087.5
9792.5
8764.0
8802.0
7461.5
10541.0
2353.0
6773.0
3411.0
8720.0
6105.0
2749.0
9859.0
7486.5
7397.0
10055.5
10213.0
7698.5
10837.5
5919.0
8808.5
7228.0
6642.5
6474.0
10070.0
7655.5
3557.0
7441.5
8608.5
7164.0
8009.5
10069.5
4563.5
10118.0
9726.5
7063.5
5683.5
8256.5
5805.0
9811.5
10053.0
9128.0
8626.0
6948.0
9089.5
10220.0
6439.0
0
6284.0
1880.0
7846.0
10170.5
2609.5
10555.0
5562.5
10120.0
9658.0
7848.0
10070.0
1647.5
0
1808.5
10199.5
10956.0
6576.5
10123.5
7086.0
10441.0
6962.0
10500.5
10306.5
9618.0
9155.5
10498.5
5644.5
10069.0
10129.5
0
9032.5
10009.5
10139.0
8583.5
10587.5
9255.5
10149.5
3103.0
10176.0
10516.0
6930.5
8249.0
7052.5
8984.5
0
6785.0
6691.0
126.5
10045.5
10267.0
9157.0
8507.5
10333.5
10106.5
7617.5
3181.5
2089.0
10470.0
9141.0
2943.0
10804.5
4630.0
3795.5
5980.5
9263.5
6161.5
7084.5
8797.0
10935.0
2683.0
9549.5
5921.5
6407.5
9057.0
471.0
7161.5
9953.0
8308.0
5113.5
8496.0
9391.0
9770.0
5793.5
7498.5
7368.5
5630.5
8747.0
0
8406.0
7251.5
4985.5
10230.5
4893.0
0
8939.0
5444.5
9171.0
6893.0
10053.5
10092.5
7989.5
8969.5
5306.0
6296.5
7627.5
10262.0
9234.5
10549.5
8843.0
10058.0
6303.5
9732.5
7197.0
6078.5
6658.5
2163.0
9663.0
5114.0
6706.0
7504.0
9667.5
6785.0
9063.5
10066.0
5623.5
8469.0
4550.5
8142.0
8456.0
6443.5
9984.5
5322.5
6940.5
7136.0
10072.0
6983.0
8770.0
7256.5
9774.5

9037.5
9916.5
10084.5
6110.5
9908.5
7381.5
9201.5
9280.5
7252.5
9817.0
4949.5
9854.0
7578.0
7170.0
6477.0
0
8477.0
8109.5
2809.0
9477.0
4629.0
9302.5
8473.0
9656.0
7520.0
10054.0
6355.5
10219.5
7901.0
10336.5
1924.0
656.0
10401.0
7598.0
10075.0
10205.0
9334.0
10089.5
7645.0
10626.5
7985.5
1778.0
6714.5
4534.5
7625.5
8381.5
1216.0
8943.0
1609.0
5810.5
7671.5
10191.5
9182.5
10063.0
7818.5
10088.0
10092.5
4759.5
10075.5
9578.0
7767.5
3536.0
10417.0
1320.0
4247.0
4114.0
10179.0
6679.0
10408.0
8160.0
9473.0
10812.0
10297.5
4534.0
8895.0
9633.0
8508.0
8805.0
7247.5
9231.5
7504.5
4402.0
7549.5
3797.0
8212.5
10557.0
10497.0
2253.5
8423.5
10063.5
5568.0
7343.0
10111.5
4012.5
10721.5
8559.5
5736.0
7407.5
6080.5
7043.5
10090.5
7036.0
10317.0
5396.0
7674.5
10194.5
7326.5
9559.5
10356.5
7997.5
6805.0
1587.5
4403.5
722.0
9057.5
10196.0
9824.5
8294.5
8455.0
9250.5
8788.5
5530.0
9010.5
7009.5
9262.0
8082.0
10000.0
6565.0
9236.5
10170.5
10365.5
9742.0
8180.5
6190.0
5205.0
10508.0
8093.5
8344.5

10121.0
6915.5
10284.5
10506.0
7593.5
6372.5
1735.5
8164.0
9557.5
4670.0
7271.5
10134.5
6927.5
5255.5
7509.5
7763.0
7903.0
0
3280.5
0
10290.0
9977.0
5837.0
6911.5
8708.0
6086.0
8072.5
7882.5
10061.0
0
10140.0
7861.0
6187.5
9621.5
9047.5
8408.0
8559.0
8486.0
9753.5
8365.5
9245.0
3261.0
6541.0
10501.5
8077.0
10172.0
5198.0
4638.0
7389.5
5317.5
2343.5
10356.5
3560.5
4115.5
2618.0
9668.0
8009.0
9948.5
5237.5
7080.0
5822.0
10899.5
2487.0
0
0
2051.5
10044.5
8592.0
10046.0
717.0
4380.5
2862.5
6136.5
8908.0
7901.5
10077.5
7179.5
0
8400.5
7848.5
9916.5
7139.5
8859.5
4644.5
8989.0
6721.5
5883.5
0
9020.5
10265.5
10443.5
8720.5
7642.5
9595.5
10129.5
6345.0
7410.0
739.0
2378.5
9206.5
9424.5
6419.5
10508.5
10205.0
8468.5
8572.0
10405.0
10080.5
9354.5
5133.0
6974.0
10074.0
8658.5
10170.0
10497.5
10094.5
8565.5
0
9606.5
5219.0
8654.5
8499.0
9830.5
8082.0
6690.5
6560.0
7126.5
9894.0
2080.5
10441.0
9972.5
10079.5
10357.5
9665.5
10078.0
10495.5
5539.0
10735.0
8254.0
10062.5
5382.5
9546.5
1903.0
10127.0
9821.0
8110.0
7443.0
6997.0
7786.5
10500.5
3018.0
10324.5
6879.5
10492.0
6243.5
10093.5
10948.0
4851.5
8440.0
9168.5
9542.0
10417.0
6242.5
8776.0
6656.5
7252.5
10237.0
1945.0
10243.0
1469.5
1108.5
10086.5
9641.5
6791.0
10121.5
8926.0
10066.5
6920.5
8540.0
9789.0
5847.0
10331.0
10259.5
10085.5
5169.5
10066.5
8069.5
3061.0
10118.0
2242.5
7305.5
2771.5
5186.0
10337.0
6653.0
9970.5
8642.0
7227.0
6963.0
7548.5
7411.0
10772.0
4445.5
10060.5
5982.0
9312.0
7399.5
7121.5
9734.5
7064.5
6461.0
10185.5
3646.0
10293.0
5310.5
10416.5
8411.5
7455.0
9131.0
7945.0
8020.5
4461.5
10397.0
9981.5
1879.0
6928.5
5680.5
9838.0
6641.5
9772.0
8472.0
10053.5
9360.5
8075.0
8879.0
11032.0
3884.5
10387.5
10124.0
7044.0
5626.0
10533.5
4343.5
8373.5
8613.0
5859.5
8231.0
8242.5
9249.0
10504.5
9773.0
10100.5
6360.0
7258.5
8938.5
7452.0
5359.5
10554.5
10111.0
7003.0
0
10265.0
10186.0
10497.0
10515.0
6304.5
9127.0
1976.5
9742.0
5630.5
7232.5
9485.0
10889.0
9147.5
3914.0
10202.0
5615.5
5527.0
0
9291.5
9932.5
6302.5
10150.0
8312.0
9014.5
5277.0
8586.0
6862.0
8886.5
3691.0
8779.5
10529.0
9087.0
8787.5
6993.5
9775.0
10100.5
5663.5
9244.5
6323.5
6791.5
10333.5
8607.0
7558.5
10088.0
7783.0
10678.0
10272.5
4769.5
5152.0
10770.5
9289.5
10310.5
10335.5
7055.5
7611.0
10485.5
7973.0
7475.0
2012.5
8231.5
6620.5
7126.0
10021.5
6231.5
9027.0
6515.0
10145.5
6787.5
10128.5
3790.0
6596.0
10340.0
4054.5
10071.0
5788.5
8945.0
11186.0
10479.5
7487.5
9550.5
10484.5
3092.0
8496.5
7798.0
10121.5
9306.5
6491.5
10555.5
10633.0
10357.0
0
5319.0
3602.0
9652.5
3520.0
10081.0
0
10182.5
6270.0
7499.5
8450.0
9689.5
8246.5
9878.0
7927.5
10376.0
10121.5
7315.5
8190.0
10624.5
7624.5
5159.5
10206.5
5046.0
7550.5
9176.5
10116.5
9948.0
9519.5
7728.0
10156.0
348.5
9881.0
10167.0
138.0
10491.5
10507.0
10143.0
4564.5
10128.0
7522.5
10098.5
8665.5
10115.5
6904.5
10099.5
10498.5
3882.5
8954.0
5035.5
383.0
8148.5
10051.5
8857.5
3388.0
4984.0
7501.0
3216.0
10052.5
9316.0
4054.5
10098.5
10665.0
9643.0
10417.0
9569.5
10340.0
7865.0
9976.0
9504.5
9031.0
10216.0
10216.0
10144.0
7153.0
8685.5
1127.0
7498.5
6632.5
8370.5
9098.5
9798.5
8296.5
10168.0
8196.0
10042.0
6596.0
6590.0
6900.5
8149.5
8388.0
10428.0
8991.5
9006.5
8805.0
6948.0
0
10251.5
0
3829.5
10397.0
7284.0
7402.0
10374.5
6706.0
7287.0
2442.0
0
9965.5
4656.5
6808.5
4823.0
10214.0
2935.5
6648.5
2885.0
10552.5
9585.0
10523.0
487.5
6564.5
8669.0
921.0
10405.0
0
9946.0
1905.5
7366.0
10674.5
0
10333.0
7904.0
7996.0
10361.5
3945.5
7080.5
7230.0
10158.5
5627.0
5806.0
10511.5
1477.0
9259.5
1687.0
6067.5
9505.0
8760.0
10068.5
8679.5
11295.5
9771.0
10410.5
6211.0
9881.5
10190.0
9254.5
8862.0
9866.5
9803.5
10176.0
7665.0
10435.5
8577.0
3091.5
5941.0
7035.5
7747.5
0
10302.5
10448.0
4383.5
10292.5
10356.5
10301.5
9637.0
9790.0
7949.5
10154.0
0
9305.0
6645.5
7628.0
10183.0
9899.5
7961.0
7045.0
10417.0
3651.5
10057.5
8675.0
0
9961.0
10500.0
8565.0
9680.5
5967.0
10115.5
5936.5
5609.0
10013.5
10116.5
7391.0
6690.5
8993.0
3349.5
7486.5
10175.0
9054.5
9127.0
10093.0
10316.5
7903.5
10113.0
10205.0
7007.0
10270.5
6528.5
5348.0
10330.5
1687.0
6084.5
3302.0
1388.0
10504.0
10307.0
10319.0
10301.5
10323.5
10218.5
9639.0
7814.0
6411.0
9483.0
10323.0
8961.5
5307.0
6302.5
7023.0
8489.5
7953.5
10101.0
10292.5
10338.5
7224.5
6645.5
10063.0
10298.0
10305.5
9161.5
7855.5
8518.5
554.0
7375.5
9437.0
10163.0
8834.0
4496.0
2098.0
9492.0
6096.5
10231.5
9524.5
10202.0
3739.0
10160.0
10199.0
9916.0
7788.0
9035.0
10062.5
988.5
7978.0
9214.5
0
8865.5
7585.5
7570.0
6434.5
8003.5
10056.5
8804.0
6638.0
10237.5
5636.5
8868.0
10172.5
7774.0
10221.5
7323.0
10278.5
3220.0
8995.5
7390.5
7023.5
7011.0
10328.0
7567.0
9743.0
10139.5
9299.5
5851.0
4461.5
7746.5
8863.0
10506.5
7688.0
9756.0
2069.5
10551.5
10131.5
365.5
7912.5
6124.0
9863.5
3218.0
9883.5
7813.0
7649.5
10621.0
10060.0
0
5512.0
10369.5
8963.5
10285.0
8804.0
7292.0
8476.5
7221.0
5229.5
8116.0
9902.5
10126.5
9830.0
8511.0
4839.0
9447.0
9264.0
10492.5
3818.5
7633.5
10135.5
10343.0
10075.5
3293.5
10052.5
5402.0
7877.0
9903.0
10207.5
10070.0
10501.0
6038.5
4861.0
383.0
9133.5
7101.0
9713.0
7574.0
9168.0
5682.5
8536.0
8532.0
4730.0
126.5
7101.5
5412.0
9799.5
8394.0
10284.5
10195.5
6883.5
2622.5
968.0
7296.0
8568.5
4038.5
9390.0
4478.0
424.0
1474.0
10113.0
10240.5
5093.0
6692.5
3433.0
5406.5
10338.5
8132.5
10122.0
1770.0
825.5
777.5
4673.0
10235.0
8242.0
785.5
10407.0
8816.5
10117.5
5116.5
10014.5
8207.0
10340.5
10096.0
7433.5
10180.5
5878.5
424.0
8051.0
10298.5
10543.5
541.0
10128.5
961.0
7464.5
7045.0
6157.0
8820.5
10233.0
10307.5
6255.5
7495.5
10078.0
10494.0
10273.0
7899.0
10075.0
10050.0
8080.0
10263.0
9718.5
6125.0
9778.0
7093.5
8999.0
6406.5
7837.5
5279.5
10056.5
0
10086.5
9209.5
10245.0
10431.5
10251.0
7935.5
7705.5
6474.5
6658.0
9934.5
9227.5
6659.5
10443.5
7566.5
7382.0
6432.5
7121.5
7063.0
6433.0
6573.5
4128.5
10374.5
8408.0
7494.5
8466.5
3455.5
243.0
10230.0
10391.5
5163.0
6640.5
9667.5
7059.5
5734.5
10117.5
7941.5
3780.0
10504.0
10103.0
10208.0
9159.0
9262.0
5594.0
10416.5
8364.5
6780.0
7213.0
5312.0
6384.0
0
7331.0
10129.5
10363.5
9911.0
3051.0
8891.5
10110.0
9139.5
3359.5
68.0
10436.0
10370.5
10186.0
8243.5
9787.0
9178.5
10200.5
9237.0
7227.0
0
2920.5
7676.0
10568.0
9992.5
10067.5
9371.5
9372.0
9226.0
8924.0
8572.5
10241.5
10473.5
5075.0
8613.0
10383.0
10149.5
4778.0
10273.0
8453.0
10263.0
10155.5
9889.5
9145.5
10365.0
0
8121.0
7439.0
10349.0
10461.0
6824.5
9073.0
10400.5
8514.5
9532.5
8140.5
5999.0
10209.5
10256.0
5514.0
10085.5
4752.0
10331.5
10370.5
8471.5
9273.5
5836.5
10512.5
10002.5
9385.0
10188.5
8816.5
10356.0
6628.0
9633.0
10123.5
10437.0
9201.5
10073.0
9009.0
9613.5
1751.0
5100.0
9010.5
6937.5
10226.5
9827.0
4019.5
9108.0
6695.0
9900.5
11313.0
7765.0
8381.5
9042.0
8586.5
10389.5
4849.5
10495.5
5837.0
8440.5
5747.5
7587.0
6285.0
6070.0
6660.5
10527.0
7637.0
8524.0
10508.5
10508.0
4933.0
9665.5
8581.5
7359.0
10184.0
10229.0
10155.0
10273.0
6833.5
0
8203.5
5799.0
10602.5
10115.5
5538.0
10071.5
9736.0
10495.0
8957.0
1442.0
5525.0
10201.0
9708.0
8264.5
10961.5
2411.5
8959.0
2872.5
126.5
8712.0
6454.5
8675.5
7617.5
5973.5
2139.0
8412.0
6558.5
9566.0
10174.0
10195.5
10564.0
6971.0
5870.0
7570.5
1456.5
10487.0
10277.0
9632.0
348.5
10190.0
9065.0
10391.5
639.5
10137.0
10085.0
7968.5
7937.5
8597.5
10065.0
8506.0
7003.5
5570.5
4885.5
7768.5
10191.0
7967.5
6786.0
3638.5
7106.0
7708.0
8129.0
10202.0
8761.5
9500.0
5271.0
10114.5
10091.5
2019.0
6979.5
0
10328.5
6557.0
860.0
9787.0
5463.0
9112.5
10048.5
9481.0
7202.5
6515.5
10283.5
10132.5
10330.5
8676.0
4450.5
6563.0
8921.0
10517.0
8378.5
0
4201.5
2063.5
68.0
8119.0
8917.5
8302.0
0
5756.0
9243.5
10433.0
8192.0
7281.5
1126.0
10280.5
0
5801.0
8856.0
8713.0
7850.5
8121.0
6791.0
9040.0
10060.5
8944.0
9178.5
2880.5
3304.5
10377.0
6427.5
1478.5
7714.5
6785.0
10289.0
6377.5
11366.0
7045.0
7508.5
10078.5
424.0
6631.0
9452.5
7698.5
10606.0
9719.0
7796.0
8629.5
10101.5
8773.0
8061.0
10097.5
3728.5
10055.5
10504.0
5814.0
9444.0
7794.0
9508.0
0
10183.5
8034.5
7990.0
582.5
10510.0
10720.5
9710.0
10168.0
10470.5
8980.5
8489.0
8375.5
10097.5
10318.5
10304.0
6347.5
10556.5
10544.0
9230.0
10152.0
7945.0
10783.0
7731.0
497.0
10510.0
10247.0
7432.5
6423.5
7966.5
7746.5
8934.5
10306.0
5635.5
7158.5
8362.0
8455.0
6792.0
9371.0
9737.0
9961.0
9942.0
8007.0
10630.0
10155.5
10344.0
10279.5
10058.0
7547.0
10062.0
9973.0
9739.0
5076.0
10307.0
10067.0
10354.5
6371.0
9037.0
8868.5
10462.5
5617.0
4570.5
6906.5
7002.0
7860.0
5935.5
9887.0
9784.5
10366.5
9505.5
7035.0
10058.0
7849.0
10434.0
7762.0
7843.5
7438.0
4760.5
7025.0
9735.0
11022.5
7210.0
10059.0
10535.5
7679.0
9203.0
4951.5
10113.0
9417.5
4775.0
10174.5
10236.0
7139.5
5013.5
10072.0
8619.5
10313.5
9782.5
9910.0
10066.0
7591.5
10570.5
8717.0
10122.5
9585.0
9109.0
9689.5
9334.0
10130.5
6947.0
9931.0
6373.5
4237.5
10294.5
10083.5
8362.0
6165.0
6076.0
10133.0
6808.5
1459.0
8488.0
8337.5
5416.0
0
7014.0
5188.0
8838.0
7784.0
7140.0
7947.5
7428.5
9433.5
7616.0
10632.0
7543.5
10218.5
646.0
10755.5
7902.5
10373.0
7729.5
10530.0
4453.5
10321.0
6276.0
9437.0
5253.0
10142.5
10037.5
10287.5
7846.0
8015.0
10525.0
7795.0
10261.5
8879.0
3260.5
10475.5
10228.5
10248.5
10539.5
9560.0
10628.0
7480.0
5741.0
7291.0
7106.0
8601.0
7053.5
0
9564.0
7640.5
1984.5
5951.0
10268.0
2400.5
6109.0
6801.5
8692.0
10164.0
8264.0
9624.5
8455.5
9607.0
6579.5
7336.0
7816.5
0
9574.5
6542.0
8556.5
10069.5
9445.0
0
6631.5
10168.0
8194.5
9953.5
6702.0
10366.5
8913.5
6003.5
10528.5
7669.5
6462.5
10079.5
4896.0
6674.5
10447.5
8652.0
7978.5
5219.5
10488.5
10058.0
9289.5
8447.0
10345.0
9213.5
2239.5
10266.5
7994.0
6249.0
68.0
10788.5
6930.0
8319.0
7867.0
6816.5
6990.5
10186.5
7764.5
10578.5
8485.5
4191.5
7386.5
8416.0
0
10334.0
6202.0
7406.0
7921.0
10582.5
7636.0
8836.5
10267.0
7809.0
10248.0
10081.0
10158.5
10494.5
9745.0
9299.5
10095.0
9012.5
10237.5
5563.5
10147.5
10275.0
7268.5
8741.0
10501.0
10806.0
10057.5
10525.0
10278.0
8250.0
9008.0
10162.5
6613.0
7866.0
10140.0
9120.0
8714.0
10092.5
3802.0
1318.0
6486.0
9477.0
10075.0
8761.0
3079.5
10448.5
6937.0
7161.0
6504.5
5669.5
9994.5
8967.5
10312.0
10281.0
10476.0
6483.5
8977.5
8466.5
9518.5
4778.5
8051.0
1722.5
3109.5
5890.5
7680.5
1200.0
0
8613.5
8558.5
5417.0
6705.0
10459.0
7669.5
9509.0
8949.5
8774.5
7825.0
10256.0
9672.0
10460.5
5023.5
3576.5
10068.5
10357.0
9385.5
8083.5
8578.5
8975.0
6407.5
10044.0
10113.0
10452.0
9156.5
0
4345.0
7356.5
8057.0
8788.5
9243.5
9237.0
7310.5
10091.0
8395.5
5763.5
10060.5
9183.0
9717.5
4753.0
9842.0
9028.0
9511.0
3975.5
8268.0
2946.0
10096.5
8950.0
5843.0
3371.5
8705.0
10123.5
2518.0
9712.0
9772.0
10128.0
8038.0
7048.0
10204.0
10164.5
10432.5
10957.0
7479.5
6935.5
10056.0
10358.0
8781.5
8370.0
2892.0
10124.0
6953.0
8993.0
10663.0
9543.0
383.0
7804.0
9567.0
9244.5
10058.5
7592.0
8766.0
2705.0
6037.0
8740.5
8306.5
10065.5
6478.0
8910.5
6675.5
6645.5
10449.0
8002.5
8387.5
9526.0
8983.5
10234.0
1396.0
9092.0
3618.0
10079.0
2849.0
8814.5
10058.0
3759.0
10609.0
9854.0
8965.5
8477.5
7578.0
3697.5
9296.5
8276.5
10221.5
9855.0
7192.0
10123.0
2182.0
9307.0
10203.0
10119.5
9252.0
10451.5
6238.5
10056.0
2535.0
9710.0
10069.5
10234.0
7793.0
10056.0
8603.0
7893.5
10347.0
10157.0
8283.5
2086.5
9765.0
9878.5
10462.0
8024.0
9855.5
4150.0
7892.0
10353.0
7900.5
10860.5
9273.0
0
9003.5
9053.0
0
7465.0
10056.0
10297.5
10437.0
10206.0
6069.5
7486.5
1387.5
7838.5
8474.5
8234.0
8448.5
10184.5
10058.5
10359.0
6529.5
9340.0
10230.5
9490.5
10447.5
3417.0
0
10260.0
3010.0
0
6361.0
8571.5
10473.5
4825.5
8209.5
3011.5
5206.0
8250.0
7229.5
10174.0
5899.0
7436.5
9201.0
4965.5
9768.0
9001.0
8655.0
10076.5
10086.0
8111.0
10452.5
7924.0
7772.0
8319.5
10272.5
7877.0
6263.0
9740.0
10111.0
4362.5
10073.5
6802.5
6541.5
359.0
8073.0
10217.0
10910.0
10089.0
10119.5
9835.0
8343.0
10382.5
7178.5
10311.0
10134.0
10063.0
9736.5
9459.0
9563.5
10064.0
10282.5
4498.5
9957.5
7517.5
7058.5
7836.0
370.5
10084.0
6635.0
5666.5
6243.0
9117.5
8733.5
5313.0
7477.0
1702.0
3943.0
9215.5
10049.5
9334.0
3722.5
10185.5
10462.5
8567.0
8609.5
9090.5
10178.0
10212.0
10439.5
10618.5
9135.0
9100.5
68.0
10234.0
407.0
7876.0
3734.5
2862.5
9873.0
10239.0
9436.5
10169.0
4126.5
1110.5
1266.5
8588.5
10066.0
7642.0
10292.5
10333.0
8546.5
5050.0
10164.0
10239.0
10169.5
10061.5
10126.0
6901.0
9243.0
2964.0
10230.0
10164.0
2113.5
7305.0
8350.5
10147.5
8039.0
8869.0
10191.5
10050.0
7962.5
6991.5
9590.5
10054.5
9503.5
230.5
2948.5
7122.0
9190.5
0
8729.0
10090.0
10435.0
7394.0
6476.5
10531.0
10321.0
10271.0
10498.5
8371.0
10212.5
7946.5
10139.0
8217.5
6672.5
7824.0
3705.5
8056.0
7809.5
5774.0
5592.5
7634.0
7981.0
6001.5
10410.5
3444.0
6831.5
8539.0
9292.5
10195.0
10043.5
5514.0
10048.5
6382.5
6221.0
6186.0
9861.5
5782.0
4883.0
9140.5
7132.5
8446.5
10083.0
6585.0
10072.5
7499.5
10308.5
10305.0
8416.0
10199.0
9993.5
9032.0
5748.5
7125.5
6190.0
8443.5
6558.5
7041.0
9064.5
9663.5
4647.0
10326.0
9693.5
8955.0
7978.5
6098.0
6805.5
8103.5
1089.5
10132.5
9272.5
6459.0
6156.0
9540.0
10101.5
7887.0
6834.5
5276.5
10107.0
6620.5
4254.5
7042.5
8276.0
10308.5
10072.0
9074.0
7220.5
10716.5
10051.5
9165.5
8732.0
4462.0
4498.5
7825.5
8020.5
9394.5
9319.0
10207.0
9742.0
3367.5
2236.0
7751.5
3178.0
8317.0
10060.0
10121.0
7701.0
6507.5
9556.5
9597.5
9885.5
10505.0
7751.0
6442.5
10043.5
10636.5
3258.5
7926.0
7313.5
6744.5
3796.0
8593.5
7354.0
7348.5
9952.0
9655.5
7479.0
8545.5
365.5
9522.5
8173.0
8555.5
8727.5
9864.5
7002.0
2936.5
9496.0
9926.0
6548.5
4046.5
6236.0

10300.0
7447.0
10729.0
8832.0
9340.5
8462.5
10173.5
7954.5
2144.0
2543.0
1663.5
7453.5
9723.0
6254.0
10072.0
7792.5
7611.0
5071.0
1512.0
10310.0
6789.0
8924.5
10054.5
10259.5
6943.0
7067.5
1665.5
1488.0
3826.5
7678.5
3247.0
3861.0
5908.0
583.0
7626.5
10390.5
6420.5
4366.5
4586.5
3501.0
1036.0
10461.0
9018.5
4506.0
8977.5
7340.5
10712.0
7471.0
6016.0
771.5
6979.0
6141.5
8763.0
4278.5
2215.5
3025.5
10959.0
9235.5
5502.0
10084.5
10109.5
10247.0
1002.0
8210.0
6101.5
10066.5
8677.0
6178.0
3737.0
7602.5
8501.0
0
9764.5
7736.0
68.0
10130.0
10070.0
9476.0
5302.0
10072.5
1324.5
10201.5
6680.5
6017.5
10116.5
3222.0
5605.0
8761.0
3488.5
8235.0
10069.0
3080.0
10219.0
6401.5
6886.5
10352.5
4424.0
6868.0
6294.5
8370.0
7257.0
9956.5
10109.5
6449.5
9260.0
1280.5
10240.0
10319.0
10004.5
6201.5
6975.5
8824.0
10097.5
5577.5
8709.0
6445.0
10197.0
6882.5
10008.0
10297.0
5781.0
6613.5
8613.5
68.0
8913.0
10435.5
4800.0
10457.5
8636.0
10380.5
7893.5
5516.5
10105.5
6992.5
10444.0
8377.5
8063.5
7247.0
8669.5
8623.5
10497.5
8752.5
9999.0
6860.0
3732.5
10105.0
8846.5
5847.5
10266.5
1608.5
9358.5
2109.5
7423.5
3445.0
8719.0
10107.0
8203.5
1646.0
1027.0
10497.0
5518.5
10062.5
7845.0
5771.5
10244.0
5994.5
10166.5
9293.5
10415.0
10338.0
8815.5
5652.5
8307.5
7195.5
3723.0
10063.5
7015.0
11003.5
9973.5
10116.0
7804.5
10103.5
9776.5
7826.5
6652.0
6083.0
2185.5
10021.5
4252.5
10888.0
469.5
9064.5
9281.5
7894.5
6222.5
7328.5
10073.0
10345.0
10927.5
8932.0
8997.0
10115.5
243.5
7573.5
10061.0
8558.5
10592.5
10126.0
9715.5
10065.0
8926.0
9045.5
10342.5
10235.0
7517.5
6957.0
5403.0
0
7442.0
7746.5
8823.5
8641.5
7899.5
9861.5
7921.0
10315.5
10167.5
6104.5
10167.5
4865.0
9799.5
10267.0
5022.0
5835.0
138.0
8154.5
4477.5
10059.0
10177.0
6906.5
9863.0
10098.0
7595.0
10303.0
10102.0
9546.5
10053.5
10270.5
7855.0
8901.0
9724.5
9793.5
6363.5
9227.0
6042.5
5763.0
4774.0
7032.5
6469.5
10049.5
10151.0
2566.5
10053.0
9858.5
0
8288.5
10057.5
6520.5
8882.0
10048.5
4455.0
7181.5
8398.5
10088.5
10499.0
9406.0
10111.5
10306.5
10318.5
7689.5
10119.0
9354.5
9771.5
3436.5
10126.5
8435.0
6798.5
7768.5
7825.0
10593.0
8536.5
68.0
8989.0
8085.0
6145.5
10360.5
8470.5
7358.5
418.5
7528.0
10076.5
793.0
10251.5
10342.0
9813.0
5526.0
9841.0
10163.5
8920.5
8586.5
10325.5
10967.0
10200.0
8376.0
9706.0
478.0
9025.0
8547.5
10067.5
10077.5
7601.5

6603.0
10404.0
10126.0
6905.5
10115.0
4656.0
5950.0
8991.5
9244.0
10181.0
10256.5
10724.0
6357.5
6612.5
8284.5
7184.0
497.0
7978.0
9688.5
6915.0
9744.0
6376.0
9956.0
952.5
8792.5
7444.0
8133.5
5929.5
68.0
10488.5
7381.0
10528.0
8930.5
8709.0
9001.0
7570.5
365.5
10855.0
10237.5
7704.0
3651.5
7361.5
6492.0
9873.5
1988.0
8028.5
10140.0
6926.5
9353.5
9028.5
10390.5
5138.0
8651.5
8069.0
9722.0
5226.0
6499.0
8021.5
5235.5
10475.0
9970.0
6721.0
4886.5
8652.0
6258.0
5758.0
3496.5
1925.0
7061.0
7375.0
10093.5
10531.5
3566.0
8916.0
9557.0
8901.0
5340.5
10068.0
9606.0
6535.0
5799.5
8084.5
10440.0
5175.0
7621.5
68.0
6195.5
8650.5
4901.0
7949.0
8739.0
10842.0
2664.0
10281.0
9981.0
10065.0
10280.0
9612.5
8341.5
10496.5
6875.5
9610.5
10310.5
10213.0
0
10490.5
4905.5
7520.5
7438.5
10448.5
8436.5
7349.5
9228.0
3936.0
10070.0
9024.0
4303.5
7044.5
10449.0
3135.0
7652.0
523.5
10104.5
10166.5
3952.5
3363.5
10275.5
7105.0
8736.0
7623.0
8293.0
9025.0
5930.0
7092.5
5969.5
7658.0
7582.5
10067.0
10415.5
10152.0
7467.5
6682.0
8491.0
8236.0
10086.5
9543.0
7346.5
7191.0
10059.5
7531.0
5520.0
10195.5
8437.5
10313.0
10068.5
7762.0
6438.5
7520.0
10283.5
4487.0
10258.5
2730.5
10944.0
6193.5
2764.5
9425.5
10352.0
9151.0
8536.5
8713.0
10206.5
10073.5
6311.5
6245.0
9387.0
9307.0
10100.0
10084.5
9371.5
6347.0
9615.5
5459.5
4760.0
10183.5
8805.5
10504.5
0
6660.5
0
6103.0
9972.0
6973.5
10180.5
9409.0
8901.5
0
10202.5
4284.5
5062.5
8805.0
7679.0
7536.5
10493.5
7458.0
7958.5
10486.0
7998.0
9117.0
7306.0
5730.0
10236.0
4559.5
8701.0
7438.0
6030.5
8948.5
9915.5
10062.5
6461.5
10069.5
10179.5
7074.0
10176.5
3460.5
9222.0
8510.0
6184.5
7304.5
5119.0
5074.5
9864.0
5603.5
3919.5
8265.5
9456.5
6630.5
6935.0
10045.5
7759.5
7195.0
8539.5
6951.0
5873.0
10343.5
6427.0
7255.0
7760.5
9952.0
7057.5
8438.5
9963.5
10207.5
8832.0
9472.5
10292.5
10513.5
6134.0
9387.0
7751.5
6649.5
10077.5
8858.5
9366.0
8004.0
6478.5
138.0
10039.5
8430.0
7794.5
6736.5
8877.5
7699.5
9395.0
9543.0
6355.0
8840.5
10028.0
2900.5
7018.5
8453.0
6423.0
7194.0
9988.5
4365.5
7985.5
9035.0
365.5
6780.0
9685.0
6972.0
9680.5
9467.5
7717.5
10056.0
9122.0
8583.5
9754.0
9066.5
9964.0
68.0
8406.0
8173.5
3960.5
6610.0
6325.0
5407.0
8780.5
7324.0
8523.0
717.0
10063.5
5785.5
10187.5
4893.0
407.0
0
0
9408.5
7623.0
8809.0
5889.0
5653.5
10409.5
1546.0
8527.5
9851.0
8820.0
7028.0
9245.0
10119.5
9923.0
508.5
8292.5
0
5614.5
10285.0
10213.5
10444.5
9612.0
10216.5
10158.5
9125.0
9157.0
7392.0
6272.0
10070.0
7360.5
6420.0
10056.5
5670.5
5935.0
8348.5
8901.0
3132.0
9448.0
9020.5
8623.0
8195.5
9292.0
10507.0
9002.5
5789.5
10797.0
6614.0
6033.5
6630.5
6288.0
10149.5
6604.5
8216.5
11131.0
7193.0
7886.0
7954.0
9728.5
3776.5
6432.0
0
7345.0
6602.5
7757.5
10745.5
9405.5
7796.5
9610.5
6113.5
10325.0
9476.0
2146.0
7951.5
10063.0
478.0
6487.5
9948.0
9589.5
6290.0
9274.5
6332.0
9669.5
8504.5
7813.5
8867.5
7087.5
9198.5
8940.0
8944.0
8982.0
10072.0
9253.5
10423.5
5999.0
5040.5
9260.5
10241.0
9002.0
6237.0
4200.5
8889.0
5704.0
8203.5
10127.5
10065.5
10485.0
10185.0
8022.5
8989.5
9858.5
5859.5
10603.5
10087.5
8068.5
10297.5
7915.5
9106.5
7305.5
6836.5
8329.5
9273.5
10414.5
8407.5
2034.5
9022.5
5782.0
7997.0
6048.0
7406.5
7507.0
6727.5
9857.5
8709.0
10247.0
9306.0
9752.0
7443.5
5644.5
9757.5
9644.5
6079.5
0
5265.0
7411.5
8183.0
7547.5
10241.5
10158.0
9944.0
8983.5
9498.0
8082.0
5064.0
7229.5
1632.0
8010.0
9650.0
9270.0
9863.0
7998.5
7023.0
6265.5
9859.5
9247.0
6598.5
6843.5
7953.0
6050.0
10490.5
6347.5
10069.5
8692.5
1682.0
2239.5
9186.5
7835.0
10309.0
8710.0
10084.0
7487.5
10501.0
0
739.0
9265.0
9914.0
6468.0
10459.0
1880.5
5769.5
10139.5
7046.0
5921.5
7351.0
10298.5
9156.0
10288.0
8955.5
7796.0
6782.0
7974.0
9880.5
9783.5
6829.0
7253.0
9596.5
8123.5
4759.5
6980.0
10510.5
3052.0
9146.5
7608.5
7077.5
8316.0
0
10114.0
9043.0
9172.5
8332.5
10162.0
9268.5
5803.5
7334.0
8304.0
8351.0
4354.5
8513.0
9510.5
10209.0
7848.0
4729.0
9455.5
10949.0
6551.0
10123.5
9495.0
10266.5
9380.5
6648.0
8138.0
6091.0
9559.0
8034.5
7284.0
6678.0
8483.0
7209.5
8841.5
7575.0
7255.5
6460.0
6769.5
7268.0
6107.0
6948.5
1219.0
5635.5
6751.5
8429.0
7118.5
4018.0
6546.0
9481.5
9168.5
6593.0
9077.5
7755.0
7460.5
5040.5
5788.0
1402.5
5869.0
3438.0
9467.0
6246.5
8776.5
8017.5
9444.0
7705.0
6823.0
7685.0
10072.0
7847.0
9841.0
2164.5
6323.0
7304.5
6122.0
7271.0
5850.0
6837.0
6121.5
10279.0
6809.5
6708.5
10082.5
7201.5
4891.0
8276.5
3103.0
5036.5
6533.0
8917.5
6720.0
7827.0
1809.0
5660.5
10094.5
7158.0
8488.0
7286.0
5878.5
7746.0
7721.0
6329.5
9751.0
10060.0
6984.5
4385.0
8138.0
8996.5
0
6369.0
8624.5
7696.5
6907.0
9526.0
8096.5
5866.0
7920.0
6579.0
1662.5
10218.5
5559.0
10071.5
5821.0
5662.0
8359.0
8005.5
5579.0
10340.5
7609.5
9946.5
6460.5
10224.0
9940.5
8539.0
9858.0
9217.0
9341.0
5763.5
8005.0
8250.5
0
7770.0
6847.5
4617.0
5336.5
10055.5
9238.5
6445.5
7263.5
7742.0
7834.0
10055.5
7738.0
5892.0
7663.0
8750.0
10057.0
7553.0
6234.0
6133.5
8836.0
10044.0
804.5
10337.0
9630.5
7479.5
7841.5
10049.5
10493.5
7837.0
9618.5
5062.0
8462.5
9569.0
6895.5
7811.0
6396.5
10492.0
8408.5
9565.5
9347.5
10254.5
10638.0
5650.0
7447.5
3719.0
10507.0
6931.5
7574.0
9005.0
8318.5
0
8481.5
5887.5
9649.5
6535.5
9665.5
6112.5
6580.0
8979.0
9053.5
9942.5
10218.5
8252.0
5667.0
9717.0
3921.0
4647.5
6087.0
8716.0
3896.0
9510.0
10131.5
10270.0
3364.0
8487.5
10144.5
10063.5
9404.5
5736.5
10228.0
6278.0
6518.0
5183.5
0
3537.5
9568.5
9418.0
253.0
3841.5
0
5359.0
1104.0
8875.5
10372.5
9561.5
10155.0
8989.5
8671.5
9900.5
10358.5
7143.0
7290.0
8790.5
9639.5
8813.5
7452.0
9978.5
419.5
10044.0
9578.5
9492.0
8068.5
7512.5
8994.5
10130.5
10443.5
10063.0
7039.5
6162.5
9394.5
7078.0
10149.0
138.0
6562.5
6614.5
7153.0
2095.0
7741.5
10053.5
7055.0
10635.0
3021.5
6522.5
7967.0
10061.0
8780.5
2556.5
9855.0
9712.0
8560.5
10264.0
3278.0
7611.5
10370.0
7684.0
6070.0
10360.5
0
3269.5
5878.5
10384.0
10350.0
4547.0
9287.0
6151.0
9304.5
9935.5
6783.5
424.0
9201.5
787.0
9221.5
8542.5
10052.5
6834.5
9022.5
2126.5
6186.5
6134.5
4685.5
9999.0
10058.5
10099.5
9580.0
10045.0
9702.0
6075.0
9084.5
0
9650.5
6464.0
9565.5
1794.0
7427.0
8060.5
10354.0
10063.5
6933.0
7923.0

0
0
10050.5
6915.5
10050.5
9746.5
8960.0
9361.0
0
9964.5
3089.5
9906.0
8344.0
7948.5
9999.5
7221.5
10016.0
4122.5
9898.0
7450.0
6830.5
7591.5
6430.5
6307.0
8967.5
10060.5
5571.0
7742.0
8856.0
10322.0
7638.5
6591.0
0
9821.0
3145.5
5652.0
6723.5
10216.5
7166.0
3911.0
7964.5
7935.5
8614.5
5552.5
10048.0
5828.5
5619.5
8966.0
6058.5
7456.0
10052.5
10152.0
8967.5
6634.5
9291.0
9694.0
126.5
10262.5
9687.5
9745.0
10320.5
7226.0
2339.5
4882.5
10320.5
8778.0
10491.5
9442.0
5622.0
9880.5
6949.0
7484.0
7011.5
6595.5
7845.5
9178.5
9357.0
5571.5
6959.5
2799.0
10383.0
7613.5
9782.0
5764.5
961.5
8529.5
8912.0
9185.0
9185.0
9518.0
7620.5
10492.5
10277.5
8734.5
8647.0
5091.5
7936.0
6618.5
9121.5
9698.0
6658.0
7618.5
7639.0
9667.0
10050.5
8057.0
6686.5
8377.5
5961.0
8940.0
9738.0
7441.0
7737.5
7777.5
3311.0
4384.0
8622.5
7633.0
8417.0
8301.0
8566.5
9238.5
3125.0
7481.5
9008.5
10059.5
6152.0
2925.0
7937.5
7704.5
5588.5
9030.5
10093.0
7650.5
10085.5
10062.0
3294.5
8425.0
7792.5
7363.5
10321.0
6438.0
1966.5
5852.0
7344.5
10392.0
1861.5
7464.0
9292.5
10485.0
9163.0
7456.0
1193.0
8273.0
7384.5
9106.0
10445.5
10508.5
10422.5
7746.0
7183.0
9871.0
6858.0
7927.0
8557.5
8662.0
6993.0
10059.0
8474.5
10102.0
8488.5
10081.0
5888.5
9488.0
6994.0
7562.5
10413.5
8103.5
6316.0
10309.0
8171.5
6413.0
10103.5
3147.0
771.5
10051.0
9396.0
8509.0
10202.0
10051.0
9593.0
9129.0
6464.0
8814.0
424.0
9533.5
8014.0
10053.5
8716.5
0
10067.5
6170.5
10146.0
126.5
8855.0
7252.0
3017.5
10299.5
6437.5
6228.0
10108.5
6801.5
10513.5
8405.0
5576.0
7941.0
4586.5
8887.5
4961.0
5803.0
3866.0
10399.5
5958.5
9958.5
8846.5
9541.0
8848.5
68.0
10126.0
3015.5
5418.0
4615.0
4215.5
9910.0
7283.0
5590.0
3945.5
9962.5
6186.0
3167.0
10952.5
10559.5
5436.5
10076.5
10155.5
9360.0
8589.0
8422.5
9007.5
2846.5
10214.0
10511.0
6456.5
365.5
9923.0
10389.0
10318.0
10401.5
9255.0
438.5
10056.5
10529.0
10488.0
7804.0
10050.0
5437.0
8640.0
10228.0
8107.0
7849.5
8251.0
10067.0
10060.0
10193.5
8479.5
6851.0
10115.5
9906.0
0
10152.5
10131.0
8451.0
7338.5
2778.5
10516.5
9069.0
10216.0
7834.5
9768.0
9323.0
0
8911.5
2590.0
8505.5
10052.5
401.0
6485.5
0
5554.0
7303.0
10440.0
9446.5
7860.5
10200.0
10351.5
10403.5
10060.0
10272.5
9180.0
10145.0
10109.0
5882.5
10065.0
0
10058.0
7813.5
3749.0
8226.5
7653.5
7985.5
10055.5
4476.0
6233.0
6630.0
10954.0
4838.5
2393.5
9176.0
7560.0
9257.0
9145.5
3583.5
9217.0
5424.5
10337.0
8876.0
10072.0
992.0
10071.5
8291.0
7097.5
9013.0

9552.5
6511.0
10305.0
8955.0
10067.0
11526.0
4867.5
10198.5
6329.0
4572.5
9615.0
7295.0
6809.0
10176.5
10086.0
8222.0
6917.0
10459.5
10511.0
9930.0
10095.5
10361.5
10134.5
8303.5
10201.5
8925.0
6243.0
7130.5
10102.5
3868.5
6345.0
10206.0
10938.0
6467.5
6186.5
6703.5
10296.5
10110.0
6673.5
8090.5
9197.0
8231.5
0
10054.5
8823.5
8906.0
6717.0
6436.5
7730.5
10075.0
10140.0
8526.0
10351.0
6063.0
8099.5
9432.5
8951.0
10106.5
9831.5
10252.0
10306.5
8136.5
5819.5
8858.5
6412.5
10322.5
10227.5
3920.5
2815.0
10074.5
7851.0
7418.5
10114.5
10520.5
6514.0
8998.0
1283.0
8982.5
10029.0
10182.5
9184.5
736.0
7582.5
6649.5
4801.0
9796.5
7954.5
10051.5
8534.0
5951.0
8954.0
4237.5
8178.5
10031.5
10601.5
10059.0
10069.5
9140.0
6128.0

10097.5
8713.0
10354.5
9767.0
7316.5
8388.5
9531.5
10127.5
6656.0
8792.0
7138.5
10084.5
505.5
10264.0
9220.0
10499.0
7926.0
10597.5
7945.5
10114.5
8329.5
9798.5
6994.5
9085.5
10619.0
0
9872.5
10036.0
4917.0
9660.5
7385.5
7472.0
4814.5
7441.0
9979.5
0
5440.5
8323.5
10129.5
1497.5
8927.5
5988.0
10287.0
10087.5
5101.5
10366.0
7310.0
5443.0
10124.5
10496.0
7666.0
8238.5
9524.5
10708.0
10061.5
3444.5
0
9424.0
10003.5
6725.5
6217.0
10122.0
6178.0
8768.5
9366.5
7866.5
7974.5
10141.5
10243.0
9266.0
8975.5
9269.5
10738.0
4974.0
9337.5
9963.0
5876.0
10194.0
0
10122.0
10334.5
9476.0
10480.5
8007.5
6497.5
10475.0
4458.5
9211.0
9375.5
10075.5
10030.0
10055.0
9612.0
10258.0
7799.0
6700.0
3104.5
8365.0
10359.0
9358.5
10111.5
9048.0
7760.0
7346.5
3460.5
10059.0
6853.0
8662.0
7895.5
0
10124.5
5079.5
8431.0
10384.0
10090.5
10238.0
10297.5
7552.5
8616.5
10056.0
8452.5
10294.0
8725.5
10229.5
6003.5
10350.0
10398.5
7058.5
9463.5
10123.0
0
6699.0
10279.5
5402.0
8615.5
5889.0
10181.0
7086.5
7601.0
10064.0
7509.0
8938.0
10061.5
0
10800.5
5826.5
5944.5
6362.5
10210.5
10500.5
10250.5
10129.0
8725.0
9380.5
5962.0
9954.0
8992.0
8921.5
8373.5
6983.5
10458.0
418.5
8695.0
3967.0
7993.5
8648.0
9322.5
7123.0
8307.5
10503.0
10520.5
10061.5
10046.5
10254.5
7048.5
10460.5
10080.0
5470.5
10438.0
10266.0
10093.0
2799.0
8087.0
0
10111.0
9580.0
9860.0
10052.0
10020.5
10295.0
3119.0
9586.0
7989.5
6136.5
9728.0
4525.5
5916.5
10368.5
10825.0
2593.0
10232.5
9238.0
699.5
10232.0
8692.0
10149.0
0
9762.5
10163.5
10604.5
7503.0
9164.5
8882.0
10458.0
9508.0
6382.5
8408.0
7585.0
10069.5
10277.0
10085.0
10215.0
8647.5
6199.0
10114.0
8697.5
10374.5
10252.0
10299.0
10342.0
7010.5
8175.5
5793.0
4797.0
6824.5
6007.5
7711.0
8831.5
0
10234.0
7298.0
8954.5
10371.0
4471.5
10350.5
10258.0
7079.0
9048.5
6882.0
8696.0
4106.0
10375.5
10217.5
10430.0
6920.0
8685.5
10267.0
7408.0
6978.0
10300.5
5546.0
8269.5
10067.5
9454.0
10279.5
10238.5
10830.0
9115.0
4580.5
10433.5
8591.0
9171.0
10088.5
7442.5
704.5
7380.5
6781.5
10725.0
7355.0
5638.5
9850.5
3847.0
4897.5
5494.0
7450.0
10158.5
10451.5
10589.0
10499.0
10231.5
10079.5
10134.5
10209.5
10302.5
7195.0
10140.5
2602.0
10122.0
7598.5
10231.5
9129.0
10097.5
5043.5
10248.5
0
1016.5
10759.5
10068.5
8423.0
10235.0
7117.5
5920.0
7088.5
6869.5
10158.5
8199.0
9158.0
10323.5
6809.0
5618.0
9344.5
944.0
4692.0
2944.0
10201.0
9705.5
2655.5
8911.5
10067.0
700.0
10233.5
10467.0
9511.5
10245.5
10512.5
8124.5
9190.0
438.5
6876.5
0
9307.5
10242.0
138.0
4754.5
10497.0
10456.5
7565.5
10095.5
10172.5
10292.0
424.0
10044.5
10283.0
10333.0
10340.5
3239.5
8084.5
7415.0
9611.5
6470.5
8837.0
8978.5
6987.5
9077.0
10088.0
8536.5
10065.5
10164.5
8002.5
2882.5
9102.5
10436.5
9425.5
7591.5
10056.5
7855.0
8978.0
10110.0
9087.5
9734.5
6160.5
10116.0
6504.0
10259.0
7478.5
6203.0
7930.5
10078.0
4111.0
10309.0
8583.5
6350.5
489.5
9777.0
7436.5
4093.0
4896.0
5367.5
5884.5
9378.5
8124.0
10295.0
10146.5
7803.0
9642.5
0
9177.5
8397.0
6964.0
7374.0
10115.5
10313.5
9231.5
3591.5
10854.5
10058.0
9678.0
9361.0
6124.5
7719.5
10117.0
10347.0
7927.0
10120.0
10210.5
9610.5
6325.5
7896.5
10195.5
8245.5
8083.5
841.0
10249.0
10451.0
7364.0
6978.0
9395.0
7073.5
7656.5
7823.5
10487.5
9364.0
8050.5
10600.5
9647.5
9388.5
8506.0
10823.5
9555.0
8079.5
9073.5
9845.0
10700.0
0
8836.5
9415.0
8194.5
8882.0
8765.0
10164.5
7878.5
10259.5
9528.0
418.5
10248.0
9185.0
10234.5
7538.0
8565.5
9043.0
10304.0
9516.0
8659.0
4115.0
9793.0
6607.5
8781.5
7228.0
8558.5
8391.5
753.5
9176.0
7143.5
6601.0
7172.5
10146.0
9156.0
6947.0
11076.5
7638.5
11518.0
3919.5
10058.5
9757.0
9052.5
7235.0
7299.0
10123.5
5028.0
8706.5
9577.0
10275.5
9036.5
9252.0
9784.0
7697.5
7103.5
10056.0
7519.5
6442.0
6615.5
5194.0
11102.0
8960.5
9149.5
8615.5
5148.0
2588.0
7987.5
6441.5
10732.5
3995.0
4394.0
10270.5
478.0
3881.5
9985.5
10510.0
8224.5
10247.0
3277.0
1806.0
6096.0
10064.0
7509.5
10068.0
4275.0
10271.0
10245.5
5687.5
5554.5
8167.5
10047.0
6579.0
9305.0
10050.5
5129.5
7330.0
10061.5
9312.0
9764.0
9782.5
2755.5
9956.5
10246.0
10954.0
9578.5
10345.0
2145.5
8930.5
1471.5
9484.0
9547.0
8694.0
10455.5
8650.0
10146.0
8970.0
3424.5
7718.0
6946.0
6401.0
8847.0
5333.5
8792.0
7180.0
2805.0
10080.0
11279.0
10172.0
8509.0
10048.5
7025.5
8374.5
6852.0
9093.0
10069.5
10046.5
9190.0
9002.5
1457.5
9573.0
10501.0
9993.0
8402.5
7498.5
10368.0
7583.5
10072.5
10056.5
10156.5
8048.5
10495.5
10506.0
8431.5
8788.0
2059.5
8333.5
10360.5
2464.5
10164.0
4996.0
1538.0
9752.0
9325.5
2033.5
2101.5
10363.0
5093.0
9000.5
10069.0
5893.5
9668.5
7632.0
10510.0
6380.0
9822.5
7761.5
1705.0
4876.0
7910.0
7978.0
10223.5
9061.5
9313.0
3375.0
10119.5
10180.5
9740.0
7055.0
9922.0
10227.5
7264.5
9026.0
0
10093.5
9019.0
10085.5
10138.5
6419.5
3750.5
9290.5
10058.5
10156.0
3169.5
8632.0
1704.0
8588.0
10050.5
10198.0
4713.5
8835.5
5577.5
9215.5
7257.0
5216.0
7039.5
10246.0
10336.5
7780.0
10158.5
10075.5
10202.0
4679.5
9736.5
8583.5
3626.0
2350.0
10522.0
6650.5
8186.0
6880.0
10112.5
10567.0
5621.0
6241.0
3866.0
8638.0
10133.5
10452.5
10494.5
9019.0
6195.5
5258.0
8734.5
9677.0
10684.0
9680.0
9088.0
10509.0
10075.5
10491.5
7223.0
7735.5
9701.5
7688.5
9254.0
5828.5
10169.5
10761.0
9152.5
68.0
8596.0
6521.5
8618.5
7705.5
9930.5
9550.5
7956.5
4069.0
7441.5
9037.5
10263.5
10258.5
8739.5
10247.0
2130.0
3238.5
10439.5
8100.5
10476.0
10863.5
9902.5
10350.5
7055.5
10048.0
7794.5
10189.0
10393.5
6299.0
10110.0
5348.5
9971.5
6163.5
10425.0
7927.0
8136.5
10406.0
8754.5
8080.0
2510.5
10281.0
5453.5
8940.5
8303.5
3344.0
2811.0
10068.5
7246.0
6678.0
9630.5
10141.5
7190.0
7669.0
8286.5
8592.5
10090.0
10079.5
1056.0
5873.5
10208.0
8578.5
8067.5
6899.0
9164.0
10146.5
10079.0
10063.0
9223.5
8704.0
9182.5
10052.0
10217.5
10351.5
7438.5
8051.0
1385.5
1840.5
6693.5
8681.0
10130.5
2389.0
6692.0
8050.0
10062.0
787.0
10756.5
9926.5
9856.5
9987.5
5966.5
8441.0
8095.5
3353.0
8556.0
10053.5
1515.0
9466.0
5179.5
10491.0
4897.5
6819.0
6554.5
6064.5
10863.0
8170.0
10279.5
10001.0
10499.5
7542.0
6103.0
8997.0
10137.0
10067.5
10732.0
9312.0
9994.0
4220.0
6776.0
3775.5
9767.0
10418.0
9740.5
9641.0
1691.5
8258.0
7267.0
10125.5
7844.5
0
68.0
2553.5
9902.0
2613.5
10273.5
348.5
10413.0
1536.0
1105.0
3745.5
6070.0
783.0
424.0
0
1527.5
636.0
2564.0
4307.0
2737.0
9402.0
10136.0
8194.5
10492.0
6644.5
5509.5
10784.0
7367.5
6183.5
6828.5
6278.0
0
10261.0
10225.5
1425.0
3590.5
10105.0
10659.0
10461.5
10063.5
9773.5
4615.0
9724.0
6489.5
2008.5
7209.0
8265.0
1889.0
2718.0
8867.0
10274.0
8429.5
7952.5
9481.0
7159.5
9556.5
9402.0
10500.5
10375.0
5136.0
6220.5
10506.0
3871.0
5520.5
10155.5
10600.0
9838.0
8024.0
7985.0
9725.5
2981.0
6897.5
6411.5
6725.0
7897.5
9682.0
7427.0
8829.5
10174.5
7865.5
7244.5
5179.0
1019.5
10340.5
9950.0
10161.0
5104.5
10561.0
8336.0
7174.0
8606.0
7352.0
4814.5
10100.5
10496.5
7534.5
10962.0
9188.0
10169.5
6681.0
6864.5
8679.0
9586.0
9332.5
10485.0
8867.5
10102.0
10085.5
7212.5
5665.0

7675.5
4980.5
10311.5
6885.0
1627.0
1200.0
10270.0
8949.0
6820.5
9050.5
2166.5
6070.5
7299.0
9732.5
10473.0
6652.5
9753.0
7112.5
8744.5
435.5
10414.0
10164.0
7674.0
3631.5
3373.0
7032.5
7715.5
8428.5
0
9209.0
7525.0
7398.5
0
10308.5
9544.0
4111.5
8963.0
3442.5
8887.5
3711.5
8052.5
5676.0
7284.5
10066.0
9995.5
6782.5
7422.0
10501.0
7453.0
8463.0
10261.5
6141.0
6159.5
7392.0
3243.5
8485.0
5948.5
7693.5
8320.0
7959.5
7962.0
8391.0
7935.0
10050.5
6588.5
3777.5
9840.0
10152.0
9149.5
5184.5
6080.5
9955.5
10014.5
8026.5
6987.5
0
6655.5
6182.5
2845.5
7326.0
10447.0
7766.0
10053.5
8516.0
2195.0
10058.5
1092.0
10095.0
8582.5
9985.5
9485.5
10043.0
3330.0
9129.0
5817.5
10506.0
10473.0
10618.0
10285.0
9085.5
6995.5
4583.5
10030.0
5846.5
1804.0
5496.5
8715.0
4805.5
10102.5
9189.5
6469.0
4969.0
10168.0
3356.0
4996.0
10376.0
8385.0
8286.0
10074.5
7544.5
10805.0
0
6336.0
10331.0
7791.5
10386.5
3498.5
10312.5
7915.5
9932.0
7011.0
10197.5
3456.5
7126.5
7637.5
6921.5
10164.5
6436.5
7050.5
8938.0
4654.0
5891.0
0
7820.0
7164.5
5693.0
8181.0
10257.5
6415.5
5539.0
10158.5
10055.5
9907.0
4764.0
8271.5
10345.5
7549.0
5960.5
8617.0
4375.0
8463.0
4366.0
10011.0
4675.0
9134.5
6699.0
6756.0
8089.5
8802.0
4702.0
7712.0
10323.5
9135.0
10316.5
7491.0
7757.0
8906.0
10128.5
8251.5
1743.5
8693.5
7404.0
8775.0
10376.0
0
9784.5
9506.0
9047.5
1409.5
10057.0
9482.5
7335.5
7233.5
6361.0
8668.0
6640.0
8722.0
8635.5
8148.0
9219.5
5930.5
9376.0
8553.5
0
7124.5
5994.5
7616.5
10484.0
9775.5
10053.0
5785.5
4999.5
9100.0
9208.5
6459.5
6378.0
7536.5
6456.0
5824.5
9330.5
10082.5
8136.0
7870.0
5934.5
7262.5
6210.5
10054.0
8358.0
6261.0
8244.0
10459.5
6284.0
7078.5
6355.5
10635.0
10365.5
6688.5
7333.0
7302.5
8232.5
7436.5
6170.0
10480.0
7724.5
6937.5
9397.0
8621.0
8194.5
8884.0
5337.5
8880.5
9216.0
8049.0
10331.0
10226.0
8280.5
8552.5
10436.5
2462.5
8905.0
5770.5
7367.5
7911.0
10060.0
5303.5
10831.0
6125.0
5611.0
10171.5
0
5603.5
7459.0
7853.5
5584.0
8788.0
6712.0
6095.0
6171.5
7986.0
8241.0
5177.5
9097.0
9990.5
9860.0
10055.5
2797.5
0
10209.0
1498.0
7138.0
9364.5
9238.5
6621.5
5167.5
10213.5
6095.5
0
9343.5
8293.5
10210.5
6059.5
6239.0
8264.0
8622.5
10511.5
6234.5
9415.5
8905.0
0
9966.0
7686.0
9310.0
9438.0
9133.5
10062.5
7632.5
7380.0
9615.5
4237.5
7680.0
10389.0
6467.0
8313.5
9623.5
5700.0
10131.5
8279.0
10511.5
10493.5
0
10307.0
0
9374.5
8582.5
9336.5
6964.0
6408.5
10487.0
10069.0
6089.5
9510.5
0
9835.5
10225.5
9951.5
10208.0
9754.5
10070.0
8742.0
0
1667.5
3804.5
2330.5
7120.0
5853.5
8810.5
8449.0
1331.5
1795.0
8071.5
10253.0
10456.0
9968.5
1933.5
7072.0
719.0
7065.5
6051.5
4535.0
10385.5
4812.5
9343.0
10520.5
7976.5
8205.0
10927.5
8368.5
10517.5
3125.5
9474.5
9121.5
5960.0
10049.0
0
8885.5
0
6795.0
5366.0
5779.0
10079.0
5369.0
10286.5
7675.0
9280.0
8157.0
7394.5
7408.5
9441.0
9629.0
3136.0
3552.5
3254.5
10108.5
8855.0
5568.0
8145.5
7539.5
7124.0
8817.0
6379.0
3603.0
10217.0
7235.5
9614.5
4551.5
8398.5
1120.0
6641.5
2758.0
9285.5
8879.0
8587.0
7966.0
0
10510.0
7139.5
8921.0
5940.0
8034.5
6682.5
7173.5
7857.5
595.0
9327.5
10301.5
7958.5
7376.5
8695.0
10154.5
7910.5
8636.5
5798.0
6851.0
9680.5
9442.0
8720.0
8825.0
8481.5
10438.5
10135.0
10277.5
0
8507.0
0
7924.0
9009.0
2987.0
698.5
10103.5
478.0
2895.0
10233.5
9123.5
8030.5
7964.0
5772.0
0
6584.5
10094.0
8047.5
10293.5
2060.5
8661.5
9573.5
8722.0
10066.0
7122.5
10305.0
7579.0
8690.5
6230.0
10223.5
9464.0
8280.5
10392.0
10506.5
0
8025.5
478.0
10559.5
7611.0
0
0
8123.0
1752.5
453.0
768.5
6473.0
7407.0
7093.5
2878.5
9915.0
10252.0
9868.0
10110.5
8377.5
8557.0
0
10219.0
7657.0
6335.0
7157.0
8840.5
365.5
10167.5
4494.5
7085.0
10164.0
10273.0
9608.5
10090.0
9624.5
7594.5
9388.5
5601.0
10827.0
10071.5
9899.0
10498.5
7409.5
8364.0
9535.5
7741.0
10186.5
7125.0
9273.0
6569.5
5987.0
10093.5
10081.0
6915.0
7445.0
6577.0
6705.0
1734.0
8328.5
7571.0
7318.0
10440.0
0
10107.5
576.0
3934.0
6348.0
7721.5
1461.0
0
2115.0
6990.0
9219.5
9740.5
9784.0
9590.5
7444.0
9088.5
7813.0
9379.0
7555.0
4748.0
2233.0
6853.5
2259.0
8335.0
9889.5
8325.0
10246.5
4705.5
7164.5
1353.0
6607.5
8499.5
10336.0
10104.5
5389.5
7963.0
6918.5
8366.5
10495.0
10311.0
8360.0
10091.5
10084.0
10128.5
7969.5
10055.5
126.5
10509.5
6720.0
9057.0
9708.5
10051.0
9599.0
10423.0
6236.0
8880.5
10156.5
10185.5
7154.5
10420.0
9393.0
6835.0
5701.0
7380.5
8255.5
10680.0
8569.5
2098.0
7464.5
8854.0
9063.0
8991.0
7730.5
0
10221.5
10236.5
10578.0
10489.0
10503.5
0
348.5
6319.5
7438.5
10221.0
6371.5
8625.0
736.0
9559.5
6295.0
8089.5
8929.0
10338.0
6407.5
5629.5
8909.5
10058.0
8251.5
8007.0
7336.0
4851.0
4397.0
10143.5
8005.0
10091.0
9734.5
9460.0
10138.5
10065.0
8267.0
9650.5
6183.5
10127.5
6200.0
7942.5
8318.0
9664.5
6401.0
5195.5
8022.0
10475.0
10183.5
5167.5
8318.5
6617.0
10400.5
6147.0
489.5
10278.0
10226.5
1509.0
10322.0
6811.0
7000.5
7772.0
2211.5
10171.5
8169.5
10214.0
7776.5
7116.5
9831.5
7544.5
8519.5
8522.0
6467.0
10170.5
9016.0
7977.5
8224.0
10068.0
9293.5
9777.5
10090.5
10250.0
10096.5
8292.0
10067.0
10256.0
6828.0
9145.5
8421.5
10185.5
8881.5
10052.5
8457.5
8614.5
4687.0
8982.0
8930.5
10255.5
10236.5
9029.5
9720.0
6239.0
10347.5
9570.0
7736.0
6451.5
9124.0
10247.0
7869.0
9742.0
8671.5
10256.0
9455.0
9269.5
9063.5
8721.0
8033.5
9735.0
10282.5
7967.0
9689.5
1146.0
7781.0
10228.0
7606.0
9376.5
9117.0
7830.5
10305.5
8885.5
8095.0
10541.0
10426.5
8382.0
764.5
9276.0
10080.5
10112.5
5613.5
6053.0
9361.0
6972.0
3658.5
8866.5
739.0
7628.5
6877.0
68.0
8052.5
7504.5
6729.5
5429.0
10373.5
7089.0
9420.0
10089.0
8690.0
10320.0
1556.5
10082.5
10331.0
9513.0
7820.5
9634.5
9445.5
9420.0
9478.0
7003.0
10240.0
8447.5
7940.5
6040.0
10485.0
9220.5
8481.5
10058.0
7299.0
9447.5
8643.5
10050.0
10090.0
489.5
10489.5
10072.5
4202.0
7669.5
9208.5
6707.0
10209.0
10795.0
9677.0
5375.5
10227.5
7608.5
7687.0
7626.5
9629.5
10297.5
10066.0
10130.0
10096.0
9379.0
10432.5
9633.5
9783.5
7882.5
8900.5
10115.0
8502.5
10527.5
9848.5
5714.0
126.5
8333.0
10055.0
7502.5
7398.5
6630.0
8163.0
10534.0
7503.5
10062.5
10153.0
8272.0
10112.5
10162.5
6919.0
4222.0
5263.0
8460.0
7115.0
8861.5
10085.0
10338.5
10195.0
8083.0
7002.0
1443.5
10253.5
10921.5
8875.5
8396.0
10157.0
8628.0
10370.0
10346.0
0
0
9995.5
10102.0
10365.0
10219.0
8210.0
5655.0
10103.5
10194.0
9998.0
7750.5
7701.5
9493.0
7042.0
9764.0
9690.0
9655.0
8056.0
10539.0
8708.0
8248.0
424.0
9196.5
0
10096.5
10062.0
10170.0
7115.5
10094.5
9753.5
9170.5
6989.0
8461.0
9313.5
7655.0
10282.0
5772.0
4834.5
8503.5
7028.5
10165.0
663.0
9466.0
7957.5
8216.0
10246.0
8374.0
8697.5
7793.5
9724.5
10099.0
10253.0
9109.5
10649.0
10622.0
10193.0
9843.5
10418.5
10592.5
8351.0
1014.5
8870.0
10376.0
8998.5
3687.0
5267.0
9380.0
10541.0
10210.5
10043.5
8625.0
8734.5
10493.0
10104.0
9160.0
10109.5
8355.5
10201.0
9494.5
10020.0
10418.5
0
8585.0
10050.0
0
7529.5
10729.0
7610.5
8486.5
10197.5
10053.0
9766.0
10171.0
10487.0
2383.5
4960.5
10201.5
9458.5
7155.5
10078.0
10531.0
4552.0
8504.0
9775.0
10064.0
6189.0
10067.0
10099.0
4797.0
10306.0
6754.5
10292.5
10206.5
10297.5
10260.5
6066.5
0
6731.5
5892.0
6505.0
7793.0
7746.5
9351.0
8976.5
5731.5
6942.0
10413.0
7395.0
7777.0
8019.0
10237.0
9260.5
0
10057.5
6752.0
10347.0
9477.5
10487.0
10172.0
6632.0
10181.5
10283.5
10056.5
9311.0
7157.0
10481.5
3281.0
10484.5
9402.0
8909.5
10060.5
9237.5
4599.0
10115.0
0
0
6261.0
7517.0
6657.0
10636.5
0
8505.0
10652.5
0
0
10724.0
10057.5
7307.5
10498.0
8064.5
7541.5
10054.0
8125.5
10055.5
8566.0
8218.5
0
8843.5
10177.5
7766.0
8914.0
8456.0
10503.0
8942.0
9679.0
6394.5
10089.0
9202.0
10200.0
770.0
7439.5
3827.0
10046.5
10425.5
10270.5
10201.0
699.5
8561.0
8489.5
10056.0
6886.5
7902.5
10299.0
10286.0
8605.0
10400.5
10497.5
8493.0
10274.0
6496.5
7253.5
10116.0
8973.5
8253.0
8833.0
0
6583.5
8359.0
10077.0
8133.5
10065.0
8097.0
5622.0
3372.0
7841.0
10172.0
7636.5
8131.5
6608.5
8185.0
10496.0
1016.5
7646.5
10238.0
7456.5
8548.0
9543.5
10518.0
6306.0
6632.0
5400.5
10280.0
9779.0
8902.0
5327.5
10543.5
7949.5
10208.5
10381.5
1312.5
9508.0
7283.0
419.5
9221.0
10435.0
10087.5
10202.5
7096.0
7051.5
9469.0
10252.5
7027.0
8641.5
9391.0
8003.5
10078.0
8396.5
10210.5
10080.5
9603.5
10928.5
9470.0
7179.5
8035.0
5942.5
10490.5
10120.0
7048.5
10186.0
10268.0
10045.5
4317.0
5794.0
7680.0
10431.0
10180.0
10187.0
10169.5
10192.0
10256.0
9819.5
8338.5
10222.5
9179.5
10281.5
6891.5
10675.0
6855.5
8789.0
10202.0
10046.0
6563.0
10067.5
10184.0
8332.0
6326.5
10287.5
8884.0
10326.5
8617.0
9983.0
8959.0
6795.0
10265.0
10464.5
8677.5
9997.0
9541.0
10261.0
5955.5
9523.0
478.0
7115.5
8663.0
10150.0
5931.0
10577.5
8323.0
10191.0
9793.5
10291.0
2179.0
5718.0
7865.5
10228.5
9152.5
6178.0
10102.5
7961.5
7225.0
6143.0
1308.0
8931.0
7674.0
8267.5
7720.5
1771.5
6357.5
5926.0
10578.5
8013.5
7828.5
8625.5
7207.5
10058.0
10309.5
8384.5
10272.0
8040.5
8020.0
771.5
8414.0
10566.0
6615.0
6674.0
6255.0
6601.5
10132.0
10104.0
10061.5
10458.5
10236.5
7917.5
9055.0
10210.0
10457.5
10497.0
7453.5
5058.0
7310.0
7091.5
8732.0
6479.5
7706.0
10725.0
9174.5
8861.5
7972.0
6514.0
8496.5
9473.0
10385.0
10290.5
9966.5
10105.0
10071.0
10229.0
0
8901.5
10073.5
10071.5
10144.0
7140.0
10060.0
7221.0
0
6536.0
10131.0
10488.0
5644.5
9333.0
8269.5
7815.0
10493.5
10056.0
10293.0
10070.5
0
5874.0
2135.0
8920.0
6428.5
10362.0
10265.5
7079.0
8705.0
8987.0
10081.0
10230.0
6976.5
10052.5
10504.5
8990.5
9639.0
10175.5
10503.0
9060.0
10188.0
5992.0
9567.5
10054.5
9321.5
10254.0
1755.5
9674.0
10056.5
10267.0
8660.5
4540.0
10500.5
7837.5
10429.0
8089.0
6045.0
9294.0
10249.5
10054.5
6530.0
9163.0
10442.5
4074.0
7190.0
9453.0
7014.0
6732.0
2016.0
4990.5
4943.0
8987.0
7066.0
10252.5
9020.5
10057.5
10293.5
8433.0
8095.0
10380.0
10059.0
2999.5
9340.0
8360.0
7895.0
7852.0
8741.5
6759.5
10071.0
9146.5
8478.5
8161.0
10132.0
7746.0
6590.5
9212.0
10240.5
7456.0
7003.5
8404.5
7697.0
8276.5
9709.5
7187.0
10413.0
6571.0
8301.0
2871.5
10259.0
2535.5
10312.5
10348.5
716.0
10290.5
10045.5
7178.0
4804.0
9698.0
8302.0
6198.0
8229.0
9510.5
2183.5
6668.0
8642.5
10234.0
8127.5
6473.5
8002.5
10054.0
68.0
7387.0
8728.5
8080.5
7224.0
6571.5
9814.5
10101.0
8018.5
5810.5
9443.5
10174.0
7232.5
9217.5
0
6837.0
6976.5
10171.0
10373.5
10196.0
5477.0
10181.5
6856.5
7974.5
10188.0
7860.0
6085.5
7612.5
7660.0
10347.5
9074.5
9693.5
8579.0
7406.5
9605.0
8918.0
6800.5
5080.0
9563.0
10224.0
9230.0
10136.5
10230.5
8972.5
10030.0
68.0
10247.5
489.5
6270.5
10233.5
6871.0
5892.5
9871.5
9285.5
9562.0
7931.5
9769.5
10273.0
10055.5
10201.5
2434.5
10685.0
10022.5
8917.0
8905.5
9514.5
7355.5
6704.0
8674.5
6841.0
7608.0
6124.5
10261.5
0
8361.5
10101.5
7599.5
10058.5
6888.5
10075.5
8164.5
10352.0
7974.0
10244.0
8667.5
407.0
9245.0
10493.5
10078.0
10499.0
5631.0
8660.5
9963.5
10224.0
9002.5
7039.0
10203.0
8771.5
0
7080.5
8662.5
10078.0
8620.5
8925.0
8032.0
8950.5
1384.0
4282.0
10484.5
10124.0
7115.0
10081.5
10221.0
10750.5
9115.0
10507.5
8828.5
0
5711.5
8598.5
9299.0
10149.0
10112.0
7282.0
8535.0
10450.5
7597.0
9094.5
10061.5
8564.5
10086.5
10202.0
8244.0
8888.0
2718.5
8711.0
8705.5
11448.5
0
8386.0
8031.0
8655.0
10200.5
5768.0
9508.5
10517.0
10504.5
10155.0
9256.0
9443.5
10085.5
8834.0
10353.5
10150.5
9180.5
6956.5
10407.0
7597.0
9503.0
9101.0
9023.0
10099.0
10183.0
8843.0
10055.5
8545.5
4617.5
10413.0
10194.5
8405.0
10173.5
9224.0
2980.5
8719.0
7973.0
10119.0
6652.0
8693.0
8954.5
10244.0
10169.5
8442.5
126.5
9172.5
10161.5
419.5
6627.5
10134.5
10278.5
10237.5
6337.5
10130.5
9110.5
10511.5
1918.5
10289.0
10075.5
10051.5
10480.0
10150.0
3651.0
9562.0
9337.0
10209.0
6948.5
10242.0
10214.5
9222.0
2018.0
10005.0
10158.0
10675.5
9891.0
10502.0
10228.5
7807.0
7600.5
10357.5
7433.0
10302.5
10260.5
9641.5
9610.0
9739.5
8213.5
10493.0
9197.5
997.5
9727.5
10148.0
10183.5
8518.5
6972.0
10100.5
10240.0
0
1436.0
10302.0
9472.5
8926.5
7959.5
9086.0
8851.5
10080.0
10154.0
8431.5
10266.5
7153.0
6196.5
10625.5
9215.5
0
7215.5
10436.5
10414.0
0
8902.5
10172.5
10333.5
7784.0
10117.0
10429.0
8417.5
7719.5
8101.5
10321.0
10385.0
7937.0
10138.5
7376.0
7689.5
7541.0
115.5
10166.5
10269.5
6385.0
7928.5
7551.0
6069.0
10975.5
10586.5
0
8535.0
7289.5
2744.0
10244.0
10413.5
5719.5
10489.5
9396.5
10049.5
6622.0
8690.0
10097.0
7915.0
9576.5
10257.0
10106.0
10335.5
9790.5
9329.5
10507.0
2044.5
8775.0
2777.0
10068.0
10395.5
2547.0
10603.5
0
365.5
7082.5
0
10062.0
0
1196.0
10223.0
10054.5
6838.0
10299.5
8055.5
10428.5
10111.5
8734.5
9691.0
10380.5
8093.5
8416.5
9862.5
8672.5
9098.5
7095.5
10203.0
9815.0
6833.5
10496.0
10058.0
10125.0
10380.5
7578.5
7500.0
0
1895.0
4217.5
10076.0
10499.0
6641.0
10048.5
9394.5
5724.5
8463.0
10492.0
9028.5
10455.5
10728.0
0
10312.5
9723.0
6199.5
7951.0
10477.0
7078.5
0
0
10433.5
8513.0
5826.5
8111.0
8009.5
8360.0
10089.5
1515.0
4090.0
10045.5
10496.0
3816.0
9093.5
10218.5
6156.5
6075.0
7250.0
10202.0
8007.0
9408.0
5163.5
9153.0
10015.5
9895.5
10206.0
10201.5
10248.0
0
8975.5
6681.5
6783.5
9046.0
6129.0
7424.0
10106.0
10099.5
7452.0
10067.5
5520.5
10384.0
9372.5
138.0
9400.5
8278.0
6501.0
126.5
5138.5
10305.0
8437.5
6472.0
6411.0
10296.5
10082.0
6276.5
8818.5
4291.0
9897.0
8674.0
10414.0
8422.5
5831.5
10486.5
9909.0
10280.0
8909.0
10278.0
4296.5
10327.0
10177.0
5386.0
1014.5
11400.0
10240.0
7737.0
6150.0
4142.0
9678.0
5863.0
10213.0
10439.5
10380.0
7909.5
10196.0
8919.0
10785.5
10105.5
9853.0
6796.0
9655.5
7373.0
10133.5
9441.5
4012.5
4980.0
10119.5
10636.0
3254.0
10352.0
7163.5
10120.5
7797.5
2787.5
10081.0
8385.5
6430.0
8932.0
8137.5
8906.0
10214.0
7168.5
10428.5
9725.0
8416.5
7758.0
7939.5
0
10520.0
4151.0
10382.0
10941.0
8330.0
10341.5
7476.0
6089.5
9079.0
10169.5
0
7276.5
9893.0
7315.5
10466.5
10237.0
9089.0
10518.5
10502.5
6327.0
2793.5
5407.5
2223.0
10505.5
9380.0
10058.0
7555.0
9935.5
6461.5
10073.0
10178.0
7793.5
9984.0
10247.5
9778.5
6092.0
10055.0
10471.0
10168.5
10433.0
10189.0
10159.5
5950.0
10280.0
9265.0
5687.0
4957.0
9868.5
7961.5
9317.0
9326.0
7129.0
7593.0
8634.5
9430.5
6234.5
9206.0
7239.0
8572.0
9563.5
9488.5
9227.0
646.0
10101.0
8154.0
0
9526.0
8073.5
10483.5
10158.0
8067.5
10106.0
10638.0
8532.0
10123.5
10190.0
10260.0
8678.0
7227.0
4824.0
10302.5
9405.0
9477.0
2455.0
10214.5
10402.5
8894.5
10079.0
10275.5
10420.0
8332.0
10066.0
10149.0
10306.0
6997.0
9779.5
5328.5
7725.0
243.0
1692.0
10502.0
4856.5
9593.0
940.0
10058.0
9788.0
5897.0
9121.5
6836.0
9033.5
688.0
1940.0
4943.0
10054.0
1895.0
10227.0
0
10455.0
0
5904.5
10091.0
10396.0
9937.5
10333.0
8354.5
7407.0
9718.5
8891.0
10564.5
8130.0
10228.5
9126.5
4798.0
10127.0
10163.0
9733.5
10195.5
6942.5
10254.0
9936.0
9886.5
5366.0
9003.0
8417.5
774.5
7615.0
9605.5
7602.5
10625.5
10107.5
9701.0
10386.5
10201.5
10063.5
10437.5
9393.0
10626.0
9661.0
7521.5
9826.0
895.5
6672.5
10242.5
7842.0
7688.5
8552.5
10169.5
10090.0
9374.5
8316.5
7608.0
8593.5
5141.5
9229.5
0
6952.5
7429.5
10102.0
8415.5
7000.5
6179.0
6744.5
8506.5
9633.5
10086.5
9171.5
10160.0
9520.0
7931.5
5445.0
10050.0
9664.5
9919.0
10359.0
0
68.0
10358.5
126.5
10063.5
138.0
9146.0
8725.5
10873.0
6685.5
8475.0
68.0
10115.0
10940.0
8956.0
8128.5
5676.5
8701.5
7025.0
10084.5
8862.0
3397.0
10051.0
10301.5
9928.5
9459.0
5088.5
10612.0
1745.5
1307.0
2638.0
8150.5
10073.5
10075.0
10162.0
8250.0
10125.0
8226.5
10174.5
10612.5
10826.5
8567.0
9481.0
7846.0
9913.0
10391.0
4186.5
8053.5
9202.5
9802.0
9837.0
5718.0
10183.5
5590.5
8255.5
10274.5
10084.5
3367.5
10389.0
0
10063.5
0
10240.0
0
10089.5
459.5
10099.5
9885.0
9416.0
10499.0
6322.5
10362.5
9929.0
7201.5
6006.5
10226.5
4355.0
7645.5
10322.5
0
7228.5
9840.0
9005.5
8277.5
10360.5
9613.0
9916.5
8831.0
6227.0
9857.5
10101.5
8935.5
5931.0
10058.5
10096.0
7357.0
9372.0
10425.0
8276.0
10072.5
10302.5
2046.0
6699.5
9092.5
9964.5
8369.0
6576.5
6600.0
8556.0
9371.5
10096.5
7335.0
6846.5
10513.5
0
6232.0
10608.5
5811.5
6198.0
10259.0
9716.5
6943.0
10216.5
9464.5
10118.5
7560.5
3270.0
8721.5
9304.0
6304.5
9132.0
7928.0
10150.5
0
8173.5
6562.0
6501.0
6410.0
9589.0
5901.5
4625.0
7267.0
1258.5
10083.5
10502.0
10292.5
10501.0
9487.0
997.5
7395.5
10252.5
10069.5
9847.5
819.0
9283.0
8802.0
9001.0
10122.0
7600.5
9799.5
10109.5
8361.0
8715.0
10510.0
10203.5
3394.5
6525.5
1924.0
9580.5
7075.0
10759.5
7500.0
7809.0
4997.0
9037.0
2428.5
8298.5
10192.0
10143.5
6737.0
9633.5
10072.0
10333.0
7006.0
10188.5
8638.5
9435.0
3557.5
8138.5
6870.5
9825.5
9430.0
8102.5
10490.5
9036.0
4310.0
8093.5
10290.0
0
6741.5
6491.5
8713.0
10176.0
10056.0
6613.0
10061.5
710.5
10427.0
10658.5
5687.5
10433.5
10292.5
10505.5
9621.0
8631.0
7774.0
9914.0
10560.5
9037.0
8476.0
10379.5
10411.5
8758.0
9660.0
10145.0
8666.5
9213.5
4380.0
2716.5
6649.0
10109.0
7565.5
0
10226.5
9513.5
7954.5
6233.5
8584.0
10309.0
10084.5
9306.0
7358.5
7430.5
9832.5
1823.0
10133.0
9406.0
7053.5
10299.5
10352.0
6606.5
6556.0
10359.0
9959.0
5719.5
10420.0
9159.5
8624.0
7826.5
10078.0
10393.0
9202.5
10134.0
9913.5
9763.5
10042.0
7051.0
0
10229.5
5718.0
8512.5
10227.0
10116.5
2183.0
0
2146.5
10083.5
9729.5
9262.5
10496.5
8425.5
7712.5
10501.5
9581.5
10078.0
9850.0
10126.5
5213.5
10579.0
10048.5
7104.5
10114.0
10505.0
10048.0
10221.5
10086.5
10215.5
8385.0
7600.0
9484.0
0
5903.0
8264.0
9117.0
8884.0
10151.0
10041.5
0
10131.5
9305.0
8640.0
9349.5
10482.0
8237.0
5630.0
10146.5
10326.5
8035.5
9781.0
6746.5
10469.0
10389.5
9850.5
10090.0
7802.5
10059.5
8791.5
10105.0
7959.0
0
10626.0
7166.5
10013.5
9849.5
10511.5
10526.0
5253.5
10013.0
8120.0
6872.0
