126.5
438.5
419.5
285.5
866.0
787.0
1632.0
1446.5
2133.0
2335.0
1380.0
68.0
533.5
370.5
68.0
2450.0
2720.0
3118.0
912.5
771.0
1106.5
2844.0
3562.0
0
3649.5
3060.0
1035.5
3750.0
2941.5
746.5
68.0
841.0
2272.5
533.5
478.0
598.0
0
1133.0
2350.5
1753.0
995.0
3703.0
2517.0
1395.0
945.0
4160.5
604.0
3289.5
2518.0
1257.0
634.5
476.0
1499.5
365.5
541.0
2067.0
68.0

1060.0
300.5
1779.0
925.0
1176.0
1329.0
546.0
802.5
965.0
3974.0
68.0
225.5
970.0
951.0
717.0
68.0
68.0
1793.0
2163.0
3993.5
2394.5
1144.5
917.5
620.5
811.0
2439.0
1779.0
3063.0
68.0
825.5
2870.0
1205.0
2660.5
650.5
0
952.0
1321.5
438.5
194.5
368.5
1158.0
478.0
1419.0
710.5
3774.5
742.0
736.0
2930.5
138.0
126.5
302.0
554.0
115.5
0
776.0
242.0
438.5
438.5
68.0
848.0
775.5
745.0
68.0
467.0
243.0
233.0
1211.5
497.0
671.0
771.0
126.5
348.5
848.5
1225.0
68.0
0
848.5
348.5
138.0
120.5
374.5
1334.5
497.0
726.0
300.5
543.5
0
1372.0
0
370.5
951.5
897.5
478.0
138.0
407.0
952.5
472.0
1797.0
359.0
478.0
894.5
775.5
1341.5
1871.0
546.0
879.0
126.5
68.0
126.5
126.5
115.5
804.5
605.0
1190.0
242.0
593.5
285.5
668.0
584.5
68.0
68.0
383.0
521.0
692.5
738.5
0
1003.5
68.0
68.0
0
68.0
253.5
699.5
0
548.0
138.0
667.0
0
9.5
0
538.0
438.5
68.0
383.0
68.0
719.0
821.5
126.5
68.0
478.0
0
0
68.0
516.5
438.5
316.0
982.5
0
126.5
126.5
0
412.0
0
120.5
68.0
474.5
300.5
287.5
401.0
401.0
438.5
253.0
300.5
1176.0
253.5
313.5
0
1634.0
138.0
128.0
68.0
363.5
68.0
68.0
607.5
598.0
68.0
2073.5
576.5
0
128.0
313.5
243.5
68.0
194.5
257.0
464.0
465.0
68.0
126.5
365.5
523.5
726.0
419.5
497.0
126.5
435.5
497.0
752.5
126.5
0
478.0
726.0
383.0
0
608.5
348.5
734.5
68.0
126.5
642.0
68.0
243.5
0
302.0
516.5
68.0
126.5
1573.0
535.0
997.5
438.5
365.5
781.5
856.0
68.0
365.5
68.0
138.0
607.0
548.5
313.5
1024.0
1337.5
641.5
419.5
68.0
0
960.5
438.5
508.5
820.5
243.5
390.5
0
842.5
138.0
401.0
438.5
138.0
126.5
68.0
515.5
645.5
1457.0
683.5
120.5
0
401.0
68.0
126.5
471.0
300.5
302.0
592.0
1557.5
126.5
441.5
825.5
302.0
467.0
1226.0
68.0
478.0
0
604.5
183.5
717.0
478.0
374.5
913.5
0
126.5
126.5
68.0
126.5
581.0
257.0
126.5
68.0
126.5
68.0
359.0
120.5
300.5
138.0
126.5
126.5
539.5
365.5
587.5
348.5
401.0
476.0
608.5
551.0
183.5
126.5
302.0
68.0
419.5
424.0
68.0
138.0
633.5
797.0
1747.0
194.5
128.0
745.5
1062.0
401.0
401.0
365.5
115.5
0
1042.5
128.0
126.5
1104.0
183.5
285.5
489.0
68.0
316.0
581.0
126.5
0
68.0
580.0
126.5
680.0
365.5
1431.5
1635.0
300.5
183.5
492.0
173.0
68.0
407.0
1049.0
617.0
0
768.5
829.5
316.0
68.0
126.5
138.0
357.5
489.5
0
68.0
126.5
646.0
471.0
126.5
471.0
126.5
136.0
300.5
126.5
672.5
1070.5
386.0
719.0
0
497.0
0
68.0
535.0
475.5
761.0
68.0
686.0
518.0
126.5
68.0
1160.0
68.0
419.5
435.5
68.0
68.0
401.0
183.5
120.5
243.5
68.0

533.5
230.5
0
489.5
503.5
316.0
0
722.0
126.5
497.0
186.5
126.5
365.5
243.5
419.5
126.5
0
479.5
407.0
0
508.5
1233.0
686.0
973.5
68.0
136.0
300.5
0
348.0
383.0
68.0
1735.5
68.0
1149.0
459.5
944.5
524.5
1138.5
581.0
316.0
313.5
1649.0
583.0
126.5
1092.0
486.0
813.0
368.5
932.0
973.0
543.5
365.5
68.0
755.0
190.5
671.0
257.0
0
0
401.0
1204.5
489.5
971.5
1260.0
438.5
128.0
884.5
693.0
808.5
637.0
253.5
761.5
1421.0
809.5
828.5
424.0
68.0
775.5
646.0
126.5
0
1535.5
68.0
489.5
68.0
253.5
183.5
1238.5
183.5
834.5
582.0
288.0
289.0
0
126.5
656.0
841.0
0
242.0
0
1494.0
1181.0
243.5
243.5
872.5
707.0
369.5
458.0
0
68.0
401.0
126.5
365.5
348.5
982.5
1503.5
0
1895.5
419.5
68.0
0
891.5
535.0
68.0
68.0
1420.5
1368.0
0
624.0
962.5
736.0
407.0
183.5
126.5
0
407.0
0
416.0
120.5
243.5
476.0
459.5
1295.0
523.5
68.0
0
120.5
68.0
0
365.5
582.0
68.0
68.0
790.0
1671.5
603.5
3036.5
826.0
418.5
0
68.0
1215.0
126.5
908.5
478.0
717.0
419.5
68.0

841.0
799.0
540.5
230.5
768.5
441.5
651.5
1019.5
2135.5
1296.5
1165.5
512.0
0
592.0
1005.5
316.0
1329.0
0
1593.5
1871.0
316.0
652.0
968.5
1081.0
68.0
1200.5
459.5
2211.0
1284.0
68.0
120.5
505.5
1555.5
719.0
755.5
128.0
374.5
1137.5
698.5
300.5
128.0
126.5
652.0
0
1176.5
524.0
924.5
761.5
418.5
983.5
1245.5
438.5
717.0
547.5
479.5
523.5
529.0
316.0
1253.0
717.0
348.5
1522.0
2093.5
0
478.0
816.0
4923.5
498.5
1073.0
479.5
126.5
2630.5
68.0
1224.0
1283.5
285.5
0
1010.0
570.5
1149.0
478.0
1654.0
478.0
848.5
419.5
0
243.5
68.0
1076.5
595.0
812.0
1934.5
1904.0
0
905.0
1597.0
1549.0
1482.0
1213.5
230.5
1141.5
600.5
390.5
0
736.0
0
2764.5
427.0
186.5
814.0
1532.0
2264.0
964.0
995.0
1246.0
441.5
892.5
68.0
1393.0
1909.0
1951.5
791.0
2611.5
965.5
2719.0
1200.0
478.0
1844.0
128.0
0
1342.5
2301.5
1332.0
1584.0
2282.5
0
707.5
183.5
1003.5
2483.0
612.0
1704.5
2435.5
419.5
1087.5
1200.0
4660.0
984.5
1840.0
882.5
3872.5
413.0
68.0
128.0
828.0
996.5
767.0
489.5
1622.5
953.0
126.5
3103.0
2034.5
947.0
126.5
1035.0
501.0
2087.0
0
1754.0
0
278.0
0
629.0
138.0
2278.5
1547.5
401.0
136.0
0
736.0
126.5
1196.0
704.5
546.0
243.0
489.5
650.0

2172.0
1479.0
3495.0
4119.5
835.5
1035.0
1158.5
68.0
2015.0
1366.0
2273.5
113.5
183.5
829.5
895.5
68.0
878.5
2530.5
2023.5
5164.5
5139.5
869.5
1190.5
618.5
1813.5
1238.0
796.0
894.5
1263.5
497.0
1826.5
5915.0
8397.5
126.5
1924.5
3266.5
2431.5
5153.5
2970.0
813.0
899.0
1791.5
3803.0
231.5
841.0
2429.5
419.5
478.0
1584.5
862.0
9632.0
700.0
1289.5
601.0
656.5
2209.0
1210.5
607.5
805.5
5654.5
4808.0
359.0
138.0
4869.5
489.5
831.0
2751.5
1057.0
0
2482.0
68.0
521.5
401.0
10968.0
1489.0
4218.0
716.0
2148.5
0
914.0
253.0
3631.0
1572.0
5430.5
120.5
2828.0
2488.5
2491.5
3212.0
3141.0
1256.0
68.0
1828.5
5700.0
6596.5
2999.5
128.0
2000.5
4903.5
7004.0
4894.0
4390.0
4850.0
302.0
6305.5
120.5
1056.5
1490.5
2741.0
2912.5
1448.0
4344.5
5378.5
1281.0
2576.5
3090.0
4641.5
1564.0
1474.5
2477.0
4368.0
2765.5
768.5
438.5
2774.0
1719.5
1438.5
5362.5
1179.5
2374.0
0
2412.0
1396.5
618.5
3132.5
0
0
4782.0
68.0
729.5
1549.0
1898.5
6371.0
138.0
771.0
257.0
2309.0
5574.5
431.5
717.0
2946.0
0
3779.5
365.5
1234.5
7111.5
4611.0
2848.5
5874.5
1056.0
3416.5
716.5
2155.5
5833.0
0
2489.5
2578.0
1978.0
848.5
2139.0
1762.5
5036.5
2504.0
986.5
6112.5
2144.5
1991.5
302.0
489.5
7474.5
313.5
3926.5
243.5
953.0
316.0
6514.5
6732.0
2121.0
4786.5
1629.0
7550.0
486.0
4224.5
1881.5
3077.0
424.0
2387.5
383.0
3413.0
946.5
419.5
2488.0
383.0
1383.5
3450.5
1886.5
3599.0
2477.0
120.5
1053.5
6956.0
1368.0
1145.5
4717.5
0
2715.0
407.0
438.5
1647.0
2097.0
126.5
704.5
5124.5
2544.0
1243.0
4651.5
1732.0
2612.5
2694.5
2706.0
1812.5
3807.0
3675.5
2524.5
1882.5
3082.0
2635.0
2367.5
2781.0
5762.5
5772.0
830.0
2257.0
1346.5
2393.5
1870.5
1910.0
804.5
2550.0
233.0
667.5
5998.0
365.5
1822.0
3180.0
957.5
365.5
6457.5
1570.5
796.5
498.5
3358.5
4715.0
3028.0
1581.0
68.0
1828.5
3265.5
478.0
4989.0
2760.5
4095.0
3419.5
243.5

952.5
2862.5
2826.0
1514.0
4044.0
3494.0
806.0
790.0
5333.5
3903.0
1370.0
1181.5
1560.5
68.0
126.5
3419.5
1118.5
1141.5
438.5
893.0
5684.0
0
4013.0
0
2364.0
6382.5
0
6672.5
667.5
126.5
1201.5
401.0
1844.0
2294.0
5854.5
126.5
2858.5
2217.0
6414.5
7347.0
1008.0
418.5
1494.0
0
438.5
6436.5
2300.5
2039.0
2621.0
1534.5
663.5
894.5
2102.5
0
638.0
1946.5
4342.5
889.5
956.5
1841.5
6678.0
1330.0
3230.5
0
474.5
0
717.0
68.0
1470.5
313.5
2592.0
1747.0
3738.0
2506.0
7719.0
68.0
1402.5
6257.5
3252.5
1826.0
1238.5
1388.0
478.0
1102.0
1424.5
1989.5
733.0
1158.0
0
374.5
2067.0
819.0
6061.0
4358.0
1975.5
5753.0
1087.5
0
763.0
313.5
179.0
7115.5
1718.5
1303.0
696.0
637.0
686.0
1257.5
827.5
3614.0
3042.0
6732.0
1661.5
405.5
1058.0
438.5
6028.5
0
3948.5
1207.5
1392.5
1545.5
68.0
2520.0
1659.0
128.0
466.0
1632.5
1393.5
2637.0
0
518.0
667.5
1903.5
0
932.5
419.5
4235.0
173.0
2655.5
1662.5
717.0
451.0
0
242.0
2113.0
438.5
1340.0
1183.5
316.0
2860.5
3848.0
1283.5
138.0
478.0
1860.5
374.5
1300.0
435.5
4254.5
300.5
4050.5
4499.5
3747.5
2625.5
464.0
0
653.5
2164.0
5924.0
316.0
419.5
3991.0
1645.5
1051.5
639.5
0
591.5
1994.5
2420.0
628.0
68.0
128.0
68.0
438.5
3726.5
0
2210.0
7689.5
2487.0
383.0
2914.0
2343.0
1943.5
1054.0
0
653.5
6782.5
2077.0
5164.5
1540.5
1062.5
1366.0
0
3054.5
2462.0
710.5
1179.0
1627.0
1728.0
4441.5
2129.0
0
758.5
546.0
0
1052.0
881.5
489.5
478.5
5871.5
0
5597.0
424.0
833.5
1233.0
1155.5
0
0
0
.0
68.0
964.0
1494.5
2532.5
613.5
1662.5
1312.0
861.0
4107.0
68.0
1719.5
911.0
758.5
1352.5
243.5
771.0
2228.0
0
2067.0
0
1856.5
401.0
860.0
68.0
2097.0
0
4261.5
243.5
1451.0
0
1460.0
2099.0
603.5
5988.0
0
822.5
0
489.5
2735.5
316.0
1227.0
1019.5
0
3.0
3170.0
2498.0
257.0
750.5
1493.0
1824.5
1042.5
4939.5
775.5
2854.5
5652.0
794.5
748.5
4017.5
0
0
438.5
933.5
7484.5
0
0
2553.0
0
535.0
1066.5
459.5
896.5
370.5
186.5
243.0
660.0
758.5
0
2054.0
1497.0
3714.0
5464.5
5873.0
4773.5
829.5
186.5
4494.5
1358.0
497.0
830.0
1801.0
4280.0
1366.5
5359.0
126.5
300.5
0
1700.5
1662.0
5487.0
1109.0
6094.5
0
2168.0
1194.5
0
2008.5
1779.0
2732.5
348.5
0
7089.5
2425.5
5676.5
2520.5
1884.5
0
3510.5
0
3746.0
2357.5
459.5
3846.0
2943.0
2210.5
2340.5
1735.0
6344.5
3432.5
5812.5
2005.5
1688.5
2853.0
601.0
1866.0
2526.5
5061.0
68.0
1022.5
949.5
2053.0
419.5
2603.5
2059.0
383.0
4922.5
0
0
68.0
3736.5
634.5
2764.0
126.5
2375.5
0
0
986.5
1851.5
761.5
1185.0
1851.0
6409.5
2402.0
1536.5
1693.5
3230.5
2898.0
2120.5
1531.5
528.0
3189.0
471.0
848.5
2933.0
6489.5
1375.5
0
3553.0
1062.0
3772.5
3587.0
726.0
770.0
1141.5
344.0
3697.5
4084.0
3021.5
5064.5
2323.5
6296.5
2904.5
3802.0
1815.0
2244.5
5370.5
1601.0
4884.0
934.0
1947.0
4038.0
1811.0
419.5
1413.0
316.0
401.0
809.0
2204.0
2521.0
1510.5
537.5
6144.5
1933.0
770.0
2239.0
4575.0
1116.0
1785.0
4780.5
1670.0
6603.5
243.0
68.0
4310.5
0
5916.0
1627.5
2050.0
841.5
3722.5
2318.5
4142.5
1794.0
1908.0
1896.5
590.0
1655.0
2960.5
3331.5
3941.5
355.0
2412.0
0
3607.5
0
3551.0
2764.5
1118.0
0
7216.5
4323.0
1456.5
4617.0
911.5
968.5
2935.0
7563.5
2159.0
605.0
4187.5
3369.0
896.0
2231.0
1039.0
0
2867.0
1655.0
4285.5
1335.5
3338.5
849.0
692.5
6122.0
3265.5
639.5
3609.5
4109.0
0
4864.0
3628.5
3487.0
1374.0
383.0
4994.5
6336.0
3697.0
126.5
4582.5
4152.5
243.5
138.0
4121.0
5101.0
1193.0
1957.5
459.5
2837.0
6600.0
943.0
285.5
6945.0
4753.5
478.0
2634.5
4137.0
0
3903.0
4016.5
2908.5
1584.5
316.0
1183.0
0
5.0
1685.0
2201.0
0
3780.5
0
3910.0
401.0
1293.0
2957.5
2089.0
4276.5
3198.5
4102.0
3155.5
4388.0
2476.5
497.0
2239.0
3614.5
3105.0
4984.5
2781.5
2878.5
6427.5
4725.5
2782.0
2289.0
2712.0
416.0
0
4167.0
4036.0
4036.0
838.5
2702.0
183.5
6659.5
2684.5
1934.0
183.5
183.5
300.5
1829.0
2866.5
3901.0
3107.0
3450.5
824.0
4503.0
2013.0
3730.0
1213.0
4157.5
419.5
4307.5
2999.5
4622.5
3443.5
878.5
1090.5
365.5
4869.5
0
1937.5
1299.5
0
2955.0
0
667.5
6498.0
550.0
2266.5
2658.5
3159.0
2546.0
0
2279.5
3322.5
5927.5
3199.5
5188.0
438.5
3421.5
479.5
6096.0
3206.0
1813.0
1662.5
0
492.0
0
5192.5
2192.0
586.5
1118.5
419.5
404.5
0
588.0
2220.5
243.5
3205.5
0
0
2609.0
2212.0
2500.5
3357.0
788.0
2587.5
3098.5
2827.0
2321.5
0
2276.0
3971.5
1151.5
0
3127.5
459.5
1873.5
3793.0
2933.5
6149.5
1954.5
1176.0
2825.0
4228.0
2977.0
1739.5
0
1745.5
6652.0
5182.0
582.0
3179.0
478.0
829.5
4455.5
3046.5
2638.0
0
1719.0
4542.0
2375.0
651.0
3003.0
126.5
165.5
0
3284.5
3014.5
0
4213.5
3481.0
3265.5
5947.0
5567.0
3861.0
5086.0
3296.5
0
3566.0
3896.5
2860.5
2968.0
2724.5
1655.0
1774.5
5695.0
1830.5
1268.5
126.5
1219.5
0
4549.5
4780.5
1286.0
2664.5
790.0
4038.0
2839.0
3607.5
707.0
3871.0
0
1569.0
1689.0
7988.5
0
2824.0
5900.5
484.0
0
3843.5
5246.0
1974.0
0
4264.0
2846.0
4546.0
5307.5
3912.5
5483.0
2344.5
4851.5
3691.5
5064.5
2628.0
1665.0
2127.5
916.0
2570.0
860.0
1414.5
0
0
3941.5
5359.5
2308.5
3316.0
2303.5
6461.0
7227.0
2171.0
463.0
7784.0
1527.5
4563.0
0
6028.0
2955.5
68.0
0
4510.5
794.0
3625.5
0
5428.5
5781.0
4876.5
0
1417.0
2981.5
2280.0
0
1365.5
3392.0
0
1932.5
4293.5
4810.0
1457.0
2533.0
2385.5
6120.0
68.0
7929.0
6292.0
1711.0
5839.5
4953.0
993.0
0
419.5
3254.5
2378.0
0
4953.0
1538.0
6224.5
2927.5
0
0
6709.5
1632.0
3142.0
4757.5
0
2706.5
0
0
7725.0
3523.0
4736.0
2392.0
3274.0
6974.0
0
5920.5
4491.5
3683.0
985.0
1518.0
1179.0
707.5
3284.0
1788.5
2951.0
5063.0
3441.5
2166.0
1030.0
895.0
650.5
984.0
4569.5
3357.0
2466.5
1528.0
0
7568.5
0
0
2125.5
3378.0
2704.5
3507.0
138.0
3099.5
0
1474.5
770.0
4821.0
3989.0
0
7996.0
2675.0
1263.0
4117.5
3348.0
3718.0
0
0
1457.0
5134.0
3744.5
2237.0
4468.0
2613.5
5105.5
3317.5
4815.5
3741.5
1441.0
2544.5
5391.0
5849.0
2202.0
2687.5
2037.0
2103.0
5009.5
6945.0
6332.5
8806.5
68.0
3244.0
68.0
6073.0
3208.5
1325.0
2379.0
4840.0
7949.5
1906.0
5122.5
2450.5
1258.0
1718.0
4935.5
6951.0
7138.5
4723.5
0
2577.0
4097.5
2610.5
1051.0
4889.5
2488.0
683.5
6197.5
138.0
1004.0
3521.0
811.0
3377.5
6626.5
68.0
289.0
4217.0
3945.5
6409.0
1861.5
976.0
2188.5
1551.5
365.5
4558.0
5773.0
2216.0
0
2782.5
5428.5
659.0
2220.5
5151.5
911.0
6609.5
5197.5
1811.0
3775.0
2074.5
2821.5
4246.5
2234.5
4059.0
6538.0
4697.5
1558.5
3955.0
1392.0
316.0
3870.0
3720.0
3294.0
907.0
3454.5
4119.5
6296.0
1483.0
1217.5
3406.0
1512.0
2828.0
4698.0
3973.5
2369.0
546.0
1479.5
427.0
0
3408.0
4551.0
2202.0
0
4327.5
3693.5
2846.0
3550.0
1584.0
3173.5
126.5
1323.0
2629.5
5967.5
0
126.5
0
3656.5
3917.5
5068.0
4711.0
138.0
3527.5
4333.5
5508.0
2497.0
2319.0
1574.0
2698.0
2292.5
0
2962.5
2386.5
4829.0
4762.0
2514.0
0
2282.5
3815.0
2270.0
1674.5
5180.5
0
300.5
3170.5
3220.0
5615.0
1737.0
1005.0
6421.5
3902.5
3032.0
497.0
0
2635.5
1403.5
3276.5
3536.5
2899.5
4893.5
2561.5
68.0
419.5
2526.0
2419.5
1655.0
1522.0
138.0
1539.0
516.5
900.5
3046.5
1141.0
2037.5
2806.5
0
0
6358.0
2486.5
0
1129.0
4683.5
4460.5
2862.5
0
6260.0
1986.0
4478.0
3487.0
1537.5
3155.5
0
6219.0
1965.0
2659.0
2805.0
474.5
5028.5
3243.0
4197.0
2167.5
2327.0
595.0
365.5
411.0
419.5
1846.0
3076.0
5907.0
5385.0
1531.0
2853.0
2722.0
2683.5
4735.0
2622.0
2676.5
0
0
0
0
2886.5
6123.0
3006.5
5327.0
3503.5
3430.5
2104.5
1442.0
971.5
1487.5
5907.5
68.0
511.0
0
1746.0
3272.5
4267.0
5671.0
4582.5
0
4825.5
4331.5
1109.0
595.0
0
0
1308.0
4059.0
1569.5
0
1918.0
4047.5
3506.0
2012.5
2823.5
5723.0
68.0
348.5
3696.5
1122.0
2632.0
3808.5
2478.5
419.5
7214.0
2795.0
2066.0
138.0
857.5
3610.5
453.0
5692.0
365.5
6326.0
3522.5
138.0
383.0
4505.5
2703.0
2583.0
582.0
649.0
590.0
1561.5
2457.5
0
613.0
416.0
2332.5
68.0
1762.5
3790.0
0
1576.5
972.5
1388.0
3523.0
2325.5
5167.5
1696.5
0
0
1071.5
508.5
4399.5
2597.5
0
4553.0
2328.0
1890.0
138.0
4991.5
1362.0
3077.5
1697.0
126.5
0
5515.0
5021.0
3062.0
4014.0
1681.5
3488.5
1744.0
1900.0
1328.5
1770.0
2512.5
2954.0
5502.0
2561.0
365.5
2678.5
2693.0
68.0
4808.5
4857.0
243.5
68.0
2035.5
0
3197.0
3656.5
2528.5
2509.0
3852.5
3207.0
2466.5
1121.5
0
4004.0
68.0
2247.0
0
68.0
0
3225.0
0
2872.5
2231.0
419.5
435.5
2823.5
1532.5
5873.0
2099.0
2226.5
0
3733.0
257.0
1529.0
2036.0
2489.5
1962.0
2596.5
2377.5
186.5
1338.5
1540.5
2102.0
6985.0
2811.0
5577.5
1923.5
2053.0
6351.5
2877.0
2216.5
3804.0
3439.0
1498.0
1252.0
2093.0
2905.5
1887.5
5425.5
1069.5
2821.0
3091.0
1748.5
2301.0
4427.0
5937.0
316.0
5508.5
2956.5
4109.5
3043.0
2074.0
2283.0
2734.0
3210.5
3510.5
657.5
1909.0
2413.0
4924.0
957.5
0
831.5
5591.5
2752.5
126.5
1512.0
1201.5
419.5
3156.5
138.0
2090.0
7262.0
0
2347.5
2462.0
2119.5
0
126.5
2012.0
3200.5
2704.0
4663.0
302.0
0
3419.5
5901.5
2432.0
3148.0
115.5
2823.0
1231.0
590.0
1633.0
875.5
4498.0
4666.5
2389.0
2257.5
0
2748.0
486.0
4729.5
6382.5
0
5631.0
2130.0
2581.0
3138.0
0
2627.5
4638.5
2662.5
0
3798.5
0
458.0
3722.5
1779.5
0
4590.5
5650.0
487.5
1196.0
1547.5
5928.0
1201.5
1353.0
2103.0
3981.5
0
2114.0
68.0
5495.0
138.0
2020.0
0
3263.0
0
478.0
1798.0
2371.5
2233.5
0
2802.5
257.0
3237.0
521.0
3422.0
365.5
1869.0
5081.0
2982.5
1404.5
3958.0
5013.5
1747.5
1967.5
523.5
0
0
1989.5
7683.5
3367.5
2771.5
1025.5
438.5
0
3948.5
7380.5
2480.0
2550.0
3148.5
3057.0
1654.0
1919.5
787.0
5006.0
5339.5
0
2424.0
6642.5
0
4133.0
68.0
2648.5
3035.5
1883.0
4924.5
2144.0
5438.5
68.0
3956.0
1899.5
701.5
4727.0
2707.5
2279.5
3883.0
126.5
3473.5
4992.0
2720.5
2054.5
3490.5
1442.5
1775.5
3452.5
2383.5
4659.0
2568.0
2921.5
0
2440.0
2191.5
2342.5
2749.5
4503.5
497.0
3845.0
68.0
1564.5
1432.0
2467.5
2418.5
1038.5
2058.5
68.0
4383.5
3362.0
1836.5
1588.0
809.0
998.5
2599.0
1418.5
2941.5
126.5
4210.5
68.0
4100.5
3989.0
3125.0
2881.5
3515.0
3441.5
0
1121.0
2547.5
1851.0
2162.0
7477.0
0
0
3728.5
2127.5
3697.5
528.5
1491.0
3080.0
4625.0
4131.0
2978.0
419.5
1868.5
5880.5
3109.5
68.0
2418.5
5241.5
4310.5
2585.5
0
2573.5
5478.0
2290.5
459.5
401.0
3078.0
5344.5
5740.0
126.5
1620.5
2845.0
2707.0
4588.5
2855.0
4539.5
3046.5
4688.0
2200.0
2301.0
126.5
544.5
4915.0
1458.0
419.5
3220.5
3623.5
0
2085.5
1855.5
4225.0
1355.5
1126.0
543.5
765.5
2895.0
419.5
1570.5
3143.5
4099.5
4195.5
2060.5
1047.0
1086.5
2538.0
554.0
1747.0
1503.0
1086.0
8871.0
126.5
2738.5
0
4637.0
2197.0
1041.5
5198.5
652.0
516.5
1988.0
1023.5
5123.5
68.0
0
0
1233.5
521.5
6971.5
1322.5
6558.5
2064.0
4826.5
115.5
2884.5
3719.0
4448.0
300.5
5000.0
4921.0
775.5
2587.5
2028.0
4269.5
3193.5
390.5
3554.5
2869.0
138.0
653.5
2711.5
1234.0
2365.0
3943.0
1531.5
1192.5
4072.0
650.5
435.5
3850.5
4232.0
126.5
4271.5
0
1409.0
194.5
300.5
2409.5
1999.0
4012.5
6999.0
4527.0
3381.5
438.5
0
4583.0
126.5
2988.5
4589.0
2424.0
4250.5
3109.0
4631.0
0
1317.0
126.5
1901.5
0
438.5
4682.0
736.0
3222.5
1803.0
68.0
1635.0
806.0
2354.0
5651.0
3351.0
230.5
4252.5
993.5
4857.0
1089.5
4828.0
3703.5
5878.0
0
0
496.0
3225.0
289.0
3280.0
777.5
6898.0
4046.0
2449.0
1120.0
554.5
4826.5
0
1420.5
710.5
4250.0
1903.0
2890.0
5128.5
7053.5
3930.0
1014.5
3944.0
126.5
4043.0
0
2618.0
3015.0
138.0
1516.5
2985.0
1294.5
3164.0
976.0
1032.0
1534.5
416.0
651.5
3013.5
1925.5
1689.0
2669.5
2944.0
6112.5
1941.0
0
3984.5
3039.0
4526.5
289.0
3879.5
1252.0
4958.0
1074.5
1285.5
1246.5
984.5
3376.0
1857.5
3167.0
3252.0
424.0
2867.5
0
68.0
2852.0
138.0
1545.5
68.0
4163.0
365.5
2221.0
3630.0
1239.0
2711.0
1157.5
183.5
4122.0
1289.5
3407.0
3628.5
3189.0
3679.0
348.5
6164.0
1370.5
830.0
3437.5
4019.0
3436.5
2600.5
0
2481.0
1779.5
712.5
4668.0
0
1127.0
3659.0
180.5
2262.0
789.5
708.5
126.5
633.5
138.0
0
823.5
967.0
2440.0
1952.5
3430.0
3705.0
2580.5
5555.0
2604.0
3382.5
4259.0
4033.0
438.5
0
511.0
1526.0
0
2745.5
2033.5
1587.5
869.5
2745.5
4138.0
964.5
0
4213.5
3803.0
3866.0
7209.0
1284.5
599.5
2651.0
2289.5
0
2407.5
5630.0
419.5
4561.5
2539.5
1485.0
253.0
5080.5
4299.0
581.0
3991.5
1526.5
957.5
4360.5
2058.5
1619.5
4720.0
7312.0
3712.0
68.0
601.0
3359.5
1449.5
2542.0
1493.5
2739.5
2179.0
3294.5
1915.0
1884.5
2825.0
2684.5
4215.5
2341.5
1160.0
4865.5
1632.5
3612.5
3651.0
1782.0
2422.5
0
2882.5
3618.5
2448.5
2983.0
3837.5
419.5
3935.0
3605.5
3377.5
3051.0
849.0
128.0
3028.0
179.0
5529.5
300.5
832.5
2882.0
6535.0
1873.5
1900.5
3368.0
2328.0
126.5
3938.5
68.0
257.0
136.0
1435.5
4806.0
3827.0
3548.5
2693.0
3963.0
2253.0
3136.5
2611.5
4334.5
1147.0
2896.0
651.0
985.0
5129.0
523.5
243.5
3312.0
0
183.5
4214.5
6394.0
0
126.5
0
2344.0
498.5
190.5
3444.0
1692.5
2917.0
459.5
5777.5
911.5
7361.5
692.5
3682.0
2862.5
0
3240.5
5978.5
717.0
734.5
3189.0
2651.5
0
2591.5
0
365.5
515.5
3534.5
2228.0
5771.0
4177.0
4317.0
4224.0
4946.0
348.5
878.5
2373.0
4321.0
126.5
3743.0
138.0
2159.5
6329.5
2113.5
2532.0
4662.0
68.0
4039.0
0
5532.0
2485.5
1105.5
4283.5
68.0
3696.0
0
0
1228.0
3004.5
0
1019.5
3031.5
1528.0
665.0
0
4814.0
476.0
0
5249.5
2549.5
1771.5
2179.0
2395.0
478.0
3244.5
4708.5
3371.5
0
0
478.0
3050.0
1820.0
0
186.5
257.0
0
126.5
1829.0
2278.5
3951.5
1148.0
1016.5
4839.5
0
3195.5
0
419.5
1620.0
68.0
0
1784.5
138.0
4482.5
1259.0
0
3914.5
0
1242.0
3440.0
0
402.0
3922.5
5096.0
1850.0
1090.0
3566.5
0
799.0
1438.0
6179.5
916.0
2382.5
355.5
5519.0
5546.0
194.5
401.0
884.0
126.5
2111.5
459.5
2412.0
7089.0
534.5
6099.5
794.5
3905.5
6037.0
481.0
2425.5
0
2660.0
383.0
2629.5
3218.5
0
4954.0
845.0
0
752.5
0
2203.5
3318.5
1919.5
2451.5
1744.5
2741.5
1678.0
0
2844.0
2992.5
1269.5
1495.0
686.5
3301.5
1506.0
1014.5
7631.0
4579.5
0
4461.5
1496.0
1510.5
3225.0
667.5
6045.5
344.0
659.0
126.5
1112.5
888.5
0
4228.0
2480.5
3978.5
4603.0
524.0
2503.5
126.5
0
5976.5
2090.0
546.0
0
2716.0
3879.0
0
138.0
0
183.5
1114.0
1451.5
1986.5
2864.5
0
0
1078.0
4817.0
435.5
4437.5
0
4094.5
0
5503.5
1127.5
2048.5
0
3022.5
1591.0
2145.5
2610.5
243.0
738.5
2567.5
2050.5
0
1639.0
68.0
0
4384.0
0
0
126.5
0
4993.5
0
1924.0
640.5
3654.0
1270.0
0
1517.5
126.5
138.0
5142.0
68.0
2459.0
2785.0
441.5
2018.5
0
315.5
5348.0
6370.0
138.0
345.5
0
6532.5
2985.0
3104.0
1057.5
964.0
916.0
471.0
2231.5
1378.5
1367.0
2601.0
698.5
3769.5
128.0
4306.5
1630.5
0
1791.0
2031.5
68.0
5147.0
4390.0
0
68.0
0
1889.0
2959.0
0
4545.5
1019.0
0
3350.0
2620.5
2133.5
2843.5
524.0
2922.0
1193.0
1516.5
0
1306.5
0
0
659.5
1215.0
3450.5
344.0
0
5487.5
0
126.5
3014.5
0
0
1328.0
0
489.5
1415.5
3862.5
68.0
0
2411.0
2296.0
0
1862.0
4688.0
1783.0
3248.5
138.0
4714.5
316.0
1072.5
243.5
3318.0
700.0
2532.0
0
830.0
2647.0
0
186.5
3119.0
1005.5
68.0
2147.5
3300.5
0
0
3443.0
1077.5
2125.5
2155.5
0
1748.0
68.0
6888.0
0
1416.5
2785.5
847.0
2372.5
1385.5
0
2636.5
136.0
0
854.5
2231.0
1459.0
0
1596.5
687.5
1108.0
2681.0
0
2100.0
138.0
0
120.5
424.0
0
126.5
1837.0
0
4556.0
3812.5
5072.0
0
5036.0
2607.0
0
2563.0
580.5
887.0
0
0
0
635.0
0
0
0
0
1945.5
4005.5
0
5346.0
3668.5
68.0
508.5
1240.5
2027.5
0
126.5
0
0
3743.0
2422.0
4240.0
0
2450.5
2477.0
302.0
1652.0
126.5
0
612.5
1010.0
2627.0
2810.5
936.0
0
68.0
1767.0
2219.0
3662.0
126.5
4112.5
3007.0
1165.5
126.5
2318.0
4300.0
3963.0
1657.0
2939.5
2930.0
1360.0
8164.0
0
0
1268.0
491.5
2082.0
2275.0
1389.5
243.0
115.5
672.5
3196.5
1031.5
243.5
348.5
126.5
1741.5
1142.5
1301.0
0
2442.5
0
1768.5
68.0
2161.0
438.5
3190.0
0
68.0
5315.0
1493.0
4843.0
1109.0
0
787.0
2613.0
430.5
478.0
0
302.0
0
3172.5
586.0
6134.0
1283.5
0
2219.5
0
478.0
1685.0
1948.5
0
843.5
126.5
1939.5
678.5
126.5
126.5
4312.0
1419.5
3424.5
2251.5
68.0
1633.0
0
5432.5
0
2630.0
3052.5
599.0
4283.5
0
1474.5
5027.5
3099.0
1081.5
2997.5
635.0
680.5
729.5
787.0
0
599.5
138.0
0
173.0
598.0
6151.0
1417.5
1810.0
2158.0
892.0
2578.5
2174.0
652.0
2526.5
257.0
3586.0
0
3654.5
1438.5
126.5
3518.5
0
0
0
183.5
1986.5
0
138.0
1406.0
1182.5
0
2622.5
0
2534.0
0
0
2458.5
243.5
2826.0
3397.0
0
1068.5
3351.5
0
68.0
0
126.5
1165.0
0
438.5
640.5
561.5
928.0
4760.0
2563.0
2577.0
68.0
887.0
0
2530.5
1551.0
545.5
6092.5
5169.0
126.5
0
599.5
419.5
2706.5
1753.5
656.0
419.5
5501.0
441.5
0
997.5
459.5
519.5
2948.0
2026.5
1411.0
2113.0
1765.0
0
3740.0
68.0
1352.5
3751.0
126.5
2087.0
2656.0
1590.0
0
2304.0
138.0
2663.0
0
315.5
68.0
1553.5
1356.0
0
3022.0
126.5
2869.5
0
1126.0
2734.5
1893.0
68.0
2017.5
3366.0
0
1069.5
0
0
0
68.0
2052.5
2088.0
407.0
0
5341.5
848.5
128.0
0
0
593.5
0
3556.5
0
2549.0
1231.0
845.0
5124.0
2278.0
3415.0
4199.5
1453.5
1082.0
1472.5
1811.5
2773.5
1366.0
344.0
126.5
584.5
419.5
2295.0
3114.5
0
4849.0
365.5
0
3253.5
0
313.5
790.0
1610.5
1615.0
5321.0
3163.5
0
2156.5
3610.5
0
0
771.0
138.0
128.0
2008.5
953.5
138.0
183.5
544.5
138.0
478.0
2457.5
365.5
115.5
1921.0
1461.0
4180.0
68.0
0
0
2398.5
0
1258.0
2486.5
700.0
2564.0
4829.0
2798.0
2400.5
1144.5
138.0
702.5
126.5
0
2724.5
438.5
809.5
0
1374.0
4523.5
0
365.5
668.0
0
3553.5
1331.5
0
1318.0
173.0
68.0
608.5
2288.0
0
128.0
775.5
1031.5
533.0
1765.0
0
302.0
2766.5
0
138.0
5458.5
128.0
1998.5
1762.0
1149.0
1929.5
0
527.5
914.0
5496.0
3077.5
4638.0
595.0
138.0
2197.0
1250.5
661.0
3220.5
0
0
1940.0
2233.0
0
126.5
4918.5
1109.0
138.0
860.0
126.5
692.0
126.5
68.0
2835.5
830.5
1392.5
2222.0
68.0
289.0
68.0
2127.0
1368.0
0
126.5
68.0
3981.5
848.0
407.0
777.5
0
2067.0
2032.0
0
126.5
5978.5
2055.5
2698.5
1503.0
2870.0
68.0
0
1918.5
4742.0
4449.0
173.0
3787.0
3296.5
476.0
0
1523.5
2953.5
0
1025.5
0
617.0
2087.5
1888.5
2405.0
0
1750.0
0
775.5
2140.0
0
771.0
0
0
126.5
3195.0
0
0
0
332.0
0
296.0
0
0
1200.5
2500.5
2594.5
1014.5
68.0
2194.5
3869.0
6240.5
1573.0
1449.5
848.5
0
2073.5
1394.5
1969.5
0
2645.5
768.5
1087.5
1433.0
1094.5
2477.0
2389.0
4223.0
243.5
0
0
3441.0
0
802.0
2696.5
1465.5
1685.0
4769.0
6042.0
1220.0
5315.0
5443.0
0
1184.5
0
659.5
3016.5
2095.0
1720.0
4756.5
789.5
3479.5
1847.0
138.0
2911.5
0
517.0
289.0
2136.0
1653.0
5664.5
4213.5
949.5

6023.5
1138.5
817.0
1494.5
0
1470.0
1499.0
138.0
1121.0
0
0
1795.5
780.5
1406.0
1333.5
1102.0
68.0
744.5
489.5
771.0
441.5
4253.5
4568.5
5145.5
1727.5
0
6135.5
923.5
720.0
1136.5
3716.5
0
3474.5
0
3395.5
126.5
0
2130.0
967.5
5648.5
1279.5
2812.5
68.0
0
2654.0
841.5
1613.0
1238.5
3823.5
3501.5
1303.0
4911.5
2617.0
0
1661.0
2132.0
0
0
3013.5
0
3393.5
2402.5
3271.0
524.5
0
0
3003.0
0
601.0
641.5
0
4990.5
253.0
0
365.5
6360.5
0
2298.0
608.5
1811.0
2681.0
2147.5
419.5
2959.0
3099.5
300.5
1272.0
138.0
1073.0
2273.5
1969.0
3736.0
2499.5
2311.0
991.0
2937.5
0
2323.5
3986.0
0
1258.0
6477.5
3506.0
3933.5
0
0
138.0
646.5
2022.0
3062.0
3127.0
3037.0
752.5
763.0
3900.5
0
3126.5
126.5
8223.5
3431.0
3721.0
1585.5
3291.0
1282.5
300.5
2049.0
1319.0
3951.0
0
1655.0
3625.5
733.0
190.5
3189.0
1837.5
3225.0
649.0
138.0
0
897.5
302.0
1532.5
0
1085.5
4783.0
1801.0
4003.5
0
1910.0
2774.0
4929.5
1639.0
1905.0
965.5
1681.5
126.5
3808.5
3205.5
2404.0
0
601.0
2224.5
344.0
2647.0
0
1793.5
2232.5
1236.0
1800.0
2164.0
650.0
0
861.0
8062.0
68.0
2077.0
548.5
489.5
839.0
68.0
1122.0
68.0
0
2147.5
2190.5
0
365.5
2908.0
3277.0
2947.0
0
593.5
126.5
68.0
257.0
5324.5
908.5
1184.0
3130.0
419.5
138.0
998.5
1511.0
659.5
830.0
5039.5
0
0
3915.0
1691.0
1858.5
68.0
0
113.5
4905.5
3072.5
1749.0
313.5
815.0
2459.5
3611.0
1471.5
809.5
3548.5
721.5
2306.5
3276.0
1070.5
0
2512.5
946.5
3613.0
4074.0
633.5
2107.0
126.5
257.0
5006.5
3082.5
316.0
1414.0
734.5
558.5
138.0
2795.5
2667.5
0
179.0
3159.5
4037.5
1005.0
2160.5
2238.0
3261.5
4522.0
2512.0
126.5
0
2894.5
1086.0
1373.5
1894.0
1740.5
1157.5
1312.5
4888.0
3099.0
4821.0
880.5
1669.0
0
3182.5
2105.5
0
419.5
7297.0
1651.0
0
1514.0
2626.0
787.0
2007.0
608.5
0
856.5
2938.0
1551.5
138.0
2143.5
0
3555.0
2168.0
0
928.0
0
5558.5
0
0
3775.5
2742.0
68.0
1664.5
68.0
1652.5
1244.5
0
2745.0
2992.0
459.5
790.0
6740.5
4092.5
438.5
0
1154.0
2296.0
1353.5
2034.5
68.0
126.5
3674.5
1600.0
2469.5
1274.0
3037.5
315.5
7224.5
3531.0
242.0
126.5
3422.5
300.5
1516.0
4055.5
8147.0
300.5
5070.5
6544.5
2292.0
2474.5
0
3176.5
0
0
4436.0
1960.5
2436.0
731.0
355.5
1670.5
2487.0
1078.0
0
2869.5
0
0
722.0
383.0
359.0
2360.5
1843.5
931.0
1763.0
2612.5
1926.0
2539.5
0
194.5

1234.5
1619.5
1282.0
1871.5
950.5
5234.0
2239.5
3730.5
0
289.0
1056.5
3361.0
773.0
68.0
2519.5
3878.5
126.5
700.0
1885.5
2740.0
126.5
365.5
2769.5
0
2218.0
3481.0
1685.0
1598.5
954.0

2909.5
1160.5
823.5
1851.5
3504.5
892.5
1236.5
830.0
2657.5
1363.0
2030.0
68.0
1122.5
2597.0
2161.0
0
0
0
2800.0
4417.5
934.5
1974.0
2622.5
2682.5
773.5
68.0
1092.0
598.0
4027.5
68.0
2823.0
4251.0
0
848.5
419.5
568.0
2359.5
0
1579.5
2231.0
5899.5
1881.0
1264.5
2250.0
357.0
4231.0
2632.5
3023.0
4663.0
726.0
186.5
0
68.0
770.0

126.5
966.5
0
0
1995.5
3177.5
2063.0
1340.5
2159.0
138.0
289.0
416.0
2376.0
2004.0
1007.0
1141.5
1903.5
4563.0
785.5
0
3198.0
1972.0
2405.0
0
0
2903.5
461.0
115.5
1537.0
2864.5
365.5
2543.5
1296.5
0
68.0
457.0
3215.5
688.5
368.5
535.0
2589.5
1434.0
3666.0
1943.0
3842.5
0
1007.0
1349.5
3686.0
4505.0
4968.0
2961.5
2846.0
2747.0
0
3733.5
0
1319.0
0
3510.0
1135.5
2725.5
2590.5
2300.0
289.0
1637.0
1807.0
2277.5
0
0
3689.5
0
0
2146.0
3957.5
300.5
1086.0
3601.0
2439.0
3015.5
3664.0
931.5
1591.0
2812.0
126.5
2078.5
2872.5
1810.0
2440.0
736.0
528.0
0
3308.5
126.5
3707.0
3822.0
976.0
3545.5
1371.5
478.0
126.5
2891.5
0
676.5
980.0
2092.0
1503.0
0
1170.5
1122.5
667.0
1748.0
126.5
830.0
6118.5
885.5
0
2727.5
0
1632.0
1122.5
833.5
3064.5
2054.5
138.0
4740.5
302.0
348.5
2585.0
1809.5
2292.5
243.0
1415.5
0
2399.5
2033.0
2332.0
2024.5
3412.5
2743.0
790.0
68.0
126.5
0
68.0
1198.0
1492.5
4323.0
242.0
2051.0
2840.5
603.0
962.5
2008.5
138.0
4163.0
1158.0
516.5
0
775.5
419.5
4523.0
2193.5
1154.5
4011.5
1157.0
0
2979.0
2428.5
3090.5
68.0
0
535.0
4865.0
3133.5
2196.0
2281.5
438.5
0
2362.5
0
1458.0
3557.0
3077.5
2203.5
2432.0
1636.0
1730.5
1055.0
3872.5
4730.0
0
703.0
68.0
2136.0
1859.0
0
4681.0
2329.0
0
3076.5
1221.5
651.0
1351.0
4024.0
126.5
1375.0
862.5
1974.0
1389.0
6920.0
2856.0
1037.0
1555.5
1393.5
1871.5
2414.0
3042.0
0
2198.0
68.0
3380.0
1294.5
68.0
348.5
2519.0
407.0
3123.5
2703.5
4737.0
4138.5
671.0
2088.5
2327.0
4513.5
1895.0
3019.5
360.5
0
1098.0
497.0
0
641.5
4140.0
2390.5
4027.0
0
1932.0
790.0
1811.5
242.0
194.5
2646.0
2909.5
1413.0
68.0
1282.0
3087.0
5029.5
1513.0
946.5
3535.5
1546.0
68.0
257.0
4972.0
0
0
1211.5
1965.0
3050.5
2361.5
1914.0
958.5
1162.5
1341.0
3349.0
138.0
194.5
3173.0
3146.0
311.5
0
4404.5
2551.5
639.0
1310.5
0
0
2259.0
641.0
2494.5
2903.0
2842.0
699.5
2843.5
2134.0
4928.0
1962.0
2387.5
603.0
2988.0
68.0
2438.5
435.5
1199.5
68.0
1203.0
1474.5
605.0
1496.5
0
0
790.0
3751.0
1663.5
1059.0
126.5
441.5
1556.5
2958.5
598.0
0
4673.0
1524.5
411.5
68.0
928.0
4082.0
0
3128.0
918.0
641.5
2000.0
0
575.0
821.5
0
4049.0
1728.0
3886.0
2294.5
2540.5
1788.0
0
0
68.0
419.5
1497.0
126.5
3792.0
1267.0
0
890.5
3234.5
68.0
1887.5
4810.5
752.5
1059.5
1632.5
0
0
0
3091.0
722.0
1540.5
1369.0
4504.5
1114.0
138.0
2832.5
1545.5
2673.0
1498.5
242.0
692.0
2632.5
0
1985.0
4894.0
3539.5
2875.5
851.5
700.0
2184.5
126.5
0
1429.0
359.0
1599.5
461.0
0
2843.0
1912.0
5133.5
1415.5
2150.5
3239.0
0
3451.5
2249.0
1231.5
1187.0
1160.5
3117.5
3616.0
3677.0
1055.0
3811.5
1574.5
3965.5
1058.5
1720.5
1979.0
0
1496.0
633.5
1272.0
3438.5
2905.0
2776.5
4239.0
4824.5
1951.5
0
1127.0
418.0
0
0
313.5
3470.5
739.0
1078.5
0
1439.0
774.5
3097.0
1299.0
68.0
0
1526.5
1771.0
3433.0
138.0
441.5
4204.0
978.0
1917.5
931.0
1346.0
3756.5
3448.0
3217.0
126.5
537.5
365.5
2625.0
3837.5
2883.5
891.0
686.5
348.5
650.5
3743.0
0
696.5
1812.0
68.0
7079.0
2156.0
2621.0
3038.5
4921.5
138.0
1268.5
950.5
897.5
1291.0
4697.5
2238.5
1050.5
2406.0
0
4004.0
3072.0
3647.5
1425.5
296.0
218.0
5228.0
2388.0
497.0
1377.0
537.0
0
348.5
0
2223.0
3063.0
1107.0
660.5
3510.0
5793.0
2035.5
126.5
3228.5
68.0
481.0
0
790.0
3010.5
3455.5
573.0
68.0
365.5
2279.5
0
700.0
1482.0
1323.0
138.0
243.5
639.5
68.0
2625.5
3643.0
2403.5
68.0
1903.0
497.0
3875.5
0
1037.5
365.5
1175.5
497.0
68.0
4979.0
1867.5
1022.5
0
497.0
668.0
243.5
3655.5
138.0
0
4746.5
1583.5
740.5
2851.5
2519.0
1322.0
3027.5
2421.5
689.0

497.0
741.5
0
3362.0
230.5
68.0
442.5
4738.5
1439.5
1947.0
491.5
744.5
0
4215.0
1534.0
1807.5
3721.5
4438.5
3965.5
1265.5
1495.0
3117.5
1682.0
0
1835.0
138.0
419.5
0
2220.5
138.0
595.0
126.5
3958.5
68.0
4083.5
0
1239.0
2913.5
2377.0
3115.5
1458.0
2246.5
126.5
1025.0
977.5
0
396.0

1833.0
3184.0
120.5
183.5
2475.5
4903.5
0
0
698.5
3234.0
886.5
2347.0
1889.0
1581.5
2418.5
138.0
1078.0
1341.0
1564.0
1120.5
0
0
236.0
0
935.5
540.5
365.5
4670.5
2776.5
68.0
2347.5
0
852.0
1948.5
1437.0
438.5
2606.0
2945.0
2005.5
0
2001.5
712.5
1692.0
0
2621.0
656.0
1565.0
68.0
1368.0
0
1212.5
3062.5
2743.5
3283.0
126.5
126.5
0
481.0
2858.5
1889.5
2359.5
2152.5
418.0
2293.0
3433.5
0
0
3081.0
700.0
0
4238.0
2623.5
1836.5
596.0
68.0
126.5
985.0
1881.0
1153.5
68.0
2099.0
6480.5
2713.5
2497.0
2530.0
2134.5
663.0
2437.5
2037.5
3937.0
1702.5
4356.5
554.0
1143.0
0
419.5
1147.0
771.0
1171.5
814.0
1251.0
554.5
2627.5
2797.5
68.0
856.5
4681.0
1438.0
386.0
7296.5
126.5
1157.5
478.0
243.0
1012.5
2017.0
2968.5
1514.5
2566.0
2397.0
1920.5
2686.5
2182.5
138.0
2894.5
419.5
1297.0
126.5
1657.0
841.0
0
2188.5
419.5
2780.5
438.5
68.0

68.0
2559.0
126.5
829.5
68.0
348.5
3996.0
823.5
2050.5
5234.5
138.0
771.5
2154.0
4226.5
4597.0
0
3165.0
2858.5
4178.0
5813.0
1161.0
3917.0
435.5
1338.0
0
1320.0
3532.5
68.0
183.5
3372.0
758.5
126.5
1531.5
656.5
2116.0
3289.5
4254.0
1387.0
1280.5
1399.5
0
4530.5
879.5
4470.0
917.0
68.0
2996.5
0
2408.5
2075.5
0
3873.0
3813.0
179.0
2578.5
660.5
719.0
68.0
1599.0
3804.5
126.5
3977.0
4788.5
554.0
0
4989.5
126.5
419.5
0
2238.5
0
752.5
1949.5
2207.5
2690.0
1087.5
126.5
1624.5
1007.5
1984.5
2599.5
1611.0
438.5
68.0
0
2763.0
68.0
0
2293.0
4089.0
653.0
742.0
2597.0
1584.5
1343.5
3538.5
489.5
2588.5
138.0
2285.0
489.5
707.0
1834.0
1667.0
2406.5
3894.5
126.5
888.0
68.0
3450.0
458.0
3401.5
3615.0
1368.0
370.5
3170.5
0
1574.5
126.5
2168.5
2591.5
0
2179.5
716.0
2498.5
459.5
68.0
2047.0
2127.5
4520.5
778.0
0
0
0
1299.5
831.0
3295.5
419.5
126.5
126.5
3475.5
1877.0
2924.5
0
1062.5
786.5
727.0
2351.0
3547.5
2152.0
0
126.5
479.5
2695.5
767.0
0
1281.5
441.5
1749.5
1694.0
195.5
2180.5
891.0
3902.5
0
771.0
1136.0
257.0
1518.5
0
3521.5
4483.0
4025.5
138.0
1104.0
2589.5
2530.0
370.0
359.0
1774.5
1617.5
2888.5
68.0
755.5
0
243.5
1419.0
990.5
4664.5
0
659.5
257.0
1921.0
419.5

4162.5
407.0
0
3870.0
68.0
1264.0
764.5
2217.5
706.0
359.0
3270.0
1016.5
68.0
68.0
561.5
486.0
418.5
672.5
2980.5
126.5
0
183.5
576.5
438.5
68.0
1775.0
120.5
0
172.0
571.0
481.0
617.0
2507.0
128.0
126.5
830.0
2375.0
138.0
1157.5
1676.0
0
595.0
1905.5
2263.5
0
1147.0
1144.0
3158.5
2075.0
68.0
2269.0
3037.5
3294.5
890.0
1791.5
415.5
416.0
2391.0
68.0
0
1277.5
288.0
0
0
1567.0
2016.0
126.5
126.5
332.0
243.5
2708.0
497.0
2615.0
0
1628.0
1597.5
1997.0
1806.5
1560.5
3880.5
962.0
383.0
1647.5
68.0
0
476.5
2944.0
1058.5
0
126.5
3219.5
1563.5
0
3041.5
0
1285.5
478.0
486.0
0
1923.0
2583.5
2773.5
253.0
3053.0
0
0
3165.5
115.5
1038.0
0
4049.5
2135.5
489.5
1212.5
126.5
173.0
1936.5
2491.5
764.5
2684.0
1248.5
811.0
3579.5
302.0
572.0
257.0
3811.0
2381.5
814.5
359.0
1397.0
1188.5
3123.0
0
183.5
344.0
0
1941.5
1244.5
4533.0
1719.0
1570.5
374.5
1606.5
1162.0
0
736.0
3164.5
1393.0
1304.0
138.0
2526.5
0
478.0
1783.5
2984.0
1378.0
370.5
1632.0
1669.0
2818.0
0
0
1297.0
4552.5
0
126.5
0
3846.0
2867.0
523.5
68.0

645.5
0
1809.5
722.0
822.5
126.5
186.5
285.5
128.0
476.0
0
3558.0
0
0
0
0
194.5
1233.0
0
1163.0
4339.5
1184.5
3421.0
1310.5
3406.0
1022.5
2979.0
2287.5
0
0
183.5
2612.0
68.0
478.0
302.0
4391.5
138.0
0
3625.5
794.5
1191.0
2715.0
138.0
1604.5
1712.0
832.5
115.5
138.0
1328.0
126.5
0
.5
138.0
2514.0
0
0
68.0
138.0
2372.5
0
419.5
3114.0
998.0
1820.0
804.5
1044.0
126.5
1169.5
1064.5
1329.0
302.0
1070.0
3522.0
721.5
1663.5
0
2370.5
2141.5
4234.0
68.0
1249.5
68.0
1163.0
794.5
3449.0
233.0
1295.5
960.5
3163.0
846.0
0
690.5
2502.5
3315.5
883.5
1129.0
671.0
0
3633.5
2255.0
3131.0
126.5
0
0
2331.0
2654.5
1740.5
0
68.0
68.0
2566.0
758.5
1792.5
4364.5
4218.0
68.0
710.5
0
0
0
0
508.5
4916.5
2850.0
3452.5
841.0
5439.5
0
3576.5
585.0
700.0
3548.0
1690.0
1989.0
115.5
1203.0
126.5
3508.5
0
0
3065.5
1697.5
365.5
243.0
3541.5
2556.5
1977.5
0
0
3500.5
5016.5
0
1525.0
541.0
2248.5
511.0
0
0
4690.5
2683.5
2586.0
2557.5
2634.5
1956.0
2178.5
4645.5
2152.0
4236.5
401.0
2864.5
126.5
1670.5
1164.0
1142.0
0
126.5
0
3443.0
4119.0
1552.5
774.5
0
3585.5
0
2124.0
327.0
138.0
3940.5
0
1906.0
1582.0
3384.5
2396.5
0
1767.0
1130.0
2835.5
407.0
3778.5
1025.0
1256.0
1058.5
1077.5
1991.0
420.0
3319.0
3161.0
4107.0
478.0
883.0
419.5
3305.5
2140.5
138.0
0
1425.5
3082.0
3301.5
2326.0
1842.0
3131.0
936.0
0
138.0
1570.5
126.5
2102.0
2564.5
1514.5
2333.0
0
68.0
3325.0
0
0
588.5
3011.5
1572.0
1635.0
0
2162.0
126.5
579.5
1504.5
757.0
4411.5
3786.0
1140.5
1165.0
519.5

1843.5
758.5
0
0
1440.5
1902.0
138.0
0
0
3265.0
3134.5
2971.5
126.5
486.0
0
435.5
832.5
734.5
478.0
2196.5
1758.5
1054.5
1189.5
2863.0
0
0
0
2019.5
478.0
0
1811.0
4353.5
1167.0
3721.5
2143.0
2578.5
1899.5
913.5
3339.5
3524.0
1780.0
2039.0
2503.0
2037.5
0
2846.0
68.0
3055.0
3948.5
739.0
0
126.5
4513.0
405.5
126.5
0
2741.5
0
315.5
3442.0
4844.5
3925.0
4132.0
1086.0
1888.5
3943.5
2331.5
1477.0
3697.0
0
581.0
68.0
2046.5
535.0
1478.5
0
4163.5
1200.0
601.0
2711.0
1197.5
708.5
0
68.0
3635.0
0
300.5
4373.0
2796.0
1019.5
68.0
704.5
4171.5
3317.0
674.0
1250.5
2697.0
0
1853.5
419.5
0
2911.0
516.5
2564.5
604.0
0
126.5
359.0
0
2501.5
523.5
1455.5
491.0
2600.0
966.5
852.0
0
3128.5
3076.0
126.5
2396.0
2466.5
2198.0
1965.0
2668.0
478.0
138.0
3568.5
3255.0
2369.5
115.5
530.5
243.5
673.5
1598.0
860.0
4379.0
1864.0
68.0
3545.5
179.0
0
3557.0
2175.0
2379.0
126.5
0
0
2965.0
0
2713.0
3114.5
194.5
3483.0
3161.0
0
533.0
0
2057.0
359.0
4640.0
0
3191.0
892.5
126.5
1586.5
4067.0
489.5
3318.0
2481.5
3608.5
1580.0
1126.0
2688.5
1808.5
0
4934.5
0
3053.0
4164.0
0
3899.0
126.5
1304.5
736.0
1402.5
3088.0
0
126.5
3217.0
638.5
910.5
3156.0
2849.0
1200.0
68.0
2637.0
0
0
5291.0
438.5
3507.5
0
524.5
3949.0
2246.5
0
2320.5
2447.5
3845.0
2196.5
1215.0
0
2702.0
386.5
0
68.0
1855.0
0
2118.0
2604.5
637.0
302.0
3810.5
68.0
3507.5
3937.0
3661.0
1142.5
2006.5
0
861.0
1568.0
0
3230.0
418.5
0
0
1022.5
3694.5
126.5
1649.5
4159.5
993.5
183.5
3299.0
2163.0
383.0
822.5
2658.0
68.0
2495.5
1185.0
5205.0
1303.0
2515.0
0
126.5
3112.5
2117.0
2734.5
3249.5
3240.0
3205.0
3413.0
2037.5
0
0
1964.5
609.5
3163.5
2558.5
613.0
68.0
3945.5
1200.5
3337.5
1610.5
2369.5
1801.5
1996.0
3546.0
502.5
478.0
2752.0
0
2889.5
138.0
179.0
3534.5
3112.0
1300.0
4252.5
3821.5
3694.0
0
1132.0
1042.0
206.0
0
1342.0
1160.5
126.5
2330.0
4235.5
3369.0
4503.0
4637.0
359.0
1346.5
1213.0
1418.5
4037.0
459.5
2384.5
3880.5
68.0
3080.5
0
1072.0
1451.5
618.5
2981.5
0
3682.0
1704.0
2966.5
0
68.0
419.5
3125.0
1956.5
951.5
2022.5
0
3618.0
138.0
2013.0
1764.5
1868.5
910.0
3503.0
637.0
670.5
534.5
2565.0
1817.5
0
126.5
0
0
257.0
3820.0
0
68.0
2019.0
717.0
0
1629.0
3449.5
0
533.5
0
1722.0
1299.5
138.0
459.5
1373.0
4208.0
0
230.5
0
2467.5
374.5
3724.0
877.0
3334.0
3188.5
1505.5
1157.5
424.0
0
0
2955.5
3193.0
0
2111.5
1557.0
2873.0
1371.0
68.0
0
2244.5
841.0
138.0
707.0
491.0
0
0
646.0
5093.5
0
120.5
4071.5
3355.0
0
1092.5
4808.5
1275.0
518.0
2291.0
2996.0
3843.5
128.0
4392.0
1663.5
1033.0
2544.0
869.5
489.5
653.5
0
453.0
1117.0
1351.5
1779.5
594.0
2916.5
2785.5
842.5
0
0
471.0
516.5
359.0
914.0
1773.5
0
887.0
1768.0
717.0
0
6144.5
289.0
4100.0
0
0
1586.5
1105.0
138.0
231.5
474.5
3778.5
3643.0
138.0
671.0
0
0
0
3106.0
790.0
582.0
787.0
1119.0
2601.0
0
438.5
2128.0
115.5
1375.5
3948.5
2588.5
1308.5
2019.0
0
2722.0
2243.0
2467.5
797.0
1941.5
3288.0
758.5
843.0
1652.0
2028.0
1622.0
395.5
0
2539.5
1123.0
383.0
2804.0
383.0
1841.5
2255.0
68.0
3898.5
1175.0
3018.0
841.5
1678.5
471.0
2155.5
665.0
138.0
4620.0
0
459.5
3261.0
4246.0
0
868.0
2946.5
1535.0
1183.0
841.5
1533.0
3419.0
3180.5
1090.0
0
1582.0
68.0
1457.0
2457.0
374.5
0
3108.5
0
3441.0
138.0
4330.5
3021.0
1551.0
916.5
300.5
0
497.0
115.5
3433.0
2442.0
3615.5
2145.5
2258.0
2703.0
1592.0
2224.5
0
665.5
955.5
138.0
3289.5
3225.5
3374.5
875.5
257.0
0
407.0
2590.5
126.5
2608.0
126.5
3239.0
1108.0
138.0
2425.0
3020.5
3986.0
2641.5
2292.5
3557.5
2896.5
0
1720.5
2168.0
2665.5
2562.0
4101.0
3618.0
478.0
0
242.0
2478.0
0
3666.0
1662.5
602.5
230.5
126.5
3253.5
0
0
168.0
4125.5
68.0
941.5
1794.5
0
1.0
671.0
0
1252.0
138.0
438.5
2089.5
4216.5
3969.5
3726.0
868.0
138.0
1003.5
0
598.0
1044.5
2796.0
365.5
2059.5
3044.5
578.5
68.0
767.5
0
3822.5
2300.5
115.5
2172.5
1188.5
126.5
1297.0
4129.0
3198.5
0
848.5
533.0
965.5
3115.5
905.5
3793.5
68.0
1904.0
3020.5
68.0
365.5
0
3105.0
2579.5
0
2512.5
869.5
3796.0
2816.5
2963.5
1754.0
736.0
3251.0
541.0
3570.5
581.0
0
68.0
2835.5
0
497.0
0
2887.0
183.5
4442.0
716.5
1270.5
4872.0
477.5
744.0
3418.0
0
3874.5
608.5
3120.0
3259.0
401.0
1054.0
1410.5
231.5
717.0
1976.0
1161.5
1441.5
2756.0
0
2600.5
476.0
3675.0
1109.5
3192.0
5521.0
1722.5
2003.5
546.5
2849.0
68.0
0
816.0
0
787.0
68.0
944.0
2074.5
2550.5
1147.5
0
0
0
598.0
408.5
3790.0
2733.5
1444.0
2964.5
726.5
0
646.0
524.5
920.5
1748.0
815.0
1364.0
68.0
1225.5
365.5
419.5
1698.5
3254.5
2180.5
291.5
3041.0
2309.5
1460.0
3966.5
2430.0
401.0
897.0
936.0
300.5
0
68.0
453.5
4177.0
0
2780.0
3854.0
1588.0
4714.5
0
3.0
533.0
0
2180.5
3851.5
595.0
316.0
2478.5
541.0
1414.0
3163.5
253.5
186.5
2658.0
5513.0
1125.0
2265.5
0
2367.0
68.0
612.5
2758.0
1511.0
359.0
1121.5
710.5
4424.5
1113.0
1899.0
0
2439.5
3598.0
3474.5
4136.0
138.0
787.0
3148.0
374.5
68.0
3830.0
3010.5
1316.5
723.5
126.5
3109.0
0
68.0
2311.5
3639.5
968.5
2457.5
0
2883.5
1743.5
3076.0
2427.5
2694.5
464.0
2256.0
3708.5
1195.0
2577.0
4441.0
365.5
1096.0
2025.5
4429.0
2099.0
1642.0
955.5
1062.5
68.0
460.5
401.0
2631.0
2863.5
0
3398.5
419.5
459.5
2091.5
428.5
602.0
2995.0
2855.5
1555.5
1000.5
2816.5
1496.5
489.5
3154.5
489.5
3291.0
3019.5
2713.0
489.5
1022.5
1275.5
4146.0
568.5
4151.5
424.0
2767.5
3874.0
3412.5
316.0
3709.0
771.0
4583.5
814.0
539.5
1960.0
243.0
68.0
617.5
586.5
4240.5
4068.5
3174.5
0
961.0
3068.0
438.5
243.5
1436.5
2354.0
438.5
1870.5
68.0
937.0
755.5
0
300.5
419.5
0
1629.5
2076.0
68.0
407.0
0
1762.5
1092.5
3583.0
0
521.5
502.5
3254.5
431.5
115.5
0
4147.5
1975.0
970.5
582.0
68.0
2357.5
541.0
3490.0
0
495.5
2215.5
68.0
419.5
0
2128.0
2978.5
4437.5
1011.0
2154.5
190.5
2037.5
2363.0
3607.0
1627.5
3632.5
138.0
798.0
549.5
126.5
1883.0
0
0
541.0
608.5
1763.5
0
68.0
4541.5
300.5
0
0
374.5
760.5
766.5
316.0
2107.5
424.0
768.5
3082.0
946.5
3621.0
4711.5
3442.0
752.5
435.5
365.5
68.0
2453.5
3232.0
3474.5
0
0
2141.5
2038.0
1455.0
1625.5
2425.0
0
1383.5
1220.5
897.5
1046.0
3631.5
0
0
126.5
472.0
1142.5
1449.0
3910.0
0
3206.0
3113.0
365.5
0
646.0
0
186.5
5070.5
710.5
4177.5
138.0
0
3457.5
0
438.5
2210.0
126.5
1554.0
2136.0
4029.5
3810.0
120.5
0
3085.5
863.5
0
2359.5
0
1200.0
4998.0
771.0
1768.5
752.5
798.5
0
0
441.5
0
383.0
0
1698.0
0
1425.5
4047.0
3543.0
138.0
0
3762.0
4108.5
0
68.0
126.5
512.0
2110.0
0
1211.5
316.0
5175.5
1837.5
2416.5
313.5
2602.0
2546.0
831.0
3106.0
0
4392.0
2681.0
1633.0
2607.5
4217.5
3085.5
0
861.5
815.5
0
2738.5
1849.0
929.0
253.0
993.0
2112.5
1320.0
970.0
458.0
68.0
138.0
2222.5
3383.0
316.0
0
68.0
1512.0
1656.0
1017.0
475.0
4217.0
1282.5
2893.0
2391.5
316.0
459.5
2525.0
230.5
0
4976.0
2059.5
435.5
1090.0
1699.5
1549.0
497.0
900.0
4001.5
2968.0
2352.0
2105.0
0
3875.0
3037.5
126.5
1127.0
710.0
0
3451.5
1211.5
0
1435.0
126.5
138.0
3777.5
948.0
4218.0
2676.0
374.5
1456.5
438.5
362.0
3999.0
1545.0
1698.0
1747.0
4263.5
3355.5
4135.5
0
1881.5
3672.0
126.5
2118.0
0
583.0
2856.5
478.0
4023.0
0
636.0
489.5
4660.0
4581.5
1897.0
3759.0
478.0
316.5
4445.0
0
548.5
242.0
2260.5
2149.5
2765.0
1690.5
126.5
652.0
505.5
126.5
126.5
1626.5
271.0
713.5
1922.0
1168.5
4799.5
1835.0
672.5
1297.5
578.0
3348.5
0
.5
0
0
1644.5
4525.0
1409.0
0
0
1667.0
1532.5
2429.0
0
1536.5
3317.0
3831.0
0
1961.0
1820.5
138.0
0
1935.0
138.0
4014.5
650.0
1036.5
2377.0
2041.5
0
138.0
0
3353.0
1591.5
955.0
0
1117.0
3435.0
2748.0
3001.5
1087.5
2434.5
0
2426.5
0
2798.0
0
3746.0
257.0
3622.0
3696.0
3202.5
68.0
365.5
1639.0
2031.5
3057.0
3672.5
1984.5
4475.0
313.5
3183.0
194.5
947.0
3553.5
365.5
4488.5
68.0
1872.0
1626.5
3665.0
126.5
126.5
2374.5
0
1420.0
2516.0
316.0
242.0
1070.5
4553.5
0
419.5
190.5
138.0
4665.0
4114.5
1561.0
3622.5
0
0
3385.0
68.0
3467.0
1153.5
0
3531.0
0
1749.5
435.5
353.0
3308.0
1783.5
0
68.0
0
126.5
1364.0
1316.5
438.5
4202.0
1796.5
0
138.0
2042.5
3295.5
0
2906.5
3836.0
4589.0
1563.5
2889.0
0
.5

1956.5
2731.5
3268.5
965.5
0
4372.0
68.0
0
126.5
934.0
0
1837.0
1336.0
2876.5
2354.0
1235.5
1397.5
3593.5
4481.0
348.5
348.5
1972.0
0
4234.0
1493.5
497.0
3872.0
126.5
1485.5
0
848.5
3111.5
138.0
194.5
0
419.5
3946.5
1037.0
3811.0
2431.0
0
1441.0
0
1759.5
0
541.0
370.5
68.0
2116.0
0
4677.5
0
126.5
650.5
0
463.0
3278.5
0
401.0
988.5
0
914.5
1475.5
653.5
1677.5
0
1798.5
1570.0
0
0
1906.5
3074.5
2587.0
2303.5
947.5
1575.5
3874.5
424.0
0
2028.0
138.0
401.0
2458.5
1720.0
0
2850.5
0
4023.0
2585.0
3223.0
0
894.5
3496.5
764.0
1043.0
717.0
0
680.5
989.0
2718.5
1672.0
0
0
911.5
194.5
3265.5
2152.5
4094.0
1934.0
0
0
634.5
739.0
672.5
2907.0
1902.5
0
2025.5
4972.0
672.0
3589.0
913.0
1677.0
717.0
990.0
1123.0
2049.5
126.5
2227.0
4468.0
3361.5
126.5
68.0
1445.0
300.5
0
761.0
2673.0
2391.5
0
344.0
438.5
68.0
1280.5
0
3841.0
138.0
1799.5
3525.5
695.5
1173.5
243.5
3863.0
737.5
183.5
1024.0
2023.5
1808.5
2138.5
173.5
2241.0
3679.0
2652.5
2275.0
4037.0
1029.0
1081.0
3882.5
2643.5
948.5
1553.5
2014.5
2131.0
985.0
0
3506.0
0
830.0
0
508.5
1411.0
0
1220.0
522.5
3185.0
424.0
243.5
0
463.0
438.5
359.0
0
138.0
1983.5
2199.5
761.0
4347.5
713.0
435.5
2890.5
3824.5
0
419.5
365.5
534.0
0
839.5
3468.5
0
1105.0
1283.5
2454.5
126.5
1246.5
2354.5
929.5
3543.0
1434.5
3370.5
1812.5
3703.5
3370.0
1069.5
474.5
0
917.0
2554.5
68.0
1135.0
1134.5
2580.0
813.5
126.5
1305.5
126.5
0
1401.5
387.5
3201.5
0
508.5
3950.0
0
0
0
0
316.0
1646.5
183.5
0
0
138.0
1142.0
1024.5
126.5

989.5
183.5
126.5
2768.5
0
2167.0
832.5
1007.5
0
932.5
2913.0
2527.5
1127.0
1382.5
68.0
365.5
1814.0
989.5
1514.0
4562.0
300.5
0
1810.0
0
0
0
2762.0
0
1434.5
726.5
3096.5
1196.0
2645.5
2672.0
1074.0
361.0
2090.5
138.0
3254.5
3873.5
126.5
1149.0
714.0
3451.5
790.0
68.0
719.0
2471.0
581.0
419.5
3524.5
1203.0
1142.5
1138.0
2138.5
2623.0
1094.5
1231.0
0
879.5
300.5
0
0
613.0
761.5
717.0
2561.5
0
0
68.0
257.0
2982.0
0
3072.5
0
778.5
578.5
861.0
522.5
0
4.5
2600.0
0
0
0
68.0
471.0
126.5
0
2587.5
0
183.5
4429.0
886.5
861.5

3521.5
1437.5
1324.5
652.0
2648.0
0
2996.0
1627.5
1623.5
138.0
0
2.0
3762.0
68.0
0
478.0
1053.0
126.5
1601.0
419.5
1769.5
606.0
243.5
1416.0
663.0
0
3348.5
823.5
68.0
138.0
478.0
2252.5
126.5
489.5
0
0
0
1686.0
1195.5
1516.5
0
0
416.0
1728.5
710.5
126.5
68.0
0
491.5
1069.5
68.0
453.0
0
3866.5
620.5
856.5
365.5
411.5
1990.5
582.0
1854.5
138.0
659.0
986.5
2966.0
0
2184.0
640.5
3381.0
854.5
3377.5
0
231.5
608.5
1010.5
1472.5
0
1348.5
813.5
1090.5
2068.5
1070.5
478.0
686.5
3114.0
0
2713.5
236.0
1703.0
0
463.0
0
3864.5
302.0
2574.0
243.5
138.0
2233.0
0
126.5
1050.5
2076.5
1386.5
2670.5
2412.0
126.5
2172.5
3008.0
3043.0
1879.0
0
1009.0
1443.5
2753.5
1748.0
1475.5
365.5
942.5
2426.0
654.0
365.5
2651.5
1026.5
848.5
2337.5
243.5
138.0
1677.0
126.5
419.5
68.0
1079.5
2100.0
138.0
1763.5
1178.0
723.5
68.0
1962.0
478.0
1025.0
1679.0
3078.0
4733.0
528.0
0
812.0
1025.5
489.5
935.0
805.0
359.0
2508.5
1924.5
2767.0
3576.0
928.0
126.5
438.5
0
592.0
767.0
911.5
3479.5
253.5
841.0
138.0
1075.5
471.0
2605.5
2670.5
390.5
1514.5
2223.5
717.5
1155.5
0
700.0
518.0
68.0
1144.0
1101.5
1416.5
1400.5
0
2329.5
2569.0
771.0
0
183.5
2867.0
2521.5
1306.0
2064.0
0
860.5
964.0
0
2595.5
530.5
775.5
1630.0
576.0
4000.5
786.0
1409.0
126.5
126.5
0
1226.5
2433.0
631.0
0
1181.5
1227.5
3450.0
775.5
1505.5
1824.5
822.0
1556.5
752.0
2257.5
3274.5
2040.0
419.5
465.0
300.5
1062.0
656.0
1663.0
257.0
700.0
684.0
359.0
830.0
138.0
0
652.0
2054.0
1881.5
1160.5
524.5
2785.5
3064.0
3535.0
707.5
0
471.0
357.5
3716.0
68.0

365.5
848.5
478.0
2611.5
0
1014.5
401.0
667.5
656.0
841.0
722.0
2857.0
438.5
0
3424.5
441.5
0
2830.0
1763.0
489.5
1004.0
812.0
68.0

1686.0
0
3202.5
1124.0
1590.5
2662.0
652.0
2646.0
771.5
652.0
0
1515.5
3645.5
2153.5
1917.0
0
595.0
3058.5
1530.5
0
809.0
0
68.0
2469.5
115.5
3753.5
1006.5
383.0
2640.5
3122.5
0
68.0
2947.5
419.5
3326.0
1067.5
4045.5
0
401.0
1295.0
489.5
0
1898.5
2368.5
1882.5
1156.5
3469.5
2902.5
731.0
1262.5
0
3691.0
2481.0
2481.5
2461.5
0
316.0
2938.0
2122.0
126.5
3773.5
4735.0
0
365.5
0
1367.0
0
0
0
1956.0
2820.0
2244.0
3352.5
0
1026.0
1644.0
3545.5
489.5
2762.0
2358.5
1554.5
2280.0
667.5
2245.0
2073.0
2832.5
3592.5
1916.5
2606.5
0
1107.0
1212.0
1803.0
857.5
1570.5
1341.5
339.5
472.0
2516.0
126.5
583.0
0
126.5
695.5
1289.5
1584.0
1057.5
2615.5
2111.0
2754.0
2411.0
2842.0
0
2982.5
253.0
2543.5
0
68.0
0
3230.0
1483.5
2716.0
1595.5
289.0
126.5
4599.5
628.5
832.5
771.0
635.0
1744.0
408.5
1159.0
441.5

0
0
2251.0
126.5
3403.0
894.5
1456.5
1713.0
3220.5
3113.0
984.0
4440.5
2154.5
2903.0
0
1666.5
0
3242.0
3081.5
1019.5
2313.0
1083.0
365.5
541.0
2093.0
745.0
829.5
2717.5
1917.5
868.0
0
478.0
716.0
419.5
1619.5
3453.0
1112.0
966.5
2304.0
2890.5
1202.0
1114.5
892.0
2625.5
1077.5
419.5
1335.0
0
.0
1800.5
0
823.5
2330.5
1507.5
0
608.5
932.5
582.0
646.5
68.0
3181.0
0
2310.0
0
2786.5
646.0
126.5
537.5
1243.0
454.0
879.5
3379.5
0
2443.0
0
710.5
404.0
300.5
2235.5
126.5
359.0
3097.5
1407.5
3100.0
0
1219.5
68.0
138.0
2200.0
362.0
7270.0
1073.0
0
751.5
478.0
830.0
3639.5
2323.5
700.0
1038.0
0
0
0
681.0
2914.5
771.0
670.5
3303.5
489.5
2059.0
1219.5
947.5
2122.0
2210.5
0
365.5
419.5
3704.0
2149.5
790.0
1614.0
253.5
115.5
593.5
438.5
656.5
183.5
4116.5
1331.0
1015.5
1189.0
879.5
68.0
1539.5
2302.5
1105.0
2601.0
68.0
0
126.5
2787.0
138.0
138.0
841.5
646.0
2304.5
1348.5
704.5
68.0
1257.0
3471.0
0
962.5
3819.5
1668.5
3443.0
4322.5
3911.5
1178.5
850.0
848.5
0
0
138.0
3425.5
0
459.5
2652.0
68.0
4525.0
0
3079.0
2939.5
1135.0
489.5
459.5
489.5
138.0
3471.5
985.5
1685.0
1861.0
2353.5
290.5
438.5
3616.0
581.0
966.5
4237.5
549.5
2748.5
2017.0
3570.0
474.5
2918.0
3543.0
0
1213.5
1643.5
2743.0
3872.0
348.5
2351.0
1225.0
2238.5
1332.0
1965.0
0
2837.5
1195.5
1967.0
595.0
0
3227.5
2270.5
1748.5
2542.5
1448.0
2566.0
370.5
1722.5
1675.5
0
3301.5
537.5
3019.0
2197.0
0
1909.5
68.0
0
1027.0
2065.0
576.5
1438.0
919.0
722.0
2154.0
3811.0
644.5
3152.0
4128.5
1554.0
2721.0
0
0
365.5
790.0
471.0
1561.0
3053.0
3651.5
0
1067.5
1578.0
1339.5
1858.5
4868.5
1244.5
652.0
1446.0
974.0
365.5
243.5
1378.0
0
4085.0
2534.5
5222.5
1153.5
853.0
1062.5
2709.0
4015.5
648.5
517.0
126.5
903.5
2006.5
913.0
2672.0
1083.5
68.0
365.5
0
3587.0
173.0
4441.5
1304.5
2070.0
2715.5
2305.0
0
1708.0
0
1896.0
1091.5
0
465.0
424.0
814.5
126.5
1266.5
880.5
660.0
652.0
648.5
2009.0
1554.5
1601.5
0
829.5
1404.5
68.0
0
138.0
126.5
198.0
848.5
0
126.5
608.5
2692.5
3257.5
0
1744.5
1019.5
0
576.5
1298.5
128.0
1777.0
2307.5
489.5
1019.5
1135.5
424.0
1791.0
2931.0
671.0
651.0
882.5
667.5
3482.0
1453.5
4952.0
365.5
0
361.0
1760.5
365.5
302.0
126.5
1963.0
2114.5
1862.5
1340.5
1596.0
2806.0
285.5
478.0
1962.0
1062.0
242.0
3423.0
354.5
0
6.0
126.5
0
585.5
899.0
68.0
2089.5
2946.0
528.0
2052.5
313.5
4493.5
1354.5
775.5
1010.5
0
1758.5
721.5
1675.0
1462.5
1695.0
843.5
401.0
2315.5
1333.5
607.0
2308.0
719.0
3082.0
2861.0
478.0
2008.5
1899.5
1752.5
4926.5
1775.0
726.0
128.0
407.0
829.5
1021.5
2066.5
3841.5
243.5
507.5
0
1637.0
1725.5
0
68.0
423.0
2221.5
3080.0
0
775.5
545.5
2327.5
704.5
138.0
481.0
464.0
4271.0
3134.0
300.5
68.0
1992.5
126.5
0
126.5
689.0
1588.5
1416.5
2435.5
1566.5
4656.0
1912.5
523.0
2086.5
0
138.0
583.0
4272.0
3229.0
489.5
365.5
548.5
477.5
771.0
2901.5
3005.0
0
3156.0
126.5
0
1263.5
752.5
138.0
271.0
1164.5
348.5
1533.5
1049.5
2379.0
68.0
315.5
2228.0
616.5
0
590.0
348.5
0
1160.0
407.0
3914.0
729.5
0
2214.0
2610.5
708.5
0
0
0
3775.5
365.5
1965.5
1597.5
0
138.0
68.0
1262.5
949.5
598.0
126.5
831.0
419.5
1440.5
2376.5
1245.5
344.0
126.5
113.5
4306.0
681.5
172.0
0
734.0
2875.0
996.0
948.5
703.5
448.5
172.0
478.0
2423.0
242.0
288.0
2066.0
484.0
1087.5
126.5
537.0
5061.0
313.5
818.5
2506.5
138.0
0
734.5
3598.5
194.5
593.5
2190.5
1730.0
628.5
0
0
1647.5
1380.5
1310.5
0
2112.0
636.0
243.5
2114.5
0
126.5
489.5
1833.0
126.5
614.0
316.0
383.0
0
3239.5
1263.0
435.5
370.5
332.0
797.5
1032.0
1399.0
448.0
1595.5
3013.0
1222.5
359.0
822.5
1086.0
458.0
489.5
2146.5
0
1224.5
693.5
1636.0
2738.5
4652.5
424.0
1439.0
635.0
710.5
640.5
310.0
0
374.5

1534.5
879.0
0
0
0
2656.0
194.5
348.5
489.5
2992.5
909.0
2055.0
419.5
4435.0
1272.0
667.5
68.0
489.5
1395.5
289.0
302.0
353.0
1112.5
0
3354.0
0
656.5
1349.5
2222.5
646.0
0
404.0
1331.5
401.0
138.0
3796.0
0
3484.5
2020.5
68.0
2366.0
719.0
2002.5
0
536.5
302.0
419.5
126.5
841.0
0
684.0
4174.0
68.0
472.0
634.0
771.0
0
68.0
1051.5
3866.5
0
1073.0
2071.5
478.0
710.5
2513.5
383.0
2883.5
271.0
0
1976.0
0
0
716.0
0
126.5
2851.0
1909.0
489.5
0
710.5
0
276.5
1637.5
0
68.0
313.5
3632.0
0
68.0
778.5
965.5
0
818.5
792.0
2184.5
2173.0
478.0
877.0
638.5
315.5
1119.5
2586.5
0
1049.5
1400.0
2893.5
1173.0
3005.5
2990.0
524.5
0
0
2275.5
348.5
486.0
68.0
2433.5
607.0
3260.0
2927.0
3798.5
1196.5
1831.0
0
741.0
4334.0
640.5
470.5
1410.5
1803.0
458.0
348.5
750.5
1624.5
2268.0
0
1688.0
0
957.0
0
758.5
1923.5
2548.0
257.0
179.0
68.0
478.0

2380.5
68.0
489.5
875.5
1805.5
497.0
1644.0
3036.5
0
0
1069.0
1230.5
4532.0
463.0
3330.5
598.0
424.0
1854.0
0
0
1529.0
0
2242.5
663.0
518.0
138.0
418.5
2462.0
762.5
68.0
0
1880.0
437.0
2634.0
431.5
1919.5
68.0
2661.5
1005.0
138.0
528.0
717.5
1203.0
774.5
231.0
3535.0
419.5
1940.0
806.0
2297.0
1766.5
4881.0
1047.0
68.0
1086.5
3838.0
183.5
3217.5
2237.0
1551.0
1605.0
359.0
1242.5
1166.5
0
0
2654.5
126.5
68.0
621.5
68.0
4117.0
126.5
1349.0
68.0
2071.5
2094.0
0
1032.0
0
1107.0
3295.5
1886.5
4282.5
2281.0
0
126.5
1163.0
0
313.5
5433.5
1082.5
2656.0
2997.0
0
712.0
0
359.0
359.0
1141.5
3531.0
1083.5
0
1270.0
5276.5
651.5
300.5
243.0
477.5
907.5
3424.5
546.0
1210.5
1327.0
300.5
2356.0
0
4330.5
0
4304.0
947.0
359.0
646.5
68.0
2774.0
348.5
3272.5
815.0
478.0
1869.0
3940.5
832.5
3225.0
1927.0
1500.5
540.5
0
68.0
642.5
2373.0
3866.0
1301.5
2050.5
3169.0
0
781.0
296.0
4246.5
708.5
0
3560.5
2975.0
419.5
3337.0
3004.0
1387.5
365.5
719.0
1119.5
370.5
2194.0
138.0
594.5
3113.5
383.0
0
2482.0
868.0
2998.5
365.5
0
2116.5
591.0
120.5
2309.0
829.5
1755.5
419.5
0
539.5
5296.5
591.5
0
68.0
2114.5
128.0
438.5
875.5
700.0
0
1184.5
2369.5
1626.0
4118.0
3270.0
3722.5
583.0
1019.5
368.5
1275.5
0
126.5
3162.0
2476.0
1594.0
2624.0
0
1197.0
4316.5
524.0
939.5
1574.5
1601.0
4299.5
1731.5
138.0
1022.0
3422.0
243.5
771.0
574.0
1258.0
465.0
68.0
1757.0
138.0
535.0
354.5
1986.0
595.0
257.0
257.0
541.0

0
771.0
2370.5
0
0
3807.5
793.5
491.0
0
435.5
613.5
1344.5
313.5
0
2813.5
465.0
841.5
770.5
1609.0
427.0
2083.5
847.0
1492.5
992.0
68.0
1012.5
757.0
1969.0
3189.0
4450.5
584.5
1580.0
365.5
493.5
0
3009.5
1321.0
1530.0
851.0
2502.0
0
535.0
593.5
2133.5
424.0
3691.5
1121.0
962.5
717.0
302.0
1931.5
2055.5
138.0
0
438.5
1398.5
4488.0
595.0
2252.0
1439.0
4351.0
1740.5
586.5
3195.5
767.5
1390.0
365.5
68.0
511.0
794.5
1356.0
5236.5
717.0
599.5
790.0
976.0
2427.0
4030.0
348.5
1068.5
809.0
1056.0
2437.0
424.0
764.5
2682.5
1523.0
3359.0
1319.5
3112.5
243.5
827.0
489.5
946.5
2900.5
458.0
3404.5
0
1297.0
476.0
641.0
717.0
401.0
1904.0
1124.5
68.0
1706.5
438.5
590.0
1002.5
0
653.5
2921.5
758.5
1119.0
954.5
478.0
441.5
1075.0
316.0
206.0
1146.0
2583.5
734.5
1373.0
126.5
1170.5
953.5
4908.5
253.0
1237.5
928.0
2657.5
3294.0
1250.0
365.5
767.5
671.0
768.5
2799.0
1534.0
68.0
845.5
1230.5
1689.5
3195.0
571.0
2147.5
359.0
441.5
1478.5
542.5
4172.5
2578.0
771.0
781.5
68.0
126.5
965.5
150.0
5182.0
844.5
2960.0
0
3674.5
3849.0
0
0
1947.5
68.0
476.0
1200.5
565.0
1279.0
857.0
582.5
1832.0
1558.0
3582.5
2110.5
881.0
926.5
1672.5
0
0
120.5
2483.0
396.0
0
1199.0
817.0
1034.0
993.0
419.5
1564.0
1928.5
0
0
419.5
1588.0
138.0
419.5
4197.0
5253.0
2433.5
872.5
656.0
816.0
1075.5
68.0
365.5
1496.5
68.0
0
1822.0
681.5
1125.0
928.0
419.5
1869.0
928.0
0
183.5
3063.0
944.0
0
3131.5
497.0
1602.5
746.5
1120.5
0
242.0
126.5
789.0
647.0
541.0
3709.5
183.5
2603.0
1925.5
418.5
2073.5
359.0
68.0
126.5
629.5
0
796.0
2500.0
704.5
1246.0
2179.0
2129.0
2094.5
1130.5
3600.0
640.5
576.5
1848.0
1324.5
1121.0
3956.5
126.5
126.5
285.5
1062.0
557.0
1186.5
1323.0
550.0
1679.0
1760.0
68.0
5066.5
908.0
243.5
126.5
602.0
1825.0
1102.0
1857.5
0
68.0
138.0
348.5
2734.5
3297.0
1892.5
183.5
830.0
698.0
700.0
2099.0
1939.5
383.0
837.0
183.5
1508.5
467.0
656.5
4712.5
1504.5
68.0
1003.5
438.5
1219.0
1003.0
649.0
1401.0
1489.5
0
3326.0
1371.5
348.5
138.0
568.5
2973.5
541.0
497.0
68.0
0
845.0
489.5
183.5
128.0
1072.0
997.0
0
481.0
126.5
2377.0
550.5
3499.5
699.5
804.5
2569.0
383.0
5183.5
359.0
960.5
126.5
68.0
68.0
126.5
829.5
519.0
665.0
524.5
968.5
0
68.0
717.0
257.0

68.0
1290.5
1142.5
136.0
2912.0
68.0
126.5
0
956.5
419.5
0
253.0
806.0
0
4179.5
789.5
0
575.0
2685.5
206.0
710.5
1092.5
394.0
871.5
438.5
0
289.0
1744.0
2574.5
2228.0
1358.5
1944.5
1388.5
285.5
652.0
1636.0
679.0
2174.5
68.0
2096.5
243.5
138.0
2416.5
0
2325.0
471.0
1414.0
183.5
115.5
458.0
975.0
0
138.0
0
1835.0
856.0
1688.0
726.0
68.0
419.5
517.0
1113.0
348.5
1177.0
993.0
441.5
1905.0
365.5
1920.5
68.0
2397.0
1735.0
3302.5
348.5
0
870.5
1719.5
1987.0
478.0

2190.5
964.5
1138.0
1571.0
3567.5
68.0
1197.5
966.0
0
3832.5
2491.5
1328.5
1234.0
0
0
418.5
2051.0
1114.5
126.5
498.5
535.0
775.5
438.5
518.0
4881.0
1544.0
2430.5
2154.0
68.0
1943.5
1123.0
3725.0
138.0
891.0
1051.0
1170.0
1845.5
478.0
1129.0
4367.0
302.0
186.5
0
1933.5
1157.5
419.5
2434.0
3328.0
3952.0
771.0
4029.0
2655.0
2552.0
2441.0
348.5
0
656.0
1827.0
1577.0
773.0
0
3537.5
813.5
68.0
365.5
2194.0
0
702.0
1266.0
126.5
0
653.5
1882.0
2607.0
3513.0
438.5
1673.0
1970.0
4261.0
2233.0
2089.5
586.5
1005.0
68.0
419.5
126.5
1919.5
4467.0
3711.5
4400.0
512.0
478.0
0
717.0
3833.0
938.0
1334.0
242.0
596.5
1098.5
489.5
586.5
1369.5
126.5
3937.0
476.0
0
516.5
128.0
126.5
576.5
68.0
0
126.5
0
2977.0
1048.0
2538.5
0
138.0
3959.5
700.0
3912.0
489.5
3830.0
0
582.5
3740.0
767.5
528.0
734.0
68.0
0
0
1231.5
126.5
126.5
637.0
1872.5
959.0
1513.5
68.0
6254.5
813.5
243.5
419.5
2662.5
302.0
1504.5
794.5
2810.0
2111.5
416.0
3698.5
126.5
2629.5
1200.0
68.0
370.5
576.5
1880.0
792.5
315.5
2136.0
3530.0
4281.0
0
418.5
820.0
1130.5
3235.0
302.0
1293.5
302.0
2203.0
2165.0
489.5
138.0
0
402.0
770.5
1463.0
68.0
68.0
503.0
579.0
1069.0
986.5
0
0
1432.0
424.0
1295.5
2053.0
5467.0
419.5
285.5
0
68.0
0
3031.0
471.0
230.5
1160.5
0
3815.0
4588.0
68.0
4006.0
138.0
476.5
1346.5
491.5
3086.5
790.0
1926.5
418.5

862.0
243.5
1456.5
459.5
0
424.0
3854.0
0
1354.5
68.0
461.0
365.5
1031.0
695.5
0
0
1545.5
478.0
2671.0
2788.0
120.5
115.5
138.0
1393.0
478.0
4318.0
3469.5
916.5
3226.5
419.5
608.5
941.5
126.5
0
2116.0
3339.0
4366.5
0
0
1390.0
300.5
643.0
1004.5
0
68.0
2643.5
5205.0
126.5
2504.0
4879.0
1228.5
478.0
1754.5
608.5
775.5
68.0
943.5
2571.0
945.5
1001.0
1192.5
5385.5
138.0
964.0
1512.5
425.5
183.5
528.5
0
0
1535.0
303.0
198.0
546.5
2948.0
0
771.0
3167.0
2865.0
2835.5
3241.0
1265.0
1236.5
4682.0
1380.0
576.5
3277.5
0
586.0
1471.5
0
584.5
739.0
1388.0
1358.0
1696.5
345.5
2164.5
2966.0
5283.0
3891.5
2235.0
550.0
1688.0
2049.5
1336.5
327.0
2795.5
5010.0
1163.0
68.0
2974.0
3276.5
300.5
483.0
3509.0
126.5
0
126.5
4010.5
0
0
5439.5
68.0
717.0
1387.5
516.5
126.5
0
0
2615.0
0
4116.5
722.0
5158.5
2708.0
0
138.0
0
0
788.5
2143.0
0
1134.5
827.5
300.5
3414.0
1582.5
4899.5
1888.0
401.0
975.5
3153.5
2159.5
1370.0
5112.0
459.5
2944.5
0
1334.5
0
3144.5
999.0
4911.0
2155.5
3691.0
5262.5
596.0
527.5
932.5
289.0
2196.5
2379.0
1210.5
1714.0
1087.5
549.5
3142.0
3051.0
650.0
1328.0
4369.5
3260.0
1127.5
3793.5
138.0
2505.0
1043.5
243.5
1658.5
1927.0
2700.0
242.0
1859.0
289.0
6153.0
2591.0
1185.5
3681.5
3318.5
1180.0
453.0
0
3332.0
3104.0
2093.5
0
550.0
4631.5
973.5
3145.0
126.5
1021.0
1193.0
4142.5
901.5
1554.0
4302.5
1847.0
165.5
4798.5
3438.0
781.5
1189.0
68.0
734.0
0
999.0
3428.0
365.5

629.0
126.5
2964.0
438.5
126.5
2168.5
138.0
1990.5
663.0
2046.5
0
547.0
68.0
357.5
719.0
2671.0
2342.5
1593.5
0
0
0
546.0
723.5
571.0
2372.0
2054.0
2590.0
2188.5
4959.0
1063.0
4358.0
728.5
419.5
6731.5
2560.0
904.5
1267.5
1394.5
717.0
1723.5
2675.5
905.0
68.0
0
646.0
126.5
2710.0
138.0
243.0
68.0
1418.5
68.0
1472.5
2112.0
68.0
1359.5
4203.5
446.0
2890.5
1587.5
1845.0
0
1699.5
3424.5
2778.0
1069.0
243.5
2101.5
126.5
665.0
1588.0
2828.0
2226.0
2229.5
971.5
2906.5
126.5
424.0
3395.0
3974.0
138.0
5795.0
459.5
3177.5
511.0
3049.0
489.5
0
1255.0
869.0
1841.5
595.0
3597.5
1038.5
2204.5
1708.0
2233.0
1265.5
477.5
701.0
0
3556.0
0
0
2150.5
1448.0
0
3067.0
3702.0
68.0
2739.0
2974.5
1407.0
3887.5
115.5
3554.5
2123.5
126.5
1362.5
2541.0
348.5
707.0
2910.5
2575.5
4433.5
1634.0
3240.5
289.0
300.5
0
126.5
0
1445.0
722.0
544.5
1568.0
113.5
126.5
0
1412.5
2919.0
1620.5
138.0
2815.5
3208.0
1301.5
1333.5
68.0
3000.0
771.0
603.5
315.5
1200.0
1693.5
0
3887.5
0
5091.5
302.0
2597.5
3588.0
300.5
0
469.0
1974.0
1511.5
832.5
1141.5
951.5
126.5
4034.0
812.5
6704.0
814.0
1250.5
1484.0
2521.5
126.5
518.0
583.0
4379.5
4097.5
68.0
3234.0
68.0
3095.5
1154.0
0
1061.0
2300.5
1860.5
1365.5
68.0
3596.5
3814.0
2370.5
390.5
2282.0
443.0
898.5
2347.0
1921.0
419.5
126.5
524.0
940.0
2641.0
3141.5
242.0
365.5
1740.5
4142.5
1682.5
3692.0
458.0
890.0
920.0
4273.5
3766.0
3479.0
558.0
4453.5
5093.5
4397.0
1439.0
4543.0
1947.5
2626.5
1417.5
459.5
242.0
0
0
1561.5
686.5
126.5
1952.0
2232.5
2563.0
419.5
0
126.5

68.0
3792.0
0
138.0
3530.0
3436.0
332.0
68.0
68.0
1152.5
2780.5
2503.5
2834.5
365.5
419.5
3150.5
4631.5
840.0
4856.0
2352.5
2674.0
478.0
996.0
2590.0
1422.0
2042.0
769.5
1856.5
1474.5
1774.5
3222.5
1498.0
680.5
435.5
2204.5
5224.5
489.5
2526.5
2056.0
126.5
1387.5
535.0
3183.0
0
571.5
0
407.0
724.0
2287.5
598.0
126.5
68.0
722.0
719.0
126.5
1445.5
0
1534.0
344.0
2075.0
1161.0
681.5
1141.5
586.5
243.5
1025.5
1575.0
898.0
1070.5
138.0
1874.5
2626.0
0
1928.5
126.5
1903.5
2650.0
138.0
1076.5
497.0
1141.5
640.5
0
365.5
2945.0
1764.0
520.0
406.0
2430.5
1417.0
1587.5
1314.5
817.5
624.5
2359.5
0
2886.0
671.0
0
1069.0
2388.0
1067.0
1298.0
2462.5
1174.0
1779.5
656.0
461.0
370.5
1663.5
120.5
1626.5
704.5
3687.5
979.5
2991.5
2880.0
1699.5
346.0
1027.0
576.5
1070.5
2902.0
831.0
0
3772.0
3071.5
828.0
0
2831.0
0
789.5
2260.5
419.5
4382.0
365.5
537.5
675.0
458.0
4113.5
1359.0
763.5
2342.0
1480.0
1091.0
1676.5
728.5
4504.0
713.5
138.0
0
0
550.5
1160.5
316.0
2752.0
775.5
0
2357.0
1528.0
2824.5
1137.0
438.5
2858.0
1393.5
1796.0
497.0
3556.0
1110.0
2465.0
1611.5
0
825.5
478.0
2315.5
680.5
231.5
2532.0
2846.5
2768.5
1078.0
3629.0
365.5
0
1100.5
848.5
700.0
1213.0
441.5
3883.0
2823.0
0
637.0
3021.0
126.5
138.0
692.0
1829.0
841.0
1004.0
2684.5
344.0
2620.5
126.5
68.0
1097.5
4687.0
0
0
126.5
4096.5
438.5
3462.5
2688.0
3311.0
2235.0
4852.0
0
2578.0
2039.0
2607.5
758.5
1692.5
1457.0
906.0
1076.5
2282.0
396.0
68.0
776.0
3056.0
1995.0
138.0
1533.5
68.0
1141.5
1070.5
1897.0
1066.5
68.0
0
0
790.0
492.5
960.0
1158.5
2121.0
467.0
459.5
2094.5
374.5
0
231.5
0
646.5
2243.0
300.5
225.5
138.0
3607.0
68.0
4837.5
0
1385.0
68.0
0
0
1178.0
68.0
302.0
2083.0
2138.0
1274.0
126.5
1016.5
126.5
3364.0
2332.5
672.5
0
1242.5
2450.5
530.5
2979.0
2711.5
128.0
0
1377.5
138.0
3175.5
478.0
0
661.5
138.0
1251.0
0
1116.5
438.5
1442.0
68.0
194.5
1873.5
470.5
2282.0
1419.0
2307.0
877.5
1715.0
576.0
0
1840.5
1881.5
0
68.0
1077.0
0
1190.5
303.5
1568.5
0
3618.0
386.0
348.5
958.0
479.5
2295.0
0
1475.0
418.5
530.5
2390.5
0
0
390.5
68.0
68.0
1863.0
126.5
1429.0
68.0
68.0
751.5
3643.0
1528.5
2304.5
441.5

941.5
294.5
0
937.5
519.5
2557.5
611.0
401.0
2574.5
126.5
2633.0
736.0
3666.5
138.0
1384.5
243.5
498.5
932.5
534.5
0
1180.5
68.0
317.0
1207.5
441.5
665.0
194.5
136.0
183.5
1979.0
1491.0
1373.5
1266.0
869.0
138.0
506.5
2225.0
943.5
821.5
1477.5
390.5
794.5
0
476.5
666.5
0
0
2457.0
879.0
584.5
1135.5
2829.0
1882.5
0
0
0
1132.5
1447.5
2059.0
1180.0
1193.0
68.0
1108.5
3713.0
68.0
68.0
138.0

0
1069.5
424.0
1742.0
479.5
1488.5
997.5
0
0
535.0
1200.0
1563.0
671.0
464.0
684.5
1477.0
652.0
2202.0
1358.5
2412.0
190.5
916.0

0
789.5
68.0
0
0
618.5
1015.0
2343.5
772.0
1924.5
128.0
2727.0
1087.0
905.5
835.5
126.5
198.0
2178.5
0
424.0
1031.0
489.5
424.0
1774.0
962.5
1785.5
383.0
1805.5
383.0
0
126.5
603.0
546.0
1844.0
126.5
4026.0
2451.0
1733.5
370.5
537.0
0
672.0
198.0
424.0
489.5
2463.5
68.0
68.0
478.0
519.5
0
126.5
68.0
573.0
736.0
365.5
543.5
2041.5
0
831.5
383.0
183.5
713.5
721.5
852.0
656.5
478.0
1141.5
648.5
243.5
419.5
68.0
68.0
544.0
68.0
948.0
424.0
4662.0
115.5
0
183.5
637.0
719.0
770.0
3178.0
0
.5
2456.0
370.0
348.5
2985.5
1124.5
698.5
3608.5
1183.0
1676.0
0
1921.0
986.0
1189.0
0
1151.0
424.0
1547.0
3380.5
581.0
3463.0
243.5
3424.0
126.5
951.0
374.5
1774.0
2067.5
648.5
68.0
639.5
0
2849.5
1824.0
68.0
1827.5
1353.0
963.5
419.5
300.5
68.0
516.5
186.5
2891.0
1756.0
0
3807.5
785.5
969.0
984.0
2101.0
777.5
1367.5
1301.5
2068.0
491.5
1959.0
2195.5
790.0
1743.0
1483.5
2214.0
655.0
281.5
1039.5
2190.0
2452.0
0
0
419.5
419.5
1682.0
438.5
704.5
300.5
0
797.0
770.5
1129.0
1975.0
126.5
705.5
221.5
729.5
2203.0
1304.5
183.5
1022.0
497.0
1735.0
769.5
1016.5
138.0
592.0
2023.5
128.0
68.0
765.5
1932.0
1696.5
594.5
2438.5
257.0
0
2300.0
0
194.5
0
782.0
558.5
68.0
772.5
845.0
721.5
2289.0
138.0
961.5
1011.5
2901.0
1577.5
1386.5
194.5
2149.5
359.0
1999.0
242.0
0
138.0
982.5
411.0
2088.0
808.0
2052.5
363.5
1075.0
300.5
1647.0
1352.5
937.0
1005.0
1571.0
138.0
4271.5
453.5
760.5
1501.5
138.0
1105.0
1533.0
183.5
2414.5
1062.5
1254.5
0
471.0
667.5
533.0
2965.5
0
1735.5
1212.5
492.0
1574.5
2529.0
693.5
643.0
1141.0
467.0
702.5
0
438.5
1105.5
1978.5
2630.5
1334.0
1086.0
453.0
2212.5
595.0
780.0
1462.5
1997.0
1270.0
652.0
770.5
598.0
4749.0
2072.5
2281.0
497.0
243.5
1360.0
128.0
68.0
344.0
2193.5
68.0
1715.5
7158.0
1199.0
179.0
736.0
68.0
1230.0
479.5
68.0
634.5
653.0
3494.0
1555.0
998.5
563.5
2883.5
0
3835.0
0
1065.5
126.5
2069.0
1751.0
0
2798.0
4259.5
1995.5
441.5
401.0
826.0
838.5
0
1038.0
1251.5
1958.5
419.5
1151.0
745.0
1714.0
1327.5
1654.0
471.0
1649.5
1788.5
0
1042.5
489.5
179.0
1969.5
0
811.5
3532.0
0
3257.0
593.5
0
3690.5
2931.5
1526.0
126.5
1808.0
257.0
1153.0
3067.5
1240.0
0
126.5
0
717.0
126.5
1992.0
1244.0
68.0
0
126.5
0
0
3466.0
0
638.5
2743.0
383.0
1882.0
2849.5
1540.5
2422.0
0
0
1854.5
850.0
905.5
3944.0
1103.0
2287.0
2215.0
1000.5
4239.5
1282.0
68.0
126.5
1091.5
1545.5
2394.0
68.0
2873.5
651.0
3094.0
2511.5
365.5
0
3009.0
3876.0
4435.5
3785.0
770.0
1126.0
1702.0
3353.0
1615.0
0
1387.5
1200.5
3189.5
1676.5
138.0
2079.0
1161.0
3622.0
820.0
3476.0
932.5
1230.5
2357.5
2955.5
2972.0
1003.0
3300.0
1886.0
3123.0
965.5
126.5
775.5
2025.0
2810.5
2607.0
1782.0
300.5
0
2353.5
2647.5
4836.5
2360.0
3915.5
0
1769.5
2275.5
0
3143.5
3784.5
4202.5
1584.0
183.5
3822.0
2412.5
2485.0
2330.0
1408.0
0
1083.5
775.5
1369.0
2276.0
365.5
1646.5
881.0
2216.5
2671.5
1246.0
3742.5
2080.5
4675.5
2791.0
1617.5
0
0
1633.5
1579.5
2517.0
1407.5
1561.0
1472.5
2258.5
289.0
3720.5
1235.0
3546.5
2954.5
5470.0
3567.5
2134.0
0
794.5
4870.0
0
0
2300.0
1027.0
2772.0
383.0
2955.0
68.0
2487.5
2749.0
2883.0
312.5
2944.5
0
1133.5
2813.0
700.0
3114.5
3091.5
1813.5
1416.5
653.5
2937.5
138.0
0
1871.5
829.5
1385.5
3163.5
2733.5
417.5
0
0
497.0
1921.0
2276.5
2434.5
68.0
2542.5
3074.0
2146.5
0
2278.5
779.0
819.0
2984.0
1443.0
1434.0
0
4478.5
2637.5
183.5
0
0
3182.5
646.0
822.5
4757.5
0
2851.5
2861.0
857.5
582.0
1883.5
1031.5
0
700.0
2905.0
1730.5
1980.5
1673.5
0
2072.0
2165.0
0
1604.0
2263.5
878.5
1423.0
3104.5
3489.5
0
2289.0
1548.5
1885.0
2127.0
3681.5
3140.0
940.5
1873.5
3704.5
0
3542.5
2429.5
1196.5
3400.5
1470.5
2117.5
2904.0
1142.5
3222.0
0
1736.5
1143.0
3448.0
0
365.5
3759.0
0
3399.0
5067.0
2102.5
2128.5
586.5
1366.5
2093.0
2872.0
1282.0
0
1346.0
0
1468.5
4100.0
1251.5
0
3372.5
0
4704.5
4161.5
243.5
596.0
4184.0
0
2908.5
2148.0
2601.5
4411.0
3737.5
2372.5
389.5
0
3247.0
3989.0
663.5
656.0
1753.0
0
722.0
2480.5
3184.0
0
0
3443.5
4133.0
4172.0
1294.5
1734.0
2646.0
0
3069.5
1064.5
126.5
3088.5
1471.5
0
2725.5
0
3049.5
1821.0
0
3140.5
1304.0
0
2126.0
2385.0
478.0
0
4219.5
1600.5
0
489.5
0
2372.5
257.0
2610.5
0
1336.0
2094.0
0
2157.0
2813.5
0
3264.5
478.0
2126.5
0
0
0
0
1651.5
0
3964.0
3181.0
0
68.0
0
0
0
1433.5
3907.0
2933.5
2979.5
0
4157.5
3220.5
0
1427.0
3171.5
0
0
0
2940.5
0
2313.5
0
68.0
3597.5
186.5
643.5
2763.0
0
635.0
1812.0
1617.0
4574.5
0
3039.5
2253.5
2063.0
0
0
2437.5
0
4110.0
2695.0
1393.0
1908.0
3066.5
1495.5
1114.5
2871.0
0
1463.5
2199.0
1329.5
4045.0
126.5
812.0
1608.5
550.5
3126.5
0
0
0
3368.0
3016.5
0
1477.0
0
5319.0
3023.5
0
1059.5
2023.5
0
1603.0
0
3220.0
0
0
0
497.0
126.5
1842.0
3404.5
0
0
68.0
0
3326.0
3232.5
2645.5
1260.0
0
0
0
1478.5
1523.5
0
0
851.0
2953.0
1685.5
3459.5
3059.5
2163.0
628.5
0
0
0
3136.0
2602.5
313.5
3213.5
0
0
1865.5
0
401.0
3661.0
2476.5
0
0
2519.5
0
2541.5
2873.5
2448.0
2596.0
0
2521.5
2615.0
0
1400.5
0
435.5
0
138.0
1751.5
0
0
3100.5
0
0
0
2394.0
0
0
0
692.0
3493.5
0
1924.0
0
302.0
463.0
2688.5
3132.5
0
0
2230.5
359.0
2158.0
1585.0
1849.0
4765.5
1025.0
1972.5
0
278.0
3562.0
641.5
1409.5
3053.5
1121.0
1495.5
126.5
0
2014.5
1954.0
126.5
3448.0
806.0
0
0
1006.5
2515.0
419.5
0
932.0
0
2961.5
1032.0
0
2930.5
2424.0
0
115.5
2384.0
2011.5
0
0
0
1545.0
786.0
0
2039.0
126.5
2459.0
2229.0
3066.5
0
2935.5
0
438.5
1633.0
1765.0
1902.0
751.5
2655.0
438.5
0
1920.0
0
770.0
2089.5
302.0
1827.0
1899.0
794.5
2878.0
1576.0
894.0
479.5
1913.5
1810.0
593.5
758.5
2593.5
0
0
1625.0
1889.0
775.5
2048.5
2541.5
0
0
1697.0
0
344.0
3400.0
0
2092.0
775.5
1902.0
1969.5
508.5
3161.0
0
883.5
2956.5
0
1069.5
0
0
126.5
595.0
1894.0
523.5
2355.0
3745.5
2236.5
0
1141.5
1167.0
1322.0
1463.5
1960.0
0
1301.5
0
452.5
0
416.0
2511.0
0
0
1018.0
2142.5
1042.5
918.5
435.5
2562.5
1247.5
2590.0
1705.0
0
1031.5
646.0
2382.0
912.5
1258.5
0
0
68.0
1880.0
1480.5
2417.5
877.0
0
0
1443.0
0
0
1894.0
2075.5
848.5
2123.5
0
0
2745.0
2110.0
0
2328.0
138.0

0
0
1408.5
2421.5
478.0
3166.5
0
3154.5
848.0
646.0
0
0
0
0
1698.5
138.0
0
0
828.5
0
0
770.0
68.0
1405.5
710.5
1498.0
1668.0
3060.0
3422.5
2200.0
1176.0
768.5
0
2500.5
646.0
0
0
0
0
2889.0
1270.0
914.0
3095.5
608.5
2559.0
3898.5
138.0
0
1861.0
904.0
1610.0
0
0
0
0
1427.0
539.5
1713.5
684.5
2081.5
2265.5
348.0
921.5
0
0
138.0
1000.5
1287.0
478.0
489.5
126.5
126.5
0
138.0
0
2519.0
710.5
1768.5
0
897.5
0
1043.5
1162.0
848.5
453.0
0
0
608.5
2525.5
0
0
0
1900.0
3027.0
2589.0
1002.5
68.0
3390.5
1961.5
435.5
2826.0
543.5
1472.0
2548.5
0
1826.0
419.5
2263.0
0
1588.5
1469.5
2346.5
2391.5
1008.0
0
2801.5
969.0
0
1760.0
138.0
2197.5
529.0
1387.0
0
1311.5
276.5
337.0
1127.5
1575.0
243.5
757.0
582.5
0
0
0
1700.0
576.5
1227.5
183.5
2530.5
1295.0
0
459.5
300.5
1256.0
790.0
2200.5
441.5
1068.5
68.0
0
0
1082.5
0
0
1846.5
534.0
576.5
0
0
126.5
243.5
1383.5
126.5
355.5
0
1707.0
1485.5
1589.5
710.5
710.5
963.5
787.0
471.0
2089.0
1578.5
700.0
0
0
0
0
316.0
1316.5
0
582.5
0
68.0

0
0
68.0
1596.5
1773.0
68.0
2554.0
1040.0
576.0
300.5
0
1087.5
775.5
138.0
0
0
344.0
2837.5
478.0
138.0
642.5
2178.5
424.0
68.0

0
68.0
533.5
138.0
0
1724.5
0
0
0
0
848.5
0
771.0
0
1606.5
1038.5
419.5
1019.0
2218.0
1674.5
313.5
1725.5
126.5
478.0
0
138.0
179.0
2166.0
777.0
1513.5
783.5
1509.0
1824.0
1233.5
0
126.5
365.5
138.0
0
478.0
0
787.0
138.0
1589.5
1277.5
300.5
126.5
288.0
1393.0
1802.0
534.5
698.5
0
120.5
1815.5
458.0
530.5
2952.0
1619.0
264.5
979.0
0
1413.5
0
138.0
809.5
478.0
736.0
471.0
126.5
1159.0
1335.5
1372.5
629.5
0
808.5
809.0
2852.5
516.5
441.5
471.0
874.0
2720.0
243.5
0
0
884.5
478.0
983.0
906.5
0
2882.0
1431.0
516.5
1790.5
1089.0
905.0
752.5
230.5
3583.5
703.0
0
794.5
0
1196.5
138.0
663.0
591.5
1119.0
2681.0
1797.0
481.0
729.5
0
68.0
960.5
1060.0
126.5
1960.0
3544.5
68.0
902.5
1186.5
2160.5
969.5
874.0
302.0
0
478.0
419.5
138.0
1510.0
593.0
0
126.5
918.5
242.0
138.0
587.0
68.0
866.0
595.0
1443.5
120.5
546.0
1203.0
2017.0
2757.5
316.0
1810.5
0
435.5
1136.0
68.0
128.0
1936.0
0
671.0
0
489.5
897.0
0
243.5
698.5
0
383.0
478.0
974.5
719.0
822.5
1415.0
477.0
2856.0
424.0
1423.5
785.0
1515.5
1959.5
1594.0
0
233.0
126.5
667.5
1615.0
1212.5
459.5
138.0
1037.0
1669.5
0
712.5
1463.5
1572.5
359.0
925.0
491.0
2243.5
628.5
1004.5
1916.0
3256.0
1250.0
653.5
1512.5
374.5
2440.0
0
2789.0
2720.5
1319.0
665.0
497.0
734.5
405.5
0
885.5
1869.5
908.0
647.0
1689.0
0
1828.5
1199.0
1786.5
1149.5
938.5
2192.0
1052.5
1141.5
1249.0
1202.5
68.0
128.0
68.0
1012.0
967.5
732.5
0
1539.0
884.0
1048.5
126.5
1686.5
68.0
115.5
2462.5
1949.5
1846.0
804.0
1317.5
424.0
848.0
302.0
401.0
534.5
2903.5
648.5
2950.5
764.5
667.5
752.5
1378.5
1236.5
2058.0
491.0
0
68.0
126.5
313.5
1909.5
1019.5
1702.0
1653.0
1431.0
2166.0
460.0
126.5
2089.0
0
2619.5
2953.5
0
0
0.5
1730.5
0
692.0
1743.5
729.5
1410.5
4353.0
1937.5
584.0
126.5
575.5
2555.0
1318.0
1252.5
0
554.5
1985.5
985.0
372.5
302.0
1967.5
0
1065.5
1709.5
1531.0
68.0
2631.5
365.5
739.0
1568.5
0
461.0
68.0
68.0
0
0
2498.0
1818.5
2728.0
1446.0
1125.5
615.5
1497.5
1285.0
1578.0
2807.5
1329.5
2062.0
1030.5
1979.0
1778.0
0
257.0
1517.0
0
843.0
2167.0
1192.0
419.5
652.0

535.0
1066.0
1420.0
348.5
3028.0
832.0
1234.0
1303.5
464.0
302.5
2004.5
68.0
1465.0
1229.0
848.5
861.5
979.0
1014.0
3263.5
0
875.0
770.0
790.0
138.0
1096.0
2009.0
1286.5
627.5
1034.0
1396.0
1130.5
770.0
126.5
4692.5
489.5
2507.0
704.5
2767.5
289.0
1682.5
965.0
1214.5
1637.5
2006.5
355.5
2981.5
0
300.5
949.5
1038.0
68.0
1196.5
126.5
2624.0
1514.0
1584.5
1816.5
302.0
762.5
1323.0
2810.0
419.5
0
2983.0
2148.5
1213.0
1728.5
2424.5
1859.0
1175.0
1372.5
424.0
497.0

1841.5
2619.0
564.5
407.0
360.5
2487.5
2702.0
1213.0
652.0
2616.5
1638.0
2360.0
0
1196.5
438.5
68.0
1135.0
582.0
605.0
383.0
1747.0
1992.0
726.0
1737.0
0
601.0
242.0
1126.0
1403.0
2466.0
534.0
1333.0
856.5
1276.0
2087.0
2486.5
2638.0
1745.5
126.5
478.0
0
828.5
0
867.5
2547.0
1701.5
2179.0
2098.0
596.0
1135.0
1530.0
539.0
3075.0
595.0
0
877.5
3450.5
771.0
772.5
723.5
1354.0
0
638.0
704.5
901.5
316.0
2681.0
1181.5
916.5
68.0
3683.5
2376.0
656.5
68.0
1567.5
424.0
3865.5
0
1882.0
2794.5
2453.5
2283.0
2013.5
365.5
1965.0
0
359.0
2432.0
837.5
292.5
1975.0
2976.0
665.0
931.0
667.0
68.0
0
1442.0
1379.0
1087.0
68.0
435.5
372.5
1296.5
1528.0
1597.5
686.5

3220.5
651.5
2164.5
1453.0
945.5
2004.5
138.0
383.0
2250.5
1228.5
1139.0
190.5
549.5
694.5
2202.0
1299.0
973.0
348.5
722.0
1769.0
910.0
126.5
0
1931.0
583.0
2483.0
236.0
1027.0
653.5
726.0
1184.0
1722.0
0
1458.0
678.5
794.5
1613.5
937.0
771.5
346.0
2128.5
0
1016.0
3584.5
1169.5
289.0
2284.0
778.0
671.0
1198.5
459.5
230.5
126.5
478.0
1728.5
841.0
1866.5
1232.5
554.0
471.0
1997.0
68.0
2195.0
2399.5
138.0
851.0
138.0
860.0
68.0
703.5
2424.0
0
68.0
0
1395.0
1264.5
1266.0
2608.5
2722.0
1284.5
746.5
0
424.0
864.0
1162.0
1635.5
407.0
1180.0
793.0
605.0
1147.5
0
1299.5
300.5
857.0
1068.5
2476.0
2407.0
348.5
646.0
1394.5
1334.5
769.0
2135.5
1411.0
3262.5
68.0
1656.0
126.5
2397.0
438.5
0
1075.5
903.5
831.5
710.5
596.5
2167.0
0
771.0
839.5
438.5
1728.0
2171.0
554.0
997.5
0
68.0
2359.0
407.0
126.5
531.0
1249.0
136.0
1886.0
599.5
901.0
776.0
1532.0
4944.0
1181.0
1092.0
949.0
958.5
1057.5
489.5
1642.0
607.5
880.5
1665.5
2038.5
539.5
0
1913.5
386.0
716.0
2073.5
4675.5
366.0
0
470.5
1316.5
2197.5
126.5
1125.5
458.0
1727.5
438.5
932.5
770.0
183.5
846.5
518.0
0
598.0
407.0
461.0
901.0
1059.0
126.5
1919.5
708.5
0
438.5
183.5
2122.0
1683.0
1027.5
68.0
1390.0
2765.5
316.0
68.0
817.0
1842.5
831.5
243.5
128.0
2245.5
1906.0
1265.0
893.5
478.0
686.5
300.5
674.0
823.5
435.5
478.0
2531.0
2168.0
1601.0
2117.0
1919.0
419.5
471.0
843.5
3012.5
1004.0
978.0
698.5
0
0
478.0
68.0
128.0
2450.0
1179.5
2633.5
862.5
640.5
789.5
1828.5
684.0
2260.0
1181.5
0
250.5
359.0
128.0
700.0
918.5
489.5
126.5
741.0
68.0
316.0
1201.5
754.5
1306.5
126.5
653.5
1224.0
0
1019.5
716.0
1111.5
3085.0
598.0
4427.0
2258.5
908.5
1186.0
2138.0
771.5
3194.0
1796.5
2139.0
1247.5
2450.0
1330.5
289.0
438.5
1525.5
2874.5
862.5
1713.5
461.0
1379.0
3017.0
0
419.5
1342.0
1032.0
1872.5
889.5
1438.0
1715.0
851.5
637.0
183.5

438.5
1706.0
0
1454.5
1950.0
915.5
829.5
1897.5
313.5
1834.5
724.0
1327.5
243.5
401.0
0
0
1863.5
300.5
1566.0
68.0
1072.5
2693.0
1952.5
1081.0
1534.5
0
598.0
1180.0
2904.0
1246.5
575.0
126.5
2728.5
2687.5
1201.5
68.0
1335.5
1915.5
1767.0
1366.0
0
459.5
0
0
0
1813.5
3237.0
489.5
554.5
3722.0
68.0
874.0
407.0
0
115.5
498.5
1036.0
0
2596.5
1719.5
3126.0
1676.5
4215.5
0
1050.0
407.0
0
1753.0
68.0
2527.5
1101.0
2642.0
2682.5
68.0

438.5
1927.0
1062.0
2115.0
2903.0
1118.5
3467.0
1664.0
126.5
429.0
3156.0
2461.0
68.0
2537.0
770.0
1609.0
3432.0
826.0
1096.0
546.5
1069.0
809.0
621.0
4556.5
722.0
1983.5
2327.0
3181.0
1389.5
1529.5
2254.5
1741.0
2691.0
2758.5
1244.0
1235.5
1522.0
1079.5
2057.5
988.5
126.5
1964.5
946.0
1476.0
126.5
2998.5
0
374.5
3107.0
2104.0
2203.5
1400.5
924.5
1871.5
126.5
2074.5
1538.0
717.0
0
1004.0
243.0
717.0
2618.5
1422.0
1661.0
2780.5
183.5
1984.5
2324.0
68.0
1972.5
0
1954.5
1724.5
3924.0
5069.5
5190.5
1620.5
2452.5
0
736.0
2085.5
2214.0
1664.5
868.5
126.5
582.0
3294.5
1925.5
648.5
663.0
2284.5
2404.0
1712.0
2385.0
2054.0
1825.5
1383.0
2080.0
1200.0
1563.0
1537.5
138.0
0
993.5
2480.5
1916.0
0
1213.0
68.0
0
1912.0
365.5
1277.5
3006.0
2176.0
0
1272.0
1599.0
1153.5
1285.0
3792.0
2414.5
1867.5
0
478.0
233.0
359.0
126.5
1213.0
2753.5
1535.5
1798.0
2086.0
524.0
958.5
1655.5
1274.0
2330.0
790.0
2832.5
126.5
2328.5
790.5
971.5
2040.0
1650.5
1952.0
316.0
1298.0
3290.0
68.0
1451.5
790.0
3249.5
1993.0
2682.0
2561.0
2000.5
2484.5
0
2720.0
2344.5
3918.0
2187.0
892.5
1049.5
0
1826.5
2735.5
1913.0
1650.5
0
126.5
0
2858.0
0
2043.5
0
478.0
1539.0
2257.0
1638.0
126.5
1389.5
1496.5
2663.0
183.5
2846.0
126.5
3253.0
478.5
1823.5
1767.0
2475.0
716.0
842.5
2000.5
359.0
1723.5
1380.0
68.0
1033.5
1310.5
0
1696.0
300.5
1096.5
138.0
1005.0
1399.5
1926.0
2155.0
1234.0
365.5
1230.0
829.0
2292.0
684.0
1042.0
285.5
3997.5
2559.5
1404.0
1584.5
300.5
1465.5
2193.5
582.5
1263.0
1288.0
1695.5
419.5
2374.0
2472.0
546.0
954.5
0
1246.5
3104.0
1622.0
1691.0
2603.5
2642.0
2094.5
830.0
1461.0
4359.0
593.5
0
3054.5
1849.5
419.5
1760.5
960.0
2023.5
3103.0
126.5
1206.0
511.0
989.5
2249.0
1337.0
3902.0
68.0
1084.0
1120.5
2600.0
1609.0
2573.5
594.0
1614.5
0
300.5
313.5
2502.0
3879.0
1403.5
2069.0
2081.5
1524.5
415.5
2038.0
2579.0
1780.5
3748.0
1760.0
0
1273.5
424.0
3750.0
1778.5
1009.0
126.5

1496.5
1318.5
489.5
2027.0
3139.0
68.0
1610.0
812.5
1543.5
2934.0
2850.5
1855.5
2477.5
0
3094.5
1194.5
1691.0
1893.5
1754.5
1773.0
1957.0
887.0
2708.5
138.0
5188.0
2111.0
917.5
2882.5
663.5
598.0
1130.5
2341.5
1595.5
138.0
3188.5
1972.0
1755.5
1824.5
2704.5
812.0
1506.5
0
1744.5
2298.0
1250.0
126.5
2035.0
2246.5
719.0
2703.0
710.5
2862.0
1332.0
3562.5
2267.5
582.0
344.0
3221.5
984.5
3796.0
2303.5
1965.0
68.0
464.0
68.0
3218.0
0
1509.5
1803.5
1939.5
138.0
672.0
1494.5
2495.5
2475.0
1666.5
1473.5
0
1883.5
0
3266.5
4066.0
1005.0
2065.0
1638.0
4631.5
509.5
1694.5
1112.0
649.0
3325.5
1994.5
2728.0
138.0
790.0
1568.5
315.5
2858.0
2223.5
2937.0
2025.0
0
2526.5
2281.5
919.0
1458.0
2115.0
0
1111.5
951.5
2229.0
2061.0
0
2274.5
344.0
2663.5
438.5
2954.0
2737.0
2399.0
850.0
68.0
1295.5
1269.5
1071.0
3241.0
686.5
2344.0
126.5
2379.5
866.0
1330.5
2221.0
1252.0
1137.5
2209.5
1914.5
2571.5
0
1309.5
0
68.0
419.5
1040.5
1129.0
1025.0
478.0
1019.5
2384.5
424.0
138.0
2102.5
401.0
1971.0
1850.5
1413.0
1725.0
1414.0
726.0
285.5
243.5
797.5
704.5
2074.0
1157.5
680.5
68.0
714.5
68.0
419.5
138.0
979.5
126.5
1026.5
0
0
2668.5
0
1813.0
126.5
1432.5
2231.0
2007.0
644.0
0
.0
126.5
3531.5
1226.5
771.0
300.5
0
546.0
465.0
138.0
733.0
1386.0
1238.5
1194.5
2373.0
906.0
0
569.5
3737.0
0
1905.0
1030.5
2352.0
0
829.5
736.0
2065.0
2459.5
671.0

126.5
637.0
1310.0
1674.5
3007.0
583.0
300.5
2274.0
652.0
126.5
775.5
1393.5
419.5
2127.5
1528.0
925.0
1520.0
2269.5
68.0
2422.0
3091.0
1392.0
230.5
2954.5
1542.5
1049.5
300.5
2060.5
1050.0
599.5
1458.0
623.0
2696.5
0
365.5
1589.0
0
126.5
806.0
0
2265.5
516.5
858.5
993.0
848.5
0
704.5
424.0
435.5
2095.5
622.5
1070.5
0
416.0
582.0
68.0
1086.5
0
802.0
614.0
68.0
68.0
811.0
546.0
471.0
374.5
1019.5
1211.5
2947.0
355.5
528.0
599.5
1398.0
667.5
138.0
1011.0
777.5
68.0
459.5
194.5
1552.0
438.5
0
.5
2468.0
68.0
68.0

329.5
2078.5
126.5
68.0
0
595.0
0
1651.5
2209.0
438.5
2112.0
652.0
2536.0
365.5
126.5
535.0
242.0
1346.0
418.5
316.0
183.5
841.0
438.5
407.0
535.0
489.5
0
1515.0
0
68.0
568.5
1223.5
1257.5
138.0
0
68.0
424.0
1036.5
126.5
126.5
257.0
458.0
497.0
0
1536.5
1842.5
407.0
0
1845.0
1250.5
138.0
1181.5
0
1236.5
1570.0
491.5
419.5
1666.0
2483.5
1312.0
671.0
717.0
898.5
126.5
994.0
383.0
1935.0
1211.0
789.0
516.5
0
1083.5
804.0
804.0
1564.0
183.5
1780.0
469.0
2526.5
497.0
1051.5
1442.5
346.0
0
1138.0
1041.5
138.0
68.0
68.0
1371.0
528.0
407.0
126.5
830.0
230.5
359.0
989.5
586.0
791.0
0
1773.5
138.0
438.5
1986.0
68.0
667.5
68.0
2531.5
1805.5
126.5
300.5
1227.0
419.5
631.0
554.0
0
0
719.0
0
1348.0
1305.0
1265.0
68.0
120.5
1639.5
0
438.5
1642.0
4077.0
365.5
126.5
1042.0
733.0
0
120.5
126.5
359.0
472.0
138.0
498.5
465.0
68.0
696.5
1640.0
798.5
138.0
458.0
138.0
68.0
126.5
0
1051.5
194.5
0
1473.0
1815.5
599.5
1038.5
472.0
528.0
771.0
1316.5
365.5
829.5
537.0
663.0
419.5
680.5
533.5
68.0
383.0
390.5
524.5
967.0
895.0
1549.0
489.5
2153.0
590.5
478.0
365.5
126.5
138.0
809.5
794.5
138.0
0
0
1164.0
68.0
752.5
1313.5
0
639.5
1693.0
509.5
479.5
1339.0
0
1440.0
898.0
2043.0
68.0
968.5
777.0
1507.5
68.0
68.0
435.5
535.0
668.0
1601.5
2377.0
1661.5
1112.5
0
739.0
419.5
138.0
0
774.5
1108.0
243.5
0
1711.5
359.0
344.0
1002.5
771.0
138.0
68.0
0
253.5
683.5
294.5
128.0
688.0
243.0
300.5
424.0
418.5
253.0
960.0
650.5
1620.5
481.0
2169.0
762.0
478.0
68.0
1241.0
438.5
543.5
0
758.5
138.0
1350.5
419.5
652.0
1100.5
0
829.5
545.0
595.0
1375.0
721.5
481.0
1021.0
0
370.5
1690.5
1995.5
290.5
947.0
2521.0
974.5
1746.5
876.5
523.0
68.0
0
419.5
183.5
289.0
0
0
1935.5
782.5
438.5
1263.0
1134.0
1051.5
0
830.0
1079.0
126.5
484.0
471.0
68.0
478.0
478.0
1279.5
435.5
758.5
1174.0
885.5
359.0
1147.5
1321.0
285.5
68.0
302.0
1180.0
68.0
1120.0
824.0
401.0
535.0
640.5
150.0
592.0
0
848.5
2326.0
0
68.0
126.5
1676.0
1160.0
1351.5
419.5
489.5
900.0
1740.5
1702.0
1060.0
138.0
183.5
0
1193.5
774.5
1568.0
2107.0
253.0
569.5
3334.0
1183.5
126.5
717.0
359.0
138.0
1295.0
2480.5
823.5
138.0
1612.5
1707.5
1476.5
809.5
533.0
478.0
491.0
648.5
0
881.5
1351.5
0
911.0
0
1070.5
661.5
2171.0
1509.5
194.5
582.0
359.0
650.0
0
1045.0
1051.0
257.0
2343.0
1051.0
0
709.0
190.5
126.5
1135.0
1791.0
1247.5
471.0
183.5
653.5
1089.5
0
2149.5
693.0
1928.5
1653.0
700.0
768.5
68.0
667.5
1878.0
3293.0
0
243.5
2507.0
3451.5
289.0
1810.5
478.0
3273.5
68.0
821.5
3050.0
2010.0
68.0
0
516.5
0
944.5
946.5
652.0
0
1530.5
0
0
2166.0
1441.5
0
1049.5
1078.5
0
5248.0
0
194.5
243.5
523.5
1291.0
937.5
951.0
1759.0
1857.5
126.5
2377.5
0
709.0
0
0
68.0
302.0
613.0
126.5
1406.5
126.5
2600.5
1628.5
1997.5
1481.5
1493.5
1614.5
1199.5
2831.5
2239.5
3214.0
761.5
1390.0
4204.0
1347.5
632.5
2052.0
2088.0
2157.0
671.0
2536.5
2572.0
3334.0
2204.0
365.5
0
424.0
773.5
419.5
741.0
1949.0
3574.0
2368.5
3370.5
365.5
971.5
355.5
1008.5
68.0
3823.5
3276.0
300.5
1224.5
2274.0
120.5
2309.0
1665.0
771.5
2877.5
2172.5
3523.0
2239.0
2124.5
126.5
523.5
0
790.0
790.0
126.5
822.5
894.0
2420.5
812.0
1438.5
470.5
527.0
5554.0
2418.5
1240.5
1213.5
0
2995.5
2721.5
758.5
0
3693.0
860.0
557.0
2584.5
2516.0
0
588.5
649.0
2392.0
4149.0
68.0
1638.5
438.5
1469.5
693.5
1089.5
1479.0
1571.0
3066.5
3918.5
478.0
3649.0
68.0
952.5
365.5
2000.5
3508.5
0
183.5
0
2605.5
2105.5
0
1007.0
126.5
1782.0
0
605.0
2218.5
1691.0
425.5
2514.5
3619.5
0
1492.0
3513.5
478.0
2791.5
1716.0
1662.5
833.0
869.0
365.5
3402.0
1348.0
186.5
316.0
810.5
0
6.0
2157.5
0
0
418.5
2544.5
2115.0
126.5
179.0
965.0
1075.0
126.5
981.5
593.5
990.5
3068.5
1242.0
1820.0
1451.0
1003.5
3381.5
2738.5
508.5
300.5
4605.0
1314.0
2424.0
2494.0
1358.0
619.5
3882.5
3159.5
2584.0
348.5
2355.0
2312.0
1379.0
3070.5
0
1607.5
1886.5
68.0
949.5
1859.0
540.5
3244.5
300.5
126.5
767.5
0
528.0
1975.0
68.0
3077.5
2476.0
2201.0
126.5
3144.5
1568.0
419.5
1726.5
2429.0
0
0
3071.0
186.5
2066.5
1358.5
0
1646.0
1631.0
1028.5
2315.5
3238.5
2891.5
707.0
2195.5
775.5
505.5
3167.5
438.5
581.0
752.5
0
348.5
1885.5
1406.5
2944.5
0
1100.0
1691.5
717.0
2420.0
3756.0
2142.0
1517.0
289.0
1031.0
126.5
2003.5
2008.5
68.0
1520.5
1372.5
126.5
359.0
1345.0
1206.0
722.0
2297.0
4427.5
1565.0
3284.5
2351.5
225.5
2292.5
0
2091.0
419.5
2818.5
3085.5
1385.5
2542.0
0
0
478.0
1745.5
1940.0
1079.5
1944.0
2521.5
0
806.0
401.0
1711.0
2989.5
774.0
652.0
541.0
2702.0
3040.0
419.5
231.5
2197.0
1547.0
786.0
1047.0
1601.5
2164.5
0
3375.0
1301.5
1721.0
0
1826.5
0
2004.0
2220.0
1430.5
0
2407.5
4886.5
2097.5
2697.5
1419.5
2338.5
126.5
126.5
126.5
2714.5
3549.5
2971.5
68.0
2742.5
1545.5
115.5
1326.5
1317.0
68.0
2661.5
1710.5
1032.0
2416.0
3728.5
2362.0
1257.0
478.0
1480.5
2571.5
2791.5
2815.5
3974.0
488.0
2058.5
2062.5
0
3281.5
365.5
138.0
2107.5
0
1867.5
1403.5
2921.0
3138.5
0
2663.5
1038.0
126.5
1634.0
138.0
2680.0
1708.5
758.5
2146.5
0
68.0
424.0
0
628.5
126.5
2466.0
1829.0
0
652.0
2786.5
1903.5
2228.0
419.5
1282.0
1478.0
1105.0
2144.0
2026.5
2545.0
1911.5
1357.0
2941.0
68.0
2271.0
0
1924.5
0
1397.0
0
1606.0
3840.5
3055.5
0
243.5
348.5
2155.5
1400.5
1907.5
0
2525.5
230.5
1475.5
126.5
1660.5
418.5
0
136.0
1069.5
0
183.5
1262.0
2715.5
661.5
3216.0
68.0
126.5
652.0
2804.0
931.0
988.5
2216.0
661.0
3926.5
0
0
459.5
652.0
0
1576.0
2753.5
1741.5
1228.0
68.0
1231.5
2227.0
1531.0
2660.0
0
431.5
478.0
1570.0
2530.0
814.5
0
1945.5
2246.0
1013.5
2409.0
1752.5
1686.0
0
2948.5
344.0
0
1699.0
419.5
1404.5
0
2674.5
3330.5
3319.5
2217.5
710.5
0
831.0
1603.5
359.0
1644.0
685.0
68.0
68.0
0
2407.0
2919.0
1897.0
2805.0
2456.0
2672.0
2682.0
2024.5
2201.0
824.5
407.0
3435.5
2613.0
700.5
2540.0
1866.5
2971.5
126.5
126.5
491.0
1596.5
1576.0
699.5
2490.0
3400.0
3060.0
891.0
1760.5
2606.5
1854.0
1538.5
3378.5
1563.5
594.5
2610.5
1484.5
1719.0
2837.0
3683.0
1060.0
4124.0
2298.0
3578.5
3074.5
646.0
1298.5
1812.0
834.5
1999.5
2989.5
1568.0
0
2434.0
1032.0
3075.5
2051.0
2223.5
3276.0
3058.5
374.5
794.5
1181.5
0
1900.0
1880.0
2161.5
1991.0
68.0
0
2659.5
3239.0
2095.5
0
1182.5
3362.0
3002.5
3354.5
2917.0
2110.5
438.5
1942.0
1844.5
2961.5
2248.5
4022.0
2187.0
438.5

4531.5
614.0
437.0
2678.0
717.0
2198.5
3295.5
2757.0
126.5
3142.0
2632.0
1122.5
2339.5
2271.0
2956.0
1621.0
3172.0
3339.5
183.5
2559.5
2387.0
3507.0
0
441.5
0
1106.5
3050.5
3500.5
1681.0
419.5
68.0
0
1273.0
438.5
2503.0
1311.0
946.5
3337.0
2871.5
3425.0
2177.0
2818.0
68.0
1104.0
438.5
2597.0
3693.0
1563.0
424.0
1529.0
0
2179.5
2146.0
535.0
1380.0
756.5
2834.5
2379.5
2871.0
126.5
0
2834.5
1842.5
138.0
441.5
2942.5
928.5
0
1052.0
2001.0
2436.0
0
2408.0
68.0
1616.0
0
2758.5
0
0
581.0
2569.5
969.5
68.0
3909.5
2637.5
68.0
68.0
1630.5
0
1384.5
652.0
2395.0
1067.5
1842.0
1378.0
3024.5
0
3343.0
194.5
2409.0
0
2848.0
1433.5
1279.5
958.0
435.5
1412.0
3742.5
126.5
126.5
1792.5
0
0
2090.0
3927.5
126.5
1526.0
0
882.0
1424.5
2181.0
2471.5
2730.0
194.5
2331.0
2985.0
2368.5
1614.5
1289.5
2245.0
949.5
1847.5
1114.0
3503.5
1968.0
4070.5
2189.5
2055.0
4189.0
2467.5
1559.5
569.5
1567.0
489.5
1270.5
0
3015.5
2308.5
3061.0
588.0
3042.5
968.5
2622.0
126.5
3017.0
2528.0
1879.0
641.5
581.0
1018.0
1311.0
1010.0
1038.0
661.5
348.5
3869.0
940.0
1238.0
4696.5
1035.0
2412.5
777.5
138.0
2551.5
0
2181.5
1889.0
2610.0
595.0
4487.5
2086.0
3248.0
3291.0
3065.0
1183.5
1694.5
1593.5
3008.0
438.5
2344.5
583.0
3675.5
2654.5
289.0
1915.0
1003.5
2248.0
1600.5
68.0
0
2131.5
1252.5
1383.5
0
2305.0
1404.0
1514.5
2082.0
239.0
3255.0
2002.0
960.0
173.0
2373.5
2421.0
629.0
435.5
2375.5
0
2037.0
969.5
1453.5
179.0
3349.0
968.5
860.0
3360.0
68.0
1311.5
1008.5
1203.0
601.0
438.5
686.0
1801.0
1595.5
2994.5
947.0
1314.5
1249.5
1051.5
0
68.0
1210.5
0
2886.0
1105.0
2334.0
3427.0
2670.0
68.0
3402.5
1457.0
2376.0
620.5
419.5
0
2201.5
2307.0
0
2722.5
1038.0
1816.5
1977.0
1970.0
2713.0
126.5
1551.0
300.5
2362.0
1255.0
1657.5
0
383.0
1276.5
519.5
1184.5
138.0
0
0
680.5
640.0
1818.5
4225.5
424.0
0
1741.0
4148.0
1929.0
126.5
463.5
1109.5
288.0
126.5
687.0
0
68.0
257.0
710.5
0
1846.0
138.0
2071.5
2146.5
419.5
894.0
2900.5
1903.0
0
839.0
2493.5
257.0
727.0
2841.0
0
0
1171.5
1441.0
1201.5
2257.0
1661.0
736.0
726.0
1238.5
996.0
1913.5
3226.0
1088.0
790.0
1226.5
0
478.0
1354.0
1693.5
1037.5
0
1488.5
889.5
1674.5
2990.0
2152.0
1697.0
0
2018.5
1656.5
2112.0
857.0
1284.0
458.0
1070.5
1200.0
2690.0
126.5
0
2339.0
789.0
823.5
508.5
2909.0
3625.0
2407.5
1638.5
0
659.5
242.0
2243.5
1527.0
629.0
126.5
438.5
126.5
1670.5
126.5
698.5
1163.5
1626.5
1146.0
850.0
698.5
0
194.5
2390.0
0
1784.0
653.5
126.5
614.0
1402.5
1945.5
0
243.5
1176.5
1501.0
2727.0
1651.0
438.5
1515.0
0
115.5
2646.5
564.5
1938.0
1695.5
1648.0
1787.0
1977.5
1087.5
1335.0
1452.0
889.5
1660.5
1037.5
648.5
563.5
0
492.0
401.0
68.0
0
401.0
962.5
419.5
1756.0
1238.5
546.0
883.0
1087.5
908.0
1340.5
476.0
916.0
68.0
517.0
638.5
958.5
4313.0
1062.5
1400.0
383.0
453.5
595.0
1804.0
313.5
1411.0
1723.0
652.0
1533.5
1506.5
1045.0
4157.5
68.0
1364.5
354.5
0
0
1290.0
1289.5
1282.5
1874.0
1271.5
1309.5
471.0
1432.0
2082.0
771.0
1833.5
1568.0
3172.0
120.5
0
4445.0
489.5
2547.0
3069.0
1473.5
2040.5
1677.5
68.0
138.0
1918.0
419.5
1719.5
598.0
1217.5
257.0
1200.5
126.5
418.5
1537.5
1109.0
0
1723.0
1933.0
2037.0
636.5
543.5
2522.0
0
402.0
1821.5
1766.0
874.0
300.5
138.0
652.0
1541.0
1731.0
478.0
242.0
0
0
1137.5
647.0
596.0
1822.5
1037.5
1127.0
471.0
652.0
2322.5
1219.5
2824.5
1859.5
4247.0
1684.5
230.5
3012.0
419.5
1080.0
1369.0
2221.0
1882.5
727.5
68.0
1585.5
750.5
138.0
752.0
1669.0
554.0
1072.0
849.5
183.5

243.5
1178.0
1734.0
446.5
419.5
126.5
1603.0
684.5
3507.0
300.5
2949.0
126.5
2496.5
3206.0
68.0
0
0
1016.5
1750.0
3096.0
1959.5
1501.5
173.0
984.0
686.5

1172.5
3742.0
2021.0
1033.0
484.0
138.0
2648.5
2433.5
1490.0
2845.5
2487.5
2286.0
2932.0
991.5
3812.5
138.0
2440.0
365.5
726.0
1741.5
1211.5
659.5

2210.0
0
0
0
1122.5
1570.5
700.0
1961.5
508.5
3360.5
720.0
2130.0
2373.5
365.5
659.5
1027.0
2045.5
1076.5
1433.0
2368.0
533.0
68.0
3485.5
1193.5
2602.5
126.5
2796.0
1500.0
2737.5
2291.0
576.5
1104.5
2998.0
698.5
407.0
0
2060.5
838.5
1934.0
0
2353.5
3082.0
128.0
438.5
533.0
2534.5
1515.5
2304.5
1471.0
2256.0
481.0
1744.0
1283.0
2266.5
2309.0
126.5
0
0
879.0
1253.0
126.5
595.0
0
478.0
2981.0
486.0
1687.5
1884.0
2382.0
2142.0
617.0
3395.0
794.5
479.5
183.5
1663.0
1385.0
809.5
126.5
3185.0
1888.0
1505.0
0
761.5
1214.5
1147.5
2586.0
316.0
419.5
126.5
0
522.5
0
1383.0
441.5
3560.0
1869.0
1029.0
3722.5
2874.0
126.5
0
2182.0
1027.0
1743.0
3000.5
1925.5
3382.0
2492.5
5015.0
0
489.5
2134.5
752.5
68.0
1308.5
126.5
0
959.0
1586.5
2342.5
2577.5
68.0
2049.0
1340.5
68.0
1192.0
1968.5
1886.5
2604.0
2079.5
1283.5
453.0
841.0
2456.0
4404.5
365.5
2551.5
68.0
4058.0
647.0
1843.5
2063.5
1825.5
68.0
2032.0
419.5
1915.0
2273.5
2335.0
4073.5
4059.5
0
0
1190.5
128.0
2833.5
2328.0
637.0
846.0
848.5
535.0
0
5131.5
653.5
1691.0
2344.0
2134.5
1196.5
1427.0
1314.0
2033.0
2512.0
2289.0
68.0
1200.0
1621.0
822.5
68.0
2655.0
1471.5
435.5
194.5
868.0
2962.5
1153.0
2951.0
3617.5
2139.5
2160.5
126.5
1036.0
3071.0
138.0
1712.0
407.0
0
700.0
1223.5
1050.5
1188.0
0
2135.5
2117.0
601.0
1684.5
4181.0
0
1571.5
984.0
1983.5
1396.0
1111.5
459.5
731.0
1525.5
1023.5
0
353.0
0
603.5
2011.0
407.0
929.0
1719.5
1731.0
991.0
1381.0
476.0
68.0
3134.0
1260.0
300.5
613.5
2106.5
524.0
872.0
1728.0
1387.0
829.5
2130.0
68.0
762.0
614.0
1915.5
717.0
711.5
2102.0
419.5
2021.5
1983.0
2832.5
424.0
2354.0
478.0
1440.0
478.0
774.5
1891.5
2974.0
1162.5
1303.5
68.0
179.0
646.0
1541.5
126.5
3493.5
407.0
2554.0
0
438.5
649.0
416.0
2918.0
2194.0
2001.5
1902.5
0
0
1428.5
2314.5
656.0
1055.0
489.5
2067.0
792.5
1079.0
285.5
722.5
1207.5
2481.0
1252.5
821.5
2396.0
1294.0
2247.5
1589.0
1117.0
1655.5
2817.0
120.5
1523.5
1203.0
1572.0
842.5
1870.0
253.5
997.0
194.5
1716.5
2592.0
4300.0
1521.5
1276.0
1051.0
1391.0
3927.5
2441.5
3401.0
2457.5
937.0
1987.5
925.0
1786.5
775.5
2593.5
1543.0
2958.0
383.0
2734.0
2326.5
790.0
126.5
812.0
1092.0
608.5
4922.5
445.0
2400.0
126.5
2222.0
2418.5
558.5
566.0
2649.5
773.5
2224.5
3443.0
809.0
0
1022.5
4063.5
1425.0
1999.0
1709.0
663.5
3566.0
2073.5
0
1979.5
126.5
1338.0
558.5
1843.5
663.0
126.5
486.0
3421.5
3113.0
0
3022.0
1171.5
1248.5
1212.5
1881.0
1958.5
1601.5
1240.0
2636.0
2768.5
2952.0
758.0
4031.5
2282.5
68.0
2602.5
0
2611.0
1380.5
1119.0
2942.0
667.0
1602.0
1217.5
1026.5
1433.5
2394.5
2233.0
1444.0
3524.0
0
138.0
68.0
1814.5
3056.5
1707.5
894.5
4155.0
300.5
2074.0
1549.0
438.5
120.5
598.0
1004.0
3648.0
3036.5
2994.5
2230.5
2023.5
0
2340.0
2123.0
1315.0
576.0
652.0
2059.5
138.0
2565.0
3326.0
2154.0
849.5
0
1295.5
0
706.0
1844.0
2245.5
1682.0
2054.5
476.0
499.0
1635.5
1754.5
1197.5
819.0
3200.0
2150.0
638.5
1122.5
994.0
198.0
3433.0
2337.5
365.5
3376.0
2754.5
1147.5
2900.0
2134.0
2172.5
2847.5
2924.5
0
1648.0
3529.5
390.5
3144.5
1426.5
2705.0
453.5
194.5
3541.5
2080.0
2936.0
952.0
2636.5
3821.0
2277.5
722.0
0
2177.0
506.0
3683.0
848.5
1063.5
3109.5
289.0

2269.0
2119.0
2084.0
4083.0
2856.0
1717.5
3063.0
843.0
1916.0
68.0
2970.0
1855.5
734.5
1870.5
2376.5
3339.5
3483.5
2938.0
3749.0
2519.0
1364.5
1325.5
3596.5
2615.0
1809.5
1617.5
1698.0
1650.5
1683.0
2637.5
3139.5
243.5
183.5
1822.0
2043.0
3744.0
2081.5
2351.5
2077.0
3308.0
1053.5
0
68.0
2700.5
3884.0
3252.0
1616.5
1201.0
2583.0
68.0
1829.0
3096.0
1500.0
792.0
1127.0
3063.0
2085.0
68.0
471.0
2208.0
1715.5
3516.5
313.5
2867.5
3888.0
365.5
126.5
613.5
3140.5
2123.0
1819.5
3639.5
68.0
2301.5
2319.0
2076.5
3312.0
1355.5
2719.0
2973.0
717.0
3188.0
3497.0
3995.5
68.0
424.0
68.0
1795.5
68.0
2292.0
594.5
68.0
3003.0
3318.5
2847.5
2882.0
4053.0
1321.0
2314.5
0
68.0
726.0
1120.5
945.5
300.5
2674.0
1322.5
3446.5
0
0
3826.0
2364.0
3356.0
980.0
1895.0
3342.0
359.0
3488.0
418.5
138.0
895.5
0
2221.5
1054.5
1918.0
1834.5
1682.5
2133.0
2551.5
838.5
2154.0
1123.0
1735.0
1439.0
704.5
598.0
3084.5
522.5
1651.5
2028.5
257.0
717.0

2449.5
126.5
2523.0
3057.5
2672.5
383.0
0
0
2427.5
1365.0
3085.0
813.0
708.5
2504.5
603.5
2519.0
2114.5
2876.0
68.0
1450.5
3102.0
3874.0
2398.0
1126.0
138.0
1532.5
2240.5
365.5
771.5
1776.0
3833.0
2515.5
1331.5
1978.5
1702.0
3170.5
2775.5
2594.0
2069.0
1970.5
2034.0
1773.5
2451.0
1642.0
2793.5
476.0
3070.5
652.0
883.5
633.5
3971.5
860.0
126.5
2054.5
2860.5
3649.0
2782.0
68.0
4714.5
0
2198.0
1356.5
680.5
68.0
68.0
1562.5
126.5
1270.5
2826.0
0
68.0
1424.5
2128.5
576.5
987.5
138.0
365.5
315.5
1594.0
0
1513.5
1498.5
1822.5
1750.5
1736.5
2182.0
138.0
126.5
1510.0
471.0
1392.0
514.5
264.5
1963.0
826.0
3135.5
2879.0
0
1372.0
68.0
1827.5
3396.5
2402.0
598.5
1808.0
1022.5
1988.0
1514.0
68.0
1629.0
2057.0
3282.0
2124.5
2299.5
938.5
0
0
2.5
1459.0
2533.5
966.0
1810.5
2234.5
1444.0
68.0
1745.0
527.5
359.0
2475.0
1292.5
68.0
2897.0
476.0
3795.0
1830.0
1580.0
1872.0
3265.0
383.0
2452.0
1373.0
2760.5
545.5
3376.0
1942.0
2474.0
932.0
1195.5
1671.5
5469.5
411.5
0
1510.5
1999.0
2126.5
1228.5
1807.0
1399.5
2869.0
882.5
355.5
363.5
2598.0
2041.0
1917.0
2254.0
3370.5
2475.0
2942.5
0
1012.5
651.0
3576.5
1996.5
2485.0
822.0
1653.5
2853.5
126.5
1932.5
697.0
814.5
1738.0
68.0
1341.0
2522.5
1812.5
300.5
1722.0
491.5
3418.5
2128.5
1902.0
404.5
2895.0
2603.5
2439.0
370.5
138.0
1628.5
1412.0
2162.0
586.5
2995.5
2258.0
1238.0
1565.0
1393.0
302.0
2463.0
1222.5
4648.0
651.0
3419.0
2242.0
0
1956.5
486.0
365.5
1479.5
787.0
3068.0
1138.5
1286.0
1744.5
1060.0
710.5
895.0
3429.0
1079.5
1729.0
1692.0
2245.5
1708.0
2002.0
1003.5
1677.5
1078.0
1725.0
2588.0
1351.0
1676.0
707.5
401.0
497.0
2953.0
0
997.5
1653.5
2747.0
3067.5
775.5
1474.5
1741.5
713.0
126.5
2885.0
1333.5
1767.0
1089.5
2858.5
0
2571.0
2630.0
3295.5
1081.0
848.0
0
1182.0
2855.0
0
2468.0
0
1077.0
1572.0
1038.0
1744.0
1953.5
1779.0
2662.0
1433.5
1011.0
1408.0
1542.0
2540.0
1658.0
974.5
2251.0
1627.5
4059.0
68.0
1282.5
68.0
68.0
1017.0
1219.0
1402.5
2289.0
2022.5
717.0
68.0
3882.5
703.5
1194.5
689.5
872.5
877.0
2109.0
424.0
1376.0
1766.0
1924.5
0
3838.5
737.5
1466.0
911.0
0
1548.0
2651.5
2299.0
2493.5
2885.5
1168.0
438.5
3147.5
354.5
0
2677.0
1285.0
2276.5
0
1092.0
419.5
418.5
956.0
703.5
535.0
1783.0
771.0
1980.5
1405.5
138.0
545.5
903.5
1219.5
1382.5
0
2909.5
841.5
1820.5
230.5
68.0
2458.5
726.0
2220.5
1108.0
1567.0
508.5
126.5
2471.5
921.0
0
370.5
1571.5
780.0
3491.5
591.5
2278.5
0
1910.5
651.0
68.0
419.5
1132.0
752.5
1575.0
1278.0
3203.5
300.5
508.5
717.0
0
1874.5
183.5
1361.0
1812.0
257.0
365.5
68.0
1615.5
126.5
583.5
424.0
138.0
453.5
1947.5
1153.0
947.0
481.0
0
530.0
677.0
920.5
302.0
1590.0
667.5
257.0
1218.5
2226.5
1609.0
365.5
459.5
497.0
561.5
1243.0
1772.0
2010.5
1087.5
0
1777.5
0
1606.0
750.5
1027.0
478.0
478.0
0
68.0
0
1549.5
1833.0
1562.0
2440.0
1038.0
548.5
1012.5
582.5
0
576.5
126.5
2100.0
438.5
2341.5
671.0
0
619.5
946.0
472.0
359.0
598.0
1424.0
1524.0
316.0
1588.5
1793.0
126.5
1368.0
438.5
68.0
3658.5
996.0
2239.5
0
0
793.0
598.0
894.0
586.5
313.5
788.5
1648.0
936.0
716.0
551.0
1615.5
524.5
497.0
722.0
2315.0
1635.5
419.5
1477.5
1043.5
374.5
1881.0
1596.5
0
0
0
.0
68.0
68.0
845.5
299.0
622.5
68.0
0
1437.5
1548.5
1005.5
2098.0
183.5
1369.5
1908.5
2614.0
0
0
243.0
68.0
968.5
524.0
652.0
0
775.5
316.0
424.0
1112.5
424.0
971.0
402.0
0
365.5
886.0
393.5
574.0
535.0
435.5
453.0
1325.5
344.0
478.0
1017.5
68.0
436.0
316.0
814.0
1054.5
243.0
476.0
1162.5
1609.5
917.5
300.5
497.0
686.0
459.5
0
407.0
996.5
2070.0
0
848.5
359.0
971.5
583.0
289.0
0
753.5
478.0
569.5
247.0
183.5
68.0
1466.5
302.0
179.0
703.5
601.0
126.5
577.0
115.5
478.0
1531.0
300.5
438.5
435.5
424.0
418.5
316.0
411.0
183.5
1618.5
370.5
316.0
1017.0
0
1528.0
419.5
803.0
1514.0
647.0
438.5
1523.5
2306.5
508.5
68.0
0
0
1373.5
497.0
1830.5
1086.5
126.5
1372.5
2013.5
1207.5
0
68.0
1426.0
365.5
652.0
548.5
991.0
1500.5
463.0
782.5
745.5
0
888.0
754.0
370.5
523.0
68.0
316.0
126.5
1863.5
465.0
663.5
599.5
1294.0
1195.0
419.5
1364.5
682.5
819.5
68.0
2192.5
750.5
418.5
416.0
1108.5
524.0
603.5
0
172.0
884.5
0
302.0
821.5
407.0
2358.0
1811.0
138.0
0
1099.5
934.5
2224.5
1323.0
300.5
183.5
1107.5
894.0
874.0
1256.5
0
1015.0
1225.5
862.5
2213.0
300.5
126.5
0
827.5
300.5
285.5
128.0
365.5
1987.0
1404.0
2759.0
68.0
687.5
704.5
2103.5
1761.5
1088.5
138.0
512.0
945.5
1469.0
0
359.0
172.0
698.5
757.0
790.0
359.0
2304.5
603.5
1424.0
1400.0
2252.5
419.5
1017.0
652.0
1910.5
1136.0
1837.0
407.0
438.5
359.0
923.5
599.0
834.0
458.5
2416.5
68.0
300.5
0
2869.0
138.0
1111.0
1049.0
343.0
0
794.5
2890.0
1015.0
0
900.0

1157.0
0
2949.5
1640.5
300.5
1903.0
126.5
1389.5
424.0
758.5
654.5
138.0
1020.5
126.5
1897.5
3106.0
785.5
1456.0
0
1441.0
1043.5
0
68.0
179.0
650.0
1155.0
68.0
2449.0
126.5
1594.0
766.0
2989.0
300.5
1251.5
186.5
2056.5
1089.5
68.0
359.0
0
1526.5
453.5
750.5
863.5
1636.5
0
2421.0
827.5
596.5
2058.5
1086.5
253.5
2175.5
536.0
916.5
2330.5
1588.5
344.0
1318.5
0
0
329.5
949.5
478.0
2619.0
1022.5
1470.5
2649.5
1070.5
2527.5
1449.5
1461.5
596.5
2143.5
2272.5
1526.5
1873.5
1832.0
2227.5
1307.0
874.5
700.0

353.0
2330.5
1157.0
681.5
365.5
1608.5
253.0
2085.5
1385.5
1643.5
1798.5
3902.0
1338.5
424.0
685.5
907.5
893.5
854.5
1218.5
1532.0
2635.0
1776.0
1919.5
899.0
138.0
2169.0
921.5
1024.0
633.0
1486.0
2011.5
1364.0
2974.5
0
0
1020.5
2030.5
2407.5
2108.5
419.5
2062.0
2777.5
2847.0
985.5
2312.5
1866.5
1812.5
3245.5
3163.0
1810.0
960.5
1073.0
316.0
938.0
1360.0
370.5
754.0
2693.5
2058.5
687.5
846.0
1925.5
190.5
2059.0
1923.0
2001.5
2773.5
575.0
1614.5
68.0
1025.5
1997.0
2691.5
824.0
2395.0
2782.5
1649.5
3125.5
2665.0
700.0
3101.5
2393.0
0
9.0
1088.5
484.0
1835.0
601.0
1016.5
2229.5
2872.0
1606.5
1714.0
2286.0
2355.5
194.5
419.5
830.5
2579.5
2658.0
2767.0
959.5
2926.0
1140.5
1221.5
954.5
1693.5
2079.5
2814.0
1044.5
2867.5
1513.0
1381.0
2773.0
1868.5
126.5
1574.5
1497.0
126.5
777.5
1772.0
642.0
0
1663.0
1237.0
1458.0
2058.0
2042.5
1092.5
1949.5
1968.0
0
1321.0
789.5
68.0
1547.0
1968.5
1329.5
2910.5
2214.0
1423.5
1883.5
3048.5
804.0
1104.0
2150.0
348.5
1667.5
2274.5
1685.5
1908.0
1739.5
1397.0
849.5
2581.5
138.0
1167.5
126.5
478.0
1776.0
692.5
538.0
2132.0
2150.0
68.0
2160.0
2397.5
1717.0
2903.5
2017.5
1066.0
1907.0
1303.0
1629.0
1148.0
1060.0
1357.0
2129.0
1394.5
2044.0
1978.5
2154.5
2089.0
1240.0
538.0
3043.0
1590.0
2108.5
771.0
1227.0
652.0
1389.5
719.0
1630.0
370.5
794.5
2793.5
2146.5
0
1323.0
365.5
1789.5
3528.5
1651.0
885.0
2073.0
2864.5
2406.0
4029.0
2056.0
2141.5
869.5
3146.5
3689.5
1158.5
2448.5
4240.0
1892.5
869.5
3259.5
990.0
0
1769.5
3377.5
1998.5
2830.5
2341.5
1428.5
3264.0
1902.0
2638.5
4174.0
1410.0
2447.0
120.5
717.0
68.0
836.5
841.5
703.5
0
1967.5
2654.0
2761.0
2434.5
3849.0
1270.0
1953.5
348.5
0
126.5
2691.5
478.0
2691.5
1392.0
2285.0
0
825.0
615.5
68.0
2526.0
1882.0
3039.5
1285.5
0
1301.0
537.5
2335.5
2743.0
0
2912.0
1603.5
0
811.0
1302.5
68.0
3194.0
2604.0
2369.5
3871.0
3755.0
812.5
1505.0
1724.5
1611.5
2688.0
1875.5
3075.0
2714.0
3856.5
1972.0
2382.0
5155.5
3736.0
1567.5
2615.5
2535.0
3481.5
2065.0
2312.5
3109.5
1642.5
2549.5
2684.5
4196.0
1419.0
1673.5
1810.0
3356.0
1262.0
0
4487.5
0
0
2274.5
2440.0
2142.0
467.0
3785.5
1778.0
0
2460.5
2899.5
3475.0
2807.5
1634.0
3005.0
1092.5
1934.0
1445.5
2250.5
2232.0
1130.0
2167.0
1929.0
1865.5
919.0
374.5
0
3428.0
1242.5
68.0
848.0
1795.5
2681.0
2413.5
1249.0
830.0
2920.0
3375.5
704.5
3003.5
418.5
3224.5
1201.0
1917.0
1258.0
0
2274.5
2094.5
2144.5
1860.0
0
2073.5
2433.0
2900.0
2817.0
649.0
424.0
0
3066.0
2310.5
2451.0
3499.5
1097.5
0
1108.0
2093.5
1663.5
2142.5
671.0
1350.0
300.5
2353.5
2106.5
481.0
2383.0
0
3468.5
2784.5
2831.5
3035.0
126.5
3380.0
3292.5
536.0
1846.0
2794.0
2493.5
2601.5
1642.0
1452.5
1140.5
594.0
2742.5
1475.0
1684.0
1688.0
1876.0
2876.5
1366.5
2191.5
3304.0
2050.0
1789.0
1884.5
2168.5
2573.5
0
2266.0
1360.0
1704.0
2895.0
0
68.0
1105.0
1007.0
829.5
1644.0
1929.0
1650.5
1030.0
1589.0
3628.5
3342.5
1394.0
3420.5
2455.5
1511.0
1246.0
3308.5
780.5
2157.5
2405.5
1687.5
1445.0
0
2435.5
1206.5
3435.5
3031.0
2388.5
3410.5
2063.5
0
2021.0
3177.0
478.0
2862.0
1807.5
2131.5
348.5
2196.0
1767.5
2171.0
3254.5
300.5
3688.5
508.5
668.0
0
138.0
0
2640.5
2747.0
126.5
68.0
2343.0
2680.0
1020.0
2767.5
0
1810.0
755.5
435.5
1663.0
3046.5
1476.0
1435.5
2318.5
1222.0
492.0
2597.5
2275.0
734.5
2926.5
2461.5
1999.5
1289.5
1997.0
955.5
3546.5
2874.0
2456.0
1857.0
2274.0
2896.0
3169.5
1411.5
2874.5
3085.0
3839.0
2393.5
2063.5
1942.0
2985.5
2594.0
2769.0
1638.5
1462.5
2912.5
344.0
4050.0
3801.5
0
3239.0
0
2466.5
1556.0
302.0
1725.0
2323.0
3467.0
68.0
1379.5
0
2145.0
2994.5
2884.0
1634.0
2696.5
2117.0
1037.5
2252.5
1006.5
1394.0
0
1399.0
652.0
0
0
2797.5
2074.5
1117.5
2175.5
126.5
1122.5
668.0
2428.5
3382.5
3736.0
1507.0
1561.0
316.0
1645.5
1015.0
1373.0
3828.0
1006.5
1861.5
2286.0
646.0
707.0
1057.0
770.0
814.5
2229.0
1438.5
1753.5
68.0
3051.5
2270.0
2430.0
1685.5
1818.0
68.0
1913.5
1181.0
2850.0
2581.0
2089.5
1346.5
1440.5
1175.5
1668.5
4007.0
629.0
1717.0
1982.5
1595.0
2646.0
0
3023.0
516.5
3728.0
2262.0
2433.5
1425.0
1990.0
2671.0
1776.5
1954.5
3388.5
1744.5
1930.0
2905.5
2100.0
2463.0
2533.5
2029.0
126.5
0
983.0
3307.0
1414.0
68.0
3460.0
0
1166.5
2350.5
1504.0
950.5
1221.0
0
949.5
2701.5
1564.0
2599.5
1024.0
1308.0
490.0
3690.0
1635.0
0
1597.5
2387.5
3171.5
1956.0
1614.0
300.5
0
126.5
1315.0
300.5
0
641.5
1205.5
904.0
1114.0
0
1400.0
3553.0
2044.5
2676.0
2021.0
4046.5
1731.0
1623.0
1759.5
3420.5
0
2832.5
2023.5
1879.0
1481.0
2074.0
3563.5
0
2635.5
3620.5
1259.5
1122.5
3746.0
5904.0
2480.0
3529.5
2157.5
1993.5
1536.0
458.0
2313.0
2283.0
2179.5
3000.0
2125.5
3888.0
1105.0
5824.0
782.0
365.5
1967.0
1512.5
5531.5
2795.0
0
3517.0
2116.0
1337.5
2009.5
1439.0
2066.5
1082.0
1455.5
601.0
138.0
2757.0
365.5
1174.0
2405.5
0
4347.0
242.0
1043.5
2736.0
1888.0
126.5
1215.0
1844.5
1214.0
0
1282.0
489.5
344.0
516.5
3701.5
1402.5
3380.0
128.0
1723.0
2828.0
3511.5
711.5
2278.0
3179.5
2685.0
1706.0
3669.5
1264.5
0
2834.0
458.5
1570.0
3467.5
4042.5
3242.0
2856.5
2596.0
1004.0
0
0
2054.5
2842.5
1846.0
2630.0
3368.0
0
4094.0
68.0
1568.0
3266.0
2085.0
2896.5
2806.5
901.5
0
1859.5
2340.5
1436.0
2546.0
2597.0
1199.5
1975.0
438.5
1059.0
68.0
3292.0
1456.0
2992.0
1387.0
0
719.0
1362.0
3441.0
3454.0
1787.5
3331.5
1368.5
2348.0
1850.0
2229.0
771.0
642.5
1759.5
2156.0
138.0
3173.5
1194.0
2253.0
1547.5
1979.5
1087.5
2273.5
1742.0
0
793.0
1977.0
3260.5
1648.5
2313.5
2712.5
2048.5
2197.0
2017.0
1514.5
812.0
3049.0
68.0
0
3179.0
4856.5
2043.0
1689.0
3189.0
1016.5
2701.0
68.0
950.5
908.5
1904.5
2107.5
478.0
1481.0
2135.5
2959.0
1872.5
3796.0
469.5
374.5
1532.0
2722.0
1967.5
1193.0
2216.5
1455.5
68.0
3128.0
2230.0
2854.0
0
1420.0
126.5
3454.5
2110.5
2397.5
3297.0
3096.0
2932.5
68.0
1218.0
970.0
3603.5
1739.0
419.5
461.0
2858.5
3298.5
0
2908.5
2319.0
243.5
2087.5
2516.0
2393.0
289.0
651.0
1572.0
138.0
860.0
68.0
1079.5
0
365.5
948.0
1965.0
2954.5
0
0
1040.0
811.0
3591.0
1953.0
2530.0
2366.5
3748.5
2049.0
1697.0
0
821.5
2934.0
2004.0
419.5
3122.0
2406.0
0
3246.5
878.5
956.0
2675.0
1083.5
1215.0
4856.0
419.5
1827.0
2318.0
3973.5
1827.5
68.0
1453.5
1062.5
3998.0
961.0
1867.5
0
1830.0
1897.5
1343.5
1309.0
3480.5
438.5
2366.0
0
1696.0
365.5
3148.0
1296.5
712.0
1318.5
1903.5
68.0
1680.5
1452.5
2350.0
2643.5
2640.5
1108.0
126.5
1141.5
2744.0
0
5107.5
1958.0
3329.0
2155.0
2905.5
1058.5
2320.5
1475.5
1306.5
1369.5
0
2573.0
2100.5
2833.5
595.0
722.0
3422.5
1753.0
1300.5
2832.5
68.0
1936.0
2262.0
3361.5
0
2261.5
2133.5
721.5
1840.0
1821.5
0
1078.0
2951.0
3233.0
2373.5
3688.5
1086.5
0
3460.0
2618.0
2476.0
3111.5
3205.5
2793.5
0
919.0
516.5
2973.0
2788.5
2412.0
3352.0
2900.0
3984.5
2320.0
2538.0
3128.0
2225.5
1001.5
2799.0
1873.5
126.5
4445.5
0
3178.5
3513.5
407.0
3911.5
419.5
2917.5
875.5
2364.0
407.0
3775.5
1932.5
1932.0
3591.0
839.5
2169.5
3885.0
5312.0
3250.5
3288.0
1200.0
3575.5
1326.5
2301.0
719.0
1902.0
1631.0
4191.5
4318.5
1736.5
0
2296.5
2445.5
3638.5
4833.0
1235.0
419.5
2201.0
3045.0
2631.0
0
2202.5
3126.0
1917.0
1086.0
2113.5
0
126.5
2971.0
344.0
0
2165.0
702.5
68.0
3640.0
1667.5
2366.5
1827.0
2074.5
2734.0
0
3913.0
3591.5
815.0
2295.5
2822.5
1610.0
771.0
2423.5
2645.5
1341.0
2469.0
2740.5
2992.0
0
1549.0
2817.5
2686.0
0
1797.0
990.0
2300.0
0
717.0
1269.5
0
2016.5
3360.0
1016.5
2607.0
2495.5
3228.0
2857.5
770.5
1950.5
904.5
472.0
390.5
2592.0
315.5
971.5
2568.0
0
3471.5
68.0
2283.5
2522.5
3737.0
1280.0
3687.0
1884.5
481.0
757.0
2764.0
2067.0
2838.5
0
0
3201.0
1825.0
3419.5
2363.0
3520.0
2178.0
2313.5
1010.0
2850.5
2658.0
3632.5
4309.5
0
68.0
2273.0
1356.5
2158.0
2879.0
758.5
3203.5
1709.0
2246.0
3465.5
3090.0
2947.0
2634.0
5966.0
1919.5
1441.5
1230.0
3623.0
3986.0
2463.0
3201.0
3721.5
2509.5
3278.5
1988.5
1992.5
126.5
4425.0
708.5
418.5
4084.0
3081.5
2033.0
5167.5
300.5
2091.5
1361.5
2093.0
2022.5
3034.0
3592.5
3580.5
2753.0
1106.5
3392.0
1537.0
1180.0
1184.5
4503.0
1901.5
2466.5
1046.5
6191.5
1106.5
2869.5
5683.5
5226.0
5172.0
2291.0
777.5
3973.0
995.5
1477.0
4705.0
2501.0
1816.5
2667.0
3151.5
4019.0
3784.5
2404.5
3294.0
1350.0
3512.5
4657.5
3663.5
2536.0
4377.0
6051.5
3190.0
4503.0
3598.0
2655.5
3922.0
2586.0
2499.5
1781.0
6327.0
3796.0
3217.5
1474.0
828.5
5027.0
1748.0
2459.5
3516.0
2410.5
0
0
1384.5
2506.5
2855.0
4031.0
5072.0
4897.0
4421.5
0
1996.0
68.0
0
3666.0
957.5
4475.5
3177.5
1280.5
2877.0
2712.5
1392.0
2823.5
6169.5
2595.5
1411.5
2613.5
2151.5
68.0
2046.0
0
3022.0
1457.5
938.5
0
2111.5
1438.0
3934.0
3284.0
3924.5
717.0
3037.5
0
4926.5
652.0
419.5
4052.5
599.5
4093.5
1753.5
2481.5
1104.0
68.0
1689.0
3506.0
0
4202.5
3384.5
2697.5
5360.5
2325.0
438.5
438.5
2768.0
4618.0
2484.5
3998.5
3437.0
243.5
5103.0
3542.5
5394.0
3787.5
516.5
4287.0
528.0
3819.0
2550.0
68.0
4740.0
5056.0
1901.5
2499.5
703.5
3996.5
3983.0
2957.0
4744.5
879.5
898.0
2304.5
2332.5
3787.5
5931.0
1812.0
1797.0
2445.5
4951.5
0
4255.5
4669.5
1299.5
4377.5
2618.0
5023.0
489.5
5502.5
68.0
478.0
3722.5
3233.5
2210.5
2324.0
1529.0
3623.5
4770.0
4467.5
3148.0
6092.5
302.0
2924.5
3839.0
776.0
0
3341.5
2215.5
4252.5
2238.0
2873.0
2170.5
2487.0
68.0
0
4962.5
5813.0
3418.5
4147.0
4543.0
2575.5
3701.5
4492.5
3043.5
1333.5
1749.0
1447.5
3881.5
233.0
2429.5
2350.0
4534.5
3351.5
2280.0
3679.0
1480.0
1869.5
5182.5
1002.5
4273.5
2824.0
3226.5
2067.0
4837.0
4067.0
3545.5
5167.0
2159.0
419.5
4003.0
3279.5
2461.5
4281.5
3197.0
1547.0
458.0
5497.0
1038.5
3996.5
68.0
3922.0
4842.5
1036.0
138.0
3903.5
717.0
2200.5
3242.0
751.5
3080.0
1877.0
5416.5
2059.5
1715.0
4083.5
2944.5
4287.5
2106.0
4541.0
629.5
1317.5
2735.5
2515.5
2518.0
2458.0
889.0
3063.5
5257.0
441.5
2042.0
68.0
4459.5
2201.0
2840.5
3823.0
401.0
0
3600.0
3762.0
3459.0
407.0
4722.5
3815.0
889.5
1587.0
3451.0
967.0
1146.0
1952.5
1480.5
2757.0
5042.5
2544.5
3690.0
6250.5
777.5
1475.5
974.5
4144.0
1184.5
0
6447.5
1555.5
3939.5
2968.0
3308.0
4424.5
1115.5
2175.0
2524.0
3160.0
1636.0
2352.5
4223.0
4007.0
5016.5
4191.5
1198.0
68.0
2752.5
2975.0
1768.0
2655.0
4967.0
1023.5
1131.0
1653.0
2182.5
2095.5
5630.0
2933.5
138.0
3440.5
2922.5
1959.0
516.5
3710.0
3171.5
3689.5
3314.0
3941.5
4792.0
2905.5
2249.5
2934.0
2411.5
5792.0
5435.5
2416.0
2549.5
2301.0
2997.0
3603.0
1444.5
1710.0
3867.5
652.0
1953.5
2791.0
1350.0
4787.5
959.0

1257.0
138.0
4451.5
0
2195.0
1090.0
856.5
458.0
2886.5
1690.5
2511.5
4337.5
3337.5
1261.5
4084.0
3845.0
2474.0
1186.0
2822.5
4163.5
1939.5
4173.0
4023.5
3081.0
1683.0
750.5
5180.0
1725.0
478.0
3954.0
0
68.0
1579.5
2084.0
665.0
3263.5
3743.5
1778.5
1229.0
0
3331.0
2480.5
1204.0
2022.0
3438.5
4030.0
3469.5
1570.5
3663.0
4236.5
1858.0
1915.0
3116.5
4043.5
1409.0
2815.5
2773.5
3136.0
4939.0
6201.0
2136.0
952.5
2006.0
1539.5
3822.0
0
794.5
2193.0
3965.0
3904.0
3246.0
3692.5
2153.5
497.0
2117.5
5302.0
4700.0
2947.5
3214.5
1341.0
2097.0
5064.5
2932.5
1938.5
2123.0
3569.5
5020.0
4050.0
68.0
4768.0
827.5
2554.5
3655.0
652.0
5071.0
1605.5
3447.0
1740.5
0
1291.5
1867.5
4201.5
3198.5
2641.5
2847.5
1761.5
3144.0
472.0
5205.0
2044.5
2765.0
1362.5
2192.5
1217.5
1741.0
2148.5
1475.5
884.5
1888.0
5974.5
4857.5
4380.5
2092.5
0
478.0
2062.0
3729.0
2138.0
651.5
2501.5
653.5
508.5
2142.0
2980.0
1393.5
2411.5
2909.5
0
2155.5
0
1862.0
831.0
3037.5
478.0
2226.5
2666.5
1257.0
1233.0
1763.0
435.5
1198.0
2524.0
3096.0
1153.5
1431.0
1705.0
1774.5
2500.5
667.5
3327.0
4777.0
1333.0
1911.5
1073.5
2457.5
1325.5
2475.0
2502.5
1290.5
2853.0
1378.0
348.0
1180.0
1333.0
126.5
3242.0
4637.5
1439.0
1552.0
666.5
1030.0
1760.0
5139.5
459.5
3085.5
1598.0
3365.0
5453.0
2749.5
1105.0
882.0
1757.0
4158.5
2577.0
612.5
313.5
656.5
3621.5
1355.5
3264.5
828.0
300.5
2340.5
2453.5
5792.0
1376.0
0
3094.0
2375.0
1928.0
183.5
1361.5
2435.5
1250.5
1753.5
3959.0
2720.5
2117.5
2150.0
1861.0
464.5
438.5
1788.5
2345.5
2052.5
3026.5
704.5
1543.5
797.5
1881.5
138.0
1824.0
656.5
2283.0
3024.5
478.0
478.0
0
1208.0
4124.0
670.0
359.0
2069.5
1572.5
2917.0
0
777.5
2347.0
68.0
2984.5
126.5
472.0
3096.5
2358.0
1849.5
1785.5
2568.0
723.5
1959.0
370.5
138.0
2588.5
1524.5
1186.0
4173.5
1906.5
1507.0
1468.5
1343.0
2782.0
2420.0
644.5
752.5
1255.0
4049.5
0
2805.0
68.0
1177.0
2616.5
459.5
3635.5
4175.5
5934.5
1073.5
1537.0
947.0
463.0
3218.5
905.0
3258.0
1883.0
424.0
3382.0
604.0
2609.5
2236.0
1656.5
0
2841.5
1296.0
1687.0
3090.0
3214.0
3179.5
3398.5
535.0
1546.0
2230.5
1522.5
1216.5
3014.5
2125.0
758.5
8089.0
1967.0
1507.0
2711.5
1702.0
497.0
1769.0
1195.5
1971.5
2208.0
1316.5
830.0
812.5
2901.5
3467.0
0
1379.0
1603.5
2785.5
859.0
497.0
2313.0
3711.5
1167.5
2980.0
3678.5
1171.0
1247.0
936.5
608.5
1409.5
1087.5
2578.0
68.0
832.0
753.5
2130.0
3236.0
1942.5
2372.0
1126.0
4529.5
1802.5
1599.0
3775.5
359.0
2700.5
243.5
1838.5
0
3045.5
126.5
1582.5
401.0
2558.5
999.5
768.5
4446.5
2475.0
595.0
1120.0
419.5
3717.5
722.0
3530.5
3547.5
3975.0
5890.5
1701.0
2931.5
1242.0
1833.5
1943.5
1245.5
1254.5
1207.0
0
183.5
1693.5
910.0
1565.0
126.5
2927.5
1218.0
2125.5
2735.5
2339.5
4147.0
126.5
2215.0
955.5
548.5
5047.5
596.5
1867.0
1682.5
1402.5
3434.5
2939.0
2623.0
1842.5
1116.0
3593.5
1862.0
9487.0
3852.0
1295.5
1426.0
1185.0
0
1198.5
2992.0
2231.0
300.5
1612.0
2693.5
1153.0
848.5
4511.0
1616.0
2360.5
2526.0
1725.0
1419.0
2911.0
5914.5
3684.5
3187.0
365.5
1464.5
0
4142.5
2169.5
1969.0
4537.0
316.0
0
2252.0
302.0
4558.0
3563.5
2971.5
138.0
2817.0
2386.0
4321.5
717.0
4982.0
853.0
1723.0
1674.5
2397.5
2997.5
3196.5
818.0
1885.5
5960.0
4181.0
3015.0
1755.5
4835.5
459.5
1654.0
790.0
3210.5
5206.0
1022.5
5225.0
5453.5
3891.0
641.5
2585.5
1313.5
3208.5
1248.5
4042.5
6164.0
3739.5
1333.0
3783.5
0
419.5
0
3457.5
3579.0
0
6138.5
2817.5
3300.5
1608.5
985.0
3575.0
3828.0
1387.0
2521.5
3512.5
6537.0
0
2175.0
1758.0
0
1888.5
4012.5
2046.0
5644.5
3997.0
3175.0
3271.0
3118.5
3548.0
0
3352.0
6273.5
2591.5
1639.0
3757.5
3318.5
3246.5
2358.5
3963.0
5003.5
4430.5
3238.5
4849.0
4442.0
1595.0
2724.5
2718.5
4770.0
1985.0
1808.0
5381.5
7053.5
1370.0
3349.5
4089.0
2462.0
2822.5
6898.0
1720.5
3508.5
4554.5
2104.0
4179.5
126.5
3459.5
671.0
365.5
4828.0
1075.0
2907.5
2645.5
1631.0
401.0
2074.5
2292.5
3249.0
4007.5
2363.5
1823.5
2409.5
4098.0
0
3245.0
1980.0
2900.5
790.0
3856.5
2616.0
2926.0
3641.0
1459.0
2701.5
2640.0
4275.5
3143.0
2690.5
2024.5
1051.5
3439.5
5562.5
1851.0
1735.5
1644.5
0
4341.5
2880.5
2534.5
3310.0
126.5
752.5
2372.0
2180.5
1059.0
3363.5
3470.5
3056.0
2825.0
3718.0
854.5
2897.0
4359.5
4408.5
2236.0
2542.0
1342.5
2251.5
2389.5
4896.0
1139.0
1490.0
478.0
1326.5
4535.5
3012.0
2000.0
1862.5
1151.5
2631.5
2800.5
814.0
1419.5
1881.0
2979.0
2788.0
0
895.0
979.5
1085.5
1202.5
2877.0
1171.5
2675.0
1869.0
419.5
2207.0
1827.5
0
1787.5
2618.0
1649.0
4169.0
2138.5
1465.5
0
1071.5
2927.5
2438.5
869.5
2210.5
5038.0
2803.5
3690.5
3661.0
3578.0
3626.0
3362.5
2895.5
68.0
2432.0
3118.0
2656.5
2100.5
359.0
2140.0
995.0
885.5
1813.0
1554.0
668.0
2149.5
2111.0
2149.0
1252.0
1250.0
1201.0
419.5
3451.5
0
1490.0
3153.5
1998.5
2409.0
2200.5
1870.0
2124.0
0
1129.0
704.5
1722.0
1585.5
2686.0
988.0
1449.0
2118.5
1930.5
1145.5
2755.5
0
1198.5
2552.5
126.5
2079.5
2408.5
1146.0
2635.0
3014.5
1511.5
1807.5
1256.0
0
1137.0
1381.0
1679.0
615.5
537.5
2874.0
2744.0
1362.5
2477.5
1629.0
2444.5
3430.5
0
3520.0
596.5
2480.5
696.5
886.0
2236.0
1501.0
1538.0
1897.5
1619.0
126.5
1963.5
671.0
2698.0
1125.5
1803.0
348.5
138.0
1003.5
783.5

2765.0
2015.5
0
1243.5
1400.0
2202.0
700.0
736.0
856.5
739.0
2781.0
1793.0
1456.0
3923.0
1032.0
1457.0
1435.0
2042.0
0
1823.0
3521.0
0
1329.5
736.0
0
2545.0
905.0
348.0

1672.5
866.0
716.0
1695.5
2606.0
1635.0
1274.0
1089.0
1450.5
770.0
1030.0
680.5
1273.5
1280.5
126.5
2239.5
1751.5
1368.0
1426.0
0
2776.5
497.0
2227.0
667.5
300.5
1401.0
542.5
614.0
459.5
982.0
1624.0
1596.0
471.0
365.5
0
257.0
1482.0
1303.0
1672.5
1175.0
1462.5
1865.0
600.5
1273.0
1791.5
1838.5
844.0
1417.0
840.0
652.0
576.5
0
524.5
1200.5
775.5
533.5
1178.5
2230.5
1537.0
1695.5
68.0
652.0
489.5
1279.0
0
1215.5
1604.5
598.0
1590.0
1435.0
1229.0
962.0
1612.0
548.5
183.5
476.0
668.5
1624.5
1712.0
1220.5
614.0
1565.5
981.5
1265.5
809.0
888.5
359.0
0
583.0
0
1509.5
365.5
365.5
1346.5
1770.5
1275.5
815.0
0
1995.5
489.5
1288.5
68.0
0
761.5
424.0
1598.5
0
68.0
1987.5
844.5
2542.5
348.5
1110.0
1014.5
717.0
652.0
752.5
2253.0
1502.5
1051.0
1389.0
300.5
1244.0
652.0
874.0
624.5
2042.5
0
1510.5
383.0
1357.0
183.5
848.5
419.5
1026.0
1010.0
1656.5
126.5
2025.0
348.5
1515.0
646.0
568.5
955.0
0
866.0
0
453.0
424.0
996.0
622.0
1980.5
126.5
761.5
665.0
771.5
68.0
458.5
2159.0
1557.5
424.0
0
860.0
471.0
1323.0
2349.0
773.5
1499.0
814.0
595.0
120.5
0
1349.5
1391.0
0
0
68.0
998.5
489.5
300.5
374.5
257.0
644.5
1952.5
1054.0
0
1049.5
1445.5
1458.0
2343.0
138.0
359.0
472.0
1178.0
427.0
763.0
1087.5
667.5
0
138.0
1257.0
1195.0
1407.5
68.0
1909.0
1381.5
1492.5
1051.5
1181.5
419.5
2070.0
1899.5
0
128.0
791.0
1507.0
1460.0
68.0
2226.0
1216.0
138.0
2213.0
359.0
1015.5
604.5
1330.5
2374.0
1432.0
1179.5
1304.0
0
1106.0
1745.5
1532.5
374.5
2471.5
1046.5
623.5
365.5
866.0
908.5
613.5
1697.0
1106.5
932.5
370.5
1410.0
2355.0
1388.0
598.0
1862.5
441.5
803.0
0
2985.0
1725.5
2987.0
597.5
478.0
1801.5
257.0
0
778.5
717.0

716.5
68.0
591.5
1827.0
126.5
2031.5
892.0
3028.5
524.0
68.0
794.5
2371.0
1109.0
1738.5
1831.5
2257.5
2975.0
2822.0
1251.0
913.0
2263.0
593.5
418.5
1671.5
940.0
1314.5
0
1445.5
734.5
407.0
1441.0
533.5
1189.5
749.0
1662.5
138.0
1539.0
2275.5
892.0
1950.5
1757.0
943.5
402.0
1899.0
671.0
1128.0
980.0
365.5
0
866.0
1692.5
2055.5
2371.5
1142.0
0
2674.5
1803.0
598.0
1822.0
459.5
348.5
2235.0
302.0
698.5
1211.0
1067.5
2177.5
2294.5
674.5
1211.0
2314.5
68.0
126.5
438.5
198.0
183.5
715.0
0
1924.5
949.5
1123.0
842.5
438.5
497.0
889.0
243.5
1661.0
916.5
813.0
120.5
230.5
689.5
68.0
479.5
789.0
838.0
419.5
3249.0
1813.0
1497.0
1067.5
582.0
921.5
1480.5
2420.5
1046.0
464.0
516.5
2121.0
2115.0
68.0
2023.5
1550.5
183.5
300.5
2472.0
459.5
807.0
2924.5
289.0
0
2185.0
1493.0
68.0
126.5
928.5
652.0
418.5
1206.5
1010.0
1281.5
1703.5
419.5
2066.5
1505.0
1800.5
1619.5
1351.5
1519.5
126.5
242.0
1563.5
488.0
875.5
126.5
734.5
68.0
1126.0
2948.5
3522.5
953.5
870.5
805.0
582.0
1851.0
2563.0
1511.5
0
1263.0
419.5
1276.5
2312.5
716.0
2209.0
344.0
120.5
453.5
0
652.0
2377.0
1441.0
138.0
1012.5
2657.0
1215.0
1474.5
877.0
1168.5
0
1157.5
757.0
365.5
1180.0
1007.5
535.0
893.5
518.0
1493.0
0
0
1781.0
1790.0
344.0
1284.0
1577.5
1057.5
0
1720.0
2348.0
981.0
424.0
0
1484.5
0
652.0
758.5
0
672.5
359.0
1323.0
68.0
2259.5
458.0
1221.0
1257.5
528.0
2166.5
0
1034.0
0
1176.0
1571.5
0
790.0
1005.0
138.0
1110.5
2278.0
0
120.5
1456.5
898.5
1438.0
1885.5
841.0
719.0
1116.0
829.5
1841.0
68.0
0
862.0
1991.5
173.0
2348.5
1003.5
0
68.0
2505.0
138.0
126.5
1264.5
68.0
1939.5
781.5
2460.5
3169.0
0
1232.5
1743.5
1243.0
1669.5
656.0
1753.5
383.0
0
1962.5
1051.5
1544.5
758.0
786.5
829.5
1100.5
1567.5
1021.5
848.5
1194.0
1711.0
478.0
1500.5
1749.5
1253.0
365.5
1991.5
0
2649.0
1977.0
383.0
348.5
1144.5
1690.5
1144.0
1211.5
2081.0
138.0
1497.5
2418.5
2921.5
613.5
1399.0
0
2512.5
698.5
672.0
681.5
126.5
1921.5
723.5
653.0
956.5
1298.0
190.5
644.0
1988.0
2094.0
1311.5
770.0
2353.5
0
68.0
1016.5
737.5
2047.5
1070.5
2013.0
489.5
2598.5
68.0
2833.0
1657.0
1426.5
2958.5
2728.5
3458.0
646.0
910.0
508.5
0
461.0
1335.0
1924.0
68.0
1896.5
1001.0
2611.5
1199.5
637.0
528.0

695.5
2287.0
3079.5
1006.5
1111.5
359.0
717.0
1712.5
2355.5
68.0
541.0
1729.0
1352.0
370.0
68.0
1005.0
126.5
68.0
1137.5
3402.0
2135.5
424.0
350.5
2628.5
1748.5
947.0
0
1820.0
1151.5
921.0
1677.5
1096.0
230.5
1492.0
113.5
3833.0
1131.5
476.0
996.0
126.5
2177.5
1446.5
2250.5
0
289.0
982.5
586.5
183.5
68.0
2112.0
868.0
68.0
243.5
424.0
2420.5
600.5
0
401.0
302.0
1306.0
811.0
1514.0
2404.5
1527.5
138.0
1139.5
370.5

1542.5
712.0
790.0
1863.0
1813.5
894.5
0
1161.0
667.5
817.0
2453.0
424.0
497.0
790.0
1373.5
1657.0
497.0
1981.0
1363.5
1298.0
1304.0
636.0
892.5
1254.5
1181.0
1738.0
0
408.5
316.0

1754.5
126.5
68.0
183.5
1541.5
2832.0
757.0
924.0
497.0
771.0
1492.0
3809.5
498.5

3238.0
68.0
641.5
786.5
1268.0
1601.5
3225.0
2043.0
1111.5
1549.5
315.5
68.0
717.0
1855.5
0
613.5
242.0
1222.5
1377.0
0
1342.5
424.0
1229.0
1150.0
878.5
636.0
383.0
1744.5
438.5
478.0
2035.0
316.0
1466.5
2215.5
1803.0
1972.0
138.0
1142.0
472.5
2108.0
1477.5
289.0
1148.5
829.5
0
0
68.0
348.5
774.0
952.0
745.0
2762.5
401.0
1823.0
126.5
830.5
2064.5
478.0
815.5
489.5
1600.0
332.0
365.5
1199.5
471.0
618.5

524.5
0
524.0
607.0
1755.0
1684.5
1794.5
68.0
0
1940.5
635.0
2367.5
1786.0
543.5
1067.5
613.5
1665.0
68.0
1005.0
699.0
1086.0
599.5
773.5
848.5
1376.5
374.5
513.5
1474.0
128.0
479.5
1889.0
478.0
2152.0
1279.0
1468.0
968.5
710.5
940.5
126.5
1333.0
2123.5
1603.0
128.0
1127.5
651.0
1310.0
126.5
1090.0
752.5
126.5
68.0
753.0
68.0
784.0
68.0
348.5
1650.0
365.5
68.0
1686.0
633.5
1293.0
497.0
767.0
370.5
1663.0
1421.5
332.0
186.5
316.0
0
126.5
1946.5
3181.5
1516.0
687.0
1029.5
2445.0
1014.0
861.0
478.0
1348.5
615.5
438.5
971.0
993.0
1345.0
1272.0
497.0
1003.5
860.0
194.5
1534.0
1121.5
183.5
392.0
0
548.5
1404.0
1615.5
742.0
0
173.0
231.5
815.0
138.0
1605.5
2380.0
862.0
736.0
484.0
0
315.5
474.5
0
1132.5
700.0
1158.0
2352.0
1185.0
1638.0
1695.0
0
790.0

886.0
383.0
583.0
652.0
1216.0
438.5
1209.0
471.0
0
787.0
1000.5
68.0
0
459.5
897.0
300.5
1371.0
1181.5
911.5
1058.5
686.5
624.5
1948.0
1022.5
2194.0
760.0
985.0
610.0
2908.0
1730.5
459.5
218.0
243.5
126.5
885.5
300.5
1039.0
424.0
1158.0
1057.5
68.0
458.0
718.5
965.0
1407.5
497.0
128.0
1329.0
1201.0
775.5
359.0
2179.0
0
553.0
419.5
841.0
1267.0
2539.5
822.5
1654.0
300.5
243.5
1070.5
1361.0
861.0
549.5
68.0
126.5
1128.5
1166.0
1734.0
533.0
828.0
2477.5
756.5
497.0
1056.0
568.5
453.0
230.5
1669.0
2039.0
1481.0
1263.0
0
591.0
419.5
646.0
419.5
741.0
1682.0
1018.0
558.5
1037.5
1145.0
4825.0
126.5
1460.0
183.5
498.5
1497.0
2296.0
546.0
1167.5
1598.5
600.5
805.0
1780.5
138.0
1931.0
138.0
1491.0
652.0
1804.0
1937.5
1408.0
1621.0
419.5
424.0
770.5
652.0
424.0
1157.5
3371.5
614.0
0
2991.0
2387.5
2610.5
0
924.5
68.0
363.5
2091.5
1946.0
315.5
557.0
1427.5
849.5
1798.0
68.0
401.0
1194.5
3906.5
1194.5
1451.5
593.5
1281.0
1481.5
772.5
518.0
1690.0
656.0
0
438.5
179.0
1867.0
2376.0
830.0
2049.5
2924.0
230.5
0
2519.5
1209.5
1358.5
830.5
1772.5
1209.5
508.5
218.0
1007.5
752.5
2677.0
0
348.5
1050.0
1253.0
374.5
0
115.5
841.0
489.5
1026.5
446.5
126.5
1009.5
1105.0
1676.5
230.5
887.0
652.0
300.5
688.5
1087.5
951.5
764.5
3619.0
1035.0
332.0
68.0
2024.0
2101.5
1206.0
2657.0
889.0
1165.5
1031.0
416.0
1030.0
1577.0
300.5
2819.0
1469.0
243.5
1910.0
1146.0
1249.5
867.5
2060.5
1957.5
2255.0
1156.0
1300.0
1054.0
5191.5
1083.0
764.5
887.5
1637.0
1531.5
2418.0
1893.5
646.0
1181.0
1019.0
3210.5
3151.5
1564.5
1901.0
898.0
488.0
1308.0
419.5
438.5
663.0
1774.0
344.0
1283.5
1001.0
0
126.5
1436.0
253.5
509.0
1351.5
3386.0
0
68.0
3075.0
1199.5
126.5
1386.5
370.5
541.0
5102.5
1199.5
911.5
1979.0
881.5
2248.0
2670.5
0
1384.0
1471.5
596.5
1492.0
2032.0
697.0
1763.0
1587.0
757.5
2967.5
649.0
438.5
1112.0
1753.0
1776.5
126.5
546.0
831.5
138.0
1298.0
583.0
419.5
3099.5
1337.5
2524.0
2269.0
2674.5
0
1164.0
1523.5
2500.5
686.5
2079.0
1876.5
2275.0
438.5
0
717.0
401.0
68.0
1134.5
0
2614.0
2493.0
768.5
847.5
690.5
921.5
365.5
1303.0
1434.0
441.5
1755.5
3088.0
1811.5
809.5
1143.5
2616.0
576.5
1028.5
1737.5
2021.5
535.0
459.5
411.0
289.0
0
424.0
923.5
424.0
365.5
370.5
1720.5
2106.5
2154.5
1397.5
2567.0
1527.5
1965.5
68.0
2733.0
710.5
1995.0
1590.0
257.0
2837.0
498.5
2152.0
1629.0
922.0
1301.0
2000.0
68.0
2620.0
1030.5
68.0
2324.0
300.5
767.0
68.0
1584.5
529.0
1764.5
370.5
463.0
0
68.0
1079.0
601.0
478.0
2001.5
967.0
2251.5
1917.5
1007.0
419.5
3619.5
126.5
1461.0
2010.0
419.5
1320.0
3196.0
0
0
1301.0
494.5
1529.0
1378.5
1924.0
2440.0
0
1478.0
1259.5
2937.5
2058.5
3339.0
2265.5
2393.0
68.0
419.5
346.0
897.0
704.5
1077.5
1318.5
355.5
0
0
4202.5
2019.0
793.0
717.0
848.5
401.0
1316.0
882.0
285.5
1307.5
1304.5
534.5
1577.0
2338.0
1950.0
1018.5
982.5
2464.0
2874.5
2367.0
3207.0
2127.5
3978.5
1531.5
854.0
1813.0
2363.0
1420.5
1265.0
997.5
2628.5
3453.5
0
2539.5
1036.0
1400.5
677.0
729.5
0
0
2523.0
2381.5
946.5
1317.5
1534.0
2923.0
1145.5
3489.5
1878.0
599.5
497.0
1335.0
1756.0
0
4.5
3172.5
1676.5
529.0
1161.0
0
1431.5
1673.5
775.5
2215.5
2198.0
120.5
2019.0
767.5
2114.0
3766.0
419.5
3353.5
2516.0
1621.0
2298.0
1393.5
1829.5
138.0
68.0
1027.0
0
1264.0
960.5
2128.0
878.5
950.5
0
419.5
1499.0
2504.5
758.5
1851.5
1623.5
2652.5
2707.0
726.0
2078.0
419.5
652.0
719.0
2577.0
1140.5
2235.0
1454.5
2954.5
1778.0
68.0
1445.5
2462.5
528.0
300.5
316.0
3123.5
518.0
0
758.5
1830.5
2659.0
832.5
700.0
68.0
489.5
126.5
355.5
1606.5
2394.0
3701.5
126.5
3373.5
1024.0
1704.0
1396.5
1287.0
1682.5
3052.0
1256.5
464.0
905.5
1312.0
3007.0
1472.5
2069.0
995.0
1540.0
1842.0
2617.5
1882.0
0
1717.5
818.5
257.0
1805.5
2141.5
68.0
708.5
1632.5
1856.5
899.5
1432.0
1740.0
756.5
68.0
313.5
2588.5
2697.0
1573.0
2509.5
2498.5
1763.5
2644.5
1165.5
2886.0
533.5
315.5
1610.0
1707.5
435.5
943.5
138.0
1948.5
1954.0
1201.0
418.5
68.0
947.0
1356.5
419.5
1025.5
1532.0
1013.5
1643.0
0
179.0
1934.0
2381.5
3423.0
3355.0
970.0
2040.0
1509.5
183.5
1136.5
1806.5
0
1502.5
981.0
1750.5
1611.5
0
535.0
1789.5
1211.5
1567.5
1340.5
1843.0
1831.0
0
2756.0
1411.5
2658.5
359.0
1688.0
508.5
858.0
1258.5
2234.5
68.0
729.5
913.0
0
1098.5
1649.5
654.5
1121.5
2664.0
2811.5
138.0
0
871.0
1848.0
1874.5
1628.0
427.0
233.0
1912.0
1824.0
1669.5
1177.0
1760.0
2509.0
1693.5
2977.0
1371.0
1578.0
2096.5
2354.0
1702.0
964.0
1396.0
1147.5
1421.5
0
2750.5
1660.0
2445.5
1394.5
2865.0
0
591.5
68.0
1636.0
230.5
0
2304.5
2624.0
0
68.0
2454.0
1855.0
535.0
1909.5
365.5
2170.5
1394.0
794.5
3485.5
1243.0
1735.0
741.5
1185.0
2098.5
3593.0
1780.5
2059.0
316.0

1382.0
3265.0
0
1383.0
652.0
2107.5
1748.0
534.5
1508.0
300.5
1968.5
183.5
1644.5
1347.5
120.5
1661.0
126.5
478.0
0
991.0
951.5
1377.0
2426.5
2188.5
1412.0
1270.5
1122.5
1657.0
2147.5
1406.0
478.0
3178.0
1180.0
2428.0
2264.5
1383.5
365.5
2566.5
1725.0
2209.0
721.5
582.0
652.0
710.5
860.0
1804.5
1337.0
3034.0
713.5
683.5
1182.0
1986.0
3191.0
2284.5
0
0
359.0
765.5
1653.0
1700.0
717.0
4031.0
667.5
1806.0
2026.0
2755.0
2433.5
945.0
435.5
489.5
348.0
763.5
418.5
1997.5
703.5
438.5
771.0
2116.0
2324.0
1770.5
806.0
2715.0
126.5
128.0
2523.0
458.0
1858.0
438.5
1457.5
128.0
905.5
1149.5
3653.0
2613.5
0
0
1511.5
1839.0
0
1027.0
0
2499.0
1584.5
0
3179.5
794.5
419.5
2945.5
2995.0
2037.5
2074.5
1051.0
401.0
717.0
1156.0
2385.5
1807.5
1723.5
236.0
947.0
977.0
2464.5
920.0
1257.5
771.0
0
1760.5
1721.0
0
1382.5
2250.5
917.5
576.5
0
832.5
665.0
1938.5
1409.0
760.0
1522.5
1480.5
794.5
551.0
2800.0
467.0
2289.0
126.5
1690.0
2437.0
1856.5
68.0
126.5
1055.0
460.5
419.5
1200.5
825.5
2730.0
896.0
471.0
516.5
138.0
1019.5
424.0
707.0
598.0
478.0
986.5
2048.5
0
2465.5
2230.0
68.0
179.0
695.5
1945.0
419.5
943.5
461.0
822.5
1556.0
441.5
3688.0
1968.5
253.5
1961.5
348.5
68.0
964.0
1885.5
1048.0
1198.5
1976.5
716.0
489.5
497.0
0
2176.0
3505.0
1161.0
1318.5
1213.0
1596.0
902.5
370.5
0
704.5
948.5
3644.0
2075.0
476.0
968.5
126.5
3253.0
2012.0
1617.5
3830.0
1045.0
1438.0
1530.0
695.0
518.0
2101.0
467.0
937.5
1736.5
5290.5
1661.0
365.5
1185.0
1994.5
768.5
1641.0
2932.0
68.0
1835.5
438.5
1574.0
0
1305.0
814.0
989.0
2259.0
126.5
1279.0
1122.0
1625.0
1248.5
126.5
1292.0
126.5
313.5
2990.5
243.5
717.0
2224.5
1189.0
383.0
868.0
1116.0
0
1059.0
1620.0
1913.0
2281.0
1947.0
656.5
1475.5
418.5
992.0
1732.5
128.0
2050.5
1412.0
996.0
1440.5
957.0
671.0
1873.0
964.0
2384.5
126.5
1303.5
982.5
2288.5
3516.5
1562.0
1103.5
3001.5
1112.0
419.5
750.5
1566.5
832.5
594.0
868.0
1148.5
781.5
1077.0
242.0
851.0
772.5
2292.0
2868.5
1002.5
893.0
1127.0
1398.0
1649.5
1876.0
2321.5
698.5
1942.5
3317.5
2016.5
1208.5
2669.0
4570.5
1082.5
1370.5
1547.5
1571.0
1517.5
173.0
516.5
660.0
0
1539.0
418.5
478.0
2956.5
2597.5
521.5
1055.0
1822.0
1862.0
1201.0
365.5
1489.5
68.0
231.5
1491.5
1579.0
0
300.5
985.0
1850.5
1340.0
2640.5
1427.0
2633.0
839.5
257.0
1007.0
780.0
1103.0
677.0
1665.5
992.0
1487.0
2078.5
3455.0
1090.0
1457.0
1227.0
2079.0
1927.5
2953.0
1902.0
113.5
2980.0
2413.5
0
1754.0
828.5
2967.5
313.5
68.0
2732.5
2925.5
778.5
2096.5
365.5
3242.5
1742.5
3017.5
0
360.5
608.5
3304.0
1021.5
1810.5
757.0
608.5
2684.5
359.0
1319.5
243.5
3107.5
3202.0
1887.0
438.5
1328.5
663.5
1304.5
2173.0
2384.5
173.0
3509.5
1819.0
2253.0
671.0
1177.5
2329.5
3208.5
126.5
2769.0
2690.5
2931.5
1558.0
1070.5
919.5
68.0
2240.5
1657.0
1108.5
438.5
2158.0
2842.5
541.0
828.5
2546.5
230.5
2271.0
952.5
629.0
1406.0
1230.0
1113.0
2044.5
402.0
138.0
285.5
1774.0
1458.0
0
1677.0
2284.0
257.0
2811.0
2901.5
1472.5
2623.0
1873.5
2054.0
2335.0
2144.0
1787.5
2017.0
1051.0
194.5
2106.0
3224.5
832.0
2557.0
2288.0
3109.5
870.5
2425.5
68.0
0
1067.0
1200.0
2740.5
2283.5
3209.5
888.5
3959.5
1865.0
2102.0
419.5
0
1939.0
2553.5
3094.0
438.5
1038.0
3849.5
2803.5
183.5
0
68.0
2794.5
1630.5
1978.5
365.5
416.0
1129.0
1907.0
2682.0
2329.5
344.0
4157.5
1861.5
1272.0
1382.0
5099.0
478.0
1802.5
3578.0
1199.5
2838.0
2127.5
1811.0
1317.0
0
1535.5
601.0
2207.5
3239.5
1858.5
0
1477.5
1332.0
1506.0
2189.0
138.0
2688.5
771.5
3196.5
2950.5
1007.0
179.0
1606.0
1652.5
1947.5
438.5
809.0
1750.0
1038.0
1638.0
2543.0
1536.0
3091.0
2331.0
1622.0
2312.0
2706.5
68.0
1160.5
771.0
2783.5
1910.0
2420.5
2457.5
3893.5
2255.5
3560.0
2709.0
0
2582.0
3504.0
126.5
424.0
2307.5
2948.0
0
1683.0
3556.0
997.5
1316.0
1607.5
0
1746.0
1719.5
1318.5
1003.5
1709.0
3894.0
2440.5
0
1818.5
919.0
1722.5
1827.5
3034.5
2797.5
831.5
2958.0
838.5
489.5
1100.0
1681.0
2275.5
2218.0
1120.0
289.0
2580.5
3391.0
1878.0
173.0
1623.5
1192.5
0
1364.5
2831.5
3898.5
2464.5
3791.0
2753.0
3076.0
2834.5
2462.5
2091.0
3378.0
2527.5
1688.5
2081.5
3569.5
3165.0
1107.5
2215.0
2128.5
68.0
4949.0
2702.0
3098.5
2617.0
1216.0
1809.5
1126.0
2199.5
3414.0
2154.0
1507.5
1068.5
1863.5
4447.5
2311.0
0
1284.0
3416.5
979.0
4543.0
0
1467.5
3327.0
3288.5
2218.0
2135.0
2500.5
1897.0
2043.5
2260.5
1695.0
419.5
3104.0
3812.0
599.5
2040.0
4465.5
2557.5
2965.0
3226.0
5391.5
824.5
2216.0
4986.5
2119.5
3255.5
593.5
3495.5
438.5
1889.0
126.5
2756.5
2491.5
762.5
2275.5
1707.0
2374.5
1292.0
0
1985.0
820.5
0
1968.5
1668.5
3020.5
3036.5
3125.0
3719.0
3841.0
4338.0
2896.5
974.5
2283.0
0
1406.0
2308.0
3302.5
1687.5
1481.0
2863.5
1985.0
0
3490.0
1427.0
1140.0
2023.0
868.0
1484.0
815.5
2480.5
835.5
1821.5
1752.5
3833.5
2270.0
2404.5
3132.0
2274.5
1159.5
2567.0
2268.5
4391.0
1619.5
68.0
438.5
2026.5
1189.5
3368.0
667.5
1972.5
1316.5
717.0
126.5
5159.5
648.5
438.5
1911.0
3457.5
2624.5
2896.0
1084.5
1249.0
2274.5
2528.5
1532.5
717.5
2808.5
2482.5
922.0
2046.0
2516.0
2134.0
3019.0
1915.5
68.0
3827.5
797.5
5176.5
459.5
3126.5
3687.0
3055.5
5360.0
3038.5
2166.0
829.0
3659.5
0
3560.0
2441.0
1622.0
3122.0
0
3388.0
1001.5
2018.5
1950.0
126.5
3732.0
5510.5
2002.5
2395.5
1561.5
736.0
1476.0
3775.5
874.0
847.5
3575.0
2404.5
2682.5
3639.5
2927.5
1092.5
4041.0
2767.5
2519.0
2553.0
1757.0
3581.5
497.0
528.0
1200.5
4722.5
2992.0
1847.0
2495.0
3019.0
2994.0
230.5
3406.0
2189.0
1966.0
419.5
1761.0
0
1211.0
4374.5
2494.0
2287.0
1492.0
2472.5
0
1810.5
2969.5
1008.0
3185.5
0
459.5
2705.5
2816.5
4719.0
419.5
2977.0
2611.0
870.5
2536.5
481.0
2358.0
2367.0
1242.0
2967.5
2137.0
1086.5
3886.0
3721.0
419.5
1514.5
2169.0
3300.5
2646.5
300.5
68.0
544.5
1435.0
1739.5
1007.0
126.5
2926.5
1900.5
717.0
1719.5
1694.0
1900.5
416.0
1950.5
894.0
984.5
3380.0
489.5
2244.5
1451.0
2410.0
971.5
1981.0
0
1442.5
1757.0
528.0
1268.5
2945.5
2011.5
68.0
1184.5
2320.5
1619.5
68.0
1583.5
726.0
0
710.5
1068.0
3533.5
347.5
138.0
1216.5
0
3851.5
2819.0
0
1117.0
424.0
2963.5
1614.0
0
1166.5
1050.0
2224.5
0
3595.0
1288.5
892.5
3009.5
3430.5
1224.0
2815.0
1211.5
2025.0
3818.5
1611.5
2176.0
1215.5
736.0
68.0
1757.0
2379.0
663.0
582.0
2034.5
2260.5
5183.5
2033.0
2131.5
656.5
511.0
703.5
1635.0
2818.0
4470.0
0
2523.5
2313.5
4157.5
374.5
2880.0
3235.0
1320.5
3719.5
758.5
1063.0
1182.5
4194.0
2264.0
1549.0
782.5
1381.0
332.0
4875.0
2057.0
0
3867.5
2149.0
138.0
0
2693.5
2349.0
3221.5
4785.0
3353.0
0
1315.0
744.0
3140.5
3470.0
1001.0
1842.5
1184.5
771.0
701.5
0
796.5
1721.5
1367.0
2218.5
2403.0
1843.5
1593.0
0
1230.5
264.5
3082.5
2639.0
1680.0
1896.5
1281.5
2422.5
1398.5
1284.0
1129.5
3425.5
1609.5
1551.5
138.0
2086.0
2384.0
785.5
2125.5
1695.0
68.0
2703.5
2136.0
1035.0
3434.0
1626.0
3373.5
4048.0
2899.5
419.5
690.5
2228.0
419.5
1090.0
68.0
1496.5
243.5
0
4274.5
231.0
348.5
683.5
2148.0
2662.0
2843.0
1362.0
1898.5
438.5
1972.0
1211.0
2240.0
1622.0
5006.0
752.5
2786.5
257.0
489.5
126.5
3251.0
693.5
598.0
120.5
458.0
4036.0
3200.5
1949.5
2678.5
2860.5
3488.0
126.5
501.5
2002.5
3511.5
1070.5
477.5
3428.0
2454.5
1792.0
1550.5
126.5
1187.5
1412.0
911.5
4412.5
126.5
928.0
719.0
1462.5
815.5
2428.0
1659.0
2305.5
612.5
2740.0
705.5
68.0
459.5
68.0
126.5
988.5
126.5
707.5
1461.5
3567.5
0
1604.5
576.5
1831.5
2806.5
3296.5
947.5
419.5
530.5
2357.0
599.5
1024.0
1735.5
1928.5
476.0
370.5
700.0
2763.0
1853.0
243.0
2488.0
3415.5
2006.5
68.0
2081.0
3627.0
2541.0
1013.5
771.5
2655.0
68.0
183.5
401.0
115.5
1047.0
2346.5
3609.0
2741.0
1522.0
0
2740.0
1572.5
3181.5
1361.0
5956.0
0
478.0
3719.0
3928.5
2268.5
1238.5
2024.5
1345.0
842.5
348.5
459.5
1338.0
601.0
2630.0
2993.0
1005.0
302.0
2122.0
595.0
68.0
891.5
1647.0
1443.5
68.0
428.5
2188.5
365.5
2957.5
419.5
1541.5
316.0
1160.0
2030.0
68.0
2444.0
2526.5
3762.5
728.0
4307.5
2133.5
416.0
953.5
2179.0
2669.5
1792.0
126.5
633.5
2594.5
4065.0
3785.0
2119.5
3373.0
2453.0
1152.0
1159.5
1378.0
1861.5
1217.5
489.5
2765.0
0
1364.5
489.5
1733.5
740.5
1822.0
2051.0
1034.0
242.0
3400.5
419.5
0
4012.5
2737.0
2348.5
435.5
2352.5
138.0
841.0
288.0
4096.0
370.5
721.5
1987.0
3424.5
478.0
68.0
737.5
285.5
3280.5
790.0
68.0
2037.0
2330.0
2566.5
1306.0
1758.0
3351.0
0
1287.0
595.0
370.5
2268.0
1777.0
126.5
1538.5
289.0
1917.0
1329.5
1224.5
778.5
0
431.5
0
438.5
302.0
5050.0
3340.0
969.5
986.0
0
1726.5
1743.5
2146.0
790.0
752.0
1232.0
2641.0
1381.0
138.0
1569.5
398.0
467.5
546.0
1667.5
2842.5
2683.0
1625.5
1120.5
300.5
2593.0
1808.5
1002.0
2818.0
991.5
0
2531.0
0
1789.5
2433.5
812.0
302.0
1611.0
563.5
2502.5
2511.5
407.0
1034.0
1084.5
2021.0
601.0
1965.5
3681.5
138.0
348.5
1622.0
696.5
419.5
2067.5
582.0
1443.5
4064.0
3791.5
2794.0
126.5
2007.0
2538.5
1113.0
2416.0
68.0
613.5
365.5
2647.5
285.5
230.5
2619.0
3985.0
4097.5
2733.0
2317.5
842.5
4005.5
1447.5
1608.5
126.5
2363.5
183.5
2124.5
68.0
3534.5
1660.5
1818.5
1648.0
2806.0
2590.0
126.5
2371.0
68.0
1271.0
359.0
407.0
257.0
68.0
1040.0
3226.5
777.5
994.5
126.5
2364.0
2506.5
1429.0
2605.5
68.0
3324.5
591.5
555.5
6143.0
4062.5
2275.5
1003.5
1951.5
1544.0
459.5
2678.5
1620.0
1952.0
2875.5
4860.0
0
1003.0
0
1605.0
3975.0
2256.0
0
126.5
1035.0
1252.0
1727.0
3313.5
629.5
5082.0
3920.5
1510.0
2140.5
959.5
138.0
1021.0
1267.5
68.0
2701.0
860.5
1809.0
2202.5
2480.0
1190.5
2627.0
2781.5
752.5
545.5
138.0
2283.0
4187.5
68.0
2821.0
4673.5
2168.0
0
2855.5
891.0
814.5
1471.5
1385.5
257.0
2772.5
1991.5
2762.5
1548.5
4008.0
3820.0
194.5
316.0
1654.0
68.0
587.5
610.0
1571.0
3161.0
2202.0
2324.0
3156.5
138.0
0
2022.0
3247.5
2855.5
2795.5
2193.5
1502.0
2104.5
2025.0
3296.0
1157.0
1801.0
2885.0
68.0
2693.5
2736.0
583.0
1685.0
1566.0
2939.0
4863.0
2437.5
126.5
0
1949.5
2291.5
2025.5
5525.5
671.0
3043.5
68.0
2414.5
3344.0
569.5
3088.5
767.5
1659.5
0
1747.0
1774.5
2075.0
1567.5
1153.0
2005.5
1056.0
2322.5
316.0
2143.5
2842.5
3018.0
365.5
1742.0
1195.0
3836.5
302.0
1108.0
4084.0
365.5
2103.5
1752.5
464.5
2486.5
582.5
1127.5
954.0
2504.5
300.5
2213.5
2422.0
787.0
68.0
952.5
5805.5
973.5
2002.0
253.5
3216.5
2261.0
0
3577.5
2416.0
2970.5
2053.0
3051.5
3246.0
1808.5
3596.5
2479.5
1974.5
797.5
719.0
3046.5
3753.5
3505.0
316.0
1075.0
3509.5
126.5
1918.5
1643.0
4646.5
365.5
5043.5
1127.5
3528.5
2338.5
2689.5
2341.0
2265.5
2915.5
4883.0
2666.5
2991.5
3575.5
3839.5
4388.5
3167.0
3729.0
4023.5
1691.5
348.5
2806.0
2225.0
3988.5
3720.0
2744.5
1833.5
1083.0
5505.0
0
3187.0
3729.5
3170.5
5765.5
4770.5
497.0
2398.5
68.0
3082.0
4772.5
3424.5
3447.0
2580.0
3849.5
0
1898.0
4840.0
5152.0
5821.5
3725.5
5803.5
2294.5
5080.5
604.0
1144.5
5163.5
1552.5
3642.0
1353.0
1355.0
0
1417.5
2860.5
4026.0
3196.0
5614.0
3655.5
4800.5
598.0
3203.0
2325.5
4197.5
5335.5
4298.0
2472.5
6413.5
3072.0
2875.5
4469.5
1892.5
0
3362.0
1542.0
2452.0
790.0
2791.0
4168.0
3262.5
172.0
824.5
2358.0
2866.0
1777.0
4562.0
2414.5
5003.0
3016.5
2947.5
3501.0
3059.5
790.0
2105.5
489.5
4056.5
1538.0
419.5
2974.0
3722.5
1357.0
4800.0
419.5
2370.0
3564.0
4389.0
5898.0
4734.5
652.0
2843.0
2664.5
7147.5
5159.0
1411.5
2138.5
4851.0
3605.5
6018.0
3589.5
4023.0
5071.0
4618.5
4650.5
2631.5
905.5
3905.5
1531.5
1975.5
1016.5
2603.0
548.5
2575.0
2096.5
198.0
3203.0
7095.5
1059.0
138.0
3232.5
2461.0
3926.0
1394.0
790.0
424.0
3900.5
5653.5
2429.5
3611.0
2318.0
2740.5
1077.0
2592.5
598.0
3793.0
4451.0
1664.5
3104.0
2469.0
4339.0
1949.5
4642.5
3454.0
2152.0
1700.5
1396.0
1836.5
4930.5
824.0
910.0
128.0
1534.0
1416.0
68.0
2046.0
1931.5
2877.0
2237.0
2660.5
2607.0
126.5
1438.5
821.5
524.0
2437.5
257.0
3095.5
896.0
3251.0
183.5
3432.5
519.5
128.0
2030.5
4091.5
300.5
300.5
2212.0
3523.5
68.0
359.0
4034.5
5335.0
1076.5
1660.0
1789.5
1499.0
1434.0
4066.5
1904.5
905.5
572.0
2657.5
0
3149.0
438.5
2443.5
3850.5
2935.0
2590.0
2061.0
2821.0
6412.5
2635.0
1316.0
2445.5
1789.0
3548.0
0
0
0
6211.5
6800.5
4291.0
5628.0
508.5
2802.0
68.0
3319.0
126.5
471.0
1972.5
126.5
0
3702.0
926.5
1165.5
3651.5
0
3791.0
790.0
892.5
302.0
2653.5
417.5
302.0
2179.5
928.5
3288.5
2273.0
1279.5
613.5
68.0
2649.5
2888.5
3215.5
3355.5
478.0
300.5
419.5
1691.5
794.5
2834.0
3086.0
1852.5
2876.5
2308.5
1365.5
4655.5
3785.0
1871.0
2851.5
2882.0
4125.0
3108.0
2465.5
435.5
4152.5
2511.0
1515.0
2001.0
5287.0
4480.0
2897.5
706.0
4129.5
253.0
1319.5
5024.5
4958.5
1545.0
569.5
1791.0
3696.0
3694.0
2991.0
2583.5
2580.5
4219.0
961.0
2900.5
4626.5
2788.0
1991.0
4292.0
2219.5
5451.5
2909.0
4361.5
3851.0
2021.5
1576.5
4257.5
6620.5
2340.0
6298.5
2969.0
4257.0
285.5
4786.5
2555.0
4606.5
1200.0
2635.5
1805.0
1675.5
6480.5
3265.5
0
3014.5
5255.0
3540.0
5521.0
0
2096.0
1770.0
2781.5
542.0
2305.5
7891.5
3706.5
5280.0
419.5
2765.5
4528.0
2882.5
3177.0
4930.5
4354.0
5661.5
1769.0
755.5
3031.0
3580.0
1671.0
4727.0
2040.5
2558.5
0
2081.5
5560.0
2464.0
5171.0
2198.0
0
4165.5
2441.5
4437.0
5117.0
0
5995.5
0
3535.0
1528.5
2535.5
5209.0
3854.0
3294.0
3576.5
1954.5
419.5
1978.0
3945.5
2534.5
4586.5
2752.5
2603.0
4329.0
3825.5
1884.0
2518.5
4271.5
6791.5
3569.0
1587.5
419.5
3106.5
3431.0
1630.0
3116.0
0
2288.5
2218.0
3087.5
3932.5
3854.5
2549.5
3276.0
2932.0
2840.5
3219.5
0
465.0
2371.5
3470.5
4303.0
1845.0
5126.5
2419.0
2117.0
4197.5
0
4464.0
3612.0
1346.5
4273.5
2428.5
2018.5
0
969.0
236.0
1718.5
568.5
1854.0
3644.0
4262.0
5921.5
1106.5
3795.5
2361.0
2847.5
4442.0
3553.0
0
1690.5
3543.0
4844.5
478.0
3044.0
3505.0
4364.0
172.0
2327.0
1372.5
2981.5
979.0
2458.0
5324.5
68.0
2941.5
1130.0
68.0
2277.5
3525.5
68.0
5105.0
68.0
4204.0
3611.5
2480.0
2080.0
1819.0
4000.5
3099.5
1370.0
4173.0
3158.5
3827.5
3843.0
3494.0
2723.0
4814.0
68.0

4634.0
1300.0
3096.5
1960.0
683.5
2565.0
2459.5
2631.0
6046.0
3461.5
3471.0
1709.5
2007.5
2998.0
2413.0
2416.5
1157.5
1658.0
1103.0
613.5
3655.5
2763.0
3857.5
1570.5
3145.5
3684.5
726.0
68.0
2706.5
927.0
2118.0
3297.0
1551.5
3231.0
1031.5
3411.0
855.5
4501.0
3524.5
0
2961.5
2327.0
2845.0
1606.0
2812.0
1972.0
3659.0
2736.0
1481.0
1779.5
2055.0
68.0
2580.5
3506.5
1699.5
2400.5
4177.5
3675.0
3132.5
3179.0
1570.5
2882.5
3972.0
1087.5
1058.5
2495.0
68.0
2019.5
3899.5
3193.5
68.0
1075.0
2827.5
3506.0
2408.5
1147.0
2875.5
4077.0
3322.0
2364.0
2357.0
2449.5
4686.0
2699.0
3177.0
5105.0
2249.0
3383.0
3454.5
1833.5
2607.5
2467.0
1677.0
2054.5
4241.5
558.5
3617.0
2805.0
0
313.5
3048.5
3254.5
390.5
1143.5
2599.5
1457.5
604.0
2340.5
2134.5
4068.5
2619.0
2943.5
1864.5
419.5
3715.0
1992.5
2929.5
1804.5
2338.0
2853.0
1410.0
2201.0
770.0
2356.0
777.0
2662.5
1752.0
2215.5
0
2880.5
1211.5
1364.5
1969.5
1875.0
1055.5
2208.5
3558.5
2414.0
3480.5
1509.5
3015.5
4133.0
2171.5
2830.5
1434.0
1847.0
2662.0
3616.5
4683.5
4029.0
3083.5
1739.5
2756.5
3827.5
4676.0
0
2215.0
2647.0
828.5
2951.5
1713.5
4037.0
2543.0
2993.0
300.5
1886.0
2779.5
2377.0
1274.0
68.0
2012.5
2207.5
300.5
0
1585.0
2223.5
126.5
3127.0
1635.0
2593.0
3146.0
5127.0
2114.0
497.0
2273.5
476.0
1445.0
1843.0
579.5
2736.5
2819.0
1384.5
766.0
1727.5
1772.0
2538.0
1506.5
1122.5
2053.5
2935.5
823.5
1960.5
3676.0
6001.0
843.5
2400.5
1803.0
4119.5
3937.5
3793.5
2394.0
3613.5
1781.0
2622.0
3344.0
2711.0
931.0
2331.0
1761.0
0
4293.0
3863.0
717.0
3006.0
4401.5
1038.0
717.0
4179.5
1705.0
1869.5
2965.0
3128.5
2844.5
2416.0
2710.5
183.5
2966.0
3737.5
2803.5
0
68.0
4643.5
1880.0
2483.5
2793.0
1451.5
3076.0
1355.0
3712.5
2979.0
2608.5
2966.0
2354.0
3331.0
3122.5
2737.5
2195.0
2393.0
1894.5
4133.5
3510.0
2743.5
3896.0
3107.0
4620.0
2526.0
733.5
1655.5
2383.5
1275.0
1726.0
2423.0
3489.5
526.0
1721.5
1988.0
3193.0
4356.5
2724.5
3109.0
1334.5
3682.5
4303.0
2048.5
3113.5
4342.5
2144.5
533.0
4187.0
4140.5
2678.5
2673.0
0
2229.5
2782.0
1867.5
3536.5
2734.0
3127.0
0
2832.0
1469.0
1591.5
1912.0
2713.0
68.0
2780.5
1247.0
3058.5
3108.5
3542.0
2755.0
3208.0
3564.5
2233.5
2907.0
0
1955.0
0
2953.5
3527.0
4169.5
5429.5
2584.0
3065.5
300.5
717.0
2327.0
0
2988.5
534.0
1760.5
68.0
698.5
3675.5
2953.0
4141.0
3348.5
3064.5
3217.5
2713.5
2953.5
2026.5
2920.5
2021.5
771.0
3089.5
2444.5
2092.0
2853.5
300.5
4276.5
1177.0
3030.5
2962.0
3257.0
138.0
441.5
3560.0
2763.5
1940.5
1792.5
0
1555.5
934.5
1061.0
717.0
1321.0
2361.0
3671.5
4482.0
1044.5
2536.5
0
3436.5
2991.0
1253.5
2978.0
1972.0
2382.0
5024.0
2455.5
419.5
1661.5
3799.0
1666.5
2340.0
4823.5
2702.5
2092.0
2368.5
1929.0
1109.0
3371.0
2530.0
2942.0
0
365.5
3498.0
1646.0
3069.0
2055.5
2072.5
3952.0
1682.5
2117.0
1348.5
646.0
4135.5
4743.5
459.5
848.5
2258.0
0
3002.5
2560.5
1624.0
1748.5
1768.0
2937.0
0
2407.0
4288.5
2510.5
919.0
3444.5
1087.0
3491.0
2989.5
4906.5
4013.0
2590.0
3387.5
3564.5
3337.0
3924.5
3389.5
1585.5
4081.5
964.5
593.5
1738.5
3021.0
1301.0
826.5
1513.5
2511.5
4617.5
2364.5
1670.5
1745.5
2767.0
2405.5
4591.0
3623.5
2313.0
2427.5
3282.5
419.5
3649.0
3020.0
126.5
3527.5
4058.5
68.0
383.0
0
1879.5
2627.5
1437.0
194.5
4320.0
3832.0
68.0
0
3326.5
2674.5
2910.5
2018.5
4928.0
3484.0
4926.5
2470.0
3617.0
365.5
3527.0
4340.5
945.0
3103.5
2502.0
1640.0
4919.0
1289.5
2538.0
2595.0
3667.5
586.5
2394.5
3222.0
1003.5
0
1983.5
2938.0
1636.0
4099.5
3150.0
2400.5
1443.5
2667.0
2032.5
4580.5
778.5
3803.0
3289.0
3486.5
1518.0
559.0
829.5
1126.5
0
1049.5
2117.0
3340.5
1565.5
2850.5
1144.0
3993.5
5019.5
0
2685.5
0
0
3283.0
1590.5
969.0
4112.0
3272.5
1506.0
4037.5
3636.0
1359.0
300.5
2526.5
2759.0
2901.5
2662.0
3903.0
1606.0
2759.5
2728.5
359.0
3485.5
1246.0
3486.5
3315.5
2466.5
508.5
1253.0
1927.5
4379.5
348.5
3690.0
3095.5
706.0
4672.0
3740.5
1736.5
2406.0
3342.5
2338.0
2449.0
3835.0
1191.5
3511.0
1285.5
3463.0
1233.0
4492.5
3932.5
2645.0
2045.5
1457.0
68.0
3270.5
3759.5
2905.0
126.5
0
2185.0
2387.0
1898.5
3076.0
2889.0
1690.0
1070.0
2468.5
128.0
1444.5
518.0
2765.5
1757.5
1714.0
3697.5
2192.0
3538.5
0
2063.0
2548.5
0
2300.5
1901.5
4213.5
2438.5
4173.5
2120.0
3257.5
2683.0
2674.0
0
3190.5
243.5
2237.0
3448.5
2687.0
1267.5
2675.5
0
3369.0
0
3150.0
1965.5
1806.5
1719.0
5068.5
1604.0
1908.5
3123.5
2467.0
2095.0
3127.0
2299.0
316.0
3221.0
2376.0
1996.5
1016.5
3184.0
288.0
2313.0
4236.5
2367.5
1309.0
2365.5
3827.5
2623.0
3034.5
1898.5
2888.0
2065.5
2307.0
2401.0
2120.5
1474.5
1550.0
3679.5
1742.0
3186.5
3634.0
2196.5
3646.0
1990.5
1482.0
1747.5
4924.5
4426.0
478.0
2345.5
3064.0
2431.5
2868.5
1710.5
0
1867.0
3512.5
3676.5
596.0
2575.5
1068.5
418.5
4889.5
2689.0
2799.5
1741.5
4113.5
2877.5
489.5
2803.0
1917.5
2378.0
3001.5
1340.0
1618.5
458.0
2592.0
2702.5
970.0
2160.0
3001.5
2608.5
3705.5
3009.0
2083.0
0
3199.5
2473.5
1383.0
3061.0
971.5
2370.0
2543.5
3726.0
2888.5
2681.0
0
2863.5
3642.0
3616.5
2261.0
2178.5
4027.0
1602.5
2631.0
3625.5
2404.0
1641.0
0
4006.0
3081.0
2723.0
3251.0
1766.0
718.5
2898.5
2856.5
289.0
1682.0
3226.5
2117.0
3386.5
1974.5
3254.5
1079.0
2991.5
0
2656.5
3761.0
2611.5
3382.5
736.0
2334.0
0
3053.0
3591.5
2040.5
652.0
2788.5
1842.0
3705.0
2494.5
3867.0
1810.0
2416.5
2954.5
3155.5
1804.5
1553.0
636.0
2039.5
2021.0
4087.5
3751.0
489.5
3761.5
3455.5
1671.0
1084.5
1627.0
1901.0
0
1256.0
2525.5
2841.0
4184.0
3652.5
0
1933.0
3218.5
1578.5
3002.5
2698.0
2532.5
2789.0
3288.5
0
4775.5
68.0
2892.0
2599.0
3626.5
497.0
2428.0
3900.5
3286.5
3539.0
2766.5
348.5
4433.0
3318.0
3514.0
1113.5
2354.0
6140.0
2210.5
1692.0
2141.5
242.0
1709.0
1777.0
1608.0
1941.5
1022.5
4501.5
419.5
3197.0
2320.5
1884.0
3640.5
4219.5
3884.0
3697.0
2741.0
726.0
0
3535.0
2073.0
2852.0
4266.0
3382.5
4407.5
4732.5
3232.5
2839.0
359.0
5459.5
3061.5
3255.0
4596.5
2301.0
2697.5
1892.0
2637.0
3805.5
3537.5
2755.0
2401.5
3033.0
3321.5
661.5
2406.5
4252.0
2365.5
1799.0
2718.5
3867.5
2534.5
2939.5
1160.5
1189.0
1689.0
4688.5
2229.5
2337.5
2989.0
3052.5
4203.0
2265.0
2794.0
2544.5
3793.0
1295.0
787.0
2705.0
1773.5
3006.5
3503.5
1860.5
1038.0
1980.5
1738.0
3670.5
4600.5
2005.5
2941.5
3236.0
2457.0
3673.5
1869.5
1845.0
2229.0
2539.0
4149.5
3331.0
3208.0
4658.5
2831.0
3756.5
1757.5
2403.0
2855.0
383.0
2975.5
4106.5
3555.5
3238.0
1503.5
1204.0
1479.5
4769.5
2254.0
0
2066.0
3223.5
2448.5
2838.0
2799.0
2035.5
4230.5
2599.5
3276.0
2852.5
5171.0
1617.5
1385.0
2456.0
3803.5
3842.5
2210.0
126.5
3182.0
3873.0
3707.0
1614.5
68.0
2521.0
3002.5
4925.0
1491.5
797.0
665.0
3152.0
2198.5
3732.5
2294.0
3273.5
2615.0
2713.0
126.5
4123.0
3333.0
3511.5
2443.5
4120.0
1438.0
3427.0
3289.5
1692.0
173.0
5735.5
4314.0
68.0
516.5
3686.0
1684.5
1828.0
4149.5
2141.5
2319.5
221.5
4046.5
4213.0
3137.0
316.0
183.5
3830.0
2302.0
736.0
2608.5
4165.0
2942.5
1321.0
3775.5
2962.0
3437.0
4321.5
1750.0
5207.0
4651.0
969.5
365.5
300.5
4485.0
3630.5
4379.5
3390.5
138.0
2036.0
478.0
419.5
5215.5
2201.5
1895.5
3325.5
4766.5
3403.0
3401.5
3761.0
68.0
1586.5
1393.5
4352.5
2627.5
2078.0
1461.5
4910.0
3814.5
952.5
2984.0
3206.0
4773.5
1425.0
6587.0
3067.5
1941.0
1414.5
1777.0
1753.5
2701.0
2374.0
1204.5
3417.5
4572.0
3840.0
2105.5
4072.0
1335.5
3834.5
2902.5
1434.0
138.0
2503.0
419.5
3458.0
4795.5
1909.5
3085.0
2182.5
1989.5
2902.5
3020.0
2036.0
898.0
2325.5
3895.0
1875.0
5047.0
2775.5
230.5
3729.5
3334.5
1091.5
0
2932.5
1317.0
1646.0
0
0
614.0
2594.5
2758.5
1501.5
1572.5
4941.5
2834.5
225.5
3744.0
3866.5
2487.5
126.5
2247.0
138.0
1480.5
3676.0
2154.5
3244.0
4518.0
4110.0
4200.5
1620.5
2459.5
2952.0
1658.5
2905.5
4790.0
3039.0
4626.5
3043.0
5181.0
1298.5
4833.5
2358.0
359.0
1552.0
1493.5
654.5
126.5
3048.0
4195.0
3462.5
2453.0
3068.0
4152.5
5714.0
2501.5
1428.5
1727.5
1625.0
3418.0
2234.5
4411.0
968.5
1372.0
0
663.0
2649.0
790.0
2212.5
2416.5
1211.5
1538.0
2115.5
68.0
1359.0
953.0
4628.0
1791.5
653.5
4257.5
3026.0
819.5
2288.0
0
2073.5
2218.0
835.5
698.5
438.5
2407.0
2541.0
68.0
4559.5
401.0
978.0
4899.0
2493.5
4039.0
1889.5
2538.0
2435.0
2282.5
3822.0
595.0
2449.0
2916.0
2214.0
4447.0
2864.5
4236.0
2353.0
3116.0
1179.5
3876.0
2786.5
4490.5
438.5
3783.0
68.0
3163.0
1644.5
438.5
2577.0
989.5
3289.5
3841.0
0
300.5
911.5
849.5
4574.0
1707.0
1461.0
419.5
4552.5
4730.5
68.0
2224.5
3241.5
68.0
4363.0
897.0
2999.5
3415.0
3888.5
1054.0
128.0
2815.0
3918.5
4315.5
478.0
126.5
2129.5
543.5
1997.0
0
2653.5
2700.0
2356.5
1389.0
68.0
2159.5
2625.5
2780.5
2416.5
497.0
2268.5
865.0
2428.0
2777.5
3139.0
916.5
946.5
1427.0
734.5
727.0
2720.5
3903.0
407.0
3171.5
126.5
1841.5
2166.5
3230.0
2049.5
2540.5
3512.5
2738.0
3687.5
1530.5
2215.5
5315.0
598.0
4315.0
1686.5
1618.0
2140.5
4857.0
4792.0
0
2244.0
3151.0
2296.5
3538.5
4699.5
2096.5
1337.0
1260.5
126.5
1771.5
519.5
2025.0
4212.0
4610.5
1573.5
3961.0
4096.5
257.0
3923.0
2261.0
681.0
3139.0
4318.5
3085.0
3011.5
68.0
4197.5
1359.0
3270.5
2852.5
2014.0
508.5
4114.0
3071.5
1849.5
5556.5
3045.0
3459.5
1865.0
1921.0
2492.5
3115.0
4145.5
1402.5
3544.5
4213.5
2811.5
1142.5
2498.0
2861.5
68.0
3950.5
285.5
3943.5
1216.0
4232.0
2320.0
3447.0
1580.0
995.0
2877.5
2512.5
138.0
1909.0
2085.0
554.5
1287.0
4453.0
1765.5
3189.5
2971.0
4196.0
3687.5
1350.0
3074.0
3203.0
964.0
1675.5
5435.5
2785.5
2257.5
300.5
3117.0
2115.0
2311.5
4471.5
1757.0
3556.5
2323.0
5480.5
4610.0
4485.0
2973.5
3113.5
3590.0
3726.0
5003.0
3022.0
138.0
3710.5
1822.5
2785.5
2208.5
5049.0
993.0
2781.5
3676.0
5457.0
4946.5
837.5
68.0
4349.5
1713.5
2940.5
2640.0
2153.0
497.0
4101.0
6173.0
4054.0
1750.0
3810.5
2031.5
771.0
2356.5
4746.0
1979.5
2262.5
3712.0
5190.0
0
1911.5
1406.5
1153.5
3931.0
183.5
1924.5
2392.0
1956.5
3004.0
0
5601.5
3005.0
3134.5
2776.0
407.0
2813.5
2027.5
1515.0
2825.5
1745.5
6017.0
986.0
4711.0
1441.0
2790.0
809.5
4329.0
2591.5
4909.5
2110.0
3198.0
2132.0
3126.0
3970.5
1947.5
2863.0
3976.5
1611.5
3152.5
1512.5
128.0
3074.5
1932.5
2242.0
3327.0
1276.0
4177.0
1565.0
2672.5
126.5
3907.0
4272.0
2489.5
1583.0
1763.5
4742.0
2213.5
2043.0
1546.5
0
2523.5
2879.5
3605.0
1282.5
1861.5
667.5
3140.5
4633.0
2348.5
2209.0
68.0
3377.0
1202.0
1641.0
1308.5
4047.0
1590.5
2601.5
3848.0
4297.0
1908.0
3142.5
6929.0
758.5
1335.5
1839.5
1777.0
4068.0
2934.0
2462.5
3701.5
2545.5
4241.5
4338.0
5272.5
438.5
4087.0
231.5
2553.5
5388.0
2745.0
1303.0
2048.0
1862.0
0
783.5
3663.5
639.5
982.5
1711.5
1264.5
2099.0
5688.0
126.5
2112.0
2623.5
2260.0
3775.5
3015.0
2660.5
2598.0
2994.0
2117.5
3285.0
3735.0
2224.0
4226.0
3381.5
1911.5
2805.0
2563.5
536.0
3918.5
1759.5
2830.0
2354.5
3460.0
2576.0
2099.0
3934.5
1565.0
1770.5
996.5
68.0
2945.5
68.0
5583.5
2966.0
2180.5
126.5
1941.0
3169.5
233.0
3933.5
3080.5
2213.5
3240.0
1912.5
2197.5
2273.5
533.5
3664.5
1672.0
1142.0
2637.5
1618.0
68.0
770.0
1569.5
3273.0
1819.5
3420.0
3170.0
601.0
1833.5
0
2746.0
4412.5
2605.0
3688.5
3431.5
0
2358.5
2472.5
2241.0
2730.0
2890.5
4211.0
2038.0
751.0
3584.0
3502.0
3120.0
0
365.5
1154.0
4025.5
3478.0
2192.5
3954.5
2039.5
1068.0
2291.0
2614.5
2887.0
3513.5
2018.0
4322.5
2525.0
3588.0
2567.0
3312.0
4612.0
0
1111.0
0
465.0
360.5
2288.5
459.5
3519.0
3057.5
2142.5
4716.0
4572.5
3299.5
1961.5
2303.5
3362.5
3052.0
1190.0
2800.0
965.5
497.0
1695.0
3959.0
3447.0
0
3560.0
541.0
4671.5
68.0
3092.0
2519.0
4573.5
0
964.0
0
2442.0
5457.5
4132.0
3931.0
4370.5
4884.5
2601.0
2863.5
3732.5
5730.0
3696.5
3673.0
3062.5
0
5404.5
3398.5
5446.5
1676.5
2183.5
0
2326.0
0
3782.5
2851.0
0
1303.0
1883.5
5753.0
3058.0
3791.5
1854.0
967.0
4704.5
2525.5
5714.5
3205.5
0
0
1092.0
1552.0
3387.5
1071.5
4342.0
5467.5
68.0
0
1215.0
68.0
4109.5
5144.5
1779.0
1895.5
6687.5
3372.5
862.0
3920.5
2281.5
0
1971.0
1219.0
300.5
435.5
2961.0
1371.0
3528.0
0
1069.5
0
3177.0
6028.5
1468.5
497.0
4481.5
3914.0
3113.5
1775.0
1481.5
2964.0
1181.5
2738.0
1438.0
4642.5
2504.5
3178.5
0
115.5
3135.0
3523.5
790.0
1732.0
1521.0
1830.5
296.0
4003.0
4666.0
0
271.0
1582.0
2503.5
1365.0
2652.0
4186.0
1750.0
2822.0
2627.5
4118.5
672.0
3513.0
424.0
481.0
3210.0
3149.0
0
1237.5
3609.0
1886.5
2403.5
4349.5
3540.0
3162.5
3881.5
3876.0
4226.0
4157.0
2404.5
3281.5
2657.0
0
126.5
4229.0
1085.5
639.5
3855.5
370.5
2272.5
0
719.0
4129.0
4588.5
5084.5
6171.0
2338.0
3592.0
5466.0
2348.5
3124.5
4153.5
1952.5
2098.0
3939.5
302.0
4198.0
0
5203.5
2923.0
0
0
3769.5
2429.5
243.5
5105.5
0
5914.0
758.5
2190.5
243.5
2664.0
2196.0
7479.5
2501.0
4773.0
5240.0
3316.0
3672.5
6568.5
2373.5
652.0
2898.5
5884.5
5013.5
2446.5
3992.0
3057.5
3464.0
5528.0
4906.0
2193.0
2930.5
3894.5
435.5
2814.5
2306.5
5886.5
2597.0
1474.5
2029.0
1104.0
1816.5
0
2021.5
5224.5
2519.0
2457.5
3979.5
2456.0
2424.5
1684.5
2137.5
2070.5
3849.0
0
2905.5
0
3761.0
3128.0
2410.5
68.0
0
0
892.5
2563.5
0
2554.5
0
5447.5
5256.0
3737.0
2513.0
2403.5
2132.5
68.0
3259.0
4012.0
2510.0
2883.5
1845.5
6641.5
5306.0
3521.0
0
0
1165.0
1547.0
0
2392.5
5168.5
3829.5
0
1385.5
1928.5
1374.5
652.0
3751.0
68.0
2350.0
1696.0
2684.0
5150.0
6274.5
3704.0
2274.0
3079.0
0
1263.0
365.5
3680.0
4094.5
1972.0
115.5
302.0
126.5
1797.0
0
0
0
1930.0
2424.0
0
1923.5
3448.5
0
2698.5
1688.5
3292.0
838.5
3309.0
3762.5
2829.0
2530.0
2303.5
1548.0
2443.0
956.5
1106.5
2246.5
2751.5
2056.0
738.5
1470.0
0
681.0
822.5
438.5
68.0
752.5
1493.5
2039.0
1974.5
478.0
3411.0
2283.5
0
2993.0
0
0
0
861.5
2656.0
1004.0
2145.5
3302.0
3069.5
0
0
2994.5
438.5
2147.0
0
3013.5
1372.0
704.5
3451.0
2515.5
0
2104.5
3738.5
680.5
595.0
4844.0
832.5
1054.0
2350.0
4090.0
2219.5
3339.0
1342.0
0
3103.5
1442.5
0
1141.5
1458.5
3391.5
516.5
1194.0
1089.5
534.5
1511.5
996.0
3401.0
2800.5
348.5
438.5
243.5
68.0
0
717.0
3711.0
1991.0
2938.0
5177.0
4244.0
3818.5
5364.0
2645.5
302.0
924.5
3019.0
344.0
590.5
3156.0
2222.0
126.5
316.0
2810.5
428.5
126.5
68.0
136.0
1293.0
438.5
1323.0
430.5
1421.5
3362.5
4798.5
1193.0
2649.5
0
1032.0
2184.0
1288.5
3020.5
257.0
916.0
2162.5
2881.0
3838.5
717.0
3064.0
3415.0
126.5
3705.0
763.5
2121.0
419.5
419.5
404.5
243.5
825.0
981.5
1016.5
68.0
1208.5
478.0
126.5
313.5
3654.0
665.0
2629.0
3548.0
126.5
438.5
1062.0
3070.0
0
68.0
2349.5
1259.0
2355.5
1642.5
2384.0
481.0
2443.5
68.0
891.0
4237.0
138.0
2312.5
138.0
0
3820.5
6145.5
4089.0
788.0
2340.0
1140.5
576.5
2993.5
758.5

302.0
2611.0
4666.0
0
2188.0
4666.5
4397.0
2336.5
1127.5
183.5
566.0
126.5
4488.5
2223.0
941.0
1605.5
365.5
2741.5
1182.0
0
5224.5
2604.0
656.0
782.5
1488.0
2908.0
1078.5
4284.0
230.5
126.5
0
545.5
126.5
1180.0
1619.0
3746.0
360.5
0
370.5
419.5
695.5
780.0
2094.5
126.5
0
1549.5
136.0
4818.0
0
2002.5
868.0
365.5
890.5
316.0
0
672.0
1171.0
713.0
3984.5
2845.5
722.0
407.0
0
.0
1334.0
4058.5
4781.5
316.0
611.0
126.5
438.5
1127.0
2369.5
1551.5
0
292.0
68.0
2102.0
0
126.5
1019.5
68.0
1386.5
951.0
0
138.0
126.5
173.0
126.5
3219.0
68.0
1607.0
424.0
481.0
777.5
3633.5
190.5
1183.0
68.0
2476.5
407.0
2489.0
68.0
2469.0
295.5
798.5
1069.0
1141.5
1739.5
138.0
1186.5
1196.5
370.5
194.5
0
126.5
2241.5
842.0
1627.0
3157.5
243.5
0
458.0
576.0
2075.0
2624.0
128.0
68.0
360.5
2373.0
2871.5
760.5
126.5
940.0
1218.5
126.5
778.5
419.5
532.0
365.5
68.0
68.0
257.0
128.0
348.5
1086.5
698.5
639.5
1247.0
138.0
604.5
138.0
471.0
2428.5
0
419.5
1497.5
348.5
492.0
2618.5
1115.0
0
1878.5
1531.0
1571.0
365.5
1016.5
120.5
68.0
2934.5
775.0
481.0
1598.5
126.5
370.5
928.0
126.5
126.5
68.0
1334.5
2175.5
0
68.0
571.0
519.5
0
257.0
3090.0
2793.0
68.0
640.5
253.5
1086.0
0
1475.5
126.5
243.5
1172.5
3239.0
2411.0
1858.5
972.0
1513.0
0
361.5
3762.0
2797.0
1149.0
3392.0
1456.5
1997.0
470.5
68.0
3413.0
2258.5
68.0
1112.5
68.0
3063.5
359.0
965.5
545.5
841.0
5860.5
3828.0
478.0
1962.0
126.5
3116.0
4661.5
1534.5
401.0
843.0
726.0
2349.0
2138.5
0
4874.5
1894.5
0
3750.0
646.0
1651.0
435.5
1434.5
1097.0
2091.5
773.5
633.5
1691.5
2936.0
717.0
1306.0
2463.5
2998.0
3249.5
3348.5
3618.5
2792.0
1760.0
1364.0
120.5
3699.0
3509.0
2622.0
1165.5
68.0
999.5
4213.0
0
2003.5
2260.5
2235.5
1015.5
68.0
1337.0
1119.5
2718.0
1213.0
685.0
2551.5
1651.5
126.5
583.0
407.0
1041.5
464.0
1083.5
2780.5
1141.0
2053.5
126.5
2577.0
2720.0
3281.0
407.0
0
0
1005.0
1357.0
2703.0
0
5031.0
4172.5
0
2299.0
2314.0
652.0
398.5
243.5
936.5
3397.5
1389.0
2009.0
1138.0
2668.0
2772.0
2946.0
0
2985.0
1126.5
2160.5
344.0
850.0
68.0
1627.5
2183.5
1834.5
575.0

3032.0
3731.5
2692.5
2559.0
932.5
930.5
3163.5
2427.5
2041.5
2888.0
68.0
3113.5
791.0
1284.5
3486.0
5134.5
68.0
2635.5
459.5
2374.0
1081.0
1463.0
2073.0
1069.0
686.0
1549.0
1617.0
3495.0
596.5
1044.5
438.5
1422.5
2292.5
3854.5
2237.0
628.0
173.0
419.5
1988.0
1138.5
1021.5
2913.5
3286.5
3002.0
1814.0
1202.0
1996.0
2223.5
698.5
2992.0
755.5
2475.5
1016.5
2474.0
5311.0
68.0
2658.0
1114.5
368.5
1711.0
940.5
1196.5
804.5

138.0
2098.5
0
1378.5
2087.0
686.5
470.5
3480.0
458.0
868.0
2609.5
3644.0
1219.0
2311.5
528.0
2024.5
478.0
995.5
0
2467.0
2456.0
3464.0
458.0
2933.0
2451.0
418.5
2875.5
68.0
1928.0
3236.5
1107.0
2115.5
1377.0
348.5
68.0
581.0
0
3773.0
1077.5
2196.0
1919.0
68.0
2940.5
2507.0
2762.0
2051.0
0
407.0
68.0
4560.0
2042.0
1667.5
1611.0
1022.5
2042.5
2274.5
435.5
138.0
686.5
2447.5
0
1631.5
2352.5
300.5
1774.5
2034.5
1493.0
2375.0
68.0
0
0
688.5
1754.0
2024.0
1106.5
2096.0
1409.0
1480.0
717.0
1529.0
2661.5
0
2017.5
370.5
2109.0
2347.5
2907.0
313.5
0
3993.0
2925.5
3511.0
2199.5
2689.0
3017.0
2804.0
138.0
68.0
836.5
1333.5
2352.0
1664.5
68.0
788.5
0
0
126.5
2256.0
2007.0
537.0
413.0
1026.5
459.5
2189.0
761.0
0
2100.5
2342.5
608.0
383.0
1517.5
1717.0
1964.0
2079.5
3663.5
1844.0
2325.0
300.5
2359.5
2168.0
1975.0
2459.5
809.0
1801.5
2890.5
316.0
0
2788.5
844.0

478.0
966.0
2134.0
68.0
1588.0
302.0
829.5
1137.5
757.0
138.0
674.0
2606.5
1191.5
2343.5
1176.5
68.0
2603.0
1328.0
1326.0
1004.0
1003.0
1174.0
291.0
1338.0
2745.0
1487.0
478.0
1591.5
955.5
68.0
1641.0
813.5
4710.0
1286.5
0
2376.0
1089.5
1495.5
2476.5
667.5
0
2603.5
886.0
962.5
729.5
1830.5
1211.5
0
1557.0
68.0
1762.5
2296.5
0
2311.5
126.5
3040.0
949.0
1886.0
68.0
419.5
419.5
1878.5
998.5
1452.5
789.5
374.5
370.5
1917.0
2262.0
2735.0
1877.5
1467.0
1599.5
1985.0
1067.5
1062.0
365.5
3451.0
253.5
374.5
1168.0
138.0
1022.5
1842.0
738.5
0
332.0
890.0
126.5
775.5
315.5
68.0
611.0
1279.0
68.0
1884.0
438.5
1615.0
1524.5
3148.0
183.5
300.5
996.0
1189.5
1395.5
2148.0
600.5
1649.5
126.5
1880.5
1530.5
1024.0
128.0
1491.0
4778.5
508.5
761.5
2697.5
1129.0
365.5
1615.5
128.0
1663.0
2158.0
1576.5
1320.5
897.0
586.0
0
2155.5
2434.0
867.5
516.5
0
623.0
1818.5
359.0
359.0
2059.5
787.0
1716.0
1344.5
1590.5
1515.0
1243.0
3298.0
2013.5
1540.5
724.5
581.0
3133.5
916.0
745.0
758.5
68.0
365.5
1671.5
1544.0
2204.0
1721.5
2307.5
3652.0
1010.0
2979.0
495.5
1666.5
68.0
719.0
1062.5
1619.0
2579.5
698.5
1645.5
472.0
2638.5
0
138.0
692.0
243.5
1055.5
528.0
1180.5
68.0
68.0
1025.5
126.5
435.5
608.5
1216.5
1444.0
1141.5
194.5
546.0
138.0
1794.5
814.0
2874.0
4424.5
1089.0
230.5
1038.5
1481.5
1181.0
1601.5
1054.0
126.5
997.5
1452.5
1471.0
581.0
2092.5
2545.5
3174.5
68.0
309.5
516.5
2057.5
2304.0
2920.0
2258.0
1576.5
1779.0
1001.5
2350.5
126.5
2096.5
1005.0
68.0
2940.0
1285.0
542.0
0
1256.5
1791.5
3155.5
990.0
2098.0
2217.5
478.5
68.0
1324.5
1705.0
2627.0
316.0
138.0
1746.5
68.0
1650.5
518.0
2064.0
68.0
1315.5
512.0
1862.5
2183.5
1561.0
1390.0
2538.5
1141.5
1285.5
878.5
1263.5
1666.0
908.5
1674.5
2333.5
126.5
656.5
386.0
1570.5
438.5
300.5
2258.0
905.0
1104.0
963.5
1553.5
850.0
1441.0
1856.0
2138.5
0
1980.0
1631.5
1826.5
300.5
864.5
1185.5
1688.0
2566.0
0
1669.0
1679.5
300.5
1924.0
2251.0
1022.5
806.0
854.5
790.0
2211.0
777.5
0
1127.0
514.5
915.0
68.0
689.5
2059.5
407.0
2118.5
183.5
2008.5
1410.5
1272.5
1455.5
3151.0
2936.5
2937.5
1886.5
1021.5
68.0
1418.5
1813.5
2339.0
2661.5
68.0
1871.0
1285.5
817.5
68.0
243.5
1994.5
2518.5
814.0
1033.5
497.0
128.0
183.5
1023.0
115.5
419.5
1429.5
1127.5
790.0
1019.0
755.5
1224.5
603.5
2941.5
1286.5
2109.5
1976.5
2010.0
773.5
126.5
1707.5
714.5
0
2444.5
1746.5
933.5
790.0
2600.0
2721.0
997.5
2014.5
932.5
136.0
659.5
699.0
762.5
1086.5
2115.5
2081.5
2221.5
1069.0
68.0
516.5
3779.5
68.0
1350.5
1214.0
294.5
1010.5
2214.0
757.0
1711.0
1608.5
68.0
656.0
1381.0
5328.0
1467.0
977.0
745.5
68.0
3117.5
1212.0
595.0
951.5
593.5
736.0
535.0
68.0
1518.0
2948.5
2863.5
424.0
68.0
951.5
1274.0
636.5
1141.5
845.5
126.5
1086.5
1295.0
1442.0
2050.0
2627.5
374.5
1532.0
1870.0
1154.5
712.0
634.5
1790.0
773.5
1040.5
138.0
1395.0
2280.0
1458.0
2411.0
879.5
68.0
1582.0
138.0
823.5
352.0
771.0
1790.5
1176.0
1745.5
1704.5
230.5
821.5
687.5
2739.5
1656.5
285.5
4080.0
2269.5
575.0
1550.5
344.0
68.0
1434.0
0
194.5
1969.5
2789.0
770.5
2460.5
2153.0
3066.5
726.0
1974.0
2457.5
1253.5
780.0
1705.5
966.5
2537.5
2076.0
68.0
905.5
2849.5
68.0
2128.5
1951.5
733.0
1357.0
0
1621.5
1444.0
1692.0
126.5
1603.0
1160.5
1910.0
1704.5
383.0
231.5
1413.5
2465.5
1441.0
1579.5
1427.5
489.5
1267.0
1753.5
1361.5
2244.5
138.0
1195.0
3690.0
478.0
2485.5
1723.5
459.5
2905.0
1352.5
736.0
2625.5
641.5
2149.5
522.5
1092.5
1032.0
1737.0
1610.5
6332.0
1909.5
576.5
3181.0
1276.0
950.5
1093.0
1425.5
68.0
0
3040.0
2147.0
120.5
918.0
1247.0
438.5
316.0
1409.0
2988.0
68.0
868.5
128.0
419.5
1836.0
1757.0
1058.0
1387.0
1816.5
0
1273.0
316.0
1149.0
1805.0
901.0
3127.5
967.0
1941.0
1741.5
790.0
1385.0
1409.0
424.0
0
1622.0
419.5
386.0
2353.0
1706.0
1648.0
841.0
790.0
4053.0
1547.0
0
661.0
302.0
327.0
138.0
691.0
757.0
1219.0
827.5
1127.0
466.0
1108.5
365.5
1475.5
1346.0
1499.5
1716.5
363.5
231.5
413.0
253.5
2307.5
1794.5
523.5
747.0
538.0
887.5
575.0
1053.0
790.0
401.0
1170.0
1052.0
0
827.5
470.5
383.0
979.0
126.5

1578.0
1372.5
1042.5
1120.0
2339.5
2202.5
0
615.5
1241.0
2127.5
787.0
612.5
661.0
68.0
0
407.0
0
1911.5
1376.0
3430.0
138.0
1505.0
777.0
919.0
882.0
736.0
355.5
1399.0
419.5
948.5
1324.0
0
0
1754.5
1395.0
722.0
68.0
2036.0
359.0
1150.5
868.0
128.0
703.0
598.0
649.0
68.0
68.0
441.5
508.5
1514.5
831.0
418.5
479.5
1394.5
4188.0
729.5
359.0
1676.5
2921.0
304.5
771.0
1109.5
1661.5
512.0
621.5
940.5
138.0
1783.5
443.0
2151.0
1652.5
523.5
478.0
1204.0
435.5
1060.0
1467.0
1254.0
829.5
489.5
0
486.0
489.5
1358.5
68.0
904.5
652.0
683.5
1593.5
813.5
126.5
424.0
1151.5
734.5
928.0
1409.0
115.5
1386.0
1298.5
489.5
1194.5
835.0
419.5
1156.0
841.5
475.0
68.0
1208.0
772.0
656.5
0
1024.0
0
186.5
1196.5
508.5
0
773.0
1321.5
1324.0
1638.5
126.5
1057.5
1140.5
1810.0
1503.0
1670.5
546.0
1103.5
68.0
491.5
1472.5
0
811.0
1075.5
1042.5
1584.0
0
653.5
932.5
1583.0
68.0
791.0
1480.5
68.0
1090.0
138.0
68.0
68.0
365.5
595.0
1660.0
68.0
302.0

512.0
900.0
1615.5
949.5
1345.0
1503.0
68.0
401.0
862.0
541.0
316.0
984.5
0
771.0
430.5
1003.5
128.0
868.0
359.0
650.5
1411.0
68.0
2777.5
752.5
2996.0
1715.5
243.5
1322.5
190.5
348.5
787.0
841.0
1216.0
1283.5
1496.5
471.0
1492.5
1406.5
579.0
3059.5
316.0
2810.0
68.0
1071.5
1521.0
68.0
1407.5
0
128.0

1212.0
900.0
541.0
478.0
932.0
434.5
68.0
1019.0
752.5
68.0
629.0
419.5
771.0
335.5
365.5
954.5
438.5
1192.5
613.5
1981.0
1013.5
0
644.5
401.0
594.0
1412.5
1250.0
1045.0
848.5
2718.5
138.0
687.5
787.0
598.0
419.5
1446.5
761.5
2321.5
68.0
2091.0
1652.5
1712.0
1110.0
419.0
438.5
860.0
415.5
2283.0
727.0
2524.5
1013.5
591.5
508.5
1006.0
359.0
700.0
1463.5
1405.5
1032.0
1140.5
843.0
419.5
1167.5
1505.5
1047.5
1069.0
2824.0
126.5
1615.5
300.5
138.0
652.0
666.5
1106.5
1753.0
841.0
829.5
2044.5
489.5
68.0
68.0
1167.0
438.5
438.5
667.5
435.5
2022.5
820.0
1266.5
1737.0
573.0
640.5
1141.5
359.0
138.0
2336.0
699.5
841.0
700.0
126.5
707.5
230.5
126.5
1152.5
1299.5
1066.5
300.5
68.0
355.5
126.5
313.5
626.5
940.0
1710.0
1517.5
933.5
478.0
1370.5
489.5
183.5
814.0
2155.0
374.5
68.0
1162.5
471.0
1514.5
1584.5
126.5
1186.0
2197.5
1480.5
983.0
811.0
461.0
138.0
138.0
359.0
1661.0
1090.5
1967.0
0
523.5
1332.5
243.0
498.5
650.0
1405.0
709.0
1084.0
1041.5
418.5
709.0
1733.5
138.0
0
727.0
845.5
489.5
316.0
667.5
253.0
126.5
1407.0
750.5
796.0
940.0
1284.5
1734.5
1508.5
438.5
1090.5
710.5
818.0
1073.0
370.5
419.5
173.0
2554.0
1231.0
1127.5
830.0
1081.0
821.0
680.5
503.5
695.0
1059.0
0
966.5
959.5
1956.0
285.5
1859.0
138.0
1340.0
1594.5
893.0
1249.5
1416.5
1735.0
1355.5
829.5
729.0
1513.0
822.5
995.5
891.5
652.0
2492.0
126.5
939.0
2071.5
126.5
663.0
717.0
891.0
639.5
438.5
68.0
1067.0
548.5
190.5
967.5
839.0
1431.0
752.5
315.5
733.0
1104.0
1387.0
1054.5
943.0
1095.0
243.5
1092.0
1740.0
675.0
667.5
1827.5
1096.0
138.0
2288.5
794.5
700.0
719.5
652.0
742.5
471.0
1727.5
0
742.0
985.5
958.5
68.0
383.0
1906.0
536.5
652.0
1850.0
471.0
1567.5
647.5
0
186.5
1756.0
710.5
68.0
1631.5
1979.0
690.5
419.5
1051.0
640.5
581.0
1675.5
478.0
68.0
128.0
853.0
1005.0
598.0
424.0
458.0
418.5
242.0
1747.5
0
120.5
1104.0
2290.5
1494.5
438.5
530.5
537.0
68.0
652.0
1289.0
1127.0
126.5
1636.0
1582.0
179.0
925.0
884.5
115.5
1634.0
1192.5
138.0
815.5
972.0
138.0
986.0
1521.0
899.5
257.0
1214.5
407.0
826.5
68.0
0
1231.0
1043.5
1168.5
2264.5
1617.0
68.0
1151.5
2398.0
1636.5
745.0
1368.0
764.5
639.5
1086.0
257.0
126.5
822.5
68.0
501.5
1325.0
1145.0
1631.5
1196.5
365.5
0
1374.0
1626.0
489.5
461.0
1158.0
1893.5
1461.0
0
656.0
1055.0
1470.0
126.5
419.5
419.5

138.0
1715.0
577.0
506.5
533.0
138.0
1100.5
2200.5
603.5
419.5
656.0
1309.0
642.0
126.5
1122.0
1193.0
1622.0
650.5
1357.0
2250.0
2157.0
401.0
1015.0
435.5
1547.5
593.5
681.5
793.0
788.5

1883.0
401.0
911.5
365.5
2959.5
2019.0
2202.5
1488.5
332.0
1164.0
138.0
1232.5
1981.5
1744.0
303.5
785.5
802.0
1409.5
1383.0
300.5
1299.5
1213.5
374.5
1100.5
863.5
1055.0
1859.0
2024.5
425.5
1162.5
608.5
242.0
848.5
1174.5
1162.5
839.5
822.5

1008.0
1616.5
1142.0
1732.0
1588.5
419.5
2448.5
126.5
1675.5
2290.5
115.5
68.0
959.0
2611.0
316.0
2022.0
2058.5
1331.5
461.0
1655.0
370.5
1090.0
1029.5
1527.5
1669.0
983.5
1658.0
68.0
407.0
785.0
68.0
2512.5
2162.5
1472.5
1532.0
0
601.0
0
68.0
126.5
497.0
1463.5
471.0
1524.0
1255.0
979.0
1154.0
416.0
471.0
595.0
628.0
621.5
508.5
1441.0
348.5
1192.5
709.5
1650.5
1175.5
3938.0
1719.5
1166.0
0
1843.5
289.0
1086.0
383.0
2024.5
1758.0
1200.5
2880.0
1123.0
749.0
841.0
1381.0
1328.5
2639.5
698.5
497.0
809.0
1569.5
2305.5
573.0
1640.5
1502.5
2229.0
497.0
908.5
2375.0
0
1291.5
1705.5
1470.0
407.0
1130.5
2064.0
138.0
1429.5
1588.0
1718.0
2055.0
1182.5
2109.5
1571.0
1364.0
0
0
243.5
1889.5
126.5
478.0
2373.0
771.5
1755.0
1187.5
0
892.5
2918.5
652.0
916.5
3335.5
1325.5
2256.5
582.5
2891.0
2944.5
1754.5
887.5
2841.5
3000.5
1045.0
478.0
1575.0
128.0
2068.0
3220.5
4161.0
1015.0
1190.0
997.5
126.5
1271.5
1941.0
1667.5
1666.0
633.5
707.0
924.5
285.5
787.0
752.5
467.0
2926.5
1106.5
3238.0
3265.5
1217.5
1081.5
1226.5
497.0
1323.0
4301.5
68.0
2124.5
1408.5
0
1332.5
0
.0
598.0
2802.0
1243.0
1646.0
1441.0
516.5
582.0
1810.0
68.0
3046.5
1832.5
1794.0
1559.0
2309.0
126.5
2093.5
2406.0
944.5
68.0
194.5
2353.0
0
2120.0
2632.0
472.0
1407.5
2320.5
489.5
1932.0
1244.0
653.5
1765.0
374.5
4192.5
5174.0
138.0
1463.0
6050.0
2005.0
1225.5
1946.0
812.5
419.5
355.5
869.5
633.5
126.5
68.0
2272.0
1986.0
700.0
1458.0
68.0
3357.5
183.5
1140.5
68.0
2210.5
407.0
948.0
698.5
3325.5
0
383.0
497.0
835.5
359.0
1033.5
2456.0
68.0
920.0
2049.5
128.0
1379.5
442.0
126.5
1258.0
5275.5
2626.5
1291.5
736.0
138.0
1011.0
2318.0
68.0
2902.0
126.5
126.5
4178.0
947.0
2986.0
794.5
841.5
0
6296.0
2166.0
4884.0
2255.0
1811.0
683.5
830.0
476.0
2104.0
2743.5
6242.5
894.5
1429.0
2632.0
700.0
1122.5
2277.5
4628.0
1836.5
3355.0
798.5
973.0
1282.0
1601.0
1022.5
1331.5
2231.5
2278.5
1237.0
1630.5
365.5
1786.5
1690.5
1940.5
2944.0
2083.0
841.0
1425.0
944.0
126.5
365.5
0
1653.0
2759.0
0
887.5
1204.5
491.5
1353.5
243.5
0
2619.5
2722.0
1070.5
126.5
1707.5
1548.5
637.0
3047.5
1573.0
0
568.5
771.0
2555.5
1760.0
576.5
1001.0
3144.0
478.0
738.5
1914.5
1206.0
1355.5
68.0
1974.0
404.5
1107.0
633.5
1738.5
296.0
2299.0
745.0
719.0
126.5
1269.0
1014.5
4274.0
1032.0
68.0
1322.5
1837.5
1520.5
828.5
1878.5
194.5
68.0
1343.0
3656.5
6081.0
939.0
471.0
1491.5
1774.5
68.0
1961.0
3433.0
1760.5
1975.5
0
1156.0
1425.5
4498.5
581.0
478.0
1104.0
1360.5
1139.5
946.0
359.0
2971.5
1688.5
1516.5
2258.0
1331.5
1198.5
1256.0
3413.0
1619.5
1059.0
3501.0
126.5
1267.5
120.5
438.5
2335.0
2841.5
583.0
365.5
2536.5
243.5
243.5
2066.0
3516.0
3827.0
3358.0
1779.5
3002.5
472.0
3874.5
930.5
2362.5
5740.0
2537.0
1985.0
916.0
2701.5
3716.0
1608.5
0
126.5
138.0
1068.5
2524.5
3751.0
932.5
0
1568.0
771.5
2811.5
842.5
2701.0
2427.5
300.5
7103.0
1305.0
2365.5
1365.5
1533.5
2091.5
719.0
949.5
1103.5
2286.0
1205.5
186.5
416.0
1603.5
4009.5
1356.5
2987.0
5094.5
656.0
68.0
685.5
2585.5
419.5
3605.0
3013.0
3263.0
2709.0
2378.5
2513.0
1352.0
419.5
3002.5
1639.0
3716.5
2162.0
1636.0
717.0
968.5
0
2093.0
242.0
2503.0
126.5
68.0
2789.5
753.5
2864.0
783.0
4046.0
3451.0
1058.0
300.5
1269.0
1697.5
3681.0
2263.5
0
365.5
2230.0
3180.5
2010.0
1378.0
2702.0
348.5
2124.5
1274.5
2883.5
1806.5
607.0
4115.5
1594.0
3561.0
1251.5
253.0
2733.0
2792.5
471.0
1898.0
3574.5
1910.0
1745.0
3089.0
120.5
0
4794.5
1666.5
2712.5
3069.5
1429.5
1130.0
1416.0
3757.0
2031.0
1567.5
1270.0
1975.5
3690.0
2613.5
1268.0
893.5
2109.5
1531.5
1203.0
186.5
407.0
2839.5
68.0
1667.5
383.0
2493.0
3403.5
1478.5
1569.5
138.0
419.5
633.5
2769.5
1067.0
3581.5
1060.0
3721.0
3327.5
2823.5
1813.0
1350.0
2499.0
1565.0
1757.0
580.0
3993.0
190.5
2906.5
3205.5
3927.5
0
1752.5
2784.0
2948.0
1358.5
3569.0
1018.0
3849.0
4241.0
2378.0
2618.5
4219.5
1533.5
3097.5
2417.0
3193.5
2340.0
992.5
2074.5
2307.5
1186.5
1984.5
3136.5
1715.0
2482.0
3077.5
537.0
1716.0
2152.5
637.0
1710.5
2689.5
2180.5
892.5
929.0
1378.0
2988.0
1380.0
3049.5
374.5
2700.5
1476.0
2643.5
2514.5
2655.5
1072.5
1944.5
869.5
3416.5
3020.0
4930.5
1835.0
4183.0
421.0
2684.5
3629.5
1743.0
2264.0
2799.0
510.0
531.5
3272.0
2744.5
1436.5
3516.0
3083.0
3150.0
928.0
1682.5
4654.5
1160.5
1093.5
1158.5
3999.0
3630.0
2308.5
3625.0
4445.5
1320.0
987.5
586.5
2786.0
68.0
0
2861.0
478.0
2084.0
2345.0
1255.0
1005.0
3173.5
313.5
1559.0
1716.0
2411.5
68.0
1562.0
0
931.5
2110.0
2353.5
0
2746.5
1215.5
2079.5
1394.0
819.0
1332.0
0
3036.5
3660.5
4755.5
3271.0
2045.5
2005.0
138.0
138.0
1437.0
1900.5
2133.5
471.0
2586.0
3368.0
2840.0
3585.0
1141.5
1122.5
2594.0
1185.0
1123.0
2377.0
2603.5
1506.5
4042.0
1392.0
3398.5
2455.5
1834.0
1753.5
1984.5
2868.5
68.0
302.0
1276.5
843.0
3133.0
2462.0
0
3742.5
2567.5
2991.5
68.0
1482.5
4610.0
672.5
2517.5
3720.0
68.0
1727.0
2420.5
3202.5
0
1509.5
4146.0
424.0
1816.0
68.0
1940.5
4286.5
2826.5
2337.0
2200.0
3298.5
1621.0
1167.5
3631.5
1835.0
1555.5
2835.5
0
4369.5
2196.5
1531.0
2971.5
2326.5
3680.5
787.0
2920.5
1163.5
3464.0
2570.5
1964.0
1914.0
2447.5
1199.0
2748.5
5315.5
1475.5
3230.0
5460.5
1373.0
0
5532.0
1851.0
2497.5
2877.5
4185.5
4209.0
1877.5
1814.5
4056.5
2440.0
2958.5
4026.0
2414.5
4720.0
771.5
3049.0
3041.0
3382.0
3013.0
2514.0
1763.0
4324.5
2310.0
183.5
3090.5
3958.0
2210.0
2488.5
478.0
3227.5
4232.5
3800.0
1173.0
1763.5
2841.0
1669.0
777.5
3508.5
1535.0
3820.0
1208.5
4555.0
3725.0
1954.5
3509.0
3074.5
1456.5
2867.5
2892.5
2013.5
1453.5
2717.5
497.0
1406.5
6959.5
2092.0
2226.0
0
2450.5
0
1599.5
2501.0
1745.0
3355.0
383.0
2791.0
0
2532.0
695.5
2150.5
946.0
2296.5
1326.0
3535.0
1711.5
2140.0
2171.5
68.0
5128.0
2474.5
3870.0
1918.0
3209.5
3057.0
2317.0
1378.0
3120.5
1570.0
546.0
2418.0
3506.0
2208.0
1515.0
3062.5
2212.0
4160.0
194.5
0
1183.0
3228.0
2991.0
1078.0
2822.0
1022.5
2636.5
3668.0
4696.0
1431.5
1314.0
0
3232.0
0
5230.5
3047.5
4356.0
0
878.5
1086.0
1559.0
702.5
2868.0
3269.5
4940.0
3171.0
3033.5
4527.0
4509.5
0
3894.0
2586.5
2308.0
1924.0
3955.5
4279.0
1941.5
689.0
3570.0
3076.5
4814.5
4560.5
2287.0
1907.5
2744.5
2804.5
0
6853.5
1718.5
0
1458.5
0
4550.0
3901.5
1649.5
965.5
1005.5
698.5
2822.5
5437.0
1575.5
4153.5
1908.0
2421.5
2175.0
3548.5
2463.0
3166.5
4168.0
68.0
2061.5
2580.0
2565.5
138.0
2706.5
1289.5
3091.5
6017.5
3107.0
2446.5
0
2280.5
2873.0
2708.5
3777.5
1803.0
5631.0
2687.0
3806.5
3521.5
2322.0
5272.5
1810.5
1689.0
5083.0
3032.0
1465.0
3786.0
2607.0
68.0
5192.0
653.0
5299.5
5774.5
1988.5
5900.5
4326.0
2360.5
4207.0
5221.0
775.5
1086.0
0
1031.5
1004.5
892.5
2197.5
2062.5
2685.0
1229.5
1068.5
1081.0
7201.0
2714.5
1766.5
4254.0
583.0
1882.0
1207.0
3047.5
0
1969.5
3040.0
2352.5
404.5
3346.5
5162.5
0
2941.0
4681.0
3270.5
4487.0
0
3353.5
2092.5
4279.0
5046.5
2746.0
652.0
2796.5
4292.5
478.0
1438.5
4829.0
459.5
6549.5
126.5
0
4476.0
418.5
3360.0
0
5088.5
3949.0
453.0
4754.0
5350.0
3585.0
5401.0
1655.0
3031.5
3314.5
4274.5
3448.5
3319.5
4508.0
1828.0
4674.5
3973.5
4735.5
4940.5
4826.0
2020.5
476.0
883.0
822.5
2809.5
3700.0
0
943.5
4156.0
3472.0
2311.0
2953.0
1341.5
4968.0
2010.5
126.5
4789.5
5393.0
0
2870.5
1786.0
2538.5
6629.0
1192.5
2438.5
4590.5
5962.5
2342.0
3088.0
2332.0
4029.0
3739.0
419.5
68.0
897.5
4142.0
1961.5
291.0
1777.0
3651.5
6377.0
4220.0
2316.5
419.5
860.0
4700.0
2248.0
2423.5
3034.5
558.5
4583.0
0
2292.0
6490.0
2850.0
1140.5
1895.0
1051.0
4617.5
3560.5
5235.0
2716.0
1920.0
4358.5
3519.0
3079.5
3468.5
3200.0
5529.0
667.5
1776.0
2417.5
855.5
0
1141.0
854.5
3177.0
5074.5
4522.5
2623.0
68.0
2577.0
3288.5
4117.5
0
0
1954.0
3938.5
2070.5
0
2723.0
771.0
0
3910.0
458.0
0
0
68.0
3990.0
4946.5
2499.0
1837.5
1688.0
4920.0
2592.0
3634.5
5773.5
3912.5
3774.5
1892.0
964.0
5939.0
0
3772.0
2755.0
3093.0
242.0
582.0
1495.5
1546.5
2047.0
4083.0
5788.0
478.0
5133.5
2665.0
6316.0
3906.0
4021.5
68.0
5522.0
2603.5
1854.5
0
1080.5
2817.5
2702.0
764.5
2199.0
4981.5
4598.5
126.5
3024.5
3631.5
1967.5
1873.5
3255.5
2314.0
3145.5
2719.0
1432.5
4435.0
2567.5
3025.5
0
3192.0
3872.0
5265.5
4483.0
2686.5
0
5268.0
6476.5
4278.5
1706.0
2378.5
475.0
1464.0
1479.0
2484.0
1893.0
3334.5
2873.5
5132.0
5044.0
2234.5
1103.5
5143.0
1669.0
2325.5
4443.0
5398.0
757.5
0
1521.0
3653.5
1859.5
2613.5
1997.0
1464.0
1890.5
846.5
1900.5
2688.0
3335.0
1767.0
126.5
3609.0
5201.5
3549.5
2106.0
790.0
190.5
1775.0
5727.5
2480.5
2462.5
2288.0
1864.0
2837.5
1480.0
2717.0
3339.0
2525.0
1997.0
1503.0
0
1276.5
2225.5
0
0
1519.5
2241.5
1594.5
0
557.0
316.0
1417.5
3317.5
3191.0
1864.5
0
2651.5
4919.0
3963.5
850.0
2302.0
957.0
3811.0
68.0
3364.0
3218.0
790.0
4294.5
0
1521.0
1629.5
5428.0
3061.0
595.0
1572.0
531.0
4087.0
2550.0
1904.0
2961.0
3240.5
0
3852.0
0
2988.5
0
1818.5
1141.5
2728.5
867.5
3796.5
126.5
341.0
1521.5
1632.0
2122.5
2160.0
785.5
964.0
68.0
1226.5
3179.5
2821.5
2594.5
1595.5
3000.0
1326.5
1473.0
1108.0
302.0
4154.5
0
2638.0
1578.0
3027.0
0
2225.0
1956.0
115.5
1928.5
1474.5
2141.0
0
1609.0
344.0
126.5
1156.5
970.0
1472.5
841.5
2464.0
0
2150.5
2220.0
1114.0
2567.5
901.5
1766.0
3066.5
0
3335.5
5586.0
1181.0
1557.0
2576.0
348.5
1057.5
2225.0
3035.5
348.5
0
1884.5
3006.0
3332.0
1516.0
1497.5
2921.5
1792.5
0
3024.5
1638.5
425.5
3834.0
3349.0
68.0
1511.0
1195.0
416.0
0
126.5
1584.5
2980.0
1447.5
1461.0
0
2538.5
5180.0
3032.5
2435.0
68.0
2303.0
582.5
2703.0
3307.5
478.5
3898.0
1896.0
0
2342.0
845.5
558.5
2260.5
1955.0
3289.5
2060.5
3003.5
3126.5
221.5
527.5
1596.0
4256.5
0
955.5
2004.0
0
194.5
1776.0
419.5
1821.0
186.5
138.0
0
1496.5
0
2708.0
1408.5
2157.5
1009.0
3902.5
478.0
0
3037.5
0
0
8.5
3067.0
474.5
138.0
0
968.5
126.5
0
1409.0
2324.0
126.5
1558.0
1361.0
2960.5
1280.0
2930.0
1373.0
1580.0
1597.0
1299.5
0
2743.5
2506.5
1115.5
1930.5
0
1676.0
3454.0
0
596.5
0
0
0
2799.0
1325.5
2625.5
981.0
1087.5
1900.5
115.5
0
0.5
0
529.0
0
68.0
68.0
0
1246.5
0
741.0
1840.0
2469.0
3655.5
1396.5
68.0
1693.0
478.0
2427.0
2390.5
2207.0
0
2145.5
2591.5
646.0
0
2179.5
3463.0
1839.5
1980.0
2477.0
2900.5
2915.0
2203.0
2202.0
173.0
1585.5
2505.5
2145.0
944.0
1809.5
802.5
0
2266.0
1740.0
919.0
458.0
4026.5
2697.0
964.0
2286.0
419.5
2171.0
0
489.5
126.5
68.0
1508.5
0
719.0
4156.0
3854.5
700.0
68.0
534.0
0
1226.5
519.5
2130.0
1778.5
1827.5
2155.5
2062.5
1414.0
435.5
1200.0
0
2903.5
0
0
1791.5
1903.5
1233.0
649.0
1396.0
1870.5
0
0
2900.0
0
1013.5
1873.0
1767.5
257.0
138.0
1624.5
1026.5
138.0
126.5
3411.0
999.5
0
1382.5
2051.5
743.5
3494.0
0
957.0
3399.0
1618.0
1140.5
0
582.0
0
2119.0
1943.0
68.0
1341.0
737.5
1211.5
418.5
126.5
419.5
734.0
68.0
2270.0
2220.5
0
68.0
787.0
0
179.0
0
1189.5
0
1003.5
0
0
478.0
126.5
1388.5
775.5
0
126.5
348.5
68.0
68.0
348.5
313.5
68.0
0
68.0
828.0
1460.5
2300.5
584.5
365.5
2184.0
126.5
172.0
126.5
126.5
431.5
0
2633.0
530.5
2125.5
719.0
741.0
1217.0
687.5
884.5
1181.5
0
.0
2666.5
126.5
583.0
458.0
68.0
1103.0
830.5
68.0
1298.5
126.5
1657.0
0
566.0
933.5
1524.0
2210.5
0
0
713.5
68.0
1239.0
904.0
2961.5
126.5
438.5
242.0
0
1318.0
0
1087.5
698.5
1096.5
138.0
68.0
0
549.5
3110.5
359.0
1427.0
1786.0
458.0
0
875.5
313.5
0
1014.5
0
315.5
0
586.5
126.5
0
0
0
3225.0
997.5
0
183.5
0
0
359.0
1022.0
0
1769.5
419.5
126.5
68.0
3756.0
438.5
867.5
2087.0
1141.5
2018.5
1823.5
2118.0
1283.5
1889.5
138.0
0
3647.0
827.5
406.0
698.5
0
2046.5
667.5
1424.0
1146.0
459.5
1724.0
0
2113.0
1540.5
0
772.5
1780.0
3757.5
2821.5
1606.5
435.5
2327.0
902.5
999.0
126.5
2577.0
2522.0
1521.5
2125.5
1421.5
0
2130.5
0
2622.5
0
8.0
126.5
752.5
0
1167.0
0
568.5
707.5
291.0
2286.0
0
0
194.5
868.0
3847.0
2089.5
0
424.0
438.5
0
2376.0
138.0
1975.5
612.5
0
1288.0
68.0
0
126.5
829.5
0
2533.0
640.5
0
729.5
0
2625.5
992.5
418.0
0
0
138.0
1354.5
0
0
0
1298.0
386.0
68.0
126.5
0
1767.0
2008.5
68.0
68.0
3184.5
0
1153.5
1876.5
811.0
2471.0
2654.5
2267.5
0
359.0
2200.0
2086.0
0
0
0
1374.0
1480.5
126.5
0
2220.0
3346.5
1318.0
0
.0
2605.5
1034.0
0
0
126.5
0
68.0
0
1268.0
1323.0
0
2327.5
801.0
179.0
1961.5
0
0
2053.5
639.5
1558.0
0
2256.5
2328.0
1422.0
1003.5
138.0
0
1581.0
0
0
0
2789.5
2692.0
656.0
0
716.0
0
2401.0
2528.5
0
243.5
1046.5
68.0
1677.0
68.0
2993.0
1619.0
126.5
0
0
0
0
0
2038.5
2648.5
449.0
0
2873.0
0
4521.0
68.0
1180.0
2128.0
0
0
2551.5
771.5
126.5
1953.5
186.5
2286.5
0
126.5
822.5
0
313.5
489.5
2900.5
0
0
726.0
0
2056.0
582.5
898.5
1978.0
138.0
0
672.0
2198.0
138.0
0
0
0
438.5
3571.0
497.0
1598.5
3031.5
757.0
0
0
126.5
0
0
1160.5
138.0
2322.0
0
1262.5
582.5
0
126.5
2015.5
1595.0
0
1264.5
68.0
0
0
1722.0
126.5
0
478.0
2320.5
581.0
2618.5
0
790.0
3455.5
0
0
1218.5
771.5
0
2299.0
2486.5
2853.0
1766.0
0
0
0
0
582.0
1853.5
1086.5
0
2448.5
1240.0
1992.5
0
3397.0
2160.0
0
474.5
68.0
1896.0
0
0
731.0
300.5
972.5
0
3509.5
365.5
3239.0
302.0
0
68.0
471.0
1049.0
0
401.0
906.5
2624.0
0
1215.5
2323.0
1650.5
0
0
0
2274.5
1207.5
1696.5
0
2569.5
1941.0
0
1495.5
313.5
2907.5
1789.0
359.0
1524.5
2820.5
0
1230.5
0
744.5
1301.0
633.0
1004.5
0
126.5
588.5
0
2058.5
424.0
2086.0
0
839.5
365.5
0
2211.0
126.5
1127.0
1050.0
1346.5
1105.0
0
739.0
845.0
2150.0
0
0
0
0
0
1052.5
0
1976.0
1667.5
1464.5
242.0
0
2086.0
0
0
897.5
1321.5
1519.0
2896.5
0
230.5
2610.5
0
1482.0
523.5
0
582.0
128.0
0
0
519.0
68.0
830.5
3410.5
138.0
1421.5
300.5
0
0
0
0
1205.0
1656.0
68.0
798.5
1562.5
126.5
0
1624.0
2113.5
1179.5
758.5
177.0
126.5
138.0
2718.5
126.5
0
984.5
300.5
126.5
542.0
1571.0
1607.0
1909.0
1778.5
68.0
1882.0
0
1570.5
68.0
411.5
1238.5
2489.5
1062.5
1121.5
2120.0
438.5
1073.5
0
0
138.0
522.5
68.0
179.0
0
2462.0
3633.5
1163.5
857.0
68.0
0
1668.5
1501.0
68.0
1449.0
291.0
0
126.5
1162.5
0
0
302.0
595.0
837.0
0
2796.0
812.0
0
0
0
0
316.0
1335.5
2235.0
1127.0
68.0
719.0
126.5
0
0
935.0
848.5
1764.5
1919.5
68.0
68.0
1619.5
1475.0
68.0
668.0
0
4.0
138.0
0
419.5
0
2403.0
704.5
2422.5
785.5
0
976.0
68.0
497.0
179.0
68.0
179.0
956.5
656.5
419.5
126.5
1282.5
1991.5
1144.0
0
138.0
834.0
236.0
489.5
1296.0
1107.0
438.5
435.5
1760.5
0
0
2144.5
1816.0
1508.5
126.5
0
68.0
1062.0
0
68.0
478.0
138.0
901.5
404.0
1342.5
128.0
348.5
355.5
0
1.0
533.0
126.5
819.5
68.0
965.5
126.5
1428.0
848.5
0
0
489.5
315.5
2030.5
1571.5
949.5
1683.0
0
0
0
582.0
1229.0
230.5
1431.5
1590.5
183.5
821.5
2438.0
0
243.5
1111.5
438.5
126.5
1005.5
0
68.0
348.5
243.0
68.0
1211.5
0
610.5
0
976.0
1421.5
489.5
1220.5
194.5
68.0
1235.0
0
1783.0
419.5
1140.0
138.0
68.0
1085.5
383.0
0
316.0
68.0
218.0
68.0
655.0
0
1753.0
383.0
401.0
2151.5
1919.0
0
767.5
438.5
435.5
316.0
1123.0
848.5
126.5
0
0
714.5
68.0
0
1326.0
0
126.5
359.0
0
365.5
0
0
1193.5
0
957.0
1319.0
1755.0
659.5
1066.0
138.0
120.5
313.5
68.0
2388.0
115.5
0
951.5
0
1073.0
138.0
0
1179.5
1809.0
672.5
0
695.5
138.0
2481.0
0
787.0
126.5
546.0
576.5
126.5
291.0
1123.0
1518.5
68.0
68.0
849.0
1002.0
1701.5
458.0
2014.5
374.5
313.5
1249.5
1290.0
126.5
0
736.0
895.0
1461.5
0
459.5
789.0
68.0
1306.0
424.0
186.5
68.0
789.0
0
0
1052.0
0
128.0
1777.5
694.0
416.0
126.5
0
889.0
68.0
3102.5
126.5
1694.0
508.5
1741.0
0
0
68.0
285.5
1010.0
506.5
374.5
0
2462.5
1811.0
2080.0
2351.5
0
672.5
0
126.5
1125.5
925.0
0
1212.0
2090.0
0
419.5
0
0
0
1787.5
419.5
2713.5
1055.0
830.5

0
937.0
2026.5
965.5
0
831.5
0
0
138.0
120.5
0
68.0
1351.0
0
822.5
1086.0
1325.5
419.5
0
1348.0
68.0
451.5
2325.0
717.0
1396.0
0
68.0
289.0
0
257.0
438.5
138.0
1249.5
0
972.0
680.5
1471.0
1710.5
1145.0
0
0
1456.5
370.5
242.0
0
1876.5
1884.0
359.0
929.5
3910.0
0
700.0
2231.0
126.5
0
1253.0
646.0
685.0
489.5
2548.0
0
695.5
68.0
115.5
0
1199.5
231.5
419.5
1423.5
840.0
948.0
0
1329.5
0
126.5
183.5
928.5
0
0
934.0
1359.0
591.5
934.0
418.5
646.0
138.0
0
752.5
300.5
717.0
0
2480.0
1626.5
756.5
0
1462.5
1237.0
617.0
0
0
2314.0
652.0
1267.5
1014.5
0
1268.0
0
2084.5
0
0
2025.5
1105.5
126.5
2613.5
1757.5
598.0

475.5
2129.5
1275.0
1756.5
0
2456.5
138.0
988.5
0
419.5
0
1150.0
934.0
1628.0
198.0
0
424.0
68.0
1056.0
1062.0
603.0
2723.0
424.0
138.0
138.0
971.5
68.0
68.0
1713.0
0
190.5
230.5
699.0
138.0
0
1941.0
302.0
1246.5
1817.0
0
1699.5
739.0
138.0
583.0
365.5
899.5
365.5
692.0
138.0
1358.5
0
183.5
1489.0
1326.0
1557.5
812.5
1779.0
2096.5
401.0
651.0
1292.5
1029.5
1706.0
1380.0
672.0
786.5
993.0
884.5
0
1682.5
68.0
1437.0
924.5
672.5
652.0
68.0
1450.5
1977.5
1380.5
1175.0
1325.0
1376.0
897.0
1810.0
0
916.5
2068.0
1192.5
2268.5
699.5
1611.5
1839.5
0
1259.5
68.0
1195.5
1457.5
68.0
0
2338.5
2024.5
1573.5
1443.5
68.0
113.5
1442.5
811.0
539.0
2029.0
126.5
827.5
1570.0
784.0
2058.5
1066.0
1462.0
486.0
0
2204.5
230.5
419.5
126.5
1301.0
965.5
1474.5
594.0
2057.5
465.0
2105.0
0
646.0
2244.0
370.5
1163.5
956.5
1698.0
68.0
1534.5
0
0
1330.5
1676.0
316.0
0
68.0
734.5
1814.5
965.0
2115.0
1628.5
2527.0
1408.5
243.5
1554.5
401.0
2267.0
359.0
2153.0
0
0
1928.5
3624.0
2556.0
3545.0
698.0
508.5
1935.5
1383.0
1671.5
2431.5
943.5
1652.5
1036.0
1464.5
0
1452.5
243.5
1336.0
2383.5
584.5
2475.0
633.5
126.5
962.0
2084.5
809.0
1403.5
1312.0
465.0
2015.5
940.0
68.0
2064.0
1072.5
1690.0
2759.5
1563.5
0
1368.0
68.0
300.5
2765.0
683.5
2183.0
1599.0
1443.0
229.0
2455.5
1183.0
2506.0
944.0
881.5
2224.0
2339.0
1854.5
1868.0
941.0
919.5
1319.5
1511.0
1247.0
1716.5
717.0
3152.5
243.5
488.0
1959.0
0
885.0
1951.5
476.0
68.0
300.5
656.0
927.5
206.0
0
0
2173.5
1934.0
0
2657.0
1085.0
0
1273.0
126.5
1890.5
68.0
1596.0
1588.5
1251.5
1494.0
1957.5
0
1538.5
2887.5
2044.0
0
0
2946.0
404.5
0
582.5
1025.5
68.0
2016.5
68.0
1249.0
1928.0
1934.5
0
1907.0
2488.0
2969.0
794.5
2759.0
0
1823.5
834.5
419.5
1342.5
2546.5
647.0
3125.5
68.0
3389.5
1961.5
692.0
2753.5
1037.0
278.0
1216.5
700.0
419.5
359.0
2839.0
1231.5
2234.5
535.0
1422.0
936.0
1818.5
2557.5
654.0
1331.5
919.0
1087.5
126.5
919.0
1429.0
179.0
2030.0
1236.5
419.5
2931.0
633.5
2187.5
2310.5
2784.5
0
2144.0
3370.0
2480.5
2261.5
1305.0
815.5
2329.5
1391.0
2650.5
1383.0
2085.0
1223.0
68.0
68.0
1249.0
1420.5
2538.5
0
2550.0
1651.0
844.0
2126.0
1606.5
3330.5
1726.0
419.5
2447.5
1882.0
2714.5
3749.5
1874.0
1966.5
598.0
68.0
0
1059.0
3146.5
1856.5
1702.5
2555.5
2315.5
1892.0
2653.0
2336.5
68.0
2122.5
461.0
3282.5
2015.5
817.0
300.5
3781.0
1210.5
3194.5
365.5
2721.0
2096.0
3202.0
0
2416.0
0
1747.5
0
2547.0
2409.5
3079.5
1207.0
126.5
2427.5
2747.5
2536.5
254.5
1810.0
2287.0
126.5
1830.0
1810.0
1788.0
1740.0
967.0
3524.5
1313.0
1826.5
2897.0
3379.5
2248.0
2185.5
2227.5
68.0
374.5
1485.5
810.5
2489.0
1462.5
1863.5
1683.5
659.5

1215.5
2908.5
1443.5
891.0
1429.5
1393.0
289.0
2567.5
126.5
2314.5
4028.5
1560.0
2947.0
1413.5
2411.5
3088.0
2999.5
2724.0
3403.0
4619.0
1471.0
68.0
2341.0
1011.0
2658.0
0
1401.5
438.5
1144.5
1457.5
914.5
2894.5
68.0
120.5
126.5
0
2515.0
138.0

3627.5
2397.5
2541.0
3818.5
2390.5
2370.5
3833.0
4735.0
68.0
68.0
1330.5
1460.0
848.0
3561.5
0
1780.0
1847.5
2768.5
1501.0
920.5
1553.5
0
2274.0
2577.0
0
1858.0
2507.0
3517.5
2453.0
2129.5
2820.0
2075.5
3420.5
1445.0
3225.5
1453.0
3672.0
2753.0
2133.5
2732.5
68.0
1905.0
1212.0
576.5
3007.0
3615.5
2766.5
138.0
2526.0
1316.5
1661.5
931.0
1391.5
1062.0
1935.0
642.5
1490.5
1957.5
0
0
2215.0
2338.5
0
136.0
0
588.5
459.5
0
1907.5
2812.5
2102.5
3764.5
0
2453.0
1850.0
359.0
2403.5
2373.0
4677.5
686.5
967.0
68.0
2184.0
1860.5
3678.0
1510.0
2619.5
775.5
3439.0
1505.5
2784.5
0
2638.0
3398.0
68.0
0
1786.5
300.5
3206.0
3273.0
1729.0
601.0
785.5
1260.5
1228.5
1342.5
984.0
126.5
2394.0
4281.0
68.0
0
1594.0
0
1593.0
0
2725.5
2594.0
1540.5
68.0
2883.0
0
1456.0
1513.5
138.0
2561.5
432.5
3153.5
953.0
1514.0
68.0
1486.0
2529.5
771.0
1131.0
2627.5
0
1439.0
183.5
3543.5
2092.0
3095.5
459.5
2820.5
1420.5
3466.0
68.0
721.5
359.0
1884.0
2978.5
355.5
4381.0
3115.0
726.0
0
1758.0
2272.5
1039.5
2868.5
1768.0
4359.5
1503.0
2568.5
3103.5
138.0
1594.5
3591.0
1433.5
2388.5
1643.5
964.5
438.5
4094.0
3685.5
3375.5
2751.0
2266.0
2097.0
2441.5
1335.0
1437.5
2915.0
2394.0
3943.5
4193.5
2695.0
3001.0
2901.5
1144.5
4232.0
2704.5
1689.5
777.5
2414.5
5382.5
0
0
3677.5
128.0
0
2492.0
0
2199.5
1085.5
1600.5
797.0
3349.5
5142.0
2785.5
4297.0
68.0
1201.0
3016.0
3688.0
2513.0
2948.5
2705.0
2894.0
1317.0
944.0
231.5
3065.0
68.0
313.5
2482.0
4970.5
658.5
3647.5
1345.5
0
2707.5
3388.5
3661.0
1129.0
1300.0
538.0
1819.0
1127.5
1508.5
316.0
5926.0
2289.0
2370.0
3156.5
5009.5
2641.0
1968.0
1539.5
4050.0
2337.5
2445.0
68.0
2518.5
3913.5
2097.0
3270.5
1024.5
3393.0
1417.5
629.0
2141.0
3193.5
68.0
1636.5
2774.0
1317.0
2717.0
0
2356.5
1565.0
3994.0
0
126.5
4779.0
3040.5
2337.0
2105.0
768.5
2033.0
2633.0
2385.5
1450.0
2618.0
1918.0
4349.5
0
3539.5
2188.0
3817.5
1256.0
2485.0
3421.5
0
1264.0
1558.0
3808.5
68.0
2805.5
4609.5
1463.0
3027.5
0
2286.5
0
1505.5
2741.5
1330.0
2236.0
2683.0
68.0
2609.5
1724.5
2224.0
2303.0
2492.0
1804.5
737.5
1968.5
873.5
1835.5
2676.0
3770.0
126.5
1185.5
1820.0
958.5
2942.0
827.5
0
8.0
2304.0
128.0
1926.5
1017.0
0
0
2009.0
383.0
194.5
1702.0
2858.0
1759.5
68.0
419.5
2212.0
1497.5
2986.5
3232.0
1449.0
1404.0
2372.0
1410.5
1249.5
1404.0
1099.0
126.5
5883.5
2212.5
3004.0
0
850.0
595.0
0
2034.5
1778.0
0
3442.0
0
3199.5
4698.0
2771.0
0
1477.0
1758.5
3986.0
2346.5
0
3690.5
4059.0
978.5
183.5
4082.5
4400.0
919.0
1270.0
68.0
1413.0
809.5
471.0
5055.0
916.5
2057.0
243.5
1668.0
313.5
0
68.0
1538.0
419.5
0
0
2619.0
3003.0
639.5
3373.5
2548.5
1620.5
2754.5
2710.5
2526.0
2409.0
966.5
126.5
1905.0
2251.5
4797.0
2227.0
0
3390.5
1418.0
3214.5
2624.5
2387.0
0
0
928.0
1135.0
3176.0
2914.5
126.5
1034.0
0
2457.0
2688.5
1849.5
2853.0
3524.5
0
2025.5
663.5
772.5
2199.5
4592.0
3984.0
0
2967.5
1039.0
2187.0
194.5
1565.0
477.5
3334.0
3736.5
1557.0
2910.0
2490.5
1657.5
2549.0
598.0
126.5

2028.0
438.5
4233.0
2012.5
1548.0
2722.0
0
0
0
1954.5
2707.0
0
781.0
4133.0
758.5
1968.0
1854.5
1404.5
0
0
68.0
2072.5
2729.0
2702.5
0
2745.0
2261.5
1181.5
138.0
1678.0
948.0
1887.5
3440.0
316.0
68.0
1817.5
3580.0
3334.5
68.0
1852.0
138.0
2514.0
1361.0
300.5
2427.0
949.5
551.0
591.5
0
2316.0
1068.0
0
0
3513.5
2184.0
4616.0
3382.0
2876.0
2810.0
2356.0
0
1859.0
2312.5
0
3381.5
0
2657.0
365.5
0
2965.0
1378.0
0
0
1957.5
1935.0
2676.5
2951.5
2930.5
1743.5
2971.5
4035.5
0
2675.0
3377.5
1954.0
3432.0
1563.0
2261.5
4284.5
2382.0
4491.5
0
1207.5
2067.0
4270.5
3344.0
0
2804.5
1994.5
2479.0
4292.5
497.0
3644.0
0
1489.5
365.5
1204.0
3456.0
3775.0
1380.5
2838.5
2734.0
2852.5
717.0
2687.5
126.5
4288.0
0
2752.0
0
1962.0
1741.5
1130.5
68.0
68.0
1672.5
1853.5
2460.5
2872.5
1073.0
1161.5
257.0
2411.0
1546.0
3704.0
2327.0
1721.0
68.0
1528.0
3068.5
1406.5
3939.0
752.5
5803.0
1442.0
0
2161.0
3123.0
1761.0
2675.5
826.5
0
2415.0
0
2021.0
2763.0
4324.5
1433.0
3428.0
2037.5
115.5
1780.0
0
2035.0
0
3239.5
0
1703.0
2679.5
3179.5
4506.5
4129.5
1860.5
68.0
68.0
1898.0
2309.5
0
2735.5
3136.0
3241.5
0
2508.5
3137.0
68.0
0
0
2922.5
1579.0
2314.0
1714.0
68.0
0
1648.5
0
2287.5
126.5
2544.5
2730.5
126.5
1439.5
603.5
0
1165.0
0
2203.0
3993.0
1505.5
2159.5
1760.0
3098.0
2796.5
1428.0
1081.0
0
1934.5
0
3875.5
3169.0
0
0
3450.5
2373.0
2734.5
489.5
2267.5
4079.0
2254.5
365.5
0
2152.0
0
0
138.0
3549.5
1695.0
3061.5
5117.0
1758.0
3076.0
1318.5
1318.0
0
1460.0
0
0
68.0
2084.5
1073.0
2346.5
0
0
0
68.0
1394.0
0
2714.5
1820.0
68.0
2542.0
2513.5
1762.5
2192.5
0
1007.5
1126.0
2926.5
0
3510.5
0
0
1890.0
2612.0
2960.5
4200.0
3097.5
1420.5
1104.0
1850.5
1776.0
0
1896.0
300.5
2771.0
0
2177.5
2680.0
911.5
2764.5
68.0
3359.0
68.0
198.0
0
2879.5
1086.0
3226.5
2522.5
3735.0
1712.0
2975.0
1686.0
0
1050.0
725.0
1418.0
4006.5
848.0
867.0
68.0
0
3069.5
126.5
0
1626.5
2799.0
1407.0
0
783.0
68.0
0
1599.0
115.5
0
3179.5
694.5
2707.5
3497.5
289.0
1609.0
2735.5
2464.5
0
2629.0
0
1817.0
0
2524.0
1611.0
1241.0
2125.0
829.0
6353.0
138.0
3588.0
0
1109.5
1599.0
0
541.0
3770.0
3309.0
1619.5
2474.5
822.5
0
0
0
243.5
424.0
1724.0
883.0
2271.5
424.0
1012.5
0
186.5
0
0
2862.0
1475.5
68.0
1381.5
2324.5
0
0
1309.5
0
0
2232.5
3234.0
0
2203.0
0
3314.0
427.0
1899.0
2720.0
2959.5
3598.5
1883.0
0
0
126.5
0
776.5
0
126.5
658.5
497.0
2071.5
1791.5
2126.0
717.0
0
2606.0
1280.5
68.0
68.0
126.5
0
2256.0
1482.0
2258.5
1720.5
478.0
633.5
0
0
1439.0
0
478.0
1902.5
3012.0
0
5711.0
1703.5
1412.0
1008.0
3968.5
0
0
2322.5
438.5
2123.5
374.5
2017.0
0
0
0
2711.5
1578.0
1962.5
1177.5
0
3467.5
2857.5
1070.5
1419.0
1443.5
2777.0
0
1398.0
3631.0
1232.5
1693.0
5217.0
1619.5
68.0
1450.5
2272.5
1758.5
1818.0
2401.5
2193.5
0
4124.0
2905.0
717.0
595.0
2243.0
0
2835.0
840.0
2253.5
3566.0
0
0
2751.5
0
3252.5
0
0
476.0
2934.0
2751.0
2800.0
0
2708.5
1018.0
1061.0
1723.0
0
825.0
3351.0
138.0
1502.0
2236.5
126.5
1817.5
2356.0
1352.5
3231.0
2059.0
336.5
1032.5
0
2460.0
1685.0
933.5
6963.0
183.5
2497.0
4315.5
68.0
0
419.5
4468.5
3097.0
6089.0
3071.0
2070.5
3478.0
3260.0
115.5
7847.5
0
4137.5
2611.5
2296.0
3972.5
0
4457.5
2030.0
0
2161.5
4158.0
2569.5
2125.5
1405.5
1130.5
1198.0
962.5
0
0
126.5
243.5
2655.0
4745.0
253.5
869.0
2820.0
138.0
3354.5
400.0
126.5
2043.5
1976.5
0
68.0
1234.5
1046.5
775.5
3566.0
2989.0
173.0
1089.5
0
943.5
0
359.0
300.5
2114.0
2505.5
0
68.0
716.0
1814.5
582.0
2212.5
0
2198.5
1334.0
1570.0
1643.5
917.5
253.5
1747.0
1712.0
0
407.0
2282.5
138.0
0
2214.0
1331.5
470.5
68.0
926.5
2951.0
0
3505.0
508.5
278.0
1378.0
1666.5
613.5
1142.0
3701.0
4751.0
68.0
3225.5
1398.0
7755.0
0
506.5
1798.5
126.5
126.5
536.0
740.0
0
0
1875.0
0
3244.0
2550.5
68.0
0
6360.0
1253.0
535.0
1902.0
2937.5
2162.0
3490.5
68.0
2541.0
1467.5
1308.0
5050.5
3481.0
68.0
257.0
2126.5
300.5
5195.0
5650.0
5602.5
1406.0
0
68.0
2624.5
0
1748.0
1474.5
419.5
1167.5
1308.5
1750.5
2155.0
1511.0
68.0
126.5
3212.5
68.0
1282.0
0
0
458.0
1027.0
478.0
1181.0
126.5
845.0
4944.0
138.0
126.5
1334.5
0
1617.0
2052.5
1967.5
1530.5
5048.0
4069.0
3470.0
623.0
2809.5
419.5
1645.0
1717.5
3031.5
1064.0
2641.5
987.5
3119.0
0
2130.0
1853.5
1615.0
1201.5
1712.5
1830.0
2698.0
2451.5
138.0
2544.5
1238.5
2524.0
586.5
0
479.5
1913.5
68.0
0
0
68.0
68.0
374.5
1446.0
2419.5
0
2444.5
1735.5
0
138.0
1696.0
765.0
2840.5
2210.5
1808.5
0
120.5
653.5
344.0
0
4414.5
1065.5
2498.5
778.0
2356.0
126.5
183.5
1058.0
68.0
0
120.5
2909.5
2950.5
1073.5
0
861.0
497.0
68.0
832.5
5075.0
0
68.0
1443.5
1146.0
0
68.0
769.5
1159.0
3020.0
897.5
2129.5
0
1341.5
0
68.0
0
0
3441.0
2382.0
2776.5
2397.0
68.0
1901.5
2604.0
2640.0
1194.5
0
1072.0
849.0
0
68.0
1163.5
0
1436.5
0
1968.0
2783.5
632.5
1969.5
1385.0
3216.5
68.0
1873.0
401.0
68.0
68.0
741.0
1493.5
2209.5
2554.0
3365.5
1381.5
2125.0
2062.5
1642.0
772.0
3107.5
1275.0
1566.5
0
2476.5
596.5
497.0
1583.0
363.5
581.0
2253.5
126.5
2610.5
370.5
3394.5
2575.5
1776.5
2884.5
419.5
2271.5
0
126.5
892.0
1791.0
1951.0
68.0
300.5
740.0
2035.5
2871.5
1270.5
2192.0
1811.5
401.0
68.0
0
0
407.0
2191.5
138.0
359.0
717.0
68.0
2494.0
2719.5
2174.5
2061.0
0
0
2085.0
242.0
0
2176.0
1518.0
2760.0
1489.0
2003.5
2021.0
120.5
752.5
1214.0
1360.0
1765.5
5113.0
1383.5
1142.5
3152.5
0
818.5
68.0
1247.0
1740.0
1923.0
0
1516.5
0
302.0
126.5
2322.5
1690.5
1200.0
2822.5
0
1702.5
243.5
365.5
1052.0
799.0
0
138.0
2298.5
2677.5
1972.0
344.0
656.0
2125.0
383.0
1989.0
0
0
2813.5
1653.0
348.0
126.5
0
3580.5
944.0
2050.5
1685.0
1087.5
1691.5
0
126.5
0
0
2675.0
424.0
1119.5
2723.0
68.0
1577.5
1645.0
1754.5
1287.0
830.5
0
1473.5
316.0
1701.0
1161.0
401.0
1907.5
700.0
370.5
0
2336.5
1186.0
2271.5
1489.0
2649.5
126.5
1037.0
68.0
608.5
194.5
1499.5
710.5
1519.5
1609.0
2593.0
3173.5
419.5
2218.0
1306.5
126.5
1952.0
2546.0
126.5
486.0
68.0
257.0
2417.0
2071.0
533.5
1766.5
128.0
931.0
1798.5
1463.0
365.5
419.5
68.0
1742.0
3248.0
2444.5
1680.5
1596.5
1325.5
302.0
583.0
1276.5
138.0
1431.5
1089.5
2573.5
0
1255.0
1249.5
849.5
0
285.5
1260.5
126.5
1051.0
914.5
1365.0
1311.5
128.0
68.0
1707.0
925.0
68.0
418.5
891.0
1503.0
616.0
2042.5
2216.0
1650.0
2041.5
1033.5
68.0
1323.0
419.0
1645.0
1738.5
1866.5
68.0
3938.0
3345.0
401.0
1282.5
419.5
120.5
1310.5
0
126.5
1553.5
2057.5
2700.5
761.0
1369.0
300.5
919.5
0
1025.5
1399.0
296.0
1185.0
383.0
0
1622.0
656.5
932.5
2216.0
4665.0
1264.5
0
1072.0
126.5
1960.0
549.5
126.5
2581.5
1081.0
1160.5
1644.5
300.5
620.5
1809.5
1698.5
1929.0
1027.0
285.5
1848.0
1187.0
1464.0
1176.5
424.0
310.0
1439.5
126.5
1461.5
681.5
2108.0
478.0
138.0
424.0
2341.5
1857.0
931.0
126.5
1979.0
710.5
370.5
841.5
703.0
543.5
2619.5
1909.0
1943.5
1027.0
4569.0
1598.0
0
1214.5
2724.5
1549.5
1854.5
1748.5
0
0
126.5

582.5
2012.5
519.5
497.0
1539.0
128.0
1359.0
194.5
300.5
821.0
598.0
407.0
1851.0
596.5
120.5
946.5
1278.0
0
1360.0
0
2280.5
1392.0
2421.5
2884.0
533.5
0
383.0
1182.0
794.5
0
2296.5
68.0
1151.0
172.0
2012.0
3564.5
1289.5
687.5
2546.5
407.0
396.5
693.5
786.0
424.0
243.5
459.5
300.5
2225.5
438.5
1760.0
1142.5
1021.5
2663.5
1396.0
300.5
0
0
653.5
1061.5
744.0
818.0
68.0
0
2028.0
1662.0
2542.0
2071.0
1180.0
968.5
0
198.0
0
419.5
401.0
383.0
126.5
1407.5
3023.5
646.0
0
120.5
524.5
881.5
2402.0
1109.5
2522.5
1488.0
616.0
491.5
68.0
128.0
1219.0
1468.5
582.5
2595.5
68.0
126.5
2687.5
230.5
1310.0
666.5
489.5
427.0
514.5
1987.0
2082.0
633.0
1783.0
2678.0
1121.5
1230.5
0
1509.5
773.0
1617.0
321.0
1030.5
1388.0
2255.5
1172.5
257.0
0
775.5
599.5
1571.0
1347.5
138.0
68.0
128.0
1456.0
1334.0
771.5
370.5
1421.5
790.0
68.0
779.0
0
884.5
719.0
828.5
365.5
0
0
1863.5
183.5
952.5
0
68.0
1822.5
1214.0
359.0
177.0
965.0
68.0

1728.5
1356.5
599.5
1234.0
1049.0
300.5
951.5
316.0
68.0
1660.0
1072.0
0
.0
520.5
0
2004.0
581.0
68.0
424.0
1708.5
438.5
2035.0
1793.5
1542.0
629.0
2414.0
892.5
988.5
138.0
236.0
365.5
591.5
0
365.5
3085.0
68.0
115.5
993.5
302.0
1221.0
662.0
862.5
1418.5
986.0
1108.5
2519.5
812.0
1169.5
1119.5
68.0
940.5
0
478.0
1217.5
558.5
590.0
652.0
1026.0
0
539.5
3261.5
0
68.0
1381.5
1819.5
179.0
1261.5
717.0
68.0
2091.0
524.5
608.5
1033.0
231.0
1623.5
761.5
2465.5
704.5
913.0
1264.5
1393.0
1656.5
0
316.0
1882.5
435.5
1423.5
3708.0
949.5
68.0
300.5
438.5
2035.5
2026.0
594.5
300.5
1275.0
596.0
365.5
0
68.0
1511.0
68.0
68.0
1387.0
291.0
1579.0
1650.0
194.5
707.0
0
365.5
0
407.0
3015.0
120.5
2125.5
835.0
2359.5
68.0
594.0
711.0
1130.0
1444.5
524.5
787.0
126.5
899.0
2991.0
0
1476.0
304.5
1096.5
862.5
3280.0
68.0
126.5
3016.5
3813.0
542.5
460.5
1242.0
2677.0
2603.0
524.0
639.5
68.0
1956.5
2729.0
68.0
2512.5
667.5
1952.5
0
726.5
68.0
183.5
1014.5
370.5
1864.0
138.0
888.5
300.5
1076.0
2234.0
0
1818.5
1604.5
1287.5
0
0
812.5
489.5
2583.0
348.5
1446.0
288.0
2259.0
2590.5
2223.0
1159.5
1201.5
2051.0
407.0
1682.0
359.0
68.0
1993.5
721.5
1977.0
271.0
2488.0
68.0
257.0
0
2482.5
1502.5
0
1159.5
710.5
3606.5
128.0
2540.0
1693.0
1743.0
243.5
663.0
0
738.5
3037.5
421.0
1542.0
767.5
0
3244.5
535.0

2603.0
1799.0
302.0
1517.0
1431.0
1023.0
419.5
889.5
183.5
743.0
401.0
2210.0
0
543.5
1255.0
1199.0
2873.0
985.0
2156.0
3125.0
243.5
138.0
2757.0
438.5
1403.5
829.0
1094.0
1874.0
2282.0
0
2158.5
68.0
1949.0
1121.0
1715.0
183.5
1772.5
2205.5
1001.0
1011.0
0
1360.0
0
1271.0
536.0
3087.0
68.0
1457.5
126.5
982.5
2083.0
68.0
1258.5
2067.0
128.0

1619.5
622.5
1062.0
138.0
0
605.0
68.0
1857.0
0
332.0
1391.5
243.0
4171.5
1904.0
2116.5
1707.0
2707.0
1142.0
2495.5
2052.0
1627.5
1277.5
3095.0
4325.5
196.0
1438.0
1868.5
173.0
1951.5
2341.5
2400.5
2444.0
2927.5
0
491.5
1440.0
563.0
950.5
1737.0
4886.5
1131.5
3426.0
0
1364.5
478.0
1322.0
583.0
2921.5
0
128.0
1145.5
680.5
920.0
508.5
3355.0
1020.0
3118.5
1299.5
68.0
68.0
1703.0
1873.5
738.5
824.0
1366.5
1070.5
860.0
315.5
1395.0
1402.5
1042.5
2886.5
253.5
3954.0
1146.0
1441.5
1810.0
2399.5
3613.0
0
0
1814.5
2911.0
1670.0
3794.0
2896.0
1980.5
2590.0
435.5
1058.0
2793.0
1758.5
4223.0
68.0
0
68.0
1890.0
928.0
1003.5
383.0
1140.5
68.0
2892.5
2741.0
843.5
68.0
2838.0
1138.0
5546.0
2071.5
68.0
0
68.0
1679.5
868.0
4044.0
951.0
598.5
882.0
3816.0
3124.0
126.5
300.5
1195.5
671.0
1427.0
1792.0
970.0
128.0
1331.0
3419.0
1762.5
1413.0
2647.0
242.0
1785.5
0
2869.0
1413.0
2529.0
2613.5
5776.5
2709.0
2986.0
0
1076.0
4598.5
1827.0
0
3825.5
2535.0
1573.0
0
0
1707.5
4025.5
126.5
1995.0
68.0
2059.0
614.0
1726.0
3305.5
300.5
949.5
243.5
5046.0
541.0
1658.5
3306.5
138.0
535.0
3182.0
365.5
1349.5
0
2607.5
128.0
68.0
300.5
1532.5
1452.5
948.0
937.0
895.0
2042.5
1404.5
968.5
601.0
4233.5
1345.5
126.5
315.5
68.0
68.0
2194.0
2577.0
2913.5
1340.5
534.5
2089.5
115.5
0
0
2300.5
0
1200.0
1367.0
0
2394.0
128.0
2962.5
2880.5
0
68.0
68.0
2480.5
4356.5
734.5
0
1458.0
1408.0
2164.0
2572.5
365.5
128.0
1444.0
1229.5
183.5
821.5
971.5
283.5
793.0
0
4663.5
1076.5
0
126.5
0
1204.0
3731.0
0
0
6691.5
1824.0
515.5
120.5
4817.5
128.0
0
0
68.0
4057.5
1648.5
3334.5
4177.0
1640.0
68.0
4568.5
3870.0
138.0
0
1859.0
7727.0
1235.5
3437.0
2617.5
407.0
138.0
969.0
68.0
902.0
0
0
68.0
0
6049.5
2804.0
3195.0
126.5
68.0
2178.5
0
2670.0
300.5
2574.0
2121.5
0
3483.0
2321.0
0
1226.0
1579.0
7903.5
0
6.0
365.5
1423.0
1417.0
1242.5
348.5
0
4976.5
126.5
0
1508.5
1831.5
1713.5
3012.0
0
3089.0
2058.0
0
686.5
3303.5
970.0
126.5
3591.0
0
2209.0
0
0
253.5
68.0
2021.0
0
533.5
2571.0
967.0
2243.5
489.5
1417.0
3454.5
1517.0
0
605.0
1320.0
1921.0
488.0
0
2046.5
2625.0
115.5
68.0
0
4481.0
3808.0
194.5
2235.5
3988.0
0
931.0
974.5
0
1294.5
0
2794.5
68.0
2960.5
478.0
0
68.0
1480.5
68.0
2510.0
1844.0
2190.5
1023.0
1953.5
0
2833.5
0
2586.0
2717.0
505.5
633.5
2243.0
2557.5
0
2335.5
2793.0
173.0
126.5
438.5
1531.5
2358.5
0
407.0
0
2221.0
3491.0
2565.0
128.0
612.5
2170.0
3932.5
2367.0
0
.5
0
3437.0
0
1160.5
1111.5
0
2810.5
68.0
2298.5
1212.0
0
1815.5
0
416.0
1592.0
3556.5
1498.0
2253.0
2588.0
3401.0
0
0
6256.0
0
68.0
866.0
0
1383.0
2002.5
809.0
2490.0
3218.0
941.0
126.5
0
0
2607.0
2410.5
0
3230.0
68.0
2994.5
2084.0
2589.5
1944.0
68.0
1985.0
4670.5
0
931.0
886.5
0
2596.0
2598.5
2534.5
1262.0
2386.5
126.5
3319.5
0
2097.0
2025.5
6323.0
68.0
68.0
231.5
2393.5
138.0
4305.0
1708.0
3951.5
68.0
2207.0
2477.5
316.0
1477.5
435.5
1685.0
1425.0
0
0
2329.0
1378.5
0
757.5
126.5
3352.0
2889.5
68.0
0
68.0
1936.0
478.0
1784.5
1141.5
1233.0
3639.0
419.5
643.0
2392.5
687.5
1407.5
1511.5
3051.0
2740.5
0
1480.0
2310.5
0
2234.5
126.5
1414.0
2079.0
0
68.0
68.0
3196.0
126.5
0
4685.5
126.5
2569.0
1084.0
1411.5
1247.5
0
1684.5
698.0
4069.0
3696.0
138.0
126.5
8349.5
230.5
2452.5
3282.0
0
126.5
0
3194.0
0
3663.0
3421.5
0
3411.5
3741.5
2887.0
3606.5
2655.5
243.5
1293.0
253.5
3177.0
3684.0
68.0
0
1905.5
0
68.0
68.0
0
4134.0
594.0
0
3194.0
1614.0
2384.0
2198.0
0
0
359.0
1984.5
831.0
441.5
1869.5
970.0
0
3869.0
0
2721.5
243.5
1167.5
1983.0
0
3250.5
2029.0
359.0
3547.5
1387.5
419.5
126.5
3772.0
1933.5
867.5
898.5
0
1644.5
2333.0
2048.5
3574.0
243.5
3481.5
1810.0
746.5
0
2343.5
0
4682.0
0
0
3328.0
1960.5
4547.0
419.5
2912.0
1884.5
2316.5
554.5
0
0
0
5741.0
3085.5
1367.0
2027.0
0
1448.0
1642.0
0
684.5
2400.0
3352.5
1748.0
0
1987.5
4138.5
0
1702.5
0
1003.5
0
0
.5
0
3285.5
1037.5
1955.0
0
419.5
0
0
0
2079.5
1108.0
0
0
0
1116.0
573.0
3144.5
1813.5
1314.0
0
0
1279.0
497.0
2742.5
1341.0
1689.0
2694.5
1995.5
0
0
0
3495.0
0
68.0
2972.0
3188.5
0
0
0
138.0
1972.0
0
2518.5
1802.0
1163.5
6081.5
0
1944.0
0
126.5
465.0
2356.5
138.0
2185.5
0
1194.0
0
2319.0
5490.5
2378.0
0
136.0
0
0
2749.0
0
4406.5
889.0
653.5
1722.5
0
0
2.5
2971.0
1659.0
1572.0
68.0
1321.5
0
1177.0
2107.5
0
2204.5
374.5
2172.0
1120.0
5056.0
3069.0
1651.5
1008.0
0
1096.0
2227.0
0
0
5241.5
0
1387.0
751.5
0
302.0
2570.5
138.0
0
2509.5
2138.0
438.5
0
138.0
1462.5
0
0
6828.0
1267.5
2860.5
498.5
0
0
1160.0
2231.0
1387.5
0
0
2344.5
0
0
68.0
2842.5
1281.5
0
964.0
0
2225.5
0
0
2006.5
1914.5
136.0
1273.0
2316.5
0
0
0
0
0
2398.0
0
1896.0
0
0
794.5
1519.0
533.0
3849.5
1535.5
68.0
0
3578.5
3244.5
0
0
0
1700.0
1898.5
316.0
1955.5
3862.0
3216.0
854.5
2517.0
0
984.0
68.0
0
1614.0
6761.0
0
1897.0
0
1660.0
1286.0
0
0
0
4729.5
126.5
640.5
959.0
3907.0
2192.5
2392.5
1261.5
4602.0
2212.5
0
0
1874.5
1730.5
3560.5
463.0
8242.5
2109.0
2721.5
2574.5
4776.0
489.5
0
0
3597.5
0
2053.0
0
2801.0
1707.0
2120.0
126.5
365.5
0
2960.0
419.5
2636.5
7429.0
0
849.0
180.5
1465.5
6825.5
0
470.5
3362.0
3052.5
3232.5
2023.0
4704.5
1892.5
68.0
0
0
7037.0
418.5
4534.0
2476.0
478.0
179.0
2013.5
4237.5
300.5
68.0
1492.0
2475.0
0
652.0
2350.0
2820.5
1694.0
0
1745.5
2065.5
0
0
578.5
3112.0
1829.5
2221.0
138.0
734.5
2022.0
3072.0
3123.5
1827.0
1492.0
2465.0
1448.5
0
0
2095.5
2524.5
68.0
726.0
4211.0
1673.5
1156.5
1795.5
2208.0
68.0
2333.5
1695.0
3537.0
2465.0
3658.0
563.5
3602.0
2724.5
1388.5
2239.5
2983.5
68.0
1851.0
0
3672.0
1874.5
3967.0
2916.0
0
2662.0
0
828.5
740.0
68.0
1851.5
2009.0
3314.0
7712.5
0
2667.0
3135.5
302.0
2004.5
68.0
2142.0
0
1806.0
5542.0
365.5
1900.5
2164.0
4520.0
0
1927.5
0
126.5
2434.5
348.5
850.0
126.5
729.5
3729.5
1265.5
1812.0
3197.5
965.5
1785.0
1476.0
0
2667.0
1163.5
1146.0
0
1218.5
1803.5
2631.5
1886.0
3346.0
2428.5
2550.0
2239.0
1960.5
866.0
1792.5
1969.0
1263.0
3113.0
1086.5
0
0
0
1402.5
68.0
3268.5
2703.0
1655.5
3028.5
68.0
0
1997.5
2500.5
2813.0
1167.0
3339.0
752.5
1956.0
1360.0
2380.0
2637.5
1082.0
790.0
0
1276.0
2425.5
1635.0
2066.5
2666.0
0
1701.5
435.5
3526.5
3666.5
2453.0
1462.5
1393.0
2734.0
2306.0
0
6459.0
2418.0
3516.0
1626.0
1054.5
1450.0
138.0
0
2725.5
656.5
3345.5
2933.5
2924.0
0
1676.5
2418.0
5965.5
3454.0
1876.5
3355.0
5367.0
2416.0
2498.0
1090.5
2440.5
4450.5
183.5
0
1876.0
0
2479.0
316.0
68.0
2807.0
1102.0
0
3896.0
0
1804.5
300.5
0
1663.0
3774.0
1147.5
1441.0
3531.5
1688.0
5698.5
4495.0
2118.0
1763.0
2502.0
3408.5
656.0
1707.5
829.5
2992.0
1792.0
68.0
2452.0
3281.5
1382.0
3683.0
2557.5
1880.0
0
4231.0
3866.5
1003.5
4274.0
3383.0
2349.0
5907.5
68.0
68.0
2337.5
2522.5
68.0
3514.0
2402.5
3494.0
0
0
0
0
1929.0
3961.0
2852.0
1381.0
4195.5
2477.5
3172.5
1732.0
549.5

1517.0
489.5
1577.5
68.0
2650.5
126.5
2703.5
2882.5
5104.0
4317.5
4361.5
1392.0
6462.5
2076.5
1549.5
3366.5
3344.0
3008.0
3050.0
2590.0
1997.0
5421.0
3107.5
1519.0
0
1051.0
974.0
3795.5
722.0
0
2605.5
4143.0
1223.5
0
1594.5
1499.5
3789.5
2539.5
0
2125.0
948.5
2534.5
2466.5
4600.0
2765.0
2579.5
528.0
68.0
4645.5
5104.5
2759.5
4048.5
734.5
2768.5
2500.0
1514.0
0
1890.5
1880.0
1230.5
1549.0
1904.5
2607.5
855.0
2757.5
5175.0
0
2621.5
2141.5
1992.5
0
1214.5
3126.0
0
474.5
2047.0
7046.5
300.5
2395.0
1714.0
1961.5
5595.5
2715.5
0
2009.0
316.0
2265.0
2798.0
2668.5
365.5
3409.0
0
2757.5
1003.5
2727.0
2337.0
68.0
1546.0
0
590.0
3344.0
3677.0
2030.5
794.5
1500.5
68.0
1651.5
2784.0
0
3255.5
1828.5
1935.0
2789.0
1451.0
514.5
1574.5
2488.0
1763.5
2201.5
489.5
1543.0
1943.0
1762.0
3436.0
1227.5
2365.0
0
2569.5
2723.5
2408.5
2638.5
1811.5
0
1412.0
2064.5
839.5
5356.5
3585.5
68.0
745.0
1835.0
2429.0
2443.5
4114.0
2388.0
3252.5
1719.0
6120.5
1518.5
1287.0
3303.5
68.0
652.5
1680.5
4164.5
5623.5
2508.0
1504.0
3983.5
734.5
523.5
418.5
2152.5
0
3545.0
2777.5
2362.5
68.0
0
1218.5
2175.5
2999.0
0
5629.0
2613.5
0
2454.5
1474.5
5452.0
68.0
2396.0
3890.5
2710.5
671.0
953.5
1789.5
2119.5
4998.5
1408.5
0
2984.0
365.5
126.5
68.0
4716.5
7180.5
2592.5
6150.5
344.0
482.0
1649.0
1273.0
1949.5
2425.5
2262.0
2484.0
4547.0
2718.5
4179.5
0
4387.5
1116.0
3439.5
0
8181.5
471.0
2893.5
2206.0
3338.5
1044.0
3009.5
1817.5
1475.5
2876.0
190.5
1019.5
0
1735.0
2019.5
2563.5
1157.5
3240.0
1672.0
1217.0
138.0
2797.0
194.5
2128.0
68.0
2397.5
4099.5
0
497.0
581.0
1316.0
0
1985.0
0
3919.5
0
230.5
1003.0
2940.5
5619.5
3218.0
0
2965.5
3075.5
4200.0
1655.5
2725.0
0
5157.5
3775.5
6185.0
2144.0
3691.5
2549.0
3550.5
1195.0
438.5
2666.5
3330.0
2860.0
0
2866.0
2310.5
1803.0
0
2118.5
5360.0
2253.5
2519.0
4155.5
3233.5
1201.0
4280.5
2159.5
2029.0
0
3255.5
2418.0
285.5
1355.0
7431.0
809.0
2183.0
2613.0
5978.5
2853.5
4397.5
829.5
3105.0
2081.0
3429.0
1410.5
1253.0
4401.0
8274.0
5488.0
0
824.0
4505.5
3004.5
1640.0
4679.0
0
3313.0
3650.5
3284.5
0
365.5
575.0
7067.5
1719.5
3981.0
3109.0
671.0
0
4048.5
2247.0
1260.0
6317.0
5264.5
3338.5
3599.0
2631.5
0
8355.0
3378.5
4845.0
0
4321.0
3040.5
2471.5
2172.5
0
3008.5
860.0
0
0
68.0
3802.5
846.5
1123.0
2654.5
2385.0
2201.5
4173.0
997.5
4107.5
4050.5
3182.5
3658.0
1331.5
0
365.5
1845.5
2621.5
1776.5
777.5
1536.0
0
3061.0
3915.5
1290.5
2051.5
3559.5
839.5
0
2719.0
1447.5
0
3545.0
5210.5
1586.5
3841.5
2149.5
68.0
5653.0
2855.0
3773.0
3203.0
0
3810.0
0
0
528.0
7806.0
2970.5
1414.0
0
3973.0
302.0
4321.0
0
631.0
3478.0
2192.5
3372.0
3031.0
2410.5
1393.0
4992.0
2249.5
3957.5
3455.0
5489.5
2692.5
508.5
5211.0
5053.5
2775.5
2669.5
2863.5
7352.0
3148.0
1094.5
1219.0
2010.5
0
4251.0
4284.5
2380.0
424.0
0
3193.0
4821.0
0
3645.0
2301.0
671.0

969.5
179.0
68.0
1519.5
6119.0
3305.0
1509.0
671.0
0
1821.5
2768.5
3104.5
2436.5
2004.0
3217.5
2242.5
1497.5
2906.0
3295.5
6537.0
1087.5
5547.5
1716.5
344.0
5214.0
3232.0
1550.5
5008.5
0
2378.0
1707.5
3254.0
3393.5
5283.5
5907.0
3961.0
2480.5
3196.5
3684.0
1289.0
2746.0
2681.5
3738.0
5576.0
68.0
3796.0
3588.5
5722.0
723.5
1305.0
0
2707.5
3282.0
771.0
3561.5
628.0
3573.0
2779.0
3727.0
964.5
257.0
1167.5
2077.5
3249.5
5220.0
697.5
815.5
3419.0
126.5
0
2842.0
2838.0
2623.0
3729.5
1570.5
637.5
7843.5
2969.5
126.5
1650.5
0
0
1732.0
1526.5
471.0
0
3175.0
0
1193.0
2812.5
3055.0
0
2533.5
3768.5
5794.0
3115.5
726.0
2490.0
0
3104.5
3318.5
2125.5
68.0
5349.5
3435.5
3089.0
2835.0
826.0
2559.0
3278.0
68.0
1108.5
3382.5
1691.5
2067.0
2451.5
2203.0
5709.5
0
2069.5
1024.5
474.5
7100.5
359.0
4635.5
0
1883.0
596.5
316.0
3618.0
1950.0
1713.5
652.0
6516.5
1717.5
1193.0
3199.0
489.5
1407.5
1244.0
2656.5
2529.0
2480.5
3989.0
68.0
2900.0
68.0
4524.5
2634.5
2943.0
0
3505.0
727.5
0
1042.0
0
1456.0
0
2616.5
0
2604.5
2845.0
2932.0
1109.5
4299.0
1917.5
3662.0
534.5
1251.5
3060.0
2249.0
2779.5
126.5
913.0
2325.0
7119.5
663.0
0
0
68.0
1495.5
68.0
2807.0
2178.5
0
516.5
0
2561.0
128.0
2727.0
1779.0
698.5
4794.5
2630.0
1357.0
1436.5
1439.0
758.0
0
0
126.5
2634.5
136.0
1123.0
1149.0
126.5

2962.0
4650.0
126.5
1690.5
126.5
0
1037.5
2596.0
136.0
511.0
4326.5
2300.0
4752.0
126.5
7474.0
0
1812.5
477.5
1270.0
867.5
2263.0
0
0
4823.0
1749.0
3303.5
459.5
3190.0
1702.0
0
4472.0
0
4.5
1760.0
2625.0
68.0
4093.0
411.5
821.0
2027.0
1773.0
3039.5
0
1752.5
3284.0
2254.0
0
1268.5
5153.5
3804.0
2705.0
4177.5
0
2220.0
1849.0
5583.5
0
6661.0
126.5
3294.0
1907.0
3396.0
431.0
2640.0
2987.5
1472.5
1607.0
1251.5
2703.5
0
5851.0
636.5
5690.0
0
1928.5
0
5743.5
0
5844.5
2397.5
0
0
581.0
0
1556.5
1137.0
523.5
2362.0
4024.0
2305.0
3769.5
3058.0
2024.5
0
5649.0
1950.5
1658.5
1109.5
2320.5
3347.5
4164.0
302.0
0
3393.5
4227.5
2721.0
2776.5
1420.5
829.5
1387.5
68.0
289.0
1453.5
0
1653.0
327.0
2540.0
757.0
1396.0
3891.0
0
1999.0
0
0
1957.5
2627.5
4904.5
1261.5
1623.0
6161.5
126.5
0
4723.5
0
0
1688.5
1888.0
1436.0
3659.5
0
2483.0
68.0
637.0
2891.5
2587.5
5921.5
5700.0
4359.5
3271.5
1752.5
463.0
1479.0
0
2058.0
3624.0
0
1947.5
5532.5
1997.5
1422.0
1914.5
0
1072.0
1083.0
2885.0
2832.5
183.5
607.5
407.0
2664.5
1504.5
722.0
0
2150.5
3511.5
5180.0
2013.5
0
478.5
2093.5
0
0
598.0
4146.0
4247.5
686.5
126.5
3250.5
5419.5
68.0
68.0
138.0
2244.5
0
471.0
757.0
2405.5
68.0
68.0
2983.0
3956.5
1191.5
2595.0
2383.5
0
2062.0
2755.0
1527.0
4212.0
2012.5
0
0
1690.5
68.0
2563.0
0
2680.5
4765.0
0
2742.0
0
830.5
68.0
734.5
3430.5
0
285.5
4182.5
419.5
2466.5
3307.5
1842.0
1273.5
1734.5
0
2265.0
1124.0
835.0
0
5628.5
419.5
2070.5
3805.5
1971.0
0
1867.0
2677.0
659.0
424.0
0
491.0
2060.0
0
3037.5
4552.5
2880.5
0
3884.5
0
3293.5
68.0
2536.5
4459.5
5723.5
0
0
1701.0
0
0
3341.5
3393.0
2068.0
0
0
138.0
1877.0
4034.5
3457.0
3282.0
3944.5
3034.5
0
2923.0
401.0
7096.5
0
3993.5
0
2338.0
0
3669.5
8676.0
1644.0
2426.0
5602.5
3016.0
3282.0
2000.5
68.0
0
2963.5
2518.0
1264.0
489.5
3138.0
2354.0
2031.5
2668.0
965.0
2617.0
2688.0
0
6801.5
0
2742.5
2018.5
3328.5
0
0
0
0
2747.0
1628.5
1696.0
2232.0
0
2189.0
0
3947.0
2978.5
1219.0
671.0
348.5
4784.5
2305.0
4275.0
2469.0
0
0
2367.0
4048.5
3265.5
2475.5
4912.5
0
5603.0
0
932.5
2656.0
2786.0
344.0
198.0
0
5685.0
8033.0
3238.5
3560.0
1120.0
3850.0
413.0
2935.5
0
0
2576.5
1936.0
1390.0
4183.5
359.0
850.0
2234.5
1046.5
138.0
0
0
1049.5
3677.5
1249.0
138.0
0
2907.0
126.5
2009.5
3291.5
0
4708.5
0
794.5
1931.0
0
0
5536.0
2698.5
3385.0
2803.5
68.0
0
3978.5
0
68.0
0
2708.5
0
2489.0
508.5
2754.0
478.0
2630.5
2662.5
1460.0
0
3784.5
2952.5
3773.0
1470.5
2261.5
0
0
4824.5
0
0
3423.0
0
8168.0
516.5
2780.5
194.5
717.0
5851.5
302.0
1108.5
4154.0
4257.5
6152.5
4903.5
2458.0
1175.5
1286.0
471.0
1510.5
3150.0
4278.5
1056.5
1972.5
0
765.5
0
0
1643.0
365.5
1319.0
3008.5
1174.0
1049.5
753.5
3594.5
2003.5
2307.0
2479.0
3243.0
3340.0
0
7227.0
1442.0
2127.5
0
0
0
3122.0
2385.5
1408.0
424.0
0
5603.5
0
5541.0
3145.0
1387.0
1404.0
1196.5
3677.0
2323.5
0
0
2489.0
1520.0
0
126.5
3435.0
1385.0
0
2290.5
3664.5
3626.5
1528.0
0
1082.0
0
1282.0
68.0
3704.0
0
6734.5
0
2314.5
0
1704.0
2385.0
5324.5
2348.0
758.5
0
5176.0
6499.0
1768.0
3011.0
0
3920.5
0
3245.5
2476.5
0
0
515.5
822.5
0
0
8343.5
1161.0
5502.0
4822.5
2056.5
0
743.5
6001.5
68.0
4332.5
2967.5
4934.5
4564.5
0
2004.0
0
5924.5
3034.5
0
2446.0
2909.0
2290.5
2615.5
2293.0
3002.5
7056.0
6286.5
5567.0
5189.0
2106.5
1568.5
5449.0
3148.5
2543.0
0
2091.0
1693.0
4643.0
2567.0
1160.5
4575.0
0
1094.5
905.0
4995.5
1904.5
5810.5
6801.5
591.5
3679.5
558.5
2835.0
1330.5
2413.0
0
3827.0
4622.5
2339.0
0
4870.0
2134.5
7778.0
2232.5
3793.5
6251.5
7202.0
1279.0
1682.5
1651.0
2891.5
4827.0
4747.5
4751.0
0
3768.5
0
3039.0
3105.0
0
0
1641.0
5781.5
0
0
1392.5
0
2779.0
3276.0
2783.5
2636.5
0
3657.5
4825.5
2892.5
1635.0
653.0
790.0
3401.5
885.0
2790.5
0
582.0
1961.0
3171.5
0
7505.0
0
497.0
4576.5
3720.5
4005.0
2368.0
4203.0
353.0
6407.5
1531.0
0
6267.0
9441.0
5955.0
2311.0
6109.0
1406.5
68.0
1961.0
5026.5
5100.0
3886.0
3411.5
0
1448.5
1798.0
68.0
1647.0
5685.5
120.5
4997.0
2103.5
564.5
4831.5
1694.0
3334.5
2507.5
0
3954.0
1991.5
8746.0
5835.0
138.0
3104.0
2414.0
2638.0
1707.5
4996.5
7402.5
1397.5
4534.0
0
0
478.0
4627.5
0
5999.0
1499.0
1186.5
2942.5
3722.0
1483.5
7331.0
1026.5
3402.5
2771.5
884.5
2680.5
4363.5
1335.5
862.0
3705.5
0
4099.0
1925.0
2762.0
0
0
4044.5
0
689.0
2703.5
0
2187.0
811.0
2479.0
0
0
2539.5
5687.5
6460.0
3799.5
438.5
0
3583.0
5476.5
0
0
2799.0
0
0
0
2138.5
2717.0
6926.5
2451.0
1041.5
68.0
0
3477.0
1417.0
5320.5
5274.5
0
0
0
0
5032.0
1976.5
0
3223.5
172.0
3372.5
0
0
0
0
1897.5
3774.5
0
4319.5
0
5965.0
1459.5
2714.5
3126.5
7111.0
2547.5
943.5
0
3342.5
4583.5
793.0
4810.0
5152.5
5783.5
1894.0
2615.0
6294.5
3422.5
3979.0
0
458.0
3746.5
653.5
0
4874.0
6534.5
6869.0
0
6435.0
1033.5
1160.0
7457.5
0
1826.5
1809.5
0
6411.0
1630.5
2123.5
4302.5
0
814.0
6593.5
838.0
2940.0
4813.0
5914.0
4659.0
6753.5
4022.5
2393.5
2230.0
3294.0
0
0
316.0
6359.5
6104.5
1869.0
7313.5
3880.0
5161.5
1701.5
2594.5
2964.5
1608.5
626.5
5058.0
0
2884.0
3176.0
126.5
1713.0
3488.5
0
0
3940.5
3463.0
0
0
1458.0
4594.5
0
0
1412.0
0
5890.5
6774.5
5262.5
2686.0
5784.0
5890.0
0
5695.0
5923.0
4542.0
0
1584.5
0
5447.0
0
7441.0
4376.5
3905.5
0
4835.5
7763.5
6489.5
459.5
1719.5
0
1741.5
707.0
3278.0
0
0
2885.5
0
3291.0
0
753.5
0
2200.0
0
2072.0
5203.0
1524.0
3936.5
2123.0
0
5728.0
1401.0
6866.5
0
0
3117.5
4382.0
0
4503.0
4356.5
0
3515.0
5968.0
7201.5
3273.5
4466.5
3182.0
0
2884.5
6255.0
2620.5
5122.0
0
6050.5
4511.5
6682.5
2274.0
68.0
459.5
2066.0
0
3665.5
0
5939.0
2855.5
3585.0
2998.0
3389.0
5402.0
4926.5
4665.5
1505.5
1035.0
0
6162.5
5642.0
0
0
68.0
7865.0
5997.0
0
0
346.0
5263.5
1716.5
6275.0
3378.0
656.5
5049.5
0
5250.0
5767.5
6419.0
295.5
1142.0
1334.5
2808.5
0
3954.5
2254.5
827.5
4732.5
2524.0
3575.5
4775.5
2665.5
0
0
0
756.5
0
3929.0
3072.5
6039.0
6438.5
646.0
4310.0
3576.5
4990.0
4058.5
2064.5
0
3495.0
2221.5
126.5
3069.5
5157.5
0
4394.5
4759.5
7490.0
3192.5
0
0
3186.0
0
4922.0
6866.0
2375.5
4180.0
0
418.5
2725.0
745.5
126.5
0
3419.5
300.5
6565.0
3497.5
5714.0
5890.5
6373.0
2719.0
0
0
0
0
2368.5
0
4105.5
2508.0
0
0
1651.0
0
5506.5
138.0
4350.0
68.0
6779.0
6750.0
1232.0
0
2754.0
3379.5
5151.5
1281.5
508.5
458.0
2297.0
5954.0
6480.0
2068.0
2721.5
3299.0
4201.0
3310.0
0
3480.0
0
6792.5
489.5
2123.5
3884.0
646.0
2462.5
5194.5
3835.5
1160.0
0
2948.0
1901.5
2051.5
6023.0
8131.5
0
242.0
68.0
0
2334.0
1946.5
0
2973.5
3749.5
1253.0
6268.5
1163.5
0
2264.5
0
5516.5
4795.0
1458.0
0
0
4396.5
0
302.5
3341.0
0
419.5
3763.0
365.5
941.0
653.5
0
3171.0
5273.5
0
0
1550.5
4345.5
5913.0
126.5
6247.0
0
2451.0
3562.5
2028.5
3207.5
801.5
1887.0
1238.5
2171.0
3083.5
2950.5
1903.5
4492.0
6039.0
0
0
931.0
7043.0
2056.5
3146.0
6354.0
2360.5
2062.0
0
914.0
6725.5
3870.0
0
0
0
6049.0
7184.5
3989.5
5710.0
5190.5
3340.0
4067.5
0
0
0
5921.0
0
2573.0
4336.5
3287.5
4442.0
717.0
771.5
541.0
0
0
0
3427.0
4710.5
1344.5
5588.5
3627.5
5045.5
68.0
0
5790.0
4377.0
190.5
2362.0
1710.5
6826.5
2279.0
0
1174.0
0
0
3020.0
3774.5
3640.5
3951.5
0
0
2604.5
3817.5
3934.0
4993.5
0
2752.5
0
6614.5
0
6205.0
3445.0
4174.0
1688.5
1648.0
1256.5
2476.0
4644.0
588.5
0
3266.5
4181.5
5550.0
0
126.5
1666.5
7336.5
4652.5
1453.5
3282.0
0
771.5
583.0
0
581.0
68.0
6826.0
5272.5
3222.5
1767.0
3828.5
1789.5
0
1245.0
0
4709.5
1705.5
4332.0
1383.5
0
0
4588.5
1138.5
365.5
1523.5
3905.0
4067.5
1171.5
2573.0
2300.0
5306.5
2076.0
1963.0
0
4.0
2893.5
2232.0
0
4264.5
1266.0
5962.5
4022.0
4815.5
0
0
3173.5
8747.0
4406.5
242.0
5626.5
4385.5
0
3019.0
770.5
4658.0
3419.0
641.5
7299.5
1471.0
868.0
5502.0
5872.0
933.5
2511.0
5329.0
4451.5
0
1055.5
5723.5
441.5
3166.0
1835.0
2487.0
0
3345.0
4408.5
1887.5
3333.5
4510.5
1657.5
6643.0
2023.5
2871.5
0
3126.5
2526.0
2868.5
0
9091.0
0
2632.0
1931.0
0
2665.5
2935.5
595.0
5545.0
3146.0
5501.5
242.0
1220.0
2150.5
6020.5
2296.5
3712.0
2648.0
5682.5
3343.0
2708.0
1994.0
3515.5
0
1594.5
2980.0
233.0
0
3155.0
1875.0
2445.5
6310.0
4526.5
3627.5
3585.0
3050.5
6439.5
4244.5
2168.5
3893.5
9579.0
4316.0
4327.5
2622.5
2718.5
2193.5
4133.0
2704.0
2068.5
3935.5
992.0
985.0
2903.0
1203.0
0
2516.5
0
194.5
2349.5
603.5
2358.5
1252.0
600.5
2106.0
3266.5
2569.0
676.5
1336.0
126.5
1245.5
3450.0
2150.5
1585.0
1512.5
6066.5
289.0
1000.5
4671.5
0
4181.0
1735.5
497.0
3499.0
3676.0
3297.5
1019.5
2076.5
3646.0
138.0
2333.5
0
1876.0
418.5
3277.5
2350.5
1453.0
2190.5
2784.0
2188.0
4642.5
3711.0
1522.5
2243.0
3451.0
0
5640.5
300.5
1191.5
944.0
1297.0
3078.5
0
2542.0
3254.5
3727.0
2224.0
138.0
583.0
4567.0
2943.5
1980.0
888.5
4528.0
1902.5
1463.0
3474.0
6798.0
3459.5
4242.5
944.5
1437.0
3419.5
4764.0
2161.0
5231.0
5781.5
6071.5
4748.0
1960.5
1648.5
2111.0
1446.5
2625.0
3106.5
652.0
2355.5
2395.5
6666.5
4852.5
2416.0
0
0
3816.0
583.0
8177.5
2374.0
4196.5
5965.5
68.0
6564.5
0
0
0
5695.0
3039.0
3537.5
2649.5
3806.5
0
3937.0
1604.0
546.0
4647.5
989.0
2106.0
979.0
3234.5
598.0
5710.0
5732.0
7373.5
1716.5
5813.5
6014.0
7437.0
6803.5
932.5
2688.0
4947.0
5382.0
1867.0
1914.0
1739.5
344.0
0
2740.5
4324.0
2747.5
0
0
2057.0
5632.0
5459.0
1072.0
1687.5
2487.5
4013.5
771.0
4850.5
2614.5
667.5
1087.5
126.5
3967.5
3209.5
3054.0
2066.0
0
2059.0
0
2880.0
3538.5
4062.0
3793.5
3535.5
7219.0
2575.0
2667.5
2500.5
4970.0
194.5
7355.5
1895.0
2664.5
2115.0
4243.0
1883.5
1587.5
3914.5
1080.5
0
7304.5
1863.0
3122.0
2114.0
2513.0
1977.5
2170.5
4849.0
3783.0
6467.0
3781.0
1310.0
2660.0
1891.0
0
7281.0
4587.5
4137.0
3401.0
6708.5
3293.5
4248.0
0
4561.0
961.0
3498.5
1921.0
1993.5
3731.0
6559.0
3428.0
126.5
2486.0
3502.0
7584.0
0
68.0
4262.5
401.0
894.0
5888.5
3003.5
4003.0
4157.0
967.5
7835.0
1628.0
6580.5
6235.5
652.0
3788.0
4224.0
3138.5
6369.0
2406.0
438.5
3044.0
68.0
2713.0
3685.0
0
5948.5
6041.0
3693.5
1203.0
5072.0
1458.0
6109.0
3971.0
2436.0
832.5
2793.5
6114.5
3449.5
1638.0
3900.5
0
4045.5
752.5
7745.0
5124.5
1068.5
6535.5
3092.0
8075.0
3260.5
6185.0
9521.0
905.0
3765.0
4539.0
2040.0
5452.0
5168.5
0
1713.0
3908.5
3773.0
359.0
688.0
5762.5
0
3200.5
1962.5
3086.0
3505.5
6008.0
1096.5
2085.0
6438.0
2289.5
2742.5
3344.0
1835.5
6076.5
5296.5
3195.0
3825.0
2988.0
6269.0
4007.0
1432.5
2751.0
5618.0
594.5
4470.0
1212.0
5639.5
8017.5
4782.5
829.5

2272.5
7041.5
4222.5
6764.5
3776.5
6454.5
806.0
0
2618.5
7880.5
4393.5
3998.0
6949.0
3722.5
2163.5
2996.0
0
3120.0
5099.5
3689.0
4706.0
9151.0
68.0
3103.5
7683.5
7359.5
2892.5
1883.0
4090.0
465.0
4566.0
0
2862.5
6363.5
68.0
257.0
7738.0
2304.0
4120.0
2962.5
7479.0
1652.0
2442.0
68.0
68.0
1408.0
6605.0
2064.5
5970.0
4033.0
1660.0
5347.5
3344.0
4179.5
5201.0
3275.5
3414.5
2197.0
4793.5
3639.5
5792.5
2174.5
2344.0
2782.0
1778.5
8931.5
4031.5
475.0
4319.0
2211.5
3841.0
3057.5
7612.0
1472.5
750.0
2010.5
2548.0
6130.5
8670.5
6268.0
8244.5
6368.0
7063.0
2660.0
4550.0
5990.5
68.0
3294.0
2304.0
5628.5
4571.0
3213.5
3571.5
478.0
1317.0
5629.0
6619.5
1057.5
2587.5
1572.5
2505.0
6316.5
4531.0
2204.0
963.5
2563.5
5304.5
7129.0
4591.5
68.0
3360.5
8155.5
3690.0
6575.5
4451.5
3356.0
757.0
4678.0
2499.0
300.5
2862.0
7489.0
3457.5
3423.0
2672.0
6087.0
3400.5
6275.0
1814.5
6861.0
6195.5
0
3714.0
5307.0
0
1966.5
5151.5
3449.5
2371.0
855.5
0
0
5048.5
3110.5
1352.0
964.0
5018.5
1351.0
3571.0
1727.0
2862.5
6173.0
1404.0
2214.5
0
4186.0
1395.0
4646.0
5718.5
3269.0
4431.5
5324.5
1295.0
6690.0
0
6809.5
3713.0
0
5684.5
4316.0
5468.5
0
2651.5
7360.5
2655.5
3957.0
2674.0
1161.0
0
6512.0
2134.0
4234.5
3680.5
3811.0
3613.0
1162.5
5244.5
2568.0
3216.0
2580.0
1784.5
6219.0
5175.0
4660.5
2688.0
4174.0
2195.5
528.0
1838.0
2386.5
2559.5
4983.5
5068.5
3749.0
3255.0
7125.0
7050.0
1842.5
7549.0
0
1517.5
3372.5
5758.5
2957.0
2532.0
3538.5
2341.5
0
1240.0
459.5
68.0
6188.0
6000.5
8904.5
5885.0
1272.0
0
4503.5
5717.5
3321.5
2677.5
115.5
5503.5
0
4816.0
6900.0
0
5793.0
3423.0
5921.5
5020.0
6750.0
1701.0
2950.0
68.0
4139.0
5746.5
0
2229.5
2026.0
68.0
0
3673.0
4516.0
5412.0
3836.5
383.0
2776.0
0
0
2724.5
804.5
2165.5
4363.5
3483.5
4216.5
2679.0
2768.5
2472.0
4944.0
0
5927.0
5886.5
3146.5
1853.5
5687.0
5793.0
4482.0
7916.5
3075.5
3676.5
471.0
9392.0
4000.5
6097.5
2442.0
6307.5
2695.0
4292.0
5525.0
5907.0
3486.0
68.0
0
3271.5
2658.0
3376.0
3117.0
2924.0
0
1949.0
1381.0
2940.0
6554.5
3463.5
1687.0
7547.5
2596.5
1817.0
1037.0
3644.0
2408.0
3198.0
2902.0
243.5
10082.5
0
1902.0
3256.0
2404.5
1936.0
0
5821.5
2533.0
7018.0
3372.5
6617.5
1480.5
3029.0
68.0
6602.0
3773.0
0
2289.5
1163.5
3123.0
1419.5
719.0
8662.0
7961.0
4641.0
68.0
2393.0
3512.5
2348.5
6607.0
4473.0
3439.0
2608.5
68.0
1132.0
2096.0
348.5
2270.5
4106.0
2069.0
1775.0
2196.0
4119.5
1536.0
1562.0
5815.0
2343.0
0
2066.0
2300.0
3407.5
2657.0
1008.0
3655.0
1721.0
700.0
3370.5
2715.0
1506.5
4022.0
2621.5
1820.5
2235.0
68.0
2420.5
1958.5
1971.5
3753.0
604.0
2573.0
905.0

138.0
438.5
0
2225.5
68.0
183.5
3076.5
2483.5
600.5
1984.5
0
68.0
4657.5
3022.5
757.0
1507.0
3385.0
2821.0
2105.5
2493.5
679.0
2380.5
2332.0
2220.0
4124.5
5826.0
2142.0
2812.5
2147.0
1807.0
7742.0
7400.0
4087.0
599.5
1174.0
68.0
962.5
3633.0
2431.0
821.5
4136.0
0
822.0
2954.5
406.0
3165.0
68.0
1534.5
2062.0
138.0
6974.5
0
68.0
4804.5
1155.5
3443.0
3501.5
3197.5
2348.5
1893.5
3537.0
126.5
1146.0
6035.5
1062.0
3349.5
2326.5
7950.0
3220.5
4505.0
1340.5
2362.0
0
1385.0
2922.5
138.0
2963.0
3020.0
2348.0
0
3801.0
419.5
4134.5
1797.0
3510.5
1755.0
3404.0
1726.0
2483.0
68.0
588.0
5248.0
1169.5
6246.5
2493.0
0
0
0
5825.5
6088.5
3903.0
1687.0
1424.5
2635.0
3283.5
4603.5
2100.0
3022.5
7040.0
2226.0
3389.0
6109.5
6449.0
7676.5
3832.0
2761.5
6206.5
2890.0
5481.0
5336.5
5515.0
1726.5
3666.0
5550.5
7376.0
300.5
4391.0
806.0
608.5
2847.5
0
0
243.5
2362.5
2117.0
5894.0
0
0
6503.5
0
3386.0
4151.5
413.0
2422.0
1871.0
1864.0
1438.0
1042.5
1795.5
1690.5
3707.0
2589.0
5178.5
5723.0
4931.5
4346.0
6051.0
2441.5
2728.5
5669.0
0
1904.0
2651.0
1489.5
2377.0
68.0
4201.0
2830.5
3642.0
3132.0
3726.5
1462.0
6091.0
3751.0
984.5
3425.5
4135.0
1831.5
6251.0
6234.0
3378.0
3909.5
5540.0
3836.5
0
0
6493.0
5032.0
1634.0
6423.0
757.0
1305.5
0
1.5
0
815.5
5862.0
2849.5
5620.5
3579.5
0
2858.0
6428.0
1791.5
6158.0
6796.0
3463.0
5978.0
3209.5
4517.0
4936.5
4704.5
5647.0
5491.0
1357.5
2663.5
3815.0
2715.0
442.5
5280.5
2808.0
5160.0
1150.5
4097.5
6840.5
5059.0
6945.0
0
1380.5
0
4162.0
2987.0
4473.0
6166.0
4645.5
4152.0
823.5
5610.5
2492.5
1685.0
1493.5
3627.5
2720.0
5343.0
5225.5
3309.5
4466.5
6906.0
3780.0
1346.5
3525.5
3511.5
3078.0
2689.0
4332.5
6188.0
5776.0
2269.0
889.5
5674.0
2799.0
5756.0
6035.5
2215.0
2860.5
4122.5
4182.0
418.5
3362.5
5900.0
5686.5
2048.5
0
8123.0
2704.0
652.0
2919.5
3901.5
2917.0
2709.0
5267.5
3398.0
1494.5
5596.5
2600.5
5954.0
0
1075.0
4330.0
5208.5
5118.5
5212.0
3089.0
68.0
4267.5
3230.0
0
5327.5
6099.5
3341.5
6873.0
126.5
6356.5
3675.5
4920.0
6059.5
433.5
4179.5
2452.5
1440.5
754.0
2353.0
6934.5
3818.5
911.0
1923.0
736.0
1545.0
2468.5
1990.0
0
5897.5
2949.0
2405.0
917.0
1085.5
4592.0
6455.0
0
2544.5
2626.0
68.0
2681.0
0
5237.0
5653.5
3448.5
2701.0
3764.0
1759.0
3610.0
2936.0
6392.5
2481.0
6774.0
2906.5
2049.0
5280.0
4125.5
68.0
853.0
2845.5
2689.5
1056.0
5288.5
4226.0
5605.0
2664.5
752.5
3790.5
2118.0
2886.0
5841.0
5744.0
2841.5
5343.5
5278.5
4137.0
478.5
5762.5
4979.5
4227.0
1298.0
5362.5
1034.5
3146.5
2808.5
4871.0
3046.5
4889.5
5808.5
68.0
4063.0
6643.5
4384.0
0
6327.0
3388.5
4121.0
3772.0
1036.5
1127.5
126.5
4467.0
438.5
1740.0
1728.5
6480.5
0
1868.0
5028.0
849.5
3372.5
1890.0
5040.5
5680.0
6154.0
3809.5
5731.5
4912.5
4873.0
2476.0
4259.5
6785.0
6432.0
0
2245.0
2377.5
3025.5
0
6114.5
7161.0
3443.0
2595.5
2435.0
2003.5
0
4832.5
1588.5
2072.5
3700.5
6497.5
3116.0
3662.5
7772.5
2332.0
1646.5
3477.5
3705.0
0
5404.5
6075.0
5255.5
1038.0
2793.0
771.0
418.5
1742.5
1569.0
0
5609.5
3490.0
2086.5
6377.5
1220.5
3505.5
1498.5
126.5
418.5
2595.5
6656.5
3201.0
4537.0
2933.5
1477.5
3269.0
5734.0
7565.0
2285.0
6667.5
1069.0
2412.0
4939.5
0
2814.0
243.5
2281.0
0
5641.0
424.0
5800.5
2989.0
652.0
115.5
0
6626.0
1587.5
925.0
4235.0
1414.5
0
3219.5
0
1815.5
1515.5
5763.5
1192.5
0
1408.5
3529.0
0
892.5
1610.5
5435.5
4408.5
2462.5
5100.0
68.0
5016.0
3185.5
1785.5
4268.0
126.5
7749.0
7757.5
2550.0
3387.0
9103.5
2715.0
3922.5
4200.0
0
0
2658.0
8738.5
0
365.5
3790.5
5288.5
2785.0
0
300.5
3355.5
1469.0
173.0
6336.5
1236.0
0
5159.0
5123.0
5957.5
1382.0
2855.0
3898.0
0
6903.0
1773.0
5198.0
2804.5
3474.5
2902.0
6533.5
3614.0
3776.5
0
8923.0
2270.0
0
0
0
3063.5
5845.0
1464.5
5077.0
6303.5
2042.0
3216.5
3496.5
7054.5
5742.0
6583.0
1070.5
1793.0
327.0
7952.5
4981.5
3369.0
3642.5
10538.5
10481.0
0
5999.0
3169.5
2494.0
5413.0
5763.0
2747.5
68.0
68.0
4044.0
2034.5
4619.5
2954.5
1921.0
1312.0
6535.5
1943.0
6691.5
4999.0
4663.5
624.5
868.0
3817.5
6356.0
4652.0
1887.5
3946.0
5775.0
2463.0
3884.5
7882.5
6158.0
2669.5
1701.0
1685.0
2765.5
6154.0
5349.0
1970.0
1060.5
3506.0
4276.5
3034.5
4229.0
1518.0
6251.5
3441.0
1147.0
0
2542.5
6943.0
478.0
3515.0
4179.0
4938.0
2167.5
68.0
5746.0
6542.0
787.0
2788.0
1555.0
6398.0
5284.5
2763.0
2847.5
1165.5
6170.0
4148.0
3536.0
936.5
1160.5
2923.5
3259.5
5727.0
4608.5
0
573.0
4494.5
672.5
3799.5
3676.0
1903.5
2486.0
68.0
2782.0
6272.0
2070.5
3780.5
5201.0
794.5
1826.0
752.5
4500.5
115.5
5563.0
6275.5
0
3080.5
1618.0
3340.5
2554.5
2150.0
3038.0
3346.5
1790.5
3972.5
614.0
3975.5
5257.5
6193.5
1696.5
5338.0
3469.5
5248.5
6234.0
4478.0
3871.0
68.0
68.0
1032.0
3784.0
1782.5
126.5
1075.5
0
2426.0
2496.5
4212.5
1795.5
884.5
6725.0
3655.5
5072.5
2253.0
0
8580.0
1690.5
8014.5
5687.5
0
1938.5
126.5
68.0
6321.0
1092.0
0
1298.5
1564.0
0
1017.5
3609.0
2968.0
0
5823.0
5823.5
7090.5
3203.0
3148.0
3823.5
0
3814.0
2534.5
1461.0
4224.5
0
4639.5
2683.0
2153.5
3919.5
3065.0
6308.5
2835.5
3918.0
2247.5
0
0
3756.0
4453.0
3354.0
2217.0
5752.5
2364.5
0
6216.0
359.0
4474.5
3470.0
407.0
5136.0
0
0
5404.5
1303.0
5847.0
5647.0
1050.0
1950.5
5276.0
3729.5
0
5850.0
771.0
5321.5
3452.0
1532.0
5689.0
6537.5
5957.5
0
1437.5
771.0
1396.0
2891.5
2361.0
1480.5
6308.5
1753.0
0
2433.5
1086.0
952.5
803.5
2931.5
126.5
2293.5
6578.5
4198.0
736.0
633.5

1445.5
5621.0
4779.0
5212.0
2665.0
3512.5
3738.5
3612.5
6015.5
3749.0
787.0
1325.5
5925.5
4184.5
0
4069.0
1181.5
6220.5
1712.5
6611.0
194.5
2751.5
1531.5
68.0
6263.5
4302.0
0
4556.0
1343.5
5637.5
3643.5
435.5
1349.5
0
6073.0
0
6592.5
5618.5
718.5
771.0
3516.0
4712.5
300.5
7370.5
2617.0
2046.0
126.5
3436.0
3408.0
1387.5
6345.0
4380.5
4423.0
6801.0
497.0
6612.0
2335.5
1419.0
7291.5
2206.0
747.5
2877.0
1330.0
2465.0
1123.0
2477.5
5726.5
68.0
4699.5
3634.5
1785.0
1335.5
1553.5
4842.0
683.5
2795.0
3590.5
6205.0
1770.0
2638.0
2628.0
4136.0
1841.5
2866.5
6075.5
6243.0
4081.0
5601.0
3468.5
5553.5
583.0
68.0
5657.5
1624.5
5124.0
68.0
4005.0
2673.5
698.5
348.5
2983.0
3727.5
2280.5
3508.5
4870.0
4688.0
3946.5
3167.0
2779.0
2264.5
1868.5
4261.5
5671.0
3901.0
3932.0
2701.0
3677.5
1752.5
1419.0
4462.0
965.0
3725.0
4215.0
2052.5
3046.5
2079.5
6551.0
2006.5
2891.0
2848.5
2311.0
68.0
2779.0
5168.0
7446.5
4457.0
1968.0
6374.5
374.5
3770.0
68.0
3509.0
424.0
126.5
472.0
4520.5
1415.0
5743.5
538.0
4391.5
190.5
1759.0
68.0
5798.5
4369.5
2352.0
3525.0
4663.0
68.0
1665.5
3725.5
6975.5
6575.0
1516.5
5224.5
2009.5
3297.0
1158.0
7054.0
5394.0
1139.5
2902.5
1759.5
5941.0
1638.0
5563.0
2775.0
1917.0
126.5
2755.5
4855.5
1413.5
1340.0
2802.0
6841.5
2061.0
489.5
3377.0
840.0
4524.0
3374.0
0
243.0
6290.5
973.0
6059.5
3411.5
4610.5
4121.0
5374.5
717.0
5195.5
6386.5
3062.0
709.0
6637.0
7335.5
2209.0
1602.0
2757.5
4942.5
5279.5
2030.0
1779.5
4603.5
3691.5
3928.5
3099.0
2987.0
1553.0
5849.5
2054.5
5614.0
618.5
453.5
1315.0
956.5
407.0
407.0
6536.5
2688.0
2502.5
5646.5
3697.0
1019.5
1032.0
1950.0
5285.5
2879.0
68.0
4011.5
4099.0
3020.0
1439.0
2498.0
6396.0
790.0
1986.5
3299.5
787.0
0
2764.0
3819.0
5500.0
4351.5
2477.0
419.5
4761.0
0
3824.5
4206.0
3965.5
4475.5
242.0
5796.0
6572.0
3352.0
6533.5
4946.0
2553.5
2750.5
1154.5
1658.0
898.0
3186.0
4304.0
4731.0
0
3274.5
3710.5
5600.0
5703.5
2124.5
698.5
3902.0
4422.0
3797.0
7139.0
1022.5
3388.0
2877.5
2407.5
716.0
4028.5
1704.0
2411.0
3844.5
827.5
4939.0
2402.5
0
4659.5
2714.5
2786.5
2675.5
68.0
4031.0
126.5
2988.0
3233.5
4094.0
663.0
2160.0
5192.5
1578.5
418.0
1560.5
5283.0
2931.0
5863.5
68.0
4295.0
4120.5
1888.5
5875.5
4124.0
0
2484.5
591.0
3683.0
3274.5
2627.5
419.5
5707.0
0
313.5
949.5
2434.0
1062.0
5967.0
3907.0
835.0
2642.0
3428.0
0
5348.5
5883.5
1237.5
401.0
306.0
2225.5
1634.5
667.5
1757.5
2640.5
1075.0
68.0
6807.5
4143.0
4485.5
3730.0
1201.0
4323.0
4420.5
0
3434.0
2511.5
5019.5
68.0
3557.5
2166.5
2149.5
1255.0
5233.5
3850.0
3317.0
5816.5
1108.0
0
3910.5
984.0
3303.5
2386.5
1671.5
2824.5
3742.5
3035.0
1928.5
1743.0
601.0

2466.5
2076.5
4509.5
126.5
5836.0
3237.5
1156.5
1246.0
1206.0
1344.0
4136.5
3070.0
3616.5
2073.5
2059.0
646.0
2225.0
0
3402.0
1780.0
0
4.0
3772.0
3789.0
138.0
4375.5
2608.5
5754.0
5239.5
5320.0
683.5
2117.5
68.0
2278.0
2061.0
0
1046.5
459.5
8053.0
4857.0
6600.5
2837.0
940.0
2026.0
7830.5
1257.0
2324.5
2798.0
4803.0
3731.5
3569.5
3503.0
1614.0
3468.0
172.0
5802.5
1317.0
1021.0
3400.0
3992.0
4273.5
2012.5
2604.5
2021.0
365.5
2554.5
4227.0
3853.5
2014.0
568.5
5772.5
3532.0
0
6604.0
418.5
0
1749.0
2799.5
3522.5
829.5
2058.0
4252.0
753.5
5636.0
3172.0
1936.5
5978.5
2625.5
7002.5
1742.5
5765.5
5940.0
886.0
3409.0
4867.0
313.5
4371.0
2742.0
2729.5
2911.0
770.0
829.5
2059.5
3501.0
2643.5
1491.5
1861.0
6166.5
1886.5
0
4340.5
2682.0
3370.5
0
700.0
2912.0
4038.5
1899.0
1549.5
1897.0
6064.5
4326.0
1129.0
1068.5
0
2038.0
2360.0
5175.5
2159.0
4455.0
289.0
1456.5
3396.5
6136.5
2872.5
716.0
771.0
1899.5
4644.0
2167.5
3165.5
1646.5
68.0
3261.0
4960.5
1551.5
6962.0
3291.5
0
3973.0
5720.5
1658.5
5163.0
2447.5
370.5
5633.5
1268.0
2540.5
68.0
3876.5
5923.0
3371.5
355.5
5830.5
138.0
359.0
3390.0
771.0
5898.5
4247.5
2806.5
6066.5
3157.5
1457.0
365.5
5602.5
6515.0
0
1438.0
4736.0
3414.5
183.5
5686.0
1720.0
1317.0
2446.0
2011.0
0
1427.5
126.5
5916.5
623.0
2627.0
3497.5
3494.0
4024.5
4238.0
775.5
5140.5
1616.5
3356.5
4280.0
0
0
68.0
2252.5
5459.0
3957.5
3807.0
6294.5
3159.0
6236.0
835.5
3887.0
5060.5
5879.5
4338.5
7217.0
695.5
6132.0
3715.5
6763.0
4831.0
5363.5
4156.5
4519.5
3787.5
0
4365.0
3469.5
1978.5
6111.0
0
2332.0
4377.0
6781.0
2605.5
68.0
2539.5
4499.5
6474.0
4007.5
739.0
6132.5
6554.0
965.0
3621.5
7198.0
635.5
5195.0
5465.0
6289.5
1222.0
2595.5
3579.0
4510.5
4308.0
1932.5
6031.5
1329.0
4519.0
6372.0
4532.0
1059.0
3635.0
1280.5
0
3496.5
4961.5
5096.0
1335.5
1426.5
2874.0
3456.0
4415.5
1646.0
2251.5
4011.5
3477.0
2504.0
717.0
1806.0
4174.5
6796.0
983.5
3823.5
2677.5
2257.5
4479.0
6663.5
1170.5
2999.5
3951.5
4329.0
3352.5
979.0
1818.5
1939.0
0
3125.5
3029.5
5820.0
4861.0
68.0
2702.0
2493.0
1896.0
5738.5
0
2253.0
6008.0
4827.5
0
1165.0
1456.0
4152.5
2055.5
2630.0
424.0
6614.0
4973.5
3735.0
1032.0
1797.0
3323.5
3581.5
0
0
5204.0
3146.5
68.0
5115.5
428.5
4181.0
257.0
3565.5
2469.5
5309.5
2536.5
0
6120.0
0
535.0
2291.0
6144.5
6289.0
2662.5
3802.0
2734.0
1657.5
5924.5
1791.0
5548.0
5324.5
4885.0
5916.5
419.5
2339.5
3714.0
3195.0
5616.5
5089.5
4873.0
0
1714.0
5084.5
5411.0
2315.0
3572.0
6349.5
68.0
1847.0
6492.0
0
2969.0
3144.5
5932.5
4572.0
0
2702.5
3073.0
6124.5
4906.5
5086.5
820.0
2710.5
1394.5
3801.5
4031.0
6647.0
5251.5
989.5
3116.5
6176.5
3067.0
1240.0
3551.0
5271.0
7277.0
2906.0
68.0
1358.0
7354.5
3679.0
4137.0
6128.5
6384.0
3340.0
1763.0
4357.0
1082.0
4065.0
5107.0
355.5
0
6009.5
68.0
6667.5
5053.5
3439.0
4623.5
344.0
3980.0
6414.5
4581.5
3476.0
68.0
3121.0
5790.5
3521.5
2896.5
459.5
2566.5
6513.0
654.0
1881.0
4222.0
629.0
3336.5
1124.5
1649.5
4685.5
3638.5
4406.0
1985.0
523.5
4759.5
4673.0
1005.0
0
2093.5
0
7366.5
5541.5
2302.5
6743.5
6422.5
5626.0
3214.5
2982.0
1825.5
4117.0
344.0
0
1758.5
4509.5
5201.5
1477.0
68.0
3046.5
978.5
4000.0
4759.5
3148.0
3689.0
3942.0
1198.5
4544.0
2903.5
1368.0
4524.0
1514.0
3159.5
365.5
3262.5
5873.0
68.0
68.0
4880.5
419.5
5665.0
4015.5
4327.5
3384.5
2968.5
2469.5
2417.0
3902.5
1331.5
4485.0
5588.0
598.0
4775.5
2280.5
2439.5
68.0
2706.5
1992.0
68.0
3976.0
3557.5
5582.0
2242.0
3763.0
2512.5
6086.0
2996.5
2032.5
3988.0
68.0
6164.5
582.0
2514.5
5348.0
2987.5
5586.0
5656.0
794.5
68.0
1160.5
2092.5
1306.5
5777.0
5739.5
5612.0
1680.0
3786.0
5585.5
1893.0
2566.5
1041.0
1567.0
1886.0
2489.5
3432.0
6281.0
3888.5
5726.0
3457.5
5292.0
3797.5
3719.5
1100.5
2255.5
5285.0
2483.5
4072.5
3012.5
787.0
5605.5
7162.5
848.5
846.0
2824.0
6266.0
242.0
1779.5
0
1127.5
2519.0
1516.5
5221.0
9480.0
1708.0
6203.0
5107.5
4686.0
6327.0
3768.0
1968.5
1417.0
5815.5
4721.0
753.5
5817.5
2178.5
0
2760.5
1269.0
1133.0
2922.5
2043.0
1699.0
965.0
2810.5
5230.0
3066.0
2322.5
2563.0
138.0
2173.0
1456.5
1022.5
2541.0
1496.5
2342.0
2507.5
1967.0
3009.0
1453.5
5951.5
7422.5
3909.5
4267.5
5035.5
2423.5
2159.5
2018.0
4537.0
1847.5
431.5
7054.0
2327.5
2991.5
1627.5
3475.5
5651.0
0
1777.0
68.0
4125.5
3392.0
3829.5
3661.5
2003.5
1404.5
2073.0
1922.5
6790.0
6671.5
1255.0
1198.0
6389.5
2246.0
2167.0
0
6477.0
4931.0
5688.0
2521.0
5119.0
3036.5
1441.0
5227.0
2587.0
1195.0
3583.0
359.0
1199.0
1327.5
3854.0
5707.5
879.0
6150.5
6523.0
2409.0
5924.0
6238.5
4215.5
2577.5
4502.5
5619.0
1902.0
2883.0
2636.0
1474.5
6562.0
1526.5
5065.5
2998.0
1959.5
2418.5
2540.0
4108.0
3552.5
809.5
3030.5
5955.0
4411.5
6158.0
6761.5
5618.5
1936.5
2700.0
138.0
0
4109.5
3504.5
5893.5
3393.5
0
5242.0
1431.0
1963.0
5220.5
5661.5
5214.5
419.5
3872.0
5625.0
2973.0
3408.5
1863.5
2918.0
3119.5
2471.0
1424.5
2602.5
5556.5
802.0
198.0
2532.0
6209.5
5220.0
6078.5
1874.5
1544.5
700.0
3411.5
2135.5
126.5
2528.0
6791.0
2074.5
0
401.0
2360.0
4243.5
4187.0
5266.5
6130.5
1535.5
5984.5
3371.0
6118.5
3487.0
0
2479.0
1797.0
5789.0
3238.0
8897.0
1869.5
5635.0
8158.5
2992.5
822.5
3480.5
419.5
2130.5
3898.5
3294.5
3634.5
1827.5
3543.0
5461.5
5781.0
2901.0
289.0
6318.0
0
2012.5
3565.0
7128.5
126.5
2324.5
1808.5
777.5
758.5
2733.0
968.5
5945.5
478.0
4132.0
2591.0
5978.0
2871.5
3389.0
4838.0
4363.5
2540.0
6233.0
6741.0
4404.0
5771.5
3073.5
3515.5
5740.5
3084.5
2810.5
1316.5
2121.0
302.0
3169.5
5757.5
3578.5
2712.0
2599.0
8413.0
5704.5
5946.5
2538.0
0
1238.0
242.0
2456.0
6642.0
5768.5
2795.0
3319.5
1051.5
5069.0
2329.5
2245.5
2776.5
2504.0
6290.5
4486.0
6304.0
491.0
4097.5
3924.0
3727.0
2797.5
3188.0
3549.0
2269.5
4978.5
3714.0
68.0
1392.0
3985.0
3827.0
3269.5
1522.5
4685.0
4920.0
2455.0
4966.0
6409.5
5573.0
3121.5
3967.5
7375.0
4413.0
4237.5
68.0
6443.0
5400.0
0
2803.0
3161.5
478.0
4314.0
4599.0
5785.0
4570.0
6045.5
4093.5
4257.5
3719.0
5084.5
2495.0
2204.5
3844.0
198.0
4513.0
3632.0
964.0
5810.0
5666.5
848.5
5717.5
6597.0
1269.0
691.0
1420.5
2923.0
1863.0
4052.0
3377.5
6493.5
6893.5
3524.5
0
3434.0
6767.5
4716.5
1941.0
3396.5
7177.5
5714.0
7170.0
7116.5
573.0
760.5
640.5
3618.5
858.0
3566.0
4280.5
4067.5
4814.5
2047.5
2230.0
4652.5
2391.0
2384.5
4674.5
3409.5
3856.0
4935.0
7365.5
4005.0
6053.5
2498.5
543.5
1548.5
1383.0
2972.5
1000.0
3640.5
1672.5
5834.0
777.5
7201.0
6940.5
4482.5
541.0
3040.5
5775.0
6999.0
2229.0
6013.0
5464.5
5999.5
717.0
5926.0
3319.0
68.0
2773.5
6363.0
126.5
3927.0
6229.0
702.5
4755.0
5712.5
1287.5
2772.5
4621.0
3244.5
1665.5
4079.5
6932.0
5896.0
3991.0
5489.0
2794.0
138.0
4778.0
4776.0
2436.5
4965.0
3010.5
1652.5
2028.5
4792.0
126.5
5032.0
1915.5
3802.5
5316.0
3878.0
3729.0
316.0
991.0
896.0
2083.0
3663.0
3617.5
1146.0
126.5
3440.5
1475.5
3848.5
3983.5
1800.5
1194.5
138.0
5828.5
126.5
383.0
1550.5
6199.0
1485.5
126.5
3526.0
4707.5
4009.5
3765.5
1937.5
3120.0
2567.0
4201.5
3633.5
0
2942.0
6329.0
1179.5
6839.5
2642.0
3523.0
1744.0
4314.0
5427.5
0
6252.5
4131.0
2289.5
359.0
6013.0
344.0
5482.5
6020.5
419.5
2281.0
6543.5
1617.0
6331.0
7361.5
68.0
5743.5
68.0
1891.5
1305.0
7118.5
7348.5
5642.5
2605.5
1156.0
6802.0
3347.5
302.0
2964.5
4024.5
68.0
4759.5
231.5
6580.0
5916.0
2282.5
1641.0
5240.0
4494.5
7107.5
3477.5
1946.5
2424.5
4611.0
6311.0
497.0
2358.0
3680.5
6425.0
3908.0
183.5

2436.5
3490.5
3893.0
3332.5
4083.5
2100.0
4502.0
1022.5
1969.0
2849.0
2306.5
1036.0
4326.0
2693.0
6698.5
3501.5
1867.0
5757.5
5753.5
453.0
2657.0
2924.5
3675.0
3556.0
794.5
2668.5
7871.5
5270.5
594.0
1693.0
3360.0
1126.0
6383.0
4916.0
2124.5
3443.5
1141.5
949.5
3784.5
6550.0
3887.5
755.0
1761.0
225.5
1140.0
6049.5
2023.5
3210.0
2797.5
0
4949.5
3650.5
5016.5
0
194.5
1462.5
1164.0
4796.0
2155.0
5639.0
7407.5
7018.0
3136.0
3075.0
7158.5
6790.5
1163.5
5815.5
719.0
7723.5
2956.5
5006.5
5801.5
3062.5
5563.5
3303.0
5707.0
2983.5
4191.5
9479.0
806.0
512.5
3752.5
3055.5
3257.0
6449.5
1205.5
5685.0
300.5
6650.5
3655.5
4592.5
1703.0
1936.0
6196.5
5658.5
7917.5
3956.5
1332.5
819.0
68.0
5360.5
3747.0
3505.0
1024.0
4701.5
3255.0
7636.0
841.5
2871.0
3536.0
8190.0
6129.5
1187.5
714.5
2356.5
6891.5
138.0
6996.0
5348.0
4400.0
68.0
3237.0
8132.5
5026.0
5565.0
2429.0
5218.5
2679.0
2910.0
3117.5
3290.0
5738.0
3854.0
5342.0
365.5
3782.5
5332.5
6961.0
1274.0
5616.0
507.5
5865.5
6223.0
4229.0
1237.0
4356.5
1905.5
138.0
5639.5
3274.5
6590.5
4535.5
1329.5
6129.0
2705.5
2186.0
3796.0
3682.0
6674.5
3027.5
3814.5
7043.0
68.0
2653.0
640.5
5689.5
5365.5
2594.5
3231.0
8027.5
4616.0
1335.5
5224.0
1390.5
2422.0
6985.0
6482.5
1896.5
1117.5
5042.0
5072.5
670.0
1732.0
2593.0
6899.0
2243.0
6080.0
5439.0
4143.5
1423.5
4179.5
4033.5
2315.0
1892.5
2239.5
6593.0
1429.0
4466.0
2452.0
2484.0
6191.0
5395.0
4034.5
1263.0
1754.5
4629.5
2708.5
3157.5
6753.0
5198.5
7204.5
5592.0
4481.0
5098.0
4615.5
516.5
1296.0
4405.0
2768.0
5291.5
3846.5
5590.0
3890.0
7034.0
7193.0
6452.0
2707.0
5482.0
5599.5
6618.0
4563.5
5477.0
5960.5
1356.5
3543.5
2022.0
3764.0
791.0
6261.5
2746.0
4941.0
3802.5
3062.5
830.0
3672.5
6939.5
5836.0
2158.5
1635.0
2505.0
1490.0
7178.5
6259.0
7802.5
2238.0
2220.0
4880.5
183.5
1613.0
7920.5
2511.0
424.0
3722.0
1267.0
3096.0
1042.5
5641.5
126.5
4526.5
1150.0
5665.0
2329.5
4749.5
7328.5
419.5
4281.0
68.0
1127.5
6560.5
7495.0
4678.5
8480.5
6764.5
3745.0
4706.5
1962.5
6612.5
5794.5
4275.5
5923.0
6901.5
2250.0
3617.0
6683.5
5216.5
1638.0
3901.5
2821.0
6021.0
2570.0
2754.5
1267.0
3058.0
1407.5
1473.0
6713.5
126.5
300.5
6622.0
6622.0
0
3002.5
7512.5
2091.0
365.5
2826.0
6649.0
3799.0
6938.5
6421.5
9361.0
1733.0
4382.0
1016.0
4026.0
4791.0
1925.0
5779.0
3095.0
8333.0
574.0
2944.5
2404.5
986.0
790.0
418.0
68.0
5420.0
2737.0
1182.0
3052.5
5637.5
2641.5
5701.5
3001.5
2519.5
126.5
5117.5
5324.5
557.0
3718.5
2940.5
6904.5
1457.5
2676.5
1806.5
7662.5
5943.5
1050.0
3663.0
3997.5
2671.5
6343.5
1721.0
3323.0
5110.0
5002.5
2978.0
4733.0
2815.5
2639.0
6128.5
7140.0
4812.0
4440.0
4128.0
8499.0
2133.5
126.5
68.0
3134.0
2957.0
4063.5
4332.5
5528.5
936.0
1343.0
2222.0
6331.5
6243.5
959.5
257.0
3378.0
6984.0
0
6162.5
0
2940.0
5100.0
719.0
1784.5
4080.0
5672.0
229.0
3354.0
5572.0
68.0
2937.5
4645.5
7621.0
5261.5
3231.0
3368.5
138.0
2314.0
2725.0
953.0
2384.5
2051.5
3876.0
3237.0
3367.0
5362.0
4761.5
0
3056.0
0
1757.0
6860.0
5424.5
5925.0
5194.0
4411.5
1849.0
1638.5
0
1695.0
1932.5
1924.5
1647.5
9261.0
2650.0
6072.0
6873.0
5607.5
1091.0
3504.0
4987.5
1701.0
5363.0
2485.0
2862.0
5585.0
4981.5
6365.0
3713.0
10695.0
5052.0
6124.5
1748.0
3814.0
6100.5
2633.5
1023.5
5768.5
3166.0
2184.5
7413.5
6151.0
6762.0
588.5
656.0
2249.5
4715.0
4831.5
3465.0
6260.0
3865.0
3636.0
68.0
1969.5
2213.5
0
2579.5
3189.5
6658.5
1141.5
2513.5
2766.5
7095.5
771.5
1378.5
2791.0
9800.0
4145.0
6101.5
1836.0
5408.5
4193.5
1401.5
710.5
5526.0
7178.0
3751.0
4951.5
0
5331.5
4429.0
186.5
2264.5
2675.5
7472.0
300.5
3025.0
2700.0
2646.5
68.0
1442.0
1421.5
7153.5
4853.0
4078.0
1616.0
2800.0
1177.5
4645.0
6269.0
6951.0
4602.0
1772.5
3895.0
1522.5
2290.0
6725.5
5867.0
2801.5
4188.0
4121.0
4825.5
1538.5
5950.5
6708.5
4382.0
424.0
4837.5
5719.5
1941.5
3515.0
3353.5
5281.0
4714.5
2849.0
704.0
138.0
6137.5
2493.5
6181.5
4112.0
4315.5
5801.5
4235.5
4540.0
4842.5
6608.5
2256.0
1299.0
1814.0
5722.0
4908.5
6417.5
5211.0
3245.0
4749.5
4780.0
3762.0
5207.0
2088.0
4367.5
6083.5
4761.5
7078.0
5260.0
1662.0
634.5
576.5
5480.0
2613.0
5445.0
5060.0
3928.0
5633.0
4919.0
3205.0
5077.5
3945.0
6268.0
2688.0
1967.0
8810.5
2332.5
5103.5
3587.5
5029.5
2041.0
2863.0
729.5
4471.5
3005.5
5755.5
4147.0
4113.5
5164.5
5471.0
4000.5
6321.0
458.0
1976.5
780.0
6192.0
5283.0
9621.0
856.5
419.5
2677.0
4507.5
1749.0
2658.5
6234.5
1224.5
6078.0
2360.5
5141.5
2730.0
774.0
1378.0
2305.5
6246.5
5211.5
6126.0
1546.5
0
471.0
4752.0
4066.0
365.5
2121.5
7109.0
4521.0
5952.5
6186.0
5815.0
4041.0
1958.0
6732.5
6906.5
698.0
2829.5
300.5
1250.5
419.5
138.0
5952.5
4322.0
1004.0
3310.5
5662.0
2406.5
4349.0
4996.0
365.5
4026.5
2385.0
5900.5
2134.5
3639.0
4972.5
5777.0
1776.0
4167.5
2924.0
2422.5
4272.5
5658.0
1210.0
2587.5
2982.5
3464.5
794.5
1565.0
657.5
6204.0
1531.5
68.0
68.0
5896.0
790.0
355.5
5048.0
2326.0
478.0
3161.5
0
4945.5
3162.0
1582.0
4984.0
1432.0
3205.5
3677.0
2316.0
3389.5
5138.0
1431.0
2192.0
2423.0
1070.5
1564.0
3029.5
4834.0
1014.5
6600.0
5699.0
6101.0
2348.5
608.5
5254.0
593.5
5091.5
3521.5
458.0
6270.0
3768.0
2528.0
2003.0
881.0
3124.5
316.0
4801.5
5788.5
7169.0
6607.0
7666.5
5766.0
4854.5
5804.0
2074.5
1724.5
6078.0
2046.0
1197.5
5545.5
1068.5
4146.0
4052.5
1862.5
68.0
6588.5
6168.5
920.5
4948.0
4417.5
5498.5
2685.0
6052.5
3054.0
2578.0
2223.0
348.5
2283.0
1516.5
2482.5
1582.5
4234.0
4133.0
1579.5
68.0
5171.0
5042.5
3054.0
879.0
2247.5
722.0
4062.0
541.0
686.5
6780.0
2969.0
5729.0
5053.5
2690.0
6853.0
1725.5
5960.5
6119.0
407.0
4572.0
6061.0
4779.0
3117.0
5902.5
7351.0
813.5
5705.0
2910.5
6087.0
68.0
2960.0
5608.0
2515.0
138.0
2590.0
6710.5
2122.0
1686.5
652.0
4384.5
781.5
3237.0
1075.0
6402.5
4204.0
6252.0
1181.0
5769.0
839.0
4564.5
68.0
688.0
5661.0
4369.0
3818.5
3097.0
419.5
2942.0
5313.0
438.5
3208.0
3151.0
1803.0
1450.5
68.0
4358.5
138.0
2489.0
2644.5
4557.5
5305.5
257.0
6046.5
126.5
4528.5
700.0
775.5
5221.0
1806.5
6185.5
3115.0
2488.0
6039.0
1133.5
879.0
4245.0
4223.0
479.5
498.5
3255.5
5591.5
0
874.0
0
4398.5
3635.5
3658.5
3942.5
6352.0
5531.0
841.0
2785.0
3979.0
458.0
0
5741.0
6445.5
3214.5
1673.5
6136.5
3036.0
2372.0
3915.0
2079.0
2643.0
2812.0
2710.5
4722.0
4165.0
3375.5
3548.0
68.0
6865.0
2439.5
2299.5
2578.0
2909.5
3720.5
5891.5
2467.0
2831.5
1545.0
1408.0
3307.0
126.5
1989.5
3915.5
2872.5
3395.0
2894.5
6091.5
697.5
2278.5
3346.5
5802.0
5104.5
752.5
3634.5
1657.5
2374.5
5780.0
3446.5
2091.5
1759.5
3410.0
2146.0
138.0
2532.5
5092.0
438.5
2099.0
702.5
2935.5
514.5
5440.5
1871.5
512.0
5377.5
2266.5
3774.5
5703.5
68.0
4037.0
1109.5
3184.5
419.5
3270.0
2295.0
2117.5
4151.0
257.0
4055.0
1025.5
2113.5
889.0
4337.5
3314.5
126.5
1192.0
948.0
3847.5
1012.5
1980.5
3427.0
6311.5
1625.5
3523.5
667.0
887.0
1343.5
4108.0
3353.0
1369.5
2825.5
5124.5
2760.5
5598.5
2516.5
3122.0
2847.5
1670.5
580.0
2052.5
5864.0
2577.5
4709.0
5165.5
3590.5
3481.5
68.0
3837.0
7125.5
2098.0
448.0
5844.0
563.5
68.0
3322.5
1660.0
4925.5
2411.0
2299.5
68.0
424.0
5035.5
1122.5
4895.5
2755.0
2588.0
6359.0
1296.0
1604.5
2997.0
2856.5
5266.5
438.5
2336.0
4888.0
4534.5
6397.0
419.5
3413.5
5718.0
3913.5
4590.5
3521.5
6601.0
3314.0
2910.5
3595.0
138.0
2942.5
734.5
5007.0
3497.0
1437.0
6048.0
1926.5
3302.0
418.5
3861.0
401.0
3710.5
126.5
1661.0
4013.0
2040.5
68.0
5854.0
478.0
1598.5
5018.0
4301.5
2401.5
3304.0
1543.5
2314.5
4579.0
717.0
1710.5
1516.5
2818.0
1707.0
5446.5
6409.5
6939.5
2143.5
126.5
489.5
68.0
3203.5
6800.5
1706.5
4992.5
3649.0
5999.0
4208.5
3279.0
1109.5
1525.0
4639.0
126.5
285.5
68.0
862.0
4970.5
2393.5
4264.0
2327.0
68.0
2353.5
1623.0
1610.5
478.0
441.5
1365.0
126.5
1027.0
885.0
1913.5
126.5
1127.0
68.0
4882.0
1343.0
707.5
344.0
1411.5
1066.0
663.0
1219.0
3836.0
68.0
355.5
68.0
243.5
2333.5
1081.5
4903.0
243.5
4117.0
2294.5
1264.5
3825.0
68.0
2272.0
4980.5
1068.5
2990.5
867.5
5789.5
756.5
654.0
3929.0
1477.5
2166.5
548.5
3625.0
68.0
3915.0
1883.0
1900.0
407.0
68.0
1779.0
1202.5
459.5
963.5
0
300.5
230.5
243.5
1200.0
3751.0
383.0
1055.0
1418.0
1168.5
919.5
782.5
2895.0
1079.0
68.0
1543.0
663.0
313.5
1065.5
1530.0
2817.0
1409.5
983.0
771.0
419.5
1301.0
419.5
407.0
4775.0
537.0
646.0
126.5
898.5
126.5
1396.5
441.5
1568.5
867.5
678.5
549.5
68.0
1916.0
964.0
0
3826.5
1743.0
424.0
407.0
884.0
302.0
359.0
173.0
68.0
740.0
1053.0
728.0
138.0
419.5
841.0
5620.0
458.0
4788.0
2909.5
1211.0
68.0
419.5

6434.5
115.5
508.5
230.5
1540.5
2717.5
1666.5
1461.0
243.5
5851.0
3059.5
1859.0
533.0
1827.0
478.0
704.5
365.5
2307.0
126.5
2200.5
726.0
6579.0
2914.5
736.0
618.5
1037.5
285.5
607.0
1326.0
3021.5
1945.0
138.0
68.0
3365.5
438.5
1978.0
68.0
2900.0
1423.0
1007.5
3635.5
300.5
316.0
965.5
4746.5
418.5
1627.0
1929.5
407.0
2735.0
313.5
316.0
1075.5
463.0
68.0
2380.5
717.0
1062.5
3708.0
68.0
2147.5
1001.5
289.0
1370.5
581.0
138.0
1250.0
1110.5
1238.0
1075.5
419.5
758.5
1228.0
566.0
453.0
1700.5
848.5
68.0
419.5
2764.0
438.5
2371.5
583.0
438.5
3529.0
68.0
1723.0
1836.0
138.0
1038.5
359.0
736.0
1798.5
68.0
1248.0
359.0
1005.0
2766.0
138.0
1062.5
679.0
394.0
786.0
478.0
1510.5
1441.0
752.5
68.0
2759.5
1735.0
968.5
2766.5
4122.5
1016.5
2087.0
419.0
830.0
866.5
179.0
997.5
653.5
5971.5
2375.5
898.5
435.5
551.0
138.0
68.0
1966.5
1557.0
5006.5
2464.0
179.0
4481.0
838.0
1140.5
438.5
541.0
2079.0
724.0
68.0
1411.5
365.5
2908.5
401.0
695.5
300.5
752.5
508.5
5795.0
0
1351.0
1529.5
3196.5
68.0
68.0
126.5
1408.0
1376.0
3852.0
300.5
1901.0
6003.0
771.5
186.5
126.5
835.5
1120.0
2131.0
740.0
497.0
784.0
811.0
5369.5
68.0
1140.5
2189.5
285.5
1493.0
6052.0
2465.0
300.5
1776.5
68.0
770.0
2783.0
794.5
419.5
2380.5
1884.0
68.0
2153.5
115.5
3555.5
2873.5
126.5
947.0
961.0
253.5
581.0
2760.0
6273.5
903.5
2784.5
126.5
497.0
539.5
535.0
923.0
2252.0
68.0
1164.5
313.5
752.5
68.0
2020.5
5367.0
359.0
2713.0
401.0
1299.5
5913.0
1555.0
646.5
138.0
6077.0
2720.5
401.0
6057.0
2277.0
344.0
68.0
1026.5
1193.0
374.5
365.5
5791.0
68.0
126.5
2782.0
489.5
2654.5
5788.5
68.0
4078.5
3296.0
6208.5
3869.5
138.0
113.5
365.5
243.5
693.5
4318.5
1127.5
476.0
138.0
3389.0
285.5
1067.0
419.5
771.5
1579.0
5781.0
68.0
1271.5
1074.5
3292.0
5789.5
1822.0
3063.5
5289.0
848.5
1939.5
6382.0
2966.0
2906.0
790.0
3942.5
1304.5
4296.5
2788.5
1922.5
0
3417.0
1625.0
2660.0
5261.0
1773.5
3995.0
1568.5
721.5
771.5
6304.5
3514.5
3254.5
1070.5
2257.0
4729.0
952.5
4518.0
2287.5
6283.0
1721.5
6365.0
243.0
348.5
5694.5
5378.0
1160.0
2365.0
3329.0
0
2838.0
4881.5
821.5
68.0
126.5
4509.5
419.5
6038.5
68.0
5716.5
2294.5
6178.0
2276.0
489.5
68.0
2789.0
477.5
3032.0
841.0
652.0
849.5
365.5
2297.5
4246.0
419.5
2844.0
1629.0
1775.5
1463.0
2405.5
365.5
5483.0
2010.0
947.0
5759.5
1224.0
1675.0
3980.5
1291.0
4221.0
1091.5
1978.0
1241.5
126.5
1755.5
3527.0
2407.0
5579.0
4781.0
2080.5
1096.5
115.5
5864.0
633.5
5634.0
3296.5
5491.0
549.5
497.0
68.0
4166.5
1492.0
681.0
344.0
618.5
4215.5
4271.5
2414.0
2754.0
0
3518.0
843.0
251.5
6740.0
3822.0
1287.0
2714.5
3710.5
4587.5
0
1491.5
4862.5
2163.5
1637.0
243.5
1947.0
3667.0
5949.5
841.0
1161.0
3817.0
5643.0
2146.5
5486.0
5223.0
533.5
5868.0
4007.0
2331.0
2974.0
1123.0
5705.5
230.5
680.5
4081.5
5396.5
4312.5
348.5
68.0
3561.0
527.5
68.0
2349.5
6033.0
860.0
4094.5
2525.5
68.0
2155.5
2305.5
1568.0
5756.0
489.5
3349.0
2264.5
6174.5
6733.5
3353.5
829.5
300.5
785.5
407.0
5555.5
4288.0
0
3711.5
633.5
2767.5
418.5
3082.5
3567.5
3238.0
1107.0
68.0
6373.5
1748.5
0
478.0

316.0
2467.0
2254.5
365.5
3030.0
0
3261.0
68.0
4759.5
5837.0
527.5
2600.5
6144.5
583.0
1276.5
1614.0
5593.5
459.5
904.5
2062.0
6060.5
419.5
3464.0
4111.0
5603.5
596.5
2100.0
2638.5
359.0
2481.0
2938.5
0
424.0
2282.0
0
5380.0
1684.5
1141.5
3196.0
3216.5
1051.5
791.0
2478.0
809.0
438.5
5770.5
489.5
4534.5
1843.0
5924.0
5993.5
1482.5
3655.5
582.0
257.0
1686.0
6089.5
2153.0
2323.0
2981.5
3686.0
300.5
1940.5
359.0
68.0
4109.0
841.0
2723.5
545.5
2547.0
1298.0
243.5
655.0
1192.5
5106.0
3694.5
1700.0
3546.0
68.0
892.5
4865.5
2569.5
1974.0
0
1364.5
5767.5
811.0
5797.0
6223.0
3761.0
5882.5
1847.5
5739.0
3414.0
5962.0
1829.5
1385.0
4995.0
5837.5
2692.0
0
2680.0
1295.0
1157.5
4652.5
2044.0
5752.5
4400.0
4792.5
3151.0
3384.0
5331.0
0
6005.0
3318.5
0
5916.5
3087.5
549.5
4118.0
1398.0
3727.0
2038.5
1177.0
1930.5
5469.0
4471.5
4037.5
2485.0
1600.0
1095.0
1298.0
2488.5
3372.5
401.0
68.0
5308.0
3851.5
4849.5
1190.5
68.0
1576.0
3708.5
5253.5
1685.5
419.5
2527.0
5589.0
911.0
5750.0
1046.5
3102.0
1892.5
5705.5
2681.5
1147.0
5215.5
1801.5
3721.5
348.5
2700.0
1747.5
5615.0
2294.5
4296.0
2433.5
2985.0
6182.0
1087.5
4741.5
1722.5
4858.5
2057.5
68.0
1488.5
3486.5
5659.0
2151.5
6135.5
0
2744.0
1255.0
985.0
5620.5
5079.0
972.0
2647.0
6049.5
1106.5
5921.0
2222.0
458.0
3050.0
923.0
2383.0
4215.5
6483.0
1127.0
1747.0
2085.0
523.0
3021.0
4991.0
0
1945.5
3319.5
4080.0
1068.5
5609.0
2091.0
3093.0
68.0
0
3062.5
68.0
6632.5
2367.5
4845.0
4207.0
6091.0
3468.5
3550.0
1794.5
622.5
1952.5
5622.0
1381.0
5772.0
5600.5
4187.0
5602.5
68.0
2003.5
1449.5
5755.0
2655.5
2111.0
3047.0
656.0
5840.5
4999.5
2613.0
1748.5
3186.0
2178.0
1022.5
2061.5
2999.5
3482.5
1445.5
1217.5
596.0
1827.0
1706.5
3278.5
2354.5
3272.5
5915.5
2611.5
2948.0
3919.5
4934.5
809.0
3249.5
3101.5
652.0
6250.5
2717.0
1483.0
2890.0
478.0
1961.5
4661.5
4347.0
68.0
952.0
3775.5
2588.0
1046.0
5453.0
3229.0
6883.0
961.0
829.5
5105.0
0
1164.0
300.5
2114.5
2379.0
2285.5
401.0
2560.5
2051.5
1364.0
3524.5
1537.5
3809.5
5724.0
2206.0
1583.5
2599.5
2627.5
3625.5
3956.0
3821.5
4300.5
68.0
1365.0
2957.0
2439.5
3991.5
652.0
2372.5
4080.5
3046.5
3513.5
7459.0
3002.0
478.0
2417.5
5128.5
4348.5
1976.5
4565.5
348.5
497.0
2959.5
438.5
1393.0
3723.0
2304.5
5281.5
4045.0
6324.0
977.5
3146.0
4096.0
5133.5
1160.0
2412.5
2604.5
68.0
5686.5
794.0
1750.0
2453.0
5664.5
5252.0
1735.0
5484.5
1129.0
1502.5
2438.5
4766.5
2966.5
2289.0
1571.5
5110.0
2516.5
0
6356.5
4088.0
1391.0
765.5
4808.5
7087.0
1665.0
3157.5
1907.5
1534.0
6098.0
348.0
758.5
2012.0
242.0
3051.0
3609.0
1820.0
4585.0
2273.5
4142.5
596.5
1324.0
243.5
1252.0
1651.5
734.5
4491.5
2324.0
5689.5
2174.5
2823.0
126.5
344.0
3416.0
1814.5
5675.0
2852.5
361.5
822.5
4297.5
3273.0
2943.5
1251.5
3591.5
1677.0
697.5
4552.0
3817.0
2812.5
1899.0
2949.0
2623.0
300.5
714.5
3431.0
2215.5
2172.0
2667.0
1656.0
1977.0
875.5
2271.0
775.5
2006.5
489.5
461.0
1538.5
2579.5
1625.0
243.0
5645.0
1003.5
3687.5
3402.5
1650.0
4151.5
2008.5
709.0
3180.0
2289.0
5984.0
2884.5
956.5
68.0
586.5
6399.0
0
3512.5
2456.0
4675.0
829.5
68.0
5403.5
544.0
4242.0
2327.5
6455.5
3079.5
750.5
601.0
2814.5
3589.5
1439.0
6087.5
4335.0
7206.0
2787.0
2573.0
695.5
3582.0
4365.5
68.0
1571.5
128.0
1368.0
3024.0
2017.0
5593.0
4703.5
126.5
1772.5
6683.5
1658.5
0
2650.5
3717.5
5375.5
4844.5
1763.5
3032.5
1959.0
0
2019.0
5181.5
6006.0
5359.0
880.0
0
3367.5
3274.5
5210.5
2531.0
6770.5
3348.5
1318.5
6058.0
3174.0
5743.0
1921.5
5674.0
1886.0
2597.5
794.5
253.5
5893.0
68.0
4511.5
1635.5
68.0
3277.5
778.5
0
2414.5
1869.5
3111.5
3921.0
0
3511.5
0
7080.5
355.5
786.0
1386.5
4457.0
2979.5
2291.5
2852.5
6791.5
1504.0
852.5
4782.5
1991.0
2208.5
7601.5
637.0
1155.5
2392.5
6557.5
2367.5
846.5
4681.0
0
901.0
0
6165.5
2268.5
3368.5
3369.0
2820.5
4697.5
839.0
5831.5
2621.0
68.0
3913.5
7618.5
2284.0
365.5
6292.0
3033.5
770.0
419.5
1014.5
1260.0
4225.5
6652.0
3070.5
2130.5
6166.0
2431.5
1563.0
6756.5
3769.5
5613.5
5748.0
566.0
2468.0
1070.5
1238.5
2827.5
2295.5
242.0
2352.5
3327.5
4369.5
2458.0
1347.0
1150.0
4628.5
5331.0
3315.0
2396.5
2428.5
4671.5
2847.0
5780.0
2633.5
3511.0
2734.5
2398.0
6674.5
970.0
365.5
595.0
1409.5
4021.5
6546.0
541.0
1517.0
0
3839.0
1381.5
459.5
2869.5
4528.5
386.0
1988.0
2338.0
1346.5
359.0
419.5
4249.0
1233.5
2117.5
4475.5
6943.0
5310.0
300.5
5901.5
4422.0
2073.0
2508.0
4549.0
7228.5
2435.5
348.5
5054.0
1156.0
0
1765.0
4276.5
3290.5
3378.5
5767.5
1949.5
6670.5
1642.0
4408.0
4155.0
1359.5
6180.0
771.5
0
4209.0
6321.5
2450.0
243.5
3074.0
7115.0
1138.5
6535.0
7045.0
0
700.0
8072.5
4719.0
2294.0
2866.5
68.0
6096.0
1472.0
903.5
2904.0
6639.5
3850.5
3673.0
1736.5
5767.0
1046.0
3325.0
4716.5
0
2055.0
4200.0
1138.5
4984.5
1068.0
2493.0
4243.0
793.0
1653.5
4949.0
3368.0
2049.0
811.0
2295.5
1799.5
1096.0
5960.5
4552.5
370.5
2609.0
5581.5
5690.0
4146.0
5749.5
6223.0
5155.5
4630.5
3850.0
1811.0
5123.5
4877.0
1434.0
2479.0
3666.5
1265.0
1272.0
5627.0
5061.0
1538.0
4417.5
68.0
3448.0
2566.5
2285.0
6858.5
3824.0
4377.0
2661.0
2858.5
0
1.0
4738.0
4816.5
1782.5
771.5
5057.5
6861.5
5221.0
814.5
3711.0
2223.5
2612.0
1145.5
1491.5
2360.5
2891.5
1464.0
2884.0
9278.5
824.0
3894.5
1213.5
3335.5
4289.5
7104.0
2627.5
6403.5
5022.5
2382.5
5746.0
7820.0
3424.0
3668.0
1653.5
7870.5
2089.0
2373.5
6079.0
911.5
940.0
979.0
68.0
3342.0
3990.5
3918.0
2438.0
1986.5
2696.0
5965.0
2999.5
1408.0
3429.5
2468.5
1121.5
3080.5
1068.5
7050.0
5103.0
5230.5
1015.5
8085.5
539.5
5732.5
698.5
1458.5
6278.0
3084.0
7513.0
1979.5
2476.0
2600.5
1290.5
6028.5
952.5
5239.5
2068.0
6082.5
2043.5
4701.0
0
300.5
2938.5
663.0
1969.0
300.5
7426.5
805.0
1599.0
2280.0
822.5
126.5
4401.5
2040.0
2338.5
276.5
791.0
6576.5
10425.5
2731.5
0
3942.5
2910.0
4276.5
1086.5
6389.0
2674.5
8703.0
6511.0
419.5
794.5
6270.5
2535.0
3286.5
1212.5
839.5
667.5
1633.0
1069.0
2773.5
5838.0
438.5
846.5
4246.5
68.0
316.0
0
5406.5
68.0
126.5
5681.5
2295.5
4228.5
1215.0
4581.5
717.0
3462.0
5389.0
761.0
541.0
2903.5
1770.0
4275.5
794.5
2263.5
4324.0
4301.5
832.0
2428.0
4142.5
2892.5
1930.5
1531.5
4810.5
1312.5
3330.0
671.0
5426.0
6117.0
6730.0
1702.5
68.0
3871.5
2274.5
3337.0
138.0
419.5
2495.0
3025.5
183.5
1220.0
68.0
1338.5
302.0
3379.0
231.5
3254.5
2243.5
1539.5
2288.5
1364.0
3059.5
524.5
2931.0
4888.5
3285.5
5914.5
1887.5
3527.0
1661.0
786.5
3197.5
884.0
6094.0
2925.5
4319.0
2342.0
419.5
2775.5
2145.5
2138.5
68.0
218.0
6132.5
2585.5
2071.5
422.0
478.0
1819.5
1460.0
6992.5
1096.5
4262.0
3961.5
1785.5
5157.0
4162.5
5495.0
3883.0
4317.5
0
7900.5
2369.0
6085.5
2666.5
2526.0
3070.0
183.5
2265.0
1989.5
2905.0
3966.0
0
771.0
6589.0
1178.5
5572.5
438.5
5572.0
7238.5
3783.5
7379.5
6623.5
3358.0
6166.5
2576.5
3448.0
7499.5
5734.5
6071.5
6959.0
6962.5
3201.5
2401.5
3584.5
2021.5
1407.5
1193.0
1573.5
2633.5
3513.0
128.0
2047.5
4253.0
7496.0
5363.0
686.5
821.5
1225.0
374.5
2267.5
5570.5
1625.0
954.5
530.5
2986.5
2419.0
1578.0
1801.5
2629.5
4917.0
5967.0
5518.5
383.0
2012.0
5759.0
3682.5
1116.0
3128.5
4394.5
5860.0
1856.0
1722.0
598.0
3068.0
2372.5
3752.5
2396.5
7896.0
3286.5
2627.5
4915.5
3801.5
2344.0
1444.5
1611.0
2835.0
3598.0
2777.5
2404.0
3903.5
1500.5
1758.5
3540.5
1397.5
698.5
841.0
598.0
2042.5
2982.0
1739.5
7407.0
2426.5
6411.0
5559.5
1565.0
2442.5
2315.5
4813.5
1095.5
2834.5
1108.0
365.5
594.0
2525.5
797.0
3550.5
1641.5
5727.5
3971.5
3983.5
1087.5
1776.5
3363.0
884.0
809.0
5769.0
3036.5
2608.5
1909.5
2498.0
419.5
3089.0
183.5
2182.0
6161.0
2392.5
1844.5
1272.5
3575.5
1571.0
5276.0
2677.0
2534.0
5679.5
464.0
6231.0
837.5
4544.0
3688.5
179.0
1482.0
4548.0
3310.5
3904.0
5396.0
285.5
5666.5
3628.5
4707.0
2070.0
7108.5
2085.0
5944.0
7311.0
771.0
1814.5
478.0
2971.0
7398.0
926.5
6922.5
2147.5
2394.0
4055.5
2796.5
3323.0
1286.0
6072.5
3301.0
5590.5
365.5
4550.0
3504.5
1473.0
6344.0
1897.0
1500.0
1247.0
5007.5
5578.0
2773.5
3860.0
4381.5
3455.5
6179.0
5746.5
5829.0
943.5
717.0
2254.5
2830.5
2978.5
6708.5
3235.0
3134.5
6267.0
3306.5
1420.0
689.5
5349.5
2303.0
5948.5
1246.5
840.0
1628.0
1436.5
618.5
4975.0
3134.0
7064.5
2289.5
1331.5
332.0

5185.5
2012.0
300.5
5868.5
2629.5
8181.0
5454.0
0
186.5
3936.0
3088.0
68.0
3155.5
4273.5
1771.0
771.0
2559.5
5242.0
4847.0
2568.5
3646.5
2845.5
3581.0
3538.0
878.5
1439.0
6071.0
68.0
736.0
1914.0
652.0
1376.0
3463.0
6148.5
68.0
2221.0
666.5
3292.0
2112.0
991.0
957.0
3579.5
2376.5
300.5
6859.0
6375.5
1606.5
5606.0
8216.5
3854.0
1718.0
3046.5
3349.5
3486.0
0
4642.5
5641.0
5743.5
1549.0
652.0
4964.0
2131.5
3352.5
6153.0
1757.0
7348.0
5284.5
4202.5
1498.0
728.0
2845.5
5690.5
2867.5
1868.0
1663.5
68.0
4800.5
663.0
6904.5
5187.0
5000.0
5287.5
6271.5
5129.5
5823.0
1062.0
68.0
3709.0
1006.5
1680.5
3533.5
1484.5
1343.0
6943.5
138.0
4656.5
4552.5
1280.5
5384.0
2258.5
3440.0
5535.5
3911.5
2433.0
285.5
3364.0
2809.0
1776.5
2145.0
1202.5
8036.5
1709.5
6561.0
4073.5
2257.5
3105.0
2782.0
68.0
5996.0
2015.0
5182.5
1241.0
4003.0
4034.0
1068.0
775.5
2907.5
733.0
0
5118.5
2617.0
6633.0
3993.0
5687.5
1760.0
5910.5
4984.5
2653.0
2086.5
988.5
490.0
2890.5
2250.0
4019.0
5602.0
2922.5
1837.0
6139.0
3455.0
6770.0
1556.0
3664.5
5901.5
2628.5
4651.0
3003.5
1070.5
7140.0
3826.5
1517.0
6208.5
1774.0
5624.5
5070.0
2697.0
1819.0
5354.0
843.0
1885.5
3534.5
599.5
3654.5
4370.0
5673.0
1727.0
5754.5
2129.0
1013.0
7128.5
1642.5
6644.5
719.0
5173.5
2955.0
4174.0
7815.5
361.5
2222.0
2732.0
5719.0
4579.0
960.0
6399.0
1493.0
7010.5
4492.5
452.5
4091.5
1289.0
5342.5
489.5
2914.0
5569.0
1219.0
1357.0
2441.0
6172.0
2666.0
3489.0
6040.5
3414.0
6538.0
2112.0
2060.0
1325.0
1871.5
68.0
1684.0
901.0
1738.0
6464.5
3823.5
4348.5
6052.5
3024.5
3956.5
5014.0
2156.5
4785.0
628.0
1450.5
3644.5
582.5
714.5
2978.5
3936.0
5407.0
2385.0
5120.0
355.5
4846.0
4810.0
68.0
3729.5
6856.5
460.5
716.0
6429.0
8714.0
8552.0
5016.0
2007.5
2625.5
3660.0
1791.0
1308.0
6639.5
2608.0
717.0
5617.5
3281.5
2952.0
4357.5
5481.5
3665.5
3163.5
316.0
3478.0
3025.5
3333.5
719.0
2188.5
3840.0
1290.5
1578.0
3142.0
3723.5
778.5
1387.5
1624.0
5337.0
1653.0
5765.0
5406.0
6341.5
4075.5
3142.0
5129.5
126.5
3696.0
183.5
1442.5
2766.5
4628.0
2875.0
6589.5
2186.0
138.0
3299.0
1383.0
3893.5
4554.0
790.0
3105.0
3008.0
126.5
2715.5
1406.0
3628.5
6580.5
3400.5
702.5
2839.5
2878.5
2328.0
3342.0
4847.5
2299.0
1775.5
1657.5
721.5
1430.0
1010.0
3824.0
2046.5
3408.5
4410.5
1091.5
3112.5
9355.5
1317.0
3559.5
3313.0
5852.0
2568.5
6341.0
5806.5
183.5
2835.0
2220.5
2357.5
2658.5
3414.0
2960.0
3052.5
3998.0
6299.5
5205.5
2947.0
1344.0
7157.0
1438.5
4192.0
1105.0
6375.0
5815.5
2092.5
138.0
2662.5
365.5
1924.0
5833.0
3526.0
1485.0
1696.0
5702.0
4974.0
1997.5
3684.5
2621.5
8194.5
355.5
6294.0
4713.5
6459.0
6066.0
1894.0
138.0
1303.0
3542.5
6122.5
1016.5
1918.0
3699.0
6238.5
6224.5
2308.0
1905.5
6902.0
5108.5
1683.5
6694.5
3294.5
2973.0
5061.0
3217.0
1632.0
1358.5
6563.0
4041.0
2840.5
1839.5
4715.5
419.0
5989.0
7598.0
841.5

5836.5
4032.5
2514.0
3197.0
3615.0
3209.0
5881.5
6239.5
1765.0
3322.5
2621.0
2302.0
3831.0
1562.0
5071.5
3212.5
3590.5
2086.0
2902.0
1530.0
3939.0
2527.0
1364.5
419.5
5034.5
2231.5
2362.5
5115.5
2110.5
2583.0
794.5
2793.0
138.0
438.5
6642.5
6374.0
3281.0
3639.5
4742.0
3836.0
419.5
2868.5
424.0
5712.0
2389.5
1867.5
1981.5
3739.5
2392.0
6633.0
68.0
257.0
1405.0
3233.0
575.5
4315.5
5652.5
6172.5
126.5
2431.0
284.0
1050.0
126.5
3020.5
4753.0
5766.0
4878.0
6183.0
5036.0
3244.5
911.5
3993.5
2464.5
1078.5
1542.0
4220.0
1930.5
4521.0
1793.5
386.0
2919.5
68.0
1606.5
4337.5
6395.5
5938.0
2210.5
6091.0
964.0
1557.5
2097.5
1933.0
126.5
2756.0
1397.5
6100.0
2718.5
6035.0
126.5
190.5
4886.0
4840.5
1711.5
3095.0
4923.5
1464.5
4331.5
183.5
126.5
4077.5
2842.5
4398.0
68.0
7091.5
663.5
3568.5
6426.0
2353.5
5063.0
4072.0
2158.5
2968.5
138.0
3051.5
4034.5
2629.5
4935.0
2760.5
1859.5
2444.5
2580.0
2863.0
3005.5
3731.0
3542.5
2206.5
1329.0
1351.0
1561.0
2893.0
2803.5
458.0
840.0
4412.0
3279.0
348.5
3391.0
5733.0
126.5
6807.0
843.0
1453.5
3601.0
4498.5
5495.0
3462.5
1625.0
3812.0
7746.0
710.5
4478.5
1849.0
2745.5
4704.5
2342.0
1356.0
5739.5
1282.5
5700.5
2402.5
2818.0
3083.5
965.0
843.0
2092.5
6668.0
967.0
365.5
236.0
383.0
5915.5
826.0
1509.0
68.0
1945.0
1799.0
4689.5
2931.0
5781.0
4557.0
2554.0
6573.0
6637.5
716.0
6295.0
1904.0
872.0
8971.0
7124.0
4438.5
289.0
1499.5
4322.0
5731.5
6319.5
2507.0
3738.0
5891.0
4646.0
138.0
3570.0
1348.5
3480.5
5580.0
3268.5
285.5
2089.0
3530.5
2501.0
3308.5
1979.0
2668.0
952.5
1649.0
5116.0
1936.5
1785.0
2889.0
2510.0
3093.0
1527.0
5708.5
5725.0
5636.5
2928.0
1433.5
2566.0
3981.5
5477.5
1331.0
2532.0
6737.5
4977.5
1498.0
1167.5
4230.0
1312.5
3205.0
368.5
5106.5
3512.0
2334.0
1246.0
2434.5
2686.0
68.0
1688.5
4001.0
7264.0
1068.5
1645.0
4942.5
2935.0
1460.5
6368.0
5808.0
1201.5
4532.0
988.5
6107.0
2627.5
7042.5
4477.5
4861.5
68.0
5192.5
5072.0
126.5
2510.0
68.0
1512.0
2237.5
6310.5
7762.5
2528.0
1918.5
554.5
733.0
1341.5
2668.5
3131.0
7040.5
2504.0
1860.0
2435.5
3993.0
68.0
3025.0
68.0
2366.5
943.0
4088.0
785.5
5925.5
5834.5
3713.5
5357.0
7212.5
3230.5
2539.0
2107.5
4193.5
2088.5
1494.5
7712.0
5665.0
2779.5
1050.0
3827.5
5585.5
3774.5
190.5
6246.0
1826.5
2792.0
276.5
745.0
5737.5
1989.0
6575.5
5263.5
3752.5
1001.5
1618.5
6073.0
5706.5
3583.5
2342.0
7263.0
6734.0
703.5
289.0
68.0
5839.5
848.5
850.0
1598.5
3984.0
2143.5
68.0
3506.5
1603.0
2163.0
3237.5
2251.0
4942.0
68.0
1663.5
3403.0
2280.0
2663.5
595.0
6664.0
1289.5
3601.5
478.0
2518.0
2904.5
1276.0
3300.0
5863.0
2820.5
3816.5
1508.0
3311.5
1402.5
230.5
126.5
2439.0
2307.0
5866.5
5898.0
2919.5
2288.5
1200.0
3892.0
1073.5
4038.5
3679.5
3337.0
2861.0
3382.0
6432.0
5332.0
2937.5
6428.0
3399.0
5472.0
1457.5
3844.5
5882.0
5653.0
2873.5
5037.5
6450.0
138.0
3083.0
3117.5
1381.5
2901.5
1651.5
126.5
2576.5
2694.5
3290.0
2131.5
3204.0
4849.5
2564.5
465.0
6149.0
3913.5
543.5
3163.0
2256.0
1387.5
1935.0
2831.5
2288.0
3225.5
5206.5
1241.5
3661.5
2834.5
5634.0
5341.0
128.0
4688.5
6231.5
6224.5
5767.5
2385.0
5469.5
2487.5
348.5
3740.0
4899.5
5598.0
359.0
3968.0
2377.0
1818.0
1818.0
3958.5
2285.0
5748.5
1665.5
3443.5
126.5
6273.5
2045.5
6672.5
3151.5
6209.0
1198.0
755.5
2873.5
3832.5
1808.0
3269.5
1124.5
4751.5
1601.5
1385.5
3563.0
1731.0
5597.0
5150.0
2852.5
2703.5
1601.5
2636.0
1379.0
1726.0
1613.5
3263.5
1451.5
7932.5
2109.5
68.0
2699.0
1319.0
2430.5
1791.5
2875.0
68.0
3240.5
1418.5
4904.5
5232.0
5959.0
1832.5
3784.5
2614.5
3770.0
68.0
2659.0
4762.0
1824.0
68.0
126.5
2261.5
1941.5
2186.0
3300.5
1385.5
2240.5
726.0
0
1410.0
2950.0
4061.5
2407.0
3503.5
2811.5
6652.5
1160.5
640.5
511.0
5667.0
1604.0
1931.5
183.5
2073.0
1910.5
68.0
1140.5
3203.5
68.0
4845.5
6425.0
3825.5
719.0
3311.0
3646.5
3068.0
5373.5
6298.5
1794.5
68.0
68.0
6851.5
1573.0
2880.0
5721.0
1265.0
5913.0
6166.0
0
5459.5
838.5
4761.5
0
2909.5
2453.5
68.0
2928.5
4356.0
6119.0
4511.5
4492.5
5610.5
7091.5
975.0
438.5
1726.5
2458.0
7559.5
6463.5
5746.0
68.0
115.5
2226.5
2028.5
3493.0
717.0
346.0
4158.0
1447.0
458.0
3240.0
3009.5
4497.5
5536.5
353.0
3871.5
419.5
6151.0
3481.0
2600.5
5024.0
5951.5
1230.5
1173.0
6230.5
2015.5
5683.5
68.0
2653.5
1300.0
3733.5
3506.5
6493.0
3723.0
946.0
6050.5
5521.0
2384.5
3919.0
4378.0
3104.5
2325.0
4801.0
3663.0
5150.0
2670.0
3870.5
5257.0
2226.0
1668.5
7161.5
3579.5
848.5
3687.0
2675.5
5817.5
5217.5
3157.0
1936.0
2801.0
3355.0
1388.0
3063.0
1551.5
2572.0
1713.5
3038.0
435.5
771.5
752.5
1522.5
756.5
6151.5
1553.5
6671.0
1051.5
7062.0
1310.5
3657.0
5713.0
2201.5
1357.5
68.0
2609.0
6164.5
739.0
2712.0
370.5
459.5
4476.0
6680.0
3536.0
2558.0
2616.0
1633.5
6325.5
68.0
2069.0
4598.0
6008.0
5587.5
1211.0
582.0
6283.0
997.5
4007.0
2236.5
1593.0
1062.0
5877.5
3268.0
243.5
663.5
964.0
2974.5
839.0
3625.0
3415.0
4276.0
793.0
6242.5
6305.5
1068.5
120.5
1375.0
5701.0
2672.0
666.0
6448.0
868.5
2637.0
5954.0
5639.5
5709.5
3146.5
2149.5
476.0
6096.0
887.5
2783.0
1831.0
535.0
4765.5
5270.5
3676.5
2672.0
3369.5
3785.5
3824.5
6570.5
4761.5
1776.0
2314.5
5102.5
4190.5
2374.0
2258.5
2872.0
68.0
6334.0
7153.0
2377.5
1814.5
5203.0
6650.5
2037.5
829.5
3290.5
2479.5
2193.0
3200.5
488.0
2182.0
2217.0
3881.0
1230.0
4871.0
1010.0
6155.5
6768.5
3443.0
5260.5
2819.0
2835.0
2065.5
2209.0
958.0
3439.5
4801.0
3119.0
1183.0
4338.5
1246.0
1759.0
6459.0
126.5
1394.0
653.5
3102.0
1090.5
7086.5
1207.5
5254.0
3354.5
3020.0
6671.5
6480.5
374.5
5880.0
3437.0
5963.0
2879.5
7725.0
666.5
138.0
2412.0
2978.0
1909.0
5611.5
1925.0
3755.0
126.5
4103.0
794.5
2062.0
5497.0
4843.0
115.5
4105.0
2850.5
126.5
5449.0
5450.0
1806.5
6142.0
194.5
3305.0
5734.0
3357.0
557.0
4639.5
2118.0
4605.0
68.0
6263.5
0
479.5
5606.5
4164.5
2330.5
1282.5
4979.0
5782.5
5730.0
6113.5
1504.0
5765.0
1581.0
962.0
6330.0
2520.0
3012.5
6225.5
424.0
1931.5
2581.5
2932.0
4978.5
4091.0
5808.0
0
5434.0
2136.5
2668.0
3889.5
1785.0
4129.5
5795.5
2360.0
7123.0
3494.5
787.0
2137.5
3825.0
1467.0
3416.0
939.5
3310.0
4979.0
829.5
2943.5
3597.0
2527.0
5560.5
2954.0
2057.5
1674.5
5385.5
68.0
1842.0
920.5
2185.0
1931.5
7155.5
3699.5
5077.5
2839.0
3170.5
2805.5
6653.0
2305.0
2364.5
3080.5
3573.5
5680.0
1936.0
5550.5
3567.5
2675.5
2076.0
2170.5
1746.0
6161.5
4661.0
5334.5
2846.5
3149.0
5356.0
1891.0
667.0
2470.0
2045.0
2514.0
4959.0
6167.5
2894.5
5727.5
1070.5
4730.5
2656.0
2664.5
5864.0
3224.0
3268.5
3390.5
1164.0
5876.5
2752.0
186.5
3762.0
2597.0
2258.0
1096.5
1684.5
2321.0
2901.5
770.5
2445.5
4876.0
2962.0
1414.5
1238.0
2230.5
4803.0
2298.0
4507.0
2806.5
5829.0
4394.0
183.5
2108.0
5528.5
5816.0
757.0
68.0
2145.5
2038.0
5910.5
1825.0
1810.0
1702.0
4346.0
2895.5
2440.5
3385.5
4285.5
2312.0
5391.0
5956.5
4110.0
4628.0
4188.5
6265.5
1270.5
5631.0
4941.5
1641.0
316.0
3536.0
1118.0
4880.5
1887.5
2691.5
3778.5
2140.0
5779.5
6387.0
2909.0
2179.0
230.5
2970.0
2483.0
179.0
4952.5
126.5
1563.0
4212.5
4972.5
316.0
5440.0
5651.5
991.0
4729.0
2252.5
3838.0
5535.0
4156.0
68.0
3751.0
3099.5
2368.5
1108.0
3219.0
1944.5
4085.5
1141.5
365.5
4333.5
5267.5
3797.5
3831.5
1014.0
2039.0
5605.0
2413.0
2088.5
1856.0
2216.0
1412.5
3540.5
4530.0
2954.0
3340.0
3955.0
2007.5
4215.5
5303.5
1358.5
5144.0
1062.5
1193.0
1375.0
2373.0
4963.5
5412.5
1064.0
1945.5
3289.0
1931.5
3365.5
1490.5
2983.5
3324.0
5643.5
1552.0
3452.0
1904.5
5858.5
2081.5
3220.0
4959.0
1911.0
3631.5
4577.0
2562.5
3242.5
3869.5
2236.0
779.0
3417.0
3277.0
5862.5
1650.0
5343.0
3338.0
991.0
1428.0
5596.5
4008.5
3011.0
1138.0
1639.5
3654.0
6302.5
1877.0
2438.0
2653.0
3214.5
639.5
3152.5
6055.5
5085.0
424.0
68.0
1184.5
2738.0
2070.5
2467.5
2596.5
1248.0
771.0
5705.0
316.0
0
3427.0
5442.0
68.0
359.0
2833.0
5712.0
2953.0
752.5
3998.5
1665.0
1016.5
4801.5
1532.5
1192.5
2814.5
4068.0
2369.5
68.0
3371.5
4613.5
4163.5
3444.0
1505.0
0
792.5
588.5
1727.0
5428.5
1670.0
2401.0
4119.0
5397.0
5833.5
4220.5
0
1386.5
126.5
1567.5
790.0
3326.5
1106.5
2303.0
2782.5
1458.0
4917.0
2874.5
2986.0
804.0
1390.5
3008.5
1512.0
3534.0
4520.0
993.5
461.0
2500.0
5082.0
3818.0
2635.0
984.0
517.0
4481.5
2139.5
2662.5
928.0
1021.5
1389.5
3361.5
1574.5
1156.0
438.5
136.0
3445.5
2368.0
809.0
1530.0
5866.5
1264.5
68.0
2105.0
359.0
3108.5
1574.5
4514.5
3839.0
3075.5
652.0
2546.5
4596.5
3011.0
3253.5
1459.5
365.5
6186.0
2690.0
68.0
2820.5
1527.0
2092.5
1177.5
3282.5
5261.5
126.5
68.0
3165.5
2045.5
1908.5
3174.0
2434.0
1025.5
4768.0
68.0
890.5
3185.0
478.0
6049.5
2345.0
6090.0
2770.5
4193.0
2383.0
138.0
1401.5
68.0
809.0
717.0
4287.0
3661.5
4906.5
1697.5
3444.5
3119.0
4061.0
2048.0
418.5
1612.5
1140.5
6222.5
2299.0
1196.5
5048.5
3437.0
5380.0
2129.5
3256.5
3847.0
736.0
3470.0
3855.5
1041.5
868.0
4019.0
2458.5
4270.0
5744.5
5695.0
2937.0
2661.0
4152.5
611.0
1613.5
3791.5
3803.5
1060.0
2779.0
2281.5
206.0
1833.5
2232.5
1325.5
661.5
2379.0
4632.0
3335.0
828.5
3694.5
3913.5
2688.5
929.5
68.0
126.5
4041.5
2035.5
6447.0
991.0
1342.5
2940.5
4167.5
2238.0
365.5
5499.0
4560.0
1653.0
659.0
2306.0
2785.5
68.0
722.0
726.0
3463.5
491.5
2668.0
3365.0
5969.0
68.0
4006.0
1315.0
4960.5
2496.5
4023.0
2171.5
1986.0
3437.0
4685.5
2724.5
1121.0
3320.0
5373.5
2332.0
2974.5
3713.5
1409.5
790.0
6406.0
419.5
7383.0
586.5
0
1710.5
1174.5
138.0
3947.5
3130.0
1211.5
2005.0
5493.0
2835.5
3354.0
3718.0
2381.5
3057.5
827.5
2126.5
2200.0
1531.5
1752.5
1573.5
951.5
2431.5
4793.5
1986.5
911.5
5159.0
3508.5
3480.0
3318.0
4389.0
285.5
2154.5
3419.5
3174.0
138.0
1862.0
6151.0
1327.0
710.5
300.5
1024.0
3711.0
3283.5
344.0
667.5
3544.5
936.5
5118.5
2611.5
359.0
1642.5
459.5
4046.5
1005.0
4896.5
0
2377.5
68.0
2388.0
1963.0
3558.0
4849.0
0
1298.5
2634.0
3312.5
3191.5
5657.5
717.0
2621.5
1527.0
3869.5
432.5
3796.5
194.5
5609.0
3594.5
5771.5
4206.5
3754.0
3218.5
1127.5
3633.5
4028.5
4726.0
4719.0
965.0
1752.5
1987.5
2053.5
627.5
4863.0
489.5
5590.5
2207.0
1978.5
2873.5
1446.0
2662.0
3092.0
5223.5
3858.5
740.0
4426.5
3106.5
5759.5
3371.5
3845.5
1673.5
4150.0
736.0
1100.5
1054.5
3123.0
3700.0
971.5
5640.0
736.0
1652.0
4681.0
1608.5
1930.5
987.5
419.5
3624.0
1143.0
5668.0
435.5
5596.0
5583.5
898.5
3979.5
1408.0
5224.5
3332.5
5552.0
4660.0
1600.0
3145.0
1459.5
0
4030.5
3135.0
1934.5
3168.5
4245.5
68.0
2892.5
524.5
2470.5
2314.0
2207.0
3412.0
355.5
4413.0
1858.5
1913.0
68.0
1795.5
2320.5
68.0
569.5
2316.5
3046.0
7274.5
3601.5
463.0
1830.0
5825.0
3643.5
5692.0
1857.0
3798.0
1570.5
806.5
138.0
4106.5
2910.0
5587.0
1746.5
2109.5
4152.0
3645.0
3912.5
4387.0
3569.0
5912.0
2005.0
737.5
4392.0
5794.0
4864.0
4429.0
68.0
4069.0
2222.5
852.0
5863.5
1051.0
564.5
3054.0
2601.0
4569.0
1326.0
68.0
2398.5
1720.0
4308.0
2134.5
401.0
6426.0
2912.5
126.5
5837.0
3812.5
68.0
3373.0
126.5
1160.5
4035.0
2255.5
4678.5
2246.5
2575.0
1087.0
3319.5
4244.0
3053.5
3596.0
5580.5
476.0
2491.5
4562.0
1391.5
1255.0
2357.5
1705.0
1037.5
663.5
757.0

3381.5
1940.5
2824.5
2518.5
1477.0
2922.0
942.5
3690.5
614.0
3177.5
5586.5
3547.5
2001.0
0
511.0
633.5
831.5
471.0
68.0
3091.5
758.5
6066.0
3330.5
5203.0
3675.0
300.5
0
418.5
1068.5
2555.0
2392.5
2605.5
5404.5
68.0
3412.5
948.0
2863.0
1333.5
68.0
4168.0
2068.5
441.5
0
790.0
5081.0
3067.0
2390.0
2548.0
2138.0
2843.5
2274.0
5655.0
5547.0
3017.5
4216.5
0
520.5
774.0
4352.0
434.5
1130.5
1661.5
5219.5
383.0
489.5
5864.5
3349.0
1005.0
2238.0
2278.5
424.0
3177.5
3317.0
365.5
126.5
2028.5
68.0
1283.5
875.5
1228.5
1041.5
1342.0
302.0
4419.5
2547.0
1019.0
6504.0
6362.0
5956.5
4859.0
2129.0
717.0
607.0
5653.0
1330.5
1280.5
3070.0
4099.0
5138.5
3278.5
2408.5
3190.5
1845.0
1658.0
596.0
598.0
2449.5
285.5
2681.5
2952.5
1427.5
957.0
3185.0
2664.5
68.0
4309.0
1813.0
2418.0
6534.5
5848.5
68.0
1144.5
1419.5
2845.0
2385.5
2839.0
2894.0
459.5
588.5
965.0
4822.5
1090.0
653.0
5694.0
5499.0
4995.5
1280.5
2896.0
5716.0
2105.5
2715.0
300.5
2113.0
348.5
3746.0
6727.0
3231.5
1815.5
478.0
1734.5
4733.5
2198.0
6627.5
4404.0
4979.5
126.5
5680.5
4682.0
6244.0
2355.0
5353.5
965.5
1527.5
1818.0
5584.5
3859.5
1069.0
458.0
724.0
406.0
5457.0
478.0
1011.0
5112.5
2334.5
2463.5
726.0
2293.5
3618.5
2603.0
138.0
370.5
5411.5
478.0
5712.5
1031.5
4204.5
1199.5
68.0
3316.0
401.0
656.5
4496.0
5742.5
2112.5
6176.5
3494.5
2087.0
4036.5
968.5
2719.0
3104.5
2916.0
1793.5
424.0
867.5
478.0
6128.5
4998.0
888.5
4376.5
1070.0
2129.5
4643.0
2889.5
541.0
1864.5
138.0
0
2821.0
3319.0
1620.5
3109.0
5219.5
1037.5
1269.0
3736.5
738.5
4136.5
3596.0
1142.0
2396.5
583.0
183.5
2924.0
1767.0
1333.0
2391.5
344.0
2724.5
3121.5
953.0
4232.5
4807.0
0
508.5
138.0
1996.5
6872.0
1530.0
1162.0
5355.5
3867.0
383.0
68.0
1806.0
419.5
1168.0
5004.0
138.0
0
2937.5
300.5
1032.0
681.0
68.0
827.5
126.5
2635.0
745.0
68.0
581.0
2171.5
758.5
2555.0
653.5
928.5
7087.0
3684.0
5476.5
2156.5
3149.5
2733.5
722.0
3963.0
370.5
1432.5
1805.0
2585.0
1691.5
68.0
2759.5
722.0
710.5
68.0
1962.0
1064.0
1947.5
2264.5
4255.5
1204.0
962.5
5829.0
770.5
464.5
497.0
382.5
1491.5
68.0
3832.5
777.5
596.5
1079.0
481.0
1633.0
710.5
5473.5
1861.5
1221.5
2110.5
1073.5
126.5
126.5
68.0
595.0
970.0
721.5
943.0
243.0
4064.0
5754.5
2337.0
722.0
68.0
370.5
524.5
1231.5
3992.5
401.0
933.0
5439.0
368.5
346.0
489.5
656.5
540.0
2521.0
370.5
365.5
6349.0
5712.0
471.0
2888.5
126.5
1011.0
582.5
939.5
856.0

0
126.5
3250.0
4535.5
3566.0
424.0
4486.0
2042.0
5696.5
1448.5
2587.0
7537.0
2385.0
0
6183.5
3262.0
946.5
1211.5
401.0
474.5
3891.0
1671.5
4646.5
365.5
797.0
2836.0
126.5
2751.5
5991.5
3852.5
243.5
906.5
494.0
4105.0
1561.5
231.5
707.0
194.5
2985.0
3956.5
608.5
68.0
1583.0
3648.0
2299.0
2699.5
4401.0
0
1246.0
68.0
8566.0
1967.5
472.0
2474.0
892.5

419.5
814.0
719.0
652.0
253.5
1231.5
419.5
68.0
1435.0
0
5698.5
5268.5
2630.5
1198.5
4565.5
491.5
3119.5
4650.0
2008.5
6058.5
3530.5
653.5
3231.5
1189.5
374.5
2356.0
898.0
5072.0
1194.5
716.0
5289.5
4589.0
5515.0
3003.5
3987.0
4057.5
3360.5
2479.5
5230.0
3338.5
1503.5
1183.0
68.0
1038.5
5571.5
2429.0
1532.0
68.0
3381.0
770.0
1757.5
3996.0
3642.0
68.0
4100.5
4538.5
671.0
68.0
6519.0
860.5
3735.0
3756.0
3016.5
4988.0
3383.5
2560.0
459.5
173.0
958.0
2933.0
5138.0
6243.0
0
582.0
988.0
2909.5
3893.5
0
3994.5
4981.0
3621.0
2341.0
5245.5
3681.5
503.5
401.0
300.5
2984.0
5650.5
2866.5
230.5
5367.5
3068.0
68.0
5865.5
68.0
1272.0
2595.5
4503.0
4303.0
3826.0
3913.0
6921.5
497.0
2430.5
3454.0
2138.0
126.5
2547.0
2947.0
3109.5
4325.0
7786.0
2426.0
68.0
4623.0
4247.0
6636.0
3989.0
418.5
1485.5
4772.5
4716.0
3684.5
1765.0
2969.5
2860.0
6421.5
3797.5
2933.0
3954.5
5332.5
561.5
2782.0
1920.0
2081.5
2967.0
4016.0
1161.5
4442.5
1850.0
4869.5
0
674.0
867.0
790.0
3185.0
4797.0
0
3659.5
190.5
288.0
1496.5
5000.5
3591.0
4651.5
1279.5
5500.0
4185.5
5018.5
3002.0
4977.0
790.0
1768.5
3744.5
1918.0
5212.0
2364.5
3301.5
3702.5
1489.5
1643.0
3816.5
2525.5
5634.0
1073.5
1760.5
4853.5
4628.0
4200.0
3374.0
5195.0
1194.5
4548.5
3171.5
126.5
4948.5
1300.0
3012.0
2650.5
2936.5
4033.5
3208.0
3781.0
1746.0
2182.0
2682.0
3194.5
1820.5
1107.0
946.5
1886.0
5244.0
1734.0
6091.0
1670.0
3320.5
1339.5
3884.5
1445.0
4758.0
1027.0
68.0
3375.5
68.0
1917.0
438.5
2315.0
478.0
1574.5
4244.0
5195.5
126.5
3485.0
3949.5
4244.5
2741.5
3395.5
4045.5
2893.0
1358.5
2062.0
2591.0
3654.0
5917.5
5734.5
484.0
2334.5
2595.5
1401.5
424.0
0
829.5
628.5
4748.0
2692.5
3900.5
0
4093.5
4979.0
4707.0
775.5
2956.5
1094.5
2427.0
68.0
1911.0
68.0
997.5
3363.0
1476.0
243.5
3340.5
138.0
1407.5
2595.5
6146.5
4560.5
1008.0
6006.5
3143.5
5508.5
1262.5
128.0
1043.5
489.5
4729.0
3105.0
359.0
640.5
138.0
0
2647.0
4377.0
3514.5
383.0
3772.0
1765.0
2926.0
2785.0
828.5
2756.0
3845.5
5848.0
4098.5
3695.5
3801.5
2448.5
530.5
1952.5
289.0
2328.5
4274.5
6500.0
365.5
3261.0
8591.0
518.0
365.5
3311.5
1361.5
3018.5
1516.0
4467.0
2281.5
6949.5
0
534.0
3365.0
4687.0
3950.5
3851.5
3149.0
1302.5
1968.5
5154.5
4470.5
965.0
3399.0
0
5616.0
2326.0
3692.0
5405.5
2399.0
1578.5
68.0
3641.0
2307.0
2651.5
1627.0
4082.5
3279.0
4728.5
4839.5
0
3603.5
3437.0
717.0
1304.5
1184.5
2960.5
5548.0
5944.0
2572.5
2625.5
2602.0
1812.5
6056.5
554.5
1866.0
1213.0
4643.5
2040.0
418.5
3800.5
243.5
2362.0
756.5
4492.5
4142.0
2764.5
2242.0
3607.5
2902.0
1504.0
1954.0
1728.5
4116.5
4401.0
1892.0
4365.5
3811.0
0
4146.0
3613.5
5012.5
2514.0
1999.5
2851.5
3286.5
2050.0
962.5
934.5
2282.0
4111.5
0
838.5
3699.0
1456.5
3022.5
3269.5
3401.0
945.0
5281.0
5440.5
1401.5
2286.0
2452.0
1895.5
2388.0
4853.0
2921.5
3211.0
4076.5
2379.0
4553.5
4157.5
68.0
0
4762.0
3329.0
5479.0
1005.0
1647.0
4790.5
1741.5
4565.0
2329.0
424.0
365.5
2422.0
2700.0
627.5
1471.0
0
4913.5
68.0
2728.0
1300.0
3456.0
68.0
68.0
2363.0
1838.0
4191.5
3144.0
2349.0
790.0
183.5
1831.0
2668.5
2048.0
2710.5
3494.5
787.0
194.5
2574.5
5099.5
2365.0
4131.5
4260.5
830.0
126.5
2987.0
4477.0
3010.5
1161.5
0
5850.0
1106.5
5835.0
1343.5
3193.5
4483.0
1308.5
68.0
2880.0
359.0
2577.5
194.5
524.5
1690.5
3512.5
3376.0
1887.0
0
4354.0
1275.0
1202.5
2926.5
3881.0
4647.5
1885.5
1766.5
4090.0
2998.0
285.5
1819.0
3543.0
2118.0
3132.0
3778.5
2985.5
3623.5
5076.0
3482.5
3429.5
3408.5
3938.0
1590.5
418.5
3509.5
793.0
4128.5
1435.0
289.0
4763.5
1196.0
2119.0
2127.5
6110.0
3092.5
1988.0
652.0
797.5
138.0
1182.5
2368.0
1816.0
2454.5
5687.5
2736.0
4199.0
3989.0
771.0
4044.5
2013.5
3133.5
1486.0
3786.0
3855.5
1472.0
3083.5
2335.5
68.0
1499.5
2578.5
1949.0
0
1977.0
4908.5
2798.0
1998.0
1283.5
3841.0
5174.0
2341.5
419.5
3744.0
3162.5
0
5503.5
0
1433.5
2794.0
2249.5
3449.5
771.0
2920.5
2507.0
3452.0
545.5
2146.5
68.0
677.0
1193.0
2048.0
1347.5
1050.0
1199.0
3276.5
0
3244.0
1579.0
2854.0
3739.5
298.5
68.0
5394.0
1261.0
419.5
313.5
1710.0
2473.0
3860.5
1073.5
4222.0
4186.5
1838.5
2812.0
0
652.0
2336.0
5613.5
656.0
4116.5
1501.5
68.0
4376.0
832.0
3993.5
522.5
608.5
2870.5
5600.0
1616.5
2188.0
253.5
1810.5
1477.0
2032.0
6034.5
2150.0
7285.5
967.0
2835.5
3086.0
2705.5
5738.5
2699.5
2787.0
1764.5
1887.0
4589.5
1129.0
2645.0
2545.5
1749.5
5007.0
1602.0
2184.5
1150.5
6168.5
126.5
4351.0
2795.0
4293.5
68.0
2611.5
1604.0
2124.0
4217.0
700.0
1980.5
3409.5
4696.5
1644.0
4002.5
0
300.5
5775.5
1776.5
2393.5
138.0
665.0
3996.5
797.5
3319.0
4607.5
3639.5
3352.5
2071.5
524.5
2829.0
3774.5
474.5
1588.0
4145.0
582.5
126.5
576.5
4364.5
1381.5
3063.0
2395.0
4769.0
3829.0
2341.5
2994.5
68.0
424.0
2745.0
1693.0
1191.5
3372.0
2316.5
1337.0
300.5
2666.5
3226.5
1895.5
68.0
300.5
2873.5
3981.0
861.5
68.0
771.0
5978.5
3538.0
3351.5
0
6121.0
2853.5
68.0
2598.5
2007.5
3501.5
1759.0
471.0
3689.0
1495.0
2052.5
751.5
4904.0
1087.5
2785.5
548.5
2749.0
3009.0
2818.5
419.5
2011.5
3240.0
2556.0
727.0
4579.5
4932.5
2708.5
1132.5
365.5
2353.5
3448.0
2345.0
2262.5
3019.5
808.5
524.5
1213.5
1780.0
5452.5
2993.0
68.0
3724.0
1774.0
2125.5
68.0
2742.0
138.0
2585.5
1461.5
3262.5
5658.5
3088.5
2050.0
1559.0
2292.5
68.0
1210.0
348.5
2259.5
1958.5
848.5
2342.0
463.0
946.5
3311.0
4418.5
0
5910.0
3738.5
1012.5
2422.5
230.5
2873.0
289.0
1353.0
960.5
1070.0
2498.0
3476.5
2664.5
4619.5
2483.5
68.0
1387.0
3029.0
4404.5
68.0
5708.0
492.5
2971.0
965.5
3647.0
2570.0
4208.0
618.5
2076.0
2161.0
2912.0
4207.0
1907.5
3972.5
970.5
3218.5
2585.0
1786.5
424.0
3048.0
769.5
4595.5
3933.0
1510.5
4941.0
3126.5
5668.0
4164.5
4798.5
68.0
1219.0
1131.5
2441.0
2302.0
3323.5
799.0
3061.5
2919.5
2058.0
1940.5
2606.0
3560.5
652.0
2955.0
3707.5
5133.0
0
2014.0
68.0
2271.0
126.5
2817.0
3275.0
3001.5
717.0
4875.0
3242.0
3102.5
68.0
1233.0
3834.5
6964.0
0
733.5
741.5
3991.5
771.5
3111.0
3266.5
1102.0
2439.5
722.0
2557.5
3928.0
2765.0
0
2004.0
3203.5
1649.0
3333.5
2004.0
2078.5
2825.5
4333.5
3363.5
138.0
3157.5
2265.5
5035.0
2624.0
3943.0
478.0
3715.0
1405.5
4409.5
4859.0
1194.5
2395.5
4868.0
1757.0
2618.5
2122.5
4209.5
3168.0
4718.5
2794.0
672.0
3383.5
3063.0
2718.0
584.5
3688.5
1849.0
68.0
2278.5
2264.0
1308.5
2578.0
68.0
1641.5
4383.0
4526.5
3229.5
1086.0
963.5
2218.0
1918.5
2116.0
68.0
5857.0
2337.0
3600.5
5404.5
1361.0
3272.5
1868.5
0
483.0
0
242.0
243.0
3312.5
126.5
2223.0
3236.5
1656.5
1589.5
2522.5
4987.5
0
7.0
3510.5
3705.5
492.0
3357.0
4674.5
3552.0
300.5
3185.0
68.0
1850.0
2180.0
1857.0
3026.0
1810.5
3878.0
2767.5
5047.0
3096.5
3201.5
126.5
5037.0
4231.5
2978.0
383.0
243.5
4819.0
1202.0
383.0
789.0
68.0
1808.5
126.5
3521.5
4634.5
5052.0
830.0
1203.5
3685.5
966.0
4510.5
0
509.5
1792.0
2789.0
4870.5
2418.5
3314.5
592.0
934.0
1396.0
704.5
2625.0
4621.5
1336.5
183.5
2057.0
2734.5
2462.0
805.0
2166.5
3203.0
2695.5
2841.5
5029.5
3291.0
2218.0
2888.5
1118.5
194.5
2174.5
4684.0
2431.5
413.0
419.5
4296.5
243.5
2493.0
1635.0
2983.0
4673.0
419.5
3528.0
1998.5
2995.0
5237.0
2671.5
3551.5
3982.5
2645.5
68.0
68.0
3534.0
3275.0
3833.5
1463.5
126.5
5873.5
2251.0
3106.5
3558.5
6266.0
2949.0
967.5
68.0
3623.0
2521.0
926.0
4041.5
365.5
1886.0
4721.5
1278.5
2733.0
4331.5
2610.0
1075.0
2291.0
1222.0
1399.5
3627.0
1739.0
1261.5
1426.5
2743.0
3361.5
1843.5
3124.5
478.0
0
3350.5
5023.0
1388.0
3465.0
5090.5
2061.5
2780.0
0
2392.5
3568.5
949.5
996.0
3971.5
3583.0
4622.0
68.0
1716.0
2287.5
3233.0
3138.5
1181.5
1838.5
2728.5
3957.5
1947.5
0
2588.0
4104.5
68.0
4370.5
243.5
5754.0
3141.5
3073.5
126.5
4635.0
2406.5
2658.0
3144.5
1950.0
2610.0
2763.0
4380.0
2918.0
3519.5
761.5
2465.5
4123.0
1705.0
68.0
613.5
2501.5
756.5
2587.5
68.0
1901.5
2274.5
3852.5
4028.5
2810.5
812.5
1090.5
3113.5
1417.5
614.0
1552.5
1615.0
756.0
3933.5
2354.0
5046.0
2199.0
791.0
3795.0
2302.0
541.0
1713.0
2852.5
3918.0
2966.5
1820.0
2483.5
4005.5
2219.5
916.5
1365.0
3463.0
1005.5
2322.5
68.0
1261.5
2042.5
686.5
1382.0
3207.5
4072.5
1735.0
4185.5
126.5
4893.0
590.0
3508.0
3315.5
1552.5
3449.5
3006.0
1840.5
0
3461.0
880.5
3925.0
2867.0
2345.0
2604.0
3910.5
2566.0
949.5
3869.5
2646.0
2297.5
1306.0
5656.0
4485.5
2952.5
253.0
1779.0
5465.5
3309.5
1532.0
2856.5
698.5
3750.5
5784.0
3114.5
3756.5
2318.0
2159.0
3530.0
4045.5
3554.0
2573.5
2411.5
4501.0
1675.0
3750.0
4792.0
2247.0
2344.5
3582.5
2692.0
3761.5
5259.5
419.5
2111.0
2819.0
3967.5
2033.5
68.0
1769.5
848.0
4983.5
4254.0
736.0
68.0
4060.0
1754.5
3422.5
4426.0
3068.0
3549.5
1586.5
4340.5
2365.0
4170.5
2347.0
2359.0
6786.5
1913.0
1688.0
849.0
1581.5
3997.5
5627.0
3565.0
3157.5
1368.5
1867.0
1831.0
4365.5
4208.0
5246.0
4664.0
5435.0
1186.5
458.0
1464.0
441.5
5318.0
1412.5
783.0
4371.5
774.5
4254.5
2532.0
2035.0
4695.5
6658.0
3063.5
3536.0
1337.5
2508.5
1574.5
3270.0
1908.5
1864.5
1099.0
1551.0
5550.5
2203.5
1739.0
4874.0
3502.5
3177.0
419.5
3000.5
3308.5
401.0
2104.0
4998.0
2460.5
4048.0
68.0
637.0
791.0
4083.5
4648.0
3780.0
3595.5
7460.0
4267.0
4568.5
5173.5
2876.0
646.0
4931.0
2108.0
2908.0
2965.0
943.5
3749.0
881.5
4435.0
777.5
68.0
1233.0
4786.5
1966.5
2585.5
3641.5
1948.5
5206.5
3952.0
640.5
138.0
1336.5
4645.0
1986.0
4685.5
3688.5
478.0
2462.5
1110.0
4756.5
4561.0
2097.5
3366.0
3545.0
4555.0
0
3821.5
0
3182.0
3360.5
4358.5
6210.5
3638.5
2768.5
633.5
4779.5
289.0
2891.0
2762.0
1767.5
3254.5
530.5
3574.5
3919.5
1960.0
68.0
1197.0
4248.0
4405.0
4740.5
3758.0
3476.0
1738.0
4753.0
68.0
964.0
1306.0
879.0
2230.5
1995.5
1672.0
3832.0
4305.0
1797.0
997.5
1018.0
68.0
3710.0
5734.0
4726.0
5432.5
1318.5
2823.5
2489.5
2099.0
3300.5
1489.0
471.0
4172.5
576.0
2109.5
2943.5
0
3345.5
2183.5
2383.5
2807.5
4138.5
438.5
1778.5
2950.0
2684.0
3814.0
2891.5
3172.5
1635.5
4633.0
316.0
5520.0
3785.5
479.5
68.0
2198.5
2636.5
1929.0
1257.0
1064.0
2480.0
6553.0
3508.5
4364.5
2053.0
6003.0
1517.0
1374.0
4557.5
3929.0
2628.0
2536.5
2099.0
1219.0
5132.5
2582.5
1730.5
3273.0
2640.5
781.5
812.0
3849.5
1660.0
463.5
1138.0
2867.0
2764.5
0
.0
4302.5
6717.5
1704.0
3816.0
4628.0
3174.0
1957.0
2449.0
633.5
0
1645.0
794.0
4213.0
2259.5
5537.5
3969.5
4759.0
1015.0
3610.5
1334.5
4352.5
1660.5
5776.0
3346.0
3266.5
2361.5
1177.0
2678.0
1408.0
6066.5
3273.5
1426.5
3667.5
4936.0
3032.0
3400.0
4916.0
3366.0
3831.0
5090.5
1674.5
5235.5
1374.5
0
3406.0
3063.0
68.0
1727.5
702.5
5206.0
4349.0
2388.5
4890.5
4427.5
355.5
4976.5
0
3017.0
2076.5
0
595.0
4188.0
3028.0
2226.0
2225.5
3566.0
3514.0
138.0
1571.5
3896.0
5501.0
0
5677.5
3884.0
947.0
68.0
809.0
2293.5
4335.0
3563.5
0
704.5
3816.0
2920.0
4048.5
0
4029.5
3815.0
1404.5
1055.5
126.5
3018.5
3066.5
4134.0
3504.5
3104.5
2201.5
2300.0
5232.0
2780.0
3166.0
758.5
1077.5
3749.5
4437.0
3642.5
3851.0
2055.0
1019.0
1467.5
3205.0
0
1156.5
2808.5
4922.0
584.5
5601.0
3216.0
6259.0
6570.5
656.5
3642.5
5399.5
3144.5
2918.5
68.0
877.0
3564.5
3960.0
1195.5
646.0
4370.0
1857.5
1265.0
1112.5
5513.5
1716.5
2815.5
4382.5
3222.0
2819.5
3440.5
919.0
3026.0
1461.0
4167.0
2324.5
2344.0
2768.5
613.5
2850.0
2502.5
4254.5
4697.5
3463.5
771.5
4143.0
2614.0
4796.5
2374.5
3290.5
2590.0
3226.0
4236.5
1027.0
1472.5
2681.0
598.0
3911.5
1409.0
5394.5
1300.0
522.5
2200.5
3329.0
4856.5
3604.0
1479.0
3676.0
1952.0
3699.0
4448.0
5724.0
2669.5
1851.5
4408.5
4583.0
4954.0
2422.0
4645.0
68.0
1180.0
1960.0
5685.5
3497.0
4222.0
629.5
1537.0
3648.5
3238.0
2309.5
830.0
2454.0
4984.0
848.5
1123.0
1550.0
1104.5
3675.0
126.5
810.0
4032.0
2008.0
4701.0
1975.5
2238.0
2117.5
0
2668.5
3953.0
3661.0
2118.0
5273.5
778.5
917.5
5140.5
138.0
1122.5
2324.5
629.0
4235.0
2284.0
194.5
1100.5
1680.5
0
2778.5
2770.5
3506.5
424.0
3523.5
68.0
2100.0
3449.0
2838.0
2628.0
1480.0
0
4488.5
0
3552.5
524.5
3106.5
4148.5
2074.5
2388.0
3021.5
471.5
5536.5
2640.0
5314.0
3100.0
0
68.0
2877.0
935.0
0
4532.0
6347.5
2157.0
2460.5
6333.5
3716.5
3842.0
2188.5
126.5
3449.5
6484.5
5142.5
2009.0
1463.0
4831.5
1772.0
1639.5
3998.5
1350.0
3881.0
1354.0
4938.5
2196.5
1583.0
2505.5
2349.5
667.5
2324.5
4348.5
5190.5
4820.5
1440.0
2892.5
2402.0
1971.5
637.0
1590.0
348.5
4152.5
2497.0
5300.5
1577.0
1552.0
2456.0
359.0
68.0
1687.0
7322.0
4026.5
1815.0
5524.5
3570.5
5746.5
672.5
2793.0
839.0
1551.0
3654.5
4525.5
3063.0
3346.0
640.5
3650.0
4850.0
3681.0
1420.0
2795.5
1993.0
2773.0
3732.5
3059.0
5608.0
516.5
4474.0
2432.5
2353.0
0
4845.0
3353.5
4450.5
2851.0
1707.0
1247.0
2262.0
580.0
2145.0
3094.0
4211.0
4014.0
626.0
3184.5
365.5
68.0
3159.5
2814.5
0
1450.0
2182.5
4222.0
0
1087.5
5923.0
1246.0
3208.0
944.0
856.0
470.5
3968.0
1422.0
5838.0
2886.0
5415.0
1318.0
5370.0
2045.0
3937.5
2553.0
534.0
242.0
1200.5
828.5
4824.0
5366.5
0
1621.5
2778.5
3725.5
2333.0
1901.5
365.5
3758.0
3429.5
3108.5
68.0
2703.5
2188.5
1767.0
1823.0
4052.0
3388.5
0
68.0
771.0
302.0
3387.5
2700.0
68.0
4565.0
3755.5
1736.5
0
1401.0
1412.0
0
3644.5
2565.5
4855.5
3774.0
365.5
5689.0
0
836.5
2645.5
68.0
0
138.0
2957.5
4536.0
2282.0
5185.5
194.5
2373.5
3132.5
0
3646.5
1852.5
2798.0
3558.0
0
2436.0
2636.0
0
0
1156.0
2406.0
722.0
3873.5
4702.5
126.5
5070.0
2642.5
1518.0
1389.5
6219.0
5263.0
383.0
1474.5
1500.5
906.0
497.0
3379.0
1559.0
2371.5
860.0
775.5
3807.0
3758.0
3270.0
0
3052.0
1199.5
2245.0
652.0
2932.0
5372.5
3885.0
2563.5
4059.5
4179.0
2984.5
5007.0
0
3245.0
1221.5
3238.5
2605.5
4201.5
861.0
3435.5
0
0
1457.5
2392.5
1760.5
913.0
3190.5
3247.5
4206.5
4433.5
2533.0
3331.0
5131.5
383.0
5822.0
0
126.5
253.0
1905.5
3139.5
2952.5
2751.0
2168.5
2671.5
4105.0
419.5
2204.0
3093.0
6218.5
68.0
3058.5
3984.5
3857.0
2919.0
1631.5
7131.0
3585.0
2772.5
4608.5
2843.0
3909.5
1650.5
2772.5
2309.5
300.5
2636.5
0
557.0
1069.0
1005.0
1632.5
686.0
0
3573.5
3919.5
1961.0
3518.0
423.0
4920.5
3476.0
6478.0
834.5
5095.5
2920.5
3188.0
4346.5
2466.5
2579.5
1711.0
5357.0
1862.5
5631.5
3558.0
138.0
4397.0
1475.5
2461.5
3964.5
2675.5
2078.0
1295.0
5936.0
2484.5
1874.0
3779.0
3023.0
3821.0
704.5
7233.0
1622.5
2450.5
1411.0
316.0
68.0
864.0
2782.0
2037.0
2936.0
2412.5
0
2553.0
5064.0
3337.0
3707.5
576.5
478.0
68.0
4802.5
1949.5
3539.5
1296.5
3641.0
3675.0
1746.5
6658.0
3383.0
2498.0
3207.0
2168.5
3458.0
0
762.5
3836.5
767.5
2930.5
2486.0
3899.0
0
733.0
3416.0
4682.0
5990.0
365.5
5113.5
0
6035.5
946.5
2089.5
2158.5
3497.0
4104.5
613.5
2994.0
3187.5
2404.0
2424.5
5019.0
857.5
3086.5
642.5
0
944.0
2007.0
792.5
5711.0
1180.0
0
68.0
2068.5
1286.0
0
4178.0
5623.0
764.5
5597.5
2993.0
4169.5
1299.5
2961.0
6601.5
2635.0
2392.5
0
7.0
1516.0
2059.0
68.0
2174.0
3402.5
0
2960.5
6562.0
4815.5
755.5
6316.5
1219.0
1473.5
919.0
2749.0
871.5
1257.0
2095.0
3103.0
3353.0
2385.5
3150.0
68.0
5821.0
0
0
2598.5
2970.0
2059.5
3688.0
0
1383.0
1258.5
68.0
2939.0
2732.0
1666.5
68.0
4269.5
0
2135.5
1845.5
1928.5
1476.5
2437.5
5809.0
0
1863.5
4589.5
790.0
3705.0
5421.5
4238.0
0
3422.0
0
3263.5
3246.5
4521.5
1311.0
5303.0
4765.0
3242.0
2267.0
138.0
4312.5
1759.5
0
407.0
68.0
3175.5
6509.0
1207.5
1284.0
3930.5
0
4513.0
1630.5
2036.0
126.5
663.0
5076.0
3094.0
2373.0
4428.5
5069.0
0
1728.0
2737.0
2076.0
5452.5
4047.5
4092.0
2961.5
3203.0
832.5
438.5
1315.5
2590.5
1952.5
546.0
2875.0
3665.0
0
2761.0
3108.0
5403.5
1317.0
557.5
478.0
2487.5
302.0
5637.0
4613.0
6753.5
4856.5
4847.5
2897.0
126.5
5668.0
3537.0
1459.0
1350.0
3773.5
0
1177.0
1442.0
1512.5
4813.5
4355.0
3309.5
2341.5
0
1061.0
5448.5
492.0
2787.0
1887.0
68.0
2202.5
3493.5
253.0
1024.0
2722.5
879.0
1019.5
2809.5
2337.5
3661.5
2546.0
3606.5
6301.0
0
3078.5
3271.0
595.0
1518.5
0
0
787.0
5473.5
1831.5
183.5
1875.0
2092.5
1019.0
1105.0
2851.0
3871.0
1436.5
4454.5
1881.5
3131.5
68.0
3001.0
1693.0
138.0
0
646.0
4113.0
1097.0
868.0
309.5
5090.0
3406.5
4380.5
1534.0
5532.0
2290.0
2048.0
3207.5
2388.5
3533.0
3595.0
2697.5
5812.0
3914.0
1668.5
1299.5
1647.0
2681.0
4995.5
0
3226.0
6140.0
1354.0
3511.0
3641.5
3674.0
6169.0
3847.0
1614.5
4775.5
2409.0
0
1231.5
5412.5
1370.0
3960.0
1866.5
1182.5
0
4732.5
0
4214.0
3208.5
4049.5
0
3559.5
6642.5
4162.5
1688.0
3978.0
2216.0
2131.5
2259.0
419.5
0
0
4317.5
626.5
2928.5
3431.5
0
5021.5
4557.0
4318.0
1310.5
242.0
68.0
0
4515.5
1006.0
3548.0
3204.0
2057.0
4064.5
2520.0
5391.5
126.5
0
5485.5
3253.5
4647.0
3048.0
809.0
1709.0
2836.5
2083.5
2565.0
736.0
3934.5
2249.0
5222.0
2591.5
2445.0
5215.0
4920.5
3390.5
2392.5
230.5
2106.5
0
3034.0
2845.5
4493.0
2861.0
2839.5
4007.5
3586.5
4921.5
637.0
5586.5
472.0
868.0
717.0
1870.0
2042.5
4028.5
2419.5
516.5
5991.5
5608.0
1734.0
4109.5
0
2173.5
5028.5
68.0
3798.0
1801.0
3384.5
1271.5
6725.5
1528.0
3613.5
842.5
5315.5
4269.0
1106.5
1333.0
1962.5
126.5
3363.5
0
4204.5
2682.0
4276.0
3244.5
4856.0
3341.0
0
5404.5
3280.5
859.0
68.0
3256.5
2687.0
991.0
2145.5
3861.5
3892.0
0
3095.5
2963.0
115.5
1829.5
4352.5
1382.5
0
518.0
1535.0
1068.5
1510.0
6011.5
2211.0
1003.0
3413.5
868.5
138.0
4022.0
2004.5
3509.0
198.0
2105.5
522.5
1236.5
5667.0
0
3769.0
390.5
932.5
2680.5
1693.0
179.0
7337.5
2030.0
3943.0
3231.0
126.5
1006.5
1277.0
3758.0
5900.0
4470.5
2379.0
3877.0
1005.5
940.5
3259.5
0
0
9.0
3526.0
0
2638.5
1275.0
2382.5
523.5
4790.5
726.0
3415.0
663.5
0
0
4815.0
2022.0
1831.0
6232.5
3695.5
3837.0
2299.0
4131.0
3046.0
2651.0
2007.5
603.5
242.0
3036.5
1680.5
3414.0
661.0
344.0
1837.0
3505.5
3777.5
0
2681.0
0
2535.0
1190.5
1316.0
1647.0
6683.5
3444.5
2557.5
2740.0
4418.5
1013.0
3376.5
3863.5
4550.5
2857.5
2916.0
4703.0
1092.5
541.0
0
3272.5
6343.0
3850.0
0
1531.5
1352.0
1451.5
1461.0
1451.5
3698.0
183.5
3565.5
1937.0
593.5
5656.5
68.0
4273.0
2611.5
0
2960.0
831.0
3651.5
359.0
770.5
2354.0
4696.0
4190.0
4498.5
0
3473.5
3669.5
3945.0
3294.0
4658.5
5345.0
4208.5
3434.0
2213.5
533.5
2151.0
3594.5
2549.0
3973.5
359.0
1228.0
0
2617.0
4838.0
573.0
419.5
1303.0
2843.0
3464.0
1270.5
1229.0
722.0
5311.0
3022.5
3295.5
3152.5
1874.5
3550.5
3431.5
5110.0
1189.5
1139.0
2872.0
1094.5
680.5
1158.5
1738.0
6984.0
2501.5
3413.0
1834.0
624.5
978.0
126.5
0
2672.0
2109.0
539.5
3467.5
3274.5
1957.5
3945.0
5278.0
1344.0
418.5
3293.0
1405.5
2963.5
0
548.0
3013.0
4527.5
535.0
0
791.0
6719.0
3151.0
5679.5
406.0
4425.5
2623.0
5207.5
3982.5
3632.5
0
1812.0
6830.0
1994.5
2310.0
1471.0
1892.5
911.5
0
1040.0
2557.5
2730.5
3984.5
1199.5
4037.5
2363.0
1030.0
2645.5
3137.5
2236.0
2100.0
2046.5
0
0
6183.0
441.5
2232.5
5923.0
3274.5
3142.0
3035.0
3756.5
1829.5
663.0
1365.0
1553.0
3297.5
6553.0
0
68.0
5188.5
698.5
476.0
5840.5
2467.0
2983.5
1485.5
2411.5
771.0
3633.5
316.0

1165.5
1002.5
2827.5
1543.5
2387.5
2956.5
4296.5
4255.0
230.5
770.0
1476.5
3137.0
2846.5
2006.0
3283.5
2226.0
688.0
2976.0
1997.0
1592.0
4860.5
1161.0
0
68.0
2618.5
1669.5
1272.5
4902.0
3819.5
3735.0
1058.5
68.0
4752.5
2466.0
4795.0
2894.0
438.5
4784.0
2737.0
6291.5
2275.5
3208.5
3177.5
2676.0
1329.0
3503.0
68.0
653.5
2154.5
3379.0
1404.0
1540.0
3733.0
2262.5
717.0
2063.0
3796.5
3691.5
5853.5
1405.5
1821.0
183.5
1880.5
2627.0
3476.0
0
2426.0
653.5
1776.0
2554.5
2132.0
1588.0
1003.5
1082.5
2323.5
4397.0
2858.5
2978.0
2199.0
1535.5
4477.0
1450.0
4719.0
383.0
0
2253.5
2960.5
4244.0
126.5
3676.5
0
0
68.0
3625.0
2237.5
5684.0
3476.0
2771.5
1072.5
2659.5
344.0
960.5
0
2004.5
1644.5
3818.5
3644.0
6157.0
3037.0
1651.5
5930.0
68.0
542.0
3770.5
68.0
5948.0
5093.0
2275.0
3971.0
4498.0
68.0
1184.0
4525.5
2405.5
183.5
2292.0
3112.0
348.5
1853.0
1541.5
1450.0
365.5
4252.5
734.5
0
717.0
1035.5
2790.5
1797.5
687.5
6444.5
3173.0
804.5
1695.0
989.0
4325.0
1965.5
4804.5
2523.5
4997.0
3617.5
2582.0
3302.5
3452.5
2323.0
3150.0
1759.5
3449.5
3671.5
877.0
5065.5
3555.0
2710.5
2220.5
2924.0
365.5
2344.0
2734.5
4082.0
5805.5
1427.0
3824.5
2040.5
4404.5
1236.5
4626.0
5085.5
478.0
2179.0
822.5
721.5
2726.5
5421.5
2486.5
4242.0
5312.5
3098.5
4224.0
2640.5
1152.5
2124.5
1517.0
3667.5
4645.0
2500.5
854.5
5331.0
4389.0
2361.0
2873.5
1403.5
3197.5
2335.5
2140.5
6283.0
4370.0
2003.0
4860.5
1756.5
2730.5
3680.5
2498.0
4119.5
3401.0
2659.0
1644.0
5374.5
0
2301.5
653.5
2765.5
671.0
302.0
3021.0
5567.0
1077.5
68.0
3905.5
3001.0
3301.0
655.0
0
2114.5
3593.0
1495.0
365.5
0
848.5
1069.0
5936.0
1946.0
3654.0
68.0
1898.0
3620.5
2610.0
850.0
2917.0
5026.5
2722.0
1851.0
5689.0
1017.0
4300.0
3297.0
2553.0
3520.0
2689.5
4261.5
2942.5
316.0
4410.0
5723.0
5273.5
2671.5
3165.5
5949.0
1069.0
1445.0
126.5
4337.5
3516.0
4302.5
2951.5
1241.0
633.5
2358.0
1498.0
3529.5
646.0
5285.5
3404.5
646.0
4906.0
3559.5
4760.0
2752.0
1813.5
4750.0
4741.0
68.0
1723.5
5147.5
5729.0
3894.5
4470.5
5477.0
3778.0
5301.5
3413.5
5635.0
736.0
6077.5
1563.0
1719.0
533.5
2959.5
5310.5
1823.5
2741.0
4853.0
300.5
3029.5
1813.5
5121.0
5805.5
68.0
2932.0
1600.5
365.5
3749.0
3787.0
3377.5
2059.5
1399.5
3341.0
243.5
2755.0
1525.5
2306.0
2004.5
2629.0
3195.0
3602.5
1752.0
6006.5
1156.5
1735.5
1034.0
5071.5
4458.5
3030.0
1738.5
3253.0
2825.5
1988.5
1493.0
1866.5
624.5
1921.0
2326.5
5967.5
3804.0
771.0
2425.5
2126.5
3691.0
4119.0
2897.5
478.0
3709.0
1605.0
6869.5
0
835.5
2619.0
2577.0
595.0
2663.5
2635.5
2515.0
0
1381.5
768.5
887.0
2629.5
3172.5
4862.0
4263.0
6200.5
2977.5
1702.0
3271.5
1039.5
1497.5
3454.0
3245.0
183.5
6113.5
126.5
3406.5
2141.0
126.5
365.5
3106.5
1719.5
4310.0
3131.0
355.5
4404.5
5060.0
3327.0
2905.0
3209.0
981.0
3880.5
0
2274.0
126.5
0
478.5
1775.0
722.0
758.5
2194.5
2769.5
3679.0
3746.5
68.0
5250.5
4241.5
5383.5
5399.5
3521.5
4608.5
1355.0
2727.0
3866.0
3848.5
68.0
1405.5
359.0

3782.5
2266.5
751.5
1776.5
3276.0
2967.5
3215.0
3379.0
2180.0
1649.5
126.5
3627.5
1388.0
2439.5
4350.0
5753.5
4527.0
3916.5
3579.0
3938.0
3068.0
4534.5
1489.0
1181.5
1127.5
3228.5
3125.5
1388.5
68.0
3560.0
5292.5
3360.0
2753.0
1105.0
3083.5
3186.5
583.0
2574.5
2480.0
1471.0
5507.5
4007.0
5429.5
5414.5
374.5
5755.5
4044.0
5255.5
4781.0
1254.5
1230.0
3935.0
2874.5
4413.0
3852.5
2209.5
5720.5
1842.0
1174.0
1628.5
3050.5
5522.0
1401.0
1589.0
4167.0
2047.0
1876.0
3543.0
1586.0
128.0
2993.5
5444.0
2888.5
4878.0
2691.5
2307.5
3202.5
6157.0
3200.5
2393.5
5522.5
3826.0
1999.0
3125.0
576.5
702.5
3761.5
3584.0
3602.0
4870.0
1107.5
4824.0
478.0
3053.0
4088.5
5282.0
4341.0
1755.0
2139.5
2358.0
3190.5
3385.5
0
3899.0
3428.0
3548.5
3374.5
5374.0
1821.0
1315.0
2523.5
4515.0
3082.5
4433.0
2182.5
1954.0
2552.5
1574.5
3532.0
1822.0
3897.5
4877.5
1946.5
3464.0
2074.0
3753.0
3051.0
1701.0
1970.5
3836.5
126.5
2319.0
3323.5
2957.5
2280.5
535.0
523.5
1630.5
2888.0
1067.5
3257.5
2816.0
5759.0
1474.0
2628.5
0
3347.0
652.0
1992.0
4447.5
2821.0
411.0
5633.5
4680.0
419.5
2811.5
2856.5
2253.0
4071.5
2528.0
2197.0
2141.0
3045.5
3168.0
3262.5
3177.5
4088.0
478.0
3950.0
3431.0
4635.5
3388.5
3900.5
3668.0
924.5
1703.5
3748.5
1947.0
3703.5
4538.5
2758.5
1158.5
6067.5
2810.0
5829.0
3023.5
4609.5
1911.5
4248.5
1066.5
2985.5
68.0
2505.0
2172.5
1817.0
2865.0
2830.0
2567.0
4382.0
3269.0
3090.5
6075.5
3834.0
3265.5
2209.0
3382.0
2079.0
3121.0
532.0
2871.5
2992.5
2195.5
1591.0
491.5
1432.5
4584.5
809.5
3199.0
2853.0
2641.0
1870.0
1926.0
5762.0
1847.0
964.5
5366.0
419.5
2605.5
5750.0
678.5
5456.0
243.5
3870.0
2709.5
771.0
2684.0
4658.0
3229.5
1485.0
2693.5
1070.5
2553.5
2721.5
3258.0
1781.5
3656.5
545.0
0
3049.0
472.0
3676.0
2213.5
1081.0
3103.5
2769.0
2936.5
3719.5
3366.5
3490.5
4779.5
2278.5
3435.0
1042.0
593.5
300.5
2732.0
2593.5
4165.5
2801.0
3261.0
138.0
3527.5
1264.0
2243.0
2926.0
438.5
3734.5
2190.0
2689.0
2824.0
2929.5
1441.0
3182.5
68.0
3389.5
2893.0
2849.5
549.5
3917.0
568.5
4097.0
5960.5
777.5
6139.5
5451.0
1442.0
545.5
126.5
2837.5
2235.5
3604.0
1492.0
593.5
2772.0
3639.0
2985.5
2653.0
5483.5
4863.0
2560.5
300.5
2311.0
6627.5
4071.0
1217.0
4591.5
5207.0
771.0
949.5
3033.0
5161.5
3199.5
4283.5
5324.0
6086.5
976.0
3643.0
2201.0
5365.0
348.5
6039.0
1014.5
2449.5
4784.0
1069.0
5070.0
138.0
1605.0
3310.5
3542.5
4921.5
4035.0
5459.5
2302.5
4976.0
1808.5
288.0
5638.0
3988.0
138.0
1854.5
3003.5
4043.5
5919.0
2067.5
1970.5
2853.0
1481.0
2430.5
1612.0
3489.5
6347.0
2557.5
3230.5
4118.5
2889.0
2727.5
3417.0
68.0
1036.0
4604.0
3190.0
2465.0
3284.5
6836.5
2948.5
2308.5
4978.0
3979.0
2458.0
1703.5
2710.0
997.5
4851.0
3377.0
1417.0
2197.0
860.5
3598.0
68.0
2723.0
4604.0
3178.0
3171.5
4402.0
126.5
516.5
476.0
2590.5
2921.5
5450.5
1385.0
554.0
1004.5
3801.5
4235.0
3549.0
2056.5
1304.0
3510.0
6349.0
2916.5
300.5
1593.5
546.0
4157.0
5859.5
769.5
3288.5
126.5

68.0
4810.5
1016.0
829.5
1423.5
3168.0
2058.0
2565.0
721.5
285.5
3259.0
6872.0
4528.5
3198.0
2228.0
3504.0
4357.5
4339.0
671.0
1683.0
2983.0
4101.5
383.0
1318.5
419.5
734.0
68.0
453.5
1587.0
843.5
1174.0
1928.5
2782.0
1864.5
3849.0
419.5
3471.5
4495.0
3998.0
2767.0
5342.0
1809.5
4448.5
2556.5
4481.5
4106.5
5639.5
4166.0
2622.0
4114.0
5869.5
6198.0
2848.0
3805.0
1201.5
1288.0
365.5
464.5
3791.5
1724.5
708.5
2778.5
1099.5
1075.0
5684.5
2287.0
5930.5
665.0
126.5
985.0
2933.0
2992.0
138.0
3763.0
1091.5
972.5
1396.5
5022.0
575.0
3280.5
2815.5
5543.0
704.5
1689.5
1338.5
7545.0
1265.5
3637.0
3107.0
6687.0
6110.0
1934.0
2006.5
2215.5
242.0
459.5
922.0
6050.5
3226.0
1606.5
3526.0
1950.5
3342.0
68.0
1605.5
5489.0
5547.5
1221.0
681.5
745.5
1670.5
4029.0
6648.0
419.5
4081.0
2313.5
1759.5
5463.0
1342.5
1764.0
2372.5
2141.0
2155.5
1794.0
1708.0
3543.0
5954.5
3550.5
2737.5
6005.0
2120.0
4158.5
5416.5
2319.5
3553.0
4235.0
3383.0
3204.0
2518.0
2009.0
3003.0
2866.5
4224.5
5690.0
806.0
6202.5
2219.0
3326.0
2829.0
3087.5
3324.0
4091.0
1887.0
3253.5
3092.5
6527.0
722.0
2434.0
2190.5
5677.5
771.0
4310.0
3530.0
3780.0
704.5
1950.5
7105.0
425.5
2866.5
5406.5
4112.5
2711.5
2590.5
365.5
1901.0
4143.0
1440.5
2518.5
2388.5
1457.0
1113.0
2213.0
2183.5
6086.5
5809.5
5876.0
5039.0
173.0
1559.0
2416.5
2321.5
6014.5
2588.5
3637.0
3169.5
1895.5
2893.5
3272.5
4252.5
3880.0
1943.5
68.0
1161.0
186.5
2079.0
5653.5
4610.5
5669.5
365.5
6136.0
2631.0
2253.0
6140.5
3892.5
641.5
4802.0
5621.5
6131.5
2876.0
6570.5
1717.5
3327.5
5987.5
6940.5
478.0
2073.5
4809.0
424.0
3500.5
1957.5
2257.0
2028.0
257.0
1817.5
2343.0
2080.5
6636.5
126.5
2976.5
6238.0
2585.0
899.0
3415.5
3044.0
68.0
902.0
2312.0
5741.0
3884.5
2552.5
1295.5
2594.0
6769.5
68.0
5922.0
465.0
3707.5
1282.0
3137.5
5499.0
68.0
1397.0
2492.5
5633.5
1758.0
68.0
3679.0
3297.5
4103.5
2150.0
4821.0
5495.0
2572.0
2996.5
5647.5
2346.0
3000.0
5463.0
1493.0
3333.0
3053.5
3702.0
2132.5
1803.0
2966.0
1884.0
2642.5
2006.5
3460.5
1074.0
3836.0
2997.5
6085.0
1022.5
997.5
4057.0
1008.0
1022.5
1275.5
884.5
4960.5
996.0
535.0
3821.0
3303.5
1172.0
949.5
2884.0
2503.0
126.5
2498.0
5163.5
5595.0
5594.0
5760.0
3693.5
1207.0
1526.0
1262.5
3357.0
3727.0
1947.0
2237.0
5028.0
1667.5
1022.5
3260.5
3372.0
3385.5
1951.0
3183.0
3055.5
5150.5
3075.0
3476.5
4627.0
5703.0
3047.5
4654.0
4233.5
6155.0
2228.5
1428.5
2702.5
5025.0
4070.0
2503.0
386.0
6367.5
2558.0
2651.0
1974.0
4054.0
3452.0
5263.0
138.0
4102.0
2628.0
4006.0
4228.0
1780.0
5157.5
4968.5
1744.0
1579.0
359.0
2163.0
438.5
1604.5
5201.5
1916.5
2729.0
2916.0
4097.0
3775.0
2805.5
7076.0
3671.5
3415.5
6300.5
3040.0
3646.5
3876.5
5553.0
6234.0
2018.0
4456.0
3267.0
3415.5
1840.5
1103.0
6203.0
5595.5
316.0
497.0
6211.0
4190.5
4939.5
2739.0
2627.0
1663.5
5777.0
2578.0
3579.0
608.5
7080.0
1302.0
686.0
836.0
632.5
3289.5
6022.0
2697.5
3599.0
974.5
5603.0
4476.0
3926.0
2178.5
68.0
1275.0
419.5
613.5
68.0
2398.0
1696.5
6161.5
608.5
1160.5
2588.0
2465.0
3299.5
2471.5
3250.5
359.0
5790.5
68.0
4820.0
4372.0
1262.5
2298.0
2548.5
2919.5
2983.0
3006.5
2261.5
415.5
2508.0
4915.0
2317.0
5324.0
5413.0
1313.5
4734.5
5559.5
126.5
3581.5
5640.5
4865.0
5276.0
5202.0
907.0
2512.5
4878.5
1852.0
4379.5
3122.5
1940.0
997.5
1967.5
4341.5
714.0
2792.0
2616.0
5059.0
3360.5
2148.5
3057.5
5880.0
313.5
1674.5
4355.0
3351.5
2739.5
3292.5
528.5
3348.0
5326.0
5094.0
5106.0
4023.0
2394.0
4002.0
3886.0
1336.0
2267.0
1755.5
2135.5
3147.0
5695.0
3379.0
3471.0
138.0
4277.0
6120.0
3057.5
6180.5
6089.0
1054.0
4630.5
4663.0
2782.5
5458.5
1391.0
563.5
194.5
5398.0
3594.0
1586.0
2278.5
68.0
651.5
6268.5
1120.0
2601.5
5062.5
4136.5
3363.0
1007.5
3760.5
4313.0
2279.0
3713.5
1119.5
4134.0
3149.0
2249.5
4380.5
2417.5
3279.5
3783.5
2838.5
3759.0
5391.5
2759.5
2332.5
5786.5
5732.0
3257.5
2227.5
1286.5
3400.0
1793.5
3375.0
5808.0
4652.0
1721.5
4880.0
624.0
4471.0
4502.5
243.5
3147.0
5277.5
3195.5
771.0
2379.5
3384.0
3414.5
6008.5
5436.5
2972.0
6173.5
2251.5
649.0
1685.0
2783.0
194.5
1210.0
1645.0
4896.0
68.0
519.0
4183.5
419.5
593.5
2166.0
1968.0
4891.0
3336.0
1656.5
2104.0
630.0
2286.0
68.0
3581.0
3206.0
5648.5
2102.0
1842.0
3038.0
4738.5
365.5
6062.5
2385.0
1897.0
1204.5
2849.0
3921.0
6206.5
2096.0
1160.5
4432.5
2658.0
1405.5
2067.5
1913.5
1530.0
3311.5
5046.0
1248.5
348.5
5162.0
2998.0
68.0
2064.5
4817.0
5304.5
5701.0
1490.0
5849.5
3020.0
2840.5
5514.0
1704.0
1676.5
2124.0
1968.5
3043.5
2744.0
3073.5
1339.5
3865.0
949.5
5633.5
2371.0
1921.0
1475.5
3499.5
243.5
4183.5
285.5
7015.0
1404.5
401.0
2896.5
1284.0
3247.5
3608.5
1183.0
316.0
1773.5
3009.0
2020.0
2871.5
5625.0
700.0
1460.0
3010.5
3554.5
5179.5
3387.5
2004.0
68.0
4168.0
6812.0
5328.0
3754.5
3897.5
5888.0
4610.5
817.0
2693.0
7620.5
2970.5
2426.0
7249.0
3176.0
1486.0
2321.5
3001.5
1120.5
3038.5
2625.0
2606.0
2335.0
827.5
4149.5
1126.5
1113.0
4162.0
5337.5
4537.5
68.0
4224.0
1383.5
2663.0
1419.5
2496.0
948.0
3939.5
5777.5
3154.5
508.5
5778.5
4788.0
698.5
3630.5
2278.0
3046.0
2159.5
6620.5
5827.5
2128.0
4137.0
419.5
2367.0
5351.0
505.5
1779.0
652.0
3516.0
4515.0
2461.0
2958.0
6069.0
5480.5
1479.5
5458.5
68.0
1202.5
138.0
3650.0
1134.0
5642.5
2310.5
1314.5
1466.5
2333.0
857.5
1567.5
128.0
2784.0
3028.0
902.5
5795.0
2429.5
2810.5
895.5
1689.0
2661.5
652.0
2319.0
4329.0
1141.5
3707.0
5838.0
68.0
2385.5
3205.0
2764.5
3727.0
2828.5
3981.0
438.5
6839.5
3996.5
752.5
2424.5
3178.5
5516.5
5862.5
3823.0
68.0
0
1669.0
3084.5
719.0
2452.5
4440.0
2749.5
1883.0
4862.0
2250.5
489.5
6321.5
2784.0
3070.0
1925.5
881.0
3281.0
2304.5
2455.0
2579.5
68.0
4160.5
2670.0
1933.0
6167.0
3637.5
4472.5
1594.5
2067.5
1334.5
6747.5
5209.5
315.5
6088.0
1052.0
3001.5
2657.5
5469.0
1318.0
1639.0
2693.5
2915.5
6676.0
3143.5
3388.0
469.5
3581.0
5743.5
1253.5
3973.0
3866.0
757.0
5671.0
5690.0
478.0
3007.0
595.0
1537.0
3395.5
3573.5
4441.5
1080.5
2980.5
1352.5
6150.5
6214.0
1668.5
8529.0
2037.5
2120.5
3352.0
5760.0
2172.0
1800.0
2429.0
2081.0
6283.0
903.5
2701.0
2727.5
3836.0
3224.5
2784.0
2201.5
2509.0
3878.5
2408.0
1844.5
4752.5
3670.5
1106.0
471.0
179.0
3749.5
2140.5
4278.0
1867.5
3621.5
2804.5
3426.5
2786.0
257.0
2408.0
1120.0
5624.5
5099.5
2759.0
5824.0
3378.0
5397.0
2223.0
4165.5
931.0
1395.0
2855.5
4071.5
478.0
4842.5
4518.5
7403.0
3991.5
6608.0
529.0
2354.5
952.5
3048.5
4478.0
3794.0
4203.5
2762.0
4426.5
2536.0
5072.0
1227.0
1056.5
895.0
3494.5
2230.5
1777.0
2247.0
4831.0
2139.5
4065.0
5027.0
2037.5
138.0
3224.5
2324.0
2143.0
4436.5
3738.5
1260.5
2940.0
2831.5
5691.0
5072.5
1564.0
4718.5
830.5
768.0
3317.0
2431.5
2870.0
538.0
2836.0
3815.5
2022.0
2766.5
4081.5
3709.0
874.0
4867.5
489.5
3264.5
2029.0
1431.5
5953.5
960.5
4633.5
4182.5
745.5
4665.5
2002.0
2636.0
6353.5
3641.0
2584.5
2143.5
2288.5
753.5
2939.5
5250.0
2147.5
513.5
424.0
5560.5
1477.5
5500.5
3255.5
4061.5
794.5
985.0
3212.0
3110.0
5777.5
5307.0
4554.5
2913.5
2586.5
2628.0
0
5870.5
698.5
302.0
3804.0
629.5
419.5
2369.0
6760.5
1729.0
4267.5
2824.0
2338.0
1790.5
6630.5
6462.5
3937.5
5011.0
1336.5
635.0
3210.5
4655.0
1236.0
3877.0
4028.5
2692.5
5979.5
582.0
6216.0
6370.5
4260.0
2663.0
1443.0
1620.0
2336.0
3286.5
1251.0
5332.0
438.5
2224.5
1523.0
3146.0
2070.0
1436.5
2125.5
5209.0
2383.0
419.5
1207.5
4648.0
3498.0
1918.0
418.5
2242.0
3673.5
3358.0
1379.0
2236.5
2347.5
3935.5
0
183.5
3474.5
3248.5
862.0
68.0
1442.0
5718.0
1459.0
6407.5
2706.0
3204.0
3266.5
3873.0
523.5
3735.0
3101.0
68.0
1145.5
3795.5
4679.5
595.0
407.0
5468.5
348.5
3321.5
6812.0
3036.5
1742.5
528.0
1873.5
120.5
686.5
2859.5
2675.5
4939.5
3251.0
2718.0
2015.5
4462.0
632.0
3177.0
722.0
4369.0
1867.5
3480.5
6203.5
3312.5
3712.5
1192.0
6565.5
2267.5
1002.5
68.0
3416.0
4778.5
734.5
2618.0
3770.5
1112.0
4393.0
535.0
4974.0
3184.5
2685.0
2140.0
1721.0
516.5
6957.5
2593.5
5593.0
179.0
2053.0
243.0
1557.5
3593.5
1324.0
5336.5
5075.0
3408.0
3114.0
0
3342.0
3499.5
2236.0
3529.5
365.5
3281.0
126.5
6136.0
2061.5
695.5
5014.0
4363.5
2654.5
1447.5
1667.0
2827.0
1907.5
717.0
970.0
3579.0
1513.0
3611.0
1758.0
1362.5
2386.0
1691.0
4272.5
2217.5
5661.0
1081.0
7231.0
2623.0
2484.0
5628.5
637.0
2900.5
6496.5
4431.0
4566.5
2195.5
534.5
1138.5
1264.5
2034.0
1336.0
1056.0
848.5
3718.5
348.5
1891.0
1863.5
658.0
242.0
1033.5
2663.5
3090.0
3372.5
120.5
4018.5
3441.0
0
4603.5
1937.5
3036.5
484.0
2509.5
6490.5
2081.0
4695.5
3284.0
2898.0
3672.0
5726.0
516.5
1857.0
2840.0
879.5
1725.5
4265.5
1396.5
5246.5
190.5
1786.0
2216.0
549.5
4465.5
700.0

1025.5
6541.5
68.0
1392.5
4150.5
5569.5
531.5
6857.5
5260.5
4505.5
5149.5
3513.5
1491.5
2443.5
7419.0
1495.5
5509.0
7996.5
719.0
2679.5
2388.0
656.0
1689.0
5024.0
2221.5
651.5
528.0
2368.5
68.0
1351.0
2034.5
491.0
6109.5
2318.0
1081.0
2847.0
186.5
5324.5
1513.0
1612.0
1636.0
1222.0
1953.0
3016.5
5621.5
1266.0
906.0
3765.5
2605.5
4761.5
1427.5
68.0
2532.0
1062.5
1356.0
3693.5
5523.0
4368.5
365.5
4376.0
3200.5
6282.5
2709.0
3364.5
1691.5
1509.0
5820.0
5589.5
5901.5
1390.0
3451.0
3374.0
5257.5
3662.5
1314.5
1008.0
700.0
841.0
2568.5
3194.0
5295.0
5125.5
4304.0
3542.0
138.0
3257.0
5724.5
4725.0
5676.5
3961.5
717.0
478.0
0
68.0
6090.5
726.0
1786.0
3954.0
3196.0
4061.5
1029.0
5210.5
1288.0
3507.5
68.0
971.0
5717.0
4642.0
3415.0
1814.5
2086.0
2415.5
2860.5
4874.5
2191.0
2690.0
6177.0
2797.5
6483.5
2274.5
594.5
6068.5
2132.0
3828.5
68.0
418.5
5501.5
3275.0
6826.0
1789.5
6657.5
2441.5
6776.0
1220.5
138.0
5214.5
811.0
2019.5
1778.0
1838.0
636.0
3851.5
793.0
3653.0
2583.5
2218.5
1690.5
3469.0
2693.0
3869.0
3124.0
2413.0
1127.5
2536.5
5625.5
2811.5
961.0
2702.0
566.0
1405.0
9193.0
3567.0
1392.0
6965.0
2955.5
5388.5
138.0
2370.5
6457.0
965.5
4994.5
4205.0
289.0
5751.5
3094.5
6730.0
300.5
1951.0
1421.0
2887.0
2131.5
1943.5
3620.5
607.0
3032.0
5608.5
126.5
2616.0
3626.5
2205.5
289.0
2784.0
1301.0
2511.5
3224.5
1560.5
2800.0
4496.5
4312.0
1314.5
243.5
4585.5
4310.0
5813.5
2066.0
1423.5
5060.5
2996.5
2489.0
2615.0
3673.0
1475.5
737.5
1354.5
6915.0
5359.0
1730.0
616.0

407.0
3377.5
3961.0
2774.5
5758.5
4725.0
0
1107.0
1524.5
3355.0
3096.0
2727.0
6866.0
2665.0
809.0
1867.0
3975.0
2775.0
656.5
138.0
6914.5
2446.5
548.5
3315.0
1954.0
2954.5
313.5
988.5
3592.0
136.0
881.5
4957.5
3484.0
2533.0
1628.0
5584.5
2034.5
2424.5
2058.0
2356.0
3209.0
1137.5
2789.0
5192.0
3758.5
4792.5
1092.5
3292.0
68.0
1616.0
1585.0
3508.5
1323.5
419.5
6105.5
1663.5
889.5
1388.5
967.0
1642.0
3810.0
542.5
68.0
3383.5
3756.5
3361.5
927.0
786.5
3256.0
348.5
3724.5
2484.0
4151.5
1551.0
5548.5
3088.0
3512.5
1307.0
2454.0
3402.0
2892.0
2136.5
2255.5
4560.5
1383.5
5903.5
2143.0
2350.5
5165.5
2109.5
2944.5
3278.0
2506.0
5296.0
4294.5
763.0
1843.5
1185.0
944.5
2319.0
365.5
1584.5
2564.0
2523.0
5458.0
3589.5
2684.0
68.0
2379.0
4797.0
2361.0
2663.0
3500.5
2292.0
1115.5
2075.0
4161.5
1599.5
3261.0
6098.0
4892.5
2402.5
1676.5
243.5
4801.0
2742.0
471.0
6898.0
2906.5
1873.5
1480.5
1747.5
3447.0
5075.0
2405.0
1828.5
2593.5
1000.5
4016.5
4070.5
4795.0
2180.0
1180.0
1440.5
365.5
1924.0
2929.5
68.0
1665.5
2928.0
3713.5
4135.5
3449.5
7133.0
3500.0
2603.0
2377.0
3687.5
138.0
945.0
2068.0
5665.5
1971.0
2999.5
3413.5
2735.0
809.5
792.5
6989.5
1149.5
5719.0
5057.0
333.0
68.0
1497.5
5432.5
3152.5
126.5
3187.0
6042.0
2703.0
686.0
1823.5
3377.5
1039.0
5742.0
4343.5
1534.0
2116.0
2785.0
1176.0
2699.5
1725.5
0
1962.5
1274.5
3950.0
5145.0
4961.5
2509.0
924.5
2158.5
1180.0
1029.5
1471.5
2200.0
1850.0
2388.5
3462.5
1384.5
1492.0
967.0
588.0
4669.0
3552.0
5200.5
2762.0
6183.5
2851.5
2179.5
285.5
285.5
3401.0
2850.5
126.5
4791.0
2574.0
3824.0
316.0
1732.5
3205.0
2627.5
1743.0
3037.5
3786.0
1345.5
0
359.0
3241.0
1639.0
1986.5
1670.5
0
4030.0
2216.5
3223.0
3004.5
1774.0
2426.0
5601.5
3227.0
4319.5
5934.0
1539.0
0
3848.5
1317.0
2616.5
5404.5
3636.0
3827.0
3471.0
3414.0
1109.0
3096.5
365.5
734.5
3939.0
0
6804.5
3376.5
2429.5
0
478.0
757.0
1870.5
3118.0
3026.0
5537.0
771.5
3084.0
3278.0
2093.5
3391.5
5849.5
126.5
931.5
1431.5
1384.0
999.0
3583.0
2400.0
3899.0
3798.0
1141.0
3983.5
1938.5
2696.0
919.0
1673.5
4049.5
2303.0
2944.5
1249.5
2160.5
1611.5
2196.0
1043.0
1521.0
348.5
2107.0
1702.0
1495.0
1086.0
3558.5
2651.5
1804.0
1427.5
3222.5
138.0
138.0
2393.0
3592.5
68.0
1810.5
1728.5
652.0
4060.0
523.5
2942.5
3675.5
3447.5
5689.0
1895.0
2733.0
2271.5
1197.0
3115.0
2716.5
4514.0
2424.5
824.0
5932.0
3811.0
2108.5
3290.0
0
5887.0
68.0
2261.0
6096.5
2266.0
2238.5
1479.0
1433.5
1659.5
1794.5
3182.0
1528.5
3195.0
855.0
2759.5
5297.0
2452.0
0
2843.0
2775.0
1371.0
5430.0
2761.0
2764.0
2443.5
2247.5
1516.0
1085.0
0
68.0
126.5
497.0
6096.5
365.5
2619.0
829.0
126.5
2733.5
5666.0
2238.0
2364.0
3490.5
1230.5
1427.5
0
68.0
1368.0
771.0
1888.5
3591.0
6466.5
1031.0
2613.5
6817.5
374.5
478.0
5053.5
4316.5
2942.5
2203.5
478.0
0
1192.0
2626.5
3256.0
2827.5
5140.5
717.0
5013.5
3719.0
2588.0
861.0
766.0
1148.5
3790.5
6389.5
1511.0
0
2815.0
1922.0
1133.0
1321.0
3969.5
1386.0
4630.0
3012.5
68.0
2631.5
2059.0
419.5
5244.0
725.0
115.5
419.5
2487.0
5256.5
3244.5
2715.0
68.0
419.5
2746.5
1969.0
3163.0
3979.5
2454.5
1331.5
2182.0
3234.5
3595.0
6037.5
1521.0
4987.0
541.0
2264.5
2756.5
2124.0
1233.0
1999.0
1557.5
0
2031.0
2783.0
0
138.0
661.0
6422.5
5380.0
3117.5
5158.0
1915.5
300.5
0
4626.5
763.0
2197.0
1794.0
3009.0
4254.5
3110.5
1038.0
1574.0
0
548.5
419.0
2302.0
947.0
0
243.5
478.0
2446.0
3652.0
3709.0
1475.5
2247.0
300.5
3361.5
2212.5
2191.0
7241.0
2763.5
987.5
0
5696.0
3524.0
5454.5
5455.5
3453.5
138.0
3862.5
1050.0
758.0
3176.0
0
1886.5
2800.5
1122.5
0
809.5
2075.0
1391.0
1902.5
0
120.5
6775.0
4063.0
4549.0
3035.5
3357.0
1324.5
1589.5
1786.5
1371.5
0
6848.0
3715.5
3054.5
595.0
68.0
3627.5
3045.5
3470.5
2569.5
0
1933.0
5943.5
4488.0
0
994.5
2545.5
6610.0
68.0
2886.0
1933.5
3251.0
459.5
383.0
1530.5
363.5
1850.0
0
3780.0
288.0
1766.5
438.5
3062.0
138.0
5900.5
3912.5
2310.0
4691.0
1862.0
1496.5
3536.0
2757.5
3111.0
4653.0
2927.0
665.0
68.0
4187.5
534.5
1583.5
1001.0
3025.5
2703.5
126.5
2448.5
1244.0
3468.5
5545.5
962.0
4609.5
2571.0
3519.0
916.0
1705.0
1984.0
4691.5
4261.5
2257.0
1391.5
126.5
1410.0
1420.5
0
1584.5
2188.5
962.5
1461.0
0
1.5
1172.5
2826.5
4923.5
3643.0
3409.0
4451.5
1758.5
68.0
3760.5
3622.0
633.5
3211.5
68.0
2886.5
68.0
5646.0
1617.5
1712.0
698.5
5666.5
3789.5
1120.0
2759.5
1534.0
2340.0
4103.5
2985.0
615.5
0
1126.0
138.0
3701.5
3282.5
811.0
3516.5
3384.5
0
1800.0
6113.5
3231.0
1448.0
1780.5
2435.0
3530.0
2062.5
4459.5
2814.0
3705.5
1876.5
4107.5
5280.0
2117.0
2138.5
1092.0
5268.0
1814.5
5212.5
2492.0
829.5
4771.5
126.5
6904.0
68.0
1142.5
3248.5
3803.5
1886.0
3574.5
2032.0
126.5
3165.0
2106.5
126.5
993.0
1304.0
7598.0
3570.5
6355.5
2651.0
2895.5
4942.0
1627.0
0
6086.5
5929.5
3161.5
2313.5
3011.0
3193.0
5862.5
2375.0
4496.5
4611.0
771.5
1821.0
1673.5
2778.0
3283.0
1050.0
1321.0
2928.0
991.0
4418.5
1408.5
1989.0
6775.5
3365.5
3618.5
3961.5
2801.5
2088.0
2984.5
6551.5
5767.5
316.0
5459.0
6130.5
1596.0
848.5
126.5
2892.5
2970.5
582.0
4213.5
4146.0
4254.5
1193.0
4166.0
4296.0
3109.5
1580.5
6168.0
1434.5
1950.0
126.5
1912.0
1574.5
5422.5
1188.5
1704.0
1127.0
300.5
3169.5
3691.5
1546.5
5250.5
3251.5
794.5
300.5
5639.0
732.5
535.0
2337.5
425.5
5172.5
4500.0
2200.0
2364.0
4106.0
3047.5
1514.0
924.5
2178.0
1145.5
1284.0
2767.5
2326.5
3617.5
2582.0
3556.5
5214.5
3135.5
3317.0
1362.0
1470.5
1705.0
1878.0
5376.5
8092.5
1950.0
1050.5
1255.5
7693.0
1165.5
5252.5
484.0
8597.0
4825.0
1746.0
884.0
2837.5
3618.0
2054.5
3222.5
68.0
2068.5
2769.5
2924.0
1500.5
3469.5
2346.0
3782.5
2188.0
2059.5
1563.5
2373.0
534.0
1712.0
1445.5
710.5
2312.0
3983.0
1129.0
5380.5
3867.0
808.5
4999.0
2993.5
5944.5
3201.5
5635.5
1385.0
1338.0
3535.0
1073.0
1284.5
3824.5
3149.0
5763.0
4668.5
1342.0
126.5
2368.5
2102.5
2979.5
1451.5
787.0
2535.5
4429.0
2034.5
2793.5
3345.0
1939.5
6699.0
3670.0
7487.5
3365.5
5035.5
1671.0
3471.5
3887.0
541.0
4787.0
1680.0
770.5
6960.5
3405.0
2777.5
4600.0
1206.5
2731.0
2657.0
2326.5
1289.0
2877.0
5314.5
3328.5
5704.5
791.0
3212.0
3838.0
2914.5
3858.0
365.5
1496.0
1722.0
138.0
478.5
4859.0
3949.0
4024.5
717.0
2060.5
4060.5
1865.0
6411.5
668.0
1984.5
3623.5
3866.0
478.0
2053.0
3371.0
0
4156.5
4928.5
1999.0
2604.0
4771.0
764.5
3941.5
2055.0
1967.0
4676.0
6418.0
980.5
1677.0
1059.5
3220.5
4048.5
1872.5
1768.0
5022.5
2183.5
1814.0
3515.5
2704.0
68.0
3306.5
3499.0
1938.5
68.0
4220.5
1867.0
1497.5
2260.5
3239.5
2180.0
3902.5
5825.5
2884.0
183.5
1884.0
4076.0
4304.0
4032.5
2626.5
4258.5
804.0
739.0
1393.0
2995.0
6108.5
4147.5
983.0
3448.0
3146.0
2288.0
1675.0
6214.5
830.0
236.0
3941.5
1987.0
874.0
68.0
68.0
831.0
4173.5
4398.5
2128.0
0
2257.5
2556.0
2241.0
2548.0
1407.0
4710.0
2746.5
953.5
3731.5
1676.0
68.0
5140.0
1089.5
1622.0
2449.5
2295.5
68.0
2964.0
3408.0
0
68.0
2590.0
68.0
4259.0
1693.5
3653.5
6169.5
3629.5
4168.0
2076.5
0
126.5
1824.0
2577.5
2640.0
1428.0
1090.0
5032.0
686.5
989.5
3076.5
1477.5
2721.5
0
2897.5
3890.5
5267.5
357.0
359.0
5048.5
2140.5
2131.0
2250.5
4196.5
652.0
700.0
1471.0
4542.0
0
2303.5
2016.0
2404.5
1165.5
1610.5
2919.0
2374.5
1035.0
2003.5
438.5
2984.5
231.5
474.5
1688.0
1343.5
464.5
2555.5
4947.5
3583.5
5209.0
2959.5
1757.5
3857.5
359.0
6949.5
2745.0
0
186.5
2193.0
1830.5
921.5
68.0
719.0
4152.0
6194.0
0
327.0
1420.0
2870.0
68.0
3404.5
801.0
2667.0
911.5
1324.5
4563.5
1747.5
1577.0
4950.5
4864.5
941.5
1170.5
906.0
4288.0
7707.5
231.0
2541.5
2870.0
2257.0
6936.0
2293.5
7672.5
1859.5
1835.5
2024.5
3265.5
1656.0
841.5
1703.0
3171.0
5962.0
5596.5
3569.0
1680.5
68.0
2570.5
953.5
2914.0
68.0
3532.0
4900.0
2701.0
4687.0
2382.0
1730.5
3852.0
1347.0
4607.5
3414.0
6140.0
3370.0
2127.5
3109.0
2949.5
2861.5
8152.5
3398.0
2803.0
183.5
1903.0
3552.0
3606.0
5100.5
2203.5
68.0
1830.5
2266.5
1937.5
5682.0
649.0
4087.0
5635.5
3305.5
2656.0
3856.5
4289.0
3868.5
1938.0
3501.5
2772.5
5095.0
4915.0
2895.0
138.0
4103.0
4173.5
2408.5
3857.5
2448.0
3583.0
2540.5
2765.5
2981.0
2457.0
126.5
2364.0
3737.0
6957.0
4764.0
1016.5
3747.5
1842.0
729.5
8069.5
6299.0
1220.0
2774.5
3485.0
3312.5
3586.5
3074.0
809.0
646.5
2504.5
1219.0
0
2001.5
622.0
4692.0
1267.5
5618.5
1298.5
2592.0
1759.5
2655.0
828.5
5996.0
2753.5
5422.0
3660.0
1945.0
2129.5
4046.0
5485.0
1366.0
4482.0
3832.5
478.0
4329.0
0
2419.0
5852.5
1104.0
1601.5
424.0
2772.5
2957.5
2793.5
3730.0
126.5
2820.5
3524.5
3366.0
3019.0
419.5
3467.0
1116.0
0
138.0
2423.0
3691.0
3490.5
3767.0
0
1852.5
4011.0
1817.0
2600.0
1844.0
4421.0
419.5
68.0
1753.5
4744.0
1110.0
5250.0
68.0
2145.5
530.5
2836.0
2418.0
3218.5
778.5
2198.0
3756.5
3175.5
3074.5
120.5
3712.0
1146.0
1566.5
3020.5
1550.0
2912.5
4490.0
3541.5
3263.5
3604.5
0
4045.0
3032.0
2077.0
2297.0
3616.0
882.5
940.0
3931.5
1361.5
3147.0
3599.5
1062.5
1765.5
3451.5
68.0
1496.5
934.0
4102.5
1078.5
0
2193.0
6202.0
3212.5
766.5
635.0
0
4692.0
1474.0
4690.0
2296.5
3420.0
6552.0
4997.0
2163.5
2365.0
419.5
0
1844.5
2948.0
2557.5
5465.0
3460.0
1722.5
4995.0
1634.5
4814.0
2784.0
383.0
663.0
6100.0
3151.5
2240.0
3354.5
3245.0
3415.5
365.5
4452.0
3629.0
1081.0
6015.5
7765.0
1008.0
302.0
3227.0
948.0
5887.5
68.0
316.0
1316.5
1110.0
2734.5
68.0
4327.0
5746.5
5954.5
3623.0
3672.5
3432.5
2854.5
4394.0
1148.0
2382.5
3535.5
1397.5
5443.0
6933.0
1957.0
1100.0
2505.0
2363.0
2168.0
1781.5
4205.5
5552.5
6595.5
608.5
4993.5
2516.0
1795.5
3438.5
1918.0
370.5
6849.0
920.0
3310.5
2509.0
1760.0
285.5
3142.0
2393.5
2134.5
459.5
1656.5
1683.0
2033.5
2142.0
2700.5
2101.0
4946.5
5483.0
3147.0
4522.5
1826.0
1290.0
5805.0
1086.0
1987.0
1053.5
3134.0
1591.0
3614.0
3194.5
2657.5
6970.0
1503.0
4824.0
68.0
5025.5
231.5
0
3816.5
3085.5
948.0
126.5
497.0
734.0
3782.5
4382.5
891.5
3015.0
2214.5
5127.5
0
600.5
3864.5
5677.5
5865.5
2408.0
3195.5
3868.5
1438.0
2050.0
6044.0
4893.5
3810.5
3312.5
2217.0
3880.5
564.5
3600.0
1266.0
2588.5
1999.0
3098.5
0
608.5
1569.5
3944.0
5511.0
3192.5
2457.0
2795.0
5278.0
2639.5
2295.5
4667.0
1041.5
3691.0
5051.0
2650.5
6445.5
2449.5
417.5
1303.0
603.5
3365.5
2118.0
407.0
0
5019.0
4040.0
5672.0
5439.5
365.5
4495.5
1207.5
4180.5
5233.5
4505.0
5627.0
2184.0
0
1684.5
0
5940.0
2084.5
965.0
3025.5
435.5
365.5
3218.5
1438.0
3012.5
5053.5
2464.5
1114.0
3501.0
1434.0
2559.5
3815.5
2447.0
1160.5
1822.5
3472.0
4431.0
771.0
1659.0
2392.5
653.5
419.5
6808.0
419.5
1794.0
4208.5
2271.0
1309.0
3189.0
2708.5
3382.0
1631.5
2604.0
479.5
4176.5
3434.5
1640.5
1475.0
435.5
5857.5
2440.0
2975.0
633.5
5689.0
3782.5
3483.5
1764.5
1785.0
1955.5
752.5
1946.5
667.5
1378.5
2867.5
5670.5
3672.5
2205.0
2910.5
2244.0
300.5
0
1420.5
1922.0
5058.0
2977.0
4547.5
3565.5
300.5
1419.5
4578.0
1890.0
3604.0
3967.5
6221.0
1668.5
2069.0
126.5
5233.0
1060.0
6148.5
4301.5
4777.0
5486.5
4331.5
774.5
825.5
2132.0
3003.0
6588.0
3030.5
5089.5
3170.0
4470.5
186.5
3658.5
3023.5
5288.5
804.5
2247.5
6060.5
3739.5
138.0
2578.5
641.5
3613.5
2876.5
1275.5
800.0
998.0
3075.5
600.5
1506.0
3622.0
4403.5
2277.5
3260.5
4519.0
2011.5
68.0
138.0
2127.0
3386.5
172.0
3214.0
5044.5
1457.0
1988.0
3895.5
2727.5
2927.5
717.0
1991.0
1587.5
3636.0
1745.0
4234.5
2677.5
1000.0
3301.0
300.5
1301.5
3202.5
4367.0
1559.5
3586.0
5150.0
2729.0
2854.0
2823.5
3948.5
2749.5
3837.0
3120.0
598.0
1992.5
138.0
2000.0
3493.0
4162.0
2704.0
2321.5
1722.0
2040.5
2415.5
2832.0
4261.5
2027.0
2976.5
1687.0
0
1291.5
478.0
5040.0
2636.5
2825.0
4493.0
2769.5
4946.5
1298.0
4431.0
3712.0
68.0
0
2602.5
2940.0
419.5
738.5
3451.5
2316.5
497.0
4498.5
128.0
2666.0
2915.0
3334.5
3390.5
0
2958.0
1892.0
1911.0
355.5
3232.0
419.5
1216.0
1822.5
2918.0
4731.0
4551.5
1234.5
1905.0
4366.0
4440.5
4166.0
2218.5
753.5
2662.5
1660.0
441.5
3250.0
2834.5
2954.0
2530.5
3687.5
1352.0
2707.0
3013.5
4710.0
1144.5
2159.0
2980.5
3188.5
541.0
1803.0
4016.5
2319.0
2483.5
2889.5
370.5
2244.5
1755.5
2152.5
2743.5
1682.0
2198.0
3594.0
138.0
3045.5
3233.0
3783.5
2121.5
1905.5
3406.5
2602.0
2238.0
253.0
4392.5
1619.0
2703.5
4848.0
1457.0
1979.5
68.0
271.0
1421.5
1825.5
0
2783.5
365.5
370.5
4205.0
2442.0
1422.0
68.0
438.5
1160.5
2057.0
1493.0
3066.0
179.0
0
1696.5
2452.5
2765.0
2520.0
3549.5
582.5
2816.0
68.0
3228.0
2642.5
4949.5
3099.0
804.5
2478.0
4184.0
777.5
2787.5
4534.5
1640.0
3166.0
5011.0
126.5
794.5
3498.5
5910.0
1353.5
4630.0
1614.0
2255.0
2935.5
1493.0
2389.5
1638.0
2183.0
829.5
1271.5
1976.5
1165.5
6034.5
68.0
1831.0
2390.5
3785.5
2524.0
760.5
126.5
2562.0
2073.0
3608.0
3681.5
1901.5
424.0
956.0
2939.0
6053.0
2810.0
1454.5
3172.0
3891.5
3698.5
359.0
2075.5
2704.0
2789.5
418.5
2574.5
3789.0
126.5
2868.0
830.0
5247.0
302.0
243.5
438.5
2225.0
1509.0
3552.0
1987.0
2277.0
2354.5
3017.0
4665.5
3247.0
1854.5
126.5
1494.0
1749.5
3217.5
1086.0
3094.0
2135.0
1867.5
4843.0
4508.0
550.0
4614.0
1701.5
979.0
717.0
2380.5
1825.5
2073.5
5533.5
2998.5
755.5
6896.5
841.0
671.0
1823.0
3783.0
1420.5
1695.0
721.5
1371.0
2851.5
5169.5
438.5
3316.5
4206.5
3559.5
949.5
1980.0
4118.5
1974.5
1496.0
2266.5
497.0
7265.5
1230.0
4401.5
0
1389.5
126.5
1685.5
2993.0
138.0
2408.0
4054.5
2399.5
1852.0
3123.0
5059.0
2511.0
4037.0
183.5
1087.5
126.5
3524.0
1680.5
4641.0
4381.0
1137.5
1100.0
2231.5
3175.0
4914.5
1850.5
2199.0
3387.0
1376.0
554.0
4801.0
1526.5
2203.0
1107.0
3367.5
893.5
1445.5
4324.0
1324.0
365.5
1374.5
1683.0
3903.5
68.0
3159.5
4769.0
3620.0
1092.0
68.0
2122.5
699.0
1808.5
3784.5
1893.0
2569.5
2198.0
3804.0
1298.5
1769.5
601.0
1319.0
1798.5
138.0
5492.0
949.5
1970.0
1868.5
2246.0
3237.5
1639.0
0
316.0
6925.5
2474.5
2631.5
2659.5
4374.0
2166.0
3202.5
2733.5
6001.0
1867.5
2273.5
1544.5
4229.5
5188.5
2131.0
4181.5
927.5
302.0
2951.5
1866.5
734.5
2528.0
3263.0
2784.0
0
1796.5
790.0
516.5
2672.0
1869.5
1903.5
1264.0
1298.5
876.5
2987.0
3432.5
1699.5
3205.5
4071.5
1477.5
1075.5
3199.5
719.0
3059.5
2947.0
2393.0
2883.0
4598.5
2710.5
2269.0
879.5
3795.0
1949.5
5501.0
2488.0
4752.5
2552.5
2428.5
365.5
4994.5
3278.5
4488.5
68.0
1386.5
3263.0
3493.5
537.0

3733.5
2488.5
1656.5
3676.5
2510.0
5528.0
4379.5
4416.0
3687.0
1747.0
3117.5
4934.0
1318.5
2521.5
2507.0
2912.0
5218.5
2510.5
894.5
2152.0
1849.0
3431.5
3113.5
2324.0
68.0
3228.0
1887.5
3592.5
1519.0
4705.5
3874.0
1256.0
1123.0
518.0
68.0
4700.0
771.0
3454.5
2493.0
1995.5
479.5
4071.5
2678.5
3200.0
4116.5
2126.5
1342.0
243.5
2659.0
928.0
438.5

5898.0
703.5
3374.5
790.0
1787.5
3200.5
3990.5
3021.5
3501.0
0
2687.5
712.0
3278.5
3004.0
1835.5
2528.5
2552.5
1599.0
830.0
3310.0
1373.5
1817.5
3551.5
2089.5
5263.0
418.5
3415.0
3053.0
1910.5
1633.5
2026.0
1831.5
3051.0
3041.0
1915.0
1835.0
2931.5
1440.0
2662.5
2692.5
2737.0
3752.0
138.0
2227.0
4044.5
3629.0
2194.5
3440.5
3640.0
419.5
2232.0
2561.0
3974.5
126.5
1429.0
1985.5
2707.5
2742.0
3033.5
3378.5
2565.0
2286.5
5030.0
3189.5
3957.0
68.0
554.0
3287.5
2809.0
242.0
1940.0
3867.5
1332.5
3760.5
2071.0
3684.5
2245.5
3684.0
3636.5
3004.5
3517.0
2071.0
1003.5
2426.0
2463.5
4147.5
4756.0
2046.5
1532.5
2044.0
68.0
68.0
2587.5
4117.5
4888.5
3128.5
2093.0
2969.5
3994.5
3445.0
4420.5
365.5
2460.5
478.0
1330.0
3630.0
2901.0
2545.0
7207.0
1372.5
695.5
3362.5
4212.0
2992.5
2685.5
383.0
2425.5
3527.0
2651.5
68.0
3079.5
1123.5
3183.5
2835.5
595.0
126.5
3219.5
2711.5
5089.0
2419.0
1311.5
1512.5
2621.0
2311.5
1753.5
2901.5
2970.5
2978.5
1680.5
4070.5
2764.0
1444.0
68.0
2951.0
3849.5
3141.0
3590.0
2327.0
663.5
5222.0
0
2425.0
2866.0
4541.5
2310.0
1004.0
3852.0
710.5
2723.0
581.0
348.5
1167.5
2543.0
2372.5
1276.5
2728.0
5874.5
2799.0
2570.5
365.5
1037.0
3183.0
459.5
1129.5
5503.0
1406.0
2263.0
1323.5
1420.0
2403.0
3621.0
2975.5
802.0
1284.0
2266.5
407.0
2410.0
5248.5
1976.0
3051.5
3153.5
3505.0
3858.5
0
1528.0
264.5
2802.5
3450.5
3146.0
1375.5
2767.5
2206.0
1034.0
0
2003.0
2420.5
2736.0
1711.5
4035.5
4316.5
1628.5
4795.0
3697.0
2837.0
2599.5
4599.0
3069.5
2085.5
2353.0
1474.5
5443.5
2076.0
1474.5
374.5
2867.0
2591.5
186.5
1167.5
1193.0
1451.5
1227.0
1299.0
2867.0
564.0
2592.0
1120.0
120.5
667.5
2123.0
4173.0
2826.5
5153.0
695.5
700.0
2785.5
3555.0
5122.0
68.0
0
1109.5
1160.0
3050.5
576.5
2081.0
2048.5
2208.0
2511.0
2237.0
1487.0
1479.0
126.5
2390.5
2706.0
3000.5
771.0
1151.0
2490.0
0
956.5
2164.5
3469.5
1879.0
1709.0
515.5
2212.0
1177.0
2081.5
1142.0
1942.0
4071.5
4374.0
2734.0
2164.5
427.0
1963.5
2091.0
4905.5
598.0
4003.5
302.5
3100.5
1037.0
4142.5
3314.5
1323.5
4201.0
1948.5
2232.5
3005.5
1067.5
1412.0
407.0
3649.5
1375.5
4858.0
0
2291.5
3361.0
0
126.5
4152.5
4245.5
3527.0
854.5
1903.5
2332.5
1669.5
1213.0
1921.0
1794.5
3098.5
1251.0
2198.0
497.0
1779.0
0
1306.0
1201.0
257.0
1510.5
3921.0
2032.5
1552.0
1016.5
1870.0
1714.5
3337.5
2583.5
4200.0
1414.0
2101.0
2477.5
1897.5
2339.0
1810.0
2832.0
663.5
2269.5
4285.5
126.5
2858.5
3014.5
1808.0
1057.5
2907.0
4333.5
1756.0
0
1905.0
1237.5
3015.5
3609.0
3620.0
2086.5
3092.5
3149.5
2181.0
401.0
2747.5
3955.5
3942.0
2689.5
428.5
0
2533.5
709.0
2003.5
2220.0
126.5
1535.5
0
1686.0
2200.0
138.0
512.0
4322.0
3708.5
960.5

68.0
667.5
3090.0
2436.0
3767.5
2134.0
2669.0
1481.5
2032.0
348.5
2115.0
1892.5
126.5
126.5
1792.5
4671.5
0
2535.0
986.5
1741.5
4628.0
1094.5
719.0
0
802.0
3254.5
2524.0
2023.0
68.0
478.0
3806.5
1942.5
3437.5
411.0
4108.0
0
638.5
4458.0
2713.0
3698.0
2294.5
2233.5
613.0
2731.5
0
965.0
0
2767.5
692.0
2101.5
508.5
803.0
3334.0
424.0
0
823.5
1938.5
1945.0
404.5
5076.5
374.5
126.5
2351.5
289.0
2678.5
1560.5
2485.5
3764.5
2403.0
194.5
841.5
68.0
4144.0
580.0
1067.0
419.5
68.0
1087.5
0
2143.5
3039.0
68.0
1908.0
2677.5
126.5
1008.0
1373.0
1787.5
1660.0
3856.0
2479.5
2802.5
0
1759.0
1855.0
4958.5
1995.5
348.5
3110.5
2330.0
2005.0
68.0
911.0
1141.5
1368.0
3436.0
2905.5
1924.5
3136.5
126.5
830.0
3654.0
3764.5
0
2827.0
2887.5
3173.5
1513.0
1527.5
5230.5
1254.0
1237.0
1971.5
0
68.0
2631.5
2440.0
0
68.0
0
1618.5
3007.5
901.5
2138.0
2373.5
2169.5
2659.5
3380.0
1068.5
1163.0
3291.5
1873.0
2780.5
2591.0
3623.5
5160.0
2792.0
3078.0
3051.5
3039.5
4164.5
1130.5
1401.5
289.0
534.0
853.0
1919.0
1870.5
3355.0
1101.5
541.0
2606.5
418.0
1916.0
2013.0
1441.0
3014.0
5075.0
2022.5
3036.0
115.5
4016.0
2833.5
533.0
68.0
365.5
2497.5
3739.5
2953.5
3624.5
1280.5
2212.0
1496.0
2781.5
1672.0
2153.0
668.0
1211.5
3656.0
1867.5
3783.5
2338.5
3069.0
1480.5
1745.0
289.0
734.5
2974.0
2633.0
4008.5
1141.5
2199.5
2611.5
3727.0
1951.0
3068.0
2424.0
2055.5
4186.0
2213.0
779.0
3070.0
2430.0
2659.0
2042.5
0
3098.0
971.5
3988.0
1701.0
3455.0
2322.5
0
3738.5
1971.0
3057.0
2500.5
186.5
4101.0
2463.5
2126.5
3480.0
2819.5
138.0
1829.5
5116.5
68.0
1756.0
2107.0
2300.5
2710.0
771.0
1009.0
2093.5
3100.5
576.5
365.5
2437.0
814.0
3732.0
1487.0
5231.0
2532.5
4081.5
1620.5
4231.0
1857.5
2398.5
383.0
0
1766.5
3853.5
1669.5
4113.5
2022.0
2633.0
2772.5
68.0
285.5
2788.5
2594.0
3173.5
3988.5
3532.5
1643.0
0
3044.5
4425.0
302.0
1129.5
4104.5
4262.0
3624.0
3256.0
138.0
2730.0
4511.0
801.0
3797.5
3002.5
1924.0
2023.0
1792.5
1145.0
3946.0
848.5
1728.5
637.0
1479.0
2785.0
2134.5
3763.0
190.5
2766.5
1153.0
1632.0
2851.5
2030.5
68.0
1524.0
0
790.0
467.0

126.5
3485.0
1525.5
0
0
2514.5
3531.5
3468.0
6221.0
2870.0
3357.5
2975.0
4505.5
4100.5
3433.0
3087.0
4662.5
2389.5
68.0
1093.5
554.0
1376.0
3058.0
2254.0
2009.0
786.5
0
3662.5
4138.5
3634.0
1139.0
0
3295.0
4141.5
68.0
2688.5
2851.5
566.0
68.0
126.5
4044.5
2563.5
1200.0
430.5
316.0
2222.0
3372.0
2124.5
2988.5
1479.0
752.5
126.5
1025.5
832.5
1232.0
316.0
1559.0
2674.5
6380.5
1334.5
0
0
0
2430.0
3075.0
1074.0
2972.5
68.0
897.5
771.0
1024.5
4753.5
530.5
3064.0
3463.5
3121.5
4381.0
467.0
2899.5
2989.0
3103.5
419.5
257.0
829.5
3574.0
3553.5
3015.5
863.5
300.5
313.5
3407.0
2436.0
2125.5
5832.5
2632.5
533.0
4117.0
2972.5
2913.0
2259.5
1836.5
2799.5
1567.0
481.0
2681.0
817.0
1932.0
2989.0
4688.0
1973.5
4186.0
2605.0
2311.0
3970.5
2256.5
1209.0
3404.0
3760.5
3715.5
3609.5
1476.0
1940.5
4895.0
2924.0
2815.5
1428.0
2833.0
2006.5
2735.5
418.5
965.0
1523.5
2920.0
3602.0
3830.5
3639.5
4595.0
1797.0
3084.0
1496.5
4113.0
862.0
4624.5
594.5
2864.5
3205.5
2545.5
0
2838.0
3460.0
2023.5
476.0
2300.5
3843.0
3294.5
2695.0
3270.0
891.5
3433.5
3055.0
829.5
2590.0
138.0
1933.5
0
6263.0
126.5
68.0
1808.5
1419.5
3571.5
2928.5
2382.0
3519.0
2920.5
3771.5
2075.5
1992.0
3387.5
0
2920.0
365.5
2227.0
2418.0
1828.5
68.0
704.5
3368.5
2047.0
4879.0
2378.5
3825.0
478.0
6308.5
2517.0
1293.0
2911.0
172.0
3783.0
2268.5
3003.5
383.0
1086.5
782.5
652.0
4644.0
1127.5
542.5
1722.0
3187.0
775.5
3912.5
3364.0
564.5
418.5
1598.5
934.0
2878.0
2892.0
3839.0
1731.5
2537.0
1906.5
5158.5
489.5
68.0
4420.5
419.5
3854.5
2993.5
734.5
2793.5
489.5
775.5
2147.5
497.0
2037.0
3894.5
1867.5
3362.5
1502.5
2496.5
1665.5
2426.0
1475.0
891.0
3130.5
1274.5
2563.5
1740.5
3181.0
1090.0
2480.0
1131.0
1138.0
1872.0
2487.5
0
2145.0
2485.5
1421.5
68.0
2731.5
4477.5
2566.5
3767.0
3078.0
3234.0
2779.0
68.0
365.5
2346.0
1980.0
1076.5
4287.0
2160.0
365.5
368.5
3477.5
920.5
1301.5
4559.0
1959.0
3467.0
2195.0
1634.5
489.5
424.0
3940.5
2168.5
4539.0
478.0
5938.5
1379.5
2090.0
1463.0
1507.0
1194.0
3456.5
2896.5
2104.5
3611.5
827.5
2966.0
3880.0
1068.0
1735.0
1357.0
4665.5
4414.0
2355.5
126.5
1027.0
1454.0
1899.0
5339.5
4349.0
368.5
1828.5
2729.0
2322.5
250.5
2557.0
126.5
1198.0
2419.0
700.0
3447.0
3334.0
2502.5
2724.0
194.5
1560.5
2775.0
2776.0
3449.5
543.5
2985.5
300.5
4860.0
4016.0
2220.0
1086.5
3160.5
2588.5
1310.0
3421.0
690.5
2758.5
1041.5
710.5

1145.0
0
2495.5
2136.5
0
2295.5
3360.5
3798.5
2362.0
2279.0
1898.0
1260.5
359.0
1877.5
5035.5
3380.0
438.5
3830.0
3593.5
1261.5
2880.5
3345.0
3874.5
0
68.0
5539.5
2079.5
3906.5
1885.5
2565.5
3628.0
822.5
2887.0
1831.5
717.0
3937.5
1164.5
7073.5
2225.0
1214.5
2605.5
1921.0
1053.0
4063.5
3880.5
1859.5
3171.0
5076.0
1197.5
2545.0
4109.5
3747.5
1844.0
2958.5
3569.5
1495.0
1839.0
1499.5
4639.0
4407.5
2642.5
68.0
2691.5
2406.5
2617.5
68.0
459.5
1563.5
2727.5
2789.0
1614.5
4486.0
2490.5
2911.5
2828.5
3385.5
4001.0
3401.0
1701.5
4304.0
861.5
3410.0
4276.0
1883.5
3541.0
1180.0
3410.0
2448.5
2563.5
3686.0
736.0
68.0
4154.0
4516.5
3637.0
652.5
1760.5
2318.0
2987.5
1499.0
2460.0
1723.5
2576.5
0
1508.0
3382.0
1049.5
1699.0
4906.5
576.0
771.0
2882.5
2340.5
2896.5
2176.0
2507.0
2137.0
678.5
3190.0
3512.5
68.0
3092.0
424.0
1775.0
0
3484.0
1272.0
4022.0
512.0
776.0
2056.5
667.5
2096.5
68.0
2124.0
1777.0
138.0
3404.0
126.5
2614.5
842.5
1986.0
2784.0
3280.5
667.5
1204.0
2813.5
1809.5
3740.5
3313.0
1743.5
2149.0
2352.5
1837.5
2746.0
965.5
5479.0
3688.5
624.5
480.0
3323.5
2947.0
300.5
3822.5
1423.5
2616.0
2732.0
2509.5
2569.0
901.5
448.5
577.5
471.0
3484.0
1630.5
2360.0
1784.5
1535.5
3054.5
2702.0
551.0
1195.5
3371.5
3278.5
1960.5
791.5
4208.0
1822.5
1108.5
4188.0
3861.5
365.5
2665.5
3230.0
3451.5
1518.0
4084.0
3044.0
68.0
3048.0
1720.5
2406.0
813.5
1771.5
2713.5
2218.5
1649.0
2055.0
1956.0
68.0
2685.0
1772.0
68.0
2410.0
3931.5
3212.0
3988.0
1492.0
1633.5
419.5
1741.5
2458.5
2610.5
1610.0
1089.0
365.5
1024.0
1921.0
596.0
1123.0
1883.5
1447.0
2168.5
932.5
1858.0
3419.5
2098.5
1768.5
524.5
2417.5
2215.5
1194.5
0
2577.0
956.5
2813.5
242.0
3117.0
3258.0
2015.5
704.5
4466.5
3263.0
716.0
1275.0
3625.5
2580.0
1849.5
2133.0
3716.0
419.5
2583.5
652.5
3341.0
1112.0
1679.5
537.5
68.0
3809.0
1178.5
138.0
1279.0
0
3133.5
3539.5
2139.0
5631.0
68.0
3092.5
1793.0
68.0
2242.0
3970.5
1443.5
1747.0
411.0
68.0
2616.5
2324.5
2910.0
2965.5
3247.5
4276.5
2534.0
3424.0
5094.5
1071.5
771.0
2177.5
1390.0
832.5
2688.0
3030.0
0
1511.5
2467.5
2166.0
3103.5
1024.5
1951.5
2676.5
2155.0
424.0
1407.5
1528.5
2878.0
2570.0
1452.0
1712.5
3762.0
4860.5
2216.5
6015.5
300.5
2777.5
1145.0
3263.5
2143.0
2708.0
3572.0
4742.0
1880.0
2984.0
4149.0
2860.0
3452.0
1359.0
138.0
2347.5
2658.0
985.0
2465.0
300.5
4463.5
2803.0
126.5
1844.0
2039.5
1912.0
2021.0
1127.0
3126.5
183.5
1492.5
1943.5
3263.0
4314.0
2213.0
2469.0
2201.5
1832.0
1028.5
1707.0
2464.5
1567.0
3852.5
2384.5
3980.0
594.0
126.5
1986.5
1378.5
295.5
2427.5
1512.5
986.5
3062.0
3003.5
3688.0
3324.5
2522.5
3045.5
2298.0
419.5
3738.0
2818.0
300.5
4401.5
4363.5
3516.0
2502.5
3444.0
138.0
1254.5
3315.0
4409.0
1855.5
965.5
2005.0
1486.5
3178.5
1727.5
3325.0
68.0
2109.0
68.0
1461.0
1901.5
3613.0
1845.5
1973.0
1914.5
329.5
3566.5
994.0
3160.5
2650.0
2398.0
710.5
2191.0
1961.5
1607.0
3855.0
1368.5
629.5
4668.0
4653.0
3721.5
1880.0
183.5
1969.5
1721.0
1666.5
1630.5
3363.5
2838.0
3584.5
666.5
7114.0
1326.5
971.5
3021.0
668.0
3739.0
1104.5
2014.5
359.0
822.5
4484.5
2455.5
7215.0
4615.0
2115.5
3456.5
1680.0
285.5
3607.5
378.0
1767.0
1338.5
2638.0
2037.5
3187.0
1878.5
1016.5
1407.5
126.5
3504.0
3978.0
2024.0
3168.5
2120.5
2778.0
3580.5
641.5
1917.5
3137.0
1572.5
1091.5
830.0
1831.0
3125.5
2385.0
2882.5
2366.5
637.0
3217.0
967.0
2675.0
1738.0
726.0
68.0
2794.5
2117.0
2504.5
3388.0
1315.5
2509.0
1845.5
3730.5
4008.5
3154.0
5348.0
1812.0
3174.5
3073.0
4454.0
0
1306.5
904.0
736.0
2428.5
0
1075.0
1421.0
1656.5
3263.0
867.5
2060.0
2913.0
2401.0
582.0
68.0
2109.5
1367.5
1827.5
1349.5
3282.5
2131.5
68.0
2719.5
806.0
2094.5
2736.5
646.0
2276.0
3175.0
1659.5
1183.5
5753.0
4153.5
1574.5
68.0
475.0
3098.5
4204.5
3215.5
2041.5
1609.0
850.0
961.0
1183.0
365.5
1219.0
2311.5
438.5
2487.0
4055.5
2165.0
138.0
285.5
126.5
2684.0
1052.5
1002.5
2645.0
2966.0
1466.0
4102.5
1947.0
3019.5
2418.5
779.5
3732.5
1678.0
2758.5
68.0
1962.0
5200.0
3273.0
4639.5
419.5
2653.0
1018.5
809.0
3140.5
1750.5
3410.5
2902.0
821.0
3017.5
3430.5
1581.0
3556.5
2490.5
3216.0
2242.5
1827.0
3798.5
2016.5
766.5
1533.5
2573.5
3396.5
1898.0
3335.0
4276.0
3769.5
4168.5
1794.5
126.5
4152.5
68.0
418.5
3340.0
68.0
2210.5
2471.5
3065.5
2633.5
2483.5
2420.0
2185.0
2663.5
1656.5
1507.5
1303.5
2661.5
1803.5
4357.0
4774.0
3036.5
672.5
2040.0
1512.0
2584.0
3294.0
348.5
68.0
1633.5
3200.0
3145.0
4470.5
1207.5
1219.0
2070.0
2993.5
3343.5
3745.0
3942.0
773.0
1146.0
1952.0
478.0
2211.5
652.0
3972.0
2310.5
4833.0
2724.0
5643.5
5644.0
1875.5
2270.0
3234.5
1503.0
4140.0
