8.0
8.0
35.0
57.5
60.5
67.5
68.0
68.0
68.0
22.5
68.0
68.0
0
68.0
8.0
257.0
68.0
257.0
68.0
257.0
68.0
543.5
173.0
68.0
163.0
68.0
451.0
458.0
348.5
68.0
68.0
68.0
68.0
67.5
537.5
1390.0
719.0
632.5
68.0
348.5
1103.0
8.0
68.0
68.0
68.0
985.0
68.0

68.0
68.0
438.5
457.0
627.5
627.5
68.0
719.0
60.5
944.5
68.0
8.0
438.5
365.5
163.0
66.5
0
68.0
809.0
614.0
438.5
1871.5
8.0
1873.0
68.0
15.5
68.0
243.5
68.0
15.5
458.0
0
348.5
68.0
63.0
2228.5
1199.5
68.0
2676.5
8.0
68.0
828.5
961.0
626.5
629.0
3104.5
438.5
67.5
68.0
348.5
68.0
8.0
68.0
68.0
68.0
736.0
67.5
65.0
68.0
848.0
541.0
2374.5
663.0
719.0
438.5
68.0
524.0
239.0

68.0
163.0
908.0
447.5
68.0
332.0
438.5
68.0
738.5
543.5
63.0
8.0
0
67.5
22.5
458.0
348.5
68.0
0
.5
8.0
257.0
68.0
68.0
458.0
65.0
163.0
68.0
1128.5
458.0
68.0
521.0
68.0
365.5
551.5
68.0
68.0
68.0
719.0
68.0
647.0
0
68.0
828.5
68.0
63.0
68.0
908.0
163.0
271.0
68.0
68.0
60.5
68.0
68.0
257.0
68.0
68.0
68.0
438.5
1396.0
1408.5
0
809.0
68.0
68.0
68.0
1172.0
68.0
68.0
0
0
257.0
15.5
1031.0
60.5
68.0
68.0
68.0
521.0
543.5
68.0
77.5
54.0
8.0
68.0
0
0
9.5
348.5
68.0
8.0
8.0
553.0
438.5
68.0
68.0
68.0
68.0
719.0
719.0
348.5
1875.0
68.0
68.0
809.5
332.0
438.5
722.0
2681.0
68.0
68.0
68.0
365.5
1036.0
68.0
0
257.0
365.5
1315.0
518.5
68.0
648.5
68.0
438.5
68.0
719.0
458.0
1098.5
68.0
348.5
2626.5
68.0
438.5
1806.5
0
2068.0
68.0
1212.5
163.0
1126.0
68.0
627.5
68.0
68.0
348.5
243.5
348.5
524.0
68.0
68.0
68.0

1663.5
442.0
438.5
257.0
348.5
257.0
614.0
1407.5
257.0
1796.5
1518.0
348.5
68.0
68.0
1409.0
719.0
446.5
68.0
68.0
60.5
543.5
904.0
332.0
68.0
22.5
68.0
0
68.0
68.0
68.0
348.5
68.0
918.5
68.0
271.0
68.0
68.0
348.5
68.0
348.5
68.0
809.0
68.0
438.5
647.0
68.0
332.0
68.0
0
68.0
348.5
438.5
702.5
68.0
524.0
919.0
68.0
257.0
438.5
68.0
1039.5
438.5
257.0
68.0
153.5
271.0
1393.0
68.0
2048.0
68.0
828.5
173.0
1133.5
257.0
828.5
0
0
68.0
1097.0
438.5
458.0
68.0
68.0
352.0
68.0
1314.0
68.0
348.5
68.0
831.0
271.0
257.0

163.0
1613.0
724.5
458.0
57.5
365.5
438.5
443.5
507.5
68.0
925.5
2349.0
0
0
68.0
627.5
348.5
68.0
68.0
65.0
1120.5
0
736.0
243.5
68.0
809.0
2189.0
612.5
0
646.0
738.5
647.0
68.0
68.0
2847.0
68.0
230.5
0
0
458.0
68.0
68.0
68.0
1037.0
931.0
68.0
0
68.0
68.0
2111.0
438.5
68.0
458.0
68.0
68.0
541.0
68.0
1381.0
1857.5
68.0
163.0
68.0
757.5
458.0
68.0
438.5
0
68.0
1475.0
438.5
68.0
914.0
342.5
68.0
68.0
1113.5
68.0
458.0
943.5
2916.0
68.0
68.0
1855.0
1597.0
68.0
68.0
646.0
40.5
933.5
8.0
68.0
68.0
68.0
68.0
458.0
732.5
257.0
828.5
853.5
1479.0
257.0
458.0
1685.5
68.0
841.0
68.0
1194.5
68.0
1472.5
68.0
0
68.0
828.5
0
68.0
0
911.5
0
68.0
1618.5
663.5
1004.5
1300.5
647.0
68.0
1023.5
922.0
68.0
68.0
348.5
362.0
348.5
68.0
68.0
734.0
543.5
633.5
163.0
849.0
448.5
365.5
916.0
68.0
2576.5
68.0
1422.5
153.5
68.0
824.0
826.5
68.0
68.0
3114.0
438.5
68.0
68.0
68.0
1297.0
458.0
0
753.5
68.0
352.0
68.0
68.0
348.5
738.5
1129.5
68.0
68.0
271.0
1111.0
68.0
68.0
68.0
1704.0
365.5
2226.5
543.5
646.0
365.5
68.0
646.0
68.0
458.0
348.5
68.0
852.5
438.5
484.0
714.5
271.0
15.5
1963.0
828.5
1372.0
1779.5
68.0
1121.5
438.5
0
1128.5
2932.0
68.0
1965.0
68.0
68.0
1006.0
458.0
641.5
348.5
943.5
1051.0
68.0
68.0
68.0
848.0
939.0
153.5
1031.5
68.0
736.0
1089.5
163.0
1144.5
68.0
68.0
68.0
68.0
348.5
1425.0
68.0
163.0
533.5
434.0
690.0
257.0
458.0
738.5
68.0
1093.0
1020.0
1222.5
828.5
0
68.0
2196.0
68.0
724.0
68.0
458.0
365.5
68.0
68.0
68.0
2372.0
1036.0
68.0
458.0
700.0
271.0
722.0
68.0
458.0
629.0
821.5
3022.0
68.0
1193.0
68.0
0
68.0
933.5
2255.0
828.5
927.5
0
68.0

1426.0
753.5
646.5
68.0
2919.0
68.0
68.0

647.0
2834.0
68.0
2266.0
1407.5
68.0
0
0
1380.5
434.0
1426.0
68.0
68.0
647.0
2806.0
623.0
914.0
1421.5
8.0
348.5
2431.0
68.0
68.0
68.0
0
926.5
1669.0
438.5
1506.5
68.0
163.0
742.0
419.5
628.5
1512.5
2340.0
932.5
68.0
554.5
1305.0
738.5
2089.5
1029.0
627.5
257.0
956.5
627.5
438.5
438.5
2155.0
835.0
365.5
68.0
848.0
925.0
804.0
1202.5
68.0
68.0
257.0
68.0
646.0
1268.0
629.0
68.0
68.0
543.5
627.5
438.5
1199.0
736.0
755.5
1163.0
627.5
491.0
1109.0
68.0
68.0
271.0
722.5
2466.0
2060.5
68.0
524.0
68.0
1392.5
68.0
1986.5
738.5
933.5
738.5
68.0
927.5
68.0
458.0
68.0
68.0
68.0
438.5
243.5
438.5
449.5
646.0
0
348.5
736.0
1609.0
2934.0
68.0

2061.0
2765.0
365.5
1884.5
1442.5
257.0
1199.0
1041.0
365.5
914.0
68.0
68.0
927.5
68.0
2262.0
68.0
860.5
922.0
438.5
68.0
1150.0
458.0
1985.5
348.5
1407.5
458.0
1221.0
0
438.5
438.5
68.0
68.0
1424.0
1362.0
68.0
1419.5
68.0
68.0
1419.0
68.0
68.0
531.5
1317.0
365.5
1848.0
434.0
1242.0
612.5
1301.0
1796.5
348.5
1218.5
1704.5
629.0
522.5
348.5
1766.5
68.0
458.0
348.5
438.5
68.0
153.5
1418.5
68.0
1390.0
68.0
68.0
68.0
939.0
68.0
3626.5
348.5
68.0
153.5
534.5
2472.5
0
68.0
614.0
68.0
68.0
1980.5
3336.0
524.0
163.0
163.0
458.0
496.5
348.5
348.5
1214.0
68.0
458.0
68.0
551.5
1425.5
68.0
543.5
68.0
257.0
738.5
163.0
1007.0
543.5
0
917.5
1587.5
365.5
543.5
2482.0
68.0
1036.0
1304.0
352.0
68.0
68.0
447.5
0
1961.0
243.5
1394.0
68.0
68.0
257.0
0
1038.0
505.0
163.0
348.5
68.0
1041.5
365.5
438.5
944.0
68.0
533.5
258.5
2087.0
0
153.5
1013.0
68.0
719.0

719.0
2897.5
68.0
835.0
724.5
68.0
1199.5
541.0
1109.0
348.5
68.0
646.0
636.0
68.0
1955.0
68.0
646.0
68.0
1295.5
1003.0
68.0
828.5
722.0
438.5
68.0
257.0
68.0
2003.0
926.5
68.0
173.0
68.0
68.0
1132.5
348.5
0
1388.0
68.0
68.0
850.0
533.5
2266.0
1889.0
460.0
68.0
348.5

68.0
365.5
68.0
342.5
153.5
1412.5
828.5
352.0
68.0
68.0
1873.0
443.5
2473.0
68.0
1222.0
68.0
3263.0
458.0
0
640.5
612.5
365.5
534.5
438.5
458.0
68.0
163.0
243.5
365.5
68.0
458.0
0
719.0
0
2557.5
3471.5
68.0
828.5
0
732.5
271.0
1130.0
0
68.0
68.0
6443.0
1585.0
348.5
1032.0
925.0
2163.0
627.5
68.0
438.5
633.5
0
543.5
722.0
68.0
638.5
623.0
68.0
1010.5
163.0
5962.0
29.0
68.0
68.0
2283.0
2551.5
2183.5
68.0
1494.0
1969.5
68.0
68.0

0
68.0
890.0
0
163.0
68.0
620.0
163.0
68.0
850.0
438.5
68.0
828.5
257.0
68.0
1224.5
1406.5
3772.0
1099.0
2165.0
824.0
636.0
923.5
437.5
2697.0
348.5
2466.0
1479.5
848.0
348.5
736.0
944.5
68.0
1666.0
257.0
68.0
1515.0
1208.0
541.0
809.5
68.0
438.5
1521.0
614.0
0
348.5
68.0
68.0
827.5
629.0
1036.5
68.0
68.0
1109.0
173.0
534.5
68.0
2152.0
68.0
722.0
163.0
1480.0
68.0
68.0
908.0
458.0
438.5
365.5
2619.0
830.5
541.0
702.5
828.5
613.0

0
1870.0
68.0
849.0
0
1115.5
68.0
68.0
943.5
438.5
458.0
828.5
1671.0
458.0
153.5
348.5
627.5
1757.5
1019.0
953.0
2474.5
68.0
1254.0
627.5
425.0
2532.0
2432.0
348.5
68.0
2112.0
68.0
68.0
1870.5
68.0
647.0
742.0
68.0
1308.5
68.0
68.0
827.5
736.0
3810.0
68.0
1111.5
68.0
1590.5
458.0
68.0
541.0
1538.0
1507.0
458.0
755.5
1760.0
828.5
68.0
1188.5
1218.5
1102.5
619.5
68.0
1001.0
1952.5
68.0

1867.5
614.0
438.5
438.5
1150.0
1424.0
1482.5
348.5
645.0
1477.0
68.0
1505.5
534.5
68.0
1496.0
68.0
809.0
68.0
68.0
438.5
68.0
809.0
68.0
0
68.0
68.0

438.5
68.0
0
1556.0
68.0
1668.5
68.0
743.5
447.5
809.5
551.5
2457.0
614.0
638.5
163.0
68.0
68.0
153.5
921.0
3694.5
1322.0
257.0
458.0
740.5
458.0
1109.0
342.5
271.0
0
1891.0
815.5
958.5
1036.0
438.5
2337.5
68.0
442.5
1011.5
999.5
348.5
2426.5
1225.0
68.0
633.5
68.0
68.0
926.0
348.5
68.0
0
722.0
621.5
646.0
1964.5
163.0
1201.5
68.0
0
1309.5
627.5
826.0
755.5
348.5
828.5
68.0
68.0
68.0
68.0
647.0
68.0
68.0
68.0
68.0
68.0
68.0
828.5
900.5
1408.5
1310.5
1133.5
1756.5
68.0
68.0
2055.5
1794.0
1046.5
1092.5
1672.0
619.0
163.0
68.0
1111.5
543.5
1493.5
1114.0
438.5
1769.5
1109.0
663.5
738.5
68.0
163.0
908.0
1972.0
2576.5
438.5
68.0
68.0
438.5
646.0
1723.5
2550.0
68.0
68.0
348.5
4305.5
443.5
68.0
68.0
68.0
68.0
543.5
1503.0
1010.5
1092.5
1109.0
1672.0
257.0
458.0
743.5
2267.0
68.0
905.0
68.0
647.0
1399.0
752.0
68.0
1715.5
68.0
438.5
3764.5
458.0
163.0
702.5
173.0
1017.5
68.0
68.0
719.0
1496.5
153.5
365.5
830.5
647.0
257.0

68.0
1029.0
458.0
68.0
1293.5
1106.5
1014.0
153.5
2364.0
821.5
1576.0
68.0
1817.0
756.0
533.5
438.5
943.0
163.0
1348.5
68.0
68.0
0
271.0
533.5
828.5
68.0
458.0
1119.5
458.0
6529.0
1114.5
945.0
0
3043.5
68.0
1150.5
68.0
533.5
2062.0
68.0
554.5
68.0
1973.5
1905.0
1496.0
257.0
646.0
1299.5
348.5
434.0
332.0
1019.5
332.0
610.0
2358.5
68.0
1131.0
534.5
1908.5
68.0
68.0
608.5
68.0
153.5
68.0
533.5
68.0
68.0
352.0
1394.5
828.5
1399.5
554.5
950.0
744.0
438.5
163.0
911.5
2836.0
458.0
0
68.0
648.5
365.5
1138.5
68.0
1112.5
68.0
1698.5
828.5
541.0
629.0
2087.5
163.0
3810.0
526.0
719.0
0
1578.5
68.0
533.5
0
1800.5
3143.0
1112.5
528.0
533.5
68.0
348.5
704.5
543.5
3102.5
68.0
850.0
2642.5
458.0
68.0
1853.5
68.0
68.0
1116.5
606.5
458.0
1254.0
1009.0
68.0
352.0
3483.5
646.0
257.0
68.0
649.5
1392.5
68.0
352.0
4686.0
0
2360.5
68.0
68.0
647.0
831.0
2133.5
68.0
438.5
2184.0
3910.5
736.0
2324.0
0
68.0
1728.5
438.5
68.0
68.0
1094.0
0
68.0
627.5
1329.0
68.0
68.0
451.0
458.0
163.0
647.0
0
633.5
1759.5
365.5
629.0
809.0
4771.0
271.0
68.0
935.5
0
68.0
558.5
933.5
1861.5
68.0
1143.5
68.0
348.5
68.0
1003.0
831.0
2002.5
68.0
0
348.5
1024.0
3006.0
980.0
469.5
68.0

68.0
1090.0
1968.5
835.0
68.0
533.5
1293.5
606.5
0
614.0
257.0
824.0
68.0
736.0
68.0
2908.5
1390.5
458.0
1897.5
524.0
1961.0
173.0
163.0
627.5
629.0
627.5
68.0
843.5
153.5
458.0
1105.5
68.0
68.0
257.0
365.5
458.0
68.0
809.0
3521.0
68.0
365.5
1409.0
1211.5
957.0
524.0
524.0
257.0
627.5
6352.0
3286.5
332.0
1579.5
22.5
755.5
809.0
68.0
2330.0
68.0
68.0
68.0
825.0
271.0
563.5
1401.51046.5
2097.0
1228.5
1106.5
348.5
2101.0
68.0
68.0
1605.0
458.0
1416.5
348.5
163.0
941.5
858.5
734.0
818.5
365.5
458.0
543.5
738.5
68.0
68.0
1594.5
68.0
1898.5
2670.5
907.0
1294.0
3093.0
2088.0
1004.0
68.0
935.5
524.0
68.0
438.5
68.0
524.0
163.0
2463.5
641.5
1016.5
629.5
553.0
755.5
537.5
68.0
68.0
2174.0
1700.5
1946.5
438.5
1423.5
2082.0
68.0
1502.0
1239.0
68.0
3209.0
828.5
1980.5
2280.5
940.0
1394.0
68.0
68.0
646.0
1121.5
614.0
923.5
1117.0
1015.0
68.0
1316.5
68.0
460.5
458.0
809.0
2257.5
632.5
68.0
68.0
68.0
1999.5
927.0
68.0
348.5
68.0
612.5
68.0
629.0
68.0
68.0
68.0
68.0
68.0
257.0
1514.0
68.0
362.0
68.0
68.0
623.0
3014.5
68.0
68.0
257.0
753.5
914.0
348.5
524.0
2648.5
68.0
68.0
2160.5
458.0
1122.0
68.0

68.0
68.0
68.0
1309.0
458.0
153.5
614.0
438.5
531.5
68.0
1125.0
927.5
5105.0
2149.0
2781.5
458.0
438.5
68.0
68.0
68.0
1516.0
893.5
68.0
68.0
824.0
68.0
257.0
1097.5
1336.0
68.0
724.0
0
163.0
458.0
332.0
2607.5
3420.5
447.5
68.0
1393.0
1208.5
2109.0
1039.5
1024.5
2473.0
243.5
68.0
943.5
68.0
68.0
7297.0
68.0
1982.5
68.0
903.5
68.0
1799.5
1284.5
1481.5
68.0
68.0
68.0
738.5
68.0
1419.0
257.0
68.0
163.0
458.0
641.5
620.5
271.0
68.0
537.0
68.0
163.0
927.5
1279.0
458.0
68.0
1315.0
1016.5
68.0
929.5
68.0
68.0
1383.0
1470.5
68.0
68.0

614.0
790.0
533.5
1526.5
3024.5
1009.0
173.0
1199.0
1574.5
722.5
1753.0
753.5
68.0
896.0
738.5
3427.0
534.5
524.0
3799.5
0
738.5
1414.5
1434.0
68.0
1635.0
4146.0
2458.5
458.0
848.0
1503.0
1886.5
243.5
68.0
68.0
828.5
163.0
1565.5
1204.0
1009.0
68.0
68.0
960.5
516.0

68.0
0
546.0
68.0
458.0
68.0
1109.0
68.0
553.0
1113.5
68.0
68.0

1589.0
68.0
482.0
68.0
1184.0
1348.5
68.0
738.5
438.5
68.0
755.5
1863.0
68.0
68.0

68.0
68.0
1419.0
1870.5
1506.0
68.0
68.0
0
999.5
1035.0
2972.5
1350.5
1496.0
68.0
1190.5
438.5
828.5
812.5
2526.0
68.0
271.0
68.0
742.0
438.5
2474.0
1315.0
68.0
68.0
7538.5
1499.0
68.0
988.5
153.5
1214.0
1777.0
627.5
755.5
663.0
2484.0
1613.0
271.0
534.5
68.0
1655.5
68.0
1379.5
68.0
68.0
68.0
68.0
68.0
68.0
458.0
68.0
2630.0
1394.0
68.0
1218.5
68.0
610.0
68.0
271.0
527.5
458.0
68.0
68.0
428.0
738.5
1499.5
2068.0
1428.0
601.0
663.5
546.0
68.0
1975.0
68.0
348.5
3133.5
68.0
68.0
559.5
633.5
0
600.0
902.0
1383.5
1596.0
1136.5
3055.5
1517.0
629.5
818.0
68.0
700.0
830.5
153.5
68.0
257.0
646.0
1133.0
1508.0
520.0
68.0
458.0
2637.5
612.5
438.5
68.0
68.0
1516.0
458.0
438.5
1330.5
1313.5
467.0
2095.0
68.0
1085.5
68.0
0
68.0
1218.5
68.0
627.5
257.0
1202.0
596.5
68.0
68.0
68.0
1109.0
1397.5
257.0
738.5
622.5
654.0
755.5
68.0
68.0
6754.5
257.0
757.5
3562.5
68.0
68.0
447.5
68.0
738.5
68.0
1519.0
68.0
1691.5
1800.0
257.0
419.5
68.0
68.0
1017.5
543.5
68.0
458.0
68.0
68.0

365.5
1169.0
546.0
257.0
68.0
68.0
68.0
3038.5
1509.0
68.0
533.5
68.0
68.0
68.0
923.5
68.0
1099.5
2342.0
627.5
2301.5
1642.0
1399.0
458.0
68.0
1489.5
446.0
68.0
534.5
68.0
68.0
163.0
5224.5
1520.0
923.5
348.5
629.0
68.0
734.5
458.0
627.5
1033.5
1025.0
1809.5
257.0
1100.5
2168.0
735.5
1175.5
68.0
68.0
257.0
4134.0
1406.5
524.0
458.0
2741.5
68.0
1479.5
2099.5
1685.0
68.0
68.0
1638.5
68.0
68.0
68.0
163.0
554.5
163.0
736.0
1920.5
434.0
1855.0
3401.5
3648.5
736.0
68.0
365.5
68.0
163.0
1463.5
1205.0
68.0
365.5
163.0
68.0
1109.0
1797.0
1396.5
524.0
950.5
1197.0
434.0
68.0
828.5
365.5
850.5
68.0
458.0
68.0
2045.0
68.0
4858.0
1651.0
438.5
1145.5
173.0
243.5
1696.5
68.0
1790.5
4553.0
1133.5
1128.5
68.0
68.0
68.0
458.0
68.0
68.0
68.0
524.0
68.0
2270.0
68.0
629.5
68.0
68.0
1407.5
438.5
1765.5
2124.5
3228.5
2173.0
438.5
68.0
1003.5
68.0
257.0
68.0
68.0
1288.0
2575.5
481.0
534.5
646.0
551.5
0
1621.0
68.0
365.5
1591.5
257.0
2083.5
1117.0
68.0
524.0
68.0
2811.5
348.5
0
68.0
1595.5
1017.5
736.0
348.5
68.0
243.5
442.0
332.0
1420.5
68.0
68.0
1817.0
2058.5
641.5
68.0
68.0
1208.5
68.0
627.5
2761.0
565.5
2291.0
257.0
68.0
243.5
627.5
1085.5
1042.0
1204.0
68.0
68.0
68.0
257.0
0
1029.0
1199.0
2794.5
68.0
365.5
365.5
828.5
1038.5
1374.0
2639.0
68.0
68.0
797.5
1109.0
3669.5
1284.5
348.5
2769.0
1221.0
458.0
1991.5
68.0
1699.5
68.0
971.5
438.5
533.5
2366.5
460.5
458.0
68.0
1295.5
944.0
1921.5
1409.0
1297.0
5011.5
461.5
68.0
1587.5
1093.0
848.0
68.0
534.5
68.0
1092.5
2327.0
1687.5
446.0
438.5
1014.5
743.5
68.0
68.0
271.0
68.0
534.5
2727.0
348.5
1010.5
1109.0
4276.5
153.5
519.5
736.0
458.0
365.5
2136.0
1869.5
348.5
68.0
2694.5
68.0
68.0
458.0
6291.0
348.5
68.0
916.5
0
68.0
2645.5
2285.0
271.0

925.0
828.5
1016.5
524.0
1969.0
68.0
144.5
507.5
68.0
4578.0
4196.0
68.0
68.0
1297.5
68.0
4052.5
438.5
1783.5
68.0
1773.0
619.5
646.0
1873.5
68.0
68.0
458.0
68.0
10524.5
2763.5
2935.0
722.5
153.5
623.0
3133.5
1218.5
2254.0
163.0
2099.0
1869.5
730.0
1119.5
5623.0
68.0
68.0
1218.5
524.0
68.0
163.0
68.0
163.0
1038.5
1372.5
365.5
1402.0
1648.5
1417.5
1595.5
68.0
68.0
68.0
1356.5
458.0
632.5
68.0
981.5
1033.5
534.5
533.5
1388.0
1047.5
0
843.5
68.0
817.0
515.0
1080.5
614.5
984.5
483.5
1004.0
5118.0
68.0
1517.0
68.0
808.0
1771.0
991.5
1593.5
627.5
0
515.0
738.5
68.0
3729.5
163.0
1865.0
917.0
68.0
68.0
257.0
1288.0
45.5
1581.0
458.0

68.0
332.0
68.0
163.0
68.0
68.0
163.0
68.0
853.0
619.0
68.0
68.0
163.0
427.0
1504.5
352.0
68.0
1019.0
163.0
534.5
3507.0
1036.0
1880.5
464.0
2340.0
0
1110.5
68.0
348.5
1324.5
68.0
458.0
68.0
68.0
2318.0
68.0
1995.0
68.0
732.5
438.5
841.0
852.5
257.0
633.5
68.0
68.0
647.0
68.0
1012.0
68.0
1484.0
458.0
2379.0
4821.5
458.0
1214.0
348.5
248.5
68.0
0
68.0
821.5
1493.5
1474.0
1093.0
1131.0
342.5
68.0
619.0
551.5
0
1220.5
828.5
736.0
68.0
1773.0
68.0
1024.0
627.5
1599.0
3020.0
0
68.0
1130.5
2763.5
4099.5
438.5
1046.5
257.0
438.5
68.0
736.0
443.5
68.0
68.0
68.0
2745.5
543.5
2109.5
438.5
0
239.0
1109.0
68.0
68.0
365.5
68.0
458.0
4852.5
68.0
529.0
68.0
909.0
3454.5
68.0
348.5
153.5
2821.0
68.0
1602.5
68.0
68.0
537.5
1497.0
1993.5
1225.0
68.0
1893.0
943.0
1096.0
534.5
68.0
163.0
163.0
1002.5
68.0
627.5
68.0
163.0
1126.0
438.5
68.0
68.0
524.0
719.0
68.0
163.0
738.5
541.0
1422.0
1365.5
1102.5
524.0
68.0
619.0
914.0
271.0
68.0
1485.0
1128.5
68.0
68.0
608.5
68.0
68.0
0
68.0
620.5
1119.0
2444.0
935.0
3041.5
68.0
438.5
828.5
68.0
1794.0
942.5
1481.0
619.0
68.0
68.0
554.5
2828.0
153.5
68.0
348.5
0
446.0
1022.5
1187.5
2344.5
533.5
983.0
68.0
927.5
163.0
68.0
458.0
68.0
68.0
1113.5
2984.5
1129.5
68.0
68.0
458.0
533.5
2064.5
68.0
1119.5
6310.5
458.0
1467.5
68.0
68.0
906.5
724.5
1109.0
68.0
533.5
68.0
1033.5
3327.5
5652.0
529.0
1771.0
257.0
68.0
443.5
68.0
1999.0
68.0
68.0
1423.5
2818.0
922.0
824.0
1784.5
1105.0
1085.5
68.0
1576.5
1138.5
553.0
68.0
828.5
68.0
77.5
1779.5
543.5
614.0
1979.5
68.0
0
257.0
529.0
68.0
1017.5
1665.5
333.5
1334.5
163.0
68.0
68.0
68.0
831.0
68.0
0
526.0
4075.0
612.5
553.0
68.0
524.0
2569.5
163.0
68.0
1592.5
257.0
1390.5
0
348.5
442.0
1020.0
1882.5
68.0
68.0
68.0
1786.0
2696.0
68.0
163.0
647.0
68.0
627.5
438.5
68.0
438.5
68.0
68.0
1112.0
68.0
68.0
541.5
68.0
927.5
1707.0
1368.5
257.0
527.5
2343.0
1015.0
68.0
68.0
2934.0
68.0
1844.0
68.0
68.0
458.0
68.0
68.0
515.0
68.0
553.0
553.0
1036.0
1022.5
736.0
68.0
647.0
3604.5
68.0
68.0
1115.0
0
1583.5
438.5
68.0
68.0
818.0
1855.5
0
68.0
68.0
526.0

1204.0
163.0
1951.0
3945.5
891.5
68.0
719.0
348.5
68.0
365.5
451.0
2295.0
3582.0
736.0
348.5
738.5
163.0
348.5
68.0
3259.5
257.0
4731.5
738.5
68.0
1104.0
1522.0
68.0
68.0
348.5
0
2235.5
5817.0
2358.0
68.0
68.0
258.5
2724.0
1218.5
1010.5
551.5
68.0
68.0
2014.0
614.0
68.0
0
832.0
2245.5
2465.0
4526.0
1972.0
68.0
1109.0
458.0
610.0
1300.0
68.0
541.0
4395.5
68.0
1838.0
743.5
68.0
2550.5
537.5
365.5
646.0
348.5
805.5
243.5
163.0
724.0
1685.5
1317.5
3618.0
365.5
3377.0
627.5
633.5
68.0
68.0
1036.0
348.5
68.0
911.0
348.5
1535.5
736.0
1776.0
68.0
68.0
736.5
2224.5
1699.5
68.0

3225.5
1384.5
68.0
1889.0
68.0
68.0
981.5
1986.0
68.0
1505.0
68.0
554.5
3260.0
68.0
458.0
460.0
722.0
68.0
68.0
458.0
3792.0
832.0
2871.5
248.5
257.0
68.0
543.5
68.0
639.5
243.5
68.0
243.5
163.0
628.5
828.5
1109.0
68.0
610.0
257.0
3001.5
4626.0
1389.5
1893.0
68.0
1763.0
1989.5
640.0
2112.0
257.0
758.0
0
647.0
0
941.5
68.0
614.0
627.5
3928.5
68.0
68.0
68.0
533.5
0
458.0
0
537.5
1006.0
2071.0
2343.0
1296.0
1030.0
68.0
2248.0
348.5
565.5
271.0
1125.0
1483.0
68.0
1148.0
1010.5
1132.5
3103.0
1239.0
68.0
1963.5
1392.5
1122.5
5015.5
68.0
0
1192.0
68.0
1223.5
1107.0
68.0
153.5
850.5
1329.0
2567.0
68.0
5963.5
68.0
906.5
438.5
533.5
2842.0
1688.0
68.0
68.0
1505.0
627.5
68.0
1502.0
646.0
511.0
163.0
2504.5
1520.0
1909.5
438.5
2467.0
2109.5
3666.0
68.0
1016.5
365.5
894.5
1111.0
738.5
2358.5
163.0
163.0
553.0
163.0
348.5
719.0
68.0
2534.5
163.0
163.0
458.0
68.0
2471.5
447.5
3228.5
1778.5
4107.0
1981.0
163.0
68.0
173.0
1123.0
0
438.5
68.0
2883.0
1594.0
2059.5
1986.5
553.0
173.0
930.0
68.0
5464.5
606.5
438.5
68.0
3274.5
3676.0
1307.0
352.0
708.0
1018.0
2499.5
1594.0
4726.5
1405.5
68.0
4228.5
1973.0
419.0
1109.0
738.5
1218.5
68.0
647.0
730.0
830.5
3787.5
68.0
68.0

348.5
2005.5
3520.0
1969.5
68.0
2767.0
68.0
163.0
459.5
458.0
3893.0
365.5
68.0
68.0
832.0
736.0
620.5
1208.0
808.5
1515.0
458.0
3036.0
568.5
458.0
446.5
68.0
641.5
68.0
68.0
68.0
1621.0
68.0
68.0
1483.0
458.0
68.0
173.0
1126.0
1595.5
68.0
543.5
524.0
2172.0
68.0
458.0
1849.0
7710.0
1314.5
68.0
1707.0
458.0
68.0

1018.0
438.5
533.5
68.0
1774.5
68.0
68.0
832.0
173.0
738.5
458.0
68.0
735.0
504.5
68.0
458.0
2639.0
1931.5
1010.0
173.0
1889.5
2355.0
1017.5
68.0
68.0
68.0
534.5
68.0
68.0
2062.5
458.0
438.5
2950.5
460.0
173.0
438.5
68.0
365.5
1039.5
1114.0
68.0
828.5
1505.0
809.5
2263.0
1769.5
68.0
365.5
641.5
163.0
458.0
68.0
2034.0
1218.5
257.0
1754.0
1383.0
68.0
0
438.5
911.5
348.5
831.0
342.5
1406.5
1121.5
1500.0
5210.5
537.5
1119.0
365.5
923.5
68.0
1777.0
627.5
68.0
828.5
4906.0
163.0
719.0
1188.5
2830.5
4247.0
68.0
438.5
2725.5
1515.0
2918.0
533.5
2475.0
751.0
1126.0
1526.5
2469.0
163.0
271.0
68.0
173.0
1150.5
445.5
3010.5
68.0
352.0
68.0
5761.0
736.0
434.0
4214.5
458.0
2414.5
68.0
633.5
627.5
1593.0
3555.5
163.0
77.0
828.5
3665.5
755.0
68.0
1036.0
741.5
68.0
68.0
68.0
785.0
911.5
352.0
81.0
68.0
68.0
68.0
1502.0
1200.0
538.5
2146.5
984.5
365.5
68.0
621.5
68.0
555.0
68.0
790.0
458.0
68.0
1126.0
163.0
68.0
1460.0
1397.0
419.0
2766.0
438.5
2373.5
2865.0
1805.5
68.0
1589.0
68.0
6275.5
153.5
163.0
2992.5
438.5
68.0
366.0
1810.0
595.0
1208.5
68.0
1401.5
1988.0
1659.5
1004.0
848.0
173.0
0
1902.5
68.0
348.5
623.0
4132.0
2410.0
1404.0
68.0
68.0
68.0
173.0
68.0
68.0
68.0
1227.5
68.0

2141.0
68.0
3133.0
458.0
2054.5
722.0
553.0
646.5
68.0
1425.5
646.0
3413.0
438.5
68.0
609.5
1399.0
68.0
743.5
629.0
533.5
719.0
633.5
257.0
12915.0
163.0
1570.5
614.0
1813.5
533.5
2036.0
3294.0
438.5
68.0
1772.5
1034.0
68.0
257.0
68.0
4926.5
348.5
68.0
1821.5
6218.0
719.0
68.0
1625.5
2447.5
68.0
68.0
2537.0
522.5
912.0
727.0
68.0
68.0
1638.0
1965.0
647.0
1863.5
443.5
68.0
4653.0
1885.0
348.5
434.0
68.0
1111.0
68.0
458.0
1000.0
2356.5
1301.5
68.0
534.5
68.0
365.5
999.5
458.0
68.0
68.0
365.5
68.0
438.5
68.0
1788.0
68.0
68.0
68.0
257.0
973.0
623.0
68.0
704.0
68.0
521.0
2826.5
68.0
443.5
257.0
2195.5
68.0
365.5
722.0
1128.5
614.0
1133.0
460.5
68.0
1785.5
738.5
1225.0
2804.0
68.0
4114.0
438.5
68.0
647.0
521.0
68.0
68.0
3020.0
2139.0
6486.5
352.0
537.5
1374.5
348.5
1495.5
1109.0
941.5
1565.0
4555.0
1317.5
438.5
848.0
438.5
554.5
348.5
925.5
1387.0
1694.0
1101.5
2368.0
153.5
1165.5
2013.0
68.0
627.5
4633.5
3001.0
612.5
68.0
1861.0
438.5
828.5
3544.0
3360.5
623.0
620.0
927.5

68.0
1477.0
68.0
68.0
3609.0
68.0
1020.0
68.0
537.5
1387.5
68.0
68.0
68.0
68.0
68.0
2845.5
68.0
1787.0
68.0
2875.5
527.5
68.0

1989.0
1387.5
3492.0
68.0
1719.0
524.0
828.5
1389.5
68.0
647.0
3186.0
1976.5
68.0
923.5
68.0
68.0
68.0
68.0
68.0
5555.0
68.0
68.0
458.0
1039.0
458.0
1121.5
3911.5
2497.0
348.5
68.0
2524.5
68.0
614.0
458.0
68.0
1126.0
460.5
1790.5
1964.0
68.0
1595.5
3236.0
1748.5
348.5
2620.5
1158.5
68.0
163.0
163.0
1317.5
3041.5
438.5
2356.5
1128.5
736.0
1034.0
2228.0
978.5
3972.0
68.0
451.0
348.5
512.5
348.5
438.5
1100.0
1786.5
933.0
348.5
68.0
2676.0
2262.5
163.0
1407.5
617.5
1502.0
68.0

1869.5
923.5
1486.5
68.0
2916.5
699.5
2776.0
68.0
68.0
68.0
533.5
68.0
886.0
1944.5
68.0
438.5
1400.5
1979.5
68.0
1008.0
627.5
2828.5
68.0
3292.0
4290.5
2534.0
553.0
6930.5
68.0
1028.5
332.0
5447.0
68.0
2029.5
438.5
257.0
257.0
68.0
1789.5
719.0
537.5
2234.5
2356.0
257.0
2849.0
533.5
348.5
2645.5
365.5
1858.0
68.0
458.0
831.0
1714.5
68.0
68.0
1519.5
2996.5
68.0
1221.0
1189.0
944.0
3044.0
524.0
68.0
68.0
994.0
980.0
2537.5
3144.0
898.0
68.0
68.0
3101.0
68.0
68.0
332.0
2713.0
68.0
365.5
68.0
859.0
68.0
68.0
68.0
3008.0
1094.5
348.5
68.0
268.0
163.0
68.0
1217.5
2805.5
3265.0
2475.5
543.5
5650.0
738.5
1379.0
3400.0
6175.0
755.5
3480.0
1033.5
554.5
163.0
537.5
2087.5
68.0
620.5
2803.5
348.5
68.0
934.0
537.5
1126.0
1120.0
153.5
3380.5
3247.5
1616.5
68.0
3025.0
365.5
931.0
68.0
927.5
1488.5
68.0
68.0
1801.0
443.5
541.0
627.5
3785.0
1088.0
641.5
68.0
68.0
68.0
257.0
2722.5
1793.5
1337.0
68.0
736.0
821.5
1201.0
68.0
633.5
930.0
68.0
68.0
257.0
438.5
1791.5
1499.0
3399.5
612.5
6426.5
2489.5
68.0
348.5
153.5
68.0
68.0
1899.0
68.0
68.0
163.0
3502.5
8476.0
458.0
68.0
257.0
257.0
2234.0
68.0
1218.5
257.0
68.0
68.0

1002.5
68.0
153.5
2732.0
1890.0
3735.5
163.0
68.0
5130.5
758.0
905.0
654.0
432.5
163.0
68.0
68.0
1484.5
1665.5
1115.5
1038.5
68.0
663.0
2348.5
738.5
348.5
627.5
458.0
1521.5
438.5
3561.0
68.0
828.5
68.0
68.0
2576.5
5856.5
719.0
68.0
1516.0
68.0
803.0
3651.5
4769.0
1344.0
2465.5
1770.5
1146.0
257.0
68.0
2431.5
257.0
527.5
257.0
1108.0
68.0
809.0
1201.0
1199.0
363.0
68.0
458.0
68.0
68.0
914.0
2243.5
2033.5
68.0
1017.5
1711.0
68.0
736.5
3727.5
68.0
68.0
6593.0
923.5
761.0
1003.0
1134.0
68.0
438.5
338.5
735.0
68.0
458.0
4452.5
1029.5
68.0
68.0
2326.5
702.5
738.5
1569.5
1315.5
1046.0
68.0
541.0
458.0
529.0
713.0
483.5
68.0
0
563.0
163.0
1789.5
5404.5
1692.0
828.5
68.0
1523.5
68.0
332.0
68.0
68.0
719.0
1695.5
68.0
1199.0
638.5
1704.0
2940.5
3069.5
68.0
68.0
68.0
458.0
243.5
68.0
3259.0
68.0
534.5
702.5
68.0
4048.0
271.0
533.5
68.0
68.0
3773.0
68.0
68.0
1051.0
839.5
2350.0
3240.0
750.0
4521.5
646.0
2139.5
68.0
925.0
1506.5
68.0
257.0
5455.0
333.5
348.5
342.5
1609.5
68.0
609.5
1594.0
1284.5
257.0
68.0
555.0
3557.5
68.0
730.0
1406.5
1221.0
1900.5
924.0
438.5
458.0
730.0
434.0
628.5
68.0
8177.0
68.0
438.5
627.5
2798.5
1408.0
735.0
68.0
3261.5
68.0
257.0
2428.5
1112.5
543.5
1002.5
736.0
1119.0
1383.5
365.5
458.0
3045.5
1905.0
348.5
1046.5
927.5
3705.5
1111.5
1972.5
68.0
646.0
533.5
543.5
537.5
2044.5
2438.5
1495.0
4131.5
0
68.0
4422.0
68.0
68.0
68.0
68.0
2849.5
8327.5
1766.5
419.5
438.5
68.0
717.0
153.5
663.0
68.0
533.5
0
1399.0
4295.5
458.0
804.5
933.5
438.5
619.0
338.5
68.0
1507.0
1763.0
257.0
2803.5
614.0
2275.5
533.5
68.0
627.5
524.0
1408.5
2708.5
68.0
1489.5
738.5
163.0
1104.5
365.5
1127.0
1055.5
738.5
647.0
68.0
458.0
438.5
731.5
68.0
3105.0
163.0
1503.0
1387.0
1035.5
944.5

1082.0
68.0
153.5
1785.5
163.0
2358.0
930.5
2050.0
68.0
68.0
271.0
2323.0
4644.5
3022.0
848.0
68.0
163.0
68.0
1550.5
848.0
1480.0
2086.0
1976.5
2728.0
627.5
68.0
1006.5
554.5
438.5
533.5
3188.0
2255.0
68.0

2744.5
534.5
257.0
68.0
68.0
68.0
961.0
68.0
0
68.0
458.0
68.0
68.0
68.0
68.0
627.5
1373.0
365.5
163.0
2735.0
2674.0
68.0
1199.0
2546.5
1126.5
438.5
736.0
458.0
740.5
68.0
2653.0
68.0
153.5
68.0
2387.0
348.5
68.0
3226.0
2630.5
2388.0
4703.5
68.0
2649.0
68.0
3270.5
1211.5
2253.0
257.0
348.5
1981.5
629.0
1409.0
3142.0
438.5
68.0
1128.5
832.0
163.0
68.0
163.0
1979.0
438.5
828.5
1611.5
1777.0
1682.5
1985.5
68.0
68.0
736.0
6184.5
911.0
2378.5
3701.0
2281.0
1944.5
738.5
6028.0
3880.0
1439.5
1974.0
3635.5
365.5
1796.5
68.0
3866.0
555.0
443.5
2884.5
641.5
1006.0
1297.0
2195.5
65.0
68.0
4627.5
1304.0
5699.0
817.0
1036.5
2823.0
68.0
734.5
3382.0
68.0
163.0
1520.0
1310.5
68.0
2663.5
348.5
736.0
3158.5
6034.0
68.0
2160.0
68.0
1325.5
0
68.0
600.0
68.0
68.0
828.5
68.0
68.0
437.5
3882.0
1783.0
615.5
923.5
2528.5
68.0
68.0
646.0
68.0
2612.0
6294.5
1955.0
3241.5
68.0
534.5
1419.5
68.0
163.0
1894.0
68.0
68.0
702.5
0
1209.5
68.0
68.0
68.0
1875.0
68.0
68.0
1146.0
2072.0
1845.0
1109.0
0
555.5
1320.5
8.0
832.0
257.0
68.0
3207.0
5830.0
1105.5
332.0
1109.0
803.0
68.0
1963.0
68.0
905.5
1900.0
2383.0
438.5
5199.0
526.0
365.5
1106.5
68.0
68.0
68.0
8.0
1989.0
68.0
718.0
68.0
163.0
1798.5
68.0
68.0
1339.0
365.5
2580.0
3300.0
68.0
5595.5
633.5
830.5
68.0
627.5
2458.0
3248.5
163.0
5735.0
458.0
6281.5
257.0
4899.0
68.0
522.0
173.0
2731.0
68.0
3228.5
2733.5
2141.5
554.5
448.0
646.0
68.0
458.0
1866.5
1331.0
458.0
68.0
68.0
1283.0
68.0
1947.0
9851.5
942.5
719.0
68.0
243.5

1676.5
533.5
442.0
521.0
1936.5
348.5
738.5
534.5
1031.5
1017.5
68.0
1101.5
521.0
68.0
1387.5
894.5
719.0
68.0
900.0
2062.5
68.0
153.5
68.0
68.0
2795.0
1032.5
1790.5
68.0
68.0
1502.5
1009.0
923.5
2358.5
163.0
1988.0
68.0
1393.0
163.0
1546.0
1334.0
153.5
1576.0
1302.5
68.0
633.5
2004.0
1589.5
543.5
68.0
3321.5
1269.5
68.0
915.5
68.0
68.0
541.0
632.5
257.0

68.0
2669.5
257.0
1417.5
68.0
641.5
68.0
528.0
68.0
927.5
2233.0
1873.5
1878.5
458.0
2776.5
7441.0
68.0
1112.0
68.0
1126.0
458.0
5536.0
68.0
2349.0
626.5
2534.5
600.5
626.5
2173.0
473.0
4636.5
1922.5
68.0
2762.5
68.0
329.0
5969.0
68.0
1790.0
460.5
68.0
67.5
1374.5
0
2715.0
68.0
365.5
628.5
458.0
2141.5
68.0
1922.0
1966.0
68.0
722.0
458.0
438.5
68.0
68.0
68.0
4466.5
627.5
163.0
68.0
68.0
3108.0
1572.0
460.5
68.0
468.5
2460.0
1222.5
1872.0
438.5
2578.0
7668.5
1055.0
68.0
1199.0
257.0
719.0
3547.0
627.5
2245.0
642.5
365.5
68.0
68.0
2748.0
68.0
2334.5
68.0
633.5
68.0
535.0
458.0
68.0
629.0
2314.0
719.0
365.5
1955.0
68.0
271.0
348.5
68.0
163.0
1051.0
68.0
1501.0
2436.0
68.0
2752.5
68.0
68.0
239.5
68.0
68.0
68.0
1707.5
68.0
894.5
2080.0
524.0
438.5
3349.5
68.0
0
68.0
1122.5
4069.0
1179.5
1195.5
1070.5
614.0
438.5
163.0
2287.0
68.0
513.5
0
434.0
931.0
68.0
68.0
458.0
68.0
173.0
521.0
719.0
925.0
68.0
271.0
4456.5
1533.5
163.0
68.0
434.0
0
465.0
1129.0
1891.0
3102.5
68.0
1876.5
1524.5
68.0
412.5
1504.0
419.5
1499.0
442.0
433.5
438.5
68.0
68.0
1111.5
1470.0
1781.5
68.0
68.0
543.5
153.5
0
2194.0
2890.0
0
0
537.5
438.5
622.5
1133.5
68.0
3265.0
2291.0
923.0
623.0
257.0
271.0
1114.0
5734.5
1017.5
68.0
755.5
352.0
1031.5
1133.0
68.0
68.0
755.5
849.0
722.0
2996.5
460.0
1015.0
1151.0
937.5
1205.5
3898.0
0
719.0
1110.5
68.0
348.5
68.0
68.0
68.0
801.5
824.0
1301.5
533.5
3093.5
2794.5
1515.5
460.5
3001.0
348.5
1567.0
68.0
6917.5
1807.0
68.0
2310.0
4421.0
1031.5
68.0
772.0
447.5
2098.0
1893.0
68.0
719.0
365.5
3618.5
1017.5
3623.0
68.0
68.0
3561.5
458.0
1930.0
153.5
755.5
545.5
1222.0
3166.5
654.0
725.0
68.0
458.0
458.0
848.0
4880.5
1128.0
365.5
612.5
348.5
68.0
2735.0
730.0
68.0
271.0
4454.5
352.0
2367.0
1126.0
68.0
68.0
1595.5
614.0
5071.5
68.0
1280.0
68.0
68.0
1886.0
2251.0
1964.5
3506.0
736.0
0
68.0
1297.0
1010.0
163.0
68.0
0
848.0
2865.5
1394.0
348.5
3108.0
1205.5
1351.0
2615.5
2465.0
68.0
551.5
2638.0
1483.0
68.0
153.5
4321.5
1038.5
0
0
0
554.5
257.0
68.0
809.0
1398.0
2537.0
257.0
943.5
365.5
163.0
68.0
1629.5
619.0
3320.5
2011.0
1505.0
2399.0
68.0
1028.0
3208.0
633.5
5055.5
163.0
1817.0
1969.0
633.5
817.0
803.0
1382.0
809.0
68.0
68.0
68.0
68.0
68.0
2828.0
629.0
68.0

524.0
534.5
2384.0
447.5
1214.0
0
68.0
68.0
1126.0
2047.0
173.0
258.0
551.5
6633.5
539.0
4655.5
1021.5
627.5
68.0
68.0
1862.5
738.5

68.0
1961.0
997.5
1541.5
68.0
365.5
944.5
3297.0
68.0
68.0
68.0
515.0
2156.5
537.5
663.0
257.0
3392.5
438.5
365.5
1298.0
163.0
68.0
904.5
68.0
68.0
365.5
538.5
68.0
4591.0
1609.0
68.0
68.0
543.5
348.5
3383.0
68.0
68.0
836.0
1406.5
1128.5
4546.5
736.0
524.0
1901.5
68.0
920.0
1740.0
68.0
1021.0
751.0
5397.0
2906.5
933.5
920.5
2062.5
1006.5
1124.0
534.5
163.0
2824.0
173.0
1908.0
3568.5
821.5
3157.0
858.5
1779.5
458.0
348.5
1425.0
68.0
68.0
68.0
524.0
68.0
68.0
68.0
543.5
627.5
1496.5
927.5
3080.5
3308.0
365.5
163.0
1880.5
1392.5
257.0
1599.5
2433.5
6665.0
1917.5
1390.0
646.0
1018.5
68.0
348.5
1594.5
2082.5
614.0
1404.5
68.0
835.0
451.0
541.0
163.0
352.0
1221.0
2058.5
68.0
1661.5
5721.0
3213.0
2056.5
68.0
4110.5
1128.5
68.0
68.0
538.5
68.0
602.5
1811.5
0
2702.5
1865.5
257.0
3135.5
68.0
4276.5
533.5
2562.0
1308.0
1222.5
458.0
1518.0
68.0
1476.5
4863.0
68.0
163.0
438.5
68.0
1100.0
524.0
68.0
2034.5
163.0
68.0
1505.0
1233.0
348.5
1400.5
2302.0
537.5
460.5
68.0
1847.5
629.5
2543.0
163.0
1423.0
68.0
731.5
1493.5
1109.0
2790.0
619.0
4004.5
68.0
633.5
2721.5
1113.5
4073.0
2488.5
433.5
1099.0
816.5
2345.5
627.5
1126.0
1100.5
1399.0
68.0
1833.0
642.5
1769.5
1594.0
1094.5
2687.5
163.0
1110.0
533.5
163.0
1715.5
333.5
1222.0
3280.5
1010.0
3406.5
153.5
906.0
257.0
1804.5
1876.5
438.5
173.0
919.0
894.5
623.0
1287.5
68.0
1049.0
68.0
1898.0
2237.0
1309.5
68.0
163.0
1175.5
4231.0
4890.0
68.0
68.0
736.0
68.0
609.0
68.0
2795.5
68.0
1108.0
7558.5
4214.5
2065.5
1988.0
1126.0
998.0
647.0
646.0
2918.5
68.0
68.0
3009.5
2848.0
1135.5
1174.0
68.0
68.0
551.5
243.5
458.0
77.5
1128.5
932.5
1303.0
68.0
68.0
2165.5
3725.0
68.0
1492.0
2409.0
543.5
163.0
1115.5
68.0
1669.0
732.5
163.0
1226.0
68.0
1494.5
529.0
1392.5
916.5
722.0
1879.5
1794.5
3201.5
2159.0
3501.5
4166.0
2080.5
1484.5
2039.5
1030.0
6367.0
1896.5
515.0
4226.0
1499.0
1475.0
68.0
163.0
173.0
6011.5
446.0
68.0
1688.0
521.0
3442.0
638.5
68.0
68.0
5904.5
719.0
766.0
2658.5
1599.0
68.0
1895.5
3693.5
163.0
68.0
617.0
892.5
628.0
1786.0
1561.0
68.0
2872.5
2859.5
933.5
68.0
173.0
68.0
173.0
1794.5
4758.5
1772.0
1104.0
68.0
646.0
2338.0
722.5
524.0
702.5
912.5
68.0
68.0
3828.5
1941.0
520.0
1039.0
713.0
1459.5
68.0
257.0
533.5
3771.5
7757.5
480.5
2084.0
629.0
3139.5
68.0
68.0
2010.5
1934.5
3357.5
365.5
1199.5
438.5
3891.0
68.0
2557.0
7248.5
2762.0
1888.5
68.0
68.0
68.0
543.5
2833.0
68.0
1110.0
524.0
68.0
936.0
447.0
744.5
738.5
68.0
68.0
2054.0
68.0
4280.0
68.0
922.5
1094.0
1492.0
68.0
2237.0
163.0
1226.0
1909.5
5911.5
526.0
732.5
348.5
68.0
68.0
68.0
257.0
3832.0
68.0
3302.0
68.0
348.5
893.0
68.0
163.0
3878.0
2001.5
68.0
68.0
163.0
68.0
1030.0
2447.5
1194.5
2240.5
646.0
541.0
0
614.0
1432.0
1390.5
68.0
1526.5
3173.0
796.0
68.0
1004.0
3009.0
68.0
68.0
924.5
719.0
434.0
68.0
2263.0
68.0
68.0
1195.0
4237.0
755.5
1763.0
1011.0
614.0
755.5
68.0
1781.0
68.0
1479.5
4171.5
3976.0
446.0
1117.0
77.0
1119.0
68.0
536.5
68.0
1335.5
1106.5
1474.5
68.0
629.0
1093.5
1016.5
724.0
1019.0
1373.0
268.0
2377.5
646.5
726.5
1893.0
68.0
1417.5
3226.5
2786.5
163.0
2038.0
68.0
153.5
1179.5
1110.0
1496.5
4793.5
68.0
4152.0
5041.5
2816.0
1109.0
438.5
732.5
2735.0
163.0
1342.0
1867.5
438.5
1910.0
2055.0
1039.5
68.0
342.5
68.0
839.0
257.0
68.0
68.0
352.0
2746.0
2002.5
719.0
524.0
257.0
2074.5
2687.0
163.0
1877.0
3130.0
933.0
57.5
68.0
3982.0
1976.5
438.5
2041.0
68.0
68.0
614.0
68.0
2251.5
4977.0
1609.0
1406.5
3230.5
741.0
4097.5
914.0
4513.5
153.5
342.5
453.5
998.0
1030.5
6514.0
736.0
2464.5
68.0
68.0
68.0
1889.0
1221.0
332.0
2094.5
3096.5
511.0
68.0
68.0
1007.5
1205.5
2740.5
68.0
163.0
257.0
914.0
1718.0
68.0

2795.5
1637.0
352.0
1691.5
68.0
2328.0
4324.5
929.0
343.5
1021.5
1862.5
1592.5
1812.0
243.5
2104.0
1119.5
2423.5
1417.5
68.0
537.5
348.5
68.0
816.5
68.0
1792.5
68.0
68.0
68.0
3337.0
4723.0
1393.0
714.0
163.0
2825.0
68.0
68.0
68.0
0
458.0
163.0
4749.0
1979.5
6138.5
68.0
163.0
944.5
0
1329.0
68.0
163.0
1671.0
68.0
1128.0
1982.5
68.0
617.5
68.0
347.5
821.5
941.5
68.0
894.5
1024.5
458.0
736.0
68.0
163.0
1338.0
2994.0
2342.0
1610.5
438.5
4599.5
5538.0
434.0
1132.0
2738.5
68.0
927.5
437.5
29.0
68.0
2320.0
68.0
3153.0
1197.0
1511.5
68.0
257.0
1505.5
543.5
832.5
4704.5
163.0
1601.5
68.0
163.0
3316.5
663.0
2993.0
2584.0
163.0
2091.0
68.0
1034.0
68.0
458.0
68.0
828.5
3343.0
68.0
1518.5
3136.5
2124.5
3923.5
1355.5
448.5
1501.0
1810.0
2358.5
6694.5
908.0
3078.0
352.0
8731.5
68.0
68.0
2269.5
614.0
1089.5
438.5
68.0
365.5
68.0
68.0
2300.0
830.0
2506.5
1725.0
6119.5
153.5
5487.5
4038.5
2010.0
68.0
524.0
749.0
1562.5
1127.5
910.0
0
3629.0
911.5
534.5
5507.5
6526.0
68.0
1612.5
1698.5
68.0
153.5
1137.5
738.5
2789.5
608.5
2874.0
68.0
163.0
163.0
3315.5
1218.5
629.5
2352.5
438.5
639.5
1030.0
2749.5
533.5
1403.0
68.0
2333.0
68.0
153.5
68.0
68.0
68.0
4987.5
163.0
1350.5
2672.5
2676.0
3487.5
923.5
4005.5
4032.5
738.5
68.0
1403.0
68.0
68.0
2404.5
2287.0
4029.5
434.0
2243.5
68.0
631.5
1223.5
68.0
5806.0
3561.5
738.5
719.0
68.0
6504.0
534.5
3723.0
2361.0
68.0
1211.5
1124.0
68.0
2735.0
619.0
2393.5
4546.0
3068.5
348.5
1032.5
527.5
1778.5
1034.0
1588.0
902.5
2704.0
3318.5
1496.5
817.0
1844.0
1480.0
553.0
1988.0
2459.5
68.0
1816.0
1429.5
163.0
546.0
742.0
68.0
1034.0
446.0
2725.5
68.0
68.0
68.0
7348.5
533.5
352.0
2168.0
1004.0
3206.5
3595.0
941.5
1006.0
1925.5
1093.0
1529.0
641.5
3124.5
1799.0
163.0
68.0
4635.5
828.5
819.0
68.0
1399.0
68.0
173.0
68.0
936.0
68.0
1012.0
1526.5
1769.5
68.0
153.5
619.0
632.5
4472.0
68.0
1110.0
4029.0
663.0
3931.5
2640.0
1561.5
348.5
2884.5
438.5
8351.0
554.5
3781.5
533.5
633.5
163.0
4887.0
543.5
348.5
68.0
0
621.5
1087.5
3670.5
803.0
1774.0
632.5
2171.5
3410.0
1047.0
5906.5
68.0
2059.0
68.0
8974.5
68.0
526.0
271.0
258.0
68.0
1517.0
1126.0
257.0
443.5
438.5
3030.5
163.0
1132.5
551.5
68.0
1326.0
68.0
3168.0
163.0
7345.0
1000.0
914.0
68.0
1025.5
68.0
68.0
68.0

2272.0
5060.0
923.5
4000.0
68.0
1479.5
719.0
163.0
68.0
458.0
1975.0
608.5
3604.5
458.0

163.0
532.0
1599.0
4233.5
2334.0
173.0
163.0
615.5
1112.5
68.0
3790.0
2667.0
2381.5
68.0
1021.5
1128.5
522.5
458.0
627.5
2379.5
2555.5
3788.5
4109.5
713.0
434.0
927.5
2345.5
4846.5
1807.0
163.0
258.5
609.5
894.5
646.0
627.5
54.0
4052.0
68.0
6325.5
5034.0
68.0
4297.5
68.0
68.0
1777.0
554.5
1013.0
163.0
1124.5
243.5
1682.5
1716.0
68.0
419.5
1128.5
1391.5
348.5
631.5
163.0
3878.5
68.0
271.0
68.0
68.0
68.0
1405.0
627.5
1867.0
1211.5
68.0
68.0
1090.0
847.0
5277.5
68.0
1084.0
612.5
68.0
555.0
68.0
1807.0
927.5
68.0
68.0
68.0
1182.5
2726.0
68.0
458.0
1567.5
9358.0
342.5
4086.5
731.5
3388.0
68.0
0
1230.0
1834.0
68.0
529.0
841.0
4987.0
2272.5
3598.0
68.0
458.0
537.5
647.0
2957.0
257.0
948.0
1385.5
68.0
1744.5
524.0
543.5
514.5
2819.0
1516.0
554.5
1304.0
2320.5
68.0
613.0
533.5
2844.0
923.0
1189.5
1885.5
1971.5
758.5
1887.5
1017.5
2062.0
636.0
1668.0
1009.0
2717.0
2767.0
6969.5
3291.0
258.0
348.5
68.0
629.5
925.0
3146.0
1492.0
348.5
511.5
338.5
68.0
68.0
68.0
458.0
163.0
68.0
5107.5
809.0
68.0
533.5
68.0
348.5
68.0
1103.0
163.0
5531.0
925.0
0
2505.0
3137.5
68.0
885.5
1012.0
2740.5
1786.0
68.0
68.0
551.5
902.5
731.5
68.0
646.0
2948.0
4175.0
994.5
537.5
68.0
68.0
1445.5
163.0
5699.0
2074.5
903.5
2731.5
163.0
3985.0
568.5
2947.0
2691.5
68.0
554.5
553.0
2724.5
732.5
60.5
68.0
1221.0
543.5
1578.5
1488.0
3304.0
68.0
719.0
68.0
4362.0
3110.0
2450.0
4869.0
533.5
2352.5
610.0
738.5
68.0
243.5
163.0
3312.0
365.5
2574.5
7859.0
248.5
0
68.0
931.0
438.5
1894.5
2065.0
5162.0
1143.5
68.0
68.0
438.5
153.5
3715.0
5492.5
1033.5
2265.5
1510.0
3202.0
1782.5
68.0
68.0
534.5
163.0
4539.0
0
1366.0
0
4166.5
1032.5
153.5
0
537.5
68.0
1220.5
714.5
1119.0
3755.0
1494.5
438.5
998.0
926.5
68.0
2137.5
2392.5
163.0
443.5
543.5
3770.5
2376.0
0
4231.5
641.5
5935.0
68.0
3118.5
809.0
1117.0
153.5
68.0
68.0
68.0

68.0
1109.0
2906.0
257.0
68.0
2467.5
3804.0
447.0
68.0
536.5
6886.5
78.0
68.0
68.0
3032.0
0
68.0
3779.0
533.5
438.5
2372.0
163.0
935.5
68.0
1488.0
1025.0
1606.0
1589.0
555.0
4193.0
5943.5
173.0
619.0
816.5
2292.5
646.0
68.0
68.0
2844.5
0
5471.0
509.5
1595.5
925.0
1134.0
1121.5
347.5
543.5
4245.0
163.0
68.0
3764.5
4522.0
1529.0
258.0
68.0
153.5
68.0
68.0
68.0
68.0
163.0
1805.0
68.0
173.0
153.5
713.0
511.0
3259.5
1407.0
619.0
1668.5
1511.0
1570.5
2447.5
2275.0
519.5
68.0
926.5
1394.5
543.5
365.5
1610.5
614.0
68.0
3105.5
68.0
609.5
1859.0
0
709.5
519.5
438.5
68.0
724.0
2813.5
1808.5
524.0
68.0
68.0
1284.5
68.0
646.5
541.0
1499.0
68.0
68.0
1101.5
68.0
3765.5
68.0
57.5
1389.5
2376.0
68.0
458.0
68.0
68.0
68.0
1096.5
68.0
6020.0
1030.0
914.0
3183.5
163.0
5852.5
271.0
461.5
1126.5
2432.5
5098.0
5583.0
4278.5
163.0
5166.5
68.0
68.0
2650.5
68.0
2265.0
632.5
257.0
1209.5
68.0
3210.5
2841.0
2101.5
1422.5
68.0
68.0
68.0
1466.0
1499.0
438.5
1017.5
933.5
553.0
619.0
1434.5
741.5
68.0
438.5
2857.5
163.0
68.0
4028.0
68.0
1509.0
742.0
68.0
4625.5
1926.5
3909.5
0
1475.5
68.0
3143.5
1289.0
2621.0
524.0
606.5
1315.5
2951.5
348.5
2260.0
432.5
2542.0
533.5
1499.0
2288.5
68.0
365.5
68.0
458.0
163.0
946.0
460.5
68.0
271.0
2466.0
3440.5
68.0
163.0
460.5
828.5
243.5
1334.5
6620.0
1109.0
1494.5
4433.0
68.0
68.0
1402.5
2015.5
271.0
2289.5
68.0
2669.0
446.0
68.0
0
627.5
537.5
1139.0
749.0
3718.0
2550.5
727.0
941.5
68.0
438.5
68.0
1166.5
1879.5
2717.5
2347.5
1223.0
68.0
68.0
533.5
719.0
348.5
1783.5
646.0
1024.0
4820.0
537.5
1126.0
2278.5
2663.5
153.5
2683.0
0
245.0
68.0
1017.5
68.0
163.0
68.0
68.0
163.0
163.0
10760.5
163.0
3282.0
1591.0
1886.5
1499.0
1587.0
2866.0
6907.0
2167.0
734.5
755.5
520.5
0
4207.5
1036.0
1102.0
894.5
257.0
914.0
3255.0
1437.0
3327.0
1719.5
438.5
612.5
719.0
173.0
443.5
271.0
163.0
2662.0
1651.5
926.5
1873.0
1009.0
68.0
543.5
68.0
2734.0
717.5
3007.0
1091.5
1962.0
1103.0
608.5
3340.5
4959.0
1585.5
77.5
68.0
2621.5
919.0
68.0
2178.0
912.0
248.5
68.0
348.5
68.0
749.0
629.5
0
68.0
68.0

3798.5
365.5
153.5
1486.5
1122.0
601.0
68.0
4169.5
910.0
68.0
68.0
1128.5
9218.0
2169.5
68.0
1016.5
1997.5
153.5
5272.0
2819.5
2281.5
68.0
68.0
628.5
68.0
352.0
163.0
2087.5
1414.0
629.0
0
2283.5
2455.0
7021.0
3334.5
68.0
348.5
2904.0
163.0
828.5
954.0
4104.5
68.0
68.0
68.0
68.0
3174.5
1421.0
3615.5
68.0
453.5
68.0
1116.0
2917.0
7669.5
1576.5
1106.5
1393.0
2428.0
2355.5
2218.5
434.0
68.0
890.0
5933.0
614.0
68.0
2758.0
646.0
1582.0
5686.0
68.0
1284.5
68.0
5312.0
60.5
68.0
348.5
1199.0
68.0
1112.0
438.5
1036.0
663.0
2250.0
257.0
2622.5
1596.5
438.5
541.0
555.0
627.5
900.5
68.0
6467.0
1845.5
68.0
642.5
68.0
2406.0
68.0
68.0
68.0
1872.5
1040.0
1045.0
3341.5
68.0
1016.5
68.0
4430.5
927.5
2229.5
2268.0
68.0
257.0
533.5
4370.5
3903.5
1294.5
163.0
1967.5
5907.5
163.0
257.0
3707.5
909.5
1025.5
1019.0
173.0
5039.5
1703.0
153.5
1721.5
2051.5
0
68.0
344.0
68.0
2670.5
458.0
1195.0
3038.0
1214.0
828.5
551.5
1882.5
3625.5
68.0
537.5
68.0
419.5
1033.5
533.5
627.5
68.0
248.5
4183.5
614.0
1952.5
68.0
348.5
1788.0
153.5
3307.5
736.5
1038.5
68.0
68.0
68.0
4401.0
843.5
68.0
543.5
1522.0
3296.0
1982.0
68.0
551.5
68.0
541.0
68.0
537.5
929.5
7962.5
68.0
1104.5
930.0
627.5
931.0
553.0
68.0
1631.5
831.5
3142.5
163.0
1021.5
68.0
1589.5
1412.5
3137.5
153.5
4028.5
1221.0
628.5
1854.0
68.0
4531.5
68.0
1093.0
553.0
831.5
68.0
809.0
633.5
2328.0
1020.0
68.0
3008.5
1813.5
1604.0
1227.0
68.0
2587.0
911.0
633.5
520.0
163.0
1609.0
2104.5
348.5
2714.5
2133.0
641.5
3587.5
68.0
804.5
641.5
68.0
2831.5
458.0
3469.5
68.0
930.0
850.5
1540.5
2378.0
1414.0
443.5
458.0
257.0
620.5
2052.0
68.0
4850.0
68.0
3188.0
2732.5
3142.5
2014.0
1502.0
2382.0
434.0
4437.0
3562.0
163.0
68.0
1791.0
2294.5
1026.0
989.5
68.0
68.0
68.0
460.5
3116.0
348.5
4570.0
2218.0
732.5
521.0
632.5
68.0
2345.5
427.0
68.0
3069.5
458.0
1599.0
1960.5
243.5
443.5
257.0
627.5
1027.0
68.0
68.0
163.0
4700.0
1569.5
2445.5
437.5
3588.0
348.5
736.0
1996.5
68.0
0
68.0
537.5
5746.5
636.0
10015.5
438.5
524.0
6459.0
68.0
68.0
348.5
2979.5
601.0
1613.5
1116.5
3229.0
2560.5
77.5
68.0
68.0
362.0
2255.0
526.0
153.5
163.0
1408.0
1402.0
68.0
458.0
1130.0
736.0
1414.0
3317.5
505.5
68.0
68.0
997.5
68.0
1131.0
7611.5
68.0
3837.5
68.0
543.5
68.0
733.5
735.0
1218.5
731.5
1112.0
738.5
68.0
2488.0
68.0
738.5
257.0
1222.5
438.5
3714.0
365.5
1861.5
554.5
2181.5
1451.5
68.0
2374.0
869.5
68.0
628.0
1869.0
838.5
629.0
4578.0
348.5
1427.0
3343.0
2633.0
1399.5
1668.5
4466.0
153.5
1303.0
1027.0
1088.0
1410.5
68.0
68.0
3169.0
611.5
1004.0
68.0
68.0
723.5
1962.0
638.5
1777.0
68.0
0
1611.0
1240.5
163.0
68.0
519.5
1776.5
5035.0
153.5
438.5
68.0
68.0
438.5
352.0
343.5
3678.5
2368.0
901.0
68.0
543.5
2519.5
916.5
555.0
804.5
1974.5
1756.0
68.0
458.0
2808.0
524.0
1851.5
1148.0
257.0
646.0
1412.0
916.0
1079.0
3625.0
458.0
1114.0
438.5
1478.5
1401.5
438.5
4431.0
4059.0
3585.5
458.0
68.0
1122.5
3997.5
458.0
2422.0
4163.5
541.0
1856.5
927.5
68.0
736.0
2472.0
0
3049.5
627.5
1409.0
1024.0
5532.0
3748.0
1215.5
1145.5
2674.5
1502.0
850.5
933.5
713.0
1599.5
1976.5
3553.5
163.0
68.0
755.5
68.0
2033.5
68.0
1489.5
639.5
927.5
4676.0
831.0
2235.0
2365.5
68.0
2002.5
3228.5
3615.5
68.0
1967.0
68.0
348.5
68.0
68.0
738.5
702.5
818.0
3305.0
68.0
1004.0
1420.5
4641.0
553.0
257.0
1878.5
945.0
338.5
1867.5
68.0
352.0
5323.5
68.0
163.0
636.0
524.0
2234.0
554.5
1589.5
3109.0
731.5
68.0
1478.5
68.0
68.0
738.5
4010.0
68.0
559.5
458.0
1873.0
626.5
68.0
2188.0
1891.0
3289.0
442.0
68.0
362.0
522.5
4010.5
2713.5
2218.5
68.0
1786.5
724.0
841.5
931.5
828.5
1119.0
68.0
5244.0
348.5
68.0
1522.0
1124.0
8404.0
5343.0
438.5
2007.0
68.0
458.0
3517.5
68.0
632.5
1500.0
948.5
633.5
6369.5
543.5
68.0
1199.0
1116.5
1227.5
1706.0
3435.5
1428.0
931.0
1477.0
68.0
68.0
4364.5
68.0
3596.5
68.0
3697.0
629.5
944.0
3407.5
5460.5
173.0
0
434.0
2650.5
633.5
612.5
3317.0
4470.0
68.0
909.5
68.0
438.5
68.0
68.0
1387.5
68.0
2869.5
1126.0
3159.5
3329.0
68.0
68.0
3302.0
2738.5
0
1764.0
163.0
3152.5
1019.0
543.5
68.0
68.0
1594.5
755.5
1783.0
925.0
3869.5
1779.5
68.0
1499.0
460.5
68.0
338.5
348.5
352.0
2363.0
68.0
4437.5
2780.5
908.0
827.5
163.0
2283.5
1879.5
68.0
68.0
2519.0
243.5
3571.0
2827.5
334.0
438.5
1211.5
1128.5
1128.5
614.0
3041.5
551.5
68.0
68.0
442.0
434.0
946.5
1189.0
68.0
1126.0
68.0
1533.5
68.0
1218.5
3644.0
1038.5
3369.0
534.5
1126.0
68.0
68.0
68.0
2333.0
68.0
917.5
434.0
68.0
3387.5
243.5
2204.0
5139.0
814.0
2722.5
438.5
458.0
68.0
2670.0
930.5
68.0
719.0
5097.5
1776.0
3584.0
758.5
852.0
533.5
1194.5
3586.0
1625.5
1805.0
163.0
68.0
3708.0
529.0
68.0
795.5
438.5
1944.5
163.0
1983.0
4161.5
861.0
832.5
803.0
719.0
362.0
1953.5
348.5
4320.5
1274.5
1314.0
828.5
3186.5
437.5
1839.0
173.0
68.0
68.0
741.0
3741.5
365.5
163.0
1781.0
2644.5
537.5
1325.5
68.0
3081.0
257.0
3314.0
1194.5
1386.0
1109.0
4403.5
68.0
163.0
1420.0
68.0
68.0
3419.5
694.0
2746.5
153.5
1036.0
68.0

608.5
3195.0
348.5
257.0
362.0
1013.0
1109.0
553.0
736.0
4940.0
68.0
68.0
68.0

68.0
1449.5
751.0
365.5
68.0
534.5
68.0
649.5
68.0
1807.0
257.0
2452.0
1106.5
2266.5
520.0
3038.5
2084.0
68.0
537.5
3388.5
68.0
2234.5
68.0
1406.5
3760.0
614.0
1133.5
68.0
614.0
1370.0
7007.0
68.0
68.0
2011.0
5805.5
1095.5
3668.0
4901.5
4089.0
5610.5
68.0
1918.0
473.5
3327.0
458.0
68.0
2827.5
2961.0
3129.5
1004.5
68.0
365.5
730.0
257.0
432.5
3684.0
2762.0
68.0
1035.0
2861.5
1114.5
652.0
828.5
1502.5
647.0
515.0
68.0
2059.0
68.0
741.0
3684.0
163.0
904.0
910.0
2859.5
3769.0
641.0
2835.0
732.5
4851.5
629.0
1515.0
68.0
68.0
2357.5
2530.5
68.0
3275.0
348.5
163.0
2272.0
1211.5
2061.5
524.0
163.0
1294.0
163.0
365.5
1126.5
68.0
3949.0
68.0
646.0
614.0
6006.0
458.0
68.0
447.0
348.5
68.0
521.0
3945.0
3001.0
68.0
2414.0
914.0
163.0
2353.0
257.0
1824.0
719.0
2386.5
163.0
3336.5
1200.0
892.5
2380.0
0
3540.0
1613.0
533.5
1351.5
646.0
82.0
647.0
1129.0
646.0
943.5
3184.0
1570.5
738.5
1109.0
1858.5
2336.0
1430.5
2026.5
1182.5
721.5
348.5
1183.5
1334.0
153.5
1737.5
68.0
1616.5
243.5
1240.5
243.5
537.5
68.0
1509.5
641.5
257.0
1576.0
9896.5
2669.0
68.0
1237.0
1317.0
2543.0
3551.5
68.0
68.0
1773.5
614.0
325.0
534.5
68.0
257.0
1575.5
68.0
2452.0
1482.0
446.0
332.0
68.0
68.0
1387.0
1326.5
2170.5
2356.0
0
153.5
983.0
68.0
521.0
524.0
163.0
4679.5
68.0
950.0
460.5
1293.0
2192.0
1880.0
1819.0
1873.5
736.0
736.0
622.5
553.0
1036.5
1915.5
68.0
960.5
68.0
163.0
68.0
3796.5
2179.0
68.0
534.5
2831.0
553.0
68.0
68.0
2561.5
68.0
646.0
533.5
438.5
2996.5
2789.5
1002.0
68.0
68.0
726.5
68.0
153.5
153.5
153.5
68.0
1789.5
153.5
2576.0
68.0
348.5
173.0
163.0
1477.5
2146.5
3049.5
348.5
1004.0
438.5
1086.5
1350.5
3497.5
68.0
68.0
1033.5
458.0
741.0
3746.0
534.5
4940.0
1351.0
0
3944.0
1112.5
68.0
627.5
1190.5
2454.0
163.0
3708.0
68.0
2086.0
4154.5
68.0
1901.5
641.5
1792.5
68.0
2826.5
2420.5
163.0
348.5
5475.5
68.0
3670.5
348.5
2561.5
1879.5
458.0
68.0
153.5
1112.5
2804.5
1102.0
68.0
3609.5
68.0
1980.0
438.5
6879.0
68.0
1592.5
68.0

68.0
438.5
68.0
163.0
153.5
1032.0
460.5
1779.5
2789.5
3872.0
535.0
2951.0
365.5
163.0
534.5
2368.5
1482.5
543.5
68.0
68.0
753.5
2363.0
68.0
68.0
68.0
533.5
68.0
4575.0
3112.0
3690.0
458.0
1164.0
836.5
1894.0
515.0
68.0
1203.0
257.0
2665.5
68.0
3132.0
619.0
4013.0
512.5
2356.5
924.0
1207.0
173.0
5108.0
1097.0
1214.0
608.5
2699.5
632.5
68.0
1677.0
836.5
633.5
1021.5
1111.5
363.0
1402.0
1585.5
1334.5
533.5
1344.5
8091.5
60.5
68.0
1051.0
2331.5
68.0
724.0
68.0
458.0
68.0
4594.0
5920.5
1859.0
521.0
438.5
68.0
365.5
1399.5
1106.5
533.5
68.0
7332.5
68.0
524.0
3114.5
365.5
1992.0
68.0
3173.5
1496.5
68.0
927.5
1409.0
1589.0
68.0
3744.5
5156.0
257.0
365.5

1908.0
68.0
3296.0
1133.5
554.5
1387.5
627.5
443.5
68.0
68.0
5428.0
609.5
1126.0
2080.0
2791.5
737.5
533.5
163.0
524.0
1019.5
736.0
524.0
1388.0
637.0
4683.0
5407.5
4344.0
68.0
68.0
68.0
5857.0
68.0
3131.5
632.5
1029.0
68.0
68.0
4179.0
2679.0
4752.0
0
434.0
1564.5
460.5
1652.0
1412.5
1785.0
3230.0
446.0
40.5
734.5
365.5
1009.0
68.0
8165.0
3189.5
629.0
68.0
68.0
4225.5
2688.5
612.5
57.5
2553.0
3600.5
1409.5
702.5
4309.5
646.0
1235.0
1516.0
1597.5
533.5
68.0
68.0
3601.0
5531.0
629.0
68.0
1953.5
68.0
543.5
949.0

68.0
5634.0
1199.0
153.5
248.5
4362.5
243.5
2479.5
163.0
4586.0
5232.0
1291.0
68.0
1330.0
1297.0
50.0
1395.5
758.5
2213.0
1016.5
2924.5
438.5
3192.5
809.0
553.0
163.0
163.0
1002.0
4535.0
4966.5
458.0
68.0
2560.5
68.0
3896.0
2857.0
4951.5
1482.0
2678.5
1867.5
438.5
917.5
524.0
554.5
6597.0
451.0
3763.5
348.5
443.5
3144.5
2848.5
163.0
627.5

1216.5
2488.0
2136.0
163.0
2563.0
68.0
6011.5
1019.5
4123.5
1110.0
1141.0
1374.5
2835.5
68.0
68.0
68.0
2965.5
1034.0
1604.5
68.0
608.5
68.0
629.0
68.0
3215.0
3256.5
68.0
163.0
68.0
538.5
1406.5
1019.5
68.0
1371.5
68.0
2082.5
526.0
537.5
68.0
1296.5
2751.5
1912.5
68.0
78.0
1903.0
68.0
7248.0
68.0
1574.0
153.5
3025.0
554.5
4173.0
68.0
1484.5
448.0
257.0
2785.0
243.5
68.0
1874.0
1316.5
68.0
1483.0
568.5
2821.0
1014.5
68.0
1373.5
451.0
2472.5
438.5
543.5
647.0
2589.0
68.0
1506.5
2444.0
68.0
68.0
3537.5
5124.0
524.0
1659.5
458.0
1083.5
0
755.5
947.5
68.0
539.0
637.0
1407.5
1314.0
163.0
68.0
719.0
494.5
663.0
2266.0
2901.0
257.0
68.0
68.0
529.0
930.0
533.5
2543.5
446.5
68.0
537.5
432.5
1506.0
1646.0
1589.0
68.0
68.0
3945.5
1502.5
438.5
6959.0
1049.0
614.0

736.0
4196.0
1844.5
1201.5
68.0
1944.0
2742.5
4199.0
342.5
1041.5
1225.0
1053.0
474.5
520.0
1528.0
2068.0
732.5
68.0
438.5
0
458.0
1085.0
68.0
3228.5
442.0
2275.0
1127.0
68.0
348.5
438.5
428.0
3127.5
1093.0
2280.5
2140.5
3480.0
740.0
68.0
1237.5
3101.5
2454.0
68.0
257.0
2274.0
68.0
518.0
8.0
9055.5
7007.0
1113.5
738.5
524.0
2647.0
736.0
458.0
68.0
248.5
68.0
943.5
4702.0
2093.5
2900.5
68.0
1850.0
3548.0
1487.0
629.0
632.5
316.0
736.0
68.0
3681.5
153.5
163.0
68.0
1021.0
3759.5
68.0
2863.5
432.5
914.0
5104.5
68.0
1314.5
2466.0
65.0
68.0
2361.0
1102.0
68.0
1563.0
365.5
1195.0
1036.0
68.0
1391.5
619.0
952.0
68.0
153.5
68.0
153.5
554.5
1353.0
612.5
1509.0
2079.5
1512.5
967.0
68.0
68.0
2777.0
2130.5
0
1004.0
0
3129.5
661.0
3375.5
248.5
0
68.0
1329.5
0
1484.5
2431.0
1209.0
68.0
0
2354.5
68.0
3206.5
68.0
356.5
3305.0
3092.5
1402.5
4635.0
998.0
811.5
68.0
5350.5
922.0
68.0
68.0
68.0
1965.5
521.0
68.0
925.0
4143.0
738.5
543.5
348.5
646.0
926.5
68.0
1228.5
2853.5
3409.0
7845.5
437.5
68.0
1861.0
1049.5
4822.0
82.0
2770.0
736.0
1791.5
2358.0
906.5
614.0
438.5
1611.0
68.0
1318.5
7747.0
2590.5
68.0
68.0
0
163.0
2835.0
3093.0
2655.5
438.5
68.0
438.5
738.5
5384.5
3836.5
2552.0
68.0
68.0
1308.0
68.0
0
68.0
68.0
2562.0
1007.0
1718.0
534.5
1953.5
365.5
1979.0
1116.0
4878.5
905.0
1499.0
68.0
736.0
163.0
518.5
0
68.0
1136.0
1030.0
2054.0
257.0
548.5
68.0
68.0
68.0
1409.0
257.0
5394.0
4961.0
348.5
1389.5
68.0
68.0
68.0
3712.0
1393.0
703.5
153.5
0
1422.0
929.0
8561.5
68.0
2455.0
1427.0
333.5
1376.5
1093.0
2612.5
438.5
68.0
68.0
443.5
68.0
1277.5
809.0
4257.5
68.0
605.5
916.0
257.0
438.5
1131.0
7178.5
68.0
533.5
1400.5
2146.5
1574.0
542.5
2097.0
333.5
894.5
68.0
68.0
1379.5
2567.5
1582.0
0
3565.0
612.5
940.0
1041.0
639.5
2765.0
257.0
719.0
6456.0
2741.5
68.0
68.0
2465.0
248.5
1959.0
3318.5
3406.5
2917.5
4939.5
419.5
4495.5
1756.0
68.0
1316.0
2001.5
741.0
514.5
1988.0
68.0
68.0
3472.0
68.0
1549.5
738.5
738.5
1526.0
1112.0
3699.0
1849.0
68.0
68.0
365.5
1036.0
1785.0
458.0
257.0
1463.0
724.5
1998.5
68.0
68.0
271.0
2395.0
68.0
5446.5
5013.0
3110.0
1960.0
68.0
68.0
3022.0
1884.5
3309.5
68.0
619.5
434.0
68.0
861.5
1125.0
163.0
521.0
1490.5
4684.5
4767.5
1131.0
1521.5
1635.0
4033.0
953.5
153.5
68.0
2530.5
1429.0
4312.5
7455.5
1345.5
1132.5
7370.0
937.5
3614.0
731.5
438.5
1209.0
5575.0
0
828.5
3753.0
521.0
1220.5
68.0
348.5
537.5
68.0
365.5
4890.0
3040.0
1391.0
3125.0
1907.0
1188.5
3215.0
1119.5
4003.0
243.5
68.0
2582.5
68.0
1083.5
647.0
68.0
1229.0
1827.5
2258.5
68.0
68.0
3650.5
68.0
943.5
153.5
858.5
2087.0
68.0
6430.0
68.0
5330.5
1128.0
608.0
2374.5
68.0
1095.0
1021.5
3618.0
163.0
153.5
1228.5
1199.0
1669.5
3737.5
4175.5
1516.5
2939.0
1226.0
1509.0
541.5
4159.5
2653.0
1284.5
856.0
68.0
2044.5
257.0
553.0
1671.0
458.0
906.5
1392.5
257.0
2863.5
460.5
68.0
68.0
68.0
3680.5
2233.5
2578.0
1111.5
68.0
438.5
68.0
1041.5
551.5
5352.5
4019.5
163.0
1250.5
2446.5
68.0
1873.5
1788.0
1409.5
68.0
4044.5
1029.0
612.5
1569.5
2078.0
551.5
68.0
1513.0
1243.0
68.0
926.5
68.0
458.0
68.0
1799.0
1412.0
438.5
8292.0
1478.5
68.0
68.0
635.0
1209.5
68.0
4689.5
899.5
1421.0
458.0
1829.0
1753.5
1008.5
243.5
1903.5
2780.0
3999.5
68.0
2740.5
2429.5
1943.5
3761.0
543.5
4158.5
3276.0
731.0
437.5
1977.0
3523.0
163.0
68.0
1013.0
741.0
1887.0
3386.0
2238.0
68.0
2055.0
734.0
1628.5
68.0
533.5
163.0
4547.5
2428.0
153.5
1019.0
3538.0
1898.5
887.5
636.0
348.5
68.0
68.0
2225.0
2921.5
68.0
68.0
1015.0
3347.0
1345.0
68.0
2773.5
68.0
758.0
68.0
257.0
68.0
818.0
629.5
914.5
543.5
962.0
68.0
68.0
1024.5
68.0
2256.5
1013.0
935.0
68.0

427.0
4120.0
68.0
1218.0
68.0
68.0
537.5
1007.5
809.0
68.0
608.0

614.0
1786.0
1885.5
825.0
2340.0
68.0
1126.0
1396.5
68.0
2412.5
1136.5
68.0
163.0
4547.5
68.0
1516.0
456.0
5969.0
830.5
1900.5
1132.5
1244.5
1125.0
1422.0
848.0
943.0
5023.0
1304.0
68.0

68.0
927.5
163.0
3432.5
646.0
3616.5
647.0
2258.5
629.0
68.0
68.0
3975.0
342.5
2349.5
533.5
68.0
1390.0
68.0
3408.5
153.5
2708.0
809.0
68.0
3451.0
1041.0
68.0
257.0
173.0
365.5
0
1505.5
736.0
68.0
1680.0
2095.5
163.0
2056.5
1419.5
348.5
937.0
1003.0
68.0
470.0
68.0
243.5
68.0
7334.5
3998.0
68.0

1956.5
7673.5
1655.0
68.0
6289.5
1348.5
348.5
755.5
543.5
1967.0
936.0
1576.0
1953.5
68.0
1003.0
1299.0
11607.5
1334.5
614.0
1046.5
1029.0
0
2923.0
3729.5
68.0
163.0
68.0
2562.0
1469.5
5037.0
629.0
68.0
365.5
736.5
68.0
68.0
1866.0
163.0
4422.5
1036.0
1220.0
1413.5
1166.5
964.5
3461.0
2828.0
68.0
348.5
1695.0
2848.0
1985.5
744.0
5459.0
68.0
3956.5
2609.5
348.5
2390.0
524.0
927.5
1775.5
68.0
3658.0
68.0
4343.5
4505.0
5511.0
163.0
68.0
1331.0
629.0
2435.0
2467.0
460.5
68.0
428.0
1504.0
68.0
68.0
1362.5
923.5
348.5
68.0
3128.0
442.0
163.0
2233.0
4003.5
50.0
451.0
458.0
907.0
936.0
68.0
6714.0
620.5
1128.0
612.5
68.0
68.0
529.0
68.0
163.0
365.5
68.0
5137.5
68.0
836.0
1820.5
434.0
173.0
163.0
7056.5
5747.5
0
271.0
2303.0
11468.5
163.0
2509.5
68.0
2217.5
68.0
1175.0
519.5
68.0
68.0
2253.5
68.0
627.5
524.0
646.0
4571.0
944.0
755.5
5533.0
348.5
1027.5
1335.5
1402.0
1359.5
1710.5
2234.5
68.0
3359.5
3804.0
627.5
646.0
3154.5
910.5
0
521.0
2685.0
163.0
438.5
163.0
804.5
68.0
348.5
555.5
4434.5
1511.5
2284.5
738.5
1698.5
3766.0
348.5
2301.0
1892.5
2793.0
68.0
1121.5
68.0
1962.5
68.0
2564.0
1310.5
738.5
543.5
1878.0
1114.5
458.0
563.0
68.0
68.0
163.0
3101.5
647.0
2097.0
553.0
68.0
736.0
1211.5
1024.0
641.5
68.0
1021.0
1973.5
163.0
2577.0
529.0
2820.5
1635.0
365.5
3305.5
7529.5
1205.0
438.5
68.0
623.0
4081.5
68.0
541.0
1209.5
2988.0
809.0
6669.0
543.5
1639.5
68.0
68.0
4267.0
543.5
348.5
2882.0
537.5
927.5
520.0
163.0
1528.5
1284.5
460.5
1478.0
68.0
68.0

3148.0
722.0
1782.5
6499.5
432.5
2422.0
2928.5
362.0
68.0
68.0
2066.5
0
3266.5
68.0
68.0
2448.5
2656.0
365.5
68.0
1871.0
1409.0
68.0
257.0
629.0
2818.0
3168.0
630.0
1016.5
2567.5
909.5
0
68.0
1369.0
68.0
824.0
2456.5
648.5
1787.0
923.5
0
68.0
1145.5
533.5
1801.5
3106.0
2304.5
68.0
1107.5
636.5
3540.5
68.0
438.5
4317.5
153.5
2645.0
438.5
1420.0
153.5
543.5
1448.5
163.0
68.0
1206.5
2784.0
1308.0
5039.5
68.0
68.0
173.0
1501.5
4618.5
627.5
916.5
1001.0
1977.0
1006.0
1613.0
68.0
68.0
1866.5
153.5

3785.0
794.5
4840.5
365.5
4909.0
533.5
1499.0
961.0
5217.0
438.5
736.0
2826.5
524.0
1126.0
637.0
798.5
68.0
726.0
68.0
719.0
3986.0
1584.5
1187.5
1326.0
533.5
629.0
2364.0
1034.0
818.5
68.0
338.5
419.5
2806.5
2637.5
68.0
68.0
1122.5
4044.0
738.5
0
835.0
163.0
257.0

1415.5
537.5
3639.0
68.0
68.0
505.0
348.5
1282.0
5791.5
858.5
524.0
1500.0
460.0
68.0
2512.5
68.0
243.5
848.0
505.0
3710.5
1769.0
68.0
1686.0
3530.0
1842.5
348.5
4117.0
68.0
68.0
163.0
1222.0
68.0
1687.5
163.0
507.5
443.5
68.0
352.0
0
257.0
3997.0
459.5
2288.5
68.0
1034.0
507.5
1404.0
68.0
1105.5
68.0
68.0
1142.0
68.0
257.0
1596.0
817.5
153.5
163.0
68.0
20189.5
68.0
2747.0
2253.0
153.5
537.5
2302.0
629.0
925.0
1040.5
1109.0
1482.5
2350.0
68.0
68.0
4494.0
348.5
999.5
1323.5
68.0
68.0
505.0
257.0
1121.5
633.5
641.5
68.0
608.5
627.5
68.0
2810.5
601.0
0
68.0
458.0
4035.5
1016.5
68.0
68.0
68.0
541.0
1427.0
3534.0
612.5
68.0
1120.5
619.0
2183.0
348.5
1226.0
1384.5
553.0
823.0
1213.0
348.5
1301.5
173.0
647.0
68.0
3433.5
524.0
0
68.0
943.5
81.5
5047.5
1409.0
524.0
2150.0
1802.5
68.0
0
68.0
0
646.0
68.0
258.5
2172.5
2802.5
68.0
348.5
528.0
1178.5
3046.0
2150.0
1119.0
816.5
68.0
0
627.5
634.0
2970.5
4144.0
537.5
68.0
1014.0
1010.5
68.0
1216.0
68.0
741.0
942.5
3137.5
1657.0
1127.0
68.0
534.5
920.5
4325.5
633.5
1764.5
2904.0
736.0
2842.5
68.0
1409.0
2883.0
1188.5
2513.5
348.5
738.5
1039.0
647.0
1863.5
510.5
2704.0
2067.5
68.0
4625.5
348.5
1881.0
434.0
722.0
4929.0
1590.0
68.0
2523.5
1893.5
3451.5
3703.5
3768.5
2283.0
452.5
258.0
1309.5
3280.5
2921.0
2223.5
908.0
2635.5
3840.0
1833.0
68.0
2297.5
646.0
0
163.0
3477.0
2411.5
3695.0
163.0
736.0
6025.0
1688.0
0
8.0
68.0
68.0
77.5
68.0
365.5
1114.0
2467.0
1713.5
153.5
649.5
4899.0
1987.0
2737.0
663.0
1964.5
722.0
7802.0
1575.5
2818.5
348.5
1440.0
627.5
1603.5
1897.5
68.0
1010.0
2732.5
1308.5
68.0
3073.0
163.0
163.0
1051.0
7337.0
1599.0
243.5
68.0
348.5
163.0
68.0
1053.5
723.5
68.0
5168.5
4531.0
1295.0
1029.5
2491.5
623.0
1011.5
5580.5
1854.5
474.5
1225.0
736.0
1444.5
163.0
1997.5
68.0
258.5
1094.5
1115.5
4081.0
3665.0
68.0
365.5
271.0
68.0
1315.0
2267.0
1012.5
348.5
3928.5
68.0
627.5
1316.0
1549.0
153.5
1679.0
2882.5
1686.0
646.5
342.5
348.5
458.0
4918.5
68.0
1013.0
5033.0
3200.0
1438.5
1218.5
68.0
943.5
1066.5
68.0
1494.5
1387.5
68.0
257.0
724.0
163.0
2114.5
2016.0
457.0
348.5
719.0
1038.5
163.0
68.0
802.5
68.0
2509.5
2177.0
3952.0
537.5
2214.5
0
271.0
68.0
68.0
68.0
2903.0
7613.0
163.0
2767.0
68.0
3659.5
68.0
3537.5
1092.5
538.5
68.0
153.5
1138.5
614.0
2236.0
2383.5
153.5
822.0
1429.5
1796.0
2859.0
2259.5
1334.5
458.0
935.5
68.0
2061.0
68.0
163.0
2014.5
68.0
68.0
68.0
2078.0
4683.0
3664.5
640.0
1122.0
1320.0
1005.0
1877.0
1093.0
271.0
908.0
68.0
743.5
1883.0
1585.5
4021.5
4037.0
2435.0
3662.5
738.5
2351.5
2746.5
1463.5
738.5
1189.0
5877.5
348.5
719.0
163.0
4380.5
2064.0
68.0
11238.5
68.0
1725.5
257.0
365.5
2083.0
163.0
1788.0
68.0
629.0
1105.0
1088.0
629.0
2230.5
344.5
163.0
1184.5
458.0
1095.0
629.0
537.5
1392.5
1053.0
68.0
619.0
1517.0
719.0
1799.0
438.5
2360.5
65.0
2144.0
173.0
553.0
1486.0
5579.0
461.5
4383.0
1085.5
2303.0
1882.0
163.0
1315.0
1126.0
3369.0
2675.5
917.5
833.5

2667.5
68.0
1895.5
1870.5
2256.0
524.0
163.0
2747.5
447.0
1011.5
365.5
0
1037.0
68.0
2638.5
524.5
68.0
4108.5
646.0
732.5
243.5
948.5
1845.5
1031.5
68.0
5542.0
4078.5
68.0
3717.0
612.5
15.5
3712.5
243.5
2682.0
458.0
5084.5
0
0
68.0
68.0
163.0
68.0
533.5
343.0
1030.5
629.0
3168.0
3734.0
1788.5
257.0
753.5
501.0
926.5
1479.5
1017.0
153.5
1385.0
927.0
1237.0
743.5
6249.5
1222.0
68.0
2265.0
2167.5
68.0
257.0
257.0
4380.0
1426.5
68.0
1038.0
1868.0
1319.0
5901.0
3578.5
3369.5
1884.0
460.5
68.0
348.5
5536.5
68.0
1967.0
1343.5
4528.5
65.0
534.5
257.0
1409.5
1441.0
1012.0
8082.5
999.5
1400.5
68.0
4143.5
68.0
453.5
4766.5
458.0
2782.5
809.0
4492.0
2046.0
629.0
1968.5
68.0
3293.0
68.0
1337.5
1044.0
68.0
1889.5
3025.0
6269.0
1009.5
524.0
1607.5
438.5
821.5
1193.0
1029.0
929.0
68.0
153.5
68.0
553.0
1776.0
925.0
1119.0
257.0
1964.5
1894.5
1501.0
68.0
903.5
905.0
1508.0
338.5
365.5
68.0
738.5
521.0
755.5
1897.0
1282.0
68.0
2641.0
619.0
1010.5
68.0
1148.0
68.0
68.0
68.0

1018.0
535.0
2170.5
2787.0
458.0
1476.0
448.0
2919.5
365.5
1482.5
68.0
2455.0
553.0
534.5
1406.5
68.0
68.0
4496.5
1836.5
2223.0
3648.5
2476.0
2101.5
1899.0
68.0
506.0
1608.5
632.5
5228.5
6314.0
1463.0
5199.5
1204.0
68.0
4105.0
0
2313.0
2241.5
348.5
243.5
2232.5
2344.5
4217.0
68.0
1022.5
7032.5
68.0
78.0
3615.0
68.0
4154.0
6846.5
4375.0
1128.5
1578.5
933.5
524.0
624.0
68.0
1400.5
4125.0
68.0
8644.0
926.5
458.0
163.0
68.0
1387.0
537.5
624.0
6848.5
1940.5
3487.0
3308.0
724.0
68.0
471.5
68.0
1479.5
348.5
734.5
3734.5
2184.0
68.0
68.0
3240.0
2260.5
68.0
68.0
3598.5
163.0
2441.5
2416.0
458.0
3107.0
610.0
68.0
68.0
2467.5
551.5
519.0
257.0
3594.5
1220.5
1216.5
647.0
3210.5
1008.0
647.0
3474.5
907.5
68.0
2937.5
719.0
537.5
68.0
3190.0
1032.5
68.0
1817.0
68.0
1819.0
0
68.0
2759.5
153.5
257.0
1117.0
3632.0
68.0
68.0

1500.0
1235.5
524.0
1501.5
5600.0
1815.5
1594.0
68.0
521.0
68.0
3170.0
0
1395.5
68.0
2859.5
68.0
3571.0
1333.5
9584.5
2506.5
1115.5
173.0
1408.5
1504.5
828.5
68.0
153.5
68.0
2267.0
8907.5
7172.0
2244.5
4561.0
1479.5
627.5
0
1865.5
2064.0
819.0
68.0
3982.5
68.0
1083.5
68.0
4955.5
5367.5
1404.0
11720.5
534.5
1297.0
2282.5
1073.0
4891.0
1017.0
1374.0
2947.0
617.0
2354.5
68.0
3373.0
1485.0
627.5
746.5
1194.0
1392.0
348.5
627.5
534.5
163.0
5085.0
543.5
714.5
1532.0
1903.5
3664.0
620.5
68.0
3889.0
348.5
1131.5
543.5
2443.5
3091.0
537.5
11879.5
68.0
68.0
6839.5
1339.0
6357.0
68.0
271.0
68.0
2679.5
348.5
2149.5
68.0
68.0
7557.5
916.5
1824.0
4448.5
849.0
1111.5
1109.5
68.0
4306.0
647.0
68.0
451.0
68.0
1516.0
461.0
365.5
1681.0
4624.0
1016.5
2009.0
3347.0
927.5
458.0
458.0
1982.5
898.0
1024.0
5803.5
3590.0
4187.5
68.0
2652.0
2840.0
3996.5
163.0
2021.0
1017.5
1794.0
827.5
944.0
992.5
2733.0
629.0
2221.0
1334.5
458.0
537.5
1884.5
3024.0
646.0
1913.5
2466.5
2320.0
257.0
1618.5
1376.0
257.0
68.0
2730.0
68.0
173.0
1345.5
530.0
1608.5
460.0

1128.5
163.0
257.0
163.0
1134.5
68.0
1842.0
68.0
1426.0
1409.5
438.5
717.0
1391.0
524.0
3218.0
719.0
1211.5
5339.5
1959.0
2604.5
2166.0
1214.0
68.0
68.0
5120.5
2923.0
1615.0
352.0
997.0
68.0
1896.0
1518.5
257.0
68.0
1775.0
5589.0
68.0
943.5
2947.5
732.5
7142.0
68.0
2328.0
934.0
923.0
1414.5
68.0
1032.5
1009.0
3333.0
537.5
458.0
903.5
1392.5
434.0
68.0
2524.5
1430.5
1468.0
5867.5
1498.0
458.0
629.5
1972.0
3294.0
68.0
1130.0
641.5
3473.5
1130.0
173.0
68.0
2359.0
438.5
736.0
4011.0
3492.5
2857.0
1131.0
2757.5
1037.5
1992.0
1678.0
738.5
1294.0
2219.5
4685.5
3767.0
1193.0
1419.5
3940.0
347.5
2182.5
5020.0
1634.0
919.0
3125.0
4722.5
365.5
2255.0
4981.0
68.0
943.0
1241.5
257.0
257.0
153.5
6405.0
163.0
627.5
1681.5
2541.0
68.0
736.0
1129.5
629.0
4559.5
1119.0
1424.5
458.0
2507.0
4141.5
1027.5
1387.0
332.0
85.0
850.5
68.0
68.0
248.5
1885.5
3542.0
68.0
1800.5
1408.0
1189.0
68.0
7812.5
257.0
4255.0
2649.5
947.0
626.5
68.0
2869.0
2825.0
5775.5
3983.0
460.5
68.0
257.0
1117.0
4857.0
68.0
4072.5
0
1374.0
348.5
348.5
8310.5
68.0
68.0
4170.5
243.5
365.5
68.0
2845.5
543.5
163.0
438.5
68.0
68.0
1410.0
2161.5
68.0
1036.0
68.0
2246.5
1242.0
68.0
1421.5
2353.5
0
438.5
3112.5
619.0
554.5
68.0
3896.0
68.0
68.0
271.0
5681.0
68.0
4915.0
719.0
457.0
1835.5
620.0
5067.0
1131.0
923.5
68.0
2449.5
1795.5
4998.5
1910.5
68.0
954.0
1441.5
68.0
173.0
68.0
10422.5
2782.5
68.0
68.0
438.5
5776.5
920.5
1218.5
2870.5
68.0
920.5
68.0
68.0
1772.0
4907.5
1520.5
68.0

4686.5
1869.5
5780.0
1928.0
0
553.0
1589.0
1111.5
458.0
1858.5
524.0
0
271.0
1848.5
997.0
68.0
3289.5
68.0
68.0
0
538.5
1017.5
2762.5
68.0
438.5
628.5
4840.0
68.0
648.0
2426.5
458.0
3606.0
4094.5
1199.0
348.5
627.5
365.5
2495.0
4574.0
1218.5
3593.0
1087.5
6797.5
731.5
2933.0
438.5
243.5
3291.0
1098.0
1470.0
953.5
1910.0
1436.0
8564.0
2541.5
2141.5
614.0
68.0
4507.0
68.0
2100.5
2084.5
524.0
999.5
1780.5
2685.5
257.0
4568.5
2173.5
1026.5
5768.0
1600.0
68.0
452.5
6336.5
443.5
1034.0
348.5
3324.0
1106.5
0
1009.0
2358.0
2693.5
1588.5
3623.5
2269.5
627.5
68.0
922.0
68.0
0
68.0
163.0
68.0
68.0
1016.5
3634.0
646.0
1147.5
1107.0
4585.0
434.0
629.5
1453.0
68.0
1424.0
1880.0
8188.0
68.0
1690.0
68.0
534.5
458.0
521.0
68.0
7771.5
8806.0
68.0
68.0
68.0
365.5
7958.0
2818.0
348.5
6428.5
3782.0
163.0
3705.0
2056.0
68.0
68.0
68.0
5053.5
1409.0
5581.5
1121.5
1043.0
2630.5
458.0
614.0
925.0
163.0
163.0
537.5
68.0
257.0
7103.0
68.0
68.0
537.5
344.0
68.0
8965.5
1131.0
1108.5
2175.5
627.5
2367.0
2884.0
68.0
2126.0
257.0
613.5
614.0
420.0
4146.0
2422.5
612.5
2013.5
2777.0
68.0
2454.0
1021.5
68.0
68.0
641.5
755.5
68.0
68.0
1386.0
68.0
2763.0
4360.0
68.0
2900.0
1331.5
2924.5
68.0
2444.0
1016.5
999.5
722.0
7109.0
2821.5
3980.0
348.5
2676.0
1506.5
607.5
348.5
348.5
1811.5
438.5
1092.5
5089.0
68.0
3588.0
5015.5
2385.5
68.0
524.0
438.5
68.0
348.5
163.0
537.5
2324.5
3832.0
68.0
1280.5
443.5
3899.5
1969.5
68.0
1611.0
1413.0
1118.0
2704.5
68.0
3386.5
1644.5
3394.5
719.0
2514.0
3278.0
4327.5
243.5
3020.5
828.5
68.0
1109.0
3731.0
68.0
163.0
68.0
1089.5
1088.0
68.0
3709.0
2287.0
68.0
68.0
1578.5
529.0
3235.0
443.5
647.0
68.0
1083.0
943.0
1334.5
8.0
1421.5
348.5
1866.0
2459.0
68.0
443.5
1484.5
68.0
654.0
2353.5
257.0
999.5
68.0
1034.0
438.5
620.0
1475.0
633.5
458.0
1430.5
537.5
3197.5
4941.0
1946.5
4821.0
3359.5
2001.0
68.0
438.5
3015.0
271.0
4592.5
68.0
458.0
612.5
1576.5
736.0
163.0
1763.5
1576.0
4490.0
3446.5
3715.0
524.0
828.5
458.0
5898.5
955.5
2628.5
5922.0
68.0
614.0
68.0
1233.5
3149.0
1609.5
163.0
2038.5
68.0

2014.0
3877.5
1946.5
68.0
68.0
3683.0
12384.5
4571.0
348.5
68.0
5279.0
68.0
68.0
5895.5
2334.5
3253.5
2445.0
3707.5
2958.5
68.0
68.0
828.5
4924.5
1222.0
1038.5
1805.0
3091.0
2942.5
3150.0
3968.5
1036.0
68.0
2362.0
741.0
2461.0
458.0
1993.0
2252.5
3391.0
559.5
1797.0
1128.5
1121.5
2334.5
348.5
535.0
1040.5
1552.0
68.0
2835.5
1978.5
68.0
243.5
4194.0
8172.5
1298.0
68.0
4690.0
163.0
1038.5
1038.5
458.0
828.5
420.0
3208.0
4434.5
163.0
163.0
7637.5
153.5
1519.0
732.5
5978.5
68.0
68.0
1702.0
1492.0
458.0
1730.5
2686.0
68.0
1985.5
2064.5
4262.5
1126.0
6807.0
2222.0
68.0
755.5
2267.5
153.5
6049.0
536.5
1201.0
1533.0
620.5
7062.0
348.5
1019.0
68.0
1478.0
68.0
939.0
68.0
1405.0
2614.5
1408.0
3783.0
5787.0
1033.5
1668.5
2738.5
68.0
3028.0
828.5
5377.0
1692.5
153.5
4951.0
2362.0
1037.0
68.0
163.0
2034.0
538.5
68.0
2245.5
2141.5
1518.0
77.5
1002.5
4219.0
1594.0
163.0
163.0
1894.5
1592.5
458.0
68.0
649.5
2406.0
2268.5
68.0
647.0
5423.5
68.0
916.5
1655.5
925.0
257.0
1523.0
1092.5
1396.5
1030.0
941.5
1789.5
68.0
629.0
163.0
923.5
4784.0
3151.5
2851.0
163.0
68.0

6089.5
68.0
348.5
616.0
3029.0
1298.0
68.0
1949.5
933.5
925.0
5514.0
719.0
554.5
1229.5
68.0
8696.5
5045.0
1099.5
7134.0
2292.0
1518.5
661.0
1577.5
257.0
632.5
450.0
1810.5
2653.5
163.0
801.5
2074.5
342.5
1223.0
3906.5
1890.5
2251.0
2174.5
257.0
3261.0
68.0
2555.0
1012.0
1224.0
68.0
1688.0
524.0
942.0
5922.0
352.0
2496.5
1487.0
600.5
3185.0
623.0
1850.0
68.0
4055.5
2079.0
7458.0
609.5
1414.0
2739.5
1987.0
627.5
446.0
68.0
163.0
907.0
1036.0
68.0
2429.0
1481.5
3216.5
68.0
1854.5
534.5
5476.5
5577.0
4366.5
2263.5
6413.0
348.5
1011.5
3692.0
2276.5
633.5
163.0
68.0
68.0
163.0
926.5
526.0
458.0
1956.0
1402.0
4039.5
68.0
2772.0
738.5
68.0
839.0
3882.0
524.0
2267.5
1150.0
68.0
1224.0
1199.0
365.5
8859.5
68.0
173.0
1575.5
6901.0
629.0
68.0
1090.5
2358.5
68.0
68.0
6046.0
927.0
1622.0
1724.0
848.0
4503.0
3673.5
1819.0
2702.0
943.5
3555.0
153.5
905.0
909.5
9144.5
2266.5
532.0
1021.5
1903.5
2722.5
2436.0
2157.5
2173.0
719.0
1421.0
2007.0
68.0
68.0
68.0
1676.0
5065.5
68.0
365.5
1385.5
3664.5
68.0
68.0
68.0
68.0
939.0
1826.0
619.0
533.5
6237.5
2546.0
365.5
68.0
1241.0
9227.0
68.0
918.0
68.0
1480.5
0
68.0
556.0
68.0
2645.5
3100.5
163.0
7676.5
4708.5
68.0
914.0
2237.0
3762.0
533.5
68.0
1405.5
68.0
831.0
2342.0
738.5
68.0
2816.0
3563.5
68.0
1492.5
68.0
332.0
1586.5
726.5
5386.0
758.0
163.0
2837.5
332.0
1592.5
68.0
2840.0
933.5
1131.0
257.0
1367.5
3572.5
629.5
427.0
2534.0
458.0
68.0
923.5
4130.0
68.0
163.0
1708.5
348.5
1342.0
2116.0
2911.0
939.0
890.5
4368.5
348.5
529.0
5098.0
999.0
7749.5
919.5
3121.0
529.0
68.0
5923.5
1574.0
738.5
1121.5
1777.0
1770.5
1337.5
543.5
163.0
2272.5
546.0
2081.0
3458.5
1390.0
1126.0
1616.5
4415.0
3782.0
68.0
1753.0
7251.5
1597.0
1910.5
910.0
4533.0
68.0
68.0
1442.0
447.5
3182.0
1592.5
1032.5
257.0
1520.0
68.0
1031.5
68.0
1334.5
1586.5
553.0
3822.5
1501.0
542.0
2351.5
3198.5
68.0
911.0
524.0
628.5
629.0
1497.5
1597.0
153.5
946.5
458.0
68.0
1353.0
7060.5
257.0
1003.0
443.5
1721.0
719.0
914.0
257.0
638.5
2725.0
1031.5
4091.5
5360.5
153.5
68.0
1765.0
5408.0
1904.5
1314.0
163.0
163.0
6930.0
1494.5
4207.5
6014.5
68.0
4321.0
348.5
1323.5
755.5
68.0
163.0
1434.5
271.0
7246.5
68.0
622.5
434.0
1004.0
68.0
5328.5
2482.5
348.5
1690.5
68.0
804.5
6338.0
629.0
5033.0
4865.0
833.5
732.5
365.5
6335.0
633.5
1139.0
68.0
2288.5
68.0
1954.5
2628.0
909.0
5050.5
453.5
1036.5
68.0
1029.0
2644.5
68.0
68.0
2808.5
7959.0
1475.5
2244.0
68.0
945.0
348.5
1224.0
163.0
458.0
1978.0
1536.5
2051.5
1406.5
738.5
1389.5
2880.5
5438.0
150.0
4647.0
3818.0
258.0
828.5
458.0
738.5
629.0
3976.0
365.5
3067.5
1816.0
443.5
524.0
68.0
348.5
5054.0
1116.0
68.0
1136.0
710.5
68.0
647.0
1093.0
2717.0
5790.0
3964.0
68.0
1242.0
458.0
1199.5
68.0
6875.0
515.0
68.0
2436.0
68.0
1904.5
1034.0
3983.5
1512.5
936.0
1877.5
537.0
633.5
7108.0
163.0
153.5
836.5
1122.5
623.0
2330.5
527.5
506.5
68.0
4642.5
1570.0
3832.5
889.5
6351.0
68.0
836.0
1006.0
3223.5
613.5
1380.0
1492.0
731.5
2096.0
2633.5
7503.0
365.5
1833.0
8146.0
68.0
68.0
5374.5
438.5
5380.5
843.0
6771.0
1956.0
451.0
1031.5
608.5
1028.0
518.0
8565.5
629.0
68.0
1205.5
812.5
1020.0
2516.0
1426.0
1766.0
8498.0
1146.5
12770.5
68.0
921.5
257.0
5495.0
646.0
458.0
753.5
3285.5
890.0
546.0
4104.0
2153.0
2808.0
2933.5
3306.0
68.0
438.5
2234.0
555.5
1100.0
9387.5
629.0
5381.5
738.5
458.0
68.0
2674.5
3595.5
1511.5
1001.5
4500.5
4515.5
533.5
68.0
153.5
741.0
638.5
68.0
1126.0
68.0
2431.0
2348.0
734.5
632.5
1537.0
68.0
722.0
163.0
2382.5
4631.5
2735.5
419.5
68.0
647.0
929.0
68.0
1865.0
893.0
2844.0
628.5
2166.0
4559.5
68.0
642.5
243.5
2486.0
619.0
1703.0
726.5
365.5
163.0
1655.5
68.0

438.5
546.0
488.0
3660.5
543.5
68.0
2735.0
1103.0
3981.5
1393.0
1878.5
4215.0
1687.0
4023.0
719.0
537.0
1569.5
646.0
2823.0
68.0
257.0
4485.0
68.0
2290.5
1494.0
68.0
833.5
7518.5
1214.0
944.0
4573.0
646.0
21895.0
68.0
438.5
1816.5
3518.5
4447.5
1402.0
163.0
348.5
153.5
3111.5
2190.0
419.5
646.0
629.0
1677.5
68.0
1034.0
4083.0
1584.5
68.0
2281.0
811.5
741.0
68.0
6675.0
1128.0
153.5
4320.5
68.0
348.5
2092.5
914.0
1520.0
1046.5
4347.5
1126.0
365.5
1859.0
446.5
68.0
5457.0
516.0
6595.5
1055.5
2150.0
1109.0
0
365.5
533.5
616.0
68.0
2917.0
68.0
438.5
68.0
1781.0
5069.5
2384.5
629.0
3906.0
1967.0
533.5
271.0
2060.0
0
1872.0
1300.0
68.0
68.0
930.0
458.0
6323.5
2806.0
470.5
163.0
3243.0
68.0
944.0
4453.5
2537.5
1629.5
1303.5
1870.0
1596.5
541.0
438.5
68.0
736.5
68.0
427.0
7707.0
257.0
6874.0
1111.5
3561.5
736.0
4500.5
365.5
447.5

703.5
68.0
2109.5
1525.0
5742.5
629.0
1505.5
1430.5
5724.0
257.0
3907.5
2414.5
68.0
533.5
68.0
13596.5
2311.5
3494.5
1211.5
627.5
1582.0
828.5
3582.0
1427.0
6343.0
4067.5
68.0
3147.0
68.0
68.0
68.0
4871.5
458.0
2483.0
922.0
4133.5
1706.5
68.0

2248.5
997.0
68.0
68.0
957.5
2847.0
68.0
614.0
4734.5
68.0
2963.0
10238.0
365.5
553.0
1484.5
1079.5
427.0
68.0
68.0
2375.0
2341.5
68.0
452.0
5036.0
153.5
7216.5
258.0
925.0
2477.5
68.0
1010.5
68.0
1488.0
1487.5
438.5
3761.0
458.0
736.0
529.0
629.0
4093.5
910.0
1984.5
719.0
68.0
1390.5
68.0
1001.5
453.5
627.5
1225.0
6036.0
68.0
68.0
3540.0
1981.5
68.0
2879.0
68.0
6115.0
2948.5
601.0
1915.0
68.0
1491.5
2322.0
163.0
2747.0
68.0
68.0
68.0
10260.5
1475.0
365.5
926.5
68.0
68.0
163.0
68.0
257.0
629.0
68.0
629.5
1883.0
257.0
68.0
719.0
2455.5
507.0
1409.0
2175.5
68.0
4907.0
68.0
1301.5
1240.5
2256.5
1498.0
438.5
1284.5
68.0
1484.5
0
68.0
1149.5
1004.0
1378.5
2453.0
640.0
5073.5
68.0
4128.0
438.5
163.0
442.0
5405.5
8907.5
524.0
243.5
68.0
707.5
2783.0
1128.5
460.5
68.0
4276.5
738.5
9405.5
554.5
68.0
68.0
1132.5
4064.5
2563.5
6268.0
163.0
1584.5
1376.5
68.0
2544.0
68.0
1777.0
2816.5
638.5
1116.5
466.5
1471.0
348.5
1492.0
68.0
2673.0
3941.0
1615.5
727.0
2461.0
6734.5
4319.0
1109.0
348.5
1111.5
68.0
3270.5
438.5
633.5
746.5
438.5
2633.0
2597.5
1763.0
1133.0
2061.0
6433.5
6282.0
438.5
2728.0
68.0
2237.5
724.0
2917.5
163.0
68.0

1986.5
458.0
2268.5
163.0
629.0
437.5
1817.5
2983.0
1004.0
1097.0
543.5
348.5
1014.5
2929.0
944.0
2465.0
4017.0
4558.0
348.5
4037.0
614.0
1404.0
1012.5
612.5
68.0
2758.0
68.0
163.0
661.0
1006.0
68.0
956.5
4644.0
1234.5
3136.5
1788.5
911.5
3107.0
68.0
827.5
68.0
537.5
2349.5
365.5
937.0
3223.5
2863.0
2154.5
4035.0
438.5
2351.5
5019.5
3788.5
163.0
738.5
68.0
521.0
432.5
68.0
438.5
2574.5
1143.5
524.0
3328.5
68.0
983.0
1511.5
2544.0
976.0
1003.0
2615.0
2869.5
2603.5
1612.0
68.0
5137.5
458.0
551.5
529.0
2104.5
533.5
153.5
4742.5
2429.0
68.0
3008.5
2335.0
68.0
4468.5
2548.5
1114.0
971.0
438.5
4403.0
365.5
348.5
623.0
68.0
3754.5
1434.0
2330.5
68.0
68.0
271.0
999.5
68.0
2382.0
2388.0
944.0
626.0
1095.0
68.0
5921.5
365.5
68.0
1722.0
1184.5
2983.0
1130.0
163.0
853.0
365.5
1126.0
2733.0
1410.0
1142.0
920.5
2219.0
3110.5
1208.0
4515.5
537.5
622.5
365.5
834.5
352.0
2210.5
4218.0
163.0
1977.0
163.0
3603.0
68.0
1518.0
3134.0
1370.5
68.0
1502.5
5071.0
609.5
947.5
1780.0
4258.0
68.0
2046.5
6673.5
0
4382.5
5351.0
5607.0
736.0
524.0
68.0
534.5
524.0
1414.0
9485.5
1724.5
1567.0
458.0
2288.0
2057.5
4553.5
438.5
68.0
163.0
696.0
2750.5
68.0
68.0
1038.5
714.5
348.5
1022.0
163.0
5231.0
163.0
1979.0
627.5
243.5
534.5
458.0
68.0
4711.0
5887.0
434.0
919.0
2733.0
68.0
1598.0
68.0
68.0
4338.0
68.0
68.0
68.0
257.0
2768.5
2820.0
68.0
5565.0
3612.0
1419.0
2651.5
68.0
1019.0
5566.0
1396.0
925.0
1995.5
4155.0
1963.0
1142.5
68.0
910.0
68.0
3569.0
3212.0
1710.5
554.5
1535.5
4434.5
2458.5
8933.0
2760.0
7298.5
5541.0
68.0
1614.0
257.0
2147.0
4464.5
68.0
5960.5
1126.0
68.0
1107.0
4541.5
1018.0
6337.0
521.0
6416.0
4094.0
539.0
2648.0
1406.5
68.0
348.5
8968.5
627.5
4004.5
2716.5
3784.5
68.0
9926.5
434.0
627.5
470.5
1509.0
68.0
989.5
1382.5
1886.5
2361.0
1114.0
1869.5
1405.0
738.5
163.0
2633.5
348.5
847.5
2452.5
443.5
257.0
0
163.0
533.5
3863.0
4079.5
1597.0
8509.0
534.5
543.5
2464.5
745.0
438.5
1338.5
1073.5
836.5
4333.0
852.0
632.5
1011.5
68.0
163.0
68.0
4174.0
68.0
5222.5
173.0
1983.0
1816.5
365.5
1021.0
68.0
348.5
68.0
4668.5
434.0
3883.0
68.0
1208.0
68.0
257.0
2673.5
620.5
163.0
703.5
1175.0
627.5
438.5
1930.5
2320.5
68.0
3260.5
1285.5
68.0
163.0
68.0
163.0
1694.0
1521.5
1304.0
438.5
1020.0
68.0
533.5
1108.0
1477.0
713.0
958.5
68.0
2124.0
1224.5
68.0
257.0
2758.5
533.5
68.0
1985.0
68.0
914.0

742.0
0
1014.0
1401.5
1774.5
943.5
5212.5
726.5
3880.0
1334.0
68.0
2005.0
5612.5
1429.0
271.0
1411.5
2088.0
12220.5
2971.0
1021.5
365.5
1107.0
446.0
68.0
2736.0
68.0
638.5
68.0
3123.0
6759.5
2459.0
68.0
68.0
68.0
458.0
614.0
443.5
68.0
68.0
163.0
2678.0
1516.0
68.0
68.0
457.0
68.0
543.5
629.0
648.0
6763.0
68.0
2253.0
2561.5
6037.0
2464.0
1147.5
1016.5
68.0
529.0
537.5
5738.0
1861.0
3406.5
0
9993.0
68.0
543.5
1016.5
68.0
1407.5
555.0
2194.5
524.0
243.5
1000.0
3997.0
173.0
5628.0
4878.5
1060.5
4061.5
4817.5
2950.5
1491.5
348.5
68.0
3548.0
434.0
348.5
1316.5
1816.0
5136.5
1102.0
537.5
828.5
2365.5
2734.0
8086.5
68.0
1385.5
633.5
1393.0
524.0
1013.0
2048.0
4157.5
3223.0
5505.0
3692.0
460.5
4086.5
365.5
2523.5
68.0
2177.5
1404.0
4165.0
4089.5
4195.5
163.0
348.5
163.0
68.0
68.0
1795.5
0
68.0
438.5
911.5
2328.5
2705.5
173.0
68.0
163.0
1881.5
628.5
11026.0
2267.5
5189.0
1114.0
68.0
3081.5
3714.0
2844.0
4026.5
68.0
271.0
1804.5
2439.5
1706.5
2174.5
613.5
2774.0
6123.0
11149.5
2585.5
68.0
1487.5
6794.5
2474.5
2802.0
1524.0
3000.0
443.5
1599.0
1133.5
348.5
458.0
3583.5
4243.5
4344.5
627.5
163.0
3885.0
11527.5
1891.5
3778.5
438.5
3578.0
68.0
907.0
5812.5
521.0
2734.0
614.0
257.0
939.0
3325.0
1431.0
2268.5
7966.5
68.0
10860.5
7079.5
2940.0
68.0
852.5
6428.0
365.5
1038.0
732.5
68.0
541.5
920.0
3002.0
68.0
68.0
2344.0
163.0
5172.5
348.5
1516.0
738.5
1607.5
2943.0
1016.5
2835.0
1580.5
609.5
923.5
830.0
258.5
3100.5
1704.0
1016.5
736.0
1017.5
551.5
1128.5
68.0
9930.0
68.0
163.0
1387.0
438.5
68.0
1084.5
68.0
1576.5
6076.0
6664.0
163.0
348.5
1040.5
4219.5
3212.0
1516.0
4640.5
3225.0
927.0
1146.5
5113.5
2361.0
1475.0
68.0
5060.0
1910.5
5820.0
533.5
68.0
629.0
163.0
2743.0
7170.0
1884.5
719.0
68.0
3413.5
663.5
2238.0
2838.0
1506.5
3185.5
1436.5
3292.0
348.5
1639.5
1333.5
4277.0
68.0
2380.5
3331.0
1651.0
8030.5
4867.5
257.0
1033.5
68.0
736.0
3776.0
1349.5
153.5
1973.0
365.5
257.0
2443.0
348.5
2125.0
68.0
1966.5
4252.5
911.5
1507.5
920.5
4462.5
451.0
936.0
8811.0
1430.5
163.0
3187.0
4987.0
1983.5
1687.5
824.0
257.0
2853.5
533.5
1066.0
3622.0
458.0
68.0
541.0
451.0
68.0
2356.0
626.5
755.5
173.0
68.0
68.0
732.5
68.0
4906.5
1033.5
1009.0
68.0
163.0
68.0
68.0
348.5
633.5
1436.5
1297.0
663.0
68.0
68.0
68.0
3691.0
68.0
543.5
1116.0
551.5
68.0
68.0

0
348.5
1207.5
4745.0
163.0
434.0
807.5
68.0
68.0
68.0

271.0
68.0
707.0
6408.0
1052.5
3388.0
68.0
5091.0
4111.0
68.0
2360.0
962.0
2711.5
7572.5
3617.5
68.0
1374.5
2248.0
724.0
1394.5
1408.0
2291.5
163.0
3144.0
68.0
2671.0
2447.0
7155.0
434.0
2533.0
348.5
438.5
4657.0
68.0
2080.0
9210.0
1017.5
543.5
622.5
533.5
68.0
4001.5
934.0
609.5
638.5
619.0
68.0
1206.5
2874.0
68.0
365.5
1213.5
1053.0
342.5
2905.0
438.5
2219.5
1128.5
7858.0
1539.5
1017.5
3625.0
1856.5
2659.0
68.0
2006.0
5392.0
5372.0
4233.0
1412.5
68.0
3936.0
68.0
2564.5
428.0
4152.0
68.0
1128.5
68.0
2673.0
4932.5
0
1872.0
2650.0
719.0
533.5
1411.5
4052.0
1683.0
5028.5
1967.0
5690.5
1089.5
0
449.5
910.0
348.5
4425.5
1100.5
6738.0
1187.5
529.0
962.0
1877.0
365.5
831.0
2390.5
1004.0
68.0
1594.5
458.0
3306.0
1513.5
68.0
2260.5
619.0
68.0
4717.0
2889.0
738.5
68.0
3662.5
828.5
5901.0
1847.5
2815.5
939.0
853.0
4161.0
1562.5
524.0
257.0
8894.0
3246.0
4233.0
1836.0
1031.5
68.0
1614.0
163.0
438.5
1974.5
543.5
2438.5
819.0
719.0
931.5
1595.5
342.5
2562.0
2834.5
2152.0
807.5
68.0
1335.0
443.5
2922.0
719.0
5157.0
1024.5
2444.0
383.0
1200.5
1121.5
4202.5
1099.0
928.5
6812.5
419.5
68.0
1907.0
1126.0
427.0
12259.0
1428.5
1147.5
551.5
68.0
1011.0
68.0
5406.0
5653.0
1539.0
2817.5
543.5
3630.5
68.0
1788.5
3206.0
68.0
438.5
719.0
68.0
3365.0
4963.5
271.0
2268.5
68.0
68.0
601.0
348.5
724.0
2324.5
2239.5
2352.5
9397.0
1306.5
1987.0
3017.5
926.5
9714.0
850.0
1190.0
543.5
2641.5
4637.0
1873.0
2699.5
68.0
3910.5
4441.5
4904.5
534.5
1955.0
4071.5
2350.5
663.5
68.0
2061.0
1034.0
3341.0
6344.5
521.0
2542.5
348.5
640.5
825.0
2324.5
0
2687.5
1039.5
2957.0
15315.0
4242.5
4687.0
68.0
2349.0
978.5
533.5
458.0
7501.5
68.0
2234.0
925.0
419.5
68.0
1036.0
537.5
68.0
3233.0
4253.0
68.0
1696.5
738.5
1036.0
4558.5
68.0
2279.0
533.5
257.0
818.0
1214.5
7216.5
68.0
2294.0
4190.0
7243.0
3839.5
533.5
2841.5
1199.0
820.5
3003.0
9579.5
3274.5
173.0
1025.5
1607.5
68.0
68.0
1428.5
3565.5
4321.0
1959.5
68.0
1036.0
632.5
8594.0
1005.0
2182.0
68.0
3280.0
1797.5
458.0
4390.0
68.0
68.0
7586.5
2751.5
348.5
3597.0
5111.0
68.0
543.5
68.0
629.5
1899.5
68.0
835.0
458.0
633.5
543.5
728.5
0
0
4919.5
243.5
2755.5
443.5
629.5
365.5
1038.5
3707.0
1409.0
6731.5
68.0
537.5
524.0
3663.5
68.0
515.0
2808.0
3067.0
512.5
2263.5
632.5
14752.5
2360.5
2600.5
714.5
4027.5
1609.5
460.5
2044.0
724.0
271.0
719.0
1102.5
68.0
2308.0
1524.5
68.0

6600.5
1022.5
458.0
1785.0
1424.0
2961.0
2651.0
163.0
7323.0
163.0
0
1977.5
533.5
612.5
3582.5
68.0
12456.0
1763.5
68.0
1318.5
999.5
1777.0
68.0
68.0
4111.0
738.5
68.0
2550.5
3701.0
438.5
458.0
2823.0
4269.0
4632.0
753.5
4747.0
861.0
1303.5
1664.5
68.0
257.0
163.0
647.0
738.5
6467.5
629.0
2745.0
1473.5
1910.0
1016.5
163.0
458.0
2055.0
1963.5
703.5
6102.5
68.0
0
1513.0
3100.0
533.5
68.0

3907.5
1299.0
6437.5
8922.0
68.0
1019.5
68.0
3093.5
3339.5
68.0
807.5
257.0
944.0
1015.0
5041.5
68.0
8860.0
8224.0
68.0
0
3378.5
1584.5
434.0
2079.5
68.0
68.0
68.0
68.0
1132.5
153.5
2157.0
1504.5
1986.5
1436.5
1406.5
4314.0
68.0
7007.0
629.0
2165.0
1389.5
1206.5
0
1981.0
1910.5
68.0
905.0
897.5
1492.0
163.0
3617.0
458.0
563.0
9368.0
719.0
1781.5
3101.0
438.5
0
438.5
1526.0
1687.0
3302.0
2233.0
1038.0
2350.0
1117.0
5578.5
6051.0
2107.5
68.0
2000.5
68.0
1607.5
68.0
4109.0
1777.0
163.0
925.0
1886.5
629.0
458.0
8156.0
1883.5
68.0
1589.0
1126.0
5712.5
1397.0
749.0
2354.0
6583.5
6897.0
163.0
68.0
68.0
614.0
846.0
1337.5
553.0
1347.5
1660.0
2644.0
1036.5
348.5
68.0
3401.5
4977.0
3604.0
7251.5
348.5
12060.0
1984.5
1349.5
68.0
2367.0
1775.5
537.5
6086.0
5434.5
554.5
1595.5
3322.5
642.5
7292.0
243.5
904.5
68.0
4735.0
1337.0
1096.5
5520.5
5298.0
456.5
68.0
2249.0
447.5
554.5
4637.0
163.0
3045.5
68.0
4462.0
1542.0
1013.0
2331.5
2888.0
68.0
68.0
3608.5
1115.5
627.5
3944.0
4703.0
1670.0
4288.0
2806.0
68.0
458.0
458.0
2073.5
68.0
68.0

68.0
68.0
1679.0
68.0
2561.0
755.5
1779.5
2098.5
2462.0
1465.5
534.5
4465.5
2536.5
1221.0
3539.0
1544.0
1109.0
502.0
8.0
1505.5
68.0
4110.5
5123.5
1002.5
6009.5
738.5
68.0
68.0
1104.5
68.0
2340.5
2970.5
1017.0
1103.0
1576.5
5446.5
68.0
163.0
3619.5
271.0
736.0
1590.0
1503.0
647.0
1988.0
529.0
524.0
153.5
646.0
848.0
7738.0
2266.0
68.0
1111.5
647.0
2079.5
8402.5
2391.0
68.0
460.0
5152.5
629.0
68.0
68.0
163.0
68.0
3298.0
2220.0
1387.5
6455.5
614.0
458.0
2689.0
612.5
2895.5
2938.0
1787.0
646.0
1224.0
1240.0
1279.0
458.0
2167.0
4947.5
985.5
68.0
6361.0
4511.0
2822.5
68.0
5865.5
68.0
4449.5
1428.5
534.5
2683.0
8058.5
1381.5
68.0
1809.5
2240.5
2300.5
68.0
68.0
2068.0
1683.0
1490.0
1908.5
3627.0
3600.0
1165.5
2475.5
6850.5
1779.0
1954.0
1522.5
1947.0
458.0
68.0
3616.5
4691.5
1077.5
257.0
1552.5
1109.0
2075.5
438.5
163.0
5356.5
68.0
1616.0
5337.5
971.0
553.0
7771.0
4554.5
3121.5
1968.5
7763.0
1106.5
558.5
726.5
614.0
1508.5
243.5
1895.0
2824.0
2459.0
68.0
736.0
0
3639.0
925.5
514.5
348.5
734.0
68.0
1046.0
1569.5
68.0
2238.0
1016.5
1777.0
736.0
6333.0
68.0
68.0
68.0
4795.0
4116.5
3120.5
1863.0
438.5
3146.5
3504.5
946.5
1684.5
68.0
68.0
1801.0
1902.0
738.5
3202.5
1691.0
2307.0
2807.5
2096.5
8056.0
8741.5
533.5
927.5
68.0
3260.0
5735.0
68.0
2608.5
348.5
417.0
524.0
5758.5
68.0
68.0
4031.5
68.0
3348.0
68.0
1399.5
1023.5
163.0
629.5
960.5
68.0
68.0
533.5
5200.5
1873.0
4136.0
434.0
2048.0
2236.0
2147.0
5803.5
5242.0
537.5
6694.5
2805.0
3592.0
163.0
6740.5
2238.5
68.0
68.0
68.0
2290.0
2734.0
68.0
10836.5
1185.5
163.0
163.0
1126.0
3584.0
533.5
1578.5
2656.5
419.5
2053.5
1042.0
3129.5
3366.0
68.0
633.5
1511.5
0
738.5
4177.0
3213.0
68.0
68.0
68.0
1878.0
68.0
4462.0
543.5
4721.5
933.5
5101.0
934.5
1218.5
7350.0
458.0
3705.0
438.5
2530.5
1265.5
908.0
6075.5
2667.5
848.5
68.0
1425.5
451.0
1288.0
68.0
3738.5
3522.0
68.0
0
0
68.0
4095.5
1356.5
163.0
68.0
68.0

3416.5
3191.0
68.0
458.0
2337.0
68.0
1016.5
68.0
629.0
68.0
4346.5
2071.5
1690.0
1463.0
7749.5
447.5
2926.0
163.0
68.0
68.0
3569.5
68.0
153.5
68.0
2085.0
641.5
0
0
4163.5
68.0
2957.0
68.0
68.0
3003.0
459.5
0
732.0
5516.0
1966.5
68.0
1969.5
1968.5
2179.0
68.0
537.5
3077.5
68.0
1125.5
0
68.0
68.0
348.5
458.0
1329.0
68.0
68.0
1354.5
348.5
1126.0
68.0
68.0
7248.5
365.5
153.5
1018.5
5882.0
1016.5
1412.5
68.0
9011.5
2232.0
0
1207.5
2053.0
1422.0
1038.5
2223.5
2085.5
0
1319.5
6727.5
943.0
163.0
3983.5
68.0
1398.5
1961.0
4438.5
0
3409.5
68.0
732.5
937.0
68.0
2747.0
738.5
1119.0
5515.0
828.5
3790.0
163.0
3721.0
68.0
163.0
0
2649.5
2264.0
3543.0
4571.0
68.0
6186.5
2764.5
443.5
68.0
5237.0
1333.5
68.0
438.5
1345.5
163.0
543.5
2680.0
163.0
742.0
646.0
848.0
1579.0
638.5
348.5
910.0
8473.0
68.0
3540.0
2318.0
629.0
68.0
257.0
68.0
68.0
153.5
1010.5
68.0
2798.5
1571.5
2677.0
3091.5
1124.0
1874.5
2230.0
1136.0
2003.0
68.0
1122.5
68.0
257.0
849.5
68.0
524.0
1472.0
4109.5
1552.0
1313.0
0
2762.5
68.0
68.0
533.5
524.0
1978.5
2238.0
1890.5
5788.5
896.0
2103.0
68.0
3121.5
521.0
4616.0
4005.5
68.0
1756.0
7247.0
619.0
68.0
1588.0
1102.5
2691.5
8964.0
163.0
1128.5
1396.0
438.5
983.0
1371.0
163.0
3332.5
68.0
9415.0
0
427.0
4902.5
6032.5
4112.5
1053.0
1014.5
1965.0
472.0
909.5
0
1295.5
629.5
4415.5
627.5
9795.0
2303.5
1419.0
2292.0
68.0
3494.0
257.0
432.5
2371.5
908.0
3901.0
2749.5
2686.0
68.0
257.0
5186.5
7730.5
68.0
163.0
632.5
68.0
68.0
1210.5
4756.0
9959.5
647.0
4021.5
1422.0
2931.0
5997.5
68.0
1145.5
163.0
1846.0
68.0
1976.0
1033.5
1036.0
460.5
646.0
1841.5
68.0
3155.5
68.0
68.0
68.0
451.0
946.0
68.0
1521.5
68.0
543.5
6206.0
3726.5
9619.5
2206.5
742.0
921.0
68.0
443.5
2690.0
68.0
163.0
68.0
1095.0
939.0
10405.0
438.5
2362.5
5034.5
12438.0
6293.5
454.5
68.0
173.0
8229.5
1617.5
68.0
6087.0
534.5
835.0
68.0
1328.5
1412.0
951.0
460.5
8429.5
6659.5
1406.5
736.0
1211.5
3571.5
10709.5
551.5
2464.5
1667.5
348.5
2070.5
2335.0
1885.5
1598.0
1903.0
1145.5
2843.5
1822.5
68.0
365.5
0
4026.0
4153.5
1339.0
722.0
68.0
3276.0
1582.0
5824.0
173.0
3396.5
2195.5
5777.5
1389.5
163.0
1979.5
271.0
68.0
1430.0
5438.0
849.0
4040.5
2789.0
1492.0
1221.0
1933.0
3051.0
442.0
1951.0
68.0
1034.0
163.0
6381.5
1109.0
1211.5
68.0
1129.5
5014.0
8446.5
458.0
3255.0
1497.0
4744.0
629.0
1465.0
723.5
68.0
163.0
1802.0
68.0
2028.5
2686.5
629.0
541.0
7718.5
1331.5
4566.5
68.0
163.0
804.5
5355.0
2358.0
2662.5
521.0
68.0
163.0
2074.5
4546.5
68.0
1890.5
1109.0
257.0
1128.5
839.0
2006.0
543.5
11966.0
68.0

663.0
0
1914.5
738.5
68.0
342.5
911.5
2217.5
348.5
5903.0
2589.5
543.5
4070.5
5540.5
1853.5
537.5
3597.0
7894.0
68.0
1017.0
3682.0
68.0
7163.0
1419.0
1779.5
68.0
5773.5
68.0
835.0
1503.0
438.5
2860.0
829.0
173.0
2374.5
538.5
68.0
458.0
1870.5
535.0
1411.5
6315.0
993.5
153.5
1494.5
3193.5
4836.0
1088.0
998.0
2036.5
961.0
2273.5
2353.0
2728.5
5759.0
10347.0
5514.0
4689.0
68.0
3971.0
537.5
2195.0
1538.5
2201.5
529.0
3230.0
524.0
1208.0
1475.5
1582.0
3313.5
537.5
1532.0
68.0
17326.0
3376.0
163.0
5453.0
163.0
6629.0
1963.5
944.0
1764.0
2983.0
365.5
163.0
744.0
632.5
738.5
520.5
2983.0
3372.0
1516.0
5029.0
1007.5
458.0
899.5
913.0
9799.5
597.5
68.0
3039.0
68.0
9766.5
1789.5
438.5
4128.0
2827.5
1126.0
458.0
2468.5
2464.5
944.5
2065.0
1241.5
1794.0
629.0
1529.0
3232.5
68.0
719.0
68.0
914.0
68.0
1022.0
68.0
68.0
1334.0
5840.0
4942.0
338.5
1371.5
1487.5
3614.0
2637.5
524.0
1102.0
5148.5
988.0
22.5
6362.0
755.5
68.0
902.0
68.0
2747.0
1441.0
3725.0
1019.0
2694.0
68.0
1306.5
938.0
68.0
3261.5
7615.0
3339.5
1207.5
1869.5
4480.0
443.5
2655.0
2368.5
1297.0
1039.0
524.0
997.0
5810.0
929.0
1816.0
3309.5
3322.0
68.0
4093.0
1578.0
1336.0
348.5
6408.0
2359.0
554.5
68.0
1477.5
2769.5
68.0
68.0
7803.0
3055.5
1817.5
2914.5
647.0
1809.0
3237.0
68.0
68.0
1411.0
68.0
533.5
809.0
4001.0
835.0
1392.0
5126.0
738.5
1516.0
348.5
5152.5
3308.0
68.0
68.0
1500.5
2455.0
1974.5
68.0
3757.0
5372.0
2658.0
4263.0
11529.0
5782.5
2286.0
911.5
1114.0
68.0
150.0
460.5
4562.0
0
2285.0
629.5
3995.5
1524.0
2317.0
2242.5
3117.0
257.0
163.0
629.0
2998.0
68.0
3641.0
3181.0
68.0
1509.0
5029.0
828.5
7557.0
4180.0
5031.5
1895.0
7732.5
68.0
1502.0
719.0
4569.5
2161.0
68.0
1829.0
2297.0
1033.5
632.5
537.5
1124.0
1458.5
1912.0
7455.0
68.0
68.0
626.5
1109.0
68.0
447.5
474.0
1909.0
2259.0
458.0
3181.5
2433.5
646.0
1316.5
4024.5
1615.5
3157.0
6231.5
68.0
3102.5
68.0
4549.5
68.0
1815.5
348.5
3118.5
2906.0
917.5
1927.0
68.0
828.5
853.0
532.0
1034.0
68.0
2285.0
68.0
5574.5
68.0
458.0
68.0
68.0
2358.0
4048.5
907.5
2402.0
636.0
3127.5
3198.5
1038.5
533.5
5888.5
68.0
1510.5
1109.0
2453.0
1404.0
1499.0
2058.0
8614.0
3313.5
3594.0
1089.5
5346.5
2510.0
5461.0
524.0
2263.0
893.0
68.0
6097.0
1291.0
828.5
68.0
2749.5
4559.0
608.5
8165.5
68.0
68.0
163.0
4707.5
68.0
2390.0
3935.5
5957.0
2385.0
9989.0
534.5
1522.0
533.5
4074.5
1381.0
12193.0
4350.0
796.0
809.0
1148.0
7088.0
1616.5
1128.5
1104.5
3784.5
3371.5
751.5
740.5
1412.5
2638.0
68.0
4853.0
0
1280.0
0
3053.5
4055.0
68.0
68.0
1708.0
68.0
8401.5
3384.0
3021.0
6185.0
18677.5
1609.5
5388.5
2335.5
2824.5
623.0
68.0
1972.0
77.5
68.0
646.0
1700.0
68.0
6223.5
1875.5
4242.0
257.0
68.0
1106.5
3492.5
736.0
68.0
271.0
68.0
1780.5
1578.5
458.0
661.0
68.0
3960.5
2820.5
68.0
68.0
3668.0
8642.5
11316.5
163.0
2755.0
520.5
627.5
15361.5
348.5
4500.5
1190.5
4713.5
538.5
1207.5
271.0
2541.5
68.0
163.0
2855.0
1000.0
1016.5
0
2445.5
1347.0
4999.0
646.0
4626.5
68.0
3736.0
629.0
2847.0
612.5
348.5
4650.0
460.0
1433.5
1588.5
809.0
3804.5
1036.0
3284.0
1484.5
2252.0
2342.0
4102.0
2806.0
68.0
913.5
620.0
5317.0
68.0
4093.0
3903.0
163.0
1401.0
925.0
1092.5
3310.5
68.0
736.0
717.0
68.0
943.5
4462.0
68.0
68.0
460.5
1985.0
534.5
68.0
68.0
1443.5
6732.5
4134.0
2362.5
68.0
1611.0
841.0
1102.5
5700.0
629.0
926.5
0
4450.0
3825.0
1985.5
635.0
153.5
68.0
738.5
68.0
5555.0
1404.0
2434.0
0
68.0

11374.5
1985.0
4928.0
9904.0
1128.5
3198.0
515.0
68.0
68.0
68.0
3593.5
453.5
68.0
1856.5
6233.5
2150.0
68.0

1128.5
257.0
4336.5
68.0
3151.0
911.5
927.5
68.0
543.5
1725.0
1589.0
68.0
6849.0
68.0
637.0
1499.0
2263.0
1538.5
68.0
68.0
1046.0
3245.5
1518.5
4060.0
68.0
68.0
68.0
533.5
10910.0
2306.5
68.0
2003.5
68.0
3099.5
646.0

4122.0
1411.5
68.0
1546.0
4083.5
68.0
2633.0
1334.0
1399.5
8470.0
453.5
271.0
831.0
458.0
2270.5
4271.5
839.0
1777.0
2541.5
641.5
163.0
68.0
1780.0
1036.0
612.5
529.0
2435.0
68.0
1522.5
1115.5
1487.5
6088.0
5554.0
68.0
68.0
2650.0
68.0
6409.0
7872.0
365.5
8506.5
1425.5
4160.0
68.0
68.0
6528.5
1809.5
2374.5
7427.0
3195.5
6252.5
4978.5
457.0
1639.5
68.0
458.0
460.5
647.0
68.0
68.0
1801.5
1107.0
348.5
6435.0
3687.5
943.0
163.0
163.0
68.0
438.5
68.0
68.0
332.0
3411.5
5554.0
68.0
998.5
2075.0
348.5
1097.0
931.5
68.0
68.0
521.0
2385.0
612.5

8.0
4645.0
68.0
4438.5
1799.0
68.0
68.0
2370.5
243.5
1447.5
163.0
4942.0
438.5
1089.5
900.5
642.5
1110.0
4576.5
886.5
68.0
6974.5
835.0
2084.0
1505.5
68.0
1053.0
6840.5
7242.0
1067.0
68.0
5022.5
1905.0
3642.0
3742.5
2938.0
757.0
1485.0
1852.5
1666.5
1499.0
4841.5
925.5
2749.0
3761.5
2842.0
0
3361.0
10849.5
1872.5
9193.0
1483.5
0
3610.5
3658.5
2059.5
3661.0
68.0
2486.0
68.0
897.5
163.0
1238.0
3258.0
3795.0
68.0
68.0
2174.5
2944.5
68.0
2018.5
1869.5
68.0
2227.0
1695.0
537.5
12546.0
9490.5
1888.0
2367.0
933.5
68.0
5171.5
633.5
1902.5
1036.0
4108.0
2713.0
7103.0
719.0
736.0
541.0
1426.0
68.0
5340.0
68.0
1972.0
68.0
2906.5
3292.0
614.0
68.0
68.0
257.0
5349.5
68.0
1444.0
1589.0
68.0
3051.0
1355.5
6935.5
1332.5
801.5
2377.5
2783.5
629.0
612.5
173.0
537.0
6948.0
2283.0
2732.5
3181.0
1873.0
2243.5
4015.5
719.0
2740.5
4902.5
243.5
68.0
6060.0
2043.5
606.5
458.0
524.0
8476.5
1518.0
719.0
3517.0
2939.5
6965.0
7075.5
1946.5
68.0
2911.5
5514.5
68.0
1859.5
619.0
4138.5
153.5
646.0
1183.5
2575.5
3205.0
2962.5
5552.0
5489.0
1053.5
68.0
4066.5
5187.0
1132.0
1867.0
1496.5
1785.5
1840.5
2654.5
68.0
5454.0
68.0
1699.0
3213.0
348.5
3191.0
438.5
623.0
629.0
3047.5
4552.0
68.0
1406.5
9912.0
1224.0
4739.5
641.5
2483.5
2640.0
19999.5
4896.5
3991.0
6064.5
5763.5
365.5
1996.0
2967.5
6256.5
992.5
4915.0
1784.5
647.0
68.0
524.0
1482.0
2728.5
1218.5
3065.5
68.0
3959.5
6397.0
163.0
348.5
2249.0
1888.5
4848.5
153.5
8136.0
8464.5
68.0
9091.5
5222.0
2472.5
7362.5
736.0

1242.0
5502.5
5529.0
68.0
4937.0
365.5
68.0
818.0
1225.5
2206.5
4096.5
1853.0
68.0
3146.5
3747.0
512.5
2450.5
68.0
68.0

1036.0
2471.5
68.0
2746.0
348.5
2289.0
614.0
910.0
641.5
908.0
6020.5
722.0
1267.0
1819.5
1501.5
1333.5
1799.0
13798.5
2150.0
3956.0
373.5
2845.0
1813.0
348.5
2737.0
2562.5
4756.5
68.0
1109.0
3146.0
4917.0
348.5
2463.5
68.0
1382.5
893.5
1499.0
1102.0
14412.5
1792.0
1580.5
428.5
271.0
2992.0
1215.0
4951.0
4213.5
4254.5
4482.0
1474.5
632.5
68.0
11943.5
4462.0
828.5
7620.5
1505.5
68.0
2367.0
1390.0
3890.5
1041.5
3453.5
68.0
1109.0
1363.5
2377.5
3180.0
2039.0
5068.0
11865.0
68.0
7307.5
2879.5
3019.5
4586.0
1297.5
68.0
1699.5
68.0

5189.5
1932.5
68.0
68.0
1326.5
3212.0
2781.5
1109.0
533.5

1004.0
7300.5
4089.0
18883.0
68.0
1126.0
3924.5
5440.0
2351.5
2681.5
1430.0
5462.0
68.0
5582.5
348.5
2306.5
4181.5
3450.5
68.0
68.0
1580.5
8611.5
1494.5
2903.0
646.0
454.0
1965.5
1720.0
893.5
944.0
627.5
1445.5
1606.5
348.5
2249.5
3657.5
646.0
3610.0
736.0
68.0
163.0
536.5
731.5
0
68.0
4654.0
830.5
2392.5
2554.5
68.0
629.5
1226.5
1306.5
612.5
434.0
2911.5
68.0
2358.0
3131.0
2635.0
12114.5
1492.0
6016.0
9547.0
365.5
3582.0
68.0
0
1518.5
2717.0
5089.0
1188.5
627.5
1970.5
68.0
68.0
524.0
2643.5
4594.0
68.0
163.0
2257.0
68.0
0
68.0
1865.0
1426.0
5754.5
68.0
5912.0
1689.5
999.5
646.0
458.0
1484.5
1574.5
68.0
4677.5
2684.0
163.0
632.5
911.0
2576.0
68.0
257.0
6844.0
3795.5
2832.0
6437.0
7493.5
1397.0
4404.0
3632.0
1036.0
2099.0
68.0
1804.0
68.0
458.0
0
68.0
2233.0
447.5
9672.0
153.5
365.5
1224.0
1019.5
8690.5
719.0
8645.5
914.0
1237.5
2679.0
738.5
68.0
2280.5
438.5
646.0
2356.0
68.0
1241.0
3609.5
1144.0
2302.0
962.0
3582.0
2340.5
515.0
68.0
3316.0
1227.5
2244.0
3293.5
438.5
5630.5
4961.0
1119.5
68.0
944.5
4685.5
453.5
68.0
68.0
4656.5
68.0
8003.5
153.5
5378.0
16592.5
348.5
163.0
1264.0
4910.5
1406.5
1572.5
7027.5
3226.0
1510.0
3605.5
68.0
1519.5
68.0
648.0
5514.0
458.0
533.5
1486.0
1117.0
7133.0
1317.0
2563.5
9862.0
2340.0
2025.0
68.0
68.0
1820.0
3201.0
623.0
3045.0
537.5
2479.5
1977.5
3986.5
68.0
14667.5
7943.5
68.0
943.0
68.0
68.0
4166.5
10786.5
68.0
4046.5
736.0
3394.0
612.5
602.5
1516.0
348.5
3270.0
943.5
1199.0
68.0
1204.0
646.0
2340.0
10186.5
1539.5
5558.5
163.0
348.5
173.0
6344.0
68.0
68.0
4934.0
4195.0
1809.0
68.0
1860.5
6502.5
1803.5
551.5
1723.0
2398.0
3158.5
3593.5
1536.5
633.5
163.0
2000.0
647.0
68.0
926.5
11900.0
68.0

3115.5
1121.5
2369.5
1375.5
1613.0
457.0
4029.0
8008.0
539.0
2629.0
2379.5
5835.5
755.5
68.0
2526.5
348.5
2004.0
1670.0
5101.0
1016.5
8026.5
5349.0
163.0
2676.5
68.0
5484.0
1107.0
2741.5
68.0
1239.0
2655.5
1983.5
1715.5
4964.0
2749.0
4191.5
832.5
68.0
257.0
1982.5
3723.5
6785.5
2378.5
153.5
1766.5
553.0
889.0
4326.0
4875.5
1108.0
3702.0
524.0
0
629.0
3261.5
3227.5
1019.0
438.5
1599.5
2853.5
2543.5
173.0
9133.0
719.0
7866.5
5431.5
5973.5
956.5
3096.5
629.0
5119.0
755.5
0
921.5
243.5
68.0
1778.0
2570.5
3690.0
68.0
6838.0
1341.5
4584.0
736.0
4165.5
352.0
6303.0
5110.0
4640.5
3228.5
2430.0
1522.5
4786.5
3420.0
2530.5
1617.5
4031.5
553.0
5356.0
1517.0
6583.0
537.5
4920.0
68.0
4491.0
0
723.5
1017.5
2661.0
68.0
2521.5
1827.5
68.0
68.0
534.5
2429.0
2345.0
348.5
348.5
4091.5
1015.0
68.0
925.0
68.0
3259.5
7749.0
5233.0
3193.5
2134.0
551.5
356.5
68.0
68.0
3141.0
2013.0
3559.5
2723.0
4013.0
1423.5
1098.5
6761.5
342.5
2057.5
68.0
443.5
9463.5
2709.0
15650.5
1479.5
629.0
1069.5
1402.5
348.5

0
68.0
1231.0
68.0
68.0
432.5
3001.5
1438.5
5746.5
163.0
6518.0
3197.0
1197.0
630.0
1912.5
3675.5
68.0
332.0
1588.5
173.0
2468.5
2827.0
68.0
515.0
9034.0
3848.0
1862.5
809.0
2083.5
7223.5
3732.5
163.0
1003.0
608.0
1804.0
2869.0
3585.0
1126.0
442.0
5312.5
68.0
5859.5
68.0
68.0
248.5
3633.5
2357.5
153.5
2948.0
68.0
2001.5
4672.0
3328.5
5455.0
3670.0
914.0
3424.5
8903.5
2961.0
628.5
6137.0
1009.0
612.5
1445.5
1320.0
1802.0
1107.0
68.0
620.5
2831.5
717.5
1012.0
1522.0
9839.0
7398.0
438.5
68.0
755.5
828.5
68.0
3471.5
7821.0
163.0
257.0
13747.0
3527.0
5009.0
1038.0
646.0
68.0
365.5
3112.5
5350.5
11205.5
2655.0
526.0
68.0
2278.5
1089.5
1634.0
2351.5
455.5
1503.5
1220.5
1481.5
2406.5
719.0
1190.5
68.0
5348.0
68.0
1516.0
734.0
896.0
2280.5
3261.5
68.0
4464.0
458.0
2361.0
0
5173.0
438.5
1578.0
7728.0
68.0
68.0
4537.0
68.0
3594.5
736.0
3115.5
620.0
1531.0
2772.0
2699.5
419.5
1208.5
443.5
929.0
2447.5
3557.0
438.5
68.0
458.0
5503.5
10296.0
68.0
9352.5
3113.5
7115.0
68.0
77.5
1111.5
3122.0
612.5
2656.5
68.0
4558.0
3724.0
1723.5
1106.5
3598.0
2357.5
173.0
438.5
4455.0
5478.0
10308.0
163.0
68.0
1780.0
5499.0
11338.5
0
13316.5
3507.0
4915.0
9901.5
163.0
1598.0
1016.5
5829.5
68.0
68.0
3245.0
19108.5
2680.0
1016.5
1333.5
8127.5
7393.5
538.5
926.5
736.0
7086.0
1487.5
4325.0
2416.5
8043.5
0
7845.5
3268.0
68.0
1207.0
5896.5
3211.0
68.0
2550.0
1012.0
68.0
2738.5
1973.5
3329.0
1520.5
944.5
3305.0
9488.0
12353.0
3203.5
3532.0
68.0
1132.5
2048.0
6314.5
68.0

944.5
68.0
68.0
4205.5
438.5
1471.5
6997.5
1889.0
1328.0
7343.5
68.0
68.0
9940.0
4143.0
5055.5
6979.0
4456.0
738.5
4855.0
538.5
1580.5
646.0
1224.0
5944.0
438.5
7606.0
3999.0
1240.0
1509.0
943.0
3690.0
1796.5
9932.5
627.5
1002.5
738.5
68.0
68.0
1298.0
2676.0
68.0
1804.0
4566.5
5718.5
3568.0
3326.0
5844.5
4901.0
1760.0
919.0
1908.5
612.5
815.5
3286.5
4681.0
68.0
257.0
1317.5
68.0
3158.0
68.0
68.0
3386.0
163.0
21508.0
68.0
3606.5
3558.0
68.0
438.5
543.5
348.5
2569.0
1044.0
548.5
68.0
4544.5
1231.5
12219.5
3581.5
1202.0
4812.0
961.0
1581.0
257.0
2445.0
6644.0
4205.5
3428.5
5782.0
68.0

6221.5
1509.0
68.0
163.0
3208.0
554.5
5017.5
1334.0
150.0
6388.0
68.0
1329.0
3506.0
2722.0
2006.0
4467.5
1116.0
1016.5
1010.5
68.0
2911.5
3517.0
163.0
1393.5
1055.5
163.0
5018.5
7225.0
1554.0
2730.5
365.5
828.5
1796.5
1417.0
68.0
68.0
5870.5
524.0
3200.5
2067.0
2470.0
1582.0
2372.0
1573.0
1026.0
6362.5
68.0
738.5
68.0
1128.5
1710.0
68.0
68.0
342.5
2782.5
1499.0
3690.5
5845.0
68.0
4086.5
543.5
68.0
3144.5
1790.5
68.0
1310.5
533.5
1982.0
1387.0
2599.0
68.0
2329.0
4082.0
2353.0
10407.0
68.0
4665.0
10392.0
68.0
68.0
348.5
438.5
3326.0
2221.5
731.5
1597.0
173.0
2723.0
5452.5
1587.5
68.0
68.0
1322.5
6575.0
5049.0
3381.5
5808.0
646.0
2767.5
713.0
926.5
4458.0
153.5
4994.0
4916.5
3602.5
438.5
1959.5
909.5
68.0
722.0
0
458.0
6200.5
12890.5
458.0
2329.5
620.5
619.0
4005.5
924.0
0
365.5
1507.5
2735.0
2948.0
68.0
68.0
1387.5
163.0
257.0
365.5
6125.0
271.0
1887.0
1480.0
736.0
2147.5
2631.0
629.0
3290.0
659.5
6365.0
726.5
614.0
68.0
629.0
3973.0
68.0
68.0
1600.5
1099.0
68.0
68.0
3390.5
2857.0
4015.5
818.5
3579.5
2190.5
2469.0
2426.5
68.0
1016.5
0
2639.0
3953.5
1379.0
3107.5
1022.0
4454.0
1020.0
5588.0
4115.0
1544.5
3717.0
438.5
4534.0
7549.5
2288.5
623.0
2522.5
2067.0
7105.0
348.5
4102.5
1948.0
68.0
3731.0
1488.5
1883.0
6059.0
3601.5
1597.5
68.0
0
68.0
751.0
824.0
3116.0
1017.5
2082.0
2917.0
68.0
2869.5
1421.5
458.0
4305.0
3864.5
68.0
1116.5
1126.0
632.5
2415.5
2523.5
68.0
3182.0
643.0
68.0
0
68.0
2350.5
6231.5
4088.0
68.0
11169.5
5491.0
10530.0
2087.0
1499.0
7171.5
3186.5
1496.5
5470.0
3640.0
0
2866.0
6726.5
257.0
1017.5
6948.5
3969.5
68.0
1020.0
68.0
68.0
3898.0
68.0
2731.0
68.0
453.5
3698.0
4616.0
5927.5
68.0
68.0
1490.0
7184.5
332.0
68.0
1869.0
68.0
1414.5
4582.5
530.0
638.5
1419.0
740.5
1309.0
2077.5
2612.0
3283.5
1813.5
3246.0
2237.0
1500.0
68.0
1579.0
5830.5
3451.5
1128.5
3199.5
1703.5
629.0
13333.5
10580.0
524.0
14850.5
909.5
3210.5
1899.0
2244.5
1516.0
257.0
3200.0
5005.5
612.5
9629.0
4943.0
629.0
1016.5
2475.0
163.0
4552.5
5384.0
1406.5
1964.0
1864.5
5866.5
348.5
68.0
3411.0
629.0
13196.0
2564.5
1029.5
3238.0
68.0
163.0
9344.5
5947.0
1012.0
3859.0
6575.5
2568.0
526.0
68.0
2057.0
163.0
68.0
1484.5
8940.5
68.0
4097.5
68.0
2807.0
8915.0
6220.0
1133.0
909.5
6310.0
641.5
68.0
524.0
348.5
163.0
68.0
68.0
2857.0
68.0
68.0
1015.0
68.0
543.5
1157.5
68.0
1409.5
1664.5
7509.0
68.0
6211.0
4111.5
2939.0
68.0
438.5
0
2087.0
2390.5
4719.5
10621.5
1806.5
68.0
438.5
1380.0
1280.5
68.0
7505.5
515.0
1659.0
68.0
4197.5
7322.0
68.0
5330.0
741.0
3522.5
646.0
6258.0
365.5
1016.5
1003.0
748.5
68.0
2657.5
7239.0
1799.0
8525.0
1479.5
68.0
1522.0
68.0
163.0
612.5
7098.5
1780.0
1489.5
909.5
2788.5
1449.5
5854.5
1224.5
7553.5
4587.0
2782.0
1280.0
909.5
1241.5
68.0
2533.0
551.5
348.5

2838.5
68.0
268.0
2046.5
458.0
343.5
537.5
2351.0
1584.5
257.0
2385.0
524.0
633.5
2394.0
1109.0
3567.5
649.5
2005.0
3372.5
1496.5
529.0
5244.0
68.0
68.0
7540.0
5587.5
1570.5
3803.0
443.5
809.0
1782.0
2384.5
2654.0
2376.5
3565.0
460.5
629.0
10031.5
629.0
68.0
1482.0
1889.0
68.0
3546.5
68.0
3117.0
1791.0
1574.5
68.0
1350.5
3327.5
68.0
163.0
7191.5
3624.0
11285.5
3560.0
2247.0
2333.0
12068.5
1413.5
68.0
3366.0
3128.0
1466.5
2363.5
538.5
6202.0
1630.0
68.0
365.5
68.0
2959.5
2253.5
6678.5
3586.5
3215.0
68.0
9057.5
2934.0
1665.5
7824.0
3706.0
2280.0
6302.0
1946.5
14814.0
2404.5
173.0
0
68.0
1406.5
458.0
1726.5
68.0
629.5
1409.0
1414.0
611.5
0
1387.5
8088.0
4671.5
68.0
2527.5
257.0
7637.0
2251.5
2083.0
2177.5
4917.0
4187.0
629.0
3803.0
5245.5
4613.0
4992.5
646.0
163.0
1519.5
68.0
19973.5
5153.0
3566.5
1828.0
348.5
521.0
7504.5
4649.0
2381.5
1542.5
6266.0
1639.0
68.0
68.0
5499.0
0
5358.0
5428.5
0
2828.5
5506.0
8024.5
1861.5
1968.5
68.0
4450.0
153.5
3223.5
1428.5
0
1132.5
1632.5
4931.0
68.0
1033.5
68.0
543.5
6502.5
68.0
0
1682.0
1704.0
68.0
2356.0
2627.0
11311.0
4445.0
1128.5
1798.5
1036.0
1193.0
1036.0
163.0
68.0
2916.5
1601.0
40.5
6379.5
4608.5
738.5
5063.5
989.5
1520.0
7574.0
4506.0
68.0
3694.5
6278.5
163.0
2140.0
3839.5
5931.5
1316.5
1396.5
2270.5
3382.5
6559.5
5952.0
1499.0
2773.0
3336.0
438.5
5414.5
243.5
6799.0
1616.5
1209.0
0
6993.5
458.0
68.0
2984.5
10126.0
2880.0
68.0
1222.5
6840.5
1110.0
4876.0
3626.0
153.5
2941.0
5482.0
153.5
3016.0
2855.0
3119.0
2274.5
1879.5
1198.0
68.0
925.0
2946.5
1021.5
2562.5
68.0
4909.0
5782.0
332.0
8175.0
3643.0
0
8187.5
1024.0
1406.5
68.0
21994.0
6465.5
68.0
1016.5
1969.5
3381.0
999.5
68.0
1433.5
1416.0
4498.0
6324.0
524.0
1354.5
619.0
1945.5
894.5
543.5
3523.0
6665.0
930.0
2811.5
2225.0
4645.0
68.0
2768.0
2115.5
11711.0
1498.0
68.0
3681.5
10321.0
9796.5
1446.0
529.0
68.0
828.5
1395.0
3142.5
3299.0
68.0
68.0
4868.0
5048.0
7334.5
1019.0
2227.5
1973.5
995.5
3623.5
2366.5
4521.0
1036.0
3676.5
3330.5
6570.5
3836.5
1395.0
2880.5
447.5
1224.0
923.0
627.5
68.0
3141.0
4958.5
1511.5
68.0
3677.5
2824.5
68.0
2294.0
2333.5
10844.5
68.0
68.0
2415.5
1413.0
5517.0
2441.5
1033.5
5129.0
2577.0
10114.5
68.0
5320.0
68.0
1674.0
4941.5
173.0
1499.0
2480.5
3309.5
1884.5
68.0
7516.0
12470.5
2045.0
17024.5
1582.0
4651.0
1678.0
1796.5
7175.5
68.0
5773.0
629.0
719.0
755.5
7755.0
1837.0
68.0
11479.0
9450.5
16550.5
1773.5
612.5
2080.0
68.0
1109.0
3685.5
2369.5
4538.0
434.0

1019.5
458.0
551.5
1499.0
68.0
2368.5
853.0
4890.0
2191.5
438.5
2445.0
2761.5
7972.0
15894.0
1036.0
1408.0
68.0
1426.5
629.0
348.5
614.0
7569.5
2830.0
2319.5
944.5
6372.0
5351.5
2233.0
1021.5
2412.5
10290.5
9327.5
4056.5
163.0
163.0
16482.0
365.5
543.5
1985.0
0
2927.0
5426.0
8315.0
7628.5
1486.0
2045.0
458.0
2738.0
2072.5
3033.5
3590.0
627.5
4643.0
1224.5
5876.5
2672.0
1799.5
12512.0
8429.5
3540.0
2938.5
348.5
6213.5
8614.5
2745.5
1780.5
458.0
68.0
68.0
5380.5
1929.5
1295.0
9547.0
1126.0
736.0
7439.5
1111.5
1362.0
5022.0
961.0
0
1857.5
629.0
5524.5
3123.5
1454.0
383.0
9451.0
7219.5
163.0
7106.0
2777.0
3233.5
551.5
68.0
2762.5
719.0
257.0
1427.5
3693.5
1817.5
521.0
2362.5
68.0
2172.0
8728.0
2930.5
4918.5
365.5
2343.0
999.5
1589.0
7600.0
5143.0
68.0
629.0
5958.5
68.0
2684.5
1984.5
1614.0
68.0
841.0
438.5
1521.5
4262.0
352.0
755.5
1396.5
2341.0
2395.0
6547.0
438.5
1207.0
2362.0
4459.0
2101.5
0
5577.0
5900.0
738.5
8538.5
9593.0
453.5
8277.0
4814.0
365.5
5951.5
2588.0
5548.5
5709.5
1070.5
6720.5
4072.5
543.5
68.0
6376.0
8108.0
3611.0
68.0
1551.0
7873.5
2833.0
8604.5
835.0
13483.0
927.5
7244.0
3418.0
5953.0
68.0
1197.0
2951.5
2440.0
4119.0
3112.0
1015.0
601.0
4403.0
524.0
153.5
13068.0
11754.0
1408.5
5444.0
14331.0
6130.5
7741.5
647.0
3697.0
4349.5
1242.0
537.5
3229.5
646.0
68.0
4200.5
68.0
2335.5
5054.5
1817.5
68.0
68.0
68.0
5842.5
68.0
4076.0
3789.5
1334.5
1955.0
6747.0
2822.5
68.0
6400.5
997.5
1887.0
8760.5
3698.5
3222.0
2012.0
68.0
15981.5
1503.0
4472.0
3644.5
68.0
638.5
0
4582.0
1348.5
68.0
68.0
68.0
4219.5
8561.5
68.0
1879.0
11943.0
4300.0
68.0
4766.5
7108.5
16047.5
3760.0
4000.0
1427.0
5914.0
8031.0
926.5
925.0
908.5
4678.5
14996.0
14157.0
1430.0
5263.0
4458.0
524.0
153.5
1608.5
809.0
4086.5
4352.5
3612.5
2773.0
633.5
68.0
7873.5
0
11602.0
6344.0
1975.5
3198.0
543.5
7511.5
629.5
2305.0
11141.0
8508.5
2387.5
16104.5
7669.0
1132.5
163.0
4550.5
8519.0
163.0
2707.0
68.0
68.0
2259.5
1852.0
1893.0
1597.5
3709.5
68.0
2782.0
4217.0
612.5
1001.0
2447.5
1892.5
163.0
5193.0
15935.0
4131.5
2256.0
68.0
3244.5
7675.5
524.0
5045.0
2769.0
68.0
4466.0
68.0
5137.0
943.5
12016.0
68.0
1327.0
833.5
68.0
2837.5
10800.0
7777.0
1031.5
68.0
11528.5
537.5
2570.0
2473.0
68.0
68.0
7299.0
348.5
458.0
1614.0
7542.5
163.0
719.0
6994.5
524.0
1944.5
2915.5
548.5
16578.0
926.5
4914.5
4208.0
3589.5
646.0
4399.5
3192.5
2363.5
3792.0
998.5
68.0
2655.5
4202.0
5130.5
11156.0
4691.0
3151.5
2676.0
2486.5
68.0
68.0
2845.5
6278.5
5694.5
2808.5
2355.0
2486.5
1424.0
16222.0
57.5
0
4683.0
7323.5
537.5
4104.0
2356.0
68.0
12168.0
5066.0
1981.0
943.5
443.5
68.0
4958.0
438.5
19676.5
1565.5
1204.5
8221.5
629.0
1022.0
11352.0
5907.5
68.0
6707.5
2084.0
14078.5
68.0
458.0
2457.0
8468.0
1019.0
1099.0
68.0
68.0
2533.5
1797.5
3137.5
1036.0
2769.5
2858.0
9872.0
2264.0
4450.0
0
1999.5
68.0
438.5
4846.0
257.0
1979.5
2317.5
0
1096.5
1098.5
2375.5
1036.0
8093.0
3683.0
10916.5
2483.0
3615.0
947.5
12113.5
736.0
3681.0
153.5
815.5
944.5
68.0
4940.5
524.0
8862.0
68.0
4967.0
3725.0
10204.5
68.0
333.5
2199.0
5333.5
3206.5
1507.0
68.0
68.0
1788.0
3099.0
1486.0
629.0
3604.0
3998.0
6740.0
3635.5
7648.0
1470.5
5126.0
724.0
4796.0
4067.0
20543.0
3191.5
9435.5
173.0
536.5
6391.0
849.5
5512.0
646.0
68.0
11321.0
10425.5
9995.5
3121.5
68.0
12948.0
2838.0
7794.0
4047.0
3644.5
3789.5
68.0
629.0
0
68.0
12586.0
7768.5
68.0
3773.5
6624.0
4519.5
0
1232.5
8601.0
1883.0
6237.5
0
2796.0
1126.0
0
68.0
6414.0
4534.5
2390.5
642.5
1892.0
2332.0
68.0
1715.5
0
2356.0
2972.0
18234.0
3433.5
1492.0
5516.0
2793.5
68.0
736.0
0
5163.5
1022.0
4663.0
68.0
68.0
68.0
543.5
2736.5
2386.0
5616.0
5696.5
13393.5
348.5
1865.0
833.5
9150.5
916.5
3551.0
2872.5
5042.5
68.0
633.5
7707.0
7272.5
738.5
553.0
5191.5
3617.5
0
719.0
1130.0
524.0
68.0
10790.5
8134.0
68.0
3543.0
9793.0
828.5
7598.0
68.0
0
3770.0
6915.0
2921.5
1445.5
741.0
2050.5
1133.0
17415.5
4064.0
68.0
10204.5
438.5
8123.5
8010.0
1010.5
647.0
9487.0
0
8605.0
458.0
1448.0
68.0
7836.0
533.5
68.0
2700.0
4564.5
3369.0
18561.0
1034.0
4334.0
438.5
6308.0
533.5
943.5
1085.0
1890.5
68.0
6969.5
10871.0
6473.0
243.5
68.0
2809.0
6346.0
4344.5
8893.5
627.5
0
2595.5
957.0
68.0
8949.0
2036.5
8572.0
4041.5
6307.5
2339.0
1500.0
1870.5
529.0
2538.5
68.0
348.5
68.0
1501.0
68.0
5113.0
5256.5
4065.0
68.0
926.5
18125.0
0
4252.0
5464.5
4310.5
68.0
9358.0
2860.0
11060.0
2677.0
1607.0
68.0
629.0
6429.5
6794.5
9901.0
1409.0
2219.5
6873.5
1385.5
3331.0
68.0
458.0
2255.0
9103.5
1406.5
894.5
21701.5
4427.0
2647.5
2785.0
68.0
1119.0
5920.0
3049.5
21395.0
2338.0
4327.5
8001.5
13388.5
1447.5
2776.5
6655.5
365.5
4084.0
458.0
8682.0
1297.0
438.5
68.0
3697.0
8477.5
0
68.0
3599.0
734.0
11595.0
68.0
15279.0
458.0
4281.5
7680.5
163.0
5896.0
163.0
163.0
68.0
68.0
4596.0
2473.0
10484.5
4507.5
3126.0
3823.0
3607.0
943.5
0
6337.0
1878.0
1014.5
6773.5
11559.5
0
68.0
5516.0
2358.0
1770.0
68.0
4167.5
0
2819.5
7125.0
6674.5
4577.5
2379.5
1500.0
4720.5
3531.5
914.0
2613.5
16827.5
4911.0
365.5
68.0
1770.0
3996.0
818.0
12849.0
614.0
6379.0
173.0
2339.5
627.5
3118.5
7787.5
534.5
163.0
543.5
163.0
2917.0
1016.5
15630.5
11703.0
836.0
2496.5
163.0
5680.5
4088.0
1016.5
68.0
8044.0
9753.0
2852.5
68.0
1624.0
1592.5
4163.0
1190.5
7194.5
3663.0
68.0
458.0
13388.5
10269.5
68.0
0
68.0
3557.5
2491.0
2084.5
1597.5
16980.5
5335.0
4008.5
926.5
68.0
1961.5
1128.5
6748.5
4989.0
4590.0
0
724.0
257.0
163.0
18294.5
7784.5
5522.0
9472.0
5063.5
5000.0
9556.0
1802.0
1112.5
1487.0
9948.0
1458.5
7577.5
1889.0
7102.0
4480.5
943.5
809.0
1019.0
9894.0
68.0
68.0
961.0
623.0
68.0
8875.5
809.5
68.0
68.0
828.5
153.5
10636.5
19045.5
2097.5
6385.5
3230.5
7783.5
9086.5
9922.5
1046.5
1785.5
946.0
1405.5
68.0
7810.0
365.5
6731.5
1458.5
0
6351.5
1614.0
14764.0
6671.5
4879.0
7648.0
68.0
5422.0
12606.5
8533.0
2344.0
5426.5
68.0
5476.5
1681.0
443.5
68.0
0
3993.5
4043.5
12796.5
1434.0
348.5
2807.5
1390.0
6272.5
4541.0
3163.0
1409.0
4676.0
68.0
348.5
68.0
1396.0
1516.0
2736.5
8587.5
543.5
629.0
2741.5
2364.0
18964.0
6060.0
6607.5
2711.0
5378.5
1469.0
8084.0
17658.0
2806.5
1304.0
3263.0
68.0
0
1950.5
68.0
1019.0
4008.5
3668.5
12801.5
5944.0
736.0
3130.5
68.0
5541.5
1504.0
63.0
14891.0
2713.0
3768.5
1990.0
738.5
6620.5
5528.0
5980.0
22660.5
751.0
1130.5
8121.0
68.0
68.0
9088.0
3222.5
68.0
2557.0
9136.5
2071.0
8970.0
163.0
5714.5
1406.5
3792.0
11177.5
68.0
2949.5
3715.0
68.0
2919.0
68.0
68.0
1880.0
13724.0
68.0
522.5
3657.5
68.0
68.0
1128.5
1128.5
5412.0
2513.0
5783.5
2338.0
1109.0
163.0
2796.5
2730.5
4391.0
1389.5
68.0
6020.0
9958.5
68.0
1536.5
4139.5
2265.0
8388.0
68.0
68.0
1844.5
8821.0
68.0
4998.0
2332.5
5903.0
0
2474.0
724.5
68.0
2857.5
68.0
3977.0
630.0
7691.0
1403.5
2553.5
10724.5
68.0
4093.0
3109.0
68.0
828.5
4366.5
434.0
163.0
1479.5
438.5
5197.0
11653.0
419.5
6766.0
68.0
1850.0
2860.0
0
629.0
68.0
68.0
348.5
7283.0
8177.5
68.0
68.0
647.0
3989.5
4209.5
163.0
3695.5
153.5
534.5
3618.0
3141.0
4584.5
8939.5
15620.0
6557.0
927.5
2053.0
2758.5
612.5
458.0
1875.5
736.0
1016.5
68.0
5054.0
68.0
15616.5
801.5
458.0
17742.0
5347.5
1350.0
10019.5
5739.0
68.0
68.0
1109.0
68.0
68.0
1121.5
1420.5
1392.0
458.0
68.0
68.0
18328.5
944.0
2361.0
12201.0
629.0
68.0
961.0
18193.0
23953.5
5956.0
1036.0
7555.5
7266.0
68.0
443.5
21248.5
1589.0
2756.5
6822.0
4551.5
1036.0
7549.5
8.0
24898.0
68.0
5244.0
743.5
2235.0
6495.5
68.0
5336.0
5345.0
68.0
438.5
1777.0
2081.0
68.0
5120.0
1863.0
2646.5
4098.5
724.0
1495.0
68.0
7714.0
5755.0
2347.5
14760.5
68.0
1867.5
3389.5
348.5
0
163.0
348.5
434.0
68.0
926.5
1016.5
16245.5
7342.5
2840.5
5403.0
68.0
348.5
4051.5
68.0
736.0
3241.0
4117.0
68.0
9449.0
19109.0
17955.0
9929.0
1518.5
68.0
12034.0
4912.5
9667.0
3942.5
5057.0
68.0
68.0
8148.0
1114.0
5539.5
850.5
68.0
5438.0
1804.5
9895.0
3739.0
947.5
2004.5
927.0
2399.5
163.0
68.0
1601.5
2286.5
2489.0
68.0
9247.0
443.5
1985.5
3969.0
348.5
348.5
3556.0
3541.5
11488.0
3105.0
1445.5
1036.0
12963.5
6192.5
5793.0
10409.0
1016.0
3592.5
332.0
68.0
3243.0
163.0
68.0
12589.0
163.0
1593.5
6953.5
1563.5
8447.0
9609.5
1334.0
153.5
68.0
1586.0
13843.5
15328.5
2865.0
524.0
5643.0
4559.0
3839.0
2372.5
910.0
755.5
8639.0
741.0
3424.5
11211.0
1527.0
5960.5
68.0
2710.0
1381.5
14759.0
5283.5
4059.5
2728.0
4644.5
4039.0
6707.0
5605.5
1479.5
8551.0
1051.0
4135.5
3707.5
68.0
3123.5
541.0
12775.0
1362.5
6689.5
0
4593.5
5316.0
68.0
8436.0
2050.5
68.0
8392.0
10002.0
365.5
3254.0
2953.5
4089.0
6792.0
1331.5
5772.5
1224.5
419.5
5537.5
3297.0
6787.0
1776.0
68.0
4932.5
929.0
1968.5
68.0
627.5
4950.5
548.5
0
365.5
3201.5
68.0
1240.5
12522.5
4583.5
4995.0
163.0
1989.5
13972.0
1594.5
2803.0
3624.0
1509.5
1099.0
68.0
3674.5
16015.0
68.0
3182.0
1670.5
738.5
163.0
1860.5
68.0
7029.5
11177.5
4963.5
1412.5
9010.0
16427.0
1563.5
7735.0
8963.0
2473.5
4930.5
7668.0
4374.0
1499.0
1016.5
3381.5
4774.0
625.5
68.0
163.0
12926.0
5037.0
3411.5
68.0
68.0
2266.0
68.0
68.0
3013.0
3631.5
15641.0
21330.0
6784.0
68.0
1891.0
2023.0
1589.0
5463.0
68.0
365.5
9061.5
1016.5
1521.0
1414.0
12234.5
5816.0
10365.5
8.0
68.0
68.0
2737.5
0
633.5
537.5
68.0
2658.0
153.5
7634.0
1613.5
2047.5
4631.0
5531.5
68.0
1912.5
755.5
15078.5
7409.0
9777.0
8621.5
913.0
2766.5
68.0
4218.0
8487.0
9691.0
10695.5
3704.0
4103.0
14167.0
4377.0
163.0
1777.0
6730.0
3022.5
2851.5
3802.0
4285.0
68.0
163.0
6701.5
438.5
3111.0
451.5
5352.0
1128.5
1036.0
646.0
68.0
9855.0
3688.0
7184.0
1406.5
6342.0
68.0
3296.5
1865.5
4148.0
348.5
2372.0
2448.0
5010.0
10767.5
17477.0
5805.0
2543.0
1972.0
3573.0
3265.5
2241.0
0
14356.0
5464.5
12432.5
6102.0
0
852.0
1406.5
11656.5
458.0
2467.0
3727.0
3633.0
0
1720.0
68.0
1893.5
6889.0
1283.0
271.0
629.0
537.0
1031.5
9191.5
4017.0
5030.5
1174.0
68.0
6839.0
6096.5
9149.0
4133.5
1089.5
4586.0
458.0
458.0
6828.5
2660.5
4236.5
68.0
68.0
153.5
7296.0
3685.0
6638.0
1016.5
1426.0
1002.5
3870.5
1892.5
1896.0
3286.0
3676.0
1864.0
68.0
8179.0
2661.5
8184.0
11948.0
3534.0
68.0
438.5
7597.5
7346.5
7290.5
3719.0
6800.5
9057.0
10350.0
68.0
4155.5
6223.5
153.5
3548.5
1889.0
9019.5
555.5
1315.0
3694.5
4457.5
1582.0
6189.0
3073.0
1504.0
2357.0
68.0
68.0
3273.0
458.0
438.5
5430.5
1608.5
1016.5
4207.0
5553.5
1130.0
2937.0
2942.5
1095.5
0
68.0
443.5
447.5
163.0
2904.5
3665.0
15667.0
2816.5
5861.0
8422.0
5932.0
3494.5
534.5
6862.5
12861.5
3725.5
635.0
68.0
68.0
68.0
11655.5
7519.5
15603.0
1593.0
5891.0
2767.0
4240.0
2940.0
1991.5
8831.5
11828.5
524.0
7749.5
68.0
5395.0
6236.0
13266.0
554.5
8219.0
1522.5
529.0
1863.0
68.0
1601.5
4449.5
1980.0
434.0
25078.5
904.5
68.0
5957.5
10767.5
12830.0
5522.5
9090.5
1443.0
18333.5
1813.5
11970.0
7565.5
8658.5
22343.0
3320.5
2391.5
9893.0
2881.0
3967.5
20069.5
7709.0
17137.5
7665.0
365.5
5009.5
8062.0
3316.5
13791.5
4464.5
2814.0
6786.0
1943.0
68.0
3751.0
4500.0
68.0
7411.0
12937.0
839.0
2730.5
7822.5
68.0
2368.0
2848.5
1136.0
68.0
5799.0
4325.5
68.0
2861.5
3124.5
4060.0
163.0
5930.0
68.0
68.0
4274.0
4501.5
12208.5
77.5
1014.5
944.0
1598.5
702.5
2887.0
1430.0
6358.0
7586.0
11158.0
68.0
0
6351.0
3573.5
8561.5
910.0
5983.5
68.0
68.0
8547.5
68.0
0
3125.0
2518.0
3636.5
6267.0
1016.5
1404.5
6509.0
5970.5
13201.0
612.5
1114.0
8520.0
619.5
2161.0
0
0
6201.0
4072.0
4437.0
7816.5
4675.5
1882.0
68.0
612.5
163.0
1225.0
1426.0
3340.5
68.0
5346.0
12971.0
68.0
2096.5
3399.0
9452.5
926.5
68.0
533.5
3590.0
629.0
257.0
1416.5
68.0
4115.0
6447.0
983.0
736.0
6702.5
3602.5
755.5
1515.5
163.0
19209.0
68.0
68.0
11038.5
16231.5
8700.0
1468.0
68.0
13453.0
1883.5
5490.0
35.0
5050.0
3241.5
11394.5
1646.0
5722.5
68.0
2536.0
1466.0
68.0
4296.5
521.0
13435.0
714.5
16921.5
13473.5
68.0
5674.0
1987.0
3634.0
2263.0
15179.5
926.5
3764.0
68.0
68.0
68.0
8002.0
6847.0
3230.0
1890.5
365.5
68.0
8264.0
11198.0
3786.5
1980.0
3869.5
68.0
3217.5
1036.0
8771.0
68.0
614.0
1697.5
524.0
0
5769.5
13850.0
4155.5
3548.5
2250.0
365.5
6928.5
524.0
4640.5
1407.5
2913.5
905.5
0
1016.5
521.0
8960.0
68.0
4494.0
2705.5
1434.0
3230.0
5553.0
68.0
458.0
5729.0
5459.5
6618.0
1860.5
68.0
8330.5
612.5
68.0
929.0
17649.0
68.0
9516.0
9844.5
4536.0
7762.0
257.0
3538.5
2877.5
6290.0
248.5
2446.0
68.0
5538.5
8959.5
4227.5
2279.0
1966.0
4909.5
1106.0
1967.5
9112.0
68.0
2302.5
2067.5
163.0
3063.5
1042.5
646.0
824.0
926.5
68.0
2926.5
68.0
4486.5
68.0
1019.5
15260.0
2011.5
68.0
3228.5
3139.5
68.0
1258.5
7686.0
5439.0
2173.5
4113.0
1990.0
4553.5
7604.0
6062.0
3569.5
5953.5
3628.5
911.0
10862.0
1989.0
1033.5
9957.5
438.5
8450.0
7635.5
14352.0
6814.0
3226.5
2365.5
4519.0
5524.5
2566.0
1943.5
6286.0
68.0
4577.5
7863.0
1146.0
4618.5
4072.0
1016.5
629.0
8746.0
966.5
1780.5
1896.5
1039.0
68.0
7626.0
7582.0
5423.0
1423.5
5323.5
1331.0
7587.5
1365.5
68.0
5468.5
1145.5
9502.0
68.0
13424.0
4638.0
2436.5
1387.0
68.0
10737.5
4600.5
5080.0
66.5
68.0
0
2375.5
19840.0
2843.0
7302.5
944.5
12934.5
438.5
5808.5
2837.5
0
2348.5
7664.5
0
458.0
4543.5
3533.0
2160.0
3624.0
0
8169.5
2090.5
8167.5
1861.5
153.5
243.5
68.0
9439.0
0
163.0
0
1129.5
1132.5
1509.0
5041.5
16263.0
2310.0
153.5
6806.5
2736.0
7247.5
4636.5
0
460.5
3291.5
3611.5
3688.5
8381.0
9938.0
15237.5
7659.0
835.0
2520.5
2032.0
4011.0
3437.5
163.0
68.0
2472.0
8312.0
68.0
68.0
6675.5
68.0
537.5
3732.0
8238.0
1888.0
1947.0
68.0
2416.5
1497.0
1697.0
4551.5
2117.0
1012.0
4037.0
68.0
68.0
1353.5
0
16092.5
1570.0
6318.0
68.0
6033.5
10369.5
163.0
68.0
6701.5
68.0
2712.5
1016.5
1427.0
0
2856.5
9535.5
3682.0
438.5
9516.5
7066.5
4996.5
546.0
0
2817.5
1675.5
1199.0
4409.5
3206.5
1126.0
163.0
68.0
1397.5
16436.5
2450.0
9009.0
6439.5
2090.0
7335.0
537.5
8270.0
68.0
4739.0
554.5
1516.0
7831.5
348.5
632.5
68.0
1580.0
4374.0
16972.0
68.0
12457.5
3992.0
627.5
68.0
3139.0
529.0
1409.0
3676.5
3983.5
68.0
4847.5
923.5
4586.0
14438.5
2267.5
4527.5
13540.5
6728.5
5537.0
6837.0
17496.0
4567.0
11768.5
68.0
1843.0
68.0
831.0
1126.0
1475.0
1109.0
7383.5
5418.0
9350.0
3791.5
1692.0
1858.0
1016.5
7167.5
4742.5
2736.5
925.0
624.0
14779.5
7690.0
68.0
5620.5
3664.5
6289.5
8522.0
6237.5
5821.5
10576.5
15527.5
0
1038.5
2361.0
4943.5
68.0
7546.5
5341.0
5007.0
4629.5
8980.5
6759.5
1032.0
2549.5
3584.5
21532.0
534.5
1687.0
68.0
12400.0
2955.0
9382.0
9300.5
3229.5
9389.0
5045.5
999.5
1104.0
533.5
68.0
2655.0
3706.0
9160.0
3215.5
4551.0
11683.0
1949.0
5965.5
12059.5
3513.0
6299.5
13724.5
348.5
10433.0
9853.0
1199.0
1981.5
2727.5
2800.0
4534.5
9756.0
68.0
7039.0
3293.5
5390.5
3445.0
0
5348.0
1005.0
1889.0
2468.5
7261.5
163.0
535.0
68.0
68.0
9500.5
3689.5
646.0
16525.0
738.5
2890.5
3315.0
68.0
15624.5
4173.5
1150.0
68.0
4014.5
2435.0
1441.0
2795.0
7183.0
2532.0

68.0
2058.0
6187.5
68.0
14281.0
524.0
68.0
5430.5
2877.5
2804.0
926.5
1385.0
153.5
68.0
5567.5
1477.0
68.0
4752.0
2574.0
8886.0
2055.0
68.0
6667.5
3219.0
12955.0
2850.0
7564.5
5330.5
612.5
1865.5
5337.0
3713.5
1521.0
1765.5
10609.0
9776.0
7056.0
7191.0
163.0
9000.5
3628.0
163.0
2528.0
6328.0
2103.0
11619.0
1818.5
3591.0
1781.0
7176.5
629.0
626.0
3227.5
68.0
0
646.0
1628.5
68.0
2411.5
13452.0
68.0
11001.0
5946.0
1059.5
458.0
3224.0
163.0
4098.5
738.5
7783.5
14096.0
5311.0
1423.5
2276.0
443.5
2378.5
22871.5
4840.0
4203.0
1988.0
4247.0
68.0
1601.5
16910.0
68.0
8088.5
1109.0
8118.5
5068.0
1796.5
6316.0
6367.0
4986.0
1029.5
2203.5
5449.5
10403.5
1490.5
68.0
1763.0
2075.0
6646.0
163.0
755.5
3677.0
68.0
4953.5
2902.0
627.5
0
15599.5
1417.0
7228.0
6502.5
2390.5
19032.5
9945.0
1029.0
1965.5
68.0
3627.5
163.0
243.5
5088.5
4495.5
68.0
7659.0
6676.5
1912.0
2350.0
68.0
2226.5
8991.5
627.5
1499.0
332.0
3219.5
0
6682.0
3971.0
68.0
348.5
1963.0
2746.0
741.0
8580.5
10064.5
1516.5
8260.5
1629.0
1999.5
11729.0
4111.0
68.0
2356.0
533.5
1132.5
5830.5
7696.5
0
5792.5
8386.5
4457.5
3170.5
451.0
3978.0
12143.5
537.5
1837.5
68.0
0
2737.5
332.0
1894.5
458.0
925.0
12942.0
365.5
1004.5
2755.0
554.5
1777.0
2658.0
8258.0
68.0
2859.5
2786.5
1606.0
3682.0
1802.0
5934.5
719.0
7223.5
2084.5
458.0
943.5
0
6406.0
68.0
3276.5
2321.0
5493.5
68.0
2282.5
68.0
0
163.0
828.5
68.0
4112.0
5578.5
1225.0
6387.5
458.0
524.0
551.5
68.0
2841.5
8089.5
68.0
6009.5
3990.5
5479.0
5643.0
568.5
1619.0
0
2297.5
2307.0
1005.0
163.0
5406.5
4884.0
68.0
1410.0
0
3815.5
0
533.5
4670.5
68.0
1164.0
614.0
4518.0
3641.0
1505.5
5492.5
13537.5
11342.0
5941.0
4179.5
1965.0
1877.5
9124.5
1020.0
17909.5
2730.5
2485.5
6950.0
3224.0
6356.5
751.0
1400.5
543.5
68.0
4555.5
18450.0
2364.5
2857.0
257.0
4182.0
6955.0
2106.5
537.5
5815.0
7970.0
77.5
12448.5
8111.5
2656.5
68.0
68.0
257.0
348.5
3132.0
3607.5
1705.0
163.0

153.5
163.0
4474.0
6059.5
9501.0
4501.5
18428.0
1005.0
68.0
4157.0
348.5
3569.5
2169.5
2447.5
4970.5
3949.0
68.0
6410.5
68.0
4534.0
68.0
7631.0
68.0
1023.5
68.0
2023.5
68.0
4333.5
68.0
257.0
2669.0
1111.5
5966.0
458.0
460.5
57.5
10314.0
2237.5
68.0
2291.5
2305.5
68.0
1036.0
3757.0
5603.0
3086.5
1668.5
2319.5
68.0
68.0
0
2670.0
1218.5
1207.5
3131.0
0
5893.5
3209.5
68.0
4094.0
11644.0
2478.0
524.0
5407.0
10952.5
68.0
0
910.0
14851.5
818.0
1034.0
0
1773.5
15674.5
3011.5
68.0
460.5
9879.5
7165.0
68.0
1036.0
5783.5
68.0
2366.5
68.0
1803.0
24201.5
0
5437.0
6769.5
0
77.0
68.0
768.0
646.0
4928.5
4906.5
3160.0
68.0
4996.0
8929.0
1346.5
612.5
5411.5
526.0
0
2690.0
68.0
15533.0
10709.5
4535.0
13840.5
5439.5
927.0
2343.5
163.0
1133.0
1387.0
68.0
8982.5
537.5
2663.5
1523.0
2355.0
11110.0
10342.0
1426.0
15640.0
8973.0
8590.0
68.0
3174.0
1021.5
68.0
342.5
68.0
68.0
68.0
1803.0
6514.0
3340.0
2551.0
68.0
5562.5
9794.0
6377.5
2649.0
458.0
1786.0
4611.5
3108.0
3201.0
8661.5
68.0
1853.5
11299.5
5867.5
7354.5
848.0
5868.5
4971.0
163.0
927.5
1496.5
3370.5
10288.0
633.5
68.0
20082.0
257.0
2261.5
68.0
0
2670.0
68.0
8679.5
5475.5
68.0
68.0
4075.0
1316.5
738.5
438.5
1145.5
0
6987.5
1138.5
3190.5
5465.0
68.0
5456.5
6443.0
2077.0
3147.0
6305.5
68.0
1488.0
1112.5
3832.5
4164.5
2992.0
1016.5
12506.5
68.0
3684.0
1516.0
4226.5
2743.0
5526.5
68.0
8576.0
17919.0
68.0
1875.0
6014.5
1392.5
9982.5
348.5
12095.5
2956.0
7632.5
2451.0
68.0
68.0
14934.0
10245.0
68.0
5584.0
6652.0
5992.0
8191.0
947.5
4166.5
68.0
5900.5
68.0
3646.5
68.0
8204.0
68.0
271.0
77.5
2173.5
10326.0
5081.0
4158.5
68.0
1036.0
9344.5
992.5
348.5
1891.5
6869.5
2562.5
1914.0
4484.0
68.0
68.0
5769.0
9061.0
348.5
1329.0
8993.5
438.5
13495.0
4487.5
4421.0
348.5
68.0
3069.5
927.0
1334.0
3335.0
9930.5
68.0
1864.5
2571.0
4490.5
4101.0
1038.5
3805.5
5230.5
929.0
9803.5
4580.0
2839.0
4175.0
11234.5
10472.0
8491.0
7805.0
2036.5
9904.5
5617.5
537.5
1297.0
9461.0
543.5
7757.0
1726.0
342.5
3556.5
11232.0
1687.0
68.0
68.0
1878.0
627.5
2740.5
524.0
12739.5
8231.5
1803.0
458.0
3691.0
4545.0
68.0
8574.5
1005.5
6978.0
438.5
68.0
1033.5
5445.0
3573.5
470.5
5441.0
4011.5
2760.0
68.0
458.0
0
1038.5
2764.5
68.0
2486.5
2577.5
4613.0
719.0
1038.5
537.5
163.0
2819.5
15308.5
5084.0
68.0
612.5
4973.5
629.0
2623.5
2245.5
7537.0
3586.5
2687.5
1862.5
12687.5
4576.0
1187.5
8030.0
5359.0
1906.5
1509.0
5004.0
68.0
3862.0
533.5
10216.0
3657.0
2826.5
0
68.0
11245.0
3189.5
3201.5
2225.5
68.0
12970.5
1516.0
4561.5
2049.0
7181.0
11614.0
13924.5
8295.5
68.0
5074.0
5376.0
68.0
68.0
68.0
6347.0
10231.0
5520.0
2263.0
1868.5
1494.5
3129.5
5442.0
533.5
383.0
1762.5
19354.5
257.0
6343.5
4535.0
6057.0
9751.0
16219.5
961.0
1018.5
738.5
68.0
8158.0
6688.0
68.0
2770.5
961.0
7212.0
14749.0
1897.0
6706.5
1807.5
15151.5
3137.5
1112.5
68.0
4210.0
15364.5
3569.0
1419.5
3812.0
68.0
348.5
13087.0
10263.5
1511.5
1882.0
1811.0
13546.0
4294.0
533.5
4164.5
3240.0
13558.0
5526.0
1428.5
1057.0
438.5
68.0
348.5
1138.5
4065.0
646.0
1444.0
77.5
9386.0
1997.5
11297.5
438.5
5053.0
6842.5
443.5
6390.5
16240.0
5865.0
4818.0
7014.0
1476.5
68.0
6823.5
4554.5
9057.0
23061.5
1019.0
719.0
6732.0
1506.5
68.0
14764.5
1799.0
3685.5
1053.0
6928.5
2754.5
68.0
5351.5
5104.0
68.0
1128.5
5503.5
2852.5
3892.5
9888.0
163.0
5940.0
1492.0
537.5
68.0
2285.0
2034.0
1786.0
68.0
5450.0
627.5
9990.5
4039.0
1036.0
5779.5
7232.0
7463.0
13002.5
11109.0
4141.5
5969.5
1346.5
68.0
831.0
1659.0
4635.0
1856.5
4039.5
438.5
443.5
2621.5
1006.5
68.0
738.5
4235.0
4150.5
3401.0
8779.0
2340.0
5908.0
68.0
1891.5
1419.5
5701.0
543.5
9268.5
1104.5
7699.5
7006.5
5469.5
926.5
927.0
438.5
7057.0
9106.0
8131.5
1426.0
19108.5
3342.0
2826.0
10784.0
2860.0
534.5
1426.0
8951.0
7888.0
17333.0
17608.5
7503.0
4519.0
68.0
16107.0
0
15112.5
173.0
2826.5
13133.5
13477.5
434.0
16592.5
8.0
1505.0
8551.5
3989.5
2366.0
2751.0
3890.5
1207.0
1317.0
3216.5
68.0
1496.5
4908.5
514.5
1038.5
365.5
10817.5
68.0
57.5
3250.0
5947.5
68.0
4094.0
3978.5
4089.0
1583.0
2175.5
2338.0
1126.0
5021.5
15809.5
5563.0
11945.0
10095.0
524.0
68.0
2358.5
68.0
2378.5
17887.5
1405.5
1426.0
15659.5
6948.0
10803.0
2603.5
526.0
633.5
5065.0
6778.5
458.0
68.0
1589.0
68.0
1038.5
2360.5
7340.5
1711.5
738.5
1533.0
68.0
818.0
1094.0
1034.0
8589.5
7157.0
1109.0
3231.5
5847.0
2764.5
8867.0
3287.5
434.0
3217.5
11307.0
2324.0
8432.5
638.5
629.5
3237.5
2555.5
4585.0
153.5
3260.5
68.0
6336.0
3204.5
428.0
9710.0
2392.0
17378.5
271.0
68.0
6572.0
524.0
68.0
1036.0
4570.5
4561.0
4033.5
5855.5
68.0
2279.0
0
68.0
0
2458.0
68.0
5852.5
1614.0
5816.5
533.5
23021.0
9507.5
437.0
14207.0
627.5
1485.5
3752.5
3587.0
3290.0
1706.5
1112.5
1777.0
9272.5
2285.0
2639.0
7008.5
443.5
68.0
1525.0
3152.5
10386.5
8531.0
3186.5
8864.0
1019.5
944.0
5765.0
6357.5
17412.0
742.0
6675.5
153.5
5565.5
8612.5
9393.5
910.0
9390.0
2256.0
9783.0
68.0
926.0
1190.0
9823.5
14492.0
163.0
3992.0
1500.0
3229.0
627.5
4875.0
628.0
68.0
365.5
629.0
3244.0
629.5
1000.0
4974.0
16033.0
15245.0
6270.5
4993.5
554.5
68.0
2440.0
2804.5
5855.0
923.5
8373.5
4587.5
458.0
438.5
6475.0
68.0
19652.0
16894.0
1799.0
2982.5
2749.0
627.5
524.0
68.0
68.0
10343.0
1539.5
16439.5
4698.5
68.0
68.0
10709.5
7065.0
3168.5
9094.5
68.0
1878.0
1482.0
5947.5
1019.0
5425.5
0
1353.5
2081.5
14683.5
4131.0
1570.0
68.0
3053.5
3561.0
9965.0
4595.5
1783.5
4968.5
1018.5
458.0
3353.0
7230.5
2380.5
68.0
8814.5
1034.0
2550.0
4553.5
68.0
3638.5
11201.5
68.0
3328.5
8510.0
68.0
646.0
1014.5
5334.5
3236.0
4679.5
0
9455.0
4526.5
348.5
68.0
8715.0
1595.0
2016.5
0
19194.0
3271.5
1467.5
68.0
68.0
163.0
68.0
6629.0
10359.0
514.5
534.5
3684.0
1032.5
999.5
2082.5
1875.0
438.5
2425.5
995.5
717.5
7597.5
438.5
910.0
163.0
68.0
9997.5
3137.5
6566.5
7002.0
13372.0
438.5
2669.5
2282.5
2358.5
6452.5
4075.5
68.0
4578.0
2768.0
2024.0
554.5
153.5
3690.5
4038.5
19418.0
5390.0
4119.0
68.0
1353.5
163.0
68.0
1903.5
6286.0
2450.0
1504.5
4016.5
7123.0
3201.0
1322.5
1028.0
68.0
6351.5
1280.0
2672.0
5409.0
5864.0
4772.0
1034.0
2244.0
0
1121.5
828.5
4119.0
1516.0
8051.0
629.5
68.0
438.5
1089.5
5912.0
20477.5
3755.0
14634.0
2267.5
3126.0
1417.0
9036.0
6318.5
2952.5
5047.0
68.0
68.0
332.0
6246.5
4013.0
0
1595.5
5977.0
5898.0
738.5
5269.5
5119.5
5906.0
5988.5
4585.5
534.5
68.0
68.0
6051.0
3626.0
5452.5
1412.0
0
2266.0
3682.0
7710.0
14854.5
1056.0
9817.5
1506.5
14578.5
914.0
2378.0
1623.0
3597.0
2058.0
11689.5
5393.5
1524.5
11811.5
2537.5
2845.5
3233.5
736.0
11126.0
1146.5
3777.0
1882.0
15571.5
68.0
7103.5
1689.0
3297.0
12415.0
163.0
10089.5
2464.5
1415.0
5361.0
6865.5
4248.5
2915.0
1126.0
163.0
10314.0
6473.0
153.5
3162.0
11216.5
1119.0
13921.5
12062.5
3020.0
1126.0
68.0
2374.5
1406.5
1111.5
1584.0
8158.5
5868.0
68.0
68.0
629.0
1790.0
68.0
6359.5
163.0
4118.5
2878.5
68.0
4998.5
1892.0
22749.5
7663.5
14676.5
19664.5
11568.5
8019.5
2034.5
1776.5
6322.0
926.5
1909.5
9301.0
1021.5
68.0
6893.5
163.0
9977.5
7126.0
1333.5
19204.5
68.0
3217.0
25632.0
2014.5
10689.5
6267.0
5428.5
537.5
438.5
4035.5
5943.5
68.0
1487.5
719.0
1021.5
943.5
8995.5
348.5
5196.5
14975.0
7768.5
68.0
1514.0
173.0

1884.5
4323.0
68.0
7283.5
3146.0
1505.5
4525.0
663.5
2979.0
1025.0
636.0
3633.5
5386.0
11742.5
68.0
3959.0
15946.0
9834.5
551.5
12886.0
4069.5
68.0
5924.5
537.5
68.0
4436.0
5371.0
4750.5
1421.5
438.5
2290.5
68.0
9949.5
163.0
933.5
9521.0
1914.5
10696.0
1909.0
8994.5
629.5
4642.5
1147.0
1207.0
6652.5
537.5
2677.5
14027.0
68.0
4253.5
68.0
4783.0
12427.5
1945.0
1884.5
11195.5
1968.5
443.5
5501.5
451.0
68.0
10390.5
11559.5
6217.5
1045.0
910.0
1942.0
2756.0
4978.0
22741.5
68.0
7199.0
15230.0
3606.5
6199.5
68.0
8538.0
68.0
6323.5
68.0
6470.0
1207.0
68.0
3898.5
543.5
663.0
8585.0
7222.5
365.5
6966.5
68.0
1146.0
1665.5
68.0
629.0
4100.0
68.0
1038.5
438.5
1950.5
8450.5
8055.5
961.0
3192.5
4093.0
3660.0
6812.5
4372.5
1890.0
438.5
3320.5
1070.5
163.0
9479.0
3790.5
1870.0
68.0
173.0
4104.0
4212.0
3390.5
524.0
2684.5
2038.5
722.5
2523.0
7830.0
3302.5
332.0
68.0
68.0
8124.5
8926.5
4691.0
1406.5
2484.5
5976.0
1429.0
1412.0
10711.5
8555.5
1907.5
0
12128.5
3324.5
620.5
68.0
6015.0
13511.5
4191.5
1769.0
1499.0
8191.0
1022.0
257.0
2096.5
2437.0
68.0
68.0
629.0
5947.5
4943.0
4122.5
68.0
12889.5
2125.5
3598.5
6255.5
2864.0
1984.5
163.0
1427.0
4915.0
3228.0
2662.0
5656.5
5076.5
627.5
14694.5
163.0
1516.5
1414.0
1967.5
3086.0
1597.0
14351.0
68.0
2577.0
646.0
8592.5
4678.5
14286.0
8782.5
1612.0
11547.0
9689.5
9419.5
9910.5
3492.0
3685.0
10097.5
12821.5
20144.0
1426.5
4245.5
2777.0
2251.0
2778.0
6468.5
1036.0
543.5
16103.0
1032.0
2761.0
7816.0
3230.5
11820.5
1953.5
438.5
7548.0
7353.5
68.0
2292.0
2466.0
641.5
68.0
8.0
6371.5
163.0
12738.0
2767.5
7762.0
438.5
17527.0
11453.0
5136.5
12447.5
3381.0
1895.5
4539.5
620.5
1021.5
68.0
7184.0
68.0
3151.5
12030.5
21411.5
68.0
68.0
2656.5
619.0
457.0
68.0
12597.0
1516.0
13858.5
68.0
1376.5
11939.0
19548.5
1150.0
2358.5
1387.0
68.0
68.0
2445.5
5375.5
8555.0
68.0
458.0
944.5
909.5
68.0
68.0
2524.0
10394.0
10328.0
850.5
12582.0
2449.5
2265.0
537.5
5425.0
3676.5
1685.5
11341.0
3514.5
5135.0
68.0
438.5
537.5
1483.0
68.0
5928.0
4169.0
10325.0
5041.5
0
5961.5
163.0
4182.5
68.0
12059.0
153.5
1702.0
68.0
5873.0
9134.5
4986.5
9562.5
1031.5
5834.5
68.0
6441.5
6081.0
9773.0
2652.5
944.5
1409.0
6082.0
4498.5
68.0
6441.5
9760.0
458.0
1927.5
11004.5
68.0
15221.0
6069.0
438.5
1800.0
5424.5
68.0
927.5
22731.0
7773.5
3649.5
2021.0
7211.0
13018.5
1298.0
6428.5
1368.0
1038.5
68.0
923.5
68.0
3616.5
956.5
9055.5
738.5
8473.0
1361.0
68.0
4935.0
4613.0
68.0
0
68.0
551.5
1023.0
8989.5
68.0
3251.5
8257.5
3206.0
11763.0
7834.5
12575.0
68.0
3620.5
4522.5
1891.5
1030.0
12089.0
163.0
7518.5
9560.5
356.5
3563.5
68.0
15616.0
68.0
6852.0
10342.5
637.0
2396.5
7070.5
68.0
3110.5
4738.5
1038.5
68.0
3241.0
524.0
3291.0
163.0
3704.5
909.5
4593.0
1828.0
6945.0
163.0
6297.0
68.0
1333.5
2608.0
755.5
15202.5
13881.0
12572.0
5348.5
5787.5
2999.5
6726.0
438.5
14816.5
68.0
348.5
2255.0
6215.5
6341.0
0
4576.5
8591.5
5386.5
4895.5
3637.5
629.0
910.0
1984.5
999.5
7812.0
5895.0
3133.0
4524.5
68.0
5932.0
3231.0
2083.5
2085.0
1348.0
1481.5
3906.0
3238.0
4076.5
5129.0
10302.0
5049.5
7274.0
9883.0
2801.0
19182.5
5933.0
68.0
13051.5
14579.0
4677.5
4216.0
6411.0
7003.5
1039.0
1932.0
1768.0
3316.0
3576.0
8430.0
1903.5
19809.5
612.5
68.0
12956.5
2092.5
458.0
68.0
6831.5
3986.0
5420.0
3323.5
553.0
2037.5
6698.0
6309.5
1046.5
1036.0
68.0
17471.0
8606.5
1876.0
6290.0
68.0
5008.5
8529.0
1359.0
540.0
4181.0
9280.5
6268.0
8169.0
4089.0
4457.0
2850.0
9797.0
17754.0
68.0
68.0
2214.0
2650.0
78.0
8120.0
927.5
22021.5
3115.5
6197.0
68.0
2875.5
10181.5
12949.0
68.0
2348.0
4455.5
68.0
1098.5
944.5
7113.0
6753.0
2422.5
2864.5
1798.5
4231.0
2447.5
11125.5
6392.0
2287.5
3800.0
8793.0
8026.0
4097.5
348.5
68.0
2322.0
1504.5
4039.0
16035.5
68.0
1055.5
68.0
7572.5
5511.0
6746.5
6769.0
3240.5
1015.0
1875.0
925.0
543.5
2731.0
3550.0
68.0
11556.5
7654.5
68.0
14325.5
68.0
1012.0
3544.5
4551.0
893.5
8541.0
5919.5
5920.0
6417.0
68.0
2236.0
6931.0
8573.5
6986.0
2745.0
3592.5
68.0
4988.5
12098.5
2826.0
1468.0
13180.5
8.0
6421.5
6778.0
68.0
909.5
1499.0
13967.5
3373.5
14709.5
7233.0
68.0
4006.5
5775.0
1594.5
1029.0
2384.5
3502.5
8953.5
1501.5
2477.5
1522.5
5355.0
9614.0
10713.5
524.5
931.0
19364.0
4716.5
2217.5
2817.0
1496.5
3995.5
13819.0
68.0
163.0
10836.0
719.0
1487.5
9536.5
13765.0
1128.5
68.0
2815.0
1666.0
2689.5
3959.5
68.0
365.5
1606.5
2579.0
458.0
23548.0
348.5
939.0
11246.0
5216.0
2226.0
4502.5
13043.5
18372.5
828.5
5888.0
2527.0
6488.5
2754.0
3629.0
5536.0
6713.0
68.0
438.5
0
8934.0
68.0
14658.0
5311.0
1869.5
6668.0
68.0
6723.5
7120.5
5445.5
15616.5
13411.0
734.5
8584.5
1211.5
68.0
1314.0
13024.0
1777.0
2327.5
1880.5
3436.5
5045.0
4948.5
2301.5
2285.5
1878.0
68.0
1333.5
1890.0
2444.5
68.0
944.5
68.0
153.5
68.0
0
68.0
68.0
3419.5
5076.0
616.0
848.0
1796.5
1333.5
983.0
68.0
8592.0
1850.0
3305.5
68.0
646.0
9529.5
3102.5
551.5
6861.5
526.0
7012.0
646.0
993.5
1430.5
68.0
4045.5
5406.5
627.5
0
636.0
8055.0
5850.5
1578.5
7256.5
68.0
5755.0
1576.0
3704.0
4271.0
11728.0
11709.0
12128.0
2261.0
5926.0
8097.5
2860.5
438.5
3133.0
629.5
8513.0
11398.0
15678.5
8013.0
4440.5
4890.0
4975.0
1297.0
5500.5
68.0
2378.0
6799.0
3016.5
736.0
17404.5
12862.5
5641.0
68.0
3018.0
5121.0
2341.5
68.0
7322.5
5471.5
68.0
3138.5
68.0
7215.5
1423.5
3312.0
0
7636.5
3242.0
612.5
20273.5
432.5
68.0
4152.0
1908.5
537.5
3230.5
6861.5
11204.5
7139.5
10309.0
8941.0
1878.5
4087.0
1857.0
543.5
7108.0
5128.0
68.0
5906.5
4981.5
5102.0
2375.5
6816.5
1880.5
15907.0
7553.5
1817.5
68.0
7213.0
5507.0
3620.0
3798.5
1539.0
7845.0
9570.0
3242.5
14323.0
4476.0
663.0
1576.0
2855.5
2049.5
1951.5
8580.5
758.5
8452.0
163.0
19065.5
68.0
1885.5
5265.5
68.0
2779.5
7087.0
5999.5
2785.0
2248.5
68.0
1911.5
2094.0
19995.0
6676.0
4438.5
257.0
7930.5
163.0
2346.5
14903.5
352.0
5507.0
9814.0
68.0
68.0
68.0
11232.0
1911.5
3375.0
543.5
1128.5
68.0
2264.5
7711.5
7770.0
68.0
10717.5
2398.0
68.0
4547.5
3212.5
2753.0
4111.5
438.5
627.5
68.0
6787.0
524.0
12970.5
7597.5
15952.5
68.0
10774.5
1901.5
4504.5
22931.5
68.0
2697.0
7701.0
2931.0
3680.0
10501.5
3625.0
68.0
2453.0
68.0
4326.5
68.0
12069.5
68.0
68.0
8001.0
4617.0
3588.0
458.0
2745.0
1033.5
3188.5
601.0
68.0
8.0
2203.5
13555.5
543.5
3684.0
3138.0
68.0
4496.5
6449.0
1207.0
3726.0
2775.0
2235.0
332.0
3851.0
8673.5
68.0
719.0
1347.5
15426.0
2714.0
5392.5
3622.0
534.5
646.0
1883.5
1498.0
1870.5
12831.0
2529.0
646.0
6692.5
647.0
18244.0
68.0
9136.0
9474.5
3233.0
0
629.5
2770.0
2345.5
736.0
1443.0
2358.5
1798.5
1409.0
9388.0
68.0
0
533.5
9543.0
2798.5
7740.5
68.0
3558.5
10796.5
1036.0
1197.0
2313.0
911.0
348.5
6345.5
451.0
6900.5
365.5
68.0
7388.5
11585.5
3336.5
2691.0
6479.5
257.0
551.5
68.0
68.0
4124.5
15734.5
5894.5
4920.5
5997.0
68.0
1514.0
434.0
13292.5
6798.5
961.0
68.0
2364.5
2859.0
2843.0
68.0
4632.5
1038.5
257.0
5044.0
4005.0
647.0
1518.5
719.0
1097.5
18417.0
3152.0
7060.0
2004.0
3433.5
1587.0
7624.5
6502.5
6701.5
68.0
68.0
3215.5
1509.0
3026.5
531.5
553.0
11640.5
8076.0
5058.0
4574.0
6399.0
68.0
12872.5
458.0
13043.5
7360.0
1909.5

3606.5
1836.5
1402.0
4775.0
788.0
383.0
16084.0
2002.0
1016.5
738.5
3759.0
641.5
4591.0
543.5
4447.0
1692.0
68.0
4439.5
863.5
68.0
1597.5
1426.5
438.5
4907.5
4550.5
1895.0
68.0
68.0
13892.0
1856.5
9388.5
5062.5
4691.5
460.5
2922.0
2141.5
5046.5
2893.5
2726.5
68.0
6953.5
7610.5
12034.0
68.0
1233.5
641.5

537.5
2729.0
2860.5
7781.0
5894.0
0
2104.0
1899.0
6780.0
1411.0
1397.0
6023.5
6374.0
1218.5
10364.5
537.5
365.5
4045.0
1910.0
524.0
3500.5
4949.5
1774.5
3103.0
4168.5
22335.5
6314.0
3784.0
68.0
68.0
5959.5
2060.5
1594.5
942.5
1817.0
5381.5
9942.0
18326.0
1406.5
14795.5
1406.5
68.0
243.5
2066.5
1626.5
2443.0
6929.0
6412.0
1460.0
458.0
1841.0
1802.5
2249.0
537.5
3655.5
1097.0
5172.5
68.0
910.0
2472.0
68.0
9091.0
755.5
3709.0
13023.5
3700.5
535.0
1038.0
3251.0
931.0
927.0
1129.5
5317.0
3118.5
2337.0
1978.5
3665.0
5510.0
10786.5
7954.0
15754.0
7649.0
1014.5
68.0
3541.0
153.5

163.0
12174.0
365.5
68.0
348.5
534.5
7838.5
2621.5
11875.0
8115.5
8592.0
1402.0
5111.5
12334.5
12863.5
68.0
534.5
16377.0
2292.5
3397.0
5846.5
7128.5
7406.5
12935.0
6534.0
543.5
1802.0
8615.0
68.0
4980.5
68.0
4611.5
2708.0
3229.0
3299.5
1403.0
2280.0
2002.5
8569.5
68.0
4013.0
68.0
1126.0
2259.5
6258.0
4964.5
926.5
68.0
2261.0
348.5
663.0
438.5
7209.0
8470.0
629.5
3351.5
1204.0
546.0
1974.5
68.0
961.0
68.0
944.0
4459.0
2359.0
2049.5
458.0
348.5
538.5
533.5
2294.0
68.0
926.5
16085.5
8480.0
7273.5
4990.5
2106.5
68.0
5041.0
163.0
68.0
2553.5
7213.5
5608.0
1492.0
3644.5
5800.5
2653.0
10388.5
5914.5
926.5
1784.5
68.0
68.0
5274.0
68.0
2161.0
2909.0
8099.5
1382.5
6036.5
1224.5
68.0
3690.0
1053.0
9126.5
3703.0
3582.5
68.0
3229.5
6219.5
4506.0
704.0
2761.0
68.0
4853.0
3345.0
4972.5
2950.5
1536.5
7192.0
2374.5
68.0
9600.5
6299.0
0
5117.0
646.0
5616.5
68.0
5323.5
3767.5
1779.0
1489.5
7047.0
68.0
68.0

1799.0
68.0
926.5
3520.5
6845.5
16607.5
1345.0
1016.5
909.5
929.5
11692.0
3310.5
68.0
2545.5
943.5
68.0
6535.5
926.5
2355.0
2860.0
738.5
4913.0
6075.5
5340.0
68.0
4106.5
5435.0
1560.5
0
8011.5
4943.0
1353.5
943.5
3548.5
1482.0
5770.5
6440.0
7241.5
2360.5
1411.5
29.0
68.0
2719.5
3117.0
1131.0
2731.0
2521.0
68.0
9965.5
4481.5
1961.5
9958.0
19559.0
2354.5
2881.5
5084.0
3230.0
13338.0
13828.0
68.0
68.0
68.0
7216.5
68.0
4510.0
1824.0
9414.5
9410.0
4510.0
646.0
13000.5
4017.5
163.0
7683.0
3313.0
1012.5
1033.5
548.5
5446.5
68.0
1053.0
9878.5
13829.5
7950.5
22717.0
9519.5
1725.5
13495.0
5891.0
68.0
6004.0
1013.0
1107.0
68.0
11248.5
68.0
16923.5
10618.5
5508.5
738.5
3129.0
1016.5
1887.0
3235.5
68.0
68.0
16115.5
5435.0
68.0
7501.5
1300.5
2431.5
6780.5
543.5
1872.5
1504.5
5337.5
68.0
537.5
2580.0
943.5
5412.5
646.0
1991.0
1056.0
1443.5
68.0
3987.0
454.0
10099.0
2377.5
5413.0
6970.0
16106.5
1581.0
458.0
68.0
1878.0
1998.0
7541.0
68.0
7630.5
3802.0
3700.0
68.0
1207.5
1223.0
365.5
4066.5
3183.0
7327.0
3236.0
9081.0
629.5
7596.0
15312.0
458.0
153.5
2827.5
7285.0
68.0
9894.0
1431.0
68.0
5957.0
68.0
10740.5
68.0
2325.5
1776.0
4277.5
4164.5
68.0
338.5
8895.5
3313.0

10235.0
1053.0
7193.5
16059.5
3306.5
257.0
801.5
3172.0
1129.5
3136.0
11850.5
10657.5
3036.5
629.0
11976.5
68.0
3760.0
2005.5
68.0
3603.0
68.0
1882.5
68.0
3879.0
1409.0
11810.5
944.0
3748.0
2333.0
68.0
68.0
163.0
2724.0
12847.0
5920.0
3701.5
68.0
68.0
551.5
2459.5
7615.0
3768.5
3272.5
68.0
3099.0
1424.5
9824.5
68.0
1033.5
9855.0
4997.5
68.0
5478.5
2040.5
4277.5
1522.5
13914.0
7296.0
6099.0
2353.5
9866.0
7663.5
3694.5
5289.5
893.0
1109.0
3287.0
68.0
7113.5
68.0
68.0
1015.0
11164.5
3640.5
10630.0
5861.0
4670.5
9265.0
68.0
1053.0
533.5
458.0
2316.5
4105.0
68.0
68.0
2681.0
1950.5
9845.0
68.0
3228.5
9007.5
163.0
4077.5
14718.5
646.0
1505.0
2263.0
1347.0
68.0
68.0
1109.0
646.0
2765.0
7393.0
68.0
68.0
612.5
13892.5
894.5
68.0
629.0
68.0
3966.5
520.5
8237.5
68.0
1505.5
13608.5
2078.5
1019.0
438.5
24940.5
1687.0
5425.0
4947.0
2234.5
2878.5
163.0
3573.5
15345.5
4595.0
68.0
1522.5
3256.0
68.0
2874.0
1423.5
2119.0
68.0
5064.5
1614.0
5368.0
612.5
1036.0
4527.5
4374.5
2136.0
68.0
1014.5
365.5
2242.0
68.0
12889.5
5799.5
10707.5
2452.5
458.0
68.0
620.5
68.0
17670.5
4857.5
68.0
2077.0
6989.5
4139.5
3994.0
3669.5
2489.5
9408.5
537.5
5432.0
926.5
68.0
1404.5
6515.5
1504.5
68.0
6683.0
4467.5
4102.5
13489.5
13530.5
1146.5
68.0
2688.0
3196.5
1423.5
1423.5
612.5
7223.0
15968.5
2260.5
3286.5
3138.0
926.5
1786.5
19152.5
1096.0
20327.5
648.0
4046.0
16140.5
20050.5
8891.0
633.5
4921.5
1486.0
1015.0
524.0
6751.0
68.0
1873.5
3176.0
2721.0
3142.0
12615.0
1107.5
1774.0
2674.5
68.0
2393.0
629.0
13779.5
3814.5
16567.5
14412.0
16952.5
8190.0
1053.0
3587.0
17952.5
7355.5
10322.5
8670.5
23907.5
10355.0
828.5
68.0
68.0
5444.5
68.0
4673.5
3567.5
5405.0
8204.5
77.5
68.0
10368.5
342.5
6475.5
10523.5
1496.5
3237.0
3232.0
2857.0
68.0
4146.5
5774.0
4004.0
5836.0
14550.0
1505.0
7991.5
8982.5
3699.5
8006.5
0
10333.5
68.0
10312.0
1337.5
3584.5
163.0
3608.5
68.0
999.5
629.5
7419.5
0
68.0
4470.0
68.0
5023.5
524.0
10309.5
23764.0
11241.0
68.0
1602.5
1600.5
68.0
3677.0
0
646.0
533.5
68.0
427.0
4164.5
163.0
22414.0
13431.5
3606.5
2686.5
10569.5
1042.0
12586.0
4588.5
16239.5
21949.5
4680.5
10145.0
68.0
14445.0
0
5015.0
4821.0
14769.0
3675.0
2448.0
0
68.0
10668.5
0
1537.5
1785.5
8191.0
8212.0
12566.5
1109.0
5851.0
893.0
163.0
6498.0
6387.5
68.0
1016.5
5545.0
2275.0
10945.0
68.0
1145.5
2075.5
7312.5
4908.5
10709.5
11584.5
4103.5
17461.5
3592.0
68.0
9412.0
5513.5
3679.5
8.0
1878.0
68.0
4657.0
68.0
1053.0
68.0
3520.5
1053.0
1016.5
12824.0
57.5
68.0
4550.0
4920.0
1948.0
629.0
257.0
0
6906.5
22377.0
1109.0
17814.0
6466.0
0
3680.5
0
10667.0
8088.0
163.0
11223.5
910.0
2735.5
15656.5
1826.5
4967.5
9000.0
14875.0
5052.5
19142.0
629.5
3904.0
11689.0
12214.5
0
612.5
939.0
68.0
2673.0
908.0
68.0
10395.0
11224.0
2391.5
14362.0
0
1965.0
6344.5
68.0
2007.5
0
1241.0
18923.5
17161.5
2468.0
15549.0
0
15265.5
68.0
2358.5
15974.0
7546.0
1908.5
3324.0
8100.0
9556.0
365.5
9500.5
15254.0
4020.5
458.0
68.0
13105.5
3920.0
629.0
24142.5
6033.5
4742.5
68.0
12082.5
4460.0
3160.5
6726.5
68.0
68.0
1504.5
3270.0
0
4141.0
4949.0
5432.0
6436.5
7232.0
13907.0
2694.5
4013.5
3596.5
4958.0
3328.0
68.0
7688.5
15.5
7368.0
68.0
4165.5
1613.5
13181.5
9767.0
68.0
8461.5
0
1048.5
11204.0
68.0
5729.5
0
10085.5
1532.5
2311.0
8529.5
68.0
612.5
4988.5
1870.5
10360.0
68.0
3466.0
990.5
4875.0
5051.5
6516.0
3661.5
1010.0
3213.5
1504.5
68.0
5422.5
68.0
3633.0
0
4951.5
6704.0
0
1465.0
1984.5
443.5
1016.5
0
4021.0
5020.0
8635.0
3571.5
0
0
22449.5
6523.0
9509.5
3654.0
2821.5
2372.0
68.0
13903.0
15313.5
3488.0
4064.5
12279.5
533.5
17566.5
13400.5
9843.0
2533.0
14695.0
1036.0
29.0
5818.0
1960.5
11688.5
68.0
7268.5
1876.0
7815.5
68.0
3792.5
926.5
12546.0
1126.0
163.0
8478.5
3603.5
3691.0
9954.5
2080.5
1984.5
11969.5
4447.5
9487.0
1848.0
68.0
736.5

163.0
68.0
20733.5
537.5
4524.0
1971.0
12016.5
6681.5
4146.5
163.0
5551.0
5022.0
7569.0
68.0
24422.0
68.0
891.5
7220.5
6659.0
4929.0
1033.5
68.0
1785.5
10694.5
3003.5
68.0
2286.0
14345.5
612.5
2781.5
2853.0
68.0
11663.0
68.0
68.0
2217.5
68.0
2265.5
3454.5
424.5
1965.5
1509.0
1855.0
999.5
1434.0
3127.5
68.0
68.0
14853.0
4889.0
5318.5
1016.5
68.0
11211.0
68.0
9873.5
11404.5
8892.0
68.0
3229.5
1184.5
6159.5
5867.0
4071.0
3565.0
2562.5
68.0
3635.5
12983.0
7333.5
10426.0
3621.0
19247.0
3992.5
68.0
12059.0
5957.5
1393.0
2741.5
68.0
8125.0
68.0
1319.5
2245.0
68.0
4150.5
2755.5
2825.0
348.5
1789.5
1661.0
6829.5
3121.0
7197.5
755.5
10009.0
173.0
9205.5
3224.0
2800.5
5424.0
68.0
15666.0
1794.5
4914.0
0
13830.0
6277.5
68.0
488.0
8214.5
818.5
1623.5
8700.0
3718.0
4583.0
3787.0
13432.0
3460.5
1796.5
2084.5
8958.0
8917.0
1392.5
68.0
2800.5
1803.0
5246.0
5463.0
68.0
8207.0
515.0
2545.5
68.0
77.5
2334.5
11581.0
736.0
68.0
5530.0
4070.0
927.0
4421.5
533.5
15398.0
4207.0
2786.5
2642.5
3698.5
619.0
68.0
11886.5
13400.0
2124.5
2728.0
11661.5
4578.5
1950.5
612.5
458.0
1011.0
1901.5
68.0
3589.0
68.0
10792.0
4550.5
24286.5
68.0
68.0
4455.5
19592.5
68.0
8061.5
6462.5
68.0
3194.0
11611.5
1402.5
723.5
68.0
68.0
68.0
5459.5
5014.0
596.0
7616.5
68.0
10293.5
2767.5
4554.0
1592.5
1516.0
7291.0
2731.0
68.0
2787.0
3203.5
10250.5
738.5
8942.5
458.0
1218.5
68.0
3566.0
1089.5
4118.5
3152.0
1522.5
1344.5
2119.5
1022.5
8771.0
6761.0
19828.0
457.0
6315.0
8953.5
68.0
2377.0
2338.0
4560.0
5822.5
3749.5
629.5
4217.0
68.0
1611.0
2825.0
6707.5
68.0
13094.0
629.0
5963.5
68.0
4063.5
12694.0
163.0
1409.5
1660.5
4261.0
1048.5
10308.0
68.0
12140.5
13335.0
11256.0
477.5
163.0
8462.0
6313.5

6225.5
1116.0
7315.5
68.0
8071.0
9754.0
4171.5
4164.5
2048.5
3706.0
6890.0
68.0
2472.5
629.0
3775.0
5147.5
908.0
4873.0
1504.5
68.0
2547.5
3701.5
5385.5
2494.0
4554.5
5350.0
68.0
68.0
939.0
2874.5
3001.0
1789.5
9373.5
163.0
68.0
1816.0
12094.5
1241.5
1896.5
68.0
1819.0
68.0
68.0
1033.5
2737.0
5926.5
1805.5
1038.5
999.5
2309.5
68.0
2081.0
16163.5
11327.0
0
3198.5
1484.5
3235.5
6914.5
537.5
1426.0
2001.5
3307.0
68.0
10909.5
614.0
2736.5
68.0
68.0
1967.5
68.0
5820.0
13409.0
5899.0
13815.5
68.0
68.0
1538.5
3823.5
1031.5
6801.0
8400.5
724.0
3699.5
2448.0
11103.5
4101.5
68.0
3945.0
68.0
1426.0
2331.0
961.0
1594.5
12523.0
3132.0
19379.5
173.0
4477.5
68.0
8173.5
1994.5
1356.5
6289.0
5425.5
68.0
4466.5
68.0
7396.0
68.0
3138.0
68.0
3664.5
2594.5
68.0
68.0
2739.5
68.0
68.0
2008.0
3572.0
4014.5
4125.5
12987.0
1912.5
1815.0
961.0
4692.0
1807.0
1046.5
4666.5
438.5
10279.5
68.0
1894.5
4547.5
9455.5
10244.5
4613.5
1982.5
537.5
163.0
1005.0
173.0
68.0
153.5
3134.5
910.0
12089.0
68.0
7211.5
3665.5
68.0
1878.5
1017.5
1523.0
173.0
3519.0
2860.0
7191.5
5952.0
3319.0
629.0
68.0
19701.5
3678.0
910.5
3056.5
6211.5
5929.5
6502.0
68.0
6815.0
4180.0
68.0
3510.5
15220.5
541.0
13457.5
8891.0
1128.5
2338.0
3334.0
13008.0
6792.5
3262.0
163.0
1768.5
3011.5
7865.0
3887.5
534.5
1475.0
458.0
11463.5
0
926.5
533.5
9112.0
68.0
3858.5
6365.0
983.0
7660.0
4039.5
1486.0
5524.0
3127.0
1019.0
4568.0
68.0
1131.0
4434.5
68.0
458.0
68.0
3124.5
14101.5
68.0
3385.0
1985.5
1814.5
68.0
4109.0
6601.0
19261.0
5930.0
8550.0
68.0
4723.5
1132.0
68.0
0
4570.5
9285.5
6487.0
163.0
3207.5
68.0
2788.5
68.0
1871.0
68.0
3752.5
1120.0
3789.0
546.0
4017.0
1499.0
1504.5
941.5
68.0
6432.5
3748.0
68.0
3076.0
7124.0
68.0
1471.0
68.0
19259.5
153.5
4300.0
1951.0
4222.0
1784.5
848.5
2601.0
68.0
4000.0
1036.0
2268.0
68.0
68.0
9462.0
534.5
15142.0
5077.5
68.0
68.0
8659.0
5833.0
2660.0
12458.5
19314.0
2797.0
612.5
5498.5
8032.0
15177.0
1016.5
68.0
2253.5
1817.0
7165.5
2355.0
12031.5
7565.5
10885.5
8810.0
173.0
4459.0
2474.5
6844.5
3645.5
1779.5
2439.5
999.5
438.5
68.0
68.0
629.5
5020.5
15667.5
10499.5
2221.0
2597.5
1121.5
724.0
16906.0
4181.5
4137.0
4097.0
1869.5
5786.0
438.5
5803.5
5541.0
68.0
68.0
6908.0
1314.0
8897.5
68.0
12012.0
1594.5
3958.0
4152.5
926.5
1786.0
3628.5
458.0
68.0
4133.5
6006.0
348.5
68.0
2671.5
3311.5
68.0
5447.0
2553.0
1697.5
3267.5
35.0
6279.0
6883.0
926.5
2163.5
7150.5
2126.0
3628.0
257.0
910.0
3124.0
4626.5
68.0
16042.0
8552.0
4233.0
5059.5
5575.5
10206.5
4462.0
68.0
999.5
1350.5
68.0
5138.5
3792.5
8820.5
257.0
4902.5
5427.0
5510.5
2743.5
163.0
3011.0
8927.0
19222.0
2489.5
3989.5
4433.0
1894.5
629.0
629.0
3345.0
3782.5
11336.5
942.5
1033.5
646.0
8600.5
1417.0
1473.0
10889.0
68.0
3779.0
2665.5
11238.5
68.0
68.0
5609.0
6806.5
13430.0
7274.5
5058.0
3267.5
646.5
14295.0
10772.5
13781.5
2746.5
2064.0
1912.5
3355.0
4020.0
1146.5
5513.0
68.0
5018.0
18803.0
4933.0
20124.5
68.0
7046.5
4066.5
6670.5
5849.5
68.0
12443.5
348.5
4583.0
3600.5
438.5
943.5
6129.0
68.0
2843.0

348.5
13498.5
2939.0
3887.0
1999.5
68.0
11591.0
11690.5
926.5
9575.5
1889.5
5096.0
443.5
9972.0
24025.5
68.0
961.0
5463.0
3423.5
19613.0
8508.5
1019.0
4878.5
3016.0
627.5
458.0
5576.0
1882.0
1500.0
1343.5
4566.5
4077.0
1259.0
21212.0
2908.0
68.0
2357.5
68.0
68.0
458.0
10711.0
926.5
438.5
2465.0
5974.0
2859.5
1992.0
521.0
7240.0
835.0
68.0
3009.5
1775.0
68.0
3588.5
3348.5
926.5
6854.0
5902.5
68.0
1783.0
2699.5
9805.0
2342.0
14172.5
2576.5
1030.0
173.0
1786.0
2373.5
838.5
1350.0
4454.0
68.0
647.0
68.0
5059.5
68.0
68.0
2693.5
68.0
11735.5
9478.5
1797.5
3282.5
10416.0
1460.5
13891.5
68.0
2722.0
3100.5
1612.0
9311.5
18700.5
18745.5
8074.5
68.0
7155.5
524.0
1021.5
6202.0
438.5
2807.5
1796.0
3160.0
7259.0
10481.5
2672.0
12001.0
4985.5
5883.5
68.0
632.5
68.0
1136.0
1406.5
2106.5
68.0
68.0
5517.5
4033.5
68.0
68.0
10303.5
68.0
1911.5
2248.0
438.5
22251.5
8949.0
68.0
10475.0
2768.0
738.5
10023.0
6445.0
6237.0
5012.0
8451.0
68.0
2932.0
3167.0
68.0
10327.0
18778.5
524.0
8176.0
13095.0
3721.5
5487.5
12538.5
1036.0
1499.0
3211.0
8339.0
2597.0
4449.5
6723.5
4079.0
163.0
3704.0
4959.5
1915.0
5561.5
153.5
68.0
68.0
0
2755.0
3662.0
15775.5
9385.0
1112.5
8485.0
7590.5
4618.5
9015.5
1406.5
19428.5
7228.5
68.0
6695.0
438.5
16746.0
4180.5
10318.5
1949.0
2714.5
1971.0
2825.5
5331.0
68.0
2334.0
5449.0
7215.5
2379.0
3353.5
1225.0
719.0
537.5
646.0
68.0
9563.0
0
4763.0
629.0
537.5
13061.0
8096.0
11317.0
3836.5
4123.5
3238.5
4531.0
4639.0
1965.5
2889.5
5034.5
68.0
2874.0
6305.5
5538.0
10311.0
5670.0
1780.0
3211.5
29.0
68.0
68.0
10778.0
13378.0
7427.5
7721.0
12603.5
1895.0
2754.0
4106.0
1317.0
4015.5
11093.0
4148.5
7220.0
4646.0
2877.5
68.0
4591.0
646.0
0
14359.0
926.5
9779.5
18633.5
10533.0
3262.5
2716.5
4158.5
24872.5
7005.5
2640.0
7506.0
4113.5
614.0
68.0
6552.0
7649.0
7655.5
68.0
1036.0
4805.5
4039.5
6451.0
6680.0
821.5
4227.0
19617.0
4949.0
537.5
3036.0
2384.5
2873.0
612.5
612.5
68.0
68.0
8642.0
7316.5
2862.0
68.0
646.0
2077.0
6932.5
13940.5
5394.0
8152.5
3626.0
1816.0
6323.0
68.0
12355.0
68.0
3366.0
68.0
1958.0
14897.5
1911.5
68.0
534.5
16947.0
68.0
68.0
10274.5
8538.0
163.0
1707.0
1258.5
2361.5

1109.0
7049.0
2745.0
1813.5
2063.5
1109.0
8668.5
50.0
3682.0
612.5
68.0
8617.0
7199.5
6585.5
533.5
173.0
1089.5
5521.5
2314.0
5911.0
19023.0
3992.0
438.5
2948.5
4967.5
3189.5
10572.5
646.0
68.0
4455.0
163.0
5870.5
9661.0
3203.0
2747.5
68.0
458.0
5962.5
153.5
10761.0
2867.5
4118.5
5338.5
2063.0
2388.5
1119.0
3149.0
1392.0
1869.5
9364.0
4739.5
8046.0
3714.5
999.5
3220.0
11087.5
68.0
629.0
1878.0
1861.0
6762.5
3203.5
11401.0
2357.5
563.0
1495.5
1502.5
12455.5
2934.5
5010.5
458.0
4507.5
6307.5
734.0
1518.5
2877.0
17415.5
4061.0
13940.5
2802.0
1519.5
944.5
4040.5
13206.0
2982.0
5904.5
163.0
54.0
4124.0
8987.0
4263.0
5390.5
12929.0
1489.5
13780.5
13759.5
9844.5
4172.0
2373.5
1455.5
8898.0
9038.5
1043.0
3214.0
3711.5
9920.0
5440.5
5588.5
438.5
4894.0
1507.0
9810.5
1594.5
438.5
4204.0
68.0
7256.0
910.0
11277.0
2338.0
724.0
1112.0
68.0
68.0
2431.5
68.0
14170.5
2258.5
15935.5
332.0
4034.5
3193.5
3745.5
5614.0
554.5
17272.0
4456.5
20109.0
5553.5
1331.0
8970.5
5505.5
68.0
6685.5
533.5
20313.0
4484.0
5473.0
6343.0
10327.0
1611.0
3646.0
68.0
153.5
4366.0
68.0
438.5
22415.0
19684.0
4100.0
1921.5
243.5
1316.5
2784.5
18136.5
2820.5
4457.5
612.5
153.5
68.0
348.5
10400.0
17198.0
1687.0
6514.5
3736.0
68.0
8845.0
1777.0
8957.5
1046.5
163.0
2546.0
4896.5
2694.0
11321.5
0
3299.5
1982.5
8544.5
15545.5
2324.5
6541.5
68.0
717.0
68.0
2672.5
1858.5
1687.0
9324.5
7197.5
9909.5
2685.0
2097.5
2906.5
9858.5
68.0
1410.0
163.0
4576.5
1222.0
533.5
68.0
68.0
68.0
4075.0
8457.0
7155.0
68.0
68.0
999.5
68.0
68.0
738.5
10666.5
11702.0
2352.5
4603.0
3209.0
68.0
1426.5
11259.0
21386.0
1021.5
2647.0
68.0
68.0
2074.0
5859.5
3435.5
9897.0
16057.5
741.0
68.0
891.5
2353.5
8248.0
17837.0
68.0
1869.5
9341.5
647.0
68.0
12562.5
719.0
3704.0
3429.5
15261.0
68.0
1590.0
365.5
646.0
5403.5
4478.0
7941.5
3769.0
3111.5
3920.5
2678.5
4073.0
438.5
6831.5
3233.5
68.0
2251.0
3311.0
68.0
5403.0
2650.5
68.0
7276.5
4163.0
9145.0
5493.0
6769.0
68.0
68.0
4548.0
2555.5
68.0
8070.0
8659.5
15641.5
68.0

18780.5
68.0
3641.0
4180.0
3478.5
6927.0
4082.5
68.0
2961.5
0
1881.0
20891.0
0
0
2175.5
6484.5
1905.0
5158.5
629.0
4106.5
1335.0
2655.5
5463.0
719.0
7774.5
3272.0
11368.0
1799.5
173.0
11564.0
1694.5
68.0
1522.0
4132.0
2686.0
4047.0
1053.5
23580.5
4784.0
5449.5
1862.5
1946.0
8553.5
4663.0
68.0
5430.0
5788.5
4096.0
554.5
4330.5
68.0
1867.5
68.0
6365.5
4577.5
1410.0
5023.0
4168.5
68.0
5833.5
6291.0
629.0
68.0
608.5
9782.0
4179.5
5006.5
1505.5
2279.5
12990.5
0
640.0
6243.5
1326.5
68.0
68.0
1580.5
15199.5
1021.5

4723.5
1029.0
7107.5
14952.5
68.0
68.0
7628.5
1046.0
7649.5
0
68.0
1882.0
438.5
8537.5
18693.5
943.5
534.5
68.0
927.5
17651.5
1504.5
4462.0
1526.0
68.0
738.5
1389.5
68.0
0
2232.0
68.0
248.5
163.0
4448.5
3987.0
6765.0
163.0
458.0
68.0
10279.0
8326.0
7909.0
9020.0
8953.0
68.0
3687.5
2366.5
4216.0
2911.5
719.0
5484.0
13926.5
4569.0
68.0
2020.0
5435.5
14451.0
5073.5
1599.5
17848.0
2391.5
11231.5
0
1387.0
1020.0
9043.5
0
68.0
0
5164.5
2810.5
5007.5
68.0
2064.5
927.0
68.0
68.0
16406.0
1503.0
68.0
4985.0
15535.5
68.0
12056.5
1693.0
2344.0
1595.5
173.0
2377.0
7787.0
1772.5
14204.5
2771.0
3633.5
960.5
12198.0
646.0
2209.5
163.0
5387.0
612.5
68.0
7204.0
6304.5
4136.5
6630.5
2087.0
3109.5
543.5
163.0
1875.0
68.0
68.0
5075.5
8681.0
68.0
8665.5
68.0
1375.0
909.5
68.0
2355.0
68.0
4091.5
3199.5
163.0
4153.0
153.5
4116.0
7737.0
2016.5
0
11772.5
5444.0
2087.5
1477.5
68.0
68.0
0
1595.5
10719.5
5523.5
9781.0
68.0
68.0
4516.0
1012.0
5380.5
3515.0
0
1595.5
2083.0
629.0
7724.5
1421.0
68.0
6334.5
163.0
2231.5
443.5
13093.5
2358.0
68.0
1333.5
2381.0
7701.0
22345.5
3241.0
1503.0
4888.5
6489.0
933.5
2803.5
11889.5
2073.5
3218.0
3695.0
1119.0
12612.5
629.0
7016.5
4187.0
5055.0
15876.5
68.0
2332.5
3613.0
12972.0
5765.0
3626.5
832.0
2855.0
8903.5
3238.5
2288.5
5677.5
554.5
11176.0
4472.0
1413.5
3395.5
2359.0
10654.0
16664.5
2811.0
12233.5
4708.0
1897.5
629.0
3189.0
3514.0
68.0
4787.5
6767.0
6256.5
68.0
18096.5
2371.5
68.0
17820.0
5302.5
5508.0
529.0
4292.0
12643.5
1524.0
0
6726.0
438.5
7494.5
68.0
68.0
68.0
2361.0
3217.0
1241.5
453.5
68.0
14708.0
24045.5
7222.5
4433.5
8941.5
3610.0
629.0
1002.5
4760.5
68.0
1342.0
1021.5
11355.5
4539.0
4157.0
24926.5
4487.5
4115.5
68.0
2670.0
1597.0
5443.0
27181.5
68.0
1849.0
68.0
68.0
5032.0
5931.5
68.0
68.0
68.0
3215.5
5925.0
173.0
828.5
724.5
7212.0
2685.0
1951.0
68.0
17958.0
6160.0
68.0
910.0
1002.5
68.0
68.0
5074.0
997.5
1089.0
2300.0
8410.5
458.0
2784.5
11645.5
3420.5
3611.5
5835.0
1799.0
5119.5
68.0
1779.5
4325.5
1499.0
1476.5
2776.5
5484.0
3243.0
1878.0
68.0
1413.0
612.5
13104.5
5265.0
68.0
7151.0
4219.5
7345.0
7681.0
1832.0
68.0
10320.0
68.0
4106.0
3147.5

3238.5
5372.0
1929.0
68.0
1211.5
68.0
4078.5
6229.0
2246.5
554.5
15072.0
5769.0
5911.0
0
68.0
68.0
1423.5
6023.0
7149.5
1699.5
11677.0
2079.5
1503.0
8716.0
6977.0
15000.5
68.0
7235.0
3289.0
16784.5
1901.5
68.0
1880.0
7162.0
163.0
3704.0
1777.0
0
1053.5
0
6506.5
5983.5
6910.0
2367.5
6485.0
6427.0
21254.0
15563.0
6209.5
458.0
5594.0
1592.5
1029.5
0
1509.0
960.5
18240.0
5100.0
10135.0
2317.0
6438.0
7124.5
3216.0
541.0
68.0
4236.0
5955.5
0
1578.0
4152.5
6257.0
12032.5
1414.5
619.0
11323.5
15296.0
1500.0
11690.0
4228.5
2099.5
6301.0
3645.5
4057.5
68.0
458.0
3713.0
7709.0
4457.5
18661.5
3549.0
537.5
4069.5
9872.5
3994.0
2668.5
13751.0
20469.5
8596.0
68.0
6125.0
4564.5
629.5
1968.5
3715.5
25461.0
3661.0
3208.5
4584.0
4734.5
68.0
23101.5
5053.5
620.5
68.0
68.0
348.5
2682.0
5448.0
927.5
2746.0
68.0
3839.5
163.0
68.0
6234.5
4548.5
4606.0
5028.5
1115.5
4022.5
7564.0
3050.0
11211.0
9713.5
153.5
2227.0
163.0
1789.5
8961.5
5452.0
163.0
13060.5
8909.5
3203.0
4147.5
5161.0
68.0
1582.0
7805.5
1402.0
2436.0
8293.0
3153.5
0
1.0
9467.5
68.0
10228.5
14414.5
4567.0
1372.0
1575.5
68.0
3494.0
0
4516.0
3181.0
348.5
2675.0
68.0
11257.5
18969.5
894.5
68.0
1371.0
68.0
1594.5
8749.0
3148.5
68.0
2706.0
936.0
9913.0
68.0
5098.0
1036.0
6003.0
2354.0
68.0
646.0
5902.0
0
6840.0
909.5
68.0
1876.0
16018.0
2284.5
1586.0
68.0
68.0
11457.0
5438.5
6753.5
1505.0
17575.0
11176.0
909.5
6359.0
14713.0
2753.0
12798.0
7974.5
7121.5
0
5475.5
6725.0
3680.0
16943.0
68.0
8349.0
4486.0
68.0
1409.0
3779.0
6079.5
736.0
163.0
1859.5
3327.5
524.0
4540.0
458.0
1417.5
1794.0
9032.5
1036.0
8120.0
1777.0
68.0
68.0
458.0
3441.5
4467.5
3715.0
15205.0
68.0
8076.5
1480.5
9398.5
5125.0
2526.0
14433.5
10795.5
3881.5
10869.0
5612.5
5358.5
13089.0
68.0
2935.5
4269.5
4067.0
629.0
68.0
925.0
9220.5
68.0
4036.0
26289.5
7992.0
14779.0
1033.5
1046.5
5054.5
3704.0
2955.5
614.0
3696.0
16261.0
3590.0
68.0
6318.0
9490.0
1002.5
2754.0
1121.5
7700.0
68.0
629.5
4575.5
0
5481.0
638.5
4065.5
12044.0
906.0
9925.5
5837.0
5403.0
596.5
3684.0
68.0
16154.0
5481.5
2679.0
8926.5
68.0
68.0
68.0
2745.0
3307.0
928.5
927.5
2265.5
4567.5
4947.5
6240.5
533.5
12579.0
68.0
68.0
534.5
13434.5
4179.0
6913.5
68.0
3319.0
4070.5
3620.0
2516.5
626.5
3810.5
5134.0
2387.5
18241.0
12602.5
5065.5
19029.5
9767.5
4627.5
4442.5
7818.5
68.0
9014.0
68.0
6822.5
1021.5
3256.5
1403.5
3137.0
6101.5
6751.5
1038.5
1460.5
3627.0
68.0
911.5
5483.0
1852.5
14249.0
68.0

57.5
68.0
2453.5
7501.0
612.5
4151.5
999.5
2265.5
68.0
12104.0
1102.0
68.0
68.0
68.0
68.0
5655.0
1436.5
2049.5
2565.0
3306.5
1597.0
68.0
612.5
9802.0
2049.5
7991.0
12970.0
12914.0
9198.0
4296.5
68.0
5551.0
910.0
68.0
68.0
1865.0
3585.0
332.0
10760.5
2816.0
2900.0
7205.5
8071.5
4032.5
173.0
5248.5
8956.5
68.0
627.5
943.5
163.0
943.5
12954.0
6702.5
7234.0
18283.5
12032.5
68.0
3565.5
13806.5
8289.0
68.0
68.0
68.0
1392.5
6533.0
68.0
9948.0
153.5
68.0
68.0
0
68.0
5080.0
11183.5
153.5
1499.0
3310.0
18691.0
458.0
10472.0
1792.0
5123.0
2835.0
2097.0
16140.5
4831.0
1448.5
7672.0
4908.5
3679.5
1332.0
8691.0
458.0
10708.5
2242.0
4170.0
25193.0
2377.0
1119.5
3215.5
6371.0
163.0
14682.5
2563.0
348.5
2843.5
14883.0
1895.5
2456.0
1116.0
13036.0
2785.0
4482.0
17934.0
2779.0
3582.5
4322.0
68.0
8209.0
7724.0
458.0
1148.0
12197.5
3290.0
1504.0
2856.5
68.0
6305.5
3190.0
2338.5
68.0
7541.0
1837.5
1651.0
5512.0
1889.0
163.0
4089.5
3783.0
1520.0
2969.5
524.0
2731.5
1053.0
5584.0
14279.0
5486.5
2324.0
1019.0
1116.0
1687.5
4628.5
4861.0
2481.5
9864.0
68.0
14518.5
438.5
24141.5
365.5
1416.5
10739.5
2897.5
5382.0
9773.0
438.5
3581.0
4008.5
5041.0
68.0
7178.5
2389.5
1556.5
68.0
5879.0
12605.0
10363.0
7621.5
10477.5
4411.5
163.0
8997.5
7478.0
68.0
3246.0
10276.0
3709.5
11199.0
554.5
10253.0
1126.0
8343.0
1819.5
612.5
6642.5
521.0
3031.5
4391.0
8461.5
1411.5
2145.0
6733.5
68.0
7653.5
4163.0
68.0
8994.0
10406.0
68.0
943.5
15696.0
1757.5
68.0
8829.5
68.0
68.0
8912.5
68.0
0
3297.0
7475.0
612.5
934.5
1132.5
7977.5
11633.0
68.0
2546.5
68.0
1092.5
7567.5
153.5
9391.0
833.5
3591.0
3988.5
68.0
2360.0
19115.5
1408.5
11361.5
11093.5
3491.0
11027.5
4240.0
3786.0
68.0
4593.5
6734.0
1595.0
1984.5
4111.5
9382.5
68.0
2293.0
4203.5
20900.5
818.0
68.0
9519.0
6862.0
17876.0
163.0
629.0
2361.0
438.5
1580.5
1846.0
3239.0
15224.0
7381.5
1482.5
1109.0
12294.0
2135.0
2336.0
11189.5
5635.0
163.0
12131.0
6123.0
68.0
8192.0
11197.0
17944.5
243.5
646.0
7649.0
68.0
14797.5
11986.5
1529.0
2080.0
9964.0
5872.0
13099.5
3543.0
1407.5
68.0
6777.5
1441.0
10584.5
10958.0
11080.0
2032.5
663.0
1501.5
5364.0
1538.5
5225.5
16668.5
2350.5
458.0
68.0
828.5
10297.5
1389.5
2621.0
14464.5
20524.0
828.5
1865.0
1565.5
163.0
5511.0
11541.5
2812.0
15665.5
917.5
8163.5
11228.5
15637.5
1106.5
7098.0
1387.0
3088.5
1112.5
5286.0
68.0
5074.0
1033.5
4520.0
68.0
2169.5
7603.0
612.5
21320.0
68.0
8130.0
3278.0
1089.5
0
68.0
434.0
1687.0
1424.0
4136.0
2574.0
11160.5
2974.5
9927.5
68.0
68.0
8510.0
1430.5
6328.0
20978.5
661.0
4421.5
68.0
20041.5
1802.5
2173.5
4051.0
8992.0
68.0
68.0
1496.0
8082.5
5883.5
612.5
3175.5
19289.5
6763.5
8467.5
1681.0
1985.5
68.0
1861.5
163.0
2810.5
68.0
22234.5
2345.0
8408.0
3291.0
7123.5
4425.0
16006.5
3034.0
9077.5
10327.0
3720.5
13726.0
4566.5
21444.5
68.0
68.0
5540.5
5930.0
19544.0
68.0
3229.5
2428.5
4540.5
11853.5
68.0
4495.0
13409.5
68.0
68.0
5525.5
3830.0
17490.5
6523.5
4077.0
17255.0
6399.5
17112.5
6284.0
6044.5
8723.5
1102.0
5475.5
926.5
153.5
8238.0
4779.5
68.0
458.0
68.0
3869.0
4451.5
3234.5
14554.5
1684.5
5543.5
45.5
11107.5
543.5
3651.0
7413.5
5423.5
7993.5
16109.5
68.0
20399.0
943.0
2810.0
2375.0
1516.0
1009.0
4069.0
1978.0
2724.5
68.0
2562.5
9874.0
646.0
5463.0
10410.0
163.0
6443.5
13322.0
68.0
10320.5
4569.5
68.0
944.5
10420.0
11269.5
4667.0
927.5
1870.5
4211.0
1130.5
14102.0
2523.0
4137.5
6418.5
3290.0
68.0
11184.5
646.0
1191.5
3574.5
3701.5
10237.0
3025.5
2753.0
438.5
8614.0
14880.5
13639.0
68.0
6010.5
2488.5
68.0
1892.0
7224.0
10508.5
6946.0
2376.0
2364.0
724.5
3196.5
2067.0
10518.5
68.0
68.0
5431.5
16985.5
5374.0
8079.0
1802.0
11858.5
4712.0
68.0
4023.5
68.0
6298.5
16717.5
2019.5
12482.5
3723.5
2002.0
68.0
13502.0
7648.0
5552.0
2584.5
68.0
1297.0
4689.0
0
3417.0
68.0
524.0
2639.5
7168.0
1887.5
68.0
24508.5
16134.0
1392.0
0
1538.5
4434.0
999.5
348.5
4052.5
438.5
7554.5
2086.5
9789.0
68.0
707.5
2084.5
173.0
68.0
68.0
5386.5
5848.5
944.5
2317.5
1599.5
68.0
8012.0
5895.5
5091.5
68.0
3618.5
8829.5
7997.0
4972.5
3871.0
1016.5
6245.5
11376.5
68.0
14760.5
2273.5
1691.5
3650.0
1033.5
68.0
6216.5
4570.5
3214.0
6343.0
68.0
5397.5
1587.0
11173.5
20425.5
2077.0
68.0
2791.0
68.0
7215.0
3622.0
16859.0
173.0
646.0
348.5
8174.5
2751.0
7983.5
1598.0
68.0
3833.0
11288.5
6530.0
2267.0
1995.0
16732.0
68.0
8474.5
15443.5
5892.5
68.0
4205.5
910.0
8567.5
3889.0
7034.5
3700.0
7764.5
3514.0
3809.0
2358.0
629.0
3205.0
2304.0
6834.5

68.0
0
5242.5
348.5
0
722.0
9578.0
1460.5
7335.5
1699.5
5108.5
13525.5
4927.0
4533.0
258.0
2334.0
3468.0
10167.5
68.0
4138.0
12997.5
6507.5
646.0
629.0
10377.5
1695.5
3718.0
4578.5
11216.5
68.0
612.5
0
2446.5
2540.0
1019.0
4124.5
1479.5
4034.0
68.0
2623.0
68.0
3603.5
5126.0
68.0
6981.0
2000.0
1693.5
68.0
10188.5
68.0
4460.5
5940.5
68.0
5444.5
646.0
10785.5
11704.0
443.5
1387.0
3636.5
12544.0
6772.0
2373.5
4069.0
14192.0
10220.0
955.5
9596.0
1209.0
8494.5
18350.0
3250.5
612.5
348.5
68.0
8611.0
543.5
2236.5
3697.5
9002.0
153.5
12283.5
19532.5
68.0
1980.5
68.0
1580.5
1126.0
68.0
8939.5
1384.0
1686.0
68.0
8439.0
15075.0
4966.0
3242.5
5338.5
2779.0
0
5122.0
68.0
68.0
4678.0
2810.5
4114.0
1492.0
1912.5
5847.0
1894.5
1055.0
1970.0
627.5
68.0
1964.5
3558.5
11645.0
9870.0
9455.0
68.0
68.0
455.5
1911.5
365.5
68.0
0
23764.0
2813.5
2377.0
1967.5
68.0
6473.0
5615.0
68.0
2029.5
7642.5
3189.5
9028.5
6942.0
5394.0
2749.0
68.0
7433.5
8475.0
15207.0
4691.5
0
11425.0
5447.5
9538.0
647.0
1387.0
736.0
6458.0
1961.0
3179.5
2341.0
11292.5
524.0
6448.0
0
1036.0
646.0
5802.5
596.5
6778.0
1190.5
5546.0
0
12025.5
0
1019.0
7037.0
68.0
3708.0
9880.5
2771.0
9063.0
68.0
12128.5
15686.0
4203.5
68.0
18429.5
7679.0
554.5
68.0
0
0
17408.0
14192.0
6234.5
738.5
4509.0
11701.5
1399.5
16909.5
3702.0
0
68.0
163.0
1875.5
438.5
13277.0
4531.0
68.0
6627.5
68.0
10790.0
3714.0
9439.5
1847.0
1890.0
1002.5
9432.0
68.0
4165.5
8558.5
1609.5
68.0
1036.0
7672.0
1560.5
3810.0
2174.5
1333.5
6391.5
68.0
7228.5
5912.0
23240.0
68.0
8466.5
1803.0
1038.5
0
1109.0
3254.0
4184.5
943.5
2948.0
3156.0
0
0
6063.0
68.0
2001.5
0
1861.0
849.0
2762.0
12246.5
646.0
2060.5
25405.5
3218.5
1930.0
6405.5
1423.5
4597.0
14395.5
13742.0
3118.0
68.0
4314.5
19121.0
7673.5
13503.0
9019.0
163.0
16073.5
2862.5
1316.5
68.0
7903.0
1894.5
68.0
68.0
3580.5
68.0
22640.5
458.0
4679.0
4997.5

68.0
4545.0
1911.5
443.5
3172.0
8038.5

612.5
68.0
1016.5
7412.0
2173.0
1873.0
1611.5
17918.0
2920.5
4620.0
3610.5
68.0
7432.5
11541.0
7881.5
68.0
7380.0
68.0
12095.0
6279.0
13473.5
13351.5
1780.0
17683.5
68.0
1937.5
68.0
68.0
68.0
5860.0
5507.0
68.0
77.0
14106.5
7165.0
5119.5
6769.0
438.5
68.0
68.0
5928.5
2239.0
4798.0
5422.5
21939.0
10006.5
1926.0
68.0
3977.0
9422.0
5077.5
11255.0
17829.5
4008.5
6284.5
348.5
2788.0
68.0
9285.5
438.5
11193.0
24537.0
4134.0
0
14902.5
8567.5
8451.5
9891.0
6384.5
629.5
3151.5
8974.5
4612.0
10633.5
68.0
6347.0
1502.0
4001.0
68.0
2711.5
4957.0
1806.5
0
458.0
1580.0
1914.0
2829.5
10984.5
2851.5
17450.0
484.5
3202.5
68.0
3753.0
852.5
4634.0
68.0
68.0
68.0
6637.0
6797.0
6001.5
4624.5
8463.5
943.5
2932.5
9471.5
68.0
1387.5
13429.0
5855.5
1333.5
3140.5
2879.5
553.0
7766.0
68.0
6820.5
5988.5
1051.0
5523.5
68.0
2389.5
5997.5
9302.5
7574.5
4306.5
11067.0
11240.5
9406.5
17717.5
68.0
0
68.0

2282.0
4173.0
4101.5
0
68.0
163.0
620.5
1504.5
2579.5
6917.0
7187.5
2819.0
68.0
5412.5
68.0
8055.5
0
8029.5
10942.5
543.5
15203.0
13619.5
68.0
1867.5
13516.5
68.0
3659.5
4612.0
8935.0
8470.0
10399.5
68.0
6764.5
11480.0
18163.5
68.0
68.0
9024.0
0
2453.0
68.0
4501.5
3613.0
21369.5
68.0
1115.5
0
68.0
524.0
19213.5
3204.5
3762.5
3685.0
4926.5
6464.0
163.0
68.0
9916.0
2809.5
68.0
8871.5
21635.0
68.0
4914.0
4463.0
14273.0
4259.5
5377.0
3129.0
927.5
68.0
13779.0
7649.5
1031.5
3430.5
3755.0
629.5
755.5
633.5
4575.0
5894.0
68.0
11227.5
4953.5
738.5
6807.0
4895.0
6500.5
4091.0
18720.5
4086.5
8668.5
3603.5
12894.5
20166.0
6551.0
2694.5
5773.0
5335.5
4854.5
11243.5
2265.5
6374.0
12091.0
2624.0
5572.5
9924.5
0
16150.5
438.5
438.5
2676.5
6832.5
2692.0
922.0
8073.5
2222.5
926.5
4086.5
1406.5
68.0
68.0
0
9505.5
10835.0
1150.0
19887.5
68.0
4557.0
1051.0
2672.5
68.0
2264.0
3136.0
5601.5
4211.5
1126.0
9361.5
5980.5
3559.5
8563.5
68.0
10313.0
3676.5
4274.5
2703.0
1337.0
68.0
10328.5
2563.0
68.0
1719.5
9865.5
68.0
5836.0
8278.0
68.0
10575.5
68.0
21958.0
2117.5
4995.5
8473.5
11311.5
2950.5
2784.0
8501.5
12183.5
6310.5
8861.0
68.0
6507.5
24857.0
14403.0
1389.5
5764.5
13369.0
1044.0
13944.0
271.0
153.5
1477.5
4223.5
68.0
2473.5
1968.0
13417.0
2770.0
2879.5
1995.5
3423.5
5341.0
6964.0
3233.5
10093.5
10185.0
20199.5
68.0
828.5
14741.5
1016.5
4616.5
6827.5
163.0
4521.0
13354.5
4993.0
4375.5
4718.5
68.0
12562.0
543.5
13326.0
17477.0
2736.5
5519.5
68.0
529.0
1241.0
68.0
11621.5
8965.5
3065.5
1387.5
14023.0
5325.0
10346.5
7587.5
68.0
68.0
719.0
4105.5
3662.5
68.0
9720.0
15288.0
13378.0
7223.0
16785.0
68.0
524.0
5861.5
10634.5
14273.0
9002.0
8681.0
6369.5
3256.5
1347.0
5009.0
12036.5
5462.0
7165.5
68.0
68.0
8492.0
14360.5
1132.5
5941.0
16006.0
4898.5
10243.5
4065.0
1499.0
1406.5
4011.0
7303.0
8027.5
901.0
3810.5
9786.5
10478.0
2362.5
7233.0
7159.5
68.0
9546.0
1839.0
68.0
1853.5
18749.0
16488.5
13006.0
8024.5
1116.5
2864.0
8097.5
4610.0
163.0
15696.5
23735.0
5489.0
20451.0
6663.0
8865.5
13131.0
12865.5
927.5
20962.5
1779.5
1126.0
16154.5
68.0
3406.5
2689.5
4102.5
3254.5
9840.5
68.0
16395.0
11262.0
8494.0
4482.5
5541.5
9191.5
7137.5
1036.0
6899.0
1123.5
614.0
5251.0
68.0
6353.0
9100.0
15241.0
68.0
1387.0
1702.0
4019.0
3211.5
1627.0
0
2686.0
68.0
0
12538.0
1436.5
11294.5
646.0
1378.0
3594.0
543.5
1967.5
2280.5
3709.0
1521.5
24006.0
891.5
19348.0
1033.5
1499.0
1466.5
68.0
4006.5
9307.5
5521.5
7176.5
533.5
1379.0
627.5
3714.5
68.0
1480.0
4033.5
2953.0
7682.0
68.0
7194.0
647.0
68.0
0
163.0
646.0
6159.0
3360.0
2587.5
3602.0
6346.0
629.0
3342.5
68.0
2361.5
20469.5
719.0
14430.0
1012.0
68.0
8420.5
13456.5
68.0
13790.0
4502.0
734.0
1029.0
5920.0
16606.0
20149.0
68.0
10489.5
0
18805.0
3319.5
3239.0
927.0
10377.0
1323.5
4854.0
68.0
4760.5
646.0
1337.5
1338.5
21514.5
68.0
10242.0
4162.5
1017.5
835.0
4503.0
3776.5
163.0
4212.0
755.5
6849.5
1786.5
24482.5
4942.0
7160.0
10796.0
4436.0
12521.0
3717.0
16796.0
3230.5
4929.5
7145.0
3826.5
68.0
8147.5
20091.5
10762.0
9005.0
5743.5
7323.5
1521.5
0
4596.0
68.0
537.5
627.5
11168.5
348.5
0
12204.0
4585.0
8970.0
68.0
9065.0
68.0
18681.0
8120.5
12079.5
7734.5
3551.0
68.0
612.5
3711.5
68.0
68.0
0
533.5
15695.5
1224.0
13486.0
2627.0
2796.0
10777.0
0
68.0
700.0
15733.5
438.5
2765.5
13411.5
0
0
2.0
1396.0
68.0
7258.0
4602.0
2284.5
7673.5
5953.5
5138.5
2794.0
7662.0
7300.5
8558.0
2788.5
12929.0
12596.5
14939.5
5919.0
68.0
1504.5
68.0
68.0
16125.5
68.0
68.0
2527.0
3670.0
642.5
68.0
68.0
5860.5
10787.0
1711.0
153.5
3435.5
13466.0
11751.0
8973.5
68.0
68.0
68.0
3698.0
4418.5
1218.5
18422.5
2282.5
1019.0
910.0
68.0
1505.0
4001.5
4984.5
1089.5
4562.5
6466.5
9136.0
1036.0
1492.0
10410.0
9555.5
8126.5
68.0
14383.5
8153.5
612.5
1116.0
13995.5
68.0
68.0
2043.5
68.0
18335.0
4208.0
2782.5
1396.0
4486.5
4079.0
3605.5
35.0
20527.5
4595.5
4702.5
68.0
23632.0
332.0
629.5
7679.0
12847.5
4557.0
9460.5
20093.5
1002.5
14662.0
612.5
68.0
17945.5
20284.0
3251.0
16579.5
2032.5
2233.0
9070.0
68.0
14015.5
17310.0
20552.0
458.0
12145.5
3758.0
6546.5
543.5
4588.5
10709.0
68.0
8653.5
3769.0
2719.5
10668.5
1488.5
11896.5
7327.0
11819.5
1438.5
4541.0
10757.5
4891.5
5001.0
68.0
4538.0
6401.0
2547.5
4095.0
8012.0
3161.5
68.0
22024.0
2309.0
3342.0
15567.0
10882.5
5040.0
2577.5
1033.5
12112.0
19187.0
533.5
1031.5
68.0
4963.0
0
0
0
738.5
68.0
2450.0
7977.5
524.0
3594.0
14795.5
8609.5
4297.0
3158.5
7188.5
2158.5
1877.5
3698.0
68.0
6273.0
68.0
6652.0
13323.5
438.5
451.0
68.0
6798.5
68.0
9749.0
5603.5
25487.5
3722.0
20346.5
0
0
0
9492.5
11248.5
11287.0
629.0
153.5
1791.0
543.5
538.5
17335.5
4743.5
629.5
1000.0
2367.5
1441.0
1913.0
18365.5
2815.0
10243.5
458.0
0
4157.5
8473.0
8944.0
13886.0
68.0
9258.0
9225.5
25393.0
0
1053.5
3301.0
163.0
68.0
8160.5
2032.0
3579.5
0
7864.5
1301.5
54.0
629.0
12920.0
68.0
5603.5
1892.5
0
12568.0
68.0
3698.0
0
68.0
2731.0
8718.5
7712.0
13647.5
12913.0
173.0
15270.5
10353.5
2874.0
524.0
11979.0
4997.0
0
68.0
5082.0
6270.0
4636.5
4117.5
15336.5
11635.0
438.5
2829.5
68.0
1106.0
13936.0
3632.0
1614.0
0
5043.0
4438.0
8047.0
12555.0
4726.0
6730.0
3310.0
2711.5
0
3144.0
4682.0
4536.0
2730.0
68.0
17694.5
9715.5
68.0
4138.0
68.0
1416.5
2772.5
2380.5
6212.5
7328.0
26401.5
163.0
17814.0
1393.0
21449.5
0
6830.0
8895.0
68.0
4234.5
23219.0
1104.5
1454.5
3584.5
21342.0
68.0
2770.5
68.0
4992.0
68.0
68.0
68.0
520.0
15252.5
3214.0
0
68.0
20701.0
17786.0
7124.0
1003.5
11215.0
153.5
1416.5
2228.5
5475.0
3664.5
3062.0
18769.0
77.5
68.0
5543.5
5989.5
4610.5
15200.0
3233.0
18909.5
5649.0
4138.0
68.0
5
5072.5
6847.5
68.0
4481.0
5362.0
5757.0
0
6669.0
12126.5
1409.0
1795.0
68.0
68.0
1411.5
68.0
3233.5
7127.0
16797.0
173.0
163.0
1881.5
8513.5
3601.0
68.0
4468.5
68.0
16470.5
910.0
163.0
7692.0
2718.5
2364.5
2813.5
1882.5
443.5
68.0
5912.0
2074.5
8128.5
5879.0
7192.5
1550.5
13750.0
2083.5
4558.0
17021.5
13844.5
68.0
2068.5
5951.5
1598.0
4082.5
4904.0
1885.0
16464.0
348.5
1693.5
7134.0
1004.5
8439.5
11244.5
5801.0
1037.0
68.0
1814.0
68.0
717.0
3885.0
458.0
68.0
1036.0
4517.0
2840.5
4068.0
3318.5
3203.0
21907.5
68.0
458.0
68.0
68.0
614.0
11702.0
3183.5
68.0
9019.5
4568.5
13268.0
10660.5
1414.0
5428.5
909.5
68.0
2811.5
68.0
2397.5
54.0
68.0
1316.5
2762.0
4552.5
8587.5
17507.5
68.0
0
447.5
68.0
8016.5
68.0
14813.0
1889.0
12575.0
3704.0
5426.5
7251.0
4078.0
19274.0
13407.5
68.0
12450.5
2721.0
1016.5
5433.0
12522.0
24905.0
2796.0
719.0
9888.5
68.0
21039.0
3248.0
8235.5
4093.5
68.0
0
11241.0
1469.0
7417.0
2766.0
8999.5
68.0
17454.0
14238.0
5516.5
68.0
1605.0
68.0
11712.0
568.5
22395.0
629.5
17036.5
9486.0
12475.0
6052.0
9177.0
2911.0
1051.0
68.0
4166.0
1020.5
926.5
10707.5
6227.5
68.0
1886.5
6746.5
6766.0
12970.0
6210.5
3778.0
0
2745.0
2687.0
524.0
7674.5
1907.0
944.0
7309.5
25154.0
9552.5
15692.0
68.0
19111.0
2008.0
6175.0
68.0
13070.5
23702.5
8649.0
2758.0
5446.5
13288.0
1192.0
7117.0
68.0
7535.0
23394.5
1109.0
24936.5
1965.0
0
4170.5
832.5
15655.5
0
8965.0
7231.5
163.0
10237.5
6906.5
8500.5
5091.5
2273.0
2773.5
4962.0
0
926.5
943.5
0
12510.5
5943.5
68.0
12613.5
163.0
68.0
7265.5
68.0
68.0
612.5
0
1353.5
5568.0
438.5
438.5
22301.0
20297.0
12882.0
1908.0
6372.5
68.0
458.0
68.0
7362.0
3109.5
3266.0
11142.0
11604.0
10366.0
1353.5
6022.5
1556.5
6355.5
11790.0
5615.5
3756.0
14422.0
14843.0
524.0
15620.5
5497.5
537.5
1768.5
458.0
8273.0
0
4181.0
8128.5
13888.5
1869.0
68.0
21423.5
2504.5
2257.0
173.0
16246.5
0
16562.0
3661.0
7384.5
25223.0
14780.0
8494.5

3060.0
12109.0
537.5
5909.5
68.0
1461.0
4572.5
5510.0
4613.0
1783.5
68.0
612.5
3692.0
68.0
15178.5
68.0
7718.5
8628.0
2821.0
4070.0
21855.5
629.0
438.5
1771.0
4038.0
663.0
68.0
646.0
68.0
7226.5
4992.0
3216.0
15502.0
10254.0
7006.5
0
22251.0
11136.5
1778.5
10686.0
68.0
163.0
629.5
3308.0
18468.5
5439.0
4618.0
2708.5
4641.0
10796.5
68.0
5432.0
10283.0
3637.5
12567.5
68.0
8049.5
68.0
533.5
0
10417.0
1406.5
3620.5
4774.0
12061.0
15153.5
12683.0
11130.0
5599.0
4009.5
68.0
6463.0
2770.0
1419.0
7186.5
5467.5
23377.5
68.0
3565.5
5014.0
1872.0
15665.5
9820.5
1820.0
7924.5
5833.0
7231.5
1029.5
6506.5
719.0
3138.5
1522.5
8919.5
68.0
3662.0
6794.5
3705.0
1031.5
3079.5
68.0
13453.0
1892.0
23936.5
9447.0
21314.0
19252.0
646.0
24982.5
1404.0
3284.0
68.0
68.0
7559.5
6276.5
12863.0
2223.5
22335.5
8568.0
13810.5
6754.0
3553.0
3602.0
2745.0
8205.0
2471.0
68.0
25849.5
11631.0
68.0
27162.5
629.5
629.5
8076.5
4166.0
8070.5
13350.0
68.0
22210.0
11220.5
4898.0
2782.0
5566.0
4131.5
3846.5
4077.5
3710.0
706.0
12998.0
68.0

2367.5
5534.5
68.0
23286.0
3342.5
21337.5
1895.0
68.0
663.5
68.0
17910.5
16593.0
3110.0
13832.0
68.0
4524.5
8556.5
1905.0
68.0
5830.5
68.0
10218.0
629.0
3006.5
2753.5
13064.0
13012.5
7094.5
2659.5
5814.0
893.0
7903.0
738.5
5037.0
6868.5
5852.5
13294.0
8536.5
1037.0
2544.0
3580.5
10770.5
4584.0
11715.5
16097.0
458.0
16402.0
1858.5
897.5
9893.0
20935.0
3192.0
3104.5
1430.0
12432.0
2737.0
3405.0
17422.0
68.0
7652.5
1202.5
1616.0
2809.0
68.0
5351.0
16056.5
68.0
10369.0
26264.5
68.0
1863.0
3279.5
5887.0
68.0
68.0
14395.5
1019.0
4446.0
19187.0
9363.5
4145.5
24051.0
6194.0
21878.5
5877.5
4015.0
3221.5
1539.0
23758.0
10670.0
68.0
2354.0
3210.0
0
4610.5
5916.5
10238.0
5880.5
3246.0
832.0
11254.0
1019.0
6256.5
12946.5
15201.0
3204.0
9337.0
19110.5
14503.0
5939.5
8928.0
8049.5
14127.5
68.0
4538.0
68.0
5513.5
5896.5
736.0
1516.0
68.0
11168.0
2265.5
8096.0
15595.0
7975.0
3250.5
68.0
24994.0
68.0
4543.0
19413.0
2829.0
910.0
2005.5
8449.5
68.0
11282.5
1901.5
3217.0
4594.0
1704.0
3576.0
0
68.0
68.0
10505.0
6357.5
6769.0
6124.5
1968.5
4614.0
2349.0
68.0
1973.0
2942.5
5527.0
5318.0
6474.0
20080.5
3828.5
6080.0
68.0
17866.0
68.0
1522.0
4034.0
6393.0
17092.5
7212.5
7414.5
6484.0
68.0
153.5
68.0
8972.5
6121.5
68.0
4936.5
68.0
68.0
5065.5
5323.5
68.0
7630.5
1488.0
8436.0
663.0
12860.5
15771.5
10645.5
4383.0
4612.5
9122.0
5505.0
9413.5
943.5
2285.0
11729.0
4986.0
68.0
2830.5
2753.0
68.0
19741.5
68.0
4165.5
68.0
1577.5
4028.5
16951.0
2255.0
6767.0
923.5
3019.0
22661.0
17902.0
68.0
2352.5
12614.0
438.5
9363.0
3205.0
68.0
173.0
738.5
0
6290.5
68.0
534.5
68.0
1019.0
6430.5
3991.5
612.5
1911.5
16720.0
68.0
9893.5
153.5
68.0
5803.0
3220.5
68.0
7774.0
1856.0
910.0
0
11820.5
8963.0
12116.0
12579.0
10507.0
5085.0
0
68.0
68.0
13779.5
11731.5
6252.0
460.0
1033.5
1406.5
25415.5
5058.0
2314.5
1377.0
5099.5
1804.0
3121.5
15162.0
1631.0
7572.0
2882.0
6445.5
0
3582.5
2066.5
68.0
10061.5
2021.5
10326.5
6313.5
5480.5
68.0
2370.0
15386.5
5480.0
9823.0
13640.0
1894.5
2344.5
14635.0
1370.0
11592.5
2239.0
8597.0
5007.5
7248.5
1002.5
13000.0
3127.5
4531.0
68.0
4228.0
4431.5
1036.0
6398.5
15266.0
2283.5
1037.0
15332.0
3606.0
2530.5
1015.0
3552.5
20942.0
14766.5
1597.0
4470.5
6029.5
3191.5
8159.0
68.0
1898.0
5506.0
8702.0
7993.5
5036.0
0
68.0
12702.0
11332.5
14182.5
1834.5
68.0
438.5
68.0
2346.0
7702.5
2248.0
9934.0
1126.0
6271.0
6255.0
9443.5
25976.5
19976.0
10545.5
1242.0
16069.0
68.0
68.0
4361.5
12482.5
1428.5
1019.0
6787.0
7639.0
13848.5
3677.5
2854.0
3045.5
68.0
2661.5
11089.0
68.0
17413.0
534.5

3195.0
2619.0
7375.5
1539.0
438.5
1489.5
3231.0
1207.0
9405.5
2719.5
15568.0
2647.0
14032.5
1787.0
8523.0
7498.5
8055.5
646.0
3814.0
2301.5
5197.0
2081.0
9855.5
68.0
1036.0
2755.0
2830.5
6508.5
5520.5
68.0
0
3735.5
5531.5
163.0
3333.0
6799.5
2816.0
2674.5
6478.5
2750.5
3758.5
6247.5
5165.5
2730.5
68.0
8475.5
4984.5
1165.0
68.0
13725.5
4503.5
6591.0
11059.0
1443.5
458.0
68.0
9466.5
13022.5
3672.5
3660.0
5411.5
7804.0
12093.0
6270.0
4876.0
9763.5
10364.0
18270.0
13166.0
68.0
68.0
1993.0
3123.5
68.0
16934.5
5520.0
68.0
3141.5
1487.5
20492.0
4031.0
2462.5
68.0
7602.5
8133.0
3018.0
6748.5
68.0
9456.5
1111.5
2319.0
23974.0
13399.5
6321.0
3640.5
68.0
629.5
1841.5
68.0
4447.5
1392.5
6853.0
5312.5
458.0
11673.0
2006.5
629.0
4513.5
11228.5
9501.5
68.0
1105.5
3730.5
68.0
8580.0
12016.5
68.0
19134.5
0
68.0
0
5949.5
2231.0
438.5
1787.5
7484.0
10373.5
1119.0
14364.5
0
68.0
4040.0
1407.0
4563.0
458.0
12902.5
1832.0
6202.0
6260.5
11195.0
1505.0
939.0
1019.5
2750.5
3646.5
629.5
68.0
10821.5
1560.5
944.5
736.0
21518.5
8577.0
10247.0
68.0
2740.5
4020.0
612.5
1409.0
68.0
534.5
5013.5
6745.0
2453.5
1878.0
6655.5
5443.0
5438.0
4263.0
14361.5
4182.5
10105.0
18674.5
1218.5
8874.5
629.0
646.0
9376.0
2001.5
3980.0
2558.5
6300.5
533.5
16017.5
4075.5
18370.0
163.0
68.0
612.5
4568.0
68.0
6422.0
68.0
50.0
14888.5
1145.5
438.5
4758.0
5869.0
5932.5
8024.0
5360.0
910.0
11630.5
68.0
6345.5
7833.5
18273.0
68.0
9946.5
8088.5
9435.5
1996.5
3593.0
68.0
12142.0
4477.5
4094.5
12860.5
68.0
612.5
7633.0
68.0
5
534.5
4966.0
7963.5
9865.5
1016.5
8639.0
533.5
7678.5
12249.0
6735.5
68.0
15243.0
24235.0
534.5
1106.5
6332.0
2655.5
24262.0
1208.0
1334.0
3088.0
632.5
68.0
2309.5
15731.5
68.0
533.5
4464.5
2037.0
163.0
438.5
2548.0
12042.5
4657.5
6891.0
15599.5
1893.0
6416.0
12633.5
534.5
7628.0
6970.0
0
1389.5
3698.5
2117.0
68.0
68.0
5415.0
3111.0
68.0
2730.5
68.0
1487.5
17302.5
1909.5
629.0
68.0
1518.5
2141.0
15186.5
2263.5
7394.0
6735.5
11291.0
5870.5
2250.5
68.0
914.0
68.0
68.0
1523.0
10782.5
4448.0
3237.5
16086.0
5575.5
4095.5
1051.0
9830.0
2560.5
23642.5
3623.5
2359.0
3314.5
9931.5
1813.5
15562.5
8974.0
7390.5
5028.5
1351.0
738.5
1413.5
12352.0
9504.0
1623.5
68.0
2695.0
7855.0
68.0
68.0
2057.5
2353.0
3292.0
1109.0
7124.5
4224.0
68.0
1785.0
68.0
8673.5
961.0
1414.5
1503.0
68.0
4519.0
8914.0
2355.0
68.0
20097.0
4201.0
6400.5
1396.5
1651.0
22348.0
68.0
438.5
537.5
999.5
348.5
5435.0
6375.0
11769.0
1890.5
2767.5
6310.0
4936.0
8200.5
2263.0
3549.0
1383.5
153.5
10940.5
893.0
534.5
438.5
163.0
3257.5
1099.5
11993.0
1878.0
68.0
9527.5
18844.5
2439.0
1112.0
1875.0
68.0
4579.0
1476.0
4579.0
4329.5
8875.5
4633.0
3250.0
1020.5
8938.0
68.0
458.0
8068.0
1025.0
1933.0
2952.5
68.0
9414.0
68.0
4175.0
3197.0
14139.0
7672.5
1031.5
8161.5
2360.0
10324.5
3877.5
1019.0
1787.0
2410.0
3718.0
68.0
475.0
629.0
3109.5
1562.0
5878.5
1102.0
365.5
3052.0
15711.0
14268.5
4514.5
7676.0
9866.5
9487.0
4855.5
3881.5
1565.0
14291.5
9222.0
1322.5
1406.5
1409.5
2663.5
3222.0
12863.0
6119.5
14366.5
2072.5
961.0
458.0
7634.0
3802.5
908.0
7098.5
5984.0
2452.0
20591.5
12958.0
8082.0
8074.0
68.0
15255.5
9482.0
13320.5
24546.5
3160.5
15138.0
10649.5
16785.5
4488.0
3132.0
68.0
3477.0
4597.0
4576.0
19090.0
663.0
4355.5
884.5
5869.5
5537.5
11809.5
12491.5
68.0
9473.5
9463.0
12275.5
19837.0
8548.5
2622.0
5294.0
18782.0
8993.5
1895.0
6289.5
2040.5
68.0
10319.0
6672.5
2915.0
3107.0
458.0
3233.0
1883.0
2711.0
3289.0
9813.0
1857.0
5375.5
2739.5
4020.5
10706.0
68.0
12625.0
11597.0
9386.5
7558.0
629.5
68.0
612.5
14401.0
19221.0
3161.0
1010.5
926.5
4191.0
6379.0
3674.5
9434.5
6257.5
68.0
8094.0
1016.5
2757.5
8958.5
68.0
3225.0
1034.0
1436.5
6281.5
6298.0
6345.5
5541.0
2550.0
13482.0
1289.0
2812.5
2002.0
68.0
2277.5
1970.5
68.0
4152.5
8105.0
17388.0
2911.5
2562.5
11629.5
14183.0
348.5
68.0
348.5
13887.5
4444.0
2776.5
10431.0
3680.5
9275.0
8675.0
0
68.0
8078.0
68.0
7160.5
8199.5
1819.5
68.0
12470.5
348.5
1877.5
606.0
6762.0
6645.5
1799.0
995.0
9340.0
1478.0
12492.5
3962.0
3248.5
438.5
5037.0
1129.0
19776.5
6805.5
944.0
1021.5
3998.0
68.0
17961.5
5398.5
1503.0
11156.0
68.0
4144.0
2824.5
8668.5
3154.0
5964.0
3110.0
8553.5
20722.0
10551.5
68.0
0
68.0
16142.0
1897.0
2246.0
629.0
1350.0
2541.0
10756.5
5437.5
2863.0
908.5
2877.0
629.0
18938.5
10033.0
0
4062.5
13860.5
7181.0
10213.5
11274.0
7634.0
4565.0
4581.5
8555.0
719.0
68.0
1890.5
68.0
1684.5
68.0
1899.5
10438.5
8218.5
6561.0
16491.5
6698.5
6757.5
68.0
6400.0
1522.0
5513.0
3603.5
629.0
12113.5
0
2270.0
2014.5
9442.0
68.0
1038.5
8012.5
926.5
1894.5
6358.0
1488.0
173.0
990.0
68.0
19336.5
1408.0
2741.0
68.0
68.0
9531.0
8197.5
15434.0
1128.5
22671.5
9424.0
68.0
6220.0
3340.0
646.0
1471.5
68.0
4563.0
5924.0
2349.5
4471.5
5379.5
7585.5
3713.0
10298.5
68.0
1126.0
68.0
14207.5
9893.5
2244.0
2336.5
6976.5
3174.0
2304.5
68.0
68.0
9467.0
1496.5
10958.0
3501.0
1346.0
19282.0
13329.0
12558.0
646.0
1488.0
68.0
68.0
627.5
2376.5
68.0
3265.5
2251.0
14580.5
20092.0
8607.5
5713.0
3661.0
23727.5
4469.0
0
5788.0
999.5
23973.0
7629.5
68.0
1428.5
3984.5
4127.0
4480.5
3625.5
68.0
9604.5
14885.0
68.0
68.0
3087.5
4931.0
1578.0
4016.0
9537.0
4164.5
6287.5
12434.0
20112.5
4510.0
14496.5
4942.0
6336.5
5823.0
2672.0
7094.0
9889.5
1016.5
12169.0
6794.5
4468.5
14442.5
4000.5
5414.0
6444.0
2355.0
2005.0
1505.5
2782.0
3107.0
11250.5
8096.0
4593.0
5457.0
1085.0
7867.5
1406.5
12023.0
19191.0
4576.0
68.0
6426.0
13796.5
8952.5
0
4528.5
68.0
17018.0
2039.5
9489.5
1019.0
7142.5
6673.5
2543.5
21379.0
68.0
68.0
17815.5
1886.0
2363.0
3699.0
14781.0
68.0
438.5
10413.5
1396.0
13044.5
16481.0
9432.5
68.0
438.5
2693.0
9636.0
68.0
68.0
3584.0
25614.5
1507.0
12546.5
16960.5
5121.0
7587.5
4201.5
68.0
3592.0
12091.5
0
68.0
4500.5
68.0
26354.5
4018.5
68.0
16100.5
943.5
68.0
3590.0
7683.0
5385.0
6482.5
5913.0
3257.5
4152.5
7664.0
17001.0
9027.0
943.5
5931.5
68.0
5909.5
5051.5
22838.0
1774.0
4135.0
7272.0
458.0
3569.0
1207.0
68.0
8781.5
0
2383.0
458.0
3789.0
3752.5
553.0
7959.0
11707.0
2321.0
68.0
623.0
163.0
68.0
1014.5
3096.5
629.5
533.5
14757.5
11296.0
68.0
3215.0
4670.0
68.0
173.0
1019.0
3696.5
9016.0
68.0
5969.5
68.0
3234.5
2323.5
16559.0
7217.0
458.0
2282.0
3668.5
4580.5
13355.0
68.0
12925.0
4252.5
4606.5
4984.0
6340.5
153.5
11353.0
12562.5
1895.0
537.5
271.0
68.0
68.0
7676.0
8462.0
4664.0
8638.5
68.0
68.0
163.0
16087.0
68.0
9001.0
4904.0
881.5
68.0
5062.5
9436.0
68.0
4968.0
1872.0
4876.5
7203.0
68.0
5287.5
458.0
4178.0
6311.5
68.0
8553.0
5468.5
9447.5
5449.0
16090.0
5251.0
7128.5
348.5
17688.5
2487.5
1109.0
2057.5
9483.0
646.0
2732.0
627.5
8924.5
2248.0
0
17288.5
13377.0
2812.0
1998.5
8009.0
4585.0
13936.5
1877.5
7275.5
365.5
2749.5
3679.0
8894.5
7207.0
927.0
5521.5
1089.5
6261.0
4022.0
999.5
68.0
2060.0
68.0
4513.5
68.0
943.5
23837.5
7951.5
3657.5
7508.5
9051.5
21427.5
68.0
632.5
5419.0
2050.5
1406.5
5891.0
1931.5
4323.5
13788.0
2246.5
1020.5
7260.5
701.0
68.0
6851.5
627.5
12483.0
1539.0
6783.5
3121.5
5029.0
348.5
736.0
68.0
1389.5
1477.0
68.0
15076.5
12472.5
4034.5
8960.0
4016.5
5583.5
5831.0
16155.0
17824.0
8147.0
14800.0
8467.0
68.0
2676.5
1859.0
2751.5
6965.5
365.5
2276.0
6315.5
4495.0
8948.5
5415.0
15038.0
20901.5
8246.0
11606.5
4233.5
1555.0
4964.5
8493.5
646.0
68.0
10329.0
12523.5
7144.5
68.0
7756.0
4645.0
68.0
8666.5
10415.5
5799.5
68.0
2882.5
1965.5
1488.0
629.0
2380.0
3670.0
40.5
54.0
6908.5
3882.5
8522.0
1522.5
5397.5
18260.0
7727.0
2764.5
0
3009.0
7433.5
4398.0
1000.0
8606.0
458.0
553.0
2241.5
10893.5
2846.5
10969.5
11807.5
6545.5
5208.0
3185.5
68.0
19507.5
2262.5
4711.5
14462.5
1967.5
4903.5
10341.5
68.0
6973.5
614.0
1998.5
4982.0
68.0
1911.5
3687.0
14324.5
1914.5
8027.0
1021.5
4062.5
8010.0
3233.0
5865.0
1019.0
19748.0
68.0
7289.5
13892.0
68.0
12471.0
1895.0
4561.5
3238.5
2750.5
13100.0
163.0
2284.5
13011.0
68.0
4722.0
2933.5
1580.5
8426.5
2456.0
19759.5
2565.0
5844.5
68.0
2918.5
1673.0
10551.5
68.0
20976.5
7310.5
2381.0
6063.5
11244.0
3298.0
12965.0
1032.5
629.0
7190.0
68.0
629.0
1019.0
12963.5
2372.5
5917.5
10317.5
23764.5
7614.5
2082.5
11180.0
11149.0
16421.5
10922.5
68.0
15302.0
2319.0
646.0
7116.5
8533.5
4367.5
2302.5
4467.0
23216.0
13421.5
5313.5
1505.0
3665.0
1022.0
1471.0
3201.0
10640.0
1911.5
68.0
2731.0
2302.0
68.0
8601.0
1944.0
646.0
68.0
438.5
4937.5
26587.5
2083.0
4590.0
3106.5
1909.0
2078.0
24663.0
2271.5
3696.5
3017.5
5088.0
21842.0
1136.5
3132.0
1968.0
7942.0
4132.0
458.0
9028.0
68.0
3084.5
10105.5
1721.5
2544.0
1033.5
6805.5
4465.0
1021.5
3389.5
68.0
4375.5
11126.5
5561.5
6744.5
7361.0
68.0
68.0
68.0
68.0
1316.5
2794.5
3319.0
2708.5
6097.0
68.0
9359.5
20113.5
6338.0
150.0
1146.0
4758.5
1488.5
12913.5
68.0
6588.0
2266.0
68.0
5418.0
943.5
4211.0
553.0
2564.5
893.0
68.0
10282.5
1522.0
4112.0
68.0
13741.0
5835.5
7128.0
7628.0
68.0
629.5
5979.5
2974.5
19887.0
19203.0
2359.5
3222.5
68.0
68.0
8215.0
3218.5
3235.0
1031.5
1033.5
4099.0
10495.5
17848.5
663.0
68.0
438.5
23769.0
4119.5
3231.5
4091.5
5471.5
7167.5
68.0
7195.5
1109.0
4467.0
4116.5
9813.0
4218.0
13478.0
348.5
2739.5
68.0
16515.5
1785.5
1984.5
5506.5
4615.0
13801.0
3071.5
7281.5
13062.0
7320.0
4089.0
10017.0
613.5
3890.5
943.5
163.0
1968.0
8660.0
740.5
5502.5
1595.0
13260.0
68.0
23970.0
13060.0
8583.5
1012.0
5767.5
14312.0
2705.0
2019.0
5432.5
974.0
163.0
68.0
1518.5
3140.5
7280.5
9884.0
3125.0
8581.0
4149.5
5886.5
2828.0
68.0
2856.5
68.0
1505.0
23094.0
5877.0
1053.0
68.0
68.0
4101.5
12040.5
2173.0
9349.0
68.0
3170.5
6514.5
365.5
5493.5
629.0
348.5
13547.0
7647.0
68.0
13495.5
2461.5
12419.5
629.0
68.0
2773.5
4251.0
13882.5
348.5
2754.0
7219.5
2925.0
68.0
3310.0
68.0
960.5
2512.0
6313.0
11782.5
6857.5
1509.0
68.0
722.0
9457.5
4036.5
4707.0
68.0
8149.5
1919.5
1423.5
8144.5
1794.0
12868.0
8954.0
4552.5
4092.0
68.0
9049.5
68.0
8556.0
0
4221.0
24115.0
7445.5
4199.0
537.5
68.0
2357.5
10075.5
629.0
5389.0
10669.0
2840.5
4096.5
4216.5
719.0
910.0
9020.5
3700.0
9394.5
1036.0
24417.0
998.0
10674.5
68.0
997.5
6915.0
1033.5
5430.0
8522.0
68.0
5824.0
1316.5
5446.5
68.0
9101.5
9155.0
68.0
1297.0
4586.0
4948.0
12629.5
3212.0
15372.0
1037.0
68.0
14891.0
5801.5
68.0
2811.0
10682.5
2368.0
2269.0
3583.5
6263.5
4511.0
7221.0
14500.5
438.5
5399.5
68.0
0
24866.5
68.0
163.0
6425.0
5470.5
3578.5
2284.5
7980.0
4684.0
1796.5
2750.0
5321.0
3248.0
6924.5
5465.5
153.5
5916.5
7569.0
163.0
663.0
10429.0
4965.0
13102.5
8582.5
4256.5
173.0
22775.0
1796.5
13054.5
18356.5
4527.5
5472.0
1298.0
1033.5
68.0
5865.5
1005.0
14357.5
21374.0
4945.5
2147.5
10368.5
3669.5
2544.0
2842.0
2302.5
1038.5
1836.5
438.5
150.0
7630.5
5546.5
2821.5
629.5
68.0
3203.0
153.5
543.5
1194.0
68.0
543.5
4973.0
16346.0
1314.0
647.0
2233.0
5920.0
7245.0
20119.5
9831.5
8598.5
1016.5
5905.0
348.5
3313.5
1860.5
8984.0
68.0
2980.0
3303.0
4255.0
6651.5
12783.0
68.0
15671.5
2074.0
12782.0
534.5
1020.5
1207.0
1092.5
438.5
629.0
629.0
7859.0
4963.0
1036.0
3709.0
10201.5
4014.5
6288.0
4925.5
0
5408.5
11671.5
68.0
17801.0
5913.5
4914.0
1423.5
2380.0
68.0
8123.0
8414.0
3291.5
13957.0
6561.0
3560.0
3110.0
22.5
1033.5
2367.5
4581.0
2916.0
8908.0
2721.5
3930.5
1003.5
10456.5
2676.0
3485.0
16107.0
14407.0
1006.5
3141.5
68.0
438.5
6408.0
554.5
3554.0
6493.5
3774.5
736.0
6344.0
163.0
5018.0
3716.0
10089.0
7705.0
3570.0
13009.0
1013.0
13429.5
3028.5
6065.0
11981.0
14895.5
68.0
4090.0
1224.0
2845.5
4545.5
2557.0
68.0
20556.5
68.0
6299.0
1471.0
22.5
12119.0
663.0
719.0
5321.0
2467.0
5983.5
1505.5
15392.5
3213.5
4922.5
68.0
6405.0
3584.0
1959.5
2303.0
1036.0
5495.5
68.0
5919.0
8575.0
68.0
12502.0
7222.5
9480.0
365.5
2340.5
1499.0
68.0
1389.5
629.5
3603.0
243.5
4572.0
3780.0
21364.5
68.0
7648.5
1673.0
5072.5
9188.0
19124.5
68.0
1779.0
4066.5
3180.0
10706.5
5909.0
2750.5
1112.5
926.5
8576.5
68.0
3629.0
1128.5
10392.0
4762.0
11651.0
11837.5
4356.5
9151.5
8529.0
5945.5
1966.0
6840.5
10438.0
68.0
3741.5
10399.0
68.0
5078.5
2364.0
348.5
11288.5
12007.5
7887.5
8105.5
68.0
2784.5
5080.5
348.5
629.0
6593.5
4535.0
1038.5
3213.5
68.0
5838.0
68.0
4195.5
68.0
458.0
2302.0
68.0
68.0
4636.5
19727.0
4085.5
5373.5
5926.5
68.0
4994.5
1019.0
3605.5
1704.5
1002.5
3707.0
68.0
13872.5
68.0
4198.0
68.0
6655.5
1912.0
1594.5
7725.0
4147.5
68.0
4936.0
3687.0
1624.5
3274.0
68.0
68.0
5430.0
6747.5
68.0
68.0
6311.5
8965.5
13069.5
14314.0
1565.0
68.0
8658.5
20280.5
2336.5
4003.5
1016.5
68.0
6311.0
10676.0
68.0
5470.0
78.0
2248.5
1777.0
9162.0
68.0
1034.0
7882.5
6254.5
3999.5
68.0
1019.0
68.0
629.5
2226.5
3590.0
9400.5
1426.0
6712.0
2867.0
68.0
68.0
5025.5
8134.0
8789.0
2476.0
24538.5
1499.0
0
10928.5
3198.5
68.0
612.5
9505.0
8934.5
10230.5
7547.0
68.0
12422.5
944.5
15365.5
9341.0
1479.5
365.5
15447.5
68.0
67.5
15585.5
2378.0
68.0
68.0
7091.5
438.5
3621.0
1406.5
68.0
68.0
1796.0
1859.0
3697.5
3678.0
6752.5
3269.5
2546.0
7493.0
5919.5
601.5
20629.5
3364.0
2229.0
68.0
68.0
6454.5
68.0
2212.0
68.0
7686.0
68.0
20267.0
68.0
2241.5
2565.0
10224.0
2900.5
6595.5
4040.5
1031.5
438.5
0
4095.0
68.0
7568.0
612.5
9008.5
10249.5
10017.5
7290.5
926.5
438.5
4146.5
1019.0
641.5
3636.5
5142.0
348.5
6820.0
2283.5
4175.5
68.0
6704.0
3235.5
10707.0
68.0
173.0
5381.5
8005.0
7205.0
524.0
68.0
10612.5
173.0
5140.0
2435.0
1897.0
68.0
68.0
3560.5
961.0
4934.5
1823.5
9941.5
438.5
612.5
1792.0
68.0
1022.0
2349.5
1207.0
25311.0
2073.0
4453.0
458.0
68.0
12056.5
2547.0
5981.5
2695.5
163.0
68.0
13769.5
3247.0
537.5
68.0
13460.5
3300.0
2345.0
2357.5
1036.0
6286.0
537.5
4535.0
6815.0
524.0
5432.0
1016.5
68.0

18189.0
9048.5
8991.0
6857.5
1925.0
5427.5
554.5
1503.0
4533.5
21951.0
0
3250.0
3220.5
4552.5
9927.5
1036.0
438.5
68.0
7668.0
4444.0
7632.5
1426.0
2365.5
2363.0
4165.0
6779.5
927.5
6002.5
5065.0
663.0
3237.0
2239.0
22869.0
2806.5
3127.5
10820.0
10178.5
1389.5
4062.5
68.0
11268.0
1768.0
1423.5
2223.5
4958.5
4162.0
7278.0
4751.0
68.0
11678.0
68.0
0
3256.0
4633.0
9457.0
14938.0
68.0
239.0
68.0
629.0
3673.0
12011.5
1488.0
68.0
543.5
5345.5
8.0
8.0
4990.5
5935.5
17804.5
8425.5
12949.5
6422.0
3650.5
1873.0
3670.5
68.0
2472.0
68.0
8044.0
68.0
16658.0
910.0
21677.0
14486.0
4108.5
2023.5
7253.5
12119.5
2321.5
17332.5
15952.5
6194.0
520.0
3700.5
68.0
4746.0
4068.5
10461.0
5021.5
427.0
6385.5
7547.0
19749.0
68.0
19728.5
15262.5
438.5
1033.5
68.0
9602.0
1479.5
4155.5
68.0
0
9393.5
68.0
12969.5
1878.0
20919.0
68.0
68.0
14700.0
68.0
5396.0
1505.0
5938.0
3594.5
1033.5
1612.0
543.5
1813.5
6255.0
8993.0
11830.0
10693.5
4978.5
348.5
6935.0
68.0
3232.5
2449.0
2305.0
15256.0
9886.0
68.0
4667.5
6704.5
15144.5
629.5
3699.5
755.5
1016.5
163.0
3232.0
19288.0
9331.0
4959.0
20083.0
15615.0
11150.5
1577.5
5934.0
6309.5
5809.0
6346.0
633.5
68.0
20623.5
68.0
25194.0
3172.0
68.0
17834.5
2815.0
68.0
5356.0
1912.0
68.0
68.0
4038.0
3585.0
3193.0
9907.5
2762.0
68.0
926.5
9886.5
68.0
920.5
3231.5
3192.0
5432.5
16914.5
6457.5
68.0
5324.0
608.5
1488.0
163.0
943.5
17831.0
1594.5
629.5
612.5
4721.0
68.0

7540.0
3214.5
68.0
4183.5
5764.0
646.0
3977.5
9066.5
3596.5
5343.5
2750.0
6121.0
3022.0
646.0
1516.0
5476.0
2768.0
1126.0
3180.5
3317.5
2753.0
1951.0
1948.5
77.5
2785.0
629.5
3143.5
68.0
68.0
11568.5
68.0
68.0
1389.5
13028.5
68.0
9318.0
68.0
5791.5
9444.5
1033.5
68.0
68.0
4135.5
2929.0
10310.0
24974.5
3257.5
1668.0
4202.0
13397.0
1928.0
1873.0
150.0
3610.0
68.0
1409.0
68.0
1858.0
4556.0
10881.0
2334.0
1333.5
925.0
5050.0
1858.0
1394.5
5996.5
12197.0
3292.5
1786.0
68.0
736.0
9542.5
997.5
6261.5
3572.5
14910.5
15.5
458.0
63.0
22790.0
21887.0
3845.0
7986.0
3337.5
68.0
1487.5
3622.0
4012.0
8514.5
68.0
9017.5
2338.5
5041.0
612.5
68.0
2346.5
3217.0
0
1051.0
17920.0
1571.0
3482.5
2768.5
18720.0
1876.0
2353.0
6329.0
163.0
1444.0
68.0
10755.0
68.0
15927.0
68.0
4933.0
8561.5
19135.5
68.0
68.0
14777.5
17908.5
7959.5
909.5
1173.0
14666.5
14915.5
11414.5
5037.5
8058.5
18759.0
1019.0
2331.0
13784.0
11987.5
2843.0
16730.0
3233.5
2284.5
1371.0
534.5
14023.5
1350.0
1800.0
12927.5
646.0
1016.5
1802.5
629.0
21382.5
8737.5
8118.5
663.0
1470.5
2660.5
13022.0
4897.0
5884.0
348.5
68.0
10370.5
3578.0
11825.5
5754.0
2830.5
646.0
68.0
4695.0
3420.5
68.0
8562.0
1021.5
68.0
3760.0
12174.0
4138.5
13022.0
1036.0
3261.0
22.5
9999.5
0
8298.5
1521.5
3255.5
4034.0
1038.0
438.5
4538.5
68.0
16432.0
4727.5
1989.0
1908.5
17956.5
1595.5
8180.5
9137.5
7552.0
68.0
153.5
13489.5
4581.0
1482.5
68.0
19245.0
1970.0
6878.0
8098.5
68.0
4570.5
521.0
1126.0
2295.5
1892.0
5812.0
12007.5
2305.5
68.0
1109.0
629.0
15849.5
2917.0
2975.5
17939.0
8549.0
2467.0
505.0
173.0
68.0
68.0
365.5
68.0
18723.0
5036.5
9520.0
22098.0
1875.0
1116.0
3195.5
68.0
68.0
1516.0
7265.0
7095.5
9230.0
16611.5
10390.0
6211.5
10340.0
10959.0
4461.0
1055.5
3024.0
5364.5
19693.5
68.0
3265.0
6897.5
68.0
11673.0
1503.0
9882.5
2792.0
68.0
894.5
68.0
3760.0
5793.5
1297.5
2689.5
68.0
13390.5
4467.0
3690.0
68.0
3691.5
7239.0
3154.5
68.0
6357.0
8606.0
6495.5
460.5
12981.5
6891.5
4735.5
68.0
3306.0
1346.5
3734.0
4031.0
2975.5
68.0
646.0
163.0
3312.5
2810.0
9486.5
4109.0
4304.5
5607.5
68.0
910.0
1795.0
5348.5
632.5
5553.0
2755.5
16458.5
646.0
10071.5
8632.5
4751.5
4592.0
7651.5
629.5
7245.5
3340.0
5440.5
163.0
13125.5
4075.0
68.0
68.0
7708.0
68.0
1895.0
438.5
2345.0
68.0
65.0
9511.0
3836.5
1021.5
1333.5
163.0
629.0
6472.0
9594.0
3655.0
68.0
68.0
21875.0
68.0
3017.0
3220.5
3149.5
5041.5
1504.5
68.0
19755.0
5040.0
68.0
4057.0
21834.5
1826.0
6835.0
7001.5
68.0
1030.0
440.5
9830.0
2278.0
17877.5
4967.5
11517.5
4447.5
68.0
4915.0
14389.0
2392.0
1818.5
14148.0
68.0
2975.5
68.0
68.0
4529.5
4448.5
2083.5
11167.0
12007.0
960.5
2158.0
995.5
1847.5
3127.5
5797.0
1576.0
5490.5
1405.0
11664.0
11560.5
13411.0
5963.5
1503.5
2319.0
8059.5
3636.0
12917.5
24136.5
14388.5
2360.0
4590.0
449.5
10840.5
612.5
7728.5
926.5
2678.0
22375.5
2299.0
68.0
68.0
6258.0
1504.5
68.0
1407.5
23530.5
4650.0
9956.5
7415.0
6702.0
68.0
1885.5
1416.5
68.0
12935.0
163.0
21603.0
68.0
9368.5
4055.5
20053.0
5665.5
23549.0
2234.0
1036.0
13896.5
7522.5
1053.0
68.0
68.0
6590.0
6344.0
163.0
0
11678.0
2770.0
1038.5
14079.5
68.0
8330.5
68.0
6697.0
68.0
1910.0
10354.0
11681.5
68.0
4033.0
458.0
4055.0
8024.0
68.0
68.0
6715.5
6969.5
1893.5
4974.0
1299.5
13050.5
11679.0
1988.0
1121.5
8162.5
4026.0
21782.0
0
5325.5
153.5
629.0
12575.5
1925.0
609.0
8588.5
2813.5
453.5
4574.5
1780.5
153.5
609.5
1837.5
719.0
153.5
1097.5
3775.0
68.0
1397.5
163.0
17780.5
68.0
4543.5
1770.0
1147.5
1486.5
1912.0
68.0
21814.0
12385.0
6222.5
68.0
2192.0
15649.0
4261.5
4662.5
0
68.0
7198.0
15564.5
458.0
68.0
7175.0
629.0
8605.5
0
5005.0
1522.5
14256.0
1601.5
15676.0
1488.0
1905.5
943.5
8.0
2970.5
2787.5
15674.5
1036.0
0
12554.0
2806.5
452.0
68.0
5467.0
4762.0
1910.5
68.0
10965.5
68.0
3290.5
2990.0
4497.0
1926.5
11845.0
68.0
25864.0
153.5
454.0

6234.5
68.0
23370.5
6235.0
3731.5
1153.5
1016.5
453.5
1804.0
8126.5
1504.5
8872.5
1607.0
8444.0
736.0
68.0
4066.5
2019.0
153.5
1808.5
4927.0
543.5
7898.0
2385.5
4264.5
1036.0
6765.0
533.5
14331.5
5669.0
6255.0
163.0
10407.5
1414.0
8070.0
6483.0
1490.0
1128.5
5595.0
2262.5
6488.5
68.0
955.5
11389.5
2444.5
3615.5
601.0
1770.5
20936.5
68.0
68.0
68.0
68.0
1802.5
961.5
14641.0
11557.0
5766.5
629.5
4213.5
4471.0
451.0
1387.0
5756.0
1999.5
7576.5
68.0
8904.5
524.0
4552.0
68.0
1019.0
1106.5
736.0
5850.0
3732.0
19609.5
18339.0
4509.5
2347.5
68.0
68.0
9989.5
68.0
1112.5
6512.0
11264.5
11320.0
12541.5
1897.0
2929.5
6809.0
4094.5
20055.0
9818.0
909.5
4895.5
1897.5
68.0
5356.5
68.0
5556.0
3203.5
4240.5
4124.0
5379.5
4525.0
2950.5
1614.5
2354.0
4104.0
9935.0
22731.5
4062.0
4555.0
2299.5
68.0
3767.0
2667.5
17874.5
443.5
5145.0
7333.0
13351.0
4985.0
68.0
68.0
551.5
22413.0
0
68.0
1020.0
68.0
3596.5
7200.5
646.0
10679.0
68.0
8009.0
4462.5
10214.5
68.0
19221.5
3090.5
10849.5
12515.5
5684.0
68.0
5971.0
4591.5
5975.0
68.0

1504.5
68.0
68.0
68.0
0
12178.0
12831.5
68.0
15317.0
19626.5
5844.5
10381.0
5343.5
11206.0
5874.5
11649.5
6360.5
16069.0
68.0
646.0
68.0
1430.0
13958.0
5929.5
1394.5
6961.5
9959.5
68.0
10796.0
1351.0
8523.0
68.0
0
6695.0
7121.5
1126.0
9872.5
68.0
68.0
68.0
12659.5
894.0
3214.0
10555.5
4103.0
3571.5
1611.0
163.0
914.0
3717.5
9942.0
6234.0
2779.0
2122.0
2299.0
6282.0
348.5
68.0
8.0
8689.0
4078.5
68.0
2397.0
1022.0
10332.5
8474.5
68.0
68.0
2744.0
7139.0
12670.0
1016.5
4442.0
19699.0
3237.5
6377.0
18357.5
68.0
20760.0
4480.0
68.0
443.5
4052.5
4440.5
68.0
12544.0
17400.0
2355.0
1882.0
14402.0
68.0
21323.5
15692.0
68.0
68.0
2282.0
20159.5
68.0
4909.0
68.0
11154.0
12672.0
11566.5
4676.0
524.0
68.0
8585.5
4556.0
68.0
6669.0
68.0
1487.5
4536.5
68.0
1346.5
68.0
12024.5
1798.5
21886.0
5451.0
553.0
3884.5
1096.0
3715.5
5920.0
3609.5
2824.5
68.0
7689.5
68.0
1757.5
365.5
3365.0
11186.5
13066.0
1850.5
6762.5
3390.5
4077.5
1873.0
24995.5
68.0
458.0
4002.0
4475.5
10729.0
2784.0
68.0
1771.5
910.0
6809.5
68.0
3260.0
68.0
2675.5
2855.5
1875.5
12862.0
1959.0
2375.0
1036.0
68.0
1300.0
3746.5
13961.0
1005.0
8888.0
68.0
11476.0
17034.5
3066.5
68.0
68.0
68.0
5041.5
14292.0
27158.0
999.5
10346.5
4572.0
6325.5
4573.0
7173.0
5411.5
1482.0
11243.0
1786.0
458.0
4082.0
1410.0
68.0
12523.0
1886.5
960.5
6392.0
68.0
5441.5
7739.0
1894.5
10738.0
68.0
24656.5
9015.5
933.5
13750.0
5996.0
926.5
0
68.0
4432.0
12076.0
4466.0
16932.5
3216.5
5460.0
534.5
4882.0
8551.0
9013.0
1505.5
1852.0
9862.0
4905.5
2764.5
0
7122.0
920.5
8427.0
68.0
68.0
1428.5
2231.5
2357.5
1070.5
68.0
1445.0
6347.5
3672.0
5452.0
12598.0
1489.0
16326.0
3730.0
1190.0
9006.5
13058.0
13501.5
163.0
10015.5
3278.5
4560.5
5499.0
68.0
17013.0
1410.5
3668.0
12387.5
5377.5
8577.5
6724.5
2781.5
1333.5
21412.5
2333.5
19726.5
12480.0
8606.5
11973.0
1579.5
9439.5
960.5
646.0
629.0
2001.5
1053.5
68.0
6427.5
68.0
23147.5
3124.0
5041.0
1373.0
68.0
23269.0
1504.5
8542.5
10314.5
1897.0
438.5
2844.5
0
1.5
1577.5
2394.0
9136.5
15240.0
4948.0
7717.5
11619.5
16522.5
7524.0
3344.0
5416.5
458.0
3538.0
68.0
3631.0
7178.5
14901.5
3606.5
438.5
68.0
68.0
18675.5
23625.0
9850.5
2924.0
16004.0
14019.5
9879.5
1631.0
8373.5
21982.5
4907.0
3657.5
4904.0
2160.5
8020.5
1819.5
3593.5
3738.5
68.0
925.0
4941.0
4609.5
1019.0
612.5
18249.0
7382.5
5462.5
8771.5
9587.5
1689.5
11683.5
4562.5
5937.0
12909.5
24759.0
68.0
2357.5
12176.5
5375.5
15491.5
68.0
68.0
1132.5
153.5
629.0
0
68.0
12044.0
8145.0
11292.5
9867.5
20886.0
1053.5
8560.0
68.0
13113.5
3736.0
6294.5
16435.5
438.5
3252.5
4932.0
1875.5
5916.5
1036.0
2239.0
14420.0
5771.5
7525.0
4164.5
68.0
68.0
68.0
68.0
5694.5
1410.0
3719.0
2760.0
18829.0
11645.0
68.0
13221.5
1855.0
4496.5
20453.5
6245.0
3677.5
2850.0
9622.0
5923.5
3573.0
1085.0
4934.0
68.0
68.0
3150.5
16482.5
383.0
8881.0
0
163.0
4588.5
2065.5
2987.5
5402.0
2504.0
3104.5
21987.0
24962.5
9462.5
4542.0
8001.5
8459.5
2779.5
5419.5
13497.5
45.5
5445.0
5487.5
68.0
7223.5
11571.5
8410.5
13401.5
68.0
8554.0
13562.5
20733.0
6771.5
68.0
1706.5
1398.0
1385.0
68.0
68.0
13807.0
68.0
332.0
738.5
4260.5
68.0
719.0
6615.5
8535.0
68.0
11144.5
1126.0
1945.5
7910.5
20000.5
1877.5
6713.0
537.5
1509.0
25504.0
3233.0
5471.0
68.0
16554.0
5803.5
68.0
5775.5
12952.0
68.0
8.0
24983.0
68.0
11240.5
4131.5
21359.5
6350.0
3347.0
1488.0
5824.5
3700.5
68.0
6285.0
551.5
3217.5
13245.5
2283.0
2659.0
458.0
68.0
4081.5
68.0
68.0
68.0
438.5
3180.5
3216.5
1129.5
13010.5
7434.0
10338.0
1433.5
21402.5
1851.5
3404.0
1832.0
3321.5
4998.0
19621.5
2338.0
1836.0
16256.0
2690.0
5849.5
8713.0
9815.0
1614.5
944.0
1038.5
2726.5
68.0
12963.5
979.0
16046.0
6332.5
5799.0
2470.0
3113.5
9778.5
6681.0
68.0
1014.5
4856.0
10711.5
3670.5
10665.5
163.0
1564.0
68.0
10319.5
16496.5
5335.5
5006.5
10752.0
6349.0
941.5
6374.0
4574.5
5072.5
5847.5
9862.0
4981.0
68.0
8919.5
8.0
3876.0
12998.0
2567.0
5931.5
9909.0
2360.0
12671.5
23553.5
16930.5
1904.5
3160.0
1107.0
18742.0
1338.5
7345.0
9194.0
999.5
4062.5
16651.0
68.0
5019.5
2272.5
4969.0
5092.5
12063.5
17850.0
0
3158.5
6345.0
68.0
6320.0
6321.0
1931.5
0
5031.0
68.0
10797.5
13495.0
0
17519.5
2728.0
12501.5
7154.5
68.0
1333.5
68.0
7572.0
13350.0
68.0
5
3001.5
3237.5
1132.5
13451.0
21826.5
4792.5
12140.5
10784.0
68.0
1489.5
7566.0
9341.5
21624.5
647.0
2747.5
9317.0
14126.5
3236.5
4090.5
629.0
5536.0
9776.5
11331.0
3686.5
16915.0
9497.0
0
18305.5
4086.0
7630.5
2743.0
0
2419.5
2066.5
6268.0
3640.0
17772.0
1521.5
1912.5
68.0
14463.5
5052.0
15588.5
5357.0
2075.0
10409.5
17014.0
68.0
1396.0
943.5
1985.0
5132.5
16159.5
2267.5
7211.5
1115.5
4724.5
163.0
15641.5
2344.0
828.5
35.0
2720.0
8136.5
14433.5
68.0
3549.0
68.0
68.0
8982.5
23612.5
3641.0
68.0
12885.5
68.0
3379.5
627.5
1039.0
533.5
8.0
68.0
2809.5
68.0
999.5
4552.5
5482.5
163.0
1684.5
3237.5
6246.0
3687.5
1107.5
1342.5
68.0
3643.0
68.0
14869.0
13819.5
163.0
5909.0
5986.5
5771.0
1802.0
5016.0
2769.0
1109.0
5123.5
8583.5
9022.0
5583.0
2811.0
2721.5
68.0
9348.5
10512.5
5857.5
2002.0
68.0
68.0
2823.5
68.0
521.0
10000.5
68.0
3213.5
17072.0
1405.0
2573.5
1019.5
3679.5
4143.5
8909.5
2454.0
9109.5
1207.0
68.0
4114.0
1892.0
14346.5
10745.0
3714.0
3812.0
1034.0
2681.0
2439.5
1557.0
20646.0
16106.5
68.0
6278.0
1816.0
23197.0
1894.5
2240.0
9302.5
8883.0
68.0
4313.5
68.0
11519.5
1894.5
2384.5
68.0
1034.0
537.5
6381.5
533.5
4587.5
12967.0
68.0
4013.5
6751.0
1382.5
2363.0
6353.5
2357.5
5529.0
68.0
7884.5
11054.5
7121.0
68.0
12183.0
3662.0
17029.0
5445.0
2625.5
1554.0
9515.0
4073.0
21836.5
12944.0
3233.5
7677.5
68.0
68.0
23176.0
14412.0
6383.0
1066.0
9111.0
3611.5
68.0
6764.0
17796.5
8010.0
8331.0
1475.0
1487.5
68.0
1871.0
978.0
629.0
0
11264.5
1207.0
9797.0
2970.0
2475.0
1034.0
6868.0
979.0
14321.5
2842.5
9515.5
68.0
5883.5
14854.5
4231.5
524.0
2975.0
4240.0
1103.0
6858.0
8083.5
9038.5
4536.0
3725.5
8852.0
332.0
1031.5
68.0
5507.0
68.0
68.0
8583.0
3579.0
7132.0
68.0
7965.0
7101.5
1987.5
6816.0
5151.5
18387.5
13888.5
68.0
8212.5
13131.0
68.0
6755.5
3152.0
6517.0
16115.5
3435.0
1016.5
738.5
458.0
163.0
7236.0
7692.0
7663.5
2319.5
612.5
457.0
68.0
5586.5
5405.0
3024.5
7779.5
5068.0
1671.0
68.0
0
6238.0
13355.5
18203.0
68.0
3799.0
1967.5
68.0
1899.0
5588.5
68.0
1007.5
1487.5
10146.5
68.0
8140.5
68.0
5863.5
3666.5
3718.5
3999.0
6413.5
153.5
68.0
163.0
1390.0
4062.0
14434.0
1885.0
2263.5
4914.5
5998.0
68.0
68.0
5441.0
4150.0
68.0
1836.5
8972.0
2255.0
45.5
1999.5
1294.0
4581.5
348.5
1406.5
633.5
68.0
3306.5
9387.0
5054.5
68.0
1131.0
7539.0
4599.5
6699.0
5906.0
3240.5
22785.5
8158.0
12138.0
12165.5
458.0
12260.5
4190.0
6644.0
2372.0
8.0
68.0
12005.5
68.0
68.0
11227.0
9005.0
8971.5
8624.0
1504.0
4600.0
7589.5
4460.5
15708.5
6972.0
9029.0
10539.5
8205.0
927.5
13514.0
4958.5
7070.5
7720.0
2396.5
6548.0
8044.0
2758.5
68.0
3233.5
18479.0
5394.5
4046.0
7829.5
1472.0
17991.0
68.0
26199.5
1523.0
524.0
7156.5
6333.0
68.0
2293.5
629.5
2272.0
2190.0
68.0
5049.0
5806.0
68.0
24526.5
515.0
4149.5
7836.0
4109.5
7128.0
1241.5
1966.5
8509.0
15934.5
923.5
68.0
9363.0
12929.5
12543.0
1016.5
10815.0
6760.0
536.5
4075.0
8443.5
2306.5
68.0
68.0
5591.0
6804.0
5792.5
6061.5
68.0
4551.0
2424.0
10222.0
68.0
1190.5
4949.5
1802.0
5422.0
68.0
6409.5
14498.0
153.5
0
3672.5
68.0
6794.5
11300.5
5741.5
9516.5
4065.5
3349.0
3986.0
3205.0
3253.0
438.5
1766.5
68.0
68.0
2291.0
4535.0
3604.5
1036.0
443.5
3456.5
4041.0
2878.5
68.0
9104.5
2509.5
11973.0
68.0
5095.5
8359.0
3069.0
10343.0
9088.0
551.5
68.0
2282.5
11756.5
1479.5
24925.0
3272.5
10793.5
944.0
68.0
2672.5
11555.5
16996.0
68.0
2707.0
2082.5
1794.0
5023.5
68.0
21830.0
68.0
3665.0
68.0
8007.5
6818.0
2717.0
4668.0
68.0
1594.5
2485.0
2970.0
3410.5
3581.0
11572.0
3630.0
8.0
910.0
2745.5
68.0
1620.5
2843.5
17394.5
68.0
2835.0
1402.5
15824.0
1894.5
6564.0
12950.5
931.0
17907.5
4465.5
629.5
1484.5
3270.0
22040.5
2251.5
9339.0
10720.0
15774.5
6127.0
6311.5
8171.5
68.0
68.0
11132.5
7979.0
13455.0
68.0
163.0
4990.0
6943.0
6782.0
11687.0
8461.0
8120.0
646.0
5874.0
2868.0
15700.0
8.0
6782.5
5911.0
8949.5
1033.5
68.0
68.0
19992.5
9395.0
3500.5
6589.0
7948.0
1036.0
6083.0
68.0
927.5
6778.0
68.0
1521.5
9924.5
1483.0
153.5
16498.0
4568.0
68.0
7875.5
1760.0
6850.0
627.5
6954.0
6220.0
5824.5
68.0
5826.0
2985.5
3141.5
6772.5
4496.5
68.0
4184.0
5594.0
6368.5
1704.5
68.0
1707.5
12004.0
2233.0
9044.5
9881.5
6482.0
9415.0
2524.5
68.0
5485.5
1507.0
6271.5
20050.0
646.0
15651.5
14923.5
163.0
68.0
12964.0
7180.0
4496.5
4559.5
1426.0
11896.0
9385.0
9383.5
7662.5
7193.0
1848.5
2319.0
5029.0
2907.0
68.0
622.5
68.0
4497.0
3528.0
163.0
8083.5
10483.0
3694.5
5483.0
5495.5
1126.0
0
19643.0
5047.0
633.5
1334.5
68.0
909.5
3626.0
348.5
0
2665.5
17538.0
1861.0
8161.0
646.0
2680.5
3195.0
2835.0
13366.5
4936.5
163.0
4537.5
1867.5
5873.0
521.0
1404.5
348.5
12146.5
1399.5
9216.0
23239.5
2017.0
16485.5
9784.5
68.0
1780.5
2268.0
19122.0
17466.5
68.0
6573.5
8909.5
534.5
16920.0
5882.5
1779.5
7959.5
7285.0
6293.5
1660.0
68.0
629.5
15098.0
2838.5
9176.5
8584.5
3639.5
1324.0
20485.5
0
18069.5
5113.5

4090.5
68.0
68.0
163.0
5459.0
7847.0
11395.0
1926.0
1020.5
0
7050.0
8494.5
13459.0
68.0
6716.0
68.0
5494.5
11184.5
18085.0
271.0
6724.0
4536.0
15177.5
627.5
68.0
68.0
2751.0
5444.5
3480.5
19305.0
68.0
11269.5
9783.5
1878.0
5832.5
68.0
9479.5
8893.0
12066.0
828.5
714.5
173.0
5050.0
1070.5
1861.0
2209.0
10723.5
3231.0
0
23692.5
6897.5
5494.5
2047.0
3264.0
17443.5
68.0
68.0
12495.0
10413.5
3588.5
12067.0
3775.5
2351.5
153.5
1224.0
2336.5
16157.5
11547.0
6034.5
22295.0
2002.0
11114.0
10749.0
0
68.0
5481.5
4648.0
1029.0
2322.5
5530.0
18240.0
7208.5
11156.5
77.5
1891.5
4902.5
10702.5
663.0
21369.5
15093.5
4480.0
4823.0
3692.0
4970.0
6774.5
12086.5
10687.0
68.0
1333.5
13856.5
16114.0
68.0
68.0
629.0
5454.0
2757.5
3115.0
7124.0
0
3548.0
535.0
163.0
5919.5
68.0
163.0
16446.0
2919.0
68.0
15453.0
0
1004.5
13168.5
0
4574.5
1505.0
13979.0
16419.0
68.0
14700.0
6525.5
3160.0
628.5
0
19329.0
719.0
1874.5
4099.5
2696.0
6542.5
6412.0
2215.0
7082.0
2140.0
2372.0
6850.0
68.0
0
19197.5
24206.0
3606.5
68.0
3982.5
4163.0
68.0
21414.5
19163.5
7289.0
1019.5
3219.0
6381.0
438.5
11220.5
1348.0
4098.5
3629.5
438.5
4989.5
13784.5
68.0
3619.5
3396.5
16884.5
1016.5
2370.5
1133.0
68.0
14518.0
0
2445.0
1409.5
1430.0
68.0
927.0
4586.5
7203.0
1942.0
68.0
68.0
8151.0
68.0
2341.5
6685.0
5524.5
11142.5
438.5
9422.0
2305.0
17327.0
20441.5
365.5
1844.5
1411.5
7765.0
1065.5
19237.0
629.0
68.0
16573.5
7256.0
68.0
68.0
16162.0
612.5
68.0
9350.0
22708.5
25348.0
5946.5
6667.0
614.0
1446.0
1891.5
68.0
8342.5
4501.5
10769.5
1891.0
9022.5
13008.5
4140.0
11328.5
12938.5
20720.5
9506.0
3134.5
13369.0
10307.5
6731.0
4550.5
11596.5
68.0
2193.0
68.0
438.5
1070.5
8377.5
2368.0
6377.0
943.5
68.0
68.0
68.0
2209.0
4951.0
68.0
3181.5
3983.0
3280.0
6765.0
7550.5
68.0
612.5
68.0
11194.5
1540.0
2665.5
1390.0
1319.0
5011.0
12126.0
0
6801.0
1878.5
0
3212.0
163.0
719.0
8584.5
6364.5
3685.5
1862.5
529.0
11989.0
68.0
5782.0
4153.0
68.0
4364.0
10506.0
1899.5
551.5
9976.0
10697.5
1878.0
1612.0
2792.5
4472.0
1112.0
68.0
1667.5
19148.0
10229.5
15629.0
4869.5
1490.0
14417.0
6478.0
1427.0
13015.0
6356.0
257.0
6633.5
438.5
8527.0
6308.5
1019.0
2001.0
3005.0
6834.0
612.5
68.0
68.0
2374.5
1477.5
3597.0
2071.0
6003.5
5753.0
629.0
8055.5
4135.5
7670.0
1892.5
458.0
4899.5
173.0
10365.0
2809.5
6350.5
68.0
22320.5
9104.0
68.0
1782.5
1771.0
1817.5
3589.5
163.0
3203.5

12591.0
13846.0
68.0
7095.5
68.0
25890.5
629.5
21342.0
9564.5
8478.0
68.0
163.0
533.5
4873.0
2276.5
910.0
68.0
2330.0
4954.5
68.0
3926.0
18650.5
1522.5
2319.0
68.0
527.5
68.0
68.0
3711.5
5562.5
3738.0
514.5
3126.5
943.5
68.0
2327.5
4046.0
1039.0
2536.0
68.0
6747.5
3032.5
3032.0
16486.5
1406.5
543.5
537.5
2582.5
11235.0
2788.0
8861.0
1863.0
554.5
5505.0
11781.0
7054.0
5031.5
5726.5
9358.5
15455.0
6314.5
10734.5
8035.5
8992.0
12168.0
927.5
5927.5
22351.5
68.0
19908.5
8131.0
15066.5
1300.0
68.0
596.5
533.5
1149.5
163.0
7313.5
7388.5
2762.0
5787.5
7567.5
0
8061.5
68.0
1894.5
68.0
68.0
68.0
9035.0
4883.5
755.5
13998.5
13014.0
1036.0
910.0
14757.5
4529.5
68.0
5473.5
927.0
3588.0
8463.5
5804.0
1871.0
68.0
2770.0
5782.5
5329.0
3428.5
1877.5
7027.5
68.0
6718.5
24172.5
13894.5
1106.5
4437.5
3194.0
10722.5
8553.5
1486.0
17878.0
1021.5
3121.5
4804.0
3677.0
9828.5
26708.5
738.5
19817.0
68.0
22670.0
1523.0
6372.5
15967.0
4144.0
14467.0
629.0
12035.0
0
3251.0
9825.0
1597.5
68.0
10014.0
1872.0
11855.5
8599.0
19272.0
6901.5
13369.5
13482.0
68.0
3556.0
9782.0
68.0
10216.5
16197.0
68.0
68.0
2348.5
68.0
7986.5
68.0
20138.0
3597.0
4444.5
11619.5
1225.0
68.0
14789.5
1427.0
2824.5
68.0
68.0
68.0
4979.0
8363.0
2450.5
533.5
2474.5
2206.5
1019.5
6678.0
629.0
68.0
68.0
629.5
12129.5
458.0
68.0
14726.5
10278.0
68.0
68.0
23606.0
719.0
16064.0
943.5
7205.0
9851.5
7289.0
2730.5
11625.0
5966.0
13830.5
22035.5
68.0
4600.0
17494.0
6028.5
6792.5
68.0
5861.0
13439.5
629.0
6452.5
4102.5
13232.5
10256.0
1825.0
6399.0
5073.0
7163.0
6477.5
68.0
1912.0
16469.0
995.0
68.0
1516.0
5906.0
68.0
3113.5
1538.0
7634.5
7607.5
1128.5
68.0
1126.0
2782.5
738.5
1929.0
6268.0
163.0
163.0
153.5
1036.0
3188.0
68.0
22789.0
7147.5
12529.0
68.0
17997.0
647.0
3149.5
646.0
12523.0
5013.5
1032.0
1021.5
0
14714.0
999.5
20898.5
1836.0
1814.0
11779.5
0
3203.5
4924.0
2425.0
5887.5
4880.0
1015.0
14029.0
8842.5
4535.5
8008.5
3302.0
3192.5
1004.5
19659.0
997.5
4276.5
738.5
10680.5
4077.0
68.0
10205.5
7728.0
8090.0
18353.0
7334.0
23605.5
68.0
2347.0
13352.5
9098.0
7315.0
12076.5
11551.5
3142.5
10759.0
68.0
68.0
21768.0
68.0
10249.0
3671.5
1612.0
8419.0
11109.5
15205.5
4457.0
9907.0
68.0
15241.0
17830.0
16601.0
18383.0
12525.5
11391.0
2773.0
4985.0
543.5
10948.5
4162.0
21058.0
7477.0
68.0
8987.0
1430.0
68.0
1895.0
9911.0
6708.5
1350.5
6578.0
19202.5
1488.0
16690.0
24640.5
6285.5
458.0
4633.5
14300.0
910.0
68.0
7430.5
2221.5
1874.5
2794.5
514.5
14478.5
18757.5
1033.5
4969.0
1935.0
68.0
646.0
2824.0
4890.0
12889.5
1002.5
4089.5
926.5
11564.5
533.5
9086.5
68.0
4129.5
15712.0
521.0
10396.0
13385.0
20945.0
8513.5
7398.0
7991.0
21384.0
1034.0
6550.0
12912.0
3528.0
3215.5
5020.0
7371.5
21437.0
1322.0
68.0
0
15808.0
14642.0
4553.0
944.5
5886.0
1875.0
0
5061.0
4904.0
2248.0
9136.5
2720.0
12998.5
9344.5
612.5
11355.0
2330.0
4963.0
2248.0
8707.5
629.0
1053.0
910.0
2299.5
5963.0
554.5
4092.0
6773.0
3698.5
68.0
926.5
15244.0
68.0
68.0
2720.5
4548.0
1796.5
11201.0
4580.5
3107.0
8970.5
4670.0
68.0
17883.5
6778.5
3295.5
163.0
18249.5
163.0
2342.5
68.0
1892.0
15677.5
19152.5
4572.5
6793.0
5855.5
8997.5
68.0
68.0
4149.0
68.0
1522.5
10795.0
4919.0
7102.0
6753.0
25439.5
9368.5
68.0
17874.0
7145.0
0
68.0
68.0
153.5
68.0
7993.0
680.5
6204.5
543.5
173.0
910.0
893.5
68.0


18221.5
6286.5
1505.5
2341.0
68.0
438.5
11986.5
5005.5
1892.0
1373.0
68.0
11744.0
3216.5
1430.5
4034.0
18857.0
68.0
4152.0
6827.5
68.0
1984.5
68.0
24554.5
4167.0
18934.5
5860.5
543.5
844.5
153.5
3236.0
18321.0
7239.0
6740.5
15532.0
5990.5
20524.0
6089.5
12530.5
5948.5
2285.0
68.0
1530.5
2457.0
68.0
2837.5
8099.0
4547.5
8023.5
13468.0
4443.0
20589.0
8935.0
68.0
12479.5
7159.5
614.0
6818.0
1413.5
68.0
2846.0
15223.0
22694.0
1521.5
2814.5
5424.5
7660.5
6215.0
2251.0
68.0
6354.5
4149.0
68.0
68.0
458.0
6809.5
10345.5
16946.5
1406.5
8512.0
2334.0
8464.0
5799.5
20132.0
8528.5
3199.5
20124.5
6807.5
17722.0
6784.5
11200.0
68.0
2731.0
19260.5
11348.0
8017.0
2751.0
2826.0
7768.0
983.0
3623.5
4541.5
0
68.0
4163.0
18027.0
68.0
5492.5
7327.0
10480.5
10343.5
25369.0
20512.5
988.5
14663.0
0
1410.5
612.5
12476.0
1768.0
9042.5
623.0
163.0
9524.5
19790.0
629.5
943.5
4435.5
5910.0
19753.5
629.0
2722.0
1985.5
14907.5
7816.0
1934.0
3566.5
1602.0
12455.0
1427.0
11845.5
1564.0
14326.5
4988.0
6323.0
11249.5
18677.5
7171.0
10050.5
717.0
365.5
348.5
1409.0
3537.0
13423.5
16211.5
5341.5
7988.0
4059.5
524.0
9025.5
0
7599.0
3426.0
10854.0
10277.5
2769.5
6783.5
2854.0
68.0
5005.0
3567.5
1136.5
4197.5
1908.5
19292.0
23251.0
68.0
14396.0
1689.5
2956.0
1968.0
4144.5
6599.5
17761.5
2812.0
4522.0
10338.5
13601.5
18763.0
4496.5
5792.5
6796.5
7210.0
68.0
1503.0
68.0
8576.5
4912.0
14915.5
646.0
4006.5
68.0
0
6270.5
6248.0
2100.0
6983.5
68.0
534.5
2084.5
21780.5
2455.5
68.0
18908.5
17392.0
6368.0
7260.0
13088.0
2830.0
68.0
1878.5
4134.5
14260.5
1897.0
22744.5
10012.0
10776.0
12495.5
2268.0
1984.5
9413.5
68.0
2367.5
925.0
6751.0
2936.0
8103.5
18302.5
8266.5
647.0
3720.0
16621.0
4466.0
9901.5
12981.5
14225.5
5461.5
0
13511.5
961.0
2764.0
4039.5
5158.5
5608.0
68.0
14755.5
7262.0
1843.0
7409.0
3258.5
22799.5
1866.0
438.5
15677.0
6833.0
68.0
68.0
6367.5
14896.5
8942.5
6332.5
9375.5
1002.5
5008.0
15600.0
1423.5
68.0
22747.5
14840.0
13883.0
9067.0
68.0
960.5
2592.0
16540.0
19059.5
3668.0
7680.5
2239.0
646.0
4576.0
1126.0
8006.0
68.0
2753.0
13895.5
9877.0
68.0
1331.5
6758.5
7610.5
1522.0
22728.5
9460.0
68.0
3213.5
10038.0
7441.5
9780.0
3216.0
68.0
3678.0
1002.5
3689.0
10426.0
1109.0
2672.5
13501.0
1982.5
68.0
22065.5
6350.0
19213.5
2256.0
736.0
1409.0
5031.5
13751.5
8154.5
926.5
5380.0
3006.0
15287.5
8137.0
68.0
1038.5
6299.0
68.0
5801.5
4561.5
8169.0
68.0
11171.5
7684.0
68.0
19751.5
2771.0
1844.0
1706.5
12778.0
68.0
0
68.0
4167.0
5375.5
2338.0
14265.0
5127.0
16096.0
9873.0
1570.5
16592.0
9567.5
68.0
3668.0
551.5
68.0
6178.5
68.0
4911.0
68.0
6269.0
1803.0
68.0
2236.5
10250.0
23209.5
68.0
9355.0
10943.0
68.0
4609.5
7707.5
14331.5
68.0
8034.5
1486.0
68.0
835.0
5879.5
893.0
7676.5
68.0
11101.5
14799.5
1924.5
68.0
10371.0
68.0
17582.0
3537.0
10225.0
3759.0
7714.0
15272.5
5154.0
438.5
2838.5
8177.5
16040.0
5837.5
68.0
81.5
22805.0
68.0
6617.5
4200.5
4538.0
438.5
6237.0
14836.0
10881.5
1029.0
6716.0
68.0

4082.0
1106.5
521.0
2717.0
4937.5
68.0
68.0
11632.0
19188.0
736.0
14203.5
5883.5
5267.0
68.0
5121.5
6778.5
7239.5
68.0
9485.5
533.5
9948.0
3611.5
68.0
9471.5
22779.5
1019.0
9461.0
4240.0
3554.0
68.0
23291.0
11667.0
9551.0
12584.5
68.0
1861.0
68.0
551.5
78.0
629.5
68.0
1894.5
551.5
2857.0
3683.0
68.0
14298.0
1383.5
68.0
1121.5
1504.0
3125.0
4589.5
23302.5
25229.5
6858.0
1413.5
18579.5
68.0
10651.0
1426.0
20494.5
68.0
3656.0
8527.0
5933.0
45.5
1799.0
6252.5
4609.5
68.0
5904.0
5079.0
910.0
2823.5
68.0
68.0
12750.0
2414.0
68.0
4618.5
1886.5
629.0
4582.5
1763.5
1428.5
1598.0
14926.5
68.0
2745.0
999.5
646.0
5116.5
68.0
5431.5
68.0
2414.0
1019.0
19188.5
10350.5
57.5
68.0
10968.5
13334.0
10005.5
7709.0
14478.5
458.0
1893.5
4467.0
541.0
3179.0
4202.5
8128.5
6225.5
4190.0
11347.5
537.5
68.0
1580.5
4004.0
5914.5
5835.5
1594.5
6281.0
10777.5
5393.0
26283.5
7251.5
3062.5
11286.5
10944.5
1387.0
7723.5
68.0
6293.0
8465.5
1005.0
3682.0
0
3647.5
980.5
1892.0
4901.0
6264.5
68.0
15248.5
1862.5
20541.5
4957.0
7124.5
0
663.0
5839.5
8027.5
68.0
2768.0
1109.0
10292.0
2745.0
68.0
4884.5
5544.0
11172.5
16636.0
3308.0
7692.0
4533.0
1489.5
8092.0
3599.5
15130.5
18379.0
12076.5
944.0
1406.0
24941.5
13816.0
524.0
68.0
18359.5
14308.5
4451.0
1611.5
4907.0
646.0
9747.5
7652.5
2741.0
5132.5
13006.0
68.0
4660.5
8454.0
4856.0
2743.0
3113.5
14766.0
995.0
15319.0
20115.5
0
16921.5
11718.0
1334.0
68.0
9178.5
2230.5
12525.5
6299.5
458.0
1875.0
6331.0
3150.5
1331.0
629.0
12196.5
10323.0
0
2671.0
646.0
0
13016.0
5072.5
2357.5
0
698.0
515.0
4092.5
68.0
3124.0
2681.5
3221.5
2087.5
8470.5
9348.0
3677.5
5594.5
0
153.5
627.5
1033.5
9774.5
15179.0
2382.0
1019.0
1019.0
11887.5
68.0
926.5
8602.0
68.0
1053.0
348.5
25446.5
8514.0
1786.0
20991.5
738.5
2853.0
3972.5
68.0
9469.5
4953.0
24045.5
68.0
5854.5
68.0
68.0
0
4129.0
5915.0
3218.0
68.0
68.0
10748.5
2792.5
438.5
12144.5
163.0
68.0
5477.5
13449.5
4535.5
15830.0
68.0
2549.5
9109.0
1124.5
6337.0
1897.5
6635.0
22674.0
3685.0
12553.5
3225.0
68.0
1115.5
6808.5
6810.5
3591.5
153.5
9942.5
7158.0
68.0
21040.0
0
2009.0
3233.5
15229.0
7409.5
13021.0
68.0
646.0
68.0
0
828.5
2753.0
5861.0
163.0
722.0
4912.5
7245.5
0
8065.5
10495.0
24164.0
15639.0
22234.5
68.0
3668.0
3670.5
4894.5
4456.0
2394.5
12521.5
5521.5
1126.0
1036.0
8122.0
10712.5
1479.5
909.5
6890.0
1019.5
8642.0
23545.5
4563.0
11134.5
4625.0
8883.5
1492.0
3648.5
9045.5
68.0
4875.0
2751.0
9892.5
7269.0
68.0
1995.0
5814.5
68.0
3809.0
19266.5
68.0
8526.5
5928.0
8157.5
3281.0
5451.5
3076.5
15212.0
163.0
1926.5
1443.0
0
1914.0
2231.5
12104.0
943.5
15216.5
4167.5
68.0
163.0
5626.5
944.0
17448.0
5197.0
9666.0
3886.5
4142.0
68.0
458.0
1499.0
13899.5
3113.5
9397.5
3868.5
14835.0
2085.0
1126.0
3141.0
7331.0
6670.5
18658.0
14375.0
4546.5
20373.0
11260.0
5789.5
9460.5
16968.0
68.0
19399.0
68.0
3735.5
3184.5
8553.0
1782.0
11173.5
1780.0
68.0
6805.0
16375.0
3230.0
153.5
7150.5
68.0
11663.0
8661.0
6400.0
68.0
10763.5
8517.5
5440.5
5895.5
21565.5
7262.0
68.0
4009.5
9924.5
3679.0
3169.0
4070.5
12548.5
13818.5
1033.5
16460.0
6495.0
15577.0
12482.0
1866.5
1349.0
5414.0
10192.5
8992.0
15908.0
9510.0
16520.5
6046.0
1447.5
14916.5
1861.0
3169.0
7164.0
7592.5
438.5
1807.5
5112.0
68.0
4803.0
68.0
68.0
2321.0
12945.0
5515.5
1892.5
68.0
9125.5
1102.0
9651.0
13910.5
1907.0
68.0
595.0
24151.0
6493.5
543.5
8997.5
458.0
4928.5
68.0
4899.5
18535.5
9530.0
173.0
1410.0
16167.5
1999.0
6049.0
1963.5
2297.5
5786.0
927.0
8146.0
1406.5
1496.5
11677.5
1427.0
4559.0
12062.5
9026.0
612.5
13009.5
1578.5
8067.5
16134.5
543.5
9536.0
68.0
9979.0
16962.5
16000.5
6842.5
11589.0
7416.5
1036.0
6867.0
68.0
1016.5
15608.5
7677.0
19123.5
12489.5
5498.5
1033.5
458.0
8655.5
365.5
719.0
5443.0
4131.0
20030.5
1509.0
646.0
9371.5
9835.5
13806.5
1021.5
68.0
2245.5
22653.0
16236.5
68.0
10353.0
7339.0
68.0
4463.0
4563.5
3943.5
25048.0
10521.5
20174.0
10013.0
4954.0
8537.0
1002.5
5823.5
10756.0
68.0
1926.5
5600.0
5042.5
5546.5
629.0
4015.5
5462.0
68.0
68.0
4987.0
12179.5
1089.5
9395.5
4432.5
10653.5
6025.5
438.5
68.0
1114.0
11616.5
9763.0
1959.5
68.0
68.0
3838.5
19260.5
1956.0
1504.5
3980.5
9774.5
9919.0
2364.0
3711.0
2700.0
4970.0
3590.0
68.0
629.0
4601.0
1863.5
1489.0
21806.0
5879.0
2100.5
16529.5
11266.0
21136.0
11298.0
5006.5
2475.0
68.0
5444.0
24994.0
2728.0
11658.0
5982.5
3293.0
1489.5
3049.5
2346.5
5036.0
3304.5
3516.5
10280.0
8137.0
1015.0
1207.5
68.0
1946.5
2171.0
7271.5
68.0
1133.0
515.0
4098.5
8169.5
5379.5
923.5
3669.0
1579.0
663.0
2789.5
13517.0
68.0
9976.5
3830.5
10762.0
22811.5
21837.0
5930.0
14730.5
4627.5
6197.5
7115.0
1836.5
68.0
2253.5
6739.0
12169.5
68.0
5832.0
25465.5
11552.5
68.0
4015.5
1539.5
7876.0
12099.5
8943.5
11467.5
2528.5
5337.0
68.0
4121.5
629.0
8926.5
6458.5
4454.5
641.5
5212.0
68.0
3553.0
68.0
7205.0
0
14793.5
4038.5
68.0
14729.0
2734.5
3250.5
1468.0
534.5
7447.5
926.5
1000.0
1406.5
1892.0
5368.5
2919.0
68.0
0
12705.0
2792.0
1819.5
15732.0
3292.5
9387.0
68.0
8498.0
10394.0
35.0
8078.0
5878.5
68.0
20582.0
4166.0
2655.5
12948.0
612.5
4977.0
2299.0
944.5
13425.0
68.0
5834.5
18705.0
68.0
68.0
8173.5
5912.0
3556.0
11112.5
19216.5
2770.0
1963.5
68.0
14223.0
9340.0
16245.0
8595.5
13852.0
1019.0
926.5
8535.5
2694.5
1106.5
2263.5
629.5
17807.0
4962.5
4484.5
17965.0
16122.0
3243.5
1597.5
6540.0
4542.0
8519.0
3314.0
4288.5
1614.0
663.0
68.0
16900.0
10272.0
19142.5
20217.0
629.0
1521.5
10221.5
19755.0
68.0
3627.5
10763.0
68.0
2826.5
68.0
0
67.5
1804.0
927.5
68.0
23650.0
4075.0
2691.5
18634.5
1356.5
6849.5
4047.0
26856.5
68.0
13806.5
8585.5
5490.0
4483.5
8561.5
8882.5
15239.5
23110.0
9152.0
7655.0
5509.5
25279.0
12096.0
1019.0
3194.0
12531.0
7266.0
10845.0
9382.0
68.0
4019.0
3623.5
7577.5
16913.5
11748.0
5856.0
14385.0
24150.5
12940.5
20474.5
11175.0
68.0
1894.5
8895.0
9940.0
8163.5
2248.5
4965.0
6548.5
23172.0
68.0
1109.0
6763.0
4985.5
2338.0
68.0
22721.0
68.0
3994.5
10269.5
13411.5
9885.5
4186.5
629.0
68.0
5500.5
16568.0
5404.0
8205.5
10365.0
2414.5
944.5
2079.5
926.5
7716.0
2172.5
5171.0
9353.5
10190.0
68.0
646.0
6430.0
5820.0
68.0
1925.0
19514.5
9601.5
6261.5
7720.0
0
19207.5
6544.0
68.0
18364.5
14376.0
17387.5
153.5
68.0
4961.5
7252.0
5124.5
25925.5
1326.5
8160.5
3711.5
1019.0
3176.0
12328.5
11604.0
8403.0
19633.0
543.5
68.0
22757.5
5445.5
2372.0
163.0
10141.0
6663.0
3620.5
7375.5
901.0
68.0
12618.5
1877.0
14718.0
7346.5
9999.5
3626.5
3404.5
4536.0
7247.0
68.0

10967.0
5460.0
10351.0
14717.0
10208.5
9378.0
7881.0
12496.0
4951.0
11561.0
24590.0
521.0
11465.5
1486.0
6298.0
9916.0
1070.5
541.0
11671.0
2859.0
8043.0
20982.0
68.0
5390.5
10307.5
9274.5
68.0
13512.0
10907.5
6182.5
68.0
9417.0
2518.0
4121.5
4609.5
23162.5
438.5
6716.0
9520.5
9976.0
4615.0
68.0
1034.0
68.0
11154.0
23055.0
4985.0
68.0
12586.5
18383.0
12725.0
6690.5
68.0
4577.0
2087.5
22725.0
68.0
5824.5
6964.0
1015.0
68.0
77.0
2265.5
15562.5
23631.5
17372.5
8605.5
5152.5
3528.5
13720.5
5784.5
68.0
1539.0
5889.5
3680.5
10285.5
1865.5
11659.5
627.5
5486.5
2215.0
1036.0
1865.5
6812.0
68.0
6703.0
68.0
534.5
10396.5
8236.0
21811.5
11653.5
21832.0
4471.0
2371.5
11295.5
14846.5
1650.5
8484.5
68.0
6444.0
68.0
8321.0
4177.5
4988.0
3780.0
3160.5
6725.5
68.0
13956.0
1224.0
4559.5
19396.5
23112.0
1099.0
5768.0
14334.0
14936.0
7655.0
7898.0
25464.5
9030.5
68.0
3346.5
1019.5
9452.0
21340.5
68.0
1907.5
13902.5
4007.0
68.0
4158.5
15636.0
1021.5
6421.5
4945.5
6397.0
1562.5
15715.5
21694.0
68.0
68.0
1036.0
5453.5
14338.5
21874.5
9239.5
4665.0
0
0
0
6.0
13357.5
10540.0
68.0
1521.5
13405.0
11223.5
5557.5
629.0
458.0
1002.5
0
68.0
68.0
13737.0
2115.0
0
6375.5
5678.5
1199.0
2097.5
23291.0
68.0
7435.5

10786.0
7684.5
11389.0
12014.5
4536.0
13432.5
2224.0
4966.5
4464.5
15274.0
7214.0
1892.0
3304.0
2991.5
1492.0
5416.5
1505.0
3708.5
3135.5
2662.0
1796.5
20897.0
1032.5
12851.0
12387.0
10135.0
4497.0
15277.5
10028.5
5626.5
25017.0
1280.5
1033.5
4618.5
23162.5
0
14536.5
5018.0
7898.0
6455.5
1002.5
8123.0
5602.5
8926.5
2209.5
9387.0
8679.5
0
68.0
8744.0
4095.5
12258.0
8222.5
5993.5
2336.0
10887.0
20421.5
1112.0
17025.0
3685.5
8050.0
68.0
1816.0
12078.5
438.5
68.0
16071.0
6450.5
4151.0
4453.5
0
9363.5
5322.0
68.0
2487.5
0
2300.0
3527.5
68.0
10321.5
1021.5
4937.0
663.0
828.5
68.0
1333.5
5452.0
1488.0
10829.5
68.0
68.0
2780.0
15384.0
19646.5
19079.5
8979.0
13374.5
10783.5
6178.5
1038.5
9081.5
458.0
11550.5
9816.0
348.5
3226.0
17214.5
2678.0
641.5
10477.5
18825.0
18832.0
2248.0
17877.0
5079.5
11185.0
3601.5
5765.5
5929.0
68.0
4634.5
8948.0
2296.0
5793.5
68.0
17775.5
2805.5
629.5
9815.5
15284.5
11196.0
1443.0
68.0
14914.0
7329.0
6310.0
5782.5
4650.5
8988.0
8906.0
960.5
2688.5
68.0
438.5
16920.0
68.0
893.0
458.0
5438.0
348.5
2717.5
68.0
8575.5
4171.5
9780.0
0
68.0
3099.0
4503.0
26481.5
0
18193.0
68.0
8519.5
0
7330.0
5528.0
7039.5
4755.0
6081.5
11984.0
1776.5
1863.5
8123.5
22223.5
910.0
0
11330.5
1406.5
68.0
163.0
9066.0
6333.0
4446.5
68.0
5
736.0
68.0
5413.0
460.5
11666.0
0
2233.0
2860.5
68.0
2941.0
1422.0
2824.5
12552.5
8566.5
540.0
4521.0
3999.5
12984.5
6181.5
5096.5
4583.5
4078.0
68.0
5873.5
1241.5
10270.5
68.0
68.0
897.5
458.0
1816.0
3718.0
68.0
0
2819.5
68.0
12960.0
6740.0
533.5
6353.0
19093.5
68.0
5337.0
12968.5
2276.5
163.0
1332.5
6368.5
2367.0
68.0
20067.5
16109.0
7212.5
7131.5
5872.0
68.0
68.0
2770.0
2805.0
68.0
163.0
10679.0
4550.0
8597.0
17873.0
5154.5
6901.0
68.0
10473.0
879.0
6378.0
8990.0
153.5
2728.5
68.0
3777.5
4951.0
1506.0
163.0
3566.0
14049.5
68.0
7681.5
5824.0
0
68.0
3702.5
3879.5
68.0
11570.5
12904.5
6822.5
1126.0
7236.0
5137.5
22017.5
5423.5
13894.0
0
9822.5
3287.0
13926.5
68.0
4952.5
68.0
6011.5
3958.5
365.5
1096.0
5598.5
2545.5
7307.5
23278.0
2248.5
22323.0
3159.0
9550.5
22554.5
8070.5
6964.5
755.5
5208.0
3679.0
15297.5
11409.5
7245.5

4173.0
68.0
438.5
18240.0
3814.5
12715.0
2791.0
68.0
11757.0
909.5
68.0
1444.0
5040.5
68.0
4897.0
68.0
2825.0
13117.0
3076.0
1486.0
1132.5
1475.5
2312.5
2341.0
2724.0
21906.5
8520.5
3575.0
68.0
25046.0
2407.0
12074.0
2747.5
77.5
13514.5
5853.5
1413.0
2381.0
629.0
12284.0
4982.0
12108.0
8890.5
4448.0
2346.0
1612.0
1431.0
4428.0
21886.5
6820.0
68.0
348.5
629.0
68.0
2830.5
9868.5
68.0
21117.0
68.0
16482.0
1109.5
10686.0
3598.0
4186.5
17908.5
3677.5
9386.5
458.0
7841.5
458.0
68.0
6790.5
15568.0
5788.0
9669.5
2675.5
68.0
11263.0
13810.5
4721.5
1854.0
0
554.5
1016.5
9522.0
68.0
3735.0
1406.5
614.0
68.0
1505.5
1316.5
2693.5
8930.0
998.0
2382.0
14399.5
10090.0
20004.0
68.0
4501.0
1599.5
68.0
1505.5
15278.5
1333.5
12284.5
2688.5
1560.5
4013.5
68.0
4617.5
5506.5
10779.0
8667.5
8048.0
14405.0
0
7147.5
751.0
3643.0
68.0
4869.0
68.0
8704.0
8319.5
2580.5
629.0
711.5
9845.0
271.0
5417.0
2367.5
22429.5
3539.0
1015.0
1786.0
9894.0
15582.0
1877.5
68.0
8704.5
2844.0
2021.5
12972.0
12127.5
9713.5
17396.5
2843.0
20502.5
7253.5
6389.5
629.0
68.0
68.0
5071.0
1424.0
3534.0
13300.5
11614.0
4462.0
6259.0
5511.0
7528.5
6084.0
19948.5
2336.5
2431.0
15571.0
9164.0
15123.0
20752.5
68.0
17805.5
1522.0
0
3789.0
68.0
3694.0
13381.0
68.0
1509.0
68.0
534.5
533.5
719.0
0
27364.5
13917.0
7999.5
68.0
11362.0
9343.5
2747.0
1376.5
8003.0
3239.0
9424.0
4471.5
11298.0
11661.0
16124.0
15779.5
6840.0
1115.5
1316.5
68.0
3764.0
11708.5
0
3676.5
4143.0
629.0
18267.0
68.0
1099.0
12474.0
3198.5
68.0
68.0
1490.0
22230.5
11656.0
5915.0
2007.5
6439.0
1883.0
2862.5
68.0
11614.0
68.0
1031.5
4463.0
68.0
20582.0
3557.5
2060.0
4598.5
943.5
7557.0
13868.0
1190.5
68.0
2771.0
68.0
10364.5
1487.5
11442.0
19198.0
18978.5
4118.5
21263.5
68.0
6676.0
2374.5
3923.0
5385.0
1526.0
1582.5
1578.0
9604.5
7181.5
3256.0
9455.0
68.0
3209.5
10313.5
927.0
5992.5
7294.5
5455.0
12659.0
68.0
5291.5
3160.5
8605.0
1892.5
68.0
4120.5
16689.5
3818.5
1538.5
943.5
4556.0
4577.0
12396.5
2678.0
11774.5
25988.5
13461.5
7665.5
7092.5
68.0
18647.0
68.0
4334.0
7269.0
11612.0
10341.5
13840.0
9785.5
5045.5
68.0
68.0
68.0
6917.0
537.5
68.0
4180.0
0
18904.5
6773.0
5369.5
16451.0
5362.0
68.0
1406.5
2774.0
8876.0
1499.0
3572.0
21417.5
2682.0
9787.5
1487.0
13012.0
553.0
17442.5
15716.5
5324.0
14827.0
4705.5
9946.0
3643.5
68.0
68.0
6649.5
7681.0
68.0
1965.0
1878.0
3171.0
68.0
68.0
2669.5
6681.5
0
68.0
68.0
20130.0
68.0
8113.0
68.0
10580.5
13012.5
9684.0
909.5
6627.5
1016.5
2341.0
68.0
10853.0
3839.5
68.0
1370.0
3207.5
9739.0
18297.5
8055.5
3570.5
1966.0
458.0
7690.5
17414.0
68.0
2347.0
11618.0
4988.0
438.5
2973.0
11570.0
8079.0
5046.5
7594.0
6368.0
3765.0
17370.0
68.0
1021.5
68.0
2265.5
1831.0
4082.0
438.5
18827.5
68.0
944.5
533.5
0
7657.5
1911.5
3720.5
163.0
3115.0
68.0
4951.0
8567.0
2245.5
9261.0
1809.5
8924.0
8562.5
12142.0
68.0
4462.5
3503.5
9074.0
9411.5
6394.0
68.0
1894.5
68.0
68.0
5050.0
12117.5
7765.5
1912.0
443.5
3594.5
6033.0
16008.0
257.0
2708.5
7117.0
9418.0
2854.5
4949.0
2662.5
3145.0
13115.5
8978.5
1426.0
5126.5
3304.0
1019.0
1984.5
10694.0
14677.0
1950.0
1499.0
68.0
25413.5
68.0
22009.0
16851.0
629.0
68.0
537.5
9450.0
1816.0
4190.0
11643.0
68.0
1019.0
25235.0
16242.0
68.0
4462.0
3872.0
6389.5
9876.5
4571.0
3699.0
1488.5
2353.0
2526.5
3662.5
0
1143.5
13525.5
534.5
6343.5
5018.5
17442.5
67.5
5249.0
16107.5
15966.0
68.0
271.0
15990.0
4368.5
20908.5
1016.5
4051.0
738.5
68.0
3253.0
926.5
68.0
9898.0
2355.5
68.0
1876.0
7998.5
68.0
68.0
5883.0
22658.5
68.0
68.0
3068.5
5440.5
68.0
1779.5
4475.0
1379.5
163.0
68.0
68.0
13494.0
8219.5
68.0
348.5
5854.0
629.0
10312.5
8452.0
4667.5
68.0
8673.0
10242.5
3216.0
45.5
13465.5
68.0
11279.0
8688.5
3555.0
6306.0
1984.5
17822.0
14829.5
1597.5
4089.0
68.0
8972.5
365.5
68.0
2041.5
8463.5
1582.0
9847.5
15677.0
68.0
629.5
1150.0
68.0
8580.5
14381.0
13426.0
14329.5
68.0
1516.0
4730.0
612.5
9954.5
8930.0
1614.0
2266.5
68.0
5957.5
5782.0
7319.5
1522.0
5027.0
17325.0
3334.5
3340.0
646.0
10305.0
68.0
10777.0
5064.5
12247.5
7610.0
12066.0
3179.5
926.5
5002.0
1768.5
1016.5
13777.0
2252.5
457.0
4504.0
3261.5
13627.5
18545.0
6293.5
6889.5
1033.5
1504.5
10291.5
5048.0
7647.5
68.0
4965.0
68.0
1855.0
68.0
2332.0
8614.0
8105.5
4415.5
4609.5
7217.0
68.0
454.0
68.0
23158.0
14892.0
1471.0
163.0
16926.5
16441.5
10662.5
6564.5
8433.5
12516.5
7438.5
1396.5
1314.0
1036.0
14202.5
68.0
60.5
7225.0
4110.0
14346.0
68.0
9434.0
1819.5
17931.0
68.0
12387.5
4566.0
9910.5
12463.5
2736.5
68.0
9344.0
2297.0
68.0
68.0
11978.0
3239.0
4662.5
1786.0
2282.0
551.5
68.0
4593.0
1019.0
2246.5
7644.0
4997.5
2346.0
10405.5
2262.5
68.0
961.0
68.0
22767.5
438.5
1424.0
13936.0
68.0
6308.0
8066.5
68.0
612.5
1878.5
15109.5
68.0
23796.0
888.0
13410.5
1597.5
19381.5
11680.0
2712.5
12154.0
8621.0
10774.0
68.0
50.0
5987.0
2677.5
10309.0
12975.0
68.0
1128.5
21500.0
2333.0
6678.0
5968.0
2370.5
16589.5
6324.0
20107.0
16595.5
1331.0
927.5
68.0
68.0
68.0
3257.0
11738.5
68.0
15743.5
2812.0
2284.5
23059.5
14305.0
68.0
8888.0
6762.0
27105.0
16114.5
68.0
17439.0
1803.5
4006.5
1522.5
68.0
1474.5
7159.0
14354.0
3183.0
8526.5
14324.5
1577.5
3736.5
3234.0
4555.0
5817.5
2989.0
18364.5
7689.5
68.0
4876.0
1051.0
5426.0
5085.0
5739.5
4051.5
16003.5
68.0
11621.0
10750.0
738.5
11218.0
12157.5
2355.0
14242.0
12017.5
8506.5
6323.5
21767.5
5529.0
1129.5
68.0
15637.0
68.0
10798.0
4550.5
68.0
5767.5
68.0
28011.0
5415.0
1516.0
1890.5
68.0
7544.0
68.0
3415.5
12222.0
8032.0
3761.5
17002.5
15085.0
9861.0
7359.0
3658.0
2809.0
17000.5
68.0
10630.0
4158.5
9027.0
11158.0
9519.5
68.0
1049.0
943.5
11662.0
1409.0
2284.5
1387.0
11251.0
8491.0
9950.0
68.0
2656.0
68.0
18834.0
1406.5
6721.5
1033.5
16961.5
8148.0
1781.0
7698.0
1910.0
68.0
20014.5
722.0
13669.5
3567.5
12096.0
11606.0
21911.0
2767.5
1499.0
9930.0
19165.5
1951.0
2741.0
20202.0
458.0
8912.5
1504.5
1593.0
16015.5
2370.0
9880.0
4563.5
26110.5
14431.5
12148.5
2321.5
1012.5
23649.5
1894.5
2224.5
11705.5
2248.0
16851.5
7601.0
163.0
3601.0
4555.0
25373.5
5009.5
1906.0
68.0
10683.5
2981.5
10807.5
1934.0
5543.0
68.0
4092.0
14369.0
16043.5
961.0
68.0
68.0
2939.0
68.0
17465.5
11234.0
68.0
629.0
8615.5
19850.0
2818.0
17086.5
926.5
2788.0
14762.5
2824.0
629.0
19559.0
14743.5
5489.0
22313.5
7668.5
4497.5
8489.0
1520.0
1505.5

1241.0
68.0
10463.0
11083.0
1892.0
647.0
68.0
14297.0
20558.5
6460.0
12858.0
5572.0
11540.5
646.0
4011.0
3758.5
2661.0
8107.5
6460.5
8972.0
1803.0
2172.5
2585.0
8334.0
9873.5
16139.0
68.0
68.0
68.0
4298.0
11162.5
8246.5
8993.5
16175.0
68.0
6386.0
647.0
6418.5
6175.0
3254.0
3703.5
3769.5
18645.0
2728.0
9235.0
1092.5
68.0
15389.0
2096.5
2356.5
16614.5
5416.0
11659.0
68.0
8090.5
8197.5
8141.0
21826.0
3464.0
612.5
2830.5
4037.5
15979.0
19651.0
18787.5
2880.0
629.5
19671.0
17815.0
2282.0
14800.0
4535.5
3778.5
27049.0
9036.0
943.5
7791.0
7812.0
3344.0
3826.0
646.0
19175.5
1489.0
7625.5
1038.5
23156.0
4914.0
4985.0
1891.5
10656.0
3702.5
68.0
8065.5
1387.0
17272.5
50.0
13147.5
20227.0
3231.5
0
10791.0
11596.5
3736.0
12616.5
12111.0
4456.5
1019.0
8497.0
9822.0
348.5
3609.5
4587.0
4187.5
2745.0
596.5
3667.0
14738.5
13766.5
13853.0
5469.5
25497.0
4524.5
21059.5
5002.0
1501.5
1354.5
11342.0
14385.5
68.0
7244.5
1499.0
6365.5
13926.0
68.0
17966.0
10390.5
12552.5
6581.5
2302.0
25810.0
4464.5
3195.5
68.0
2241.5
3124.5
0
5928.5
68.0
5050.0
8722.5
68.0
3236.5
14881.5
2021.0
16983.0
646.0
18225.0
24254.5
68.0
12546.5
8476.0
1694.5
11237.5
5938.0
4877.5
0
10856.0
6710.5
15272.0
8125.0
68.0
9656.5
738.5
68.0
438.5
9838.5
5108.5
4448.5
2719.0
11730.5
15620.5
3573.5
4743.5
6270.0
7026.0
2229.5
68.0
3187.5
68.0
8165.0
6813.5
3585.5
5900.0
68.0
0
68.0
443.5
68.0
7729.0
3236.0
68.0
14785.0
68.0
68.0
1016.5
5035.0
0
4984.5
68.0
2004.0
15262.5
1016.5
11652.5
6824.5
3586.5
6736.5
18745.0
4052.0
0
6037.0
1895.0
68.0
68.0
0
68.0
3231.0
1333.5
3123.5
7420.0
20497.5
22777.5
68.0
68.0
1385.5
20469.0
14236.0
68.0
5531.5
4101.0
3245.5
6253.0
1819.0
8979.5
1786.5
163.0
7985.0
2683.0
4984.5
68.0
2378.0
68.0
12430.5
909.5
612.5
68.0
68.0
18796.0
1876.0
10663.5
1400.0
6346.0
17405.5
1016.5
7238.5
68.0
943.5
8096.0
68.0
1471.5
3124.0
8053.0
3824.5
13871.0
2826.5
21455.5
2725.5
6237.5
13194.0
4104.0
68.0
7673.0
12964.5
13532.5
4962.0
68.0
4048.5
6713.5
3273.0
2226.0
20936.0
8448.5
5435.0
14433.5
6810.5
458.0
2725.5
23305.5
16977.5
11269.5
11643.0
1031.5
14661.0
4158.0
19671.5
14682.5
68.0
163.0
4541.0
16535.5
2155.5
16131.0
8205.0
1877.5
68.0
5016.0
3250.5
629.0
1928.5
15551.0
7203.5
3702.5
2434.0
1558.5
14776.0
12166.5
4189.5
13910.0
4120.5
1999.5
12131.0
2815.5
6812.5
68.0
68.0
10786.0
11236.0
5055.5
2301.5
7716.5
16600.0
4539.0
12931.0
6270.0
7749.5
12535.0
17306.0
17049.5
2382.0
4613.5
3686.5
10227.5
4565.0
2306.5
68.0
10427.5
3289.5
8041.0
11936.0
7594.5
68.0
17494.5
1404.5
20490.5
12133.5
4570.0
0
0
68.0
2881.0
18187.5
8467.0
25793.5
1878.0
17841.0
68.0
365.5
5425.5
68.0
9032.0
1595.0
1521.5
1036.0
9932.5
11105.0
4124.0
13858.5
6899.5
17713.5
8162.0
4060.0
4897.5
3342.5
68.0
2829.5
6002.5
2220.0
1406.5
12092.5
3255.5
68.0
68.0
3735.5
68.0
1241.0
590.0
17015.0
22793.5
13212.5
2343.5
2068.5
925.0
2251.0
68.0
0
21062.0
68.0
596.0
68.0
1991.5
2291.0
68.0
9708.0
1973.0
68.0
12177.5
12479.5
2826.0
2764.5
15314.0
2733.5
6232.5
9476.5
939.0
7635.0
5282.5
2475.0
0
9061.5
68.0
6239.5
68.0
1029.5
1970.5
1875.5
524.0
3177.5
3093.0
1439.0
5905.5
2077.0
0
16775.0
646.0
1861.0
1779.5
5330.0
21032.5
68.0
8945.0
1029.0
0
4907.5
4227.5
524.0
1496.5
8895.0
2357.5
8577.0
1589.0
4090.0
2773.5
1173.5
18661.0
68.0
1034.0
2305.5
6717.5
8442.5
1019.5
3141.5
68.0
18371.0
8841.0
68.0
68.0
19706.5
8821.5
13804.5
7563.5
6389.0
5332.0
458.0
14243.5
15767.0
10034.5
2423.5
2752.0
4717.5
6821.5
14929.5
13388.5
68.0
25950.0
6558.0
11186.5
68.0
18474.5
1580.5
16523.0
1984.5
68.0
1409.0
16905.5
1504.5
1456.0
619.0
5459.5
1806.0
9926.5
6772.5
68.0
961.0
10979.5
1985.5
3789.0
68.0
10068.0
14465.0
12561.5
9366.0
2271.5
2682.5
12570.0
4547.5
1991.5
458.0
20290.0
4480.5
7300.0
4138.5
14049.5
2860.5
16325.5
5077.5
20428.5
12471.5
4579.5
13947.0
18258.0
1489.0
12551.5
17401.5
11147.5
2439.0
8451.0
3677.0
11246.0
18771.5
0
12521.5
5782.0
1406.5
10302.5
15208.0
68.0
6422.5
2041.0
1785.0
3578.0
4555.0
3676.5
11609.5
19642.0
438.5
1406.5
2759.5
14750.5
8099.5
5439.5
21078.0
944.0
1528.5
5857.5
7746.5
10688.0
5154.0
9891.0
68.0
68.0
4014.5
3213.5
13027.5
5253.0
68.0
1016.5
4018.0
10576.5
3682.5
2365.0
2267.5
68.0
9420.0
365.5
2248.0
68.0
14659.5
17802.0
2925.0

1906.0
7728.0
9472.5
12152.5
11694.0
20540.0
19848.0
1820.0
8901.5
10676.0
5469.5
8545.5
1833.5
2860.5
7320.5
3516.5
68.0
4679.0
68.0
17074.5
10002.0
1406.5
68.0
17919.5
12077.5
13032.0
68.0
2754.0
2060.5
173.0
10471.0
4576.5
13014.0
18296.0
18810.5
2394.0
1580.5
20927.5
1275.5
8093.0
4764.5
8410.5
2052.0
68.0
11591.0
3554.0
1597.0
736.0
1479.5
7599.0
4552.5
10356.5
8112.0
9250.0
3194.0
1346.0
11160.5
68.0
68.0
8479.0
5496.0
68.0
2771.5
13396.0
14311.0
68.0
68.0
3324.0
1016.5
11224.0
4199.5
68.0
1022.5
629.0
68.0
68.0
68.0
11152.0
10282.5
8301.5
3675.0
68.0
4580.0
5399.0
11553.0
998.0
8082.5
8181.5
68.0
1779.5
68.0
20955.0
173.0
68.0
10340.0
68.0
11628.0
68.0
15685.0
1878.0
12002.0
10318.0
68.0
893.0
612.5
1853.0
2375.0
1505.5
5113.5
3755.0
68.0
6796.0
15275.0
1387.5
3870.5
9997.5
21382.0
6050.0
2339.0
68.0
9889.5
460.5
68.0
10345.5
6234.0
2772.5
24060.5
1426.0
5819.5
10659.5
7105.0
9901.5
1505.5
68.0
15763.5
68.0
25854.5
2842.5
12959.5
3265.5
4713.5
2275.0
19575.0
14698.0
12126.5
2374.5
3997.5
1409.0
4524.0
14396.5
8883.5
4757.0
68.0
68.0
68.0
20430.5
5616.5
6300.5
68.0
8090.5
3231.0
3594.5
68.0
6349.0
8129.0
68.0
1878.0
68.0
68.0
2220.5

12457.5
29.0
163.0
6232.5
68.0
68.0
663.0
25867.5
68.0
458.0
8066.0
4622.5
6258.5
6043.5
68.0
68.0
2344.5
11207.5
3344.0
1792.0
68.0
10339.0
15373.0
15982.0
2355.0
68.0
12188.5
68.0
2660.5
0
521.0
4542.0
68.0
13794.5
537.5
365.5
2827.0
17380.0
68.0
68.0
13932.5
2465.0
21493.0
961.0
2223.5
3643.5
1409.0
9917.0
23989.5
1387.0
13009.0
612.5
1022.0
16966.5
4912.5
68.0
68.0
68.0
68.0
11650.5
14778.0
17443.0
2770.5
10336.0
68.0
12119.0
12110.0
15606.0
68.0
14789.5
23471.5
68.0
910.0
68.0
68.0
6033.5
4450.5
16174.0
4617.5
17503.5
68.0
3603.5
68.0
68.0
68.0
68.0
14358.5
1430.0
1488.0
2035.5
3601.5
13457.0
6462.5
68.0
2826.0
4170.0
11551.5
4574.0
4893.0
68.0
68.0
17034.5
68.0
29.0
68.0
348.5
20615.5
12077.0
12508.5
4942.5
8622.5
9892.5
537.5
23585.0
7640.0
3376.5
68.0
8554.0
16268.5
7635.5
8247.0
68.0
9063.0
2355.0
6106.0
2284.5
5066.5
25781.5
8260.0
68.0
12718.5
4590.0
68.0
6314.5
68.0
68.0
68.0
646.0
18341.0
8435.0
5949.5
5040.5
3094.0
6235.0
6305.5
1505.0
18767.5
68.0
68.0
628.0
2409.5
1782.5
4155.0
14273.5
17323.0
11185.5
3982.5
17937.0
68.0
719.0
15229.0
612.5
68.0
68.0
1984.5
13385.5
12570.5
2860.0
2375.5
956.5
4216.0
68.0
173.0
927.5
9901.5
9783.5
5324.5
4549.0
6857.0
7433.5
16614.5
2722.0
14681.0
16170.0
163.0
458.0
163.0
1589.0
25741.0
21831.0
7483.5
13851.0
5009.0
68.0
9336.0
11927.0
753.5
2348.0
2997.5
7278.5
68.0
5901.0
13628.0
5830.5
2785.5
8521.5
15639.5
4469.0
68.0
7326.5
8595.0
4572.5
18890.0
2749.0
21290.5
13429.5
11206.5
7566.0
1802.0
8116.5
6862.5
7549.5
68.0
35.0
26406.5
5963.5
153.5
6281.0
68.0
2377.0
6187.5
1825.0
68.0
3850.0
962.5
2791.0
68.0
4094.0
10746.0
4927.0
4488.0
68.0
5404.0
10218.0
9467.5
5874.0
1019.0
68.0
17758.0
1611.5
13917.5
9935.5
5008.5
6366.0
21413.5
20849.5
1016.5
1019.0
68.0
2764.5
14770.0
3609.0
4870.5
2699.0
3549.0
8550.5
17484.0
14710.5
23591.0
68.0
6267.0
13831.5
17633.0
23177.5
10211.5
22794.0
4984.5
68.0
3720.5
13784.0
68.0
22811.5
3467.0
8132.5
10371.0
2464.5
16958.0
163.0
4186.5
10933.0
9982.5
1577.5
7702.0
23988.0
68.0
6643.0
2350.5
13498.5
5113.5
1350.0
1875.5
68.0
68.0
20164.5
4933.5
5526.0
8510.5
4940.0
2765.0
68.0
2657.5
68.0
2860.0
1875.0
13428.5
3248.0
68.0
18717.0
21428.5
612.5
17836.5
3685.5
2793.5
2671.5

68.0
4948.5
14876.5
995.0
13402.5
9523.0
4027.0
1012.0
3668.0
6742.5
19584.0
11138.5
3244.0
68.0
68.0
3687.0
13232.0
5498.5
4465.5
10794.5
68.0
4165.5
4122.0
13494.0
16348.5
4863.0
4466.0
5557.0
19065.0
68.0
21412.5
6478.5
68.0
907.5
173.0
15658.5
0
1521.5
2263.0
68.0
68.0
68.0
4729.5
5347.0
68.0
0
6669.5
13345.0
14787.0
0
7113.5
68.0
629.5
4555.5
12044.5
7749.0
15272.0
2130.0
5016.5
2259.5
596.5
10830.5
8943.5
8275.5
942.5
7153.0
68.0
10213.0
1873.0
3280.0
1004.5
12698.0
5884.5
10702.5
10322.5
163.0
629.0
17544.5
13942.0
7219.0
4470.0
2670.0
4083.5
68.0
736.0
8136.0
22728.0
5302.0
9808.5
18354.0
7341.0
9875.5
2847.5
22343.0
1788.5
3135.5
68.0
1504.5
8915.0
1808.5
10155.0
7246.5
7650.5
5045.5
904.0
14804.5
4101.5
3413.5
5472.5
6257.5
2910.5
5152.0
12072.0
7153.0
9379.0
0
16903.5
68.0
6842.5
5710.5
68.0
9444.0
1837.0
2219.0
12148.5
1785.5
14302.5
3196.5
4890.5
68.0
163.0
25028.0
9914.5
68.0
10349.0
7275.5
68.0
4908.0
68.0
7873.5
10403.0
3717.0
0
1496.5
17864.5
8219.5
6711.5
11298.5
16104.0
534.5
458.0
458.0
8682.5
17402.0
2226.5
68.0
719.0
3268.5
10908.5
2499.0
563.0
4776.5
12585.5
4099.5
3989.0
15126.5
12130.0
1777.0
68.0
4573.0
22856.0
68.0
5022.5
3643.5
20049.5
2747.5
10667.5
25824.0
68.0
1036.0
6761.5
68.0
18347.0
10330.5
9029.0
18247.0
12902.5
68.0
6333.0
68.0
12544.5
8974.5
7039.0
2259.0
4494.5
19449.0
5494.0
612.5
13738.5
8948.0
5957.0
11769.0
13039.0
0
4228.5
1595.0
68.0
1987.0
68.0
3670.0
13866.0
1375.0
10763.0
6675.0
5885.0
4662.0
68.0
68.0
2266.0
21966.5
68.0
68.0
10816.5
2245.5
9943.5
0
10807.0
4523.5
68.0
10795.0
23950.0
438.5
3251.0
11287.0
14705.5
2675.0
4977.5
9521.5
14403.5
19160.0
21499.0
68.0
1875.0
943.5
7221.5
2280.0
4958.0
8971.0
8106.5
22788.5
11209.5
2365.5
2714.0
1387.5
12120.5
5436.0
68.0
9265.5
1612.0
16073.5
5537.5
8757.0
7113.5
16146.0
68.0
1036.0
9777.5
1949.0
9461.5
2332.5
13096.0
438.5
9528.5
22582.5
1582.0
68.0
2321.5
68.0
8446.0
8563.0
25325.0
4818.5
4238.5
936.5
24095.5
8789.5
12105.0
12336.5
9770.0
24497.0
15197.5
68.0
68.0
68.0
16028.0
14235.5
4915.5
21877.0
23022.0
16349.0
1819.0
2464.5
13416.5
8498.5
1317.5
1016.5
629.5
1316.5
8517.0
719.0
7603.0
5478.5
68.0
68.0
5966.0
3199.5
68.0
1145.5
6264.5
3698.0
1764.0
9147.0
5530.0
1387.0
21058.5
1538.5
3814.0
17843.0
4195.5
7995.0
646.0
23621.0
17400.0
8470.0
10386.0
4905.5
1851.0
68.0
1126.0
458.0
16492.0
4535.5
1423.5
3308.5
25893.5
2370.5
1055.5
960.5
7610.0
68.0
4601.0
6408.5
4510.0
4087.5
12921.5
68.0
1479.5
348.5
4410.0
2370.0
22168.5
1471.0
14376.0
8570.5
1406.5
7664.5
1475.0
5609.0
8108.5
8943.5
6248.5
6271.5
18369.5
26216.0
68.0
15245.5
17890.5
15242.0
68.0
8152.5
68.0
0
25792.5
5941.5
2659.0
9011.5
3126.0
3999.5
8628.5
68.0
8454.0
4613.0
4031.0
2364.0
2731.0
5020.5
21573.0
4949.5
2082.5
6268.5
5884.5
2684.0
68.0
0
23746.0
543.5
1545.0
438.5
68.0
14609.5
9849.0
2172.5
18691.5
68.0
3160.5
8478.0
22767.5
13936.0
68.0
9327.0
14801.5
627.5
16382.0
68.0
5441.5
6264.5
1036.0
3098.0
27220.5
8451.0
554.5
537.5
5114.0
0
9368.5
3736.5
19159.0
2860.0
68.0
0
4002.5
0
163.0
5336.0
68.0
3997.0
8165.5
16354.0
3319.5
8077.5
2765.5
23970.0
68.0
15665.0
3569.5
14308.0
68.0
5079.5
14270.5
6346.0
68.0
15999.0
6625.0
3368.5
25313.0
3689.5
1892.0
68.0
5025.5
365.5
4188.0
1019.0
1485.0
163.0
4940.0
4071.5
10283.5
10713.5
5964.5
3846.5
68.0
68.0
24484.0
12642.0
2060.0
2781.5
2823.5
68.0
4522.0
11273.0
3246.5
5007.0
1016.5
8466.0
68.0
68.0
68.0
8564.0
8542.5
14768.5
20960.0
16463.0
6661.0
9377.0
4163.5
533.5
6165.0
11331.0
20592.5
1836.0
4094.5
12083.0
4070.0
8001.0
13448.0
3239.5
443.5
17738.5
68.0
17507.5
7126.0
926.5
11593.5
3685.5
4646.5
534.5
2295.0
6653.5
6335.0
722.0
10311.0
1591.5
68.0
524.0
8072.5
18271.0
16937.0
8869.5
22770.0
1389.5
1481.0
14363.5
68.0
18364.5
8173.0
1780.0
13848.0
489.5
7225.5
5402.0
15921.5
2829.0
2438.5
22202.5
629.0
68.0
68.0
13873.5
1038.5
1017.5
68.0
11637.5
5850.0
629.0
16028.5
68.0
68.0
68.0
2914.5
13034.0
1207.5
68.0
25782.5
1479.5
68.0
4557.5
6272.0
20882.5
534.5
11668.0
2753.5
1843.0
68.0
3716.0
551.5
68.0
1053.0
5953.5
22352.5
1241.5
16410.5
16482.5
5885.5
6865.5
629.0
4655.5
5997.5
4532.5
68.0
18193.5
438.5
2256.5
25416.5
24109.0
5353.0
23948.5
9813.0
5368.0
1014.5
1033.5
1518.5
68.0
999.5
8679.0
1016.5
10795.0
2562.5
2348.0
6715.0
68.0
4198.5
4133.5
18220.0
68.0
13770.5
68.0
68.0
150.0
2753.5
6219.0
927.0
19692.0
1019.0
68.0
4076.0
9906.5
1815.0
26345.5
12037.0
3155.5
1051.0
3312.0
68.0
7709.5
68.0
1000.0
2846.0
271.0
68.0
906.0
10318.0
6700.5
3700.5
9723.5
14078.0
943.5
438.5
68.0
458.0
5431.0
10801.5
10712.5
17036.0
22720.0
612.5
14473.5
1723.5
9801.5
4059.5
8431.0
9908.0
9931.0
12140.0
2720.5
1449.0
1410.0
68.0
3775.5
12372.5
13285.0
4604.5
11993.0
68.0
2695.5
1424.0
7746.0
3620.5
25137.0
1595.0
68.0
1802.5
16214.5
68.0
2276.5
4567.0
5853.0
17729.0
4158.5
3670.0
68.0
7581.5
2251.0
11159.5
8481.5
6804.5
4588.5
23194.5
910.0
1019.0
1945.0
2365.0
4144.0
68.0
68.0
7583.5
50.0
534.5
17436.5
4037.5
68.0
1677.0
68.0
8060.5
8163.0
6226.0
68.0
3977.5
68.0
24095.0
1033.5
19726.0
4114.5
927.0
1985.5
5401.0
17842.0
68.0
18268.5
68.0
5189.5
5954.5
6240.0
1019.5
14764.0
20992.0
11510.0
1904.5
12513.0
68.0
6343.5
1878.0
68.0
15552.5
6826.0
0
4540.5
2663.0
1012.0
5012.0
9941.5
68.0
6022.5
6775.5
543.5
5406.0
2877.5
7735.5
646.0
736.0
2357.5
5894.5
68.0
961.0
68.0
0
5574.0
25239.5
68.0
9850.5
68.0
7186.5
4465.0
11241.0
68.0
6283.0
20100.0
12542.0
20570.0
15347.5
5406.5
5891.0
7635.0
6374.0
5038.5
10354.5
2826.0
9378.5
6752.0
1404.5
68.0
68.0
1002.5
12016.0
2337.0
1218.5
21742.5
15682.0
1894.5
11101.5
5433.5
8567.5
7573.5
2862.0
1522.5
2580.0
1351.0
447.5
1488.0
2849.5
1786.0
943.5
68.0
1021.5
6380.5
2348.5
3065.0
19155.5
1423.5
896.0
1207.0
7349.5
4036.5
68.0
9426.5
9748.5
13541.5
2282.5
3535.5
5333.5
3287.0
68.0
4870.0
960.5
6306.0
16277.0
17769.5
4986.5
1794.0
1466.0
5944.0
13330.0
68.0
6009.5
1451.5
8591.0
11128.0
68.0
11805.5
943.5
8115.5
16528.5
5917.0
11688.0
17758.5
20547.5
8111.0
4654.5
6350.0
2314.0
11094.0
0
3587.5
2733.5
19215.0
1488.0
3670.5
5522.0
7000.0
3663.0
5042.5
2561.5
5017.5
3635.5
17484.0
12602.5
8475.5
15625.0
8126.5
13319.5
1836.0
3130.5
68.0
3660.0
8573.0
68.0
68.0
13816.0
11990.5
11356.0
18799.0
16592.5
2265.0
9440.5
163.0
3270.5
68.0
1387.0
926.5
458.0
438.5
8502.5
18290.0
911.5
7661.5
6286.5
3999.5
1428.5
2358.0
5406.0
1488.0
16110.5
4571.5
4141.5
68.0
2050.0
4603.5
4479.0
4091.0
944.0
1017.5
5480.0
35.0
24979.5
68.0
4650.5
2237.5
2879.5
3683.0
3599.5
0
18691.0
1521.5
2818.0
68.0
11600.0
18319.5
14644.5
1114.5
2753.0
15796.5
2505.5
15730.0
9445.0
7241.0
12121.5
18857.0
7543.0
173.0
8915.0
7538.0
9469.0
3212.0
68.0
6662.5
5361.0
68.0
4499.5
68.0
68.0
3665.0
19105.0
4562.5
20228.0
4620.0
10721.5
68.0
22802.5
817.0
68.0
2595.0
16392.0
4146.5
4674.0
173.0
153.5
22859.5
6885.0
9065.0
1016.5
13339.5
2672.5
8944.5
12899.5
7611.5
7099.0
2627.5
68.0
4070.5
9085.5
68.0
68.0
3233.0
7266.5
20993.5
1833.5
3179.0
5219.0
26836.0
15775.5
2065.5
68.0
17480.0
3730.5
9328.0
9591.0
1053.0
9850.0
68.0
1969.0
5277.0
20028.0
16621.5
1036.0
68.0
6822.5
6486.5
438.5
2268.5
8463.0
68.0
4782.0
4086.0
4563.0
3553.5
9846.0
8967.0
4575.0
563.0
68.0
568.5
7668.0
2746.0
68.0
12045.5
612.5
25392.5
1487.5
4487.5
1819.5
13472.0
68.0
68.0
0
11134.5
11654.0
15760.0
647.0
1033.5
16858.5
7700.0
5473.0
68.0
17873.5
4491.5
5001.0
3591.5
23669.0
68.0
10772.0
738.5
3311.0
6852.0
5404.0
68.0
2668.0
455.0
17739.5
13101.0
68.0
1427.5
4464.5
15236.0
458.0
11667.0
5931.0
6814.0
7618.5
7221.0
2267.5
68.0
68.0
7690.0
612.5
3150.0
5053.0
3045.0
68.0
8952.0
620.5
3707.5
3662.5
3564.0
4980.5
24996.0
443.5
21531.0
5453.5
8084.0
68.0
7141.0
68.0
6494.5
3665.0
7658.0
7756.0
68.0
5037.5
3233.5
1012.0
646.0
68.0
6328.0
11572.5
68.0
68.0
27251.5
19592.0
6250.5
21476.0
1556.0
68.0
8479.0
5455.0
10354.0
6811.0
7704.0
22295.0
14818.5
14227.5
0
2528.5
10327.5
1033.5
6430.5
68.0
5781.0
3686.0
12118.5
0
8981.5
4745.5
5085.5
3640.0
2666.5
68.0
3141.5
68.0
930.0
11634.0
627.5
22825.0
2679.0
4890.0
68.0
7648.0
13488.5
4244.0
6551.5
68.0
15195.0
9041.0
11173.0
16982.0
458.0
17920.5
4813.0
13846.0
1492.0
23638.0
8897.0
6235.5
68.0
4553.0
5444.0
12856.5
4107.5
16125.0
5897.5
1005.0
8570.0
68.0
13513.5
3669.5
19184.5
5773.0
5398.5
68.0
8149.5
9423.5
68.0
1888.5
3778.0
3215.0
5536.5
16586.0
11227.5
3550.0
1906.0
68.0
68.0
5079.0
943.5
5360.0
8813.0
68.0
3569.0
68.0
9484.0
629.0
6837.0
3156.5
3794.0
2662.5
461.0
1870.5
4152.0
23085.0
3196.5
21428.0
6811.0
5479.0
8943.5
1894.5
5393.0
25134.0
14173.0
1873.5
3798.5
1222.5
7419.5
2834.5
6266.5
1786.0
11162.0
10860.0
4910.5
68.0
1387.0
19309.0
25391.5
68.0
17904.5
6826.0
21090.5
3025.0
21803.5
6829.0
458.0
7250.5
4465.0
646.0
11231.5
7265.0
21880.0
10470.5
68.0
1016.5
68.0
5407.5
15203.5
8441.0
3661.0
3424.0
26294.0
8059.5
1505.5
458.0
5450.0
5427.5
5058.5
4106.5
25764.0
68.0
163.0
6298.0
3217.0
68.0
8579.5
5413.0
11195.5
5506.5
14767.0
12054.0
10383.0
2339.0
68.0
10409.5
1126.0
68.0
12473.5
68.0
13438.5
2709.5
3267.0
3234.5
2329.0
1892.5
68.0
14833.5
11643.0
4012.5
68.0
3662.0
68.0
8424.0
68.0
3307.5
24931.5
2041.0
2285.5
12254.5
6698.5
9831.0
68.0
68.0
2399.0
2326.5
25355.5
24077.5
10395.5
2282.0
10413.0
882.5
10220.0
533.5
68.0
1794.0
6775.0
8107.0
6774.0
68.0
2265.5
2770.0
1129.5
68.0
5815.5
6773.5
68.0
5469.5
68.0
11773.0
12888.5
6832.0
18046.0
2737.0
9954.5
2672.0
8973.0
68.0
4202.0
4008.5
68.0
68.0
7153.0
5523.5
2338.0
12918.5
4594.5
12882.0
646.0
3018.5
153.5
18744.0
68.0
1409.5
7672.0
2360.5
9359.0
5364.0
4137.0
5778.5
5810.0
2728.5
3142.0
2261.0
68.0
2233.0
438.5
9428.0
68.0
4945.0
68.0
1802.5
25767.0
163.0
1485.0
2845.5
3310.0
20965.0
68.0
3696.0
11682.0
22374.0
6380.0
2829.5
163.0
3099.0
10709.0
4474.0
4167.5
3803.5
999.5
68.0
7997.0
68.0
68.0
438.5
9924.0
5725.0
68.0
419.5
4949.5
68.0
68.0
5367.5
10371.5
6296.0
8604.0
68.0
6323.5
10743.5
68.0
17001.5
68.0
8119.5
24039.0
22572.0
1436.5
534.5
68.0
15640.0
6847.0
68.0
9941.0
68.0
20208.5
19272.0
4050.0
2263.5
2374.5
4972.0
68.0
68.0
1785.0
5988.0
16134.5
3687.0
3579.5
15699.5
3358.5
4280.5
614.0
68.0
16092.5
68.0
68.0
4589.0
10687.5
4559.5
16096.5
1577.5
8925.5
10300.5
68.0
1109.0
7166.5
7891.5
738.5
5426.5
10047.0
2691.5
8544.5
1406.5
5399.0
20260.5
68.0
2380.5
2341.0
3605.0
8502.0
4031.0
8999.0
22171.0
4053.0
1836.0
20965.5
1894.5
7262.5
68.0
13005.0
1859.0
68.0
1526.5
68.0
19750.0
3694.5
163.0
15119.5
11667.5
14344.0
20607.5
68.0
21441.5
23974.0
1850.5
3250.5
4502.5
4446.5
23200.0
11109.0
722.0
1370.5
14313.5
6814.5
12995.0
18633.0
6372.5
6819.5
10387.5
2283.0
1002.5
68.0
14088.0
6369.0
9760.5
7231.0
1984.5
2343.5
1389.5
8928.0
5048.0
19080.0
15126.0
2655.0
2207.0
11210.0
10392.5
163.0
8490.0
4943.0
1016.5
15520.0
1350.5
68.0
16046.0
13447.0
163.0
7120.5
7708.5
1613.0
13365.5
7005.0
20450.5
68.0
15827.0
68.0
4002.0
68.0
8.0
5993.5
12567.5
4616.0
6765.5
14187.5
21943.5
13933.0
68.0
623.0
68.0
13376.5
26111.5
10315.0
2822.0
68.0
8979.0
9651.5
7724.0
612.5
5353.5
18338.5
1894.5
1038.5
13398.0
6944.0
68.0
68.0
3731.0
458.0
943.5
1951.0
11116.0
3254.0
5882.5
1496.5
68.0
1816.0
68.0
68.0
8135.5
4455.0
163.0
2805.0
9849.0
16948.5
4947.5
68.0
1578.5
18299.5
18724.0
68.0
68.0
438.5
11789.0
7248.0
8120.0
68.0
4095.5
5805.0
4945.5
8114.0
68.0
1036.0
4048.0
2702.5
68.0
4217.5
24917.5
68.0
20731.0
68.0
7239.0
14769.5
68.0
2895.0
68.0
9932.0
68.0
26037.5
68.0
348.5
15640.0
20137.5
24037.0
7598.0
68.0
3983.5
68.0
348.5
68.0
3675.0
2286.0
68.0
6206.0
1858.0
6286.0
2704.5
14330.0
1911.5
8456.0
5435.5
5775.5
11640.0
25404.0
257.0
68.0
608.5
16187.0
1909.0
458.0
22.5
1897.0
11701.0
14390.0
0
1485.0
6919.5
68.0
5776.0
25873.5
68.0
9962.0
68.0
5033.0
68.0
19558.0
7638.5
6661.0
18427.0
15653.0
10580.5
8592.5
7849.5
68.0
1709.5
68.0
10332.0
0
68.0
10656.5
8466.0
4111.0
68.0
2753.0
68.0
1504.5
153.5
458.0
68.0
12436.5
68.0
68.0
68.0
68.0
68.0
5779.0
12607.0
22406.5
1406.5
1029.0
1016.5
1504.5
736.0
68.0
17792.5
1875.5
4120.5
6084.0
68.0
2312.0
3223.5
68.0
1846.0
68.0
365.5

68.0
995.5
7252.0
9660.5
1104.5
4613.0
7647.5
6369.5
1126.0
68.0
9448.5
9834.5
7177.5
22777.5
15159.5
6755.5
8816.5
1631.5
8504.0
15082.5
63.0
67.5
7487.0
8447.0
5379.5
2351.0
6406.0
12195.0
68.0
9689.5
1319.0
16047.5
16959.5
1369.0
0
27571.0
68.0
25302.5
1505.0
11245.0
14739.5
719.0
8942.5
68.0
16179.0
1780.5
68.0
7635.0
21400.0
7550.5
1970.0
13313.0
1949.0
13816.5
163.0
9469.5
12578.5
7264.5
9418.0
1016.5
13381.0
19353.5
629.0
68.0
6373.0
22809.0
438.5
6086.5
150.0
3216.0
5649.0
68.0
68.0
1521.0
4074.0
1906.0
2070.0
10465.0
1876.0
1421.5
458.0
8856.0
1869.5
1073.0
12537.0
999.5
6359.0
1037.0
6881.0
1036.0
3983.0
2751.5
8994.5
1424.0
4462.0
6424.5
17396.5
1877.5
2993.5
7116.5
1224.5
153.5
14060.5
1483.5
16001.5
2851.0
68.0
7701.5
2801.0
12590.0
2726.0
68.0
925.0
15252.0
627.5
26885.0
68.0
68.0
68.0
1678.5
1928.5
68.0
5474.0
943.5
21016.5
68.0
6064.5
1370.0
68.0
16907.5
10310.5
2803.5
9418.5
5413.5
4196.0
20531.5
11422.0
68.0
4339.0
20053.5
153.5
5505.0
20180.5
68.0
5970.0
3128.0
4163.5
1869.5
1331.5
943.5
8979.0
755.5
2919.0
1447.0
4201.0
3677.5
23725.5
12573.5
4757.5
3455.5
2252.5
3157.5
3571.0
14390.0
554.5
5500.5
14344.0
1409.0
14352.5
5890.0
68.0
5348.5
12569.5
1038.5
4089.5
68.0
3611.0
717.0
9976.0
16481.5
4696.5
9912.5
8001.5
7185.5
10733.5
16671.0
4311.5
4959.0
6301.0
3695.5
5385.5
4976.0
68.0
11738.0
17089.5
9332.0
2512.0
21439.0
9877.5
68.0
68.0
9922.5
1871.0
1980.0
17853.5
2324.5
3502.0
8.0
68.0
14741.0
5476.0
9843.5
68.0
4968.0
8025.5
7275.0
438.5
1770.5
3601.0
6274.0
9504.0
8227.5
2731.0
1297.0
5481.0
11848.0
13042.5
4706.5
68.0
13873.5
4005.5
4243.5
12133.0
960.5
3999.0
6662.0
21848.5
1873.0
68.0
8050.0
4955.0
926.5
2767.5
17851.5
8579.5
22256.5
68.0
17003.0
1426.0
1802.5
6489.5
5506.5
2745.5
6725.0
10823.5
17835.0
26736.5
3402.5
11565.0
11344.5
4059.0
68.0
2377.0
68.0
3344.0
9823.0
68.0
809.0
534.5
11308.5
2899.5
0
10321.0
6734.5
646.0
16979.5
524.0
2453.5
1019.0
5137.5
2235.5
3728.5
7606.5
3188.5
10234.5
8067.0
443.5
3329.0
5802.0
1014.5
22042.0
438.5
6353.0
68.0
943.5
5181.5
2359.5
2426.0
68.0
7838.0
1768.5
68.0
1426.0
3123.5
18751.5
4591.0
2283.0
15590.5
19216.0
1487.5
9493.5
4564.0
4467.5
2194.5
21982.0
1038.5
24053.0
3739.5
4689.5
1538.5
10754.5
12948.0
14378.5
4225.0
348.5
1951.0
68.0
68.0
9318.5
10225.5
8574.0
18178.0
596.5
17832.5
4011.5
68.0
2271.5
9960.0
6680.0
1631.5
68.0
3665.5
163.0
12222.5
3372.0
1033.5
1528.5
6801.5
68.0
6714.5
4079.5
13860.5
1937.5
4989.0
9811.0
458.0
68.0
20930.0
4568.0
4699.0
2060.5
17841.0
1333.5
11595.0
5997.5
68.0
18319.0
68.0
6326.5
3207.0
25901.0
1488.0
22488.5
68.0
926.5
6721.5
3118.0
2860.0
68.0
16542.0
68.0
11530.0
6755.5
9590.0
4586.5
68.0
0
8597.0
24989.5
12891.5
4487.0
3628.0
5484.5
5871.5
21822.0
28184.5
68.0
16479.0
1802.0
1835.5
927.0
1128.5
4128.5
1218.5
2282.0
2750.5
2774.5
22696.5
68.0
0
2737.0
68.0
7174.5
4970.5
5789.0
4019.5
68.0
9970.5
3612.5
9382.5
68.0
11505.5
13005.0
6400.5
20579.0
1015.0
5108.0
8023.0
14740.5
4126.5
7266.5
2784.0
68.0
22741.0
1119.0
3660.0
10365.0
15147.0
1911.5
68.0
6058.5
5005.0
5416.5
4509.5
5898.5
21180.0
2433.0
7653.5
22588.0
9388.5
1053.0
999.5
17893.0
447.5
1314.0
8575.5
438.5
68.0
4258.5
6883.0
68.0
10683.5
68.0
7660.0
458.0
1406.5
15241.5
5041.5
68.0
348.5
68.0
11580.5
26295.5
25080.0
5888.0
13900.5
5062.0
17521.5
68.0
2269.5
5861.5
12098.5
4558.0
332.0
68.0
22739.0
7192.5
2304.0
3163.0
0
8030.0
68.0
68.0
6793.0
25040.5
68.0
16470.5
13380.0
14309.5
5326.5
3571.0
5026.0
20889.0
3647.5
4356.0
12443.0
11220.5
1055.5
3297.0
68.0
1017.5
68.0
9922.5
3637.0
68.0
1989.0
18710.5
20145.5
7216.0
8970.0
7702.0
5051.0
21957.5
68.0
68.0
719.0
13465.0
9907.5
19104.5
6224.0
2365.0
68.0
153.5
5804.0
11258.5
348.5
1399.5
5602.5
25511.0
12987.5
5305.0
68.0
20574.5
15584.0
1019.0
2321.5
1002.5
1016.5
14085.0
3680.0
438.5
1509.0
3326.0
5551.5
3092.5
8953.0
1788.0
19114.5
348.5
68.0
17415.0
8152.0
7146.0
10667.0
4985.5
1539.0
12595.0
0
8143.5
2272.5
348.5
8118.0
3837.5
944.0
438.5
12022.0
2455.5
68.0
0
2471.0
1504.5
893.0
7654.0
21435.5
1909.5
19552.5
4535.0
5986.0
6986.0
68.0
1803.0
4080.5
4441.0
2490.0
68.0
12529.0
7290.0
11252.5
16507.0
6049.0
12979.5
8960.5
3238.0
6601.0
5121.0
4521.0
68.0
3679.5
10291.0
9892.5
8551.5
748.5
20183.0
11672.0
68.0
5197.5
6737.5
163.0
4700.0
7594.5
2826.0
9014.0
8942.5
1895.0
4227.0
5857.5
629.0
4149.0
365.5
16257.5
8984.5
2770.0
68.0
68.0
9680.0
68.0
3161.0
1879.5
25509.5
3626.5
13055.0
18653.0
3255.5
8887.5
9482.5
3912.5
3999.5
722.5
1910.0
2548.5
68.0
5356.5
68.0
6304.0
2753.0
5438.0
68.0
6714.0
10750.5
3154.0
9891.0
2689.0
2735.5
16079.0
2767.5
646.0
10755.0
7138.0
6667.5
8968.5
68.0
25431.0
9860.0
1861.5
3418.0
18273.0
5010.0
153.5
9086.0
68.0
3705.5
8979.0
1034.0
9843.5
20087.5
68.0
11905.0
4997.0
13009.5
3255.5
2430.5
4005.0
19614.5
4166.5
8924.5
438.5
8152.0
13969.0
6756.5
3171.5
7192.0
21003.0
5117.0
2265.0
632.5
4667.5
10762.0
3226.0
1875.0
13746.0
6402.5
1333.0
22443.5
5436.0
3648.0
2338.0
534.5
15785.5
14343.0
7688.0
1965.0
2374.5
443.5
11024.5
543.5
9848.0
3213.5
2083.5
5936.0
6861.0
68.0
19692.5
4057.0
5811.0
8450.5
3340.0
10856.5
3478.0
2726.5
11255.0
68.0
9820.5
2689.5
2186.5
68.0
17865.0
6800.5
2784.5
16143.0
1400.5
9041.5

6791.5
68.0
1535.5
10226.5
1317.0
1053.0
68.0
4454.0
702.5
68.0
1426.0
5444.5
68.0
8005.5
9722.0
14664.0
7044.0
17318.0
4114.5
3729.0
0
11252.5
1844.5
11572.0
4221.5
68.0
23581.5
2340.5
11328.5
4945.5
16003.0
5530.0
68.0
11639.5
3101.0
537.5
13486.0
23136.0
16063.5
14499.0
68.0
19014.0
18316.5
4907.5
5342.0
1409.0
68.0
553.0
7163.5
3782.0
2827.0
9413.5
68.0
9462.5
7645.0
3383.5
7337.5
1861.0
13379.5
2687.0
4428.0
2695.0
5394.5
68.0
68.0
6773.5
12056.0
10291.0
68.0
14237.5
1016.5
4606.0
5911.5
14442.5
7176.5
8503.0
8976.5
5372.5
3294.5
10269.0
1871.0
22337.5
68.0
646.0
12104.5
68.0
2282.0
68.0
8950.5
1911.5
3216.5
4363.5
10474.0
5847.5
1004.5
1581.0
68.0
68.0
8471.5
68.0
68.0
4552.0
553.0
3181.0
2841.5
68.0
19139.0
2489.5
68.0
6760.5
16191.5
1494.5
524.0
1805.5
68.0
8507.0
4500.0
1002.5
9039.0
0
11031.0
68.0
20149.5
13128.5
1477.0
68.0
4074.0
21489.5
0
2908.0
12687.5
68.0
68.0
8061.5
68.0
1413.0
5176.5
1492.0
6334.0
23693.0
9892.0
2448.5
2922.0
9384.5
9594.0
68.0
2846.5
6234.0
163.0
8973.5
23617.5
5403.5
68.0
68.0
1128.5
2272.0
3235.0
68.0
6338.0
68.0
15207.5
6275.0
534.5
2948.0
14263.5
5782.5
8434.5
3204.5
68.0
68.0
1987.5
8085.0
6247.0
2338.0
3901.0
23648.0
68.0
11129.0
68.0
21824.0
17509.0
5315.0
68.0
4594.0
16459.0
68.0
16753.0
534.5
68.0
1858.5
15863.5
910.0
19163.0
2365.0
14246.0
719.0
5050.5
13901.0
3310.5
3571.5
6903.0
67.5
12992.5
68.0
68.0
2660.0
5462.5
10804.0
68.0
3684.0
68.0
6291.0
68.0
17356.0
10294.5
16378.5
1599.0
7300.0
3648.5
1019.5
11655.5
8998.0
3246.5
4782.0
16420.0
4497.5
533.5
4109.5
5499.5
5369.5
1777.0
12623.0
15684.0
17815.0
25380.0
1019.0
4552.0
18284.0
163.0
7204.5
1036.0
4585.0
68.0
7671.5
27101.0
15225.0
11857.5
3637.5
13485.0
719.0
438.5
68.0
68.0
8615.5
1785.0
1019.5
19088.5
3435.5
4566.5
57.5
614.0
4943.0
1521.5
1016.5
13442.0
10812.0
8925.0
3160.0
8157.0
3662.5
68.0

4626.5
3248.5
18797.5
1471.5
7401.0
68.0
2008.5
1882.0
1771.5
68.0
9531.0
10358.0
7236.5
2540.0
2467.5
4471.5
903.0
14353.0
9766.5
12009.5
8569.5
11726.0
5816.0
68.0
12530.0
4162.0
6685.5
10268.5
9421.0
5763.0
11696.5
7387.0
7565.0
4056.0
68.0
4165.0
2770.0
68.0
11178.5
68.0
10020.0
7198.5
25913.0
0
8317.5
6742.5
163.0
8046.0
7202.5
13452.0
68.0
11671.5
12124.5
10436.5
7951.0
68.0

5429.5
8705.0
17024.5
629.0
627.5
534.5
68.0
2089.5
1880.5
2282.0
68.0
19500.0
2805.0
12336.5
3259.5
9501.0
150.0
3182.5
348.5
3589.0
21535.5
4930.0
13286.0
3051.0
12170.0
460.0
8949.5
8115.0
68.0
9443.5
12878.0
4834.0
923.5
3571.5
68.0
68.0
6709.5
4664.0
68.0
927.0
3545.5
4610.0
6722.5
5457.0
1504.5
1505.0
68.0
68.0
365.5
6802.0
10817.5
2859.0
68.0
17021.0
3222.0
1076.5
68.0
11836.5
3565.5
68.0
12094.5
8270.5
2410.0
538.5
16510.5
10874.0
534.5
9844.5
68.0
68.0
18304.5
10523.0
16477.5
8463.0
11750.0
163.0
9026.5
4095.0
68.0
1878.0
4926.0
3612.5
20574.5
68.0
68.0
13826.0
15672.5
68.0
15800.0
10692.5
4065.5
68.0
8503.0
4553.5
13455.0
68.0
6570.5
1800.0
9019.0
68.0
68.0
443.5
68.0
23187.0
1016.5
6735.5
2844.0
7600.5
68.0
3719.5
7251.0
3543.5
68.0
12399.5
14349.0
2374.5
11715.0
1019.5
2483.0
470.5
22240.5
9491.5
10398.0
68.0
68.0
2341.5
13947.0
4454.0
5043.0
6012.0
13852.0
1016.5
68.0
17944.0
24368.5
4416.5
68.0
3109.5
1965.5
9896.5
68.0
68.0
4505.5
5024.0
2279.5
9423.5
7078.0
2826.0
8206.0
1016.5
5928.5
13523.5
68.0
68.0
68.0
25441.5
5453.5
25403.5
3209.0
5802.0
612.5
68.0
2458.0
12528.0
1224.0
5473.5
20220.5
6698.0
1783.0
4006.0
68.0
17670.0
21338.0
8937.0
68.0
7311.5
68.0
1544.5
3492.5
1053.0
9942.0
4743.0
1322.5
12521.0
68.0
8125.0
612.5
16017.0
4415.5
4796.5
0
14789.5
2343.5
3599.5
1016.5
2595.0
17411.0
1933.5
2224.5
7119.0
4164.5
12486.0
0
12919.5
633.5
68.0
3795.0
21861.5
1877.5
9369.0
4107.5
2273.0
893.5
10560.0
8912.0
1970.0
8473.5
8893.5
9349.0
3136.0
13399.5
16186.0
16978.5
68.0
9868.5
4008.5
9634.5
1295.5
10079.5
2315.0
2470.0
1387.0
5956.0
16928.0
68.0
17350.0
3050.5
2226.0
68.0
68.0
3713.0
926.5
2380.5
10888.5
68.0
1774.5
738.5
3563.5
12547.0
7936.0
438.5
663.0
163.0
4079.5
10405.0
7724.0
3157.5
4998.5
68.0
1404.0
68.0
3107.0
25041.5
68.0
7549.0
18306.5
10651.5
1033.5
68.0
15240.5
68.0
68.0
1819.0
17833.0
10788.5
4541.5
458.0
12113.0
7474.5
21447.5
12887.5
21778.0
6700.0
68.0
68.0
6748.0
3124.5
7141.5
16426.5
68.0
17606.5
6301.0
10265.5
13409.5
68.0
13461.5
3669.0
5018.5
20607.0
8184.0
3697.0
5863.5
2265.5
68.0
9483.0
2414.0
19274.0
68.0
8138.5
7691.5
13358.5
9957.5
7604.5
11069.0
11460.5
4252.5
2826.5
927.0
68.0
7562.5
16641.5
68.0
1009.0
68.0
153.5
2672.0
2300.0
15558.0
438.5
3249.0
6661.5
13050.5
8419.0
4157.0
2083.0
4897.0
19219.0
3101.0
68.0
68.0
7254.5
68.0
14746.5
68.0
7287.5
6360.0
8475.5
6267.0
68.0
68.0
21009.5
3797.0
12049.5
4619.5
3553.0
68.0
23097.0
1876.5
2764.0
1472.5
10361.5
11953.0
2565.0
2802.0
11718.5
21041.5
2769.5
13355.0
4929.5
4667.0
68.0
68.0
5972.5
4077.0
13930.0
26722.5
26682.0
68.0
3218.5
9966.5
68.0
15710.5
5875.5
1614.0
68.0
2721.0
15121.5
68.0
2661.0
3960.0
8603.5
68.0
1004.5
17969.0
8089.0
8073.5
1909.0
68.0
11607.0
12076.5
1413.0
3693.5
8588.5
9815.0
17913.5
68.0
1033.5
5406.0
68.0
5023.0
1802.0
6802.0
19146.0
11739.5
2356.0
68.0
629.0
2246.5
68.0
1016.5
12910.0
10335.5
6343.0
68.0
1777.0
11777.0
10237.0
16068.5
11586.5
0
14257.5
16066.0
2833.0
12942.5
1954.0
1787.0
995.5
1426.0
2633.0
5409.5
7314.0
6758.0
0
2809.0
9380.0
24581.0
13346.0
9902.0
4998.0
2162.0
68.0
1911.5
68.0
68.0
926.5
4561.5
163.0
4060.0
68.0
6885.5
5371.5
163.0
2067.0
68.0
1413.0
1036.0
6307.5
1505.0
7213.0
1351.0
365.5
1989.5
13430.0
738.5
11315.0
999.5
68.0
10828.0
6749.0
4540.5
5018.5
13522.5
68.0
1109.0
68.0
3635.0
1019.0
13591.5
6535.5
7215.0
1503.5
1499.0
2004.0
2760.0
9005.0
10754.0
18819.0
9082.5
12942.5
10782.0
14222.5
19182.5
68.0
2282.0
4086.0
849.0
5985.0
68.0
4879.0
3702.0
68.0
14676.5
9360.5
4071.0
1019.0
8223.0
2445.0
2782.0
20609.0
5454.5
15671.5
16501.5
9552.0
1943.5
6387.5
68.0
2447.5
68.0
533.5
14899.5
7568.0
9926.5
2372.5
10873.0
646.0
68.0
4100.0
23693.5
1404.0
2267.5
3679.0
5611.5
5942.0
629.0
4612.0
11650.0
348.5
16556.0
16039.5
27209.0
12963.5
10730.5
68.0
454.0
0
68.0
17381.5
45.5
68.0
3234.0
3723.0
16083.0
524.0
8955.0
68.0
9357.5
16280.0
9409.5
15156.5
7760.5
1036.0
7886.5
0
8985.5
5872.5
14017.5
163.0
23646.0
15548.0
10309.0
2377.0
19100.0
68.0
9417.0
1407.5
1614.0
5970.5
5392.0
19624.5
8006.5
9507.0
68.0
3315.5
26378.0
0
6340.5
3293.5
15163.0
8467.0
68.0
68.0
18701.5
629.5
9957.0
68.0

0
11141.0
68.0
471.0
68.0
4465.5
7142.5
457.0
1019.0
16901.5
68.0
68.0
17037.0
13400.0
3085.0
3323.0
68.0
438.5
2419.5
11149.0
68.0
8984.5
7213.5
910.0
2372.5
5075.0
68.0
4490.0
2841.5
943.5
4044.0
68.0
5408.0
8910.0
332.0
0
11393.5
1871.5
1894.5
9406.0
4114.5
0
68.0
7338.0
1314.5
9962.5
4161.5
8473.5
19114.5
20559.5
10840.5
7605.5
476.0
2823.5
4620.0
7562.5
3707.5
348.5
68.0
1424.0
257.0
12813.5
5549.0
23434.5
4653.0
7228.5
68.0
1878.0
68.0
663.0
14230.0
68.0
1019.0
68.0
5383.5
22298.5
12923.5
15172.5
926.5
4504.0
5880.5
10433.0
4563.0
2733.5
5873.5
26310.5
10137.0
14820.5
1101.0
3565.5
2357.5
15241.0
2787.5
1421.5
163.0
9863.0
68.0
19318.0
4128.0
458.0
2266.5
11689.0
4927.5
541.0
3203.0
1185.5
1534.0
3212.5
1836.5
1130.0
16951.0
68.0
6690.0
68.0
0
4444.0
1404.0
1038.5
9360.0
9090.5
4880.5
68.0
1775.0
15081.0
10829.0
23273.0
68.0
3107.0
1856.0
5872.0
68.0
5389.0
11572.5
12996.5
0
5274.5
68.0
1036.0
68.0
7201.0
20093.5
2355.5
68.0
438.5
6869.5
10907.0
68.0
438.5
18441.0
68.0
15269.5
8499.0
1373.0
1036.0
6214.0
4504.5
16500.0
4934.0
533.5
910.0
2075.5
8131.5
3623.5
2528.5
6418.0
12898.5
8123.5
4252.0
68.0
15073.5
960.5
4100.5
3236.0
68.0
7610.0
458.0
1426.0
926.5
6336.5
9298.5
11683.0
2372.5
1819.5
68.0
66.5
2391.5
614.0
8546.5
23225.5
21418.0
3584.5
4146.0
4934.0
12019.0
14899.5
2416.0
2734.5
271.0
2372.5
21651.0
5421.5
1669.0
5057.5
0
9159.0
2672.0
68.0
68.0
2261.5
1978.5
1019.0
68.0
10505.5
22661.0
2475.0
16033.0
0
2659.0
5802.5
23150.5
68.0
1334.0
926.5
12006.0
3718.5
2719.0
13765.5
13607.0
68.0
68.0
6697.5
5243.5
14228.0
14259.0
10663.0
68.0
9441.0
68.0
13012.5
23671.5
14292.0
23640.0
68.0
3762.0
10450.0
17462.0
663.5
6397.0
1111.5
9028.0
68.0
15873.0
8189.5
7983.5
515.0
6309.0
8954.5
11601.5
11270.0
68.0
2734.0
10861.5
0
3698.0
7631.5
163.0
3272.0
2307.5
5082.0
8964.5
4560.0
926.5
944.0
1406.5
13923.0
6356.0
3231.0
5055.5
8522.0
68.0
0
13609.0
0
4017.5
12581.0
2353.5
4034.0
12131.0
14936.0
7330.0
4440.0
1916.0
68.0
9505.5
68.0
10025.0
68.0
1190.0
68.0
11656.0
5033.5
438.5
2362.5
5022.5
3204.0
6247.5
7234.0
8965.5
1106.5
6212.0
3668.5
7280.5
9876.5
16878.0
12135.0
8131.0
4463.5
14170.0
68.0
16542.0
14808.0
16554.0
4187.5
4954.0
943.5
7795.5
24513.0
68.0
1373.5
1129.5
2249.0
0
12105.0
17404.5
5518.5
11225.0
5017.0
12072.5
4499.0
2867.5
9737.0
2049.0
8625.5
9608.5
332.0
7986.0
5428.0
0
543.5
2734.0
2259.5
0
68.0
11147.5
20099.5
1785.5
14512.0
14359.5
3140.5
21906.5
0
8896.0
365.5
4573.0
1929.5
4198.0
20420.5
1840.0
629.0
9970.5
68.0
16493.0
68.0
5006.5
2777.5
7695.0
5774.0
68.0
1021.5
12762.5
1911.5
3686.0
10564.5
4125.5
2770.0
8124.5
3065.0
1438.5
2818.0
2527.0
12500.5
3604.0
4935.0
5756.5
7795.5
4151.5
7391.0
2355.0
68.0
163.0
1803.0
6395.5
19282.5
926.5
68.0
8570.5
629.0
3234.0
10817.5
68.0
68.0
4131.5
17651.0
8556.0
163.0
22366.5
647.0
2389.5
7219.0
11089.5
2810.0
10251.0
2782.0
3647.5
16110.5
4076.5
10331.5
3246.5
7186.5
8561.5
13047.0
12955.5
438.5
6304.5
15192.5
10378.0
68.0
1982.0
5436.0
1020.0
68.0
0
68.0
12976.5
68.0
18323.0
3588.5
68.0
18133.0
1896.5
458.0
6257.5
2338.0
609.5
2599.0
6323.0
0
13133.0
17469.5
1751.5
68.0
2684.5
21897.0
1016.5
3680.5
15202.5
12895.0
1487.5
438.5
3797.0
10226.0
5426.0
5899.5
1280.5
68.0
9488.5
19655.5
26886.5
6845.5
1092.5
1394.5
18269.5
10389.0
6422.5
4893.0
4606.0
4102.5
7189.5
5884.5
7277.0
3618.5
68.0
15658.5
2450.0
68.0
6771.5
17480.5
13774.0
68.0
1795.5
8938.0
2377.0
68.0
20041.0
9900.0
68.0
18211.5
6900.5
18227.5
927.5
11215.0
68.0
68.0
633.5
68.0
1409.5
1487.5
3688.5
68.0
2453.0
16997.0
458.0
4055.5
1019.0
1782.5
13921.5
3602.0
68.0
68.0
6411.0
68.0
9715.5
6780.0
9426.0
1033.5
13933.5
6303.0
5819.5
8656.0
9448.0
1016.5
13233.0
4928.5
3234.5
8428.0
68.0
6748.0
5391.5
14725.0
332.0
4557.5
15790.0
554.5
1327.0
1016.5
16135.0
0
3696.0
68.0
8894.0
2338.5
3603.5
7124.5
4562.5
5005.5
1021.5
1870.5
15579.5
68.0
25439.5
2814.0
15122.5
11071.5
9863.0
1499.0
2736.5
11145.0
17839.0
68.0
68.0
68.0
68.0
68.0
2711.5
68.0
8157.5
4242.5
1002.5
68.0
5004.0
438.5
1413.5
68.0
16182.5
8898.5
2435.5
10209.0
4877.5
13383.5
6313.0
10337.0
10258.0
18246.5
15676.5
68.0
4452.0
68.0
10130.0
3178.0
14687.5
4008.5
68.0
14629.0
8651.0
5869.0
68.0
1507.0
14295.0
22.5
6291.0
1687.0
1016.5
755.5
1423.5
19678.5
12030.5
6011.0
1909.0
4920.5
3635.5
68.0
10742.0
8219.0
13922.0
1813.5
68.0
68.0
17396.0
4557.5
9395.0
68.0
1614.0
7034.0
1895.5
5537.5
454.0
23579.0
8583.5
1406.5
68.0
6836.0
0
6052.5
1009.0
68.0
438.5
173.0
8068.0
68.0
68.0
68.0
2826.0
5051.5
68.0
1029.0
20970.0
68.0
68.0
5337.5
6751.0
16097.5
7678.5
9795.0
4994.0
9113.5
2628.0
1428.0
10676.5
3214.0
2548.0
4111.5
11707.0
11236.0
1499.0
2804.0
17811.5
8960.0
10325.0
3642.5
12107.5
68.0
68.0
2732.0
9455.0
7203.5
1021.5
10238.0
13439.5
68.0
23645.0
4499.0
4113.0
17642.0
9308.5
14318.0
20132.5
1802.0
13343.0
732.5
2268.5
4096.0
2692.0
24274.0
4596.0
3627.5
16586.5
1483.0
163.0
6739.0
2344.5
3772.0
18769.5
24553.0
535.0
68.0
17014.0
6233.0
1430.0
4182.5
4964.5
19771.0
68.0
12126.0
9290.0
5065.5
2081.5
68.0
6397.0
3383.0
1932.0
68.0
6315.0
68.0
9752.0
4455.5
8653.0
68.0
68.0
17446.5
4664.5
3843.0
68.0
11110.0
1488.5
68.0
3292.0
16164.0
10002.0
2391.5
1350.0
7701.0
5948.0
9007.0
18393.0
438.5
6751.0
12976.0
1877.5
2824.0
23513.5
10309.0
68.0
6784.0
24106.0
9412.0
3262.5
15588.0
12487.0
4056.0
3314.5
4609.5
0
2206.5
612.5
1051.0
8142.0
19251.5
23152.5
68.0
4196.0
1595.0
4350.0
3600.5
68.0
4530.5
3820.0
68.0
12018.0
7671.5
2935.5
8031.5
3304.0
10214.5
21482.5
2728.0
19999.0
627.5
1031.5
438.5
3269.5
2299.0
1241.5
3743.5
68.0
25891.0
2325.5
68.0
68.0
16882.5
5130.0
10767.5
9075.0
4695.5
68.0
20096.5
2285.5
663.0
6870.5
11597.0
10304.5
8511.0
1033.5
3553.0
1190.5
458.0
7646.5
68.0
20938.5
1036.0
163.0
19693.5
6055.5
3199.5
1891.0
68.0
8596.0
8185.5
3702.0
1843.0
2733.0
23616.5
68.0
68.0
2936.0
5446.5
8991.0
1853.5
163.0
68.0
12437.5
68.0
68.0
5930.5
8.0
0
14826.5
961.0
8468.0
24600.5
2470.0
3214.0
7586.0
5819.0
2765.5
1926.5
2655.0
68.0
15232.5
8740.0
20873.0
14800.5
2269.0
15722.0
15233.0
68.0
926.5
1988.0
9904.0
68.0
2711.0
7667.5
18188.0
19324.5
68.0
10965.0
4463.0
1021.5
68.0
21180.5
17850.5
68.0
19115.0
12986.0
16029.5
21967.5
68.0
22271.0
1861.5
4164.5
14005.0
3639.5
4168.5
10230.5
68.0
6318.0
5052.0
9056.0
2897.5
12639.5
7554.5
13463.5
13455.0
2752.0
1033.5
7117.5
4246.0
5048.0
14682.0
5346.0
554.5
7636.5
2347.0
12884.0
17236.0
8100.5
10880.0
6810.5
1597.0
10004.5
9464.5
20093.0
0
12564.0
8580.5
13962.0
4406.5
5890.0
12040.0
2829.5
4204.5
163.0
21293.0
1875.5
68.0
1799.0
12563.0
68.0
4042.5
5012.5
4534.0
25432.0
8535.0
1019.0
5250.5
10784.0
5049.0
925.5
9438.0
7634.5
5938.5
1389.5
4439.5
18235.5
5893.0
2711.5
2380.0
1426.0
17010.5
334.0
2824.5
1948.5
68.0
68.0
4096.5
6669.5
1443.5
2678.0
13939.5
10986.5
25356.0
1521.5
12828.0
15626.5
8719.5
3576.0
68.0
3806.0
24123.5
8591.5
8513.5
22278.5
4564.0
5406.0
18382.5
12085.0
68.0
11672.5
1031.5
16972.0
8074.5
821.5
7123.0
2436.0
10327.5
12672.0
5455.0
17816.0
18764.5
3570.0
8073.5
6782.0
22894.0
9374.5
1502.5
3567.0
2077.0
19350.5
16860.5
68.0
1614.0
18626.5
18792.5
50.0
68.0
7618.0
6428.5
10951.0
68.0
2812.5
68.0
13676.0
11238.0
1980.0
3763.0
4648.5
68.0
7647.5
1423.5
5999.5
68.0
4138.5
25769.5
6049.0
12558.0
4532.5
1797.5
68.0
68.0
988.0
2793.5
4474.5
15128.0
3664.5
6383.0
6924.5
21687.5
7091.5
12983.0
3230.5
15204.5
1704.5
13032.5
348.5
1837.5
4599.0
8484.0
0
18310.5
22561.0
5514.5
11335.5
2357.5
16192.0
2582.0
1488.5
2822.5
14780.5
68.0
11635.0
14742.0
4562.0
3901.5
1861.0
0
1404.5
512.5
1029.5
15177.5
1005.0
11181.5
3250.5
3740.0
25813.0
3530.5
10884.0
21426.5
4625.5
4451.5
4548.0
2003.0
19343.5
6746.0
19690.0
1410.0
16098.0
8087.5
68.0
22057.5
68.0
3076.0
15555.0
1022.0
2172.5
3111.0
4603.0
11244.5
543.5
7702.0
68.0
11694.0
21261.0
3211.5
68.0
13539.5
2679.0
7702.0
3224.0
3606.0
524.0
14281.0
16640.0
9010.5
17955.5
0
25316.5
4657.5
20476.0
8528.0
3173.5
8048.5
1488.0
2360.0
68.0
5577.5
9458.0
1892.0
68.0
438.5
438.5
0
5491.5
11189.5
10709.0
647.0
68.0
17819.5
4467.0
8151.0
0
5922.5
14006.0
2764.5
68.0
68.0
2563.5
1892.0
5025.0
1426.0
1106.5
11726.0
14341.5
3106.5
18681.0
7703.5
3141.0
4529.0
68.0
68.0
14653.5
15358.0
926.5
9466.0
7645.5
20173.5
2363.0
1002.5
3691.5
3185.0
1410.0
2956.0
8439.5
16976.0
4970.5
1565.0
24618.5
1016.5
910.0
505.0
4959.0
2340.5
14326.5
1573.5
9431.0
19193.0
5490.0
438.5
25237.0
7159.0
4908.5
68.0
1873.0
5005.0
68.0
7924.5
13028.0
1482.0
1016.5
8051.0
4083.0
163.0
15645.5
13919.5
13374.5
15299.0
2700.5
11534.5
12586.0
5016.0
3701.5
5101.5
11602.5
1427.0
68.0
12891.0
20689.5
7207.0
14236.0
629.0
458.0
7295.0
16577.5
68.0
68.0
68.0
13878.0
1910.0
68.0
3304.5
7543.5
12884.5
646.0
4653.0
0
4081.5
6727.5
8965.0
6006.5
12479.5
9028.0
6359.5
17822.5
2830.5
12441.5
68.0
1389.5
3694.5
5512.0
554.5
12733.5
4623.5
5380.0
5801.5
68.0
12551.0
8664.0
11596.5
5526.5
5931.0
6789.5
68.0
3226.0
719.0
68.0
4214.0
1424.0
12364.5
6231.0
29.0
3107.0
1034.0
68.0
2669.0
7597.5
19615.0
14634.5
1908.0
13992.0
944.5
7218.0
23597.5
16235.5
7664.0
6901.5
8150.0
7974.5
15437.0
4622.0
1878.0
68.0
68.0
12651.0
23703.5
929.0
20602.5
26688.5
68.0
11373.0
10741.0
8554.5
3116.0
1521.5
68.0
1419.0
9452.0
14396.5
14791.0
68.0
4478.0
1389.5
4149.0
2860.0
12555.5
2359.0
11785.5
18267.0
23969.5
2549.0
8878.0
1505.5
1973.0
14831.5
4287.5
3209.0
6779.0
16371.5
1948.0
1945.5
10803.0
4521.5
3640.0
3559.0
68.0
4016.0
1053.0
0
1396.0
10379.0
68.0
68.0
1597.0
68.0
4118.5
1505.0
21440.5
14780.0
537.5
68.0
9005.5
1033.5
2895.0
1102.0
10230.0
5419.0
68.0
0
6325.5
4125.5
68.0
4075.0
3223.0
14726.5
8081.0
3603.5
524.0
8083.5
4078.0
6286.0
68.0
926.5
5529.0
10736.5
2231.5
5030.0
5136.0
1858.0
14893.0
10972.0
4502.5
10281.0
438.5
5784.0
68.0
9535.0
1492.0
1106.5
5095.0
9869.5
7795.5
8949.5
999.5
8044.5
3999.0
0
5891.5
10534.0
68.0
1406.5
4017.5
9354.5
16103.0
6423.5
6051.0
1896.5
629.5
26384.5
2283.0
3689.0
1779.5
7862.0
27068.5
4051.0
2280.5
1032.0
3592.0
943.5
614.0
9491.0
68.0
1104.5
3042.5
438.5
4907.0
12214.0
7602.5
4545.5
11594.0
68.0
2363.0
10775.5
68.0
20147.0
10613.0
1540.0
3107.5
68.0
4578.5
13509.5
17050.5
15234.0
68.0
4185.0
5104.5
0
3550.0
1791.5
3202.0
12176.5
736.0
1334.0
12573.0
1082.0
68.0
68.0
0
20267.5
1333.5
2765.0
5846.0
8569.0
3313.0
999.5
68.0
0
0
0
68.0
3696.0
9377.5
5840.5
6772.5
2830.5
7260.0
2861.5
3672.0
8950.5
1013.0
68.0
20514.5
2055.5
647.0
9013.5
12949.5
4953.5
12764.0
15972.5
7090.5
13468.0
163.0
9524.0
2766.5
68.0
13667.0
20213.0
2368.5
910.0
8138.5
621.5
8046.0
10012.5
68.0
3272.5
3618.5
3586.5
22793.5
9368.5
68.0
68.0
68.0
1053.0
68.0
10322.5
68.0
3210.0
10920.5
2753.0
14790.0
5947.5
173.0
4690.5
1107.0
1053.0
910.0
4168.5
8465.5
12592.0
10269.5
1423.5
68.0
1967.5
2824.5
4446.0
9995.0
11609.0
612.5
23973.0
68.0
68.0
11187.5
4993.0
68.0
3704.0
9471.5
533.5
22848.5
20177.5
5460.5
3200.0
68.0
68.0
9416.0
7673.0
3659.5
3250.0
9940.0
3716.5
17976.0
4045.0
24978.5
7570.0
7336.0
68.0
257.0
68.0
7724.0
2248.0
2439.0
13453.0
9817.0
21029.5
17462.0
68.0
4446.0
2372.0
4577.5
18855.5
1444.0
6831.5
3713.0
4998.0
17464.5
6374.0
1787.5
18112.0
2372.0
12909.0
8573.0
2857.5
68.0
4973.5
5091.5
8685.5
5091.0
5489.5
4552.5
8703.5
68.0
1949.5
3275.5
7973.5
16549.5
4570.0
2551.0
68.0
4256.5
13445.5
997.5
627.5
1912.0
537.5
22270.0
6218.0
68.0
10783.5
1876.0
19313.0
3604.5
6980.5
16416.5
8815.0
6338.5
17920.5
15085.5
5995.0
8506.0
2377.5
21346.0
3207.5
4141.0
68.0
68.0
2777.0
2202.0
13453.0
68.0
1615.0
14819.0
68.0
9482.5
5426.5
9970.5
9643.0
11163.0
16050.0
9460.5
629.5
11599.5
2234.5
68.0
11239.0
68.0
68.0
68.0
1588.0
809.5
22766.0
519.5
12474.0
68.0
2562.5
16552.0
5477.5
6898.0
10359.0
17843.0
2592.5
68.0
68.0
11108.5
19221.5
18685.5
68.0
6299.5
4169.5
1427.5
24885.0
19062.0
629.0
1033.5
13424.0
2267.5
11562.0
1436.5
8910.0
3206.0
10749.5
8115.0
17535.5
8907.5
12103.0
9471.0
68.0
10512.0
12085.0
8944.5
12076.0
8786.5
14354.5
3544.0
3221.0
1438.5
1029.0
3777.0
2734.5
68.0
4497.0
13404.5
1990.5
68.0
1465.0
13538.0
12511.5
68.0
3322.0
68.0
3719.5
8993.0
12483.0
2423.0
3223.0
5973.0
20589.5
4653.5
1373.0
68.0
18818.0
1190.0
7342.0
2812.0
3452.5
68.0
4505.5
1875.0
13154.0
5061.5
68.0
1878.0
16320.5
19185.0
2771.5
68.0
10368.0
14738.0
1911.5
8124.5
1044.0
7538.5
2380.5
4056.5
2243.5
8916.0
5788.0
68.0
68.0
2769.5
16614.0
68.0
17338.5
9884.5
7659.0
3716.0
5378.0
68.0
438.5
14768.0
8805.5
25019.0
4654.5
15316.0
5957.0
1331.5
11547.0
9942.5
68.0
68.0
1516.0
4030.0
68.0
68.0
3278.5
19820.0
438.5
16461.0
9458.0
68.0
1507.5
1036.0
4707.0
4888.0
3233.5
13402.0
647.0
19608.0
646.0
2280.0
7185.5
68.0
10326.5
2374.5
16136.5
9841.0
1046.5
1036.0
11255.0
14724.0
1875.0
24948.0
15275.0
3671.5
4465.0
332.0
4023.5
68.0
9002.0
1922.0
13923.0
5493.0
1877.0
19680.5
4937.5
68.0
9351.5
8217.5
68.0
19266.5
8139.5
12575.0
1878.0
4480.0
8218.0
999.5
1019.0
15754.5
543.5
1504.5
4076.0
348.5
4577.0
8937.5
13343.5
8373.0
17773.5
348.5
2786.0
12463.0
10791.0
68.0
6840.5
18844.0
14316.5
10719.5
68.0
2330.5
13786.5
5913.0
6031.0
646.0
1944.5
21073.0
12983.5
5036.5
16701.0
1785.5
1911.5
22498.0
68.0
3713.5
11629.0
68.0
68.0
5423.0
926.5
8089.0
3304.5
6250.0
15166.0
12437.0
6333.0
18750.5
8015.5
8118.0
68.0
5851.5
68.0
68.0
8291.5
451.0
5152.5
3246.0
8524.5
5649.5
21836.5
22793.5
5449.5
7138.0
5792.0
2547.0
3626.5
12538.0
2920.0
7724.0
7347.0
999.5
1779.5
6272.5
4445.5
4093.0
15386.5
1597.0
3570.0
1856.0
1802.0
68.0
1496.5
25777.5
1909.0
3307.0
3996.5
2857.0
638.5
9459.5
9822.0
68.0
8009.5
9775.0
68.0
1632.0
8933.5
4520.0
1954.0
1205.5
6842.0
10886.5
11236.5
6011.0
629.0
14354.5
16892.5
629.5
68.0
18316.0
4559.5
1409.0
10324.0
10303.0
13524.5
1145.5
365.5
18239.5
0
25347.0
6796.5
4140.0
10750.5
18783.0
5913.5
2324.5
2826.0
2754.0
68.0
12866.0
3135.0
6347.0
5563.5
10331.0
68.0
9614.5
999.5
7172.5
6785.5
68.0
1598.5
3981.5
68.0
1000.0
4515.0
4107.5
926.5
1102.0
68.0
12563.0
2356.0
5020.5
8545.0
3929.0
1019.0
2753.5
5480.5
0
13917.5
8226.0
68.0
22918.0
68.0
1890.0
5435.5
27654.0
68.0
20722.0
3637.5
6252.0
9916.0
11467.5
3439.0
8086.0
0
19612.0
3576.0
1594.5
4641.0
1016.5
24456.5
2880.0
68.0
5969.5
68.0
22311.0
3194.5
2382.0
68.0
2736.5
9886.0
20445.0
9025.0
13374.0
3580.0
4917.5
348.5
68.0
4497.0
6808.0
68.0
1950.5
2353.0
365.5
4141.0
20553.0
68.0
10789.0
1521.5
3253.5
68.0
14659.0
25506.0
2391.5
10715.0
438.5
24619.5
11636.0
3270.0
3650.5
2841.0
4077.5
13357.5
3613.0
14662.0
738.5
16628.0
1033.5
7140.5
23600.0
3997.5
926.5
68.0
16983.5
11614.5
68.0
8033.0
9947.0
17008.0
4174.0
4050.5
1039.0
68.0
68.0
68.0
8037.5
7549.0
1974.0
4879.5
12124.0
4004.0
661.0
68.0
4020.5
2363.0
7762.0
4257.0
9475.5
1897.0
4959.0
24061.5
68.0
5850.5
68.0
68.0
21812.5
2693.0
15644.0
348.5
9440.5
12901.0
438.5
2899.0
19290.5
8550.5
895.0
10501.5
1880.0
15502.0
10506.5
68.0
10365.5
1859.5
9172.5
16864.5
68.0
68.0
8562.5
629.0
15501.0
10422.0
926.5
68.0
153.5
4446.5
2267.5
13055.5
8604.0
2857.0
1375.5
852.0
2676.5
629.5
3234.0
13117.5
3118.5
4134.5
4518.0
4281.0
13469.5
8471.5
68.0
5568.5
2246.0
3650.0
19881.5
629.0
68.0
943.5
12171.0
6845.5
7182.0
524.0
7488.5
5904.0
24594.5
0
68.0
2229.0
646.0
5332.5
68.0
8544.5
19714.5
23658.5
16983.5
4521.5
1771.5
2767.5
4568.0
3126.0
68.0
68.0
1895.5
3629.5
7680.5
8978.5
68.0
10292.5
943.5
5378.5
3236.5
1616.5
2418.0
6651.5
1614.5
1110.5
68.0
12011.0
9068.0
3729.0
4182.0
5786.0
2737.5
68.0
2129.5
1518.5
68.0
5956.0
12922.5
5448.0
11605.5
6362.0
2231.0
68.0
8451.0
2259.5
4169.5
612.5
1585.5
3211.0
1984.5
1875.5
163.0
68.0
11131.0
10220.0
68.0
5935.0
6832.5
68.0
6475.5
9852.5
10283.5
17892.0
24166.5
4331.0
4565.5
1489.0
25556.5
11650.0
8004.5
4058.0
458.0
5867.5
2332.0
6375.0
5797.0
3553.0
3735.0
10918.5
4892.5
13845.0
68.0
4216.5
1036.0
2747.5
3282.0
12671.0
14993.5
24019.0
8259.0
6349.0
4384.5
9972.0
6228.0
24725.0
4206.5
16553.5
68.0
1385.0
2526.5
1039.5
3486.0
68.0
7194.5
4914.0
21877.0
68.0
2801.5
68.0
12598.5
1579.5
16352.5
10274.0
26342.5
8888.0
25128.0
6357.0
68.0
2680.0
6870.5
1326.5
68.0
3278.5
6456.5
11208.0
1777.0
4928.5
11683.0
7017.5
6374.0
4015.0
4463.5
5064.5
4968.0
13027.5
68.0
553.0
877.0
10209.0
4645.0
8097.0
2780.0
18820.0
15765.5
17702.5
4633.5
8516.0
68.0
11609.5
14769.0
2848.0
8101.5
978.0
2321.5
1443.0
4443.5
663.0
5390.0
6697.5
4571.5
7171.0
12558.5
26253.5
4109.5
13094.5
4657.0
68.0
25070.0
68.0
7141.5
7373.0
10335.0
9911.0
68.0
18318.0
629.0
17375.0
21836.0
68.0
348.5
163.0
1036.0
10766.5
1333.5
25003.0
19149.5
17852.5
5485.5
68.0
68.0
3668.0
2922.5
14314.5
612.5
21356.5
68.0
68.0
12551.0
14810.0
8223.5
3572.5
8476.0
3601.5
6854.5
4476.5
163.0
943.5
14850.0
24925.0
14333.5
1039.0
68.0
1002.5
619.0
8182.5
25453.5
4013.5
1521.5
25859.5
7470.0
4513.0
2747.5
3639.5
25016.5
3166.0
961.0
8918.0
8906.0
12444.0
852.0
629.0
68.0
5904.5
4583.5
5522.0
5328.5
23161.5
2075.0
2704.5
68.0
18395.5
12477.5
7209.0
9395.0
68.0
4588.5
8561.0
1164.0
8589.0
7159.0
12527.0
521.0
2796.5
163.0
12965.5
10249.0
7228.5
14718.5
629.0
2283.0
68.0
2099.5
926.5
4040.0
25431.0
2297.5
6013.5
14769.5
24048.5
21899.0
10319.0
5950.5
8531.5
68.0
1907.0
4519.5
15072.0
15245.5
68.0
68.0
458.0
3608.5
17834.5
9879.5
1034.0
25487.0
1336.0
1036.0
5074.5
10327.5
21142.5
5825.5
7225.5
15858.5
7261.0
10335.0
5829.5
4082.5
9345.0
5014.5
20429.5
20479.5
24439.0
3682.5
5916.0
14200.0
1002.5
15560.0
10515.5
6283.0
20569.0
4570.5
68.0
19165.0
13897.5
16537.0
1856.0
4001.5
11583.0
15809.0
2818.0
8572.0
23493.5
5334.0
11999.0
68.0
10805.5
14401.5
2746.0
3708.5
2755.0
0
68.0
68.0
20233.5
1430.0
12139.0
10866.0
2039.0
10375.0
24431.5
17933.0
12426.0
1492.5
0
3497.0
1930.0
13012.5
68.0
13326.5
10438.0
9937.5
910.0
4917.5
68.0
68.0
10408.0
7511.0
5962.0
612.5
7711.5
68.0
9001.0
68.0
4031.5
1106.5
1504.5
6654.0
13237.5
8489.5
7395.5
3568.0
6371.5
2288.0
68.0
10732.0
5931.5
0
7356.5
2809.5
17856.5
2215.5
23264.0
7146.5
18139.0
458.0
2000.5
23220.0
927.5
24103.5
438.5
6809.5
163.0
24168.5
17795.0
10804.5
646.0
1578.0
10590.0
8614.5
1459.0
16080.0
68.0
1503.0
11570.0
2273.0
10236.5
13360.5
2751.0
68.0
3563.5
3239.0
9006.5
68.0
8136.0
68.0
1861.5
646.0
68.0
4030.0
12462.5
1410.0
5863.0
68.0
2761.5
4907.5
348.5
5347.5
7729.5
22287.5
20015.5
163.0
27524.0
7523.5
10865.0
68.0
13031.5
14404.0
18308.5
14423.0
25371.0
7208.0
2652.5
68.0
12892.0
4887.0
17495.5
20647.0
13928.0
45.5
21042.5
3685.0
4950.0
22015.5
3672.0
7727.5
4620.5
5441.5
6009.5
3633.5
1805.5
68.0
68.0
3553.5
20965.0
2709.5
9646.0
5448.5
68.0
68.0
0
68.0
7553.0
6914.5
10818.5
0
17886.0
11850.5
1002.5
68.0
5298.0
13874.5
9609.0
1570.0
0
1629.5
927.5
4979.5
8018.0
8098.0
927.0
9401.0
6888.5
14876.0
1845.5
2580.0
11057.0
2291.5
14374.0
6987.0
68.0
8008.5
2735.0
1894.5
4598.0
23997.0
0
12547.5
16899.0
0
0
8.0
1785.0
0
1022.0
5441.0
25898.0
68.0
0
23741.5
4106.0
7159.5
0
13811.5
5233.0
2642.5
10397.5
21488.5
3627.0
2341.5
12112.0
0
1430.5
15249.0
7031.0
11210.5
438.5
4181.5
1034.0
629.0
0
5417.0
3220.5
663.0
9046.5
3611.5
24108.0
5843.0
13767.0
7135.0
10922.0
7220.0
4484.5
4000.0
12709.0
2804.5
16062.0
17868.0
6771.0
3837.0
10375.5
68.0
68.0
15151.5
3256.5
3691.0
16600.0
2283.0
9371.5
9938.5
2734.5
1520.5
13025.5
2854.5
835.0
15569.5
17389.0
1463.0
6579.5
4039.5
68.0
16448.5
0
5004.0
16552.5
3153.0
3281.0
153.5
4545.5
12559.5
68.0
14315.5
3180.5
7632.5
8133.0
13030.0
1518.5
5840.0
68.0
8468.0
257.0
68.0
12554.5
12095.0
6372.5
4871.5
12443.0
68.0
6241.5
5911.5
10821.0
68.0
12978.5
6772.5
68.0
68.0
458.0
10723.0
10360.5
21310.5
68.0
68.0
999.5
3268.0
6346.5
5144.5
8982.0
21899.0
4901.0
1038.5
15171.5
11525.0
8552.0
21866.0
5506.0
68.0
14426.5
543.5
17568.0
7939.5
1334.0
1894.5
68.0
1016.5
1884.5
8156.5
10399.0
24458.0
19662.5
3778.0
9932.0
10809.5
7557.5
20081.5
16151.0
1488.0
68.0
68.0
1792.0
13235.5
163.0
0
3640.5
568.5
0
13941.5
2448.0
23087.0
438.5
68.0
4478.0
2282.5
68.0
18273.5
2280.0
68.0
19524.5
19217.5
4448.5

10682.0
1099.0
11579.5
9491.5
68.0
11122.0
5926.5
6237.0
7178.5
1897.0
22626.5
3580.0
8965.0
1894.5
15382.0
10769.0
4084.5
9361.0
7689.5
16033.5
18786.5
14736.0
68.0
7202.5
8593.0
68.0
1241.0
1970.5
22765.5
2381.5
2432.0
5069.0
1347.0
8529.5
16113.0
4912.5
19639.5
632.5
0
927.0
18796.0
22634.0
1126.0
16549.0
15207.0
22321.5
2365.0
4076.5
68.0
10351.0
68.0
5340.5
3623.0
15628.5
6253.0
21098.0
68.0
68.0
68.0
3607.0
1687.5
3850.0
10705.0
1772.5
9386.0
24185.0
2769.0
20535.5
13481.0
26717.5
10879.0
2265.0
1033.5
17573.5
9864.0
1911.0
9006.5
11196.5
4478.0
12544.5
6223.0
16101.0
15571.5
612.5
6337.0
3635.5
68.0
3550.5
2818.0
6361.5
7709.5
68.0
68.0
3237.5
3143.0
22364.0
3243.0
12209.0
5498.0
3610.0
4482.0
4352.0
0
25977.0
0
68.0
926.5
1953.0
23366.0
5459.5
0
17836.0
7280.5
18691.0
25317.5
3227.5
68.0
7127.0
5918.5
537.5
23131.0
458.0
68.0
1879.0
11114.0
24563.0
13073.5
7234.5
17755.5
6338.5
14370.5
9821.5
13798.5
68.0
4959.0
16528.0
2701.0
22238.0
3258.5
5859.5
68.0
4499.5
7286.0
926.5
68.0
1894.5
12941.0
910.0
4521.0
2271.5
24557.5
14273.5
2661.5
3621.5
4056.0
17856.5
20265.5
13836.0
2021.0
24607.5
23669.5
4590.0
4356.5
10867.5
3471.5
173.0
5391.5
12163.0
629.0
12570.5
4947.5
22343.5
68.0

68.0
1488.5
18830.0
163.0
5504.5
16902.0
12212.5
3478.0
2267.5
68.0
18261.5
2209.0
24052.5
12136.0
8688.0
7259.5
163.0
9820.0
7861.0
7194.0
153.5
11461.0
68.0
68.0
15238.5
18242.5
4095.5
10907.5
8889.0
1422.0
8583.0
68.0
5886.5
18769.5
365.5
4541.0
68.0
7173.0
1488.0
68.0
4514.0
26867.0
5233.5
4976.5
68.0
6338.5
11650.5
68.0
68.0
4447.5
12096.5
18325.5
15266.5
68.0
19229.0
460.5
11245.5
7663.0
24972.5
8129.0
68.0
68.0
68.0
11563.5
1406.5
10273.0
13540.0
999.5
17416.5
1802.0
2358.5
21044.0
11693.5
68.0
6228.5
8058.5
533.5
68.0
8555.5
7612.5
8892.0
629.0
4094.0
19144.0
68.0
3651.0
11195.5
629.0
4019.0
1502.0
18786.5
68.0
25942.0
10257.0
2692.0
10721.5
68.0
12101.0
2724.0
17386.0
68.0
16115.5
8173.0
68.0
6503.0
524.0
1443.0
11663.5
13940.5
16148.0
4049.5
1387.0
7276.5
11686.5
10341.0
9974.0
3810.0
4303.0
13106.0
8821.0
5039.5
12540.5
2341.5
68.0
6373.5
8735.0
16616.5
7488.5
23113.0
8544.5
5132.0
6896.5
2827.0
9434.0
9846.5
4127.0
1037.0
5869.5
1389.5
68.0
2660.0
14595.5
19121.0
7330.5
20024.0
3599.5
505.0
8165.0
4106.0
163.0
3682.0
4110.5
3574.0
1033.5
10847.0
7567.0
2428.5
22335.0
4497.5
22334.5
2733.5
12949.0
22055.0
8822.5
7244.5
19356.5
68.0
22830.0
3795.5
68.0
1905.0
26884.0
13206.0
4594.5
1889.0
8225.0
16618.5
6337.5
7193.5
8714.0
5851.0
5034.5
6285.0
15178.0
14372.5
620.0
3629.0
4050.0
11265.5
68.0
68.0
3579.0
8116.5
68.0
16441.0
18243.0
68.0
68.0
2389.5
5530.0
3980.0
646.0
68.0
18846.0
19188.5
4954.0
163.0
8573.0
68.0
7780.0
7569.0
1505.0
3219.5
8919.5
16018.5
4131.5
11099.5
4523.5
9984.0
1016.5
1786.5
68.0
68.0
1286.0
28147.0
7691.0
5937.5
5369.0
5005.0
24004.5
9350.5
1503.0
3216.5
13871.0
13339.5
1813.0
13330.5
23580.5
3079.5
5042.0
20164.5
4108.5
68.0
17505.5
7388.5
5875.0
12874.5
15595.0
68.0
3626.5
1984.5
25441.5
1472.5
11626.0
25961.0
3768.0
5471.0
9983.0
3032.5
612.5
20572.0
5410.5
2430.5
4569.0
8712.0
2829.0
12923.5
10849.0
365.5
1502.0
8033.0
68.0
12003.5
2728.0
68.0
18210.0
26367.0
960.5
19735.0
9940.0
24045.0
738.5
4983.0
68.0
3102.5
5441.0
2792.5
3067.5
2346.0
13864.5
3232.0
1951.5
3700.0
629.0
68.0
10977.5
10774.5
4975.0
13044.5
5881.5
8561.5
19742.0
12082.5
12095.0
8578.0
17029.0
12591.0
1594.5
5028.0
4109.0
10239.0
5171.5
22712.5
1002.5
9097.0
8474.5
5386.0
18415.5
6335.0
3692.5
11343.0
4916.0
2256.5
2900.0
6663.5
4572.5
3250.5
14778.5
2376.5
22263.5
9920.5
12656.0
1496.5
68.0
0
1033.5
734.0
1505.0
13878.5
16014.0
7159.5
4145.5
16146.5
926.5
11663.0
23528.5
2139.0
12199.5
458.0
68.0
68.0
8539.0
2682.5
13480.0
68.0
3691.0
68.0
18788.5
2278.0
458.0
163.0
629.0
11239.0
9855.5
68.0
0
0
6.5
9997.0
4535.0
348.5
12003.5
7191.0
1351.0
12055.0
68.0
2799.0
4446.5
23728.5
8902.5
5894.0
13264.5
458.0
12116.5
513.5
2754.0
2577.5
9448.0
9879.0
9514.0
68.0
3995.5
6005.0
68.0
22809.0
16943.5
6792.5
12532.5
68.0
2599.0
6298.5
11724.0
12525.0
68.0
13189.0
5371.5
4118.0
19549.5
68.0
2351.5
1053.0
3660.5
6775.0
12090.5
68.0
3696.5
68.0
16507.5
2811.5
4576.5
68.0
2753.0
5282.5
4851.5
12905.0
163.0
68.0
4164.5
68.0
14364.5
5859.5
7191.5
5501.0
1873.5
1426.0
11424.5
68.0
7736.5
13974.5
9445.0
4473.5
25009.5
5822.0
6851.5
1950.5
68.0
19550.0
11367.5
68.0
11010.5
8554.5
9798.5
257.0
13913.5
1878.0
18439.5
68.0
943.5
68.0
5644.0
16084.0
9346.5
5538.0
21801.5
20497.5
7552.5
163.0
5941.5
10777.0
534.5
3163.5
5330.5
3652.0
21535.0
2357.5
22887.0
2340.5
1504.5
2729.0
24581.5
944.0
6380.0
10750.0
5926.5
2782.5
15730.0
8201.5
13402.0
68.0
4918.5
13936.0
13947.5
6746.5
4538.5
68.0
11193.5
9935.5
5777.0
20126.5
68.0
12537.0
17848.5
1911.5
14905.0
23120.0
68.0
5011.5
5410.5
1988.0
4588.0
12566.5
19174.5
2854.5
15188.0
524.0
438.5
5432.5
8021.5
68.0
5041.0
15167.0
5305.0
6283.5
5397.0
4507.0
7236.0
68.0
17812.0
719.0
1039.0
68.0
1580.0
4294.0
2374.5
1486.0
1471.0
5352.5
7570.0
11831.5
5769.5
16235.0
4058.0
68.0
9521.0
68.0
8168.5
13443.5
5780.0
68.0
12155.0
3584.0
2358.0
68.0
22655.5
910.0
10488.0
26322.0
68.0
4462.5
68.0
4259.0
68.0
434.0
11999.0
16201.0
5820.0
10861.0
5912.0
7623.0
26728.5
17032.0
68.0
1048.5
16599.5
68.0
2094.0
6791.5
12693.0
3794.0
3734.0
460.5
5417.5
13950.5
5892.5
943.5
14102.0
23982.5
68.0
68.0
17776.0
68.0
758.0
5342.5
9310.5
68.0
5898.0
163.0
8972.0
458.0
22853.0
23712.5
901.0
21320.5
1037.5
6759.0
24061.5
68.0
4511.0
533.5
68.0
6749.5
5834.5
0
0
8159.5
19400.5
8951.5
2717.0
12949.5
271.0
14809.5
13906.0
68.0
5989.0
173.0
2262.5
23331.0
3745.0
24545.0
3589.5
18147.5
5214.5
68.0
8596.0
438.5
7322.5
8225.5
719.0
9379.5
1790.5
909.5
8494.0
4067.5
13406.5
460.5
3565.0
9438.0
3233.0
11715.5
438.5
4108.5
5929.0
4584.0
0
4182.0
3027.0
5460.5
438.5
0
5490.5
4109.0
0
17435.0
1406.0
68.0
4166.5
68.0
1046.5
11135.0
1594.5
15112.0
3887.0
9540.5
68.0
3621.5
68.0
647.0
68.0
9025.0
25852.5
6268.5
961.0
458.0
8490.0
0
632.5
2755.5
5026.0
68.0
19956.5
1948.5
20485.5
2324.0
68.0
68.0
5896.5
8.0
3233.0
15134.0
6791.0
989.5
1458.0
10674.0
914.0
7169.0
68.0
1522.0
23548.5
3236.5
15079.5
4110.5
4641.5
0
7696.0
1036.0
1019.0
3676.5
1539.0
11687.5
8536.0
9307.5
25021.5
2380.0
17476.5
10317.0
22666.5
3880.0
5045.0
5084.5
68.0
21986.0
2675.5
1002.5
14309.0
1858.0
68.0
9375.5
1867.0
4617.5
13425.5
348.5
2363.0
4608.5
2249.0
22837.5
8559.0
7708.5
14250.5
7652.5
17925.5
961.0
23245.0
12212.5
11275.0
68.0
3308.5
17530.0
22755.5
6315.5
5478.0
2802.5
5890.5
12484.0
17013.0
21471.0
20484.5
458.0
1019.0
25481.5
10212.5
14780.0
9796.5
153.5
11782.5
1768.0
629.0
68.0
3998.0
68.0
9521.5
68.0
21896.5
12444.5
2440.5
18329.5
8172.0
26784.5
2391.5
68.0
10707.5
4091.5
9182.5
4233.0
13399.0
8432.0
16082.5
8828.0
6752.5
10731.5
68.0
9085.5
13366.5
163.0
68.0
1194.5
7607.5
17809.5
5529.5
4472.0
6867.5
4946.0
68.0
5509.0
4637.0
11743.5
68.0
2230.0
68.0
68.0
6817.5
13006.5
68.0
4483.5
1016.5
68.0
7218.0
11650.5
0
4561.5
1378.5
68.0
13087.5
18331.5
6254.0
17052.0
9381.5
2255.0
3791.5
17484.5
19998.5
5043.0
68.0
4607.5
14404.5
3118.5
477.0
1406.5
1505.0
8545.5
9751.0
1963.0
3747.0
4898.5
3126.5
2715.0
12373.0
5484.0
68.0
12482.5
9887.0
11094.0
2543.5
6784.0
5790.5
1110.5
1441.0
7604.5
68.0
16011.0
23746.0
2412.5
6260.5
26697.5
163.0
1052.5
18242.5
5879.5
4559.0
16136.5
24531.0
18284.0
0
20450.0
5869.0
7101.5
1894.5
5472.0
3285.5
17943.0
12089.5
9350.0
3277.0
12589.0
1389.5
21857.0
24106.5
163.0
21791.5
68.0
9821.5
3714.5
22227.0
9876.5
68.0
20265.0
1504.5
3099.0
6710.0
8110.5
4133.0
3106.5
1775.0
1724.5
22815.5
1743.5
1051.0
2490.0
11995.5
8964.0
17451.5
12981.0
5442.5
14038.0
68.0
4489.5
7235.5
8973.0
12122.5
18731.0
1387.0
2737.0
7730.5
6681.5
12967.5
1409.0
0
7181.5
68.0
18734.5
2736.0
0
24011.5
2785.0
6787.5
3848.0
4650.0
8295.0
16910.0
4516.5
3108.5
8561.0
3216.5
10324.0
3703.0
4180.0
6355.5
68.0
163.0
24097.5
25774.0
68.0
7579.0
68.0
1891.0
596.5
6792.0
2816.5
19978.0
163.0
1033.5
68.0
68.0
14423.5
4155.0
163.0
2779.0
0
2754.0
8575.5
443.5
68.0
0
4366.5
20441.0
10264.5
11282.0
3668.0
10666.0
21895.5
3671.0
68.0
12518.0
8427.0
18224.0
9417.5
4559.5
458.0
0
4615.0
14367.0
4572.0
14362.0
6846.0
9961.5
68.0
5807.5
14762.0
24938.0
5031.0
68.0
7114.5
8612.0
68.0
68.0
15631.0
1895.0
5867.0
1950.5
14254.5
4107.0
5410.5
1406.5
13011.0
6741.5
1504.5
4983.0
3235.5
3270.0
17166.5
50.0
3704.0
13094.0
20113.0
20983.5
8126.0
68.0
68.0
1036.0
8551.5
68.0
3589.0
3715.0
2773.0
13249.5
22309.5
1892.0
5488.0
2141.5
5860.0
6932.0
18751.0
9803.0
23632.5
2364.5
4117.0
3197.0
5866.5
4142.5
1109.0
944.5
3221.5
13402.5
2753.5
68.0
68.0
1333.5
8537.0
26313.5
2754.5
68.0
8596.5
1022.0
3556.5
22780.0
1487.5
68.0
1878.0
2844.0
2164.5
68.0
19211.0
5058.0
68.0
8143.0
27231.0
5940.5
3652.5
12464.0
0
21922.5
4082.0
3116.5
3234.0
7355.0
4422.5
12563.5
173.0
1036.0
9799.0
5055.0
4461.0
5022.0
6735.5
6254.0
2706.5
2837.5
9966.0
11113.5
12611.5
17709.5
12609.0
0
999.5
3641.0
1915.5
2695.0
3660.5
16509.5
5954.0
9509.0
3244.5
5830.0
14698.5
1499.0
12404.5
1495.0
68.0
12083.0
11602.5
9024.5

1121.5
0
4544.0
68.0
68.0
17028.0
1943.5
3685.0
3104.0
5418.0
14418.5
0
68.0
9973.0
8670.5
12091.0
1516.5
12596.5
22.5
10738.0
1794.0
22.5
2490.5
9336.5
2814.0
8634.5
3109.5
1036.0
17911.0
22782.0
4192.5
18695.0
6934.5
4112.0
18285.0
5589.0
3650.5
5389.5
20403.0
8609.5
12783.5
3211.0
8118.5
8617.5
7627.5
1053.0
18032.0
1033.5
15746.5
19565.0
68.0
12020.5
18315.5
10275.0
17796.5
17062.5
5094.5
4067.0
4060.0
911.0
13340.5
3569.5
1772.5
13439.0
365.5
1577.5
4609.0
0
68.0
1592.5
2652.5
2301.5
1782.0
6274.0
12064.5
543.5
11228.5
68.0
68.0
18811.5
5853.0
21886.0
4627.0
1016.5
1912.0
19303.0
7567.0
5794.5
6312.0
18518.5
68.0
6681.0
2767.0
68.0
1911.5
2217.5
13729.5
6371.5
21055.0
5973.0
12169.5
5444.0
1013.0
2265.5
5975.0
3322.5
68.0
10011.5
0
14724.5
1915.0
6739.0
4691.0
68.0
7707.5
5025.0
4703.5
2800.0
68.0
68.0
438.5
7733.5
3692.0
7695.5
2255.0
68.0
3278.5
3800.5
4464.5
1914.0
2812.0
18763.0
6463.5
20924.5
68.0
943.5
8604.5
6475.5
4462.5
68.0
13688.5
4339.0
10268.0
68.0
5445.0
3689.5
17588.0
12830.5
1912.5
19128.5
926.5
4535.0
8577.5
10691.5
68.0
8524.0
14332.5
458.0
4112.0
6875.0
8568.5
15627.5
4462.5
15979.0
1055.5
8935.5
612.5
68.0
257.0
19195.5
5486.5
646.0
15158.5
3100.0
8483.0
68.0
68.0
7990.5
18340.5
10820.5
68.0
4444.5
68.0
17805.5
5441.0
68.0
68.0
738.5
22.5
6046.0
1892.5
6678.0
13032.5
2329.5
68.0
4871.0
2065.5
9443.5
1592.5
0
1496.5
19366.5
68.0
470.5
7219.0
1929.0
6906.0
8954.0
17912.0
68.0
3265.0
438.5
1500.0
5809.0
13432.5
0
5503.0
3281.0
16595.5
11222.0
8577.0
68.0
8449.5
18017.5
17434.0
3686.0
68.0
613.5
0
14812.5
5892.0
4640.5
68.0
7569.0
1985.5
3986.0
68.0
68.0
10391.5
7558.5
6371.0
1016.5
927.5
6394.5
7178.5
68.0
3999.5
4943.5
13960.5
1894.5
9475.0
10677.0
6401.0
21774.0
10732.0
2438.5
3332.5
1804.5
1868.0
15979.0
5021.0
8476.5
2284.5
8146.5
68.0
3716.5
8.0
68.0
646.0
68.0
6220.0
17300.5
8480.5
7633.0
534.5
8619.0
22735.5
14213.0
68.0
18249.0
26270.5
5862.5
9941.0
14207.0
1520.5
3553.5
438.5
3252.5
3599.0
68.0
68.0
6362.5
3121.5
0
11607.5
629.0
4287.0
68.0
3121.0
19103.0
16479.5
4596.5
23336.0
15742.0
7154.5
3114.0
1475.0
9482.0
68.0
543.5
21804.0
4595.5
1053.0
4073.0
163.0
911.0
4537.5
6820.5
5198.0
17736.5
5013.0
1031.5
68.0
68.0
2397.0
68.0
3009.0
5929.0
0
553.0
2301.5
612.5
9747.0
13316.0
6809.5
15242.5
14765.0
11118.5
12113.0
3701.5
23604.0
9000.0
2353.5
5586.0
931.0
4005.5
3614.0
4074.5
23700.5
543.5
1594.0
1858.5
5539.0
7237.5
2381.0
3542.0
0
12120.5
3604.0
8644.5
21849.5
1891.0
0
10868.5
4989.5
7576.5
20114.5
3183.5
8.0
1968.0
68.0
68.0
21735.5
5806.5
551.5
16089.5
7687.0
3279.0
11636.0
4080.0
19300.0
438.5
16087.0
962.5
8539.5
24069.5
12662.0
68.0
68.0
1505.5
22404.0
68.0
23696.0
4574.0
11102.0
68.0
9766.0
68.0
15093.5
19130.5
0
5060.0
0
7565.5
12534.0
68.0
12064.5
1596.0
3645.0
68.0
7691.5
1036.0
3617.5
11304.5
1301.0
15576.0
68.0
10261.5
629.0
2754.0
15198.5
68.0
12603.0
9010.5
8879.5
6417.5
68.0
68.0
19071.5
1891.5
12069.5
8017.0
163.0
68.0
4106.0
26228.0
4459.0
3182.5
3104.5
68.0
1419.0
14775.0
68.0
663.0
7229.5
68.0
68.0
9522.5
20369.0
5336.5
4147.5
68.0
458.0
3687.0
10476.0
15299.0
629.0
11546.0
21007.5
1798.5
18249.0
8069.5
19242.0
10363.5
4158.5
19313.5
15654.0
1016.5
6678.0
1466.0
526.0
163.0
7542.5
1392.5
1373.0
6462.0
21543.0
5853.0
5143.5
2545.5
11176.5
68.0
6842.5
5525.0
10802.5
68.0
68.0
11612.5
20433.0
4967.0
14443.5
4882.0
5803.5
8638.0
3113.5
20587.5
8446.5
25433.0
7711.0
68.0
68.0
68.0
6649.0
1707.0
6064.5
1036.0
17756.5
3196.5
3680.0
24681.5
26256.5
257.0
10428.0
2813.5
68.0
2534.0
20603.0
1505.5
19644.0
15686.0
8482.0
6377.0
2541.0
7192.0
68.0
13995.0
3897.0
2512.0
1894.5
68.0
5358.0
2899.5
12193.5
24243.0
5551.0
1926.5
68.0
910.0
458.0
9031.0
3663.5
68.0
6441.0
16035.5
9543.0
10809.0
1580.5
68.0
68.0
2786.0
7320.0
22692.5
16872.0
13424.5
1499.0
22633.0
3213.0
16247.0
21294.0
10059.5
68.0
7616.5
2840.5
3677.0
5405.0
68.0
5941.5
13946.0
11470.5
3252.0
4483.0
2279.5
8005.5
3598.5
2324.5
17295.0
15713.5
25838.0
9884.5
12480.5
3584.0
1892.0
22.5
6029.0
8467.5
8130.5
68.0
4539.0
2370.0
6358.0
1504.5
163.0
3196.5
2841.5
16992.5
1538.0
0
9177.5
926.5
6747.0
4565.0
458.0
6831.5
22678.0
6453.0
25479.5
3831.0
6059.5
0
7666.5
4310.0
2721.0
2827.0
18824.0
1888.0
24150.0
68.0
68.0
13835.5
12562.0
12156.5
3612.0
16121.5
68.0
12524.5
4158.5
7716.0
8011.0
17410.0
20237.0
16517.0
68.0
13493.0
3503.5
0
8533.0
7193.5
19690.0
20915.0
10706.0
68.0
19616.0
9046.0
68.0
21013.5
68.0
17573.5
4963.0
8899.5
24467.5
8880.5
10363.0
22678.5
12281.0
14794.0
68.0
3536.5
68.0
4034.5
68.0
12959.5
3124.5
2809.5
14468.5
5831.0
5426.5
4155.5
986.5
19699.5
15540.0
6226.0
543.5
21045.5
15182.5
2019.0
18032.5
4466.0
926.5
4643.5
14025.5
9421.5
6843.5
5527.5
1005.0
16866.5
6673.5
5459.5
12210.5
7652.0
3626.0
4176.0
2334.0
3725.5
68.0
6420.5
68.0
17022.0
1316.5
19194.0
14269.0
13680.0
4960.0
19293.5
6265.5
5377.0
19241.5
3631.0
7194.0
2348.0
7689.0
1016.5
999.5
68.0
1333.5
16659.0
9357.0
68.0
5877.0
0
12543.0
16121.5
2719.5
2921.5
17280.5
68.0
7664.0
24112.5
0
21782.0
1982.5
438.5
1842.5
8895.5
18255.0
20175.0
4524.0
15234.0
68.0
4073.5
17897.5
3146.0
8607.0
18682.5
2298.5
9335.5
21331.0
8442.5
6772.5
17939.5
5362.0
2270.5
12493.5
68.0
3212.0
2263.5
943.5
14017.5
596.0
6810.5
68.0
11091.5
68.0
1873.5
20685.0
6218.0
8496.0
68.0
7102.0
6740.5
10272.0
4152.5
2319.0
6721.5
4165.5
4009.0
68.0
6343.0
9373.0
68.0
9837.0
6346.0
438.5
2753.0
10893.5
12501.0
3225.5
9407.5
10395.5
17435.5
9382.0
17455.5
68.0
722.0
3202.0
4099.0
6314.5
11466.0
2272.0
11755.0
7149.5
11112.5
2173.0
68.0
6026.0
8411.0
3126.5
11074.5
1967.5
1402.0
9157.5
6874.0
10810.5
2673.5
23641.5
7687.0
0
7231.0
16480.0
6774.5
2709.0
10797.5
13929.0
68.0
68.0
9729.5
68.0
20554.0
25058.0
4415.0
2370.5
2420.0
11716.5
11034.5
3126.5
68.0
4663.5
10344.5
4014.5
6370.0
3998.5
3695.0
2232.0
68.0
14821.0
1468.0
17764.5
4975.5
68.0
18479.0
3692.0
1488.0
1486.0
3752.5
2368.0
19991.5
16474.0
68.0
68.0
1019.0
0
9769.0
68.0
6544.5
9799.0
7801.5
68.0
5031.5
4012.5
12052.5
8760.5
4578.0
11419.5
12174.0
11629.5
5657.5
12182.5
18838.5
5579.0
6872.5
2845.5
1126.0
4446.0
22971.0
4924.5
2257.0
11630.5
11438.5
11319.0
68.0
1522.0
16857.5
629.0
13675.0
2719.0
11692.0
68.0
638.5
3312.0
68.0
65.0
942.5
12057.5
68.0
3714.0
6273.5
4986.5
7664.5
6317.0
8529.0
1026.0
1631.0
8582.0
9466.0
0
4088.5
3686.0
2105.5
1013.0
15108.5
10398.0
12652.0
5863.0
11717.5
68.0
2825.0
1580.5
68.0
2028.0
6025.5
68.0
9023.5
6393.5
68.0
4020.5
3685.0
1002.5
24178.0
7040.0
14008.0
5434.0
4913.5
14375.5
150.0
7657.5
21869.0
4522.0
68.0
68.0
14270.0
2340.5
3070.5
9934.5
7122.5
4671.5
1803.0
68.0
0
6535.5
13965.0
12552.0
68.0
25781.0
7261.5
68.0
24502.5
8458.0
22.5
68.0
20523.0
10859.0
4087.5
25113.5
2804.5
2541.0
5129.0
16188.5
17493.0
8612.0
2273.0
10820.0
12807.0
9616.5
23622.0
3915.5
944.0
7201.0
12101.0
443.5
12972.0
1802.0
17569.5
2799.0
68.0
5011.0
7997.5
14390.5
6292.0
68.0
14364.0
68.0
3984.5
14646.0
14268.5
2673.0
17430.0
7468.0
68.0
16813.5
17066.0
0
10826.5
3719.5
19997.0
3616.5
1006.5
6390.0
68.0
10004.5
5495.0
15250.5
10321.5
1472.0
1104.5
7657.0
2220.0
458.0
7984.5
9874.0
1106.5
5862.5
68.0
3240.5
8610.5
1396.0
0
10874.0
4282.0
21352.0
13269.5
23077.5
18370.5
68.0
10476.0
9913.0
8192.5
68.0
5489.5
3779.0
1016.0
4195.0
13890.5
534.5
8795.5
12940.0
2355.5
6759.5
7560.5
910.0
68.0
554.5
68.0
9926.0
524.0
10317.0
11350.0
68.0
14773.5
68.0
11520.5
68.0
68.0
3927.5
16592.0
943.5
4488.0
13456.0
68.0
68.0
7613.0
543.5
7229.5
7066.0
10788.5
16544.5
15176.0
4936.5
10381.5
8134.5
68.0
8514.0
6771.0
1099.0
68.0
0
2390.0
9658.0
68.0
9333.0
1376.0
12592.5
68.0
14343.5
68.0
2014.5
3267.0
4564.5
9435.0
6346.0
1968.5
2810.0
20181.0
1875.5
3177.5
629.0
4057.5
6347.5
68.0
21038.5
22231.5
23962.5
12135.5
1344.0
6171.5
68.0
68.0
13926.0
0
8853.5
612.5
153.5
1882.0
9916.0
68.0
9782.5
9844.0
5900.0
3248.0
68.0
629.0
2347.0
25131.0
68.0
24104.5
5910.0
21813.5
16969.0
460.0
4055.0
16449.5
13384.0
0
4487.0
9882.0
14480.0
3719.5
3601.0
5872.5
5195.0
7247.5
12962.5
18455.5
26722.0
68.0
3161.5
2451.5
6901.5
16938.0
3553.5
926.5
6338.0
8140.5
1878.5
1692.0
12587.0
5055.0
4106.5
20627.0
13076.5
3182.5
2085.0
4128.5
12514.5
10211.5
15227.5
5892.5
5453.5
2255.0
11933.5
2755.5
14045.0
10410.0
68.0
11194.5
15524.5
163.0
13921.0
10749.0
19283.5
533.5
68.0
68.0
11696.5
68.0
14429.0
4927.0
15201.0
20495.5
11406.5
10687.5
8055.5
11290.0
5879.5
21433.0
23246.5
17830.5
5878.0
15205.0
163.0
6553.0
5824.5
3204.5
68.0
1036.0
2770.0
68.0
12967.0
2686.0
6174.5
12984.0
647.0
16074.0
2241.5
16593.0
1441.0
9011.5
1871.5
17764.5
68.0
1887.5
68.0
13128.0
14710.0
9273.0
9851.5
14254.0
10845.0
7196.0
2360.5
8198.0
9031.5
0
68.0
68.0
68.0
458.0
3118.5
14407.5
646.0
68.0
13767.0
22363.0
68.0
68.0
68.0
9470.5
16633.5
18213.0
4117.5
9004.0
163.0
3603.5
2356.5
0
0
1423.5
68.0
14796.5
10186.5
4925.0
15179.0
0
910.0
24520.0
68.0
15116.0
26623.0
5483.5
7200.0
153.5
1444.0
0
1314.0
6363.0
2077.5
18227.5
163.0
17021.5
13973.0
4460.5
13172.5
3217.0
7224.5
14682.5
1399.5
68.0
18719.0
17802.5
23247.5
3666.5
12961.5
68.0
13399.0
68.0
4557.5
1895.0
68.0
0
15139.5
18425.5
4923.5
927.0
0
1983.0
1406.5
23002.5
3633.0
6763.0
3721.5
11700.5
1487.5
11206.5
12137.5
4871.5
11711.0
5027.0
537.5
17932.0
833.5
13422.0
3237.0
6278.5
3789.5
533.5
2774.5
18843.5
20604.0
702.5
7602.5
68.0
22544.0
3309.0
927.5
1786.0
4002.5
8602.5
23246.0
383.0
68.0
16885.0
9469.0
14290.0
5102.0
927.0
8629.0
13058.5
2940.0
5908.5
9308.0
163.0
3365.0
13771.5
26284.5
6402.5
13524.5
20025.0
3538.5
9752.0
7838.0
24603.0
7501.5
1349.0
17842.5
2838.0
961.0
4148.0
68.0
2395.0
17079.0
20604.0
4472.0
4574.5
627.5
20064.5
9102.0
5080.0
10373.5
4576.5
12571.5
8974.5
9465.5
20552.0
20424.0
3932.0
68.0
1880.5
8097.5
23688.5
3708.5
68.0
68.0
7174.5
68.0
612.5
4162.5
4099.5
5882.5
5876.5
8162.5
20525.5
9009.5
5021.0
25254.5
12487.5
3348.5
18837.0
1036.0
19245.0
17974.5
11670.0
10689.5
3299.0
9393.0
15751.5
5568.0
13579.5
68.0
12199.5
2456.5
22737.0
6197.5
68.0
18377.0
7736.0
5367.5
4022.0
15709.0
13001.0
1879.5
1126.0
24737.5
5432.0
20426.0
1999.5
6361.5
17863.5
22292.5
4915.0
6365.5
7101.5
2828.5
3655.0
6737.0
18819.0
1505.0
447.5
10713.5
1022.0
751.0
16146.0
68.0
8593.5
6341.5
5437.5
14408.0
22777.0
4446.0
1016.5
2361.0
2025.5
14827.0
16897.0
7901.0
68.0
6394.5
5948.5
15188.0
3127.0
7643.5
5528.0
3154.5
1888.5
7186.0
8609.5
13483.5
68.0
68.0
3623.0
9476.0
22352.5
68.0
68.0
5499.5
728.5
10430.0
68.0
25924.0
68.0
10735.5
68.0
8646.5
3705.0
68.0
10888.0
1505.0
966.5
1477.5
67.5
22734.5
9517.0
68.0
1802.0
1967.5
5515.0
68.0
10311.5
1003.0
21002.0
612.5
68.0
5022.0
5997.0
5453.0
68.0
68.0
543.5
6735.5
6745.0
163.0
6419.0
10216.5
4647.0
7733.5
14395.5
13425.5
3592.0
4191.0
1739.5
10641.0
2845.5
612.5
15590.5
68.0
6682.0
1016.5
1547.0
68.0
68.0
68.0
3265.0
163.0
18865.5
8983.5
537.5

14690.5
9829.5
612.5
8110.5
2673.5
0
13779.5
2298.0
1854.0
20907.5
68.0
68.0
68.0
68.0
6283.5
11697.5
6699.0
68.0
68.0
2397.5
6432.5
3684.5
10804.0
15672.5
1036.0
6563.0
2367.5
2100.5
68.0
11705.5
3684.0
12261.5
7279.5
1860.5
5655.5
2023.0
5417.5
6419.0
16098.5
926.5
0
12981.5
9574.0
2758.0
4538.0
163.0
1033.5
5426.5
6075.5
1186.0
68.0
6966.0
738.5
9182.5
15312.0
8038.5
68.0
11467.0
68.0
68.0
68.0
68.0
722.5
0
12090.0
1597.5
2252.5
19341.0
18692.5
5032.0
9757.0
7207.5
163.0
21318.5
5355.5
21458.0
68.0
5917.0
2802.0
21035.0
2740.5
9010.5
8882.0
2248.0
4087.0
3199.5
9920.0
7713.5
85.0
6242.0
8888.5
68.0
3755.5
3791.5
14036.5
2001.5
4627.0
8968.5
7241.5
3716.5
16100.5
19154.5
3212.0
2335.5
7677.0
26243.0
13426.0
10319.5
3576.5
21491.5
15122.5
6706.5
3795.0
646.0
68.0
8436.0
5446.5
3209.5
1370.0
6346.0
19266.5
2030.0
19768.0
9418.0
3129.0
646.0
13333.5
3731.5
2370.0
68.0
9000.5
22721.0
1507.0
18318.0
68.0
8121.0
68.0
17423.0
6683.5
3817.5
1875.5
68.0
24290.5
6840.5
365.5
3115.5
1145.5
1539.0
2821.0
15994.0
3238.0
7571.0
1505.5
4195.5
7726.5
1657.0
13871.0
68.0
68.0
4547.0
9937.5
999.5
926.5
1794.0
68.0
7731.5
8512.0
22394.0
22273.5
25500.5
9822.0
1036.0
3698.5
438.5
13040.0
2041.0
3051.0
1412.0
18054.0
22043.5
983.0
12749.5
68.0
2394.0
68.0
4108.5
5799.0
13103.5
3601.0
16594.0
3708.5
68.0
20224.0
17760.0
438.5
17023.5
20948.5
6712.0
7664.0
68.0
68.0
8001.0
2768.5
19249.0
719.0
2284.5
1784.5
1031.5
6356.5
13412.0
12582.0
21421.0
68.0
10343.5
5808.5
19700.5
7500.5
9029.5
4569.5
19118.5
68.0
533.5
14890.5
1021.5
11136.0
50.0
751.0
3199.0
68.0
68.0
1895.0
24684.5
5242.0
17860.0
9429.5
68.0
23655.5
4096.5
13555.0
926.5
21132.5
4874.5
19255.0
24165.5
19311.5
3595.5
10452.0
6881.0
19141.5
3159.0
9363.5
2716.5
646.0
7649.5
6907.0
163.0
163.0
19395.0
26697.5
4584.5
68.0
534.5
1768.5
6793.0
25409.5
4008.0
2267.0
4885.0
17923.5
68.0
20787.0
1314.0
19585.5
3253.5
543.5
1878.0
68.0
3627.0
6379.5
163.0
16255.0
68.0
153.5
646.0

3604.0
7707.5
2256.0
153.5
1597.0
3207.0
5070.5
1406.5
5850.0
2389.5
438.5
20541.0
629.0
15206.0
2105.0
1785.0
7780.5
14863.0
68.0
68.0
4633.0
11704.5
68.0
5911.0
7666.5
458.0
3711.0
1036.0
68.0
4428.5
68.0
6424.0
2754.0
3528.5
6224.0
1785.0
1389.5
15388.5
5024.0
25444.0
944.0
4969.5
4019.0
1878.0
2942.5
3715.0
546.0
6740.0
25027.0
22748.0
9798.5
430.5
68.0
19716.5
4522.0
68.0
4079.5
68.0
4529.0
2937.0
1967.5
68.0
12555.5
2345.5
20597.5
2321.5
2922.5
5350.0
19244.5
18831.0
68.0
9512.0
6324.5
12986.5
2770.5
68.0
14163.0
3816.0
12942.0
68.0
1505.5
329.0
4608.0
68.0
6986.5
22002.0
68.0
68.0
6661.5
5433.5
7988.5
24571.0
14731.0
2760.0
68.0
2207.5
20166.0
9359.5
10293.0
1841.5
3692.5
9859.0
17027.5
2801.0
10641.5
2173.0
6478.5
23654.5
6669.5
68.0
2231.5
68.0
4539.0
2661.0
3702.0
2377.0
5062.0
9324.0
2032.0
4616.5
6754.0
4313.0
10648.0
16947.5
6003.0
1880.5
68.0
3668.0
2350.5
7416.5
5911.5
4601.5
1426.0
6026.5
9871.0
5872.0
3314.5
15158.5
1624.5
10282.0
8918.5
16603.0
3285.5
5792.5
2914.0
17410.0
163.0
68.0
23232.5
6327.5
6785.5
2561.0
2380.0
7403.0
1802.0
4579.0
16071.0
7029.5
2229.0
68.0
68.0
5106.0
27395.0
15545.5
68.0
9349.5
68.0
6705.5
8578.0
68.0
4170.0
7123.5
17426.0
9431.0
68.0
13762.0
2862.5
6424.5
10887.0
2750.5
4709.5
68.0
68.0
4184.0
68.0
2412.0
68.0
11905.5
1036.0
68.0
68.0
68.0
943.5
5776.5
9450.0
10407.5
10482.0
15171.0
2051.5
3216.5
16523.5
4725.5
11712.5
809.0
13330.5
7707.0
9038.0
8151.5
6357.0
438.5
2473.5
0
3248.5
941.5
5887.5
21126.5
1188.5
3346.0
926.5
2728.5
4644.5
1793.0
21368.5
15425.5
15053.0
9900.5
17637.5
10907.0
9511.0
5946.5
3592.0
9994.0
16815.0
4162.5
5773.0
68.0
7240.0
3672.5
5346.0
10652.0
68.0
5173.5
18672.0
20169.0
2282.0
14692.5
4117.0
14221.5
13288.0
5009.0
3225.0
2397.5
541.0
3973.0
68.0
8497.0
9408.0
2824.0
26280.5
1436.0
8009.0
15707.5
1786.0
4171.0
68.0
18146.0
1022.0
2817.5
7998.0
2501.0
6362.0
5900.5
6687.5
5846.5
26338.5
68.0
68.0
4576.5
5990.0
6353.0
23128.0
68.0
1892.5
2747.5
19679.0
9206.0
1875.0
11712.5
68.0
2322.5
8991.0
3664.0
16567.0
68.0
18399.5
1087.5
12519.0
4088.0
68.0
3244.5
12486.0
21295.0
999.5
68.0
68.0
68.0
3105.0
5486.0
1805.5
3023.0
1019.0
6389.0
16568.5
1966.0
1034.0
24102.5
11758.0
3284.0
5777.5
16080.5
5918.0
7667.0
11994.5
7669.0
4123.5
10649.5
23210.5
17460.0
68.0
9392.5
11589.0
16091.5
2692.0
5941.5
1430.5
68.0
2094.0
10787.5
68.0
6323.5
25772.5
1594.5
2469.0
13980.5
7415.0
12136.0
9034.0
24270.5
68.0
0
12184.5
1912.0
11618.0
8011.0
68.0
15279.0
543.5
13826.5
19723.0
23974.5
20553.5
534.5
20103.0
7199.5
6553.5
3404.5
12134.0
11270.5
15828.0
21351.0
68.0
8979.5
4094.0
8531.5
4638.0
68.0
8059.0
3701.0
22315.5
7814.0
11608.5
1488.0
13457.0
19187.0
9092.0
3077.5
13298.0
1020.5
15658.5
9558.0
25965.5
2009.0
1499.0
19217.5
11183.0
68.0
11287.5
2377.0
10347.0
68.0
163.0
9143.5
68.0
12676.5
68.0
458.0
3270.0
14279.5
6768.5
629.0
4984.5
10700.5
22748.0
5878.5
13300.0
627.5
8029.0
5507.0
11662.0
1036.0
15152.5
4570.0
12640.0
1902.0
828.5
68.0
2333.5
3673.5
4591.0
68.0
3653.0
12082.0
11623.0
5059.0
1426.0
68.0
21755.5
2364.0
6662.5
5825.0
1597.5
5280.0
0
2472.5
1577.5
3230.5
7182.5
68.0
8629.5
8220.0
68.0
8619.0
16850.5
6322.0
23120.0
7990.0
27411.0
2342.0
68.0
6512.5
68.0
11159.0
9864.0
1038.5
2897.5
8098.5
2767.5
4177.0
460.5
4111.5
8983.0
21361.5
25983.5
1895.0
8226.5
646.0
5882.5
4102.0
961.0
8991.5
68.0
3666.0
50.0
17032.5
6289.0
68.0
5803.5
19692.0
25127.0
8551.0
4002.0
1576.0
0
1105.0
11451.5
5476.5
1022.0
68.0
1479.5
68.0
6481.5
3195.5
3629.5
438.5
4545.0
12043.0
343.5
13932.5
8159.0
68.0
68.0
2666.5
6605.0
11972.0
8627.0
6007.0
5044.0
3202.0
15393.0
6406.5
8127.0
20006.5
627.5
1575.5
3140.5
26791.5
8578.5
68.0
2397.5
629.5
13455.0
901.0
515.0
68.0
8580.0
17315.0
7616.5
11741.0
68.0
19441.5
8471.0
543.5
4604.5
5012.5
3695.0
15683.5
5987.0
6737.0
25452.0
7549.5
9110.5
10329.0
6720.0
68.0
20930.0
10239.0
3996.0
8914.0
526.0
6386.0
554.5
11235.0
3120.0
68.0
68.0
2536.0
7989.5
16295.5
13473.0
68.0
5617.5
12898.0
3567.5
1424.0
5024.5
19608.0
68.0
10384.5
68.0
4894.5
4111.5
4561.0
6330.0
3026.0
13443.5
21453.5
4110.5
12320.0
6055.5
13855.0
68.0
9886.5
17185.0
1426.0
68.0
8546.5
68.0
23620.5
4483.0
4242.0
13800.5
10599.0
23149.0
2548.5
13882.0
1033.5
5872.0
68.0
20125.5
5036.5
68.0
68.0
9167.5
5065.0
3575.5
3651.0
3586.5
12447.5
6358.0
19771.5
68.0
15167.5
68.0
7139.0
10871.5
68.0
612.5
68.0
3251.5
5101.5
6717.0
9457.5
4561.5
3757.5
1389.5
4112.0
25463.5
8960.0
17802.0
68.0
11333.5
19728.5
68.0
7249.5
68.0
68.0
12075.0
6329.0
5018.5
13036.0
438.5
6397.5
10779.5
612.5
1791.0
8580.5
2338.0
13496.0
7495.0
10263.5
19280.5
23667.5
19210.5
68.0
12594.0
2763.5
7669.0
18883.5
6827.5
68.0
21065.0
14729.5
2338.0
4075.5
68.0
14725.5
68.0
25198.0
6379.5
15297.0
20473.0
7246.0
163.0
8165.0
5562.0
19202.5
5938.5
3674.0
1802.0
3543.0
4065.0
68.0
16599.5
7679.5
21412.5
68.0
68.0
7998.0
1818.0
11297.5
3986.0
1878.5
6422.0
163.0
1299.5
19275.0
22275.5
3107.0
13879.5
6079.0
11250.0
1031.5
17931.0
2056.0
68.0
7299.5
13495.0
9140.5
8139.0
68.0
4800.5
9434.5
7691.5
9730.5
2675.5
1019.5
6462.5
17920.0
2321.0
9458.0
4922.5
68.0
18667.0
19807.5
4465.0
3239.5
9941.5
8049.5
5828.5
7599.5
6722.0
3233.0
3730.5
1409.0
68.0
1131.0
8928.0
8095.5
2829.5
14878.0
1389.5
18750.0
3226.0
4260.5
8878.5
0
10211.5
2323.5
68.0
1088.0
4052.5
68.0
7547.5
19767.0
16817.0
8644.5
1876.0
3594.0
15666.0
10702.5
524.0
614.0
68.0
23581.5
0
6891.0
15957.0
2789.5
21793.5
68.0
1983.5
2453.5
2845.0
68.0
68.0
5874.5
18404.5
4487.0
6323.0
8121.0
26523.5
22784.0
19327.0
4581.0
11393.5
6509.0
700.0
13488.0
11648.0
9007.0
6256.5
23644.0
1429.5
18968.0
7258.0
15184.5
1012.5
0
20668.5
1948.5
20222.5
18370.0
3096.0
68.0
6893.0
22170.5
17001.5
5461.5
3606.0
4724.0
12074.5
8103.0
68.0
68.0
17023.0
16550.5
12524.5
15287.0
68.0
8861.0
537.5
8122.5
16568.0
6775.0
7061.5
17438.0
2829.0
19589.0
13378.0
3699.5
9863.5
68.0
9453.5
5935.0
3408.0
10408.0
6783.5
9475.5
68.0
14798.0
5768.5
11175.5
68.0
12879.0
4084.5
438.5
1788.5
1016.5
11108.0
14236.0
4089.5
25550.0
9776.5
9007.5
3718.5
16991.0
2767.5
25050.5
23796.5
1972.0
4630.5
537.5
2676.5
5581.0
22429.5
11657.5
68.0
5186.5
68.0
2857.5
2341.0
629.0
2248.5
5806.0
12547.5
23215.5
10854.5
17491.5
5006.0
2385.0
3718.5
7147.5
68.0
22118.0
4596.0
348.5
15561.5
68.0
25459.5
2667.5
5823.5
2717.0
4455.0
1033.5
18852.5
5077.0
0
8968.5
12056.0
0
68.0
4910.5
5935.5
524.0
68.0
1012.0
2259.5
6329.0
12400.5
1002.5
4835.5
68.0
841.0
16785.0
18287.0
20047.5
4578.0
9580.5
23677.0
3121.0
4613.5
5848.0
5043.0
1331.5
25515.0
2281.0
4946.5
4652.0
1424.0
4608.5
9964.0
12130.0
0
68.0
0
5386.0
1000.0
1934.0
21453.5
4058.5
9501.0
16088.0
21751.0
8474.5
13032.5
1389.5
8480.5
10380.0
9438.0
3987.5
10356.0
4511.5
68.0
77.0
13062.5
25652.0
173.0
4988.5
534.5
16151.0
68.0
7950.5
5097.5
7705.0
1803.5
25134.0
5023.5
0
6761.0
68.0
438.5
2367.0
16132.0
68.0
1036.0
0
10242.5
5870.0
12426.5
7661.0
736.0
23633.5
736.0
16580.5
2083.0
10963.5
68.0
13870.5
68.0
6271.0
9459.0
1802.5
68.0
7693.5
738.5
9877.5
3228.0
2779.0
68.0
9978.0
6302.5
0
5518.5
13824.5
5347.5
15668.0
68.0
2779.5
68.0
4500.0
11895.5
14400.5
1466.0
4612.5
5394.5
6478.5
68.0
3606.5
6343.0
554.5
68.0
13827.0
4558.5
5953.0
0
5499.5
13470.5
4572.0
22774.5
3581.5
5840.5
68.0
2057.5
533.5
10210.5
22783.5
68.0
68.0
5392.5
68.0
6440.5
13852.5
15587.5
438.5
1109.0
14482.5
9409.0
8077.0
14663.5
5989.5
20538.5
8116.0
16426.0
24085.0
2279.5
2050.5
68.0
7187.5
5575.5
4076.0
153.5
2806.5
1483.0
944.5
926.5
68.0
68.0
68.0
1878.0
3301.5
1612.0
11690.5
163.0
10194.0
2768.5
7299.5
8462.5
5059.0
5096.5
5140.5
2641.5
68.0
4030.5
3626.5
68.0
4188.0
5991.5
15659.0
17874.0
24961.5
68.0
6052.0
6354.0
68.0
68.0
68.0
1031.5
3199.0
12624.0
4514.0
7211.0
4021.5
1112.0
68.0
10879.5
68.0
2662.5
1894.5
612.5
2757.5
443.5
17355.0
2311.0
68.0
13112.0
16174.0
7059.0
2827.0
15286.0
11114.5
8636.0
647.0
8837.0
438.5
6691.0
68.0
8546.0
3611.5
8958.5
68.0
0
6985.0
3551.0
5489.0
10337.5
17093.0
68.0
4039.0
8201.5
16030.5
1423.5
3704.0
7208.5
68.0
13905.0
2360.0
1430.5
7217.5
7092.5
68.0
0
6949.5
2728.0
2051.5
0
646.0
612.5
5510.0
11634.5
646.0
25471.5
19119.0
3992.5
19210.0
14740.0
1892.0
11222.0
2811.5
10471.5
4965.0
68.0
9018.5
15614.5
15677.0
6792.0
11174.0
5854.5
5320.0
16920.0
5017.5
12959.0
22796.0
0
68.0
68.0
19166.5
1038.5
22773.5
15608.0
15104.5
6009.0
12852.0
14814.5
4924.5
68.0
68.0
943.5
68.0
8154.0
20981.5
3625.0
15736.5
7254.0
14818.5
13755.0
3119.0
68.0
4067.0
14721.5
17544.0
11220.5
1894.5
1878.5
2279.0
9319.5
0
0
68.0
13958.0
20032.5
68.0
21504.5
68.0
0
17412.0
8479.0
0
17071.5
0
20950.0
15634.5
8232.5
0
68.0
5000.0
1909.0
7606.5
3292.0
3679.5
68.0
2100.5
15255.0
10230.0
1421.5
3224.5
6879.5
16229.5
6697.5
3138.5
438.5
21459.0
68.0
17762.5
2374.5
3629.5
9517.5
12196.0
8115.0
16007.0
18816.5
6721.0
20100.0
68.0
6450.0
0
68.0
68.0
5819.0
68.0
68.0
3112.5
4755.5
12032.5
1878.5
9116.0
25393.0
8574.0
1841.5
438.5
6298.5
68.0
5082.5
5036.0
68.0
0
15503.0
11584.5
2360.0
163.0
21400.5
4017.5
22417.0
4514.0
68.0
5572.5
6317.0
12917.0
6754.5
11849.0
8870.0
18663.5
944.0
68.0
68.0
9328.5
68.0
68.0
68.0
1794.5
2310.0
16482.0
15097.0
10843.5
68.0
5638.5
1033.5
1811.0
68.0
11127.5
13751.5
0
20099.5
19250.0
6919.5
8528.5
21378.5
9537.0
6505.0
68.0
10947.5
0
4710.5
68.0
16912.0
4979.0
4010.5
3802.0
68.0
4529.0
3679.5
10216.5
5035.5
22385.0
438.5
13043.5
3555.0
8600.5
15788.0
629.5
68.0
4569.0
68.0
68.0
3197.5
68.0
11592.0
427.0
1777.0
3652.5
68.0
3522.5
7595.0
3724.5
16867.5
8903.5
2285.5
9409.0
2064.5
2830.5
12004.5
22379.5
68.0
24453.5
3140.5
15210.5
13420.5
6785.5
5820.5
7100.0
2816.5
7665.5
1870.5
21808.5
6738.0
1016.5
10788.5
10719.5
13880.5
3662.0
8992.5
1985.0
7194.0
3637.5
20925.5
16954.5
17741.0
8537.5
9000.0
2655.5
11346.0
68.0
2006.0
15606.5
3966.0
7604.0
1920.0
0
21466.0
3631.5
19677.0
2232.5
20554.0
68.0
19782.0
20530.0
4558.5
1789.5
1535.5
9393.5
1114.0
10829.0
163.0
5570.5
8626.5
1906.0
903.5
7948.0
1995.5
6310.5
4984.0
7616.0
0
68.0
8648.5
9910.0
11227.0
1874.0
3221.5
11625.5
9441.5
6224.5
16943.0
629.0
22727.0
12647.0
6320.0
25907.5
8461.0
4918.0
4538.5
4155.0
27713.0
4310.5
8158.5
7109.5
2359.0
15273.5
909.5
458.0
4179.5
17788.0
5882.0
8088.0
15202.0
5885.5
22318.5
3717.5
5803.5
13303.0
1419.0
20274.5
5093.5
1430.0
13448.0
5520.5
2318.5
2659.0
20119.0
153.5
612.5
8590.5
7571.0
68.0
12426.5
3281.0
68.0
23189.5
3578.0
8165.0
9380.0
12116.0
12511.5
5435.5
1869.5
26741.5
13061.5
11371.5
68.0
4577.0
12111.0
9944.5
5517.0
16159.5
4566.0
6399.0
5657.5
25206.5
68.0
7573.0
1406.5
6272.0
0
68.0
0
20630.0
7620.0
2358.0
2284.5
9961.5
22361.5
10837.0
163.0
1914.0
1496.5
5907.0
2249.5
458.0
4259.0
4611.5
9077.0
16474.5
534.5
738.5
11226.0
68.0
15223.0
14744.0
5364.0
1689.5
8984.5
5449.0
4538.0
0
5018.0
8789.5
6795.5
3545.5
22298.0
7654.5
68.0
1106.5
7243.0
1426.0
10343.5
0
17391.5
5122.5
4932.0
68.0
5745.0
8467.0
6825.0
17193.0
1522.5
1427.0
7259.5
20979.0
68.0
453.5
68.0
9949.5
13036.0
5394.0
68.0
68.0
646.0
23741.0
3214.5
2282.5
0
7008.0
2283.0
6309.0
2738.5
9945.0
50.0
5027.5
19680.5
18142.5
20649.5
68.0
2357.5
68.0
3689.0
19119.0
25895.5
11670.0
68.0
3200.0
8698.0
3549.0
2358.0
1314.0
68.0
8407.5
68.0
3129.0
0
1106.5
10728.5
13069.5
68.0
6887.0
9756.5
9819.5
16050.0
21784.0
15.5
1034.0
20011.0
1406.5
22367.5
3774.0
2559.5
2288.5
4626.5
3662.0
16411.0
3965.0
12102.5
2337.5
1874.5
68.0
1631.5
9046.0
16214.5
2082.5
11507.0
26290.0
68.0
1410.0
10886.0
12644.0
14632.5
1966.0
9299.5
12498.0
5472.0
173.0
3703.0
4162.5
2248.0
11618.5
16555.5
19354.0
0
20870.0
11541.5
22705.5
1413.0
22131.0
68.0
8000.0
68.0
1925.0
8207.5
1704.0
2325.0
6361.0
14750.5
4000.0
4558.0
68.0
25906.0
5404.0
4007.0
68.0
0
68.0
23610.5
22724.5
68.0
11991.0
4558.0
18342.5
10795.5
9373.5
9396.0
22682.0
2378.5
6359.0
7638.0
4535.0
909.5
68.0
2231.0
21369.5
7669.5
0
19844.5
25926.0
1450.0
9895.0
1558.5
8178.5
68.0
22316.0
68.0
68.0
14670.5
24601.0
8950.5
458.0
68.0
620.5
23275.5
19223.5
5902.0
438.5
9768.5
1501.5
2380.5
11179.0
0
3665.5
4515.5
13804.0
26368.5
7356.0
18260.5
21061.0
13303.0
0
68.0
68.0
13900.0
23202.5
10292.5
944.0
11819.0
3222.5
2347.5
8542.0
3665.5
68.0
2843.5
11118.5
19179.5
68.0
1036.0
2392.5
68.0
2700.5
1785.5
13400.0
29060.0
16017.0
9763.0
9480.0
5430.5
3230.0
2754.0
68.0
5442.5
9919.5
2316.5
68.0
2771.0
3998.5
68.0
15068.0
10285.0
68.0
2202.0
18340.5
7769.0
2343.5
4471.0
7636.0
2299.5
1413.0
68.0
629.5
68.0
521.0
68.0
906.0
68.0
68.0
10776.0
9446.0
4612.0
24173.0
68.0
9366.0
11592.0
68.0
2268.5
3686.0
521.0
23676.5
2425.5
13434.5
438.5
4441.0
4455.5
25045.5
12165.5
14397.0
68.0
19813.0
1785.5
438.5
15648.5
7212.0
3278.0
755.5
8905.5
4168.0
7151.0
7006.5
6760.5
3106.5
13939.0
9561.0
2811.0
68.0
4194.0
68.0
1052.5
15112.0
6262.0
23082.0
11511.0
1036.0
10792.0
12964.0
0
11147.0
8896.5
3137.5
14755.5
3567.0
4183.0
12102.0
12601.0
10448.0
17401.5
12589.0
1048.5
3171.5
10207.0
20957.0
2263.5
5035.0
3632.5
1016.5
4540.5
7673.0
5916.5
68.0
17962.0
6669.5
16571.5
8102.5
5500.0
9882.5
2371.5
629.5
2382.0
2365.5
3195.5
12565.5
2719.5
15660.5
23655.5
5402.0
9534.5
6670.5
5378.0
3215.0
15242.5
6845.5
68.0
13043.0
1892.5
22703.0
3601.5
1421.5
68.0
1912.0
22781.5
15666.0
1377.0
15158.0
7100.5
26299.5
23239.0
14839.0
24136.5
5886.5
0
5503.0
1782.5
5000.5
12949.5
14773.5
2381.5
18828.5
15121.0
4537.5
10270.5
23097.0
2783.0
8023.0
20614.0
68.0
68.0
1036.0
68.0
68.0
24092.0
68.0
1779.5
18219.0
10816.0
1878.0
0
4230.0
1875.0
11238.0
68.0
14570.5
20132.0
438.5
4056.0
25265.0
68.0
6301.5
4149.0
68.0
7601.5
11642.5
4016.5
20595.0
2861.0
68.0
1002.5
1036.0
8516.5
68.0
2338.0
7666.5
12602.0
4716.5
3612.5
3234.0
12224.5
6790.0
68.0
16910.5
12417.0
995.0
1053.0
8585.0
8029.5
68.0
68.0
25427.5
7597.0
68.0
12071.0
1475.0
4078.5
1033.5
68.0
0
8506.0
14660.5
13334.0
2793.5
18373.0
4470.0
18182.5
7232.0
15.5
3186.5
68.0
8056.5
11502.5
26953.0
68.0
1504.5
7990.5
68.0
5767.5
68.0
6278.0
2804.0
2950.0
3642.5
13911.5
68.0
11175.5
14699.0
1019.0
4154.0
4125.5
9458.5
68.0
957.0
20407.0
2265.5
68.0
5529.0
68.0
17020.0
68.0
6222.0
21299.5
1844.0
5932.5
5731.5
16956.5
68.0
18332.5
68.0
16427.5
20964.0
1817.5
1488.0
16604.5
7659.0
18180.5
4358.0
68.0
18352.0
10054.0
8998.5
68.0
1912.0
11704.5
1225.0
17759.5
1538.0
4015.5
6688.5
68.0
9529.0
26707.5
12137.0
3578.0
18846.5
2314.0
24100.5
3586.0
13003.5
3442.5
15212.0
3674.5
1785.5
17819.0
10311.5
25378.0
5020.5
7140.0
68.0
17541.0
1894.5
13769.0
9424.0
458.0
68.0
68.0
68.0
4187.5
4156.0
9927.0
25041.5
7204.5
11212.0
6216.0
12153.0
3123.5
6857.5
68.0
12934.5
5043.5
15594.0
68.0
6775.5
2781.5
14789.0
2344.0
12469.5
1768.0
1115.5
0
9419.0
68.0
7630.0
8540.0
20401.0
10661.0
999.5
9361.5
9797.0
10669.0
68.0
21576.5
13464.5
3641.0
68.0
68.0
68.0
1912.5
9343.5
5340.0
7163.0
444.0
24000.5
68.0
68.0
7758.5
1314.0
68.0
11417.5
1350.0
7255.0
15280.5
68.0
68.0
19726.5
10375.5
22280.5
0
3126.0
5328.0
68.0
2734.5
2793.0
11193.0
524.0
4481.5
4041.5
944.0
18804.0
5468.0
7272.0
12999.5
10659.0
5004.0
2842.0
4105.5
3216.5
9964.5
5236.0
482.0
17803.0
9761.0
3214.5
2351.0
4601.5
20879.0
4003.5
4476.5
11021.5
13421.0
6328.5
8065.0
68.0
4929.0
23256.0
910.0
3674.5
5431.5
3684.0
7653.5
0
68.0
19716.0
13423.0
68.0
13034.0
13366.5
1768.5
68.0
11220.0
14281.0
2257.5
23259.0
13035.0
7309.0
2752.0
21016.5
2694.5
68.0
18829.0
5985.5
11255.5
68.0
1799.0
68.0
12946.0
944.0
1887.5
1382.5
1053.0
9901.0
3216.0
68.0
68.0
24533.5
6308.0
7178.5
1974.0
1517.0
10361.5
19627.0
4553.5
68.0
68.0
1799.5
11185.5
6834.5
163.0
5072.5
1936.0
2343.0
612.5
4630.0
1506.5
2781.5
26867.0
5022.5
1554.0
1034.0
4559.5
68.0
11116.5
0
11143.5
646.0
612.5
3670.5
12859.0
20641.0
16123.0
20118.0
17444.0
11332.0
15244.0
68.0
17371.0
68.0
2038.0
17892.0
23180.0
8889.0
15550.0
2828.5
632.5
68.0
68.0
11238.5
7660.0
5737.0
1785.0
646.0
22732.0
7686.5
612.5
11926.5
2248.0
68.0
68.0
1951.0
6797.0
23661.5
4586.0
1404.0
6823.0
1488.0
19733.0
13498.0
68.0
12436.0
6844.5
7154.0
9422.0
4895.5
24837.0
8484.0
5481.0
15658.0
8104.0
2319.0
7621.5
14218.0
3185.5
19696.0
3202.5
2671.5
68.0
9870.0
17417.0
6340.0
68.0
12606.0
1049.0
2770.5
4875.0
646.0
0
3708.5
5885.0
16087.0
7516.0
4905.5
15106.5
4963.0
9945.0
20752.5
68.0
68.0
68.0
5095.5
14365.0
2340.5
68.0
68.0
14217.5
68.0
25431.5
1033.5
8124.5
15700.5
438.5
614.0
458.0
11704.0
3256.5
7570.5
14807.0
11374.0
68.0
68.0
68.0
26265.5
2374.5
6247.0
4552.5
6896.5
629.0
4018.5
11364.5
4891.5
5922.5
2773.0
4642.0
2798.0
3627.0
68.0
2770.5
68.0
9464.0
6246.5
68.0
4509.5
629.0
2344.5
14723.0
68.0
1895.5
23114.5
8541.0
20778.5
68.0
5866.0
1334.0
21447.0
68.0
12796.0
19650.5
1036.0
17292.5
153.5
16249.0
15689.5
4165.5
13982.0
15178.0
150.0
68.0
15226.5
13467.0
9880.5
11655.5
4020.5
10242.0
1297.0
68.0
1014.5
1133.5
12973.0
68.0
2694.5
5927.0
1418.0
68.0
7148.0
2284.5
9366.0
9940.5
6469.5
5486.5
4838.5
629.0
11291.0
0
1033.5
68.0
2396.5
6033.0
9851.0
5566.5
68.0
3985.0
21025.5
14690.5
3657.5
6331.5
12977.0
3102.5
68.0
6664.0
3652.0
612.5
4926.0
271.0
22722.5
10332.5
7624.0
1489.0
2241.5
612.5
7328.0
2282.0
8033.0
11706.0
19584.0
458.0
0
9900.5
3123.5
8493.5
3304.0
3001.0
2355.5
6721.5
16032.0
1768.0
3119.0
3115.5
18738.0
68.0
3689.5
613.5
3127.5
68.0
68.0
20130.5
16157.0
18374.0
68.0
9363.5
25283.0
68.0
12160.5
23553.0
1299.5
11335.5
4557.5
13008.5
9490.0
9597.5
629.0
1802.5
3701.0
68.0
21457.0
68.0
4560.5
2091.5
3761.0
7225.5
2455.5
19682.0
25054.5
1419.0
5874.5
11982.5
3664.5
18756.5
9723.0
163.0
68.0
898.0
12041.0
17959.5
14940.0
2677.5
5323.0
6759.0
13401.5
10752.0
15715.0
0
20964.0
7909.5
68.0
1498.5
1019.0
68.0
18000.5
68.0
6372.0
68.0
25459.0
3667.0
22334.0
4497.5
4959.0
22212.0
68.0
629.0
2737.5
1805.5
21598.0
1036.0
3232.0
12929.0
738.5
2355.0
3168.5
5794.0
6731.0
4120.0
3918.0
17046.0
25887.0
14517.5
1002.5
15599.0
736.0
8985.5
9072.0
1486.0
11559.5
7581.5
6803.0
8893.0
20684.5
5983.0
12920.0
16070.0
3285.5
3588.0
11691.5
3711.5
4516.0
25425.5
68.0
5444.0
16297.0
18211.5
8115.5
22917.0
14761.5
13831.0
12542.5
543.5
9296.5
16587.0
11709.0
3127.0
13442.5
23987.5
6292.5
7247.5
23183.0
68.0
16135.0
8115.0
2704.5
12039.0
68.0
11265.0
12990.0
1785.5
20043.5
6907.0
9201.5
68.0
1482.0
13830.0
11858.0
8962.0
3698.0
8577.0
14417.0
68.0
68.0
4089.5
3435.5
8685.0
17797.0
1521.5
17723.5
1016.5
6777.0
8989.5
927.0
3141.0
4560.5
1421.5
16945.0
8458.5
21384.5
16435.0
5333.5
1517.0
3143.0
1875.0
10417.0
1816.0
9202.0
23176.0
15368.0
13930.0
6115.5
3285.0
10741.5
10753.0
2771.0
9370.0
3718.5
4181.5
4482.5
14302.5
13956.0
68.0
7222.0
6383.0
13369.5
9498.5
4612.5
8176.5
5041.0
5053.0
9363.5
3584.0
68.0
4759.5
68.0
9897.0
13877.0
24114.0
68.0
2347.5
2380.5
20481.0
6785.0
20134.0
9742.5
21529.0
3629.5
2381.0
8002.5
24634.5
5503.5
14692.0
10213.5
68.0
2678.0
376.0
25336.0
4894.5
8894.0
4656.0
68.0
1029.5
647.0
8493.5
8612.5
1539.0
68.0
4501.5
961.0
243.5
1128.5
16171.0
5843.0
1882.0
11248.5
15157.5
7706.5
11196.0
68.0
12948.5
3531.0
17838.5
15597.5
22691.5
4072.5
68.0
2357.5
943.5
4591.0
4571.5
68.0
68.0
7339.5
1927.5
15133.0
13012.5
11186.5
1021.5
18718.0
68.0
23665.5
14781.5
11187.5
1597.0
9806.0
3105.5
15133.5
8644.0
3735.0
5091.0
68.0
16969.0
8717.0
68.0
537.5
19717.5
68.0
11757.0
18385.0
18236.0
9472.0
2420.5
23522.0
11200.5
25365.0
2282.5
14797.0
68.0
19656.0
68.0
3239.0
2470.0
21412.0
19223.0
3123.5
3713.5
21041.5
9877.5
17403.5
11075.0
467.0
3159.0
7200.0
5069.0
68.0
9913.0
9400.5
8566.5
629.5
8012.5
18619.0
7219.0
1796.5
3545.0
12149.0
7108.0
10354.5
15127.5
5499.5
1364.5
68.0
68.0
1785.0
9399.5
68.0
8102.0
1595.5
6542.0
23598.0
13881.0
24428.5
68.0
13950.5
1404.5
20452.5
4586.0
20176.5
438.5
21791.5
4593.0
4949.5
7261.0
18330.5
68.0
16952.0
10439.0
3680.0
11684.0
12979.5
7692.0
68.0
21005.5
16504.0
1029.5
10955.5
68.0
21805.0
4470.5
438.5
9063.0
17782.5
15252.0
2398.0
2346.5
21846.5
15252.0
4094.0
5900.0
68.0
22635.5
12460.0
7713.5
5889.5
16281.0
7575.0
4930.0
16527.0
7209.0
23618.0
4023.5
4539.0
68.0
14685.0
4919.5
4601.0
15133.0
17842.0
1492.5
13972.5
6412.0
20269.0
12430.0
50.0
67.5
1781.0
13069.5
16055.5
163.0
17560.0
438.5
4148.0
8026.0
1089.5
4437.0
4461.0
68.0
3579.5
9919.0
22792.0
2363.0
23151.0
68.0
2850.0
3217.0
1802.5
4126.5
12136.5
68.0
10328.5
1016.5
4016.5
1877.5
1467.0
15221.0
23114.0
25016.0
5768.0
18240.0
5000.5
11988.5
2753.0
68.0
68.0
4091.5
5081.0
23096.0
5879.5
2692.0
17346.5
35.0
14342.5
2263.5
3256.0
14285.0
0
163.0
5061.5
1016.5
524.0
22327.0
5906.0
13915.0
24424.0
0
13030.5
1802.0
8960.0
5079.5
0
3157.5
8421.0
68.0
68.0
68.0
1053.0
12049.0
5044.5
6707.5
23254.5
647.0
68.0
68.0
12116.0
12073.0
8453.0
25355.0
2754.5
5478.0
1029.0
5031.0
10239.5
2828.0
5002.0
10370.5
9895.5
6668.5
3199.5
9835.5
0
2255.0
6230.5
5069.5
755.5
163.0
8588.5
15189.5
10380.0
4184.0
68.0
1471.0
2721.5
163.0
15544.0
7564.0
17364.0
0
5694.0
18712.0
944.0
25892.5
68.0
14800.5
4895.5
614.0
2840.5
755.5
8724.0
10560.5
68.0
3976.0
10211.5
23705.0
163.0
8444.5
1861.5
68.0
14327.5
8963.5
1940.0
6874.0
5105.5
1856.0
9846.0
4176.0
16919.5
12562.5
2580.5
7098.5
68.0
3161.0
68.0
4928.5
20387.5
5302.0
926.5
4468.0
68.0
18704.5
13052.0
5963.0
11578.0
25002.0
6756.0
2322.0
1051.0
7194.0
8183.0
68.0
16485.0
68.0
6216.5
3132.5
13340.5
9598.0
0
14872.5
68.0
1333.5
14341.5
3256.0
4086.5
8738.5
9367.0
2160.0
12662.0
5447.0
0
4137.0
1015.0
4465.0
8500.0
3265.0
68.0
7640.0
1494.5
1406.5
9982.5
6219.0
9860.5
12035.0
68.0
11742.5
4920.0
15591.5
7234.0
2377.5
0
1378.0
24915.0
2267.5
3156.5
6344.5
0
19527.5
18816.5
7145.0
0
926.5
68.0
1242.0
5947.5
9058.0
4575.0
4441.0
1905.0
4894.5
13499.5
524.0
6307.5
26243.5
68.0
7830.0
9404.5
9453.0
4389.0
12076.0
4446.5
68.0
25007.5
8912.0
2428.0
9051.0
26825.5
10448.0
9826.0
9081.0
13830.5
2004.5
68.0
26803.5
1033.5
12100.5
68.0
12890.5
3855.5
7732.5
9513.0
646.0
15210.5
4911.0
68.0
9067.5
68.0
8574.5
9076.5
2057.5
1911.5
68.0
21796.0
8290.5
910.0
5468.5
2674.5
11677.5
68.0
4097.0
4056.5
6752.5
26272.5
9798.5
68.0
11799.0
9021.0
11673.0
8974.5
11465.0
3718.5
15977.5
5907.5
5416.5
12139.5
9843.0
12537.0
4113.0
15526.5
3545.5
1021.5
11192.5
5747.5
7913.5
26355.5
16088.0
13505.5
0
6279.0
554.5
5067.0
1406.5
1526.0
5001.0
20150.5
27196.0
6607.0
14767.5
24186.0
7300.0
2317.5
9949.5
6772.5
8051.0
68.0
332.0
9308.5
10388.5
15188.0
8432.5
10871.5
14830.0
22688.0
1115.5
3226.0
12600.5
2812.5
8477.0
40.5
1881.0
7353.0
13402.0
13409.0
2265.0
11220.0
4552.0
9914.5
12440.0
19680.0
68.0
10409.0
16417.0
10193.5
15686.5
10753.0
2248.5
4593.0
15213.0
13408.5
2342.5
5987.5
1901.5
13028.0
4579.5
68.0
15678.5
4841.5
68.0
2050.5
1016.5
647.0
15169.5
24057.0
3590.5
1878.0
68.0
4929.5
9974.0
14678.5
12884.0
1035.0
5542.5
9481.5
6761.0
20255.0
2039.0
11686.0
5473.5
68.0
3207.0
9941.0
68.0
12166.0
6666.5
3769.0
2265.0
365.5
68.0
23268.5
365.5
2338.0
9900.0
6765.5
534.5
2282.5
2384.5
1033.5
68.0
68.0
12588.0
1299.5
10337.0
68.0
2246.5
5501.0
4185.0
9501.0
1929.0
3198.0
68.0
8529.0
5293.5
153.5
2765.0
8994.0
8114.5
1019.0
1333.5
13386.0
22377.5
1005.0
15332.5
8030.0
68.0
23219.5
68.0
68.0
8013.0
717.0
13895.5
3715.0
3764.0
10283.0
9515.0
21429.0
4038.0
9362.5
68.0
21897.5
68.0
68.0
526.0
458.0
4854.0
24449.5
21858.5
3669.0
13459.5
7989.5
5458.5
10885.5
8121.0
14715.0
16416.5
6789.5
926.5
8949.0
68.0
3687.0
2839.0
7203.0
7241.5
5754.0
4441.0
26172.5
5961.5
13975.5
1477.0
12525.5
68.0
9858.5
15678.0
68.0
3124.0
68.0
8485.5
8080.5
6334.5
4106.5
16428.0
24498.0
68.0
0
68.0
4148.0
2077.0
3448.0
68.0
6286.0
21852.5
2784.0
7137.0
16488.0
1095.5
438.5
7539.5
173.0
8650.0
68.0
1242.0
11897.5
11241.0
6267.0
21870.0
7692.0
4584.5
7261.5
5094.5
13021.0
68.0
19618.0
2474.0
4441.0
68.0
13472.0
3624.0
163.0
1006.0
921.0
3550.5
4539.5
1878.5
927.0
1779.5
16861.5
18793.0
2524.5
68.0
12107.0
5885.0
18476.0
6237.5
2344.5
8619.5
20118.5
0
4200.0
3666.5
16104.5
2897.5
23641.0
8123.5
14900.5
2377.5
7221.0
5071.0
25921.5
18315.0
68.0
5437.0
68.0
68.0

18717.5
3677.0
9477.5
15426.5
4587.0
163.0
5457.0
7610.0
68.0
15604.5
22180.0
5074.5
5250.0
10490.0
3567.5
12523.5
0
16480.0
7716.5
3808.5
1803.0
2001.5
6817.5
3636.0
8787.5
17403.0
68.0
4666.5
1741.0
68.0
5411.0
3806.5
68.0
26373.0
17909.5
1875.0
12004.5
11112.0
7088.0
25363.5
4465.0
8174.0
14766.5
5149.5
17441.5
7568.0
3074.5
16237.5
9486.0
11560.0
0
6816.5
153.5
4643.5
68.0
1882.5
13369.0
16549.0
1895.0
7980.5
17878.5
68.0
3250.0
6008.5
5475.0
5938.5
4950.5
3313.5
68.0
3640.5
2657.5
999.5
68.0
20110.5
7703.0
14363.0
