8.0
29.0
68.0
68.0
15.5
0
45.5
68.0
68.0
78.0
68.0
8.0
68.0
438.5
438.5
153.5
68.0
68.0
68.0
438.5
50.0
68.0
65.0
68.0
8.0
22.5
68.0
68.0
68.0
68.0
22.5
68.0
713.5
35.0
348.5
65.0
68.0
1195.0
348.5
68.0
477.5
243.5
67.5
40.5
68.0
1297.0
1109.0
68.0
163.0
68.0
68.0
850.5
0
8.0
68.0
68.0
60.5
68.0
809.0
257.0
68.0
0
640.0
1206.5
419.5
458.0
0
68.0
68.0
68.0
68.0
458.0
68.0
68.0
0
68.0
68.0
173.0
458.0
68.0
738.5
68.0
452.0
68.0

68.0
627.5
1912.5
68.0
812.5
1036.0
738.5
77.5
0
68.0
1106.5
68.0
1977.5
173.0
35.0
554.5
22.5
458.0
153.5
646.0
646.0
8.0
22.5
348.5
821.5
1004.0
1093.5
54.0
68.0
641.5
248.5
8.0

475.0
1297.0
68.0
68.0

257.0
736.0
828.5
68.0

68.0
8.0
68.0
931.0
68.0
68.0
68.0
348.5
68.0
68.0
451.0
338.5
257.0
736.0
438.5
68.0
68.0
68.0
1150.0
68.0
0
68.0
835.0
68.0
803.0
173.0
68.0
68.0
1632.5
1112.0
1305.5
1364.5
432.5
68.0
533.5
1508.0
348.5
68.0
1011.0
22.5
521.0
68.0
257.0
57.5
457.0
257.0
8.0
736.0
68.0
632.5
719.0

8.0
1223.0
2352.5
1126.0
68.0
40.5
68.0
68.0
0
.0
68.0
1224.0
68.0
0
68.0
68.0
828.5
68.0
348.5
1208.5
67.5
68.0
719.0
438.5
438.5
458.0
1613.0
0
646.0
68.0
257.0
68.0
2351.5
646.0
1589.0
57.5
271.0
1106.5
485.0
944.5
68.0
1589.0
348.5
68.0
438.5
257.0
67.5
68.0
521.0
68.0
828.5
629.5
828.5
348.5
68.0
68.0
68.0
68.0
8.0
68.0
837.5
1868.5
68.0
537.5
1299.0
738.5
65.0
63.0
68.0

68.0
2620.0
29.0
458.0
57.5
1097.0
438.5
68.0
348.5
1019.0
809.0
68.0
1121.0
1128.5
474.5
627.5
1884.5
627.5
627.5
68.0
438.5
2932.5
68.0
271.0
1089.5
1481.0
348.5
438.5
2941.0
68.0
348.5
68.0
68.0
1793.0
1211.5
68.0
1132.5
722.0
68.0
68.0
883.0
271.0
68.0
627.5
910.5
1845.0
68.0
956.5
1231.0
22.5
68.0
68.0
68.0
895.5
348.5
828.5
257.0
828.5
755.5
68.0
68.0
68.0
543.5
68.0
553.0
828.5
68.0
68.0
0
915.0
348.5
68.0
438.5
2337.5
15.5
342.5
0
365.5
68.0
68.0
68.0
68.0
68.0
438.5
543.5
68.0
427.0
459.5
1017.5
534.5
0
1410.0
68.0
2048.5
67.5
1012.0
458.0
914.0
553.0
68.0
533.5
68.0
257.0
1083.0
1674.0
68.0

738.5
348.5
257.0
533.5
163.0
458.0
438.5
0
68.0
153.5
1901.5
68.0
348.5
3529.5
68.0
1576.0
443.5
543.5
818.0
1112.5
68.0
755.5
848.0
1304.0
68.0
628.5
54.0
1514.0
0
258.0
1991.5
338.5
257.0
2375.5
68.0
68.0
821.5
0
1227.0
460.5
365.5
460.5
438.5
173.0
2538.0
68.0
68.0
0
68.0
903.5
2282.0
438.5
248.5
2256.0
68.0
722.5
1852.5
537.5
68.0
68.0
68.0
3607.0
68.0
844.5
68.0
2544.5
68.0
0
458.0
68.0
633.5
738.5
821.5
68.0
627.5
68.0
4068.0
541.0
533.5
1497.0
438.5
838.5
68.0
2039.0
68.0
438.5
730.0
738.5
0
68.0
642.5
348.5
1298.0
824.0
0
1523.5
68.0
627.5
348.5
741.0
646.0
68.0
438.5
68.0
848.0
424.0
68.0
0
844.0
1128.0
1824.5
456.0
1327.5
68.0
539.0
68.0
4581.5
0
.5
68.0
1109.0
629.5
828.5
163.0
68.0
451.0
153.5
752.0
3667.5
1426.0
726.5
68.0
1320.0
1898.0
153.5
1514.0
68.0
1241.0
0
1523.5
1489.5
0
2662.0
646.0
1595.0
68.0
0
1131.5
1017.5
68.0
722.0
68.0
1333.5
458.0
68.0
821.5
521.0
0
3303.5
68.0
365.5
68.0
68.0
68.0
1623.0
0
68.0
2151.5
458.0
68.0
1592.5
1859.0
1214.0
632.5
3051.0
0
68.0
1007.5
68.0
746.5
723.5
1012.0
438.5
913.5
5996.0
68.0
2148.5
998.0
68.0
554.5
633.5
495.5
0
68.0
348.5
68.0
1879.5
752.0
927.5
1203.5
257.0
828.5
2161.0
1769.0
0
57.5
1869.5
257.0
365.5
911.5
68.0
1589.0
2690.0
1039.5
438.5
3014.5
901.5
68.0
1612.5
68.0
3523.5
68.0
68.0
68.0
2149.0
818.0
4485.0
68.0
68.0
173.0
1501.5
1222.5
2865.0
2541.5
1206.5
1701.5
1389.5
628.5
1319.0
1028.0
153.5

68.0
68.0
68.0
1785.0
68.0
68.0
68.0
0
348.5
646.0
68.0
925.0
1309.5
1428.5
702.5
524.0
68.0
68.0
0
348.5
736.0
2543.0
1421.5
68.0
68.0
1090.0
633.5
348.5
348.5
1123.5
2072.5
4595.0
850.0
458.0
903.0
1583.5
68.0
1427.0
362.0
4538.0
0
1109.0
614.0

663.0
533.5
68.0
1481.5
0
163.0
736.5
848.0
1482.5
1307.0
163.0
1683.5
68.0
612.5
68.0
1010.5
348.5
68.0
68.0
626.5
163.0
68.0
68.0
807.5
68.0
348.5
68.0
0
68.0
68.0
438.5
1909.5
1121.5
1567.0
438.5
438.5
257.0
914.0
365.5
458.0
348.5
702.5
68.0
2362.5
348.5
68.0
68.0
1313.0
438.5
3156.0
68.0
3557.5
0
4737.0
944.5
68.0
348.5
629.0
68.0
507.0

68.0
68.0
1390.5
68.0
537.5
243.5
68.0
68.0
68.0
0
1205.5
458.0
68.0
438.5
4600.0
1133.5
3643.5
941.5
425.0
629.0
524.0
1211.5
1912.5
1033.5
614.0
68.0
622.5
438.5
68.0
68.0
68.0
68.0
362.0
68.0
736.0
1501.5
68.0
1869.5
0
163.0
68.0
646.0
1334.5
332.0
543.5
1335.0
848.0
68.0
3803.0
153.5
68.0
537.5
68.0
740.5
719.0
68.0
2096.0
458.0
537.5
614.0
627.5
2372.5
0
68.0
1480.0
365.5
68.0
257.0
836.5
719.0
458.0
443.5
1483.0
0
640.0
348.5
0
1038.5
2998.5
348.5
1019.0
841.0
1149.5
68.0
2338.0
68.0
0
0
832.0
153.5
348.5
0
63.0
68.0
163.0
809.0
271.0
0
68.0
68.0
824.0
0
68.0
68.0
68.0
513.5
446.5
438.5
153.5
68.0
543.5
537.5
1615.0
627.5
68.0
809.0
68.0
2173.5
1335.0
68.0
68.0
1417.0
0
541.0
755.5
738.5
0
68.0
68.0
554.5
68.0
1522.5
0
891.5
894.5
68.0
153.5
3935.5
828.5
2559.5
68.0
68.0
828.5
1128.5
1409.5
0
1765.0
1599.0
348.5
68.0
1031.5
68.0
460.5
641.5
1784.5
836.0
2077.0
68.0
2349.5
633.5
1128.5
1807.5
626.5
68.0
68.0
736.0
926.5
68.0
68.0
1758.0
1882.5
68.0
68.0
910.0
521.0
68.0
818.0
68.0
1438.0
257.0
68.0
0
2653.0
68.0
68.0
68.0
2077.5
419.5
438.5
1106.5
848.0
68.0
633.5
68.0
646.0
629.0
348.5
1514.0
649.5
68.0
1101.0
838.5
68.0
458.0
0
620.5
1366.0
5384.0
68.0

746.5
524.0
68.0
68.0
163.0
257.0
0
925.0
1109.0
348.5
10168.0
2150.0
1469.5
68.0
1856.5
1199.0
2856.5
1504.5
68.0
2014.5
0
.0
1017.5
646.0
2019.0
365.5
68.0
1622.0
818.0
438.5
647.0
365.5
438.5
365.5
541.0
1946.0
828.5
339.0
851.0
68.0
1112.5
1978.5
738.5
68.0
516.0
835.0
68.0
1500.0
1901.0
1218.5
68.0
1394.5
68.0
348.5
633.5
68.0
257.0
68.0
1544.5
458.0
1009.0
633.5
0
913.0
443.5
0
365.5
68.0
543.5
68.0
35.0
904.0
755.5
0
2458.5
153.5
524.0
271.0
1202.0
438.5
0
916.0
1589.0
1995.5
3266.5
1501.5
68.0
432.5
926.5
998.0
68.0
365.5
1028.5
68.0
257.0
627.5
928.5
68.0
257.0
0
726.5
68.0
68.0
458.0
68.0
2368.0
627.5
543.5
0
627.5
458.0
68.0
2073.0
647.0
68.0
4733.0
68.0
68.0
0
68.0
271.0
0
1504.5
68.0
438.5
365.5
1612.5
68.0
2544.0
661.0
1880.5
663.0
1039.5
1276.0
1128.5
68.0
2802.0
68.0
3078.5
1128.5
68.0
68.0
2644.0
348.5
647.0
1504.5
1017.5
0
153.5
917.5
68.0
849.0
1085.0
68.0
348.5
629.0
1984.5
173.0
2360.0
1413.0
68.0
1120.0
438.5
68.0
2762.5
1032.0
68.0
460.5
68.0
68.0
68.0
68.0
2976.5
1972.0
68.0
1340.5
68.0
68.0
1146.5
68.0
1015.5
912.0
629.0
922.0
60.5
329.0
68.0
438.5
727.0
438.5
828.5
0
537.5
68.0
438.5
828.5
68.0
612.5
1476.5
1231.0
348.5
271.0
163.0
68.0
68.0
1853.5
4487.5
852.0
271.0
68.0
163.0
68.0
2004.0
68.0
524.0
629.0
903.5
1784.0
1572.0
1882.0
1218.5
1482.0
438.5
68.0
629.0
68.0
68.0
68.0
3964.0
68.0
831.0
828.5
1992.5
0
1199.0
1999.0
68.0
68.0
521.0
68.0
1597.0
338.5
416.5
1899.5
1493.0
850.0
68.0
68.0
1017.5
0
68.0

68.0
3345.5
68.0
68.0
1275.5
68.0

348.5
1337.5
348.5
0
1053.5
68.0
68.0
991.0
68.0
68.0
68.0
939.0
0
348.5
68.0
1420.5
68.0
173.0
627.5
458.0
1301.5
620.5
824.0
3551.5
365.5
68.0
257.0
2543.0
458.0
432.5
3405.5
68.0
57.5
1727.5
2641.0
0
68.0
1589.0
3157.0
458.0
68.0
348.5
438.5
3586.5
946.0
2901.0
68.0
257.0
68.0
365.5
738.5
554.5
68.0
68.0
944.0
68.0
1796.0
619.0
68.0
153.5
848.0
1407.5
3779.0
911.5
1112.5
438.5
438.5
1500.5
68.0
438.5
1129.0
68.0
1143.5
271.0
1037.0
458.0
1019.0
2318.5
68.0
68.0
68.0
4272.0
1504.0
2914.0
1226.5
4255.5
828.5
551.5
68.0
1036.0
68.0
68.0
68.0
2360.0
68.0
1741.5
809.5
68.0
2077.0
828.5
960.5
68.0
68.0
524.0
163.0
2941.5
2743.0
1114.0
68.0
646.0
2807.5
257.0
2114.5
1376.0
68.0
163.0
68.0
2224.0
68.0
365.5
0
1975.0
458.0
68.0
620.5
438.5
68.0
3118.5
904.5
1031.5
2108.5
1118.5
243.5
2541.0
271.0
1292.5
1869.5
0
68.0
68.0
1856.5
1519.0
903.5
1591.5
1038.5
2457.0
68.0
348.5
1102.5
68.0
1708.5
4749.0
738.5
68.0
0
835.0
0
1522.0
923.5
1578.5
68.0
348.5
1103.0
1092.5
797.5
432.5
1789.0
1405.5
68.0
68.0
1504.0
348.5
68.0
173.0
1046.0
68.0
458.0
257.0
438.5
68.0
68.0
3594.0
1016.5
1002.5
68.0
2673.5
68.0
522.5
1208.0
3631.5
1034.0
646.0
366.0
0
68.0
3118.5
3275.0
348.5
1104.5
818.0
348.5
68.0
68.0
2794.5
68.0
68.0
458.0
828.5
458.0
738.5
537.5
68.0
68.0
537.5
1197.0
458.0
68.0
719.0
1766.5
754.5
68.0
983.0
828.5
68.0
2577.5
3477.0
2864.0
1521.5
438.5
68.0
1016.5
68.0
68.0
1097.5
1551.5
163.0
68.0
1681.5
1119.0
1109.0
68.0
68.0
828.5
458.0
714.5
68.0
348.5
3541.5
68.0
163.0
438.5
6120.0
68.0
3219.0
1871.5
68.0
1406.5
533.5
68.0
629.0
257.0
828.5
524.0
4275.5
68.0
434.0
68.0
438.5
629.0
438.5
68.0
68.0
1016.5
2058.0
927.0
1218.5
68.0
68.0
68.0
895.0
243.5
68.0
68.0
1988.5
2482.0
1693.5
738.5
1114.0
438.5
68.0
1394.0
68.0
68.0
68.0
1331.5
348.5
348.5
68.0
0
1302.5
348.5
68.0
68.0
2351.5
736.0
0
348.5
458.0
1499.0
68.0
68.0
68.0
2469.0
68.0
68.0
911.5
365.5
1893.0
2103.5
724.0
68.0
458.0
451.0
1404.5
0
521.0
894.5
1014.5
1218.5
835.0
163.0
163.0
8.0
68.0
1130.5
1267.5
537.5
68.0
443.5
1516.0
1036.0
1109.0
248.5
1443.5
68.0

68.0
2401.0
1409.0
163.0
646.0
736.0
3383.5
68.0
2011.5
828.5
68.0
551.5
1010.5
993.5
1258.5
257.0
533.5
1682.5
458.0
446.0
68.0
68.0
524.0
68.0
1031.5
1023.5
0
646.0
1598.5
1614.5
68.0
163.0
726.5
1126.0
1382.5
68.0
68.0
2441.0
68.0
2184.5
68.0
646.0
430.5
1966.0
68.0
0
68.0
68.0
68.0
68.0
1431.5
257.0
1116.5
848.0
68.0
1740.5
4123.5
832.0
68.0
738.5
629.5
1000.0
1479.5
365.5
438.5
2935.5
1410.0
68.0
610.0
68.0
1015.0
68.0
153.5
3166.0
1423.5
521.0
68.0
68.0
2156.0
1331.5
1893.5
153.5
458.0
537.5
68.0
2894.0
68.0
1674.5
612.5
68.0
438.5
68.0
163.0
1106.5
68.0
163.0
68.0
2967.0
910.0
68.0
629.5
833.5
1315.0
1112.5
1850.5
1510.0
809.0
719.0
68.0
2205.0
68.0
365.5
5192.5
0
365.5
1903.0
257.0
2938.5
1864.5
365.5
1086.5
1038.0
551.5
612.5
1370.5
4952.0
1418.0
1833.0
5422.0
0
1126.0
68.0
0
1406.5
1133.5
365.5
68.0
541.0
736.0
992.0
1902.0
736.0
3081.5
68.0
1297.0
614.0
271.0
2085.0
68.0
1126.0
68.0
1999.5
961.0
68.0
1017.5
68.0
68.0

1815.5
809.0
3059.5
68.0
68.0
68.0
257.0
68.0
2621.5
348.5
612.5
524.0
68.0
753.5
68.0
1128.5
614.0
68.0
2350.5
2249.0
4541.0
68.0
68.0
68.0
1985.5
6400.5
348.5
68.0
1240.0
68.0
4001.0
2340.5
348.5
1019.0
719.0
68.0
751.0
521.0
2153.5
68.0
1226.5
3000.5
719.0
719.0
68.0
68.0
68.0
4067.0
68.0
243.5
1445.0
68.0
365.5
933.5
243.5
68.0
3573.0
68.0
623.0
1019.0
612.5
3807.0
458.0
2775.0
1148.0
68.0
68.0
68.0
614.0
0
.5

68.0
832.0
2622.5
4358.0
332.0
458.0
153.5
348.5
257.0
1004.0
1019.0
2459.0
1112.5
832.0
68.0
1207.5
68.0
627.5
68.0
809.0
5906.5
348.5
348.5
1773.0
719.0
68.0
1711.5
68.0
1935.0
68.0
68.0
1849.0
0
438.5
163.0
4190.5
68.0
909.5
941.5
1611.0
153.5
68.0
68.0
68.0
68.0
68.0
911.5
738.5
1494.0
68.0
1404.5
521.0
1383.5
1524.5
68.0
68.0
68.0
553.0
1614.0
68.0
438.5
68.0
365.5
68.0
1670.0
1813.5
68.0
68.0
68.0
438.5
629.5
68.0
365.5
348.5
446.0
348.5
1528.0
1093.0
3111.5
1790.0
68.0
610.0
958.5
257.0
68.0
933.5
68.0
5143.5
68.0
1664.0
0
2866.0
1021.5
68.0
1504.0
68.0
1853.0
163.0
68.0
736.0
257.0
2352.0
629.0
257.0
68.0
68.0
2318.5
1840.0
809.0
68.0
68.0
1516.0
828.5
3534.5
647.0
68.0
736.0
68.0
1227.0
68.0
68.0
1424.0
2078.0
82.0
68.0
0
1777.0
738.5
761.0
68.0

2986.5
68.0
623.0
68.0
4761.5
438.5
438.5
348.5
1966.5
68.0
68.0
68.0
68.0
933.5
68.0
649.5
1192.0
2794.0
1763.0
68.0
1021.0
2128.0
68.0
68.0
68.0
68.0
511.0
438.5
541.0
1119.0
1460.5
3297.0
365.5
1016.5
824.0
925.0
1995.0
632.5
515.0
1523.5
68.0
541.0
68.0
68.0
68.0

829.0
68.0
2540.5
2271.0
1406.5
68.0
722.0
68.0
2299.0
153.5
1248.5
458.0
68.0

537.5
1226.5
68.0

1706.5
68.0
832.0
243.5
736.0
736.0
68.0
1872.5
68.0
68.0
68.0
68.0
515.0
642.5
68.0
633.5
68.0
257.0
7509.0
632.5
68.0
68.0
1724.0
68.0
3001.0
458.0
738.5
2694.0
1010.0
2171.0
68.0
3809.5
600.0
419.5
910.0
2171.5
68.0
836.5
3615.5
68.0
551.5
438.5
1038.5
348.5
68.0
2726.5
815.0
515.0
1519.5
68.0
458.0
1105.5
68.0
2090.5
68.0
68.0
442.5
1710.5
68.0
852.0
348.5
1696.0
68.0
2224.5
438.5
1185.5
68.0
1770.5
68.0
1350.5
933.5
2260.0
2167.0
2184.5
458.0
828.5
68.0
1632.5
68.0
458.0
438.5
1223.0
1466.0
2555.0
68.0
68.0
1506.0
1460.5
1208.5
1039.5
656.0
537.5
68.0
257.0
348.5

68.0
3941.5
1379.5
2047.0
68.0
1460.0
68.0
1681.0
736.0
460.5
1965.5
68.0

68.0
2063.0
955.0
1681.0
828.5
2203.5
791.0
4126.5
68.0
1128.5
1741.5
612.5
348.5
2321.5
365.5
916.5
828.5
68.0
1674.5
68.0
533.5
629.0
464.0
3413.0
933.5
1319.0
163.0
1556.5
271.0
1191.5
1122.5
910.5
1111.5
458.0
68.0
257.0
438.5
2000.5
938.5
2387.0
257.0
2742.5
68.0
0
4002.5
1019.0
554.5
1578.5
1301.5
5409.5
438.5
2601.0
68.0
535.0
646.0
521.0
348.5
68.0
68.0
2821.5
614.0
68.0
348.5
744.0
68.0
68.0
68.0
1002.5
906.0
2882.0
68.0
2826.5
2280.0
702.5
961.0
68.0
68.0
68.0
68.0
68.0
1519.5
1015.5
848.0
68.0
923.5
0
741.0
2190.5
68.0
4038.0
68.0
257.0
1505.5
68.0
4088.5
68.0
736.0
2082.5
68.0
2050.0
533.5
68.0
1411.5
736.0
68.0
68.0
257.0
755.5
271.0
4821.0
365.5
534.5
1317.0
930.5
1036.0
353.5
68.0
68.0
68.0
332.0
2139.0
68.0
1477.5
1824.5
3135.5
1409.0
1406.5
4458.0
466.5
68.0
5352.5
365.5
68.0
68.0
438.5
68.0
1960.5
1497.0
549.5
3987.5
68.0
997.5
2622.5
2062.5
2167.5
153.5
1609.5
614.0
257.0
438.5
0
804.5
68.0
68.0
68.0
1331.0
1581.5
414.0
736.0
1842.5
163.0
2141.5
68.0
646.0
828.5
68.0
68.0
68.0
68.0
68.0
1128.5
627.5
68.0
1483.5
524.0
636.0
438.5
922.0
68.0
68.0
2145.0
1794.5
925.0
3907.5
68.0
68.0
828.5
438.5
2186.0
257.0
68.0

348.5
1978.5
1571.0
68.0
77.5
68.0
1799.5
1036.0
1117.0
5257.5
2368.5
1593.0
1369.5
1776.5
1571.0
68.0
68.0
68.0
2130.5
619.0
3226.0
348.5
736.0
1693.5
68.0
1665.5
931.0
3629.5
458.0
63.0
736.0
999.5
68.0
68.0
2262.0
2917.0
2699.5
257.0
828.5
1518.5
629.0
68.0
632.5
438.5
68.0
1235.5
1570.0
2559.5
633.5
758.5
458.0
1469.0
2274.5
1347.5
68.0
491.0
835.0
629.0
1136.5
68.0
3699.5
1023.5
1199.0
68.0
68.0
68.0

68.0
2041.0
68.0
719.0
68.0
1055.5
1898.0
2919.5
828.5
738.5
68.0
2608.5
68.0
3917.0
1019.0
1796.5
2291.0
1019.5
68.0
1021.5
1886.5
1319.5
68.0
938.5
68.0
2068.0
153.5
942.5
987.5
1122.5
163.0
257.0
616.0
1575.5
2735.0
1623.0
68.0
1106.5
68.0
663.0
68.0
1300.0
68.0
736.0
1242.0
243.5
68.0
458.0
68.0
2925.0
1500.0
629.0
68.0
332.0
647.0
3048.0
271.0
348.5
2377.5
1129.5
458.0
2359.5
68.0
1387.0
438.5
2076.5
68.0
68.0
5414.0
719.0
1033.5
257.0
1594.5
68.0
458.0
1315.0
68.0
2808.0
68.0
68.0
5580.0
944.5
68.0
927.5
5052.0
817.0
2583.5
3298.5
68.0
3768.0
68.0
736.0
1370.0
2696.5
68.0
742.0
348.5
257.0
1403.0
348.5
961.0
68.0
68.0
460.0
2940.0
738.5
506.5
629.0
68.0
68.0
1721.5
438.5
1543.0
1406.5
1126.0
1424.0
50.0
68.0
438.5
68.0
1398.0
1983.0
1591.5
910.5
741.0
614.0
438.5
2840.0
257.0
444.0
741.0
68.0
68.0
4528.5
925.0
738.5
68.0
68.0
68.0
68.0
68.0
629.0
543.5
1932.5
939.5
163.0
1090.0
741.0
4432.5
1083.0
77.5
6490.5
1903.5
2300.5
2707.5
612.5
446.0
537.5
68.0
2769.5
248.5
458.0
4554.5
2058.5
749.0
68.0
460.5
68.0
1522.0
1109.0
2063.0
818.0
4753.5
1691.5
1103.0
749.0
738.5
1563.0
1582.0
1142.0
68.0
524.0
68.0
1406.5
5487.0
1701.0
0
1402.0
2832.5
646.0
1772.5
332.0
163.0
68.0
789.5
1128.0
1214.0
1493.0
3035.0
458.0
828.5
68.0
443.5
153.5
2338.0
489.5
1702.5
438.5
68.0
40.5
1033.5
1037.0
2276.0
365.5
1803.5
451.0
524.0
68.0
663.0
543.5
68.0
68.0
2612.0
3921.0
68.0
1019.0
68.0
1606.5
452.0
438.5
68.0
68.0
0
271.0
438.5
68.0
458.0
2501.0
2400.0
732.5
45.5
2343.5
5314.5
2998.0
442.0
438.5
1112.5
163.0
68.0
68.0
348.5
68.0
68.0
5260.5
1783.0
533.5
68.0
614.0
1030.0
2030.0
458.0
68.0
621.5
68.0
4031.5
438.5
1509.0
629.0
1784.0
1013.0
0
68.0
68.0
1786.0
68.0
68.0
1295.5
494.0
2143.5
2219.5
1869.5
365.5
956.5
738.5
1863.5
68.0
316.0
2304.5
68.0
438.5
68.0
1327.0
663.0
257.0
2004.5
614.0
2189.5
68.0
1643.5
719.0
68.0
628.5
3719.5
1836.5
68.0
1194.5
1033.5
641.5
1889.0
738.5
923.5
538.5
438.5
554.5
5426.0
3993.0
1016.5
944.0
2934.0
629.0
458.0
1216.5
908.0
1089.5
68.0
2762.5
1038.5
68.0
65.0
755.5
0
443.5
2673.0
68.0
4715.0
2749.5
0
1019.0
1581.0
1219.5
1316.5
719.0
2769.0
68.0
3668.0
2709.5
271.0
271.0
1814.0
68.0
3424.0
904.0
68.0
828.5
647.0
1780.5
68.0
68.0
1421.5
526.0
68.0
1194.5
68.0
1490.5
6152.0
1421.5
707.5
2139.0
3219.5
163.0
646.0
438.5
68.0
2071.5
68.0
446.0
3891.0
348.5
646.0
1655.0
1349.0
911.5
984.5
348.5
438.5
2650.0
1109.0
68.0
271.0
68.0
736.0
443.5
736.0
1147.5
68.0
332.0
1458.5
1003.5
0
2057.5
738.5
907.0
1680.5
163.0
3079.0
68.0
68.0
527.5
68.0
3122.5
68.0
68.0
332.0
68.0
68.0
1370.0
3802.5
612.5
1032.5
1211.5
458.0
1218.5
524.0
68.0
828.5
458.0
68.0
68.0
3204.5
68.0
612.5
68.0
68.0
1991.5
68.0
2352.0
68.0
1019.0
68.0
68.0
458.0
814.0
365.5
719.0
2095.0
453.0
438.5
68.0
5543.5
68.0
568.5
348.5
3156.0
1226.0
1802.5
1285.0
2023.5
925.0
1894.0
0
438.5
424.0
2082.0
828.5
458.0
458.0
153.5
68.0
524.0
1486.5
68.0
755.5
533.5
68.0
365.5
68.0
163.0
68.0
622.5
68.0
68.0
1109.0
458.0
1337.5
755.5
3601.5
68.0
719.0
68.0
640.0
633.5
271.0
163.0
908.0
1596.5
68.0
68.0
995.5
68.0
2702.5
68.0
68.0
537.5
68.0
2263.5
1417.5
68.0
797.5
2520.0
809.5
2881.5
633.5
1089.5
68.0
68.0
68.0

1733.5
1128.5
458.0
1106.5
2042.5
68.0
2371.0
5249.0
1333.5
1840.5
2346.0
1016.5
68.0
629.5
68.0
1099.0
68.0
68.0
613.5
1509.0
1893.0
4577.0
818.5
1838.5
68.0
68.0
68.0
1412.0
68.0
619.0
271.0
68.0
68.0
927.5
348.5
2347.5
663.0

1576.5
450.0
1236.5
833.5
68.0
3732.5
5147.0
257.0
4204.5
3796.0
828.5
1788.0
271.0
68.0
365.5
68.0
537.5
348.5
438.5
68.0
1310.5
1340.5
68.0
68.0
68.0
68.0
257.0
438.5
427.0
365.5
910.0
908.0
2639.0
68.0
1109.0
438.5
438.5
1760.0
926.5
1298.0
3861.0
1789.5
68.0
453.5
348.5
3341.5
1128.5
1402.0
68.0
153.5
1241.0
1674.5
257.0
68.0
646.0
2245.0
1414.5
68.0
68.0
1649.0
68.0
633.5
1427.0
1422.0
2757.5
1670.0
1019.0
68.0
68.0
65.0
348.5
538.5
68.0
365.5
2358.0
1153.5
1282.0
68.0

3156.5
68.0
4574.5
1207.0
1010.5
68.0
68.0

257.0
443.5
68.0
1430.5
646.0
68.0
1304.0
438.5

458.0
1628.0
68.0
1346.5
522.0
2233.5
3849.0
68.0
1331.0
1366.0
2255.5
7905.0
2142.5
453.5
1007.0
68.0
1581.5
68.0
365.5
1702.5
740.5
68.0
2407.0
68.0
553.0
1388.0
458.0
1117.0
332.0
755.5
1406.5
717.0
438.5
738.5
68.0
2494.0
68.0
1768.0
2187.0
1562.5
68.0
68.0
4602.5
1304.5
68.0
1594.5
2460.5
2154.0
446.0
68.0
1278.5
714.5
1597.0
2169.5
1296.0
3768.5
498.0
348.5
458.0
1982.0
163.0
68.0
68.0
738.5
1339.0
998.0
68.0
1284.5
470.5
1612.0
257.0
2561.0
348.5
2060.0
68.0
68.0
458.0
458.0
68.0
68.0
382.5
2820.0
702.5
926.5
537.5
68.0
4066.5
1114.5
2177.0
438.5
1299.5
841.0
627.5
738.5
163.0
68.0
614.0
1038.5
446.0
3989.0
1100.5
68.0
1180.5
1111.5
5867.0
1595.5
646.0
68.0
807.5
4428.0
68.0
348.5
2337.0
3112.5
68.0
348.5
1106.5
332.0
1968.5
68.0
1621.0
271.0
243.5
543.5
68.0

2353.0
1194.5
4262.0
1036.0
458.0
4140.0
68.0
2924.5
348.5
533.5
3125.5
3185.0
68.0
438.5
1126.5
6772.5
1998.5
904.0
68.0
3663.5
2396.0
1348.5
348.5
4248.0
68.0
2112.0
1280.0
365.5
1225.0
348.5
2744.5
1194.5
942.5
68.0
1780.5
1019.5
2072.5
816.5
3309.0
458.0
1192.0
646.0
931.0
934.5
68.0
2807.5
1218.5
1504.0
2882.0
1969.5
927.0
0
348.5
2216.5
365.5
1140.5
629.0
3694.0
68.0
1972.5
722.0
68.0
68.0
501.5
998.0
1687.5
1582.0
3166.5
1796.5
4174.5
663.0
3285.0
512.5
1594.5
68.0
1126.0
68.0
3235.0
153.5
365.5
68.0
68.0
848.0
68.0
4270.5
6348.5
612.5

163.0
68.0
943.5
438.5
458.0
68.0
6058.5
1350.5
3499.5
738.5
5569.0
1798.0
1876.0
822.5
738.5
1013.0
438.5
719.0
943.0
68.0
68.0
534.5
2761.5
1145.5
1671.5
68.0
2218.5
646.0
4657.0
4888.5
738.5
1109.0
2513.0
3142.5
925.0
533.5
742.0
627.5
1488.5
1691.0
348.5
1721.5
458.0
2026.5
68.0
68.0
458.0
68.0
1428.0
3296.0
68.0
1559.5
68.0
633.5
68.0
68.0
3102.0
68.0
68.0
943.5
554.5
1779.5
458.0
68.0
601.0
2734.5
1806.5
715.0
2638.5
243.5
348.5
68.0
365.5
927.0
6419.0
68.0
922.0
3768.0
458.0
352.0
3775.5
911.0
828.5
563.0
7036.5
2466.0
442.0
1433.5
2527.5
828.5
68.0
68.0
914.0
4834.5
2985.5
514.5
1496.5
2376.5
3025.0
1411.5
2854.5
68.0
153.5
68.0
1501.5
2582.0
3134.0
2669.0
1413.0
68.0
68.0
68.0
68.0
348.5
2650.5
537.5
646.0
2632.5
68.0
1331.5
1563.5
4942.0
736.0
633.5
722.0
1804.5
2173.0
4937.5
443.5
1720.0
3690.0
914.0
524.0
68.0
869.5
755.5
2253.5
1862.5
68.0
3300.0
1128.5
741.0
68.0
1208.0
1146.5
741.0

68.0
68.0
3983.0
5442.5
1589.0
68.0
456.0
1458.5
1314.0
1258.5
2015.5
1908.5
8919.0
7406.5
68.0
741.0
68.0
1025.0
2055.0
68.0
458.0
1876.0
68.0
68.0
2193.5
348.5
2422.5
627.5
68.0
1887.0
1041.0
931.0
1443.0
348.5
68.0
1325.5
1034.0
1545.5
0
4374.5
3443.0
609.5
2387.5
68.0
2192.5
68.0
646.0
1792.0
68.0
348.5
1742.0
173.0
4070.5
68.0
3294.5
153.5
821.5
1231.5
753.5
5787.5
458.0
470.5
68.0
467.0
68.0

0
425.0
458.0
68.0
2486.0
1299.5
68.0
1875.0
68.0
1499.0
1624.5
3150.0
348.5
438.5
933.5
1021.0
646.0
4034.0
68.0
68.0
68.0
68.0
2271.5
7563.0
348.5
68.0
1594.5
1475.0
537.5
1599.5
68.0
834.0
3249.0
1317.0
4263.0
68.0
821.5
68.0
68.0
4297.5
332.0
629.0
646.0
68.0
68.0
753.5
1132.5
614.0
1496.5
68.0
2472.5
68.0
68.0
68.0
68.0
2259.5
68.0
3146.0
68.0
68.0
614.0
738.5
918.0
1522.0
68.0
365.5
1763.0
68.0
348.5
68.0
68.0
1377.5
1125.5
68.0
11937.0
2012.5
1480.0
1409.0
68.0
738.0
722.0
832.0
3692.0
348.5
2977.5
2368.5
163.0
68.0
565.5
2496.5
828.5
3102.0
365.5
68.0
0
2602.5
646.0
68.0
68.0
68.0
68.0
835.0
629.0
1412.5
0
524.0
68.0
3669.0
365.5
3177.5
627.5
68.0
2358.0
1359.0
8560.5
7710.5
1790.5
923.5
455.5
614.0
68.0
68.0
365.5
646.0
2935.5
1507.0
2270.0
1616.0
1931.5
663.0
68.0
1774.0
4335.0
1038.5
1019.0
3480.5
524.0
755.5
828.5
332.0
68.0
524.0
2359.5
68.0
1631.0
68.0
1511.5
1112.5
68.0
1894.5
2959.0
1143.5
1471.0
1994.5
2356.0
4185.0
438.5
68.0
1586.5
646.0
1952.0
1033.5
68.0
738.5
2559.5
1036.0
458.0
68.0
1128.5
1910.5
68.0
68.0
534.5
2072.5
646.0
68.0
614.0
2174.5
3000.5
68.0
856.0
1598.0
68.0
6292.0
68.0
68.0
3590.0
702.5
68.0
1336.5
68.0
3655.5
2794.0
438.5
2574.0
4747.0
2978.0
5797.5
958.5
2233.0
68.0
1225.0
818.5
68.0
3144.0
348.5
2130.5
1113.5
892.5
1711.5
926.5
348.5
641.5
68.0
940.0
4089.0
3709.5
438.5
348.5
68.0
68.0
923.5
68.0
425.0
1175.5
714.5
2344.5
68.0
1116.0
543.5
1780.0
646.0
1775.0
68.0
2668.5
68.0
1426.5
2850.5
438.5
68.0
68.0
3774.5
3377.0
68.0
646.0
1028.0
1539.0
1089.0
68.0
438.5
3262.5
3195.5
68.0
68.0
2758.5
505.0
68.0
1801.0
1022.0
5935.5
4207.5
438.5
2969.5
2532.0
738.5
3242.5
4185.5
68.0
3000.0
1114.0
458.0
920.5
450.0
68.0
4462.0
2038.5
68.0
68.0
1683.5
1700.5
348.5
68.0
68.0
348.5
68.0
1889.0
3315.5
736.0
722.0
646.0
68.0
3503.0
736.0
2022.0
3236.0
68.0
515.0
2071.0
1406.5
1866.0
271.0
647.0
1625.0
4076.5
68.0
68.0
438.5
944.0
1145.5
531.5
163.0
6126.0
68.0
2283.0
68.0
68.0
6210.0
68.0
925.0
1006.0
3315.0
2234.5
68.0
755.5
910.0
348.5
537.5
68.0
68.0
2171.5
736.0
3207.0
3087.5
4427.5
814.0
5707.5
2060.5
68.0
1828.5
1092.5
348.5
68.0
68.0
1037.0
68.0
5809.0
1831.5
2375.5
1780.0
646.0
2441.0
3851.5
814.0
68.0
553.0
68.0
1600.0
3097.0
150.0
446.0
678.0
2191.0
68.0
1685.0
1653.5
563.0
438.5
1673.0
1597.5
1192.0
1208.0
438.5
1358.5
68.0
1525.0
2142.5
1490.5
68.0
531.5
2248.5
2098.0
1876.0
555.5
3320.0
68.0
0
458.0
3914.0
6643.5
0
68.0
3673.0
68.0
68.0
1315.0
68.0
2380.0
68.0
68.0
1616.5
0
0
4580.5
4544.0
755.5
68.0
529.0
1984.5
2724.0
5189.5
719.0
163.0
68.0
2739.0
0
68.0
1787.0
438.5
68.0
68.0
68.0
586.0
2940.0
257.0
629.0
4655.5
927.5
0
438.5
3441.0
2186.5
2458.0
68.0
923.0
68.0
68.0
3460.5
0
68.0
999.5
0
1983.0
1126.0
1019.5
68.0
1224.0
3007.0
911.5
0
0
8493.5
835.0
68.0
943.5
909.5
68.0
1430.5
881.0
68.0
2835.0
68.0
2300.5
616.0
1109.0
1876.0
1606.0
1190.0
2244.0
348.5
1111.5
1128.5
68.0
3454.5
365.5
1119.5
365.5
1444.0
2450.0
0
2669.0
524.0
1336.0
1337.0
68.0
348.5
1785.5
68.0
612.5
2279.5
2339.5
68.0
3416.0
5421.0
4723.0
2121.5
458.0
646.0
4951.5
2269.0
911.5
629.5
68.0
68.0
365.5
641.5
68.0
443.5
2016.5
944.0
5490.0
50.0
68.0
438.5
1890.0
1033.5
1961.5
458.0
1241.5
0
348.5
68.0
741.0
68.0
2353.0
3778.5
68.0
458.0
434.0
1895.0
537.5
1426.5
458.0
68.0
926.5
612.5
1705.0
1998.0
68.0
1930.0
5471.5
927.5
5386.5
5236.0
163.0
68.0
68.0
1860.0
68.0
68.0
1756.0
1394.0
8188.5
68.0
926.5
68.0
2969.0
646.0
4058.0
1509.5
1878.0
537.5
1673.0
828.5
68.0
2356.5
829.0
2801.0
68.0
6755.5
627.5
722.5
2872.5
647.0
438.5
68.0
68.0
546.0
68.0
348.5
629.0
629.5
68.0
257.0
1222.0
8537.0
734.0
1502.0
1980.0
1890.0
3231.0
458.0
2301.5
68.0
68.0
3513.5
3758.0
68.0
68.0
2380.5
1239.0
1655.5
1036.0
7157.0
3601.0
1503.0
1414.0
342.5
736.0
925.0
68.0
1149.5
515.0
365.5
68.0
68.0
68.0
68.0
348.5
543.5
68.0
1179.5
68.0
1991.5
1501.5
68.0
1123.0
68.0
163.0
6850.5
68.0
271.0
78.0
1977.0
563.0
538.5
2304.5
832.0
2943.0
646.0
419.0
2557.0
4942.0
68.0
5423.5
0
257.0
942.5
1370.0
533.5
627.5
365.5
3684.5
1882.5
2623.0
68.0
4149.5
365.5
2489.5
3330.5
68.0
443.5
2583.0
2807.0
68.0
629.0
612.5
7307.5
2670.0
68.0
3198.5
68.0
348.5
68.0
68.0
930.0
348.5
629.0
68.0
3118.0
68.0
68.0
629.0
821.5
1893.0
68.0
5799.0
458.0
438.5
2365.5
1033.5
4820.5
744.5
2345.5
1274.5
1021.5
2827.5
365.5
1787.0
4566.0
257.0
68.0
1556.0
68.0
3253.5
348.5
959.0
524.0
2836.5
458.0
68.0
2263.5
1402.5
2154.0
243.5

1777.0
4502.0
68.0
68.0
2673.5
4835.5
68.0
809.0
2074.5
2543.0
923.5
2395.0
8201.5
1688.0
1114.0
1316.5
614.0
9102.5
1766.0
68.0
271.0
828.5
2824.0
551.5
719.0
511.0
2338.5
1521.5
348.5
612.5
163.0
2831.0
5480.5
2911.5
736.0
1777.0
1780.5
2670.0
2440.0
68.0
641.5
3324.0
1800.0
911.5
68.0
1270.5
3178.0
3389.0
458.0
1770.0
68.0
1577.5
543.5
1109.0
4462.0
848.0
68.0
646.0
3137.5
5483.5
1477.5
68.0
911.5
68.0
348.5
929.0
2240.0
944.5
828.5
1879.0
927.5
5304.5
1858.0
1799.0
68.0
1670.5
7893.0
3754.5
3625.5
1053.0
2916.0
620.5
758.0
627.5
2626.5
612.5
1397.0
613.5
2184.5
458.0
438.5
348.5
3679.0
1462.0
458.0
1631.5
458.0
4279.0
2916.5
4094.5
348.5
68.0
163.0
2854.0
3191.5
943.5
68.0
533.5
646.0
1036.0
3494.0
941.5
68.0
537.5
1522.0
1995.0
6672.5
3514.5
68.0
1723.5
1421.5
3042.0
3125.0
4566.5
68.0
736.0
646.0
1595.5
438.5
163.0
649.0
5150.5
68.0
4446.0
1422.0
6647.5
612.5
3651.5
717.0
1034.0
2392.0
163.0
1053.0
7561.0
438.5
438.5
828.5
926.5
68.0
3612.0
3140.5
2133.5
458.0
1382.5
1612.0
627.5
629.0
848.0
9566.0
6296.5
15.5
2095.0
68.0
1594.5
1804.0
848.0
3202.5
1978.5
2717.0
451.0
5025.0
3128.0
68.0
719.0
629.0
629.0
5153.0
3213.0
10489.5
1971.5
2756.5
68.0
68.0
68.0
438.5
3397.5
7712.0
1375.0
68.0
629.0
3191.0
2048.5
1796.0
738.5
1000.0
1392.5
1995.5
2713.0
1114.0
4082.5
68.0
68.0
1693.5
537.5
348.5
0
68.0
7418.5
931.0
68.0
1502.0
543.5
68.0
2417.5
3421.5
1419.0
2396.0
4948.5
2063.0
68.0
5035.0
926.5
1516.0
1119.0
5315.5
68.0
163.0
4251.0
2890.5
1019.0
68.0
14636.5
68.0
1816.0
4086.5
629.5
7598.5
2440.0
68.0
537.5
936.5
1785.5
1019.0
68.0
68.0
614.0
438.5
442.0
1016.5
1205.5
4282.5
5543.5
2830.5
1300.0
68.0
2355.5
4892.0
633.5
0
2282.0
438.5
0
68.0
719.0
0
554.5
2283.0
1443.0
438.5
4016.0
1492.5
1960.5
1488.5
1090.0
68.0
1599.5
68.0
719.0
738.5
443.5
1109.0
1096.0
458.0
646.0
2173.0
9106.0
7113.0
68.0
68.0
68.0
68.0
68.0
7821.5
1951.0
612.5
438.5
68.0
68.0
443.5
2566.0
534.5
458.0
4574.0
4765.0
68.0
1370.5
1597.5
4479.5
1036.0
1030.0
1869.5
1211.5
68.0
2581.5
1361.5
68.0
753.5
1522.5
1135.0
4445.5
438.5
68.0
629.0
596.0
2060.5
1378.5
68.0
68.0
2617.0
2539.0
537.5
10649.5
68.0
933.5
3515.5
68.0
926.5
2095.0
7859.0
1333.5
961.0
633.5
4055.5
1029.5
5000.5
5385.5
3377.0
68.0
3634.0
68.0
663.0
633.5
2249.0
2283.0
738.5
68.0
4807.5
1788.5
6447.0
3749.0
850.5
68.0
4953.0
2621.5
458.0
0
2085.0
68.0
3629.5
5525.0
1605.5
68.0
1014.5
1113.0
3192.5
1598.0
5164.0
960.5
911.0

524.0
1709.0
524.0
257.0
627.5
1190.0
438.5
3730.5
3995.5
68.0
1960.5
1411.5
2381.0
479.0
68.0
68.0
1151.0
3386.0
68.0
68.0
68.0
68.0
365.5
68.0
503.5
1016.5
614.0
68.0
1295.5
68.0
901.5
1115.5
4947.5
4544.5
6735.0
5669.0
2811.5
537.5
458.0
3540.0
1410.5
943.5
1098.5
365.5
438.5
4206.0
3670.0
68.0
828.5
1393.5
68.0
3042.5
77.0
68.0
3856.5
612.5
1777.0
68.0
2329.5
5009.5
4648.5
629.0
3201.5
68.0
2346.0
153.5
2579.5
2235.5
68.0
68.0
1804.0
663.0
68.0
1980.5
2923.0
68.0
68.0
710.0
0
2366.0
3396.5
45.5
5915.0
893.0
3157.5
1389.5
1673.5
1488.5
3310.0
68.0
593.0
2718.0
5067.5
68.0
2911.5
1298.0
1109.0
1858.5
68.0
2897.5
68.0
1931.5
60.5
68.0
438.5
1682.5
1951.0
458.0
3682.5
16359.0
12903.0
438.5
3517.0
68.0
925.0
5971.5
3000.0
10853.5
2837.5
68.0
1484.0
3270.0
163.0
68.0
2265.5
2471.0
1016.5
68.0
1937.0
533.5
5986.0
629.0
507.5
68.0
15829.0
68.0
458.0
2365.5
1087.5
68.0
1406.5
1912.5
8441.5
2660.0
5577.5
646.0
1410.0
4441.5
4337.5
1974.5
3311.0
467.0
1394.0
3603.5
848.0
1870.0
68.0
68.0
68.0
1853.5
68.0
68.0
9816.5
68.0
2768.0
68.0
4170.0
3205.0
1690.0
1575.5
4645.5
1105.0
3094.0
365.5
1036.0
1966.0
646.0
521.0
68.0
458.0
68.0
68.0
909.5
3202.5
68.0
3083.0
1348.5
2169.5
2268.5
1096.0
927.0
5127.0
7361.0
68.0
4325.5
7980.0
1341.5
0
4452.5
68.0
5368.0
4145.5
7139.5
68.0
1000.0
2470.0
68.0
68.0
3308.0
612.5
2953.5
68.0
163.0
922.0
2272.5
68.0
1426.0
1392.0
1423.5
4085.5
68.0
2357.5
1019.5
1420.0
2301.5
4524.5
738.5
1088.0
68.0
8554.0
1478.5
1858.0
68.0
458.0
68.0
1336.5
7754.0
1621.0
68.0
1489.0
1113.0
646.0
646.0
738.5
2617.0
736.0
1520.5
68.0
3989.5
68.0
3215.0
4474.5
2316.5
1006.5
438.5
7285.0
6632.0
1465.5
68.0
1376.5
2989.0
1148.0
68.0
0
2537.5
68.0
0
68.0
943.5
68.0
1109.0
451.0
10688.5
68.0
9115.0
68.0
1379.5
543.5
4634.0
68.0
1773.5
738.5
2077.5
68.0
1503.0
68.0
1002.5
7252.0
2883.0
68.0
540.0
524.0
68.0
68.0
537.5
68.0
68.0
2349.5
3237.5
68.0
6802.0
5909.5
3248.0
629.0
1032.0
1016.5
1670.5
832.5
1563.5
5834.0
453.5
3120.0
629.0
68.0
68.0
2162.0
1971.5
2653.0
629.0
348.5
438.5
809.0
458.0
365.5
68.0
1954.5
4310.5
68.0
68.0
68.0
10256.0
3695.0
68.0
1416.5
1156.0
1918.0
3175.5
6824.5
1409.0
1033.5
629.5
1316.5
2777.5
926.5
1404.5
68.0
6302.5
6169.5
663.0
68.0
5328.0
1893.0
4086.0
3400.5
68.0
1375.5
458.0
448.0
1845.0
1036.0
1785.5
3282.0
11634.0
4571.5
3942.0
68.0
68.0
12891.0
629.0
68.0
2349.0
9534.5
68.0
7404.5
2527.0
68.0
1709.0
68.0
2358.5
6234.0
941.5
68.0
2833.5
1898.0
1132.5
365.5
3064.0
7738.0
1861.0
3754.0
1892.5
68.0
458.0
1813.5
3209.0
1505.5
626.0
10791.5
1416.5
4094.0
68.0
68.0
68.0
6388.0
68.0
2431.0
537.5
68.0
6299.5
537.5
926.5
7730.0
541.0
10331.5
2537.0
524.0
365.5
6498.0
3482.0
1522.5
537.5
1002.5
3133.0
1357.5
458.0
68.0
4599.5
68.0
1689.5
7252.5
2269.0
68.0
12404.0
515.0
3164.0
1210.5
943.5
6010.0
68.0
153.5
1418.5
1861.0
68.0
68.0
1811.5
68.0
600.0
2942.5
5404.5
68.0
852.0
2270.0
6383.0
4077.5
68.0
1728.0
2931.5
68.0
153.5
1066.0
1999.5
2276.5
1344.5
2829.0
12987.0
1113.0
4017.5
1036.0
1178.0
8147.5
3619.5
1331.0
1590.5
338.5
7263.5
163.0
438.5
1016.5
8008.0
2260.0
68.0
1129.5
629.0
68.0
68.0
365.5
68.0
2061.0
68.0
1861.0
6536.0
68.0
999.5
5347.5
758.0
3602.0
1019.5
68.0
3999.0
68.0
10259.5
1126.0
2274.5
1475.0
3549.0
1708.0
68.0
3607.0
1864.0
68.0
7118.5
2277.5
1126.0
6923.0
13847.0
1479.5
68.0
68.0
3546.5
2460.5
1580.0
4055.0
1406.5
4446.5
3106.5
68.0
163.0
1486.0
2670.0
2357.5
508.5
68.0
2963.5
163.0
1783.5
68.0
450.0
68.0
2750.0
909.5
68.0
4455.0
4036.0
68.0
68.0
2735.0
629.0
13425.5
68.0
10760.0
7607.5
163.0
68.0
1038.5
2725.0
8941.0
68.0
6271.0
8456.5
12495.0
736.0
1767.0
3139.5
68.0
1038.5
63.0
2507.5
533.5
163.0
2639.0
68.0
68.0
596.0
1796.0
1876.0
10239.0
4549.5
68.0
3066.0
68.0
68.0
3113.5
68.0
68.0
4883.5
2219.5
68.0
2641.0
68.0
3205.5
5856.0
455.5
68.0
1627.5
2375.0
5757.0
68.0
1017.5
1521.5
612.5
1424.0
3559.0
68.0
537.5
68.0
68.0
68.0
5924.0
68.0
0
920.5
1128.5
736.0
68.0
809.5
4900.0
68.0
1614.0
3318.0
4843.5
438.5
2655.0
1558.0
365.5
1814.0
10268.5
849.0
68.0
68.0
3252.5
68.0
4472.5
524.0
7615.5
1988.0
1128.5
7230.5
12268.5
722.0
2684.0
8525.0
1525.0
2284.5
2823.5
10644.5
629.0
4472.5
1466.0
2650.5
8599.0
755.5
2764.5
68.0
15299.5
5468.5
4974.5
2645.0
1119.0
1951.0
68.0
6532.0
5449.5
68.0
1496.5
1902.0
9004.5
4101.0
5672.0
6052.5
1016.5
4164.5
5370.5
1051.0
902.5
3971.5
1506.5
348.5
458.0
1209.0
68.0
427.0
1128.5
68.0
5357.5
554.5
6548.0
507.5
1987.5
163.0
8633.5
646.0
6765.0
12534.5
1128.5
1894.5
1218.5
5926.0
8653.5
3547.5
1126.0
5457.5
905.5
474.5
1878.0
2269.5
4553.0
5484.5
5481.0
11208.0
958.5

68.0
8891.0
2357.0
68.0
8466.5
1829.0
68.0
1211.5
3125.0
5934.0
736.0
1891.5
1016.5
1221.0
68.0
2839.0
3010.0
646.0
629.0
2909.0
6012.5
6370.0
1148.5
2001.5
2731.5
68.0
5937.5
4092.0
458.0
68.0
533.5
7747.5
1133.0
163.0
1408.0
915.0
68.0
1965.5
68.0
68.0
1778.0
2231.0
738.5
3620.5
534.5
458.0
68.0
2338.5
68.0
3396.0
534.5
0
68.0
719.0
68.0
911.5
4186.0
0
1316.5
4610.5
68.0
68.0
68.0
1862.5
943.5
6145.5
1781.0
755.5
3181.5
4988.0
68.0
2933.5
6757.5
1914.5
68.0
2111.0
7988.5
68.0
68.0
1034.0
5401.0
68.0

1406.5
0
1600.0
458.0
19103.5
909.5
68.0
2347.5
68.0
68.0
458.0
68.0
646.0
2268.0
68.0
68.0
1488.5
3559.5
5546.0
68.0
7131.0
1812.0
68.0
1313.5
4614.0
7145.5
1427.0
534.5
5580.5
10765.5
6812.5
68.0
67.5
1409.0
68.0
68.0
546.0
68.0
68.0
68.0
68.0
1410.0
7278.5
1038.0
1968.0
6413.5
1022.5
702.5
1427.5
68.0
1861.5
5973.5
0
553.0
619.0
434.0
944.0
2786.0
7918.5
1968.0
521.0
646.0
453.5
13845.5
68.0
6281.5
68.0
5884.0
5814.0
13529.0
2818.0
6777.0
3691.5
68.0
0
2748.5
68.0
3302.5
3151.0
1404.0
1288.5
6691.5
1862.5
14074.0
543.5
2469.5
1126.0
1595.5
68.0
3245.0
1816.0
4003.5
458.0
2496.0
8864.0
6304.5
438.5
8931.5
68.0
629.0
5423.5
365.5
10013.5
3240.0
961.0
1496.5
68.0
533.5
68.0
3614.5
1157.5
3210.5
68.0
7899.0
1928.5
4444.0
68.0
1794.0
68.0
1029.0
68.0
7625.0
68.0
1016.5
68.0
2844.0
9959.0
4448.0
2968.0
1972.0
4503.5
6757.0
5335.0
3233.0
173.0
1505.5
2929.5
2942.5
3244.5
2297.5
68.0
4095.5
8191.5
7806.0
68.0
1826.0
68.0
68.0
926.5
68.0
68.0
524.0
3216.0
5910.0
68.0
4905.0
1428.5
68.0
68.0
8314.5
1910.0
6271.5
8012.5
533.5
3132.5
5508.0
7160.0
515.0
1980.0
68.0
1410.5
2860.0
3538.5
1387.0
0
3068.5
4077.0
619.0
68.0
4432.5
2251.0
909.5
7641.0
11301.5
6111.5
4092.0
2044.5
5531.5
68.0
68.0
1858.0
68.0
68.0
4891.5
68.0
2133.0
3838.0
3852.5
460.0
20179.5
1499.0
2640.0
438.5
68.0
1016.5
1002.5
2587.0
5522.5
5808.0
543.5
2464.5
2953.5
1334.5
0
1509.0
6671.5
1480.5
2436.5
3301.5
0
4155.5
68.0
1019.0
2336.5
0
365.5
3049.5
1796.5
1403.0
8250.0
8960.5
1095.5
68.0
68.0
4042.5
1015.0
438.5
2263.5
4280.5
5599.5
68.0

8450.5
1128.5
68.0
2250.5
1002.5
438.5
4897.5
753.5
10240.5
663.0
1500.0
68.0
818.0
68.0
1911.5
2772.5
1241.5
995.5
1783.5
7133.0
4060.0
0
7109.5
1873.0
9086.0
5038.0
68.0
6366.5
646.0
68.0
458.0
3686.5
3317.5
2701.5
68.0
68.0
1482.5
1218.5
895.5
1999.0
5946.0
3236.0
1460.5
68.0
0
1597.0
1777.0
2661.5
68.0
68.0
3228.0
153.5
68.0
1984.5
3530.5
0
68.0
438.5
1670.0
3739.5
1966.0
2346.5
1684.5
6417.5
68.0
3661.5
1616.5
365.5
5361.5
5378.5
68.0
68.0
68.0
1409.0
4930.0
1119.5
1005.0
738.5
15107.0
1537.5
925.5
8183.5
68.0
1130.0
1488.0
68.0
1224.5
68.0
2736.0
68.0
1488.0
612.5
68.0
68.0
1851.5
68.0
4952.5
2635.5
25006.5
2655.5
13525.5
458.0
68.0
68.0
2779.5
68.0
438.5
68.0
68.0
4576.5
4153.5
1535.5
1891.5
2381.0
2319.0
944.0
6036.0
1741.5
4391.0
2789.5
1351.0
4039.5
68.0
1013.0
2765.5
4283.0
7557.0
4935.5
2004.0
629.5
9463.5
2855.5
3687.5
68.0
68.0
153.5
68.0
0
11338.5
9373.0
1409.5
490.5
3126.5
9086.0
3713.5
163.0
68.0
5130.0
4010.0
1986.5
68.0
927.5
3204.5
3397.0
929.5
6187.5
68.0
5897.5
2246.5
3684.0
68.0
68.0
3512.5
3123.5
1424.0
68.0
68.0
5475.0
4479.5
2274.5
3027.0
2623.5
4738.5
3998.5
910.0
6682.0
5746.0
1146.5
438.5
68.0
6662.0
1877.5
3135.0
10565.5
1838.0
68.0
629.5
8498.5
1582.0
4171.5
2358.5
68.0
1004.5
5906.5
5499.0
6731.0
629.5
7774.0
6749.5
1012.0
68.0
68.0
4162.5
4551.0
3154.0
68.0
8575.5
4048.0
8494.5
1785.0
68.0
8120.0
2072.5
9435.5
629.0
348.5
257.0
943.5
6778.5
909.5
68.0
68.0
1129.5
68.0

1053.0
2694.0
3313.5
936.5
646.0
629.0
7686.0
4435.0
893.0
926.5
2111.5
68.0
4541.5
3510.5
68.0
1031.5
10501.5
2265.5
68.0
68.0
2884.0
68.0
3224.0
2618.5
68.0
646.0
68.0
2760.0
68.0
1695.0
4177.5
909.5
1875.5
1896.5
68.0
2857.0
1522.5
8197.0
2803.0
809.0
3913.5
702.5
1589.0
629.5
1012.0
4011.5
5866.0
2427.5
4048.0
2510.0
348.5
68.0
629.0
1577.5
68.0
4318.5
736.0
1399.5
1002.5
895.5
2321.0
68.0
68.0
6066.0
1901.5
163.0
5774.5
68.0
2002.0
7255.0
1085.5
534.5
1699.5
5199.5
4518.5
68.0
663.5
3165.0
68.0
2795.0
4535.5
68.0
4219.5
5452.5
3665.0
68.0
1597.0
68.0
68.0
68.0
1337.0
68.0
2262.5
6639.0
0
2299.5
13883.0
3237.5
1857.5
3654.0
1409.0
2279.5
68.0
68.0
1889.0
633.5
1122.5
68.0
10226.5
926.0
21332.0
7631.0
173.0
348.5
5991.0
68.0
5389.5
68.0
6833.5
68.0
68.0
2786.0
2121.5
68.0
68.0
1488.0
1592.5
68.0
35.0
68.0
68.0
7694.5
1051.0
2432.0
1488.0
68.0
1987.5
3408.5
458.0
68.0
68.0
457.5

3994.5
7315.5
68.0
1863.0
4901.0
1389.5
68.0
1682.5
4062.5
68.0
1877.5
2271.5
2813.5
68.0
3124.5
68.0
7185.5
18786.0
2950.0
9484.5
629.0
2856.5
68.0
2548.0
1856.5
4022.0
7562.5
9493.0
1350.0
1584.5
3685.5
68.0
4066.5
2545.5
68.0
68.0
1021.5
1207.0
4939.0
5908.5
4598.0
1851.5
629.0
943.5
1678.5
1475.0
68.0
8579.5
68.0
68.0
438.5
68.0
68.0
9667.5
458.0
68.0
1002.5
533.5
4311.0
2269.5
9918.0
3340.5
1331.0
5431.0
7174.0
68.0
5024.0
646.0
68.0
3627.5
18056.5
999.5
6453.5
1680.0
2757.5
438.5
3557.0
68.0
646.0
3199.0
68.0
3688.5
4128.0
2330.0
1971.0
8566.0
1893.0
15270.0
7284.5
68.0
0
3135.0
68.0
2182.5
14335.0
16707.0
17019.0
1833.5
8996.5
68.0
365.5
3224.5
1820.0
10969.5
8218.5
348.5
1522.0
0
1046.5
3154.5
1426.0
0
68.0
1789.5
7169.5
3116.5
68.0
3196.5
1019.0
507.5
4443.0
1614.0
2551.5
3724.5
629.5
6770.0
68.0
68.0
926.5
68.0
1387.0
1029.5
1133.5
13918.5
16981.0
6377.0
8.0
68.0
18304.0
613.5
7172.0
1053.0
68.0
4446.5
2301.5
5862.5
3995.0
3346.0
0
1479.5
1016.5
68.0
68.0
6272.5
11298.0
7576.0
2809.5
68.0
944.0
4962.5
755.5
8543.0
1895.5
7320.5
5135.0
1413.0
68.0
4446.5
68.0
12147.0
7100.0
4035.5
633.5
4494.5
0
4840.5
4393.0
629.0
1331.5
458.0
1576.5
4197.0
2477.5
68.0
1098.5
365.5
10543.5
3192.0
68.0
0
1776.0
1799.0
16499.0
68.0
646.0
5040.5
4399.5
2664.0
68.0
521.0
458.0
1419.0
3634.5
68.0
4632.5
68.0
2075.0
68.0
2738.0
1030.0
8727.5
68.0
4883.5
1036.0
741.0
68.0
2833.0
927.0
4088.5
4005.0
5240.0
16821.5
5760.0
68.0
9900.0
2245.5
4165.0
527.5
4876.5
1033.5
9775.5
1091.5
68.0
163.0
1399.5
755.5
68.0
7599.0
0
719.0
943.5
1951.0
4955.0
543.5
68.0
5376.5
6690.0
8022.0
1892.0
2252.0
7377.0
68.0
906.0
524.0
1374.5
2847.5
7150.5
6424.0
0
3238.5
3672.5
68.0
257.0
6693.0
68.0
1965.5
1150.0
7145.5
68.0
68.0
3207.5
68.0
3170.0
8600.0
646.0
1015.0
1467.0
7285.0
18977.0
6116.0
1627.0
1780.5
68.0
1114.0
1632.0
7523.0
68.0
458.0
2918.5
68.0
2530.0
2017.5
4078.5
6283.0
3592.0
13881.5
68.0
927.0
1580.5
629.5
68.0
0
2021.5
1555.5
68.0
460.5
1416.5
7443.0
68.0
2852.5
2471.0
19547.5
68.0
646.0
68.0
1015.0
2319.0
68.0
629.0
2431.0
3228.5
54.0
4451.0
1598.0
3996.5
2675.5
1036.0
458.0
68.0
10206.0
10717.0
4148.5
4709.5
68.0
2480.5
68.0
68.0
2028.5
3097.0
2765.5
68.0
3134.0
7718.5
1462.0
537.5
68.0
0
6555.0
68.0
6013.0
68.0
1409.0
68.0
6493.5
1599.5
5883.5
68.0
1755.5
68.0
1263.5
68.0
882.5
612.5
1877.5
11109.5
458.0
629.0
2663.0
1960.0
9345.0
612.5
10345.5
7179.0
1109.0
11247.5
5782.5
68.0
1426.0
8061.0
20765.0
2299.0
9068.5
1685.0
68.0
68.0
438.5
68.0
68.0
736.0
68.0
3700.0
1401.5
9334.0
5472.0
1022.0
4313.5
3566.5
1409.0
1038.5
9948.5
524.0
68.0
2074.5
4436.0
6973.0
68.0
8002.0
5922.5
68.0
948.5
8217.0
2377.0
923.5
21244.0
6867.5
2724.5
4528.5
9476.0
1019.0
458.0
1496.5
68.0
4314.0
1861.0
14025.5
1326.5
646.0
2213.5
17428.0
365.5
910.0
68.0
6366.0
257.0
438.5
1889.5
3779.0
3614.5
5475.5
4121.5
6680.5
1797.5
2360.0
5696.5
4899.0
68.0
68.0
4666.5
1502.5
4094.5
1578.5
68.0
68.0
1786.0
457.0
2746.5
2268.0
1505.0
4751.0
5917.5
1950.5
68.0
2265.0
163.0
13011.5
5026.0
3692.0
2363.5
68.0
1419.0
438.5
0
68.0
8063.5
751.0
7193.5
9310.5
1390.0
68.0
2833.5
7468.5
3824.0
5936.0
2745.0
13632.5
163.0
68.0
1019.0
3746.0
68.0
68.0
4953.0
543.5
2734.0
543.5
1298.0
438.5
458.0
68.0
8935.5
2853.0
12394.5
1974.5
1430.5
3109.5
68.0
1671.0
153.5
2357.5
68.0
45.5
7254.5
700.0
5602.5
0
1855.5
998.5
7370.5
6060.5
4476.5
3881.5
2505.0
3211.5
5874.5
2381.0
257.0
68.0
1882.0
11767.0
7634.0
2455.0
2807.0
68.0
68.0
68.0
960.5
7482.0
458.0
4956.0
3850.5
68.0
3984.0
1093.5
68.0
0
2372.0
438.5
68.0
68.0
68.0
68.0
0
2935.0
7010.0
10191.0
943.5
5007.0
2307.5
2374.5
68.0
2074.5
1911.5
68.0
68.0
612.5
955.5
68.0
961.0
614.0
68.0
458.0
7715.5
5802.5
4014.5
68.0
4473.5
943.5
3604.0
7551.0
68.0
2694.5
458.0
68.0
68.0
1687.0
3540.5
1406.5
68.0
7526.5
6741.5
365.5
1957.5
1002.5
5486.0
7747.0
3595.0
438.5
1427.5
4598.0
612.5
3106.5
1373.5
0
0
348.5
5865.5
2764.0
1496.5
2352.5
0
5480.5
2761.0
4279.0
10285.5
2694.5
1413.0
6701.0
4077.5
3695.0
5458.5
6291.0
1521.5
5841.0
1033.5
2254.5
5460.0
7127.0
1496.5
943.5
68.0
3177.0
4221.5
1116.5
0
68.0
68.0
0
3194.5
10282.5
3987.5
8719.0
68.0
10331.0
1109.0
3164.0
9041.5
1241.5
68.0
6557.0
16274.5
68.0
68.0
7008.0
68.0
1504.5
68.0
68.0
438.5
5831.0
9550.0
0
457.0
629.0
943.5
943.5
3177.5
1396.0
1489.5
78.0
809.0
438.5
2099.5
68.0
14058.5
5283.0
2787.0
4149.0
1616.5
534.5
2745.0
2433.5
68.0
7727.5
6403.0
68.0
13860.0
3184.5
9349.0
68.0
3107.5
1021.5
2067.0
7007.0
5327.0
943.5
2540.0
828.5
1016.5
68.0
4481.5
5125.0
1488.5
68.0
18043.0
4502.5
5519.5
68.0
271.0
3250.5
5799.5
4181.0
629.5
1991.5
2077.0
5552.5
4461.5
12466.0
68.0
6860.0
7968.5
6479.0
3132.0
7156.5
68.0
7220.0
962.5
1667.5
3486.0
995.5
1031.5
5808.0
8152.0
1977.5
1499.0
4653.5
3220.5
68.0
7884.5
5014.5
10316.5
2279.5
68.0
2362.5
68.0
8433.0
68.0
2771.5
68.0
3590.0
68.0
1539.0
9830.0
9141.5
927.0
931.0
9876.5
4454.0
5694.0
6713.5
2797.0
835.0
4152.0
4963.0
1867.5
68.0
6354.0
14645.0
629.0
3619.0
1409.0
3426.0
3023.0
3454.0
1421.5
8468.5
4583.0
2487.0
4109.5
1504.0
68.0
458.0
458.0
2267.5
629.0
726.5
68.0
68.0
7992.5
5506.0
1786.0
2740.0
458.0
2001.5
3705.0
1428.5
999.5
3125.5
0
18653.0
10775.5
537.5
7188.0
1112.5
1886.5
1406.5
5128.0
736.0
1909.5
68.0
4931.5
2067.0
7200.0
2248.5
0
894.5
1030.0
4499.0
348.5
0
10012.5
1965.0
2014.0
68.0
2348.5
5897.5
2656.5
1419.5
1443.5
6011.5
4389.5
5070.0
10341.0
0
0
2916.0
3640.0
257.0
1016.5
68.0
2702.5
1779.5
68.0
736.0
458.0
68.0
68.0
7423.5
6133.5
9682.5
7213.5
0
3123.5
4551.5
6041.5
68.0
629.0
7132.0
453.5
2083.5
1948.0
4467.5
50.0
3550.0
68.0
438.5
5095.5
4428.0
4576.5
68.0
1985.5
68.0
1776.0
5960.5
543.5
1875.0
1214.0
4775.5
6787.0
8649.5
5623.5
3305.0
4497.5
10787.0
68.0
68.0
1036.0
5016.5
5827.5
3210.0
2380.5
11589.0
736.0
910.0
2796.5
1836.5
0
7631.0
543.5
4980.5
0
2771.5
10704.0
1430.0
1983.0
4984.5
68.0
68.0
4089.5
1830.0
1890.5
1489.0
3783.5
999.5
3583.0
4172.0
438.5
22088.5
2282.0
68.0
1022.0
1019.5
2675.5
1967.5
2784.5
1521.5
68.0
4092.0
438.5
7362.0
68.0
738.5
3142.0
4515.5
1406.5
68.0
1033.5
4565.5
54.0
68.0
163.0
629.0
68.0
68.0
4381.0
68.0
6130.0
1895.5
68.0
8021.0
908.0
8486.5
2748.5
4010.5
5447.0
365.5
1019.0
4117.5
1690.5
68.0
1826.0
68.0
0
2319.5
4551.0
927.5
68.0
2699.0
68.0
12468.5
1334.5
1892.0
5932.5
5395.5
4183.0
1507.0
1836.0
68.0
68.0
2677.0
601.0
5829.5
68.0
1915.0
2331.0
4969.0
8075.5
8.0
521.0
1402.0
0
3894.5
910.0
943.5
68.0
0
63.0
11541.0
68.0
68.0
1777.0
12993.5
1332.5
0
2660.0
1413.0
2673.0
1036.0
45.5
9959.0
68.0
68.0
2372.5
5963.0
6995.5
68.0
68.0
4282.5
68.0
6852.5
1889.0
7982.0
3276.5
927.0
68.0
68.0
1113.0
68.0
910.0
6755.0
365.5
2580.0
68.0
68.0
11695.0
1550.0
4585.5
7759.5
68.0
2190.5
3626.5
11158.5
4435.0
68.0
68.0
68.0
548.5
3686.0
646.0
68.0
2342.5
629.0
3867.5
68.0
8185.5
828.5
2344.0
1333.5
1016.5
4116.0
3689.5
455.5
2748.5
68.0
526.0
1033.5
960.5
5930.0
943.5
68.0
501.5
1670.5
3726.0
68.0
2669.0
4992.0
1126.0
5246.5
11541.0
68.0
2670.5
2980.0
7833.0
2083.5
2278.0
4438.0
1471.5
163.0
537.5
1363.5
4924.0
4637.0
927.5
8727.5
257.0
2267.5
702.5
438.5
14879.0
5900.0
68.0
20049.0
1119.0
6827.5
11736.0
4933.5
944.0
4355.0
438.5
68.0
1492.0
926.5
6582.5
3204.0
1021.5
68.0
438.5
2546.0
8899.5
3766.5
0
5194.0
1984.5
4919.0
629.0
68.0
926.5
4475.0
68.0
2472.0
68.0
1504.5
1796.5
68.0
6235.5
0
68.0
4099.0
68.0
3311.5
6990.0
22.5
1406.5
3570.5
0
1333.5
10274.0
8.0
5936.5
1017.5
18260.0
8025.0
8834.0
68.0
12594.5
68.0
68.0
5522.5
68.0
17758.5
2210.5
9818.5
3572.5
458.0
68.0
3420.0
7170.5
1132.5
7797.5
68.0
153.5
4432.0
0
2344.0
448.0
20322.5
1875.0
3791.0
68.0
1875.0
68.0
348.5
5467.5
68.0
68.0
2758.0
438.5
0
909.5
1768.5
24847.5
68.0
10346.5
1794.5
68.0
68.0
5032.0
68.0
9900.0
163.0
2860.5
4446.0
1967.5
68.0
5216.0
5813.0
2190.0
7190.5
2540.5
4938.5
926.5
68.0
4538.0
6231.0
1893.0
2444.5
2773.5
7615.0
68.0
365.5
348.5
821.5
150.0
1399.0
9830.5
35.0
153.5
3664.0
1224.5
68.0
4130.0
68.0
2372.0
68.0
2372.5
4122.0
68.0
68.0
1409.0
68.0
68.0
68.0
5006.5
4677.0
5556.0
1985.5
458.0
8675.0
1389.5
68.0
10326.5
68.0
7155.5
1028.5
13524.5
68.0
1580.5
2143.0
0
2379.5
2239.5
4458.0
4670.0
4461.5
77.5
68.0
14182.0
3197.0
13800.5
0
11326.0
717.0
0
19620.5
1430.5
3718.5
554.5
1404.0
4388.0
2094.0
0
348.5
68.0
646.0
2260.0
4275.0
537.5
7706.0
68.0
1826.0
10642.5
365.5
719.0
1416.5
5864.0
1333.5
612.5
4877.5
1897.5
7165.5
9898.0
9372.0
12478.0
68.0
1968.0
524.0
78.0
11218.5
6804.0
68.0
3360.5
68.0
3155.5
438.5
1479.5
68.0
68.0
2750.0
68.0
0
2282.0
68.0
0
6868.0
68.0
2212.0
8545.5
1370.0
68.0
68.0
438.5
3211.0
909.5
18855.0
2096.5
68.0
7600.5
1104.5
8944.0
2910.0
2242.5
5206.5
7246.0
2453.0
68.0
4998.0
7161.0
68.0
2266.0
5388.5
1882.5
13764.0
5428.5
736.0
1687.0
68.0
68.0
6357.0
3153.5
68.0
438.5
1802.5
3810.0
7975.0
629.5
15236.5
68.0
15598.0
68.0
68.0
926.5
9180.0
2246.5
9937.5
1673.5
1211.5
17371.5
2924.5
18845.0
2490.5
8015.5
719.0
10318.0
13111.5
68.0
3109.5
15204.5
8505.0
4970.0
6744.0
6774.0
4562.0
7229.5
153.5
6303.5
3106.0
68.0
5100.0
5734.0
1092.5
0
5903.5
9843.0
1331.5
2716.5
1014.5
612.5
5489.5
26982.0
68.0
2796.5
10294.0
68.0
2284.5
68.0
348.5
11621.5
438.5
6792.0
4682.5
4555.0
2306.0
68.0
16170.0
1522.0
10734.0
68.0
2830.5
5392.5
68.0
68.0
68.0
2675.5
1038.5
1614.5
68.0
163.0
1128.5
173.0
7279.5
438.5
1000.0
68.0
4705.5
7549.5
4574.5
16935.5
458.0
2246.0
9228.0
6828.0
2307.0
68.0
6812.0
68.0
68.0
11602.5
908.5
5390.5
12574.5
2155.5
68.0

6334.5
16147.5
629.0
348.5
68.0
13455.0
68.0
6348.0
10803.0
68.0
2868.5
3587.5
1768.0
458.0
3119.5
3722.0
68.0
2970.5
3235.0
1597.0
68.0
526.0
1911.5
999.5
4238.5
21512.5
5352.0
646.0
6290.5
1346.0
6795.5
1910.0
2426.0
633.5
926.5
9411.5
2449.5
2694.5
68.0
11029.5
5934.0
943.5
68.0
8085.5
3508.5
16479.5
68.0
15524.5
629.0
13050.5
1863.5
629.0
537.5
2274.0
3675.5
926.5
6305.5
1794.0
1909.0
4995.5
163.0
1036.0
68.0
1000.0
68.0
6120.5
2095.5
4531.0
2370.0
4426.5
4959.5
68.0
7003.0
1373.0
19148.5
1780.0
2087.0
68.0
663.0
1416.5
68.0
2705.0
9018.0
4916.5
961.0
4121.5
68.0
3157.5
4003.0
68.0

5439.5
68.0
2374.5
3123.5
629.0
1619.0
458.0
68.0
1096.0
68.0
3511.0
4474.5
5396.0
3257.0
4883.5
68.0
6653.0
68.0
551.5
3227.5
68.0
2262.5
1389.5
9383.0
3998.5
8704.0
1190.5
68.0
5027.0
0
8199.5
2632.5
647.0
2282.5
2323.0
6728.0
68.0
3240.0
3174.5
68.0
954.0
1977.5
348.5
68.0
9756.0
68.0
2248.5
1911.5
7606.5
0
68.0
0
68.0
3206.0
2228.5
68.0
11578.5
1181.0
5620.5
1803.5
68.0
1016.5
438.5
68.0
524.0
1409.0
68.0
67.5
3494.5
8111.0
11145.5
68.0
9306.0
10467.0
1423.5
8003.0
18216.5
4885.5
979.0
12148.5
5956.5
9082.5
68.0
663.0
14664.5
2763.0
68.0
1878.0
68.0
5352.5
68.0
2263.0
11601.0
5395.0
1016.5
4481.5
6328.0
329.0
68.0
0
629.0
4980.0
163.0
68.0
458.0
945.5
8542.5
2728.0
68.0
3006.0
3228.5
2528.5
5425.0
944.5
2764.5
458.0
1678.5
7942.0
943.0
68.0
2329.5
150.0
3881.5
1908.5
629.5
526.0
8795.5
7967.5
12039.0
68.0
2728.0
0
1426.0
163.0
1900.0
68.0
0
2660.5
6759.0
4567.0
68.0
1428.5
68.0
2049.0
629.0
68.0
18797.0
9876.0
68.0
4926.5
944.0
4978.5
4133.5
163.0
68.0
6834.5
719.0
10662.0
68.0
5445.0
19262.0
438.5
1869.5
5567.5
453.5
614.0
3567.0
2239.0
5930.5
4479.5
6709.5
2770.5
3135.5
736.0
5801.5
7798.5
8946.0
2240.0
2753.5
68.0
1016.5
1646.0
2768.5
348.5
1331.5
646.0
2919.0
3625.5
2539.5
4920.0
348.5
8892.5
8900.0
2374.5
1500.5
1353.5
7137.0
5711.0
5570.5
5372.0
8729.5
68.0
4077.0
1132.5
4991.0
3123.0
7835.0
68.0
2268.0
458.0
7929.0
2239.0
4146.5
4621.0
4113.0
3761.5
438.5
4216.0
7652.5
15402.0
5365.0
1780.5
2793.0
68.0
68.0
68.0
68.0
365.5
3985.0
943.5
1316.0
0
2340.5
2226.5
14021.0
961.0
163.0
8007.0
8502.5
627.5
944.0
736.0
9997.0
0
943.5
1423.5
1016.5
4025.5
5857.5
2587.0
6802.5
3587.0
14508.0
1002.5
2487.5
719.0
1053.0
2397.0
9393.0
2754.0
2051.5
5490.5
68.0
25865.5
2434.5
629.5
4100.0
2305.0
2254.5
68.0
1882.0
943.5
1356.5
3997.0
12431.5
68.0
68.0
0
5314.0
257.0
6352.0
1693.5
2748.0
1894.5
1614.0
2752.5
3246.0
68.0
8198.5
7968.5
1875.5
2408.5
9489.0
5024.5
68.0
1137.5
1053.0
5068.5
5881.5
0
5033.0
3601.5
935.5
68.0
0
9197.0
68.0
68.0
910.0
5397.5
68.0
348.5
5826.0
3290.0
4345.5
944.5
68.0
23302.5
6308.5
7126.0
13759.0
1370.0
8691.0
3206.0
6253.5
0
3284.5
5902.0
13811.5
2404.0
3593.0
8266.5
6416.0
6548.5
1803.5
1389.5
68.0
68.0
0
10761.5
68.0
0
629.0
2278.0
1990.5
3251.0
1002.5
68.0
68.0
4017.0
6222.0
458.0
2816.5
2843.0
2812.0
5071.5
926.5
438.5
2241.0
68.0
68.0
12481.5
0
4952.0
4982.0
1132.5
1806.5
9543.0
612.5
7575.5
10494.5
438.5
438.5
10978.5
2807.0
1033.5
612.5
2065.5
68.0
926.5
5747.5
944.0
4951.0
3693.5
9506.0
929.5
5874.0
2336.0
4338.0
16148.0
620.5
4486.0
4608.0
68.0
68.0
1049.5
612.5
9918.5
68.0
458.0
68.0
5039.5
2389.5
10293.5
15110.0
1585.0
2810.5
6321.0
3643.5
8298.5
1036.0
68.0
12039.0
1674.5
2263.0
68.0
68.0
68.0
2453.5
2196.5
1972.0
1768.5
2468.0
68.0
68.0
4663.5
2844.0
2360.0
11246.5
3121.0
8937.0
5058.5
1319.0
943.5
4874.0
438.5
1316.5
3548.0
163.0
68.0
7333.5
11198.0
1911.5
68.0
68.0
68.0
4055.0
1897.5
68.0
926.5
2731.0
1961.5
10330.0
3812.0
12176.5
546.0
68.0
68.0
961.0
68.0
6274.0
68.0
257.0
68.0
1488.0
68.0
2235.0
9042.5
4398.0
3197.5
9409.5
11567.0
1935.5
4969.0
5061.5
736.0
3604.5
5215.0
68.0
68.0
68.0
7156.0
5952.5
1335.5
1492.5
1019.0
926.5
1443.0
2100.0
3719.5
6355.0
2826.5
10812.0
68.0
5024.5
15507.0
4534.5
5399.5
11621.0
68.0
5
0
6558.0
3671.0
1892.0
3640.5
68.0
4547.5
68.0
18813.5
4167.5
1893.0
68.0

1879.0
163.0
68.0
2234.0
1599.5
68.0
3719.5
755.5
68.0
20848.5
1019.0
7176.0
5415.0
68.0
2080.5
4209.5
68.0
3304.0
4186.0
68.0
515.0
458.0
1036.0
1985.0
68.0
3591.0
3901.5
5363.0
1912.0
455.0
2088.0
988.0
1348.5
3031.5
3210.5
68.0
68.0
2310.0
1280.5
0
163.0
926.5
10818.5
732.5
3099.5
1974.0
68.0

2410.0
5475.5
8971.0
2348.0
1984.5
68.0
68.0
944.0
163.0
68.0
2347.5
553.0
68.0
5433.5
2392.0
453.5
2279.0
12568.5
7508.0
0
5812.5
1530.5
68.0
4995.0
458.0
4084.5
4088.0
68.0
1243.0
68.0
2688.5
5484.5
4306.0
926.5
16076.0
68.0
6728.5
2285.0
9789.5
8731.5
629.0
5504.5
2376.5
68.0
348.5
4889.0
68.0
6345.5
1800.0
438.5
4521.5
5885.0
4198.5
3200.0
1511.5
5347.5
5886.5
68.0
929.5
0
20485.0
3193.0
1494.5
1930.0
68.0
2818.0
7943.0
10702.0
68.0
9886.5
68.0
13000.0
910.0
12432.0
2353.5
1860.5
3181.0
9869.5
2265.0
4621.5
9061.5
68.0
3626.0
1413.0
5057.5
13080.0
68.0
443.5
1911.5
8228.0
68.0
2941.0
68.0
10281.0
629.0
646.0
0
1423.5
2321.0
18835.0
7649.5
68.0
68.0
68.0
7207.0
8191.0
2250.5
68.0
153.5
0
3278.5
68.0
23483.5
1033.5
4542.0
68.0
1631.0
2787.5
0
19583.5
541.0
4471.5
1779.5
1019.0
6221.5
1879.5
5834.5
7575.0
2251.0
7579.0
8696.5
7182.0
1522.5
10868.0
5465.0
17915.5
5805.5
68.0
5383.0
1034.0
1802.0
11150.5
68.0
7801.5
2282.0
68.0
2268.5
4091.5
8968.5
2267.5
0
12993.0
68.0
2899.5
68.0
3222.5
68.0
19106.0
927.0
68.0
10795.0
7463.0
68.0
5047.5
5016.0
16128.0
6648.5
68.0
68.0
4153.0
0
10753.5
3195.5
6254.5
4828.5
8228.5
3102.0
3237.5
14420.5
1857.5
17859.0
14482.0
4043.0
2363.5
0
6004.0
68.0
14351.0
1768.5
961.0
10364.5
4638.5
2262.5
1501.5
7158.5
6388.5
77.0
4603.0
68.0
2279.5
68.0
10571.5
4092.5
4649.5
10852.0
3709.5
3424.5
68.0
8.0
6386.5
620.5
68.0
4454.5
1802.0
6246.0
2542.5
4902.0
943.5
68.0
3227.5
18556.0
926.5
68.0
629.0
163.0
2398.0
1109.0
2258.5
3704.5
4950.0
12641.0
8893.5
68.0
3302.0
1342.0
927.5
4127.5
3292.0
1186.0
943.5
8149.0
2326.0
1871.5
2662.0
68.0
68.0
8121.0
5384.0
4944.5
4567.5
10329.5
68.0
4951.0
68.0
6447.0
13775.5
68.0
3015.0
3214.0
68.0
7593.5
6337.0
2041.0
1297.0
629.0
68.0
13074.5
68.0
1614.5
4041.5
719.0
2456.0
8914.0
1965.0
68.0
0
68.0
68.0
4964.0
1562.5
4050.0
1502.0
3610.5
68.0
4936.0
68.0
2562.5
6681.5
543.5
596.5
1146.5
961.0
1894.5
3127.5
1002.5
3143.0
68.0
8035.0
2361.5
3140.5
612.5
554.5
68.0
6774.5
3228.5
4692.5
6693.5
68.0
68.0
68.0
68.0

5887.5
68.0
3177.0
3357.5
538.5
68.0
4900.0
2936.5
1016.5
438.5
4541.0
2241.5
4883.5
7211.0
10353.0
365.5
8908.5
4498.0
999.5
8963.0
458.0
2806.5
68.0
8005.0
10720.5
6624.0
68.0
68.0
6211.5
3701.0
68.0
7527.0
5618.5
3592.0
5839.5
68.0
961.0
5028.0
5470.5
7107.0
4460.5
12944.5
5420.0
2827.0
5469.0
68.0
1578.5
457.0
68.0
348.5
2915.0
8586.5
1093.0
646.0
68.0
11763.5
68.0
12865.0
2476.5
2392.5
7238.0
163.0
68.0
7587.5
8239.5
3172.0
77.5
12737.5
2669.5
2410.0
8564.0
68.0
3613.5
4061.5
9933.5
3404.5
1002.5
68.0
1892.5
2289.0
612.5
2549.5
8579.5
1783.5
2304.5
12453.0
12898.5
2375.5
68.0
10350.5
1886.5
68.0
68.0
1033.5
4449.5
5401.0
14766.0
68.0
3105.5
3733.0
6815.5
4148.5
943.5
5031.5
1941.5
2294.5
163.0
68.0
8125.5
20558.0
68.0
12038.0
627.5
1982.5
2793.0
458.0

5416.0
4160.0
14866.5
3699.5
1343.5
926.5
2357.5
612.5
4631.0
2473.0
68.0
6746.5
1503.0
68.0
6243.5
7223.0
4011.0
68.0
5965.0
7404.0
68.0
5044.5
68.0
2464.5
5058.0
2021.5
1019.0
10298.5
68.0
68.0
1907.0
8041.0
2341.0
5080.5
3203.5
3888.0
6650.0
68.0
2575.5
68.0
927.0
7652.0
68.0
68.0
4559.5
153.5
8584.0
5469.0
9322.5
1801.5
163.0
9094.5
5499.5
3751.0
68.0
3656.5
475.0
68.0
543.5
68.0
3775.0
458.0
68.0
6404.0
2282.5
68.0

6779.5
1106.5
13328.5
8522.5
2490.5
68.0
5650.0
68.0
0
2852.5
13437.5
10267.0
2336.5
68.0
4677.5
4179.5
2813.0
5023.0
7555.0
4632.5
3144.5
4966.5
2381.5
1854.0
1102.0
1224.0
1033.5
1796.5
4964.5
68.0
1987.0
18344.5
943.5
8517.0
620.5
2652.5
68.0
629.0
4930.0
3581.0
1100.5
68.0
0
10295.5
1332.5
5055.5
68.0
1423.5
1019.0
3250.0
438.5
537.5
6883.0
19618.0
68.0
3204.5
12887.5
3294.5
1892.0
6825.0
68.0
1019.0
926.5
3719.5
1892.0
68.0
68.0
8164.5
68.0
1416.5
612.5
612.5
2925.5
2285.5
163.0
3662.0
10280.0
9160.5
2233.0
1631.5
68.0
1890.5
68.0
4993.5
926.5
3152.0
2334.0
1406.5
68.0
68.0
3266.0
629.5
7656.0
6043.0
962.5
8952.5
1022.0
9912.5
68.0
4954.5
8248.0
629.0
1034.0
4507.5
17044.0
7217.5
17692.5
13499.5
1022.0
68.0
6758.5
8871.0
3655.5
2950.5
5610.5
12074.0
68.0
1423.5
614.0
7162.5
1580.0
1048.5
458.0
3563.0
2756.0
4940.0
2246.0
4670.0
10794.0
2079.5
68.0
2912.0
2396.5
0
2094.0
2470.5
68.0
2444.0
5987.5
68.0
68.0
5715.0
3597.5
68.0
4006.5
1336.0
7701.5
2716.0
68.0
3214.5
7913.5
10726.0
2364.0
3663.5
2279.0
10348.0
68.0
2762.5
68.0
1904.0
50.0
4092.5
1987.0
1016.5
68.0
2484.0
3703.0
438.5
1878.0
1241.5
348.5
68.0
3357.0
9093.0
3791.5
2472.5
910.0
68.0
0
521.0
2670.0
68.0
0
6271.5
1877.5
629.0
944.0
3575.5
3267.5
9552.0
3553.0
14342.0
68.0
13397.0
1019.0
4003.0
68.0
68.0
1771.5
6699.0
1005.0
5293.5
10815.0
4961.5
68.0
5359.5
4049.0
5426.0
5542.0
16501.5
18855.5
8447.0
2371.0
0
17028.0
12424.0
68.0
3862.5
68.0
1109.0
68.0
8908.5
1878.0
3772.5
926.5
3323.5
1705.0
1474.5
7222.0
5019.5
68.0
3187.5
18672.0
3231.5
755.5
2421.5
68.0
68.0
0
926.5
3638.5
912.0
3172.5
3181.0
1832.0
20905.0
6313.0
1802.5
6340.0
3999.5
4439.5
68.0
7754.0
15572.0
17619.5
7801.5
5771.0
6739.0
68.0
23201.5
1333.0
986.5
3692.0
348.5
2365.0
3148.5
925.0
2272.0
2232.0
68.0
11470.5
68.0
4989.5
3894.5
9420.0
8565.0
1877.5
1019.0
68.0
999.5
3551.5
10368.0
719.0
68.0
9205.5
10040.5
68.0
1112.5
1033.5
78.0
1965.0
629.0
4113.5
24857.5
4267.5
620.5
2376.5
0
68.0
7514.0
1411.5
68.0
2378.0
4091.5
1580.5
1209.5
961.0
2732.0
1504.5
612.5
8576.5
1872.5
7810.0
5345.0
13048.5
1016.5
68.0
2382.0
6792.5
0
3211.5
1589.0
926.5
68.0
23128.5
11987.0
4926.5
5012.0
1602.0
2349.5
68.0
68.0
6375.0
68.0
927.5
1300.0
1677.0
68.0
1016.5
68.0
0
163.0
10786.0
68.0
68.0
68.0
68.0
68.0
3217.0
10024.0
4930.5
961.0
9984.5
1953.5
1914.0
4964.0
68.0
68.0
8954.0
68.0
2658.5
16404.0
8282.5
68.0
68.0
68.0
68.0
239.0
8012.5
14885.0
2704.5
1846.5
1036.0
7370.5
1496.5
7516.5
4028.0
68.0
3867.0
1089.5
15038.5
0
0
68.0
163.0
3023.0
1350.0
68.0
2001.5
1892.0
68.0
68.0
5486.0
2001.0
21777.0
12920.5
68.0
348.5
5497.5
2865.5
68.0
68.0
1109.0
627.5
68.0
14256.5
3123.5
5476.5
1769.5
629.0
68.0
7488.5
0
910.0
1582.5
4567.5
9860.5
3533.0
515.0
5846.0
17461.5
1487.5
68.0
10012.5
927.5
68.0
4903.5
68.0
8495.5
4448.0
9973.0
2840.5
458.0
2175.0
5227.0
68.0
68.0
16084.0
1129.5
1895.0
0
11108.5
5907.5
8026.0
7604.5
5339.5
11100.5
943.5
1786.5
3682.0
68.0
68.0
1389.5
2826.0
23263.5
68.0
68.0
1126.0
68.0
0
68.0
2661.5
68.0
1427.5
458.0
68.0
2665.0
5921.0
1034.0
17842.5
438.5
0
5897.5
5421.0
1427.0
438.5
533.5
8274.0
7588.0
5349.5
736.0
3421.0
4263.0
14699.0
1034.0
4283.0
68.0
8895.0
2411.0
3145.5
54.0
9041.0
68.0
6990.0
6444.0
926.5
1029.0
68.0
6164.5
0
926.5
17407.5
68.0
4128.5
1889.0
4951.0
9720.0
271.0
1031.5
13417.5
1651.0
925.0
6442.5
68.0
68.0
10840.5
7746.5
2363.0
4956.5
0
2248.0
3601.5
68.0
68.0
1033.5
4894.0
2843.0
1016.5
68.0
2283.0
7615.0
1802.5
524.0
5324.5
3586.5
4561.5
8136.0
2220.5
68.0
68.0
8045.5
614.0
68.0
4994.5
1458.5
0
3234.5
68.0
68.0
3991.5
7206.5
1865.0
1020.0
3603.5
1879.0
427.0
1021.5
6885.5
5440.5
1036.0
4453.0
7575.5
8979.5
3182.5
609.5
1425.5
68.0
7737.5
5645.5
1950.5
2338.0
438.5
943.5
926.5
68.0
4092.0
348.5

16143.5
68.0
2740.5
1819.5
68.0
537.5
68.0
7977.0
5004.5
4525.0
6544.5
4087.5
68.0
7189.0
10796.0
68.0
10842.0
2273.0
438.5
9118.0
5386.0
68.0
0
68.0
458.0
458.0
4080.0
1929.0
5842.0
4128.5
458.0
68.0
5024.0
1796.5
496.0
944.5
68.0
2212.5
538.5
4426.0
68.0
10798.0
68.0
1576.0
4472.0
2560.0
4166.0
5872.5
1874.5
13322.0
0
1962.0
68.0
4559.0
68.0
5410.5
7517.5
68.0
2243.0
68.0
4930.5
2437.5
999.5
68.0
9119.0
5185.5
1817.0
3381.5
68.0
68.0
10782.5
458.0
10931.0
4801.0
5484.0
68.0
7587.0
15954.5
365.5
1351.0
2759.0
8289.0
6432.0
1440.0
4200.5
68.0
1895.0
68.0
3730.0
612.5
3353.5
6276.0
68.0
1963.0
68.0
646.0
68.0
8252.0
14203.5
3118.0
12944.5
3149.5
68.0
1351.0
68.0
3632.0
6295.5
3402.0
3287.0
68.0
68.0
1912.0
480.0
25777.0
7142.0
944.5
2752.5
1406.5
68.0
68.0
1090.0
2365.5
1930.0
2461.0
5614.5
2352.0
3989.5
2868.5
629.5
8985.5
68.0
8470.5
7112.0
1814.5
3115.5
1000.0
939.0
10644.5
68.0
1019.5
68.0
2423.5
4533.5
68.0
12225.5
1796.5
2742.0
1523.0
68.0
17878.0
1128.5
5802.0
6740.5
68.0
68.0
2394.0
1878.5
7757.0
4084.0
68.0
257.0
753.5
1521.5
6344.5
1893.0
1816.0
4482.0
3017.0
8134.0
68.0
3677.0
1528.5
6729.0
2228.5
430.5
2804.5
1894.5
935.5
7605.5
7716.0
910.0
68.0
68.0
4460.0
68.0
7192.0
10241.5
5504.0
4061.0
6338.5
68.0
1706.5
1020.5
4035.5
736.0
8950.0
68.0
2248.5
1393.0
3972.0
5838.0
0
910.0
12109.0
68.0
68.0
1021.5
1631.0
68.0
11555.5
68.0
1346.0
10183.0
1938.0
16311.5
68.0
5543.0
2302.0
2224.5
0
12256.5
68.0
68.0
8082.0
68.0
5405.0
1785.0
5122.5
77.5
68.0
5027.5
2545.5
68.0
1874.0
3553.0
11722.5
3722.5
20121.5
2236.0
5853.5
68.0
1199.0
68.0
4502.0
1479.5
438.5
3584.5
68.0
4258.0
3142.0
2553.0
4272.0
961.0
68.0
68.0
4614.5
13343.5
2018.5
5463.5
13330.0
3708.0
163.0
8849.5
68.0
5703.0
2355.0
8522.0
3324.0
68.0
332.0
2781.5
950.5
12785.0
13852.5
12115.0
9081.5
6369.0
68.0
12870.0
3772.5
3017.0
8128.0
612.5
5511.0
438.5
6883.5
1616.0
4957.0
3065.5
68.0
0
612.5
8460.0
4538.5
68.0
5430.0
6644.5
5026.0
18352.5
77.0
24501.5
68.0
68.0
1893.5
14355.0
4175.5
0
5401.5
11233.5
9920.5
4593.0
4551.0
68.0
68.0
5373.0
13401.0
1878.0
12514.0
5160.5
1424.0
4196.5
2236.0
2673.0
68.0
438.5
8.0
14082.0
4569.0
3212.5
68.0
612.5
7211.0
68.0
68.0
2374.5
1389.5
438.5
6573.5
0
1387.0
2854.5
1439.0
4483.5
3694.5
629.5

1531.5
68.0
8977.5
13812.5
0
1597.0
4607.5
3647.5
1039.0
6064.5
68.0
926.5
15898.0
4077.5
7228.0
5483.5
4938.0
1820.0
4538.0
911.5
0
5472.5
1404.0
5354.5
15179.0
537.5
8406.5
5044.5
0
2060.0
12952.5
0
1813.5
6332.5
9995.5
3012.5
68.0
3515.0
10687.5
2377.5
10769.5
1222.5
12046.0
1802.5
12640.0
1036.0
755.5
1892.5
1387.0
2792.0
8868.5
68.0
68.0
12072.5
8149.5
629.0
17380.0
612.5
646.0
9519.0
1496.5
6488.5
3107.0
8082.5
6685.5
533.5
3599.5
4170.0
1496.0
68.0
8909.5
2285.0
663.0
1593.5
68.0
2324.5
719.0
1486.0
7115.0
8615.5
2246.0
9082.0
5314.5
11203.0
4073.0
12220.5
4268.5
1034.0
2619.0
1002.5
8948.0
68.0
4656.5
3698.0
14905.0
9926.5
9053.5
627.5
13035.5
6096.5
68.0
4458.5
68.0
0
0
5860.5
719.0
2894.5
11033.0
68.0
2392.0
438.5
6398.5
68.0
2691.5
3660.0
12679.0
943.5
10055.0
612.5
1487.5
13728.0
5042.5
5123.0
458.0
16322.0
17332.5
646.0
2284.5
68.0
68.0
68.0
12983.5
3635.0
13418.0
2670.0
529.0
12035.0
8029.0
3122.0
5491.0
4623.5
5030.5
2417.0
9040.5
12450.5
10643.5
17551.5
68.0
1413.0
2762.0
68.0
5991.0
68.0
7716.5
7202.0
68.0
8121.5
68.0
4529.5
8444.0
1868.0
438.5
458.0
1874.0
2810.5
68.0
5053.0
3240.0
3294.5
5793.5
68.0
68.0
1199.0
68.0
5911.0
5024.5
2933.0
3215.5
3309.0
23211.0
68.0
13380.0
12497.0
68.0
4623.0
14039.5
4981.0
3197.0
68.0
12893.5
2695.5
6802.0
28064.0
612.5
8662.0
24901.5
5408.0
8044.0
68.0
0
15973.5
4053.5
0
4504.0
17289.0
68.0
8080.5
926.0
7665.5
9498.0
7242.0
12501.5
8065.5
2826.5
7563.0
5343.0
2824.0
8977.5
960.5
4057.0
68.0
2366.0
7207.5
1580.0
7010.0
9325.0
68.0
551.5
3997.0
8514.5
68.0
12201.0
646.0
898.0
943.5
68.0
4170.0
21800.0
18345.0
68.0
1878.5
1909.0
8143.5
9542.5
2473.0
1016.5
1019.0
68.0
2392.0
6572.5
2089.5
3141.5
926.5
1019.0
20403.5
1350.0
909.5
365.5
1034.0
8088.0
68.0
11983.5
898.5
68.0
68.0
8259.5
6751.5
6238.0
4607.0
24453.5
629.0
8508.5
13477.5
7651.5
10304.5
2025.0
9440.0
1409.5
68.0
1033.5
3175.5
12912.0
983.0
2283.5
68.0
908.5
2222.5
9090.0
4132.5
16059.0
14767.0
12040.0
1913.0
3216.0
68.0
1796.5
1499.0
2860.0
1109.0
4580.5
4080.5
2725.5
3560.5
68.0
5344.0
9410.5
68.0
4309.0
1334.0
6326.0
1036.0
3111.0
6771.5
10746.5
5038.0
438.5
68.0
529.0
8120.0
4514.0
1799.0
6649.0
12112.0
12085.5
910.0
257.0
6337.5
2006.0
2351.5
9343.5
1016.5
8074.0
4131.5
13013.5
68.0
8889.5
629.0
1406.5
0
68.0
4644.0
68.0
5016.0
68.0
1406.5
1487.5
1972.0
1892.0
68.0
68.0
4147.5
2389.5
3610.0
6812.5
60.5
0
5014.0
8482.0
10477.5
12709.0
15221.5
2219.5
15298.0
2094.5
8968.5
18119.0
6934.5
68.0
11696.0
12030.0
153.5
68.0
460.5
2753.0
2910.0
5985.0
16085.5
4914.5
17807.5
7662.5
6476.5
68.0
6637.5
9882.0
4535.0
5447.0
10704.0
68.0
12907.5
5996.0
3852.5
5225.0
10233.5
2249.0
15091.0
1103.0
7613.0
365.5
0
13092.5
3922.0
9498.0
243.5
2339.0
13742.0
7121.0
8081.0
961.0
2680.5
68.0
3658.0
3636.5
4771.0
17906.0
2771.0
6322.5
348.5
4912.0
927.0
10695.0
1019.0
8096.0
7612.5
23131.5
9899.5
17976.5
4027.5
5282.5
4600.5
4618.0
13506.0
348.5
68.0
3259.5
5464.5
6417.5
68.0
5812.5
68.0
12002.5
1030.0
2910.0
9003.5
3250.0
4524.0
3689.0
3696.0
3718.5
1439.0
1786.0
2454.5
6434.5
11643.0
7603.0
22877.0
68.0
5384.5
6663.0
16249.5
2342.0
68.0
2677.0
2236.5
1019.0
68.0
7100.5
7713.0
21221.5
15973.0
12588.0
4534.5
68.0
1513.0
13864.5
10743.0
1404.5
7637.5
4646.5
3231.5
4617.5
1792.5
5436.0
12962.5
1972.5
5368.5
1479.5
2565.5
68.0
9032.5
3830.0
5422.0
68.0
3436.5
8927.0
6335.0
931.0
1561.0
68.0
68.0
629.0
11584.0
3220.5
5066.0
514.5
458.0
5992.5
438.5
4476.5
68.0
5031.0
15429.5
0
8494.0
6735.0
1985.5
646.0
8027.5
521.0
2253.5
20328.0
68.0
12466.5
27221.0
12588.0
961.0
19223.0
68.0
68.0
5057.0
68.0
1016.5
2299.5
4084.5
15595.5
1333.5
736.0
1334.0
24402.5
163.0
5940.5
2041.0
1019.0
3698.5
1112.0
7669.0
1502.5
4887.5
3701.0
22594.0
10774.5
1522.5
18721.0
443.5
5165.5
1098.5
702.5
3680.0
77.0
1126.0
629.0
2835.0
18371.0
1801.0
68.0
1016.5
68.0
9489.5
1129.5
6303.5
67.5
68.0
2012.0
7655.0
1856.0
9083.5
17562.0
3144.5
68.0
25793.0
7548.0
4101.0
6451.0
68.0
7371.0
2820.5
13001.0
1115.5
5527.0
3116.5
1785.5
629.5
629.5
629.0
2482.0
533.5
4384.5
515.0
4067.5
2818.0
1496.5
9541.0
18215.5
6048.0
909.5
68.0
5147.0
2079.5
4084.0
6555.5
68.0
17771.5
68.0
68.0
1773.0
24954.0
12953.0
1199.0
13912.5
3680.5
1463.0
68.0
629.0
68.0
35.0
4257.5
10379.5
2550.5
3772.5
2689.0
7568.5
13422.5
1409.0
524.0
68.0
2689.0
17163.0
910.0
4132.5
8585.0
1413.0
68.0
68.0
3418.0
0
3124.5
68.0
4606.5
458.0
4628.0
6671.0
68.0
2003.0
6806.0
5837.5
68.0
3202.0
163.0
4089.5
612.5
8113.0
13356.0
68.0
3683.0
11790.5
14808.0
1019.0
1520.5
4553.0
68.0
3189.5
10882.0
944.5
1423.5
9334.0
3567.0
68.0
956.5
6054.0
7575.5
458.0
923.5
1205.5
68.0
68.0
68.0
68.0
14764.5
1441.0
4950.5
5876.5
4485.0
533.5
926.5
6604.0
1518.5
524.0
0
6022.5
0
16884.5
524.0
16850.5
2439.0
458.0
4940.0
6347.5
12144.5
13610.5
3121.0
68.0
68.0
10844.5
1991.5
68.0
68.0
15380.5
2770.0
4180.0
0
3509.5
4522.0
4548.0
16035.0
6764.0
458.0
68.0
1100.5
1614.0
3206.0
941.5
2487.5
1911.5
2355.0
4106.0
4368.0
68.0
5323.5
891.5
3997.0
68.0
68.0
5915.5
2265.5
5112.0
1351.0
4940.0
1036.0
348.5
1522.0
2066.0
629.5
68.0
68.0
3675.0
3097.0
1211.5
2019.0
1987.0
613.5
0
916.5
4559.5
5792.0
68.0
68.0
3308.5
3128.0
68.0
0
9564.0
1106.5
12040.0
2221.0
438.5
4973.5
11204.5
943.5
3252.5
8005.0
12587.0
2018.5
11535.5
3656.5
1786.5
6824.0
1593.0
6651.0
4379.0
4167.5
2302.5
8555.5
4066.5
68.0
4083.0
68.0
0
5445.5
828.5
2824.0
1525.0
929.5
5390.5
68.0
3662.5
4547.5
1819.0
2778.0
3115.5
16885.0
1521.5
0
6858.5
68.0
12927.0
3105.0
0
4919.5
3719.5
8926.5
68.0
1033.5
348.5
629.0
1668.5
4203.0
2551.0
524.0
4669.5
7389.5
2258.5
6464.5
4431.0
1036.0
3541.5
4171.0
1019.0
13976.5
26078.5
6766.5
2021.5
3681.5
8461.5
67.5
68.0
5508.0
8467.5
6371.5
25334.0
4523.0
4439.0
1333.5
5971.0
68.0
257.0
1596.5
6439.5
2955.0
68.0
4351.0
4956.0
1539.5
68.0
1631.0
4953.0
7054.0
9040.0
458.0
4698.5
68.0
12395.5
68.0
9122.0
68.0
1768.5
9401.5
647.0
0
12437.0
9668.5
8512.5
5012.5
629.5
68.0
68.0
25322.0
2755.0
2766.0
1036.0
3216.5
1019.0
6795.5
9364.0
0
3665.0
13437.0
21779.5
1037.0
2751.5
551.5
9818.0
1019.0
1124.0
5357.0
163.0
68.0
348.5
8097.5
16952.5
243.5
1406.5
0
6312.5
2812.5
1753.5
956.5
6354.5
1114.5
1527.0
14416.5
4201.5
1471.0
3935.5
4175.5
15090.0
68.0
1019.0
1492.0
1102.0
535.0
68.0
2728.5
3671.5
8582.0
5397.5
22219.0
927.0
5601.5
365.5
3823.5
1892.0
7763.5
8080.0
68.0
4051.0
4191.5
543.5
6064.0
627.5
8945.5
465.0
0
68.0
12780.5
5789.5
68.0
8020.0
5931.5
5448.5
5003.0
57.5
2840.5
7134.0
0
0
1796.5
68.0
927.0
6196.0
2273.0
5444.5
4751.5
4066.0
4050.5
68.0
0
5917.5
12235.5
1782.5
348.5
736.0
3696.0
2334.5
12979.0
984.0
629.0
68.0
6653.5
1387.0
4569.0
6700.0
629.0
1041.0
68.0
19306.5
7185.5
4201.0
68.0
4620.0
4705.5
1911.5
18752.5
10654.0
1036.0
68.0
0
7564.5
1219.5
3779.0
11595.5
7984.0
1314.0
2358.0
15614.0
629.0
1870.0
3138.5
3177.5
68.0
6487.5
8559.5
3272.5
8069.5
1786.5
4498.5
15025.5
15.5
2824.0
13422.5
18495.5
3693.5
629.0
5012.0
554.5
68.0
4007.5
163.0
2363.0
1009.0
1036.0
68.0
15083.5
68.0
15542.5
68.0
6350.5
3351.5
1631.0
11072.5
68.0
1017.5
5510.5
458.0
2810.0
7097.0
5235.0
16711.0
2445.5
1258.5
6700.5
1019.5
5064.5
14314.5
4499.0
8867.0
14249.5
601.0
4020.0
9497.5
1786.5
1426.0
68.0
1053.0
438.5
8972.0
3255.5
944.0
14047.5
5491.5
4113.5
2395.0
68.0
13927.0
12948.5
4977.0
9051.0
9060.5
1036.0
2738.0
943.5
68.0
9885.5
612.5
4601.5
948.5
3689.0
1417.0
68.0
19402.5
173.0
13001.5
68.0
5462.5
13884.0
3939.0
3644.0
68.0
57.5
68.0
6753.0
68.0
2377.0
68.0
1841.5
9436.5
3721.0
20657.5
6036.5
629.0
1109.0
68.0
10315.5
1970.0
7376.0
1982.5
438.5
6975.0
11641.5
4381.0
3623.0
68.0
0
13960.5
2280.5
738.5
4033.5
3267.0
9515.0
68.0
68.0
10276.0
68.0
68.0
5801.0
12894.0
868.0
8589.0
6227.0
3158.0
4934.0
4419.5
16997.0
68.0
4579.5
68.0
1316.5
1016.5
2687.5
8617.5
1387.5
4313.5
68.0
68.0
68.0
1376.5
3620.5
4038.0
19156.5
1173.5
15146.0
7194.5
5409.5
11610.5
68.0
438.5
18384.0
3580.0
3347.0
6201.5
25613.5
1083.5
1492.0
68.0
2674.5
646.5
0
3629.0
6054.0
5424.0
68.0
16873.0
646.0
8632.5
9931.0
1128.5
7220.0
13894.5
68.0
3550.5
458.0
10831.0
14665.0
663.5
11441.5
7579.5
438.5
1565.0
1347.5
5680.5
19803.0
3643.0
68.0
68.0
12512.0
6773.0
6280.5
4791.0
8911.5
738.5
16603.0
3256.5
11827.5
68.0
0
68.0
6312.5
6801.0
68.0
68.0
8224.0
68.0
646.0
3323.0
6746.5
926.5
1019.0
25671.0
438.5
68.0
7631.0
1033.5
18395.5
0
1016.5
1406.5
2717.5
13919.5
68.0
4226.0
8570.5
2367.5
5850.0
6820.5
10349.0
12880.5
5551.0
6362.5
900.0
18219.5
10214.5
0
68.0
0
0
14278.0
7078.0
68.0
5062.5
2807.0
1109.0
4392.5
0
2734.0
7418.5
4019.5
15.5
0
7320.0
458.0
68.0
3549.5
6861.5
14286.5
5489.0
3554.0
4311.5
68.0
3587.5
629.0
3706.0
4126.5
7228.0
10454.0
458.0
1968.0
23680.0
3694.5
3403.0
8128.0
68.0
13921.5
68.0
16846.5
4053.5
4130.5
2139.0
3682.5
12967.0
1592.5
524.0
12586.0
68.0
6475.0
12556.5
4984.0
2241.5
4146.0
629.0
4157.0
14080.0
5090.0
1897.0
0
11659.5
23171.5
7982.5
6198.0
2537.5
68.0
5934.5
68.0
2083.0
6394.0
7554.0
11319.5
7326.5
7139.0
2426.0
2284.0
4134.0
10822.0
68.0
173.0
1965.5
458.0
11023.0
3772.0
1426.0
926.0
1413.0
8581.0
9750.0
163.0
2123.0
13069.5
1387.5
2860.0
4233.5
5018.0
68.0
3233.5
629.0
3200.0
68.0
3290.5
438.5
8305.5
68.0
7295.0
627.5
1053.0
4479.0
18360.0
1968.0
1019.0
11236.5
9861.5
2502.0
1094.5
8890.0
8396.5
1479.5
5976.0
68.0
17063.0
5015.5
12573.0
2717.5
6309.5
2656.0
68.0
68.0
614.0
5831.0
68.0
1876.5
68.0
22393.0
2338.5
1493.5
7225.0
9014.5
8795.5
68.0
943.5
7121.5
5372.5
2780.0
9010.5
629.0
2148.0
6361.0
68.0
3677.0
0
7180.5
4022.5
10624.0
9466.5
1896.5
1504.5
450.0
533.5
68.0
4168.5
3505.5
3008.5
12150.0
10689.0
0
11639.0
1706.5
417.5
1963.5
3267.5
1016.5
68.0
163.0
2051.5
2686.0
12444.5
68.0
5766.5
3139.0
551.5
8527.5
68.0
13003.5
1785.5
1053.5
6291.0
15919.5
68.0
4039.0
2090.0
1892.0
9059.0
68.0
2248.0
629.5
16499.5
12294.0
8435.0
5026.5
13029.0
68.0
1404.0
5927.5
68.0
5184.0
68.0
68.0
1038.5
4551.0
3678.5
153.5
11170.0
25199.0
6766.5
20332.5
736.0
5873.5
68.0
458.0
365.5
3989.5
629.5
3584.0
3707.0
7989.5
7262.5
961.0
19614.5
1803.0
13547.5
12456.5
6498.5
2250.0
15380.5
1426.0
5989.5
3222.0
1781.0
1589.0
12160.0
3316.0
68.0
474.5
5357.0
0
68.0
68.0
1368.0
7134.0
10483.0
6214.5
1004.0
3248.0
3292.0
1207.0
68.0
68.0
0
20688.5
348.5
8092.0
4168.5
10322.0
2265.5
11909.0
12538.5
11339.0
68.0
3719.0
4936.5
6369.0
24670.0
16016.5
3671.5
14350.5
4065.0
2016.5
2455.5
13484.5
68.0
68.0
4530.5
9864.5
9837.5
9435.5
27170.0
1559.5
6668.0
1526.5
6065.5
5772.0
22380.5
7309.5
2919.5
2689.5
1597.5
4519.0
5886.5
7504.0
1486.0
68.0
68.0
68.0
2246.5
23613.5
4078.0
1002.5
16161.5
1861.0
1516.0
6779.5
8540.5
4535.0
2813.0
68.0
2717.0
4060.5
45.5
514.5
8139.0
16177.5
15457.0
7161.5
4889.0
3621.0
4531.0
438.5
3139.5
11194.0
2537.0
629.5
535.0
12472.5
68.0
14767.5
961.0
10294.5
5408.0
68.0
14881.5
9121.0
14400.0
68.0
438.5
5511.5
4537.5
3589.0
4017.5
5946.5
5492.5
16207.5
5496.0
7844.0
68.0
6409.0
1813.5
4593.0
68.0
3579.5
4640.5
3486.5
5034.0
68.0
68.0
68.0
68.0
5050.5
2179.5
7406.5
5055.5
0
0
17963.0
68.0
1804.5
1896.5
68.0
6466.0
3944.0
68.0
1819.5
68.0
629.0
554.5
4932.5
2220.5
6926.0
5431.0
9395.0
18801.0
741.0
4042.5
68.0
11174.0
2270.0
5426.0
4159.5
68.0
68.0
926.5
1783.0
2282.0
6325.0
7582.0
11561.5
4019.5
163.0
2790.5
68.0
5495.0
2961.5
1521.5
1886.5
1982.5
0
12978.0
8017.5
68.0
13440.0
68.0
68.0
944.0
1775.0
18994.5
14680.5
68.0
3792.0
2785.5
9065.0
11228.0
3196.5
13087.5
2232.0
68.0
9390.0
68.0
8025.5
4990.5
2355.0
7004.0
1423.5
4618.5
13320.5
332.0
7272.5
3685.5
4955.0
891.0

9017.5
3124.0
1892.5
68.0
7484.5
12519.0
8146.0
9351.0
5415.5
24389.5
68.0
12588.5
68.0
15713.5
1431.0
2075.5
8911.0
7636.5
5411.0
4602.5
5844.0
68.0
11077.5
68.0
5813.0
7303.0
365.5
68.0
7226.5
3234.0
0
4604.5
2822.5
1594.5
7147.0
5983.0
7576.0
2757.0
1207.0
68.0
2714.0
163.0
8757.0
68.0
2236.5
2745.0
68.0
5508.5
12019.5
2080.0
4133.0
6207.0
0
68.0
1423.5
6389.5
68.0
3660.5
1421.5
3507.0
6220.0
5454.0
68.0
68.0
438.5
68.0
6357.5
9061.5
16781.5
68.0
3421.0
68.0
1430.5
68.0
1325.5
7708.0
12019.0
18186.0
3222.5
68.0
68.0
438.5
9787.0
1667.5
2128.0
960.5
3694.5
6250.0
5242.5
23660.5
458.0
3423.0
927.0
5453.5
68.0
1413.5
7418.0
11367.5
4485.0
6887.5
3219.5
1019.5
8587.0
521.0
68.0
1019.0
646.0
2518.5
3350.5
3665.0
68.0
4545.0
68.0
1019.0
163.0
68.0
4460.5
0
438.5
68.0
4635.5
1784.0
4949.5
0
438.5
1423.5
17202.0
2204.0
2838.0
0
8604.5
348.5
68.0
68.0
348.5
1033.5
68.0
0
68.0
15248.5
1928.5
68.0
68.0
6395.5
5040.0
4162.5
68.0

68.0
14763.0
13422.5
2855.0
0
3634.5
3205.5
68.0
646.0
6768.0
68.0
3573.5
2931.5
3852.0
14605.0
8027.0
1019.0
3079.5
68.0
4786.5
4618.5
6703.0
1895.5
2895.0
6562.5
1968.0
2319.5
1014.5
3210.5
2263.5
2347.0
68.0
0
1860.5
4901.5
926.0
8685.5
3324.0
7585.0
3341.0
1820.5
35.0
1016.5
910.0
68.0
8613.0
9620.0
1033.5
8878.5
2362.5
271.0
68.0

5464.0
4192.0
68.0
1126.0
1801.5
6525.0
944.0
3013.0
0
1447.5
2532.5
1982.5
1051.0
68.0
22.5
458.0
614.0
22.5
3107.0
365.5
13426.0
1109.0
16344.0
1511.0
68.0
9701.0
153.5
8055.0
68.0
6777.5
6274.0
68.0
2437.0
68.0
0
68.0
6416.0
3263.5
15225.0
943.5
3551.5
68.0
2057.5
3370.5
2643.5
927.0
2004.0
5339.5
6430.5
68.0
5619.5
3213.0
68.0
8299.0
999.5
6357.0
10652.5
1406.5
68.0
455.5
1505.5
4023.0
68.0
0
68.0
68.0
1016.5
5462.0
9488.0
4113.0
533.5
0
2454.0
5882.5
7700.0
4109.5
68.0
12945.5
6262.0
1099.0
6274.0
8153.0
14383.0
68.0
5863.0
7014.0
4575.5
68.0
5086.0
13326.5
9840.0
1595.5
2310.5
8935.0
5326.5
7191.5
68.0
68.0
5865.0
1038.5
4478.5
68.0
19744.0
9363.0
6714.5
14417.5
12544.0
5042.5
4516.5
16524.0
8110.0
0
6229.5
68.0
646.0
1036.0
16034.0
68.0
8210.0
8161.5
1877.5
68.0
8488.5
2409.5
2490.0
0
68.0
68.0
68.0
10704.5
1019.0
68.0
3599.0
3626.0
10231.0
68.0
629.0
2397.5
943.5
0
9480.5
3732.5
18813.5
2801.0
2224.5
2280.0
4039.5
438.5
2841.5
68.0
5987.5
1109.0
627.5
1985.5
458.0
1036.0
2563.5
68.0
2967.0
3289.5
3125.5
5854.0
3696.5
28013.5
68.0
1164.0
68.0
1421.5
9742.5
1348.0
68.0
7665.5
456.5
1119.5
5536.0
6088.5
68.0
5430.5
3203.0
5177.5
828.5
6208.5
3292.5
934.5
1126.0
926.5
68.0
5559.0
5884.0
8562.5
6740.5
1539.0
5094.0
68.0
1016.5
3236.5
2107.0
9943.5
7125.5
4091.5
1404.0
6312.5
4911.0
13899.5
5413.5
5831.0
4060.0
7547.0
14325.5
3926.5
68.0
68.0
68.0
11819.5
2032.0
9982.0
68.0
1770.0
7095.5
8.0
5427.5
243.5
2314.5
9424.0
7709.5
4555.5
1299.5
6565.5
6495.5
4992.5
926.5
3212.0
1580.5
646.0
12533.0
9593.5
6877.5
1892.0
2732.0
3118.0
7615.0
3785.0
1873.0
68.0
68.0
8209.0
1351.0
5411.0
2758.5
5818.5
16158.0
1799.0
5035.0
1504.5
10988.0
7865.5
2364.0
68.0
1475.0
0
68.0
927.5
524.0
2674.0
68.0
10668.0
5202.5
10356.5
2147.5
2339.0
5913.0
68.0
12927.5
21343.5
2375.5
1836.0
1504.5
17024.0
6349.5
9364.5
1370.0
554.5
1653.5
2321.0
2380.0
7113.0
2757.5
11127.0
68.0
13488.5
961.0
2001.5
68.0
6512.0
8540.0
7320.0
4012.0
13515.0
4516.0
68.0
3495.5
3704.0
4802.0
4118.0
3696.0
68.0
927.0
68.0
1036.0
68.0
8523.5
1498.0
68.0
40.5
20981.5
7235.0
537.5
7521.5
68.0
1769.0
3214.0
7660.5
3715.5
7420.0
68.0
6807.0
995.5
68.0
68.0
11613.0
68.0
68.0
961.0
1412.0
5310.5
6304.5
68.0
10999.5
3565.0
18290.0
365.5
8681.0
68.0
1614.5
2791.0
5788.0
10368.5
1413.5
5352.0
68.0
738.5
5394.5
68.0
1389.5
4428.5
1331.0
12312.0
2372.0
3705.0
4948.5
2295.0
12135.0
3222.0
18691.0
999.5
1607.5
3109.5
4676.5
11602.0
475.0
1019.0
1593.0
4084.5
5827.0
5344.5
17797.0
6281.5
2826.5
6356.0
5406.5
16851.0
12592.5
923.5
12152.5
14403.0
663.0
1346.5
20505.0
3621.0
438.5
4007.5
1993.5
2343.5
4991.0
68.0
2826.5
3015.5
2325.0
21354.5
8224.0
5497.5
2855.5
11600.0
68.0
9488.0
68.0
5968.0
1779.5
68.0
828.5
2754.5
4641.0
68.0
13853.5
7064.5
68.0
25531.0
1509.5
1951.5
2957.5
19611.5
7468.0
2299.5
17088.5
4241.5
68.0
13118.5
9839.5
68.0
2728.5
68.0
1016.5
3240.5
1089.5
4740.0
3702.5
68.0
5916.5
4055.5
4710.5
0
537.5
163.0
2809.5
26727.5
2321.0
629.5
4670.5
68.0
3274.5
5337.5
438.5
2762.0
2804.0
10783.5
68.0
1580.5
1021.5
68.0
4443.0
5882.0
5100.0
8580.0
926.5
2314.0
646.0
3122.0
5938.0
68.0

17450.5
12644.0
2742.5
629.5
68.0
14340.0
11036.0
926.5
1482.5
2265.0
7184.5
8217.5
3619.0
5985.0
2720.5
2732.0
68.0
3135.0
6022.0
3331.5
4999.0
4696.0
3099.0
68.0
2757.5
1861.5
1409.0
8127.5
12555.5
5885.5
8534.5
68.0
68.0
5529.5
5419.0
2526.5
68.0
438.5
1946.5
12995.0
1419.0
1111.5
9004.5
4601.0
7827.5
6024.5
8850.0
9932.5
68.0
68.0
1497.0
6761.0
10800.5
68.0
6284.0
68.0
1331.5
1678.5
10735.5
68.0
11677.0
3252.5
1967.5
14301.5
68.0
1109.0
4453.0
2619.5
6405.5
2824.0
1241.5
753.5
68.0
4130.5
612.5
2227.5
6752.0
68.0
6485.5
4807.5
68.0
3743.5
68.0
1207.5
4406.5
2265.0
4485.0
163.0
926.5
2751.0
5863.0
68.0
68.0
10838.5
15910.0
0
3295.0
8527.0
11563.5
444.0
9035.5
1036.0
10520.5
6288.0
68.0
10771.5
9468.5
68.0
15.5
21782.0
7162.0
13396.0
11128.5
3068.0
14465.0
0
10646.0
2850.0
7807.0
13906.5
10293.0
19770.5
11729.5
3188.5
68.0
4075.0
5758.0
2719.0
68.0
68.0
8002.0
68.0
9086.5
68.0
8933.0
68.0
3206.0
68.0
16092.0
5024.0
68.0
68.0
8535.5
15733.5
646.0
12464.0
68.0
1873.5
14779.0
3775.5
5896.5
12634.5
15143.0
8658.5
8240.5
68.0
2655.5
3124.5
0
5808.5
1873.5
14323.5
0
348.5
738.5
4164.5
2344.5
68.0
2814.0
1505.5
3920.5
22297.0
2897.5
2292.5
4042.5
68.0

2753.0
6311.5
4152.5
1890.5
743.5
2747.5
19318.5
13801.0
3233.5
999.5
2348.5
4184.0
68.0
4016.0
68.0
68.0
0
68.0
11223.0
4598.0
6257.0
629.0
9928.0
8917.0
19954.0
68.0
2092.0
68.0
68.0
8518.0
4109.0
4592.0
10785.5
1019.5
2824.0
4106.0
3180.0
68.0
9839.0
4959.5
6343.0
4482.0
16842.0
6400.0
927.0
2085.0
68.0
8559.5
2005.0
6798.5
4976.0
11173.0
68.0
0
68.0
68.0
8022.0
7238.0
6262.5
14986.0
3498.0
20752.5
13352.5
8700.5
2561.5
2403.0
1353.5
3480.5
1396.0
11362.0
9504.5
5810.0
3017.5
702.5
10798.0
9028.5
7029.5
4896.5
9057.5
14832.5
0
8909.5
68.0
3667.5
1862.5
2283.0
8038.5
68.0
68.0
22688.0
4671.0
10308.0
8921.5
3679.5
5528.5
11547.5
1486.0
68.0
1427.0
14159.0
68.0
944.5
68.0
1895.5
4083.5
3232.5
3996.0
68.0
4517.5
1591.0
9817.0
68.0
68.0
8476.5
18668.0
9554.0
458.0
1841.5
3606.5
68.0
4314.0
1802.0
1314.5
5026.0
68.0
68.0
14404.5
3104.5
3726.0
16107.0
2657.5
348.5
1487.5
19113.5
10556.5
908.0
11655.5
3303.5
1019.0
1441.0
1522.0
68.0
68.0
68.0
12467.0
458.0
13389.5
10716.0
2228.5
663.0
68.0
4763.0
68.0
68.0
17493.5
3644.0
2614.0
7373.0
20858.0
1914.5
68.0
2364.0
68.0
8149.5
2522.0
6452.0
68.0
8172.0
10599.0
6224.0
5030.0
438.5
2736.5
68.0
17027.0
1912.0
68.0
5428.5
2302.5
5816.5
68.0
4010.5
1775.5
4180.0
10926.5
9596.0
2338.5
13025.5
1910.0
10724.0
3699.0
6505.5
10358.5
1022.0
1992.5
4990.5
5610.5
5887.0
2001.5
2774.5
9121.0
3716.0
68.0
0
1128.5
163.0
10423.0
68.0
68.0
5357.5
4110.0
68.0
1522.0
6500.5
7166.5
5461.5
1504.5
17351.0
1897.5
0
1496.5
2235.0
19311.0
163.0
68.0
6450.5
15663.0
7233.5
68.0
1019.0
4170.5
16604.5
1019.0
12020.0
1894.5
0
0
68.0
68.0
68.0
891.5
16106.0
2470.5
0
11214.0
7770.0
9358.0
7221.0
1479.5
6265.5
9407.0
5796.0
3555.5
6016.0
4187.0
2592.0
543.5
4522.0
2892.5
68.0
11395.0
7537.0
68.0
5934.5
68.0
2397.5
2309.5
12336.0
1016.5
12562.5
11685.5
68.0
8595.0
68.0
4484.5
9782.5
5446.0
10408.0
5384.0
2619.5
453.5
2767.5
68.0
5798.0
943.5
3516.5
1777.0
458.0
0
1815.5
5927.5
9099.0
20951.0
2715.5
2970.5
543.5
4914.5
533.5
646.0
68.0
1496.0
2768.0
12436.5
6726.0
0
68.0
68.0
629.0
1497.0
1019.5
9014.0
1106.5
68.0
12902.0
828.5
68.0
4605.0
68.0
68.0
68.0
2726.0
68.0
27555.5
68.0
10578.5
68.0
6881.5
8030.0
2823.5
8437.5
68.0
1104.5
3105.5
68.0
9946.5
8597.0
3116.0
9144.5
13253.5
1136.5
2449.5
68.0
2358.5
13835.5
5410.5
19696.5
68.0
1629.0
12894.5
6368.5
14794.0
15405.5
438.5
18433.0
3047.5
68.0
3761.5
13481.0
5969.0
68.0
12244.0
4570.0
1521.5
1109.0
13365.0
68.0
8964.0
8425.0
4155.5
848.0
6860.0
6408.5
2445.0
68.0
68.0
68.0
1016.5
3525.5
19691.5
2319.0
5492.5
2268.5
4758.0
4632.5
2373.0
534.5
68.0
0
4816.5
68.0
25363.0
68.0
5355.5
68.0
1922.5
4697.0
926.5
5533.0
5909.0
3704.5
68.0
3496.0
0
1479.5
10285.5
68.0
612.5
3209.0
68.0
68.0
8014.5
68.0
68.0
2083.5
7238.0
12011.5
614.0
2860.0
15175.5
1098.5
68.0
68.0
4096.5
68.0
925.0
17324.0
68.0
5042.5
8147.0
663.0
68.0
68.0
458.0
4148.0
4964.0
6804.5
1022.0
4084.5
163.0
7174.5
6358.5
1563.5
9586.0
2248.5
11310.0
257.0
13769.5
3553.0
7212.0
8943.5
612.5
1897.0
2750.5
16015.0
11115.0
68.0
1390.0
68.0
4495.0
7328.0
23086.5
16452.5
2414.5
646.0
6024.0
1704.0
19591.5
68.0
5066.5
7950.0
12877.0
68.0
68.0
68.0
14726.0
6816.5
7526.5
5818.5
6767.0
5918.5
3637.0
9008.5
7952.0
20087.5
2728.0
68.0
68.0
910.0
12957.0
926.5
1801.0
6732.5
68.0

8477.0
5097.0
9484.0
1034.0
68.0
68.0
68.0
68.0
944.0
818.0
68.0
4063.5
4922.5
1102.0
7737.0
2804.0
1112.0
9339.5
5431.0
13917.5
627.5
11221.5
4481.0
1019.0
2785.0
13453.5
646.0
4462.5
8042.5
1563.5
4576.0
68.0
7658.5
6268.0
12621.0
12928.5
4184.5
6500.0
10304.5
925.0
1351.0
8110.5
25462.0
68.0
9387.5
11130.5
4453.5
1406.5
2058.5
12465.0
5451.0
4532.0
4559.0
1594.5
1873.0
12125.5
68.0
12268.0
68.0
9376.0
4575.0
68.0
68.0
9905.0
163.0
68.0
8174.5
3577.5
4157.0
1794.0
5779.0
6718.0
3662.0
68.0
68.0
68.0
912.0
5036.5
2267.5
68.0
1909.0
458.0
68.0
13977.5
2509.0
68.0
1987.5
10765.0
3099.0
68.0
68.0
4045.0
2226.0
5119.5
68.0
68.0
13261.5
6708.5
2739.5
68.0
15177.5
68.0
24471.0
68.0
6828.5
15571.0
627.5
2745.0
4544.5
8514.5
2835.0
2711.0
1430.0
13311.5
16092.5
0
3237.0
68.0
5010.5
1033.5
2306.0
1779.5
2677.5
68.0
11506.5
6752.0
9681.0
15164.5
23205.0
633.5
10664.0
68.0
4536.0
11698.0
12753.5
4557.5
11593.5
434.0
3641.0
3610.0
7567.5
6717.0
543.5
2284.5
4076.0
4077.5
5364.0
835.0
909.5
3295.0
5991.5
68.0
9943.0
6830.0
4959.5
962.0
2657.5
629.0
28081.5
2419.5
551.5
68.0
68.0
2321.0
5490.0
9919.5
3390.0
7525.5
3608.0
3362.0
5749.0
21977.0
1413.5
0
8699.0
68.0
4546.5
2226.0
6336.5
2704.5
3164.0
21877.0
17799.0
6790.5
2567.5
543.5
2845.5
68.0
68.0
1999.0
3906.0
1519.5
1016.5
12171.5
458.0
3620.5
22392.5
5284.0
6281.0
68.0
68.0
2355.5
3234.0
68.0
68.0
9887.0
7016.5
1686.0
8173.5
633.5
1333.5
1499.0
68.0
1912.0
10337.0
2241.5
24961.0
9413.5
5799.0
943.5
1523.5
68.0
15694.0
68.0
438.5
68.0
4087.0
6265.5
3248.5
3180.5
1455.0
3568.5
3538.5
7985.0
8258.0
5866.5
257.0
515.0
1019.0
10698.5
68.0
3984.5
13326.0
6026.0
1053.5
1800.5
2043.0
5483.5
944.0
68.0
9037.5
0
629.5
3629.0
1794.0
1496.5
68.0
12862.0
755.5
68.0
3308.5
1419.0
10328.0
25408.0
2668.5
1985.0
68.0
68.0
8048.5
6262.5
12929.5
4578.5
15791.0
943.5
10761.5
6670.0
9834.0
68.0
68.0
554.5
2810.5
3979.0
3140.0
5123.5
6363.5
6026.5
0
8971.5
3604.5
3599.5
11625.5
68.0
13006.5
6249.0
2233.0
5786.0
6216.0
8592.0
1017.5
1912.0
1806.5
21859.0
0
68.0
8054.5
6681.0
1036.0
4164.5
1106.5
1917.5
16101.0
4120.5
16915.5
13348.5
961.0
5398.5
7458.0
11651.0
438.5
68.0
16908.5
1113.0
4094.5
0
1115.5
20044.5
4448.5
646.0
7662.0
68.0
3799.5
365.5
13858.5
2770.0
7605.0
5383.0
2373.0
1951.0
0
1860.5
11982.0
7285.0
3703.0
596.0
68.0
5818.5
2833.5
19156.0
5534.0
1036.0
68.0
9097.5
5416.0
9040.0
16696.5
68.0
4465.5
978.5
629.0
68.0
13048.0
5846.0
1111.5
68.0
3214.0
19248.0
11364.0
68.0
2731.0
17069.0
14726.0
4926.5
21818.0
4091.0
646.0
438.5
20552.5
3654.5
68.0
2265.0
68.0
6750.5
4136.0
68.0
68.0
510.0
2904.0
12571.5
4436.0
12084.0
1861.0
68.0
7607.0
3572.0
27235.0
0
68.0
8540.0
68.0
2826.0
7488.0
8206.5
0
17897.5
9026.5
16042.0
8311.0
17860.0
926.5
11253.0
13464.5
68.0
11147.5
22319.0
2735.0
8914.5
20161.5
7649.5
7820.5
5077.5
23255.0
6784.5
68.0
2770.0
8717.0
4098.5
1877.5
16000.5
19724.0
1875.5
2437.0
9005.0
1469.0
6403.5
4014.0
2662.0
68.0
1987.5
68.0
68.0
1724.0
6316.5
6339.0
1876.0
15950.5
1516.5
2352.0
12920.0
1036.0
11565.5
1499.0
68.0
10272.5
11659.0
4004.5
2447.5
4936.0
4224.5
458.0
1896.0
13034.5
3623.0
23603.5
9010.0
8948.5
7527.5
68.0
6755.0
19198.0
8529.0
23212.0
738.5
14485.0
14245.0
163.0
14348.5
7615.5
68.0
14928.0
68.0
7485.5
3782.5
1002.5
2334.0
17092.0
926.5
4151.0
1487.5
1333.5
68.0
999.5
4924.5
4535.5
944.0
23261.0
1019.0
3128.0
68.0
8230.0
28107.5
8580.0
16004.0
4461.5
68.0
20071.5
7539.5
6338.5
5055.0
5961.5
1557.0
3655.0
9091.5
619.0
68.0
12998.0
5052.5
1128.5
68.0
5079.0
19146.0
1875.0
16872.5
3668.0
458.0
2282.0
0
25622.5
1334.5
8812.5
68.0
8526.5
16015.5
11161.0
68.0
1299.5
1894.5
5196.0
1404.5
4968.0
3794.5
20016.0
736.0
163.0
4526.5
68.0
8303.5
5089.0
3992.0
11096.0
16098.5
2657.5
1389.5
78.0
68.0
0
68.0
68.0
68.0
4972.0
5523.5
21062.0
2083.5
7241.5
12001.0
23315.5
1946.0
1891.0
12431.0
18490.5
8563.5
10861.0
4634.0
3156.0
10964.0
4195.0
4119.5
736.0
8900.0
438.5
1033.5
68.0
68.0
1033.5
5793.0
1503.0
1929.0
26018.5
68.0
1392.0
5868.5
16526.5
0
10438.0
10264.0
1895.0
1426.0
68.0
19659.5
438.5
68.0
68.0
11925.5
9521.5
1941.5
68.0
7455.0
10320.5
4098.0
68.0
5033.0
68.0
1109.0
4476.5
14292.0
68.0
68.0
21085.0
5801.0
3771.5
2843.5
68.0
2350.5
19143.0
12097.5
68.0
1876.0
8063.0
2653.5
4634.0
543.5
68.0
458.0
68.0
68.0
16384.0
3199.0
68.0
25902.5
1820.0
10727.0
8064.0
6352.0
11241.0
7591.0
3575.5
68.0
7574.5
21481.5
2382.5
8092.0
153.5
3593.5
4056.5
2282.5
13457.0
0
7721.5
3745.0
1370.0
13570.0
5527.0
9192.0
5872.5
10814.5
68.0
68.0
68.0
68.0
18372.0
1036.0
7238.5
3660.0
0
2809.5
438.5
8179.0
15232.5
14222.5
3756.0
68.0
2799.5
2251.5
3073.0
68.0
15905.5
25872.5
68.0
12094.0
13012.5
4937.0
9441.0
14677.0
443.5
647.0
5793.5
8587.5
68.0
68.0
6250.5
11266.0
9809.0
1143.5
8107.0
5045.0
1019.5
68.0
8937.0
68.0
629.5
17039.0
8.0
1143.5
17279.0
0
2079.5
68.0
1779.5
1520.0
2387.0
68.0
537.5
1896.5
6672.0
24225.5
3233.0
68.0
13874.0
68.0
68.0
6440.0
458.0
68.0
68.0
68.0
3107.0
1522.0
6746.5
911.5
68.0
612.5
3268.0
2880.0
1207.5
12950.0
3716.5
12982.5
15230.5
1944.0
15289.5
9810.0
68.0
68.0
21851.5
3324.5
68.0
1000.0
68.0
3574.5
2736.5
2361.5
68.0
68.0
0
17440.5
10478.0
21506.5
8955.5
10265.5
0
1909.5
68.0
16612.0
0
15216.5
6699.0
0
18709.5
13503.0
3105.0
1819.0
26378.5
10315.5
612.5
14262.0
8623.0
68.0
15803.5
10733.5
927.0
18840.0
10680.0
960.5
68.0
3595.0
68.0
68.0
3246.5
3621.0
2716.5
5372.5
9788.5
629.0
1051.0
5386.0
9892.5
68.0
163.0
1556.0
1029.0
1972.0
0
7202.0
4037.0
9441.0
68.0
3737.0
20596.5
943.5
0
458.0
68.0
3999.0
68.0
0
12231.0
8514.5
3590.0
3701.5
68.0
2363.5
9455.5
10419.0
2829.0
1785.5
1794.0
26247.0
5909.0
1001.5
2859.5
68.0
4970.5
2433.5
68.0
68.0
68.0
9195.5
19357.5
6197.0
6889.0
1390.0
68.0
68.0
1796.5
1522.5
68.0
15583.0
68.0
9939.0
2795.5
68.0
11634.5
2942.5
1016.5
5493.0
3222.5
12113.5
13375.0
10932.0
1477.5
68.0
68.0
13837.0
4469.0
9820.5
68.0
2754.0
28313.0
910.0
1911.5
68.0
926.5
926.5
1032.0
6235.5
68.0
10328.5
5096.0
68.0
68.0
6294.0
0
1460.0
3141.0
2843.0
0
0
1017.5
68.0
15648.5
3280.0
0
4073.0
0
68.0
9416.5
537.5
3217.0
68.0
4915.0
5460.0
4605.5
1016.5
1477.5
1331.5
629.0
12875.5
2004.5
2355.0
2339.0
15151.5
68.0
68.0
11540.0
16128.0
926.5
3671.5
12409.0
348.5
14674.5
9589.0
0
9840.0
1875.0
9929.5
10783.0
68.0
68.0
7359.5
12773.0
3612.0
4188.0
68.0
10713.5
68.0
12067.5
2353.0
12191.0
3732.5
5413.5
2454.0
9437.5
11429.0
11525.5
646.0
999.5
3391.5
3219.5
10744.0
5938.5
9465.0
0
17252.5
18501.0
12120.0
3152.0
65.0
13164.5
13675.5
11617.0
2374.5
4552.5
3703.5
21866.0
1333.5
5964.0
11179.5
8014.0
14653.0
0
18368.5
15649.5
1929.0
1929.5
68.0
0
11758.5
12878.0
11561.0
10293.5
515.0
9467.0
9865.0
68.0
68.0
24111.0
8437.5
1841.0
1424.0
13052.0
1002.5
68.0
68.0
1368.0
68.0
7123.5
15721.5
68.0
2392.0
22781.0
5039.0
68.0
944.0
68.0
3244.5
5039.0
4395.5
2302.5
10238.0
11074.0
17569.5
10180.0
7658.0
68.0
6289.5
68.0
4458.0
0
2248.0
15220.5
24076.5
1894.5
0
7627.5
3249.5
438.5
13897.0
1597.0
2357.5
3135.0
10174.5
3026.5
4452.5
68.0
4540.5
3935.0
3231.0
22705.0
1786.5
6264.0
4147.0
68.0
1033.5
68.0
2755.0
14788.0
3672.0
1333.5
68.0
13141.0
3554.5
68.0
7634.0
13454.5
3742.0
4087.0
68.0
943.5
0
16900.0
3595.0
8214.5
3379.0
1968.5
15223.0
2699.0
68.0
1353.5
68.0
1909.5
438.5
68.0
2094.0
5324.0
6377.5
6862.5
5676.0
5452.0
2768.0
0
4139.0
2263.5
5120.5
543.5
4136.0
1876.0
4835.0
68.0
5
6365.0
68.0
2380.0
6321.0
12950.0
2506.5
20726.5
20601.0
16468.0
11539.5
1406.5
1949.5
13460.5
3236.0
4554.0
0
7195.5
9138.0
3251.0
9846.5
68.0
1463.0
5853.0
8523.0
1819.5
365.5
20560.5
8088.5
4567.0
1857.0
68.0
0
438.5
6306.0
5852.5
1505.5
15675.0
68.0
0
68.0
13920.0
68.0
4544.0
68.0
4132.5
7199.0
646.0
16051.5
3250.5
3638.0
438.5
68.0
12959.5
0
68.0
10321.5
3675.0
960.5
10283.5
12449.0
3379.0
12885.0
4576.0
23718.0
68.0
0
927.0
8976.5
4527.0
2908.0
1000.0
5915.0
4877.5
68.0
0
8.5
10744.0
4424.0
21059.0
543.5
4670.0
68.0
3576.0
1409.0
18206.0
11550.5
17974.5
2268.0
68.0
646.0
4210.0
68.0
926.5
68.0
16790.5
458.0
12520.5
10318.0
3107.5
16224.0
9852.5
5098.5
6733.5
4257.0
3223.0
68.0
4560.0
0
6450.0
3140.5
5877.5
3248.5
2158.5
6407.5
16893.5
68.0
68.0
3570.5
68.0
68.0
16090.5
646.0
7632.5
6218.0
16277.5
7189.5
68.0
2373.5
1413.5
458.0
2392.0
2355.0
5071.0
16045.0
68.0
68.0
68.0
11660.0
68.0
20992.5
0
1516.0
3570.5
25781.5
4030.5
14744.0
68.0
6395.5
20215.0
68.0
9570.0
3200.5
24948.5
6253.5
2880.5
14860.5
3199.5
16076.0
943.5
68.0
10730.0
68.0
9894.5
7179.5
10391.0
2807.5
10465.0
11645.0
0
68.0
927.5
3357.5
1506.0
514.0
6261.0
8647.5
8072.5
2829.0
13766.5
9874.0
12501.0
18383.0
10649.0
5611.0
4560.5
2357.5
1017.5
4589.0
15626.5
4454.5
1504.5
1016.5
438.5
23245.0
4158.5
3700.0
8470.0
10276.0
3338.0
1597.0
1488.5
9901.5
1389.5
5586.0
4981.5
68.0
2673.0
1898.5
4577.5
2363.0
3591.0
68.0
1036.0
8914.0
68.0
68.0
21914.0
1815.0
5820.5
23883.0
9093.0
8589.5
14248.0
10789.5
2477.0
3320.5
8122.0
1207.0
2657.5
25519.0
68.0
8599.5
4889.5
5486.5
68.0
5358.0
5905.5
68.0
68.0
68.0
4979.0
5921.5
3090.5
5411.0
1422.0
68.0
13918.5
1126.0
6376.0
68.0
2808.5
3654.5
738.5
68.0
1036.0
4465.0
543.5
4131.5
9455.0
183.5
68.0
1331.5
5726.0
9026.5
10550.0
1595.5
2627.5
68.0
17942.5
1931.5
1891.0
5330.0
612.5
10284.5
9842.0
68.0
68.0
8473.0
5192.0
0
10723.0
6672.5
0
68.0
68.0
4100.0
2927.5
4334.0
5134.5
1390.0
6302.5
2018.5
12554.0
18840.5
68.0
7636.5
3335.5
1926.5
11987.5
3124.0
4537.5
68.0
0
5553.0
0
68.0
5917.0
5304.5
10358.5
4556.5
14238.5
13047.0
1002.5
1034.0
12989.5
4084.0
14235.5
438.5
18812.0
17313.5
927.5
3668.0
1350.5
5918.0
2837.5
68.0
68.0
3275.5
2813.5
68.0
3386.5
1906.0
68.0
68.0
20496.5
68.0
3789.0
27481.5
1016.5
5883.0
68.0
15332.5
1687.0
5919.0
8076.5
0
2720.0
19671.0
2265.0
1128.5
1053.0
19092.0
1581.0
12116.5
5953.0
68.0
20870.0
8127.5
68.0
68.0
15647.5
2729.0
4140.0
68.0
2336.5
17485.0
8372.5
18139.5
68.0
1362.5
1033.5
68.0
4908.5
68.0
4832.5
7754.0
68.0
2041.0
68.0
2824.0
5384.5
68.0
7201.0
4444.0
6794.0
12154.0
10930.5
458.0
2355.5
1036.0
9850.0
1875.0
18019.5
68.0
0
1780.0
2745.0
68.0
10739.0
553.0
15189.5
6217.0
68.0
458.0
983.0
3544.5
3686.5
12863.5
18653.5
4706.5
1280.5
16514.5
1496.5
6666.0
13329.5
5950.5
11674.0
4968.0
0
68.0
4942.5
17404.0
0
2664.5
7649.0
0
2288.0
68.0
5346.5
15772.0
3613.0
3629.0
68.0
9384.5
16457.0
6880.5
68.0
16540.5
4363.5
13451.5
13289.0
4043.0
5031.0
4456.5
0
68.0
10274.5
15156.5
11159.5
21931.0
11347.0
6857.0
68.0
6025.0
612.5
5413.5
0
0
4909.5
15339.5
848.0
458.0
4495.5
1004.5
3595.5
3256.0
5802.5
1373.0
11956.5
68.0
68.0
10287.0
68.0
68.0
22322.5
68.0
7624.0
15670.5
1820.5
4142.0
68.0
68.0
14171.0
17058.5
1436.5
15153.0
68.0
5913.0
24973.5
68.0
8512.0
0
911.5
1334.0
0
1580.0
2789.5
1471.0
14672.5
68.0
1796.5
2479.5
3141.5
68.0
17874.5
4503.5
68.0
68.0
68.0
6008.0
163.0
0
8970.0
551.5
2663.0
13005.5
16018.0
68.0
19156.5
1853.5
1404.0
68.0
5034.5
943.5
4474.5
4159.0
68.0
3153.5
68.0
68.0
4082.5
7733.5
68.0
1297.0
1929.0
12678.0
4552.5
2328.0
2918.5
1593.0
1878.0
7993.0
4462.0
533.5
4604.5
11447.0
68.0
68.0
68.0
2815.5
13872.5
534.5
68.0
1016.5
4478.0
163.0
6384.0
68.0
3963.5
1499.0
10325.5
5523.0
14282.0
10736.0
2249.0
12164.0
17972.5
1112.0
5869.5
4156.5
5260.0
14836.0
0
50.0
1316.5
612.5
12172.0
0
14849.5
20964.5
4568.5
4500.5
19160.0
2075.0
1985.0
5070.0
6451.5
68.0
21403.5
68.0
8039.0
2346.0
8603.5
15369.0
163.0
7164.0
68.0
2838.5
15188.0
9110.0
1331.0
926.5
68.0
9403.5
17895.0
7581.5
11547.0
23803.5
68.0
9915.5
3175.0
68.0
0
4565.5
5028.5
3567.0
68.0
2748.0
7250.5
68.0
5490.0
10949.0
2823.0
2901.5
3879.0
7651.0
68.0
4991.0
20208.0
3979.5
68.0
13391.0
2156.5
11447.5
15512.5
13429.0
1019.0
68.0
1876.0
9497.5
68.0
1389.5
68.0
926.5
68.0
11153.5
68.0
6772.0
68.0
14885.0
11968.5
1334.0
0
68.0
2509.0
68.0
543.5
3251.0
15500.5
13030.5
5832.0
1020.0
2661.5
7745.5
2447.5
5438.0
68.0
68.0
68.0
460.5
6221.0
8108.0
6756.0
1036.0
1019.0
68.0
4613.0
2835.0
163.0
1882.0
4456.0
68.0
6824.0
68.0
458.0
0
6594.5
10029.0
1106.5
68.0
7215.0
9915.5
540.0
6875.0
2531.5
68.0
68.0
12637.5
5043.5
2857.0
11226.5
3192.5
909.5
2660.0
0
68.0
63.0
68.0
68.0
68.0
2769.0
438.5
1036.0
6439.0
4144.5
68.0
3571.5
5824.0
7115.0
3610.0
10411.5
10864.0
0
1518.5
1875.5
68.0
458.0
6831.0
68.0
3740.5
1128.5
9506.0
1016.5
6297.5
4504.5
9056.5
5053.5
8500.5
1148.0
68.0
9016.0
3230.0
22933.5
68.0
1505.5
1858.5
6288.5
1036.0
68.0
3182.5
6002.0
20245.0
12146.0
19560.5
21357.0
5896.5
4561.5
4135.0
8051.0
633.5
7661.0
10763.0
15146.5
2826.5
7584.5
926.5
68.0
14335.0
0
9447.5
5418.0
2094.5
7742.5
1560.5
7153.0
65.0
454.0
68.0
5841.0
4055.5
4097.5
9358.5
9348.0
68.0
60.5
68.0
11570.0
68.0
7985.0
1597.0
18601.5
66.5
2672.0
20004.5
9734.0
14426.0
5583.0
927.0
18878.0
7680.5
9811.5
21587.0
1333.5
3104.0
2726.0
68.0
629.5
68.0
7682.0
68.0
3701.5
18248.5
13323.0
2374.5
4557.0
3676.5
4633.0
3117.5
2245.5
12508.0
2827.5
1017.5
2741.0
16053.0
419.5
5229.5
1016.5
1019.0
68.0
11132.0
9813.5
5408.5
3177.5
9496.5
16170.5
6915.5
16474.0
1894.5
646.0
68.0
68.0
7722.0
16834.0
16414.0
26808.5
831.0
2207.5
9878.5
1520.5
2350.5
1036.0
68.0
2736.5
0
68.0
2753.5
7129.0
68.0
10389.0
3123.5
9876.0
6785.0
961.0
1003.5
1836.0
11205.0
18191.0
18268.5
10928.5
8877.0
18707.0
663.0
4410.0
7701.0
4819.0
12069.0
9626.0
68.0
19693.0
2299.0
8082.0
15563.5
68.0
18817.0
68.0
14779.0
0
68.0
926.5
1499.0
524.0
1016.5
14380.0
1331.5
1090.0
15659.0
4684.5
6540.0
68.0
8473.0
10340.0
68.0
68.0
11146.0
68.0
3182.5
68.0
7223.0
1128.5
4011.0
68.0
68.0
68.0
68.0
14606.5
68.0
6341.0
68.0
5377.0
3435.5
6698.5
68.0
68.0
68.0
15110.0
3607.0
4611.0
6356.5
7592.5
1854.5
20630.5
10107.5
2743.0
10499.0
68.0
5418.5
629.5
0
2658.0
0
0
68.0
4907.0
1049.5
7292.0
0
5428.5
0
7548.5
5882.5
12572.5
4918.0
8945.5
1000.0
2692.0
3062.0
1423.5
2826.0
68.0
16637.5
6719.5
11033.0
4564.5
1488.0
0
3613.5
7154.5
68.0
11338.0
2305.0
22264.5
13373.0
7632.0
8610.5
68.0
21367.0
0
7454.5
11325.0
4034.0
8931.5
1496.5
537.5
25938.0
3732.5
1333.5
24514.0
3694.5
68.0
1972.0
909.5
2049.0
5939.0
68.0
521.0
11247.0
8898.0
21460.0
8620.0
4038.5
3772.0
68.0
68.0
4413.5
1516.0
0
3580.0
8549.0
629.0
11062.5
68.0
68.0
13543.5
663.0
1970.5
68.0
5862.0
6513.0
7272.5
6330.5
68.0
1019.0
16877.0
4513.5
1036.0
68.0
4577.5
4633.0
978.0
4591.0
4295.5
2785.0
68.0
68.0
68.0
68.0

2818.5
0
68.0
3284.0
68.0
0
1627.5
926.5
1563.5
2683.5
2573.0
1406.5
6162.5
6337.0
1053.0
11731.0
9141.5
0
1051.0
68.0
8189.0
0
8567.0
3225.0
2804.5
0
4579.5
10379.5
5871.5
54.0
961.0
896.0
1019.0
68.0
10290.5
3671.5
14779.0
12571.0
5896.0
6085.5
4476.0
458.0
0
6332.0
4148.5
2708.5
1951.0
2439.0
6672.0
7639.0
10242.5
12016.5
2381.0
7609.0
10283.0
1053.0
828.5
68.0
68.0
9357.5
12949.0
11091.5
7450.0
17379.0
3794.5
543.5
1997.5
68.0
5760.0
15582.0
22884.0
5434.5
8936.5
12061.0
3155.5
7630.5
17892.5
2933.0
17401.0
24694.0
1033.5
5931.5
1745.5
1779.5
7869.5
9882.0
1426.5
13764.0
68.0
68.0
68.0
14557.5
5531.0
4599.5
1413.0
11180.0
14827.5
50.0
68.0
3256.5
4558.0
4137.5
3125.0
68.0
68.0
68.0
11932.0
1349.0
4553.5
24958.0
3879.5
11433.0
6362.5
5442.5
8505.0
12399.0
5906.5
5482.0
4580.5
18781.0
9786.0
18686.5
3248.5
68.0
2700.5
1579.0
68.0
7085.5
9156.0
68.0
1109.5
1007.0
17177.5
2671.0
68.0
1892.0
893.0
6353.0
4541.5
2758.5
2447.5
9902.5
1971.5
68.0
939.0
646.0
68.0
537.5
68.0
6258.0
68.0
68.0
68.0
68.0
1951.0
6222.5
5243.5
4439.5
926.5
12231.0
7238.5
68.0
18756.5
3433.0
68.0
4029.5
5549.5
14793.0
5345.0
16108.5
944.5
1612.5
926.5
5918.0
3139.0
0
68.0
8141.5
4087.5
9307.5
4001.0
0
4094.0
17439.0
5566.0
0
10506.5
458.0
9505.5

15363.5
5860.5
1430.5
68.0
2838.5
3638.5
2657.0
5530.0
6373.5
7872.5
1578.0
4876.5
68.0
1370.5
3202.0
460.5
68.0
8087.0
15171.0
68.0
4022.5
1704.0
1597.5
68.0
12093.5
1909.5
3118.5
961.0
629.0
1333.5
7701.0
10918.5
8438.0
2338.0
4591.0
20966.0
68.0
11509.0
515.0
9521.5
6243.0
26315.0
8416.5
6217.0
68.0
68.0
2659.0
15783.5
12594.5
3240.5
1115.5
18848.0
68.0
524.0
1480.0
11227.0
11963.0
21011.5
6763.5
68.0
68.0
4577.5
551.5
68.0
4051.5
926.5
14710.5
1816.0
68.0
21357.5
21910.5
1984.5
943.5
1034.0
12577.0
6384.5
5150.5
163.0
438.5
68.0
3199.5
2702.5
11622.0
1019.0
6788.0
458.0
8943.5
1875.5
8076.5
2725.5
10413.5
7033.5
21905.0
10695.0
3565.0
4574.0
10897.5
3280.0
2083.0
738.5
15609.5
21070.5
5874.5
5822.0
2469.5
7679.5
1580.5
5380.0
0
736.0
7135.0
17800.5
551.5
4940.5
7223.5
9476.5
1488.0
12430.5
68.0
16499.5
8625.0
10250.5
15039.0
11823.0
68.0
1472.5
68.0
15162.0
8326.0
14744.5
4125.5
551.5
18377.5
0
68.0
68.0
14826.5
20020.0
9996.5
6746.5
2725.5
68.0
68.0
12603.0
6381.5
0
1814.0
14872.5
68.0
11881.0
553.0
8171.0
68.0
68.0
3101.5
8524.5
68.0
4084.5
0
1109.0
6694.5
3720.0
7657.0
2268.0
68.0
11594.5
68.0
10705.5
153.5
7216.0
24044.5
5836.5
10227.5
12184.0
8894.0
68.0
4959.5
3500.5
5538.5
68.0
20906.5
8131.5
12054.5
2328.5
68.0
1033.5
7234.0
6927.0
6325.0
3683.5
4959.0
612.5
17361.0
1870.0
1019.0
68.0
999.5
153.5
11132.5
68.0
7518.5
14872.0
6049.5
6259.0
8026.0
5907.0
1016.5
20389.5
13558.5
1406.5
9834.5
9004.5
13480.0
2409.0
5197.0
68.0
68.0
1353.0
17900.5
11045.0
68.0
68.0
4143.0
4162.5
68.0
28445.5
68.0
68.0
3235.5
4681.0
1785.0
1428.5
1877.5
2248.5
458.0
68.0
68.0
68.0
1522.5
2896.5
10291.5
1505.5
1846.0
6446.5
6328.0
4982.0
7623.5
6253.0
23642.0
68.0
9493.0
68.0
8515.5
9031.5
5144.5
1806.5
14383.0
1948.5
1134.0
68.0
173.0
68.0
8678.0
68.0
3980.0
68.0
1019.5
21399.5
5142.0
5872.5
12040.5
629.0
2738.0
7114.5
68.0
5508.0
0
68.0
4890.0
6501.0
6393.5
614.0
10064.0
11942.0
3133.0
8695.5
5066.5
755.5
68.0
9835.0
248.5
68.0
173.0
4249.0
10895.0
999.5
18244.5
68.0
9390.0
5014.5
6475.0
8965.0
9882.5
13411.5
163.0
19729.0
2820.5
629.0
2328.0
10266.5
9470.0
4461.0
14219.5
68.0
3569.5
11444.0
68.0
60.5
11635.5
15674.5
5833.0
0
11926.0
1768.5
6405.0
26820.5
0
13474.0
13401.0
0
4696.5
16285.0
8408.5
9463.5
4455.5
2338.5
4887.0
12630.5
537.5
12464.5
68.0
7494.0
11770.0
17765.5
10000.5
1496.5
9346.0
3301.5
68.0
1413.0
6786.0
68.0
0
24141.0
944.5
4069.0
68.0
0
1126.0
18712.5
0
8889.5
68.0
68.0
2661.0
4079.0
163.0
0
0
68.0
3323.0
3857.0
10244.5
16582.0
4511.0
0
8593.5
5523.0
19078.0
12015.5
5945.5
0
10238.5
10213.5
0
68.0
3223.5
3959.5
6806.5
7700.5
5502.0
11722.5
458.0
1053.5
5093.5
68.0
8136.5
10869.5
10389.0
6167.0
68.0
8100.0
8162.0
1389.5
68.0
3028.5
12048.0
10783.0
7579.5
6651.5
8153.0
68.0
1109.0
68.0
1423.5
1492.0
68.0
5993.5
1548.0
68.0
852.0
4142.5
1087.5
2813.0
68.0
1431.5
0
68.0
2757.5
3143.5
0
.0
16966.0
6884.5
5962.0
4916.5
7244.5
68.0
14726.0
8610.0
2207.0
0
68.0
6324.0
8134.0
7612.5
6784.5
7236.0
3205.0
9072.5
5433.5
13488.0
1631.0
4612.5
2919.5
68.0
24113.5
12103.0
68.0
629.0
0
7263.5
4886.0
4941.5
68.0
4489.0
68.0
7292.0
150.0
68.0
4882.0
1224.0
2807.5
10322.5
68.0
3017.0
3609.5
68.0
1016.5
4198.5
153.5
3144.0
6943.0
6334.0
68.0
943.5
4482.5
3721.5
7211.5
5883.5
153.5
2655.5
1785.0
438.5
11597.0
2671.5
23609.0
2861.5
9876.0
3993.5
1029.0
3863.5
24157.0
22701.0
10570.5
2563.0
16725.0
68.0
1051.0
13809.5
3332.0
4078.5
1590.0
1389.5
68.0
427.0
8063.0
0
68.0
5189.5
4184.5
12600.0
16376.5
7162.5
68.0
20017.5
8111.5
68.0
6762.0
7314.0
8183.5
3121.5

6251.0
2837.5
4540.0
7356.5
1886.5
16265.5
2672.0
18704.0
68.0
19198.0
4038.0
4264.0
4519.5
3679.5
4619.0
6863.0
6389.0
68.0
5416.5
438.5
3719.5
68.0
6863.5
1856.0
1651.5
2695.5
5338.5
68.0
3268.0
68.0
68.0
7186.0
15224.0
943.5
537.5
14340.0
11627.5
68.0
68.0
4998.0
11205.5
5621.5
11373.0
17476.5
1687.0
10322.5
9503.0
0
12127.0
4950.0
16449.0
0
3363.5
12723.0
2545.5
7170.5
4438.5
5099.5
68.0
68.0
3609.0
2714.5
4169.5
68.0
68.0
5018.0
40.5
14815.0
17970.5
3716.0
9506.0
11252.0
1106.5
0
4460.0
68.0
68.0
18367.0
12146.0
1819.0
2415.5
6880.5
6359.5
2350.5
9464.5
4178.0
68.0
913.0
458.0
10416.5
11198.0
6374.5
10514.5
4260.5
68.0
24477.5
9551.0
1019.5
2338.5
6342.0
16126.5
17970.0
6016.0
6826.0
1965.0
10286.5
5555.5
3161.0
68.0
4154.5
2460.0
21447.0
6624.5
6838.0
13124.5
10295.0
9130.5
4457.5
68.0
16544.0
68.0
3710.5
4026.5
1816.0
10587.0
68.0
6336.0
3587.0
68.0
1929.0
14330.5
5593.0
11237.5
438.5
8502.0
68.0
5785.0
26755.5
9962.5
6254.0
4228.0
13389.0
1051.0
4168.5
68.0
68.0
18655.5
1404.0
68.0
11667.0
13901.5
1882.0
68.0
12303.5
417.5
6366.0
961.0
1910.5
7341.5
6750.0
5855.5

15315.5
11627.0
11648.0
10239.0
1878.0
9592.5
8572.0
4008.5
16926.5
6292.0
629.0
1032.0
1594.5
68.0
8510.0
68.0
68.0
4931.0
13979.5
1051.0
17044.5
20109.5
12152.0
6819.0
4522.5
15655.0
8482.0
2797.0
7673.0
12910.5
6123.0
5796.5
12537.0
68.0
2402.0
1016.5
2353.0
4927.0
4167.0
4055.5
21205.0
4052.0
4744.0
9922.0
1892.5
8246.5
1036.0
4286.0
1033.5
68.0
5600.0
68.0
8980.5
2771.5
11718.5
8101.5
9846.5
12547.0
163.0
22509.5
14296.0
21043.0
10790.0
629.5
10019.5
6714.5
9468.5
2802.5
2282.0
17962.5
68.0
5929.5
16127.0
10437.5
1089.5
16604.5
4469.5
14396.0
4199.5
14393.0
926.5
68.0
6316.0
724.5
60.5
2840.5
1928.5
10794.5
6776.0
8209.0
5685.5
5823.5
5072.0
5752.0
17922.5
5052.0
5432.0
1895.0
7654.5
153.5
21453.0
3655.0
7107.5
4738.5
9364.5
68.0
19730.0
68.0
8890.5
68.0
12121.5
4460.5
1016.5
1909.5
1016.5
438.5
68.0
12362.0
20097.0
16050.5
1504.5
14830.0
10648.5
1769.5
3624.5
3660.0
5043.5
18685.0
68.0
68.0
9907.5
1033.5
68.0
68.0
68.0
68.0
3237.0
2375.5
2652.5
2306.0
24069.0
8425.5
8948.0
2480.0
68.0
13863.0
458.0
5075.5
3180.0
17415.5
2321.5
910.0
68.0
3250.5
17936.0
68.0
23220.5
2820.5
68.0
9958.0
6693.5
68.0
12543.5
6466.0
5449.0
2338.0
68.0
8016.0
8125.5
2711.5
4535.0
7106.5
68.0
2290.0
551.5
1019.0
5798.0
23195.5
4914.0
4974.0
2246.5
68.0
13918.5
9456.5
6295.5
173.0
68.0
1803.0
4576.5
68.0
4098.0
7708.0
7205.0
4187.0
2282.0
4557.0
68.0
19666.0
19575.5
23120.5
6768.0
3248.5
7669.0
944.0
5444.0
8854.5
68.0
10194.5
1884.5
11248.0
1768.0
7591.5
19111.0
4137.5
1982.5
8883.5
10828.0
7158.5
2806.5
438.5
15260.0
7244.5
9087.5
1777.0
10020.0
4522.5
15861.5
6671.5
68.0
4552.0
17529.5
13407.5
68.0
8042.0
4990.0
4441.5
3704.0
11254.0
5011.0
27240.0
2297.5
4877.0
927.5
3713.5
1861.5
627.5
12201.5
11417.0
4474.5
1331.5
7116.5
68.0
438.5
68.0
8558.0
68.0
4536.5
5230.0
10499.0
8474.0
14352.5
2436.5
926.5
18116.0
5651.5
3141.5
14883.5
16652.0
663.5
6667.0
68.0
12603.5
877.0
68.0
6564.0
13437.0
4586.5
5039.5
12014.0
2882.0
17906.5
20722.0
8603.5
2300.5
2728.5
68.0
5062.5
1000.0
10768.5
10308.0
12129.0
68.0
2954.0
14323.5
9929.0
5539.0
8048.5
6439.5
6277.0
1479.5
20707.0
25850.5
4435.5
14787.0
68.0
16016.0
153.5
68.0
68.0
68.0
12127.0
629.5
1832.0
438.5
629.0
4454.0
68.0
1051.0
1224.0
438.5
3713.0
1387.5
3685.5
5433.5
9952.0
10860.0
3189.0
15340.0
3287.0
1173.5
2053.0
2711.5
12679.0
7731.5
26093.5
2813.5
1128.5
163.0
2736.0
1877.5
68.0
68.0
8187.5
1406.5
6636.5
5376.5
7163.5
2298.0
1019.0
68.0
5528.0
68.0
908.0
68.0
68.0
3730.5
13051.0
68.0
4053.0
10409.5
68.0
2818.0
1000.0
10355.0
21008.5
6328.0
491.0
4887.0
4053.0
1985.5
16567.5
3491.0
8449.5
9768.0
4526.5
438.5
6374.0
4114.5
9039.5
1121.5
13931.0
0
7156.0
1048.5
11056.0
9437.5
1584.5
1862.5
17074.0
9918.5
68.0
6003.0
10783.5
8052.5
23253.0
12499.5
13112.0
8581.0
8150.5
3204.5
3184.5
543.5
1945.5
12512.5
11230.0
17542.5
68.0
68.0
1016.5
4604.0
68.0
3667.5
18443.0
2667.5
28979.0
15947.5
20189.0
2691.5
7251.5
458.0
1595.0
68.0
1721.0
5951.5
2453.0
5823.5
13525.0
3297.5
18061.0
3109.5
4454.0
9454.0
1876.0
68.0
2381.5
68.0
7255.5
7476.5
10782.0
3094.0
68.0
68.0
45.5
1785.0
9339.0
68.0
68.0
57.5
27131.0
5777.0
1912.0
68.0
173.0
13912.5
68.0
11794.5
3099.5
4630.5
68.0
4023.0
24095.5
12761.5
68.0
20622.5
458.0
4577.0
13419.5
927.0
1899.0
4074.0
3279.5
6735.0
1316.5
7658.5
8956.0
4431.5
13927.5
4875.0
1522.0
2821.0
1016.5
13447.5
2285.5
7140.5
68.0
5522.5
6013.0
2841.0
6822.0
68.0
1897.0
1542.0
6271.0
521.0
4948.5
68.0
926.5
12100.5
23573.5
15155.0
68.0
7597.0
1522.0
1299.5
2324.0
2422.0
999.5
8523.0
3542.5
2471.0
9458.0
3675.0
1021.5
68.0
6349.5
2720.0
1565.5
68.0
5823.0
6322.0
4569.0
16094.5
11254.0
14347.5
2779.5
12048.5
1854.0
1892.5
1430.5
4984.5
2305.5
2567.0
3565.5
68.0
8923.5
13811.0
4824.5
3660.5
2765.5
7233.0
3210.5
7672.5
17270.5
3688.5
1283.0
9433.0
10768.5
1000.0
7513.0
12095.5
5412.5
17783.0
2226.5
13941.5
926.5
1968.0
7825.0
68.0
18687.0
5056.0
10903.0
1392.5
4886.0
15323.5
6274.5
21476.5
3714.0
438.5
20155.0
2655.0
2557.0
1487.5
1373.0
1797.5
3216.5
2374.5
8112.5
6725.0
5438.0
1369.0
17542.0
20983.5
2940.0
1053.0
5881.5
68.0
15636.0
4502.5
68.0
12997.0
2714.0
5364.0
19389.5
68.0
68.0
612.5
5550.5
9569.5
22337.5
21926.5
68.0
68.0
14771.5
438.5
11800.5
4196.0
4985.0
11184.5
1487.0
68.0
19247.0
2391.5
68.0
68.0
10358.0
4636.0
14349.5
524.0
2840.5
1389.5
1951.0
68.0
438.5
2801.5
68.0
68.0
68.0
9889.5
4459.5
4568.0
7534.0
7056.5
1911.5
5073.0
8456.0
22281.0
12114.5
68.0
68.0
2748.0
5910.5
3703.0
5455.0
9351.5
1984.5
7118.5
2297.0
1888.5
68.0
68.0
3587.0
9326.5
10738.0
15208.5
68.0
7177.5
68.0
1053.5
458.0
3696.0
13761.0
2753.5
16584.5
5855.5
2837.5
8902.5
6309.0
15852.5
8507.0
5509.5
3572.5
3623.0
23188.5
2357.5
960.5
2738.0
629.0
12036.0
13928.5
19656.0
7279.0
7121.5
14220.5
4557.5
8173.5
8477.0
3174.5
4218.0
3702.5
8585.5
17488.5
5206.0
6494.5
68.0
6727.5
7280.5
4962.5
534.5
10009.5
5834.5
6698.5
1895.0
999.5
68.0
14713.5
1053.0
4067.5
68.0
12184.0
438.5
14768.5
68.0
997.5
2655.0
77.0
13873.0
8885.5
18940.0
11624.0
68.0
2088.0
6675.5
10417.0
8159.5
24492.5
944.5
2697.5
9499.0
10797.5
150.0
7623.0
3326.5
68.0
926.5
5915.0
18247.0
458.0
68.0
2116.5
3161.5
1208.0
7267.0
19574.5
16000.5
5826.0
68.0
458.0
5748.5
4497.5
22649.5
68.0
736.0
1861.0
7552.0
13711.5
7720.0
68.0
6841.5
19583.0
9284.5
68.0
5883.0
17966.0
68.0
68.0
1421.5
68.0
68.0
2302.0
2375.0
1496.5
6740.5
5935.5
6817.0
4963.5
11632.5
10358.0
18231.0
2854.5
5669.5
68.0
438.5
719.0
3197.0
7306.0
9937.0
23226.0
1016.5
2563.0
1841.0
1128.5
3173.0
3307.5
4109.0
68.0
4413.5
16173.0
68.0
5549.0
8445.5
1019.0
1016.5
8450.0
9901.5
67.5
16646.5
68.0
12179.0
68.0
2643.5
21005.5
3713.5
13574.0
68.0
1053.0
9440.0
5006.0
5005.0
16903.0
68.0
2674.5
2338.0
1387.5
3552.0
10739.5
12516.5
68.0
9914.5
68.0
7225.0
1033.5
13970.5
11633.5
944.5
68.0
13061.5
1878.0
68.0
0
5792.5
3291.5
7832.0
8086.5
2077.0
3211.0
7647.5
12536.0
68.0
13051.0
14726.5
8199.0
18388.5
68.0
961.0
163.0
1105.5
68.0
9778.0
3719.5
25917.0
10832.5
11235.0
68.0
1205.5
17869.5
11565.5
2243.5
9407.5
1373.0
8924.5
9945.5
8176.0
68.0
18695.0
68.0
9160.5
0
1779.5
14275.0
1742.5
1019.0
1426.0
0
2837.5
18894.5
1096.0
5357.5
0
11421.5
4231.0
2004.5
3118.5
3216.5
2228.5
68.0
3297.5
6325.0
17785.0
68.0
914.0
6285.0
8028.5
2672.0
16985.0
5861.5
16143.0
2653.5
3665.5
2765.5
14411.5
13872.5
68.0
999.5
5464.0
0
3204.0
68.0
438.5
9438.5
3590.0
6767.5
68.0
68.0
2057.5
7713.5
4997.5
4462.5
3568.5
5451.5
2709.5
1016.5
926.5
1480.0
15122.5
18678.0
2425.5
3991.0
20090.5
0
10254.5
1333.5
3420.0
3224.0
1496.5
7135.5
0
13328.0
1891.0
3624.5
2735.5
1486.0
19653.5
0
1411.0
9457.5
4486.0
68.0
13108.0
8816.0
12185.0
25905.5
17808.0
23692.5
8565.5
68.0
1033.5
7147.5
2779.5
17497.0
68.0
943.5
0
1408.5
2765.5
3142.0
12139.0
5476.0
21832.0
68.0
2282.0
1803.0
1980.0
12992.5
6369.0
2355.0
26727.5
15576.5
7337.0
68.0
11172.5
4497.5
6662.5
68.0
5095.5
1406.5
68.0
5413.5
4499.0
68.0
25545.5
11191.5
633.5
2315.0
1109.0
68.0
521.0
5349.5
0
8159.0
68.0
1777.0
68.0
14372.0
68.0
68.0
68.0
1019.5
9852.5
68.0
16088.5
18370.5
6757.0
3195.0
1475.0
4592.5
9037.0
2301.5
20199.5
8969.5
11227.0
4576.5
24207.5
6677.0
0
458.0
68.0
4948.0
13912.0
68.0
21145.0
6315.0
68.0
68.0
2391.5
894.0
68.0
1370.5
736.0
68.0
2758.5
68.0
68.0
8853.0
68.0
16437.0
14914.5
2386.5
4489.0
68.0
5051.0
3635.5
4462.0
646.0
68.0
21619.0
5499.5
3773.0
1241.0
2833.0
5497.5
3342.5
16343.5
2702.5
14338.5
911.0
7109.5
2272.5
68.0
1036.0
68.0
13837.5
5810.0
2883.0
1875.5
1518.0
5424.0
1504.5
68.0
21771.5
163.0
1914.0
16165.0
5852.0
18269.5
68.0
3161.0
8120.0
1723.5
2224.5
3703.0
4974.5
6437.0
3692.0
24967.0
6314.0
5341.5
1019.5
7554.0
5439.0
6426.0
9785.0
5401.5
26424.5
4436.5
4152.0
22362.5
68.0
13917.0
1911.5
10385.5
12520.5
11111.5
4479.0
68.0
6354.5
5916.5
68.0
68.0
12044.5
23300.5
961.0
893.0
19165.0
16496.5
11207.0
68.0
551.5
3797.0
9775.5
9426.0
5936.0
68.0
2834.5
12901.0
22761.0
14724.0
438.5
68.0
16697.5
9184.5
8026.5
1129.5
2316.5
3132.5
12570.0
68.0
11897.5
6216.5
5326.5
2913.5
16379.0
1777.0
14482.0
1819.0
22789.5
68.0
0
9970.0
1331.5
68.0
0
8113.0
63.0
11898.5
25388.0
1000.0
26210.0
5428.0
1796.5
4180.5
68.0
3750.0
6677.5
8415.5
9904.0
2855.0
8005.5
6992.0
6754.0
4014.5
68.0
14281.0
568.5
68.0
3158.0
3657.5
68.0
5824.5
9331.5
1124.5
68.0
5962.0
6896.5
68.0
68.0
4999.5
3656.0
15684.0
14635.5
3186.0
5047.5
153.5
20543.0
7661.5
68.0
11515.0
68.0
68.0
9439.0
68.0
68.0
2066.0
3665.5
10060.5
7992.5
163.0
15207.0
10158.5
68.0
2229.0
1782.5
8153.0
12670.5
11614.5
68.0
0
1033.5
2265.0
6415.5
909.5
3680.5
1336.0
1428.5
2372.0
68.0
11235.0
0
1801.0
348.5
2340.5
2057.5
17487.0
10852.0
24491.0
8910.5
13032.0
17614.5
1911.5
9481.0
14256.0
8991.0
4024.0
68.0
68.0
8987.5
7561.0
68.0
8282.5
9093.5
3141.0
3530.5
7290.0
68.0
68.0
3715.5
1505.0
5965.5
14800.5
6770.0
68.0
2445.0
13409.5
9432.0
14217.5
68.0
9876.0
13421.5
68.0
5425.5
24614.5
68.0
12064.5
4143.5
8966.5
6259.5
7270.5
68.0
10205.0
68.0
4657.0
438.5
2719.5
5019.5
10224.5
68.0
458.0
17345.5
11628.5
4476.5
3110.0
4539.5
68.0
68.0
2811.0
12118.0
2157.0
1597.0
68.0
4981.5
4541.5
26407.0
10806.0
1929.0
944.0
68.0
925.0
6027.5
12582.5
7304.5
633.5
1436.5
1443.0
15692.5
6309.5
612.5
9852.5
6552.5
18855.5
68.0
5
68.0
2372.0
68.0
68.0
68.0
3668.5
612.5
5403.0
0
4654.0
9945.5
68.0
12572.5
348.5
15269.5
68.0
3178.5
14437.5
68.0
629.0
5043.0
68.0
11714.5
25782.5
7668.0
0
0
1675.5
2692.0
0
438.5
68.0
16578.0
68.0
23769.0
68.0
1875.0
3693.5
16697.5
4875.5
5503.5
4912.5
2365.0
4482.5
1639.0
1348.5
8392.0
14899.5
3676.0
646.0
2060.0
3797.0
68.0
1695.0
3289.5
5041.0
7595.0
5039.5
7614.5
7729.0
9409.5
6206.0
1863.0
14899.0
68.0
0
4050.0
5894.0
2067.5
5038.0
68.0
5553.0
2729.5
6792.0
438.5
68.0
4470.5
68.0
68.0
68.0
68.0
458.0
8.0
68.0
68.0
1819.5
11555.5
68.0
15380.5
1709.0
2263.5
3208.0
2231.5
1909.5
8528.0
4032.5
0
10925.5
24083.5
8163.5
8515.0
5809.5
2324.0
0
17396.0
68.0
5804.5
0
5640.5
10327.5
438.5
9014.5
3105.0
2876.5
4123.5
3106.5
68.0
2353.0
2635.5
8059.0
68.0
16866.5
629.0
9394.0
22407.5
3602.0
8598.5
612.5
68.0
23294.0
4037.0
1406.5
2451.5
1407.0
68.0
68.0
68.0
5395.0
11944.5
13896.5
5428.5
6028.5
68.0
1813.5
5877.0
10325.0
4121.5
4166.5
910.0
2824.0
1089.5
12555.5
944.0
1744.0
1426.0
68.0
16687.5
5991.0
8613.0
2843.5
68.0
68.0
7193.5
16004.5
11480.5
68.0
8928.0
893.0
5026.0
68.0
2241.0
24491.0
3999.5
1785.5
2711.0
8451.0
2266.0
4623.0
348.5
16543.0
8508.0
68.0
8971.5
5521.0
13461.5
11718.5
633.5
2358.0
68.0
3197.5
2374.5
1778.0
8632.5
6938.5
9428.0
68.0
68.0
68.0
15541.5
7534.5
2338.5
14347.5
5665.5
10117.5
57.5
68.0
11756.0
4992.0
4607.5
3217.0
7400.0
2353.5
4454.0
4043.0
20912.0
14872.0
3271.5
1414.0
943.5
5888.5
6078.5
1911.5
8577.0
6248.0
7625.5
68.0
6352.0
0
5934.5
13871.5
68.0
0
9867.5
4147.0
7115.5
67.5
2827.0
15654.5
68.0
4036.0
6509.0
12198.5
11717.0
68.0
24499.0
4470.0
8489.0
68.0
23677.5
7652.0
9372.0
1097.5
4553.0
7637.0
4184.0
68.0
24860.0
4185.5
2267.5
8483.5
3694.0
15123.5
68.0
68.0
1504.5
7808.0
68.0
12103.0
6846.0
3213.5
68.0
4661.5
524.0
1978.0
68.0
14660.5
12940.0
4991.5
68.0
4961.5
17739.0
7247.0
1796.5
1126.0
68.0
4145.5
9813.0
10661.0
8571.5
5504.0
4572.0
4138.5
3230.5
8916.0
68.0
15722.0
3628.0
6743.5
18866.0
2743.5
5852.0
1890.5
4560.0
68.0
9509.5
68.0
6350.5
11210.0
3194.5
533.5
6384.0
1487.5
1041.5
614.0
3706.0
12131.5
1520.0
10342.0
68.0
3295.0
5866.0
68.0
6246.5
537.5
23174.5
68.0
7332.5
999.5
68.0
10201.0
2771.0
999.5
68.0
68.0
4086.5
1222.0
9557.5
6744.5
11674.0
1033.5
68.0
3686.0
3696.0
2362.0
11746.0
18792.0
15681.0
3205.5
6682.0
1929.5
17018.0
438.5
13958.5
1109.0
68.0
25074.5
5799.0
9062.0
612.5
1803.0
1333.5
68.0
5116.5
3101.5
663.0

543.5
2770.5
454.0
14233.5
2726.0
999.5
1019.5
1984.5
8056.0
6702.5
438.5
18812.5
9048.5
68.0
2018.5
17618.0
17019.0
12869.5
8779.5
68.0
1929.0
1861.0
6378.0
2795.5
22893.0
9107.5
163.0
551.5
3755.5
16520.0
68.0
68.0
17798.0
68.0
6948.5
9441.5
68.0
68.0
17296.0
13912.0
7709.0
5255.5
1875.0
5782.0
3827.0
2412.0
11697.5
2339.0
6217.0
1036.0
0
12643.5
438.5
68.0
68.0
6753.0
2887.0
68.0
77.0
2094.0
9225.0
3601.0
21405.0
10300.0
8536.0
5328.5
7242.5
438.5
9027.0
7554.0
1053.0
3209.0
6364.5
4888.0
13322.0
9574.0
909.5
6016.0
68.0
1146.5
738.5
11161.5
153.5
3152.5
20466.5
1631.0
17769.5
68.0
68.0
8550.5
68.0
16925.0
13417.5
68.0
11162.5
5478.5
19222.5
68.0
11536.5
8922.5
8248.0
537.5
20134.0
1019.0
68.0
6174.0
25361.5
68.0
68.0
6704.5
68.0
5785.0
4188.0
10750.5
68.0
3587.0
11545.0
9557.5
7263.0
1497.0
8853.5
11697.5
4506.0
18266.0
3713.5
612.5
9955.0
3763.5
13355.0
3316.0
68.0
68.0
13350.0
3142.0
11152.0
18675.0
27561.5
68.0
15130.0
7328.0
5418.0
4513.5
8568.5
10003.5
26392.5
3233.0
348.5
11227.0
8.0
1036.0
2058.5
19694.5
68.0
438.5
4469.5
458.0
10211.0
68.0
2862.5
13850.0
9152.5
25439.5
7722.5
68.0
10319.0
9007.0
2762.5
1089.5
2357.5
438.5
5930.5
12218.0
8654.5
458.0
537.5
7657.0
1899.0
68.0
68.0
2784.0
1769.0
5444.5
5440.0
16618.5
458.0
5010.0
0
13405.0
1106.5
11709.0
5415.5
68.0
12602.0
3594.5
1785.0
6707.5
11183.0
9058.5
1952.0
68.0
68.0
647.0
6999.0
26238.5
8093.5
4711.5
68.0
7203.5
12124.0
7657.0
68.0
68.0
16044.5
1016.5
0
1016.5
5829.5
23668.0
1423.5
1594.5
1019.5
14701.5
9868.5
3686.0
19251.0
15198.0
6018.5
1853.5
4145.5
9015.0
1879.5
8612.5
11232.5
1504.5
5942.5
16109.0
926.5
68.0
9923.5
2357.5
6547.0
68.0
646.0
68.0
755.5
1019.5
68.0
3685.0
646.0
10467.5
9478.0
3143.0
68.0
926.5
10749.0
1889.0
6111.0
8549.0
11222.0
5443.5
4011.0
3628.5
68.0
2212.0
543.5
9409.0
6492.0
16639.0
1014.5
6222.5
1552.0
68.0
0
4552.5
4499.0
68.0
16031.5
68.0
10709.0
68.0
6394.0
2714.5
3291.5
1034.0
12578.0
4552.0
1036.0
8673.0
3264.5
910.0
2948.0
1911.5
25013.5
10356.5
12959.5
1861.5
926.5
68.0
22444.5
7160.5
10829.5
11199.5
7589.0
3811.5
5491.0
68.0
3212.0
27443.5
10374.0
68.0
8504.0
632.5
3023.5
10025.5
8984.5
13944.5
3547.5
5934.0
13445.0
19210.0
3206.0
68.0
68.0
68.0
68.0
10830.0
8091.0
68.0
551.5
68.0
3684.0
13484.0
629.5
68.0
937.5
8026.0
68.0
6677.5
68.0
12954.0
68.0
1102.0
6749.5
9798.0
15797.5
5015.0
3907.0
5858.0
68.0
68.0
68.0
12455.0
15032.5
4157.0
68.0
2809.0
5506.5
16495.5
646.0
68.0
14434.5
4584.0
2842.5
10317.5
4596.5
16008.5
22324.5
438.5
9400.5
10886.5
17910.0
10281.5
68.0
22345.0
921.5
6454.0
10706.5
13043.5
5500.0
68.0
3685.5
2823.5
2694.5
458.0
6832.0
3665.5
68.0
68.0
68.0
5380.0
3574.5
24953.0
68.0
68.0
7618.5
67.5
9506.5
3999.5
9478.5
1911.5
5011.5
8465.5
68.0
68.0
9792.5
1331.5
2374.5
9311.0
9792.5
17773.0
1426.0
68.0
5597.5
68.0
4548.5
8582.5
6668.5
68.0
5339.5
3567.0
18750.0
0
14252.5
0
12512.5
8907.5
5511.0
5521.0
1016.5
1019.0
20237.0
458.0
0
6669.0
68.0
4091.5
2745.0
4522.5
8924.0
68.0
5387.5
5364.5
4592.5
7121.5
4544.0
68.0
68.0
6521.0
3342.5
12891.5
4163.0
646.0
12868.5
6007.0
1982.5
6683.0
15261.0
8940.5
5815.0
3121.0
7996.0
1406.5
68.0
1852.5
17011.0
68.0
4108.5
4154.0
4945.0
15694.0
15674.5
2835.0
1404.0
5035.5
10488.5
1556.0
12115.0
11683.5
6247.0
21407.0
1526.0
1914.0
68.0
8449.5
3411.0
926.5
13473.5
4580.5
57.5
17861.5
14450.0
1036.0
11670.5
68.0
68.0
0
19092.0
7991.5
1430.0
7276.5
11864.5
5540.0
68.0
1005.0
1467.0
9105.0
2771.5
1594.5
1392.5
4185.0
11165.0
2354.0
13431.5
68.0
9835.5
3685.0
3537.5
10047.0
68.0
1909.0
7702.0
7735.5
2815.0
4140.5
5922.0
68.0
20991.5
11332.5
16626.5
14586.0
22338.0
14682.0
5909.0
8088.0
4594.5
21798.5
19245.0
163.0
3284.0
629.5
4482.5
14835.0
0
3231.0
9665.5
11622.0
1861.0
12270.5
2878.0
1694.0
1861.0
14937.5
68.0
5032.0
5804.0
10377.0
4577.5
20487.5
18367.5
18402.0
0
2380.0
3603.5
3101.5
12077.5
551.5
17381.0
68.0
3985.5
7641.0
0
10780.5
7685.0
68.0
60.5
0
14303.5
68.0
2098.0
11248.0
14350.5
11589.0
5672.0
68.0
68.0
3829.0
978.0
4137.0
6826.5
1874.5
4639.0
6464.5
12556.0
68.0
20473.5
4206.0
68.0
68.0
3194.0
68.0
8.0
8047.5
3738.0
11138.5
68.0
12582.0
8904.5
9972.5
612.5
6701.0
7300.0
2248.0
23332.0
3512.5
68.0
68.0
1875.5
19316.5
8.0
1016.5
2692.0
5112.5
0
14223.5
68.0
68.0
68.0
524.0
12542.0
68.0
6680.0
28423.0
3252.5
5919.5
7291.0
2374.5
24832.5
4482.0
1019.0
1016.5
0
646.0
68.0
10641.0
68.0
12305.5
0
7574.5
11635.5
1777.0
5713.0
68.0
4242.0
0
8579.0
1802.0
22765.5
24160.0
3175.5
1033.5
5032.0
13491.5
5983.5
23662.5
5929.0
1817.5
4837.0
1819.5
3685.0
0
13268.5
13351.0
8194.0
68.0
8474.0
9380.0
1950.5
627.5
68.0
68.0
1950.5
13523.5
68.0
1504.5
9861.5
12535.5
1406.5
2751.0
6802.0
1987.5
10671.5
2415.5
68.0
8125.0
4440.0
68.0
4001.5
10809.5
4679.5
4051.5
15156.5
1016.5
68.0
4070.0
6806.5
2970.0
68.0
2063.0
13800.5
8559.0
7691.0
10802.5
12618.5
1409.0
68.0
8506.0
5167.0
4885.5
68.0
68.0
20891.0
6012.0
21032.5
16037.0
4869.5
68.0
3231.0
2002.5
438.5
8641.0
1875.0
3693.5
3604.5
68.0
4438.5
12173.0
21965.0
12501.5
10439.5
1875.5
68.0
68.0
16148.0
6652.0
13482.5
6062.5
22061.0
2268.0
68.0
68.0
487.5
5001.0
11650.0
68.0
4087.5
6496.5
10751.0
68.0
629.0
24064.5
4072.0
173.0
7743.5
3284.0
1912.0
2745.0
2360.5
16913.5
8056.0
1853.5
16148.0
9673.0
68.0
68.0
2711.5
5303.5
68.0
5015.0
68.0
163.0
537.5
4480.0
7146.5
537.5
10252.0
4089.5
13841.0
2672.5
1370.5
543.5
68.0
1347.0
1411.5
5419.0
68.0
11603.5
6219.0
14513.0
5639.0
1909.0
68.0
537.5
10727.0
10266.5
14670.5
21540.5
4139.5
16875.5
68.0
8152.0
438.5
68.0
4088.0
20141.5
7128.5
68.0
10229.0
2807.5
10827.5
68.0
2875.0
3323.5
68.0
4187.0
4973.5
68.0
21836.5
2391.5
1112.5
68.0
27579.5
68.0
8.0
1115.5
0
6366.5
7203.5
0
4182.0
68.0
7609.0
1406.5
1199.0
9490.5
12047.5
68.0
7264.0
13838.5
543.5
2781.5
271.0
7023.5
3685.0
8459.0
8487.5
612.5
438.5
7238.0
9091.5
68.0
3928.5
68.0
5495.5
3615.0
534.5
68.0
10542.5
5922.5
3624.0
8247.0
21925.5
4101.0
15185.0
3227.5
5529.5
1984.5
27526.5
4436.0
1841.5
7740.0
4163.5
16604.0
13302.5
1331.5
3668.5
3974.5
5899.5
10826.5
68.0

9367.0
16450.0
4715.0
3730.0
1911.5
3799.0
68.0
9910.5
7143.5
3674.0
4072.0
23273.0
4091.5
5957.5
68.0
5796.0
68.0
3435.5
3645.5
68.0
3208.5
11643.0
68.0
9633.5
13748.0
909.5
926.5
68.0
3562.5
4502.5
5198.5
2526.5
68.0
68.0
1002.5
3141.0
23677.5
5009.0
3077.5
3583.5
8592.0
0
68.0
12465.0
2734.5
6694.5
68.0
12466.0
68.0
2672.5
10761.0
15730.0
7357.0
10217.5
3124.0
21450.0
0
68.0
11487.5
68.0
10118.5
68.0
1331.0
5763.5
7095.0
6401.0
19577.0
5888.5
8667.5
13987.0
20494.0
3254.5
6581.0
1618.5
2374.5
16464.5
5433.0
1423.5
68.0
9021.0
6329.0
11284.5
4586.5
5475.5
1853.0
68.0
1033.5
9360.5
3358.5
5896.0
16081.0
8162.0
1424.0
27069.5
2554.5
3250.0
1984.5
1143.5
9056.5
612.5
2931.5
8080.5
8549.0
3615.0
4937.0
3124.0
23597.0
14859.5
3651.5
24503.5
612.5
68.0
1589.0
2767.5
13457.5
2371.5
68.0
12105.5
16555.5
1406.5
18863.0
68.0
646.0
7188.0
926.5
16116.0
11193.0
13396.0
2312.0
26831.5
11565.0
1370.0
1875.0
12052.5
68.0
20281.5
2766.5
1409.0
10365.5
6261.0
2395.5
11474.5
17025.5
8507.5
4661.5
8650.5
4547.0
68.0
4112.0
554.5
68.0
5480.0
1012.0
68.0
10762.5
21294.0
0
458.0
5761.0
1757.5
6808.0
68.0
4095.0
5240.5
0
6797.5
1036.0
15393.0
8162.0
5430.0
13006.0
5906.5
1016.5
68.0
1631.0
1423.5
68.0
2810.0
2728.0
68.0
3606.5
8.0
13523.5
3106.0
1033.5
68.0
68.0
4630.5
0
12455.5
68.0
961.0
4716.0
14459.5
5469.5
4922.0
11312.0
14796.0
3608.0
68.0
2753.5
438.5
68.0
68.0
1777.0
6701.5
19146.0
8126.5
1922.0
8436.5
68.0
1073.0
4514.0
3108.0
4488.5
1819.0
7182.5
8703.5
68.0
7633.5
10435.5
68.0
1053.0
68.0
10334.5
3871.0
1098.5
20997.0
4792.5
68.0
9048.5
12219.5
68.0
9938.0
13691.5
4516.0
1036.0
9310.0
1785.0
5070.5
11598.0
1207.0
18421.5
11932.0
10031.5
7264.0
926.5
458.0
633.5
68.0
10303.0
1036.0
5411.0
13148.0
8501.0
68.0
7280.5
1883.5
28241.5
5431.5
1594.5
458.0
6347.0
21819.5
3619.0
612.5
12834.0
2984.5
20151.0
3123.5
893.5
7839.5
1053.0
18608.5
68.0
7268.5
68.0
6341.0
7688.0
68.0
68.0
909.5
6360.5
1460.0
19258.0
790.0
15310.0
7793.0
926.5
13985.0
3349.0
68.0
2747.5
68.0
23970.5
11150.0
8535.5
835.0
1224.5
13846.5
8231.0
1002.5
925.0
1333.5
17140.5
7815.5
5992.0
28209.0
5926.5
1780.0
438.5
15601.0
68.0
5694.0
19220.0
4940.0
1912.5
524.0
9862.0
68.0
18340.0
5518.0
7214.0
68.0
7006.0
9801.5
601.0
9391.5
534.5
3577.0
6381.0
647.0
19686.0
4070.5
515.0
22327.0
890.0
1332.5
9830.5
6490.0
10871.0
68.0

10289.0
14237.5
13498.5
3601.0
8041.0
1000.0
68.0
0
12765.0
2209.0
1578.5
943.5
68.0
0
8985.0
4608.0
5226.5
2770.5
620.0
6038.5
68.0
1779.5
4950.5
5059.0
68.0
68.0
4898.0
25891.0
1504.5
12491.5
3175.5
68.0
16517.0
22346.5
68.0
5131.0
4068.5
6861.5
17872.0
11593.5
68.0
7286.5
4601.5
438.5
68.0
2189.0
68.0
2282.0
68.0
2364.0
1948.0
4007.0
2508.0
1953.5
25286.5
68.0
68.0
614.0
68.0
7631.0
0
17075.0
4928.5
5377.5
3553.5
7545.0
68.0
7164.5
68.0
1393.0
10884.5
10829.0
14761.0
6247.5
5901.5
1032.0
6437.0
7261.0
68.0
7723.0
6510.0
12009.0
1614.0
68.0
8656.5
2381.5
68.0
2285.5
13921.5
68.0
1479.5
12054.0
17011.5
0
1094.5
5023.5
7195.5
3488.5
1406.5
5353.5
0
999.5
5355.5
68.0
0
4309.0
10220.5
1409.5
6251.5
1869.5
0
7623.5
612.5
6573.5
2453.0
68.0
6459.5
6506.5
460.5
23629.5
68.0
13080.5
3137.5
0
1126.0
68.0
0
4469.0
68.0
9326.5
3680.0
0
5264.0
27630.0
0
68.0
1014.5
3231.5
13343.0
21360.0
5417.0
68.0
3705.0
7685.0
3693.5
2240.0
4194.5
7231.5
5637.0
2249.5
1964.0
10718.0
1886.5
11676.5
7587.5
3779.0
4458.5
11658.5
68.0
944.0
458.0
68.0
554.5
1297.0
4460.0
4672.5
3799.0
438.5
909.5
18646.5
68.0
12458.0
10313.5
1832.5
4609.5
6760.5
2299.0
4197.5
16603.0
1504.5
5481.0
19672.0
0
68.0
4692.5
2543.5
68.0
0
12097.5
8113.0
2008.0
2300.5
4979.0
3489.0
11605.5
68.0
2330.5
68.0
533.5
68.0
12161.0
1002.5
24991.0
2320.0
7693.0
18822.5
19157.5
0
4120.0
6360.0
13797.5
0
1780.0
5522.0
1126.0
0
2728.5
3216.5
23194.5
7207.0
458.0
68.0
10382.0
6208.5
2730.5
3580.5
19117.0
13769.5
3268.5
23188.0
1417.0
1544.5
7180.0
68.0
12170.5
68.0
2421.0
2001.5
68.0
2248.0
9479.5
2960.5
1350.0
2391.5
68.0
10426.5
17920.5
4018.5
3988.0
4204.0
7177.0
173.0
68.0
6283.5
9810.5
23395.5
0
1760.0
22812.0
16721.5
13418.0
0
1099.0
5454.0
0
68.0
10826.0
0
7629.0
17288.0
5886.0
6427.0
16532.0
15156.0
7692.5
3238.0
1488.5
68.0
12194.0
0
1409.0
0
2284.5
18041.0
4939.5
5521.0
68.0
68.0
960.5
4147.0
0
16421.0
458.0
68.0
10332.0
15602.5
68.0
8042.0
4150.0
15291.0
8731.0
3104.0
627.5
3682.5
3551.0
68.0
0
1779.5
10374.5
13000.0
10230.0
6490.0
68.0
2330.0
68.0
1334.0
68.0
2369.5
12995.0
12229.0
68.0
5506.0
3585.0
3870.0
68.0
68.0
68.0
8976.5
4210.0
8552.5
9764.0
24883.0
7187.5
1036.0
68.0
2340.5
8943.0
163.0
4789.0
13557.5
3188.0
8561.0
13480.0
6299.5
5918.0
10771.0
24497.0
68.0
2432.0
68.0
8944.0
11129.5
3625.0
16617.5
8604.0

0
6335.5
1516.0
7228.0
15161.0
1910.0
12536.0
1016.5
0
0
4446.5
15055.5
5931.5
9914.5
2339.5
646.0
68.0
4987.5
2246.0
1331.5
18933.0
1041.0
10815.5
6756.0
2265.0
4651.0
1051.0
9654.5
1839.0
4625.0
9104.0
4542.0
12971.5
926.5
68.0
68.0
68.0
14821.0
10777.0
1331.0
18224.0
8458.5
10917.0
13811.0
8429.5
1034.0
4575.5
8116.5
16681.0
0
19168.0
1034.0
8969.5
1126.0
7481.5
1895.0
1594.5
8041.5
8155.0
68.0
6667.0
12064.0
68.0
12486.5
6245.0
7246.5
5561.0
163.0
9903.5
3755.0
16505.0
6462.0
11171.5
4106.5
5505.5
8177.0
4582.0
4150.5
4560.5
16147.0
1002.5
3682.0
12134.0
25370.5
10044.5
1912.0
17542.0
5426.0
14756.5
9477.0
2657.5
1521.5
9886.5
2365.5
18214.5
2805.0
68.0
5388.5
1521.5
11760.0
2529.0
2880.0
7156.5
15291.0
1983.5
8020.5
15315.0
961.0
6853.5
7197.0
24886.0
8952.0
1036.0
12485.5
5416.5
962.0
68.0
0
9047.0
6465.0
3590.0
3251.0
1036.0
1873.0
12147.5
1115.5
68.0
1539.0
10638.0
26244.5
3514.5
612.5
0
8425.5
7687.0
68.0
1984.5
8845.0
14267.5
68.0
10258.5
7194.0
13822.0
19876.0
68.0
438.5
13915.5
68.0
173.0
1538.5
68.0
6576.5
68.0
9146.0
4646.0
68.0
22756.5
5146.0
0
4560.5
1462.5
6013.0
1396.5
2408.5
3609.5
6749.0
11698.5
2669.5
68.0
68.0
541.0
68.0
68.0
68.0
22702.5
8489.5
521.0
4613.0
534.5
25686.0
4564.0
26348.0
6023.5
8573.0
4124.0
68.0
68.0
6785.5
4611.0
15888.5
4487.0
5554.0
1615.0
14823.5
3213.5
14431.0
21525.5
0
6289.5
26311.0
25509.5
16236.0
1748.5
19381.0
8879.5
1896.0
3287.0
2723.5
0
6266.5
1033.5
1404.0
3415.5
17884.0
458.0
16762.5
6326.5
68.0
17344.5
163.0
10679.5
0
8494.0
6250.5
68.0
13360.5
68.0
18289.0
3213.5
21368.5
8969.5
0
1036.0
68.0
3701.0
68.0
1780.0
6247.5
5486.5
6712.0
438.5
0
13443.0
3775.0
3198.0
6464.0
1499.0
68.0
68.0
1098.5
646.0
3286.5
3598.5
0
0
4092.0
9514.5
12146.0
24958.0
0
17035.5
7531.5
10834.5
0
10935.0
11772.0
2745.5
2712.0
8615.0
3599.5
458.0
1052.0
1514.0
0
0
0
6118.0
2272.0
0
68.0
0
10592.0
533.5
3328.5
17371.0
7681.5
68.0
4630.5
7609.0
68.0
68.0
2355.0
3918.5
4125.5
9948.5
1036.0
960.5
8589.5
24379.5
16453.0
68.0
2997.0
0
15369.0
9371.0
0
0
25434.5
12993.5
5897.0
5068.5
13045.5
10766.0
7778.5
68.0
0
11531.5
10248.5
68.0
5419.0
4196.0
12130.5
4443.0
20882.0
958.0
4901.0
4444.0
27698.5
3155.0
3671.0
0
7104.5
10224.0
68.0
6317.0
68.0
17931.5
976.0
68.0
10847.0
5942.5
0
2723.5
9397.5
13912.5
926.5
553.0
68.0
2265.5
7405.5
0
4087.0
68.0
979.0
5433.5
68.0
2748.5
13784.5
68.0
1373.0
365.5
8128.5
7911.0
9877.0
2004.0
458.0
6701.0
1423.5
4002.0
0
68.0
68.0
0
13729.5
9417.0
15069.5
18727.5
11231.5
68.0
68.0
1390.0
1019.0
68.0
2317.0
68.0
12067.5
13936.5
22976.0
5829.0
512.5
17824.0
980.5
14106.5
5437.5
68.0
16897.0
16866.5
909.5
68.0
3587.5
8460.5
1861.0
13550.0
68.0
14732.0
16341.0
26793.5
533.5
3043.0
738.5
68.0
26302.0
4894.0
50.0
12561.0
1019.0
5420.5
0
2013.0
6873.5
4594.5
7570.5
3228.0
7799.0
68.0
3528.5
9854.0
9936.0
2334.5
3079.0
2772.0
7719.0
68.0
8574.5
1985.0
6788.5
1225.0
68.0
14376.0
13015.5
0
7572.5
2004.0
0
0
9554.5
17314.5
1427.0
3157.5
1409.0
5007.0
68.0
10063.0
5329.5
4120.0
17114.0
6295.5
1522.0
21847.5
9088.5
4961.5
8496.5
0
8601.0
1033.5
1489.0
0
13920.5
68.0
2268.0
0
11216.0
4914.0
14781.5
2356.0
68.0
0
6787.0
68.0
68.0
1423.5
9869.5
13388.0
0
3077.0
3982.0
8115.5
2709.0
163.0
68.0
4159.5
10983.0
23679.0
5080.0
16003.0
0
9519.0
5888.5
9807.0
68.0
5018.5
927.5
2456.0
15711.5
3284.5
68.0
6275.0
0
68.0
1036.0
2231.5
0
13445.5
9485.5
15502.0
1034.0
68.0
1126.0
524.0
12126.0
8907.5
6411.0
10224.5
3505.5
4148.5
9424.5
4104.0
5039.0
551.5
68.0
1000.0
12549.0
28171.5
1819.5
17863.0
14340.0
1802.5

68.0
68.0
68.0
15280.5
68.0
26327.5
68.0
68.0
5096.5
11180.0
6293.0
8506.0
4426.5
68.0
1025.5
68.0
3715.5
68.0
1404.0
0
3585.0
40.5
14853.0
0
68.0
6249.0
2267.5
1965.0
8.0
153.5
8043.0
719.0
68.0
6232.0
68.0
3637.5
3109.0
5883.5
2415.5
7221.0
11312.5
11707.0
19148.5
1430.0
68.0
5429.5
4464.0
9469.5
68.0
18903.0
7208.5
11458.5
1463.0
1426.0
1983.0
163.0
68.0
3676.5
68.0
0
68.0
17935.0
6339.0
68.0
68.0
2447.5
12079.0
1891.0
68.0
16299.0
4149.5
1785.0
68.0
5058.5
7600.5
1016.5
0
2671.0
2842.5
0
68.0
4940.5
7807.0
14209.0
68.0
0
14337.0
5690.0
926.5
3697.0
2175.5
22678.5
25013.5
6779.0
5343.5
7663.0
1504.5
68.0
755.5
8979.0
8133.5
68.0
2844.0
614.0
5391.5
0
16010.5
5786.0
8578.0
10341.0
0
68.0
3629.0
13050.5
68.0
12545.5
0
15279.5
54.0
9434.5
12281.0
13046.5
11139.0
12640.0
4952.0
7719.0
68.0
4469.0
4066.5
5777.5
68.0
438.5
68.0
5783.0
6839.0
3991.5
68.0
13387.5
5021.0
2785.5
17374.5
1033.5
13790.0
20577.5
10376.5
13770.5
2837.5
9871.5
18645.0
1813.5
68.0
68.0
4473.5
68.0
5043.0
8120.5
6299.0
1858.0
541.0
3124.0
2391.5
11164.0
68.0
13521.0
458.0
12490.5
14358.5
11556.0
2882.5
17070.5
68.0
20827.0
14745.0
2827.0
5874.0
16974.0
5208.0
0
3249.5
9415.0
6421.5
4498.0
1409.0
11187.5
5536.0
25578.0
21391.5
9536.0
17467.0
3186.5
12688.0
1499.0
68.0
1838.5
5077.0
4483.5
27728.0
25036.0
9440.5
8109.0
612.5
3211.0
3228.0
10304.5
68.0
15881.0
68.0
68.0
18291.0
68.0
6381.5
19206.0
1934.5
943.5
646.0
5420.5
10988.5
8177.5
0
4657.5
612.5
68.0
4129.5
3160.5
68.0
1859.5
3107.5
68.0
68.0
6377.5
21973.0
9301.0
5326.5
2692.0
8948.5
458.0
1504.5
7123.0
3187.5
4109.5
9329.0
12025.5
18385.5
68.0
1390.0
68.0
8999.0
68.0
8103.0
4483.0
2348.5
1882.0
2751.5
5896.5
68.0
4102.0
6792.5
20857.0
13008.0
2716.5
1671.5
68.0
1779.5
23658.5
9031.5
15832.5
68.0
1796.5
5363.5
13455.0
27645.0
12893.5
4478.0
17360.5
9224.5
3223.0
3269.5
68.0
24147.0
11225.0
2843.0
925.0
68.0
50.0
13797.5
68.0
534.5
1486.0
16137.5
1019.5
4487.5
1826.5
943.5
68.0
68.0
8062.5
18187.0
8555.5
68.0
2428.0
68.0
13479.0
10215.5
68.0
1502.0
5374.5
68.0
7277.5
438.5
1331.0
5486.5
68.0
10807.0
8427.5
8463.0
7036.0
13949.5
14346.0
5513.5
5274.5
2831.0
23524.0
3217.0
20258.0
68.0
1390.0
3167.5
11223.5
1019.5
17880.0
9410.0
5428.0
17902.5
3172.5
0
68.0
7303.0
9401.0
10412.0
68.0
25452.5
68.0
4892.0
2798.5
4439.0
1423.5
3513.5
438.5
68.0
4032.0
1877.0
14076.5
458.0
2830.0
68.0
2668.0
5464.0
12054.5
68.0
11191.5
13786.5
13103.0
1836.0
15675.5
9968.0
1016.5
7624.5
19095.5
68.0
68.0
68.0
68.0
2351.5
2840.0
3208.0
0
2351.0
925.0
23572.5
0
68.0
68.0
68.0
17369.5
1218.5
6003.0
1894.5
3228.5
458.0
1581.0
10503.5
11694.0
0
5770.0
3251.0
68.0
3903.0
14352.0
5884.0
35.0
23332.5
3642.5
9385.5
2387.5
1767.0
5560.5
8602.0
8981.0
68.0
1002.5
68.0

11500.5
1036.0
68.0
3598.0
19622.0
1189.5
12051.0
9133.5
9475.5
1985.0
68.0
22764.0
20524.0
6818.5
4450.0
2475.0
1034.0
1489.5
10623.0
6929.5
6851.5
5873.0
4077.5
4109.5
68.0
20249.5
0
68.0
27233.5
2285.0
14777.0
0
68.0
6028.0
24466.0
3233.0
4076.5
16131.0
18354.5
5650.0
163.0
1019.0
8925.0
4565.0
2341.0
20249.0
4465.5
19833.0
5556.5
15255.5
12555.0
12552.5
0
3682.5
68.0
2569.5
18683.0
14404.5
0
9841.0
4540.0
1886.0
68.0
20461.0
1482.5
12576.0
458.0
68.0
163.0
2835.0
1893.0
2361.5
15299.5
1412.0
8966.0
1116.0
10458.0
2725.5
68.0
25071.5
1016.5
6345.5
0
1019.0
3632.5
2387.5
9444.5
68.0
11663.0
6401.0
3284.5
4188.5
10404.5
12059.5
4565.5
11143.5
3112.0
9326.5
68.0
7180.5
1036.0
5019.0
11199.5
4013.5
14788.5
5488.0
9964.0
7957.0
1783.5
12451.0
629.0
27357.0
10943.0
2266.0
9876.5
68.0
3268.5
3216.0
910.0
1892.0
20185.5
2726.5
1818.0
6782.5
2374.5
20609.5
6854.5
5913.5
17348.0
6485.0
2762.5
25079.0
1892.0
68.0
68.0
766.0
3216.5
68.0
909.5
13399.0
1614.5
4160.0
9071.5
2751.5
9987.0
11653.5
19112.5
1614.0
7264.0
4143.5
10053.5
68.0
3423.0
9595.0
68.0
4552.0
7765.0
6244.5
5907.0
10705.0
68.0
1146.5
1406.5
0
7619.0
1002.5
2645.0
912.5
8989.0
9767.0
8132.0
7263.0
9350.5
2788.0
3698.5
3753.0
8075.5
13013.0
12158.0
5389.5
23292.5
1406.5
12739.5
3231.0
16493.0
6796.5
1878.0
13320.0
68.0
68.0
68.0
20947.0
5600.5
68.0
0
10310.0
8906.0
12023.0
5674.5
2282.0
2268.0
68.0
5893.0
4075.5
9792.0
5478.0
4144.0
2468.5
332.0
3281.0
68.0
1892.0
3584.0
68.0
4043.5
15682.0
11637.0
1892.5
738.5
68.0
7235.5
4882.0
1499.0
3304.0
3621.5
5044.0
1496.5
3294.5
12112.0
13480.5
3128.5
1444.0
8072.5
11541.5
1016.5
18399.0
4924.5
0
68.0
4462.0
15199.5
68.0
20138.5
3644.0
68.0
5553.5
9380.5
68.0
944.0
17289.0
20433.0
10776.0
999.5
4059.0
8495.5
3140.5
1924.5
16910.5
0
17456.5
1967.5
427.0
7640.5
9495.5
18231.5
19187.0
11788.5
68.0
12509.0
2256.0
1406.5
1038.5
12666.0
1878.0
18736.5
3986.5
4510.5
6390.5
17399.5
3666.5
5658.5
68.0
8649.0
21323.5
3677.5
15888.5
67.5
3278.0
8526.5
961.0
4446.0
7703.5
3255.5
68.0
3252.5
21850.0
4550.5
68.0
13530.5
1869.5
68.0
612.5
1499.0
1019.0
6312.5
5115.5
4139.5
3165.5
2280.5
2726.5
11985.0
1019.5
1053.0
612.5
12460.0
1373.5
25878.5
3096.0
3701.5
5024.5
6878.0
68.0
3690.0
10278.0
1503.0
20932.5
14635.5
1426.0
3710.5
8558.5
25925.0
257.0
999.5
9400.0
19782.0
1489.5
4111.0
458.0
68.0
16856.0
10695.5
4016.0
0
68.0
7158.0
7967.0
3710.5
68.0
8065.0
11976.5
68.0
14231.5
1818.0
21886.5
68.0
11756.5
8942.0
4109.5
11322.0
5901.5
11601.0
12029.5
1036.0
68.0
2326.5
10803.5
629.5
7591.0
10300.5
4555.0
68.0
7196.5
1780.0
3999.5
12095.0
10698.5
6804.5
68.0
0
68.0
14255.5
5639.5
1406.5
12956.5
8958.0
3197.5
6695.5
2733.0
15207.0
3157.5
3339.0
5768.5
4484.5
24248.0
3361.0
68.0
1796.5
7664.0
3152.0
68.0
0
6680.0
15776.0
16845.5
11131.0
5398.5
7595.5
20024.0
5060.5
9903.0
1373.0
9141.0
1089.5
65.0
16169.5
10239.5
0
0
12959.0
68.0
7044.5
6871.0
19846.5
4503.0
6989.0
1801.0
163.0
68.0
16853.5
68.0
68.0
1880.5
68.0
13041.5
1526.0
15368.0
5413.5
5474.0
12124.5
13476.0
68.0
663.0
2355.0
68.0
5
68.0
5964.5
68.0
8257.0
7212.0
68.0
943.5
11688.5
68.0
1016.5
13808.5
3362.0
68.0
9868.0
4533.5
13337.5
7242.5
68.0
5005.5
1387.0
68.0
7706.5
68.0
6713.0
7330.5
19225.0
1580.5
944.0
11712.0
19977.0
153.5
629.0
9050.5
1404.5
13898.0
3251.0
17145.5
4588.5
20212.5
18287.0
6050.0
4616.5
8887.5
6330.0
5465.0
0
2392.0
4117.5
2769.0
7206.5
25493.5
25996.0
68.0
1867.0
5063.0
2356.5
257.0
68.0
16014.5
3722.5
13864.0
3169.5
1898.0
5279.0
4959.5
8407.0
20175.0
0
68.0
3646.5
12589.5
68.0
612.5
7176.5
17060.0
1875.5
3700.5
68.0
4129.0
12098.0
68.0
7685.5
3629.0
9401.5
1016.5
0
4982.5
646.0
6025.5
8309.0
2801.5
3270.0
16127.5
2372.5
68.0
68.0
5418.0
0
10269.0
1031.5
68.0
13353.5
9588.5
4072.5
11330.5
68.0
68.0
17916.0
4124.5
0
25751.0
12139.5
738.5
68.0
68.0
5120.0
1034.0
7543.5
68.0
10229.0
4047.5
537.5
1016.5
0
2670.0
1883.5
8596.5
2302.0
68.0
68.0
1370.5
8398.5
2722.0
13385.5
23153.0
24039.0
19053.5
4027.5
0
12559.5
26720.5
68.0
7248.0
2278.5
68.0
10413.0
2398.0
14763.0
16472.0
2656.0
7171.5
10785.0
68.0
9877.0
4974.5
2742.5
6774.5
4569.5
5977.5
68.0
4942.0
2248.5
68.0
68.0
2689.0
5400.5
5980.5
68.0
8720.0
68.0
927.5
533.5
5343.5
12070.0
68.0
3284.5
5925.0
8545.0
68.0
7689.5
629.0
3586.5
68.0
12053.0
22949.0
1460.5
926.5
68.0
8923.5
2455.5
68.0
926.5
2967.0
4092.0
3214.0
1406.5
12133.5
4554.5
12144.0
2364.5
5631.0
17938.0
11767.0
1976.0
23761.5
17412.0
24519.0
7358.0
10754.5
68.0
944.0
1392.5
68.0
9896.0
68.0
1387.0
7267.0
18678.5
3133.5
2058.0
6219.0
68.0
6460.5
68.0
4494.0
16478.5
8565.0
9747.5
13337.0
15252.5
18386.0
11248.0
7581.5
27664.0
68.0
18377.0
68.0
68.0
13593.0
19184.5
1968.0
15710.5
18260.0
2809.5
2675.5
1036.0
6334.5
0
15741.0
719.0
15672.0
14463.5
943.5
68.0
3233.0
68.0
68.0
6457.5
3219.0
4101.0
68.0
1036.0
10314.0
6726.5
10319.0
927.5
77.0
21023.0
5523.0
20812.5
2346.0
11443.0
68.0
68.0
15342.0
68.0
4045.0
4499.0
5856.0
24148.0
5522.0
8588.5
68.0
13862.0
6730.5
68.0
4963.5
438.5
1092.5
4570.5
7752.0
68.0
18709.0
9441.5
2448.5
13387.0
646.0
3548.0
8944.0
18760.0
6746.0
4515.5
0
68.0
1036.0
68.0
13868.0
4499.5
68.0
2753.5
12527.5
10343.0
68.0
1404.0
17860.0
25887.5
2293.5
10763.0
4955.0
2021.0
1385.0
12589.0
4516.0
4009.5
1779.5
3562.0
3720.0
9391.5
68.0
3143.5
68.0
1785.0
3643.5
17410.0
7111.5
8439.0
68.0
68.0
4936.5
1019.0
68.0
7605.5
5777.5
68.0
0
9520.5
0
6787.0
11226.0
3611.5
1393.0
3133.0
738.5
23757.5
9787.0
68.0
13111.0
2701.5
0
1426.0
22324.5
5783.0
8467.0
8851.0
3267.5
2766.5
3226.5
12528.0
68.0
68.0
629.0
7566.5
2358.0
2810.0
4573.5
68.0
2439.5
24230.5
8916.5
68.0
14768.0
3652.5
2279.5
5366.0
68.0
7700.0
3708.0
27935.5
7662.5
15577.0
68.0
25842.5
16583.0
4089.0
6709.5
14272.5
2782.5
68.0
13541.0
68.0
4972.0
2745.5
68.0
4136.5
9834.0
5378.0
8105.0
0
3210.5
6678.5
4556.5
4723.5
961.0
22743.0
68.0
2952.5
8486.0
68.0
596.0
0
17384.0
0
3704.5
6420.0
2670.5
68.0
999.5
1802.0
68.0
0
10376.5
10926.0
68.0
11562.0
835.0
7149.0
17689.5
7687.0
9013.5
926.5
1019.5
4557.5
12161.5
68.0
16175.5
68.0
10373.5
21363.0
0
68.0
10732.5
21399.0
19170.5
2735.5
7049.0
14362.0
4968.5
5405.0
3856.5
647.0
1016.5
3661.5
7240.5
9540.5
68.0
9343.0
1016.5
0
6348.5
68.0
1036.0
19761.0
4583.0
8055.0
2782.5
68.0
5798.5

7677.5
68.0
7265.5
6768.5
5428.0
2829.0
5487.0
3180.0
22953.0
9508.5
10428.0
8021.0
4049.5
5392.0
16535.5
910.0
4496.0
3769.0
4926.5
1911.5
23341.0
5855.5
7687.0
68.0
6737.0
9449.5
16284.5
534.5
0
68.0
460.5
68.0
4424.0
15849.0
17324.5
8076.0
1943.5
9360.0
3646.0
13280.5
14425.0
68.0
27693.5
736.0
24954.0
14271.0
6217.5
15215.5
3711.0
68.0
11416.0
68.0
12606.5
21561.5
0
2338.5
1016.5
3140.5
12106.5
2916.0
23580.0
6686.0
68.0
5766.5
3272.5
2764.5
9876.0
6892.5
16551.5
68.0
19696.5
1882.0
3666.0
438.5
2809.5
6758.0
9654.5
68.0
16453.5
4547.5
1002.5
1578.0
629.5
960.5
1389.5
5470.5
9926.0
5449.0
17894.0
2919.0
348.5
9490.0
4399.0
7973.5
68.0
1876.0
3253.0
7057.5
4969.0
7566.0
68.0
3334.5
348.5
6699.5
14773.0
6868.0
2737.0
13877.5
3676.5
7538.0
68.0
5446.5
3186.5
9888.5
22266.0
10336.0
1016.5
2283.0
14536.5
68.0
646.0
24183.0
15968.5
2451.5
3619.0
2282.0
6765.5
1505.5
68.0
68.0
15238.0
10661.5
3115.5
14773.5
68.0
0
5049.0
5022.5
438.5
3128.5
8488.0
0
537.5
12106.5
24436.5
3156.0
68.0
68.0
2021.0
23169.5
2824.0
4518.5
4165.0
629.0
16478.5
68.0
22797.0
2364.0
10353.5
4552.0
5473.5
2381.5
19243.5
614.0
927.0
3214.5
11752.0
7595.5
458.0
9868.5
12865.0
5820.0
4184.5
4036.5
3138.5
9063.0
22640.0
926.5
12497.0
4680.0
22331.0
5959.0
68.0
68.0
18001.5
6748.0
5872.5
68.0
17001.0
9333.0
13891.5
10990.5
5054.5
68.0
10045.5
4615.5
1890.5
3150.0
10392.0
16018.0
612.5
9488.0
68.0
68.0
1504.5
3639.5
13056.0
15302.0
68.0
16631.0
2282.5
18421.5
13808.5
21908.5
10333.0
150.0
68.0
10332.5
1406.5
3803.5
1406.5
5928.0
8983.0
8957.0
22383.5
18369.5
68.0
8531.5
68.0
5457.5
3719.0
68.0
2357.5
16114.5
68.0
11702.0
1877.5
0
22795.0
537.5
11728.5
3694.0
6832.0
5804.0
2057.5
15612.0
0
1487.0
19168.0
4549.0
12737.5
4914.0
1862.0
2230.5
68.0
11569.5
5454.5
11219.0
5625.0
0
16945.5
2077.0
1053.5
12318.0
20614.0
5983.0
6825.0
7174.5
1779.5
3705.0
8110.5
983.0
1816.0
13432.0
2280.0
4164.5
12515.5
3652.0
1389.5
8027.5
458.0
629.5
68.0
11723.0
2826.0
7140.5
68.0
1505.5
3457.5
2546.5
458.0
17908.5
4562.0
3842.5
1796.5
7684.5
11125.0
19018.0
1496.5
5346.0
6419.0
4502.5
4476.0
5063.0
9136.0
12998.0
7566.5
68.0
8038.5
5498.0
12868.5
646.0
0
3686.0
5072.0
0
1092.5
10394.0
3560.0
7186.5
10447.0
23235.0
3303.5
1875.5
7765.0
458.0
22661.5
68.0
8157.0
1089.5
13381.0
12502.0
2753.0
68.0
627.5
20138.0
8222.5
10308.0
18475.5
4077.0
15751.0
13517.5
1033.5
2878.5
68.0
927.0
18240.5
1409.0
4452.0
943.5
10735.0
6682.5
5547.0
1965.0
1109.0
4108.0
68.0
1785.0
14071.5
5527.0
5838.0
68.0
1331.5
26695.0
9958.5
1538.5
7680.5
3138.0
9002.0
7127.0
9936.5
6283.5
910.0
0
3127.0
646.0
4502.5
6264.0
13032.5
13819.5
10774.0
1768.5
8095.0
13438.5
68.0
13469.5
1019.0
2184.0
4625.5
6433.0
9399.0
16088.0
68.0
3959.5
4018.0
1423.5
629.0
12582.5
68.0
7668.5
4611.5
68.0
3587.0
68.0
68.0
14748.5
0
12470.0
6803.5
1594.5
5843.0
7612.0
68.0
3136.5
3576.5
163.0
7661.0
4073.0
3235.5
1991.5
4471.5
68.0
8069.5
1877.0
68.0
2728.5
2713.0
8554.5
1651.0
1016.5
7281.0
999.5
980.5
3505.5
26736.0
3477.5
4413.0
68.0
7738.0
15680.5
4463.5
1368.0
3789.5
629.0
27213.0
9449.5
23713.5
5875.5
7242.5
1488.0
10371.5
4089.5
12113.5
1892.5
68.0
68.0
9891.5
4952.5
6796.0
458.0
68.0
14279.5
68.0
68.0
3982.0
0
2318.5
2249.0
1615.0
20162.0
8068.0
2279.5
17064.0
68.0
13063.0
9420.0
2857.5
68.0
1794.5
68.0
9955.5
13943.0
2419.0
7578.5
4095.5
68.0
23071.0
1982.0
13448.5
2231.5
9570.5
980.5
11366.5
12886.5
8481.5
719.0
3603.5
68.0
2796.0
68.0
8723.5
1578.5
2829.5
68.0
9971.5
5435.0
2408.5
2364.0
22303.5
736.0
7709.5
6360.5
7765.5
68.0
17080.5
1432.0
13166.5
6736.0
1780.0
11115.0
68.0
23214.0
5854.5
8551.5
1580.5
68.0
6932.5
931.0
2263.5
5464.0
25116.5
7652.0
68.0
4965.0
2389.0
11415.0
5810.5
4559.0
6929.0
10211.0
68.0
26304.5
18726.0
68.0
16664.0
2805.0
5070.0
1794.5
5412.0
3227.5
0
12639.0
4119.5
14279.0
4163.5
8003.0
10273.0
11689.0
8554.0
68.0
6373.5
10723.0
7207.5
68.0
68.0
68.0
3672.5
5357.5
11272.5
12024.0
8979.0
12078.0
17847.0
7129.0
19336.0
2221.0
68.0
3660.0
5881.5
15713.5
1033.5
68.0
438.5
12880.0
7607.5
12011.0
6528.5
3230.5
8905.5
5163.5
5405.0
8125.5
5505.5
1002.5
18261.0
6790.5
1036.0
9029.0
4403.5
3647.0
27601.5
19221.5
4111.5
1965.0
163.0
11683.0
4070.5
68.0
4427.0
6781.5
18732.5
68.0
3603.5
3736.5
8011.0
68.0
68.0
15268.0
9125.0
943.5
9950.5
2212.0
68.0
6980.0
1987.5
4179.5
7273.0
4159.5
3199.5
6455.0
4067.0
1504.5
17937.0
1589.0
5007.5
14040.5
8095.0
3644.5
68.0
8129.0
68.0
7002.0
68.0
22770.5
163.0
6368.5
12200.5
14755.5
6832.5
7051.0
5952.5
7277.0
15617.5
13874.0
14799.0
0
8265.0
28212.5
5024.0
7215.0
68.0
1045.0
17919.0
68.0
2358.0
8577.0
926.5
68.0
68.0
6287.5
942.5
5018.0
68.0
9882.5
13836.5
1099.0
68.0
8480.5
19649.0
537.5
15070.5
68.0
17424.0
11660.0
12113.5
931.0
3104.5
3804.0
4809.0
15548.0
68.0
68.0
12630.0
68.0
8928.5
153.5
68.0
68.0
68.0
18200.5
4982.0
6368.0
2058.0
438.5
12924.5
68.0
5909.0
20989.5
1051.0
68.0
1019.0
8948.5
68.0
4552.0
7221.0
2372.0
3189.5
12122.5
9028.5
68.0
4056.0
16954.5
21962.0
16056.0
68.0
12094.0
21327.0
12888.5
1393.0
3372.5
14788.5
0
68.0
68.0
3267.0
629.0
942.5
12177.5
2784.5
3143.0
2003.0
1033.5
524.0
8935.5
5953.5
3641.0
23235.0
68.0
4237.0
68.0
1423.5
2709.0
4045.0
68.0
17603.5
5328.5
68.0
68.0
68.0
3732.5
2321.5
68.0
2737.5
4636.0
5783.5
7961.0
68.0
68.0
16556.0
12939.5
68.0
6809.5
2360.5
12980.5
8964.0
458.0
9117.5
4052.5
7205.0
24522.5
941.5
9376.0
3259.0
6840.0
3738.0
960.5
6028.0
438.5
13002.5
2779.5
68.0
4030.0
5008.0
4893.5
11198.5
11276.0
12060.0
438.5
68.0
19828.0
3189.0
7178.5
612.5
4509.0
68.0
16526.0
9401.5
2639.0
2741.0
15719.0
12983.0
68.0
8053.0
13484.0
8603.0
438.5
15117.0
68.0
3197.5
68.0
22242.0
14732.0
1036.0
8537.5
4924.5
3214.5
68.0
9870.0
12897.0
17864.0
25362.5
8122.5
5795.5
19579.5
68.0
12126.0
13954.0
2360.5
14891.5
20038.0
0
7263.5
4569.5
10718.5
13004.0
10010.0
9996.5
1406.5
68.0
9065.0
9933.5
12487.0
68.0
6349.5
2809.0
5001.5
27136.5
10375.5
24129.5
173.0
4438.5
1000.0
68.0
3790.5
4441.5
22752.0
6101.0
2578.0
2771.5
8088.5
20880.0
21829.5
23291.5
926.5
68.0
8953.5
14757.5
2730.5
3929.0
8594.5
163.0
348.5
6654.0
11303.0
4145.5
5059.0
8628.5
4930.5
1036.0
6543.0
1506.0
6343.0
5074.0
24660.5
13855.0
11533.0
2760.0
68.0
14280.5
5027.5
10817.5
68.0
153.5
10329.0
12908.5
1389.5
9914.5
1565.0
2670.5
27603.5
5993.5
6944.0
9462.5
21471.0
4595.0
9130.0
2893.5
537.5
4569.5
8151.5
2856.0
3677.0
5054.5
68.0
455.5
12866.5
12577.5
5921.5
12468.5
4907.0
2662.5
15495.5
4454.5
68.0
8027.5
3990.5
5542.0
6291.5
12617.5
68.0
10356.5
3775.0
3668.5
17824.5
9858.5
12887.0
68.0
5414.0
1463.0
17412.0
1106.5
16953.5
21021.5
68.0
21360.5
13855.0
9896.5
15603.5
5770.5
16148.5
6229.0
3104.0
5776.0
3273.5
68.0
4570.0
1053.5
11522.0
16200.5
10880.0
5038.0
8968.0
16395.0
7196.0
2342.0
9314.0
19231.5
6379.5
9905.0
999.5
9356.0
68.0
620.5
1878.0
12595.5
68.0
5975.0
12465.0
7673.5
1106.5
11666.5
1036.0
999.5
2211.5
3968.0
17078.5
0
5394.0
515.0
3231.5
1421.5
2083.0
10370.0
1894.5
14234.5
3594.5
68.0
8486.5
68.0
4026.0
4407.5
1036.0
163.0
13162.5
4944.5
6164.5
16250.0
14293.0
909.5
1503.0
68.0
8592.5
0
629.0
68.0
1019.0
12201.0
68.0
9431.0
68.0
3603.5
524.0
14161.5
7722.5
6773.5
9525.0
5014.5
0
17917.5
1016.5
19175.5
68.0
68.0
68.0
22148.0
68.0
68.0
2745.0
2226.5
7368.5
4137.5
9484.5
23772.0
23155.0
68.0
551.5
8002.0
3323.5
68.0
9938.0
1421.5
20002.5
68.0
0
2340.5
10505.0
3631.0
2721.0
16226.5
927.5
9872.5
18265.0
14364.5
4492.5
19565.0
1016.5
68.0
2167.0
1053.0
10917.5
3252.0
68.0
1304.0
3191.5
5095.5
4101.5
458.0
2764.5
19256.0
9774.0
4945.5
1894.0
6279.5
4908.5
3147.5
68.0
614.0
21268.0
14157.5
68.0
738.5
17812.0
4982.5
21376.5
3177.0
25371.5
1345.0
458.0
68.0
6344.0
8007.5
5806.0
6770.5
11960.0
6391.5
3677.0
2562.5
3235.0
20770.5
10343.0
11203.0
13908.5
10715.0
18399.5
18662.0
26749.5
22775.0
1577.5
2665.5
68.0
2038.0
19907.5
7692.0
12072.5
3216.5
1019.0
3699.5
11059.5
68.0
9454.5
4585.0
24042.5
20192.0
12151.5
9047.5
5477.5
68.0
68.0
68.0
8990.0
4969.5
4185.0
3197.5
5040.5
3991.0
6759.0
6282.0
4535.0
22708.5
68.0
3205.5
5439.0
5499.0
3250.5
68.0
4583.5
8007.0
22210.5
4995.5
13927.0
68.0
14780.5
68.0
68.0
4177.0
15797.0
68.0
2305.5
1871.0
3638.0
2375.0
1016.5
23647.0
8511.5
1016.5
14774.5
2266.0
19713.0
3657.5
16114.0
24049.5
6786.5
7415.0
5406.0
12603.5
11660.0
68.0
2939.0
2933.0
68.0
6023.0
68.0
7287.0
614.0
5508.0
6253.5
68.0
612.5
5422.5
68.0
8654.5
6353.0
5114.5
9685.0
4151.0
11252.5
1019.0
10331.5
68.0
12990.5
3309.0
2565.5
4108.5
7214.5
2360.0
11662.0
10321.0
17884.0
68.0
13788.5
11600.0
3991.5
11711.0
7165.0
13035.0
68.0
21924.5
20244.5
991.0
1019.0
68.0
4043.5
738.5
4447.5
68.0
6376.0
15639.5
68.0
596.0
14621.5
3729.0
3208.5
12136.0
153.5
68.0
8284.5
9093.5
3230.5
4046.5
9439.0
10596.0
68.0
7155.0
68.0
5375.5
13112.5
5010.5
8964.0
11607.0
11108.5
68.0
3171.0
6812.0
19968.5
68.0
2248.5
2001.5
7555.5
4903.5
10238.0
18163.5
68.0
16513.5
5867.5
3790.0
5435.0
24047.0
9454.5
14344.5
1911.5
13298.5
8123.0
68.0
4033.5
15588.0
2728.0
4080.0
28058.5
828.5
21050.0
2700.5
68.0
629.0
453.5
4608.5
21399.0
6226.0
12153.5
663.0
6674.0
16097.0
8119.0
68.0
68.0
3551.0
8488.0
4283.0
1016.5
26286.5
68.0
1891.5
9864.5
68.0
3864.5
8424.0
20638.0
2265.0
6430.0
68.0
13941.0
9003.0
9188.0
4579.0
68.0
68.0
3222.5

4178.5
6662.0
68.0
68.0
19097.5
2768.5
2844.0
3252.5
3615.0
537.5
3216.0
534.5
5218.5
77.5
2816.5
68.0
68.0
68.0
20498.5
2169.5
3582.5
2348.5
3188.5
2701.5
25037.0
14242.5
5338.5
68.0
4479.0
11807.0
15295.5
629.5
4553.0
19714.0
8330.0
3682.5
23092.0
3725.5
5448.5
21039.0
1872.0
68.0
3586.5
1115.5
5025.0
1409.0
9136.0
27485.5
10217.5
1409.0
18363.5
9389.5
16898.5
3229.0
1034.0
68.0
15175.5
1390.0
14396.5
9947.0
6762.5
9093.5
8922.0
68.0
5976.0
4582.0
68.0
2225.0
11272.0
12461.5
2065.0
18021.0
16066.0
4651.0
13995.5
3093.5
7114.0
10355.5
4997.0
8347.0
2731.0
6836.5
2462.5
9335.0
9912.0
1019.0
12986.0
68.0
68.0
0
4079.0
2912.5
68.0
2259.0
10932.0
13830.0
12675.5
4584.5
9009.5
0
2340.5
0
4186.0
7805.0

0
3180.5
11170.0
68.0
10694.0
0
6730.0
2347.5
6876.5
68.0
0
4643.0
4497.5
4650.5
68.0
68.0
68.0
0
68.0
17446.5
68.0
15488.0
68.0
3209.0
8838.0
0
68.0
926.5
4538.5
68.0
5060.0
6308.5
68.0
3306.0
4502.5
12938.5
2824.5
11012.0
1019.0
7348.0
68.0
3141.5
20977.0
2448.5
1482.5
68.0
35.0
10967.5
3639.5
3882.5
25045.0
2756.0
11205.0
23221.0
3710.5
12536.0
68.0
2194.5
1890.5
0
22339.5
22675.5
28582.5
10895.5
18385.5
20668.0
15523.5
438.5
68.0
4460.5
23747.0
5674.5
2397.0
5932.0
68.0
10442.5
438.5
5116.5
68.0
3711.0
27018.0
25039.5
551.5
1619.0
614.0
8577.5
15779.0
0
3670.0
1629.0
68.0
22401.0
2299.5
68.0
3569.5
12633.5
1562.5
3233.5
68.0
1222.5
6266.5
11603.5
1333.5
19579.5
9056.5
20680.5
68.0
8584.5
554.5
6286.0
68.0
13646.5
20017.5
9692.5
8127.5
17083.0
4937.0
21192.0
1389.5
926.5
68.0
2355.0
736.0
1504.5
2355.0
16599.5
4442.5
7580.0
8520.0
2687.0
7716.0
3130.5
10450.5
7040.5
16552.0
1036.0
9443.5
9797.5
68.0
16111.5
4684.0
1542.0
1351.0
12178.5
5035.0
10727.0
5552.0
524.0
68.0
5062.0
4176.0
7880.5
11616.5
7211.5
68.0
24259.0
1119.0
3580.5
68.0
12575.5
943.5
11648.5
7612.0
15157.0
6676.0
68.0
12494.5
68.0
68.0
68.0
68.0
5581.0
3159.0
2283.0
68.0
68.0
68.0
68.0
13494.5
68.0
4877.0
1387.0
3321.5
68.0
9912.0
12586.0
2736.5
68.0
3435.5
8484.5
2843.5
4547.0
11691.0
5154.0
8440.0
10919.5
11212.5
7658.0
6252.5
68.0
0
11987.0
1615.0
23098.0
1984.5
68.0
1577.5
23093.0
1784.0
68.0
3883.5
10693.5
4810.0
16880.0
163.0
3272.5
11682.0
6364.5
1016.5
719.0
12542.5
14194.5
1394.0
8813.0
8571.5
1876.5
8427.0
68.0
348.5
12551.5
501.5
10384.5
15064.5
163.0
13075.5
2352.5
68.0
521.0
12474.0
7585.5
3106.5
4077.5
17028.0
68.0
1128.5
2333.5
3736.0
68.0
4532.5
4605.5
961.0
3680.0
68.0
4367.0
7721.0
26750.0
14779.0
23702.5
68.0

2374.5
18313.0
3135.0
15316.0
68.0
8075.0
0
4228.5
6284.5
1803.0
4094.0
68.0
68.0
68.0
68.0
9861.5
5481.5
13449.0
0
11662.0
661.0
68.0
4988.0
8963.5
68.0
20066.0
0
1848.5
68.0
1019.5
14376.0
29566.0
3584.0
8135.5
1033.5
19813.5
1090.0
6202.0
68.0
2762.5
17775.5
18511.5
2762.5
8285.5
4502.5
3025.5
68.0
1409.5
6404.5
9923.0
8786.0
9089.0
5907.0
5410.5
1016.5
18667.0
68.0
4450.5
9051.5
11643.5
68.0
1419.0
5918.5
12642.0
4852.5
68.0
7635.0
13471.5
13901.0
5878.0
15238.0
4516.5
5508.5
10989.0
2740.0
10106.5
6730.0
9368.0
3130.5
943.5
0
9030.5
4167.0
23345.5
2861.0
5583.0
7604.5
68.0
332.0
4989.0
5067.5
14719.5
4559.5
4595.0
9175.5
5144.5
8966.5
68.0
2820.5
2782.0
153.5
11258.5
3603.5
2366.0
3582.5
6653.5
12055.5
3310.5
4877.5
8568.5
3545.5
12655.5
13950.5
3662.5
5918.5
5457.5
641.5
12402.0
68.0
68.0
20322.5
68.0
12481.5
18371.5
13418.5
25949.0
8914.5
2767.5
3684.5
2656.0
11165.0
8706.0
10270.5
23756.5
68.0
1820.0
1390.0
1796.5
13490.5
15041.0
1038.5
68.0
3135.0
2652.5
3121.0
3303.5
68.0

14329.5
6768.0
3224.0
11725.0
11096.0
24131.5
4473.5
3297.5
13068.0
15168.5
1913.0
16448.0
11186.0
3309.5
2374.5
3104.0
438.5
5505.5
1555.5
14562.0
1436.5
4067.5
22331.5
1016.5
4183.0
68.0
17927.0
15537.0
15325.0
8887.0
1967.5
3135.0
68.0
2353.0
13850.0
68.0
9504.0
5770.5
12654.5
6349.5
8585.0
4199.0
68.0
19167.0
68.0
10219.5
12540.5
4521.5
2753.5
68.0
4116.0
5794.5
7990.0
68.0
12975.0
2268.0
12000.0
458.0
68.0
719.0
8550.5
1019.5
22826.5
4970.5
2268.5
3727.5
1033.5
68.0
17697.0
68.0
13820.0
3634.0
14718.0
4154.0
515.0
5361.0
3230.5
2670.0
6759.5
4560.0
10829.5
4081.5
21763.5
15766.0
4981.0
24556.5
4876.5
26076.0
68.0
68.0
3158.5
943.5
4606.5
9818.5
3549.0
24304.5
16247.5
3222.0
13767.0
68.0
68.0
1869.5
9791.5
11166.5
68.0
8107.0
4289.5
8894.0
17338.0
10234.0
50.0
3146.5
4072.0
5496.0
3726.0
1419.0
13351.5
1016.5
23975.5
0
15119.0
24433.5
2281.0
68.0
15969.5
68.0
4611.0
1428.5
68.0
22765.5
68.0
926.5
7993.0
6317.5
4068.5
0
22609.5
1036.0
2771.0
0
7326.5
0
438.5
6514.5
2356.0
6322.0
8460.5
5576.0
21810.5
3254.0
9023.5
9827.5
7291.0
1224.5
722.0

68.0
4137.0
5846.5
719.0
554.5
68.0
828.5
6872.5
646.0
68.0
2812.5
2698.5
68.0
7624.0
26202.5
2392.0
3279.0
67.5
68.0
2065.5
1723.5
3512.0
24443.5
9848.0
16171.5
534.5
438.5
633.5
5900.0
1911.5
5939.0
3779.5
4401.0
68.0
9195.0
1415.0
1561.0
68.0
17721.0
13803.5
68.0
68.0
2308.0
6652.5
5764.5
68.0
68.0
2091.5
10509.0
12597.0
68.0
4561.0
68.0
19205.0
5077.5
68.0
68.0
3197.0
6856.0
68.0
828.5
8141.5
5206.5
1915.5
15685.0
68.0
646.0
6371.5
16038.5
14266.0
68.0
1614.0
4706.5
5832.5
1505.5
68.0
6750.5
927.0
10377.0
68.0
68.0
4202.0
3661.0
8532.0
4310.5
4919.5
0
21874.5
9091.5
68.0
6283.0
19144.5
5053.0
7557.5
348.5
7108.5
646.0
1423.5
68.0
10682.0
6714.0
5359.0
1019.0
10751.0
6795.0
3828.5
13995.5
5930.5
25527.5
26784.0
20938.5
1958.5
68.0
22003.0
15999.0
68.0
8187.0
24951.5
14756.5
25841.0
438.5
23982.5
3752.0
14239.5
8578.0
68.0
6257.5
1033.5
998.0
24780.5
9819.0
68.0
9316.0
16144.0
2398.0
15624.0
0
68.0
1355.5
0
20185.0
6408.0
8129.5
11294.0
7588.0
68.0
3222.5
16631.5
68.0
3230.5
9068.0
5883.0
68.0
9951.0
3172.5
3270.0
9522.0
1406.5
12132.0
68.0
9196.5
2285.0
5457.5
5899.0
1806.0
68.0
5146.5
3248.5
3587.5
68.0
68.0
1576.0
15018.5
20939.5
65.0
54.0
5007.5
516.0
1224.5
6787.5
68.0
8868.0
3588.0
3632.5
68.0
68.0
1009.0
0
9401.5
1034.0
68.0
23715.0
7107.0
68.0
50.0
20142.0
4179.5
0
0
68.0
1016.5
12024.5
458.0
5035.5
17008.5
5469.0
1516.0
5067.5
8022.0
68.0
17037.0
2749.0
2423.5
10440.0
14367.0
8659.5
19330.5
6228.5
68.0
7524.0
8897.5
68.0
8892.0
20551.0
3169.5
19697.0
2742.5
2501.5
5018.5
25486.5
5937.0
3623.0
1349.5
2821.0
9524.5
68.0
68.0
3766.5
4456.5
15439.0
4086.5
2597.0
5429.0
8652.5
1854.0
7743.5
4588.5
438.5
17905.5
15730.0
14485.0
68.0
1033.5
68.0
8536.0
5461.5
3618.0
4433.5
2563.0
8114.5
10840.5
5816.0
68.0
0
17898.0
68.0
12973.0
12907.5
8227.5
8528.5
17117.0
2667.5
5804.0
2246.5
2370.0
57.5
10357.0
2321.5
2962.0
16718.5
438.5
6647.0
7375.5
0
68.0
4062.5
3222.0
5493.0
1109.0
6232.0
68.0
0
0
2314.0
6257.0
0
1022.5
1019.0
68.0
16349.5
2743.5
20416.5
1799.0
68.0
9315.5
68.0
2764.5
0
0
24191.0
8601.5
9789.5
16089.5
68.0
15785.5
5483.5
16378.0
4591.0
3234.5
23648.5
68.0
4013.5
68.0
6233.5
0
2392.0
5164.0
22751.0
10227.5
9425.0
3601.0
943.5
5975.5
4023.0
68.0
2263.0
0
1409.5
18393.0
68.0
12082.5
22395.0
9309.5
68.0
13942.0
5950.0
9056.0
5021.0
12424.5
68.0
5021.5
1514.0
348.5
944.5
12982.0
2724.5
5471.5
22295.0
3216.5
8246.5
27172.5
68.0
68.0
3156.5
1479.5
68.0
4936.5
15334.5
8556.5
18219.5
57.5
4476.0
19198.0
25362.5
12558.5
1505.5
8452.0
17036.0
8531.0
13155.0
0
1631.0
0
4007.0
26693.5
68.0
5316.0
1858.0
524.0
6208.5
27033.0
68.0
9962.5
8923.0
12767.0
5920.0
4284.0
68.0
68.0
4899.5
458.0
9901.0
6704.5
927.5
332.0
458.0
14256.0
4555.0
9116.0
6695.0
3119.0
438.5
1373.0
4099.5
68.0
3529.5
68.0
4569.5
12033.5
21793.5
10276.0
13006.5
5569.0
1038.5
6065.5
68.0
9892.5
0
4536.0
1022.5
9682.5
68.0
14141.5
11649.0
68.0
68.0
4126.0
6213.5
1487.5
438.5
1763.0
943.5
7999.0
12998.0
927.5
21069.0
3717.0
28914.5
15680.5
68.0
12422.5
12157.5
5088.5
3818.0
0
3197.0
5285.5
3270.5
3319.0
0
6713.0
1019.0
612.5
0
6218.0
1594.5
28986.5
68.0
68.0
2658.0
10331.5
1577.5
1775.0
3236.0
6309.5
1907.0
2435.0
1351.5
10266.5
4634.0
68.0
5797.0
68.0
3313.0
3585.0
828.5
10930.0
6866.5
9029.5
0
13053.5
4162.0
608.5
68.0
3488.5
0
4226.0
1016.5
68.0
5667.5
943.5
68.0
12911.5
68.0
25308.0
16589.0
2316.0
68.0
0
8881.5
6364.0
6300.5
68.0
2000.0
7607.0
0
438.5
68.0
4086.5
6684.0
4243.0
25323.0
7396.5
4465.0
2546.0
17444.0
629.5
68.0
438.5
2347.0
4321.0
2209.0
68.0
22361.5
50.0
1471.0
22579.0
68.0
443.5
11268.5
6005.5
3648.5
5490.5
2826.5
2219.0
12939.0
8919.0
2470.5
22266.0
8176.0
5778.0
11121.0
2218.5
2405.0
3512.5
3668.5
27202.0
1428.5
8918.0
68.0
6615.0
0
17796.5
3603.5
4469.0
68.0
3601.0
1129.5
68.0
1499.0
8008.5
11766.0
4077.5
1019.0
2428.5
8970.0
5876.0
4959.0
15143.5
3237.5
1911.5
13322.5
25435.5
68.0
943.5
8017.0
21888.0
68.0
10486.0
0
10672.0
4530.5
68.0
3410.5
537.5
10672.5
7674.5
68.0
68.0
8.0
3639.0
1488.5
2428.0
9362.5
908.0
16130.0
4952.5
23985.0
1338.5
5880.0
4958.0
9417.0
68.0
68.0
5010.0
6870.0
3432.0
25761.0
0
68.0
629.0
14907.0
14207.5
1219.5
3564.5
458.0
7973.5
1488.0
1946.0
629.0
68.0
68.0
68.0
4447.5
3776.5
3098.5
1609.5
27643.5
2096.5
1443.5
438.5
11273.0
984.5
3805.5
68.0
5674.5
1965.0
4998.5
8059.5
2282.5
8444.0
68.0
1792.5
68.0
5582.0
1521.5
3274.0
3542.5
3638.5
2360.5
1911.5
1016.5
68.0
1813.5
13845.0
1985.5
1813.5
3673.5
68.0
2036.5
9413.0
646.0
3586.5
16642.0
5053.5
2353.0
646.0
438.5
1224.0
3142.0
2471.0
68.0
1019.5
11212.5
3847.0
1048.5
68.0
3265.5
16975.5
68.0
3572.5
68.0
9953.0
13374.5
13065.0
9404.0
3700.5
999.5
7220.0
68.0
20173.5
629.5
9972.0
7720.5
8667.0
1904.0
1036.0
1757.5
68.0
10811.5
5464.5
12031.0
2555.0
0
5774.5
12565.5
4557.5
1803.0
68.0
23586.0
4015.5
4088.5
4515.5
2060.0
1404.0
7029.0
4088.5
11148.5
6656.5
18747.5
8564.5
3255.5
1410.0
5799.0
68.0
6361.0
10367.0
0
8948.0
68.0
1406.5
5464.0
3338.0
4925.5
7436.0
458.0
14703.0
3265.5
12031.0
26843.0
1914.0
1987.5
3119.5
4473.5
4953.5
0
68.0
68.0
521.0
68.0
24906.5
458.0
906.0
15094.5
25812.5
1853.0
10685.5
1331.0
6262.0
11136.5
4227.0
7225.0
4501.5
612.5
18647.0
1483.0
68.0
68.0
7182.0
68.0
68.0
68.0
1332.0
1095.5
2565.5
914.5
28534.5
68.0
1496.5
68.0
13827.0
68.0
9877.5
68.0
3562.0
6786.5
45.5
4922.0
910.0
2764.5
10863.5
1796.5
3731.0
68.0
535.0
1330.0
68.0
5838.0
11629.5
438.5
68.0
68.0
68.0
5376.0
3865.0
163.0
2261.5
5951.0
2835.5
68.0
1793.0
68.0
3712.5
1794.0
6218.0
7104.5
68.0
1970.0
68.0
13427.0
454.0
50.0
736.0
13371.5
0
20711.0
5461.0
68.0
68.0
8143.5
1517.0
10151.0
2535.0
14478.5
2697.0
68.0
2838.0
21300.5
10526.5
24163.0
1869.5
2501.0
6211.5
1559.0
0
3689.5
68.0
173.0
1392.0
3115.5
5576.5
1597.0
18867.5
0
943.5
2142.0
68.0
3321.0
6800.0
348.5
11600.5
14805.0
11111.0
0
14409.5
68.0
9994.0
9946.5
68.0
11723.0
3657.0
2723.0
2547.0
22345.5
11187.0
18428.5
68.0
620.5
1847.5
68.0
68.0
3808.5
11880.5
7542.0
19684.0
4132.5
458.0
2658.0
19562.5
1946.0
7768.0
4680.5
15161.5
12223.0
2671.0
4897.5
1594.5
458.0
4499.0
5021.5
8942.5
1808.0
3292.0
5016.5
68.0
4897.5
68.0
13492.0
4213.0
68.0
15137.0
3531.5
646.0
8520.0
6521.0
8669.5
1048.5
29421.5
4590.0
68.0
68.0
2356.0
612.5
50.0
13897.5
13518.5
7658.5
8058.5
8655.0
909.5
0
960.5
1076.0
7209.5
68.0
15584.0
13178.0
14370.0
1597.0
20793.5
7379.0
3208.0
68.0
3715.5
458.0
5785.0
11130.5
19617.5
5399.0
5927.0
25931.0
3696.0
4030.5
9490.0
21054.0
12695.0
0
5134.0
0
438.5
17436.5
7105.5
17331.0
21805.0
17167.5
943.5
68.0
6692.0
6818.5
4001.0
1033.5
8043.0
22198.0
8705.5
5619.0
4707.5
1297.0
6225.5
10386.0
68.0
1496.5
554.5
27709.5
3233.0
4853.5
3772.0
5147.5
68.0
68.0
2100.0
68.0
2282.5
943.5
7903.0
20965.0
458.0
68.0
3852.5
11071.5
150.0
21947.5
68.0
1389.5
68.0
5765.0
1479.5
13412.5
13861.5
8105.0
2835.5
12506.5
12204.5
13859.0
524.0
2482.0
8429.0
1021.5
9068.5
4906.5
14398.0
2113.5
8950.5
11644.0
14338.5
19300.0
13437.0
21859.0
11229.5
1499.0
68.0
18480.5
1337.5
568.5
68.0
22855.5
1024.0
9070.0
736.0
68.0
6464.5
2462.0
19219.0
13157.5
3200.0
7634.0
629.0
68.0
8.0
8522.5
4981.5
2781.5
2454.0
68.0
1479.5
1224.0
490.5
12126.5
736.0
646.0
4933.0
3218.5
7588.0
2158.0
68.0
1496.5
6309.0
442.0
6373.5
68.0
13800.0
68.0
13910.5
7026.0
67.5
2307.5
13905.0
1565.0
8328.0
68.0
6676.0
1351.0
19150.0
10888.5
1051.0
11740.0
1033.5
14745.5
18042.0
8583.0
68.0
2217.5
3376.5
4054.0
68.0
68.0
68.0
19251.5
25568.5
3652.5
4616.0
5786.5
3662.5
8630.5
2835.0
4606.5
2343.5
2282.5
5465.0
5570.0
4684.5
9997.5
68.0
533.5
4482.0
13856.0
9354.5
2256.0
22781.5
4894.5
68.0
1399.5
68.0
19749.0
2851.5
3140.5
6504.5
6418.5
14378.0
1982.0
1033.5
68.0

11806.5
2701.0
646.0
9819.0
12289.5
533.5
4203.5
7530.5
5927.0
2799.0
6682.0
68.0
1496.5
748.5
17021.0
4048.0
68.0
68.0
13622.0
3687.0
68.0
8232.5
68.0
15285.5
7147.0
6389.0
7633.5
14002.0
2340.5
68.0
68.0
68.0
9375.5
6694.0
68.0
11217.0
68.0
10047.5
2396.5
365.5
458.0
68.0
68.0
68.0
999.5
23556.0
7813.0
8.0
17804.5
6710.5
828.5
9522.0
68.0
6194.0
8.0
629.0
554.5
4519.0
736.0
68.0
6055.0
4130.5
4571.5
646.0
13930.0
14596.5
9350.0
14261.5
163.0
20116.0
2733.0
9256.5
6506.0
68.0
2027.5
10733.0
10861.5
19699.5
3593.5
3718.5
1614.0
2262.5
4028.5
6131.5
68.0
1121.5
15650.0
68.0
1911.5
8186.0
4498.5
1909.0
68.0
11028.0
257.0
453.0
68.0
6666.5
4456.0
3623.5
1850.0
2655.5
4981.5
4957.0
1016.5
1806.5
68.0
6438.0
16762.0
68.0
17365.0
2670.0
1837.0
68.0
15113.5
7061.0
6769.0
4972.0
3122.0
21904.5
68.0
1331.5
8047.0
13624.5
10257.0
18633.0
2715.0
24287.0
11196.5
4662.0
3234.0
17425.5
68.0
68.0
10836.5
68.0
12838.5
4462.5
7502.0
5416.0
10390.5
1522.0
8536.0
438.5
3115.5
25176.5
14366.0
1387.0
1389.5
68.0
68.0
11134.0
3118.5
12151.5
14308.5
5814.0
25308.0
68.0
14328.5
10021.5
1019.0
7216.0
1128.5
521.0
68.0
1895.0
19110.5
17397.5
8.0
68.0
8677.5
27564.5
68.0
19172.5
16155.0
3138.0
10644.0
1022.0
68.0
3513.5
7619.0
5494.5
5795.0
14440.0
14896.0
4579.0
7188.0
2301.5
68.0
2341.0
7381.5
2379.5
68.0
3307.0
20791.0
68.0
16266.5
68.0
11071.0
9525.0
15266.5
10172.5
2679.5
4494.0
18042.0
16150.0
9391.5
2799.0
5420.0
13332.5
4481.0
5890.5
14063.5
68.0
2276.5
17437.0
12113.5
944.0
8426.0
68.0
612.5
68.0
68.0
4508.5
1393.0
2719.0
13136.0
18843.5
3392.0
68.0
9441.5
12544.0
8656.5
20462.5
14659.0
1997.0
8.0
8950.0
2456.0
68.0
14202.0
1902.5
6244.5
7640.0
16873.0
3998.0
1653.5
1102.5
1126.0
11239.5
68.0
3569.5
68.0
24071.5
438.5
15200.5
68.0
6301.5
2091.5
20533.5
11099.5
2842.0
5403.5
24123.5
5927.5
22235.5
8493.0
5451.0
7697.0
1496.5
68.0
5093.5
68.0
15769.5
10680.5
27680.0
7199.5
68.0
14638.0
7505.0
8301.5
68.0
438.5
3685.5
438.5
3287.0
2709.5
68.0
68.0
6262.5
1426.0
1953.5
1772.5
18741.0
2193.0
3122.0
7297.5
68.0
68.0
9707.5
68.0
68.0
2658.0
5836.0
438.5
68.0
944.5
12164.5
4029.0
21005.5
68.0
4425.5
18360.5
2450.0
19130.5
5442.5
6727.0
68.0
16513.0
533.5
13357.0
68.0
2565.5
9856.0
5203.5
19708.0
1131.0
7661.0
8071.5
3699.5
23216.5
458.0
15739.0
68.0
3226.5
2431.5
943.5
12086.0
943.5
4087.0
28426.0
6724.5
6301.0
8072.5
458.0
13791.5
18728.5
2845.5
15217.5
68.0
4449.0
10385.5
68.0
7928.0
9810.5
4552.0
10669.5
9782.5
6318.5
5002.0
3334.0
9947.0
10781.0
6205.0
1037.0
4260.0
68.0
5486.0
68.0
1053.5
14309.0
68.0
68.0
3122.0
3711.5
2357.5
8898.5
8275.0
7636.0
3557.5
163.0
1884.5
2655.0
8108.5
1912.0
9872.5
5437.5
5506.5
1906.0
11238.0
68.0
68.0
14346.0
68.0
5938.5
68.0
12800.0
153.5
23596.0
68.0
4501.5
11578.5
68.0
22689.0
4614.0
9604.5
5812.0
3613.0
2746.0
6321.5
3216.5
68.0
2872.0
3693.5
8553.5
2109.0
7158.5
1631.0
1115.5
7701.0
4712.5
3323.0
1850.0
68.0
6077.0
9493.0
458.0
3220.0
960.5
3655.0
68.0
8005.5
68.0
1106.5
68.0
3546.0
5839.5
19752.0
18256.0
6775.5
68.0
21808.5
7716.0
4915.0
3891.0
7394.0
2265.0
19219.0
4903.0
16988.0
20507.0
68.0
3584.5
68.0
738.5
2672.0
68.0
13940.5
68.0
2560.0
2341.0
1336.0
11924.5
26095.5
68.0
1002.5
1019.0
18273.5
68.0
1333.5
9380.0
14752.0
68.0
13907.0
8869.5
8579.0
13953.0
11273.0
13932.0
17807.5
3180.0
13761.0
25446.0
5573.0
5823.0
15172.5
3135.5
20950.0
12031.0
8565.0
910.0
17445.5
614.0
68.0
4536.0
15576.5
17117.5
68.0
10450.0
68.0
14755.5
8038.5
2357.5
68.0
68.0
9462.0
68.0
3055.0
6350.0
68.0
68.0
10661.0
0
2082.0
16932.5
22794.5
68.0
10434.0
2253.5
23183.5
5481.0
2655.0
5857.5
3211.5
17450.5
68.0
1535.5
8943.5
4582.5
2765.0
4455.0
25885.5
5803.5
68.0
7034.0
910.0
2770.5
13405.5
5454.5
9757.5
9842.0
68.0
68.0
627.5
4644.5
3801.0
68.0
12002.0
4078.5
438.5
68.0
68.0
5493.0
18800.5
25491.5
738.5
438.5
0
13048.0
534.5
68.0
21950.5
438.5
8570.0
1614.0
2430.5
9471.0
515.0
8963.5
7998.0
21040.0
68.0
68.0
68.0
26294.5
458.0
11711.5
68.0
13451.0
25895.0
3163.0
20482.0
68.0
68.0
20059.5
12129.5
20723.5
11670.5
15667.0
6354.5
68.0
0
17802.0
25410.0
68.0
8060.5
543.5
68.0
12072.5
8047.0
17681.5
4571.0
8013.0
8131.0
68.0
1556.0
9652.5
4101.5
23118.5
2445.0
6787.0
14256.5
9971.0
16110.5
3107.5
6810.0
7715.0
8948.0
11312.5
68.0
4033.5
16518.5
15738.5
68.0
26751.5
3039.5
20553.0
2436.0
8902.0
8953.0
8508.0
68.0
12591.0
4617.5
1895.0
68.0
68.0
5405.5
7005.0
68.0
11375.5
4148.0
1004.5
9339.0
6287.0
16093.5
7165.0
4131.5
68.0
2346.5
3679.0
6010.0
18755.5
20416.5
18739.5
3674.5
12199.5
20827.5
68.0
68.0
16566.5
68.0
68.0
524.0
68.0
68.0
28027.0
68.0
12469.5
4492.0
5860.0
11596.5
15652.0
68.0
6367.0
5618.5
16434.5
6879.0
999.5
3213.0
19695.5
12444.5
6795.0
22385.0
1984.5
8166.5
8009.5
8.0
22865.5
2757.5
11289.5
14307.0
1406.5
11108.5
68.0
5967.0
11704.5
16032.0
10881.0
1869.5
68.0
543.5
68.0
68.0
11991.5
68.0
7717.5
68.0
3623.5
8371.5
68.0
68.0
533.5
22269.5
17793.0
13454.0
68.0
943.5
15164.5
8200.5
68.0

14394.5
68.0
458.0
68.0
4541.5
909.5
3983.0
9436.0
243.5
4596.0
9445.0
10303.5
11694.0
6317.0
24428.5
1034.0
6278.5
8544.0
10389.0
20894.5
2797.0
68.0
10678.5
11722.0
68.0
910.0
14282.5
458.0
1867.0
68.0
7604.0
1000.0
68.0
22258.0
10785.5
15267.5
68.0
13396.0
2380.5
12578.0
68.0
68.0
3194.0
16098.0
1841.5
17813.5
2745.5
3654.0
68.0
17456.0
6660.5
68.0
230.5
1555.5
3542.5
68.0
3216.5
11179.0
7571.5
3643.0
13376.0
27222.0
19280.5
68.0
23689.0
4079.5
6514.5
4048.0
4081.0
68.0
10287.5
543.5
68.0

365.5
5509.5
16383.5
5912.5
10021.0
1785.0
3696.0
4573.5
5761.5
1031.5
2475.0
6406.0
4610.5
12650.0
4507.5
4364.0
7252.5
23167.5
68.0
14280.5
4295.5
4129.0
27695.5
2835.0
7327.5
3616.0
68.0
3118.0

68.0
23628.0
19132.0
68.0
9929.5
68.0
1822.0
68.0
3247.0
68.0
8591.5
12205.5
4125.5
68.0
10790.5
11260.5
11267.5
5976.0
3733.0
0
3604.5
0
1870.5
23452.5
68.0
6240.5
3882.0
25216.5
629.5
9531.5
6339.5
9392.5
7454.0
7620.5
6057.5
68.0
16097.5
2559.5
68.0
17213.0
8962.0
1004.5
2877.5
23303.5
68.0
3161.0
1779.5
65.0
3589.5
9455.0
11327.0
7375.5
68.0
15604.5
23126.0
28163.0
68.0
755.5
2356.0
68.0
13406.0
14347.0
68.0
19240.0
68.0
10908.0
1199.0
7645.0
4527.5
1314.0
13970.0
68.0
68.0
1505.5
68.0
2529.0
24075.5
68.0
68.0
22880.0
10691.5
2840.5
9832.0
2364.0
68.0
11846.0
5076.0
6519.5
1865.0
68.0
8063.5
7005.5
3775.5
19231.5
9939.5
5450.5
20549.5
4116.0
10360.0
4955.0
18700.5
68.0
1954.0
1053.5
10323.0
927.0
6761.0
15117.0
2708.5
3188.5
68.0
1372.5
6217.0
11703.5
14806.0
68.0
5910.0
173.0
4101.0
1833.5
438.5
2301.5
19752.0
68.0
11579.0
5439.0
21913.0
68.0
4999.0
10467.0
14711.5
8074.0
1597.5
7629.5
17174.0
68.0
13511.5
1802.5
3233.5
5512.5
26374.0
11717.0
13527.5
5067.0
926.5
646.0
458.0
3247.5
17827.0
1779.5
7291.5
5399.5
68.0
1326.0
7120.5
8502.5
6803.5
3722.5
68.0
2362.0
10849.5
68.0
9384.5
438.5
10778.5
3110.0
19690.0
16169.5
438.5
1785.5
24891.0
14225.0
1423.5
14663.5
16057.5
5531.5
12409.0
9788.0
2378.5
1830.5
68.0
22749.5
2192.0
3118.5
3718.0
68.0
15256.5
10992.0
6739.5
4182.5
8629.0
21828.0
3210.5
2638.5
68.0
1496.5
2277.0
10414.5
1036.0
12140.5
68.0
1016.5
6329.0
3974.5
7242.5
15348.0
7703.5
12609.0
3236.0
20569.0
3057.5
1492.5
68.0
3178.0
2227.0
27313.0
15689.0
10680.5
8582.0
926.5
6373.5
8037.0
20954.0
16187.0
13832.0
14350.5
13619.0
15705.5
68.0
1109.0
15406.0
7552.5
68.0
7122.5
5035.0
11402.5
19423.0
19673.5
25679.0
515.0
12861.0
27658.0
2785.0
458.0
2780.5
23962.5
8118.5
2319.5
68.0
5122.0
910.0
738.5
5483.0
68.0
10525.0
7163.5
68.0
2737.5
68.0
5952.0
15537.0
14454.5
68.0
14327.0
6116.0
4974.5
4524.5
68.0
3726.5
68.0
16422.5
68.0
68.0
22394.5
19223.5
3250.0
25916.5
17625.5
11233.0
68.0
5404.5
68.0
4185.0
529.0
3118.5
4101.0
2919.5
1396.5
554.5
68.0
9509.5
9898.5
1407.5
9654.0
2279.0
7665.5
15369.5
1241.5
22740.0
10256.5
19673.5
7924.0
26648.5
5798.5
8022.5
68.0
11618.0
68.0
8534.5
1317.0
68.0
2350.5
8975.0
68.0
3118.0
458.0
68.0
19374.0
68.0
5885.0
8989.0
3466.5
13852.0
2257.0
6748.5
24182.0
11331.5
15689.0
1521.5
2378.0
2004.0
21439.5
68.0
8044.0
11317.5
9395.5
5947.5
68.0
11119.0
68.0
12089.5
3233.5
3697.5
6354.0
4741.5
68.0
646.0
8995.0
11666.0
6848.0
4439.5
11666.5
16084.0
68.0
21440.0
4568.0
1390.0
10929.0
3569.5
19271.5
13447.0
5457.5
23693.0
3531.0
1036.0
7181.5
68.0
2745.0
68.0
11334.5
7174.0
27735.0
68.0
3338.0
16949.5
68.0
1036.0
8482.5
5420.5
2734.0
1331.0
8275.0
629.5
24065.0
4008.5
8701.0
11207.5
458.0
68.0
68.0
1484.0
4528.5
12603.0
543.5
68.0
26939.5
828.5
2215.0
3133.0
68.0
12079.5
8546.5
4875.5
1819.5
2374.5
2655.0
13723.0
365.5
17452.0
21017.5
11712.0
13605.0
11676.5
1817.5
1948.0
23210.5
9854.5
3928.0
3576.0
68.0
19760.0
13315.5
4475.5
2630.0
4997.0
11618.0
944.5
722.0
10456.5
68.0
7683.0
21431.5
926.5
68.0
68.0
6052.5
4572.5
7727.0
4967.5
12972.0
4103.5
13874.5
1833.0
6673.0
8178.5
20993.5
21408.0
68.0
7286.5
9809.5
1041.0
16463.5
1926.5
2373.0
15634.5
18162.0
68.0
8574.0
9335.0
8448.0
1036.0
1895.0
7270.5
2370.0
13035.5
12603.5
7273.5
4038.5
68.0
9512.0
11225.5
20075.0
4034.0
13462.0
7708.0
26674.5
11675.5
3657.5
18221.5
68.0
6491.5
438.5
13058.5
68.0
14191.5
22439.5
458.0
438.5
68.0
1426.0
1803.0
14578.5
6621.0
1019.0
14348.0
22274.5
1833.5
2130.5
4492.0
11263.0
1589.0
6276.0
9042.0
1300.0
1132.5
3250.0
534.5
4938.5
28340.0
926.5
5461.0
68.0
68.0
5370.5
18844.0
5103.5
10696.5
458.0
12833.5
997.5
9416.0
909.5
7736.5
7614.0
11139.0
8060.0
4479.0
6017.5
9064.5
348.5
15705.0
68.0
4021.0
13313.5
19084.5
1816.0
68.0
16486.0
5800.0
8070.0
2561.0
3109.5
5949.0
68.0
10823.0
6934.5
12463.5
1241.0
13405.5
13811.5
2653.5
3216.0
5464.5
68.0
438.5
20961.5
944.0
4007.0
2840.0
11694.0
68.0
4568.5
68.0
68.0
3364.5
14294.0
9832.0
7519.5
22400.5
163.0
2742.5
5530.0
2246.5
68.0
14868.5
28131.0
2843.0
14762.0
68.0
68.0
11152.0
4476.5
25049.5
22679.5
68.0
68.0
0
68.0
1580.0
11669.0
0
943.5
12095.0
68.0
5348.0
68.0
11278.5
4550.5
4579.0
13908.5
5050.0
20506.0
7587.0
8648.5
13160.5
14300.0
11564.5
2669.5
3008.5
11279.5
12129.5
978.5
1392.5
914.5
68.0
4985.0
23988.5
5761.5
438.5
7249.5
2316.0
22951.5
9358.0
2321.5
10464.5
19145.0
3562.0
3202.0
68.0
5730.5
1126.0
7677.0
68.0
16900.0
68.0
9890.0
1033.5
3115.5
5900.0
68.0
2688.0
3248.0
68.0
15158.5
4950.5
1487.5
68.0
7247.0
68.0
12563.5
11185.0
68.0
365.5
9453.5
1053.0
12305.5
68.0
14309.5
10776.0
3603.5
14304.0
12175.5
4911.0
68.0
1475.5
24004.5
6772.5
1036.0
8649.0
22705.5
68.0
11197.5
2737.0
3043.0
68.0
12123.0
1911.5
68.0
8708.5
2372.0
3270.0
2818.5
6744.5
9007.0
9301.5
14187.0
1347.0
1796.5
68.0
1505.5
27394.0
4997.5
1477.5
6058.5
1779.5
21808.5
5427.5
68.0
9422.0
68.0
927.0
3612.5
17429.5
68.0

4923.0
5043.0
629.0
5263.5
348.5
5439.0
18286.5
4892.5
10378.5
3219.5
1500.0
4454.5
14224.0
163.0
7544.5
6658.0
7294.5
10703.0
4637.0
13345.5
68.0
8183.5
9142.5
68.0
4490.5
68.0
8833.0
9339.0
17864.5
1521.0
3708.5
926.5
16967.5
11791.0
8966.5
12982.0
16972.5
7604.5
3666.0
19247.0
4400.0
68.0
18773.5
7210.5
4861.5
1414.0
8733.0
17422.5
68.0
23274.5
4981.5
3253.5
25845.5
19838.0
702.5
5372.5
68.0
13970.5
11128.0
4083.5
5075.5
68.0
1019.0
1409.0
6956.0
1985.0
68.0
1802.0
11387.0
25465.5
1002.5
18812.0
999.5
3234.0
26311.0
68.0
68.0
4443.0
6022.0
0
4996.5
9499.0
20509.0
21435.0
3017.5
1406.5
3236.0
5350.0
9589.0
8487.0
7328.0
1894.5
15527.0
10469.0
11705.5
1314.5
14845.0
2184.0
5485.0
8534.5
18862.5
6659.5
68.0
3112.5
10599.5
10715.0
7532.0
10204.0
7557.5
8931.0
1577.5
943.5
2477.5
6509.5
8147.0
3404.5
7417.5
11144.0
4079.5
1496.5
7311.5
17393.5
18437.5
26549.5
5027.0
1597.0
20739.0
0
13471.0
20791.0
8589.5
14055.0
1869.5
6335.5
13332.5
15228.5
21719.0
2060.5
10798.5
521.0
5782.5
16999.5
9020.5
68.0
68.0
17773.5
5032.5
21351.5
0
12282.5
6289.0
3115.5
5897.0
6469.5
3056.0
14798.0
1867.5
3270.0
6798.5
18695.5
68.0
22668.0
16874.0
26744.0
961.0
20901.5
4945.0
10752.5
2747.5
4895.0
68.0
4503.0
6431.0
6297.0
8492.5
9027.5
6019.5
6293.5
68.0
15152.5
9380.5
736.0
23094.0
458.0
2355.0
10422.0
6294.5
719.0
14280.5
10817.5
7210.5
3154.5
68.0
8811.5
22707.0
68.0
9271.5
8004.5
596.5
13338.0
4584.5
10743.5
68.0
19391.0
68.0
999.5
68.0
9827.5
4435.5
16503.5
4480.0
1218.5
68.0
3604.0
5441.0
21371.0
16964.0
7128.5
68.0
28521.5
68.0
1505.5
5394.5
4059.5
68.0
14936.0
7131.0
10333.5
9026.5
18692.0
17431.0
8982.0
12206.0
57.5
7646.5
11711.5
7771.5
3660.5
7988.0
943.5
2355.5
68.0
5855.0
4418.0
14923.5
15347.0
1894.5
68.0
1034.0
13351.5
24168.0
68.0
458.0
15558.0
68.0
68.0
45.5
1614.0
4587.5
6713.0
5910.0
26274.5
68.0
1126.0
2837.5
10340.0
2745.5
3096.0
7306.0
17835.0
4571.5
5776.0
10671.0
22.5
68.0
30648.5
9421.5
5537.0
3017.5
7649.5
10688.5
68.0
5813.0
3188.5
0
15740.5
60.5
60.5
2464.5
16903.0
17907.0
20502.0
16043.0
19720.0
6016.5
11730.0
3621.0
68.0
5501.5
6355.0
18809.0
68.0
9324.5
22328.0
19272.5
1777.0
68.0
10433.0
3233.5
16577.0
7535.0
8645.0
25159.0
3526.5
10097.0
23450.0
10806.5
68.0
3673.5
1472.5
0
29187.5
8137.5
67.5
68.0
13808.0
1089.5
68.0
8129.0
6900.0
68.0
9373.0
4081.0
2768.5
3588.0
2776.0
13326.5
0
1015.0
20012.0
1894.5
0
1034.0
6296.0
2970.5
646.0
12477.5
1870.0
458.0
7623.5
3792.0
2389.5
68.0
18410.5
13901.5
2360.0
4273.0
9832.5
1036.0
5035.5
9796.5
14040.0
10884.5
6393.0
12483.0
1984.5
4840.5
3231.5
4089.0
1687.0
5456.5
10819.0
27233.0
7237.5
10472.0
1221.0
22692.5
19233.0
12606.0
19141.5
1477.5
13947.5
13342.0
68.0
1500.0
5989.5
11230.5
68.0
27682.0
23561.5
4111.0
8248.0
25097.0
15832.0
6147.5
2689.0
68.0
13932.5
2742.5
15721.0
9409.0
10875.0
27920.0
4981.0
2297.0
2563.0
1016.5
15728.0
5576.5
10814.0
6077.0
29797.5
4164.0
14860.0
68.0
19219.0
27528.5
22414.0
11651.0
10101.5
6273.5
7186.5
2940.0
2265.0
23196.5
15678.0
16611.0
365.5
21808.0
5893.5
3217.5
20204.5
4972.0
68.0
7587.5
2376.5
10827.0
68.0
10816.5
22416.5
21151.5
1909.0
14258.0
5777.5
738.5
1406.5
6363.5
9105.5
68.0
438.5
3639.5
68.0
1023.5
16740.0
9329.5
853.5
9958.0
68.0
2816.5
6410.0
16425.5
7249.0
22724.0
150.0
1055.5
7114.0
24932.5
68.0
11269.0
68.0
18816.0
1443.0
13927.0
12944.5
1458.5
2265.5
68.0
4608.0
719.0
2460.5
17386.5
3688.0
348.5
9016.0
13042.0
68.0
12180.5
21060.5
12573.0
68.0
7127.0
3347.0
23720.5
2230.0
458.0

12585.0
20489.5
16416.5
68.0
5782.0
8522.0
2650.5
22942.0
6186.0
0
10382.0
19853.5
68.0
5814.5
7044.0
1927.5
29404.0
1516.0
2723.0
3166.0
13041.0
7676.5
4522.0
68.0
7232.0
9399.0
15229.5
13505.5
3548.5
8234.0
13058.0
458.0
4631.0
4452.0
13366.5
8289.5

68.0
537.5
1707.0
18792.5
1794.0
1119.0
18796.5
8561.0
13434.5
1628.5
6424.0
7116.5
13329.0
1757.5
4939.5
5486.5
7039.0
3545.0
14264.5
4495.5
68.0
15983.0
6817.5
7213.5
961.0
8012.5
68.0
5651.5
68.0
8888.0
68.0
14365.0
68.0
3230.5
14587.0
6522.0
68.0
5788.5
438.5
12667.5
25348.0
1477.5
11840.5
12922.5
163.0
438.5

7262.5
9425.0
13469.0
68.0
1496.5
16225.5
4441.0
5222.5
17436.5
8841.0
11465.0
2220.5
719.0
12185.0
1406.5
926.5
68.0
4524.5
9345.5
3421.0
548.5
7383.5
8108.5
926.5
1802.0
3604.0
2432.0
5001.5
6715.5
13392.0
3128.5
23695.0
4883.5
10198.5
12850.0
612.5
4907.0
1036.0
6694.0
2259.5
68.0
4558.5
3904.5
11179.5
533.5
3701.0
1967.5
26756.0
3991.0
7955.0
8090.0
2079.0
14353.0
68.0
1480.0
68.0
10058.5
3059.5
537.5
11240.0
68.0
10919.5
68.0
1033.5
10252.5
23589.0
4502.0
2391.5
9713.5
11578.0
68.0
15964.5
14967.0
68.0
7573.0
68.0
4003.0
7152.0
68.0
1948.5
25978.5
22688.0
68.0
663.0
68.0
10824.5
11922.0
2653.0
8014.5
944.0
0
4557.0
3211.5
612.5
16519.0
24648.5
6888.0
1016.5
10312.5
5574.0
5849.5
4207.0
19987.0
10791.5
21688.5
1387.0
68.0
8550.0
29458.0
5015.0
9161.5
26793.5
438.5
5071.5
9813.0
1331.0
68.0
1940.0
15667.5
6396.5
10315.0
1421.5
11224.0
10796.5
26667.0
4975.0
4803.5
17893.5
50.0
2797.0
1333.5
7677.0

2844.5
7207.0
68.0
5447.0
524.0
68.0
11213.5
68.0
3851.5
6265.0
68.0
6664.5
4944.0
6772.0
3594.0
68.0
7615.0
12240.0
16328.5
0
3281.0
848.0
2885.0
68.0
68.0
4070.5
68.0
18342.5
68.0
68.0
1002.5
3062.5
4894.5
9908.5
13800.0
17482.5
22339.5
4108.5
24064.0
0
9029.0
722.0
22002.0
5282.0
15457.5
20240.5
6358.0
0
4166.5
6805.5
68.0
2764.5
16156.0
68.0
13336.0
9902.5
3585.5
68.0
5006.0
68.0
3694.0
12616.0
18245.0
0
68.0
2355.0
4126.0
6026.5
3710.0
68.0
68.0
2268.0
68.0
9434.0
5795.5
4075.0
3323.5
5811.5
10356.0
6668.0
68.0
67.5
9935.5
8459.0
533.5
11147.5
14971.5
0
0
14655.0
10257.0
2751.5
2223.5
3472.5
458.0
68.0
68.0
68.0
3589.5
9431.0
68.0
1704.0
3223.0
68.0
3211.5
7732.5
9387.5
68.0
68.0
7112.0
15571.5
8923.5
1802.5
19690.0
534.5
646.0
9941.5
5429.5
8165.5
15637.5
4565.5
10141.5
4075.0
20047.0
68.0
9905.0
16630.0
5980.5
4527.0
68.0
7135.0
20136.0
68.0
927.0
1597.0
2248.5
5436.5
20061.5
533.5
7609.0
68.0
68.0
68.0
7114.5
68.0
9890.5
1132.5
9353.5
629.0
18439.0
1370.0
438.5
4551.5
20549.0
9966.0
21710.5
9273.5
14163.5
1300.0
16537.0
16507.5
14314.5
27216.0
5915.0
68.0
68.0
5533.5
5340.5
13079.5
17813.5
15503.0
4142.0
10673.0
16504.0
14264.0
68.0
8436.0
11248.5
5436.0
4517.5
3578.0
68.0
5004.5
11676.5
6553.5
17359.5
10219.0
13030.5
8542.5
68.0
14735.0
1426.0
20088.0
68.0
77.5
5457.0
68.0
10729.5
8894.0
4588.0
10365.0
1861.0
2057.5
23366.0
7028.0
2302.5
458.0
1109.0
5044.5
11688.5
3989.0
5105.0
2333.0
29333.0
8892.5
12593.5
2350.5
3120.5
29875.0
68.0
7502.5
12973.0
68.0
6248.5
2747.5
1992.5
3581.5
4619.5
68.0
1949.0
5869.5
8526.5
5718.0
4549.5
707.5
10493.0
2964.0
458.0
27355.5
68.0
11202.5
13009.5
4143.5
13392.0
8503.0
15203.0
20849.0
2672.5
18755.5
3615.0
68.0
7118.0
9343.5
2237.5
8382.0
14810.5
1777.0
7008.5
28969.5
9454.5
24075.0
23481.0
22725.0
6729.5
13364.5
68.0
2919.0
5360.5
68.0
7222.5
4345.0
9832.0
6358.0
18314.5
68.0
3214.0
613.5
15131.5
8076.5
3206.0
943.5
1126.0
6054.5
65.0
6796.0
14250.0
9895.0
7078.0
9898.0
738.5
4956.5
9839.5
5816.5
68.0
68.0
9387.0
9411.5
438.5
2837.5
68.0
9510.0
18665.5
4772.0
2341.0
68.0
11115.5
11402.0
11181.0
5426.0
16976.5
1146.5
515.0
13482.0
17615.0
2691.5
1597.5
1499.0
2299.0
8945.5
10305.5
11381.0
8875.5
68.0
3584.0
3272.5
9103.5
2582.0
26768.0
4517.5
68.0
2285.0
68.0
13820.5
11217.0
11581.0
19314.0
21813.5
2351.5
16569.0
13920.5
21007.0
18640.0
17769.5
1036.0
9942.5
2445.5
3161.5
7185.5
9944.0
6990.0
68.0
2750.5
2567.0
6997.0
15138.0
6302.5
68.0
1605.0
11163.5
11121.0
5431.5
3996.0
68.0
13911.0
17754.0
1053.5
23631.0
4538.5
19273.0
16562.0
4940.0
68.0
1595.0
4182.0
22794.0
68.0
17757.0
7504.5
7580.5
2392.0
1349.0
5358.5
6466.0
16957.0
19895.5
1089.5
501.5
1689.5
11126.5
21247.0
943.5
68.0
68.0
4103.0
4153.5
68.0
26223.0
4069.5
2060.0
11333.5
10578.0
9407.0
14797.0
4203.5
3999.0
2004.5
14344.5
8035.5
3555.0
5759.5
8075.5
23531.0
68.0
4564.5
24144.0
19233.5
5241.0
1615.0
5053.0
68.0
68.0
26286.5
7104.5
1238.0
6465.5
11713.5
7632.0
5881.5
68.0
2678.5
2718.5
3191.0
9490.5
25393.0
68.0
736.0
68.0
458.0
78.0
828.5
11268.0
6003.0
68.0
68.0
944.0
4493.0
19249.0
68.0
4602.5
8819.0
68.0
17322.5
20136.0
9426.5
68.0
14517.0
438.5
17294.5
68.0
68.0
7361.0
2060.5
4493.5
5630.0
2767.0
8949.5
1460.5
8016.0
2231.5
5116.0
68.0
24249.0
13786.5
24935.0
3751.0
68.0
68.0
2338.5
68.0
8508.0
26114.5
17576.5
9960.5
68.0
5507.5
19731.5
6815.5
1386.0
13251.0
438.5
16396.0
68.0
1896.5
68.0
3189.0
68.0
2282.0
6225.5
68.0
14720.0
1946.0
2389.5
12975.0
4038.5
18846.5
18630.5
68.0
4656.5
926.5
3658.0
1409.0
13244.5
6444.0
68.0
12568.5
5629.0
68.0
68.0
4581.0
68.0
68.0
6822.0
4568.0
3861.5
13067.0
1036.0
13070.5
10959.5
4594.5
2837.5
2765.5
2816.0
68.0
2265.0
68.0
458.0
20891.5
13903.5
22904.0
18683.0
4552.0
68.0
13831.0
2821.0
27123.0
68.0
13981.0
68.0
10364.0
9023.0
1389.5
4561.5
68.0
20514.0
1631.0
17556.5
8075.0
68.0
68.0
6341.5
999.5
68.0
1505.5
7692.5
1016.5
6253.0
4065.5
2816.0
6282.0
68.0
6844.5

1794.0
13882.0
10691.5
27735.0
2990.0
4167.5
68.0
2543.0
68.0
1786.0
17466.0
25875.5
24719.5
1886.5
17108.0
17788.0
931.0
68.0
21834.0
1886.5
20947.5
11261.5
6651.0
68.0
9988.5
18657.5
10700.5
1777.0
68.0
8121.0
1036.0
68.0
0
20591.0
11184.0
11233.0
646.0
68.0
3730.0
11221.0
153.5
68.0
68.0
10769.0
16479.5
4119.5
8941.5
3739.0
4798.5
68.0
11440.5
21492.5
722.0
15964.5
68.0
8562.0
6137.0
19551.5
2374.5
6321.0
11438.0
25296.5
2397.5
18301.5
68.0
5069.5
27190.0
5829.0
21717.5
5005.0
4000.0
15465.5
646.0
520.5
9963.5
14375.0
5437.5
2265.5
11635.0
1109.0
17965.5
28235.0
944.0
68.0
999.5
68.0
21838.5
4181.5
1836.5
1760.5
943.5
10418.0
13052.5
2321.5
68.0
18750.5
68.0
8106.0
19738.0
68.0
68.0
1314.0
14725.5
17414.0
68.0
4455.0
15916.0
12904.0
6469.5
10735.0
9595.0
11714.0
26773.5
7239.0
25798.0
5520.0
68.0
9508.0
68.0
1128.5
8977.0
5992.0
4062.0
4396.5
19015.5
11677.0
18859.5
68.0
7663.5
24548.5
9413.0
9132.0
13854.5
14306.5
9241.5
19246.5
8561.5
1406.5
7561.0
19682.5
8472.0
11251.0
68.0
2372.5
1477.0
1333.5
10215.0
24022.5
2709.0
15799.5
68.0
12503.0
4945.5
68.0
5795.0
14407.5
24944.0
25011.0
21984.5
8716.5
3135.0
5849.5
6477.5
68.0
27300.0
13585.5
68.0
3264.5
6470.5
13546.0
524.0
68.0
2781.5
19291.0
9365.0
68.0
5667.0
3728.5
9481.5
68.0
20462.5
27733.0
11630.0
717.0
10330.0
1934.0
11257.5
11178.0
1496.5
2283.0
29000.0
7559.0
8189.5
18230.5
68.0
68.0
5949.5
2671.5
27627.0
11136.5
24564.5
9457.5
7810.0
68.0
21861.0
11919.5
17361.5
4984.5
8998.5
3240.5
19250.5
16081.5
1912.5
16060.5
68.0
2359.5
68.0
4870.0
17362.0
12190.0
3304.0
15713.0
13807.5
14925.0
68.0
4991.5
13350.0
458.0
4488.0
5489.0
68.0
22524.0
2231.0
8976.0
27208.0
16900.5
3884.5
1594.5
3655.5
5969.5
4541.0
2244.5
19606.0
68.0
1036.0
26322.5
68.0
1867.0
4890.0
24269.5
15368.5
22702.0
11248.5
15317.5
8468.0
29040.5
2021.0
1982.0
1479.5
20541.5
7185.0
68.0
5041.5
2596.5
8793.0
17969.0
1033.5
8127.0
7390.0
21492.5
9035.5
25844.5
24739.0
9472.5
2545.5
21385.5
7654.0
12974.0
2798.5
68.0
6930.0
68.0
8548.5
19827.0
24142.5
68.0
1813.5
12133.5
12553.0
5771.5
68.0
12030.5
1516.0
68.0
4549.0
5722.0
7196.0
10669.0
8023.5
68.0
28284.0
7092.5
2305.0
7224.0
8049.5
17382.5
68.0
16989.0
68.0
12906.5
20976.0
9016.5
5462.5
13773.5
12141.5
10150.5
11870.5
68.0
68.0
20523.0
7281.5
68.0
3179.5
4951.5
6215.5
23131.5
27618.0
11497.5
19212.0
29180.5
2767.5
1478.0
2574.0
68.0
438.5
5460.0
68.0
3665.0
17032.5
12194.0
4141.5
5447.0
6229.0
12145.5
68.0
25415.0
5801.0
14410.0
68.0
2967.0
4593.5
6689.0
12024.0
4933.5
3727.0
13488.0
9434.0
68.0
30322.0
1869.5
5407.5
24146.0
3113.5
2355.5
2506.5
4551.0
14234.0
3571.5
4998.5
15308.5
68.0
10311.0
18300.0
2447.5
5910.0
19651.0
6468.5
1780.0
25413.0
5541.0
8.0
3684.0
12135.0
68.0
3696.0
4019.0
5912.5
10118.0
2772.0
438.5
17980.0
4481.0
1128.5
12093.0
14706.0
17368.0
9495.0
12148.0
7139.0
1126.0
27124.5
68.0
14805.0
68.0
10373.5
4459.5
9829.0
2473.0
2951.5
2219.5
25928.0
4012.0
4084.0
14226.5
0
11715.0
6291.0
68.0
5932.5
5888.5
7648.0
8816.5
995.5
14888.5
68.0
1516.0
2599.5
6034.0
1801.5
2794.5
19231.5
1783.5
3820.0
2695.5
3515.5
4472.5
9522.5
9906.5
5941.0
20151.0
926.5
68.0
1915.0
68.0
438.5
10683.5
3234.0
2355.0
1631.0
4970.0
6244.0
68.0
10063.0
3769.0
6541.5
943.5
7623.5
7293.0
1333.5
4962.5
68.0
68.0
1869.5
9856.0
4516.5
543.5
68.0
2375.0
14776.0
15525.0
9531.5
22781.0
6382.5
11480.0
1331.5
10699.5
18833.0
68.0
1796.5
1867.0
23193.0
5538.5
68.0
68.0
2742.5
25033.5
1802.0
6800.0
25717.5
1019.0
7637.5
13830.5
2249.5
7615.0
68.0
4658.5
15321.0
23323.0
7724.5
68.0
15108.0
11628.5
646.0
68.0
29640.5
4443.0
19687.5
23276.0
68.0
4656.5
1021.5
5458.5
68.0
68.0
1387.5
614.0
26852.0
68.0
1406.5
15584.5
10494.5
15175.0
943.5
2288.0
10791.0
68.0
719.0
3997.0
21915.0
4481.5
3644.5
9932.5
16964.5
16955.5
3606.5
4405.0
20516.0
5474.0
25105.5
6705.5
9813.5
7255.5
17515.0
20865.0
23736.0
2672.5
12627.0
68.0
6354.5
612.5
4666.0
68.0
348.5
3674.5
8026.5
5110.5
11144.5
12535.0
29594.0
8993.0
2464.5
68.0
28429.5
3233.5
8496.0
9458.5
5529.5
9871.0
646.0
2767.0
4472.0
8258.5
8999.5
1597.0
6676.0
11689.0
13408.0
2282.0
28161.0
438.5
944.0
6748.0
2282.0
22347.5
9550.0
2380.5
5254.5
23757.0
12583.0
2804.0
8029.0
6338.5
2357.5
2764.5
12104.0
68.0
17972.0
13159.5
6958.0
17516.0
8824.0
68.0
9337.0
9064.5
20153.0
2923.0
14743.0
68.0
6242.5
8158.0
4485.0
4959.5
17313.5
4721.5
2935.5
68.0
5016.0
893.0
7719.0
3676.5
8100.0
11257.5
14289.0
68.0
18257.0
20882.5
7723.0
68.0
68.0
1799.0
9865.0
438.5
18210.0
1967.5
3586.5
3132.5
596.0
7123.5
10331.0
13810.0
68.0
612.5
17847.0
68.0
16161.5
17917.5
1019.5
9807.0
68.0
16055.5
10828.0
7269.0
4625.0
22375.0
926.5
20554.5
68.0
14768.5
16171.0
5335.5
13434.5
8459.5
5820.0
4947.5
27751.0
1010.5
438.5
68.0
8512.0
17372.0
4065.0
11963.5
2268.0
2220.5
1406.5
4014.0
26681.0
2828.0
14291.5
14738.0
999.5
68.0
6486.0
68.0
8167.5
68.0
7206.0
4602.5
8587.0
2892.0
68.0
5999.0
15102.0
13257.5
1051.0
68.0
10666.5
18239.5
68.0
1906.0
719.0
68.0
5500.5
3213.0
6388.5
68.0
1985.0
1145.5
21375.0
1984.5
1426.0
68.0
8045.5
5823.0
68.0
12085.5
68.0
26388.5
14771.0
1036.0
8936.5
13753.5
4886.0
18351.0
646.0
6207.0
7271.0
26691.0
18327.0
4613.0
6944.0
26384.0
2826.5
2257.0
5633.0
2330.0
12422.5
14835.5
6322.0
8460.0
68.0
68.0
68.0
3198.0
12461.0
68.0
1317.5
19731.0
68.0
68.0
2431.5
9854.5
16087.0
68.0
1985.5
7691.0
2743.0
11204.5
5870.5
22562.0
18102.5
68.0
12134.0
4580.5
68.0
4998.5
19724.5
5472.0
3212.0
21741.0
1036.0
4171.0
9248.5
27745.0
8882.5
2748.0
2471.0
6653.5
2259.5
1897.0
5535.5
1914.5
2797.0
68.0
2301.5
14532.5
68.0
18270.0
1646.0
9413.5
13817.0
68.0
1019.0
19294.0
20177.0
8109.0
1406.5
11998.0
8617.5
1029.0
5941.5
1406.5
14268.0
6269.0
3514.5
3817.0
14307.5
25891.5
15192.0
7154.0
458.0
6977.0
4061.0
13816.5
927.0
1406.5
15684.5
1053.0
1016.5
15227.5
68.0
68.0
68.0
6744.0
12965.0
10362.5
1351.0
1002.5
13834.5
9816.5
68.0
5271.5
15660.5
9411.5
8952.0
14262.0
5532.0
14355.5
458.0
1477.5
68.0
28262.5
68.0
17938.5
5888.5
20964.5
10771.0
13074.5
348.5
12002.0
5016.0
8476.0
68.0
646.0
3261.5
8954.5
1036.0
68.0
4603.5
6226.5
11614.0
1796.5
12901.0
2818.0
6312.5
2079.5
3284.0
13867.5
4769.0
24969.0
9790.5
3219.5
1021.5
9504.0
910.0
2282.0
68.0
13505.5
6273.0
68.0
1890.5
18720.5
1796.5
4970.5
438.5
68.0
10270.5
28703.0
5377.5
1404.0
7020.5
68.0
2720.0
10769.5
2650.5
3229.5
8154.5
12118.5
1886.5
8505.5
68.0
68.0
10854.5
2316.0
1984.5
16067.5
68.0
16574.0
1526.5
6345.5
68.0
68.0
2381.0
20027.5
11580.5
5465.0
9835.5
828.5
10280.0
1499.0
9827.5
24535.5
5902.0
68.0
10498.0
533.5
2353.0
4001.5
4498.5
1499.0
1980.5
25575.0
3231.5
16466.5
3208.0
10674.5
3797.0
910.0
68.0
612.5
1033.5
4554.0
1460.0
1796.5
8079.5
1241.0
68.0
6375.5
1496.5
5153.0
68.0
4542.5
3227.5
4191.5
8079.0
3506.0
2259.5
5975.0
20081.0
5055.0
4925.0
68.0
3267.0
7886.0
12111.0
11103.0
5842.0
6833.0
2355.0
19125.5
943.5
1379.5
28638.0
10310.0
5447.5
6051.0
4993.0
7185.0
9123.5
6929.5
3377.5
13426.0
1423.5
13896.5
5876.0
2986.5
1008.5
14305.0
12041.0
27703.5
8541.5
2696.0
9499.0
3641.0
943.5
2501.5
16786.0
12621.0
999.5
1004.0
506.5
13874.0
9442.0
1109.0
11005.0
9869.0
68.0
7282.5
68.0
9704.0
5526.0
7674.0
629.5
4552.0
6093.0
6708.0
17475.5
427.0
926.5
2430.5
4919.5
12965.5
458.0
4122.5
68.0
20080.5
21415.5
3604.5
4966.5
12528.0
1984.5
68.0
7362.0
17816.0
8649.5
68.0
68.0
68.0
2579.5
8939.0
6980.0
68.0
1911.0
4583.5
6844.0
3493.0
68.0
3268.0
17810.0
2852.0
1421.5
11650.0
7272.0
438.5
4030.0
736.5
2652.5
20443.5
629.5
20970.5
3992.0
5343.5
9488.0
4180.5
8099.0
5411.5
1126.0
11622.5
68.0
11137.0
2760.0
18752.5
17225.0
2379.0
3192.0
10740.5
68.0
6736.5
627.5
12949.5
4078.0
173.0
15821.0
17004.5
1387.0
2845.5
2711.5
10893.5
68.0
3243.5
22869.0
23642.5
17795.5
12922.5
68.0
68.0
3808.0
68.0
11778.0
68.0
438.5
6459.5
943.5
3557.5
8600.0
2647.0
15618.5
12900.5
537.5
7118.5
12834.0
1499.0
7193.0
10237.0
1785.0
458.0
25009.0
9284.5
9923.5
458.0
4468.0
15255.0
4971.0
3223.0
6340.5
68.0
9425.0
23294.5
16024.0
68.0
28608.0
4600.5
12435.0
1345.0
3390.0
5261.0
68.0
16943.0
3233.0
14376.0
2472.5
3663.0
11104.0
2305.0
21841.5
3133.0
7244.5
11974.5
1419.0
16111.5
1106.5
68.0
1970.5
1348.5
3186.5
1409.0
8100.5
8913.5
7989.0
614.0
12007.0
9833.5
2537.5
5809.0
6441.5
1946.0
8157.0
3623.5
6866.5
5812.5
16254.0
1777.5
11754.0
68.0
68.0
20081.5
4974.5
7346.0
11339.0
19480.0
3601.0
68.0
68.0
1782.5
1539.0
3616.0
943.5
23231.0
2324.0
6721.5
12892.5
68.0
68.0
10357.5
16539.5
5287.5
13508.5
5377.5
1110.5
11483.5
14796.0
4479.0
3992.0
4473.5
4943.0
438.5
14499.5
4511.0
14820.5
627.5
68.0
27189.5
68.0
26006.5
16377.5
21428.0
11987.5
7191.0
19162.5
8910.0
4111.0
1612.0
68.0
554.5
8016.5
13170.0
6264.5
68.0
68.0
25416.5
5627.0
17622.5
26719.0
8612.5
23773.0
601.0
3596.0
1406.5
944.0
68.0
1033.5
2309.5
14475.0
20301.0
11732.0
5769.5
8518.0
1373.0
6357.5
25196.0
68.0
1479.5
8012.0
6715.5
7129.0
23681.0
5385.5
17977.5
12082.5
4539.5
7680.5
14317.5
19714.0
1760.5
68.0
736.0
4588.5
8457.0
68.0
10413.0
68.0
7717.0
18697.5
7221.5
1783.5
2611.0
3694.0
8910.5
68.0
17959.5
7222.0
22332.5
68.0
68.0
5552.5
2984.0
16657.0
1406.5
16067.5
68.0
17800.0
68.0
11018.0
961.0
68.0
1521.5
18183.5
5924.5
6339.0
9027.5
4549.5
1816.0
1877.5
4047.5
4559.5
68.0
2387.5
68.0
4690.0
18353.0
2671.5
6276.5
68.0
6370.5
68.0
943.5
26637.0
7620.0
6279.0
3996.5
6488.5
10107.5
458.0
4652.5
8052.0
13335.5
6966.5
20996.0
1496.5
68.0
13496.5
8150.5
5419.5
0
68.0
22737.0
3027.0
18324.5
612.5
1114.5
4157.5
26316.0
68.0
12599.0
10791.5
8011.0
8883.0
68.0
8956.0
1893.0
348.5
9435.0
20251.5
6256.5
68.0
614.0
9068.5
2324.5
2304.5
1521.5
68.0
4461.0
23162.0
68.0
2688.0
68.0
68.0
68.0
5374.0
4564.0
1862.5
18322.5
5476.5
1794.0
24739.5
25541.5
1051.0
4959.5
3323.5
1648.0
8417.5
68.0
4197.0
68.0
10896.5
7696.0
2604.5
5133.0
22181.5
9968.0
6356.0
68.0
12438.0
1914.0
5943.5
3822.5
68.0
3612.0
3591.0
68.0
2192.0
1126.0
1965.0
11571.5
68.0
68.0
12077.0
21405.0
9141.5
18492.0
8417.0
7140.0
2535.5
15750.5
7097.0
3567.5
11479.5
4176.0
5947.5
6707.0
22422.0
15915.5
5203.5
14266.0
8619.0
2282.0
18333.5
5455.0
2599.0
1115.5
23824.0
24042.5
1869.5
7508.0
1426.0
23163.0
612.5
1053.0
458.0
438.5
23200.0
0
9192.0
22169.0
8882.0
10654.0
6242.0
68.0
4437.5
16100.5
27889.0
7485.0
68.0
4018.5
17413.0
2102.5
21050.5
4139.5
4606.0
12594.0
5567.5
11257.5
5869.0
12034.0
10785.0
6284.0
7698.5
16674.0
20027.0
4569.0
24268.5
17889.5
1002.5
68.0
15559.5
9464.5
13961.0
12883.5
25774.5
15203.5
15763.0
1389.5
629.0
22723.0
7716.0
1109.0
68.0
68.0
68.0
1813.5
8231.5
4628.0
68.0
23644.0
68.0
68.0
68.0
21420.5
5985.5
68.0
736.5
16084.5
68.0
12895.0
2338.5
19874.5
5828.5
629.0
6389.0
1941.5
20978.0
438.5
5366.0
23566.0
458.0
1889.0
2248.0
28547.5
10767.0
4521.0
3134.5
5936.0
4557.0
3589.5
12959.0
7796.0
9442.5
68.0
19145.0
16986.5
4511.5
15044.5
68.0
2815.5
68.0
17522.0
0
6822.5
3133.0
68.0
23454.0
24112.0
2747.5
68.0
7697.0
13520.0
828.5
9915.5
10872.5
1985.0
4566.5
2259.5
3115.5
10245.5
944.0
943.5
11984.0
12023.5
7261.0
15157.5
12203.5
68.0
16657.0
458.0
8869.5
1126.0
458.0
5015.0
3063.0
2007.0
9359.0
10803.5
1173.5
4547.0
11677.5
646.0
1387.0
1036.0
68.0
9345.5
4508.5
2380.0
68.0
12109.0
23231.5
12149.0
1426.0
68.0
22354.5
543.5
5690.0
13414.5
14369.5
13841.5
22765.5
68.0
173.0
68.0
68.0
68.0
1109.0
16127.0
15807.0
1038.5
7659.5
6468.0
4954.5
10114.5
68.0
458.0
8002.0
458.0
5782.0
2377.0
12487.0
5872.0
2854.5
2388.0
6685.5
1387.0
10571.5
68.0
629.5
3172.5
14423.0
9819.5
6966.5
68.0
4549.0
28002.5
68.0
15144.5
540.0
2238.0
13101.5
68.0
20298.5
1882.0
1535.5
68.0
15264.5
9883.5
8764.5
14648.5
10455.0
28616.5
12459.5
68.0
2747.5
554.5
4542.5
438.5
257.0
458.0
927.5
7058.5
12560.5
8184.5
3544.0
68.0
1499.0
1796.5
11262.0
3642.5
68.0
68.0
10455.0
77.5
24946.5
68.0
10510.0
13052.0
10987.0
348.5
12541.5
1604.0
1033.5
0
23133.0
828.5
8483.5
16644.5
24221.5
68.0
18469.0
633.5
68.0
8948.5
9851.5
18847.0
14076.0
68.0
5560.0
3656.5
21571.5
68.0
1794.0
627.5
944.0
68.0
6370.0
1019.0
458.0
14671.5
736.0
1850.5
27145.5
3240.0
629.0
12500.0
24963.0
68.0
3641.5
5526.0
26346.0
68.0
22749.0
25773.0
4806.5
9922.5
2240.0
18836.5
25799.0
8584.0
17408.5
15227.5
6242.0
7694.5
3267.5
68.0
1910.5
2265.0
8458.0
24204.0
4571.5
7333.0
3560.5
3579.5
0
4438.0
68.0
68.0
21757.0
17425.5
2447.5
11679.5
68.0

14768.0
8705.5
153.5
1967.5
2416.5
68.0
5860.0
4330.0
13596.0
27139.0
24511.0
1522.5
22626.0
25390.5
15741.0
8557.5
2760.0
1107.0
68.0
22359.5
2760.0
5925.0
7115.0
68.0
11222.0
633.5
4128.0
1109.0
927.0
7625.5
13380.5
68.0
22743.0
9387.5
10785.5
4498.5
11157.0
4260.0
11125.5
2240.0
68.0
7517.0
8568.5
153.5
11205.5
3984.0
15994.0
543.5
20745.5
11634.5
16997.5
0
2373.0
1160.5

27936.5
19886.0
8997.5
14713.0
68.0
7285.5
7419.0
68.0
8914.5
21907.0
5931.5
5017.5
12023.0
3552.0
7608.0
13577.5
998.0
17112.0
1518.5
6263.0
3856.5
68.0
11642.5
10856.5
17351.5
5533.0
5424.5
11002.0
4462.5
13040.0
1036.0
68.0
6120.5
68.0
29033.0
12386.5
1482.5
961.0
3693.5
4157.0
8208.5
6414.5
3157.0
1867.0
26324.0
7272.5
925.0
163.0
3706.0
926.5
13844.5
68.0
5889.5
1333.5
11181.0
15587.5
30447.0
21112.5
4531.0
1687.0
3264.5
13585.5
3212.0
68.0
7984.5
20925.0
14249.0
5358.5
14219.5
4103.0
22483.5
717.0
8236.0
25518.5
17966.0
8377.5
1777.0
1894.5
4838.5
68.0
7303.0
14316.0
257.0
68.0
2826.5
11477.5
45.5
6105.0
8431.5
8879.0
3694.0
8537.5
12532.5
15869.0
2240.5
22693.0
15787.5
629.0
5215.0
2302.0
4102.0
23570.5
7720.5
22349.5
3578.5
6506.0
0
8987.0
3140.0
1799.5
4157.5
8002.5
7278.0
68.0
27069.5
27201.5
1423.5
5358.0
3689.0
67.5
17975.5
2351.0
0
894.0
22269.0
18253.5
68.0
68.0
68.0
910.0
6831.0
68.0
1207.5
2320.0
8921.0
0
8987.5
0
14933.0
907.5
9922.0
68.0
68.0
2666.5
68.0
22831.0
7739.5
15093.5
13826.5
943.5
4089.0
57.5
432.5
438.5
1556.0
17869.5
77.5
5431.0
13070.0
1033.5
68.0
0
2656.0
4459.5
13959.5
7254.5
68.0
543.5
1499.0
2804.0
68.0
4555.0
11333.5
21869.5
1016.5
68.0
1906.0
21307.0
5442.0
6754.5
458.0
12088.5
11277.0
18811.5
4024.5
68.0
7563.0
4585.5
13010.5
18906.0
24135.5
7571.0
68.0
18323.0
15226.0
3730.5
68.0
17760.0
5548.5
14798.0
0
7682.0
6746.0
2261.0
3184.0
13524.5
1199.0
7564.5
5969.0

1886.5
0
12128.0
5879.5
3204.0
11205.0
11099.0
27658.0
5400.5
3594.5
524.0
24239.0
1906.5
5159.5
4152.0
458.0
68.0
12529.0
7527.5
10829.5
3116.0
16914.0
3216.5
10393.5
2731.0
10213.5
12561.5
4497.0
68.0
7159.0
1779.5
6889.5
68.0
443.5
25540.5
7640.0
23532.0
458.0
5046.0
9838.5
12680.0
5476.5
1106.5
2060.0
18823.5
4507.5
19717.0
10806.5
68.0
1888.0
5793.0
15705.0
2740.0
19189.5
926.5
21016.0
68.0
14910.0
68.0
543.5
1850.0
3842.5
2279.5
68.0
68.0
9473.0
1333.5
1858.0
50.0
8895.5
5956.5
458.0
68.0
3578.5
16394.0
16977.0
7248.0
1875.0
8589.5
3699.0
4384.0
438.5
68.0
1400.0
19823.5
23705.5
4450.0
2053.5
7975.5
6833.5
68.0
17726.5
14268.0
553.0
10329.5
7585.5
348.5
1909.0
25335.5
68.0
19280.5
0
2809.5
5956.5
5447.0
6845.5
68.0
68.0
23763.0
0
535.0
68.0
68.0
26341.5
9819.5
1102.5
11531.0
68.0
11286.5
68.0
0
9328.0
3998.0
3642.0
5791.0
2834.5
13591.5
20145.0
10228.0
1495.0
4513.0
8081.0
11650.5
12450.5
15724.5
365.5
1892.0
24885.0
5406.5
702.5
68.0
9918.0
1053.5
4435.5
68.0
13446.5
4526.0
1344.5
68.0
8608.5
4917.0
4546.5
515.0
5763.0
2841.5
4093.0
3238.0
2909.0
2248.0
13539.5
11609.0
25154.0
12957.0
68.0
6727.5
3988.5
1845.5
68.0
2745.0
6801.0
2224.0
458.0
348.5
5947.0
68.0
7101.5
17422.0
8.0
719.0
5876.5
4571.5
1241.5
2392.5
4013.0
7984.0
612.5
21454.0
2745.0
438.5
10862.0
8945.0
68.0
68.0
18614.0
68.0
1404.0
1145.5
6224.5
8543.5
6754.0
2802.0
9933.0
68.0
68.0
1022.0
1439.5
68.0
7612.0
68.0
1897.5
646.0
4031.5
13573.0
68.0
7392.0
2708.5
646.0
15460.0
40.5
438.5
3878.5
7684.5
3567.0
68.0
68.0
6795.0
27172.5
18890.0
3585.0
3619.0
21030.0
68.0
68.0
14312.5
25372.0
3659.0
68.0
629.0
1863.5
5478.0
7152.0
15581.0
4064.0
10212.5
2435.5
4490.5
11419.0
10311.5
10297.5
28119.5
68.0
0
5155.0
0
7247.0
1373.0
6820.0
68.0
3608.5
4934.0
68.0
4480.5
6826.5
738.5
13668.0
2653.0
11592.5
68.0
16623.0
27503.5
4159.5
16126.5
68.0
10672.0
9421.0
663.0
4023.5
722.0
15569.5
647.0
68.0
9353.5
5338.0
68.0
4109.0
7768.0
68.0
5752.5
11729.5
12697.0
68.0
3112.0
10860.0
9312.0
68.0
0
68.0
3212.0
1916.5
163.0
0
1535.5
68.0
4764.0
0
5067.0
4850.0
1877.5
15840.0
7706.0
719.0
6663.5
13375.5
458.0
68.0
68.0
2296.0
13602.0
3786.5
8358.5
3640.0
1535.5
2283.0
20128.0
20753.5
3192.5
6825.0
68.0
15958.5
10926.0
2259.5
68.0
5012.5
2352.5
68.0
5348.0
8062.5
12106.5
14355.0
68.0
68.0
8169.0
0
24514.0
5658.0
10690.0
68.0
16768.0
2901.5
1016.5
629.0
16923.5
5590.0
5834.5
5778.5
3128.0
8589.5
4179.5
24048.0
14786.0
12613.0
13933.5
21761.5
10285.0
10781.0
17425.0
68.0
11608.5
15603.0
68.0
9543.0
5055.0
2694.5
2635.5
15613.0
13404.5
3977.0
68.0
1796.5
2837.5
6347.0
26720.5
8124.5
68.0
68.0
3186.5
68.0
68.0
12145.0
1406.5
28889.5
4041.5
12577.0
16544.5
3223.0
7965.0
68.0
29642.5
68.0
68.0
15676.0
5351.5
629.0
8558.5
4931.5
4510.0
4576.0
981.0
10410.5
5096.5
8969.0
15217.0
20515.0
2832.5
14714.0
4012.0
14689.0
20737.0
68.0
458.0
5249.5
68.0
18829.0
26696.5
9765.5
9433.5
16205.5
28156.5
4974.0
22526.0
18791.0
3796.0
1875.0
15160.0
458.0
6387.5
5875.5
20059.5
68.0
6226.5
8018.5
68.0
2576.5
68.0
26715.5
5885.5
9785.0
14735.0
943.5
25486.5
19190.5
68.0
24211.0
68.0
7700.5
12502.5
2706.0
524.0
16920.0
68.0
5405.5
3130.0
4911.0
68.0
6425.0
4918.5
5439.5
2392.0
24947.5
68.0
4618.5
3286.5
7149.5
68.0
4520.5
1460.5
10846.5
68.0
419.5
4857.0
5373.0
5364.0
9733.0
2763.5
5776.0
4449.0
15125.0
10272.5
13372.5
4658.5
3216.0
9940.5
1855.5
24245.0
2501.0
6221.5
14286.5
68.0
14813.5
3606.5
17396.5
1406.5
7620.0
68.0
9398.0
3118.0
77.5
68.0
19263.5
68.0
6838.5
68.0
4283.5
13481.0
8159.0
27551.5
68.0
18375.5
2283.0
4931.5
29137.5
10218.5
10854.5
29076.5
12122.5
629.0
68.0
10325.0
2265.5
68.0
458.0
11832.5
6296.5
5810.0
2353.0
9384.0
5022.0
3627.0
8598.0
6769.5
646.0
68.0
438.5
20881.5
7600.5
3132.5
8178.0
3281.0
25471.5
68.0
26631.0
3484.5
14947.5
828.5
11161.5
5369.5
13432.5
4156.5
68.0
908.5
26683.5
8914.5
68.0
663.5
25283.5
3206.0
1782.5
7595.5
8535.5
4091.5
458.0
5799.5
20023.0
68.0
2041.0
2372.0
7649.0

12415.0
2335.5
2266.0
6348.0
11130.5
6809.0
5539.5
4957.5
6088.0
68.0
68.0
68.0
68.0
10392.5
68.0
12441.5
9879.0
68.0
5439.0
12896.5
5845.0
12862.5
1592.5
28025.0
458.0
961.0
21011.5
68.0
1894.5
4532.5
68.0
901.5
4475.5
2689.5
3208.0
8054.5
16106.5
6690.5
9214.0
68.0
68.0
13224.0
14823.0
7161.0
2349.5
10255.5
1893.0
4932.0
1886.5
19745.0
2580.0
9376.5
13131.0
68.0
19145.5
458.0
4905.0
3649.5
68.0
68.0
2409.5
1477.0
27657.0
68.0
9863.5
5597.5
4101.5
68.0
6721.5
3043.0
983.0
1799.0
9293.0
68.0
68.0
629.5
1106.5
8231.5
925.0
12175.5
7858.0
0
10630.0
629.0
6842.0
68.0
21278.0
18971.0
68.0
5333.5
68.0
1016.5
68.0
4025.0
68.0
4523.5
3567.0
1813.5
10690.5
12957.5
2251.0
16581.5
1205.5
8227.0
5488.0
16023.0
3694.0
20606.0
524.0
11695.5
28594.5
6317.5
68.0
8119.0
1499.0
11199.5
68.0
2679.0
68.0
1775.5
910.0
5175.0
68.0
9015.0
27065.5
5330.0
13919.5
3306.0
6231.0
68.0
8216.0
1894.5
68.0
13851.5
4986.5
9141.0
3686.5
3262.5
2927.5
16579.0
5386.5
6259.5
5601.0
15064.0
7062.5
68.0
13437.0
0
10353.0
12215.0
10681.5
22138.0
17354.5
365.5
68.0
5600.0
17399.5
16062.5
7837.0
9893.5
21072.5
8923.5
29014.0
5468.5
68.0
4391.0
3040.5
12058.5
15725.5
18236.0
7022.5
5856.5
12544.5
3013.0
2070.0
3122.0
3208.5
21516.5
11189.0
3245.5
8564.5
22300.5
8885.5
10474.0
2691.5
16936.5
2745.0
7121.0
1046.5
8072.5
4001.0
16174.0
11598.0
7221.5
7220.5
9907.5
7188.0
1073.0
27102.5
5086.0
68.0
0
20983.5
17362.5
4925.0
27172.0
68.0
12096.5
68.0
738.5
21805.0
68.0
0
2967.5
5002.0
26940.0
13283.5
9405.5
16401.0
4473.5
4272.0
14174.5
9815.0
8472.5
5522.0
23354.0
2833.5
68.0
14387.0
28072.5
5394.5
68.0
438.5
7605.0
68.0
16189.0
14767.5
1109.0
3337.0
9211.0
3601.0
16739.0
20088.0
23198.0
8097.0
9842.5
9913.0
8907.5
8171.0
1396.5
16593.5
68.0
68.0
9917.5
8425.5
4009.0
16045.5
68.0
18301.5
68.0
68.0
68.0
68.0
6068.5
2747.5
2787.5
68.0
1872.5
10792.0
6300.0
5921.0
68.0
68.0
348.5
13475.5
2577.5
21480.5
68.0
6552.5
9487.5
1612.5
1036.0
68.0
13502.5
16340.0
1893.0
68.0
1016.5
7377.5
4011.5
68.0
9878.0
4193.5
10350.5
0
944.0
2707.5
646.0
68.0
9584.5
7361.5
0
9054.0
2299.0
14259.0
5885.0
68.0
3711.0
68.0
68.0
9812.0
5942.0
1520.5
16610.0
20546.5
3652.5
12387.5
7204.5
10468.0
10252.0
12034.0
2979.5
646.0
14275.5
3006.0
458.0
9198.5
14402.0
3192.5
9574.0
68.0
68.0
7097.0
15873.5
3126.0
3839.5
2268.0
4660.5
2745.0
14356.5
2674.5
68.0
2656.5
10675.0
438.5
50.0
2821.0
6284.5
1590.5
15630.5
11403.0
1427.0
6707.5
68.0
6965.5
68.0
2728.5
19132.5
68.0
68.0
3118.0
13189.5
12878.5
24928.5
6453.0
2726.0
18250.0
4299.0
1033.5
68.0
11685.0
8530.5
4129.0
68.0
28094.0
736.0
8172.0
12438.5
3713.0
17883.0
1036.0
68.0
20514.5
3311.5
9022.0
0
12628.0
18213.5
68.0
68.0
25399.5
1019.5
5476.5
68.0
3208.0
20692.0
68.0
6736.0
25516.0
68.0
1838.5
2709.0
5257.0
9255.5
14730.5
68.0
11597.5
68.0
7973.0
10923.0
10051.0
68.0
19432.5
68.0
10430.5
7691.0
3647.0
68.0
9769.5
1016.5
828.5
828.5
9408.0
5904.5
8492.5
3283.0
1128.5
68.0
14818.5
21432.0
2609.0
10245.5
15143.5
943.5
14360.0
16079.5
25436.0
438.5
736.0
20199.0
999.5
27169.0
8276.0
9768.5
1539.0
21480.5
11595.5
1479.5
12952.0
11920.5
10794.0
6293.0
533.5
14721.0
2759.5
16469.0
23860.0
7582.5
8487.0
68.0
15688.5
68.0
4625.0
7016.0
17285.5
2540.5
1516.0
11660.5
8530.5
68.0
10805.0
10831.5
20521.5
23656.0
8.0
11242.5
4067.5
647.0
68.0
1706.5
3175.0
68.0
18499.0
5556.5
2464.5
5182.0
8556.5
68.0
7522.0
68.0
15247.0
3559.5
4929.5
21219.0
13796.5
7196.0
68.0
16599.5
943.5
9069.5
7653.0
68.0
10762.5
438.5
7261.0
4108.0
68.0
9841.0
4094.5
1280.5
533.5
1126.0
68.0
23182.5
68.0
458.0
13847.0
10354.5
5966.5
12070.0
1126.0
438.5
68.0
31599.5
13076.5
12449.0
9391.0
68.0
68.0
736.0
438.5
26882.5
438.5
68.0
15618.5
68.0
3974.0
12434.5
14363.5
68.0
6828.5
30038.5
68.0
533.5
68.0
738.5
2407.0
1869.5
6372.0
7285.5
25951.0
848.0
24047.5
21414.5
31167.0
68.0
12145.5
68.0
12389.0
11015.0
68.0
5497.5
16891.0
17010.0
1477.5
4842.5
4972.0
18213.5
6825.0
1984.5
1688.0
5377.5
68.0
12802.0
68.0
16563.0
8827.5
1794.5
27645.5
2801.5
19255.5
20660.5
2796.5
14222.5
31165.5
14756.0
25219.5
1960.0
18351.0
12894.5
7729.0
11275.0
5471.0
12470.5
7405.0
1874.5
68.0
5446.5
2748.5
20739.5
68.0
3564.5
18426.0
2375.5
11450.0
68.0
10335.5
8544.0
7805.0
12689.0
7414.0
11541.0
3859.5
18431.5
68.0
16813.0
23615.5
20587.5
8487.5
163.0
3656.5
911.5
8339.0
4448.0
10480.0
16488.0
8080.0
538.5
629.0
68.0
10917.5
17623.5
6782.5
1036.0
629.0
8075.0
68.0
1426.0
9486.5
17383.0
8429.0
12540.5
68.0
999.5
2833.0
438.5
5511.0
10595.0
68.0
4965.5
2343.5
17403.0
12406.0
13841.0
3253.0
4995.5
10324.0
5554.5
8425.0
1423.5
18790.0
1816.0
18293.5
0
9403.0
4094.0
8597.0
4029.0
27181.0
12144.5
6315.0
1768.0
20061.0
2814.0
10825.0
20999.0
9042.5
4556.0
1945.5
1983.0
3279.5
2269.5
68.0
68.0
13493.0
23209.5
5952.5
5770.5
438.5
13580.0
13005.0
68.0
736.0
20083.0
6001.0
755.5
0
21321.0
1053.0
15251.5
4641.5
2389.5
2130.5
68.0
1522.0
68.0
2279.5
7198.5
1036.0
1126.0
21160.5
68.0
4106.5
1756.0
6819.5
9988.0
1796.5
11688.0
12529.0
5430.5
68.0
17321.5
438.5
4155.0
7805.0
5402.0
18776.5
5133.0
4530.0
68.0
2669.5
5051.5
0
943.5
4255.0
12984.5
8456.0
10015.5
11267.5
3227.5
1813.5
68.0
2257.0
68.0
68.0
13378.5
7647.5
6864.5
17358.0
12602.5
12061.5
1496.5
16135.5
9147.5
17519.0
8527.5
3118.0
12031.5
68.0
9941.5
8951.0
1779.5
3574.5
16895.5
68.0
2818.0
2894.0
3713.0
6404.5
7630.0
2402.5
2701.5
1017.5
23978.5
2430.5
2727.0
10404.0
14325.5
4649.0
68.0
68.0
27549.5
68.0
5857.0
68.0
663.0
10725.0
163.0
3562.5
4606.0
5371.0
68.0
8660.0
3188.5
1033.5
8021.0
68.0
18363.5
4982.0
479.0
68.0
10158.5
2723.5
68.0
31120.0
68.0
13414.0
7640.0
13366.0
24553.5
8524.0
5485.5
68.0
3214.0
7576.5
11131.0
1406.5
20174.5
68.0
23600.0
5975.5
4583.0
9158.5
19657.0
68.0
19557.5
21288.5
6953.5
5398.0
4582.0
68.0
20020.5
19566.5
68.0
9853.0
68.0
438.5
14388.5
3186.5
14283.5
68.0
4984.5
3043.5
31226.5
12447.0
7993.0
7163.5
3662.5
68.0
12470.0
2678.0
14769.5
8961.5
9010.5
11467.5
3113.5
68.0
2374.5
13970.5
8082.0
17219.5
10741.5
24660.5
4283.0
4566.0
6300.5
68.0
68.0
4552.5
20151.0
28624.0
12573.5
2822.0
68.0
0
1314.0
4397.0
4091.5
20146.5
2355.5
16204.5
1128.5
18647.0
68.0
28585.0
3228.5
10291.0
68.0
68.0
438.5
68.0
26377.0
14284.5
8611.0
9436.5
7310.0
909.5
11192.0
1872.5
68.0
365.5
21542.0
2080.0
5678.5
0
68.0
3133.0
5864.0
10838.0
68.0
470.5
11624.0
6701.5
68.0
68.0
1016.5
12574.5
4176.5
1423.5
4155.0
3621.0
0
68.0
8826.5
12565.5
68.0
6066.5
3589.5
9983.5
68.0
5569.0
0
2521.0
15413.0
14898.5
22334.0
5451.5
6680.5
20445.0
8599.5
8133.0
4078.0
68.0
6762.0
68.0
3737.0
20604.5
19229.0
23635.0
1496.5
68.0
21924.5
10497.0
1413.0
8018.5
5803.0
21073.5
68.0
28150.0
2772.5
1889.0
12948.0
3740.5
16494.5
68.0
2370.0
9410.0
11175.5
23706.0
10705.0
2833.0
11625.5
9622.0
3113.5
13852.5
68.0
20548.0
1053.0
20020.0
27701.0
1105.0
3547.5
21939.5
68.0
68.0
15208.5
68.0
13182.5
0
10248.5
25765.0
738.5
6672.5
5603.0
7192.0
12699.0
68.0
1238.0
68.0
68.0
68.0
68.0
10611.5
1106.5
10976.5
7589.0
68.0
9724.5
16040.0
24112.0
25206.5
68.0
0
6912.0
3694.5
438.5
1033.5
68.0
0
68.0
2817.0
0
17587.0
9503.5
1441.0
68.0
14665.0
15669.5
21437.0
68.0
23346.0
12454.5
68.0
3244.5
4501.5
1016.5
6481.0
4007.5
68.0
68.0
21834.5
14698.5
6535.5
11402.0
8911.0
11081.5
23679.0
4698.0
68.0
5361.0
18917.0
6705.0
21571.5
8969.5
68.0

2759.0
9920.5
26373.0
2835.5
20067.5
828.5
4739.0
5567.0
13894.5
12508.0
4958.5
5840.0
16610.0
68.0
67.5
6674.0
26705.0
4524.0
30623.0
5092.0
21949.5
19668.5
6127.5
10580.5
7662.0
16530.5
14040.5
10461.5
2374.5
7850.5
68.0
0
8905.0
1909.0
68.0
3169.5
8886.0
10096.0
21826.5
68.0
12161.5
10259.5
5482.0
1423.5
10179.0
4005.0
26352.0
67.5
627.5
2750.5
3216.0
4084.0
3244.5
2582.0
9730.5
2394.0
4695.5
2723.5
2933.0
13857.5
2245.5
68.0
11179.0
3987.5
6759.0
68.0
68.0
8568.0
68.0
7045.5
1017.5
533.5
10791.0
11463.0
68.0
4078.5
68.0
663.0
1510.0
1033.5
4081.5
10248.0
5832.0
1901.5
5980.5
13024.5
6402.5
4564.5
4841.0
8291.5
6098.5
2311.0
26703.0
6104.5
21331.0
7335.5
3232.5
2779.0
2618.5
68.0
5668.5
7782.5
4566.5
8911.5
10344.0
21482.0
4634.0
18772.0
68.0
1794.5
10146.0
13823.5
3789.5
68.0
8549.0
0
68.0
4139.5
5851.5
1791.5
10920.0
5159.0
8122.0
738.5
2240.0
6719.0
1869.5
1909.5
916.0
7473.5
68.0
10735.0
68.0
1109.0
12104.5
68.0
14305.5
6297.5
68.0
68.0
1409.0
68.0
1472.5
1909.5
3112.5
2728.0
68.0
3135.0
5753.0
1106.5
7719.0
1528.5
8023.5
8789.5
11128.5
629.0
6763.0
535.0
1109.0
21406.0
23987.5
9832.5
8109.0
19167.5
3705.5
458.0
9769.5
68.0
909.5
7001.5
13799.5
15376.0
13540.5
4173.5
22807.0
458.0
10972.0
12154.5
3964.0
2692.0
29513.5
1426.0
909.5
13822.0
8083.5
5822.0
5841.0
1396.0
8094.5
11827.0
68.0
22760.0
24648.5
2173.5
68.0
9039.0
4563.5
68.0
18416.5
1028.0
68.0
10374.5
26469.0
12602.5
9343.0
6055.0
14892.0
13784.0
11912.5
11146.5
18350.0
724.0
22828.0
68.0
68.0
26335.5
3899.5
14349.5
22797.0
438.5
11522.0
25068.0
5015.5
68.0
68.0
68.0
12545.5
1126.0
6916.0
18296.5
28580.0
3848.0
5320.0
4535.0
20602.5
3620.5
17547.5
4988.0
8616.0
16100.5
1389.5
8519.5
11458.5
2282.0
12611.0
1036.0
5619.0
646.0
5473.5
23260.5
16499.5
5885.0
6931.5
13591.0
1850.0
1595.5
6725.5
11546.5
17900.5
68.0
6298.0
6611.5
68.0
5067.5
16179.5
2228.0
28824.0
68.0
543.5
18293.5
16455.0
17820.5
6566.0
0
2860.0
4637.0
18247.0
68.0
10358.0
8119.0
8074.0
2755.5
12924.5
627.5
28690.0
15308.0
4268.5
2074.5
5824.0
11615.0
19409.0
12103.0
68.0
68.0
68.0
458.0
15671.0
722.0
612.5
16187.0
7377.0
13439.5
14698.0
28149.5
4954.5
6373.5
14433.5
4559.5
68.0
16068.5
3671.5
68.0
68.0
2256.5
10803.5
3565.5
16347.5
150.0
68.0
2840.5
6077.0
68.0
68.0
961.0
4456.5
68.0
5008.0
2781.5
4471.0
3473.0
4047.0
12055.5
11536.0
663.0
31645.5
11703.0
11219.5
10803.0
2057.5
0
68.0
68.0
68.0
438.5
11113.0
68.0
5107.0
19126.0
16129.0
68.0
5019.0
14304.5
2374.5
10855.5
3794.0
23282.0
10239.5
5801.0
22722.5
11219.5
4981.5
14350.5
68.0
2746.0
1894.5
4642.0
2432.0
27173.0
629.5
8109.0
15745.0
4045.5
7224.5
3221.0
0
68.0
9377.5
19642.0
5697.5
10783.5
9948.5
2852.0
68.0
68.0
1316.5
68.0
4488.5
738.5
6020.5
17466.5
30722.5
4946.0
3573.0
68.0
18747.0
14029.0
18350.0
8027.0
8226.5
68.0
68.0
5473.0
2259.5
21488.0
6244.5
2540.0
897.5
20563.0
16244.0
68.0
21370.5
12967.0
68.0
6381.5
14329.0
25339.0
7693.0
5013.5
5103.5
15366.5
11109.0
1334.0
10746.5
9976.0
20559.5
4591.5
944.0
16885.0
8746.5
10415.5
68.0
3681.0
28719.5
10980.5
28934.5
68.0
2225.0
6397.5
18762.5
11118.5
20474.0
2007.0
1615.0
521.0
6789.5
22694.5
7669.0
68.0
7076.5
13648.0
68.0
20601.0
2250.0
5567.5
10463.0
12203.0
16950.0
8619.0
1224.0
1982.0
5943.0
17791.0
8979.0
10915.5
11829.5
438.5
4968.0
6353.0
1820.5
68.0
2537.5
9083.5
7953.0
7456.0
438.5
11798.5
11587.5
1496.5
926.5
1373.0
2284.5
7228.0
68.0
1867.0
68.0
5385.5
9441.5
13550.0
915.0
68.0
7567.0
9468.5
16142.0
3604.5
438.5
914.0
13364.5
68.0
68.0
11223.5
1404.5
27682.5
24601.5
11359.0
16521.5
4649.0
0
1404.0
2266.0
17728.0
5796.0
10603.5
3340.0
68.0
3693.5
24095.0
68.0
24071.0
8609.5
943.5
18889.0
68.0
14302.0
3694.0
68.0
10756.0
554.5
68.0
9634.5
2714.0
9136.5
7558.5
12051.5
10399.0
17800.5
12581.5
68.0
27148.0
68.0
2857.0
18659.5
5957.0
438.5
22916.0
3691.0
28270.5
927.5
68.0
2724.0
1331.5
925.0
68.0
68.0
2219.0
5824.0
26660.0
4121.0
3307.5
2745.5
4733.0
16485.5
3591.0
3321.5
12493.0
2745.0
25407.5
3710.0
8557.0
17841.5
16262.0
68.0
7886.5
68.0
16961.5
68.0
3621.5
3581.0
2282.0
68.0
443.5
11656.0
28238.5
2338.0
4479.0
5439.5
9410.0
2280.0
5984.0
2523.5
7220.0
20546.5
1180.0
0
13258.0
6939.5
2650.0
7578.0
1608.5
0
1016.5
68.0
0
14697.5
9405.5
11689.0
21844.5
68.0
1389.5
9361.0
68.0
8628.0
68.0
19756.0
18299.5
68.0
2781.5
3692.5
68.0
30287.5
12256.0
2334.0
2760.0
18808.5
1479.5
7270.5
1406.5
68.0
5022.5
4165.5
2048.5
5705.0
1417.0
8154.5
8189.0
22412.5
68.0
8426.0
68.0
11796.0
15215.0
458.0
68.0
458.0
68.0
10900.5
2302.5
2159.5
13870.0
10751.5
19197.5
68.0
9449.5
68.0
68.0
24213.5
3273.5
24179.0
22687.0
10758.0
15391.0
13846.0
453.5
68.0
15629.0
21853.0
6722.0
25851.5
3214.0
13911.0
4917.5
438.5
23595.5
1869.5
828.5
2192.5
68.0
68.0
68.0
68.0
9420.0
1886.5
16156.0
15252.0
2172.5
10067.5
1792.5
68.0
5572.5
11241.5
16014.5
14005.0
8074.0
1115.5
1392.5
4106.5
2784.5
21121.5
2372.5
3635.5
537.5
4461.5
68.0
9341.0
68.0
4657.5
438.5
10312.0
68.0
6739.5
23727.0
11585.5
5047.5
2349.5
13637.5
17541.5
7707.0
4649.5
1051.0
5515.0
7120.5
12798.0
2240.0
999.5
29907.5
2689.5
2707.0
7723.5
28491.5
28905.0
9029.0
25235.5
6109.5
9548.0
4552.0
458.0
2372.5
3379.0
12149.0
13229.0
24580.5
8619.5
4656.5
10431.0
31330.0
163.0
5875.5
68.0
13343.0
4722.5
17852.0
438.5
7661.0
25336.0
2886.5
14816.5
68.0
7276.0
7409.0
2744.0
4250.0
4103.0
5402.5
9864.5
8103.5
2837.5
13734.5
533.5
1019.0
4676.5
2209.0
9863.0
22816.5
2799.0
2673.0
8533.5
5113.5
68.0
4613.5
9282.5
68.0
14553.5
4468.0
68.0
1016.5
9439.5
1496.5
21012.5
10914.5
11679.0
4525.5
5624.5
68.0
9755.5
17541.5
1760.5
5897.0
28406.0
11141.0
3412.0
68.0
8545.5
17948.0
10250.0
2650.5
9548.5
15734.5
17394.5
12655.0
3579.0
5803.0
2542.0
14663.0
1351.0
14742.5
2666.5
17934.0
10804.0
5976.0
2350.0
17939.5
19624.5
629.0
22248.0
4487.0
3208.5
14937.0
29324.5
18000.0
68.0
14284.0
14849.0
11149.0
1907.0
2659.5
4655.0
68.0
926.5
2538.5
8534.5
9849.5
19788.0
9917.5
1499.5
9455.5
6803.0
22804.0
12752.0
6275.5
11296.0
17039.0
1128.5
68.0
22828.5
22403.5
68.0
6281.5
68.0
21907.0
4820.0
13769.0
29921.5
68.0
6855.0
12479.5
12526.5
1477.0
28521.0
0
4917.5
8180.0
11733.0
4161.0
3966.0
14802.0
68.0
68.0
7443.0
26969.5
4166.0
1507.0
8170.0
19279.0
1164.0
5458.0
4982.0
2276.5
5926.0
68.0
627.5
438.5
13298.0
6618.5
8866.5
20532.0
2240.5
9016.5
2965.0
10442.0
68.0
7560.5
13098.0
30813.0
2759.0
68.0
26428.0
3820.5
63.0
2111.5
5383.0
15883.0
22827.5
68.0
1441.0
3635.5
68.0
1019.5
12468.0
5307.0
11572.0
1392.5
68.0
10395.0
68.0
68.0
2852.5
2465.0
19750.5
18046.5
3612.5
68.0
22850.5
68.0
12193.0
29288.0
23699.5
19222.0
16126.5
4014.5
19306.5
1421.5
0
9437.0
0
24922.5
14786.5
9049.5
12203.5
533.5
8276.5
5491.5
1916.5
438.5
3279.0
2874.0
7599.0
10344.0
16527.5
2705.5
1894.5
14427.5
12049.5
12580.5
68.0
68.0
68.0
5793.5
68.0
5
3727.5
19435.5
18720.5
4056.5
68.0
12636.5
1388.0
14410.0
1984.5
8460.0
8017.0
7597.5
68.0
11557.0
16079.5
17113.0
14559.0
9028.5
1934.0
68.0
14822.0
12402.5
18809.5
348.5
68.0
14481.5
18901.0
2001.5
68.0
20552.0
20898.5
438.5
2338.0
68.0
8077.0
365.5
1426.0
3214.0
68.0
20967.5
3928.5
68.0
2728.5
5895.5
5351.0
8004.5
8614.5
13892.5
68.0
5882.0
13078.5
68.0
68.0
19998.5
5801.5
1984.5
24560.5
10724.0
9363.5
2296.0
3113.5
8857.0
29671.0
5623.0
6651.5
1218.5
2767.0
3684.0
68.0
4437.0
17579.0
6439.0
4491.0
68.0
68.0
19621.5
21434.5
68.0
20987.0
68.0
15676.5
11809.0
9954.0
20295.5
6404.0
24309.5
2377.5
68.0
1477.5
5395.0
2246.5
0
2201.5
6676.5
4945.0
6214.0
68.0
68.0
1423.5
17661.0
32110.0
68.0
6045.5
10788.0
29816.0
1036.0
11678.0
17515.0
438.5
163.0
629.0
13827.0
2330.0
6499.0
3548.0
7208.0
438.5
14398.0
14363.5
25444.0
4548.0
9673.0
4174.0
7910.5
999.5
1911.5
11148.5
68.0
68.0
13981.0
7442.5
961.0
6759.5
68.0
68.0
4566.0
3713.0
627.5
23305.0
14261.5
9797.0
21658.5
2043.5
4602.5
9428.5
8167.0
15033.0
2892.5
3598.0
8835.0
10617.0
68.0
4491.5
9714.0
3691.5
9011.0
365.5
4019.5
153.5
4154.0
12035.0
11135.5
15116.5
2265.0
20510.5
9095.5
3599.0
14372.5
10360.5
1724.0
68.0
16803.0
17448.5
12152.0
17886.5
68.0
30275.5
68.0
10949.0
10808.5
4198.5
4844.5
9014.0
11564.0
15172.5
13011.0
1873.0
13290.0
3640.0
8755.5
8148.5
3278.5
6197.0
23671.0
68.0
2299.5
1109.0
2597.0
5834.0
22800.5
13903.5
1880.5
13852.0
6873.0
0
15589.5
66.5
348.5
20523.0
6215.0
4844.5
5008.0
10595.0
8313.0
68.0
5698.0
629.0
10374.5
6553.5
3452.0
8097.5
68.0
1016.5
5036.5
8988.5
10313.5
8501.5
9485.5
5974.0
4054.5
7925.5
13588.0
3240.0
2537.5
1904.0
1224.0
9379.5
14284.0
68.0
348.5
5907.0
11211.0
6476.5
68.0
1569.5
1436.0
68.0
8627.5
1482.5
4137.5
6691.0
68.0
2599.0
10924.5
65.0
10089.0
68.0
1017.5
3243.5
458.0
6550.5
5827.0
68.0
2248.0
3412.5
4063.5
1817.5
25457.5
4977.0
20082.5
19172.5
68.0
10303.0
19762.0
68.0
68.0
27644.0
4045.0
2670.0
68.0
19065.5
4886.0
4922.5
3295.5
21909.5
21490.0
2192.0
554.5
68.0
1112.5
163.0
68.0
2840.0
9008.0
3135.5
68.0
9773.0
1999.5
961.0
9090.5
438.5
68.0
629.0
7033.5
5896.5
438.5
68.0
8040.0
68.0
6697.5
25953.5
3155.0
24541.5
26318.0
5030.0
7148.5
912.5
12888.0
18731.5
68.0
8098.5
40.5
28984.5
2391.5
18780.0
68.0
1614.5
1017.5
13751.5
6469.5
3416.5
5096.0
7238.0
2818.0
5422.0
68.0
15361.5
4083.5
30086.0
21881.5
68.0
68.0
2426.5
25408.0
13727.0
2360.5
9450.0
21473.5
5980.5
4447.5
6490.0
6666.0
68.0
5206.0
68.0
2433.5
3142.0
2779.5
7098.0
68.0
8955.0
438.5
3284.5
5024.0
4899.5
68.0
3484.5
6665.5
7722.5
15661.0
1016.5
16519.0
17252.5
6777.0
10298.5
16929.5
19219.0
6009.0
68.0
3595.5
10079.0
68.0
4228.5
12087.5
1907.0
5482.5
3143.0
3057.5
8812.5
2804.0
19803.0
9962.5
22433.5
20579.0
68.0
68.0
1036.0
1667.5
9470.5
9845.0
68.0
8278.0
68.0
2738.5
3248.0
26691.5
68.0
68.0
16666.0
4974.0
4589.0
2150.5
1109.0
13382.5
7708.5
7775.5
848.0
4156.5
68.0
19309.0
2240.0
6666.5
9912.0
458.0
8963.5
2330.0
9779.0
31154.0
13921.5
13728.0
18266.0
4486.5
5772.5
68.0
20199.0
6295.0
4063.5
848.0
7167.5
68.0
23270.5
6121.0
22287.5
28841.5
16980.5
24520.0
6597.5
21807.5
13406.5
3115.5
3279.0
23188.0
3226.0
21254.5
22723.0
2300.0
9954.0
7606.5
22899.0
5490.0
8470.5
7130.0
1017.5
458.0
438.5
16560.5
5903.0
3716.5
15652.0
2908.0
18162.5
9433.5
24541.5
8950.0
8608.5
13337.0
11730.5
8528.0
1775.0
12867.0
68.0
18840.5
30201.0
901.5
30768.0
646.0
1757.5
19319.0
12625.5
17794.0
1034.0
1794.0
32165.5
438.5
5444.0
68.0
12795.0
8673.5
3205.5
11432.5
23468.5
9104.5
68.0
7247.0
7674.0
3213.0
11397.5
4455.5
8361.0
68.0
3786.5
8129.0
1348.0
25540.0
3611.5
6412.0
15225.0
19723.5
8547.5
736.0
68.0
68.0
551.5
5350.5
15544.0
68.0
5396.0
18340.5
163.0
8097.0
68.0
6849.0
15596.0
1479.5
24916.5
27675.0
1865.5
2255.0
5027.5
15283.0
13445.5
18450.0
5336.5
68.0
4585.0
68.0
19651.5
6362.0
13127.5
3225.5
17145.0
11116.0
9847.5
18124.0
4612.5
12613.0
24622.0
1016.5
68.0
4571.5
14335.0
10430.5
67.5
7147.0
7310.0
68.0
16043.5
5568.5
18052.0
68.0
438.5
6498.0
16496.5
68.0
57.5
14434.0
16133.5
13375.0
9909.0
4042.0
7162.5
4101.0
4892.0
27319.5
12076.5
2745.5
17850.0
28199.5
13825.5
8938.0
4545.0
17091.0
4608.5
68.0
10510.5
1053.0
68.0
2092.0
16168.0
5799.5
1817.0
11712.5
6339.5
14733.5
1796.5
3769.5
10914.5
4947.5
5031.0
17088.0
1998.5
68.0
68.0
4901.5
68.0
16949.5
5687.5
11315.0
893.0
68.0
12994.0
3043.0
68.0
7276.0
23223.0
6385.5
4952.0
20025.5
6088.0
13935.0
9779.5
8932.5
3693.5
1794.0
5378.0
28511.0
16610.5
6720.0
25478.0
8136.0
5513.0
20064.0
28922.5
5807.0
68.0
26865.5
8552.5
6263.5
7032.0
4170.5
4045.0
65.0
6417.0
11330.0
2669.5
27965.0
13377.0
3242.0
5366.5
4658.0
68.0
5832.0
1982.0
68.0
1869.5
7632.0
1199.0
68.0
16956.0
6243.5
68.0
2749.0
3323.0
7430.0
8905.5
612.5
11608.0
5768.0
9678.5
14774.0
7094.5
2359.0
458.0
67.5
6904.0
2237.0
28083.0
4139.5
12195.5
9037.0
6324.0
18316.0
4620.0
2147.5
1795.5
4896.5
8131.0
26453.0
4971.5
14247.5
20009.0
27185.5
1406.5
458.0
458.0
68.0
4917.0
3117.5
68.0
7469.5
12099.5
68.0
68.0
14385.0
16548.5
2781.5
1199.5
4453.0
21891.5
5195.0
6797.5
14162.5
1965.0
68.0
4039.0
12065.0
68.0
17512.0
68.0
5303.0
6669.0
16172.5
24456.5
8442.5
1770.0
11813.5
5977.0
3148.0
12502.5
7914.0
16701.5
28454.0
68.0
4571.5
9924.5
5054.0
1482.5
22365.0
21211.5
16736.5
68.0
68.0
1033.5
458.0
9408.0
10658.0
12024.0
5106.0
14260.0
16222.0
4535.0
21076.5
10415.0
3652.0
68.0
30465.5
3641.0
0
1087.5
163.0
6716.5
6837.0
27473.0
13810.0
68.0
0
1803.0
20865.0
4451.0
10267.0
68.0
1109.0
25871.5
3671.5
4024.5
0
4535.0
9661.5
22731.0
23457.5
14331.5
68.0
0
3783.0
19176.5
3225.0
68.0
6687.5
0
2240.0
7200.5
1479.5
7874.5
1870.0
11220.0
12464.5
15171.5
1406.5
68.0
15651.5
7703.0
0
537.5
10224.5
19700.5
30811.5
8935.0
11680.5
4292.0
1875.0
7159.0
8578.5
2739.5
14800.5
13815.0
15519.0
10096.0
1483.0
4585.5
10718.0
19674.0
7739.5
5931.5
13078.5
1121.5
12951.0
25080.5
601.0
5568.5
2706.5
19083.5
8504.5
2316.5
755.5
5746.5
23634.0
23178.0
68.0
6461.0
8511.0
6309.0
3711.0
21867.0
68.0
4047.0
7097.5
5401.0
68.0
68.0
4493.0
68.0
4890.5
5881.5
18753.0
68.0
16196.0
7149.0
68.0
68.0
3707.5
9046.0
2259.5
20033.0
1016.5
15482.5
1033.5
68.0
524.0
6364.5
7326.5
11298.0
7587.5
9438.5
4968.0
23612.0
16977.5
3551.0
0
68.0
3206.0
3242.5
1109.0
2276.5
10115.5
68.0
27177.5
23801.0
5054.0
4456.5
1499.0
18751.0
16963.5
0
10345.0
1802.5
68.0
68.0
5408.5
3730.0
0
26325.5
0
26750.5
68.0
20752.5
29089.5
6429.0
663.0
0
3155.5
8488.0
4071.0
6497.5
0
9814.0
2750.5
68.0
68.0
11697.0
2349.5
2647.0
68.0
9057.5
68.0
5810.0
5650.0
9603.0
1128.5
29468.5
1688.0
2712.5
11792.0
2150.0
7052.5
1016.5
11723.0
0
1929.0
10412.5
0
7792.0
1344.0
13354.5
12083.5
5942.5
12964.5
14311.0
13478.0
2818.0
5070.0
68.0
27147.0
12978.5
458.0
12100.0
893.0
646.0
23205.5
8530.0
26340.0
0
2255.5
2936.0
15539.5
54.0
29030.5
11442.0
5475.5
11136.5
68.0
14384.5
23063.5
29707.5
1499.0
27128.0
1346.0
20726.0
20983.5
13304.0
25064.5
7144.0
10393.5
629.0
4473.5
663.0
2259.5
18847.0
5639.0
9884.0
26723.5
10363.5
3402.0
12023.0
8018.0
9008.0
68.0

16076.5
1333.5
1909.0
5831.5
29816.0
68.0
11994.5
9875.0
13397.5
0
3191.5
20538.0
0
68.0
8523.5
2760.0
8962.5
533.5
2340.0
10246.5
719.0
1036.0
7993.0
736.0
736.0
6763.0
458.0
68.0
6217.0
2599.5
8668.5
1128.5
4042.0
1423.5
12625.5
13194.5
6472.5
1705.0
8986.5
6363.5
5386.5
12901.0
25333.5
4211.0
14728.0
29.0
7401.5
23459.0
18243.5
19254.0
17870.0
1036.0
25364.0
16882.5
68.0
68.0
12563.0
25480.5
1019.0
2319.0
1016.5
22971.5
12531.0
1869.5
14720.5
19123.0
3287.0
8914.0
1479.5
7126.5
0
11697.0
438.5
438.5
30908.5
68.0
1016.5
16430.0
68.0
68.0
0
1482.5
2666.0
5427.0
19266.5
68.0
11700.5
68.0
10762.5
1499.0
14343.0
5512.0
5086.5
16894.0
68.0
524.0
1872.5
30749.5
7049.5
30627.5
1106.5
12618.0
68.0
11816.0
13026.5
6313.0
68.0
6222.5
67.5
8602.5
68.0
4053.0
15214.0
20119.0
2355.0
6428.5
738.5
16971.5
17749.5
68.0
7718.5
68.0
7216.0
4974.5
0
11209.0
68.0
8521.0
68.0
2453.0
68.0
68.0
4150.0
5033.5
8228.0
8643.5
68.0
10025.0
68.0
68.0
10847.5
2227.0
68.0
68.0
9859.0
7224.0
11432.0
6284.5

3059.5
7357.5
646.0
22872.0
4449.5
11392.0
14176.5
14336.5
614.0
25508.5
4510.0
438.5
68.0
1813.5
68.0
1145.5
4993.0
18507.0
8522.5
2748.5
3194.0
4091.5
0
6382.0
68.0
14407.0
2804.5
68.0
4184.0
943.5
8903.0
3229.5
13996.0
7670.0
68.0
13856.0
4508.5
3784.0
458.0
4303.0
17033.5
19106.0
5067.5
23268.0
23279.0
4189.0
10920.5
16893.5
663.0
5903.5
2374.5
3189.5
554.5
1016.5
9271.5
68.0
11759.5
14361.5
1612.5
18139.5
4386.5
6258.0
68.0
1034.0
18431.0
7629.5
738.5
16123.5
31773.5
11737.5
68.0
5560.5
3689.5
27976.5
16564.5
438.5
2593.5
9778.5
8513.0
3361.5
1331.5
68.0
68.0
14387.0
6253.5
14030.5
8504.0
12520.5
13936.0
68.0
68.0
438.5
4075.5
4438.5
68.0
7580.5
4546.5
68.0
2263.5
3184.0
2167.0
18938.5
6403.0
10975.5
22481.0
24675.5
68.0
68.0
9956.0
4503.5
14848.0
68.0
5266.5
17984.0
8311.0
8066.0
20012.5
2241.0
7751.5
4451.5
12593.5
646.0
458.0
2760.0
68.0
3227.5
68.0
5927.5
738.5
28934.0
5070.0
15781.5
9515.5
16430.0
68.0
23135.0
8296.5
9498.0
9878.0
5426.0
14029.0
68.0
13038.0
3578.0
11393.5
4011.5
6731.5
12929.0
26839.5
4027.5
8464.0
6800.0
10978.0
14428.5
17486.0
14353.0
0
1109.0
7726.5
5792.5
1199.0
1847.5
6213.5
1192.0
6334.0
3204.5
68.0
2742.5
8974.0
2347.0
3662.5
6223.0
26359.5
0
22714.0
4473.0
68.0
13843.0
68.0
11797.5
68.0
11669.0
9619.5
23588.0
736.0
15101.5
24093.5
3010.0
1106.5
1911.5
18676.0
8637.0
7109.0
68.0
17358.0
163.0
11224.5
4956.0
1593.5
2175.0
1390.0
1036.0
22393.0
9927.0
68.0
23346.5
68.0
8764.5
6698.0
22857.0
6839.5
10692.5
68.0
68.0
5468.0
7383.0
68.0
15813.5
1884.5
17004.0
30232.5
25750.5
4013.0
7902.0
1906.0
24140.0
438.5
926.5
926.5
7669.5
6049.5
5945.5
17485.5
8921.5
68.0
9007.5
4535.0
26992.0
5135.5
2096.5
1495.0
1967.5
438.5
12801.5
13154.5
21000.5
3141.5
13832.5
32606.0
30802.5
4541.5
5434.5
4591.0
15127.5
68.0
6376.5
8435.0
28158.5
25153.5
16462.5
11148.0
6267.5
68.0
0
2742.0
4096.5
3227.5
1499.0
6890.0
4103.0
68.0
30215.5
4615.5
68.0
68.0
20943.5
14771.5
11853.5
68.0
3118.0
1869.5
9899.5
20096.5
7334.5
11142.0
68.0
68.0
29841.5
29943.0
6831.0
27184.0
11648.5
22304.5
1019.5
5901.5
10545.0
5962.5
17470.0
68.0
173.0
12466.0
1034.0
646.0
1577.5
18193.5
9363.0
1819.0
19531.0
27070.5
3734.5
10222.5
4479.5
13034.0
2266.5
452.0
24500.0
4596.0
6440.5
4099.0
4044.0
627.5
153.5
68.0
5942.5
9253.0
24503.5
7655.5
4040.5
2276.5
22341.0
7365.5
68.0
8818.5
13146.0
12366.5
19633.0
4065.0
68.0
23176.0
6264.0
629.0
4520.0
5386.0
647.0
17504.5
68.0
9843.0
68.0
0
3321.5
12499.5
5789.5
6783.0
68.0
21374.5
8053.5
9486.5
15298.5
538.5
438.5
10693.5
17697.5
28966.5
1421.5
5307.0
0
68.0
9905.0
3187.0
22008.5
4732.0
68.0
3256.5
3688.0
14304.5
68.0
26691.5
7285.0
11706.0
17375.0
10450.0
11172.5
1982.5
0
1821.0
0
6748.0
68.0
960.5
14594.5
26968.0
646.0
6351.5
13192.5
0
4456.5
8429.5
2981.5
1877.0
0
7647.0
6806.5
3649.0
4199.5
1813.5
4915.0
68.0
26722.5
68.0
6679.0
16601.0
68.0
1126.0
68.0
0
3262.5
16610.0
11165.0
13005.0
4962.5
9426.5
6180.0
15273.0
8572.5
1479.5
28412.5
961.0
10003.5
2391.5
2815.5
18324.5
8029.0
944.5
16280.5
18884.5
4293.0
16660.5
13948.0
10326.5
5764.5
10386.5
3584.0
16892.5
23062.5
7254.5
68.0
21045.5
8670.5
8258.5
3259.5
9377.5
1112.0
4120.5
2669.5
17314.5
1124.0
2619.0
7961.0
828.5
68.0
4332.0
4045.5
68.0
809.0
10230.0
2259.5
0
10286.0
3346.5
17611.0
17927.0
25476.0
6974.5
25830.5
6458.0
8848.5
24116.5
13421.0
68.0
3688.0
17137.5
13048.5
3727.0
3675.0
68.0
3501.5
6864.0
12064.5
68.0
50.0
68.0
11477.5
9371.0
8628.5
23019.0
1320.0
9911.5
68.0
68.0
7420.5
3596.5
11651.5
7744.5
5878.5
5147.0
10456.0
3248.5
0
2540.0
2352.5
12145.0
22314.0
6502.0
68.0
14919.0
8153.5
8055.0
19610.0
2077.0
0
11859.0
2490.5
11735.5
6814.0
8117.5
5144.0
19679.0
1684.5
4281.0
641.5
1582.0
9039.5
68.0
25889.0
5371.0
438.5
0
12981.5
68.0
23952.0
13361.0
0
12107.5
68.0
2214.0
5283.5
68.0
25882.0
3215.0
12080.0
2262.5
6764.5
17837.5
8214.5
68.0
68.0
7281.5
5013.0
68.0
3674.5
68.0
5425.5
0
11100.5
7222.5
22494.5
1570.0
8471.0
8252.5
5881.5
11374.5
3028.5
12879.0
7871.0
1225.0
8488.5
8553.5
21178.0
6000.5
28359.0
22572.0
0
1499.0
5114.0
13926.5
68.0
5515.5
26409.0
0
14277.0
1704.0
2242.5
18781.0
4083.0
13015.5
68.0
13996.5
1916.5
21909.0
2905.5
68.0
1504.5
458.0
68.0
1580.5
2801.5
6825.5
11629.5
10139.5
7597.5
68.0
6017.0
1089.5
68.0
6191.5
18751.5
8460.0
68.0
12579.0
2835.0
7093.5
68.0
1487.5
19579.5
1409.5
2877.0
22054.0
646.0
11773.5
68.0
943.5
17657.5
6054.0
68.0
16136.5
3106.5
21923.5
25024.5
753.5
438.5
2091.5
68.0
19923.0
1889.0
3227.0
68.0
68.0
20895.5
68.0
68.0
5588.0
27437.5
12599.0
4466.5
10642.0
10345.0
4455.5
1867.5
68.0
19506.0
26712.0
11653.0
6839.5
1409.0
14923.0
8680.0
4591.0
2387.0
68.0
68.0
3732.5
13814.5
4519.5
4880.5
68.0
20507.0
68.0
7549.0
14322.5
2945.5
2397.5
1594.5
54.0
6334.5
2799.5
11260.0
68.0
8115.5
2691.5
16791.0
6696.0
4095.0
15701.5
68.0
14790.5
6795.0
6270.5
68.0
4827.0
4025.5
5978.0
1796.5
68.0
153.5
8568.5
10251.5
12506.0
68.0
9814.0
29900.5
68.0
68.0
13498.5
5881.5
9324.0
11204.0
10394.0
6404.5
8669.0
68.0
10238.5
20063.0
2375.0
10383.5
12020.5
2266.0
30289.0
15191.5
4272.5
29200.0
14274.0
2404.0
29655.0
1034.0
16091.5
5872.5
8074.0
68.0
16693.5
6375.5
3602.5
5903.0
10690.5
25876.5
1406.5
9381.5
22312.5
9450.0
5429.0
16152.5
4320.0
1777.0
19263.0
1999.0
25949.0
20229.5
9510.0
4945.5
68.0
1707.0
4447.0
17946.0
10364.5
10654.0
620.5
163.0
19220.0
16013.0
2282.0
5463.5
4176.5
16126.5
1685.5
68.0
7357.5
4923.0
1387.0
5587.5
1389.5
13260.5
11552.0
11670.0
13646.0
4154.5
8599.5
30344.5
4522.0
18803.0
16468.0
3116.5
8082.5
68.0
23174.0
6291.0
7105.0
9509.0
10857.0
6831.0
14885.0
13347.5
12540.5
1690.0
3672.0
13089.0
2001.5
1477.5
1385.5
9438.0
23195.0
11314.5
1100.5
9843.5
18796.0
68.0
8584.5
9481.0
68.0
13814.5
21064.5
17037.5
11170.0
17381.5
12944.0
30362.0
68.0
1387.0
8100.0
68.0
22261.5
5136.0
15226.5
0
22299.0
11426.0
13934.5
68.0
68.0
10084.5
537.5
1648.5
8919.0
12058.5
16537.0
12571.0
5902.0
0
6507.5
10194.5
68.0
16917.0
16567.0
5626.0
26155.5
5876.0
5922.5
2071.0
1404.0
3169.0
13043.0
2316.5
68.0
7621.0
10077.0
12568.0
11814.0
458.0
23027.5
68.0
8384.0
68.0
647.0
11624.5
3604.0
19205.5
17456.0
11126.0
68.0
2339.0
8550.0
4260.5
3440.0
8304.0
16041.5
6767.5
17914.5
16171.0
4174.0
68.0
11630.5
28097.5
13388.5
10822.0
1969.5
12574.0
6714.0
10396.5
15234.5
10724.0
26312.0
68.0
14770.0
7215.0
3879.0
4191.0
3764.5
1836.5
1406.5
13218.5
647.0
5053.5
27447.0
2953.5
14828.0
5375.0
6321.0
944.0
12172.5
9480.5
10508.0
15874.0
17487.5
29368.0
32054.5
20911.0
68.0
10695.0
24204.5
30337.0
6764.5
7866.0
9623.0
68.0
8622.5
26329.5
12027.0
68.0
7774.0
68.0
646.0
4946.5
8451.5
5441.5
6283.0
11884.0
22788.5
9785.0
15976.5
906.0
11171.5
13485.0
68.0
2934.0
68.0
12546.0
8527.0
1426.0
3588.0
22691.0
25860.0
4191.0
68.0
3591.5
13063.5
719.0
438.5
3270.5
11272.5
68.0
7261.5
8195.5
68.0
1959.5
5028.5
68.0
31142.0
9070.0
1911.5
17033.5
2613.0
5968.0
68.0
7907.0
10688.0
25472.5
7638.0
68.0
16098.5
68.0
22811.0
5656.5
5509.0
8437.0
5706.5
31228.5
12511.5
15271.0
68.0
17878.0
1569.5
16538.0
68.0
6744.0
68.0
6225.0
3312.5
7755.0
0
458.0
1472.5
68.0
68.0
18264.5
27593.0
3137.5
18778.0
13006.0
24020.5
9860.0
24588.5
68.0
68.0
3156.5
2001.5
14355.0
10669.0
15670.0
4193.5
4557.0
12910.5
68.0
68.0
11726.5
68.0
19172.5
68.0
22745.0
2728.5
3848.0
18792.5
2264.5
9425.0
14783.0
5879.5
68.0
5440.5
68.0
8223.0
68.0
24975.5
24959.0
1984.5
16169.0
12079.0
32022.0
627.5
11724.5
2338.0
68.0
3601.0
15888.5
17974.0
10809.5
68.0
68.0
13448.5
68.0
20004.5
3747.5
3954.0
15746.0
663.0
13357.0
7844.0
11330.5
11328.5
4903.0
15677.5
21381.5
3713.0
9930.0
27954.0
18031.5
15651.0
13472.5
68.0
5882.0
0
27595.5
68.0
31046.0
4084.0
13018.0
5009.5
24540.5
3696.5
8086.5
2259.5
18709.0
1721.5
943.5
1484.5
68.0
19041.5
8550.0
20648.0
2362.0
68.0
12000.0
68.0
9067.0
68.0
348.5
16227.0
68.0
4796.0
9090.0
6908.0
16629.5
3766.5
23687.0
68.0
8912.0
0
12596.0
3859.5
7584.5
828.5
13470.0
0
0
9163.0
3657.0
438.5
4084.5
0
68.0
13257.5
2373.5
2263.0
6739.5
0
17316.5
0
12448.5
6131.0
9504.0
30749.0
16532.0
12461.0
11242.5
15487.0
13476.5
12002.0
11378.0
13522.5
1374.0
9516.0
13154.5
12547.0
2389.5
3620.0
23083.0
6261.0
1424.0
68.0
828.5
5476.5
9479.5
10836.0
9044.5
68.0
9909.5
14354.0
12503.5
5394.5
1899.0
27231.5
11633.5
68.0
10459.0
68.0
68.0
16644.5
23842.5
18233.5
11218.0
32634.5
15574.5
7662.5
7636.5
4264.5
68.0
68.0
7519.5
4078.0
57.5
14781.0
18695.0
8650.5
3949.5
68.0
22363.5
68.0
4045.0
8538.5
0
4601.5
29779.5
9806.0
11209.5
5306.5
68.0
13463.0
438.5
2764.5
5807.5
926.5
54.0
68.0
6778.5
9993.0
6708.5
68.0
438.5
6818.5
1109.0
31764.0
3298.0
10451.5
7355.5
4061.0
3987.5
1402.5
11653.0
20096.5
24561.0
646.0
26214.5
1477.0
1648.0
68.0
21892.0
8161.5
4662.0
7143.0
0
5547.0
7031.0
0
8832.0
11642.0
16682.0
2726.0
5953.0
2490.5
68.0
12912.5
68.0
21909.5
30800.0
719.0
13422.0
11691.5
10230.0
5510.0
68.0
68.0
4435.0
5683.5
5501.5
596.0
11250.5
20488.0
68.0
29029.0
9006.5
22858.5
14477.0
0
3060.0
16434.0
68.0
14791.5
16573.5
6792.0
68.0
738.5
26927.0
68.0
4490.5
9471.5
68.0
2705.5
68.0
5898.0
4491.5
8965.5
9932.5
68.0
4077.5
68.0
1516.0
20867.0
6247.0
14718.0
14234.5
14803.0
7125.5
50.0
2338.0
3596.0
646.0
68.0
68.0
6296.5
1021.5
7128.5
7699.5
2188.5
15111.0
10931.0
68.0
10457.0
68.0
7490.0
943.5
68.0
8257.5
15652.0
14860.0
17574.0
3288.0
960.5
68.0
7668.5
27724.0
2691.5
3211.0
6773.0
15562.5
7790.5
438.5
7448.5
3673.0
9806.0
1368.0
68.0
24882.0
21555.0
68.0
68.0
9015.5
2374.5
54.0
9826.0
8691.0
8501.0
14204.0
1672.0
9457.0
9444.0
10251.0
9838.5
23333.5
3989.0
11358.0
13006.0
68.0
2330.0
3560.0
68.0
12038.5
68.0
1499.0
10676.5
4570.5
68.0
68.0
4543.0
3713.0
1016.5
4039.0
13795.5
16510.5
533.5
9227.0
9750.5
10284.0
68.0
4191.5
2165.0
8577.5
2391.5
68.0
14223.5
6622.0
68.0
6770.5
4044.0
2676.0
20626.5
13893.0
8584.0
10162.0
6255.5
11625.5
31072.0
13915.0
13487.5
4488.5
5081.5
16937.0
68.0
9799.0
28659.0
4546.5
3690.5
17377.0
15102.0
1874.5
68.0
10292.5
2667.0
6677.5
1053.0
22048.5
68.0
2374.5
5871.5
68.0
68.0
1333.5
3714.0
1126.0
68.0
5117.5
15620.0
6274.0
13613.0
1911.5
7269.0
13045.5
68.0
68.0
68.0
3452.0
24921.5
31079.5
20061.0
20405.5
4455.0
23383.0
11663.5
1738.5
4746.0
2372.5
10818.5
68.0
19583.5
18758.0
11697.5
4493.0
68.0
22262.0
1516.0
27267.5
26718.5
1779.5
68.0
68.0
13600.5
458.0
68.0
163.0
68.0
5448.5
12686.0
18798.5
3663.0
13462.0
20106.0
4769.5
13470.0
4022.5
10251.0
3596.0
1112.0
4649.5
68.0
3576.0
5418.0
5906.0
1615.0
2100.0
5863.0
68.0
2389.5
20931.0
30447.5
8209.5
1981.5
68.0
21077.0
23214.0
14743.0
68.0
13708.0
10169.5
0
3710.5
3424.0
0
9538.0
3211.5
3620.5
0
0
2815.5
0
15085.0
8479.5
5935.0
68.0
8711.0
5898.0
0
26363.0
4191.0
3374.5
3115.5
18421.0
14486.0
1948.5
12170.5
1036.0
9036.5
1518.5
0
1960.0
1967.5
5270.5
15077.0
2692.5
14781.0
2560.5
68.0
12527.5
68.0
13015.5
68.0
19679.5
0
25955.0
24785.0
1516.0
15544.0
9112.0
68.0
4059.0
1496.0
5139.5
14410.5
68.0
68.0
68.0
5495.5
68.0
6814.0
16138.0
5023.5
8987.5
9435.0
2837.0
68.0
26750.0
1389.5
9946.0
9581.5
6327.0
1965.0
16993.5
0
8162.5
3259.5
927.5
68.0
2233.0
12152.5
3218.5
3574.5
927.0
4356.5
68.0
68.0
8065.0
68.0
0
22732.5
9441.5
534.5
1387.0
9164.5
68.0
19214.5
8019.0
0
0
4104.0
12910.0
2302.0
18009.5
8192.5
13003.5
524.0
7073.5
3208.0
1409.0
10342.5
6963.0
5468.5
2781.5
16065.5
2654.5
68.0
11768.5
8005.0
68.0
5385.5
20081.5
5555.5
5922.5
943.5
6612.5
68.0
11972.0
7578.0
0
4581.5
68.0
11719.0
16938.0
11291.5
14796.5
23530.5
19161.0
1406.5
6178.0
20238.0
738.5
4586.5
5985.0
6958.0
1333.5
6333.5
68.0
13104.5
7714.0
8788.0
3220.5
6966.0
348.5
537.5
13322.5
68.0
68.0
68.0
271.0
3295.5
3188.5
458.0
12492.5
4640.0
27846.5
8541.0
0
11108.5
26420.0
68.0
68.0
14514.5
16980.5
28389.5
926.5
68.0
1033.5
11985.0
68.0
68.0
5527.0
68.0
23259.0
4202.5
5068.5
6781.5
4676.0
6304.5
3247.5
68.0
7872.5
1016.5
1940.0
2240.0
14757.0
3859.0
9985.0
18893.0
68.0
7004.5
68.0
23507.5
4198.5
68.0
12532.0
8521.5
11331.5
1631.0
17838.0
0
629.0
3042.5
68.0
27071.0
68.0
10378.5
8766.5
68.0
16182.0
68.0
9953.5
18849.5
68.0
755.5
2092.0
9909.5
68.0
15123.0
26637.0
1931.0
717.0
3303.5
11860.5
16577.5
5863.5
3208.0
4450.0
15266.5
16629.5
2949.5
9531.5
7179.5
20559.0
21566.0
4729.5
3635.0
68.0
1477.5
57.5
35.0
68.0
3563.0
68.0
13142.0
4392.0
2355.5
68.0
15546.5
4388.0
68.0
10850.0
6320.0
27176.5
68.0
11538.0
458.0
1911.5
28683.0
1615.0
10341.0
8775.0
2355.0
1421.5
2114.0
13347.0
3334.5
21320.5
5521.0
4898.0
365.5
9884.0
8079.5
2540.0
18326.5
9888.0
2482.0
9894.5
1811.5
7260.0
2655.0
5820.0
22496.5
25512.0
6401.5
2579.5
6370.5
12618.0
2747.5
6662.0
18109.5
9843.0
2391.5
3404.5
8514.0
2445.0
16948.0
2370.5
22327.0
10433.0
9816.5
13841.0
68.0
16287.0
68.0
4176.0
29488.0
18074.5
16212.5
3000.5
6971.0
68.0
13316.0
15300.0
13027.5
943.5
3191.5
0
10253.0
15467.5
3688.0
5810.0
2330.0
3636.5
68.0
7406.5
6074.0
12901.0
68.0
3206.0
4680.0
68.0
6732.5
1406.5
1407.5
4675.5
927.0
7518.0
3213.5
2833.0
68.0
4696.0
12446.5
68.0
4064.0
68.0
23660.0
452.0
3246.0
12072.0
68.0
68.0
19001.0
68.0
24323.0
68.0
15689.0
68.0
9366.5
9082.0
12076.0
2037.0
3760.5
5564.5
0
2337.0
2185.5
10027.0
68.0
5475.0
21933.5
5025.0
3683.5
67.5
21516.0
11654.0
6797.5
11991.5
19743.0
68.0
2722.5
19144.5
16036.0
68.0
68.0
8208.5
13161.0
68.0
1516.0
4474.5
29914.0
12163.0
11420.0
3452.5
68.0
10231.5
68.0
68.0
68.0
2338.0
13440.0
68.0
3201.5
2467.0
1904.0
627.5
68.0
19157.0
11228.5
7078.0
68.0
16871.5
1443.5
6291.5
68.0
15683.5
17377.0
4464.0
10933.0
4095.5
4643.0
2613.5
25073.5
7147.5
16096.0
68.0
29509.5
5929.0
68.0
7120.5
5479.0
5147.0
68.0
68.0
11144.5
163.0
12256.0
6629.0
5350.5
21974.0
8164.0
4808.0
68.0
8921.0
553.0
1019.0
1019.0
11596.5
8053.5
18005.5
4362.5
1594.5
458.0
1740.5
10284.0
10392.0
7600.5
11205.5
5047.5
958.5
26317.5
6243.5
68.0
3101.5
68.0
11315.0
4504.5
1004.0
68.0
20395.5
16463.0
68.0
419.5
12284.0
458.0
31701.5
68.0
68.0
24032.0
7695.5
3599.0
4737.5
20830.5
13456.0
68.0
828.5
28136.0
57.5
1499.0
25782.0
6313.5
7226.0
15941.5
13804.5
5480.0
1002.5
960.5
1612.0
13247.0
8060.0
2674.5
10228.5
8597.0
6012.5
18968.0
68.0
9893.5
7722.5
9286.5
6117.0
11759.0
5030.5
23133.5
15414.5
3730.5
11368.5
68.0
10790.0
22346.5
20465.5
17026.5
4544.0
2220.5
2741.5
15991.5
2448.5
4920.5
2341.0
11703.5
68.0
4477.0
68.0
9489.0
0
568.5
12941.0
8027.0
68.0
12676.5
68.0
9030.0
68.0
0
534.5
10706.5
68.0
5575.0
5013.0
67.5
6376.0
8671.5
32267.5
5022.5
2672.0
4748.0
11310.5
1012.5
14743.5
12499.5
1016.5
12227.0
7683.5
68.0
23895.0
33428.5
1016.5
4737.5
1550.5
13960.0
5378.0
68.0
23117.5
10927.5
943.5
6346.0
68.0
458.0
2669.0
8017.5
18361.5
14783.5
4763.0
2964.0
4945.0
68.0
10451.0
11234.5
68.0
8974.5
24601.0
68.0
68.0
9390.0
5158.0
68.0
29935.0
10776.0
6753.0
12600.5
2221.0
7146.0
18844.0
0
4081.0
28686.5
19721.5
16084.0
3574.0
6497.0
25418.5
67.5
9575.0
7171.0
10654.5
68.0
3231.0
11203.5
1329.0
13823.0
68.0
68.0
20946.5
10369.0
3432.5
6868.0
5007.0
11674.5
5810.0
21579.0
2398.0
7211.0
2990.0
13012.0
68.0
3107.5
2942.5
738.5
3199.0
15045.0
13872.5
14820.5
15279.5
20653.5
68.0
3135.0
20141.5
16104.5
68.0
68.0
4815.0
5401.5
68.0
22510.0
3651.5
14721.5
68.0
2276.5
13492.0
68.0
12125.5
68.0
2777.0
9087.5
4589.5
6052.0
16128.5
7465.5
19570.0
926.5
1423.5
6899.5
2749.5
25794.0
7737.5
23550.0
13916.5
13068.0
26116.0
27181.0
5853.5
2427.5
15197.0
2001.5
68.0
1499.0
16463.0
24108.5
13621.5
9483.5
12093.0
4527.5
9220.5
8534.0
17709.0
68.0
25551.5
8072.0
2279.0
23201.0
7234.0
5478.0
68.0
23635.0
8460.5
68.0
68.0
50.0
68.0
68.0
20126.5
5837.0
4504.0
3209.0
16542.5
34278.5
7971.5
20919.5
1796.5
6472.5
9023.5
10062.5
31718.5
5032.5
3177.0
0
5472.0
68.0
0
0
68.0
0
7668.5
22444.5
68.0
18466.5
7677.0
0
11244.5
1479.5
68.0
10295.0
5871.0
18867.5
17791.0
15131.0
348.5
4078.0
68.0
68.0
10359.5
68.0
68.0
1421.5
68.0
3620.0
23428.0
18821.0
19253.5
29964.0
21481.0
54.0
910.0
68.0
2282.5
16482.0
2739.5
29046.5
8556.5
68.0
25507.0
20072.0
17077.5
21401.0
8128.0
9925.5
4155.0
4466.5
7189.5
0
50.0
4989.5
31158.5
2279.0
5422.5
68.0
7360.0
68.0
8072.5
17541.5
12025.0
16668.5
23991.0
68.0
6264.5
1569.0
23757.5
5771.5
9852.0
15847.0
23693.0
16031.0
533.5
2630.0
3130.0
5586.0
13697.5
4722.5
6741.5
17834.5
348.5
18536.5
6770.0
68.0
32550.0
2057.5
3303.5
4539.5
2220.5
68.0
5054.0
68.0
19153.0
5156.5
8117.5
18334.0
68.0
68.0
6742.5
438.5
6758.5
26822.0
68.0
17030.0
14025.0
1959.5
10214.0
4174.5
68.0
7147.0
68.0
4087.0
629.0
7282.5
2762.0
68.0
6994.0
4987.5
67.5
8926.0
22329.0
944.0
68.0
15969.5
68.0
68.0
3705.0
2019.0
5352.5
68.0
25980.5
1048.5
9495.0
12740.0
7573.5
68.0
12133.0
68.0
68.0
68.0
4636.5
6988.5
3119.0
18346.0
983.0
25227.5
4047.0
68.0
68.0
8700.5
910.0
8616.0
12891.0
68.0
15568.5
3860.0
6618.0
68.0
1423.5
11403.5
3652.0
11488.5
3125.0
1036.0
11816.5
2910.5
17397.5
1350.5
2349.0
18368.5
16965.0
7194.0
8553.5
663.0
5022.5
4870.5
12077.5
3595.5
31312.0
1016.5
14035.5
925.0
68.0
11650.0
32009.5
4135.0
2742.0
13498.0
4446.0
68.0
11795.5
30649.5
6329.5
14260.0
14245.0
4037.0
719.0
8563.5
14300.0
29534.0
68.0
68.0
6766.0
11980.5
2724.0
5451.0
5112.5
8196.5
7649.0
16876.5
8185.0
6379.5
8351.5
68.0
28138.0
4075.0
8585.0
3742.0
7325.0
3160.5
13793.5
68.0
68.0
1869.5
68.0
26943.0
23321.0
68.0
17238.0
22324.0
68.0
16516.5
1884.5
1482.5
17215.0
10249.5
1869.5
25927.5
18232.0
12577.5
6060.5
11730.0
85.0
21666.5
828.5
6314.5
1813.5
3121.0
68.0
3598.5
68.0
12535.5
9794.0
1589.0
9066.0
7267.0
13556.5
68.0
13013.0
8525.0
4099.5
20155.0
6980.0
24964.5
8101.5
17530.5
6455.0
68.0
1496.5
8333.5
8481.5
18721.5
2356.0
3245.0
17478.0
23863.5
68.0
30386.5
9937.0
11289.5
15467.0
24008.0
13674.0
68.0
5069.0
6450.0
8696.5
5492.0
5546.5
2299.0
68.0
6366.0
2464.5
68.0
2443.5
68.0
1092.5
6706.5
438.5
27471.0
2861.0
16136.0
68.0
12641.0
68.0
2075.5
22635.5
22746.5
19201.5
8027.5
16055.0
5836.5
20564.5
68.0
20565.5
30634.0
25030.5
9445.0
25393.5
828.5
0
7633.5
8134.0
543.5
68.0
26678.5
3522.5
14448.5
20614.5
4817.0
7179.5
12692.5
5097.0
27638.0
9318.5
14873.0
3769.0
8030.5
7383.0
8928.5
18302.5
1608.5
8892.0
22382.0
5219.5
738.5
9035.0
21222.0
5468.0
13722.0
68.0
68.0
6369.5
6716.5
22508.0
8416.0
1406.0
4452.0
7214.5
6542.5
13294.5
5662.0
11099.5
68.0
19418.5
12491.5
2276.5
10339.5
6347.0
16041.0
15936.5
9876.0
8169.0
8967.5
14734.5
11720.0
25946.0
458.0
10302.5
7146.0
8934.0
16757.0
68.0
3234.0
18820.0
14169.0
1550.0
438.5
8059.0
960.5
10802.5
2296.0
12451.0
10609.5
68.0
6867.0
14208.5
828.5
647.0
23238.0
21142.5
1034.0
68.0
6824.0
6251.0
4059.0
738.5
15621.5
8402.5
7321.0
17152.0
629.0
68.0
17196.5
10554.5
7415.0
21474.5
13056.5
28610.0
68.0
8631.0
68.0
6923.5
18146.5
2169.5
1719.0
68.0
68.0
23543.0
6351.5
12141.0
7600.5
3668.5
10772.0
68.0
9943.5
7116.5
943.5
1702.0
68.0
68.0
627.5
11308.0
16177.5
0
1460.0
68.0
438.5
6699.5
3524.0
16144.5
68.0
68.0
4484.0
0
14178.5
68.0
3076.0
0
2338.0
12047.0
1390.0
21493.0
68.0
2745.0
0
68.0
22912.5
458.0
26411.0
19865.5
5459.5
5380.0
68.0
8080.5
68.0
4125.0
0
1518.5
68.0
2765.5
19116.5
2221.0
3447.0
12104.5
26821.0
13343.5
16002.0
10402.0
10805.5
12580.5
68.0
23685.5
13484.5
1036.0
68.0
1041.0
30838.5
68.0
19680.0
18203.0
3446.5
5030.0
7683.5
2804.0
68.0
16697.5
9018.0
27190.5
15641.5
438.5
816.5
1389.5
0
21069.5
3694.5
1516.0
7180.0
68.0
12253.5
18725.0
3559.5
18801.0
22353.0
3248.5
7107.5
1423.5
1780.0
1109.0
13023.5
3110.0
1389.5
1409.0
3617.5
11507.0
30302.0
7338.0
4906.0
68.0
25595.0
10764.0
3172.5
68.0
20534.0
17820.5
828.5
26873.5
20150.5
1779.5
3472.5
2330.0
67.5
4510.0
19277.5
3870.0
2877.5
68.0
2854.5
4547.0
6711.5
5481.0
3722.5
4562.0
2370.5
68.0
0
68.0
524.0
68.0
17365.0
9221.5
3240.5
21471.0
11134.5
1034.0
5677.5
6427.0
8238.5
5020.0
18775.0
10285.5
11721.0
16484.0
30878.0
5797.5
455.0
2448.0
68.0
15631.5
68.0
8077.5
0
8495.0
22378.5
26972.0
15363.0
31748.5
68.0
15419.5
13952.5
943.5
68.0
9055.5
150.0
16568.0
2742.0
5515.0
828.5
14276.0
3542.0
7608.5
14330.0
68.0
8194.0

14890.5
7348.0
0
4917.0
15630.0
2259.5
7232.5
4153.5
8254.0
2816.5
1070.5
1687.0
68.0
2925.5
10845.5
18039.0
68.0
68.0
647.0
7718.5
68.0
5046.0
2764.5
543.5
68.0
3669.5
4734.5
3891.0
7147.0
8060.0
1406.5
3037.0
1612.5
31427.0
3153.5
18303.0
2872.0
22672.5
68.0
6966.5
63.0
17094.0
68.0
2349.5
68.0
12291.5
10377.0
4880.5
18813.0
998.0
9244.0
4133.0
7430.5
32970.5
2858.5
32592.0
0
2814.0
68.0
11756.5
458.0
10824.0
2373.0
1780.0
3245.5
3570.0
68.0
25569.5
14884.0
5983.5
9111.0
13681.5
1723.5
22776.0
68.0
20440.5
11102.5
5062.0
7921.5
10130.0
5417.5
11760.5
12133.5
4580.5
10334.5
24656.0
7551.5
8914.0
68.0
17874.0
2394.0
490.5
68.0
68.0
15093.0
26182.0
7197.0
2550.5
173.0
5491.5
4964.0
14427.0
10099.5
68.0
1126.0
1984.5
13531.0
14884.0
12534.5
17200.0
29001.0
68.0
22967.5
1775.0
719.0
3318.5
68.0
3371.0
8039.0
2535.0
68.0
10543.0
6368.0
4176.0
3534.0
22439.5
24306.0
2262.5
23171.5
12625.5
4646.5
68.0
24177.5
2265.0
3128.5
10909.0
8021.5
22891.5
4516.5
2739.5
7772.5
7635.5
1479.5
0
4046.5
458.0
13933.0
438.5
3430.0
3638.5
68.0
5905.0
17083.5
25397.0
68.0
5936.0
68.0
68.0
2340.5
15812.5
29807.5
8219.5
2349.5
438.5
551.5
13498.5
9738.5
21015.0
14879.5
3595.5
8220.5
1423.5
1423.5
12834.0
3582.0
23791.5
11986.5
68.0
14298.5
5916.5
3988.0
9452.5
28164.0
13303.5
11242.5
16481.5
18111.0
0
2257.5
9392.5
7408.0
4283.0
15870.5
2633.5
11260.5
1423.5
18775.5
8510.0
12097.5
736.0
68.0
12010.0
68.0
5528.5
3619.5
11057.0
9276.5
663.0
1218.5
21776.0
22064.0
4677.0
1968.5
19215.0
5103.0
5346.5
22829.0
30503.0
17880.0
19726.5
25354.0
25346.5
828.5
26310.0
68.0
3291.0
8668.0
10502.0
68.0
4080.5
19722.0
5007.0
68.0
68.0
5365.5
7639.5
8998.5
9448.5
25068.5
9441.0
4036.5
4081.0
14436.0
8461.0
1423.5
0
7901.0
5882.5
17573.0
8018.0
6719.0
10714.0
68.0
19535.5
7647.5
24679.5
18305.5
68.0
1387.0
7318.0
10076.5
0
14839.0
22367.0
3578.0
9759.0
12136.5
6116.5
26951.0
4831.5
1796.5
68.0
1886.5
68.0
11590.5
1802.0
68.0
15615.5
8527.5
736.0
25079.0
2818.0
6812.0
19299.5
5339.0
22845.5
1446.0
68.0
4173.5
0
16023.5
68.0
458.0
8917.5
4208.0
944.0
5999.0
6783.5
68.0
2798.5
6325.0
27667.5
21928.0
458.0
4057.5
6387.0
10457.5
2226.5
27689.5
2720.0
16120.0
12167.5
13855.5
1878.0
8821.5
13820.5
4566.5
6916.0
3620.5
12539.5
2240.0
9572.5
8535.5
68.0
2830.0
28117.0
1889.0
15125.0
9347.5
6811.0
1499.0
68.0
5024.0
8533.5
68.0
8687.5
4564.0
1390.0
1477.0
24116.0
29357.0
68.0
9801.0
2240.0
1053.0
12869.0
11936.5
1404.0
68.0
5810.5
2874.0
755.5
4962.5
438.5
78.0
18349.0
1813.5
68.0
29843.5
1333.5
68.0
27807.0
3708.0
68.0
1775.0
997.5
14599.0
21500.0
68.0
10700.0
68.0
458.0
8310.5
4515.0
68.0
6413.0
9374.5
68.0
68.0
8566.0
68.0
8157.5
1654.0
16126.5
9506.0
163.0
541.0
28559.0
9108.0
13168.0
68.0
24530.5
18616.0
438.5
29988.0
3671.0
68.0
1853.5
12316.5
19633.5
17045.5
1799.0
68.0
24377.5
20969.0
0
15427.5
68.0
5882.5
2240.0
2587.0
5774.0
365.5
25841.5
4103.0
9868.0
20093.0
1016.5
12325.5
8900.5
12486.0
3205.5
7288.0
6300.5
6293.5
3689.5
68.0
458.0
8543.0
68.0
2249.5
20104.5
8714.5
438.5
3264.5
68.0
11222.5
0
5425.5
1988.0
12075.5
17404.5
1423.5
68.0
0
7757.5
15207.0
10244.0
68.0
18825.5
1820.0
1019.5
1441.0
4496.0
5397.0
8950.5
19135.5
8094.5
11639.5
13939.5
68.0
68.0
2765.5
68.0
18097.5
68.0
1126.0
22169.5
4004.0
13927.0
458.0
1597.0
3155.0
11893.0
1982.0
11340.0
6838.5
21429.0
163.0
12923.0
30906.0
3298.0
1819.0
15643.0
10270.0
2837.5
23567.0
3950.0
68.0
9748.0
24110.5
257.0
5080.5
2338.0
8483.5
1406.5
5550.5
13583.0
736.0
2689.5
9451.5
458.0
1799.0
68.0
16515.5
30060.5
1496.5
23832.0
68.0
4943.0
1516.0
5489.5
5624.5
8479.5
6211.5
27204.5
2369.0
19131.5
1477.0
30850.5
17426.5
7473.5
24935.0
927.5
6301.0
5947.5
9086.0
1589.0
10763.0
68.0
68.0
7799.5
3357.5
25406.0
4463.0
9818.0
8931.5
2240.0
438.5
26721.5
28574.0
10459.0
2369.0
3649.0
20956.0
11713.0
3173.5
21872.0
1090.0
11708.5
4986.0
68.0
68.0
19637.0
4678.5
68.0
14748.5
68.0
28554.0
5363.5
16241.0
12866.5
2770.0
30368.0
4708.0
26318.5
32235.0
19407.5
22799.0
13814.0
2852.5
9756.5
26276.0
3340.0
29064.5
19931.0
12582.0
21702.0
4493.0
68.0
0
31208.5
29662.5
2818.0
16097.5
18840.0
31766.5
12557.0
7721.0
438.5
5275.0
18864.5
13777.5
68.0
16497.5
68.0
68.0
4590.0
11982.5
12001.0
25515.0
5496.5
4213.0
9907.5
25431.5
68.0
68.0
29343.5
68.0
16242.0
28086.5
16785.0
12943.5
646.0
1892.0
18255.5
68.0
1608.5
9843.5
3899.5
68.0
926.5
6354.0
8017.0
10173.5
1388.0
1895.0
6290.5
16788.0
10858.0
17488.0
11902.5
68.0
458.0
1413.0
14060.5
68.0
12100.5
14350.0
2951.5
943.5
14616.5
9922.5
68.0
11535.0
21371.5
12256.5
11649.0
4574.5
20051.5
19719.0
30727.0
10254.0
18914.5
8432.5
2927.5
2447.5
13471.5
25916.0
4602.5
10768.0
5009.5
4531.0

5356.0
68.0
21162.5
68.0
11790.5
1589.0
68.0
2861.0
17737.5
10886.0
27387.0
13459.5
10220.5
7209.0
68.0
68.0
3688.5
4945.5
943.5
19747.5
3561.5
4509.0
3632.5
3358.5
12946.5
22768.5
21013.5
5209.0
67.5
5466.5
5856.0
68.0
14001.0
68.0
3688.0
1946.0
8810.0
68.0
68.0
29458.5
6736.5
21064.5
9415.5
17821.0
1199.0
11409.0
2319.0
1409.0
30598.0
30804.0
1535.5
6167.5
5212.5
25880.0
8022.0
8593.5
26732.5
7614.0
68.0
24365.5
68.0
12971.0
5955.0
10707.5
19461.5
16407.0
2838.0
2670.0
7838.0
12336.0
1033.5
14874.5
2206.0
10272.5
18531.5
10467.0
25396.5
2184.5
163.0
68.0
68.0
26765.5
23341.5
3925.0
27930.0
10926.5
14359.0
13835.0
1760.0
68.0
7610.5
828.5
68.0
6664.5
3657.0
19996.0
4587.5
22811.0
12054.0
15262.5
11279.0
21392.5
68.0
8922.5
19024.0
68.0
3250.0
10377.0
7700.0
18269.5
22104.5
5344.0
2389.0
3705.5
1886.5
9043.5
68.0
5273.0
9445.0
68.0
5787.5
68.0
6496.5
15762.0
68.0
2357.5
11737.5
1779.5
19465.0
3708.5
17516.5
11534.0
14156.0
914.0
12895.0
68.0
2244.5
6287.5
4545.0
926.5
68.0
4022.5
8130.5
8976.0
7299.5
7557.0
18831.0
2720.0
3579.5
68.0
68.0
1830.5
1441.0
4964.0
3186.0
1496.5
4446.0
163.0
68.0
2311.0
6463.0
10018.5
8458.5
25445.5
1492.0
9346.5
16945.0
8338.0
31956.0
4508.5
68.0
8517.5
20512.5
458.0
23858.5
4342.0
5793.0
7297.0
68.0
458.0
30292.0
68.0
6416.5
6739.5
11626.5
3225.0
633.5
20947.0
8624.0
1019.0
11250.5
11127.0
15759.0
16956.0
14704.0
18741.0
68.0
68.0
28769.0
5667.5
6724.0
68.0
21437.5
926.5
7411.5
6734.0
9860.5
16938.0
20378.5
5282.0
16178.5
9034.5
2377.0
543.5
68.0
26240.0
15117.5
719.0
21814.0
1867.0
450.0
68.0
1373.0
32119.0
13360.5
68.0
9050.5
5239.5
4219.0
68.0
0
7125.5
2443.0
5790.5
3651.5
18706.5
68.0
438.5
6960.5
2280.5
24179.0
5342.0
19272.0
3174.5
1016.5
68.0
20680.0
20929.0
68.0
14370.0
8437.5
3249.5
9350.5
4457.0
68.0
2379.0
3503.5
960.5
21411.5
6733.5
7709.5
12310.5
68.0
5467.5
68.0
755.5
12475.0
68.0
1145.5
5007.0
68.0
26707.0
9721.5
4152.0
68.0
9855.5
12590.0
32545.5
8552.5
13808.0
16132.5
13898.0
18773.0
3115.5
4645.0
27363.0
5897.5
1895.0
6890.5
4615.0
23268.0
68.0
10450.0
10309.5
2801.0
13073.5
68.0
68.0
68.0
20482.5
3075.0
5065.0
6927.0
68.0

9845.5
68.0
22401.0
1033.5
15494.0
68.0
20446.0
4156.5
68.0
457.0
5547.0
21647.0
15725.0
5624.5
1912.0
7382.0
2167.0
4895.5
27143.5
11562.0
2823.5
12582.5
19102.0
5372.5
4768.0
15934.5
1509.0
17106.0
11986.5
68.0
7538.0
11683.5
68.0
0
11227.0
68.0
8463.0
11262.5
68.0
20512.0
3943.0
18535.5
2872.0
2779.5
4008.0
68.0
1406.5
9113.0
31250.5
23561.5
24232.0
0
25199.5
4962.0
11619.0
25405.5
23639.5
68.0
24569.0
9447.0
68.0
5517.5
15225.5
2738.0
50.0
26672.0
20187.0
1790.5
68.0
15493.5
25354.5
24475.0
633.5
29531.0
0
3244.5
910.0
3336.5
2374.5
6699.5
5362.5
68.0
14772.0
15640.0
21431.5
20901.0
13934.0
5751.0
14728.5
23765.0
29348.5
19643.0
14270.0
3132.5
7629.0
14563.5
978.0
25524.0
5936.5
10486.5
17384.5
1126.0
8637.0
1312.0
8735.0
8088.5
12834.5
22042.0
3118.0
29469.0
16269.0
23322.0
2189.5
2706.5
5046.0
28946.5
31670.5
20321.5
524.0
2739.5
17419.5
4896.0
438.5
13009.5
1869.5
3691.0
8049.0
8007.0
3245.0
21480.0
4996.0
18799.5
6870.5
3147.5
6108.0
4894.0
68.0
17614.0
15649.5
22896.0
7648.0
18333.5
68.0
4105.5
22292.5
8942.0
9544.5
4140.5
68.0
3585.0

19670.5
68.0
10720.5
4191.5
13531.5
3748.0
5749.0
16512.0
68.0
0
5824.0
3153.0
12398.0
5900.0
10679.0
31670.0
2430.5
10698.5
4771.0
20610.5
9910.0
15684.5
27792.0
11471.5
2389.0
14792.0
21044.0
68.0
0
68.0
68.0
68.0
65.0
4140.5
18627.0
3719.0
4934.5
6673.0
5399.5
10197.5
4154.5
68.0
0
27274.5
68.0
9405.5
3206.0
30754.5
26329.5
35716.0
1333.5
2647.0
1782.5
18810.0
5442.0
1889.0
5933.5
8930.0
4489.0
0
4600.0
6296.5
68.0
68.0
5766.0
0
68.0
4892.0
9409.5
923.0
63.0
12487.0
16357.5
8452.5
26825.5
8.0
0
646.0
33124.0
1444.5
0
23796.5
6721.5
25378.0
68.0
5883.0
8894.5
477.0
4208.0
0
7671.0
68.0
3221.5
12946.0
17491.0
5927.0
7282.5
7219.5
11669.5
3261.5
22252.0
22992.5
3644.5
26408.5
12901.0
163.0
3652.0
4465.5
11554.5
2709.0
7226.5
68.0
943.5
9104.0
16472.5
8696.0
20580.0
16609.0
68.0
4545.0
68.0
12041.0
22848.5
9763.5
1967.5
22220.5
4591.5
438.5
1199.0
68.0
15607.5
24624.0
27233.0
4099.5
1033.5
2261.0
5438.5
68.0
1452.5
9421.0
14874.5
17508.5
68.0
15353.5
1218.5
12131.0
68.0
0
25319.0
1053.0
25472.5
3640.5
30723.0
2765.5
4077.5
10262.5
2426.5
7586.0
11241.0
19803.5
2722.0
10205.0
7296.5
4635.0
2936.0
9764.0
0
4153.5
5436.5
68.0
4002.5
68.0
28046.5
458.0
22078.5
10895.0
81.5
8542.0
68.0
15266.0
12012.0
20018.5
5858.0
2355.0
20759.0
9518.5
68.0
6603.5
12542.5
17058.0
15374.5
1494.5
3306.5
30776.5
68.0
5067.0
14792.0
68.0
1100.5
2461.0
10250.5
68.0
848.0
14295.5
16249.5
68.0
10141.5
68.0
3023.0
2805.5
30274.0
0
11616.0
2096.5
7539.0
18815.0
2018.5
17334.0
17336.5
68.0
1556.0
3223.0
2970.0
68.0
24616.0
627.5
2540.5
3377.0
68.0
4558.0
16814.0
15194.0
68.0
23335.0
2840.0
13169.0
17459.5
2762.5
2933.0
3191.5
4237.0
9549.0
0
14804.5
0
0
12026.5
7173.5
0
68.0
68.0
1017.5
68.0
5346.5
12116.0
68.0
4964.5
2077.0
14600.0
14411.0
28974.5
68.0
68.0
21785.5
554.5
68.0
6370.5
16130.5
2666.5
1399.5
21141.5
5471.0
3780.5
68.0
68.0
4082.5
68.0
736.0
8458.5
13015.5
12028.5
68.0
68.0
2742.5
3543.0
14693.5
3747.0
68.0
4637.5
6472.5
14712.0
17424.0
13501.5
543.5
11310.5
5228.5
458.0
9186.5
68.0
2451.5
12060.0
15587.0
9085.0
8876.5
27183.0
11759.0
3706.5
5804.0
438.5
68.0
5897.0
12019.0
6787.5
1706.5
9413.0
9098.0
68.0
11222.0
11180.0
9795.5
4120.5
2192.0
22455.0
4011.5
4571.5
1126.0
2872.0
12113.5
2371.0
6265.0
68.0
68.0
68.0
68.0
11223.5
14712.0
4078.0
1406.5
6362.5
19588.5
458.0
8949.0
11264.5
26675.0
0
68.0
25103.0
22642.0
68.0
13834.5
19169.0
3655.0
68.0
26358.0
27832.5
5441.0
3692.0
2299.0
5775.0
68.0
20923.0
4934.5
31292.5
28863.5
68.0
11718.0
68.0
68.0
4797.5
11821.0
20099.0
11348.0
2540.0
9862.5
68.0
6254.0
1314.0
7251.5
15692.5
11488.5
4098.5
8905.5
10098.0
5957.0
10280.0
8660.0
927.0
68.0
68.0
18716.0
28448.5
1889.0
68.0
6367.5
4927.5
29395.0
21954.0
68.0
9939.5
2349.5
13880.0
68.0
29980.0
10753.0
7649.0
24164.0
4083.0
16296.5
9352.5
16966.0
19159.0
23583.5
6748.0
68.0
2989.5
11689.5
2372.5
68.0
6803.0
68.0
28961.5
438.5
24603.5
1392.5
68.0
8934.5
3119.0
4956.0
68.0
68.0
2389.5
8844.5
68.0
68.0
14811.0
12510.5
1482.5
15479.0
14860.5
1813.5
23387.0
68.0
18378.0
12549.5
3562.5
9402.5
9960.5
5015.5
68.0
10348.5
27853.0
10908.0
9081.0
2349.5
5060.5
1940.0
20101.5
12542.0
7131.0
68.0
19173.0
68.0
68.0
68.0
22242.5
26391.5
8150.5
1348.5
9504.0
68.0
30920.5
19356.0
14740.0
30770.0
3119.0
5299.5
13857.0
4960.5
13028.0
7206.0
7173.5
2577.5
15165.0
12639.5
1409.0
29369.0
7579.5
14414.0
9048.0
19315.5
0
18987.0
68.0
15797.5
5522.5
9935.5
5984.0
3593.5
68.0
944.0
68.0
1611.5
8580.5
16196.0
22731.5
13932.0
8490.0
68.0
29114.5
68.0
8990.5
9449.0
7662.0
8498.5
22635.5
13054.5
4657.0
15123.5
18272.5
21356.0
68.0
1317.5
5551.5
68.0
2964.0
0
27749.5
15358.0
24542.5
15690.5
16027.5
2160.5
24328.5
271.0
21124.5
8754.0
17795.5
11725.0
1796.5
8586.0
1426.0
16551.5
22760.0
68.0
7390.5
20260.0
13464.0
7972.0
1929.0
5767.5
11331.5
12479.0
20017.5
19613.5
4117.0
68.0
534.5
68.0
68.0
6969.5
8201.0
9072.0
13268.5
13066.0
1107.0
24886.5
5869.0
31209.0
5415.0
0
6749.5
26361.5
5866.5
9198.5
438.5
22706.5
438.5
10844.5
5037.0
14796.5
23142.5
68.0
521.0
68.0
533.5
22870.5
11748.5
11083.5
10523.0
2075.5
2674.5
10703.5
9917.5
3203.5
12084.5
68.0
3320.0
1816.5
68.0
2816.0
21498.5
12497.0
68.0
5395.0
10558.5
5924.0
68.0
25086.5
13794.0
3130.5
1033.5
28941.5
7670.5
3579.0
11112.0
1589.0
1516.0
68.0
68.0
14931.5
25871.0
3893.0
736.0
6197.5
5588.0
9544.5
11363.0
4501.0
68.0
6465.5
68.0
2726.5
12949.0
10254.0
25010.0
9888.0
612.5
22781.0
68.0
2804.0
68.0
24062.0
68.0
7983.5
14211.0
10790.0
15456.5
6765.0
24205.0
1979.0
8223.0
5134.5
68.0
19246.0
16367.0
8086.5
68.0
5884.0
12619.0
21061.5
68.0
3673.5
1106.5
29183.5
5451.5
5318.0
828.5
9288.0
13032.0
10846.5
10884.0
0
10210.0
68.0
438.5
953.5
8384.0
20115.0
931.0
68.0
23032.0
68.0
11140.5
68.0
3599.5
16212.5
68.0
10454.0
68.0
13204.5
68.0
1968.5
68.0
3250.0
4571.5
19361.0
68.0
20969.0
3815.5
24882.5
17916.5
3028.5
68.0
30695.0
8974.0
163.0
14328.5
68.0
3577.0
11304.0
68.0
8206.5
18973.5
6466.0
7109.0
7086.0
2445.0
7527.5
11303.5
2562.0
68.0
4147.5
7231.5
22098.0
12464.5
14340.0
3711.5
5802.0
13044.0
5448.5
11252.0
20427.0
25949.5
3811.5
5423.0
8348.0
1886.5
8976.0
10540.0
2245.5
12101.0
537.5
809.5
68.0
11363.0
7264.5
68.0
68.0
1148.5
1124.0
458.0
4982.5
3149.5
4595.0
14001.0
10224.5
5461.5
9824.5
18405.5
1906.0
6256.0
68.0
7669.5
19125.5
1390.0
30080.0
68.0
13839.5
13010.0
16904.0
26691.5
14707.0
16913.0
68.0
533.5
5348.5
13990.5
6315.0
1578.5
26355.0
8116.5
15802.0
68.0
6696.5
68.0
7241.0
26777.0
27616.0
8344.5
1968.5
10752.0
10301.5
68.0
15692.5
4126.5
50.0
12916.5
12523.5
68.0
65.0
533.5
19870.5
6407.0
68.0
6810.0
19478.0
11116.5
2750.5
458.0
3118.5
3473.5
6267.0
68.0
11744.5
2220.5
4915.0
11572.0
13961.0
1653.0
68.0
719.0
9907.0
13004.5
19578.5
68.0
790.0
1960.0
1003.0
25468.0
68.0
27718.5
9640.0
14856.0
17016.5
6136.0
68.0
11306.0
24058.0
18758.0
68.0
5308.5
5542.0
4032.5
18697.5
21909.5
27198.0
2257.0
524.0
6163.5
11658.5
68.0
30700.0
4580.5
23185.0
2391.5
16117.5
68.0
10382.0
6965.0
3210.5
18037.5
10301.0
9983.0
68.0
68.0
13814.5
1023.5
6031.5
7777.5
14703.5
9859.0
68.0
4061.5
4438.0
68.0
8150.5
20861.0
15643.5
57.5
2751.0
68.0
8481.0
6794.0
8469.5
3113.0
2822.0
31235.5
13344.5
21553.5
738.5
68.0
68.0
27243.5
2352.0
30305.0
19721.5
2447.5
8610.0
30491.0
8816.0
68.0
8569.0
68.0
6734.5
5806.5
26543.0
438.5
4976.0
9407.0
10533.0
68.0
0
4869.5
1416.5
68.0
68.0
22342.0
1496.5
719.0
14476.0
11162.5
32989.5
163.0
14658.5
32402.0
68.0
6845.0
1019.5
3337.0
0
68.0
20092.5
5445.0
22407.0
2840.5
2544.0
4474.0
11602.5
0
11671.0
13072.5
4468.0
15947.0
10491.5
68.0
944.0
16552.0
13912.5
10514.0
17917.5
4600.0
11775.5
5712.5
1796.5
1794.5
68.0
29173.0
20487.0
2892.0
7270.5
8747.5
68.0
1406.5
828.5
68.0
4864.0
13461.0
8187.5
68.0
7689.5
7792.0
173.0
5085.5
1496.5
68.0
10804.5
68.0
25805.0
68.0
2816.0
17349.0
8086.0
68.0
68.0
17496.0
16932.0
22670.0
3685.5
1406.5
31192.0
365.5
68.0
1423.5
12980.5
68.0
3262.0
5472.0
12965.0
8745.0
1918.5
8492.5
16556.5
16685.5
26685.0
1777.0
15654.5
18450.0
7194.5
15290.5
8605.5
68.0
68.0
68.0
629.5
22398.0
77.0
8390.5
50.0
2706.0
4496.5
3225.0
13478.0
10907.5
809.0
16639.0
68.0
11852.0
9326.0
1479.5
15829.0
10357.5
8652.0
22492.0
1477.0
12732.5
6777.0
1978.0
9512.0
20932.5
7218.5
153.5
2825.0
3103.0
68.0
68.0
2353.5
6842.0
14757.0
4915.0
533.5
68.0
458.0
29360.0
12542.5
13081.0
943.5
27263.0
2720.0
9518.5
15098.5
2743.5
11471.5
5929.5
13005.5
27180.0
1471.0
7640.5
27716.0
25661.0
7455.0
15790.0
2695.5
11620.0
9272.0
5049.0
11161.5
3647.5
2927.5
8094.5
7262.5
7272.5
25454.0
9528.5
14685.0
68.0
15575.5
4342.5
68.0
19161.5
1109.0
6686.0
20351.5
1834.0
6370.5
15191.5
6782.0
4605.5
4028.0
1940.5
3414.0
16107.5
68.0
1055.0
6315.0
8111.5
3596.0
24651.0
25188.5
4476.0
2462.0
68.0
663.0
22285.5
3212.0
68.0
14528.5
17962.5
2463.5
68.0
6854.5
10230.0
1404.0
68.0
3912.0
68.0
10752.5
24999.5
14255.0
6159.0
4081.5
13242.0
9451.0
438.5
30734.0
68.0
5468.0
68.0
348.5
68.0
26435.5
944.0
163.0
21869.5
17600.5
458.0
68.0
20532.0
3839.5
22170.0
18853.0
28980.0
21440.5
0
9950.0
3164.0
2367.5
2802.0
14754.5
10155.0
14018.5
26835.5
3203.0
68.0
3688.5
30753.0
1404.0
3056.5
646.0
5049.5
17967.0
0
10918.5
68.0
26640.0
26922.5
68.0
16476.5
31012.0
14297.0
20776.5
1908.5
17366.0
6482.0
11819.0
9374.0
6378.0
1016.5
5427.0
68.0
458.0
1016.5
5973.5
3060.5
16268.0
23329.5
6301.5
68.0
3169.5
12161.5
68.0
25785.5
19171.5
5015.5
4580.5
1419.0
19084.5
13639.0
438.5
3666.5
68.0
15790.5
68.0
68.0
1867.5
12469.5
68.0
2316.5
20599.5
7103.0
10204.0
68.0
2394.5
68.0
458.0
2392.0
20077.5
458.0
6707.5
438.5
17048.0
5513.0
1126.0
6147.0
19655.0
8548.5
9573.0
22902.5
15185.0
68.0
3579.5
68.0
6515.0
68.0
27376.5
736.0
13280.5
1048.5
2796.5
3759.5
3118.0
4485.0
2479.5
4021.0
17905.0
12604.0
16952.0
6416.5
0
28950.0
5880.5
16880.0
31728.0
10818.5
1964.5
13799.0
29100.5
28927.5
4107.5
68.0
30787.5
8115.5
12980.0
68.0
12991.0
1423.5
8608.0
4713.0
18856.5
4107.5
6822.0
68.0
6863.0
0
26846.5
11865.0
68.0
12929.0
8395.5
1496.5
13734.0
3688.0
2094.0
14145.0
21474.5
68.0
3696.5
6197.0
3090.5
68.0
2373.0
68.0
5324.5
4047.5
4546.5
11632.0
21385.0
9797.0
348.5
15751.0
31129.5
29448.0
12899.5
0
2184.5
3225.0
9936.5
6799.0
23772.0
8877.5
1886.5
458.0
14091.5
1886.5
14462.5
5102.0
8982.5
533.5
11671.0
68.0
4845.0
23506.5
5880.5
21195.0
16480.5
2554.5
19664.5
10411.5
10806.0
68.0
23846.0
2837.5
0
25466.5
18302.5
23160.5
1612.0
68.0
9535.5
30476.0
26056.0
15631.0
5380.0
9838.0
13037.0
22669.0
12889.0
31364.5
4095.0
68.0
11226.5
27659.5
8486.0
16132.5
736.0
5884.0
22213.0
1016.5
646.0
14668.0
11436.5
68.0
68.0
25977.0
455.5
2426.0
30776.5
6254.0
12534.0
11751.5
6519.5
68.0
9000.5
18584.0
1921.0
5795.5
18945.0
68.0
5104.0
68.0
8991.0
15115.0
4230.5
458.0
2695.0
68.0
4356.0
3230.0
24624.0
3377.5
1780.0
57.5
8934.0
9125.0
5689.5
4716.0
12223.5
26371.5
348.5
2259.5
1387.0
10725.5
11994.0
0
1499.0
5763.0
3670.0
68.0
15207.5
0
8107.5
68.0
68.0
2813.0
7911.0
68.0
4232.5
12615.5
15201.5
10977.5
68.0
1520.0
3932.0
23782.0
2750.0
4056.5
4746.5
1439.0
5866.0
3932.5
4004.0
6918.5
16070.0
4185.0
8573.5
1589.0
13976.5
2269.0
0
19569.0
18264.5
10738.0
1780.0
68.0
21535.5
13345.5
13395.5
23604.0
629.0
68.0
68.0
9760.0
0
1111.5
11727.0
13252.0
4084.5
5551.0
33005.5
18170.5
18761.5
8335.0
23689.5
8981.0
6809.0
68.0
458.0
68.0
20603.0
7298.5
29069.0
1533.5
17599.0
1499.0
11299.0
25495.5
13359.0
16060.0
10221.5
27558.0
458.0
12464.0
17396.0
8962.5
12174.5
0
8537.5
19132.5
15575.0
17347.5
28922.0
20996.0
9887.0
68.0
68.0
4267.0
68.0
2785.0
6772.5
21784.5
22802.5
1017.5
4458.0
68.0
12584.0
1242.0
10738.0
4487.0
3696.5
909.5
3506.5
8925.5
17940.5
25507.5
6365.5
4946.5
68.0
68.0
16951.0
738.5
26357.0
10392.0
31226.5
9211.0
12926.5
2783.5
68.0
21171.5
3306.5
8341.0
12304.5
16433.0
20755.0
16697.5
68.0
0
1796.5
15967.0
2250.0
13219.5
17721.0
13367.5
68.0
17100.5
5800.5
1184.5
5421.0
1053.0
13733.5
33094.0
9247.0
14830.5
2830.5
7294.0
981.0
26731.0
4292.5
1687.0
16054.0
14803.0
4671.5
3225.0
22890.5
68.0
68.0
4912.5
68.0
6400.0
32626.0
17438.0
543.5
2339.5
1516.0
6315.0
68.0
4454.0
12466.0
4917.0
20503.5
17997.0
1053.0
12642.5
960.5
6684.5

68.0
10469.0
22189.5
13555.0
1477.5
2359.5
16171.0
3214.5
11794.5
1428.5
1499.0
14785.5
9423.0
9925.0
458.0
4170.5
20635.5
12685.5
5912.5
533.5
7234.0
68.0
6889.0
3603.5
3135.5
68.0
4528.5
22302.0
18355.5
6722.0
10769.0
29391.0
68.0
19272.5
68.0
3110.5
16973.5
4597.5
29926.5
19278.0
438.5
15232.0
68.0
629.0
19383.0
19224.0
68.0
19233.0
6461.5
21801.0
68.0
1519.5
68.0
28887.5
163.0
533.5
7650.0
2930.0
21933.5
7825.0
3602.0
68.0
10809.5
2747.5
68.0
68.0
4544.0
2060.0
6956.5
21575.0
11721.0
6832.5
27747.0
68.0
7701.0
68.0
13355.0
22830.0
24991.0
68.0
3379.0
1911.5
1796.5
23556.0
15387.0
68.0
10669.5
8501.0
5775.0
8585.0
30232.0
8480.0
68.0
4972.5
12184.0
9948.5
5468.0
17016.0
68.0
19579.0
24559.0
68.0
3017.5
15705.0
68.0
13348.5
68.0
68.0
9486.5
12198.5
11648.0
13276.0
68.0
19673.0
0
28544.5
629.0
0
27233.5
0
1982.5
25539.0
438.5
0
19193.5
11145.0
68.0
0
1784.0
7864.5
5019.5
29816.0
1879.5
1126.0
790.0
1033.5
2180.0
11339.0
3612.5
1019.0
68.0
11227.0
22075.5
5498.5
4166.5
2431.5
7279.5
12110.0
20602.0
4766.5
18023.5
28670.5
4572.0
13837.5
9927.5
1929.0
646.0
16568.0
2349.5
68.0
1982.5
2356.0
3876.0
1889.0
68.0
1813.5
8156.0
8890.0
9259.0
14243.0
6311.0
9038.5
11193.5
1500.0
8954.5
22234.5
4976.0
18824.0
9888.5
15298.5
11792.0
68.0
2826.0
8946.5
25839.0
8882.0
23363.5
4352.5
9610.5
18283.5
13941.0
1109.0
4108.0
15928.5
1036.0
7227.5
1484.5
12062.5
8213.0
21729.5
543.5
68.0
68.0
1409.0
6809.5
9760.5
10909.5
1016.5
3041.0
4474.0
6304.5
14289.5
3178.0
11557.0
2467.0
1387.0
68.0
3182.5
646.0
13388.5
10692.5
5009.0
3118.0
5940.0
10675.5
1702.0
25477.5
7154.0
627.5
8481.0
10247.0
11952.5
1879.5
29940.5
0
13797.5
0
9350.0
16972.0
12074.5
1910.5
17363.0
8021.5
2004.0
2467.5
1631.5
4923.0
11199.0
22189.0
1033.5
2456.5
68.0
3304.0
0
5858.0
28549.5
11238.0
26863.5
68.0
68.0
1019.0
17119.5
458.0
1477.5
23282.5
13007.0
26408.5
8519.5
23761.5
3750.0
68.0
537.5
4114.0
19210.0
68.0
68.0
68.0
438.5
4884.5
15987.5
9067.5
0
9359.0
68.0
15176.0
0
15617.5
27256.5
68.0
2802.0
16618.5
9227.0
8041.5
68.0
17238.5
68.0
26382.5
23164.0
1824.0
3825.0
26335.5
3601.0
21472.5
68.0
8830.5
24534.0
4393.0
15013.0
3188.5
6462.0
458.0
629.0
68.0
3703.0
3133.5
20770.5
6658.0
20616.0
4098.0
68.0
6397.0
16035.5
8594.0
26282.5
68.0
0
2862.5
68.0
16775.5
31318.0
68.0
521.0
4935.0
9996.0
11460.0
5405.0
18752.5
5492.0
2871.5
7584.0
1499.0
4991.0
7385.0
16536.0
31274.5
9008.5
68.0
68.0
21979.0
7648.5
28609.5
1048.5
13495.0
4585.5
0
6308.0
68.0
365.5
22716.5
8082.0
68.0
4635.5
68.0
68.0
646.0
8516.5
68.0
21093.0
68.0
1835.5
68.0
27923.5
19376.5
0
4476.5
9504.5
5585.5
12551.5
3573.5
20115.5
13427.0
2257.0
6020.5
27148.5
17936.0
7343.5
18490.5
68.0
68.0
30385.0
2726.0
21919.0
0
0
0
5046.0
0
29601.0
12608.0
828.5
8798.5
5500.0
7020.0
0
0
26378.5
6472.5
24505.5
0
828.5
25002.5
1850.0
3688.0
16104.0
30785.5
15234.0
8731.0
18768.0
8983.5
12991.5
1404.5
0
68.0
68.0
28174.5
0
1811.5
1115.5
7228.0
26615.5
10679.5
5047.5
18328.5
18847.0
25805.5
3988.0
9166.5
3671.0
12107.0
11569.0
4400.5
12453.5
2038.0
7018.5
10538.5
11683.5
23213.5
3184.5
14428.0
1886.5
10745.5
6836.5
32955.0
1539.5
4075.5
0
12033.5
26202.0
0
60.0
4057.0
5939.0
30556.5
29075.5
0
8718.5
8712.0
9859.0
5990.5
17475.5
1891.5
26294.0
17345.0
10694.5
68.0
21045.5
828.5
5814.0
12981.5
11592.0
12031.0
10766.5
68.0
16213.5
68.0
438.5
9452.5
11429.0
1406.5
17095.5
68.0
18136.0
12318.5
9902.0
68.0
21438.5
8228.0
68.0
29832.5
8276.0
57.5
24048.5
22362.0
4902.0
27317.5
68.0
68.0
1867.5
1904.0
4900.0
2391.5
2240.0
6814.5
16607.0
68.0
9332.5
10504.5
6650.5
15551.0
6841.0
9852.5
7227.5
68.0
68.0
1053.5
9471.5
10651.0
18708.5
1628.5
8150.5
16615.0
809.0
7709.5
1350.5
8021.0

68.0
6842.5
10684.0
23742.5
68.0
4544.5
5036.5
27188.0
2592.0
68.0
3210.5
68.0
6337.5
68.0
5579.5
4935.0
20179.0
9983.0
5765.0
4472.5
68.0
68.0
2164.5
68.0
22241.0
4658.5
68.0
6756.0
23759.0
2787.0
6993.5
23237.0
1124.0
1426.0
6550.0
8530.5
7110.5
8043.0
1333.5
1843.5
15659.5
4372.5
68.0
4497.0
6283.0
12514.5
23624.5
8719.0
16490.5
28062.5
4410.5
9301.0
736.0
8394.0
68.0
4058.5
5366.0
1965.0
9392.5
7579.0
943.5
77.5
24039.5
11151.0
68.0
68.0
554.5
3563.0
1479.5
68.0
16169.0
23175.5
4600.0
2467.0
438.5
5420.5
1033.5
3220.5
1436.0
9071.0
68.0
1479.5
12606.0
13368.0
20174.0
3253.0
9801.0
12572.0
22191.5
3230.0
2681.5
9344.0
2057.5
6769.5
30265.0
2209.5
30802.5
17849.0
9200.5
68.0
10415.0
18822.5
4081.0
16621.0
533.5
1036.0
2167.0
26362.0
68.0
3405.5
29059.0
19670.0
5589.0
14105.0
9823.0
9466.0
4489.0
25724.5
13932.5
4342.0
25044.5
10588.5
68.0
1796.5
4554.5
24235.5
68.0
8464.5
7361.0
15157.0
9598.5
16059.0
68.0
0
1911.5
15808.0
15761.0
16526.0
1404.0
13994.5
5022.5
7437.5
2372.5
0
68.0
17590.5
2728.5
19722.0
848.0
68.0
29.0
13806.0
68.0
3722.0
25535.5
2349.5
9466.0
3301.5
3817.0
31553.0
29754.0
68.0
1106.5
9870.5
7252.5
0
5036.0
6778.0
68.0
68.0
25383.5
7752.5
7279.5
68.0
23477.0
3577.0
5565.5
8491.5
68.0
3177.5
68.0
3595.5
11212.0
17516.5
14494.5
5609.0
2670.0
1413.0
68.0
20551.0
10373.0
1884.5
19257.5
8720.0
17980.5
18330.5
7197.5
933.5
14934.5
925.0
15586.5
68.0
16788.0
17309.0
22574.5
7567.5
68.0
15202.0
3820.0
5547.5
68.0
9890.5
12570.0
17939.0
21161.5
14410.0
68.0
1333.5
8638.5
3185.5
12616.0
21660.5
68.0
3649.0
21511.0
458.0
68.0
17432.0
68.0
1509.0
458.0
1777.0
5615.0
3918.0
533.5
1106.5
0
23630.0
19195.0
5234.5
15702.5
5358.0
11222.0
8139.5
6278.5
485.0
3309.0
68.0
16271.0
16101.0
68.0
7224.0
10839.0
5363.0
13911.0
2339.0
2687.0
4559.0
25340.0
6994.0
6614.5
612.5
68.0
68.0
21498.5
23245.5
28553.5
1892.0
68.0
17354.5
23449.5
68.0
68.0
32406.0
3118.5
6941.5
0
6122.0
1350.5
6901.5
2835.0
8563.0
31608.0
0
12894.0
6414.5
554.5
0
11155.0
10068.5
1894.5
923.5
16917.0
68.0
14373.0
2802.0
22709.0
15450.0
68.0
9860.5
68.0
11125.0
23382.0
12874.0
7117.5
68.0
68.0
17035.0
21522.5
6473.5
3649.0
68.0
9962.0
3500.0
4179.5
28605.5
1499.0
4565.0
3660.0
68.0
4673.0
1036.0
23622.0
17536.0
0
8899.0
68.0
27705.0
12073.0
68.0
26742.5
5044.0
1816.0
2762.5
18329.5
0
5532.0
21574.5
12571.5
0
1089.5
736.0
10258.5
10970.0
68.0
4838.5
31062.0
9046.0
68.0
646.0
14247.5
9822.5
7138.5
19987.0
0
12232.0
9860.0
13014.5
29962.5
15733.5
4952.0
6113.0
68.0
68.0
5067.0
68.0
8004.0
13424.5
12495.5
0
4061.0
0
1499.0
68.0
68.0
68.0
9409.0
8045.0
10404.5
68.0
5449.0
5359.5
4503.0
2226.0
12521.0
68.0
15840.5
6030.5
1758.0
11950.0
10794.5
31265.0
26006.5
13715.5
68.0
19187.0
4735.0
68.0
26069.5
10043.5
8907.5
13345.5
6331.0
10045.5
9543.5
15909.0
16255.5
2649.5
8489.0
3113.5
719.0
5408.0
4748.5
30882.0
27651.0
4802.0
1668.5
20260.0
13508.0
25100.5
4932.0
719.0
4850.0
54.0
3201.5
68.0
828.5
15680.5
3998.5
3694.0
736.0
6348.5
68.0
1886.5
8028.0
27777.5
8437.0
12942.5
6790.0
2147.5
8591.5
8949.5
12924.0
68.0
8415.0
11648.0
24429.5
894.5
12232.5
12448.5
24164.0
2147.5
646.0
17386.5
4508.5
7744.0
5441.5
6289.5
933.5
5046.0
18344.0
1387.0
68.0
5444.0
8039.0
6443.0
18621.0
8132.0
31752.5
1033.5
5753.0
68.0
29036.0
5870.5
68.0
13480.5
7264.5
33029.5
68.0
29674.5
15721.0
18780.5
2389.5
68.0
9518.0
12933.5
68.0
458.0
9374.0
4687.5
16809.5
23316.0
15265.0
4154.0
7351.5
11678.0
18231.0
4066.0
1051.0
5990.5
12932.5
23776.0
68.0
4896.0
7299.0
2094.0
7765.5
23306.0
8682.0
2377.0
7631.5
8610.5
12729.5
9230.5
3259.5
32653.0
17076.5
13842.5
5466.0
26786.5
8939.0
21012.0
4955.0
20024.5
19738.5
24563.5
68.0
31242.0
6980.5
4917.0
14533.0
4651.5
68.0
12923.5
2349.5
13078.5
1404.0
25043.0
22777.0
9374.0
11136.5
1891.5
6240.5
15123.5
2349.5
29520.0
10128.0
10072.0
13959.5
19294.0
736.0
10766.0
68.0
5375.0
5465.5
7711.0
3559.0
6189.0
10370.0
23672.0
8586.5
5294.5
2765.5
24135.0
9640.5
32564.5
1998.5
27637.5
5045.0
18762.5
17562.5
68.0
20153.5
68.0
26736.5
68.0
0
68.0
21513.0
6903.0
9215.5
16414.0
14320.5
0
68.0
961.0
1036.0
2559.5
68.0
4629.5
25756.0
4561.5
7797.5
7997.0
2769.0
14801.0
8.0
68.0
2537.5
1496.5
8201.0
0
458.0
15178.0
68.0
3579.0
20581.5
26457.0
16524.0
1019.0
9370.0
68.0
12480.5
68.0
67.5
27152.0
23277.0
1967.5
2387.0
1126.0
1106.5
68.0
68.0
17921.5
17099.0
68.0
68.0
68.0
9038.5
7159.5
3730.0
3891.0
1687.0
10817.5
13019.0
5175.5
4349.0
13886.5
16248.5
26530.5
7217.0
0
15420.0
20962.5
7944.5
3248.5
68.0
68.0
9506.0
68.0
5602.0
1016.5
7257.0
4508.0
6776.0
2281.0
26749.0
7983.5
68.0
29928.0
6815.0
738.5
21979.0
18627.0
1038.5
13536.0
9991.0
9729.5
3559.0
6472.0
8523.5
3235.5
5627.5
514.5
14893.5
3128.5
21782.0
5927.5
4934.5
2874.5
68.0
10287.0
3667.0
4445.0
68.0
1721.0
438.5
13088.0
1909.5
5395.5
8130.0
1687.5
68.0
68.0
453.0
12037.0
16486.0
458.0
11556.0
31716.5
1837.5
6250.0
700.0
7901.0
1343.0
6451.0
6736.0
4415.0
68.0
13930.5
23605.5
4696.0
18847.5
68.0
2835.0
18261.0
13204.0
2647.0
5870.5
16154.5
68.0
2647.0
21224.5
1959.5
68.0
5537.0
18587.5
14818.0
26267.5
3225.0
12514.5
13844.5
2369.0
9481.0
3560.0
153.5
16752.5
13181.0
13717.5
2320.0
2467.0
0
1443.5
57.5
629.0
5772.5
11706.0
7555.5
16000.0
10394.0
0
13711.0
11301.0
13048.5
17831.0
1053.5
21390.5
14037.5
7918.0
2203.5
14279.0
13446.0
5915.0
5439.5
26841.0
25073.0
68.0
23178.0
17454.5
6954.5
5058.5
68.0
3195.0
14707.0
16305.0
4897.0
24475.0
243.5
4447.0
25830.5
23533.5
1218.5
3261.5
2322.0
10695.0
13820.5
68.0
68.0
68.0
3262.0
14278.5
68.0
25565.0
4988.5
0
13496.0
8216.0
1036.0
68.0
5156.5
25841.0
3615.0
1331.5
7723.5
7224.5
4449.5
3439.5
19436.0
13052.0
1406.5
4045.5
6361.0
543.5
12194.5
3991.5
5404.0
19207.0
9934.5
627.5
5696.0
4955.5
3391.0
15232.5
19326.5
68.0
26759.0
17915.5
68.0
22208.5
4042.5
24839.5
30875.5
551.5
6250.5
13231.0
26345.5
8093.0
5162.0
1499.0
5829.0
7540.5
4152.0
1906.0
28104.5
2951.0
68.0
1792.0
68.0
20025.5
8209.0
19047.5
1019.0
6335.5
13719.0
30280.0
68.0
24906.0
12360.5
6697.5
16006.0
4058.5
5497.0
2353.5
26225.0
68.0
7576.5
5413.0
8666.5
12670.0
7906.0
3994.5
8440.0
68.0
738.5
68.0
68.0
7211.5
25346.0
5980.5
17579.5
4096.5
7586.5
5191.5
28543.5
6279.0
13863.5
515.0
27710.5
9414.0
68.0
8016.5
13030.5
6960.0
8122.5
4120.5
3949.0
23611.5
7311.0
17926.5
68.0
4074.0
2036.0
1019.0
16592.5
17041.0
7810.0
8102.5
5939.0
33058.5
68.0
68.0
26734.0
20025.0
68.0
455.5
19264.0
68.0
19225.0
12640.0
20840.5
4545.0
30376.5
11756.5
27622.0
68.0
7335.0
68.0
10247.5
14411.0
4023.5
30342.0
2372.0
1314.0
0
10438.5
20983.0
12239.5
11609.5
24621.5
0
4844.5
6940.5
16410.5
943.5
17850.0
25768.0
4655.5
25076.5
8892.0
68.0
20095.0
12570.0
68.0
1593.0
18407.0
3337.5
5475.5
5170.0
11153.5
21371.5
30991.0
10472.0
5877.5
2720.0
11573.5
68.0
4915.0
10084.0
7724.0
3225.0
15070.5
3129.5
21513.0
9393.0
21417.5
68.0
15667.5
1780.5
10786.5
1109.0
18855.5
28828.0
16782.5
12682.0
22396.0
68.0
25633.5
1316.5
901.5
5860.5
8644.0
7762.0
10339.0
4005.0
4061.0
8186.5
18298.0
6291.0
828.5
68.0
68.0
15627.0
4005.0
68.0
524.0
14432.0
68.0
6971.5
67.5
1036.0
5460.0
8613.5
15032.0
9240.5
4742.0
3150.5
68.0
68.0
19803.0
9629.0
68.0
1796.5
9870.5
68.0
10725.0
32764.0
3225.0
68.0
6817.5
8464.0
15679.5
68.0
68.0
614.0
8484.0
14791.0
15157.5
1417.0
68.0
755.5
5019.5
13050.5
1314.0
2394.0
24089.0
9463.0
4561.5
1324.0
11132.5
10425.5
3323.0
2838.0
12967.5
22522.5
27301.0
23777.0
6939.0
68.0
68.0
2276.5
30633.0
1423.5
30670.5
12087.0
719.0
1387.0
10275.5
25683.0
20807.5
2355.0
18811.5
21483.0
12081.5
13882.0
68.0
68.0
25045.0
18902.0
5916.0
68.0
10714.5
7486.5
15762.0
24947.5
10038.0
11188.0
19169.5
30290.0
438.5
15300.5
9681.0
5518.5
8921.5
2317.5
26417.5
6216.0
0
16603.0
1739.5
11674.5
14231.0
458.0
15353.5
2702.5
7589.5
9927.5
8529.0
12041.5
8553.5
13037.0
1014.5
3683.0
0
8027.5
1537.5
438.5
8965.5
22678.5
5832.5
5142.0
2670.0
9876.5
4544.0
20814.5
511.0
68.0
1126.0
30355.5
26020.0
13916.0
21391.5
8552.5
68.0
3576.0
8518.0
7207.5
9326.5
5891.0
68.0
2077.0
2184.0
24982.0
13793.5
21409.0
11139.0
9928.5
12451.0
4783.0
17472.0
5146.0
17479.0
3952.0
15190.5
12002.0
15219.5
68.0
28510.0
26281.0
5444.0
6405.5
67.5
14852.5
5373.5
15425.5
13334.5
1033.5
12618.5
3820.0
3678.0
68.0
7433.0
20820.0
543.5
12631.0
6273.0
6571.5
5712.0
4056.0
26848.0
31289.5
910.0
10744.5
6382.0
6355.5
3615.0
25749.0
4022.0
26311.5
5926.0
33835.0
8611.5
1760.0
68.0
26414.0
8535.0
1516.0
60.5
2740.5
8888.5
13239.0
3620.5
438.5
11138.0
3611.0
68.0
6834.0
23774.5
3340.5
7233.0
6046.0
8515.0
25549.0
16332.0
25466.0
5938.5
1019.0
8860.0
1816.0
10840.0
5180.5
1407.5
14265.0
6599.0
68.0
458.0
2075.5
10295.0
19739.0
12941.0
68.0
68.0
31314.5
12503.0
8969.5
15342.0
8462.0
21886.0
5976.0
68.0
67.5
5498.0
6205.0
68.0
18803.5
20597.5
4559.0
12925.0
13997.0
9445.0
25806.0
14457.0
5012.5
68.0
30457.0
17832.5
21384.0
15133.0
3701.0
7892.5
14781.5
4990.0
6735.5
68.0
2257.5
68.0
68.0
3744.5
68.0
20120.5
25789.0
5974.5
68.0
5545.5
31353.5
33492.5
14507.5
16099.5
8123.0
20491.5
9091.0
27656.5
2358.0
1016.5
68.0
5356.5
1533.5
68.0
927.5
4084.0
6917.0
25388.0
17120.0
7284.5
10812.0
4839.0
4449.0
2630.0
0
18910.0
68.0
1406.5
7133.5
7611.0
7158.5
20471.5
5362.5
10771.5
23261.5
9748.0
24596.5
11992.0
12528.5
458.0
22.5
13801.0
11190.0
68.0
68.0
1892.5
68.0
3039.0
5012.5
8538.5
458.0
4137.0
458.0
6368.0
4018.0
150.0
2184.0
10856.5
458.0
438.5
16350.0
22767.0
1608.5
20986.0
11121.5
7032.0
0
6435.5
9388.5
1333.5
7216.0
22960.5
2647.0
68.0
1016.5
24046.0
21229.5
5004.0
1886.5
68.0
68.0
3568.0
1389.5
3523.0
6994.5
5768.0
50.0
11631.0
2264.5
14392.0
1053.0
29.0
9113.5
719.0
26344.5
22.5
13777.0
32718.5
19141.5
11695.0
4208.0
6745.0
6932.5
2354.0
32147.5
68.0
2552.5
10235.0
7124.0
16419.0
3991.0
16094.5
33840.5
3605.0
13693.5
2706.5
24590.5
1670.5
17216.5
13873.0
4369.0
10704.0
8185.0
10331.5
1314.5
54.0
12512.0
10518.5
8031.0
0
2759.5
8207.5
3729.5
5063.0
68.0
24518.0
3581.0
68.0
3578.5
68.0
18794.5
9346.5
15654.0
14272.5
8597.5
2947.0
68.0
5397.0
3666.5
5359.0
4068.0
15142.0
27713.5
29169.5
5378.0
14305.0
19549.5
15323.5
3661.5
25090.5
2480.0
7147.0
19074.5
5214.5
68.0
4620.0
9445.0
5411.0
4990.0
68.0
8110.0
8414.5
17459.5
8037.0
9410.5
68.0
0
16580.5
19987.5
6409.5
22023.5
8561.5
15205.0
21468.5
1405.0
7258.5
16591.0
14052.0
4069.0
68.0
22.5
6761.0
28793.5
57.5
24295.5
3581.5
3037.0
10329.0
68.0
16119.0
6389.0
67.5
0
438.5
5189.5
4005.0
22763.5
21080.0
68.0
9497.5
2761.0
4078.0
7163.0
2720.5
22340.0
3683.5
2349.5
17584.5
21165.0
14231.0
11180.0
68.0
5026.5
1036.0
68.0
68.0
68.0
22.5
4099.5
4011.0
10465.0
11350.0
0
0
9049.5
67.5
16337.5
13833.0
10578.0
12523.5
11118.5
719.0
8034.0
3561.0
14279.0
4372.0
5986.0
68.0
348.5
29452.0
10968.5
8482.0
2241.0
68.0
26370.5
68.0
722.0
28484.0
6687.0
13089.0
68.0
11225.5
68.0
14379.5
12898.5
3666.0
15394.5
4639.0
1906.0
2512.0
7938.0
5861.0
16218.5
6026.5
68.0
9786.0
1331.0
18231.5
3337.0
68.0
4086.0
11656.5
4020.5
13507.0
18351.0
7675.0
10413.5
68.0
68.0
12063.5
3281.0
68.0
11633.5
1406.5
8993.0
29947.0
2951.5
438.5
27715.5
22302.0
68.0
68.0
68.0
2835.0
438.5
1819.0
63.0
68.0
7190.5
68.0
6672.0
1109.0
15609.0
11240.5
5523.5
50.0
438.5
68.0
68.0
68.0
12216.5
24486.0
2276.5
10377.0
68.0
12980.0
68.0
1959.5
8001.5
3296.0
4858.5
68.0
524.0
4194.0
21831.5
68.0
68.0
4547.0
8999.0
16011.0
23182.0
458.0
20989.0
15593.5
18735.5
17503.0
4454.0
2089.5
5481.0
14588.5
943.5
12012.5
10965.5
1741.0
3287.5
1594.5
15709.0
4083.0
68.0
736.0
14358.5
30632.5
5874.0
24844.0
3267.5
3669.0
1016.5
10414.0
1019.0
68.0
24455.0
1128.5
4492.0
2341.0
5399.0
1423.5
4489.0
10376.0
68.0
4529.0
8169.5
16487.5
10868.0
68.0
68.0
9786.5
16232.0
13418.5
20145.5
2700.5
68.0
4791.0
68.0
9084.0
1129.0
458.0
7119.0
12215.5
4078.0
68.0
2540.0
1016.5
10419.5
12461.5
7558.0
9010.5
1833.5
14336.5
7162.0
3582.0
68.0
7231.5
14199.5
8742.0
8946.5
68.0
8496.5
12450.5
7041.5
68.0
8572.5
15538.0
9469.0
68.0
24540.0
18217.5
6270.0
18416.5
1031.5
1777.0
13986.0
4561.5
21875.5
68.0
14382.0
9929.5
57.5
15.5
68.0
3011.5
10720.0
68.0
3596.0
