0
300.5
173.0
1160.5
1051.0
943.5
509.5
1434.0
1139.5
1224.5
516.5
2040.5
242.0
1734.0
316.0
68.0
2528.5
1428.5
1331.5
2846.5
1263.0
1265.0
1966.0
681.5
1214.5
2963.5
0
941.5
1776.0
438.5
1257.0
1157.5
540.5
4261.0
2049.0
5100.0
2200.0
600.5
1439.5
3133.0
1909.5
489.5
3602.0
598.0
1172.5
303.5
672.5
764.5
418.5
138.0
576.5
1906.5
3669.5
68.0
2634.0
1270.0
4697.5
2546.0
128.0
68.0
383.0
1201.0
126.5
424.0
986.0
1844.5
583.0
438.5
532.0
722.0
1390.0
629.0
998.0
315.5
68.0
4611.5
498.5
697.5
714.5
533.0
1003.5
1411.5
770.0
1573.0
435.5
463.0
826.5
68.0
1552.5
809.5
530.5
896.0
68.0
126.5
1019.0
825.5
1715.5
68.0
485.5
242.0
1070.0
489.0
1914.0
0
2989.5
300.5
1004.0
0
1209.5
365.5
478.0
775.5
68.0
315.5
419.5
300.5
179.0
848.0
1238.5
424.0
126.5
68.0
639.5
939.0
717.0
524.5
300.5
419.5
1700.5
289.0
2341.5
1198.5
0
722.0
1304.0
1194.5
818.5
300.5
0
582.0
126.5
138.0
438.5
138.0
731.0
548.5
257.0
300.5
0
757.0
179.0
383.0
923.0
68.0
0
848.5
583.0
1393.5
1022.5
809.0
404.5
138.0
198.0
0
876.0
68.0
1610.0
841.0
1983.5
488.0
190.5
710.5
0
0
370.5
300.5
690.5
68.0
68.0
68.0
786.0
0
1102.0
752.0
814.0
0
1211.5
126.5
68.0
1226.5
262.5
253.0
126.5
126.5
179.0
243.5
365.5
243.5
365.5
198.0
0
558.0
438.5
815.0
68.0
522.5
459.5
0
768.0
1165.0
68.0
437.0
243.0
0
0
300.5
0
316.0
1087.5
68.0
68.0
424.0
68.0
0
126.5
0
120.5
115.5
138.0
243.5
0
374.5
0
1458.0
0
68.0
438.5
0
136.0
997.5
253.5
203.0
365.5
478.0
0
1162.5
0
138.0
0
138.0
383.0
1357.0
0
348.5
497.0
183.5
0
230.5
126.5
1019.0
126.5
253.0
790.0
179.0
136.0
126.5
194.5
0
533.0
892.5
478.0
0
0
128.0
126.5
138.0
231.5
948.0
126.5
68.0
0
68.0
0
0
808.5
138.0
68.0
221.5
120.5
68.0
173.0
0
0
569.5
68.0
138.0
68.0
634.5
243.5
665.0
126.5
0
359.0
221.5
498.5
285.5
0
458.0
136.0
737.5
68.0
0
0
316.0
508.5
0
231.5
0
0
0
0
1299.0
126.5
113.5
257.0
0
68.0
0
498.5
68.0
1214.0
0
758.5
0
138.0
0
0
.5
126.5
359.0
348.5
0
0
230.5
0
.5
0
0
0
478.0
0
233.0
138.0
194.5
0
0
115.5
370.5
68.0
1274.5
179.0
242.0
68.0
467.0
126.5
872.5
0
427.0
633.5
0
68.0
370.5
646.5
1186.5
365.5
0
1093.5
126.5
0
424.0
0
740.0
138.0
138.0
0
126.5
0
1094.0
138.0
126.5
128.0
0
0
138.0
0
418.5
629.5
0
438.5
243.5
0
0
0
138.0
242.0
901.5
0
183.5
0
0
68.0
418.5
699.0
0
674.0
0
0
68.0
344.0
138.0
0
739.0
0
138.0
68.0
288.0
126.5
0
183.5
68.0
138.0
471.0
0
363.5
126.5
0
0
138.0
0
126.5
0
126.5
68.0
138.0
0
126.5
68.0
0
138.0
0
576.5
138.0
194.5
0
0
0
115.5
0
332.0
0
0
0
126.5
138.0
126.5
138.0
0
0
0
0
126.5
0
0
68.0
355.5
370.5
126.5
304.5
126.5
126.5
0
1241.5
0
0
0
413.0
126.5
183.5
636.5
138.0
0
138.0
0
138.0
0
1509.5
0
313.5
68.0
359.0
0
0
0
0
0
.5
0
0
126.5
0
0
365.5
0
126.5
0
0
0
0
0
126.5
0
0
0
138.0
582.5
304.5
138.0
0
0
0
0
0
138.0
737.5
0
126.5
126.5
138.0
0
126.5
126.5
0
0
126.5
0
0
0
126.5
0
68.0
0
0
0
126.5
478.0
407.0
126.5
0
300.5
68.0
126.5
0
593.5
0
126.5
126.5
300.5
0
0
0
0
300.5
126.5
126.5
138.0
126.5
1157.5
0
0
0
128.0
779.0
138.0
541.5
0
242.0
370.5
0
126.5
126.5
68.0
242.0
126.5
0
68.0
0
126.5
243.5
0
0
68.0
126.5
68.0
0
0
0
126.5
0
.5
0
126.5
126.5
0
126.5
128.0
138.0
0
138.0
0
126.5
1200.0
0
289.0
0
489.5
0
126.5
126.5
126.5
0
0
0
0
0
618.5
0
138.0
602.0
0
126.5
0
0
126.5
0
0
.5
0
138.0
0
68.0
126.5
0
0
0
276.5
126.5
0
.0
126.5
138.0
0
0
138.0
624.0
0
138.0
0
0
0
0
138.0
0
1377.0
0
0
0
0
0
126.5
0
126.5
126.5
0
138.0
0
126.5
126.5
0
138.0
0
0
126.5
186.5
0
0
0
0
0
0
126.5
0
0
0
0
126.5
0
126.5
0
0
0
0
.0
0
0
0
0
0
0
0
126.5
126.5
883.0
126.5
0
126.5
0
0
126.5
0
0
302.0
0
359.0
0
138.0
0
126.5
681.0
0
0
126.5
68.0
562.0
68.0
611.0
126.5
0
0
138.0
288.0
0
115.5
0
0
0
0
126.5
0
0
0
704.5
0
0
0
138.0
0
0
0
126.5
374.5
126.5
0
138.0
126.5
0
0
1161.0
313.5
126.5
126.5
0
115.5
2343.0
0
0
0
0
0
126.5
390.5
0
0
0
0
0
0
.5
126.5
126.5
0
0
.5
0
190.5
0
0
418.5
418.5
0
0
0
126.5
0
0
0
138.0
68.0
0
794.5
126.5
242.0
289.0
478.0
0
0
126.5
0
126.5
0
0
0
126.5
126.5
0
0
435.5
0
126.5
0
651.0
0
0
0
.0
126.5
0
138.0
126.5
0
0
138.0
0
0
0
126.5
0
0
0
315.5
0
1174.5
126.5
938.5
0
0
453.0
435.5
459.5
0
179.0
300.5
0
757.0
126.5
136.0
0
5.0
68.0

0
138.0
179.0
407.0
749.0
0
0
0
873.5
138.0
623.5
126.5
0
0
0
0
0
359.0
0
478.0
138.0
126.5
0
138.0
126.5
0
68.0
126.5
0
447.5
138.0
0
0
126.5
138.0
0
186.5
1022.5
0
68.0
0
253.0
0
0
0
242.0
126.5
0
138.0
126.5
0
138.0
695.5
0
302.0
126.5
126.5
0
0
138.0
0
1212.0
0
126.5
0
126.5
0
0
186.5
0
344.0
0
359.0
0
0
138.0
0
126.5
0
138.0
0
126.5
289.0
126.5
138.0
0
126.5
435.5
478.0
0
0
190.5
0
126.5
0
0
0
126.5
302.0
0
0
0
138.0
0
.0
0
138.0
0
126.5
0
0
0
126.5
138.0
138.0
0
0
0
302.0
0
0
0
126.5
126.5
126.5
0
581.0
0
300.5
0
221.5
138.0
0
126.5
0
0
138.0
0
126.5
0
0
0
0
126.5
126.5
0
115.5
0
0
0
0
0
359.0
126.5
0
0
0
0
138.0
243.0
0
841.5
0
138.0
733.0
355.5
0
313.5
242.0
1484.0
0
.0
0
0
0
0
0
0
489.5
0
138.0
126.5
0
0
880.5
138.0
0
0
126.5
0
138.0
0
138.0
288.0
418.5
0
300.5
138.0
0
242.0
424.0
0
126.5
0
0
0
.5
138.0
0
0
.5
115.5
138.0
0
0
0
0
0
0
0
0
313.5
529.0
126.5
0
253.5
0
0
0
126.5
0
242.0
0
0
0
138.0
0
138.0
138.0
242.0
0
0
126.5
0
478.0
126.5
0
0
489.5
289.0
0
126.5
0
138.0
0
932.5
0
0
0
424.0
0
126.5
190.5
0
287.5
0
0
0
126.5
0
0
0
0
0
113.5
1090.5
190.5
0
0
0
0
530.5
0
359.0
126.5
0
0
126.5
0
0
0
0
0
0
0
300.5
0
0
0
534.5
0
0
0
0
0
0
0
126.5
0
0
138.0
126.5
0
0
0
0
0
128.0
0
243.0
126.5
0
68.0
0
138.0
0
253.0
0
0
0
0
7.5
0
0
0
497.0
302.0
0
0
126.5
0
999.5
0
722.0
0
138.0
126.5
430.5
68.0
242.0
126.5
126.5
68.0
0
.5
115.5
569.0
559.5
126.5
126.5
0
302.0
0
126.5
0
0
0
0
424.0
68.0
0
0
0
0
0
0
0
172.0
0
0
0
0
231.5
783.5
0
0
126.5
138.0
126.5
0
68.0

0
68.0
138.0
126.5
0
.0
126.5
435.5
231.5
0
0
126.5
0
126.5
0
68.0
126.5
126.5
242.0
0
126.5
126.5
398.0
126.5
0
.5
344.0
126.5
302.0
0
0
138.0
370.5
0
.0
0
0
126.5
138.0
0
138.0
0
1054.5
459.5
138.0
126.5
435.5
0
68.0
0
0
138.0
115.5
126.5
0
0
0
183.5
0
0
0
68.0
126.5
0
489.5
424.0
126.5
138.0
0
0
0
0
0
407.0
0
291.0
138.0
126.5
0
0
0
126.5
0
0
126.5
804.0
0
126.5
0
0
0
0
0
126.5
0
0
815.0
672.5
115.5
0
126.5
115.5
0
186.5
0
0
126.5
1479.0
0
126.5
0
138.0
0
424.0
0
0
0
0
478.0
126.5
115.5
438.5
497.0
0
0
471.0
0
0
0
126.5
370.5
126.5
577.5
0
0
0
0
138.0
0
68.0
0
138.0
194.5
0
0
.5
126.5
68.0
126.5
0
68.0
0
138.0
0
0
0
138.0
0
0
0
126.5
359.0
126.5
1059.5
138.0
0
.5
0
471.0
68.0
126.5
763.0
0
749.0
0
0
68.0
0
115.5
0
639.5
374.5
0
0
126.5
0
126.5
0
0
0
0
126.5
0
0
0
407.0
0
407.0
554.0
0
126.5
250.5
407.0
0
0
183.5
126.5
0
0
905.0
138.0
0
0
138.0
0
126.5
0
0
0
0
126.5
0
0
0
0
138.0
0
0
0
0
68.0
0
0
0
424.0
289.0
407.0
737.5
126.5
0
745.0
0
0
138.0
126.5
138.0
1209.0
0
0
126.5
0
640.5
0
68.0
0
126.5
126.5
0
126.5
126.5
0
0
0
0
0
0
138.0
177.0
0
0
0
0
0
316.0
126.5
453.0
0
0
0
642.5
0
289.0
0
374.5
0
126.5
115.5
0
0
0
0
0
126.5
355.5
0
0
0
186.5
231.5
0
138.0
0
365.5
0
126.5
478.0
344.0
138.0
0
0
0
0
558.0
126.5
150.0
115.5
0
68.0

126.5
0
0
0
0
0
242.0
138.0
126.5
0
126.5
0
0
138.0
242.0
0
0
0
0
126.5
126.5
0
0
508.5
0
179.0
0
363.5
0
0
138.0
0
441.5
302.0
0
138.0
370.5
126.5
138.0
0
424.0
0
126.5
0
138.0
138.0
138.0
0
0
0
0
1052.5
126.5
126.5
0
448.5
126.5
471.0
523.5
0
68.0
0
0
138.0
478.0
0
0
0
0
0
407.0
172.0
0
126.5
68.0
0
115.5
138.0
126.5
126.5
0
138.0
0
126.5
126.5
243.0
138.0
302.0
126.5
0
0
126.5
0
0
175.5
0
138.0
0
0
0
0
126.5
0
1545.0
478.0
0
0
138.0
0
0
.0
126.5
253.5
302.0
0
126.5
0
0
242.0
0
126.5
0
0
302.0
315.5
0
0
138.0
126.5
183.5
126.5
359.0
0
0
126.5
0
0
0
315.5
0
0
0
138.0
430.5
355.5
0
0
126.5
68.0
471.0
341.0
126.5
0
138.0
0
126.5
575.0
0
424.0
68.0
126.5
126.5
126.5
0
300.5
138.0
0
115.5
138.0
0
242.0
0
.0
0
612.5
0
0
0
126.5
138.0
424.0
0
0
564.5
126.5
126.5
806.0
0
710.5
0
126.5
0
126.5
0
0
126.5
0
0
126.5
0
0
126.5
0
0
359.0
0
126.5
0
.5
0
374.5
0
0
0
0
115.5
0
1.5
126.5
0
183.5
126.5
0
.0
126.5
138.0
126.5
0
0
126.5
302.0
0
126.5
68.0
0
0
0
0
0
126.5
138.0
0
0
126.5
138.0
0
242.0
0
0
.0
1171.5
138.0
0
0
68.0
0
68.0
0
0
0
0
0
0
0
0
126.5
0
0
126.5
435.5
0
138.0
1244.5
355.5
126.5
0
0
0
.0
0
138.0
126.5
0
126.5
138.0
0
138.0
424.0
126.5
126.5
0
0
0
0
0
344.0
309.5
0
186.5
242.0
138.0
138.0
126.5
0
0
0
0
0
1198.0
126.5
0
0
115.5
0
126.5
374.5
0
126.5
126.5
0
126.5
0
233.0
0
126.5
138.0
0
0
529.0
0
521.5
186.5
0
0
126.5
0
242.0
138.0
742.0
0
177.0
0
671.0
126.5
0
0
0
0
231.5
0
179.0
0
287.5
478.0
0
0
688.5
374.5
0
0
0
0
0
0
0
0
0
0
0
0
656.5
0
179.0
126.5
370.5
138.0
604.5
0
0
0
126.5
68.0
0
126.5
386.0
0
183.5
115.5
0
138.0
126.5
0
0
0
138.0
0
126.5
0
0
478.0
453.0
0
126.5
115.5
68.0
0
0
0
359.0
138.0
138.0
0
289.0
115.5
300.5
0
0
0
0
138.0
0
126.5
300.5
0
0
126.5
138.0
0
0
359.0
126.5
0
404.5
126.5
179.0
138.0
138.0
407.0
0
0
386.0
0
0
.0
138.0
0
0
0
0
126.5
0
424.0
0
0
435.5
0
0
653.5
126.5
0
138.0
471.0
0
0
0
0
126.5
126.5
302.0
0
497.0
138.0
172.0
0
424.0
138.0
198.0
0
0
0
0
0
0
0
0
0
0
0
0
138.0
0
0
847.0
0
126.5
0
489.5
138.0
126.5
0
0
489.5
0
0
0
464.5
0
.5
126.5
243.0
0
126.5
0
0
138.0
0
0
253.5
0
722.0
0
0
138.0
0
0
0
0
126.5
0
138.0
316.0
0
0
0
126.5
68.0
0
138.0
478.0
0
0
0
126.5
370.5
0
0
0
0
0
0
0
487.0
0
0
418.5
0
860.0
0
0
0
344.0
0
0
0
138.0
313.5
175.5
300.5
138.0
0
0
0
138.0
126.5
138.0
0
126.5
0
0
0
667.0
138.0
0
138.0
441.5
0
602.0
0
0
0
0
0
138.0
0
0
337.0
0
138.0
441.5
370.5
126.5
126.5
138.0
0
0
0
0
302.0
68.0
0
0
126.5
0
0
0
652.0
0
0
126.5
126.5
126.5
0
126.5
563.5
0
0
0
0
0
0
0
0
126.5
126.5
0
126.5
138.0
0
370.5
0
0
0
407.0
138.0
138.0
0
138.0
0
344.0
396.0
0
0
618.5
126.5
652.0
370.5
632.0
126.5
179.0
0
599.5
0
0
559.5
407.0
733.5
0
0
126.5
539.5
0
0
138.0
0
126.5
0
424.0
0
0
138.0
359.0
0
242.0
0
138.0
0
0
0
289.0
0
0
68.0
0
126.5
478.0
0
126.5
126.5
0
.0
138.0
126.5
115.5
471.0
0
0
0
126.5
0
0
0
0
.0
591.5
126.5
0
0
0
0
138.0
138.0
0
0
126.5
0
0
0
68.0
0
0
126.5
302.0
0
0
0
0
138.0
0
190.5
0
0
359.0
138.0
126.5
138.0
0
0
0
0
126.5
359.0
359.0
0
138.0
0
.0
0
0
0
126.5
0
.5
0
359.0
0
.0
0
126.5
0
138.0
0
0
138.0
126.5
0
115.5
138.0
126.5
848.5
0
0
126.5
138.0
0
315.5
0
0
0
0
68.0
0
0
.0
126.5
138.0
243.5
0
786.0
0
242.0
138.0
0
126.5
0
359.0
0
126.5
315.5
115.5
138.0
583.0
0
423.0
0
0
115.5
0
0
0
0
126.5
126.5
0
126.5
0
0
68.0
0
424.0
0
0
138.0
0
0
126.5
0
115.5
0
126.5
0
126.5
0
0
0
0
344.0
0
0
0
0
0
138.0
0
0
126.5
0
302.0
126.5
0
0
253.5
1307.5
126.5
0
0
0
115.5
0
138.0
0
126.5
0
0
138.0
0
0
0
0
126.5
126.5
126.5
0
0
0
0
126.5
0
126.5
459.5
300.5
1447.0
313.5
793.0
0
126.5
126.5
138.0
302.0
302.0
0
390.5
231.5
0
418.5
0
0
0
0
0
.5
138.0
0
1043.5
0
0
0
0
0
0
0
0
0
722.0
0
0
0
68.0
0
126.5
0
115.5
126.5
138.0
508.5
138.0
231.5
0
605.0
126.5
0
0
617.0
0
172.0
0
138.0
672.0
126.5
0
0
0
653.5
302.0
68.0
0
126.5
138.0
0
126.5
126.5
0
0
126.5
0
126.5
822.5
0
0
242.0
0
670.5
126.5
0
542.5
0
0
0
0
0
.0
0
126.5
0
253.5
0
302.0
138.0
289.0
302.0
478.0
126.5
194.5
243.5
126.5
0
126.5
0
0
138.0
138.0
0
0
138.0
126.5
0
0
535.0
126.5
0
0
138.0
128.0
0
0
138.0
172.0
126.5
573.0
424.0
418.5
68.0
0
0
0
0
0
0
489.5
138.0
0
0
126.5
126.5
407.0
126.5
0
0
138.0
126.5

0
138.0
0
0
289.0
0
0
126.5
0
.0
126.5
0
138.0
138.0
68.0

0
.0
0
0
390.5
0
138.0
0
126.5
478.0
0
0
0
138.0
138.0
126.5
0
0
0
0
0
126.5
138.0
0
138.0
126.5
0
0
0
126.5
138.0
0
302.0
0
985.5
0
0
242.0
0
173.0
413.0
0
126.5
0
138.0
0
126.5
0
138.0
0
0
0
0
0
0
126.5
0
0
0
313.5
126.5
489.5
0
138.0
0
0
138.0
138.0
138.0
0
0
0
126.5
0
313.5
533.0
253.5
0
0
0
0
0
138.0
0
.5
0
0
138.0
0
0
0
0
0
0
0
126.5
537.0
0
453.0
546.0
0
138.0
0
68.0
0
.5
0
0
822.5
0
0
0
186.5
126.5
183.5
471.0
0
478.0
0
0
126.5
138.0
138.0
0
0
0
177.0
126.5
0
811.0
138.0
688.0
68.0
0
.5
179.0
138.0
242.0
126.5
0
344.0
0
684.5
126.5
0
0
0
569.0
126.5
0
126.5
0
0
0
138.0
0
0
0
478.0
732.0
0
126.5
172.0
348.5
68.0
0
68.0
302.0
0
.5
0
0
0
0
0
0
0
186.5
0
0
126.5
0
0
0
138.0
435.5
1184.5
0
.0
68.0
126.5
848.5

0
115.5
370.5
0
0
179.0
68.0
344.0
0
0
253.5
0
0
138.0
126.5
0
.5
0
138.0
0
0
0
0
0
172.0
828.5
0
0
138.0
0
126.5
0
0
0
0
0
126.5
497.0
0
126.5
115.5
138.0
0
126.5
478.5
0
0
344.0
0
0
600.5
126.5
0
0
179.0
302.0
138.0
0
138.0
899.5
0
126.5
0
0
243.0
0
.5
722.0
0
0
0
0
126.5
0
231.5
0
179.0
126.5
68.0
126.5
0
685.5
0
0
407.0
126.5
243.0
0
0
.5
221.5
0
355.5
0
0
0
0
0
716.0
138.0
0
128.0
0
126.5
126.5
0
405.5
126.5
242.0
0
0
0
0
0
68.0
126.5
0
126.5
538.0
0
0
424.0
489.5
126.5
0
359.0
126.5
0
302.0
0
198.0
0
0
407.0
138.0
478.0
126.5
138.0
0
374.5
0
138.0
186.5
126.5
476.0
0
257.0
0
0
0
0
0
0
0
0
0
.5
0
126.5
0
138.0
0
459.5
0
126.5
138.0
0
183.5
740.0
0
0
253.0
892.0
0
0
126.5
0
126.5
0
0
0
0
497.0
126.5
138.0
126.5
0
0
583.0
186.5
68.0
0
233.0
126.5
635.0
0
0
253.5
0
870.5
0
126.5
0
0
0
0
138.0
0
365.5
223.5
138.0
68.0
126.5
285.5
0
.0
0
407.0
0
0
424.0
0
302.0
0
0
0
594.0
115.5
0
365.5
0
0
0
0
0
0
68.0
0
0
0
0
0
0
407.0
179.0
0
0
291.0
0
183.5
0
126.5
126.5
913.5
775.5
0
138.0
0
0
535.0
315.5
231.5
359.0
0
126.5
0
0
138.0
0
438.5
315.5
0
0
424.0
138.0
179.0
0
126.5
0
68.0
0
569.0
562.0
126.5
0
126.5
512.0
744.5
0
126.5
826.0
0
346.0
138.0
126.5
0
.5
126.5
0
424.0
0
891.0
126.5
0
0
0
.5
0
0
0
138.0
126.5
126.5
1151.5
0
126.5
0
.0
126.5
0
126.5
453.0
0
0
138.0
0
0
0
313.5
138.0
138.0
126.5
0
0
358.5
0
138.0
0
478.0
126.5
0
0
198.0
516.5
407.0
0
179.0
0
243.0
407.0
0
656.5
459.5
126.5
126.5
0
0
302.0
1018.0
0
183.5
0
0
0
300.5
0
0
0
289.0
0
172.0
0
138.0
138.0
605.0
0
0
374.5
0
179.0
138.0
0
0
0
138.0
0
0
0
138.0
0
534.0
126.5
0
126.5
0
424.0
404.5
126.5
126.5
126.5
830.0
0
0
0
1535.5
441.5
0
0
407.0
0
0
231.0
126.5
0
0
138.0
0
0
486.0
0
0
0
478.0
126.5
640.5
0
126.5
126.5
253.5
0
0
0
917.0
0
0
231.5
0
138.0
0
508.5
0
126.5
0
138.0
0
0
0
126.5
0
126.5
424.0
285.5
745.5
300.5
0
0
302.0
0
138.0
0
126.5
126.5
0
0
302.0
669.5
0
0
602.0
0
.0
0
880.0
0
1158.5
0
0
126.5
0
0
0
0
0
0
478.0
0
0
0
0
138.0
0
0
0
0
138.0
0
0
138.0
138.0
126.5
0
0
370.5
0
0
407.0
0
.5
231.5
289.0
138.0
138.0
0
0
0
0
0
0
0
0
138.0
0
126.5
68.0
138.0
0
138.0
0
355.5
0
68.0
0
302.0
0
0
0
0
300.5
489.5
138.0
138.0
313.5
956.5
0
0
315.5
0
138.0
138.0
0
0
0
126.5
0
0
359.0
0
703.5
0
910.5
138.0
300.5
0
.5
0
0
583.0
0
0
.0
126.5
0
0
289.0
0
0
0
0
0
0
826.5
0
0
0
0
126.5
478.0
126.5
0
0
0
359.0
459.5
0
126.5
0
370.5
0
0
138.0
775.5
0
0
0
0
0
0
0
0
0
126.5
0
0
0
0
0
0
424.0
0
0
0
0
126.5
0
0
0
0
126.5
138.0
138.0
0
0
0
0
0
0
0
407.0
0
0
126.5
870.0
0
179.0
0
0
0
848.0
115.5
607.0
126.5
0
68.0
0
497.0
0
0
179.0
0
478.0
126.5
424.0
302.0
138.0
126.5
517.0
126.5
0
302.0
138.0
126.5
0
829.5
138.0
0
253.0
0
680.5
487.5
0
0
0
68.0
0
0
0
0
0
0
0
0
0
653.5
0
126.5
243.0
523.5
459.5
0
0
0
0
0
0
0
0
811.0
126.5
183.5
126.5
126.5
489.5
0
569.0
0
0
0
0
887.5
833.0
534.5
115.5
0
0
126.5
0
407.0
186.5
138.0
138.0
138.0
0
0
0
179.0
253.0
126.5
0
183.5
0
967.5
126.5
0
0
0
691.0
576.5
0
138.0
0
.0
0
0
0
126.5
138.0
0
0
0
126.5
327.0
0
138.0
0
0
138.0
0
0
0
418.5
126.5
126.5
68.0
126.5
0
0
0
.0
0
0
489.5
0
558.5
471.0
0
138.0
804.5
126.5
0
0
138.0
1193.0
0
.5
0
126.5
0
138.0
0
0
0
659.5
126.5
0
0
115.5
0
489.5
313.5
0
359.0
0
0
0
754.0
0
0
359.0
138.0
68.0
126.5
183.5
0
594.5
707.0
0
126.5
534.5
315.5
138.0
253.5
0
0
126.5
530.5
0
0
253.5
183.5
0
0
0
0
0
0
138.0
68.0
126.5
315.5
0
0
0
126.5
370.5
0
0
441.5
0
186.5
138.0
0
0
126.5
374.5
138.0
435.5
344.0
478.0
0
0
0
126.5
0
0
0
1242.0
497.0
0
138.0
755.5
591.5
231.5
126.5
0
0
138.0
0
0
0
0
138.0
0
344.0
0
668.0
0
0
864.0
0
355.5
0
.0
0
0
0
.5
68.0
126.5
0
0
418.5
126.5
603.5
712.0
0
348.0
0
186.5
888.5
138.0
0
547.5
419.5
0
0
538.0
0
0
.0
0
0
678.5
126.5
528.0
126.5
0
.5
138.0
0
0
126.5
0
0
0
808.5
0
126.5
0
407.0
0
0
0
138.0
126.5
0
221.5
126.5
0
0
898.5
243.5
126.5
126.5
0
0
478.0
0
0
138.0
459.5
115.5
0
0
0
231.5
0
564.5
138.0
411.5
126.5
138.0
0
0
359.0
0
231.5
0
179.0
0
1149.5
126.5
0
773.5
0
0
194.5
253.0
1233.5
0
0
1025.5
0
374.5
0
0
569.5
915.0
194.5
68.0
1038.5
0
0
0
0
0
344.0
0
0
138.0
0
904.5
126.5
126.5
741.5
242.0
126.5
138.0
126.5
0
0
0
0
68.0
0
0
242.0
652.0
0
0
0
0
0
959.0
0
0
0
0
653.5
0
0
0
0
0
0
126.5
126.5
0
0
546.0
0
0
0
186.5
0
0
.0
0
0
0
478.0
0
304.5
126.5
0
126.5
126.5
0
0
429.0
0
0
0
459.5
0
0
359.0
138.0
0
707.0
497.0
766.0
0
0
0
407.0
0
370.5
194.5
459.5
435.5
0
126.5
0
674.0
0
0
0
801.0
194.5
300.5
126.5
459.5
0
586.5
138.0
0
138.0
138.0
476.0
0
.5
0
0
0
0
0
0
0
0
467.0
302.0
0
0
0
126.5
0
0
0
0
0
138.0
126.5
0
582.5
0
0
0
126.5
0
569.0
489.5
0
0
0
302.0
0
300.5
0
0
.0
0
138.0
0
0
0
68.0
435.5
0
0
467.0
359.0
0
0
0
183.5
1480.0
0
0
126.5
550.5
0
0
0
126.5
741.0
264.5
316.0
0
0
653.5
0
0
138.0
441.5
0
126.5
0
0
0
0
0
0
670.5
183.5
758.0
242.0
0
.5
0
0
568.5
291.0
0
0
126.5
126.5
126.5
0
811.0
546.5
459.5
478.0
0
0
0
0
126.5
138.0
825.5
126.5
0
0
126.5
0
0
0
0
289.0
0
0
348.5
126.5
138.0
115.5
0
0
.5
126.5
175.5
478.0
0
668.0
315.5
289.0
0
374.5
0
0
0
0
861.0
183.5
0
138.0
0
138.0
359.0
0
0
264.5
0
0
1229.5
126.5
0
0
126.5
994.5
0
0
0
126.5
0
0
832.0
0
126.5
0
0
186.5
126.5
0
0
546.5
0
0
0
186.5
0
0
0
0
68.0
0
359.0
0
126.5
0
138.0
359.0
0
126.5
138.0
302.0
0
0
138.0
653.5
0
478.0
478.0
0
68.0
0
0
126.5
138.0
0
242.0
126.5
0
0
0
459.5
172.0
1035.0
0
183.5
0
138.0
0
242.0
0
126.5
0
0
138.0
194.5
126.5
0
0
115.5
294.5
0
126.5
586.5
878.0
0
928.0
355.5
126.5
243.0
198.0
0
.0
138.0
1291.5
0
0
126.5
138.0
0
0
0
0
126.5
0
138.0
0
68.0
0
0
242.0
0
0
0
68.0
564.5
418.5
0
383.0
0
435.5
0
126.5
0
0
0
0
0
1000.0
138.0
0
0
0
138.0
0
0
424.0
611.0
172.0
527.0
126.5
0
138.0
0
68.0
300.5
0
0
0
0
0
401.0
0
138.0
138.0
659.5
126.5
0
0
0
126.5
471.0
424.0
0
0
0
186.5
126.5
315.5
126.5
243.0
953.5
0
0
0
126.5
68.0
581.0
0
231.5
344.0
126.5
138.0
0
138.0
0
478.0
126.5
0
138.0
0
0
0
0
0
0
.0
0
0
0
126.5
0
478.0
0
68.0
126.5
0
242.0
424.0
0
745.0
478.0
0
68.0
0
0
0
138.0
808.0
138.0
0
128.0
138.0
0
0
.5
316.0
138.0
0
684.0
126.5
0
0
0
0
0
126.5
186.5
0
699.5
0
138.0
183.5
0
126.5
0
126.5
138.0
0
0
994.0
0
0
138.0
0
115.5
190.5
0
0
0
0
.5
383.0
0
126.5
0
0
302.0
126.5
126.5
0
0
348.5
179.0
243.0
0
126.5
0
126.5
0
962.5
0
0
0
0
138.0
68.0
0
1398.5
0
0
0
599.0
68.0
0
.0
667.0
0
0
115.5
138.0
655.5
407.0
126.5
599.5
126.5
0
1631.0
120.5
302.0
0
0
126.5
359.0
0
0
0
138.0
126.5
194.5
0
0
0
380.0
0
0
0
0
0
126.5
179.0
0
0
424.0
126.5
530.5
0
0
0
0
126.5
126.5
370.5
179.0
126.5
0
138.0
0
0
120.5
0
243.0
138.0
0
0
0
138.0
359.0
0
68.0
0
126.5
881.5
0
288.0
231.5
126.5
0
0
0
0
302.0
243.0
253.0
0
0
0
302.0
0
0
126.5
0
0
68.0
0
243.0
0
677.0
186.5
0
0
858.0
126.5
253.5
243.5
0
126.5
0
558.0
348.5
186.5
126.5
68.0
0
1237.0
835.5
359.0
453.0
0
478.0
0
0
0
0
183.5
0
716.0
0
206.0
829.5
126.5
0
126.5
190.5
0
1697.0
0
126.5
478.0
0
0
68.0
407.0
0
242.0
497.0
68.0
0
126.5
424.0
126.5
787.0
0
0
138.0
505.5
126.5
848.5
497.0
0
0
917.5
313.5
0
0
242.0
0
177.0
126.5
0
0
126.5
0
126.5
68.0
0
138.0
0
126.5
0
0
126.5
0
0
68.0
359.0
126.5
0
138.0
0
653.5
0
0
0
0
0
138.0
0
0
1259.5
424.0
0
0
0
0
0
0
0
0
0
0
0
0
138.0
126.5
243.0
173.0
0
497.0
0
126.5
138.0
138.0
656.5
1448.0
253.0
0
0
257.0
0
0
.5
126.5
138.0
138.0
0
0
386.0
738.0
0
0
231.5
115.5
0
126.5
126.5
68.0
700.0
0
126.5
0
0
0
126.5
0
0
126.5
243.0
0
0
0
0
0
327.0
370.5
126.5
0
0
302.0
126.5
0
0
0
370.5
126.5
0
407.0
0
0
0
386.0
138.0
851.0
126.5
120.5
0
138.0
0
0
0
0
105.0
0
179.0
126.5
300.5
359.0
0
0
0
126.5
0
0
138.0
586.5
0
4.0
0
126.5
0
0
0
126.5
0
126.5
1005.0
253.5
471.0
313.5
126.5
0
0
0
0
1031.5
471.0
0
489.0
0
0
126.5
489.5
0
0
0
0
.5
729.5
115.5
186.5
300.5
126.5
575.0
0
1055.0
721.5
0
126.5
0
0
179.0
591.0
0
.5
0
453.0
126.5
0
1197.0
0
0
126.5
126.5
138.0
0
126.5
0
186.5
0
0
0
126.5
243.0
179.0
0
126.5
113.5
478.0
0
424.0
0
0
0
0
362.0
478.5
419.5
0
758.0
0
179.0
0
0
528.0
0
186.5
126.5
793.5
68.0
126.5
0
1186.5
435.5
0
0
126.5
126.5
0
0
295.5
0
0
304.5
194.5
285.5
1461.0
0
253.0
613.0
138.0
0
0
289.0
0
0
0
138.0
0
0
302.0
407.0
68.0
186.5
613.5
0
0
0
300.5
0
126.5
0
126.5
0
374.5
0
.5
0
0
.0
0
0
489.5
0
0
0
359.0
126.5
0
0
253.5
126.5
0
497.0
0
2513.0
0
0
0
179.0
0
0
126.5
126.5
0
179.0
179.0
126.5
0
.0
126.5
0
359.0
126.5
0
0
581.0
0
0
0
68.0
0
126.5
0
862.5
0
126.5
1219.0
0
0
0
724.0
1019.5
0
126.5
126.5
242.0
0
572.0
0
1676.5
0
0
612.5
0
0
607.0
0
497.0
0
126.5
0
0
126.5
126.5
126.5
0
126.5
0
333.5
775.5
0
242.0
0
0
0
68.0
704.5
1015.0
0
0
0
.5
0
0
126.5
0
599.5
0
0
0
0
497.0
0
0
126.5
0
327.0
183.5
0
0
355.5
0
407.0
0
653.0
0
424.0
390.5
0
.0
0
0
0
419.5
0
68.0
0
787.0
126.5
652.0
138.0
583.0
316.0
407.0
0
183.5
0
0
0
0
0
231.5
0
0
138.0
0
0
126.5
126.5
564.5
0
138.0
285.5
0
126.5
0
741.0
126.5
126.5
198.0
0
418.5
68.0
0
700.0
126.5
783.5
0
1935.5
0
0
0
0
0
138.0
0
0
0
478.0
231.5
974.0
126.5
0
0
126.5
138.0
897.0
138.0
0
0
0
1135.5
115.5
757.0
443.5
548.5
0
0
126.5
0
0
0
126.5
0
242.0
0
653.5
0
.0
115.5
0
0
126.5
0
0
355.5
138.0
0
0
138.0
126.5
0
1306.5
453.0
126.5
138.0
0
0
0
0
0
0
126.5
599.5
0
0
678.0
242.0
0
126.5
0
0
126.5
126.5
0
0
411.5
0
947.0
775.5
126.5
126.5
138.0
464.0
0
126.5
138.0
0
0
0
68.0
0
138.0
0
300.5
0
0
126.5
383.0
0
304.5
138.0
0
640.5
383.0
576.5
459.5
0
138.0
418.5
126.5
0
302.0
0
115.5
0
126.5
0
0
0
0
138.0
1687.0
899.5
476.0
0
138.0
0
0
0
0
126.5
0
126.5
126.5
0
0
0
0
327.0
0
722.0
0
419.5
1084.5
138.0
0
583.0
126.5
828.5
1363.5
0
0
0
546.0
0
315.5
0
0
489.5
253.5
0
703.5
0
0
0
138.0
0
0
0
538.0
138.0
0
348.5
68.0
787.0
0
0
126.5
126.5
126.5
138.0
374.5
0
549.5
0
126.5
138.0
407.0
126.5
897.5
126.5
0
533.5
370.5
0
559.5
68.0
126.5
0
0
126.5
0
0
729.0
0
478.5
731.0
0
231.5
0
0
0
0
0
231.5
0
0
374.5
115.5
478.0
126.5
0
68.0
126.5
407.0
0
0
0
359.0
0
138.0
497.0
0
0
0
672.5
243.0
0
0
711.5
0
150.0
0
68.0
0
115.5
0
172.0
243.5
0
0
68.0
0
126.5
126.5
0
126.5
471.0
0
0
0
0
126.5
0
138.0
138.0
959.5
126.5
0
126.5
769.5
0
0
0
0
0
1127.5
126.5
656.5
0
0
489.5
0
945.0
126.5
0
1078.0
68.0
0
68.0
243.5
0
177.0
0
0
0
0
0
0
424.0
355.5
126.5
0
0
126.5
424.0
0
0
396.0
0
424.0
370.5
0
138.0
0
138.0
0
435.5
0
0
0
0
0
0
138.0
0
0
0
113.5
138.0
478.0
348.5
424.0
0
0
0
1231.5
0
505.5
0
0
0
126.5
0
866.0
0
0
0
0
0
1167.0
302.0
0
0
593.5
0
68.0
68.0
0
0
173.0
0
126.5
0
0
817.0
0
186.5
115.5
0
126.5
126.5
68.0
0
0
407.0
138.0
815.5
0
0
0
0
138.0
0
0
126.5
1140.5
0
1687.0
138.0
0
126.5
0
0
887.0
351.0
126.5
138.0
138.0
0
138.0
601.5
126.5
0
0
186.5
0
0
198.0
648.5
0
0
0
0
126.5
0
0
242.0
0
0
611.0
242.0
424.0
0
768.0
0
126.5
126.5
0
0
126.5
0
523.5
0
138.0
1262.0
138.0
0
115.5
0
0
0
0
313.5
0
0
126.5
0
0
0
327.0
848.5
0
0
0
0
0
0
0
0
0
138.0
0
126.5
1572.0
138.0
138.0
68.0
0
253.0
653.5
138.0
0
0
138.0
665.0
138.0
0
0
0
0
629.5
0
0
0
68.0
0
0
0
0
126.5
0
1394.0
0
0
126.5
0
0
0
0
0
126.5
0
138.0
126.5
0
138.0
126.5
126.5
115.5
0
138.0
0
0
348.0
0
0
0
0
.5
348.5
0
0
0
1072.0
407.0
0
0
.0
0
168.0
302.0
0
126.5
126.5
0
0
126.5
0
0
0
138.0
253.0
344.0
554.5
489.5
138.0

0
0
126.5
315.5
0
0
175.5
126.5
682.5
289.0
0
0
126.5
862.0
0
0
138.0
126.5
0
126.5
0
300.5
242.0
0
359.0
777.5
0
0
0
126.5
68.0
0
0
126.5
0
0
0
0
186.5
0
0
0
0
113.5
0
.5
0
0
126.5
0
0
0
489.5
0
0
0
0
512.0
126.5
0
0
138.0
0
0
0
0
0
478.0
348.0
186.5
0
253.5
0
775.0
0
.5
418.5
0
0
586.5
0
0
0
1345.0
230.5
138.0
879.0
0
126.5
138.0
0
138.0
0
68.0
150.0
0
0
68.0
126.5
0
0
413.0
359.0
0
508.5
0
418.5
138.0
535.0
138.0
0
138.0
242.0
0
0
126.5
0
1439.0
126.5
0
617.0
0
0
126.5
0
126.5
0
0
0
0
593.5
0
0
126.5
0
0
370.5
0
1299.0
0
0
0
0
1006.5
0
459.5
0
0
0
0
0
0
230.5
0
.5
424.0
0
0
138.0
401.0
0
126.5
0
.0
0
126.5
68.0
0
190.5
0
126.5
231.5
478.0
0
0
0
126.5
0
528.0
198.0
126.5
183.5
138.0
0
136.0
126.5
0
0
740.0
0
0
0
0
0
198.0
126.5
253.0
0
0
0
126.5
0
138.0
0
126.5
138.0
984.0
68.0
68.0
0
0
0
0
0
0
0
126.5
501.5
138.0
126.5
0
126.5
300.5
0
138.0
138.0
0
138.0
0
0
497.0
313.5
0
374.5
0
0
0
879.0
138.0
126.5
459.5
0
126.5
303.0
115.5
0
0
0
0
0
0
0
0
0
138.0
0
991.0
68.0
0
126.5
489.5
126.5
0
0
0
0
0
.5
186.5
0
370.5
179.0
478.0
0
489.5
0
0
0
126.5
1286.5
0
0
0
0
402.0
0
0
0
0
0
138.0
370.5
0
138.0
0
0
0
126.5
540.5
126.5
0
126.5
0
126.5
126.5
0
758.5
138.0
138.0
68.0
242.0
0
126.5
557.0
0
374.5
365.5
0
407.0
418.5
126.5
0
126.5
0
0
126.5
302.0
126.5
0
0
138.0
0
0
.5
0
313.5
0
315.5
231.5
0
0
0
0
0
126.5
138.0
0
613.0
0
0
0
639.5
0
0
0
230.5
0
0
0
0
138.0
0
1075.0
242.0
126.5
126.5
1005.0
138.0
126.5
0
138.0
0
0
0
126.5
68.0
666.5
0
138.0
0
0
138.0
68.0
0
126.5
126.5
0
0
302.0
0
126.5
68.0
549.5
0
359.0
138.0
0
591.5
365.5
561.5
0
0
0
390.5
138.0
186.5
68.0
0
459.5
0
126.5
478.0
0
126.5
0
0
0
667.0
0
370.5
126.5
138.0
0
0
0
0
0
0
0
864.5
0
0
120.5
0
126.5
115.5
0
0
879.0
0
359.0
138.0
0
126.5
0
126.5
194.5
0
0
841.0
172.0
529.0
0
315.5
0
115.5
0
549.5
126.5
0
0
0
126.5
1768.0
701.0
0
138.0
508.5
138.0
0
138.0
0
0
0
0
710.5
0
0
0
0
0
126.5
365.5
769.0
0
138.0
534.0
0
243.0
605.0
68.0
586.5
0
126.5
0
186.5
0
704.5
0
0
126.5
478.0
126.5
0
0
183.5
435.5
300.5
126.5
0
138.0
0
0
.0
0
0
126.5
0
126.5
0
126.5
242.0
126.5
0
0
302.0
508.5
0
651.0
0
126.5
138.0
0
0
0
1456.5
639.5
289.0
374.5
0
0
138.0
253.5
126.5
478.0
435.5
126.5
0
690.5
508.5
828.5
0
128.0
120.5
0
541.0
0
126.5
126.5
138.0
459.5
0
1006.5
0
126.5
0
138.0
386.0
0
0
0
138.0
359.0
138.0
0
138.0
68.0
0
194.5
0
138.0
0
138.0
0
68.0
138.0
68.0
0
126.5
0
0
0
0
0
0
138.0
0
68.0
68.0
126.5
0
0
183.5
0
68.0
0
365.5
0
0
0
0
0
516.5
0
126.5
0
126.5
0
0
68.0
0
68.0
126.5
288.0
722.0
0
0
126.5
126.5
126.5
0
0
126.5
126.5
0
183.5
126.5
242.0
0
243.0
126.5
179.0
0
0
0
126.5
126.5
0
541.0
0
420.0
0
68.0
300.5
548.5
0
126.5
0
138.0
0
0
126.5
0
0
0
838.5
126.5
0
0
0
758.5
0
0
253.5
0
126.5
398.0
120.5
0
0
0
0
0
471.0
0
0
0
0
0
0
138.0
126.5
0
851.0
413.0
0
0
0
0
183.5
138.0
68.0
1262.5
126.5
0
374.5
0
115.5
126.5
68.0

0
0
0
775.5
0
0
0
0
478.0
867.5
0
798.0
126.5
0
242.0
0
0
126.5
0
302.0
0
0
0
126.5
126.5
68.0
0
0
0
0
315.5
0
0
0
126.5
478.0
0
0
1064.5
0
0
0
194.5
924.5
126.5
721.5
0
0
0
0
126.5
0
0
179.0
0
0
126.5
0
0
0
1197.5
68.0
0
0
0
172.0
0
68.0
0
656.0
0
0
0
126.5
242.0
0
138.0
0
0
0
0
665.0
0
138.0
747.5
0
186.5
365.5
0
497.0
172.0
257.0
0
179.0
126.5
848.5
115.5
0
459.5
0
0
126.5
138.0
0
441.5
0
231.5
126.5
0
573.0
0
68.0
0
183.5
0
0
453.0
126.5
253.5
294.5
598.0
0
0
359.0
692.0
359.0
0
68.0
68.0
126.5
0
806.0
0
471.0
253.5
126.5
0
257.0
0
0
126.5
0
830.0
0
138.0
0
190.5
0
0
0
0
126.5
68.0
0
0
640.5
653.5
0
0
126.5
126.5
0
370.5
198.0
0
126.5
0
172.0
68.0
359.0
652.0
126.5
126.5
0
0
0
848.5
0
126.5
0
0
0
0
1346.0
584.5
592.0
0
775.5
126.5
126.5
0
478.0
0
126.5
0
68.0
138.0
138.0
0
737.0
186.5
358.5
126.5
0
68.0
126.5
0
0
0
0
68.0
138.0
68.0
68.0
0
0
126.5
424.0
175.5
126.5
0
0
0
0
138.0
0
0
0
0
0
424.0
0
179.0
0
0
.0
0
126.5
359.0
115.5
68.0
0
740.0
0
138.0
0
0
0
0
68.0
138.0
183.5
138.0
424.0
68.0
0
0
0
0
126.5
138.0
0
126.5
0
68.0
0
512.0
0
0
113.5
126.5
491.0
0
0
138.0
593.5
138.0
126.5
0
407.0
554.5
126.5
0
0
0
0
0
126.5
0
418.5
0
0
0
459.5
0
126.5
0
542.5
0
138.0
126.5
0
0
126.5
0
0
985.0
0
138.0
68.0
0
0
183.5
0
183.5
68.0
0
242.0
120.5
0
0
126.5
478.0
0
418.5
383.0
516.5
0
0
0
302.0
126.5
138.0
0
243.0
0
775.5
186.5
530.5
0
138.0
0
424.0
0
0
126.5
300.5
68.0
126.5
126.5
0
655.0
126.5
190.5
0
0
126.5
126.5
0
0
0
206.0
126.5
128.0
478.0
68.0
194.5
0
0
0
0
478.0
0
138.0
126.5
0
0
126.5
126.5
753.5
0
0
1175.5
138.0
0
138.0
302.0
542.5
183.5
1011.0
0
0
138.0
0
291.0
313.5
0
820.0
0
581.0
0
722.0
126.5
0
0
0
253.0
363.5
0
0
0
138.0
253.5
173.0
0
300.5
190.5
0
0
0
115.5
0
1193.0
0
0
0
126.5
0
126.5
641.5
126.5
0
0
315.5
0
.5
0
0
138.0
0
0
68.0
970.0
0
0
138.0
0
0
0
0
0
0
0
300.5
0
126.5
0
0
68.0
0
126.5
0
0
0
0
0
1017.0
0
418.5
138.0
0
720.0
0
190.5
138.0
198.0
0
0
0
0
0
379.5
190.5
138.0
0
0
2309.5
0
0
138.0
0
0
68.0
0
0
0
0
300.5
179.0
183.5
126.5
198.0
126.5
0
138.0
138.0
0
0
138.0
0
0
68.0
0
0.0
442.0
0
0
0
0
0
0
0
0
0
.0
0
.5
0
0
0
0
0
126.5
0
1226.0
126.5
0
68.0
700.0
138.0
0
0
138.0
0
0
0
0
359.0
0
0
453.0
0
0
115.5
538.5
0
0
126.5
0
0
497.0
0
0
0
0
523.5
126.5
1001.0
0
0
0
1747.5
0
138.0
344.0
243.0
126.5
0
0
0
0
847.5
126.5
505.5
0
0
0
0
253.5
68.0
0
173.0
0
.5
0
0
0
126.5
0
.5
0
539.5
0
0
0
0
0
0
138.0
0
138.0
138.0
126.5
0
126.5
0
242.0
0
0
126.5
0
0
902.5
126.5
374.5
0
0
313.5
0
0
253.0
593.5
0
0
.0
354.5
0
0
68.0
186.5
0
418.5
0
115.5
1712.0
126.5
0
0
0
0
242.0
126.5
0
231.0
138.0
0
0
126.5
126.5
0
126.5
0
253.0
253.5
138.0
126.5
0
450.5
0
0
0
0
186.5
699.0
753.5
68.0
179.0
0
183.5
138.0
0
0
0
847.5
138.0
179.0
0
126.5
582.5
0
424.0
904.5
302.0
68.0
0
0
0
0
478.0
138.0
830.0
186.5
0
186.5
0
0
771.0
520.5
120.5
126.5
190.5
68.0
424.0
0
0
0
0
0
313.5
242.0
0
0
0
581.5
0
126.5
478.0
0
0
68.0

0
253.5
0
753.5
0
0
0
0
0
0
0
0
0
68.0
0
0
0
0
0
68.0

68.0

497.0
0
0
68.0
0
.0
126.5
126.5
365.5
845.5
0
138.0
0
68.0

0
126.5
0
1688.0
0
183.5
0
138.0
0
138.0
126.5
362.0
138.0
758.5
0
302.0
758.5
0
0
0
0
0
0
0
0
253.0
336.5
126.5
186.5
497.0
198.0
138.0
0
793.0
0
126.5
0
1032.5
0
0
0
0
126.5
126.5
370.5
658.0
1146.5
68.0
0
126.5
0
243.0
478.0
231.5
0
0
126.5
128.0
68.0
242.0
359.0
138.0
0
0
0
126.5
138.0
344.0
68.0
0
.5
0
302.0
194.5
138.0
0
355.5
126.5
0
0
0
0
586.5
0
0
68.0
126.5
0
126.5
0
0
138.0
830.0
0
0
126.5
0
138.0
0
418.5
0
302.0
598.0
879.5
126.5
0
0
0
348.5
0
0
0
0
138.0
126.5
0
138.0
0
126.5
126.5
0
657.5
508.5
179.0
459.5
0
830.0
138.0
0
264.5
302.0
471.0
0
0
0
633.5
338.0
0
0
302.0
551.0
0
0
126.5
0
126.5
138.0
68.0
138.0
126.5
138.0
0
370.5
0
0
370.5
126.5
0
0
.5
0
0
359.0
128.0
243.0
0
0
1448.0
707.5
0
0
656.0
0
0
348.5
0
126.5
68.0
68.0
0
68.0
138.0
775.5
150.0
183.5
0
9.5
561.0
0
1227.0
126.5
126.5
0
0
120.5
0
0
0
948.5
68.0
0
0
138.0
313.5
419.5
575.0
0
707.0
0
0
.5
1264.5
0
0
198.0
0
0
0
126.5
0
138.0
476.0
0
817.5
126.5
126.5
68.0
0
0
0
68.0
0
0
0
424.0
497.0
126.5
0
0
126.5
126.5
0
242.0
707.0
68.0
0
0
0
138.0
287.5
126.5
719.0
126.5
0
0
0
.5
243.0
126.5
0
0
489.5
126.5
126.5
0
0
115.5
0
0
.5
126.5
0
424.0
0
186.5
0
0
0
0
0
126.5
126.5
0
0
186.5
242.0
186.5
0
0
0
231.5
0
243.0
0
0
0
126.5
1075.5
126.5
0
478.0
0
68.0
419.5
519.5
0
0
0
0
0
326.5
138.0
0
126.5
0
1097.0
0
949.5
0
126.5
68.0
0
138.0
867.0
126.5
0
126.5
231.0
0
138.0
0
126.5
0
190.5
0
0
126.5
68.0
126.5
231.5
231.5
126.5
138.0
359.0
0
0
68.0
126.5
0
128.0
419.5
0
138.0
0
138.0
0
489.5
183.5
478.0
289.0
115.5
138.0
138.0
68.0
533.0
253.5
136.0
0
313.5
138.0
0
313.5
0
546.0
0
0
0
0
.5
0
138.0
0
300.5
0
186.5
0
0
0
138.0
0
459.5
179.0
126.5
138.0
126.5
136.0
0
.5
126.5
478.0
0
0
574.0
0
0
243.0
418.5
938.0
0
0
0
0
0
138.0
648.5
68.0
390.5
407.0
0
138.0
128.0
126.5
0
458.0
0
.5
0
68.0

0
0
0
441.5
0
0
68.0
138.0
0
0
359.0
0
126.5
459.5
126.5
0
126.5
0
.5
359.0
198.0
0
126.5
0
115.5
768.5
0
0
0
0
186.5
497.0
0
0
68.0
264.5
0
138.0
194.5
126.5
126.5
0
126.5
628.0
516.5
126.5
0
173.0
0
126.5
0
489.5
528.0
0
68.0
696.5
0
126.5
438.5
68.0
0
126.5
315.5
313.5
138.0
231.5
0
126.5
0
740.0
652.0
138.0
0
0
0
521.5
528.0
0
0
0
4.5
0
0
236.0
0
126.5
0
.0
734.5
0
0
302.0
424.0
471.0
126.5
276.0
126.5
0
0
126.5
0
126.5
183.5
126.5
253.0
0
0
126.5
0
0
459.5
126.5
0
498.5
126.5
0
126.5
0
370.5
0
0
243.0
138.0
138.0
0
0
115.5
138.0
0
0
424.0
0
0
0
126.5
0
0
471.0
126.5
0
0
126.5
0
138.0
0
0
246.5
173.0
68.0
637.0
126.5
0
300.5
68.0
370.5
0
0
126.5
0
775.5
126.5
441.5
0
1366.5
478.0
616.5
924.0
0
0
68.0
0
0
0
386.0
302.0
0
0
0
407.0
138.0
0
68.0
0
0
0
551.0
0
0
0
0
0
126.5
126.5
419.5
0
787.0
0
0
253.5
138.0
0
179.0
359.0
138.0
0
459.5
0
0
68.0
126.5
0
186.5
0
0
138.0
1224.0
0
0
0
938.0
0
765.0
0
.0
179.0
0
348.5
242.0
138.0
0
0
0
68.0

243.5
138.0

0
0
138.0
0
126.5
0
0
0
1092.0
68.0
126.5
0
0
0
242.0
0
516.5
0
0
115.5
126.5
0
0
0
0
0
126.5
231.5
0
183.5
126.5
0
302.0
0
0
138.0
0
575.0
138.0
68.0
0
0
0
68.0
126.5
0
194.5
0
0
0
692.0
0
0
0
138.0
0
1338.5
0
126.5
126.5
0
0
478.0
0
.5
0
370.5
68.0
138.0
1078.5
0
0
365.5
126.5
0
175.5
126.5
0
0
659.0
646.5
0
0
0
138.0
0
760.0
0
962.0
825.0
233.0
0
0
179.0
407.0
0
126.5
138.0
546.0
126.5
698.5
518.0
0
0
418.5
569.5
0
0
126.5
115.5
0
0
348.5
435.5
242.0
0
0
.5
230.5
138.0
802.0
0
68.0
594.0
302.0
126.5
302.0
138.0
289.0
126.5
126.5
427.0
374.5
0
126.5
1007.0
1096.0
586.0
0
0
.0
126.5
0
653.5
0
0
546.0
0
126.5
0
0
0
459.5
0
.5
0
0
0
359.0
183.5
0
334.5
0
126.5
0
138.0
757.0
0
0
138.0
138.0
0
253.5
0
0
986.0
386.0
489.5
126.5
0
179.0
0
190.5
489.5
0
68.0
126.5
0
977.0
242.0
374.5
0
115.5
138.0
497.0
419.5
0
.0
535.0
230.5
991.0
0
126.5
0
0
0
0
446.0
550.5
126.5
576.5
0
0
126.5
126.5
0
138.0
236.0
386.0
186.5
646.0
0
0
0
0
0
0
0
7.0
0
0
0
359.0
0
497.0
138.0
0
341.0
126.5
973.5
126.5
138.0
0
0
602.0
0
0
0
198.0
0
315.5
126.5
253.5
441.5
138.0
0
138.0
126.5
177.0
848.5
0
0
68.0
0
0
68.0
0
0
126.5
441.5
0
198.0
0
438.5
68.0
126.5
0
0
1345.0
0
126.5
401.0
435.5
471.0
0
0
830.0
126.5
762.0
0
0
0
0
0
0
172.0
198.0
0
231.5
0
243.0
0
0
0
348.0
126.5
0
424.0
138.0
438.5
0
424.0
0
288.0
198.0
0
0
0
289.0
0
0
0
764.5
183.5
0
0
138.0
424.0
424.0
745.0
126.5
68.0
0
126.5
68.0
0
115.5
0
302.0
68.0
0
126.5
302.0
138.0
0
0
0
0
0
0
0
0
126.5
138.0
300.5
126.5
0
441.5
0
0
505.0
126.5
115.5
0
0
0
126.5
424.0
300.5
0
138.0
0
0
0
0
0
257.0
0
0
0
478.0
1707.0
300.5
126.5
0
418.5
0
0
.5
0
0
0
0
0
0
0
0
0
242.0
126.5
359.0
172.0
138.0
126.5
0
0
126.5
0
315.5
0
1353.5
359.0
0
138.0
0
0
419.0
126.5
0
0
243.0
288.0
126.5
592.0
126.5
478.0
478.0
1025.5
0
126.5
0
0
126.5
126.5
545.0
126.5
0
315.5
0
289.0
1127.5
0
0
612.5
186.5
0
1073.5
0
471.0
0
0
0
68.0
0
.0
837.5
253.5
138.0
0
0
0
138.0
829.5
183.5
138.0
418.5
126.5
489.5
0
0
0
0
138.0
0
0
0
0
0
126.5
68.0
0
0
939.5
0
186.5
0
68.0
0
0
68.0

0
138.0
115.5
0
172.0
497.0
0
0
302.0
0
0
407.0
0
773.5
68.0
0
138.0
179.0
0
365.5
126.5
0
459.5
732.5
396.0
0
359.0
0
0
126.5
206.0
186.5
549.5
757.0
289.0
138.0
138.0
0
0
0
0
289.0
533.5
0
0
126.5
407.0
1196.5
126.5
757.0
0
0
0
1254.5
0
408.5
471.0
0
126.5
68.0
313.5
0
190.5
0
0
0
653.5
0
0
0
0
126.5
0
0
126.5
0
0
1003.5
128.0
0
.0
0
0
0
0
126.5
1157.5
0
0
0
531.0
126.5
0
863.5
253.5
0
0
0
524.5
0
0
0
0
0
126.5
1443.5
138.0
138.0
531.0
533.0
126.5
253.0
126.5
243.0
0
0
138.0
438.5
0
0
0
68.0

136.0
0
0
138.0
302.0
424.0
424.0
126.5
0
370.5
0
186.5
68.0
0
0
0
0
0
0
190.5
138.0
0
435.5
563.5
0
519.0
126.5
0
68.0
0
0
0
1099.5
0
126.5
0
179.0
0
115.5
231.5
0
138.0
0
0
138.0
787.0
0
0
680.0
471.0
0
126.5
707.0
0
0
341.5
0
0
0
0
0
621.0
0
0
183.5
126.5
126.5
278.0
0
138.0
126.5
0
.0
0
0
126.5
0
402.0
0
653.5
126.5
0
183.5
0
0
0
0
0
598.0
1507.0
138.0
424.0
344.0
0
0
0
0
138.0
1534.0
289.0
190.5
591.5
0
183.5
0
334.5
68.0
0
126.5
0
0
0
0
0
0
0
126.5
313.5
0
0
0
126.5
138.0
0
408.5
0
0
0
0
699.0
0
1233.0
0
0
.5
0
0
0
1668.5
0
313.5
0
0
183.5
0
0
584.5
126.5
0
0
0
0
0
0
0
1077.5
0
126.5
828.5
242.0
126.5
478.0
370.5
0
0
126.5
0
768.5
0
0
243.5
289.0
489.5
0
126.5
488.0
1012.0
0
302.0
424.0
0
126.5
546.0
0
138.0
0
.0
670.5
359.0
419.5
126.5
304.5
0
0
0
0
0
0
0
478.0
242.0
0
430.5
2790.0
126.5
0
707.0
194.5
179.0
0
0
68.0
359.0
0
706.0
707.5
126.5
0
0
0
438.5
0
549.5
138.0
0
1546.0
0
68.0
0
0
.5
231.0
0
0
0
253.5
0
0
138.0
0
1315.5
0
0
138.0
0
0
0
126.5
0
313.5
0
0
138.0
0
126.5
0
0
374.5
68.0
0
0
0
0
0
138.0
0
875.0
355.5
0
958.5
0
598.0
138.0
0
0
138.0
0
0
0
0
.5
126.5
0
0
0
0
550.0
138.0
0
0
0
165.5
0
0
126.5
0
0
179.0
1052.0
183.5
787.0
0
0
478.0
418.5
0
0
138.0
424.0
0
0
359.0
0
0
68.0
0
126.5
530.5
126.5
0
0
68.0
0
302.0
434.5
365.5
821.0
253.0
652.0
0
0
0
126.5
0
0
115.5
198.0
183.5
173.0
0
668.0
0
327.0
0
0
0
516.5
231.5
0
0
0
1145.0
0
.5
0
0
0
0
126.5
0
516.5
126.5
242.0
0
528.0
0
667.5
126.5
126.5
370.5
841.0
0
528.0
126.5
0
0
0
0
126.5
506.5
390.5
697.5
144.5
0
138.0
0
549.5
126.5
0
0
126.5
258.0
231.5
354.5
150.0
0
0
471.0
0
0
0
374.5
0
530.5
126.5
478.0
0
0
786.0
126.5
0
68.0
126.5
0
0
418.5
0
0
0
179.0
253.5
0
242.0
126.5
0
891.0
0
179.0
0
347.5
539.5
0
172.0
126.5
0
0
0
0
.5
0
138.0
138.0
0
126.5
0
242.0
0
0
1157.0
0
561.5
359.0
126.5
0
0
0
0
0
0
0
0
0
.5
0
0
126.5
0
0
243.0
126.5
0
126.5
0
.0
0
0
0
0
0
478.0
126.5
126.5
0
441.5
424.0
115.5
841.5
0
0
126.5
586.0
0
194.5
0
0
0
0
0
.0
0
0
0
190.5
0
0
969.5
0
0
359.0
300.5
302.0
657.0
0
302.0
0
0
0
0
138.0
481.0
0
126.5
0
138.0
692.0
0
126.5
576.5
138.0
0
302.0
0
126.5
126.5
138.0
0
1116.0
126.5
0
138.0

0
.0
0
126.5
115.5
0
0
0
0
0
0
0
0
126.5
0
0
0
0
0
0
138.0
586.5
126.5
126.5
0
0
0
0
0
0
.0
956.5
0
419.0
531.0
0
0
0
0
242.0
126.5
126.5
770.0
0
0
138.0
489.5
508.5
0
126.5
68.0
126.5
302.0
126.5
0
0
0
126.5
0
0
0
0
0
.0
0
68.0
0
0
243.0
233.0
394.0
0
651.0
68.0
0
258.0
0
0
126.5
0
370.5
569.5
126.5
0
126.5
186.5
138.0
0
0
0
128.0
0
126.5
0
478.0
0
0
.0
0
575.0
0
0
775.5
386.0
497.0
138.0
0
138.0
368.5
126.5
138.0
0
0
471.0
126.5
0
624.0
0
407.0
126.5
0
0
0
302.0
0
0
0
0
126.5
0
0
138.0
966.5
0
478.0
386.0
172.0
1297.5
341.0
126.5
0
243.5
0
365.5
0
242.0
242.0
138.0
0
1471.5
0
0
126.5
0
0
0
0
0
0
126.5
0
535.0
0
126.5
0
0
549.5
684.0
126.5
0
407.0
0
138.0
0
0
126.5
243.5
534.5
126.5
0
126.5
0
0
0
0
0
0
0
126.5
126.5
126.5
68.0
621.5
355.5
0
435.5
0
0
138.0
344.0
0
0
1126.5
0
478.0
0
0
126.5
0
0
0
0
424.0
0
138.0
835.0
524.5
138.0
302.0
0
0
359.0
0
1035.5
0
359.0
126.5
599.5
0
0
0
0
508.5
478.5
0
0
0
138.0
0
0
243.0
0
0
413.0
0
0
0
126.5
315.5
0
635.0
0
313.5
890.0
126.5
0
0
603.5
0
605.0
0
0
242.0
0
126.5
0
165.5
1110.0
0
315.5
0
478.0
0
126.5
0
478.0
126.5
138.0
0
126.5
0
0
0
453.0
0
126.5
0
138.0
0
68.0
489.5
0
0
0
1475.0
0
126.5
0
0
0
564.5
407.0
0
386.0
120.5
0
0
198.0
0
0
0
559.5
0
374.5
0
0
302.0
940.5
0
0
253.0
0
183.5
1086.0
0
0
0
126.5
138.0
0
115.5
0
126.5
0
126.5
424.0
243.5
0
0
0
0
0
0
.0
0
0
0
478.0
0
0
253.0
0
1530.0
0
253.0
126.5
1081.0
549.5
0
868.0
0
1264.0
0
0
0
126.5
126.5
0
0
0
0
0
0
0
0
126.5
0
459.5
0
198.0
370.5
68.0
0
0
138.0
138.0
0
0
0
115.5
0
0
0
497.0
0
0
478.0
0
0
1181.5
126.5
0
0
370.5
0
561.0
126.5
0
0
115.5
0
242.0
243.0
138.0
0
198.0
0
0
0
424.0
0
.0
0
0
0
0
0
0
365.5
0
276.0
612.5
0
0
300.5
126.5
576.5
0
0
68.0
0
0
0
348.5
0
0
0
348.5
383.0
438.5
126.5
0
.0
0
0
0
126.5
511.0
0
0
0
830.0
0
0
418.5
126.5
138.0
508.5
663.0
0
424.0
1085.5
138.0
0
0
126.5
138.0
126.5
522.5
497.0
0
0
0
0
0
0
0
126.5
413.5
284.0
0
0
0
0
138.0
126.5
0
850.0
0
0
419.5
0
977.5
0
0
542.0
138.0
529.0
126.5
126.5
0
0
557.0
0
0
0
126.5
486.0
302.0
0
471.0
0
0
186.5
126.5
126.5
0
0
0
0
68.0
0
300.5
0
0
0
183.5
1341.0
0
126.5
359.0
860.0
0
0
0
0
0
0
126.5
0
0
0
0
138.0
0
0
475.5
242.0
0
.0
0
1.5
68.0
126.5
68.0
0
0
172.0
0
1076.5
0
0
0
0
138.0
68.0
0
0
359.0
0
344.0
478.0
0
0
243.0
0
640.5
407.0
344.0
734.0
126.5
0
521.5
715.0
138.0
0
138.0
179.0
0
138.0
0
424.0
0
0
0
0
68.0
0
656.5
0
828.5
0
0
0
344.0
291.0
0
0
138.0
0
0
0
478.0
0
1079.0
0
0
126.5
652.0
0
138.0
0
0
233.0
126.5
1211.5
2968.0
179.0
0
313.5
242.0
126.5
302.0
0
0
0
0
126.5
126.5
0
126.5
0
726.0
0
0
885.5
478.0
0
0
0
359.0
0
0
138.0
0
0
407.0
0
0
0
0
126.5
0
523.5
593.5
0
138.0
126.5
0
737.5
607.5
359.0
1375.5
0
126.5
0
0
0
0
0
613.5
0
0
0
0
424.0
126.5
0
0
0
289.0
0
0
0
242.0
471.0
0
0
126.5
0
0
0
0
183.5
527.5
546.5
0
126.5
0
138.0
709.0
0
0
775.5
0
.0
126.5
0
478.0
0
186.5
0
138.0
0
.0
126.5
126.5
0
0
126.5
583.0
68.0
0
68.0
126.5
0
115.5
0
0
138.0
0
253.0
386.0
745.0
752.0
374.5
138.0
0
289.0
497.0
0
0
0
598.0
126.5
489.5
758.5
0
.0
0
0
653.5
652.0
138.0
126.5
899.5
841.5
0
138.0
126.5
0
0
1331.5
231.5
327.0
0
115.5
0
632.0
0
1649.5
231.5
138.0
0
530.5
68.0
68.0
0
0
0
0
126.5
576.0
138.0
126.5
138.0
0
486.0
775.5
0
0
359.0
0
0
138.0
289.0
0
651.0
591.5

0
0
126.5
0
138.0
126.5
0
.5
0
0
0
0
0
0
0
0
115.5
0
0
126.5
0
628.0
767.0
0
.0
126.5
0
0
253.5
0
522.5
0
478.0
639.5
370.5
0
0
0
126.5
138.0
0
0
0
0
126.5
126.5
0
0
887.0
0
440.0
138.0
0
302.0
126.5
253.0
126.5
0
0
126.5
459.5
612.5
0
0
945.0
0
695.5
179.0
0
.5
138.0
525.0
583.0
0
126.5
0
0
302.0
1218.5
68.0
459.5
524.5
0
126.5
138.0
0
126.5
126.5
0
115.5
0
459.5
0
413.0
0
0
554.0
633.5
0
0
0
0
0
68.0
126.5
0
0
126.5
0
302.0
300.5
0
0
126.5
126.5
0
653.5
0
705.0
126.5
0
0
996.5
0
1006.5
1047.0
0
0
68.0
0
418.5
138.0
0
183.5
0
0
126.5
659.5
0
126.5
0
0
438.5
0
0
0
289.0
0
242.0
0
.0
0
407.0
566.0
242.0
0
0
0
126.5
0
177.0
0
.5
138.0
0
0
0
453.0
0
0
0
736.5
179.0
0
0
530.5
0
0
0
194.5
138.0
138.0
0
418.5
0
459.5
68.0
0
126.5
729.5
0
407.0
138.0
0
0
0
0
533.5
927.0
0
819.0
68.0
0
0
0
0
0
253.5
0
313.5
0
0
0
0
0
329.0
194.5
0
1299.5
0
0
138.0
0
68.0
126.5
0
829.5
0
0
138.0
1331.5
68.0
138.0
183.5
68.0
365.5
0
1057.5
0
359.0
126.5
792.5
0
374.5
969.5
126.5
126.5
1501.0
344.0
374.5
0
478.0
1036.5
0
0
0
726.0
355.5
0
0
0
126.5
0
172.0
126.5
0
0
288.0
0
0
0
583.0
0
0
0
126.5
0
0
471.0
0
0
0
0
0
177.0
126.5
138.0
138.0
0
1046.0
402.0
0
126.5
0
0
126.5
126.5
138.0
0
0
0
0
0
126.5
418.5
0
138.0
407.0
0
0
0
172.0
2068.0
138.0
302.0
138.0
0
0
0
0
0
0
435.5
0
1033.5
365.5
0
0
0
0
0
179.0
0
126.5
126.5
0
0
0
0
0
0
.5
0
0
407.0
1360.0
0
68.0

138.0
438.5
0
1203.5
0
0
0
0
0
0
.5
0
407.0
775.5
0
849.5
848.5
0
0
0
0
0
989.5
0
68.0
0
138.0
686.0
0
138.0
0
0
652.0
138.0
0
0
0
0
659.0
0
0
0
0
138.0
605.0
0
1346.0
0
478.0
0
302.0
68.0
253.0
1481.0
243.0
0
0
1595.0
0
0
126.5
138.0
0
0
126.5
0
1004.0
0
558.0
407.0
231.0
0
355.5
0
0
0
126.5
0
937.5
1380.0
243.0
0
489.5
0
126.5
186.5
0
0
0
0
.0
370.0
0
897.5
126.5
231.5
0
0
138.0
0
0
1062.0
0
.5
837.5
0
0
138.0
0
126.5
0
242.0
383.0
0
0
0
0
0
0
0
126.5
0
0
0
0
505.5
0
0
126.5
0
775.5
0
0
982.0
652.0
126.5
0
0
0
0
.0
0
0
467.0
138.0
0
126.5
0
0
0
138.0
0
575.0
242.0
0
0
0
138.0
138.0
126.5
126.5
0
0
0
0
253.0
0
665.0
0
0
126.5
138.0
0
138.0
407.0
407.0
365.5
775.5
68.0
1646.0
0
0
845.0
0
0
0
826.5
0
0
0
0
355.5
1389.5
1226.0
138.0
126.5
0
497.0
0
.5
0
0
0
0
0
.0
0
0
0
138.0
0
0
0
0
508.5
0
0
0
582.5
253.5
812.0
126.5
0
0
243.5
0
179.0
0
243.0
1219.0
653.5
0
0
374.5
0
576.5
0
359.0
0
423.0
0
0
0
0
0
0
334.5
0
138.0
0
68.0
374.5
0
538.0
0
126.5
459.5
1699.5
613.5
0
0
1746.0
126.5
0
568.5
0
418.5
0
0
0
0
0
138.0
138.0
967.5
242.0
0
0
126.5
0
1065.5
0
126.5
471.0
0
190.5
0
0
0
478.0
0
0
0
0
0
0
126.5
0
0
0
0
0
0
746.0
115.5
0
0
909.0
0
0
302.0
534.5
138.0
945.5
126.5
0
478.0
0
0
0
753.5
0
775.5
126.5
0
459.5
138.0
0
.0
138.0
0
126.5
138.0
1236.0
126.5
1168.5
594.0
0
0
0
0
651.0
407.0
115.5
0
0
0
126.5
1231.0
0
0
0
0
829.5
0
401.0
446.0
126.5
733.5
68.0
126.5
478.0
0
.5
0
302.0
522.5
0
0
126.5
315.5
150.0
0
68.0
0
138.0
0
0
0
0
.0
0
0
0
0
0
126.5
0
374.5
0
459.5
1047.5
0
0
0
126.5
0
2711.0
126.5
0
0
523.5
0
0
68.0
402.0
138.0
755.5
0
126.5
0
0
0
0
0
0
126.5
554.0
0
0
126.5
0
0
0
0
635.0
0
0
359.0
0
0
.0
0
233.0
126.5
115.5
0
0
419.5
0
489.5
138.0
243.0
0
0
0
138.0
707.0
126.5
478.0
138.0
68.0
68.0
0
0
0
243.0
0
0
0
0
0
126.5
0
651.0
0
138.0
126.5
300.5
0
242.0
0
0
.5
652.0
534.0
0
138.0
138.0
0
0
829.5
179.0
0
0
0
138.0
0
0
138.0
289.0
407.0
0
0
0
747.5
0
0
418.5
0
1144.5
0
478.0
0
0
0
186.5
0
0
0
126.5
0
126.5
0
0
0
0
0
194.5
467.0
243.0
0
0
0
501.0
0
138.0
0
974.0
0
0
138.0
126.5
0
0
0
0
138.0
0
569.5
126.5
651.0
822.5
0
0
126.5
172.0
0
138.0
0
0
0
138.0
179.0
138.0
253.0
126.5
0
138.0
302.0
0
0
138.0
0
0
749.0
497.0
0
0
0
0
0
0
518.0
0
0
0
0
0
302.0
173.0
575.0
520.5
126.5
0
1324.5
183.5
0
0
0
126.5
0
0
699.5
138.0
0
569.5
478.0
126.5
126.5
126.5
126.5
138.0
1688.5
0
68.0
0
0
1005.5
0
616.0
126.5
0
0
374.5
940.5
593.5
115.5
424.0
138.0
705.0
126.5
315.5
370.5
138.0
0
0
138.0
0
0
370.5
126.5
407.0
138.0
0
707.0
243.5
0
471.0
0
0
0
1231.0
0
0
0
0
374.5
1462.0
68.0
0
471.0
0
0
138.0
0
0
316.0
0
138.0
471.0
126.5
0
138.0
0
0
0
0
0
676.0
0
0
370.5
138.0
126.5
1172.5
126.5
126.5
0
355.5
0
0
1444.5
0
0
0
0
.0
418.5
521.5
68.0
0
0
471.0
264.5
0
0
489.5
68.0
0
0
0
126.5
0
0
0
0
138.0
0
126.5
0
253.5
1389.5
0
0
179.0
138.0
0
758.5
0
550.0
126.5
0
593.5
126.5
370.5
138.0
126.5
963.5
684.0
0
0
1115.5
489.5
370.5
478.0
0
0
0
126.5
126.5
0
1014.5
138.0
0
126.5
0
0
859.0
0
0
138.0
126.5
0
138.0
0
344.0
0
0
0
253.5
344.0
0
478.0
0
1602.0
0
126.5
0
0
695.5
512.0
0
0
0
0
0
1427.5
126.5
0
138.0
940.0
0
0
315.5
1016.5
126.5
126.5
0
0
231.5
909.0
0
126.5
1052.0
0
344.0
0
1195.0
126.5
0
0
402.0
0
0
.5
0
1441.0
0
0
1527.0
0
173.0
0
289.0
484.0
0
516.5
0
355.5
138.0
0
0
0
183.5
968.5
613.0
0
0
0
0
138.0
0
138.0
0
0
0
302.0
126.5
0
138.0
424.0
476.5
172.0
0
0
0
0
0
0
138.0
300.5

0
126.5
4350

0
126.5
777.5
390.5
0
477.5
0
1200.0
508.5
0
0
126.5
0
0
0
0
0
.0
138.0
0
0
126.5
126.5
126.5
806.0
418.5
1138.0
0
126.5
126.5
0
126.5
976.0
0
138.0
0
459.5
0
1635.0
0
138.0
126.5
302.0
68.0
0
.5
0
0
0
0
0
550.0
0
863.5
0
0
582.5
0
762.0
441.5
138.0
786.0
0
0
0
0
709.5
564.5
126.5
126.5
889.5
478.0
0
138.0
0
138.0
0
0
860.0
315.5
115.5
0
186.5
126.5
0
0
768.5
0
1534.0
0
0
138.0
0
126.5
138.0
0
534.5
0
126.5
138.0
1567.5
0
0
126.5
0
0
.0
1049.5
138.0
0
0
459.5
126.5
0
775.5
0
0
0
126.5
0
0
0
.5
126.5
0
370.5
639.5
407.0
0
0
138.0
0
652.0
343.5
0
0
0
539.5
0
0
478.0
705.5
508.5
441.5
424.0
0
0
717.0
68.0
594.0
0
313.5
0
538.0
126.5
370.5
0
0
.0
770.0
0
0
120.5
293.0
1050.5
583.0
0
0
0
868.0
126.5
0
0
190.5
0
0
0
126.5
126.5
190.5
0
0
242.0
0
0
0
0
0
0
0
0
0
0
358.5
478.0
0
435.5
790.0
126.5
0
0
476.5
0
0
0
0
787.0
459.5
0
68.0
253.5
0
126.5
0
0
424.0
489.5
0
138.0
183.5
0
0
138.0
186.5
0
441.5
636.0
424.0
1456.5
0
0
0
0
.0
0
0
0
0
186.5
435.5
0
0
0
407.0
0
434.5
1339.0
0
0
512.0
359.0
0
401.0
0
126.5
0
1888.5
0
322.0
0
0
0
374.5
0
0
0
300.5
0
0
0
0
0
0
1026.5
0
243.0

0
0
0
847.0
467.0
1974.5
68.0
0
0
0
0
0
1170.5
186.5
0
0
0
534.5
0
0
126.5
0
656.5
0
418.5
370.5
0
593.5
242.0
484.0
0
138.0
0
0
424.0
0
0
0
365.5
0
126.5
0
0
508.5
0
221.5
126.5
0
0
0
115.5
0
344.0
0
0
0
489.5
0
0
68.0
630.5
497.0
540.5
190.5
138.0
0
0
0
313.5
138.0
359.0
289.0
0
0
126.5
138.0
126.5
424.0
126.5
0
.0
0
126.5
0
0
471.0
0
0
172.0
0
359.0
0
138.0
652.0
0
0
0
0
0
424.0
253.5
0
441.5
629.0
0
0
0
0
126.5
0
126.5
0
0
115.5
0
807.5
126.5
0
0
0
190.5
478.0
0
128.0
0
126.5
0
0
1077.5
126.5
0
.0
0
0
0
126.5
0
0
535.0
138.0
0
0
138.0
0
0
0
0
0
0
126.5
435.5
0
0
0
126.5
0
0
0
357.0
0
516.5
721.5
2077.5
419.5
126.5
0
0
0
0
0
0
0
126.5
0
777.5
126.5
0
562.0
0
0
688.5
126.5
459.5
0
126.5
0
138.0
0
471.0
126.5
475.0
257.0
68.0
138.0
0
741.0
911.5
0
961.5
0
1110.0
0
1136.0
0
0
0
1191.5
786.0
0
848.5
787.0
313.5
904.0
359.0
0
0
126.5
0
0
0
0
1037.5
138.0
126.5
0
177.0
0
891.5
0
0
0
179.0
348.5

386.0
0
194.5
0
1528.0
126.5
1060.5
0
.5
126.5
0
489.5
138.0
0
0
0
0
0
179.0
0
190.5
825.5
0
0
753.0
253.0
138.0
538.0
775.5
1499.0
0
0
418.5
1158.0
138.0
68.0
842.5
0
0
2486.5
0
0
115.5
0
0
138.0
0
0
0
253.5
138.0
0
424.0
150.0
126.5
0
0
478.0
0
717.5
126.5
0
0
612.5
126.5
0
0
0
0
0
0
.0
778.5
126.5
0
773.5
1062.0
0
2011.0
0
0
0
1413.0
419.0
138.0
0
126.5
894.5
0
126.5
68.0
253.0
1090.5
0
359.0
390.5
126.5
138.0
315.5
0
628.0
464.0
126.5
0
.5
1884.0
0
0
0
0
.0
242.0
0
138.0
489.5
0
126.5
126.5
68.0
68.0
0
0
0
68.0
68.0
1200.0
126.5
441.5
0
722.0
0
0
68.0
0
0
0
751.5
0
0
489.5
126.5
138.0
1145.5
126.5
1242.0
126.5
0
0
359.0
0
0
0
0
126.5
1915.5
771.0
138.0
1395.0
1332.0
0
459.5
486.0
0
648.5
0
1200.0
0
0
478.0
126.5
126.5
138.0
758.5
128.0
126.5
126.5
497.0
0
390.5
68.0
359.0
478.0
0
365.5
253.0
603.0
0
648.5
0
497.0
126.5
0
0
126.5
0
0
0
0
0
0
0
0
0
0
138.0
0
0
478.0
0
0
0
0
424.0
126.5
186.5
0
0
0
0
0
1687.0
0
0
0
0
0
242.0
0
0
0
0
407.0
0
348.0
489.5
126.5
138.0
478.0
0
359.0
138.0
0
407.0
0
1203.0
172.0
0
0
829.5
497.0
983.5
0
0
115.5
0
115.5
459.5
0
535.0
183.5
0
0
446.0
489.5
359.0
598.0
0
2208.5
0
0
0
0
0
126.5
126.5
0
68.0
138.0
0
0
68.0
915.0
0
126.5
0
242.0
0
.0
0
0
0
126.5
0
.0
519.0
0
0
0
1161.0
0
0
0
717.0
0
0
0
777.5
549.5
1899.5
0
0
0
0
126.5
514.5
138.0
0
0
452.0
669.5
115.5
0
777.5
828.5
0
359.0
126.5
519.5
0
402.0
775.5
126.5
0
471.0
0
138.0
1250.5
0
126.5
126.5
424.0
0
0
68.0
0
0
0
0
0
424.0
0
126.5
1108.0
0
0
0
0
126.5
0
1525.0
138.0
0
1078.0
489.5
359.0
2262.0
0
0
0
126.5
411.0
0
115.5
0
300.5
0
138.0
179.0
0
435.5
0
138.0
530.5
0
927.5
1556.5
370.5
0
538.0
136.0
126.5
0
0
138.0
126.5
68.0
0
0
126.5
0
1334.0
471.0
126.5
126.5
741.0
438.5
0
554.5
0
0
1691.5
0
418.5
1300.0
68.0
365.5
383.0
126.5
1234.0
0
313.5
597.5
0
115.5
497.0
957.0
183.5
138.0
374.5
938.0
424.0
68.0
441.5
478.0
531.0
0
0
126.5
1272.0
179.0
0
0
0
717.0
0
441.5
383.0
0
0
0
0
2099.5
0
0
2202.0
521.5
508.5
0
0
387.0
0
365.5
0
1062.0
0
497.0
250.5
0
0
126.5
0
138.0
0
115.5
126.5
0
0
478.0
68.0
126.5
608.0
138.0
0
0
126.5
1137.5
612.5
0
138.0
0
0
365.5
0
0
0
126.5
0
435.5
68.0
582.5
0
313.5
0
0
656.5
0
0
683.5
0
126.5
0
0
0
407.0
0
920.0
0
1387.0
348.0
0
126.5
0
138.0
242.0
138.0
179.0
68.0
0
0
0
0
0
530.5
374.5
401.0
0
586.5
0
0
435.5
0
0
0
0
534.0
0
0
424.0
302.0
0
0
0
0
289.0
659.0
186.5
1258.5
899.5
0
0
0
0
0
934.5
138.0
438.5
289.0
860.0
0
126.5
0
.5
0
489.5
1359.5
126.5
0
68.0
0
419.5
138.0
0
365.5
138.0
68.0
0
138.0
0
.0
602.0
0
126.5
0
424.0
0
374.5
0
0
0
0
359.0
478.0
419.5
726.0
582.5
0
126.5
0
0
365.5
0
0
0
0
471.0
126.5
0
0
0
0
242.0
860.0
138.0
0
0
.0
0
0
.5
471.0
0
0
0
.0
0
1589.5
138.0
0
0
478.0
0
721.5
1181.5
126.5
126.5
138.0
0
0
138.0
0
0
592.0
138.0
344.0
0
541.0
359.0
0
126.5
782.5
1972.5
530.0
0
0
0
0
138.0
126.5
126.5
0
830.0
126.5
68.0
0
0
313.5
0
0
68.0
607.5
253.0
179.0
0
0
0
126.5
0
348.5
0
0
0
126.5
0
0
0
243.0
535.0
469.5
0
0
586.5
289.0
523.5
435.5
0
150.0
0
68.0
497.0
1103.0
138.0
0
0
0
1096.5
126.5
0
138.0
700.0
809.0
0
0
729.5
0
0
0
0
0
126.5
0
0
0
386.0
0
2107.5
253.0
1134.5
1207.0
0
438.5
1055.0
300.5
407.0
68.0
0
138.0
516.5
459.5
313.5
1182.5
0
68.0
271.0
0
0
0
424.0
419.5
1126.0
0
459.5
126.5
1083.0
126.5
0
603.5
0
522.5
0
0
0
0
126.5
0
0
374.5
648.5
776.5
126.5
126.5
0
0
1135.5
0
518.5
0
300.5
126.5
0
138.0
0
0
711.5
0
0
0
0
0
126.5
0
242.0
646.5
394.0
0
830.0
386.0
0
126.5
68.0
0
1125.5
644.0
0
359.0
365.5
68.0
138.0
0
497.0
0
0
0
810.0
68.0
0
.5
811.0
0
128.0
0
0
0
.5
0
424.0
1360.0
1044.5
115.5
424.0
0
0
912.5
0
138.0
138.0
530.5
879.5
0
1588.5
126.5
0
126.5
138.0
0
0
68.0
126.5
0
0
0
484.0
984.0
475.0
639.5
0
0
0
289.0
0
126.5
628.5
877.0
0
459.5
0
652.0
0
763.5
0
365.5
0
374.5
0
563.5
902.0
475.5
374.5
0
0
.5
0
126.5
760.5
927.0
368.0
126.5
0
0
295.5
126.5
0
0
0
126.5
0
958.5
0
659.0
569.5
479.5
0
506.5
1694.5
0
126.5
300.5
401.0
126.5
0
0
0
756.0
413.0
0
787.0
0
0
138.0
138.0
0
710.5
1891.0
1829.0
848.5
497.0
0
0
0
871.0
459.5
0
0
0
0
0
138.0
860.0
0
0
794.5
0
313.5
642.5
0
0
562.0
179.0
0
0
0
1866.5
0
126.5
734.5
288.0
0
489.5
0
0
0
0
0
652.0
1164.5
68.0
0
419.5
128.0
233.0
762.0
0
0
564.5
420.5
0
0
358.0
138.0
0
0
0
126.5
0
0
138.0
0
441.5
126.5
1219.0
590.0
0
719.0
0
0
855.5
344.0
1154.5
126.5
1555.0
126.5
0
0
0
591.5
751.5
0
0
0
0
0
0
1786.5
0
419.5
0
138.0
937.5
126.5
126.5
407.0
478.0
242.0
126.5
989.5
0
0
0
126.5
1075.0
0
0
438.5
126.5
0
716.0
407.0
359.0
0
126.5
419.5
0
0
0
242.0
0
183.5
386.0
789.0
115.5
407.0
0
138.0
726.0
138.0
0
126.5
588.0
0
0
179.0
0
374.5
1165.0
302.5
537.5
0
0
0
198.0
775.5
126.5
659.5
0
0
138.0
0
0
68.0
659.5
0
243.5
830.0
0
459.5
419.5
0
1373.0
0
746.0
126.5
0
0
667.0
0
126.5
546.5
850.0
194.5
68.0
0
68.0
0
126.5
294.5
0
0
0
4.5
1326.0
355.5
0
0
115.5
1218.0
0
0
370.0
461.5
126.5
0
0
1219.0
0
419.5
0
115.5
734.5
524.5
0
0
1495.5
0
0
0
478.0
0
0
0
0
0
0
0
138.0
0
0
757.0
591.5
0
126.5
0
0
0
1069.0
635.0
0
0
0
126.5
1005.5
138.0
126.5
478.0
300.5
0
.5
0
0
0
0
0
0
255.0
138.0
0
0
758.5
1102.5
0
138.0
0
652.0
0
0
0
593.5
0
591.5
68.0
0
771.0
0
0
0
0
0
0
0
0
0
0
0
0
206.0
672.0
497.0
806.0
0
0
722.0
497.0
359.0
138.0
0
0
0
0
0
126.5
768.5
0
1260.0
0
0
0
0
0
115.5
956.5
316.0
604.0
0
0
126.5
679.0
0
0
231.5
0
419.5
601.0
242.0
68.0
68.0
0
0
0
0
138.0
497.0
0
0
0
836.0
0
0
0
0
126.5
0
424.0
126.5
0
370.5
882.0
183.5
68.0
138.0
964.0
0
0
138.0
945.5
0
.5
0
497.0
0
947.0
359.0
138.0
937.0
0
0
478.0
768.5
0
1002.5
1412.5
648.5
0
424.0
126.5
828.5
1121.0
0
0
751.5
0
138.0
889.0
0
0
374.5
68.0
418.5
138.0
0
138.0
0
899.5
0
0
0
0
0
562.0
1432.0
126.5
575.0
459.5
0
1544.5
0
0
183.5
0
0
231.5
0
424.0
1003.5
0
1961.5
1165.0
1258.0
0
0
0
68.0
1112.5
0
0
0
0
798.5
0
825.5
0
624.5
0
424.0
407.0
0
0
126.5
0
497.0
1533.5
0
271.0
1200.0
557.0
0
0
0
0
1628.5
1850.0
478.0
0
0
.0
126.5
0
0
0
0
641.5
0
0
0
0
359.0
951.0
489.5
0
138.0
0
1282.0
359.0
242.0
0
524.5
0
788.5
958.0
344.0
542.5
0
0
0
0
839.0
1004.0
478.0
138.0
126.5
315.5
138.0
0
126.5
1036.5
717.0
526.5
0
359.0
370.5
0
138.0
0
0
0
126.5
0
424.0
873.0
126.5
467.0
126.5
593.5
0
0
0
0
0
710.5
0
0
0
0
.5
771.5
186.5
478.0
126.5
0
0
0
0
794.5
359.0
0
0
1153.5
115.5
126.5
0
126.5
0
0
0
138.0
0
0
0
0
0
126.5
0
300.5
607.5
497.0
0
.0
0
0
370.5
0
0
126.5
0
0
.5
288.0
0
424.0
68.0
598.0
0
0
0
894.5
435.5
0
0
231.5
0
0
1059.0
126.5
530.5
497.0
126.5
359.0
0
0
126.5
0
651.5
797.0
126.5
1071.5
0
0
0
359.0
418.5
1612.5
0
0
534.5
0
0
126.5
0
126.5
0
126.5
0
0
0
359.0
0
0
640.5
126.5
0
1216.5
0
0
0
534.0
365.5
365.5
0
0
242.0
0
138.0
0
126.5
126.5
604.0
0
0
0
0
0
0
0
459.5
0
138.0
726.0
0
0
138.0
1121.0
1302.5
0
1145.5
138.0
0
0
1156.0
183.5
0
183.5
770.0
829.5
829.5
0
68.0
938.0
0
0
0
0
0
1192.0
253.5
242.0
1277.0
841.0
0
582.5
0
2613.0
542.0
0
68.0
0
0
313.5
68.0
126.5
0
0
126.5
0
68.0
0
365.5
418.5
0
138.0
0
441.5
0
0
126.5
497.0
1014.0
418.5
1156.0
0
0
68.0
138.0
612.5
128.0
1218.0
0
0
0
0
302.0
115.5
0
0
138.0
0
0
640.5
424.0
0
0
0
0
848.5
359.0
895.0
0
0
68.0
0
0
126.5
0
126.5
803.0
0
.5
752.5
0
0
0
0
0
945.0
0
1414.0
0
183.5
0
0
68.0
0
126.5
0
354.5
0
68.0
0
0
0
0
0
359.0
0
126.5
1968.5
0
0
0
0
0
126.5
0
126.5
0
138.0
138.0
0
0
0
1477.5
0
0
813.0
0
194.5
0
126.5
1097.0
0
138.0
0
0
0
0
1078.0
0
126.5
138.0
991.0
1547.5
289.0
0
418.5
459.5
0
0
0
489.5
0
0
0
138.0
0
0
459.5
548.0
1086.0
539.5
0
179.0
633.5
424.0
0
0
.5
0
190.5
126.5
0
0
359.0
0
138.0
68.0

126.5
435.5
0
1109.5
68.0
550.5
424.0
231.5
126.5
68.0
0
231.5
0
126.5
0
1648.5
0
138.0
0
138.0
0
787.0
138.0
0
0
0
0
467.0
126.5
0
0
0
0
.0
0
0
0
1123.0
126.5
126.5
0
0
0
126.5
0
0
179.0
1144.5
316.0
68.0
126.5
374.5
1261.5
0
478.0
0
115.5
489.5
640.5
344.0
673.0
704.5
0
0
523.5
126.5
253.0
0
0
302.0
359.0
0
231.5
0
533.0
0
478.0
0
459.5
758.5
0
0
489.5
478.0
138.0
115.5
0
126.5
0
604.5
419.5
194.5
0
0
547.5
0
0
0
0
860.0
0
828.5
478.0
0
1072.0
478.0
0
126.5
0
0
0
0
1144.5
115.5
448.5
289.0
0
0
0
0
.0
1043.5
0
0
253.0
0
1319.0
1317.5
1422.0
0
126.5
749.0
430.5
0
126.5
0
0
.0
0
0
511.0
1421.5
138.0
172.0
68.0
0
0
0
0
0
1394.5
1357.0
811.0
0
478.0
242.0
458.0
0
126.5
0
126.5
126.5
478.0
68.0
1423.0
0
6.5
138.0
288.0
0
0
288.0
186.5
0
0
0
0
0
344.0
1048.0
0
0
126.5
0
848.5
0
0
933.5
370.5
752.5
126.5
138.0
361.0
0
1224.0
772.0
0
138.0
138.0
1552.5
126.5
0
0
531.0
424.0
0
849.5
0
1014.5
126.5
183.5
659.5
0
419.5
0
0
438.5
0
781.5
126.5
0
965.5
424.0
0
0
489.5
0
0
777.5
302.0
0
0
441.5
0
0
0
0
0
383.0
0
0
508.5
313.5
980.0
628.0
0
253.0
0
0
539.5
128.0
126.5
138.0
0
0
0
710.5
0
0
0
126.5
0
0
0
.0
0
0
126.5
424.0
0
138.0
253.0
1912.5
424.0
0
0
126.5
359.0
68.0
243.5
0
0
484.0
848.5
0
172.0
439.0
424.0
899.5
0
0
401.0
126.5
0
1327.5
0
0
115.5
0
0
68.0

168.0
760.0
0
0
126.5
126.5
0
693.0
126.5
476.5
508.5
564.5
68.0
497.0
126.5
0
0
497.0
0
0
126.5
302.0
438.5
0
183.5
126.5
0
0
0
1874.0
138.0
0
0
0
0
138.0
0
478.0
599.5
0
0
722.0
0
0
344.0
302.0
441.5
126.5
128.0
1577.5
809.0
564.5
0
126.5
0
288.0
0
0
0
126.5
138.0
478.0
408.5
0
1515.5
115.5
253.5
0
0
0
0
0
370.5
636.0
1007.5
0
0
126.5
1083.5
126.5
665.0
0
0
0
138.0
0
0
0
917.0
179.0
0
1458.5
138.0
0
126.5
0
0
0
0
771.0
0
0
126.5
0
0
478.0
0
0
424.0
0
0
635.0
315.5
0
0
407.0
1775.0
489.5
0
1211.5
374.5
0
.5
0
0
126.5
0
0
0
0
0
0
0
0
0
0
68.0
138.0
289.0
0
0
0
68.0

407.0
0
0
0
0
68.0
0
0
0
0
0
546.5
0
0
459.5
138.0
830.0
0
635.0
0
945.0
0
852.0
1025.5
186.5
313.5
0
313.5
0
558.5
0
0
136.0
126.5
0
602.0
533.0
1179.0
68.0
0
0
0
68.0
1109.5
1014.0
653.5
126.5
0
0
538.0
0
0
1165.0
667.0
138.0
1548.5
0
0
0
0
0
0
0
.5
0
0
126.5
943.0
0
284.0
0
3.5
0
0
0
126.5
126.5
534.5
0
418.5
0
0
497.0
0
0
288.0
0
0
0
0
894.0
0
0
0
1331.5
0
435.5
0
438.5
138.0
0
591.0
549.5
0
242.0
0
0
648.5
0
0
.5
126.5
126.5
478.0
0
0
68.0
0
0
776.0
0
771.5
383.0
0
126.5
418.5
0
1146.0
264.5
138.0
126.5
1096.5
0
0
733.5
0
0
.0
0
138.0
126.5
288.0
126.5
811.0
126.5
126.5
126.5
0
0
794.0
0
0
0
0
0
1139.0
0
.0
0
0
0
804.5
413.0
0
0
965.5
68.0
138.0
0
0
1866.0
68.0
0
0
0
0
231.5
0
6.0
0
0
424.0
126.5
0
231.5
0
.5
0
0
138.0
478.0
0
126.5
126.5
1395.5
0
300.5
459.5
1022.0
0
.5
0
0
419.5
0
0
424.0
0
559.5
1427.0
0
1069.0
138.0
126.5
0
126.5
329.5
1188.0
530.5
0
.0
0
0
0
726.0
0
0
0
126.5
126.5
1520.0
1392.0
68.0
0
2275.0
0
0
407.0
0
0
0
0
1203.5
1415.5
706.0
138.0
126.5
1135.0
0
0
68.0
0
1043.0
0
0
0
126.5
0
0
0
489.5
478.0
0
0
0
0
1019.5
179.0
0
0
0
126.5
575.0
0
614.5
126.5
0
0
370.5
650.0
698.5
467.0
1529.5
0
138.0
68.0
0
0
755.5
0
0
126.5
0
0
1081.0
797.5
0
138.0
0
0
0
0
0
0
435.5
0
138.0
0
0
1443.5
126.5
0
0
2094.0
0
0
0
374.5
126.5
0
0
0
0
0
126.5
0
0
138.0
934.0
0
1683.5
430.5
374.5
0
231.5
0
478.0
0
0
0
126.5
0
.5
0
1000.0
0
126.5
126.5
424.0
602.0
0
516.5
0
0
0
0
576.5
355.5
243.0
370.5
0
306.0
302.0
497.0
656.5
0
0
0
0
0
355.5
528.0
811.0
138.0
0
0
0
68.0
0
424.0
0
179.0
438.5
0
68.0
0
.0
1457.0
0
194.5
0
419.5
0
0
0
0
68.0
435.5
0
0
0
1439.0
0
291.0
0
0
390.5
0
0
0
300.5
523.5
138.0
0
0
419.5
546.0
126.5
0
0
516.5
489.5
253.5
138.0
465.5
1409.0
0
0
0
0
0
407.0
0
0
0
1112.5
1127.5
243.0
739.0
945.0
359.0
0
0
0
0
0
484.0
0
639.5
424.0
497.0
0
0
741.0
0
186.5
653.5
1365.0
424.0
0
0
0
0
0
0
0
968.5
471.0
0
126.5
0
0
0
0
138.0
0
0
138.0
1236.5
0
374.5
0
0
0
0
300.5
0
0
1320.0
0
126.5
126.5
0
0
0
793.0
0
0
0
0
0
0
0
.0
370.5
0
438.5
0
748.0
0
0
0
0
648.5
592.0
0
0
0
68.0
0
0
721.5
363.5
0
138.0
471.0
0
775.0
0
126.5
242.0
0
138.0
300.5
0
1269.5
183.5
0
0
0
0
0
126.5
68.0
453.0
0
1422.0
138.0
0
0
0
892.5
1032.5
138.0
138.0
569.0
126.5
126.5
1316.5
289.0
405.5
0
1769.5
934.0
138.0
126.5
300.5
0
0
0
0
0
126.5
0
0
0
138.0
126.5
0
0
0
313.5
0
365.5
0
709.0
489.5
0
0
126.5
394.0
126.5
1746.0
0
0
126.5
126.5
138.0
478.0
126.5
0
0
1796.5
0
0
764.5
138.0
0
0
.5
126.5
138.0
0
0
0
401.0
0
186.5
68.0
0
138.0
0
.5
0
0
0
0
471.0
0
126.5
0
0
1609.5
0
0
0
126.5
126.5
0
497.0
183.5
0
0
68.0
548.0
0
407.0
0
0
0
0
0
0
497.0
0
677.0
186.5
0
126.5
0
528.0
2060.5
120.5
478.0
596.0
138.0
365.5
126.5
1223.5
0
.0
0
.0
0
0
656.5
0
0
418.5
138.0
0
.5
0
1928.0
0
0
0
126.5
126.5
1192.5
478.0
523.5
302.0
775.5
0
257.0
126.5
194.5
0
126.5
126.5
138.0
1639.0
0
0
289.0
0
126.5
68.0
0
0
764.0
822.5
138.0
302.0
0
0
516.5
0
0
0
0
126.5
0
0
0
138.0
302.0
829.5
0
300.5
598.0
370.5
746.0
126.5
0
0
0
1011.0
1032.5
0
0
0
68.0
1439.5
126.5
0
710.5
0
0
974.5
126.5
302.0
0
138.0
0
126.5
539.5
549.5
0
0
419.5
0
138.0
0
0
183.5
0
126.5
666.0
667.5
0
0
0
138.0
566.0
126.5
0
0
0
0
190.5
68.0
138.0
242.0
0
357.5
0
0
712.5
0
138.0
115.5
126.5
0
0
0
1100.5
1548.0
0
770.0
0
418.5
424.0
516.5
138.0
893.0
1017.5
713.5
0
0
1525.5
344.0
0
516.5
374.5
0
242.0
0
126.5
138.0
0
179.0
441.5
0
0
0
996.5
478.0
913.0
1563.5
126.5
530.5
0
0
459.5
478.0
0
699.5
126.5
0
126.5
0
126.5
1381.0
0
0
0
1120.5
0
0
0
126.5
126.5
521.5
0
1247.0
289.0
289.0
138.0
0
0
138.0
0
0
115.5
138.0
0
0
0
0
0
0
0
989.5
0
0
687.5
837.5
68.0
68.0
989.0
0
313.5
126.5
424.0
946.5
841.0
0
0
.5
68.0
0
0
0
0
138.0
964.0
0
0
0
126.5
0
0
231.5
0
0
418.5
253.5
126.5
0
617.0
0
407.0
879.5
0
0
231.5
639.5
0
138.0
0
841.5
0
0
459.5
0
289.0
724.0
243.5
0
0
126.5
138.0
0
0
932.5
0
348.5
0
604.0
186.5
0
302.0
0
0
0
720.5
302.0
1228.5
0
1482.0
0
1460.5
441.5
957.5
242.0
0
0
0
0
0
0
0
435.5
0
0
0
138.0
667.0
800.0
68.0
126.5
478.0
0
68.0
0
0
0
0
464.0
0
0
530.5
530.5
126.5
716.0
516.5
0
0
0
964.5
550.0
0
0
508.5
0
1395.0
0
752.5
1340.5
438.5
0
0
993.5
0
0
242.0
424.0
0
757.0
374.5
401.0
1561.5
940.0
0
402.0
1854.0
0
0
68.0
0
605.0
0
582.5
0
659.5
126.5
0
425.5
1073.0
0
253.5
581.0
497.0
0
2.5
0
418.5
126.5
0
486.0
655.0
497.0
0
126.5
1210.0
126.5
0
424.0
812.0
183.5
478.0
115.5
0
138.0
0
0
.5
126.5
760.5
359.0
0
186.5
857.5
478.0
0
459.5
0
0
0
665.0
240.0
138.0
126.5
0
289.0
1405.5
0
68.0
0
489.5
68.0
0
0
0
179.0
0
0
.5
542.0
370.5
138.0
126.5
0
0
0
512.0
126.5
656.0
0
0
68.0
365.5
0
1007.0
0
0
0
0
0
115.5
0
0
126.5
1242.5
126.5
546.0
126.5
138.0
126.5
0
0
0
0
0
1030.5
902.0
0
0
0
417.5
447.5
435.5
348.5
138.0
438.5
829.5
0
.5
0
0
0
1672.5
0
0
0
0
0
0
0
0
0
.0
126.5
0
597.0
1224.0
0
0
0
0
0
1373.0
355.5
68.0
0
0
0
0
989.5
0
0
0
.0
1062.0
0
0
1006.5
126.5
126.5
126.5
0
302.0
1654.0
777.5
522.5
424.0
126.5
604.0
0
0
0
0
941.5
761.0
0
0
1290.5
1089.0
0
1179.5
1686.0
424.0
0
0
0
518.0
0
435.5
595.0
0
.5
0
126.5
0
0
0
0
671.0
138.0
0
179.0
0
126.5
670.5
0
68.0
0
0
126.5
0
359.0
0
565.5
0
971.5
0
126.5
1732.0
407.0
0
710.5
0
138.0
126.5
288.0
0
2676.0
0
0
138.0
0
0
965.0
653.0
1219.5
68.0
0
138.0
68.0
126.5
0
1882.5
0
138.0
138.0
0
68.0
0
1298.5
0
945.0
0
126.5
0
138.0
126.5
0
0
1073.5
418.5
0
0
704.5
961.5
0
313.5
0
692.0
0
302.0
1130.0
471.0
418.5
126.5
0
0
0
0
478.0
0
733.5
0
667.5
0
0
0
1165.5
650.0
0
0
0
0
126.5
0
0
0
829.0
1496.0
0
126.5
390.5
1035.5
716.0
0
508.5
582.5
68.0
0
645.5
0
0
478.0
524.5
0
68.0
126.5
0
0
471.0
126.5
766.5
0
1024.0
0
721.5
0
243.5
0
583.0
138.0
419.5
0
565.0
68.0
138.0
1385.5
126.5
0
126.5
0
190.5
0
68.0
872.0
126.5
0
0
0
0
138.0
138.0
653.5
2223.0
0
0
0
126.5
0
1021.0
401.0
365.5
300.5
608.5
0
0
0
126.5
68.0
0
0
459.5
1429.0
787.0
541.0
363.5
0
497.0
126.5
1020.5
1311.5
374.5
478.0
0
1261.5
231.5
0
1837.5
278.0
126.5
438.5
0
0
0
374.5
0
179.0
0
777.5
0
0
1109.0
289.0
0
516.5
1447.0
383.0
0
0
1135.0
740.0
0
419.5
0
68.0
0
0
736.0
0
1160.5
126.5
0
0
478.0
0
0
497.0
0
0
1332.5
0
0
0
978.5
0
0
0
355.5
1090.0
0
0
179.0
0
126.5
624.5
0
126.5
0
0
522.5
424.0
0
0
569.5
1717.5
0
497.0
0
0
138.0
0
889.5
126.5
126.5
717.0
68.0
0
0
0
0
0
1382.5
365.5
407.0
0
497.0
68.0
126.5
848.0
418.5
435.5
758.5
0
0
68.0
313.5
659.5
599.5
126.5
0
312.5
0
0
1148.0
126.5
740.0
0
344.0
2032.0
0
0
435.5
0
190.5
0
126.5
253.0
782.0
126.5
1341.5
1091.0
438.5
138.0
0
0
138.0
471.0
126.5
138.0
0
516.5
0
0
0
1271.0
231.5
950.5
126.5
302.0
0
0
0
0
0
0
1052.5
956.5
327.0
302.0
424.0
0
0
591.5
0
0
126.5
407.0
231.5
0
0
8.0
0
.0
0
530.5
633.0
0
302.0
0
489.5
0
0
438.5
0
0
0
0
0
407.0
0
126.5
315.5
0
257.0
1266.0
126.5
0
945.0
138.0
186.5
407.0
1162.5
418.5
0
0
516.5
0
418.5
68.0
0
138.0
1644.0
419.5
359.0
0
126.5
0
0
126.5
0
1156.5
0
291.0
0
0
0
0
796.0
0
497.0
511.0
0
0
126.5
0
534.0
0
126.5
230.5
950.0
0
0
0
126.5
0
0
383.0
486.0
0
0
1547.0
126.5
0
757.0
0
407.0
0
489.5
0
0
0
313.5
629.0
0
0
302.0
138.0
0
790.5
138.0
740.0
758.5
0
986.0
300.5
138.0
126.5
1110.5
1107.0
539.5
0
489.5
418.5
0
1145.0
186.5
126.5
126.5
0
0
523.5
302.0
302.0
0
424.0
1675.5
0
0
419.5
0
0
1200.0
870.5
138.0
0
126.5
0
242.0
0
891.0
126.5
0
.5
0
0
0
0
407.0
0
0
68.0

0
0
1021.5
68.0
0
0
0
0
891.0
438.5
68.0
0
0
0
126.5
359.0
0
126.5
0
0
0
0
138.0
0
365.5
774.5
0
994.0
68.0
0
0
126.5
0
891.5
0
934.0
517.0
0
0
126.5
0
6.0
814.0
550.0
0
790.0
126.5
869.5
0
0
0
120.5
183.5
818.5
2188.5
777.0
0
0
739.0
186.5
948.0
0
0
0
0
128.0
604.5
138.0
0
800.0
231.5
0
0
755.5
126.5
0
0
302.0
332.0
0
264.5
0
359.0
0
401.0
753.5
438.5
598.0
183.5
0
0
0
0
68.0
0
128.0
115.5
1407.0
0
0
0
126.5
68.0
0
989.0
0
824.0
243.0
424.0
995.0
0
396.0
964.0
972.5
0
0
911.0
126.5
429.0
755.5
359.0
710.5
537.5
138.0
1299.0
355.5
1055.0
126.5
126.5
126.5
483.0
594.5
0
471.0
0
126.5
751.0
0
138.0
138.0
639.5
0
0
717.0
0
126.5
0
257.0
845.0
0
0
0
966.5
1909.5
519.5
489.5
365.5
126.5
594.5
1200.0
0
138.0
424.0
0
758.5
0
0
1128.5
0
0
762.0
0
966.0
945.0
68.0
126.5
68.0
806.0
0
243.5
0
790.0
0
0
1302.5
0
138.0
0
0
68.0
0
0
.5
0
0
126.5
1146.0
257.0
0
1541.5
138.0
581.0
0
315.5
1398.0
386.0
419.5
0
327.0
0
0
0.0
459.5
0
756.0
0
898.0
0
126.5
0
358.0
68.0
709.5
0
0
0
68.0
0
0
0
0
1211.5
0
594.0
0
435.5
300.5
530.5
138.0
300.5
0
138.0
767.0
0
1349.5
0
.0
126.5
0
0
741.0
1067.5
0
0
0
459.5
1134.5
138.0
0
0
830.0
1493.5
0
138.0
753.5
126.5
0
0
0
126.5
0
68.0
291.0
68.0
0
478.0
0
138.0
441.5
0
0
0
0
.5
264.5
659.0
126.5
348.5
0
138.0
68.0
656.5
0
0
126.5
687.5
120.5
68.0
0
0
150.0
601.0
707.0
1143.5
289.0
0
194.5
126.5
498.5
519.5
0
489.5
646.5
0
1024.0
68.0
0
68.0
0
126.5
1377.0
0
390.5
0
438.5
0
0
0
0
0
0
365.5
126.5
126.5
370.5
542.0
958.5
416.0
138.0
1241.5
790.0
126.5
0
1159.0
707.0
126.5
0
126.5
731.0
553.0
0
0
126.5
424.0
0
453.0
0
1223.5
0
365.5
0
0
0
0
138.0
315.5
678.5
271.0
257.0
0
0
1429.0
593.5
128.0
1037.0
374.5
126.5
1156.0
595.0
359.0
1431.0
0
775.5
0
418.5
0
138.0
1202.5
126.5
0
894.5
787.0
0
126.5
0
476.0
126.5
347.0
0
1165.0
126.5
592.0
1542.0
0
126.5
0
438.5
1104.0
0
0
0
128.0
0
128.0
516.5
2155.0
1013.5
126.5
0
0
0
0
0
435.5
747.5
0
.5
1201.0
671.0
0
186.5
0
126.5
0
68.0
521.5
0
0
0
0
0
533.0
478.0
459.5
68.0
0
826.5
231.5
0
0
579.0
1243.0
0
0
0
243.5
394.0
550.5
138.0
0
126.5
126.5
489.5
313.5
2256.5
1182.5
126.5
413.5
0
695.5
0
126.5
138.0
126.5
0
700.0
0
0
0
0
581.0
126.5
0
908.5
68.0
230.5
126.5
0
126.5
635.0
0
0
1007.0
419.5
0
359.0
0
1249.5
138.0
740.0
126.5
1689.5
0
0
0
771.5
179.0
365.5
68.0
1204.0
0
0
0
477.5
640.5
478.0
1265.0
0
9.5
624.5
128.0
0
120.5
289.0
0
596.0
435.5
0
0
923.0
126.5
126.5
0
0
641.5
0
0
0
718.5
0
1238.0
0
431.5
0
0
1449.5
0
435.5
0
302.0
365.5
126.5
489.0
0
0
1162.5
0
848.5
183.5
359.0
0
126.5
0
419.0
641.5
478.0
0
0
0
710.5
0
0
0
771.0

206.0
0
0
505.5
0
194.5
68.0
0
1175.0
1331.0
739.0
68.0
0
652.0
0
0
359.0
0
424.0
1246.0
126.5
138.0
0
253.5
0
0
0
0
0
126.5
243.5
0
0
438.5
68.0
0
0
365.5
68.0
1381.0
2891.5
402.0
401.0
0
126.5
0
0
138.0
782.0
126.5
994.0
0
1888.5
639.5
0
704.5
348.0
1424.5
0
0
126.5
138.0
68.0
0
911.0
300.5
0
0
126.5
126.5
916.0
983.0
126.5
0
126.5
365.5
0
407.0
0
0
0
1561.0
68.0
1382.5
231.5
150.0
1579.5
0
126.5
0
126.5
418.5
736.0
1261.0
68.0
68.0
68.0
860.0
0
0
300.5
0
1101.0
0
0
0
489.5
0
0
0
68.0
138.0
0
435.5
0
1666.0
68.0
138.0
1272.0
0
126.5
1093.5
0
0
0
936.0
479.5
806.0
0
0
0
0
1381.5
0
138.0
68.0
0
365.5
1328.5
0
138.0
418.5
0
0
1404.0
0
1890.5
0
168.0
783.5
0
557.0
0
0
0
68.0
0
138.0
138.0
435.5
0
419.5
0
659.5
841.0
374.5
0
478.0
0
126.5
120.5
120.5
770.0
126.5
0
489.5
0
0
2106.5
407.0
0
0
0
0
0
1390.0
471.0
0
0
0
0
593.0
0
0
0
0
138.0
478.0
0
0
1136.0
478.0
634.0
1437.0
0
344.0
1190.0
0
0
605.0
0
68.0
489.5
848.5
0
302.0
1147.0
126.5
120.5
690.0
231.5
390.5
584.5
0
0
1166.5
68.0
138.0
1043.0
0
0
2072.5
1782.5
0
126.5
126.5
1323.0
0
0
0
0
0
2134.5
0
126.5
478.0
0
68.0
0
0
478.0
0
424.0
639.5
126.5
0
729.5
0
641.5
435.5
68.0
594.5
0
0
758.5
0
198.0
626.5
0
668.0
1033.5
497.0
0
967.5
0
0
930.0
438.5
138.0
179.0
584.5
0
0
.5
68.0
231.0
818.5
0
850.0
0
0.0
179.0
418.0
126.5
424.0
0
1758.5
359.0
1214.5
302.0
671.0
1925.0
694.0
300.5
0
0
0
68.0
704.5
138.0
0
1144.5
0
1426.0
138.0
68.0
0
0
1302.5
113.5
126.5
528.0
886.0
0
0
3.0
126.5
233.0
68.0
348.5
0
0
916.0
0
0
0
126.5
0
0
0
0
1724.5
0
0
497.0
0
745.0
231.5
646.0
0
128.0
0
4.5
0
639.5
0
0
0
0
126.5
1110.0
1212.5
0
386.0
656.5
0
253.0
508.5
908.5
659.5
386.0
806.0
1563.0
0
0
0
0
126.5
0
0
0
0
583.0
1034.0
138.0
0
126.5
138.0
0
407.0
0
0
920.5
508.5
0
402.0
243.5
0
557.0
0
1247.5
68.0
0
0
478.0
471.0
138.0
784.0
370.5
497.0
841.0
1062.5
126.5
0
0
609.5
68.0
0
478.0
957.0
0
0
126.5
621.5
0
448.5
1005.0
0
0
126.5
0
138.0

774.5
419.5
0
0
407.0
68.0
523.5
138.0
0
0
0
0
478.0
0
0
0
302.0
0
126.5
0
243.5
0
0
0
0
374.5
0
1092.5
1600.0
1127.0
1642.0
0
0
1087.0
1595.0
0
0
.5
68.0
787.0
1097.5
0
757.0
0
138.0
0
0
0
68.0
126.5
684.0
0
1530.5
771.0
1094.0
459.5
0
794.5
0
663.5
0
0
771.0
0
0
0
0
1337.5
0
1.0
115.5
0
467.0
943.0
0
0
467.0
640.5
952.5
1249.0
564.5
700.0
0
233.0
478.0
0
653.0
126.5
0
767.0
517.0
0
0
401.0
937.0
0
0
639.5
186.5
126.5
0
0
344.0
419.5
0
0
636.0
508.5
1121.0
1356.5
0
438.5
0
0
175.5
365.5
1373.5
68.0
1296.5
646.0
359.0
767.0
0
1089.5
595.0
0
0
126.5
0
0
508.5
529.0
0
289.0
471.0
0
253.0
0
0
0
0
1011.0
0
138.0
489.5
0
407.0
126.5
965.5
0
970.0
471.0
0
633.5
768.5
1205.0
126.5
0
0
522.5
126.5
0
419.5
126.5
0
1863.5
1706.5
583.0
126.5
850.0
138.0
0
0
419.5
0
0
534.5
348.5
0
899.5
975.5
1008.0
138.0
1761.0
0
0
478.0
0
138.0
418.5
0
516.5
0
0
533.0
0
126.5
0
257.0
0
659.0
0
0
253.5
435.5
1182.0
68.0
0
0
359.0
1155.0
0
0
736.0
0
0
0
508.5
138.0
478.0
126.5
639.0
253.0
0
0
126.5
0
374.5
542.5
537.5
0
126.5
790.0
0
849.5
0
0
0
383.0
656.5
68.0
302.0
359.0
0
1152.0
0
126.5
0
.0
753.5
0
0
0
0
1290.5
126.5
1006.0
547.5
591.5
809.0
0
1613.0
0
1242.5
126.5
0
845.0
68.0
0
589.0
0
1616.5
0
179.0
0
1471.5
126.5
0
1002.5
946.0
363.5
470.5
1270.5
0
126.5
0
0
0
126.5
976.5
419.5
489.5
424.0
0
1309.5
0
1409.0
126.5
0
9.0
653.5
0
629.5
186.5
0
1552.5
435.5
0
635.0
68.0
1145.0
0
126.5
0
407.0
636.0
138.0
1041.0
0
396.0
0
0
639.5
0
126.5
138.0
790.0
126.5
1103.5
1781.0
126.5
0
986.0
0
689.5
402.0
0
0
68.0
0
1.0
1955.0
0
0
242.0
1357.0
0
0
0
489.5
772.5
0
1.0
0
68.0
0
126.5
0
0
0
0
138.0
0
.0
0
478.0
0
413.0
126.5
344.0
0
0
0
.5
478.0
710.5
231.5
0
542.5
1901.5
0
126.5
1241.0
0
355.5
68.0
0
0
897.0
0
0
0
.0
0
0
126.5
0
834.5
424.0
128.0
639.5
478.0
1105.0
138.0
126.5
126.5
0
0
0
0
0
0
0
.0
812.0
790.0
0
0
126.5
550.5
0
0
0
0
0
0
0
1389.0
0
700.0
0
0
0
0
186.5
1056.0
0
0
871.5
0
0
0
0
243.0
653.0
0
2224.0
300.5
0
1165.0
0
874.0
138.0
0
0
138.0

536.5
651.0
291.5
1050.5
0
593.5
0
183.5
0
1017.5
0
0
0
419.5
0
0
0
0
1300.0
1490.5
424.0
126.5
128.0
653.5
848.5
0
0
0
0
0
126.5
418.5
0
823.0
758.5
1226.5
832.0
0
528.0
304.5
0
138.0
534.5
0
0
401.0
0
429.0
471.0
0
407.0
68.0
0
68.0
1041.0
344.0
418.5
68.0
512.0
0
355.5
0
0
1005.0
908.5
593.5
126.5
0
1528.5
128.0
459.5
0
2312.0
0
541.0
0
126.5
0
344.0
1149.0
68.0
617.0
0
0
0
316.0
126.5
126.5
198.0
0
128.0
0
830.0
2621.5
954.0
138.0
1688.5
839.5
0
.0
0
753.5
992.0
0
0
881.5
0
5.0
0
0
592.0
524.5
0
1004.0
401.0
602.0
0
1349.5
126.5
0
0
464.0
374.5
419.5
126.5
253.0
186.5
593.5
0
0
68.0
68.0
0
126.5
497.0
1394.0
1056.0
68.0
489.5
489.5
365.5
0
502.5
1136.5
0
0
419.5
0
0
0
68.0
424.0
712.5
0
424.0
765.5
463.5
0
0
126.5
126.5
302.0
0
0
0
.5
1087.5
478.0
848.5
0
1213.0
0
0
0
478.0
0
0
0
538.0
0
594.0
0
1333.0
0
0
383.0
0
289.0
0
0
126.5
489.5
0
138.0
0
829.0
198.0
0
126.5
128.0
665.0
0
0
554.5
777.5
0
1081.0
0
407.0
424.0
383.0
115.5
0
0
0
0
313.5
0
300.5
0
.5
126.5
401.0
516.5
0
0
1218.5
407.0
126.5
478.0
126.5
0
126.5
0
920.0
0
0
0
1004.0
0
546.0
419.5
860.0
0
126.5
516.5
0
0
753.5
0
0
68.0
0
138.0

461.0
898.5
0
1190.5
0
0.0
358.5
0
920.0
522.5
419.5
0
418.5
0
0
68.0

0
138.0
0
.0
0
126.5
591.5
0
0
0
844.0
686.5
628.0
668.0
0
126.5
401.0
0
0
508.5
823.5
0
419.5
359.0
899.5
0
0
499.0
438.5
348.5
138.0
1559.0
1083.5
359.0
0
68.0
997.5
186.5
529.0
593.5
773.5
497.0
68.0
0
243.0
1219.0
126.5
0
0
0
.0
302.0
0
0
0
0
126.5
0
138.0
0
0
528.0
0
68.0
126.5
891.0
126.5
0
0
0
190.5
463.5
1012.0
0
0
0
951.0
0
592.0
438.5
0
0
300.5
138.0
965.0
516.5
1091.0
138.0
438.5
0
289.0
478.0
497.0
408.0
138.0
441.5
126.5
0
0
0
0
0
0
0
0
823.5
0
68.0
530.5
0
0
0
0
68.0
289.0
1357.0
0
763.0
0
0
1454.0
1530.0
0
407.0
0
424.0
126.5
1682.0
0
1028.0
0
68.0
458.0
648.5
542.0
0
1330.0
0
1642.0
478.0
138.0
0
186.5
0
126.5
0
1262.5
68.0
0
68.0
0
0
478.0
0
.5
126.5
0
186.5
0
120.5
0
435.5
516.5
0
126.5
138.0
818.5
0
138.0
990.0
128.0
0
1104.0
401.0
453.0
68.0
0
557.0
0
1068.5
0
1532.5
374.5
126.5
0
956.5
478.0
0
0
0
652.0
0
575.0
497.0
126.5
0
68.0
138.0
0
0
418.5
0
126.5
126.5
0
831.5
921.0
0
183.5
1214.5
528.0
0
428.5
68.0
0
300.5
0
0
401.0
374.5
0
810.5
424.0
419.5
986.5
1652.0
0
862.0
126.5
939.0
0
126.5
126.5
374.5
0
901.5
0
0
478.0
0
1019.0
0
0
0
0
607.0
1444.0
0
0
761.5
0
138.0
0
68.0
745.0
0
1038.0
890.0
0
0
126.5
315.5
0
0
0
777.5
0
554.5
126.5
172.0
302.0
1115.5
359.0
952.5
138.0
549.5
0
943.0
921.5
1073.5
126.5
0
0
0
646.0
0
0
467.0
0
0
893.5
497.0
126.5
126.5
830.0
848.5
0
497.0
0
126.5
0
0
0
0
138.0
535.0
0
605.0
939.0
435.5
0
1049.0
370.5
647.0
0
313.5
0
0
540.5
0
126.5
315.5
138.0
0
0
253.0
0
302.0
68.0
0
1515.0
515.5
0
0
1163.5
0
497.0
418.5
0
0
126.5
0
1159.5
231.5
508.5
0
0
0
126.5
138.0
126.5
289.0
0
0
1035.5
975.0
928.0
459.5
1904.5
0
478.0
313.5
424.0

976.0
1660.5
0
126.5
424.0
0
0
138.0
0
126.5
835.5
0
863.5
771.0
68.0
0
126.5
0
489.5
522.5
935.0
138.0
0
.0
0
0
355.5
126.5
770.0
0
530.5
1336.5
0
0
0
489.5
633.5
1229.5
179.0
257.0
1812.5
0
0
68.0
0
138.0
68.0
0
0
0
105.0
0
0
4.5
0
471.0
0
0
1051.0
894.0
0
1704.0
851.5
1067.5
0
921.0
0
68.0

0
0
1491.5
126.5
559.5
1109.5
126.5
497.0
419.5
243.0
126.5
1783.0
0
0
1062.5
0
845.0
721.5
794.5
0
126.5
0
242.0
383.0
406.0
0
0
0
1021.5
183.5
0
581.0
126.5
611.0
756.0
497.0
0
1024.0
0
359.0
0
0
0
0
68.0
365.5
745.0
0
0
0
300.5
0
576.5
300.5
0
0
126.5
0
459.5
0
0
126.5
0
0
359.0
0
313.5
285.5
0
0
300.5
845.0
1192.5
459.5
1406.0
0
416.0
374.5
1127.0
0
126.5
138.0
0
0
126.5
489.5
441.5
749.0
128.0
0
595.0
126.5
478.0
0
194.5
0
459.5
0
0
0
889.0
0
68.0
0
0
230.5
529.0
1636.0
0
0
0
1751.5
404.5
0
126.5
231.5
0
253.5
0
523.5
1278.5
0
668.0
0
1155.5
253.5
400.0
348.5
1641.0
0
126.5
0
302.0
0
895.0
68.0
852.0
1023.5
0
1586.5
1078.0
313.5
0
0
0
126.5
313.5
847.0
0
126.5
126.5
1620.5
860.0
365.5
0
389.5
0
418.5
0
980.0
0
126.5
179.0
471.0
583.0
771.0
68.0
233.0
359.0
0
0.0
0
0
2102.5
144.5
0
775.5
126.5
0
0
530.5
138.0
370.5
0
0
0
0
1038.5
0
128.0
126.5
1277.5
0
.0
0
489.5
0
68.0
1317.0
1384.5
126.5
435.5
126.5
126.5
0
0
0
0
0
0
0
0
0
0
1053.5
0
551.0
843.5
779.0
359.0
138.0
478.0
0
126.5
138.0
0
0
126.5

1561.5
814.0
365.5
651.0
0
68.0
1465.5
0
302.0
1231.0
0
68.0
848.5
0
0
0
0
0
0
0
128.0
0
0
586.5
0
0
508.5
459.5
0
0
0
790.0
0
0
1504.0
0
138.0
0
374.5
138.0
497.0
0
0
115.5
1916.0
492.0
775.5
316.0
0
0
0
.5
424.0
316.0
0
424.0
0
0
0
478.0
0
512.0
0
418.5
2046.5
0
302.0
0
1888.5
0
442.0
0
126.5
818.5
0
0
138.0
794.5
0
253.0
0
0
138.0
0
811.0
1066.0
1127.5
0
126.5
897.0
0
68.0
489.5
1291.5
0
941.5
508.5
365.5
0
0
0
0
408.5
848.5
68.0
0
848.5
1193.0
875.0
0
.0
0
563.5
0
0
0
0
126.5
0
839.5
704.5
68.0
0
0
0
988.0
0
0
0
764.5
0
1504.5
522.5
126.5
0
68.0
0
0
0
0
1727.5
0
0
0
1138.5
0
0
524.5
0
757.0
0
0
1282.0
1230.0
68.0
768.5
497.0
0
0
194.5
1032.0
242.0
1186.0
0
998.5
0
0
716.0
0
126.5
126.5
0
126.5
0
0
489.5
646.0
0
0
0
0
700.0
253.0
0
453.0
313.5
435.5
126.5
0
435.5
0
603.5
1385.5
0
0
1196.5
0
0
812.0
243.0
68.0
0
489.5
970.0
0
0
.5
0
243.0
1328.0
435.5
0
0
0
0
707.5
611.0
243.0
0
126.5
79068.0
575.0
639.5
1449.5
126.5
0
0
0
0
0
2110.0
0
0
0
1455.5
0
0
0
0
0
0
0
0
138.0
0
126.5
0
138.0
1073.0
0
0
183.5
358.0
138.0
0
0
0
126.5
887.5
0
0
302.0
0
0
430.5
822.5
407.0
0
0
0
126.5
1345.5
0
748.0
1789.5
126.5
0
0
0
1646.5
0
0
0
848.5
0
586.5
1938.5
0
829.5
407.0
138.0
0
0
138.0
0
0
365.5
0
126.5
0
0
0
0
0
0
0
198.0
505.5
0
0
138.0
530.5
0
921.0
359.0
478.0
0
126.5
425.5
126.5
745.0
0
508.5
126.5
0
0
1129.0
126.5
0
0
4.0
1354.0
138.0
0
0
68.0

0
1272.5
0
242.0
0
0
242.0
1078.0
0
1090.0
0
68.0
1463.0
489.5
418.5
0
419.5
0
0
838.5
0
0
1097.5
0
0
0
138.0
0
0
497.0
2213.0
0
0
0
465.5
138.0
0
242.0
1022.5
533.5
419.5
0
359.0
1039.5
126.5
0
1843.5
901.5
0
126.5
739.0
1019.0
1295.5
0
370.5
370.5
0
0
0
344.0
588.0
1092.5
1089.5
0
0
126.5
0
967.0
0
478.0
0
0
424.0
1077.5
775.5
424.0
595.0
1461.0
0
0
889.5
253.0
0
0
899.5
594.0
0
359.0
138.0
1809.5
126.5
0
0
0
0
0
0
834.5
418.5
243.0
0
0
0
663.0
138.0
1189.0
787.5
607.0
138.0
1743.0
68.0
0
126.5
478.0
0
478.0
126.5
126.5
0
0
0
68.0
623.5
120.5
542.0
0
0
1833.5
749.0
546.0
616.0
508.5
126.5
1027.0
0
568.5
0
0
435.5
561.5
68.0
516.5
0
253.5
602.0
407.0
838.5
0
126.5
0
355.5
344.0
1063.0
0
1256.0
68.0
0
1090.5
783.5
138.0
183.5
0
68.0
1177.0
0
787.0
809.5
758.5
770.0
0
0
0
0
0
68.0
138.0
0
438.5
0
0
663.0
0
0
0
0
424.0
0
242.0
0
0
0
877.0
875.5
0
0
0
750.5
1735.5
190.5
0
1442.0
1002.5
920.0
138.0
0
188.0
407.0
758.5
0
852.0
531.0
0
0
790.0
592.0
0
138.0
0
557.0
315.5
0
733.5
126.5
0
68.0
384.0
770.0
302.0
0
0
734.5
68.0
0
775.0
1467.5
782.5
0
757.0
980.0
904.5
126.5
126.5
0
0
407.0
126.5
126.5
0
0
312.5
0
6.5
0
0
1331.0
0
758.5
68.0
300.5
478.0
0
0
751.5
0
186.5
126.5
0
9.5
1193.0
126.5
953.5
0
0
0
0
0
468.5
1005.0
0
126.5
355.5
635.0
0
0
138.0
729.5
537.0
0
0
0
968.0
478.0
0
0
0
126.5
138.0
0
0
0
126.5
126.5
0
419.5
253.0
0
183.5
0
1328.0
0
0
1024.0
0
640.5

489.5
0
68.0
0
0
2276.5
1304.5
0
295.5
653.5
0
126.5
595.0
0
478.0
908.5
0
0
68.0
0
0
0
0
1374.5
0
830.0
0
68.0
0
0
698.5
126.5
313.5
183.5
0
848.5
0
1436.5
722.0
0
1487.5
138.0
0
0
0
0
126.5
0
0
68.0
968.0
0
435.5
0
126.5
68.0
0
126.5
0
0
126.5
695.5
138.0
0
165.5
0
0
478.0
0
478.0
0
0
0
0
726.0
958.5
427.0
888.5
0
327.0
0
0
359.0
359.0
0
68.0
138.0
120.5
0
1071.5
370.5
138.0
0
0
905.5
126.5
419.5
0
0
0
68.0
126.5
0
0
1994.0
595.0
138.0
734.5
0
479.5
648.5
0
253.5
424.0
586.5
0
681.0
0
775.0
0
302.0
0
0
126.5
830.0
1070.5
300.5
435.5
0
1339.0
438.5
965.5
489.5
0
68.0
313.5
242.0
424.0
478.0
1760.0
0
0
0
1343.0
0
898.5
424.0
0
0
179.0
484.0
1853.5
126.5
665.0
359.0
418.5
0
.0
0
1515.0
0
68.0
68.0
535.0
68.0
0
995.0
126.5
813.5
138.0
126.5
866.5
775.5
1286.5
1281.0
359.0
1199.0
1062.5
126.5
905.5
1712.5
0
575.0
614.0
1329.5
0
0
668.0
1054.0
0
0
120.5
1372.0
0
0
0
68.0
686.0
0
775.0
243.5
419.5
672.5
653.0
829.5
0
667.5
0
478.0
68.0
772.5
0
0
0
68.0
253.5
471.0
0
231.5
0
68.0
459.5
1394.0
0
501.5
0
179.0
0
2143.5
0
512.0
0
0
1267.5
138.0
1247.0
0
402.0
0
1267.0
0
8.0
0
0
0
138.0
841.0
2200.0
126.5
0
0
800.0
0
489.5
656.0
617.0
68.0
126.5
886.0
787.0
0
828.5
0
0
0
968.5
0
0
741.0
1177.5
1261.5
0
407.0
0
793.0
0
138.0
190.5
0
0
0
799.0
0
230.5
471.0
0
1144.5
0
489.5
554.0
0
1385.5
365.5
126.5
172.0
138.0
842.5
1037.0
563.5
0
0
194.5
661.0
1440.5
593.5
0
0
0
126.5
126.5
242.0
126.5
0
497.0
0
872.5
190.5
0
1157.5
0
1872.0
523.5
0
126.5
478.0
402.0
905.0
740.5
424.0
383.0
126.5
0
875.0
1165.0
0
0
0
992.0
719.0
300.5
771.0
126.5
0
0
0
528.0
1016.5
0
300.5
453.0
721.5
653.5
0
551.0
138.0
1696.5
1494.5
68.0
635.0
0
1387.0
898.0
907.5
126.5
0
0
0
68.0
0
438.5
138.0
0
0
0
1286.5
1129.0
0
1019.5
0
126.5
0
359.0
890.0
0
793.0
2599.0
435.5
719.0
0
138.0
1389.5
126.5
242.0
0
0
126.5
1615.0
0
478.0
0
0
479.5
0
543.5
882.0
794.5
126.5
383.0
242.0
1261.5
0
0
0
603.5
0
467.0
835.5
829.5
969.5
136.0
300.5
0
.0
775.5
0
0
0
0
831.5
667.0
633.5
138.0
497.0
0
0
126.5
0
0
0
1189.5
471.0
0
0
1691.5
0
1000.5
168.0
2087.5
951.0
438.5
0
418.5
0
497.0
533.0
68.0
0
0
115.5
0
0
933.5
0
231.5
0
917.5
0
0
1499.0
0
679.0
126.5
0
478.0
1032.5
0
0
0
790.0
230.5
1677.5
804.0
0
793.0
0
652.0
173.0
0
0
0
594.0
401.0
0
0
1443.0
0
1062.0
0
419.5

0
0
419.0
665.0
348.5
0
0
0
300.5
0
0
424.0
126.5
0
841.0
285.5
0
478.0
126.5
0
0
0
529.0
0
68.0
0
478.0
0
126.5
605.0
0
1160.5
1306.0
126.5
441.5
0
68.0
478.0
0
597.5
68.0
1016.5
1033.0
1411.0
126.5
0
1373.0
0
0
0
1049.0
68.0
424.0
115.5
0
365.5
860.0
359.0
714.5
138.0
0
841.5
1790.5
0
0
1486.5
916.0
1848.0
0
0
1265.5
0
0
1069.0
0
1769.0
573.0
126.5
0
775.5
704.5
0
734.0
0
0
941.5
0
0
516.5
822.5

370.5
1776.5
0
0
126.5
589.5
0
775.5
655.0
1322.0
0
860.0
138.0
407.0
0
1367.0
68.0
0
242.0
0
0
0
138.0
0
0
771.0
968.5
0
598.0
1442.5
68.0
894.5
0
0
848.5
68.0
138.0
0
0
390.5
997.5
0
126.5
771.5
370.5
359.0
1422.5
0
0
383.0
1439.5
1593.0
0
0
1127.0
0
120.5
0
0
138.0
0
126.5
0
739.0
0
916.0
749.5
924.5
126.5
0
957.0
419.5
594.0
1495.0
1122.0
68.0
0
0
601.0
852.5
530.5

68.0
438.5
1575.0
1284.0
138.0
700.0
1543.5
1638.0
1157.5
126.5
0
68.0
0
736.0
0
370.5
0
829.5
0
0
2419.0
1836.5
0
963.5
0
0
313.5
0
0
0
419.5
419.5
359.0
68.0
655.0
0
0
649.0
0
68.0

126.5
498.5
0
1059.0
786.0
829.5
0
0
0
1773.5
424.0
0
0
.5
652.0
713.0
1228.5
0
0
315.5
439.0
0
138.0
186.5
138.0
68.0
302.0
1159.5
692.0
355.5
0
0
355.5
719.0
0
0
636.0
1216.0
1396.0
634.5
126.5
407.0
0
243.0
0
419.5
659.0
1212.5
1107.5
68.0
0
953.5
0
264.5
0
126.5
0
771.0
478.0
628.0
424.0
0
68.0
478.0
848.5
1403.0
1526.5
1193.0
68.0
0
516.5
1389.0
68.0
1202.5
115.5
0
68.0
365.5
0
0
467.0
1081.5
775.5
1038.0
0
717.0
0
183.5
315.5
0
186.5
712.0
720.0
1525.5
138.0
138.0
535.0
656.5
733.0
2334.0
138.0
546.5
763.5
126.5
0
0
198.0
1168.5
770.5
68.0
126.5
0
1275.5
745.0
1796.0
839.5
68.0
686.0
0
1182.0
0
704.5
126.5
0
0
0
68.0
0
138.0

0
0
126.5
0
424.0
933.5
68.0
126.5
0
751.5
1854.0
1411.5
183.5
0
183.5
0
0
931.0
481.0
1051.5
0
0
0
0
811.0
0
0
128.0
68.0
1274.0
126.5
419.5
736.0
438.5
953.5
0
524.0
138.0
1365.5
126.5
505.0
316.0
1049.5
120.5
2681.0
549.5
602.5
0
68.0
1943.5
0
138.0
1795.5
0
365.5
0
1464.0
243.5
0
471.0
186.5
516.5
289.0
925.0
1686.5
419.5
534.0
0
860.0
0
126.5
419.5
2707.5
0
0
0
0
729.0
1106.5
424.0
0
489.5
0
1186.5
751.5
344.0
0
68.0
0
1556.0
1204.5
0
0
1199.0
937.0
0
126.5
0
68.0
1848.0
243.5
0
0
383.0
1245.5
0
841.5
126.5
138.0
979.0
2254.0
0
365.5
126.5
613.0
302.0
0
736.0
0
1194.0
0
138.0
0
0
0
0
407.0
0
583.0
0
474.5
68.0
484.0
0
0
0
996.5

0
179.0
0
0
0
365.5
508.5
424.0
407.0
126.5
0
.0
0
598.0
128.0
716.0
0
359.0
1443.5
0
138.0
601.0
68.0
0
0
804.5
489.5
1242.5
486.0
0
0
68.0
478.0
418.5
0
418.5
0
438.5
68.0
0
68.0
0
511.0
289.0
1467.0
285.5
0
0
0
815.0
841.0
0
0
0
126.5
758.5
0
0
535.0
755.0
640.5
0
126.5
68.0
370.5
190.5
126.5
300.5
0
594.0
401.0
859.0
128.0
1759.0
128.0
126.5
126.5
0
0
0
0
0
425.5
0
0
0
2199.0
720.0
893.0
355.5
68.0
861.5
615.5
651.0
0
464.0
497.0
1846.0
0
534.5
651.0
0
635.5
288.0
656.5
0
0
0
997.5
0
1966.5
0
401.0
516.5
1138.5
758.5
768.5
1952.0
0
0
0
126.5
1260.5
0
0
2139.0
0
851.5
68.0
359.0
1019.0
68.0
0
126.5
0
438.5
983.5
0
770.0
576.0
1781.0
566.0
0
0
68.0
1504.0
0
1497.0
126.5
2025.0
1868.5
365.5
0
138.0
771.0
0
0
497.0
242.0
1516.5
637.0
0
68.0
663.0
1219.0
0
126.5
1168.5
1092.5
831.5
829.5
755.5
534.5
937.5
539.0
719.0
1172.0
362.0
0
359.0
1680.0
0
1143.5
658.5
0
126.5
590.0
0
0
0
6.5
0
0
848.5
0
934.0
1649.5
518.0
1258.0
1305.0
997.5
546.5
418.5
1571.0
138.0
737.5
1200.0
0
1199.5
0
1084.5
545.5
0
943.5
0
316.0

0
0
841.0
68.0
809.5
576.5
1306.0
0
68.0
0
0
68.0
0
661.0
384.0
0
0
138.0
554.0
0
1358.5
1382.5
0
2016.0
194.5
365.5
0
0
430.5
1070.5
0
374.5
126.5
844.0
383.0
1340.5
0
0
68.0
126.5
680.5
2317.0
1686.5
810.0
0
126.5
485.5
1729.0
598.0
1975.0
1494.0
1656.0
1324.5
0
354.5
0
138.0
834.5
1880.5
0
0
401.0
68.0
138.0
194.5
869.0
0
817.0
1215.0
68.0
179.0
0
1996.0
0
0
787.0
1590.0
0
768.5
1142.0
0
985.5
736.0
641.5
264.5
775.5
68.0
0
0
1079.5
0
1304.5
68.0
0
1391.5
1070.5
138.0
0
726.0
0
300.5
126.5
453.5
0
0
0
983.5
126.5
68.0
530.5
0
713.5
2071.5
0
316.0
1124.0
1412.5
0
0
0
0
126.5
0
727.0
750.5
344.0
554.5
68.0
1336.5
242.0
933.5
528.0
985.0
407.0
957.0
1309.5
1073.0
1005.0
1031.5
0
128.0
1062.0
0
1005.0
68.0
407.0
643.5
635.0
543.5
370.5
0
68.0
1234.0
0
128.0
614.0
0
0
0
0
0
438.5
611.0
68.0
302.0
0
964.0
0
829.5
453.5
419.5
674.0
126.5
0
478.0
126.5
0
0
668.0
723.0
1544.5
0
253.0
967.0
0
984.0
1016.5
0
0
0
360.5
1448.0
0
1600.5
0
1463.0
68.0
1623.5
429.0
2833.0
0
598.0
2637.0
889.0
548.5
882.0
0
1028.0
0
128.0
0
0
0
458.0
413.0
291.5
771.0
0
0
1389.5
1085.0
722.0
1715.5
0
1361.5
489.5
0
972.5
126.5
1937.0
126.5
0
138.0
172.0
667.5
0
1415.5
695.5
126.5
815.5
138.0
0
633.5
0
0
0
0
1571.5
1325.5
0
1591.0
0
0
0
497.0
0
1654.5
1300.0
0
568.5
1420.5
1182.5
310.0
1309.0
1001.5
624.5
1335.0
2418.0
739.0
1284.5
1398.5
1066.0
0
243.5
736.0
68.0
0
1425.5
438.5
826.5
68.0
832.5
68.0
968.5
401.0
2573.0
0
2466.5
1599.0
243.0
771.5
497.0
775.5
1822.0
424.0
489.5
1426.5
0
68.0
0
0
257.0
0
419.5
120.5
1107.0
1148.0
128.0
508.5
772.0
886.5
665.0
991.5
194.5
652.0
0
1066.0
0
257.0
419.5
1595.5
1272.0
1280.5
486.0
1239.0
790.0
1251.5
0
0
0
843.0
1401.5
0
0
678.0
521.5
768.5
138.0
0
0
68.0
1757.5
359.0
438.5
1145.5
921.0
1569.5
1088.5
1423.5
68.0
1085.0
0
243.0
751.5
775.5
829.5
0
542.0
253.0
1931.0
0
478.0
829.5
68.0
430.5
0
1605.5
543.5
1141.5
1006.5
581.0
1165.5
0
637.0
120.5
1129.5
1460.0
138.0
0
825.5
790.0
0
583.0
0
2271.0
686.5
1334.0
0
741.5
365.5
0
300.5
0
1199.0
1858.5
745.0
829.5
1819.0
1009.5
782.0
126.5
1742.0
996.0
68.0
68.0
126.5
1269.0
2090.5
1130.5
924.5
516.5
115.5
995.0
1239.5
509.0
0
879.5
858.5
719.0
1585.5
0
0
302.0
242.0
758.5
714.5
236.0
1587.0
1017.5
0
650.5
647.0
541.0
0
435.5
0
68.0
1031.5
1319.5
348.5
1315.0
573.0
0
1244.0
1333.0
794.5
1792.0
1233.0
0
1078.0
0
126.5
763.5
68.0
173.0
0
407.0
138.0
0
0
667.5
359.0
1475.5
459.5
161.0
68.0
289.0
1635.5
365.5
1424.5
1062.5
1160.5
0
1122.0
1067.5
0
126.5
794.5
0
0
0
0
1599.0
1097.5
0
852.0
1387.0
138.0
441.5
981.5
68.0
777.5
971.5
0
68.0
2026.0
300.5
138.0
576.5
1859.5
68.0
831.5
365.5
1815.5
128.0
840.5
1129.0
1228.0
758.5
965.5
1160.5
1157.5
937.0
878.5
1176.5
892.5
717.0
489.5
665.0
478.0
126.5
1167.0
497.0
459.5
0
535.0
1512.0
1197.0
424.0
1291.5
1144.5
315.5
302.0
665.0
471.0
0
138.0
3002.5
126.5
365.5
458.0
1337.5
970.0
652.0
407.0
1032.0
593.5
2751.0
1870.5
949.5
419.5
126.5
138.0
177.0
0
658.5
359.0
1666.0
419.5
1339.0
0
419.5
0
1908.0
1027.0
435.5
510.5
829.5
126.5
489.5
1432.0
557.0
243.5
68.0
1675.5
1268.0
68.0
0
1523.0
0
1505.5
736.0
365.5
418.5
401.0
1891.0
1448.5
478.0
1207.0
787.0
2025.5
68.0
303.0
710.5
1774.0
68.0
172.0
300.5
0
0
365.5
2006.5
1123.0
1749.0
0
1112.0
752.5
887.0
1057.5
962.5

1160.5
0
2339.0
190.5
0
68.0
1283.0
1022.5
68.0
2081.5
1389.0
68.0
704.5
68.0
751.0
882.5
190.5
126.5
1237.0
0
766.0
639.5
525.0
588.0
1686.5
243.0
68.0
194.5
1139.0
1833.5
243.5
438.5
401.0
1012.5
0
138.0
0
68.0
1008.0
1201.0
0
1678.5
879.5
705.5
138.0
0
407.0
1142.0
2302.0
0
1144.0
138.0
68.0
1283.5
1230.5
1388.0
0
68.0
541.0
1156.5
805.5
407.0
0
1978.5
1351.5
419.5
136.0
126.5
646.0
646.0
0
799.0
1983.0
68.0
804.5
138.0
752.5
666.5
1478.5
370.5
401.0
0
126.5
647.5
0
0
359.0
383.0
1643.5
183.5
686.5
68.0
355.5
820.0
0
874.5
515.5
0
68.0
1370.5
459.5
316.0
1221.0
0
126.5
740.0
0
1551.5
1286.0
0
1520.5
1284.0
478.0
815.5
1652.0
1253.5
1662.0
636.0
1970.0
0
435.5
0
0
952.5
0
126.5
891.5
790.0
569.5
833.5
612.5
359.0
582.0
128.0
438.5
1017.5
709.0
0
0
68.0
478.0
1794.5
138.0
243.5
1195.5
68.0
68.0
0
0
0
966.0
316.0
126.5
913.0
0
355.0
231.5
390.5
489.5
289.0
408.5
0
68.0
1459.5
138.0
68.0
0
0
591.5
128.0
0
484.0
481.0
0
478.0
1239.5
138.0
407.0
0
68.0
0
0
523.5
0
68.0
471.0
953.5
0
742.0
1370.5
868.0
438.5
0
0
0
683.5
594.5
0
1416.5
68.0
243.0
850.0
424.0
1901.5
1660.0
1516.5
0
1043.5
459.5
370.5
300.5
1036.5
592.0
401.0
0
557.5
0
717.0
0
740.0
0
1583.5
741.0
68.0

0
1508.0
0
668.0
173.0
138.0
138.0
0
0
68.0
478.0
489.5
126.5
891.5
1099.5
1124.0
1189.0
809.5
1378.0
474.5
0
0
243.0
0
601.0
138.0
243.0
972.0
478.0
359.0
0
750.0
495.5
0
0
1471.0
0
986.5
438.5
1229.0
968.5
0
1668.0
1409.5
128.0
138.0
707.0
1448.0
1650.5
478.0
0
138.0
424.0
842.5
684.0
985.0
1136.5
0
0
126.5
543.5
0
138.0
316.0
316.0
68.0
2251.0
1601.0
0
1202.0
68.0
68.0
435.5
0
522.5
629.0
0
68.0
138.0
1757.5
68.0
0
1015.0
253.5
313.5
359.0
419.0
717.0
344.0
1793.0
0
736.0
0
302.0
1198.5
0
.5
0
68.0
0
529.0
0
1385.0
441.5

1106.5
68.0
438.5
138.0
0
828.5
1075.0
126.5
264.5
401.0
1563.5
0
0
0
0
126.5
894.0
183.5
1567.5
128.0
0
355.5
0
0
0
183.5
863.5
0
0
0
348.5
806.0
1583.0
470.5
489.5
441.5
126.5
690.5
242.0
1678.0
663.0
877.0
965.0
1224.0
1534.0
0
0
0
0
9.5
0
243.5
126.5
2007.5
2081.0
0
809.5
542.0
253.0
138.0
1162.0
68.0
800.0
0
492.0
68.0
0
419.5
785.5
0
348.5
710.5
518.0
0
0
0
928.0
289.0
695.5
0
700.0
794.5
0
971.5
0
0
.5
0
762.5
0
535.0
138.0
0
1550.5
0
186.5
459.5
302.0
183.5
1393.0
0
138.0
700.0
1087.5
0
0
0
0
0
300.5
1072.5
1690.5
0
593.5
1802.0
0
68.0
0
0
0
0
0
1519.5
126.5
643.0
1319.0
786.5
0
0
1528.0
785.5
0
0
126.5
0
383.0
300.5
967.0
1330.5
0
891.0
0
115.5
2256.5
465.5
1515.0
401.0
1956.0
194.5
138.0
424.0
923.5

0
877.5
0
1293.0
242.0
0
68.0

0
419.5
508.5
757.0
419.5
0
618.5
829.5
713.5
882.5
365.5
1974.5
700.0
0
0
821.5
0
652.0
829.5
0
.5
438.5
901.0
707.0
524.5
0
441.5
359.0
1965.0
695.5
68.0
965.0
194.5
68.0
1331.5
1073.0
741.0
0
586.0
649.0
1252.5
1745.5
1139.0
0
1522.0
257.0
1307.5
0
975.5

419.5
1006.5
344.0
0
126.5
1016.5
0
1169.5
715.5
68.0
1571.5
0
183.5
1227.0
602.0
1321.5
1410.0
300.5
316.0
68.0
0
540.5
1085.5
2084.5
1005.5
1396.0
721.5
233.0
1241.0
359.0
794.5
608.5
0
0
0
1949.5
0
790.0
68.0
0
257.0
300.5
359.0
289.0
2229.5
1270.5
128.0
1419.5
138.0
0
1555.5
1330.5
68.0
668.0
0
1559.5
0
768.5
0
0
1189.0
827.0
120.5
0
581.0
1127.0
0
1740.5
68.0
758.5
1008.0
1085.5
0
716.0
138.0
1105.0
0
1069.0
652.0
1028.5
0
881.5
771.0
814.0
708.5
315.5
1164.0
243.5
0
1159.5
120.5
1273.0
68.0
1013.5
194.5
753.5
604.0
0
138.0
1340.5
126.5
0
0
790.0
2482.5
1037.5
932.0
586.5
0
1037.0
724.0
126.5
365.5
243.5
1219.0
419.5
1263.0
115.5
1010.0
0
666.5
0
1685.5
489.5
683.5
348.0
781.0
1464.0
0
1030.0
243.5
757.0
126.5
930.5
714.5
0
0
.0
1695.5
832.0
0
360.5
905.5
138.0
190.5
419.5
1509.0
458.0
138.0
0
138.0
581.0
0
474.5
1093.5
554.5
1621.0
1019.0
1540.5
1103.5
68.0
0
1610.5
946.5
824.0
0
1231.5
826.0
126.5
68.0
1314.0
1965.5
194.5
424.0
120.5
1444.0
419.5
126.5
0
0
363.5
913.5
126.5
316.0
419.5
1274.5
1647.5
348.5
365.5
68.0
0
372.5
789.0
756.5
126.5
1321.0
359.0
0
931.0
1773.0
471.0
285.5
424.0
365.5
719.0
0
979.5
126.5
0
1458.5
516.5
344.0
464.0
0
300.5
489.5
904.5
68.0
1165.0
830.5
183.5
0
68.0
126.5
1157.5
489.5
419.0
1002.5
771.0
424.0
1719.0
1530.0
257.0
652.0
128.0
633.5
68.0
964.0
848.5
663.0
1211.5
300.5
753.5
1028.5
2265.0
494.0
533.0
120.5
0
1852.5
1765.0
68.0
1425.5
1374.0
0
0
1882.5
672.5
413.0
0
419.5
1712.5
1227.0
0
478.0
946.5
0
0
348.5
68.0
648.5
0
880.5
365.5
1115.0
811.0
1623.5
0
0
793.5
758.5
1606.0
115.5
700.0
646.0
0
1018.5
1545.0
1679.5
771.5
1177.5
0
0
68.0
2016.5
113.5
183.5
2407.5
841.5
1070.5
313.5
243.5
0
0
979.0
419.5
0
1494.5
1180.0
383.0
68.0
0
2401.5
419.5
374.5
726.0
0
812.0
0
507.5
138.0
478.0
0
859.0
825.5
1180.0
0
401.0
0
582.0
2385.0
1724.0
0
344.0
138.0
253.5
0
707.5
1183.0
1733.5
849.0
128.0
1138.5
1698.5
302.0
2274.5
768.5
0
938.0
68.0
2005.5
316.0
481.0
741.5
0
1139.0
1888.0
243.5
790.0
1389.5
671.0
804.0
0
1827.5
1149.5
459.5
1077.5
489.5
771.0
1479.5
441.5
2292.0
458.0
0
1020.0
0
726.0
595.0
1545.5
707.5
934.5
183.5
253.0
0
257.0
0
1559.0
1342.0
128.0
790.0
1275.5
871.0
68.0
1822.0
1068.5
1190.0
1499.5
0
115.5
138.0
767.5
419.5
498.5
1530.5
1296.0
1141.5
68.0
68.0
128.0
0
1068.5
2565.0
1068.5
68.0
126.5
0
901.0
0
0
0
1524.0
1405.0
126.5
461.0
1721.0
68.0
2107.0
1496.5
1562.0
527.0
0
2636.0
497.0
1134.5
68.0
1635.0
600.5
0
126.5
1000.0
1974.5
1601.0
680.5
1899.0
790.0
418.5
660.0
0
120.5
1920.5
1316.5
138.0
660.0
1408.5
1946.5
0
1492.0
0
885.0
841.5
1204.0
597.5
1536.5
355.5
126.5
1055.5
435.5
419.5
0
0
0
1671.0
344.0
690.5
771.0
68.0
704.5
0
635.0
536.0
1037.5
0
.5
0
407.0
478.0
68.0
68.0
0
1145.0
2363.0
128.0
435.5
707.0
750.5
0
497.0
926.0
0
1268.0
0
0
588.5
478.0
126.5
68.0
926.5
1462.0
126.5
2213.5
138.0
752.5
919.0
68.0
2193.0
126.5
911.5
0
383.0
710.5
0
865.0
652.0
0
1007.5
1421.0
1888.0
530.5
835.5
68.0
0
1217.0
652.0
231.5
459.5
68.0
243.5
1518.0
419.5
407.0
874.0
0
696.5
126.5
605.0
0
115.5
0
68.0
1215.5
491.5
484.0
0
3566.5
1169.0
1542.0
419.5
1401.5
667.5
365.5
1173.5
68.0
0
138.0
386.0
0
.0
1119.5
236.0
0
596.5
138.0
1010.5
0
790.0
300.5
383.0
1143.0
1843.5
2529.5
1549.0
782.0
868.5
1023.5
1148.5
1377.0
640.5
0
949.5
1093.5
0
695.5
438.5
1318.0
0
0
1190.5
772.5
459.5
771.5
806.0
1565.5
607.0
586.5
0
1105.0
1980.5
1152.5
598.0
2083.5
1841.5
541.0
1141.5
68.0
0
230.5
419.5
1042.0
0
465.0
242.0
126.5
68.0
138.0
641.5
126.5
586.5
478.0
887.5
126.5
811.0
1127.0
419.5
2316.5
1547.0
296.0
183.5
1995.0
0
1241.0
1395.0
0
729.5
0
0
401.0
1083.5
1744.5
809.5
128.0
947.0
1464.0
822.5
1802.0
68.0
0
1743.5
0
1157.0
1622.5
0
0
.5
478.0
828.5
0
.0
138.0
0
0
1657.5
1714.5
710.5
1962.0
1652.5
68.0
68.0
0
1710.0
1141.5
1543.0
68.0

0
476.5
138.0
855.5
629.5
1050.0
344.0
68.0
1702.0
848.5
2031.5
126.5
1374.5
257.0
1078.0
0
497.0
1685.5
2060.5
816.0
126.5
1517.0
126.5
1399.5
126.5
0
687.5
1181.0
0
2039.5
0
0
344.0
1820.5
365.5
138.0
653.5
231.5
0
138.0
760.5
1317.0
1160.5
666.5
1768.0
1297.0
1268.5
0
438.5
0
1140.5
1564.5
0
1219.5
0
1117.0
1242.5
68.0
1438.0
0
3093.0
2192.5
1638.0
68.0
913.5
126.5
779.0
1660.5
1387.5
879.5
1641.5
1043.0
0
120.5
535.0
1609.0
0
407.0
348.5
68.0
698.0

0
1187.0
618.5
1159.5
438.5
0
0
1439.0
1156.5
370.5
0
348.5
1259.5
601.0
0
188.5
1480.5
243.5
906.5
1368.0
1010.0
253.0
0
1339.0
541.0
416.5
1358.5
875.5
1885.5
1810.5
1218.5
1628.5
126.5
1112.5
839.5
936.0
425.0
973.5
0
.0
128.0
1888.0
407.0
115.5
0
1651.0
383.0
812.5
0
0
0
0
1717.5
1602.5
0
1620.0
2039.5
581.0
988.5
760.0
710.5
1836.0
126.5
752.5
1481.5
0
0
781.5
1841.5
0
1119.5
1434.0
0
637.0
1822.0
1402.5
0
1407.0
441.5
0
2734.5
704.5
906.0
1520.5
1635.0
1831.0
183.5
68.0
438.5
1201.5
68.0
300.5
194.5
2274.5
777.0
383.0
961.0
0
144.5
860.0
1016.5
2140.5
138.0
1181.5
453.5
768.0
1314.5
811.0
0
1613.0
1793.0
2555.5
68.0
1601.5
128.0
0
138.0
951.5
1809.5
777.5
383.0
1298.5
508.5
1512.0
138.0
1181.5
1850.0
424.0
435.5
1082.0
2233.5
0
1253.0
582.0
787.0
474.5
686.5
465.5
0
126.5
1273.5
915.0
0
924.5
717.0
1341.0
0
809.0
757.0
741.0
1400.5
126.5
952.5
2188.0
1204.0
390.5
0
1578.0
478.0
0
1038.0
513.5
620.5
126.5
1908.5
840.5
243.5
695.5
0
510.5
0
1072.0
0
2739.5
2054.5
0
820.5
126.5
703.5
0
0
476.0
1208.5
302.0
138.0
1760.5
961.0
860.0
1089.5
138.0
316.0
1623.5
1658.5
315.5
663.5
0
68.0
0
0
138.0
1123.5
0
2014.0
1304.0
536.5
692.0
68.0
562.0
1058.5
897.0
128.0
0
464.0
1102.0
508.5
631.0
1330.5
569.5
138.0
126.5
1354.5
771.0
68.0
1242.5
986.0
683.5
489.5
575.0
359.0
1498.5
0
0
230.5
0
1696.5
771.0
1429.5
0
1085.5
0
458.0
1403.0
1095.5
949.5
68.0
837.5
1126.0
716.0
68.0
0
0
0
0
0
459.5
1812.5
296.0
2025.0
459.5
949.5
302.0
1227.0
3014.5
1623.5
946.5
1501.5
2094.0
1811.5
1507.5
402.0
1567.0
1046.0
478.0
1809.0
2262.5
733.0
1244.5
2252.5
2668.5
68.0
656.0
1440.0
1283.0
1600.5
1534.0
760.5
0
2077.0
0
707.5
0
758.5
1400.5
718.5
2586.5
2981.5
1076.5
68.0
68.0
550.0
1282.5
614.0
478.0
231.5
68.0
1605.5
603.0
68.0
68.0
1084.5
608.5
0
1577.0
885.0
478.0
0
828.5
775.5
1058.5
1956.5
138.0
1956.5
1355.0
476.0
257.0
126.5
1922.0
848.0
815.5
1550.0
2403.5
1341.0
1373.0
2124.5
593.5
1123.0
68.0
734.5
68.0
640.5
688.0
633.5
1789.0
68.0
2180.5
913.0
967.0
801.0
1147.5
1578.0
1459.0
120.5
120.5
1296.0
1226.0
424.0
183.5
1406.5
0
1423.5
1287.0
68.0
1211.5
918.5
0
2178.5
177.0
1295.0
257.0
128.0
2026.5
1439.0
0
1497.5
416.5
1694.0
1935.5
1628.5
1981.5
424.0
419.5
0
0
1266.5
68.0
126.5
300.5
926.5
787.0
743.0
1238.0
1086.0
0
1189.0
981.0
0
478.0
938.0
978.5
546.0
516.5
126.5
1320.5
316.0
0
68.0
0
0
0
931.5
1868.5
1089.5
1579.5
814.0
68.0
2387.0
419.5
126.5
2086.5
2580.5
115.5
1622.0
575.0
1263.0
68.0
758.5
1295.0
1595.0
1577.5
138.0
1963.5
438.5
1248.5
0
791.0
736.0
0
68.0
1705.0
359.0
1703.0
2228.5
752.5
1693.5
1037.0
68.0
1811.5
344.0
809.0
656.5
943.5
1183.0
700.0
68.0
115.5

2779.5
316.0
0
316.0
467.0
0
126.5
779.5
771.5
891.0
138.0
1217.5
879.5
0
0
1891.0
892.5
1444.0
359.0
2034.0
967.0
622.0
2010.0
0
1535.5
949.5
0
1827.0
126.5
1253.5
1184.5
1200.0
68.0
1261.5
1129.0
0
68.0
1279.0
1199.0
1135.5
478.0
558.5
0
1466.5
2334.0
1782.0
418.5
2485.5
1207.5
543.5
722.0
2461.0
316.0
2204.0
2092.5
438.5
0
1501.5
659.5
1982.0
418.5
1739.0
1139.0
407.0
0
0
1358.5
0
2238.5
830.0
0
68.0
0
656.5
1331.0
1433.5
1814.5
0
1069.5
0
1227.5
900.0
916.0
0
848.5
0
68.0
0
0
717.0
68.0
0
0
0
0
0
1144.5
2139.0
919.0
0
0
1480.5
194.5
1603.5
968.5
902.5
257.0
1648.5
953.5
478.0
710.5
1144.5
126.5
138.0
0
0
126.5
359.0
823.5

1463.5
68.0
0
1144.5
1345.5
1390.5
365.5
365.5
0
264.5
291.0
302.0
1333.5
0
926.5
1692.0
68.0
1183.5
0
68.0
1116.0
1381.5
1599.0
1771.5
1252.5
627.0
0
940.0
1381.5
1474.5
1470.5
183.5
0
0
1143.0
0
1050.0
0
1179.5
0
1864.0
68.0
128.0
68.0
120.5
1153.5
1910.0
942.5
967.0
194.5
648.5
1710.5
0
68.0
1523.0
1590.0
704.5

533.0
1453.5
0
0
0
841.5
734.5
0
359.0
689.5
0
1014.5
1144.5
1058.5
0
1122.5
1640.0
614.0
1693.5
1424.0
614.0
0
519.5
1152.5
932.5
478.0
832.0
68.0
1357.5
1079.5
1779.0
128.0
0
491.0
0
0
1062.0
206.0
1412.0
1490.0
1100.5
757.0
583.0
710.5
0
1984.0
374.5
0
815.5
2290.0
1472.5
68.0
822.0
1032.0
68.0
383.0
1043.5
1007.5
1186.0
1735.0
1453.5
771.0
656.5
1746.0
860.0
1261.0
539.5
708.0
0
0
0
1122.0
419.5
1872.0
848.5
0
1774.5
1297.0
0
365.5
253.0
1726.0
1037.5
688.5
508.5
736.0
0
1893.5
370.5
346.0
593.5
1318.5
68.0
1983.5
459.5
524.0
68.0
709.5
1023.5
68.0
2050.5
2051.5
0
300.5
126.5
68.0
681.5
489.5
997.5
1107.0
1510.5
419.5
1786.0
1002.0
68.0
0
791.0
0
1072.0
893.5
2150.0
1132.5
860.0
68.0
288.0
929.0
68.0
765.0
1223.5
0
1428.0
607.0
2368.5
2006.0
965.0
2645.0
2217.0
300.5
1216.0
601.0
794.5
671.0
365.5
1528.5
1278.0
1482.5
1968.0
365.5
534.5
675.5
1060.0
929.0
419.5
700.0
359.0
0
1557.0
805.0
68.0
2662.0
1562.0
932.5
68.0

478.0
0
749.0
2268.0
692.0
1092.0
332.0
0
231.5
0
1123.0
1213.5
1141.5
0
1439.5
1226.5
789.0
1576.5
1104.0
459.5
717.0
257.0
1122.0
1506.5
1954.5
401.0
1710.5
0
419.5
1224.0
535.0
1349.5
1630.0
1743.5
1326.0
68.0
624.5
68.0
441.5
126.5
1205.0
2248.0
767.5
889.0
1140.5
967.0
1882.0
1901.0
186.5
3332.5
1346.5
719.0
404.5
2153.0
0
848.5
588.5
671.0
1236.5
0
1453.5
0
370.5
1964.0
126.5
179.0
1115.5
1644.5
1261.0
661.5
1302.5
652.0
0
848.5
1752.5
113.5
756.5
0
231.5
2032.5
0
1051.5
299.0
0
1565.5
0
1222.5
0
0
138.0
0
0
825.0
756.0
0
1407.5
1951.5
0
0
1963.0
353.0
419.5
1492.5
302.0
0
441.5
1092.5
316.0
126.5
315.5
1535.5
68.0
136.0
886.5
1801.5
0
1418.0
1292.0
1776.0
0
2000.0
1393.5
68.0
771.0
701.5
944.5
478.0
971.5
0
1342.5
1058.0
583.0
1850.5
1146.0
1326.0
1458.0
1692.0
2516.5
383.0
138.0
1158.0
1619.5
0
771.0
1194.0
722.0
1655.5
2483.0
1650.5
126.5
1394.0
1587.0
126.5
1160.0
0
68.0
1764.0
1127.0
1049.0
0
1146.0
1194.0
562.0
880.0
1780.5
0
1190.0
1351.5
849.5
418.5
425.5
0
402.0
2556.0
407.0
830.0
0
126.5
0
679.0
1295.0
1366.0
0
68.0
126.5
1335.5
0
1645.0
0
2257.5
1323.0
2013.0
478.0
0
0
1718.0
518.0
0
0
2275.5
1599.0
464.0
0
1965.0
497.0
788.5
898.0
919.0
1337.5
868.0
0
1050.0
0
0
3.5
1256.0
0
2083.5
1120.5
424.0
365.5
583.0
0
1017.0
1676.5
1512.0
1512.0
541.0
413.0
991.0
0
1487.5
832.5
0
2250.0
1804.5
0
755.5
1022.0
0
925.0
1138.5
876.0
819.5
0
0
1718.0
1086.0
695.5
1202.5
2263.0
253.5
1277.5
1040.0
0
126.5
1217.5
491.0
489.5
734.5
832.0
867.5
841.5
0
1716.0
1343.0
0
3033.0
803.0
1127.5
1127.5
0
68.0
471.0
1448.5
0
862.5
1114.5
0
478.0
136.0
0
359.0
0
1529.5
2238.5
919.5
0
2335.5
458.0
1616.0
1919.0
383.0
0
811.0
0
0
359.0
1424.5
704.5
1201.5
68.0
0
528.0
0
0
300.5
1448.0
0
0
0
2479.0
126.5
2217.0
435.5
1062.5
604.5
663.0
605.0
0
0
1755.5
1931.0
0
383.0
1749.0
3272.5
401.0
2022.0
1452.5
1844.5
1946.0
1986.0
523.5
1868.0
1803.5
759.5
0
1619.0
478.0
788.0
453.5
0
1817.0
242.0
0
0
790.0
0
1512.0
365.5
848.0
0
2811.0
183.5
2003.5
591.5
370.5
787.0
1677.0
790.0
1025.5
126.5
68.0
2320.0
0
1933.5
1437.0
0
719.0
126.5
0
1435.5
1823.0
775.5
1281.5
0
.5
68.0
0
0
0
1094.0
927.5
126.5
1743.0
478.0
0
1474.0
2594.5
1624.5
0
1567.0
1824.5
1138.0
1121.5
1458.0
68.0
0
0
1321.5
1549.0
1679.5
1869.5
698.5
0
1680.0
1650.0
0
0
666.5
0
707.0
0
1160.5
1016.5
68.0
0
958.5
0
1343.0
1227.0
138.0
0
1337.5
68.0
1377.0
1572.0
0
370.5
0
0
0
2305.0
0
838.5
0
.0
1025.5
0
183.5
1420.0
1831.0
177.0
1652.5
1079.5
639.5
1447.5
0
2102.5
855.0
0
0
68.0
435.5
949.5
0
2244.5
1734.0
1183.0
363.5
0
1641.5
478.0
837.5
1907.5
1182.0
1156.5
0
0
0
300.5
0
.0
1341.0
1636.5
0
771.0
1664.0
1234.0
790.0
0
68.0
1163.5
68.0
1389.0
0
0
.5
365.5
68.0
0
315.5
68.0
0
1122.0
0
1062.0
1750.0
2086.5
1458.0
949.5
1343.0
424.0
2017.0
581.0
0
1141.5
1073.0
126.5
126.5
1076.0
1544.5
1005.5
0
961.0
0
1926.5
0
1348.5
126.5
0
126.5
0
0
776.0
365.5
1019.0
0
1068.5
316.0
0
1636.5
68.0
1746.0
0
0
2094.0
194.5
0
478.0
0
68.0
848.5
316.0
68.0
0
0
1201.0
0
1064.0
438.5
419.5
424.0
1685.0
2223.5
353.0
0
0
1753.0
1280.5
0
0
2272.0
365.5
528.0
1010.0
1157.0
0
115.5
1244.5
1337.0
0
0
0
0
0
365.5
1431.5
374.5
1754.5
790.0
686.5
68.0
0
1547.0
1020.5
138.0
435.5
0
1152.0
68.0
0
1486.5
1276.5
1529.5
1556.5
0
0
138.0
0
2003.5
885.0
0
68.0
0
1305.0
218.0
0
128.0
126.5
1090.5
0
.0
2258.5
435.5
0
968.5
0
0
0
5.0
418.5
1406.5
1891.5
128.0
138.0
1844.0
1702.0
925.5
0
1323.0
0
443.0
0
190.5
532.0
1216.0
1684.5
729.5
289.0
721.5
2244.5
1002.0
1421.5
1685.5
0
0
965.5
1016.5
1109.0
0
905.5
820.0
1979.0
1281.5
0
1603.0
1455.5
497.0
68.0
653.5
0
0
1024.5
416.0
717.0
0
1359.0
1811.5
138.0
2959.5
0
736.0

740.0
1530.0
2018.5
1149.5
1232.0
0
1551.5
964.0
0
0
0
1796.0
1846.0
0
1507.0
1483.5
0
0
0
0
1881.5
0
770.0
1286.5
533.0
1809.0
1048.5
0
1643.0
652.0
1242.5
713.5
1987.0
0
1140.0
1194.0
1230.5
126.5
0
1355.5
68.0
0
0
1339.0
1838.0
0
126.5
0
0
0
0
674.0
138.0
365.5
0
0
471.0
2257.5
596.5
0
901.0
0
965.0
1371.0
0
1486.5
554.0
1959.0
2142.5
1713.5
3057.0
0
775.5
530.5
126.5
138.0
0
0
126.5
0
936.0
68.0
0
653.5
2633.5
1697.5
0
2750.0
1247.5
704.5
2160.0
1592.5
0
1083.0
1463.5
1594.0
1873.0
1452.5
1880.0
1940.0
68.0
126.5
0
651.0
775.5
528.0
0
1141.5
1528.5
841.0
0
419.5
0
741.0
0
128.0
404.5
68.0
1765.0
755.5
1434.5
0
1393.0
0
753.5
1430.0
1209.0
419.5
489.5
68.0
1596.0
2743.5
2138.5
0
0
0
1474.0
2780.5
1075.0
68.0
1914.5
120.5
138.0
0
1528.0
0
0
2382.0
1970.5
1250.5
459.5
2007.5
0
0
633.5
0
.5
0
424.0
0
1145.5
0
1403.5
0
1855.5
1077.5
68.0
2285.0
2214.0
0
126.5
794.5
2459.5
0
0
0
1090.5
2885.0
0
115.5
1070.5
0
1525.0
1090.0
0
523.5
1091.5
128.0
977.5
198.0
68.0
1066.0
804.5
1231.5
2679.0
703.5
0
1440.5
1162.5
2422.0
1121.0
194.5
0
0
908.5
1019.0
1878.0
0
0
136.0
1163.0
656.5
1092.0
1595.0
1123.0
359.0
1706.5
1938.0
338.0
1319.0
355.5
313.5
0
886.0
0
407.0
1305.0
359.0
68.0
1723.0
0
1115.0
0
1752.0
2346.5
418.5
0
419.5
1181.0
1669.5
0
1253.5
0
897.5
0
2029.0
0
0
0
126.5
68.0
599.5
138.0
790.0
233.0
1360.0
1889.5
0
0
365.5
289.0
138.0
1078.0
0
1048.0
0
2142.0
1153.5
0
755.5
0
459.5
1550.5
300.5
2067.5
1201.0
0
534.5
2674.5
1338.0
1876.0
0
1306.0
918.0
0
0
2855.0
0
0
0
0
1938.0
834.5
841.5
1163.5
1182.0
126.5
0
1422.0
0
1829.5
0
68.0
2653.0
1211.5
937.0
745.0
126.5
0
1382.0
2404.5
0
0
978.0
183.5
900.0
68.0
0
257.0
1544.5
0
2029.0
0
1339.5
0
0
0
0
729.5
435.5
0
1269.5
0
1741.5
407.0
0
0
0
997.5
2633.0
115.5
1585.5
1930.5
958.5
0
120.5
0
1730.0
1351.5
1509.0
278.0
0
0
2962.5
886.5
2194.0
0
1022.5
736.0
1329.0
0
1436.5
0
1960.5
915.5
183.5
68.0
126.5
773.5
1786.0
0
0
0
0
1957.0
1324.5
1127.0
0
1429.0
0
0
0
126.5
824.0
0
0
518.0
401.0
0
1883.0
671.0
1763.5
1144.0
128.0
2029.0
0
905.5
0
0
344.0
516.5
0
0
2568.0
1088.0
126.5
68.0
1089.5
1813.5
1543.0
2456.0
979.5
1863.0
1130.0
68.0
0
2334.5
997.5
967.0
253.5
138.0
1750.5
1771.0
394.0
0
1588.0
1809.0
875.0
0
68.0
3548.0
1062.5
0
0
1181.5
0
1561.5
775.5
0
709.5
1483.5
591.5
2007.5
126.5
2379.5
0
0
0
1041.0
0
0
868.0
1739.5
516.5
0
0
1687.5
0
1660.0
424.0
2070.5
0
477.5
2602.0
789.0
0
0
1062.0
1987.0
0
0
315.5
1208.5
2245.5
0
1444.0
0
0
348.5
1319.0
1253.5
0
0
0
0
138.0
438.5
1104.5
989.5
0
0
1414.0
0
0
750.5
459.5
365.5
0
0
815.5

68.0
1086.5
0
0
0
0
1823.5
1052.5
2745.5
430.5
3174.5
501.5
0
0
632.0
359.0
903.5
819.0
0
0
0
1847.5
0
841.0
0
183.5
0
68.0

1321.5
0
0
0
0
138.0
0
126.5
1340.0
1037.0
383.0
1032.0
435.5
1174.5
1413.0
1308.0
828.5
1276.5
1791.5
0
68.0
775.5
1340.0
0
0
68.0
830.0
68.0
419.5
2101.5
1001.5
479.5
1317.0
541.0
68.0
497.0
649.0
2082.0
126.5
1438.5
348.5
0
1581.5
1075.0
0
1266.0
1480.0
1198.5
120.5
0
0
441.5
1430.5
0
1157.0
0
892.5
745.0
1727.5
0
0
68.0
183.5
944.5
1366.0
194.5
1456.5
0
1790.5
126.5
1065.5
68.0
0
138.0
1403.5
2096.0
438.5
2240.0
401.0
729.5
1601.5
997.5
0
0
755.5
0
0
671.0
0
0
2453.0
0
968.5
968.5
0
1559.5
1573.5
900.0
1532.0
0
126.5
0
1254.0
120.5
411.0
1864.5
1921.5
998.0
1531.0
1267.5
68.0
370.5
0
0
1165.0
126.5
126.5
138.0
424.0
1123.0
0
489.5
2258.5
1262.5
0
0
68.0
0
719.0
1993.0
848.0
985.0
438.5
1601.5
2071.0
419.5
348.5
681.0
0
138.0
126.5
0
0
0
0
1365.5
68.0
0
0
416.0
0
1109.0
0
344.0
1086.0
0
68.0
1392.0
0
977.5
0
0
1201.5
300.5
419.5
811.0
2038.0
0
2448.5
404.5
811.0
1146.0
0
0
3257.5
0
695.5
0
0
0
0
419.5
2290.0
1222.0
0
3079.0
771.5
576.5
0
0
0
2270.0
115.5
516.5
0
126.5
0
0
435.5

419.5
242.0
717.0
1524.0
1719.5
68.0
0
243.5
1148.0
2923.0
0
672.0
1920.0
0
0
0
0
734.0
0
126.5
1068.5
944.0
1376.0
0
822.5
0
0
0
471.0
1142.0
0
0
613.0
1551.5
359.0
586.0
401.0
821.5
710.5
752.5
0
0
0
0
2040.0
242.0
1194.5
0
0
0
478.0
128.0
0
424.0
0
965.5
0
953.5
68.0
1238.5
752.5
0
0
.5
1894.0
1380.0
3252.0
0
344.0
0
68.0
1377.0
962.5
1601.0
0
126.5
517.0
257.0
0
1499.5
1921.5
749.0
1417.0
418.5
253.0
0
489.5
639.5
0
0
0
1565.5
1702.0
1301.5
0
0
365.5
1201.0
1963.5
895.0
2154.5
126.5
1178.5
1397.5
1991.5
653.5
1566.5
0
0
418.5
138.0
923.0
0
68.0
0
757.0
243.5
138.0
3426.0
1507.0
360.5
0
637.0
0
0
793.0
1213.0
1112.5
1466.0
0
1798.5
0
537.5
790.0
1565.0
0
419.5
1945.5
2176.0
729.5
0
68.0
0
1316.5
0
0
1152.0
0
0
0
0
374.5
0
0
764.5
126.5
0
1020.0
1345.5
1116.0
558.0
1038.0
0
370.5
829.5
1742.5
386.0
734.5
0
1662.0
548.5
68.0
0
0
0
2039.5
0
739.0
0
1065.5
1279.0
0
126.5
0
1565.5
0
0
712.0
243.5
893.5
68.0
0
1941.0
419.5
365.5
0
0
2019.5
1104.0
1653.5
2049.5
758.5
0
0
0
842.0
179.0
0
2300.5
1255.0
993.5
745.0
0
1726.5
0
489.5
1077.5
1990.5
1347.0
1718.0
533.0
489.5
68.0
68.0
0
138.0
365.5
1195.0
0
0
471.0
0
1942.0
830.0
809.5
774.5
770.0
126.5
126.5
138.0
1086.0
1299.0
656.5
569.0
0
3.5
0
0
0
1510.5
0
0
1552.0
126.5
1465.0
1378.0
0
0
1670.0
68.0
0
1440.5
0
0
0
68.0
1822.5
1475.5
0
2352.5
1105.5
516.5
0
1570.0
0
0
424.0
0
0
419.5
1067.5
1330.5
1606.5
1413.5
0
1487.0
126.5
0
3106.0
1765.5
0
0
0
0
243.5
1163.0
0
1300.0
175.5
0
1844.0
1708.5
1354.5
2215.5
68.0
0
0
0
300.5
0
126.5
469.5
419.5
0
1002.5
138.0
1546.5
489.5
1099.5
1827.0
1139.0
126.5
0
1652.0
0
0
291.0
0
1167.5
1145.0
1540.5
1787.0
811.0
979.0
68.0
1496.5
0
587.5
1459.0
754.0
0
0
611.0
777.5

0
0
2117.5
910.5
1005.0
1804.0
0
1761.0
0
1102.0
1565.0
1546.0
0
.0
0
1163.5
0
717.0
0
733.0
1262.0
1476.0
1395.0
2049.5
438.5
1073.5
770.0
489.5
1233.5
407.0
126.5
533.0
467.0
344.0
1215.0
1134.0
0
0
0
0
1509.0
0
2193.0
478.0
0
0
1814.0
0
1812.5
1120.0
1962.0
424.0
0
1025.0
0
0
1031.5
523.5
0
0
1684.5
0
1101.5
1542.0
418.5
0
.0
652.0
0
1023.5
2366.5
355.5
596.5
2356.0
699.5
126.5
0
126.5
2033.0
0
138.0
68.0
1684.5
1041.5
478.0
1087.5
757.5
1107.0
0
907.0
0
558.5
0
120.5
478.0
138.0
179.0
138.0
0
1572.5
0
0
0
1794.0
1462.0
829.5
126.5
1812.0
0
0
1711.0
680.5
0
1858.5
0
1447.0
1041.5
0
1439.0
0
253.0
0
68.0
0
0
0
1262.0
2074.5
0
302.0
68.0
0
0
1454.5
126.5
0
2282.5
1496.5
0
1558.5
126.5
0
0
1882.5
138.0
68.0
0
1639.0
0
1497.5
1651.0
1055.0
0
729.5
0
1031.5
471.0
489.5
126.5
348.0
1759.0
1198.0
1686.5
0
811.0
1464.5
0
0
2158.5
1630.0
0
365.5
2328.0
1680.0
1618.5
1324.0
1452.0
0
527.5
1216.0
953.5
516.5
126.5
138.0
126.5
2775.5
0
302.0
1429.5
1436.0
652.0
0
2178.5
68.0
183.5
0
0
0
497.0
2484.0
1935.0
344.0
1073.0
138.0
289.0
68.0
0
1875.5
1291.0
1805.5
811.0
737.5
0
0
0
138.0
804.0
0
1417.0
1930.5
0
300.5
0
607.0
1390.0
1418.5
138.0
1842.5
138.0
471.0
2918.5
0
0
126.5
68.0
126.5
0
2149.0
0
253.0
0
647.0
126.5
0
1642.5
2221.5
2798.5
0
1238.0
0
543.5
0
2580.0
794.5
489.5
2297.0
906.0
1186.5
1003.5
0
1515.5
0
0
0
1211.0
68.0
0
0
68.0
126.5
0
138.0
2364.0
0
344.0
811.0
0
982.5
1031.0
0
664.0
0
0
2147.0
0
2078.5
0
806.0
1687.0
0
1513.5
0
0
243.5
2875.5
126.5
0
841.0
0
68.0
424.0
0
126.5
1088.5
300.5
1782.0
126.5
138.0
126.5
0
0
2133.0
0
1200.0
128.0
0
1469.5
757.5
1071.0
0
68.0
186.5
138.0
198.0
0
0
394.0
2245.0
1305.5
489.5
1915.5
2740.0
0
0
300.5
1028.5
478.0
2033.0
1312.5
0
0
1338.0
1140.5
2566.5
0
0
0
1463.0
2473.0
0
0
0
1661.5
0
2200.5
365.5
0
1831.0
0
1612.5
783.5
0
2494.5
0
1169.5
1729.5
68.0
733.0
0
459.5
0
.0
0
2237.0
0
0
257.0
1806.5
0
68.0
1828.5
575.5
0
0
0
813.5
0
1579.0
2674.5
0
0
370.5
0
0
126.5
0
1949.5
0
2021.5
0
1471.0
0
0
611.0
0
0
0
1037.5
0
68.0
126.5
1308.5
0
887.5
0
1089.0
0
68.0
1162.5
0
719.0
0
1643.5
0
0
2063.0
1153.5
594.5
0
848.5
0
0
0
1980.0
508.5
0
1516.0
0
0
126.5
0
0
0
2102.0
1931.5
0
0
1548.5
1990.0
0
0
0
0
3064.0
0
539.5
1157.5
809.0
1704.5
1438.0
0
1236.0
0
0
1116.0
1778.5
897.5
138.0
0
2041.5
344.0
0
992.0
0
.0
0
1214.0
128.0
0
0
0
1769.5
0
0
5.5
1190.0
0
0
1469.01453.5
242.0
777.5
804.5
0
0
614.0
1279.0
1671.0
505.0
0
0
598.5
0
0
0
0
438.5
0
2005.0
0
0
860.0
0
794.5
0
0
1951.5
68.0
0
1966.5
1186.0
1463.5
793.0
126.5
1256.5
749.5
1393.5
879.0
0
0
1023.5
775.5
2714.0
0
0
1542.0
497.0
0
126.5
1284.5
1901.5
1160.5
1886.0
0
1733.5
1252.5
138.0
2332.5
489.5
0
960.5
126.5
0
1146.0
0
2206.0
0
710.5
1740.5
0
0
1414.5
0
246.5
2712.0
0
459.5
1734.5
0
0
120.5
0
411.5
1008.0
126.5
0
0
0
138.0
0
0
126.5
0
0
1283.0
3228.0
0
0
1479.0
478.0
68.0
0
0
1765.5
0
0
.5
635.0
68.0
1342.0
3475.5
1045.5
0
0
0
717.0
0
2358.0
126.5
2336.0
0
1970.5
1622.5
1943.5
0
126.5
0
1.5
0
126.5
441.5
721.5
0
494.0
0
0
775.5
291.0
491.0
1455.0
68.0
1286.5
242.0
459.5
0
0
68.0
1620.0
1324.5
907.5
1954.5
374.5
0
359.0
1326.5
0
0
0
1312.5
1509.5
0
1560.0
138.0
0
0
1698.0
138.0
1961.0
0
0
1975.5
0
0
0
0
1272.5
419.5
818.5
0
0
1852.0
0
0
2454.5
0
0
648.5
0
419.5
0
0
1173.5
934.0
0
818.5
0
0
1773.0
1268.5
953.5
1100.5
0
289.0
916.5
0
685.5
0
0
1199.0
138.0
0
0
756.0
0
0
672.5
0
0
607.0
1991.5
794.5
1320.0
138.0
511.0
1512.0
0
690.5
0
543.5
0
401.0
787.5
848.5
0
794.0
0
0
0
1008.0
0
126.5
2009.0
1672.0
699.5
438.5
1665.5
68.0
2443.0
253.0
0
0
126.5
2033.5
867.5
0
1614.5
0
0
0
0
0
0
0
0
605.0
0
0
1666.5
0
68.0
359.0
1914.0
0
0
848.5
0
0
0
0
0
0
0
0
0
0
0
0
0
1926.0
2687.0
0
0
0
0
459.5
0
0
0
126.5
0
478.0
0
68.0
0
948.5
0
2500.5
1129.0
1964.0
2113.5
1497.0
0
478.0
540.5
0
478.0
0
952.5
0
0
1085.0
0
0
841.0
771.5
0
2426.0
2635.0
253.5
0
68.0
0
1461.0
1264.5
0
2099.5
1528.0
1236.0
695.5
0
754.0
243.0
2383.0
0
3235.5
359.0
786.0
2257.0
0
622.0
576.5
771.0
868.0
1461.5
138.0
1789.5
68.0
478.0
0
2190.0
126.5
1393.0
0
0
534.5
0
0
0
68.0
419.0
646.0
713.5
0
0
68.0
2376.0
302.0
285.5
1982.0
302.0
0
0
946.5
1546.0
0
419.5

0
478.0
0
745.0
0
0
717.0
0
1443.5
1880.0
0
826.5
1571.0
0
0
0
68.0
0
0
981.5
809.5
355.5
359.0
126.5
0
0
0
1496.5
2253.5
68.0
0
126.5
0
1256.5
0
0
0
2313.5
242.0
1282.5
762.5
1656.0
128.0
126.5
790.0
533.5
596.0
0
126.5
1452.0
0
1179.0
0
2913.0
126.5
459.5
0
0
126.5
1384.0
138.0
0
707.5
1200.0
1885.5
0
0
0
0
854.5
0
0
0
2.0
126.5
0
670.5
1926.0
0
424.0
0
787.0
2400.0
0
1726.0
1097.0
68.0
0
0
0
1216.5
776.0
603.0
1078.0
1772.5
2598.5
2255.0
497.0
68.0
639.5
1529.0
0
0
0
138.0
516.5
2305.0
441.5
0
0
383.0
0
1014.5
0
242.0
960.5
1454.0
811.0
0
3622.5
0
.5
0
1995.5
1138.5
0
1008.0
0
0
0
710.5
0
0
2411.0
2395.0
344.0
138.0
478.0
0
0
0
2374.5
1015.0
441.5
126.5
0
1782.5
126.5
0
1126.0
0
2727.5
0
7.0
120.5
1837.0
478.0
0
0
0
0
1078.0
0
0
0
0
0
730.0
2221.0
0
0
0
770.0
0
2455.5
522.5
68.0
0
539.5
2123.0
0
0
0
0
678.5
1805.5
1305.5
794.5
471.0
0
2407.5
126.5
0
0
1579.5
0
1781.5
916.0
591.5
0
1060.0
407.0
0
0
0
897.0
1533.0
2924.0
0
1077.5
424.0
1196.5
0
1605.0
359.0
1751.5
1582.5
0
1592.5
0
537.5
0
435.5
1998.0
640.5
0
0
478.0
0
8.0
1183.0
1144.5
1831.5
1318.5
0
0
126.5
0
0
0
0
0
138.0
0
947.5
138.0
0
1875.5
1277.0
1367.0
0
315.5
601.0
0
0
0
0
2042.0
0
0
0
0
424.0
0
0
1165.0
1764.5
1037.0
419.5
1429.5
0
0
2100.0
0
2312.5
489.5
0
2378.0
0
0
726.5
0
2506.0
138.0
692.5
613.0
2222.5
0
0
2401.5
0
1018.0
1055.0
523.5
0
751.5
2655.0
0
1350.5
0
138.0
0
390.5
0
1870.0
0
733.5
0
0
0
741.0
1358.0
1941.5
1664.5
0
1220.5
555.5
0
1386.0
905.5
0
0
0
0
1567.0
2727.0
1459.0
3087.5
0
0
1074.0
0
1602.5
0
138.0
138.0
0
684.0
1819.5
0
0
0
359.0
374.5
0
1352.5
0
1465.0
0
1089.0
0
0
0
2257.0
2065.0
3138.0
0
1643.5
1811.5
0
0
0
2831.5
0
804.5
0
0
1034.0
0
1189.0
0
126.5

1613.0
722.0
543.5
1162.5
424.0
790.0
753.5
0
1735.0
848.5
595.0
1041.0
1472.5
0
2087.0
831.0
1014.5
0
1008.0
68.0
0
0
641.5
0
767.5
497.0
0
0
344.0
0
419.5
1357.5
0
0
0
689.5
2078.5
1582.5
0
0
0
886.0
0
0
6.5
386.0
1824.0
0
991.0
2839.0
359.0
628.0
68.0
0
546.0
1300.0
2555.5
1372.5
2037.5
1008.0
2253.0
0
1004.5
1395.5
1603.5
1181.0
126.5
0
0
4.5
2535.5
1692.0
841.0
0
1140.5
0
1604.0
0
478.0
0
0
0.5
359.0
0
0
1082.5
0
1006.5
179.0
138.0
138.0
407.0
687.5
0
419.5
1246.0
743.5
829.5
478.0
0
904.5
0
0
0
2510.5
478.0
0
2023.0
704.5
489.5
2243.0
0
0
962.5
126.5
0
2619.5
1884.5
1211.5
428.5
0
653.5
179.0
1560.0
0
841.5
2153.0
0
418.0
0
0
0
0
348.5
126.5
0
704.5
68.0
0
1405.0
0
1389.5
2030.0
1535.5
0
2262.5
0
933.5
438.5
0
0
1931.0
1632.0
0
126.5
441.5
0
731.0
0
2161.0
138.0
0
0
302.0
0
659.5
1874.5
569.0
126.5
424.0
869.5
974.5
0
733.5
0
1691.5
2661.0
0
981.5
68.0
0
0
1545.5
2580.5
471.0
886.5
0
0
1253.5
0
1501.0
1389.5
2159.5
0
0
0
435.5
704.5
231.5
0
0
359.0
1407.5
2127.5
327.0
0
0
0
316.0
0
0
0
524.5
1162.5
0
1684.5
475.5
1788.0
1810.5
126.5
0
401.0
0
1124.5
714.5
0
0
829.5
0
0
0
0
138.0
1253.0
2208.0
419.5
0
1424.0
0
1461.5
598.0
2519.0
1958.0
1358.0
2644.0
1510.5
1722.0
0
1693.0
710.5
1127.0
1963.0
0
752.5
0
327.0
0
0
0
0
1191.5
2142.0
0
860.0
1478.5
0
1733.0
289.0
0
1664.5
569.0
2037.0
0
419.5
0
1706.5
126.5

1464.0
997.5
0
0
0
1419.5
2034.0
0
0
0
2145.5
1014.5
1842.0
0
1442.5
471.0
0
0
1588.0
1030.5
0
0
467.0
2268.0
1077.5
1294.5
128.0
0
1017.0
126.5
0
0
0
424.0
0
1427.5
1214.0
1764.0
0
1019.5
850.0
1543.0
2473.0
1880.5
0
680.5
1056.0
1786.0
652.0
1565.0
0
1810.5
68.0
0
991.0
1228.5
1140.0
183.5
848.5
0
.5
0
0
370.5
0
0
815.5
0
0
2453.5
1534.0
0
0
0
0
982.0
3294.5
1703.5
407.0
892.5
243.5
1402.5
1174.5
0
656.5
0
0
0
641.5
0
0
0
1782.0
0
2209.0
0
7.0
0
0
2631.0
0
0
407.0
0
0
2501.5
0
2312.5
68.0
0
0
0
2079.5
3283.5
569.5
1283.5
0
0
0
489.5
2165.0
1555.5
0
0
300.5
1618.5
138.0
1522.0
288.0
846.5
1881.0
459.5
1252.5
0
1717.5
0
435.5
1482.5
1427.5
0
424.0
0
1363.5
920.5
0
1372.5
0
438.5
2269.5
0
0
1490.0
407.0
0
0
2635.5
0
138.0
1839.0
1675.0
0
2384.5
1340.5
419.5
126.5
0
0
126.5
1531.5
0
138.0
1831.0
1283.0
0
1038.0
0
0
0
471.0
2778.0
68.0
608.5
1000.5
965.0
656.0
126.5
0
0
829.5
695.5
0
881.5
126.5
419.5
1953.5
0
0
0
138.0
0
464.5
68.0
1429.5
2186.0
1193.0
1654.0
0
1628.5
964.5
0
.5
848.5
506.0
1875.5
1258.5
2840.5
0
1139.0
68.0
618.5
1536.0
1040.0
0
2161.0
0
0
1654.0
0
0
1477.5
497.0
0
0
0
4.5
0
2392.0
0
0
2417.0
721.5
68.0
115.5
1974.0
0
0
0
0
0
344.0
2262.0
2514.0
0
0
0
1831.0
875.0
0
0
830.0
1778.5
253.0
68.0
1121.5
1317.0
68.0
849.5
755.5
1298.5
749.0
2442.5
1789.5
0
0
736.0
0
2631.5
0
0
1289.5
478.0
179.0
1292.0
0
2675.5
1943.5
1604.5
2375.5
1250.0
2171.0
607.0
0
0
523.5
300.5
1456.0
359.0
0
2111.0
435.5

2075.5
2267.0
2157.0
0
0
0
1748.0
1770.5
0
0
1202.0
0
0
0
179.0
0
0
2444.0
659.5
719.0
1748.0
0
0
0
0
2595.5
0
0
1694.0
68.0
2284.5
0
0
926.5
0
0
2219.0
2275.0
0
838.5
717.0
1650.0
2023.5
383.0
370.5
138.0
68.0
0
0
0
0
2560.0
0
1138.0
0
2247.0
0
576.5
459.5
0
0
0
68.0
0
4.5
0
138.0
0
2381.0
2295.0
0
0
0
1007.0
1737.5
0
0
581.5
0
3520.0
770.0
814.0
0
424.0
652.0
1041.5
2097.5
0
0
756.5
0
2144.0
1788.5
0
0
126.5
0
0
1201.0
0
0
0
2126.5
0
0
1494.5
0
0
0
0
3045.5
0
1511.5
1688.0
419.5
0
627.0
1334.5
0
68.0
964.5
0
418.5
0
1870.5
1544.0
0
1478.5
1066.5
1736.5
1284.5
1104.5
126.5
0
126.5
1740.0
0
401.0
2213.5
0
0
1156.5
250.5
1881.5
2071.0
1036.5
0
418.5
2416.5
408.5
0
1988.0
0
1712.5
0
1811.5
0
1092.5
1225.5
1697.0
0
0
0
1591.5
370.5
0
2443.0
1414.0
1785.5
2386.5
2017.5
481.0
1556.0
0
1909.0
3626.5
1887.5
1851.0
495.5
938.0
1458.0
993.0
1791.5
264.5
848.0
1540.5
0
1115.5
1926.0
1424.5
1627.5
582.5
0
68.0
68.0
1532.0
2628.0
1855.5
1435.5
993.5
0
0
1788.0
2331.5
0
758.5
332.0
0
790.0
0
0
1619.0
2783.0
848.5
1196.5
0
0
1861.0
459.5
1129.0
1037.5
607.0
68.0
1182.5
0
0
1283.5
2008.0
0
126.5
0
0
0
2810.0
0
738.5
68.0
2496.0
300.5
126.5
0
459.5
1350.0
1433.0
2357.0
0
0
0
770.0
1942.0
1718.5
777.5
0
68.0
2708.5
0
2304.5
2490.5
0
2282.5
0
2073.0
0
68.0
1293.0
1367.0
1438.0
365.5
2244.5
1087.5
968.5
0
2481.0
489.5
1945.5
566.0
138.0
1797.5
0
0
2913.5
0
1748.5
0
1325.5
1303.5
0
0
1921.5
1624.5
438.5
1558.5
1941.0
2589.0
527.0
0
1085.0
1892.0
0
2938.5
2943.0
0
3125.0
0
2499.0
1809.5
0
0
0
0
0
758.5

0
508.5
1365.5
2960.5
653.0
680.5
1852.5
1792.0
793.0
2352.0
0
2988.0
622.5
68.0
0
478.0
0
0
692.0
0
2761.0
704.5
1885.5
0
0
1752.5
138.0
288.0
1764.5
0
581.0
0
126.5
1802.5
1129.0
0
1618.5
1528.0
739.0
0
0
0
1014.5
497.0
1715.5
469.5
0
2152.0
1238.0
533.5
1368.0
0
179.0
2718.0
736.0
68.0
993.0
0
0
0
3003.0
0
4074.5
407.0
1083.5
779.5
0
1923.0
0
1456.0
0
1662.5
0
68.0
2418.5
2594.0
435.5
0
0
1678.5
2092.0
1039.5
1068.5
1956.0
1408.5
0
1571.5
864.0
0
0
302.0
2301.5
0
1874.0
126.5
1586.5
288.0
0
1931.0
758.5
0
0
1975.0
0
294.5
622.0
0
659.0
2050.5
0
528.0
0
901.5
1882.0
0
2705.5
1624.5
534.5
0
1326.5
0
126.5
1965.5
1343.0
0
1485.0
3125.0
0
0
1180.0
1635.5
2258.5
1138.5
1371.5
0
737.5
0
1190.0
68.0
1805.5
0
0
1699.0
905.0
2287.0
0
0
1054.0
138.0
539.5
0
1016.5
771.5
1888.0
68.0
489.5
0
68.0
1997.0
0
0
0
1943.0
0
1420.0
0
0
0
0
300.5
994.0
0
0
958.5
582.0
771.0
0
0
1986.5
128.0
418.5
1916.0
489.5
983.0
1130.5
0
2375.5
1418.0
0
734.0
383.0
2606.0
0
993.0
1822.0
1345.0
1593.0
1238.5
1472.0
1693.0
0
0
1749.0
0
1641.0
1228.0
1321.5
1613.5
710.5
424.0
652.0

1802.5
0
0
1893.0
0
549.5
755.5
0
1521.0
710.5
2885.5
1798.5
344.0
2404.5
0
1724.5
1051.5
2155.0
1693.5
1578.5
0
0
4.0
960.5
2080.5
1551.5
0
2578.0
0
2560.0
0
947.0
0
424.0
2231.0
665.0
848.5
126.5
489.5
1721.5
0
2155.0
1882.5
999.5
1177.5
126.5
0
0
419.5
1519.0
994.0
0
0
1765.5
0
0
1123.0
424.0
0
0
0
0
915.5
1941.5
0
438.5
1146.5
0
1048.0
2377.5
1396.0
948.0
0
370.5
3025.5
0
0
407.0
0
1715.5
1027.0
0
3444.5
0
1808.0
183.5
0
1772.0
0
1710.0
2476.5
0
0
2280.0
0
126.5
120.5
1916.0
489.5
0
374.5
0
0
0
1773.0
1982.0
355.5
0
0
0
702.0
879.0
672.5
0
790.0
183.5
0
344.0
0
2112.5
806.0
1512.0
0
707.0
365.5
374.5
0
3329.0
1704.0
0
716.0
2440.0
0
418.5
0
1400.0
0
1010.5
1509.0
1108.5
302.0
0
0
734.0
1404.5
0
1318.5
0
0
777.5
3384.5
2730.5
1531.0
1951.0
1908.5
1197.0
0
0
453.0
1991.0
2328.0
0
0
0
1545.0
0
68.0
1535.5
2309.0
667.5
1235.5
3001.0
0
126.5
470.5
2197.5
0
0
825.5
663.5
0
3462.0
1298.0
0
0
2202.0
0
1431.5
68.0
1642.0
478.0
0
0
0
1068.5
1287.0
0
1081.5
0
739.0
1716.0
1658.0
2305.0
0
0
0
1039.0
0
2882.5
516.5
0
793.0
726.0
419.5
941.5
1395.5
0
0
787.0
0
591.5
68.0
2550.5
0
0
0
0
68.0
663.0
830.0
656.5
1195.0
0
68.0
0
0
0
2291.0
2900.0
0
0
0
0
1718.5
1815.0
2354.5
0
1447.5
619.5
1989.0
2279.0
1723.0
481.0
2500.5
831.5
0
1327.0
908.5
0
807.5
516.5
138.0
1809.5
1211.5
524.5
0
0
68.0
0
1293.0
365.5
0
68.0
243.5
0
0
0
0
624.5
488.0
0
68.0
413.0
635.0
0
2688.5
3130.0
0
68.0
0
613.5
2441.5
2919.0
805.0
438.5
0
419.5
1491.5
800.0
1900.0
1438.0
0
2457.0
722.0
687.0
2157.0
871.0
0
0
126.5
1323.5
419.5
1947.5
126.5
920.0
948.0
2170.0
348.5
1637.5
1078.5
0
932.5
1377.5
1094.5
2024.0
883.0
636.0
0
0
2247.5
1317.5
790.5
407.0
1658.5
1137.5
1681.0
0
0
2531.5
1279.5
3944.0
1952.5
68.0
866.5
0
707.5
1160.5
1444.0
0
0
126.5
68.0
2650.5
0
770.0
0
1312.0
424.0
1038.5
1868.5
851.0
680.5
0
1543.0
2186.5
359.0
2778.5
370.5
624.0
0
0
998.5
467.0
1146.0
0
0
583.0
0
0
0
0
5.5
0
0
302.0
0
2385.5
0
583.0
1251.5
1943.0
0
2492.0
1459.0
1895.5
383.0
1104.5
1998.0
0
1578.5
1019.5
0
1.5
787.0
0
2572.0
68.0
0
2929.0
1254.5
0
1673.5
2745.0
2636.5
692.0
243.5
1226.0
370.5
2667.5
1196.5
775.5
0
3701.0
0
753.5
2241.5
3005.0
355.5
779.5
0
138.0
841.0
0
1473.5
1707.0
2828.0
2880.5
948.5
0
0
0
0
0
419.5
0
0
0
2023.0
1305.0
1535.5
757.0
2749.0
0
126.5
0
2351.5
2159.0
1939.0
0
1136.5
0
0
0
652.0
1333.5
2854.5
438.5
593.5
2447.0
0
0
2587.0
0
2589.0
0
2335.5
0
68.0
2455.0
0
3370.0
0
1969.5
0
1507.5
2161.0
0
1367.0
2060.5
1477.5
1059.0
586.5
2677.0
0
68.0
0
0
0
359.0
0
2557.5
68.0
0
741.0
2101.0
0
0
0
2120.5
1427.5
2478.0
0
1606.5
471.0
231.5
880.0
68.0
0
0
0
0
0
0
1581.5
1490.5
2302.5
68.0
561.5
418.5
2077.5
4013.0
374.5
0
993.0
0
0
0
0
523.5
943.5
0
1469.0
126.5
1648.0
2213.0
359.0
0
707.0
0
2037.0
68.0
1422.0
880.0
1372.5
848.5
1820.5
941.5
2949.5
1897.5
1677.0
0
0
0
0
2867.0
126.5
959.0
68.0
2026.0
2124.0
584.5
0
2336.0
0
2555.0
0
126.5
2142.0
2674.0
126.5
0
0
1238.5
0
541.0
2007.0
2074.0
1858.0
0
.0
0
355.5
126.5
1899.0
1231.0
1338.0
242.0
478.0
1183.0
0
2260.5
536.0

1547.5
0
583.0
1263.0
383.0
0
906.0
0
764.5
0
126.5
348.5
0
417.5
1727.5
846.0
2013.5
1283.5
68.0
1513.5
0
2637.0
2281.0
359.0
1199.0
0
0
830.5
0
2102.5
0
0
0
370.5
2243.5
0
2613.5
0
0
0
0
0
0
2184.5
0
2345.0
1439.0
1647.0
1547.0
931.5
2896.0
419.5
0
0
474.5
0
1040.0
68.0

390.5
2079.5
68.0
2308.5
306.0
0
710.5
2468.5
756.5
419.5
0
889.0
0
3082.5
1209.0
0
1739.5
0
0
0
2056.5
126.5
0
1397.5
478.0
1087.5
126.5
2266.5
2644.5
2440.0
0
1604.5
2191.0
0
582.5
1632.0
0
908.5
1514.5
1148.0
2517.5
0
1444.0
2247.5
1007.5
497.0
804.5
0
1793.0
1098.0
1676.5
1377.5
0
68.0
2283.0
1732.0
302.0
2415.5
0
68.0
0
128.0
0
0
2056.5
726.0
138.0
1533.0
348.5
0
0
0
68.0
1406.0
0
1071.5
478.0
2183.5
370.5
2165.0
370.5
0
1056.5
0
663.5
0
0
0
1321.5
424.0
901.5
0
1461.5
1586.5
2784.0
2443.0
1519.0
898.0
1975.5
3060.0
936.5
0
1896.0
770.0
3531.0
2265.5
0
1443.5
831.0
3097.5
2071.5
1051.0
1315.0
478.0
0
1527.5
68.0
1583.0
0
720.0
0
1001.5
0
1960.0
2593.0
1687.5
0
1494.5
1743.5
407.0
138.0
1120.0
2282.5
2263.5
1586.0
753.5
1274.5
1213.5
1869.0
793.0
771.0
1234.0
3220.0
635.0
0
126.5
2553.0
1137.5
2002.0
1126.0
989.5
1300.0
1098.0
1164.0
0
0
1134.5
0
1020.5
0
316.0
946.5
0
1339.0
0
0
1431.0
1106.0
0
2041.5
0
1298.0
0
68.0
1962.0
667.5
0
0
478.0
0
459.5
453.0
700.0
1199.0
419.5
1595.0
0
2141.5
1103.5
1610.0
857.5
126.5
68.0
404.5
1757.5
884.0
0
848.5
1460.0
2915.0
656.5
1234.5
1384.0
0
877.0
1627.0
2249.0
0
1896.0
1247.5
1525.0
1647.5
2226.5
0
1599.5
1835.5
941.5
733.5
901.5
0
1836.0
1797.5
1350.0
1331.0
2011.0
2615.5
0
0
0
0
0
726.0
0
0
0
1217.5
0
0
0
692.0
1160.0
516.5

875.5
0
359.0
809.5
1214.0
1839.5
981.5
663.0
68.0
1759.0
865.5
583.0
231.5
727.0
0
835.5
3018.5
987.5

0
0
0
861.5
0
138.0
0
2198.0
2532.5
1024.0
1638.0
1647.5
1563.0
2463.0
0
300.5
607.0
126.5
616.0
652.0
0
0
2472.0
1259.5
1458.0
0
128.0
1833.5
126.5
0
913.0
1248.5
424.0
1574.0
126.5
0
1503.0
1473.0
2396.5
2015.0
0
1472.5
2172.5
2880.5
684.0
0
2576.5
1110.5
68.0
0
0
1564.0
837.5
1974.0
771.0
0
1726.0
2954.0
0
709.0
1087.5
2150.0
671.0
68.0
2195.0
1754.5
1969.5
1531.5
1987.01174.0
0
3090.0
2542.0
126.5
138.0
1982.0
68.0
497.0
370.5
0
1930.0
0
1752.5
2636.0
126.5
1684.5
1845.0
1582.0
622.5
841.0
68.0
1915.0
2602.5
1778.5
1069.5
419.5
452.5
1051.5
194.5
1921.5
2162.0
1879.5
419.5
1014.5
0
1563.0
0
704.5
0
1793.0
0
558.5
1267.0
365.5
0
0
138.0
0
2463.0
1336.5
394.0
1521.5
138.0
418.5
2231.0
792.5
1719.0
848.5
453.0
1708.0
2641.5
554.5
128.0

0
3866.5
1736.5
0
186.5
651.0
1558.5
1994.0
419.5
786.5
0
435.5
1781.5
365.5
775.5
771.5
2139.5
1227.0
2045.0
0
424.0
898.5
424.0
1517.0
138.0
1876.5
1085.5
704.5
2407.0
1178.5
2009.0
2186.0
3672.5
756.5

1839.0
603.0
2754.0
1087.5
478.0
1938.5
68.0
3293.0
68.0
2475.5
126.5
1371.0
68.0

418.5
0
932.5
1000.5
2450.0
1317.5
68.0
891.5
529.0
289.0
0
3353.0
886.5

2198.0
2414.0
313.5
0
1414.0
0
0
0
1041.0
1556.0
2952.0
1780.5
1171.5
1211.5
126.5
876.0
1686.0
0
313.5
0
2031.5
68.0
2121.5
1480.5
906.0
1054.0
0
2349.0
1651.0
1026.5
0
1599.0
950.5
0
778.5
359.0
542.0
2617.5
0
789.0
1347.0
0
1200.0
1969.5
0
0
1511.0
365.5
2084.5
0
2187.5
1807.5
0
789.0
680.5
68.0
1323.0
0
771.0
1900.0
636.0
138.0
888.0
0
775.5
2846.0
1576.5
1331.5
1100.0
1570.0
775.5
1885.0
453.0
0
1256.0
0
805.0
2900.0
1712.5
1471.0
869.5
1934.5
731.5
1355.0
1952.5
316.0
602.0
407.0
775.5
0
68.0
435.5
1668.5
1588.0
639.5
1843.0
1202.0
3397.5
126.5
1336.5
0
900.0
1897.0
0
1570.0
1706.5
0
0
0
1972.0
0
1756.0
1435.0
1013.5
1263.0
944.5
0
717.0
365.5
2035.5
68.0
1614.5
478.0
0
0
138.0
1516.5
792.5
1492.5
996.0
2078.5
0
787.0
715.0
1876.5
0
359.0
0
0
983.0
2374.0
0
581.5
0
0
0
1698.5
0
2146.5
472.0
0
0
1573.5
1882.5
2563.5
1370.0
1159.0
0
0
2063.0
68.0
726.0
1455.0
1598.5
1247.0
1933.5
0
0
365.5
0
476.0
2333.5
1108.5
276.5
895.0
126.5
0
933.5
128.0
1468.5
68.0
0
2124.0
0
867.5
359.0
1381.0
1566.5
68.0
1407.5
1025.5
0
692.0
656.5
1248.5
419.5
2211.5
1819.5
796.0
0
1972.5
1268.5
0
0
1642.5
1122.0
1668.5
0
1416.5
841.0
3002.0
3074.0
2320.0
982.0
0
0
0
692.0
0
863.5
0
0
0
68.0
872.5
1956.5
1448.5
741.5
0
163.0
0
471.0
0
359.0
1310.5
672.5
478.0
1412.5
2627.0
1394.0
419.5
2053.0
138.0
2047.0
1349.5
1064.0
1540.0
68.0
2497.5
316.0
2163.5
0
0
946.5
595.0
243.5
2507.5
2187.0
2761.5
359.0
2001.5
68.0
370.5
913.5
418.5
497.0
1160.5
1647.5
126.5
3429.0
0
0
0
68.0
613.0
253.5
1614.5
0
1254.0
703.5
1552.0
770.0
302.0
242.0
0
0
2654.5
1646.5
598.0
1753.0
1111.5
0
1807.0
2126.0
0
1284.5
1611.5
872.0
996.5
1933.5
478.0
786.5
0
2870.0
0
1920.5
126.5
1016.5
1325.0
1369.5
1296.0
2615.0
2362.5
889.5
1492.5
951.5
2061.0
497.0
0
179.0
1725.5
0
1437.5
2049.0
949.5
1174.0
1678.0
793.0
667.5
0
0
950.5
1270.5
0
0
0
1857.5
3053.5
0
1457.5
1291.5
985.0
926.5
2415.5
1643.5
1238.5
0
700.0
2530.0
2066.0
1661.5
1689.0
2804.0
1553.0
1878.5
1975.0
0
230.5
1589.0
848.5
656.5
1310.5
0
0
419.5
651.0
0
0
115.5
359.0
2869.0
647.5
0
1719.5
875.5
1307.0
649.0
0
68.0
633.5
2465.0
1123.0
635.0
179.0
0
578.0
0
383.0
1939.5
639.5
418.5
68.0
0
1267.0
1110.0
1034.0
1267.0
2449.5
648.5
1156.0
771.0
0
0
1108.0
1084.5
829.0
348.5
1381.0
138.0
186.5
640.5
745.0
68.0
0
1177.5
523.5
243.0
918.5
348.5
453.0
419.5
1454.0
0
1671.5
789.0

0
2110.5
0
960.0
0
1480.0
68.0
0
2528.5
944.0
905.5
1161.5
2306.5
653.0

0
1611.0
1681.5
703.5
508.5
2370.0
581.0
1774.5
2030.5
1829.5
895.0
1071.0
128.0
785.5
1387.0
365.5
1831.0
2260.5
0
2446.5
1852.0
1535.0
242.0
568.5
1226.5
183.5
0
2149.5
0
126.5
68.0
967.0
1626.0
1683.5
0
138.0
0
348.5
2249.5
0
3.0
742.0
300.5
0
0
0
0
126.5
0
316.0
0
458.0
2799.0
2913.0
370.5
1689.0
359.0
1175.5
1922.0
1348.0
0
1303.0
497.0
1309.0
533.0
1496.0
0
1511.0
3539.0
618.5
126.5
726.0
438.5
1980.5
0
937.0
1837.0
794.5
600.5
0
1958.0
1022.5
1037.0
717.5
1615.5
419.5
0
0
2058.5
1454.0
828.5
120.5
300.5
1632.0
183.5
926.5
1795.5
138.0
0
1965.0
707.0
448.0
179.0
812.0
987.0
1434.5
407.0
2432.0
1633.5
1139.0
1508.0
1373.0
0
0
115.5
1018.5
2406.0
2187.5
0
0
126.5
602.0
1893.0
2032.5
302.0
1704.5
0
793.0
0
783.0
1144.5
68.0
2062.5
365.5
1955.5
1448.0
489.5
0
424.0
2035.0
957.0
733.5
671.0
375.5
533.0
1574.5
508.5
0
126.5
860.0
1394.0
1612.5
365.5
0
418.5
1523.0
2127.5
835.0
126.5
1727.5
68.0
0
1774.5
1076.0
0
1589.5
464.0
1075.0
0
253.0
1533.5
1146.0
771.5
1706.0
541.0
285.5
790.0
1739.0
790.0
0
0
582.5
956.5
1337.0
1642.0
756.5
126.5
0
839.0
0
316.0
464.0
348.5
1543.5
2056.5
0
787.0
716.0
938.5

1212.5
0
478.0
787.0
1725.0
467.0
1142.0
0
1942.5
365.5
518.0
1590.0
1161.5
126.5
355.5
1238.5
1728.5
401.0
1473.0
1507.0
419.5
1310.0
1636.5
2814.5
1085.0
684.0
0
0
300.5
1364.5
906.5
68.0
2270.0
126.5
68.0
313.5
0
68.0
1762.0
1165.0
1197.0
595.0
435.5
663.5
1238.5
615.5
984.0
0
285.5
1765.0
1755.5
2411.0
1175.5
0
0
416.0
0
68.0
757.5
1616.5
1298.0
0
68.0
68.0
519.5
1760.0
1925.0
1543.5
401.0
1413.0
1027.0
707.5
303.5
0
2351.0
115.5
1557.0
0
2271.5
1410.5
719.0
2296.0
775.5
435.5
441.5
778.0
934.5
416.0
459.5
2543.0
1207.0
0
1475.5
68.0
0
811.5
0
0
3029.0
1986.5
0
2307.0
1920.5
68.0
497.0
138.0
530.5
755.0
1106.5
68.0
1893.0
474.5
1215.0
1027.0
0
919.0
453.0
1380.0
0
563.5
1296.0
2414.5
1257.5
2376.0
968.5
1544.0
3529.0
2696.5
1076.5
68.0
1117.5
3937.0
663.5
68.0
126.5
1844.5
1520.5
0
2131.5
1040.5
1971.0
1736.5
1497.5
719.0
653.5
68.0
138.0
1130.5
370.5
937.0
2777.5
1324.5
2059.0
1068.5
1616.0
1106.0
0
2900.0
2046.5
138.0
1649.5
0
68.0
714.5
2101.0
1565.0
68.0
548.5
989.0
1080.5
3300.5
1552.0
771.0
1454.0
0
829.5
1241.5
809.5
1229.0
2683.5
1881.5
1707.5
68.0
1540.0
765.5
2662.0
1376.0
438.5
68.0
1946.5
126.5
316.0
1643.5
0
581.0
1558.5
68.0

115.5
68.0
1361.0
1147.5
0
1105.0
1673.5
300.5
474.5
423.0
438.5
1490.0
2519.5
0
2902.0
2743.5
1000.5
1521.5
1300.5
1661.5
2110.0
2178.0
631.0
1154.0
1590.0
0
665.0
1383.0
1141.5
2168.0
1441.5
0
1963.0
68.0
1069.0
1293.5
646.0
1776.5
809.5
1952.5
0
1514.5
2404.5
497.0
1080.0
1092.5
416.0
1517.5
690.5
1517.5
1193.0
535.0
1726.5
0
1751.0
424.0
1584.5
1379.0
1449.0
3523.5
68.0
126.5
2061.5
1404.0
998.0
528.0
771.5
503.5
1633.5
1614.5
0
767.0
2330.5
2047.0
365.5
1975.5
0
1077.5
2082.0
940.5
955.0
1745.0
896.0
0
0
1621.5
1626.0
2054.5
804.5
435.5
1510.0
2628.5
1442.5
1994.0
1776.5
1243.5
1899.0
2234.5
365.5
419.5
1246.5
68.0
1154.0
1493.5
1516.5
582.5
1133.5
2032.5
2058.5
686.5
365.5
365.5
1895.5
2379.5
1736.5
1096.0
2251.0
734.5
952.0
138.0
2408.0
0
427.0
2214.0
1954.5
2642.5
2238.0
0
0
2106.0
1673.5
68.0
918.5
136.0
1574.5
68.0
2001.0
1830.5
2230.5
1178.0
1340.5
2125.5
1231.0
126.5
424.0
595.0
2616.5
68.0
1073.5
1193.0
2291.0
359.0
2747.5
595.0
1965.5
243.5
758.5
2677.0
287.5
1320.0
2213.5
1731.0
1297.5
0
1452.5
2148.5
739.0
717.0
2237.5
1700.5
2314.5
68.0
1102.5
1737.0
68.0
296.0
2012.5
253.5
1132.0
1986.0
68.0
1475.5
2341.5
0
672.0
2368.5
948.5
771.0
302.0
787.0
2023.5
1734.0
0
1513.0
1848.0
1784.5
571.5
348.5
285.5
3309.5
1954.0
831.0
348.5
641.5
1393.5
230.5
138.0
736.0
637.0
2064.0
0
1157.5
1119.0
671.0
1497.5
1699.5
1211.5
948.0
68.0
1841.0
2096.0
138.0
1762.5
3267.5
438.5
2379.5
2223.0
1295.0
1207.5
641.5
1654.5
2379.0
1308.0
2642.0
438.5
370.5
1249.0
2088.5
1004.0
68.0
1509.5
523.5
652.0
1708.0
230.5
138.0
471.0
68.0
1454.5
2188.0
1787.0
2370.5
407.0
2242.5
2386.0
1424.0
1485.0
1202.0
859.5
370.5
2459.0
1289.0
478.0
128.0
1300.5
886.0
285.5
1707.0
1516.5
2351.5
1246.0
419.5
2281.0
1478.0
489.5
1167.0
717.0
884.5
478.0
1496.5
1439.0
3122.0
1411.5
1061.0
1490.0
946.5
1379.0
2605.0
4934.0
68.0
3173.5
126.5
459.5
834.5
584.0
365.5
2346.5
708.5
1546.0
0
1513.0
1320.0
3409.5
3402.5
719.0
583.0
740.0
126.5
1757.5
1160.5
359.0
68.0
1544.5
2231.0
418.5
316.0
1917.5
0
1900.5
841.0
1393.0
997.5
405.5
2268.5
898.5
383.0
2129.5
2894.0
1822.0
2324.0
879.5
1743.0
68.0
2739.0
2206.0
1926.0
1488.0
1372.5
1562.0
965.0
68.0
1122.0
1924.0
1387.5
2234.5
786.0
1038.5
1348.0
1475.5
2353.0
2492.5
899.5
1200.0
476.0
2315.5
1408.5
2443.0
316.0
1844.0
2228.5
1664.0
535.0
1271.0
450.5
713.5
438.5
126.5
1610.0
1808.0
2587.0
497.0
1561.5
652.0
68.0
1829.0
2207.0
1924.5
1709.5
1037.0
533.0
2588.0
1930.5
2097.5
68.0
1808.0
1395.5
717.0
1943.0
1660.0
1130.0
1552.5
2639.5
478.0
316.0
2213.5
2237.5
2318.0
1256.5
1530.5
1897.0
467.0
2064.0
2374.0
126.5
0
478.0
68.0
68.0
2222.5
1630.0
401.0
2267.0
0
611.0
0
2404.5
1661.5
1688.5
932.0
2306.5
931.0
3072.5
0
1250.5
734.5
419.5
1004.0
285.5
2965.0
2031.0
1460.5
2689.0
2019.5
1399.0
2455.0
1744.0
1203.5
2271.0
639.5
3573.5
1810.5
2592.5
1543.5
68.0
126.5
1658.5
1051.0
1166.5
524.5
594.0
478.0
1553.5
1848.0
2596.5
505.0

68.0
2286.0
1865.0
1601.0
2263.5
3647.0
497.0
1145.0
243.5
2444.0
1956.0
1560.5
1294.0
1127.5
68.0
2559.5
243.5
2422.0
2594.5
126.5
1784.5
138.0
0
959.0
1536.0
489.5
1770.0
489.5
190.5
775.5
1710.0
2297.5
690.5
2202.5
1837.5
721.5
3345.5
2508.5
126.5
1609.5
2005.0
1126.0
581.0
1982.5
1840.0
2299.0
1493.5
1100.5
2891.0
829.5
2140.5
2194.0
1056.5
2640.5
2266.5
2843.5
2390.5
1718.0
1609.5
1407.5
1651.5
2439.0
829.5
508.5
2056.0
478.0
2012.5
931.5
2116.5
2136.5
1508.0
2547.5
2213.0
1530.5
2020.0
2398.5
914.0
1102.5
370.5
0
2896.0
68.0
2437.0
1641.0
2004.5
2112.0
611.0
1487.5
590.0
2465.5
1160.5
1821.0
1217.5
1515.0
2792.0
1989.0
1899.5
2201.0
138.0
1898.0
0
0
3235.5
1884.0
1789.0
359.0
2539.0
438.5
0
3435.5
401.0
1421.5
1332.0
2720.5
2604.0
533.5
1580.5
2327.5
895.5
1722.0
1280.5
0
1269.0
671.0
1898.0
2096.0
593.5
2702.5
1682.5
1947.0
581.0
651.0
2221.5
2610.5
2409.0
1393.5
2193.5
1719.5
2047.0
869.5
2244.5
68.0
0
257.0
1953.0
2313.0
889.0
348.5
771.5
1170.0
911.0
419.5
1497.5
1621.0
967.0
760.5
68.0
1439.0
2946.0
1763.0
0
1913.5
2209.0
0
1964.5
1082.5
1357.5
1057.0
1569.0
1552.5
1053.0
1216.0
1428.0
68.0
3211.0
2327.5
68.0
812.5
2934.5
2888.5
1588.5
804.5
1138.0
847.0
3124.5
2561.0
1701.0
566.0
665.0
706.5
683.5
548.5
489.5
2142.0
1685.5
0
1102.0
1687.0
1354.5
3022.5
2622.5
1963.0
1788.5
1058.0
1641.5
3171.5
1123.0
2272.5
1320.0
1616.0
1613.5
0
1396.5
2180.5
1726.5
2432.0
2343.0
0
2251.5
1836.0
2811.5
656.0
332.0
1534.5
2931.5
677.5
348.5
1596.5
68.0
913.0
257.0
1885.0
0
891.0
1440.5
2073.5
805.5
2492.5
1846.5
2173.5
790.0
1967.5
1356.5
2042.5
1890.0
0
793.0
0
1823.0
0
2702.0
289.0
1654.0
2633.5
383.0
0
0
2022.5
949.5
138.0
1055.5
2446.0
1071.5
126.5
2893.5
1339.5
2731.0
2906.0
0
1640.0
3071.5
1330.5
1323.0
128.0
68.0
1095.0
1528.5
1263.0
1555.0
2133.5
1094.0
2617.0
2526.5
848.5
829.5
1620.5
1477.5
2126.0
2020.0
359.0
1019.5
725.0
2004.5
2721.5
2342.0
3013.0
478.5
3034.0
68.0
934.5
2235.5
458.0
1883.5
2840.5
348.5
1336.5
68.0
1768.5
698.5
489.5
1564.0
1667.5
2333.5
2318.5
733.5
0
1861.0
1831.5
1316.5
1421.5
1386.5
805.0
2606.5
2833.0
1421.0
374.5
1383.5
2156.0
2142.5
2389.0
401.0
68.0
2679.0
2378.5
1979.0
2890.5
2641.0
1424.5
3982.5
1205.5
964.5
0
1712.0
1579.0
1037.0
1975.0
1462.0
1986.5
1180.0
848.5
1621.5
1772.5
0
943.5
1732.0
2718.0
2131.0
1053.0
1670.5
0
1868.5
2023.0
2106.0
126.5
1885.5
1633.0
2055.5
2333.0
1507.5
2964.5
419.5
1670.5
2707.5
316.0
1181.5
344.0
714.5
2025.5
126.5
1432.5
1452.0
1934.5
0
2328.0
2593.5
2091.0
2260.0
2334.5
236.0
1139.0
406.0
348.5
508.5
656.0
1771.0
1795.0
851.0
1438.0
792.5
1220.5
3115.5
3368.5
1211.5
1338.5
0
1956.0
1335.0
348.5
2216.0
1444.5
2087.5
1839.5
1127.5
1756.0
1455.0
3886.5
138.0
699.0
1113.5
717.0
2500.5
478.0
2702.0
348.5
2514.0
401.0
2372.0
1547.5
671.0
3394.5
1748.0
2664.5
2726.0
2401.0
1328.0
1214.5
2323.0
1813.0
1601.5
68.0
2755.5
0
1512.5
1522.0
478.0
1931.5
413.0
313.5
1423.5
0
1845.5
0
1721.0
2711.5
0
68.0
128.0
2651.0
659.0
724.0

1555.0
2303.5
2514.0
1320.0
1914.0
3166.5
2182.0
1078.5
0
1443.0
1236.0
2208.5
68.0
602.0
0
1955.0
516.5
1200.0
1263.0
1799.5
0
68.0
2326.0
2651.5
0
1761.0
2597.0
2546.5
1701.0
3327.0
2574.0
2854.0
1260.0
2437.0
1922.0
2254.5
126.5
285.5
1692.0
1884.0
1683.0
2242.5
1682.0
546.0
2341.5
1797.5
1956.0
68.0
2511.5
2945.5
1552.5
1911.0
2137.0
1050.0
0
1788.5
2511.0
2731.5
68.0
1555.5
786.5
956.5
419.5
2621.0
2982.0
2055.0
895.5
1904.5
1908.0
2188.0
316.0
1279.0
770.0
365.5
2783.5
2494.5
3416.5
138.0
1409.0
1761.5
3228.5
2524.0
2411.5
1862.0
2641.5
2659.0
138.0
300.5
0
1820.5
1830.0
695.5
438.5
1712.0
752.5
1268.5
2065.0
1954.5
2460.5
126.5
1935.5
1982.0
1971.5
0
478.0
2051.0
2329.5
2777.5
1146.5
846.0

2382.5
2417.5
2414.0
0
2629.0
2358.0
126.5
2138.0
1266.5
1855.0
2264.0
1141.5
614.0
2020.0
0
68.0
1538.0
1369.0
2131.0
0
383.0
1708.0
2689.0
2112.0
2453.0
2091.5
2866.5
2946.0
566.0
1373.0
2239.5
421.0

2189.0
1920.5
1660.0
2230.0
1031.5
68.0
1759.0
1169.5
1368.5
1004.0
1438.5
441.5
2006.0
2881.5
1666.5
2077.0
3766.5
1517.0
1741.5
2160.5
1476.0
980.5
2080.0
926.0
1535.5
1610.5
1492.5
2208.5
0
2716.0
1576.0
718.5
1911.5
1362.5
2669.5
2320.5
1216.5
793.0
1968.5
458.0
564.0
1546.5
2971.0
929.0
438.5
956.0
1700.5
2565.5
424.0
2419.5
2565.0
1705.0
1892.5
1781.5
1567.0
2170.5
806.0
1405.5
996.0
0
3111.5
1984.0
365.5
1343.5
1636.5
707.5
1127.0
370.5
1697.5
2481.0
1896.5
508.5
1788.5
1211.5
0
0
1984.0
2490.5
1407.5
3071.0
813.0
2112.5
300.5

1468.0
518.0
955.5
2667.5
1694.0
757.5
524.0
1986.0
1873.5
736.0
2882.5
2245.5
332.0
2032.0
553.0
1446.0
2299.5
1033.5
2641.5
1998.0
1960.5
1482.5
68.0
359.0
438.5
919.5
313.5
2552.0
884.5
285.5
1596.5
1022.0
1073.0
1092.0
713.5
931.5
2079.0
736.0
1348.5
3196.5
1702.0
2428.5
2323.5
2007.0
1391.5
2563.5
2791.0
1050.0
2386.0
2045.5
1961.0
1935.5
2151.0
3831.5
1358.0
1581.5
1779.0
2116.0
1793.0
1938.0
2068.0
1346.5
2186.0
2642.0
2193.5
633.5
1771.5
1831.5
743.5
2359.0
68.0
1588.5
758.5
1163.5
1648.5
383.0
1577.0
3228.5
419.5
1267.5
3835.5
1057.5
2395.0
1064.0
700.0
2142.5
1023.5
1882.5
793.0
425.5
866.5
401.0
2535.5
508.5
792.5
2038.0
1316.0
1292.5
784.0
1477.0
0
1555.5
1762.5
1329.0
68.0
1168.5
2052.0
0
1554.0
464.0
856.5
138.0
1538.5
1980.0
946.5
1960.5
2460.5
1143.5
2870.5
478.0
0
3230.0
0
647.0
407.0
960.5
419.5
1084.0
1326.5
68.0
1819.0
1818.0
1572.5
1761.0
1774.5
365.5
2278.0
1142.0
68.0
497.0
736.0
1437.0
1153.5
2387.0
997.5
486.0
2039.5
1941.0
126.5
242.0
719.0
3226.0
300.5
1105.0
128.0
1996.5
639.5
1479.0
1211.5
827.0
3784.0
1163.5
1003.5
68.0
1817.5
1149.0
1313.0
1229.0
1923.5
516.5
722.5
2552.0
1130.0
126.5
1723.5
2182.5
884.5
1174.5
1282.5
1953.0
948.5
374.5
1280.0
126.5
1731.5
126.5
316.0
0
2352.0
300.5
68.0
344.0
1561.5
2884.5
2220.0
884.5
1142.0
300.5
1288.0
126.5
2019.5
359.0
2025.0
126.5
893.0
2026.0
1211.5
1068.5
1417.0
1865.5
1166.0
1982.0
1629.5
1137.0
300.5
2232.5
1692.0
1888.5
2607.0
1181.5
2304.0
1552.5
1651.5
1740.5
419.5
1664.0
1767.0
0
830.0
68.0

1568.5
505.0
370.5
0
878.5
1210.5
576.5
243.5
1927.5
1827.5
479.5
3258.5
68.0
186.5
1321.5
3389.5
2158.5
516.5
753.5
752.5
1298.5
126.5
1955.5
698.5
458.0
68.0
365.5
1744.5
1051.0
2395.5
1999.5
1340.0
1806.5
1918.0
1798.5
1775.5
1122.0
68.0
68.0
787.0
0
2174.5
811.0
1083.0
68.0
68.0
401.0
724.0
1052.0
681.5
1208.5
1330.0
879.5
1410.5
633.5
1056.0
878.5
594.0
2308.0
663.0
726.0
253.5
2077.0
126.5
726.0
1092.5
1049.0
2377.0
1356.5
2962.0
1107.0
1863.0
1428.0
814.0
1633.5
770.0
2139.5
1546.0
0
1149.0
717.0
243.5
1666.5
1441.0
407.0
471.0
1577.0
68.0
0
639.5
1541.5
646.0
1329.0
1053.0
1657.0
497.0
695.5
68.0
919.0
809.5
126.5
1961.5
0
1464.0
1549.0
1621.5
1391.5
120.5
68.0
656.5
614.0
407.0
438.5
933.5
233.0
289.0
1871.0
3240.0
524.5
1754.0
535.0
862.5
2110.5
471.0
1580.5
489.5
1124.5
419.5
1002.0
257.0
1146.0
408.5
1562.5
1512.0
3750.5
138.0
1572.0
1585.0
411.0
1901.0
2335.0
463.0
1167.0
2638.5
1979.0
1342.0
667.5
2745.5
523.5
0
359.0
1080.5
1539.0
68.0
348.5
757.0
126.5
3048.0
860.0
68.0
2626.0
1158.0
1683.5
1148.0
1333.0
68.0

822.5
1066.0
243.5
1863.5
586.5
2425.5
649.0
401.0
543.5
120.5
1962.5
946.5
253.5
1258.0
1955.5
2189.0
934.0
1669.5
618.5
569.5
1603.0
1113.0
1019.5
775.0
419.5
1635.0
2176.0
68.0
1922.5
478.0
1368.5
497.0
2112.0
1000.5
68.0
2481.0
2024.5
68.0
1287.0
1065.5
1109.0
478.0
2137.0
0
690.5
0
138.0
408.0
721.5
394.0
1995.0
68.0
438.5
639.5
0
2227.5
665.0
2162.0
1184.0
1280.5
771.5
0
359.0
1507.0
355.5
471.0
68.0
576.5
0
1304.0
419.5
2481.5
934.5
374.5
989.0
1591.5
0
1972.5
1468.0
1353.5
1491.0
1406.5
0
882.0
1057.5
68.0
1685.5
0
374.5
1625.0
365.5
1191.0
0
710.5
231.5
822.5
138.0
1122.0
670.5
773.5
0
809.0
566.0
1181.5
2350.5
1727.0
365.5
671.0
938.0
418.5
126.5
242.0
481.0
1280.5
1068.5
476.0
316.0
1477.5
461.0
438.5
179.0

1466.5
1621.0
516.5
1422.0
68.0
126.5
365.5
907.0
1189.0
595.0
138.0
68.0
2690.0
0
419.5
359.0
0
126.5
489.5
2173.0
1290.5
0
792.5
1342.5
300.5
1033.5
68.0
963.5
881.0
419.5
0
1720.5
826.0
438.5
359.0
1219.5
1291.0
1238.0
126.5
1643.5
2430.5
435.5
0
834.5
120.5
243.5
489.5
1041.0
1127.0
68.0
726.0
242.0
0
874.5
302.0
1278.5
582.0
848.0
1382.5
68.0
68.0
438.5
0
126.5
138.0
0
591.0
194.5
916.0
593.5
183.5
0
2372.0
1515.0
1419.5
0
695.5
138.0
1642.0
68.0
857.5
126.5
583.0
848.5
1198.0
1220.0
1319.0
0
1038.0
126.5
348.5
710.5
365.5
0
1237.0
992.0
348.5
348.5
120.5
1145.5
68.0
68.0
446.5
2349.5
1621.5
1804.0
1283.5
758.5
1298.5
775.5
2115.0
543.5
194.5
418.5

68.0
965.0
2177.5
710.5
1201.0
789.5
0
1443.5
1222.0
735.0
524.5
472.0
463.0
1054.5
637.0
543.5
1240.0
1014.5
183.5
68.0
243.5
787.0
794.5
0
68.0
1331.5
120.5
2187.5
302.0
2615.5
126.5
365.5
68.0
419.5
194.5
68.0

183.5
0
68.0
0
594.0
407.0
1138.5
1474.5
243.5
1037.0
0
1022.5
230.5
773.5
0
829.5
1483.0
478.0
365.5
2134.5
639.5
313.5
419.5
516.5
1101.5
383.0
2334.5
852.5
1055.0
607.0
695.5
2043.5
516.5
138.0
68.0
2013.0
1583.0
1494.5
68.0
1192.5
1181.0
1468.5
1502.0
506.0
348.5
1582.0
926.5
830.0
0
908.5
700.0
518.0
779.5
348.5
126.5
1759.5
841.0
316.0
264.5
300.5
68.0
1174.0
459.5
665.0
1277.0
3410.0
459.5
1253.0
68.0
707.0
1225.0
120.5
858.0
68.0
1882.0
1445.0
745.0
1455.0
1130.0
0
931.0
1541.0
243.5
843.0
1847.5
441.5
68.0
1791.5
0
2803.5
528.0
719.0
582.5
1286.0
419.5
126.5
651.0
1517.0
868.0
533.0
0
821.5
0
0
1087.5
736.0
68.0
939.5
0
1231.0
797.0
68.0
138.0
126.5
0
1513.5
684.0
904.5
0
1915.5
1015.5
0
302.0
497.0
478.0
0
0
1492.5
790.0
478.0
1243.5
503.5
3244.5
383.0
138.0
721.5
846.5
0
1458.0
1263.0
370.0
0
183.5
438.5
186.5
315.5
303.5
895.0
438.5
68.0
233.0
0
557.0
1269.5
489.5
889.5
257.0
1310.0
837.5
407.0
120.5
348.5
1707.5
0
892.5
0
126.5
771.5
698.0
603.0
736.0
68.0
479.5
1603.0
68.0
138.0
68.0
1265.0
2125.0
1230.5
0
1352.5
928.0
285.5
535.0
663.0
1237.5
461.0
1156.0
0
453.5
419.5
1003.5
0
126.5
491.0
930.0
738.0
538.0
126.5
949.5
885.0
1642.0
506.0
115.5
407.0
355.5
370.5
242.0
1515.0
0
1332.5
849.0
138.0
739.0
1244.0
1923.0
581.0
1347.5
1741.5
671.0
459.5
0
760.5
698.5
0
0
665.0
1805.5
656.5
1382.5
242.0
478.0
231.5
1320.0
1236.0
2330.0
887.0
1405.0
1142.5
714.5
1668.5
879.0
607.0
68.0
1647.5
646.0
481.0
300.5
419.5
441.5
535.0
120.5
302.0
441.5
289.0
242.0
756.5
1075.0
68.0
0
598.0
860.0
1619.0
2817.5
1571.5
0
3017.0
1464.5
2627.5
1054.0
138.0
126.5
0
0
1200.0
365.5
923.0
754.0
652.0
489.5
0
0
194.5
68.0
586.0
438.5
1086.5
588.5
1377.5
1081.0
419.5
0
253.0
1121.5
0
419.5
1035.0
773.5
919.0
194.5
646.0
1967.5
1439.5
126.5
421.0
438.5
68.0
0
1185.5
0
294.5
1951.0
471.0
1418.5
68.0
401.0
699.5
120.5
68.0
3461.5
831.0
68.0
777.5
407.0
1414.5
179.0
421.0
805.0
68.0
737.5
126.5
0
528.0
253.0
1946.5
438.5
582.5
0
1194.5
481.0
0
313.5
2070.5
505.5
243.5
818.5
1656.5
126.5
1044.5
2237.5
822.5
519.5
126.5
478.0
0
1720.5
198.0
0
128.0
302.0
1202.5
419.5
695.5
887.5
929.0
1619.0
652.0
1568.0
0
327.0
1596.5
126.5
407.0
243.5
586.5
2546.0
575.0
0
126.5
446.0
1906.5
590.0
613.5
1627.0
598.0
0
1550.5
126.5
789.0
793.5
243.5
419.5
2201.5
497.0
1339.0
776.5
868.0
0
703.5
453.0
1763.5
344.0
1160.5
2211.5
740.0
68.0
68.0
0
2368.0
1184.5
1042.5
441.5
0
674.0
1248.5
986.5
374.5
126.5
0
1460.0
243.5
1096.5
1708.0
1201.5
945.0
365.5
1138.0
370.5
365.5
348.5
671.0
243.5
138.0
0
179.0
68.0
707.5
126.5
598.5
1540.0
68.0
243.5
126.5
68.0
0
1286.0
418.5
656.0
1417.0
1316.5
344.0
471.0
1378.0
2798.5
390.5
126.5
1475.0
1720.5
1002.5
841.0
0
374.5
0
2785.0
1318.5
68.0
68.0
2464.0
2503.0
1506.0
1536.5
868.0
0
0
355.5
1566.5
1815.0
2732.0
68.0
0
603.5
1070.5
2014.0
128.0
68.0
183.5
1387.0
316.0
417.5
1607.0
0
0
120.5
916.0
126.5
128.0
1338.5
0
68.0
1142.0
695.5
68.0
629.0
126.5
0
478.0
424.0
1984.0
138.0
522.5
1490.5
0
168.0
979.0
390.5
555.5
0
0
0
595.0
611.5
419.5
424.0
68.0
126.5
0
693.5
68.0
0
0
717.0
841.0
846.0
1171.5
3258.0
68.0
438.5
1498.5
891.0
313.5
0
663.0
771.0
770.0
0
537.5
1087.5
996.0
138.0
588.0
419.5
138.0
653.5
0
.5
0
0
0
1181.5
2067.0
0
964.5
695.5
68.0
478.0
0
0
1462.5
0
856.5
231.5
3534.0
703.5
438.5
1338.5
939.0
1558.0
365.5
126.5
126.5
1490.5
707.0
407.0
179.0
300.5
0
671.0
1010.0
365.5
528.0
914.5
68.0
126.5
0
289.0
183.5
315.5
586.0
2977.0
0
68.0
419.0
253.0
1183.0
1149.5
0
656.5
138.0
257.0
183.5
2325.0
1006.5
183.5
478.0
0
0
1381.0
68.0
68.0
431.5
841.5
0
829.5
257.0
68.0
0
576.5
1201.0
0
68.0
1246.0
68.0
68.0
2147.5
1162.0
1148.0
359.0
726.0
183.5
1611.5
840.0
68.0
383.0
1559.5
68.0
653.5
2306.0
479.5
782.5
501.5
242.0
2157.5
0
0
2314.5
126.5
1317.0
0
714.5
598.0
775.5
313.5
68.0
891.5
685.5
419.5
359.0
0
126.5
419.5
1536.5
1234.0
1642.0
1163.5
710.5
0
545.5
0
348.0
1301.0
600.5
68.0
1921.5
639.5
359.0
290.5
126.5
376.0
138.0
257.0
2009.0
2068.0
508.5
1555.0
752.5
1528.0
1553.0
751.5
126.5
243.5

459.5
68.0
68.0
938.5
1675.0
183.5
68.0
478.0
1442.5
419.5
68.0
253.5
895.5
0
1229.5
0
0
815.5
68.0
1034.0
126.5
183.5
771.0
0
823.5
1037.0
0
1003.0
923.0
243.5
68.0
612.5
438.5
120.5
533.5
1079.0
4330.5
1524.5
365.5
1327.0
2240.5
0
419.5
1333.5
478.0
370.5
418.5
68.0
829.5
497.0
126.5
1021.5
126.5
1209.5
1322.5
0
128.0
817.5
0
365.5
744.5
68.0
190.5
0
0
2589.0
1162.5
667.5
0
289.0
1421.5
126.5
68.0
359.0
1304.5
892.5
892.5
646.0
2014.5
947.0
183.5
718.0
448.0
138.0
0
0
302.0
264.5
120.5
590.0
664.0
1238.5
2040.0
2431.0
68.0
823.5
649.0
126.5
674.0
470.5
315.5
2070.5
419.5
672.0
186.5
0
2137.0
348.5
68.0
68.0
126.5
535.0
1510.5
68.0
478.0
1607.5
374.5
194.5
595.0
964.0
68.0
1085.0
1041.5
710.5
265.5
1375.0
1004.0
1051.5
688.5
672.5
243.5
401.0
898.5
316.0
989.5
1089.5
218.0
68.0
1027.0
523.5
733.5
1160.5
126.5
1683.0
438.5
952.5
0
359.0
138.0
0
1184.5
2446.0
817.0
230.5
3021.5
1284.5
0
138.0
0
253.5
478.0
120.5
365.5
68.0
945.5
907.0
2762.5
489.5
1432.5
316.0
583.0
419.5
0
0
707.5
630.5
0
1954.5
0
634.5
0
1087.5
811.0
535.0
758.5
977.5
573.5
596.0
869.0
0
529.0
1747.5
750.5
1080.5
459.5
1423.5
459.5
128.0
594.0
894.0
2202.5
68.0
401.0
68.0
478.0
1143.5
900.0
138.0
115.5
0
419.5
0
594.0
1706.5
1897.0
1182.5
0
0
941.0
1393.0
183.5
647.0
1041.0
533.5
68.0
930.0
424.0
0
0
419.5
1051.0
1056.0
1430.0
419.5
0
128.0
3315.0
243.5
471.0
644.5
464.0
1205.5
646.5
126.5
2768.5
841.5
419.5
126.5
1162.5
1233.0
760.0
68.0
0
0
1965.0
918.0
478.0
300.5
276.5
438.5
401.0
1041.5
582.5
723.0
138.0
1209.0
1035.5
541.0
242.0
971.5
401.0
0
1884.5
0
138.0
786.5
68.0
1196.5
0
913.0
383.0
68.0
300.5
595.0
253.5
947.0
717.0
1252.5
1134.0
0
257.0
1816.0
1570.0
1146.0
618.5
0
411.0
242.0
1127.5
465.0
0
419.5
359.0
2671.5
1301.0
1158.5
1675.0
2137.0
919.5
549.5
0
419.5
0
0
302.0
1418.0
1760.0
0
138.0
1289.5
0
802.0
441.5
304.5
689.5
230.5
0
1139.0
0
.5
1030.5
825.5
1161.0
2965.0
68.0
419.5
302.0
0
851.0
257.0
717.0
183.5
243.0
68.0
186.5
2826.5
0
0
459.5
383.0
0
623.0
0
0
0
355.5
709.0
418.5
656.5
438.5
419.5
1725.5
419.5
365.5
1300.0
242.0
138.0
0
0
1037.5
487.5
903.5
3005.5
0
126.5
68.0
441.5
0
916.5
568.0
424.0
790.0
1545.5
68.0
1094.5
243.5
1613.0
419.5
516.5
1358.0
425.5
593.5
534.5
1245.5
973.0
692.0
1019.0
183.5
138.0
781.0
428.5
0
665.0
173.0
1966.0
604.5
0
1474.5
977.5
438.5
2160.0
0
1333.0
0
230.5
690.5
68.0
1614.0
0
0
844.0
0
0
0
1709.5
0
2423.0
0
0
1301.5
770.0
128.0
126.5
138.0
419.5
582.0
0
68.0
68.0
407.0
348.5
983.5
68.0

0
1628.5
68.0
374.5
68.0
68.0
68.0
0
68.0
128.0
1065.0
1440.5
1190.0
671.0
478.0
183.5
425.5
596.5
481.0
315.5
68.0
302.0
419.5
497.0
412.0
790.0
478.0
0
0
2002.5
68.0
1073.0
138.0
0
599.5
0
68.0
0
.5
0
370.5
68.0
591.0
0
0
478.0
1005.0
68.0
416.0
0
0
68.0
0
194.5
478.0
194.5
243.5
622.5
68.0
365.5
413.0
0
1549.0
757.0
68.0
949.5
2605.0
0
2730.5
586.5
128.0
0
302.0
138.0
470.5
2231.5
173.0
438.5
365.5
190.5
0
138.0
2417.5
257.0
1030.5
974.5
2458.0
0
126.5
365.5
348.5
1022.5
822.5
1041.5
253.0
538.5
1772.0
538.0
0
680.5
1707.0
489.5
787.0
0
1808.5
734.5
68.0
313.5
138.0
419.5
365.5
812.5
722.0
1139.0
0
138.0
1654.5
0
126.5
136.0
257.0
991.0
1204.5
68.0
862.5
401.0
1388.0
1044.5
639.5
419.5
1138.5
652.0
230.5
1101.5
771.5
419.5
1563.0
938.0
2149.0
489.5
655.0
365.5
882.0
138.0
814.0
0
822.0
613.5
190.5
461.0
0
1572.5
0
0
231.5
126.5
1715.5
530.0
618.5
700.0
753.5
0
0
138.0
909.5
300.5
0
615.5
183.5
0
672.5
1472.5
828.5
126.5
0
243.5
365.5
68.0
633.5
842.0
438.5
489.5
872.5
68.0
1134.0
68.0
509.0
120.5
0
2234.5
0
1269.5
175.5
126.5
1641.0
1905.0
138.0
438.5
576.5
386.0
0
374.5
1069.0
1268.0
68.0
1654.0
489.5
773.0
697.0
0
126.5
396.0
126.5
138.0
126.5
407.0
341.0
1143.0
0
1035.5
478.0
512.0
0
0
1606.0
1658.5
2005.0
0
791.0
2488.5
0
128.0
126.5
68.0

947.0
1719.0
717.0
416.0
68.0
0
68.0
438.5
0
1219.0
115.5
710.5
656.0
667.5
878.5
418.5
1947.5
0
68.0
68.0
2431.0
1205.0
1003.5
68.0
0
965.5
1037.0
993.5
1097.5
0
1682.0
355.5
891.0
138.0
918.5
524.5
755.5
0
771.0
0
2021.0
0
0
0
1067.5
607.0
459.5
231.5
0
2449.5
0
138.0
0
438.5
438.5
1121.5
582.5
787.0
370.5
1144.5
478.0
120.5
809.5
1635.0
1220.0
1406.5
1737.5
113.5
1118.0
517.0
1615.5
787.0
419.5
1215.0
2010.0
1164.5
771.5
458.0
2372.5
2811.5
848.5
1540.0
787.0
126.5
837.5
401.0
1613.5
1014.5
126.5
68.0
2735.0
2595.5
0
0
707.0
1638.5
1477.5
701.0
1675.0
128.0
126.5
1044.5
1184.0
1218.0
243.0
671.0
1598.5
463.0
0
1675.5
126.5
243.5
0
707.0
289.0
518.0
0
0
0
183.5
128.0
1092.5
476.0
1592.0
0
0
519.5
0
1699.5
3062.5
531.0
794.5
459.5
497.0
68.0
128.0
2443.0
1350.0
0
489.5
1105.0
138.0
0
543.5
1393.0
0
1338.5
716.0
0
313.5
1527.5
126.5
2266.0
0
998.0
1641.0
0
1069.0
0
668.0
0
653.0
370.5
126.5
0
633.0
0
126.5
1686.0
365.5
126.5
365.5
1023.5
138.0
243.5
230.5
126.5
179.0
419.5
0
0
0
478.0
365.5
603.5
1751.0
1264.5
68.0
68.0
0
126.5
0
348.5
126.5
1253.0
0
1006.0
365.5
478.0
126.5
479.5
221.5
1342.5
0
665.0
823.5
548.0
757.0
0
974.5
2317.0
2009.0
419.5
1349.5
579.5
829.5
554.0
1089.5
0
1779.0
534.5
68.0
478.0
0
2102.5
0
0
128.0
860.0
0
0
138.0
68.0
879.0
790.0
0
539.5
985.0
68.0
0
1991.5
350.0
183.5
0
0
1862.5
478.0
441.5
478.0
243.5
1049.5
126.5
419.5
1041.0
126.5
365.5
0
126.5
484.0
0
365.5
478.0

0
647.0
126.5
508.5
1084.5
1081.0
711.5
68.0
359.0
0
540.5
0
0
508.5
68.0
822.5
0
1746.0
700.0
359.0
68.0
891.5
1200.0
0
0
964.0
1095.0
771.0
757.0
0
68.0
1256.5
1718.0
846.5
829.0
1014.0
0
812.5
285.5
848.5
68.0
68.0
0
1426.5
793.0
1038.5
1401.5
0
0
0
0
0
.0
0
471.0
1017.0
126.5
0
2887.0
472.0
0
0
952.5
1358.5
126.5
753.5
1400.5
278.0
497.0
0
980.0
2379.5
797.0
702.5
2556.5
419.5
0
1829.0
478.0
2209.5
850.0
574.0
497.0
0
0
738.5

2172.0
68.0
812.5
831.0
1140.0
68.0
1221.5
424.0
680.5
1869.5
120.5
435.5
194.5
641.5
68.0
624.5
0
770.5
138.0
194.5
1336.0
419.5
595.0
0
1586.5
875.5
497.0
717.0
253.0
822.5
435.5
1182.5
0
257.0
901.0
302.0
0
472.0
463.0
0
0
0
1024.5
610.0
1486.5
365.5
548.5
0
1965.0
489.5
243.0
497.0
632.0
68.0
183.5

0
126.5
704.5
723.0

471.0
1138.5
413.0
300.5
1042.5
990.0
115.5
68.0
1073.0
390.5
435.5
858.5
341.0
848.5
285.5
407.0
575.0
0
717.0
1016.5
302.0
478.0
453.0
236.0
1309.5
1218.0
489.5
419.5
478.0
895.0
1342.0
126.5
0
0
126.5
488.0
0
2412.0
698.5
2517.5
1096.0
497.0
285.5
790.0
1609.5
365.5
738.5
836.0
0
68.0
1658.5
787.0
0
1709.5
1921.5
1274.0
126.5
348.5
2534.0
943.0
0
0
0
68.0
329.5
637.0
1141.5
2754.5
231.5
583.0
0
1184.0
0
138.0
1291.0
424.0
1366.0
0
0
0
0
582.0
68.0
68.0
554.0
138.0
355.5
2016.5
68.0
2103.0
964.0
829.5
138.0
289.0
1409.0
0
0
257.0
641.5
1790.5
1627.5
173.0
465.0
424.0
419.5
294.5
253.5
120.5
0
2076.0
68.0
183.5
0
1340.5
128.0
0
0
0
836.5
0
138.0
0
0
0
902.5
577.5
183.5
443.0
0
370.5
1084.5
0
1137.5
435.5
68.0
0
0
1510.0
0
0
1515.0
1515.5
1123.5
506.0
1180.0
1060.5
478.0
825.5

1882.5
0
355.5
413.0
528.5
175.5
243.5
0
533.5
374.5
508.5
68.0
0
68.0

138.0
0
416.0
829.5
1930.5
0
0
68.0
809.0
355.5
2514.0
2791.5
1074.0
0
0
1687.0
794.0
1145.5
1005.0
0
231.5
0
535.0
1268.5
424.0
0
667.0
0
2131.5
68.0
344.0
1018.0
848.5
419.5
524.0
1220.0
257.0
316.0
359.0
0
1823.0
601.0
126.5
128.0
775.5
2077.0
402.0
68.0
0
285.5
126.5
419.5
2045.0
115.5
1119.0
508.5
688.0
68.0
478.0
68.0
183.5

438.5
0
1344.0
68.0
0
0
0
183.5
373.0
0
1101.5
128.0
0
837.5
419.5
374.5
126.5
0
2076.0
0
717.0
0
1078.5
0
904.5
1373.0
476.0
1163.5
1051.5
1936.5
68.0
599.5
576.5
1500.5
583.0
0
419.5
1039.5
300.5
172.0
489.5
771.0
126.5
1728.5
0
.0
0
2557.5
242.0
2601.5
300.5
183.5
508.5
120.5
68.0
773.0
2408.0
183.5
68.0
126.5
478.0
1128.0
704.5
0
2047.0
586.0
671.0
419.5
899.5
1361.5
783.0
0
126.5
407.0
424.0
138.0
471.0
126.5
120.5
68.0
0
478.0
617.0
595.0
1008.5
1434.5
68.0
478.0
0
365.5
1298.5
731.0
138.0
696.5
0
1219.5
459.5
1482.5
0
469.5
1002.5
0
719.0
68.0
68.0
183.5
0
126.5
126.5
303.5
478.0
126.5
300.5
2681.5
670.5
794.5
126.5
537.5
736.0
1472.5
1163.5
1294.0
535.0
344.0
126.5
1045.0
0
1200.0
1221.0
126.5
0
1035.0
1081.0
0
0
0
242.0
514.5
138.0
985.0
0
1132.0
478.0
1748.0
2169.0
68.0
1499.0
1640.5
773.0
0
1442.5
348.5
0
0
183.5
68.0
128.0
419.5
853.0
68.0
1025.0
1644.0
0
253.5
782.0
459.5
0
0
614.5
365.5
438.5
1688.0
68.0
583.0
0
602.5
0
126.5
438.5
0
68.0
128.0
1070.5
1728.5
126.5
424.0
68.0
655.0
355.5
1518.0
126.5
313.5
863.5
680.5
419.5
1315.5
885.5
0
1797.5
848.5
1006.0
0
841.0
126.5
0
687.5
0
68.0
0
1359.5
537.5
1630.0
383.0
0
0
1839.0
68.0
68.0
0
1116.0
68.0
359.0
126.5
138.0
1482.5
979.0
424.0
1559.0
1108.0
1273.0
1970.5
243.0
1458.0
0
.0
0
793.0
115.5
0
459.5
917.0
944.5

359.0
1379.0
0
1147.5
639.5
1197.0
186.5
365.5
359.0
1751.5
891.0
289.0
1313.0
186.5
0
0
0
766.5
652.0
0
1277.0
1185.5
1398.0
478.0
0
0
126.5
0
126.5
386.0
2085.5
316.0
1707.0
471.0
1021.5
1979.0
867.0
546.0
419.5
419.5
354.5
700.0
1353.5
0
0
2051.0
383.0
0
790.0
1320.5
0
401.0
126.5
734.5
1577.5
230.5
1348.5
419.5
666.5
435.5
1726.5
533.0
1163.5
789.0
818.5
484.0
771.5

2011.0
0
0
1291.0
406.0
736.0
688.0
707.0
1058.0
1669.0
0
.5
365.5
1056.0
667.5
0
1041.5
815.0
407.0
115.5
138.0
376.0
1496.0
1149.0
173.0
804.5
183.5
172.0
1068.5
719.0
1008.5
359.0
0
0
0
1532.5
0
3218.0
348.5
757.0
0
348.5
0
822.5
479.5
441.5
348.5
644.5
407.0
514.5
0
1590.0
1865.5
489.5
878.5
790.0
447.5
1965.5
126.5
0
1257.0
0
955.5
2498.0
1689.0
717.0
508.5
186.5
712.0
401.0
0
1086.5
68.0
419.5
557.0
2423.0
126.5
0
68.0
486.0
368.5
68.0
1337.5
1068.5
418.5

138.0
68.0
1216.5
571.5
194.5
0
1301.0
332.0
68.0
1075.0
0
0
68.0
1646.5
2204.0
300.5
682.5
407.0
2003.5
126.5
68.0
0
710.5
581.0
441.5
359.0
126.5
2259.0
568.5
667.5
491.0
0
481.0
68.0
128.0
0
0
956.5
497.0
605.0
68.0
2164.0
1915.0
344.0
757.0
0
704.5
752.5
68.0
194.5
750.5
478.0
0
991.0
126.5
538.0
1966.0
68.0
68.0
1155.5
138.0
0
0
242.0
459.5
1445.0
710.0
0
1087.5
419.5
365.5
128.0
789.0
374.5
0
2443.0
68.0
348.5
758.0
359.0
1485.0
1310.0
0
68.0

419.5
678.5
0
2293.0
68.0
68.0
419.5
68.0
1616.5
0
257.0
0
418.5
407.0
1425.5
0
1113.0
848.5
0
126.5
374.5
0
490.0
753.5
1489.0
383.0
289.0
126.5
1604.5
901.0
595.0
507.0

2789.5
790.0
68.0
1205.5
682.0
0
1761.0
0
636.0
302.0
0
1310.5
0
0
497.0
951.0
465.0
126.5
407.0
0
542.5
763.0
0
524.0
1236.0
1352.5
2349.5
0
592.0
419.5
838.5
1821.0
497.0
419.5
0
2000.5
1370.0
0
128.0
68.0
68.0
0
702.5
1212.0
614.0
1910.5
0
980.0
1021.0
0
745.5
401.0
370.5
481.0
68.0
1195.5
0
0
183.5
1923.5
183.5
0
635.5
374.5
622.0
1756.0
707.0
582.0
359.0
476.0
0
401.0
316.0
583.0
1383.5
291.5
1737.5
830.0
478.0
1215.5
919.5
1818.0
497.0
471.0
68.0
952.0
2352.5
1062.5
478.0
1932.0
534.5
348.5
674.0
68.0
1821.5
0
257.0
1936.0
2427.5
1198.5
68.0
1067.5
302.0
1531.5
243.0
126.5
919.0
771.0
0
1779.0
1433.5
0
1838.0
68.0
1435.5
68.0
1671.5
243.5
2040.5
1921.5
1191.5
984.0
0
874.5
1198.5
636.0
458.0
652.0
419.5
0
775.5
1879.5
710.5
897.0
516.5

1515.5
1705.5
484.0
1752.0
138.0
717.0
0
302.0
2377.5
0
243.5
1057.5
128.0
0
1355.5
1842.0
543.5
348.5
843.5
289.0
365.5
708.5
355.5
0
126.5
1094.5
68.0
2910.5
0
621.0
120.5
0
533.5
0
1172.0
365.5
2349.5
126.5
459.5
1339.0
646.0
1690.5
179.0
1364.5
880.5
231.5
0
359.0
1031.0
2694.0
652.0
68.0
2160.0
985.0
289.0
2308.5
1284.5
1705.0
419.5
478.0
1211.5
347.5
828.5
950.5
489.5
1134.0
2650.0
1004.0
889.5
0
497.0
542.5
856.5
335.5
1470.5
459.5
518.0
0
68.0
2128.5
1224.5
533.0
1719.0
994.5
524.0
1109.0
1524.5
1807.5
841.5
418.5
1067.0
554.5
790.0
527.0
873.5
0
1733.0
68.0
126.5
481.0
808.0
790.0
528.0
884.5
882.5
126.5
0
2237.5
1191.0
1011.5
0
478.0
1001.0
535.0
419.5
183.5
438.5
1459.5
966.5
843.5
194.5
3174.0
68.0
68.0
302.0
639.5
0
68.0
231.5
1343.0
424.0
811.0
68.0
0
491.0
68.0
856.5
696.5
2605.5
512.0
1460.0
533.5
68.0
869.5
0
885.0
361.0
243.5
0
0
68.0
0
806.5
882.0
138.0
120.5
0
712.0
732.0
860.5
68.0
126.5
68.0
474.0
463.0
472.0
0
1492.0
1112.5
68.0
0
542.0
242.0
0
684.0
126.5
2482.5
138.0
667.5
0
695.5
0
773.5
984.0
1365.5
478.0
460.0
717.0
231.0
1003.5
775.5
878.5
491.0
1111.5
0
359.0
68.0
1682.5
830.5
365.5
230.5
1091.5
900.0
2540.0
0
0
1541.0
313.5
407.0
0
68.0
910.5
1245.0
2002.5
126.5
0
0
0
1620.0
1691.0
717.0
775.5
1613.0
601.0
0
508.5
0
1170.0
126.5
0
242.0
2073.5
848.5
0
3769.5
0
0
2145.0
1989.5
0
562.0
1885.0
0
628.0
0
68.0
1003.5
1661.0
0
126.5
1013.0
0
419.5
1016.5
929.0
1834.0
1469.5
1140.0
68.0
126.5
126.5
288.0
1269.0
126.5
243.5
183.5
508.5
348.5
528.0
576.5
341.0
138.0
1672.0
809.0
374.5
0
843.0
0
829.5
183.5
777.5
1771.5
843.0
898.5
598.0
0
1941.5
546.0
374.5
0
489.5
0
344.0
0
383.0
615.5
68.0
0
68.0
1857.5
793.0
68.0
672.5
68.0
2549.5
2567.5
830.5
497.0
0
2321.5
2086.5
0
1159.5
2212.5
714.0
905.0
0
543.5
0
0
1103.5
344.0
126.5
1477.5
1560.0
565.0
1991.5
490.0
1561.0
68.0
2083.0
68.0
1590.5
0
1055.0
257.0
0
0
647.5
68.0
0
0
0
359.0
68.0
0
0
126.5
1464.0
344.0
1694.5
1000.0
0
987.5
68.0
68.0
194.5
618.5
867.5
242.0
831.0
832.5
401.0
120.5
68.0
138.0
2880.5
365.5
68.0
0
2497.0
353.0
68.0
0
300.5
0
1789.0
2268.5
435.5
804.5
1999.5
0
253.5
0
991.0
424.0
0
1385.0
243.5
243.5
900.0
362.0
300.5
1021.5
698.5
0
0
365.5
467.0
128.0
0
68.0
316.0
68.0
120.5
68.0
1179.0
960.5
138.0
183.5
755.5
138.0
969.5
68.0
0
0
2325.5
120.5
194.5
0
128.0
0
0
978.0
126.5
1041.5
0
646.0
0
1543.5
68.0
138.0
0
471.0
717.0
0
0
402.0
126.5
0
2259.0
0
613.5
0
811.0
1746.0
2322.0
126.5
126.5
0
927.5
1805.5
0
128.0
365.5
1700.5
68.0
695.5
126.5
4866.5
1270.5
486.0
0
128.0
1593.5
835.5
126.5
710.5
869.5
1620.5
0
186.5
1577.5
469.5
1034.0
838.0
2200.5
411.5
419.5
68.0
0
0
1073.5
1019.5
383.0
1351.0
120.5
0
253.5
0
2314.0
407.0
1941.5
435.5
68.0
1252.5
0
0
.5
2077.0
0
2055.0
0
126.5
126.5
230.5
68.0
775.5
126.5
790.0
0
0
438.5
424.0
478.0
333.0
126.5
646.5
528.5
183.5
138.0
717.0
1457.0
1438.0
220.5
0
419.5
243.5
1860.5
964.0
300.5
507.5
1145.5
769.5
0
489.5
0
2260.5
230.5
1382.5
138.0
0
1732.5
0
0
1285.5
2590.0
0
2534.5
1265.5
1001.5
1539.0
0
1499.0
1049.0
491.0
194.5
190.5
126.5
1050.5
355.5
2563.5
1484.5
935.5
68.0
486.0
126.5
0
0
2504.0
659.0
68.0
0
243.5
471.0
1818.5
3325.5
0
1192.0
624.5
419.5
0
0
1008.0
736.0
775.5
435.5
915.0
0
128.0
1294.0
756.5
419.5
0
646.0
1553.0
126.5
359.0
2910.5
546.0
68.0
0
0
183.5
793.0
0
242.0
0
1025.0
1786.5
2533.5
458.0
1139.0
1107.5
126.5
733.0
198.0
126.5
2048.5
2264.0
0
0
1906.5
656.5
774.5
458.0
68.0
557.0
231.5
359.0
0
598.0
68.0
128.0
1353.5
316.0
1107.0
1323.5
702.5
0
68.0
583.0
0
775.5
1277.0
2916.5
1466.0
848.5
424.0
0
1311.5
471.0
300.5
198.0
242.0
2028.5
0
0
0
68.0
230.5
126.5
68.0
1429.0
231.0
2333.5
0
478.0
68.0
724.5
115.5
1119.0
951.5
194.5
550.5
1847.5
0
1744.5
489.5

1547.5
289.0
0
0
731.0
461.0
0
0
1716.5
1432.5
0
489.5
1411.0
206.0
952.5
0
853.0
0
2683.0
0
615.5
1238.0
401.0
419.5
1627.0
374.5
0
302.0
126.5
803.0
2838.0
2429.5
790.0
672.5
0
0
0
0
0
1009.5
598.0
1116.0
68.0
1288.5
419.5
2858.5
0
126.5
0
438.5
0
126.5
0
128.0
1252.0
408.0
0
1218.5
1496.5
0
1516.5
438.5
848.5
489.5
1855.5
737.5
230.5
370.5
359.0
1203.0
831.0
1014.5
243.5
0
231.5
138.0
794.5
120.5
1155.5
0
183.5
179.0
310.0
138.0
516.5
68.0
2947.5
0
0
68.0
0
0
1744.5
359.0
791.0
1257.5
0
68.0
2111.5
0
190.5
2650.5
0
126.5
652.0
1081.0
0
592.0
138.0
0
0
1159.0
173.0
0
2475.5
68.0
68.0
0
0
418.5
736.0
0
365.5
138.0
0
0
0
419.5
0
789.5
0
899.0
1570.5
1907.5
1556.0
0
365.5
126.5
528.0
128.0
2246.5
0
138.0
966.0
703.5
138.0
0
291.5
955.0
1651.0
2754.5
3189.5
0
1027.0
0
0
1623.5
138.0
0
1175.5
383.0
962.5
316.0
0
300.5
975.0
401.0
516.5
0
829.5
0
1234.0
0
0
1183.0
0
478.0
497.0
533.0
365.5
435.5
2209.5
997.0
0
661.5
1509.0
1745.0
546.0
0
1721.5
1564.0
1418.5
994.0
68.0
1265.0
138.0
365.5
68.0
1708.5
126.5
0
68.0
1747.0
848.5
1197.5
0
126.5
3071.0
1789.0
1271.5
1737.5
68.0
0
68.0
935.0
438.5
348.5
0
441.5
68.0
811.0
183.5
0
497.0
1229.0
0
1022.5
300.5
465.0
459.5
1117.5
524.5
1689.5
1099.5
302.0
401.0
1616.5
710.5
359.0
128.0
2399.5
2722.0
370.0
0
749.0
128.0
68.0
0
1576.0
0
790.0
126.5
2004.0
811.0
1323.0
194.5
1961.5
0
739.0
2604.5
0
2092.5
68.0
68.0
458.0
0
374.5
1730.5
634.0
459.5
463.0
243.5
68.0
68.0
729.5
828.5
3166.5
419.5
1127.5
0
243.0
0
842.5
2692.0
0
1285.0
68.0
848.5
2650.0
0
126.5
419.5
0
347.5
530.5
190.5
771.5
0
1087.5
793.5
355.5
0
653.5
257.0
497.0
848.5
653.5
0
2273.5
1507.5
503.5
1002.5
68.0
0
126.5
2570.5
979.5
2684.5
1146.5
973.0
0
478.0
1484.5
653.5
3083.5
1085.5
1049.5
729.5
1609.5
230.5
0
419.5
68.0
0
985.0
674.0
707.5
1434.0
0
186.5
1985.0
548.0
1916.5
1200.0
68.0
68.0
1613.5
0
0
891.0
1668.5
0
120.5
430.5
1158.0
968.5
593.5
2024.0
770.0
717.0
956.0
0
595.0
3046.0
1741.0
478.0
434.5
1068.5
1086.5
0
300.5
68.0
0
1365.5
243.5
1724.5
1085.0
243.0
1381.0
667.5
1016.5
581.0
441.5
829.5
789.0
1432.5
3160.0
2628.0
0
424.0
0
2268.5
1789.0
0
1792.5
383.0
1055.0
1127.5
419.5
1319.5
2265.0
3050.0
1123.0
1073.5
1119.5
0
68.0
243.5
757.0
0
0
424.0
0
908.0
3159.0
1211.5
1707.5
300.5
1076.5
126.5
390.5
0
0
0
120.5
348.5
253.0
815.0
68.0
2426.5
0
126.5
1498.0
0
1483.5
1553.5
1519.0
288.0
598.0
1334.5
2255.5
0
1341.5
68.0
183.5
750.5
0
2590.0
959.5
639.5
700.0
1015.0
0
68.0
790.0
1472.5
0
1168.5
1682.0
0
68.0
0
2095.5
1553.5
1091.0
1348.5
2084.0
637.0
2212.0
671.0
899.0
804.5
1855.0
1456.5
1709.0
2553.0
0
717.0
1331.0
126.5
2049.0
841.0
1628.0
257.0
930.0
646.5
126.5
1458.0
1912.5
438.5
940.0
3780.0
1558.0
2444.5
2220.5
0
1518.0
1309.5
1792.0
0
1337.5
0
1645.0
0
0
1239.5
0
0
2469.0
1798.0
68.0
934.5
359.0
471.0
0
348.5
2814.0
1620.0
704.5
465.0
138.0
0
2080.5
949.5
68.0
359.0
546.0
0
2336.0
768.5
0
183.5
128.0
752.5
2204.5
0
0
672.5
466.0
0
652.0
302.0
1008.5
911.0
0
1798.5
790.0
419.0
115.5
481.0
138.0
463.0
3096.0
0
401.0
1914.0
0
1046.5
190.5
0
775.5
0
126.5
776.0
566.0
313.5
126.5
1778.0
0
253.0
1542.0
1165.0
2120.5
830.0
1394.5
0
2124.0
0
2323.0
721.5
1742.5
424.0
948.0
523.5
1761.5
68.0
0
0
0
1456.0
0
1825.0
68.0
0
1120.5
1374.0
543.5
972.0
1381.5
186.5
0
2548.5
1278.5
1999.0
0
1201.0
126.5
761.5
68.0
1529.5
646.0
1441.0
478.0
868.5
459.5
0
1310.0
1584.0
1023.5
0
2005.0
3089.5
68.0
1401.0
0
68.0
829.0
68.0

359.0
2308.0
1548.0
0
0
0
0
1239.5
0
138.0
581.0
1952.0
374.5
300.5
355.5
68.0
0
663.0
1495.5
478.0
126.5
899.5
842.5
846.0
1773.0
0
138.0
370.5
0
443.0
913.0
771.0
0
535.0
782.0
478.0
818.5
126.5
860.0
1930.5
0
0
441.5
417.5
2858.5
599.5
1123.0
0
126.5
0
2527.5
0
782.0
672.0
1179.0
790.0
120.5
1384.5
0
1051.0
1947.5
368.5
0
126.5
860.0
138.0
425.5
595.0
1723.0
1311.5
1086.0
2294.5
0
68.0
68.0
486.0
0
992.0
0
710.5
641.5
671.0
68.0
289.0
0
1348.5
2108.5
128.0
1054.0
0
0
602.0
701.0
0
539.5
126.5
1336.0
194.5
1139.0
1764.5
231.5
383.0
0
126.5
1382.5
0
692.0
0
126.5
0
1722.0
0
1320.0
68.0
68.0
128.0
652.0
464.0
2281.5
0
0
0
596.0
302.0
1759.0
717.0
115.5
68.0
441.5
126.5
841.0
257.0
3168.5
126.5
1274.0
823.0
519.5
1472.0
1387.0
794.5
126.5
253.5
0
302.0
2022.0
0
0
68.0
0
183.5
2855.0
3512.0
775.5
646.5
1130.0
424.0
2071.0
1888.5
2082.0
613.5
0
206.0
126.5
68.0
418.5
904.0
850.0
365.5
0
126.5
954.0
943.0
1158.0
68.0
478.0
0
919.0
1500.5
529.0
2532.5
419.5
0
593.5
2347.5
0
0
581.0
1289.0
1552.5
374.5
2198.5
828.5
68.0
413.0
0
0
478.0
646.0
2476.5
707.0
988.0
951.0
745.0
383.0
138.0
2775.5
489.5
497.0
1551.5
190.5
1007.0
0
0
0
126.5
138.0
1156.0
0
0
0
2287.5
830.5
68.0
348.5
253.0
1789.0
706.0
1854.0
68.0
300.5
478.0
401.0
1890.5
68.0
0
0
128.0
0
365.5
68.0
0
1709.0
316.0
815.0
0
0
0
126.5
1673.0
2337.0
126.5
913.0
722.0
348.5
2732.0
831.0
115.5
138.0
138.0
126.5
582.0
68.0
419.5
126.5
0
243.5
0
253.0
1588.0
583.0
0
0
1157.5
0
656.5
374.5
438.5
1424.5
0
0
0
0
390.5
1226.5
535.0
0
538.0
68.0
300.5
68.0
0
0
0
2491.5
68.0
595.5
2351.5
1555.0
198.0
173.0
1709.5
884.5
126.5
1045.0
1458.0
126.5
407.0
0
0
0
0
300.5
1462.5
1587.0
0
1534.5
726.5
138.0
374.5
401.0
1359.0
419.5
407.0
303.5
960.0
0
418.5
505.0
750.5
128.0
419.5
68.0
138.0
551.0
0
68.0
0
1014.5
365.5
1448.5
128.0
0
126.5
68.0
0
613.5
1298.0
1397.5
478.0
68.0
0
0
1379.0
0
0
126.5
1272.0
68.0
1461.0
138.0
520.5
879.0
1301.0
243.5
0
138.0
573.5
231.5
0
435.5
126.5
1967.0
138.0
703.5
1034.0
0
179.0
0
2485.0
530.5
575.0
639.5
1460.5
586.5
424.0
2619.5
474.5
401.0
438.5
2096.0
980.5
138.0
0
1087.0
2066.0
1407.0
242.0
0
0
68.0
1502.0
700.0
1563.5
68.0
541.0
0
848.5
765.5
586.5
1127.0
126.5
775.5
1289.5
804.5
489.5
68.0
0
231.5
68.0
2285.0
530.5
0
576.0
1110.0
1057.0
194.5
2542.0
1022.5
842.5
126.5
1316.5
365.5
1035.5
1243.5
1940.5
789.0
68.0
365.5
478.0
892.5
289.0
1493.5
0
1790.0
0
525.0
126.5
374.5
126.5
0
126.5
1402.5
348.5
68.0
68.0
3005.5
544.5
1383.5
1090.0
2271.5
600.0
993.5
0
243.5
0
1308.5
2584.5
0
419.5
419.5
593.5
0
138.0
534.5
528.0
68.0
138.0
126.5
126.5
1054.0
0
1335.0
186.5
672.5
497.0
253.5
68.0
1903.5
458.0
126.5
0
1030.0
68.0
2010.5
1440.0
1856.0
1287.5
848.5
700.0
68.0
824.5
183.5
1784.0
365.5
0
3526.0
1845.0
126.5

1420.5
0
1280.0
1379.0
1420.5
300.5
0
68.0
0
1.0
528.0
359.0
0
348.5
1439.5
957.0
0
1617.5
1160.5
577.5
253.0
419.5
796.0
1124.0
1725.0
1271.5
1249.5
1415.0
497.0
1389.0
0
1744.5
370.5
1902.5
820.5
419.5
68.0
365.5
697.5
472.0
835.0
1759.5
316.0

0
1579.0
823.5
815.0
1478.5
0
829.5
401.0
717.0
841.0
892.0
916.5
459.5
1552.5
0
868.0
419.5
868.0
1182.5
179.0
1825.0
194.5
1850.5
813.5
534.5
0
1165.0
640.5
407.0
769.5
0
1757.5
68.0
150.0
596.5
0
138.0
254.5
575.0
1411.5
0
2058.0
1318.5
489.5
0
128.0
1157.5
68.0
243.5
2076.0
599.5
126.5
955.5
478.0
68.0

68.0
0
138.0
0
946.5
0
383.0
2008.0
2087.5
68.0
68.0
1356.0
138.0
1536.5
257.0
497.0
0
438.5
0
0.5
741.0
1475.5
524.0
670.5
1837.0
2531.5
1127.5
1737.0
68.0
1061.0
2239.5
126.5
183.5
68.0
967.0
0
653.5
438.5
68.0
289.0
68.0
68.0
0
2487.5
908.5
530.5
2701.5
120.5
401.0
365.5
1368.5
2083.0
725.5
901.0
898.5
68.0
1261.5
1008.0
755.0
243.5
418.5
194.5
289.0
2314.0
751.0
1217.5
533.0
115.5
2932.0
1230.5
699.0
897.0
1038.0
126.5
1226.5
194.5
2227.5
1127.5
599.5
593.5
1003.5
655.0
534.5
0
1677.0
2784.0
0
300.5
528.0
1089.5
126.5
0
1477.5
642.5
0
1261.0
126.5
359.0
68.0
190.5
150.0
478.0
115.5
717.0
419.5
1404.0
128.0
1682.0
300.5
1987.5
2202.0
2093.5
438.5
383.0
1533.5
126.5
416.0
183.5
126.5
1372.5
419.5
1583.5
0
583.0
1368.0
0
126.5
1141.5
1200.0
734.5
724.0
589.5
3446.5
1764.0
1865.0
1340.5
243.5
0
1955.0
0
370.0
1056.0
2598.5
1914.0
126.5
521.5
848.5
1616.0
128.0
812.5
126.5
126.5
554.0
583.0
1047.5
1914.0
887.0
302.0
0
0
0
0
183.5
419.5
370.5
1087.5
2152.5
977.5
678.5
1220.0
448.0
0
0
0
262.5
904.0
68.0
285.5
138.0
489.5
1344.5
68.0
0
760.0
717.0
285.5
0
0
1307.5
126.5
1914.5
315.5
257.0
0
0
438.5
1989.5
1876.5
768.5
522.5
1073.0
230.5
172.0
438.5
1521.5
1111.0
1290.0
1070.5
0
871.5
290.5
1978.0
497.0
965.0
1133.5
68.0
68.0
478.0
861.5
1952.0
355.5
68.0
1687.0
138.0
0
194.5
860.0
1515.0
3129.0
607.0
300.5
3996.0
1213.5
1387.5
866.0
0
419.5
2520.5
1109.5
419.5
2493.0
370.5
0
2102.0
850.0
68.0
1906.0
288.0
407.0
508.5
710.5
979.0
1815.0
1406.5
68.0
1606.0
736.0
1590.5
0
734.0

126.5
1073.5
1865.5
1274.0
115.5
523.5
949.5
0
68.0
1997.5
359.0
0
790.0
770.0
68.0
602.0
2114.0
365.5
1379.0
0
1519.0
0
424.0
2750.5
1266.0
68.0
905.5
401.0
1356.5
68.0
717.0
0
1407.5
1263.0
478.0
0
659.0
506.0
0
68.0
470.5
1162.5
671.0
1439.0
0
68.0
513.5
1777.5
489.5
592.0
68.0
1151.0
1247.5
1556.5
1052.5120.5
1472.0
508.5
1090.5
126.5
0
0
126.5
706.0
458.0
1867.5
478.0
737.5
383.0
0
916.5
489.5
768.5
1232.5
478.0
710.5
0
126.5
1141.5
348.5
1016.5
68.0
438.5
489.5
453.5
120.5
126.5
1494.0
2142.0
1634.0
1354.5
497.0
68.0
68.0
0
1002.5
778.5
68.0
138.0
243.5
68.0
289.0
1885.5
913.5
126.5
639.5
846.5
316.0
68.0
478.0
0
0
0
126.5
68.0
0
458.0
68.0
1498.0
348.5
0
1238.5
2116.5
126.5
861.5
194.5
128.0
2297.5
412.0
845.5
126.5
300.5
138.0
536.0
68.0
1460.5
518.5
0
1973.0
951.5
229.0
0
478.0
1352.0
1765.0
1106.5
1320.0
0
806.0
1652.5
459.5
1374.5
990.0
0
230.5
489.5
678.5
1712.0
497.0
243.5
2192.5
0
985.0
68.0
2362.0
471.0
126.5
543.5
535.0
841.0
717.0
478.0
126.5
486.0
68.0
303.5
138.0
1160.5
332.0
1435.5
489.5
1282.5
300.5
1765.5
607.0
1763.5
1495.5
1246.0
889.0
257.0
2287.0
639.5
995.0
917.0
126.5
826.0
138.0
419.5
68.0
703.5
758.5
338.0
481.0
138.0
419.5
186.5
533.0
138.0
120.5
750.5
68.0
1475.5
115.5
706.0
438.5
929.0
868.0
68.0
0
1549.5
0
2288.0
663.5
489.5
424.0
564.0
733.0
2008.0
230.5
68.0
419.5
431.5
126.5
704.5
652.0
126.5
418.0
621.5
1387.5
0
1562.5
68.0
1963.5
613.5
1950.0
126.5
812.0
0
624.5
773.5
126.5
478.5
582.5
993.0
348.5
1576.0
933.5
1680.0
1409.5
1515.5
68.0
186.5
580.0
0
0
470.5
2247.5
472.0
68.0
1422.5
856.0
769.5
138.0
2035.0
2338.0
703.5
1042.5
126.5
0
722.0
138.0
1424.5
3057.5
803.0
1606.5
758.5
1664.5
242.0
739.0
370.5
0
1181.0
1367.0
717.0
138.0
463.0
1628.5
1349.0
68.0
401.0
126.5
407.0
1307.0
438.5
0
524.0
1121.0
1037.5
0
1085.5
1828.5
528.0
1293.0
1404.5
1593.0
172.0
418.0
1042.5
68.0
1120.0
0
138.0
2063.5
787.0
2241.5
692.0
68.0
243.5
989.5
497.0
1680.5
1220.5
911.0
3247.5
438.5
126.5
126.5
68.0
2352.5
344.0
1151.0
419.5
1917.5
572.0

68.0
1276.5
590.0
68.0
1870.0
835.5
68.0
522.5
424.0
1449.0
1684.0
478.0
598.0
899.5
1325.0
1597.0
1990.5
68.0
1139.5
1473.5
519.0
1218.0
1147.5
2089.0
497.0
1343.0
1221.5
1703.5
2435.0
68.0
243.5
823.5
68.0
136.0
928.5
1485.5
1077.5
601.0
0
1310.0
2176.0
1282.0
2969.0
1876.5
797.0
1260.5
68.0
285.5
302.0
424.0
2222.5
1028.0
1084.5
289.0
863.5
126.5
1142.0
126.5
1351.5
1045.0
68.0
1305.0
1860.5
253.0
289.0
2301.0
68.0
2268.5
2415.0
1954.0
806.0
1398.5
2771.0
0
1338.0
686.5
126.5
401.0
401.0
438.5
0
848.5
2299.5
323.5
1478.5
418.5
2097.5
1259.0
1154.0
1192.0
424.0
595.0
1851.0
300.5
1661.0
596.5
438.5
1091.5
699.5
0
138.0
344.0
1504.5
68.0
880.5
458.0
1316.5
300.5
967.0
438.5
419.5
68.0
1903.0
396.5
2218.5
2042.0
1007.0
2178.0
478.0
489.5
424.0
1716.5
68.0
2248.5
1351.5
68.0
2149.0
722.0
291.5
128.0
138.0
424.0
438.5
126.5
787.0
1464.0
693.5
1188.5
1055.5
68.0
550.0
948.0
911.5
1035.5
1971.5
2001.5
692.0
300.5
0
1572.0
128.0
903.0
138.0
585.0
0
2062.5
1719.5
2268.5
489.5
1490.0
0
960.0
138.0
845.5

438.5
550.5
843.0
512.0
0
0
774.5
1461.0
0
563.5
686.5
128.0
0
933.5
68.0
1137.0
651.0
868.0
867.5
2649.0
459.5
370.5
895.5
486.0
126.5
1625.5
472.0
138.0
734.5
1563.5
1665.5
424.0
2482.0
639.0
126.5
2294.0
592.0
1551.0
1270.5
612.5
2609.0
0
1204.5
1747.0
1021.5
1912.5
489.5
68.0
68.0
594.5
910.0
2060.0
1504.0
1076.5
448.0
489.5
316.0
1985.0
68.0
460.5
243.5
1783.0
68.0
1441.0
1727.5
0
194.5
611.0
1208.0
1802.5
68.0
418.5
2066.0
846.0
183.5
2316.5
316.0
497.0
1157.5
1111.0
0
68.0
2533.0
2414.5
2015.5
820.5
0
1535.0
0
2126.5
289.0
2128.0
128.0
2732.5
68.0
654.5
253.5
859.0
1513.5
1021.0
1083.0
407.0
2084.5
126.5
2225.5
68.0
478.0
3513.5
424.0
786.5
68.0
2356.5
2270.0
1357.0
1320.0
1025.5
1933.5
2157.0
1745.0
68.0
568.5
68.0
230.5
243.5
518.0
1916.0
666.5
2220.5
68.0
126.5
126.5
1258.0
126.5
646.0
975.5
126.5
0
1870.0
2304.0
2076.5
419.5
1983.5
790.0
0
775.5
652.0
1425.0
1665.0
2047.5
0
243.5
2422.5
316.0
1001.5
630.0
1506.5
497.0
126.5
1897.5
1678.5
300.5
1693.0
856.5
1276.5
1985.0
1142.0
1075.5
68.0
3227.0
68.0
700.0
2974.5
1548.5
2538.5
484.0
830.5
1994.0
1124.0
697.5
302.0
970.0
0
438.5
1012.0
183.5
418.5
2052.0
1469.5
646.0
1397.5
68.0
768.0
1181.0
0
365.5
582.0
2219.0
1839.5
2630.0
1272.0
1629.0
596.5
2039.5
1420.0
126.5
68.0
68.0
576.5
0
138.0
68.0
2656.0
1375.5
138.0
68.0
0
359.0
3217.0
1595.5
1348.5
1383.0
1104.0
418.5
1617.5
2333.0
633.5
0
1864.0
68.0
1277.5
1467.0
1955.5
1524.0
1377.5
770.0
2539.0
68.0
1023.5
0
2243.0
2364.5
126.5
138.0
2127.5
2604.0
752.5
2120.5
1373.5
0
1322.0
126.5
0
2233.5
68.0
126.5
515.5
183.5
478.0
383.0
68.0
476.5
1365.0
1156.5
906.5
508.5
2964.0
1420.0
1198.5
1590.0
68.0
126.5
2817.5
1086.5
1762.5
1098.5
1229.5
365.5
2142.5
717.0
2278.0
2144.5
892.0
3105.0
1398.0
0
1089.5
1412.5
1757.0
508.5
1265.0
1797.5
939.5
1059.0
1126.0
316.0
2060.5
2213.5
803.0
0
2476.5
2071.5
2084.5
842.5
1670.0
2242.5
1328.5
1987.5
508.5
822.0
698.5
1304.0
2745.0
1087.5
138.0
419.5
1783.0
419.5
522.5
1543.5
2534.5
1000.5
1317.0
2020.5
1324.5
243.5
1174.5
0
1921.0
1398.0
1147.5
3017.0
183.5
68.0
183.5
909.0
2003.0
2312.0
3040.5
2740.5
2837.5
1950.5
0
1413.0
2878.0
1887.0
1894.5
1215.0
704.5
2165.5
2245.0
2888.0
2718.0
821.5
2434.5
983.5
362.0
365.5
2211.5
921.5
1710.0
68.0
2065.0
68.0
1024.0
253.0
407.0
138.0
898.5
2033.5
945.0
614.0
1732.5
775.5
401.0
506.0
621.5
851.0
0
302.0
1446.5
812.5
576.5
2262.0
2418.0
778.5
348.5
704.5
2277.5
898.5
2027.5
1355.5
316.0
1104.5
419.5
2017.5
489.5
418.0
2873.5
1815.0
1434.5
1383.0
1312.5
526.5
496.0
126.5
302.0
1096.5
1059.0
476.0
2483.5
508.5
2337.0
418.5
68.0
2298.5
829.5
2528.0
1819.0
1293.5
1900.0
2351.0
1741.0
218.0
68.0
0
771.5
1479.0
2661.0
3582.0
2040.5
374.5
2257.0
878.5
1863.0
1173.5
472.0
1889.0
1071.0
663.5
579.5
419.5
2040.0
1480.0
3182.0
706.0
829.0
1548.0
598.0
1863.0
1779.0
2342.0
2531.0
2248.0
614.5
419.5
68.0
2995.5
68.0
586.5
68.0
68.0
438.5
949.5
0
592.0
771.5
782.5
0
1440.0
2362.0
186.5
2088.0
2248.5
875.5
285.5
836.0
1996.0
2619.0
598.0
1300.0
516.5
2345.5
492.0
1822.0
485.5
1102.0
1582.5
0
285.5
848.5
0
348.5
1515.0
733.5
863.0
2263.5
595.0
1370.5
1410.0
707.5
2548.0
419.5
2070.5
68.0
1877.0
2632.5
0
2752.5
1101.5
138.0
3021.5
332.0
576.0
934.0
497.0
68.0
700.0
946.5
2663.0
962.5
1758.5
2034.0
1003.5
2164.5
1919.5
1519.0
566.0
484.0
1297.5
418.5
2037.5
1574.0
0
68.0
611.0
523.5
2268.0
1573.0
68.0
1852.5
1077.5
1017.0
789.0

1721.0
2249.5
1032.0
1931.0
1548.5
1205.5
1864.0
1290.0
497.0
1926.5
1122.5
438.5
0
0
1812.0
775.5
2147.5
126.5
2965.0
1089.0
1716.5
2090.0
528.0
419.5
900.0
68.0
976.0
489.5
3129.5
138.0
68.0
359.0
667.5
822.5
441.5
419.5
1197.5
2535.5
576.5
901.5
1069.5
1180.0
722.0
1133.0
138.0
1649.5
183.5
1480.0
478.0
419.5
126.5
1196.5
115.5
1760.5
2402.5
928.5
1198.0
1181.0
2137.5
126.5
0
693.5
1747.5
1368.0
2684.5
1701.5
484.0
1027.0
419.5
1336.5
438.5
758.5
243.5
848.5
824.0
0
1251.5
1142.5
1457.0
816.0
1433.5
126.5
383.0
633.5
1819.0
345.5
1760.5
68.0
1289.5
593.5
138.0
1087.5
68.0
1454.0
1106.5
300.5
419.5
1455.5
68.0
68.0
68.0
523.5
300.5
1766.0
489.5
0
471.0
2100.5
1296.5
1091.0
1406.0
183.5
902.5
1838.5
481.0
68.0
1309.5
138.0
633.5
424.0
2228.0
398.5
537.0
2342.5
965.5
1763.0
0
804.0
186.5
775.5
1255.0
736.0
2037.0
1459.5
1401.5
300.5
419.5
1729.5
419.5
1477.5
194.5
138.0
583.0
138.0
652.0
1791.5
1449.5
1298.0
1305.0
508.5
3006.5
68.0
173.0
2113.0
120.5
1699.0
128.0
1462.0
68.0
0
126.5
1383.0
2126.0
2134.0
2651.5
2369.5
2014.0
2797.0
1334.0
68.0
1203.0
1962.5
1508.0
458.0
2009.0
316.0
1438.0
2202.0
839.0
967.0
115.5
300.5
1561.0
860.0
652.0
1303.5
1766.5
68.0
1502.0
598.0
438.5
2577.5
1609.0
2501.0
1724.5
2285.5
243.5
407.0
424.0
618.5
2191.0
68.0
1956.5
138.0
68.0
528.0
3239.5
508.5
1441.5
243.5
932.5
390.5
909.5
1578.5
1909.5
68.0
1417.5
652.0
138.0
1041.5
771.5
0
1725.0
374.5
1610.5
3360.0
0
2343.5
736.0
68.0
243.5
179.0
1270.0
834.5
1892.5
1471.0
1833.5
2335.0
1303.0
1338.5
68.0
848.5
867.5
1591.0
344.0
419.5
1219.0
1441.0
126.5
126.5
1703.0
812.0
383.0
1443.5
588.5
316.0
1714.5
935.5
138.0
533.5
300.5
1096.0
2008.0
598.0
1531.0
68.0

1490.5
2016.5
2496.0
299.5
1390.0
427.0
126.5
359.0
544.0
365.5
1342.0
0
438.5
2067.0
843.0
860.0
524.0
2086.5
2053.0
2474.5
843.0
1080.5
700.0
1396.0
2330.5
774.5
138.0
804.0
652.0
1524.0
543.5
68.0
0
138.0
1121.5
1067.5
1680.0
2679.0
2872.5
882.0
1525.0
791.5
1242.5
1711.0
1102.0
2180.5
68.0
1991.0
709.5
516.5
1436.0
348.5
2041.5
612.5
316.0
511.0
578.0
1515.0
300.5
459.5
365.5
1336.0
68.0
1605.5
1786.5
700.0
2625.0
68.0
1283.0
717.0
1596.5
622.5
652.0
2292.0
435.5
778.5
113.5
126.5
438.5
2313.0
126.5
1888.0
1161.0
737.5
68.0
355.5
2153.0
68.0
1543.5
667.5
700.0
2209.0
1265.0
138.0
1918.5
2108.5
1124.0
2579.5
3228.5
1602.5
1689.0
438.5
302.0
2262.0
0
1361.0
126.5
872.5
1078.5
860.0
788.0
1948.5
835.0
793.0
2502.5
0
0
1180.0
68.0
1104.5
864.5
830.0
401.0
1900.0
1193.5
126.5
698.5
1660.0
173.0
0
285.5
68.0
126.5
2245.0
138.0
910.0
583.0
115.5
1574.0
407.0
332.0
3105.0
1748.5
478.0
1838.0
528.5
126.5
2135.0
68.0
68.0
475.0
416.0
138.0
68.0
1029.5
419.5
359.0
802.0
419.5

2634.0
120.5
68.0
529.0
478.0
0
1340.5
1809.0
907.0
891.0
126.5
965.5
2277.0
809.0
2232.5
1149.5
173.0
2018.0
68.0
1438.0
1772.5
949.5
2170.5
68.0
360.5
419.5
464.0
0
1019.5
2083.5
1318.5
1001.0
1330.0
497.0
365.5
998.0
285.5
68.0
1022.5
1103.0
1488.0
1494.5
1019.5
792.0
1423.5
138.0
706.5
700.0
1416.5
965.5
1780.0
1165.0
68.0
407.0
879.5
383.0
810.0
1518.0
2779.0
956.5
68.0
126.5
2516.0
3583.5
841.0
1123.0
300.5
1221.5
545.5
68.0
1735.5
285.5
850.0
243.5
365.5
828.5
365.5
68.0
1494.0
253.5
68.0

1250.0
1708.5
68.0
773.5
1938.0
823.5
370.5
791.5
1360.5
1286.0
365.5
2048.0
68.0
68.0
1092.5
1324.0
989.0
793.0
126.5
671.0
289.0
0
1894.5
508.5
1054.5
1121.5
1232.5
2255.0
373.5
781.5
419.5
629.0
1125.0
894.5
68.0
1336.0
1722.0
138.0
1726.0
2071.0
599.5
478.0
419.5
1134.5
793.0
68.0
2360.0
68.0
300.5
1093.5
1853.0
68.0
633.5
1669.0
68.0
303.5
648.5
841.0
911.5
985.0
1192.0
497.0
68.0
0
194.5
190.5
68.0
230.5
2238.5
882.5
138.0
419.5
401.0
2152.0
2010.5
459.5
1053.5
1369.0
2509.0
1148.0
804.5
126.5
489.5
1238.0
300.5
2047.5
300.5
1026.5
1916.5
1693.5
401.0
407.0
1196.0
583.0
543.5
0
489.5
946.5
950.0
2583.0
497.0
760.5
128.0
173.0
68.0
1096.5
0
0
68.0
1421.0
1197.0
383.0
1157.5
1911.0
365.5
887.5
359.0
2100.5
459.5
964.0
2163.5
0
797.0
68.0
419.5
370.5
402.0
435.5
68.0
316.0
1192.5
128.0
652.0
1321.0
128.0
497.0
3577.5
0
933.5
0
68.0
1715.0
1820.5
1246.0
1573.5
68.0
0
692.0
965.0
1216.5
860.0
365.5
877.0
471.0
478.5
919.0
1046.5
2107.0
878.0
2217.0
1480.5
770.5
717.0
300.5
0
765.5
1202.0
741.0
1676.5
1989.5
183.5
1087.5
438.5
126.5
1641.5
2056.5
1752.0
771.0
289.0

0
68.0
1419.5
763.5
126.5
2364.5
68.0
0
875.5
1583.0
138.0
0
581.0
68.0
1157.5
1101.5
1025.5
1183.0
1610.5
546.0
1217.5
126.5
126.5
68.0
1335.5
386.0
253.5
2655.5
424.0
715.0
497.0
771.5
524.0
0
640.5
508.5
1022.0
932.5
68.0
138.0
854.0
1271.5
970.0
551.5
2463.5
1301.0
722.0
1822.0
710.5
438.5
2064.0
614.0
2407.5
1012.5
839.5
0
668.5
923.0
0
497.0
791.5
489.5
1809.5
1011.0
1061.0
68.0
637.0
3045.5
716.0
0
1132.0
300.5
639.5
0
1337.5
120.5
242.0
590.0
548.5
126.5
1070.5
0
1030.5
126.5
0
1259.0
0
1405.5
1593.5
1796.0
576.5
68.0
68.0
533.0
257.0
68.0
407.0
633.5
558.5
300.5
1974.5
0
790.0
128.0
68.0
257.0
0
1124.5
1118.5
1044.5
0
774.5
0
1312.0
1243.0
907.5
1258.0
0
1082.5
2064.5
0
0
138.0
0
383.0
435.5
138.0
0
533.0
962.5
648.5
126.5
2060.5
650.5
759.0
1426.5
1112.0
68.0
68.0
359.0
1157.5
68.0
0
.0
1353.0
1503.0
1934.5
2188.0
68.0
0
958.5
0
0
0
68.0
68.0
1506.0
365.5
1382.0
944.0
2614.5
383.0
128.0
825.5
0
0
1388.5
561.5
0
138.0
128.0
0
183.5
1419.5
541.0
656.0
2147.5
68.0
115.5
1158.0
2508.5
467.0
1593.0
1594.5
0
0
1141.5
2163.5
438.5
0
1475.5
0
383.0
419.5
1995.5
570.5
1104.5
0
969.5
365.5
392.0
1547.0
0
126.5
1140.5
0
.5
126.5
68.0
126.5
583.0
1472.0
1156.0
1952.0
302.0
68.0
0
1231.5
0
0
383.0
0
0
1160.5
0
0
0
0
0
0
0
68.0
984.0
2222.0
0
0
243.5
804.0
365.5
0
1106.5
1597.0
459.5
0
283.0
1100.5
2083.5
0
0
348.0
126.5
300.5
650.0
1003.5
806.0
0
300.5
1899.5
126.5
68.0
0
595.0
68.0
0
126.5
138.0
186.5
1571.0
829.0
1318.5
407.0
471.0
302.0
177.0
126.5
834.5
0
949.5
649.0
432.0
842.5
1107.0
2334.0
68.0
1107.0
359.0
1084.5
68.0
363.5
253.5
435.5
138.0
489.5
0
0
1627.5
489.5
573.0
0
1105.0
1628.5
1971.0
138.0
1397.5
0
419.5
183.5
0
489.5
857.5
1145.0
583.5
1594.0
497.0
1501.5
0
0
0
736.0
0
68.0
0
126.5
1336.0
424.0
0
126.5
138.0
841.0
359.0
1267.0
68.0
2418.5
424.0
1038.0
961.0
68.0
1613.5
0
419.5
951.5
1070.5
0
829.5
524.5
1000.0
497.0
595.5
1582.5
126.5
671.0
68.0
1156.0
0
653.5
1424.5
0
0
1191.0
1748.0
419.5
0
1989.5
2210.5
0
0
0
1193.5
652.0
1959.5
2729.5
1019.0
595.0
113.5
126.5
0
832.5
138.0
418.5
1643.5
1929.5
68.0
300.5
1813.5
68.0
1328.0
300.5
1146.0
1440.0
68.0
68.0

879.5
893.0
1182.0
0
1109.5
126.5
0
0
126.5
461.0

1805.5
68.0
886.5
407.0
2779.5
419.5
710.5
1718.0
822.5
138.0
424.0
812.5
764.5
383.0
703.5
478.0
2377.5
528.0
126.5
960.0
529.0
1073.5
68.0
1231.5
126.5
1640.0
1633.0
470.5
374.5
128.0
771.5
194.5
0
1332.5
0
2110.0
0
471.0
126.5
1221.5
0
739.0
692.0
607.0
1045.5
637.0
429.0
745.0
126.5
904.0
719.0
1490.5
1822.5
0
0
0
0
680.5
126.5
1383.0
656.5
1995.0
0
0
68.0
637.0
370.5
1902.5
0
947.0
533.0
859.0
243.5
1515.0
2431.0
138.0
1049.5
68.0
458.0
0
614.0
2147.0
115.5
0
327.0
1458.0
0
365.5
0
1269.0
316.0
0
344.0
120.5
0
.5
478.0
1037.5
128.0
126.5
120.5
120.5
126.5
1593.5
68.0
179.0
0
717.0
478.0
370.5
946.5
1480.5
899.5
0
126.5
138.0
729.5
0
359.0
852.0
581.0
607.0
0
1193.0
0
0
633.5
126.5
68.0
775.5
508.5
945.5
1326.5
0
0
596.5
0
0
858.5
717.0
1139.5
758.5
1579.5
478.0
836.0
932.5
138.0
832.5
1489.0
126.5
359.0
126.5
945.5
1726.5
1507.5
0
.5
0
2343.5
2438.0
68.0
302.0
126.5
533.0
0
1574.5
300.5
495.5
68.0
1680.0
1768.5
837.0
1310.0
613.5
879.5
419.5
401.0
0
771.0
68.0
435.5
183.5
471.0
829.0
365.5
0
930.0
68.0
243.5
1157.0
2607.5
365.5
777.5
583.0
722.0
1007.5
1469.5
604.0
0
0
904.5
183.5
68.0
68.0
0
894.5
0
126.5
1357.5
128.0
126.5
316.0
497.0
1772.5
1163.5
831.5
300.5
868.0
126.5
0
347.5
533.0
707.5
438.5
1802.0
138.0
126.5
0
68.0
429.0
138.0
478.0
0
1103.0
779.0
0
0
126.5
640.5
0
365.5
702.5
1981.5
771.0
401.0
601.0
1299.5
1136.5
528.0
126.5
68.0
0
365.5
348.5
138.0
0
0
0
0
242.0
0
529.0
419.5
424.0
0
0
1415.5
2040.0
0
0
1033.5
0
787.0
419.5
807.5
842.5
1922.5
365.5
419.5
849.0
1032.0
68.0
316.0
973.0
861.5
764.5
516.5
0
1279.0
874.0
1826.5
1543.5
0
0
0
892.5
0
120.5
0
809.0
1276.5
365.5
231.5
1419.5
964.0
126.5
126.5
126.5
243.5
1248.5
68.0
478.5
1208.0
1291.5
911.5
183.5
463.0
1046.0
876.5
949.5
138.0
68.0
1041.0
68.0
243.5
1196.5
815.5
0
179.0
285.5
419.5
0
0
2370.5
126.5
289.0
653.5
285.5
355.5
0
1603.0
365.5
435.5
126.5
968.0
138.0
0
126.5
710.5
856.5
1516.5
138.0
2183.0
0
775.5
302.0
68.0
0
0
68.0
0
126.5
0
0
.5
671.0
692.0
771.0
0
0
424.0
1593.0
791.0
128.0
1415.0
68.0
418.5
348.5
1680.5
497.0
0
313.5
68.0
1338.0
845.5
528.0
1758.5
126.5
126.5
470.5
126.5
390.5
1596.0
1160.5
243.0
115.5
1745.0
1345.5
68.0
1051.0
914.0
386.0
0
0
2627.0
1572.5
424.0
717.0
344.0
126.5
911.5
138.0
1186.0
1320.0
1607.0
138.0
0
1109.5
1422.0
2996.0
523.5
478.0
1794.0
0
253.5
0
126.5
68.0
126.5
808.0
1460.5
940.0
1018.0
1173.0
138.0
0
1439.5
568.5
736.0
424.0
68.0
126.5
481.0
514.5
285.5
126.5
2018.5
1082.5
128.0
126.5
138.0
1643.5
438.5
401.0
126.5
471.0
441.5
1724.0
0
1753.0
710.5
126.5
0
524.5
1826.5
68.0
128.0
471.0
0
749.0
0
716.0
1129.0
173.0
576.5
2268.0
736.0
519.5
1569.5
2023.5
1060.5
982.5
696.0
128.0
2229.5
253.5
1480.5
300.5
68.0
970.0
1249.0
758.5
419.5
0
243.5
68.0
315.5
2135.0
508.5
1765.0
138.0
0
120.5
68.0
316.0
2598.5
734.0
0
1428.5
830.0
789.0
1055.5
2006.5
68.0
0
300.5
126.5
435.5
811.0
243.5
68.0
583.0
1067.5
138.0
1921.5
179.0
0
1397.5
418.5
2639.0
3054.5
419.5
2499.0
370.5
419.5
516.5
257.0
839.5
365.5
365.5
0
0
2459.5
549.5
1471.0
0
641.5
1443.5
68.0
0
987.0
435.5
811.0
908.0
126.5
1474.0
909.5
424.0
1841.0
797.0
1336.0
138.0
136.0
68.0
348.5
126.5
68.0
538.0
734.5
407.0
1592.5
1737.0
0
1050.5
1214.5
646.5
0
1553.0
126.5
964.5
951.5
126.5
1053.5
115.5
417.5
646.5
581.0
253.5
0
946.5
230.5
242.0
1711.5
419.5
0
183.5
243.5
419.5
1087.5
68.0
1141.0
904.0
919.0
68.0
68.0
0
530.5
0
1280.5
818.5
707.5
934.5
1817.0
0
138.0
0
251.5
1901.5
573.5
1448.5
0
68.0
1777.0
722.0
0
0
370.5
0
438.5
1306.5
1591.0
68.0
489.5
0
458.0
517.0
459.5
1063.0
126.5
497.0
758.5
1191.0
871.0
703.5
186.5
138.0
1374.5
289.0
179.0
138.0
126.5
790.0
138.0
138.0
243.5
970.0
1258.0
416.0

243.5
231.5
1067.0
138.0
486.0
68.0
374.5
126.5
934.0
993.0
722.0
126.5
1740.5
1207.0
126.5
1231.0
1485.0
0
535.0
1986.0
586.0
0
967.0
1251.5
390.5
126.5
0
908.0
771.5
419.5
2323.0
771.0
497.0
438.5
1565.5
889.0
1916.0
612.5
463.0
300.5
424.0
1620.0
2438.0
1845.5
115.5
1960.5
463.5
804.5

596.5
419.5
528.0
370.5
742.0
948.0
531.0
68.0
418.5
533.0
0
937.0
359.0
2829.5
138.0
594.5
0
0
68.0
757.5
1305.0
1340.0
1228.0
0
0
1056.0
443.0
0
1523.0
1564.5
138.0
1331.0
886.0
126.5
2036.0
126.5
1016.5
138.0
2213.0
832.5
1592.5
126.5
465.0
1112.5
576.0
668.0
489.5
0
0
1111.0
1378.5
0
535.0
126.5
0
1691.5
1457.5
0
186.5
1355.0
475.0
476.5
495.5
243.5
1736.5
723.5
1896.0
138.0
471.0
1024.0
0
126.5
2530.0
120.5
1124.0
1013.5
302.0
2170.0
1214.5
1549.5
1160.5
1385.0
2946.5
1741.0
0
126.5
300.5
1590.0
497.0
0
126.5
946.0
432.0
0
1622.0
183.5
0
3104.5
865.0
68.0
0
622.0
2024.0
0
0
1996.0
126.5
68.0
0
1948.0
2505.5
0
1850.0
1519.0
966.5
489.5
407.0
736.0
1127.0
1900.5
1137.5
138.0
472.0
1478.5
1703.5
578.0
710.5
709.0
1101.5
458.0
898.5
0
0
786.0
0
2302.0
0
1469.0
0
186.5
1805.0
1590.0
126.5
0
814.0
68.0
358.5
2061.5
1654.5
802.5
1159.5
478.0
68.0
882.0
416.0
418.5
3118.5
68.0
0
315.5
126.5
1568.5
2156.5
1181.5
459.5
0
1279.5
1427.5
359.0
489.5
68.0
257.0
731.5
721.5
138.0
138.0
120.5
0
471.0
478.0
593.5
1019.0
243.5
478.0
1132.0
846.0
595.0
0
1192.5
1646.0
115.5
647.0
0
1146.0
582.5
1100.5
1476.5
1011.5
0
841.0
0
1807.5
365.5
1556.5
1472.0
943.0
1610.0
0
1003.0
68.0
860.0
126.5
508.5
1265.0
136.0
441.5
68.0
0
1456.5
2334.5
1701.0
790.0
1180.0
931.0
2131.5
1108.0
0
1394.5
401.0
1875.5
1942.0
68.0
752.5
346.0
615.5
666.5
138.0
68.0

1144.5
1700.5
0
401.0
126.5
476.0
1040.0
173.0
1250.0
1018.5
775.5
300.5
419.5
943.0
851.5
68.0
68.0
300.5
0
179.0
885.0
533.5
68.0
611.0
1073.0
316.0
0
126.5
126.5
126.5
672.5
0
904.0
2346.5
365.5
822.5
183.5
1428.0
783.0
1479.0
1063.5
478.0
438.5
489.5
546.0
1365.0
68.0
0
1233.5
126.5
1400.0
1019.5
1830.0
0
68.0
1081.0
554.0
258.0
2775.5
1019.5
569.5
220.5
1780.5
418.5
138.0
0
2327.5
724.0
1894.5
126.5
1626.0
0
823.5
68.0
1503.0
243.5
0
1231.5
435.5
1358.5
1715.5
1735.0
1971.5
1229.5
604.5
1152.5
2669.5
138.0
1475.0
775.5
965.0
316.0
497.0
68.0
3638.0
370.5
497.0
1219.5
138.0
523.5
0
743.5
923.5
846.0

0
419.5
0
760.5
68.0
2608.5
1606.0
1055.0
126.5
936.0
489.5
1507.5
583.0
992.0
0
355.5
0
773.5
1633.0
1132.5
850.0
1999.5
1331.5
1320.5
1465.0
1253.0
422.5
138.0
1223.5
573.5
2151.5
435.5
722.0
0
1482.0
528.0
879.0
424.0
868.0
554.0
0
2015.5
0
138.0
1906.5
0
0
257.0
1262.0
359.0
2474.0
68.0
316.0
1019.0
1210.5
1904.0
2785.0
115.5
0
0
1429.5
68.0
0
972.5
126.5
359.0
0
2466.0
359.0
0
0
138.0
1785.5
488.0
1715.5
0
.5
1916.0
1085.0
794.0
1203.0
809.0
2479.0
1162.5
126.5
887.0
68.0
1427.0
1851.5
438.5
183.5
640.5
794.5
126.5
1162.5
891.5
583.0
68.0
1511.5
68.0
1930.0
815.5
1565.0
0
0
183.5
755.0
253.5
126.5
438.5
690.5
68.0
1240.0
138.0
1969.0
522.5
1574.5
0
1523.0
848.5
938.0
419.5
1438.0
0
1037.5
3107.0
616.5
897.5
1381.5
1277.5
1066.0
0
138.0
2475.5
68.0
0
68.0
0
186.5
778.5
1742.5
0
943.0
0
471.0
1508.5
68.0
868.0
0
1012.0
453.0
302.0
770.0
794.5
0
1164.0
1676.5
348.5
0
365.5
0
2335.5
1499.5
407.0
242.0
497.0
359.0
667.0
0
1767.5
3117.0
0
0
3060.0
549.5
0
115.5
870.0
793.0
302.0
615.5
0
489.5
1128.0
128.0
126.5
911.5
1231.5
126.5
0
.5
1393.5
591.0
0
243.5
316.0
2597.5
653.5
242.0
68.0
0
253.5
771.0
243.0
519.5
365.5
313.5
0
289.0
138.0
126.5
1124.5
424.0
934.5
341.0
0
1077.5
545.5
0
370.5
1035.0
1302.5
68.0

1138.5
904.0
1203.0
0
0
1909.0
1899.5
424.0
1699.0
138.0
0
341.0
138.0
0
128.0
1761.0
648.5
614.0
848.5
126.5
596.0
0
0
595.0
736.0
0
0
0
0
1140.5
0
68.0
783.0
0
138.0
719.0
2244.0
1391.0
138.0
0
1546.5
126.5
0
1711.0
659.5
1229.5
0
0
1146.0
1201.5
126.5
0
1476.5
647.5
1195.0
0
7.0
289.0
1310.5
1413.5
68.0
965.0
401.0
640.5
2742.5
0
0
0
1496.5
419.5
344.0
382.5
702.0
418.5
370.5
126.5
126.5
983.0
524.0
0
0
0
707.5
221.5
348.5
1280.5
396.5
737.5
1516.0
497.0
419.5
709.0
1668.5
0
1293.5
0
68.0
126.5
841.0
862.5
126.5
757.0
138.0
879.5
0
0
786.0
173.0
194.5
138.0
1331.0
0
0
0
0
107.0
0
242.0
302.0
0
126.5
0
424.0
0
695.5
0
289.0
243.5
741.0
0
576.5
1312.5
68.0
126.5
0
138.0
401.0
68.0
359.0
458.0
0
0
790.0
355.5
359.0
126.5
1151.0
126.5
0
688.5
0
194.5
419.5
0
478.0
68.0
901.5
478.0
722.0
0
126.5
1361.0
435.5
2526.5
126.5
1236.5
0
1764.5
1106.5
1251.5
190.5
900.5
253.0
0
163.0
0
0
1269.0
0
2161.0
478.0
68.0
1383.0
68.0
535.0
1502.0
0
2951.5
1345.0
722.0
68.0
424.0
0
2047.5
0
0
1572.5
68.0
138.0
0
126.5
68.0
0
478.0
183.5
68.0
0
0
471.0
0
138.0
126.5
1022.5
344.0
1639.0
881.5
1033.5
183.5
1338.5
2018.5
458.0
68.0
0
194.5
0
68.0
438.5
441.5
0
0
0
242.0
1090.0
965.5
478.0
355.5
68.0
128.0
0
523.5
1141.0
419.5
1062.5
138.0
906.0
0
0
1025.5
1655.0
419.5
1024.0
2309.0
1176.5
698.5
0
934.5
971.0
0
2086.0
0
0
1644.0
0
1438.5
0
475.0
68.0
243.5
1055.0
1657.5
126.5
774.5
0
1532.5
1220.5
315.5
478.0
2533.5
1024.0
0
514.5
370.5
0
138.0
832.0
1116.0
300.5
0
3240.0
365.5
1008.5
1512.0
1044.5
642.0
0
1325.5
315.5
419.5
956.5
68.0
365.5
365.5
68.0
0
651.0
430.5
737.0
700.0
3697.0
2294.5
0
652.0
242.0
138.0
407.0
1939.0
2023.5
0
1948.5
745.0
0
0
0
419.5
489.5
1377.0
68.0
359.0
506.0
243.5
243.5
0
138.0
68.0
68.0
913.5
1175.0
1402.5
985.0
884.5
243.5
829.0
581.0
438.5
1801.0
1699.5
587.5
138.0
68.0
332.0
595.0
0
0
635.0
734.5
1136.5
968.5
0
830.0
126.5
68.0
0
0
68.0
0
1650.5
0
1.0
188.0
0
183.5

138.0
825.5
0
761.5
243.5
128.0
363.5
1663.0
253.5
887.0
0
0
884.0
0
0
0
1163.5
866.0
1365.5
1471.0
1745.5
68.0
0
949.5
667.5
0
0
771.0
68.0
731.0
138.0
2689.0
126.5
1718.0
516.5
0
1178.0
2028.5
0
126.5
987.5
0
126.5
0
2160.0
529.0
594.5
183.5
2180.5
1073.5
639.5
772.0
0
952.5
2164.5
497.0
729.5
1537.0
0
1019.5
138.0
459.5
958.5
777.5
418.5
905.5
652.0
0
0
0
854.5
623.5
0
289.0

0
790.0
0
313.5
695.5
475.0
983.0
68.0
586.5
1516.5
1509.5
905.5
0
0
1706.0
126.5
0
419.5
126.5
1891.5
1942.5
68.0
1078.0
0
0
981.0
1254.0
1869.0
637.0
794.5
542.5
1038.0
2221.5
961.0
0
138.0
886.5
126.5
0
1200.0
0
0
0
0
68.0
365.5
179.0
946.5
126.5
497.0
289.0
0
0
1160.5
243.5
1219.5
0
138.0
497.0
2324.0
0
3165.0
183.5
911.0
596.5
569.5
0
138.0
138.0
0
1394.0
0
1066.0
126.5
0
1231.5
0
683.0
0
0
696.5
300.5
489.5
1729.0
1096.0
126.5
0
0
478.0
253.0
0
136.0
1306.0
489.5
0
68.0
780.0
744.5
126.5
722.0
2144.5
0
316.0
0
2388.5
190.5
0
0
138.0
679.0
126.5
0
2307.0
478.0
0
478.0
1600.0
126.5
359.0
718.5
1129.0
0
1430.5
968.5
243.0
0
478.0
0
0
539.5
1211.0
253.5
503.5
441.5
126.5
550.0
0
1286.0
588.0
253.5
126.5
951.5
1207.5
1078.0
529.0
138.0
1318.0
126.5
771.0
478.0
0
1900.0
0
68.0
1941.0
348.5
478.0
126.5
1140.5
419.5
1157.0
138.0
472.0
1499.5
771.0
438.5
844.0
887.5
1556.5
881.0
1184.0
1219.0
0
2562.0
1292.0
438.5
0
138.0
829.5
0
557.0
0
1916.5
919.0
2464.5
2372.5
1408.0
1130.0
710.5
1132.0
0
1022.5
1602.0
0
0
138.0
659.0
916.0
138.0
2202.0
0
0
1186.0
0
1897.0
668.0
0
0
0
652.0
0
955.5
424.0
1716.0
2918.0
138.0
126.5
506.0
1429.5
68.0
0
0
1181.0
435.5
1046.0
637.0
418.5
383.0
68.0
548.0
1592.5
2254.0
0
0
478.0
0
0
0
867.5
956.0
0
930.5
0
2402.5
243.0
1130.0
0
453.0
576.5
0
0
0
242.0
1945.5
126.5
829.5
2834.0
315.5
0
0
0
1546.5
1546.5
1285.0
126.5
1447.0
300.5
126.5
243.5
68.0
374.5
734.0
932.5
0
537.5
0
1559.0
809.5
2500.5
0
968.5
601.0
1620.0
0
0
959.0
458.0
1467.0
0
1182.5
0
2942.0
231.5
2548.0
0
126.5
749.0
138.0
867.5
300.5
0
243.5
0
0
771.5
138.0
365.5
529.0
716.5
1578.5
0
0
150.0
126.5
138.0
2162.0
0
1687.5
1836.0
126.5
0
2308.0
68.0
2721.5
2488.5
0
126.5
1493.5
699.0
370.5
0
435.5
0
1768.0
474.5
0
68.0
0
1025.5
2548.0
0
0
685.5
735.0
1094.5
126.5
438.5
68.0
777.5
0
1633.0
0
0
68.0
2083.0
668.0
0
2278.5
315.5
841.0
2212.0
2421.0
0
737.0
1094.5
524.5
0
138.0
0
523.5
528.5
0
1956.5
0
1833.5
667.5
0
1942.0
1583.5
663.0
126.5
1638.0
0
370.5
0
871.0
424.0
418.5
0
0
.0
633.5
2581.0
0
2446.0
2841.0
0
0
68.0
0
0
489.5
0
1400.0
1017.5
708.5
365.5
0
2074.0
0
0
2982.0
348.5
2265.5
0
0
0
0
820.0
1209.0
0
0
1959.5
1140.5
0
1193.0
471.0
1728.0
0
0
0
0
0
6.0
1330.0
68.0
0
879.5
126.5
0
1733.0
126.5
2257.5
1663.5
0
126.5
1085.0
1334.5
126.5
0
1395.0
68.0
1042.0
767.0
1739.5
1869.5
68.0
424.0
706.5
0
804.0
568.5
478.0
1841.5
407.0
0
1962.5
1098.5
126.5
0
1808.5
902.5
698.5
1263.5
478.0
2238.0
1315.0
0
68.0
3726.5
424.0
0
0
1320.0
407.0
1018.5
0
2078.5
0
2821.5
963.0
0
1720.0
438.5
1735.5
1439.0
1573.0
717.0
0
604.5
115.5
183.5
243.0
186.5
1159.5
580.5
1033.5
0
0
2138.5
138.0
811.0
365.5
787.0
138.0
0
2059.0
0
1932.0
471.0

477.5
0
0
138.0
497.0
348.5
0
0
183.5
603.0
2143.5
1224.5
2738.0
775.5
829.5
2005.5
424.0
0
126.5
355.5
2750.5
1331.0
1336.0
2300.0
0
1969.5
128.0
1075.5
173.0
0
0
771.5
892.5
2172.5
419.5
418.5
1193.0
315.5
486.0
0
0
790.0
1005.0
901.0
1640.0
0
2064.0
138.0
681.0
2074.0
539.5
1368.0
0
1011.0
367.5
2563.5
0
530.5
0
370.5
509.0
194.5
1087.5
938.0
478.0
719.0
1868.5
1472.5
2632.0
424.0
374.5
0
0
243.5
327.0
0
2093.5
138.0
0
787.0
2250.5
120.5
1706.5
370.5
1215.5
2144.0
138.0
1497.0
0
774.5
562.0
827.5
2400.5
1882.5
1200.0
407.0
0
365.5
1109.0
1973.5
2691.0
1630.5
2066.0
0
0
0
1486.5
2343.5
68.0
2037.5
2144.5
478.0
0
1227.0
1323.5
438.5
1869.0
2248.5
1986.5
2710.0
1197.5
1862.0
478.0
0
1322.0
478.0
138.0
0
1499.0
1339.5
2563.5
0
749.0
0
419.5
438.5
1255.5
138.0
1110.5
1008.0
1779.5
507.5
0
0
3301.5
1389.5
2321.0
1907.5
0
2588.0
2007.0
1727.0
68.0
0
0
138.0
0
0
489.5
0
955.5
418.5
1493.5
300.5
0
2443.0
2748.5
1607.5
576.5
2736.0
242.0
1633.0
1748.0
674.0
3267.0
126.5
0
419.5
0
2176.5
68.0
1946.5
370.5
2918.0
1920.0
1264.5
1694.0
2483.0
0
0
183.5
0
419.5
1837.5
0
365.5
0
1399.5
2021.0
2344.0
866.5
0
2045.0
2108.5
138.0
1167.5
413.0
68.0
1530.5
1259.5
128.0
1271.5
1181.5
1120.0
583.0
0
834.5
2409.0
285.5
826.0
0
348.5
138.0
830.0
1139.0
464.5
68.0
300.5
68.0
126.5
0
126.5
0
0
1992.5
1858.5
2878.0
879.0
771.0
1256.0
0
704.0
0
1434.0
478.0
1730.0
68.0
183.5
419.5
1648.5
1937.5
383.0
648.5
1827.0
68.0
924.0
1830.5
703.0
2344.0
0
940.0
652.0
775.5
1447.5
0
1641.0
581.0
1913.0
126.5
2844.5
1512.0
257.0
0
0
0
2087.0
1723.5
1038.5
1369.0
120.5
1685.0
2435.0
918.5
0
538.0
1171.5
1662.0
1904.5
68.0
711.5
2295.5
300.5
0
126.5
1778.0
829.5
1279.5
1869.0
2359.5
1675.0
1393.0
608.5
753.5
138.0
419.5
1742.5
1194.5
0
1192.0
2527.5
899.5
126.5
848.5
68.0
489.5
533.0
2183.5
0
1940.0
1287.5
1231.0
0
0
700.0
68.0
0
1406.0
0
1139.0
2817.0
1837.5
2669.5
1728.5
68.0
808.5
1858.5
2087.0
0
1207.0
0
767.5
120.5
845.5
1226.0
2111.5
0
1399.5
508.5
0
0
424.0
0
1792.0
1848.0
0
419.5
627.5
68.0
497.0
2455.0
701.5

2407.0
598.0
1896.5
1105.0
68.0
416.0
1117.5
0
0
1901.0
68.0
797.0
749.0
1684.0
558.5
1961.5
1107.5
1087.5
749.0
0
1678.5
0
2541.5
0
464.0
257.0
0
0
1553.0
0
1583.5
0
1150.0
1362.5
126.5
2474.0
283.0
0
413.0
1492.0
1199.5
0
701.0
680.5
524.5
1643.5
727.5
0
419.5
524.0
68.0
1537.0
1850.0
0
1733.5
0
0
777.0
0
2653.0
0
1289.5
971.5
0
2280.5
749.0
2172.5
2071.5
0
126.5
2047.5
2368.0
2474.5
243.5
478.0
126.5
1784.0
2141.5
0
0
938.0
0
0
407.0
0
726.0
1823.5
1212.5
524.0
300.5
300.5
1620.0
0
138.0
1206.0
768.5
1138.5
1890.5
242.0
1693.0
0
1086.5
1426.5
0
2758.0
1194.0
126.5
138.0
2110.0
0
0
1873.5
2087.0
1151.5
0
348.5
0
0
3250.0
652.0
0
183.5
0
0
1573.0
1431.0
0
138.0
2350.5
2372.0
0
1743.0
253.0
2867.5
3470.5
0
1722.5
138.0
1273.0
68.0
1980.0
1793.5
2053.5
965.0
0
497.0
815.5
126.5
68.0
1843.5
0
704.5
549.5
612.5
126.5
183.5
0
677.0
1441.5
302.0
424.0
419.5
1837.5
0
365.5
0
0
1261.5
3442.0
1146.5
1626.5
126.5
419.5
0
0
777.0
194.5
1400.5
1008.0
138.0
418.5
2702.0
824.5
368.5
614.0
0
1737.0
1069.0
126.5
893.0
1306.0
1809.5
2481.5
745.0
992.5
1734.5
1406.5
1478.5
120.5
0
0
0
0
1451.5
1288.0
2513.5
1562.0
2131.5
0
843.0
1533.0
0
0
68.0
0
374.5
713.0
728.5
126.5
424.0
923.5
1389.0
1896.0
0
183.5
0
1356.0
1770.0
960.0
138.0
1266.0
629.0
138.0
666.5
1219.5
489.5
206.0
1011.0
1909.5
944.0
476.5
646.5
857.5
546.5
1212.0
577.0
1641.5
2141.0
0
1589.0
848.5
0
830.5
631.0
0
684.0
0
1880.5
1519.0
0
0
478.0
1498.0
558.5
1394.0
850.0
1342.5
1872.5
359.0
1119.0
1893.0
2169.5
1857.5
2216.0
68.0
2096.5
365.5
750.5
992.0
1262.5
2291.0
1590.0
424.0
68.0
863.5
1792.5
787.0
68.0
1556.5
0
0
126.5
407.0
1595.5
138.0
2408.0
1692.0
1832.0
1991.5
2370.0
1050.0
0
1913.0
401.0
1873.5
497.0
1931.5
1198.5
1354.0
497.0
1210.0
652.0
546.5
2395.5
1892.5
0
2022.0
1430.0
1041.0
0
829.5
2216.0
1200.5
136.0
910.0
2010.0
0
243.5
478.0
2734.0
717.0
1038.0
868.0
1096.5
554.0
775.5
0
1681.0
126.5
2018.5
653.5
3300.0
1944.5
0
0
0
0
0
1816.0
614.0

695.5
1348.5
0
0
1719.5
729.5
0
2129.0
315.5
0
138.0
875.0
1839.5
68.0
0
138.0
828.5
0
646.0
1234.5
1293.5
916.0
1767.5
1326.0
1564.0
870.5
407.0
815.0
1523.0
68.0
0
1286.0
1199.0
895.0

949.5
1279.5
787.0
0
522.5
0
461.0
2042.5
0
3705.0
1025.5
471.0
0
68.0
3072.0
1428.0
639.5
68.0
359.0
1157.5
1257.0
1106.0
2012.5
1003.5
1547.5
115.5
1510.0
0
1305.0
0
0
0
419.5
68.0
1123.5
1285.5
0
1576.5
618.5
736.0
0
705.5
0
2655.0
68.0
640.5
1393.5
2055.5
1008.5
497.0
508.5
1400.0
2033.0
68.0
0
1311.0
955.5
1436.5
1668.0
243.5
1316.5
126.5
126.5
1501.0
1590.5
0
471.0
794.5
811.0
0
243.0
1212.0
0
777.5
637.0
1264.0
0
3199.5
765.5
285.5
841.0
2113.0
535.0
300.5
1169.0
0
762.0
743.5
1289.5
0
0
243.5
138.0
737.5
1368.5
1068.5
1915.0
2621.0
0
1261.5
1952.0
186.5
435.5
1513.0
1244.5
126.5
2074.5
0
68.0
0
1756.5
315.5
2583.0
595.0
464.0
902.5
0
832.5
1896.0
1660.0
120.5
126.5
1145.0
68.0
2090.5
874.0
2878.0
859.0
605.0
486.0
1484.0
1357.5
598.0
138.0
913.5
1089.5
419.5
2291.0
348.5
0
401.0
528.0
848.5
1404.0
1550.0
365.5
1146.0
1307.0
316.0
68.0
0
1161.5
1727.0
1177.0
68.0
0
1765.0
315.5
0
348.5
675.5
126.5
954.0
120.5
68.0
736.0
120.5
997.5
68.0
979.0
3185.5
438.5
68.0
253.0
0
289.0
186.5
1471.5
183.5
1200.0
516.5
291.0
1379.5
68.0

0
1089.5
954.0
1797.5
640.5
1158.5
0
1540.0
1127.5
586.0
120.5
2140.5
243.5
1151.5
629.5
656.0
1007.0
300.5
419.5
438.5
0
2169.5
126.5
2106.5
0
783.5
1878.0
2331.0
383.0
0
128.0
315.5
0
0
1.0
1383.5
1238.0
424.0
138.0
953.5
1087.5
1184.5
126.5
424.0
0
997.5
0
1274.0
138.0
230.5
0
68.0
951.5
0
370.5
753.5
0
632.0
0
126.5
126.5
0
0
1003.0
126.5
138.0
660.0
0
315.5
1349.5
508.5
1129.0
313.5
611.0
183.5
710.5
1601.5
1290.5
2728.5
424.0
1390.5
823.0
183.5
726.0
1405.0
459.5
1025.5
1311.0
652.0
904.0
0
126.5
1908.5
68.0

68.0
0
2129.0
3110.0
128.0
918.5
68.0
126.5
1273.5
402.0
138.0
0
1062.5
0
1329.5
2224.5
524.0
760.5
1210.0
138.0
1407.0
0
704.5
541.0
1109.5
407.0
524.5
1439.0
0
0
126.5
126.5
539.5
0
1437.0
0
884.5
315.5
416.0
2777.5
243.5
348.5
809.0
0
2357.5
302.0

1368.0
1140.5
0
302.0
126.5
956.5
868.0
419.5
771.0
370.5
1206.5
734.0
1387.0
1760.5
1212.5
1982.0
0
1290.0
126.5
497.0
771.0
971.5
1768.5
1395.5
0
374.5
918.5
953.5
424.0
783.5
231.5
183.5
1368.5
1460.5
1004.0
0
138.0
1092.5
0
546.0
1208.5
1756.0
632.0
0
772.5
0
1075.0
1215.0
407.0
1262.5
0
0
1696.0
1019.5
0
461.0
68.0
0
996.5
1341.0
0
2268.0
0
1062.0
1301.5
459.5
1982.0
327.0
1141.5
1668.0
0
253.5
0
1499.5
1530.5
0
0
653.5
2143.5
914.0
68.0
855.5
1906.5
996.0
243.5
0
794.5
1390.0
68.0
68.0
1812.5
243.5
1703.0
984.0
126.5
68.0
2135.0
419.5
2876.0
1681.5
1107.0
68.0
68.0
138.0
996.0
779.5
710.5
126.5
1124.5
419.0
758.5
2039.5
68.0
68.0
1753.0
365.5
2549.0
1886.5
1999.0
478.0
0
2637.0
782.0
770.0
1636.0
541.0
126.5
1052.5
0
653.5
126.5
1318.0
419.5
68.0
68.0
876.5
464.5
0
0
1320.0
2150.0
441.5
126.5
2165.5
2652.0
0
917.5
627.5
1028.0
243.5
0
253.5
68.0
68.0
580.0
946.5
1323.0
1858.5
0
2152.5
0
68.0
1330.5
126.5
0
1255.0
1645.0
1147.0
68.0
365.5
0
7.5
0
359.0
539.5
126.5
811.0
1339.0
0
1651.5
407.0
0
458.0
438.5
1723.0
1406.5
370.5
1322.0
1856.0
126.5
1915.0
484.0
0
0.0
2489.5
1051.5
0
1349.0
608.5
616.0
401.0
910.0
1338.5
68.0
833.5
2071.5
1327.0
2225.5
1054.5
1165.0
908.0
0
1182.5
68.0
1426.5
68.0
126.5
1436.5
0
1124.0
126.5
814.0
68.0
910.0
1320.0
126.5
419.5
1502.0
1323.0
0
68.0
0
0
1995.0
1672.5
1941.0
1924.5
0
419.5
2312.0
0
6.0
68.0
1564.5
113.5
0
649.0
300.5
787.0
300.5
383.0
419.5
890.0
419.5
793.0

1716.5
138.0
2601.5
285.5
1515.5
1515.0
0
1073.5
719.0
1867.5
1492.0
68.0
1323.0
596.5
2117.0
128.0
988.0
435.5
464.0
1571.5
2680.5
316.0
528.0
243.5
1231.0
716.0
0
179.0
68.0
1014.5
508.5
1209.5
2635.0
523.0
1205.5
1776.5
1370.0
0
126.5
0
1848.5
68.0
991.0
68.0
0
627.5
68.0
2144.5
478.0
2143.5
172.0
228.0
809.0
1864.0
1478.0
794.5
0
302.0
243.5
1704.5
1245.5
1137.5
0
401.0
1826.5
1152.0
2615.5
2477.5
1568.0
0
1001.5
749.0
1701.0
1372.5
0
359.0
2092.5
668.0
828.5
138.0
2297.0
68.0
1868.5
0
0
775.5
1203.0
2695.0
534.0
1436.0
370.5
548.5
477.5
2318.0
843.0
2020.0
1089.5
576.5
68.0
596.5
0
1127.0
1489.5
528.0
138.0
1390.0
516.5
0
0
2143.0
1352.0
986.0
1281.5
68.0
0
1453.5
0
1231.5
2045.5
775.5
2408.0
1911.5
401.0
995.0
2690.0
2353.5
2009.0
441.5
478.0
1287.0
355.5
0
964.0
1545.0
126.5
1083.5
0
128.0
1880.0
2310.0
173.0
634.5
344.0
418.5
1976.5
543.5
1960.5
777.5
995.0
470.5
1062.0
986.5
1285.5
1722.5
465.0
933.5

0
2540.5
860.0
1013.5
1975.5
0
2636.5
1896.5
1367.5
2313.0
1106.0
0
128.0
998.0
126.5
2643.5
1444.0
68.0
424.0
2569.0
489.5
629.5
1974.0
484.0
0
1531.0
2340.5
138.0
138.0
316.0
1066.0
0
316.0
1719.5
0
986.0
126.5
1511.0
354.5

0
1142.5
1974.5
424.0
1264.5
1774.5
1980.0
126.5
3828.5
2769.5
848.5
1682.0
2183.5
838.5
646.0
2760.0
478.0
1704.5
1857.0
0
401.0
0
1730.5
1327.5
257.0
276.5
1194.5
68.0
424.0
1809.0
424.0
0
1511.5
668.0
1033.5
1497.0
120.5
581.0
1600.0
1352.5
2410.5
0
0
370.5
435.5
1408.0
2226.5
2158.5
1376.5
285.5
1689.5
138.0
2176.0
761.0
0
302.0
150.0
700.0
1234.0
463.0
0
1852.0
355.5
68.0
2071.0
1719.0
1091.0
2176.5
1603.0
704.5
1387.5
471.0
401.0
0
68.0
1294.0
359.0
943.0
2652.5
1334.5
1607.0
0
703.5
1257.0
1634.5
811.0
1378.5
68.0
0
383.0
1805.5
242.0
179.0
138.0
584.5
700.0
0
2500.5
1211.0
1895.0
0
1677.5
1026.5
1888.0
1856.0
1874.0
1815.5
355.5
441.5
365.5
365.5
1999.0
2807.0
1317.5
861.5
1387.5
860.0
794.5
68.0
128.0
126.5
1931.0
1645.0
1138.5
126.5
2048.5
1760.5
138.0
535.0
302.0
663.0
68.0
138.0
464.0
2181.0
1320.0
355.5
1958.0
365.5
2734.5
1698.0
0
218.5
1919.5
302.0
138.0
1663.0
1840.5
370.5
441.5
243.5
363.5
2397.0
419.5
175.5
1901.5
302.0
1300.0
459.5
0
68.0
120.5
242.0
1157.5
704.5
1266.5
0
0
68.0
1306.0
2705.0
741.0
2025.5
841.0
138.0
138.0
68.0
1014.5
1494.5
1949.5
128.0
901.5
0
1933.0
68.0
1398.0
588.5
879.5
359.0
300.5
0
1493.5
2144.0
1790.0
1414.5
1559.5
489.5
1301.0
0
2918.0
1043.5
1948.5
1392.0
257.0
1835.5
542.5
68.0
126.5
0
1668.0
1465.0
1222.5
2348.0
698.5
2403.0
1127.0
826.0
1342.0
1884.5
652.0
438.5
0
1634.0
194.5
2131.5
1758.0
1656.0
1161.5
0
1905.5
1919.0
1171.5
1603.5
1355.0
1718.5
2317.0
68.0
68.0
1000.5
960.5
1342.5
438.5
0
5.5
0
472.0
68.0
126.5
0
1387.5
1784.0
424.0
300.5
138.0
236.0
1696.5
1285.5
534.5
374.5
2077.0
401.0
848.0
478.0
1719.5
2987.0
497.0
663.5
1046.0
1388.5
68.0
435.5
327.0
2292.5
2360.5
478.0
2373.0
0
539.5
734.5
489.5
822.5
1108.5
606.0
0
1141.5
126.5
419.5
591.5
774.5
1822.5
1142.0
2482.5
1933.0
126.5
1100.5
1089.5
183.5
126.5
438.5
138.0
1246.5
419.5
2740.0
68.0
3389.5
0
419.5
2828.5
126.5
1476.5
138.0
0
179.0
2222.5
934.0
736.0
1508.5
746.0
253.5
846.0
302.0
1323.0
703.5
1922.5
418.5
1409.0
1073.5
2902.0
2781.0
779.0
914.5
285.5
0
536.0
613.5
2290.0
0
7.5
1014.5
1807.5
654.0
2537.5
564.0
68.0
1108.0
528.0
771.0
0
0
138.0
348.5
2734.0
300.5
717.0
1324.5
1794.0
1822.0
0
.5
463.0
916.5
68.0
68.0
2596.0
386.0
719.0
0
1335.0
521.0
3527.0
243.5
0
519.0
347.0
516.5
2404.5
0
0
68.0
126.5
596.5
423.0
524.5
1069.0
1000.5
438.5
365.5
1881.0
0
0
1404.0
529.0
2069.5
0
1920.0
68.0
640.5
68.0
973.5
478.0
3180.0
1947.0
2107.0
1269.0
1025.5
0
315.5
2464.5
257.0
0
1268.0
751.5
478.0
302.0
1451.5
1494.5
138.0
128.0
1897.5
543.5
138.0
126.5
1844.0
1862.5
68.0
1127.0
1760.0
582.5
1712.5
359.0
0
383.0
126.5
2128.5
126.5
476.0
68.0
736.0
741.5
1467.5
1854.0
0
1150.0
751.5
0
68.0
1017.0
897.0
1331.5
1545.0
0
2146.5
752.5
1207.5
68.0
0
0
365.5
289.0
348.5
1952.0
138.0
68.0
68.0
937.0
1426.0
115.5
0
1120.0
3530.0
1774.5
120.5
183.5
243.5
1165.0
1227.5
656.0
68.0
538.0
419.5
126.5
138.0
438.5
1489.5
582.0
138.0
1331.5
1065.5
68.0
68.0
1815.0
2552.5
438.5
1365.5
1736.5
0
775.5
0
497.0
1212.0
0
1512.0
667.5
1341.5
602.0
0
1713.0
126.5
1338.5
1305.5
128.0
2697.0
803.0
1248.5
1715.5
0
497.0
1760.5
1167.0
1951.0
2273.0
1140.5
1881.5
2091.5
734.0
183.5
243.0
963.0
524.5
407.0
0
2265.5
1198.5
243.5
749.0
1249.5
666.5
68.0
300.5
2304.5
401.0
655.0
68.0
914.5
138.0
418.5
68.0
1906.5
1204.5
2497.0
533.5
0
126.5
1603.0
68.0
68.0
0
538.0
0
2491.0
438.5
1773.0
120.5
68.0
924.5
777.5
0
1792.5
1599.5
1653.0
68.0
194.5
1343.5
771.0
365.5
1773.0
68.0
0
327.0
831.5
1163.5
1219.5
302.0
598.0
710.5
1212.5
68.0
0
737.5
2557.0
1182.5
438.5
646.0
359.0
138.0
478.0
478.0
68.0
347.0
1867.0
458.0
839.5
0
1708.0
419.5
0
1212.0
953.5
0
0
128.0
383.0
138.0
243.5
787.0
1462.0
0
386.0
868.0
253.0
1320.0
0
315.5
1207.5
68.0
1037.0
1737.0
1926.5
243.5
401.0
1013.5
0
1903.5
0
126.5
438.5
521.5
652.0
0
68.0
1738.0
68.0
1793.5
909.5
194.5
0
0
1770.5
316.0
593.5
1436.5
2782.5
68.0
534.5
126.5
0
138.0
1085.5
126.5
1304.5
774.5
0
242.0
0
605.0
438.5
2548.0
1146.0
2030.5
0
968.5
0
729.5
126.5
300.5
957.5
0
0
1122.5
848.5
0
0
2997.0
478.0
722.0
516.5
289.0
179.0
138.0
68.0
0
896.0
573.5
583.0
0
0
353.0
0
0
370.5
0
1253.0
0
458.0
1530.0
138.0
68.0
958.5
1083.5
596.0
2139.5
283.0
0
879.5
0
516.5
126.5
2092.0
419.5
206.0
1336.0
478.0
897.5
0
68.0
710.5
68.0
459.5
0
1572.0
0
0
1383.5
0
1887.0
0
1270.0
3074.0
0
0
138.0
1025.5
0
497.0
653.5
492.0
0
313.5
1921.5
0
1404.5
824.0
243.5
68.0
1633.0
713.0
138.0
138.0
0
830.0
0
0
126.5
489.0
359.0
478.0
710.5
138.0
0
1121.0
1634.0
2355.5
0
828.5
0
0
1157.5
854.5
814.5
984.5
0
478.0
2033.0
1470.5
316.0
68.0

1126.0
172.0
0
0
183.5
438.5
438.5
0
120.5
0
126.5
791.0
138.0
300.5
1668.5
401.0
0
0
365.5
126.5
1075.0
138.0
1160.5
0
1579.0
126.5
243.0
506.5
0
1433.5
1599.0
894.0
1220.5
289.0
1697.5
68.0
607.5
1360.5
68.0
126.5
0
0
1293.0
867.5
2615.0
1411.5
903.0
1291.5
1795.5
0
790.0
0
359.0
1593.0
650.5
0
357.5
68.0
889.5
0
183.5
194.5
126.5
481.0
0
126.5
0
0
300.5
348.5
929.5
126.5
0
313.5
1772.0
734.5
365.5
585.5
729.5
300.5
0
0
0
68.0
0
68.0
0
954.5
0
775.5
918.0
1677.0
1199.0
68.0
1660.5
138.0
419.5
0
68.0
0
2150.5
0
850.0
183.5
0
1085.5
243.5
576.5
126.5
944.5
68.0
418.0
359.0
478.0
489.5
674.5
770.0
242.0
120.5
438.5
2249.5
0
786.0
2905.5
427.0
902.5
925.0
951.0
1217.5
0
243.5
2133.0
0
920.5
0
2217.5
370.5
489.5
0
126.5
0
424.0
1814.0
2244.0
126.5
0
2150.5
1336.0
2632.0
0
0
0
986.5
128.0
0
792.5
441.5
1302.5
0
68.0
710.5
1173.0
1001.0
841.0
2318.0
0
.0
302.0
0
1945.5
1729.5
0
68.0
2501.0
0
865.0
383.0
0
1636.0
586.5
2490.0
1930.5
138.0
0
541.0
1321.0
0
0
1557.0
0
666.5
668.0
726.0
2998.5
0
68.0

126.5
0
1795.5
68.0
243.5
0
983.5
68.0
138.0
0
889.5
3357.0
0
0
438.5
126.5
68.0
0
.0
1524.5
441.5
466.0
0
186.5
1277.5
68.0
68.0
459.5
0
194.5
948.0
138.0
530.5
0
68.0
438.5
0
0
0
0
478.0
829.5
0
0
1832.0
68.0
126.5
126.5
1637.0
0
1069.0
419.5
300.5
0
138.0
1214.5
126.5
959.5
782.5
2086.0
1260.5
302.0
0
719.0
0
634.5
68.0
0
459.5
302.0
0
138.0
407.0
826.5
68.0
126.5
0
0
0
365.5
0
68.0
644.5
1051.5
653.0
0
0
0
1916.5
1238.0
1303.0
1092.5
348.5
826.0
126.5
0
126.5
1126.0
0
0
0
790.0
138.0
1089.0
1815.5
0
1320.0
0
700.0
0
138.0
671.0
539.5
969.5
695.5
1864.0
418.5
126.5
600.5
1246.0
386.0
1870.0
1478.5
126.5
1318.0
1389.0
126.5
128.0
1145.5
438.5
0
549.5
253.0
0
9.0
303.5
830.0
1461.0
733.0
0
179.0
120.5
302.0
183.5
1201.5
478.0
722.0
1944.5
0
846.0
2144.0
656.0
897.5
1228.0
1045.0
1563.5
1027.0
126.5
257.0
1736.5
68.0
1295.0
231.5
0
68.0
1984.0
126.5
1717.5
1590.5
497.0
2241.0
1007.5
0
68.0
994.5
0
985.5
848.5
1895.5
927.5
1111.5
2544.0
0
946.5
962.5
2515.0
0
517.0
0
736.0
1873.5
475.0
1025.5
0
126.5
699.0
0
0
1152.5
721.5
859.0
0
528.0
2522.5
1273.5
242.0
1517.0
698.5
965.0
126.5
0
665.5
829.5
68.0
0
0
2310.5
530.0
407.0
646.5
1087.5
302.0
300.5
581.0
0
0
770.0
1015.5
206.0
0
68.0
1110.5
1363.5
607.0
1285.5
1430.5
126.5
138.0
126.5
707.0
580.0
0
0
528.0
1035.5
0
2014.5
348.5
1127.0
699.0
809.0
0
1276.5
1348.0
1483.5
1188.0
1398.0
424.0
302.0
0
2847.5
764.5
0
1379.0
0
719.0
126.5
0
888.0
126.5
850.0
68.0
138.0
1038.5
179.0
138.0
0
0
1512.5
68.0
126.5
126.5
2777.0
0
757.0
1013.0
2046.5
0
316.0
243.5
964.0
243.5
647.0
0
0
1594.5
1439.0
0
183.5
1043.5
829.5
489.5
316.0
1063.5
68.0
276.5
1446.5
126.5
126.5
126.5
1792.0
758.5
348.5
344.0
1609.5
68.0
1011.0
0
0
0
0
242.0
243.5
624.0
834.5
2404.0
424.0
0
0
126.5
0
1289.5
971.0
675.5
1512.0
242.0
441.5
372.5
344.0
497.0
1071.5
0
0
1280.5
882.5
0
333.0
0
183.5
1123.5
0
419.5
915.5
769.0
0
128.0
0
980.5
0
1120.0
822.5
0
68.0
1441.0
126.5
0
0
126.5
0
68.0
489.5
138.0
1033.5
524.5
68.0
179.0
194.5
0
424.0
418.5
603.0
0
0
126.5
1014.5
720.5
0
0
3289.5
1927.0
173.0
497.0
257.0
316.0
576.5
0
126.5
0
348.5
0
.0
958.5
2011.0
138.0
723.5
242.0
242.0
1477.0
2954.0
932.5
0
1520.5
652.0
0
727.5
469.0
0
68.0
2451.0
922.0
126.5
916.0
126.5
1936.5
374.5
0
424.0
362.0
1182.0
2684.5
0
402.0
0
1110.5
0
68.0
120.5
0
980.0
435.5
418.5
68.0
1584.0
0
986.5
919.0
138.0
0
2004.5
2048.5
0
1089.5
895.0
2466.0
1865.5
620.5
0
120.5
0
0
0
0
0
138.0
128.0
464.0
0
0
0
752.5
1320.5
0
899.0
126.5
0
138.0
656.5
0
1694.5
0
0
126.5
1024.0
2136.5
0
1883.0
68.0
0
186.5
126.5
0
0
128.0
700.0
0
1106.5
478.0
0
0
2274.0
0
1704.5
0
1480.5
3175.0
835.0
0
1890.0
1701.5
435.5
231.5
68.0
0
126.5
138.0
1422.0
0
684.5
0
837.5
1405.5
0
0
479.5
1508.5
1340.0
533.0
0
0
1512.0
0
1497.0
1111.5
386.0
230.5
2086.5
1768.5
253.5
1085.5
0
478.0
487.5
1645.0
1276.0
257.0
897.5
1010.5
120.5
0
892.5
0
0
1947.5
1036.0
829.5
497.0
68.0
0
830.5
0
0
2.0
999.5
0
0
656.5
0
1016.5
0
546.0
1038.5
0
126.5
821.5
424.0
739.0
0
1710.0
508.5
1140.5
2978.5
1173.0
0
0
0
138.0

0
0
539.5
126.5
717.0
126.5
470.5
0
438.5
138.0
790.0
126.5
1225.0
419.5
1880.5
68.0
779.0
670.5
243.5
359.0
115.5
601.0
620.5
2498.5
0
0
401.0
415.5
138.0
1951.0
1087.5
1014.0
138.0
271.0
1233.0
0
790.0
126.5
647.0
1865.0
1221.5
1802.5
0
1970.5
68.0
68.0
1177.0
1654.5
284.0
1592.0
537.5
0
419.5
0
489.5
787.0
1082.0
1639.0
0
0
.0
1194.0
1500.0
435.5
1361.5
126.5
1180.5
1524.0
1725.0
527.5
0
0
0
1104.5
0
522.5
767.5
1969.0
0
1984.5
793.0
1026.5
2381.0
1313.5
1089.5
1067.0
0
1286.0
0
0
841.5
264.5
243.5
68.0
68.0
459.5
704.5
860.0

1745.5
257.0
0
1417.0
1344.5
1225.5
0
1991.0
672.0
651.0
138.0
489.5
1196.5
68.0
0
528.5
243.0
365.5
487.5
2101.5
0
424.0
699.5
435.5
1396.0
348.5
2062.5
1672.0
478.0
120.5
1463.0
0
867.5
365.5
126.5
0
470.5
534.5

1385.0
1160.5
359.0
383.0
508.5
771.0
766.5
1652.5
0
68.0
0
126.5
851.5
68.0
0
1298.0
183.5
518.0
406.0
3034.0
665.0
1174.0
374.5
68.0
710.5
1254.0
407.0
315.5
126.5
68.0
1426.5
0
2235.5
419.5
1282.5
1073.5
1684.5
374.5
1510.0
120.5
138.0
0
665.0
0
1368.0
1416.0
68.0
316.0
624.5
120.5
573.0
0
1284.0
0
1366.0
0
2273.0
370.5
2140.5
2037.0
424.0
0
1291.5
991.5
1631.0
419.5
0
0
1847.0
0
365.5
183.5
359.0
126.5
138.0
1466.0
126.5
68.0
138.0
1312.5
1268.5
650.5
1424.5
68.0
68.0
879.5
243.5
0
2835.5
1212.0
789.0
668.0
447.0
1296.5
990.0
0
.5
671.0
1339.5
316.0
554.0
68.0
1429.0
1776.0
0
1293.0
316.0
2846.5
0
0
2112.5
0
126.5
183.5
1744.5
478.0
300.5
316.0
1454.0
1710.0
186.5
438.5
489.5
0
0
653.5
820.0
1404.5
0
1111.5
835.5
68.0
1041.5
1875.5
1243.5
0
1457.5
1189.5
1571.5
993.5
126.5
1018.5
1056.0
478.0
138.0
126.5
243.5
0
0
508.5
0
2347.5
1337.0
0
194.5
1479.0
173.0
0
2079.5
220.5
138.0
1889.5
257.0
300.5
300.5
243.5
68.0
1992.0
594.0
0
0
0
1196.5
332.0
68.0
0
0
1366.5
0
0
1550.5
583.0
126.5
0
1208.5
68.0
725.0
1146.5
2073.5
126.5
300.5
1823.5
0
401.0
0
938.0
2432.0
0
1027.0
997.5
302.0
0
1310.0
1463.5
2932.0
401.0
726.0
183.5
138.0
0
0
344.0
1881.0
126.5
419.5
0
1448.5
0
1267.0
914.5
126.5
489.5
438.5
1493.0
0
300.5
1485.5
68.0
1538.5
1349.0
359.0
0
243.5
0
68.0
302.0
359.0
68.0
386.0
0
0
2571.0
0
471.0
1442.0
300.5
984.5
289.0
471.0
1266.0
173.0
1096.5
126.5
126.5
126.5
68.0
126.5
1526.0
401.0
776.0
1114.0
489.5
313.5
0
0
1275.0
1318.5
2119.0
0
68.0
0
804.5
2071.0
1919.5
478.0
126.5
1271.5
138.0
257.0
830.0
126.5
835.5
1990.0
1248.5
2741.5
1323.5
489.5
2852.5
1943.0
2246.0
0
0
0
.5
635.0
0
934.5
0
1096.5
530.5
1211.5
1670.0
2599.0
1426.5
401.0
830.0
1964.5
2177.0
575.0
1285.5
2480.0
774.5
1081.0
68.0
2113.0
1714.0
0
383.0
1652.5
1019.5
253.5
1424.5
909.5
790.0
0
0
2148.0
0
128.0
2323.5
478.0
0
365.5
0
2238.5
0
126.5
1544.5
0
0
313.5
126.5
489.5
848.5
1721.0
68.0
0
2417.5
2140.0
0
0
68.0
0
.0
138.0
0
126.5
595.0
126.5
316.0
967.0
126.5
1600.0
1030.5
1488.5
431.5
0
1333.5
768.5
0
0
316.0
0
120.5
68.0
615.5
612.5
0
1555.0
533.0
1438.0
126.5
810.5
0
424.0
359.0
2005.0
1059.5
672.5
0
1151.5
316.0
582.0
623.0
1511.0
950.0
884.0
624.0
0
787.0
692.0
383.0
822.5
126.5
242.0
68.0
0
0
0
952.0
0
348.5
1002.0
903.5
486.0
1839.0
857.0
0
621.5
717.0
115.5
1346.0
362.0
2133.0
1108.5
68.0
0
1281.0
604.5
243.5
302.0
481.0
672.5
0
865.0

0
1880.5
3542.0
722.0
1997.0
0
0
1798.5
126.5
794.5
0
183.5
173.0
862.0
253.5
1002.5
1056.0
595.0
848.5
1929.5
951.0
1444.0
1742.5
1051.5
348.5
1477.0
1773.0
1486.0
794.5
0
1772.0
126.5
1599.5
736.0
1678.5
126.5
573.5
2138.5
0
837.0
880.0
231.5
1053.0
768.5
1862.5
581.0
1913.0
1337.5
2886.5
1089.0
0
1424.0
830.0
126.5
822.5
478.0
594.0
1014.5
68.0
717.0
837.5
1898.5
533.0
365.5
1338.5
0
0
1147.0
344.0
736.0
0
600.5
2132.0
0
126.5

0
0
879.5
1930.0
68.0
0
881.5
1008.0
1103.0
1530.0
2196.0
593.5
1356.0
841.0
2086.0
771.5
0
2811.0
1617.5
836.5
126.5
0
138.0
811.0
126.5
1283.5
0
581.0
1157.5
716.0
569.5
1524.5
573.0
1289.5
1509.0
965.5
935.0
0
0
2108.5
1955.5
289.0
654.0
2748.0
608.0
2308.5
68.0
1648.0
2100.5
742.0
0
0
672.5
313.5
138.0
138.0
752.5
68.0
584.5
698.5
1394.5
419.5
2906.0
736.0
68.0
0
0
704.5
431.5
0
68.0
0
1799.5
0
1691.5
0
0
0
316.0
854.5
613.5
809.0
652.0
0
1972.0
126.5
0
0
0
1012.0
0
300.5
419.5
0
1678.5
1145.0
300.5
1987.0
419.5
0
68.0
0
2321.0
508.5
910.0
2130.0
383.0
1108.5
537.0
1347.0
0
551.0
68.0
961.5
1433.5
771.0
179.0
646.0
938.0
1071.0
1314.5
0
421.0
68.0
2208.0
355.5
649.0
497.0
0
0
138.0
1777.5
68.0
418.5
1928.0
68.0
68.0
1733.0
575.0
928.5
1538.5
790.0
300.5
115.5
68.0
441.5
0
0
508.5
1637.0
243.5
1219.0
0
0
231.5
68.0
0
68.0
534.5
448.5
663.5
1665.0
459.5
1219.5
1264.5
0
0
827.5
128.0
126.5
0
1834.5
435.5
355.5
0
2452.0
0
0
438.5
0
0
1841.0
0
459.5
374.5
1257.5
0
0
928.0
0
717.0
359.0
435.5
2907.5
424.0
598.0
0
1720.0
359.0
0
138.0
0
253.5
0
419.5
419.5
952.0
221.5
0
667.5
0
459.5
138.0
419.5
2556.5
359.0
0
1182.5
1708.5
1070.5
849.5
0
1278.5
0
868.0
0
563.5
0
126.5
302.0
1397.5
1469.0
617.0
1082.0
717.0
758.5
949.5
1709.5
138.0
964.0
68.0
0
68.0
535.0
128.0
624.0
1160.0
615.5
579.0
0
300.5
435.5
126.5
808.5
0
0
441.5
126.5
138.0
138.0
243.5
2700.5
0
120.5
997.5
68.0
2279.5
0
0
68.0
0
359.0
772.0
701.0
2046.5
1393.0
0
126.5
0
419.5
0
0
1360.5
0
1801.0
1425.0
1405.5
126.5
0
243.0
553.0
258.5
0
442.5
0
0
0
767.0
489.5
138.0
593.5
1294.5
478.5
0
737.5
0
243.5
1201.5
0
0
1062.0
302.0
138.0
331.0
1706.0
0
419.5
1740.5
1538.0
1741.0
717.0
1955.0
927.5
923.0
528.0
770.5
68.0
424.0
68.0
243.5
1010.5
1735.0
2035.0
365.5
126.5
1192.5
489.5
2156.0
419.5
0
652.0
374.5
595.0
629.5
0
300.5
1356.5
717.0
633.5
1379.5
242.0
0
126.5
0
243.5
0
0
656.5
1762.5
1493.5
120.5
1417.0
1507.0
770.5
68.0
453.0
0
987.5
516.5
0
1161.0
1732.0
438.5
68.0
0
1955.5
115.5
138.0
419.5
2243.0
126.5
138.0
138.0
1648.0
749.0

3043.0
126.5
1566.0
68.0
848.5
2928.5
771.0
576.5
652.0
1720.5
771.5
478.0
1362.5
243.5
1799.0
1037.5
126.5
316.0
489.5
0
1387.0
505.0
1086.0
792.0
508.5
1676.0
441.5
0
257.0
1160.5
1175.5
68.0
1054.5
0
0
138.0
855.0
710.5
1370.0
126.5
497.0
0
359.0
1644.0
300.5
359.0
1126.0
231.5
0
1816.5
407.0
68.0
68.0
784.0
0
183.5
1866.5
68.0
316.0
530.0
475.0

0
1060.0
1219.0
2855.0
471.0
1244.0
126.5
0
1280.5
438.5
646.0
126.5
1984.0
506.0
2087.0
126.5
0
497.0
1569.0
832.0
1372.5
1441.0
374.5
126.5
1329.5
2128.0
790.0
0
745.0
1838.5
1696.5
138.0
953.0
1231.0
300.5
809.0
332.0
1141.5
407.0
421.0
68.0
516.5
1739.0
231.5
771.0
0
438.5
68.0
1365.5
1455.0
300.5
0
1477.5
1018.5
581.0
2308.0
1141.5
1272.5
0
0
0
1989.0
0
2.0
68.0
868.0
138.0
860.0
1328.0
1355.0
186.5
0
419.5
407.0
1442.0
126.5
1045.0
138.0
1936.0
68.0
424.0
2090.0
1124.0
0
126.5
884.5
478.0
128.0
1022.0
2025.5
816.0
1878.5
2549.0
405.5
0
0
839.0
1182.5
663.0
1636.5
0
0
2092.0
882.0
0
419.5
1151.0
419.5
1370.0
2293.5
474.5
1428.5
2299.0
407.0
2206.0
0
1438.5
68.0
1127.5
0
459.5
1363.5
0
1275.0
126.5
68.0
511.0
1220.0
68.0
138.0
757.0
126.5
0
771.5
1878.0
856.5
1123.0
316.0
2153.0
2050.5
2867.5
1465.0
0
1271.5
0
1336.5
231.5
68.0
418.5
1064.0
138.0
355.5
0
1630.5
138.0
1971.5
1423.5
1764.0
2037.5
183.5
289.0
846.5
1447.5
1647.5
2107.0
300.5
692.0
1926.0
1880.5
1864.0
591.5
1819.5
1347.5
1018.5
355.5
1713.0
0
0
603.0
243.5
0
2342.0
1238.5
1507.5
2726.0
359.0
1516.0
1092.0
138.0

186.5
1854.5
0
580.0
1092.5
253.5
1697.0
0
0
1429.5
1197.5
2218.0
138.0
1706.5
1641.0
1159.0
126.5

2500.5
1849.0
717.0
1513.0
316.0
459.5
1353.0
1215.0
678.5
0
126.5
1417.0
0
0
1880.5
1582.5
1616.5
0
1036.5
0
1380.5
593.5
0
0
2050.5
775.0
2151.0
1870.0
3009.5
1446.0
2213.0
68.0
1375.5
576.5
1687.0
1375.5
126.5
1103.5
739.0
359.0
1758.5
1351.0
1219.5
1140.5
2037.0
68.0
438.5
467.0
1985.0
0
0
605.0

1844.0
497.0
1136.0
1773.0
1087.5
0
253.0
0
1351.5
1531.5
771.0
594.5
0
704.5
848.5
2092.5
68.0
2085.0
1365.5
316.0
128.0
0
257.0
2065.0
2581.5
1089.0
652.0
138.0
1933.5
0
68.0
0
1498.0
1840.0
1543.5
138.0
68.0
4384.5
827.5
1728.0
2540.0
0
2026.5
0
138.0
0
68.0
0
419.5
700.0
418.5
1198.5
1715.5
68.0
811.0
1840.0
0
0
68.0
1073.0
1351.5
1232.5
0
1899.5
365.5
0
1049.5
115.5
3011.0
1164.5
2962.0
419.5
697.5
0
68.0
756.5
0
1939.0
3015.5
0
2459.5
0
138.0
1280.0
999.5
478.0
1986.5
1238.5
807.5
138.0
1951.0
0
605.0
0
435.5
700.0
1736.5
0
1230.0
2738.0
138.0
126.5
68.0
564.0
1094.5
1774.5
980.0
3187.0
4166.5
0
1697.5
243.5
1144.0
1356.0
1919.5
126.5
0
0
2383.0
0
2453.0
2375.5
0
0
0
1599.0
758.5
0
68.0
0
3.5
1026.5
0
0
2568.0
704.5
1798.0
0
2332.5
2266.5
1795.0
428.5
1108.0
1096.5
68.0
2214.0
1087.5
419.5
0
2633.5
1383.0
1428.5
763.5
68.0
4120.0
549.5
1248.0
758.5
0
729.5
419.5
0
533.5
1164.0
1128.5
0
897.0
126.5
1590.0
2748.5
0
1493.0
138.0
138.0
0
0
656.0
534.5
2476.5
0
1436.0
0
316.0
1357.0
497.0
1864.5
0
1690.5
1476.0
1748.0
1675.0
0
2207.0
1504.5
2157.0
128.0
1192.0
0
2490.5
1145.5
896.0
2580.0
1528.0
1169.5
0
1073.0
906.0
1831.0
0
0
126.5
0
68.0
407.0
1002.5
430.5
1979.0
1951.0
173.0
243.5
1161.0
697.5
1312.5
1822.5
365.5
138.0
766.5
0
863.5
2687.5
3065.0
2839.0
0
934.5
0
300.5
2688.5
3172.5
692.0
0
1594.0
0
1727.0
316.0
1484.5
370.5
126.5
0
2482.5
0
1678.0
68.0
1749.0
2240.5
1871.0
183.5
0
253.5
2365.5
126.5
2042.0
138.0
497.0
1458.0
68.0
242.0
68.0
2631.0
68.0
0
1597.5
1232.5
2548.0
582.0
418.5
138.0
593.5
2541.0
2129.0
756.5
0
68.0
1087.0
2205.5
0
471.0
0
1901.0
401.0
2546.5
459.5
646.0
478.0
2909.5
126.5
2622.0
355.5
128.0
2959.5
1541.0
2434.5
383.0
2062.0
0
1998.0
0
1334.0
68.0
0
0
478.0
1779.0
0
2408.0
3565.5
1449.5
629.0
1969.5
938.0
1909.0
1804.5
2175.5
419.5
1486.0
419.5
826.0
0
471.0
0
1239.5
2453.0
891.0
0
2185.5
851.0
383.0
2864.0
863.5
1586.0
1776.0
0
68.0
0
1871.0
0
126.5
968.0
126.5
2038.5
1051.5
2184.0
0
68.0
4073.0
1433.0
0
126.5
1241.5
2121.0
2276.0
0
0
2172.0
419.5
1193.0
1401.0
126.5
1803.0
861.0
0
1602.0
68.0
2842.0
474.5
2165.5
1301.5
2238.5
0
926.5
370.5
2226.0
1738.5
1322.5
243.5
2054.0
910.0
1690.5
489.5
2122.5
348.5
370.5
777.5
0
2026.0
1910.5
1548.5
2430.5
243.5
0
0
1461.0
0
138.0
2903.5
1484.5
0
1842.0
2235.0
0
912.5
2236.5
1219.5
2140.5
407.0
2327.0
1742.5
68.0
302.0
1156.5
585.0
0
1.5
0
242.0
424.0
2196.0
716.0
2805.0
1414.0
1523.5
598.0
467.0
2606.5
868.0
2908.0
1607.0
0
2579.5
693.0
138.0
2897.5
0
138.0
0
0
1533.0
0
0
2339.5
1216.5
289.0
359.0
699.5
2275.0
1627.0
1772.0
1296.0
2463.5
1181.5
593.5

1528.0
2276.5
289.0
1371.0
2840.5
1249.5
2627.0
2642.5
886.5
1270.0
2226.5
2803.0
68.0
1279.0
1426.0
0
313.5
0
0
2110.5
716.0
3085.5
257.0
868.0
1443.0
0
784.0
2365.5
2151.5
2287.0
359.0
582.5
1335.0
663.0

0
138.0
2406.5
1933.5
1748.0
365.5
126.5
1528.0
68.0
0
1901.5
138.0
1726.0
126.5
68.0
1357.0
68.0
2199.5
2815.0
2287.5
848.5
1539.0
0
1480.5
407.0
1547.0
599.5
115.5
2391.5
0
736.0
1863.5
1264.5
1934.0
2252.5
438.5
1324.5
68.0
1129.5
718.0
1193.5
421.0
0
2503.0
475.0
0
512.0
1942.5
1101.0
0
1248.5
740.0
424.0
453.5
1703.0
729.5
2822.5
569.5
0
1002.5
230.5
3487.5
1499.0
777.5
1178.0
848.5
242.0
68.0
172.0
1484.5
138.0
424.0
126.5
1533.0
374.5
1888.5
3050.0
508.5
1865.0
0
1024.0
1905.5
859.5
2155.0
0
0
138.0
242.0
2945.5
1396.5
1721.0
1965.568.0
1960.5
453.5
230.5
698.5
68.0
1538.0
243.5
1199.0
1516.5
1077.0
411.5
68.0
476.0
115.5
2110.0
0
0
0
2509.5
126.5
478.0
2033.5
3334.0
1973.0
3061.0
983.0
0
1725.5
692.0
0
0
704.5
1795.0
386.0
2237.0
419.5
451.5
467.0
917.0
2118.0
2137.5
126.5
2614.5
593.5
2677.0
0
771.0
993.5
1261.5
1995.0
1000.5
2647.5
68.0
2473.5
1637.0
0
190.5
858.0
2688.0
2317.0
2073.5
1510.5
365.5
1500.5
0
2553.5
128.0
811.0
598.0
2355.0
0
1560.0
1337.0
1641.5
68.0
126.5
1122.0
138.0
2800.0
300.5
0
2415.5
0
2506.5
68.0
138.0
599.5
0
2392.5
0
0
1601.5
1154.5
1563.5
68.0
0
0
2299.0
0
316.0
1344.5
793.0
535.0
0
622.5
1156.0
1554.0
0
68.0
194.5
1789.5
126.5
438.5
401.0
1668.5
722.0
1059.0
243.5
128.0
528.0
2154.5
891.5
1901.5
300.5
0
980.0
542.0
1604.5
115.5
68.0
2078.0
183.5
0
0
1008.0
419.5
1798.5
3202.0
68.0
1855.5
315.5
607.0
2200.5
1466.5
68.0
2196.0
68.0
138.0
0
126.5
0
2272.0
2423.0
0
2173.0
0
2977.5
1935.0
601.0
541.0
68.0
0
1231.5
0
.5
1690.0
2467.0
0
126.5
478.0
0
0
0
793.0
656.5
0
1518.0
2669.0
68.0
0
0
0
471.0
822.5
0
0
844.0
667.0
3287.5
0
1990.5
1083.0
478.0
2211.0
3335.0
0
1815.0
1115.0
2892.5
1887.5
1224.5
1663.5
489.5
695.5
1374.0
0
2582.5
1133.0
126.5
710.5
383.0
1123.0
300.5
2343.0
0
1387.5
518.0
0
1575.0
0
0
494.5
497.0
1630.5
0
365.5
1710.0
183.5
0
535.0
1841.0
2738.5
521.5
1562.5
2071.0
2476.5
1230.5
1383.0
751.5
1460.0
0
0
126.5
1392.0
1733.0
2268.5
2132.5
2587.5
2998.5
2636.0
0
2036.5
0
0.5
2537.5
1108.0
0
2370.0
126.5
0
850.5
0
831.0
595.0
1852.5
370.5
1689.0
194.5
0
2761.5
1560.0
2128.5
1767.0
0
2650.0
1703.0
0
183.5
0
2583.0
2231.0
2355.0
584.5
734.5
2441.5
985.5
1308.5
1330.5
952.5
2158.5
1824.5
2370.5
1645.5
0
2601.5
1813.0
313.5
138.0
68.0
3256.0
879.5
0
0
0
126.5
0
115.5
2093.5
1068.5
68.0
1623.5
478.0
2525.0
2023.0
698.5
359.0
0
0
1607.0
0
2534.5
0
0
1184.0
2440.0
2305.0
863.5
0
0
2211.5
0
2017.0
899.5
0
467.0
1841.5
0
1264.5
0
402.0
0
3023.5
0
1658.5
861.5
435.5
2025.0
1642.0
0
173.0
68.0
1061.0
659.0
891.5
2663.5
386.0
1694.0
2226.0
419.5
2281.5
1525.0
769.5
0
760.5
1712.0
2817.0
2896.5
3909.5
652.0
652.0
0
519.5
2681.0
173.0
243.5
3032.5
0
126.5
780.0
1522.0
1543.5
419.5
313.5
629.0
3053.0
2899.5
2354.5
2123.0
2505.5
2089.0
2874.5
126.5
2701.5
1629.0
68.0
0
790.0
971.5
472.0
126.5
2345.5
291.0
2065.0
1572.5
3738.5
0
0
1777.5
1607.5
843.0
2364.5
2930.0
0
3916.5
2155.5
0
775.5
940.5
126.5
0
68.0
0
2511.5
2210.5
3004.5
0
1250.0
2613.5
771.5
0
867.5
1285.5
0
0
1772.5
1863.0
424.0
0
138.0
0
1546.5
802.0
770.0
0
419.5
0
1659.0
2052.5
354.5
0
772.0
3631.5
370.5
0
407.0
835.5
1120.0
5143.5
1196.0
1116.0
68.0

1007.5
0
811.0
771.5
242.0
0
1038.5
534.5
2645.5
0
2996.0
1568.5
2038.5
2674.5
2328.0
0
608.0
1929.5
3261.5
288.0
1409.5
0
0
1725.0
848.5
1332.0
541.0
0
2632.5
0
68.0
1535.5
0
2.0
1998.0
1589.5
2100.5
138.0
3569.5
365.5
68.0
0
613.5
786.0
2200.5
431.5
2639.0
2836.5
0
2336.0
2985.5
438.5
128.0
1718.5
2393.5
0
898.0
68.0
0
359.0
498.5
126.5
2995.0
0
435.5
2066.5
1925.5
2483.5
1509.5
2643.0
315.5
371.5
126.5
3709.5
5725.0
1415.0
126.5
2185.0
138.0
359.0
1819.5
0
850.0
1157.0
3816.0
2152.5
2238.0
458.0
126.5
2079.0
3023.0
1185.5
2079.0
401.0
0
407.0
1864.0
3547.0
359.0
2192.0
0
1626.5
2682.5
790.0
359.0
0
0
2791.5
2150.0
3502.5
2498.5
423.0
68.0
3306.5
0
0
1976.0
1698.0
823.5
608.5
3515.0
478.0
1954.0
1472.5
2194.0
1587.5
2778.5
0
0
4898.5
198.0
581.0
1747.0
0
2021.0
1835.5
2749.0
1017.5
1318.0
2989.5
1882.5
3573.5
0
68.0
0
1126.0
2919.5
1895.0
2092.5
68.0
1967.0
0
998.0
365.5
300.5
1683.5
2136.0
1206.5
1938.0
3703.5
0
2705.5
1563.5
548.5
1375.0
1034.0
901.5
1614.5
315.5
698.5
3246.0
0
3669.0
736.0
1106.5
316.0
1524.0
3199.0
0
1117.0
230.5
2405.5
2089.0
253.0
635.0
822.0
2372.0
2034.5
0
126.5
1844.0
419.5
0
2947.0
0
1686.5
68.0
0
1238.5
489.5
2490.0
1471.5
595.0
2431.5
126.5
4119.0
1222.0
0
2058.0
547.0
0
980.0
3686.5
2791.0
348.5
2074.0
1541.5
5129.0
4052.5
302.0
68.0
300.5
1436.5
0
0
0
0
2513.5
1410.0
1600.0
2504.0
1701.5
2744.0
2247.5
1437.0
2404.0
0
1200.0
3825.0
873.5
1818.0
138.0
478.0
365.5
68.0
68.0
2893.5
3458.0
4560.5
68.0
2038.0
2829.5
1490.0
2442.0
2028.0
0
1096.5
0
68.0
2815.5
3396.0
1634.5
2559.0
2083.5
2457.5
2995.0
712.0
2418.5
766.0
0
1700.5
0
3009.0
0
1828.5
2957.5
2119.5
478.0
478.0
179.0
3170.0
1632.5
4086.5
401.0
3356.0
1426.5
508.5
4288.5
4088.5
0
489.5
665.0
2100.5
2484.5
0
1181.5
2981.0
810.0
1115.5
3096.0
533.0
542.5
2574.0
1863.5
68.0
3163.5
0
0
3465.5
0
2002.5
1478.5
3392.0
3500.5
0
2528.5
3250.0
2238.0
1295.5
3194.0
927.0
2949.0
953.5
1154.5
2923.5
401.0
3487.0
581.0
1063.0
1198.0
1787.0
0
0
3123.0
920.5
138.0
934.0
2167.5
1324.5
4412.5
771.5
365.5
1917.0
2383.5
2004.0
879.5
3533.0
771.0
904.5
2235.5
4823.5
1285.5
2229.5
2533.5
1213.0
2463.5
138.0
1883.5
518.0
790.0
2184.0
2081.0
0
68.0
243.5
2566.5
2412.0
524.5
1795.5
2649.5
0
0
497.0
3075.5
3316.0
3596.0
0
1727.5
1747.5
2267.0
3371.5
794.5
3179.0
419.5
0
868.0
115.5
2798.0
0
3515.0
0
1927.5
3932.5
0
0
438.5
470.5
1941.0
541.0
2119.5
2492.5
0
2141.5
316.0
1819.0
4926.5
3317.5
510.0
3214.5
3588.5
2273.5
722.0
3192.5
472.0
775.5
613.5
1878.0
1855.5
1703.5
2477.0
2659.5
0
976.5
0
2951.0
1855.0
2335.5
1176.5
0
2254.5
1610.0
359.0
0
1783.5
419.5
1216.5
2498.0
3258.5
1939.0
0
3041.0
2516.0
1541.0
481.0
2424.5
2307.0
3222.5
2496.0
3513.0
0
2179.0
138.0
2705.5
4021.0
68.0
3886.5
667.5
3451.0
126.5
0
2911.5
1378.5
2212.5
1602.5
814.5
2301.0
2296.5
767.0
179.0
0
3103.5
2770.5
0
541.0
0
0
0
2022.5
2447.5
916.0
478.0
2497.5
758.5
2232.0
1504.5
2820.5
3539.5
1658.0
1922.0
419.5
2600.5
1769.5
0
478.0
1191.0
2657.0
2560.0
0
966.0
1126.0
1670.5
1497.5
0
1554.5
2083.5
0
359.0
138.0
0
3673.0
2629.0
1471.0
0
165.5
0
2971.0
1926.0
2340.5
0
0
3014.0
68.0
0
1214.0
300.5
0
0
595.0
1543.0
0
0
2702.5
3181.5
2002.5
3564.5
2805.0
0
0
2517.0
0
1127.5
0
3427.0
2622.0
1132.0
0
909.5
2758.0
435.5
1920.0
1401.0
0
1288.5
0
3548.0
68.0
2763.5
126.5
0
0
68.0
1850.5
1010.0
2498.5
2829.0
908.5
2158.5
0
0
3221.5
3494.0
1999.5
0
419.5
316.0
0
126.5
1051.5
1105.0
0
0
0
3500.5
1276.0
0
2935.0
0
629.5
68.0
1035.5
0
0
0
0
484.0
2776.5
3574.0
1602.0
0
0
128.0
206.0
2478.0
0
2361.5
2879.5
678.5
68.0
359.0
2830.0
2904.5
0
2898.0
1642.0
1821.5
0
598.0
1900.0
2123.0
0
1520.5
3376.0
0
0
1279.5
0
1971.0
0
1799.0
992.5
2866.0
0
2977.0
2077.0
300.5
2226.5
4088.0
2540.5
1375.5
2707.0
850.0
0
0
0
2736.5
179.0
533.0
1509.0
782.0
0
243.5
2924.0
183.5
68.0
852.5
1571.5
2440.5
2227.0
2517.5
704.5
2356.0
1629.5
2080.5
2126.0
1079.5
0
2479.0
1214.5
0
0
672.0
0
1985.5
0
1975.5
1823.0
0
2317.0
1990.0
0
0
497.0
126.5
1922.0
557.0
313.5
1924.0
0
2278.0
1146.5
489.5
3067.5
1585.5
3350.0
1719.5
2695.5
419.5
2793.0
0
2307.5
2517.5
0
0
2958.5
458.0
775.5

2251.0
0
0
0
1449.5
0
900.0
1847.5
3159.5
1283.0
1757.5
0
1896.0
2799.5
1591.0
2314.5
126.5
787.0
2456.0
2775.5
486.5
3016.5
0
0
0
2334.0
68.0
3203.5
1161.5
453.5
4026.0
0
0
0
1069.0
1387.5
0
1480.5
1659.0
2059.5
788.0
435.5
0
1047.0
885.0
897.0
1309.0
1056.0
418.5
0
2205.0
470.5
0
126.5
1739.0
0
1975.0
1864.5
183.5
0
0
0
2356.5
793.0
126.5
2319.5
2141.5
2099.0
2070.5
524.0
508.5
2851.0
1229.5
3451.5
2982.5
68.0
2844.5
1415.5
0
0
3.5
0
0
594.5
2634.5
758.5
3504.0
0
2788.5
128.0
1129.0
0
2322.0
2287.0
365.5
875.0
257.0
900.0
1127.5
2116.5
581.0
0
2720.5
0
2004.0
485.5
478.0
3746.5
0
0
598.0
0
2503.5
0
0
126.5
0
758.5
1589.0
0
2979.5
2536.5
2968.0
1351.5
1685.0
0
1019.0
524.0
2060.0
1399.5
586.5
138.0
0
2382.5
0
2239.5
2267.0
0
2876.0
302.0
0
2109.5
2558.5
0
126.5
1789.0
1419.5
2239.0
2026.0
1555.0
2008.5
0
3020.0
186.5
0
138.0
0
0
586.0
126.5
830.5
712.0
2101.0
777.0
0
0
811.0
2420.5
2006.5
2330.0
1577.5
365.5
855.0
674.0
0
126.5
3795.5
68.0
2693.0
753.5
0
2433.5
2498.0
0
911.5
0
2863.5
719.0
486.0
3222.5
0
138.0
901.5
68.0
0
0
0
908.5
0
1521.5
2399.0
1228.0
2228.0
1279.0
1233.0
0
2556.5
1055.0
634.5
452.5
1404.5
1379.0
0
242.0
0
0
478.0
0
817.0
2175.0
4127.0
1264.0
0
173.0
1010.0
424.0
0
1455.5
0
2199.5
0
2992.0
955.0
1897.5
1176.0
2493.0
2150.5
653.5
0
2261.5
2719.5
0
0
3246.5
0
138.0
2114.5
1936.0
516.5
459.5
424.0
602.0
3082.0
4099.5
842.5
0
979.5
692.0
1188.0
3284.0
0
7.5
126.5
1773.5
2639.0
0
887.5
1722.5
4864.0
497.0
962.0
0
2181.0
186.5
3005.0
2198.0
0
476.0
1192.5
1003.5
0
1261.5
243.5
489.5
417.5
1458.0
459.5
383.0
575.0
0
1616.5
0
3716.5
459.5
0
1090.0
0
126.5
0
0
2688.5
964.5
0
1751.5
1926.5
0
1337.5
2635.0
1867.5
2645.5
965.0
3031.0
3672.5
1725.0
3236.5
0
2257.5
126.5
1610.0
126.5
0
1549.5
0
1084.0
0
2285.5
115.5
138.0
0
0
0
0
0
2840.0
0
0
0
1279.0
478.0
0
1735.5
0
.5
0
68.0
0
0
0
0
0

0
0
68.0
0
0
2065.5
126.5
1361.5
183.5
0
0
1573.0
0
610.0
2361.0
1262.5
0
68.0
0
0
0
656.5
901.0
0
0
471.0
2993.5
1421.5
628.0
1063.0
1853.0
1219.5
3511.5
1181.0
0
1175.0
2071.5
0
1029.5
126.5
1349.0
0
0
829.5
126.5
68.0
0
138.0
0
1107.0
0
634.5
0
0
0
1745.5
1385.5
138.0
0
1231.0
313.5
2520.0
138.0
0
2039.0
2885.5
2701.0
0
0
1732.5
0
3654.0
1915.5
68.0
2233.0
0
138.0
0
0
0
950.0
0
0
856.5
0
1895.0
0
2118.0
0
1650.5
1734.5
0
68.0
1879.5
0
138.0
1048.0
0
313.5
453.0
1681.5
186.5
677.0
2164.0
2222.5
0
3108.5
2333.0
332.0
1917.0
0
775.5
3849.0
1333.5
0
0
0
0
1930.5
441.5
3529.0
0
138.0
0
1741.0
0
1685.5
0
126.5
0
722.0
1286.0
126.5
3957.5
1887.5
0
68.0
2260.5
368.0
558.5
0
1726.0
2181.0
183.5
0
2682.0
2638.5
126.5
138.0
2391.0
289.0
126.5
0
2603.5
3130.5
1467.0
253.5
0
0
126.5
797.5
1220.5
2010.0
2230.0
1616.0
1047.5
0
717.0
968.5
138.0
0
126.5
242.0
1433.5
1049.0
1463.5
0
1412.5
0
695.5
983.5
1208.0
253.5
126.5
435.5
126.5
126.5
1513.0
0
0
1940.0
1451.0
138.0
837.5
0
3188.0
898.5
437.0
1181.0
1737.5
1646.5
0
68.0
3093.5
0
1932.5
138.0
489.5
68.0
1106.5
1304.5
771.5
126.5
1722.0
0
0
2152.0
233.0
471.0
2096.0
138.0
1672.5
1578.5
1758.0
1037.5
687.5
1350.5
2667.5
0
126.5

0
0
0
2887.0
0
126.5
740.0
0
1729.5
0
348.5
1069.0
2067.0
0
138.0
1062.0
478.0
438.5
834.0
242.0
407.0
952.5
418.5
419.5
685.5
1514.5
995.0
815.0
486.5
0
0
0
974.5
126.5
1022.5
0
1236.5
3304.5
1251.5
0
1227.0
0
0
1657.5
1595.5
126.5
604.5
3746.5
2615.5
0
0
0
0
1116.5
0
1094.0
884.5
126.5
446.0
576.5
541.0
0
0
68.0
302.0
68.0
1665.5
126.5
3263.5
848.5
0
948.0
478.0
0
1137.0
0
2160.5
0
0
3687.0
0
1117.5
2424.0
958.5
4028.0
1087.5
0
0
0
2541.0
1454.5
0
253.0
717.0
0
2307.5
775.5
1719.0
1468.0
126.5
809.5
533.0
0
1423.5
2557.5
120.5
289.0
68.0
3113.0
1317.0
0
0
0
2658.5
618.5
2660.0
1583.0
841.0
138.0
126.5
257.0
1121.5
508.5
739.0
1317.0
365.5
1444.5
1301.0
788.0
629.0
0
0
497.0
2533.0
1975.0
126.5
2094.5
783.0
138.0
0
1474.0
126.5
745.0
0
68.0
1058.5
2319.5
2123.5
0
622.5
0
68.0
1348.0
462.0
183.5
138.0
0
2366.5
0
126.5
0
817.0
138.0
0
1371.5
794.5
1541.5
0
4030.0
0
0

1181.0
138.0
3954.5
126.5
790.0
183.5
1181.0
939.5
1503.5
0
1510.0
830.0
0
0
489.5
126.5
2216.5
120.5
383.0
659.5
698.5
458.0
1115.5
68.0
126.5
841.5
1212.0
0
253.0
590.0
2223.0
0
599.5
289.0
2463.5
1305.0
3073.5
1610.5
4951.0
2008.0
1684.5
300.5
2002.0
1795.5
2757.0
354.5
0
4121.0
1921.5
401.0
1306.0
0
68.0
2000.5
459.5
1614.5
253.5
218.0
0
770.5
607.5
1773.0
0
0
2385.5
1594.0
0
1803.0
0
1062.5
0
743.5
68.0
1898.5
0
1563.0
0
243.5
931.5
1297.0
0
767.0
652.0
3260.5
3814.5
562.0
463.0
1683.0
138.0
0
126.5
1110.5
1647.0
0
777.0
0
1511.0
401.0
0
1747.0
898.5
369.5
0
126.5
985.5
316.0
1810.0
771.5
183.5
126.5
0
0
758.5
1163.0
1575.0
0
1048.5
0
346.0
1246.0
68.0
0
2087.0
586.5
365.5
2859.5
1298.5
0
0
231.5
1295.5
68.0
365.5
1566.0
2075.5
2521.0
179.0
778.0
0
478.0
3159.5
0
115.5
68.0
0
1806.5
576.0
0
1682.0
126.5
126.5
667.0
1331.5
1218.0
0
2156.0
0
315.5
535.0
2986.5
243.5
2222.0
755.5
1293.5
441.5
355.0
355.5
0
2854.0
0
419.5
3275.0
1599.0
68.0
586.5
438.5
652.0
1089.5
672.5
1671.0
636.5
2242.5
1126.5
1391.5
68.0
2012.5
68.0
0
257.0
849.0
0
0
0
1620.0
1798.0
2277.0
1019.5
1375.0
0
1644.5
1145.0
68.0
910.0
0
1326.0
2340.5
0
68.0
1025.5
704.5
0
862.5
68.0
138.0
115.5
438.5
365.5
0
1154.0
2493.5
593.5
652.0
481.0
418.5
0
68.0
1823.0
0
1479.5
126.5
0
424.0
138.0
138.0
349.0
0
1018.5
1609.0
1639.5
0
2353.5
2059.5
879.0
2652.0
541.0
637.0
359.0
733.5
68.0
68.0
1127.5
126.5
1741.0
1077.5
0
858.5
383.0
2474.0
1282.5
1604.0
359.0
0
1515.0
614.0
822.5
1983.5
1551.0
3671.0
1145.0
497.0
719.0
0
1125.0
1764.0
2947.0
521.5
68.0
68.0
68.0
0
0
2521.5
230.5
1046.5
68.0
68.0
365.5
0
1711.0
1653.0
615.5
458.0
0
2822.0
1345.0
300.5
710.5
0
2561.0
3347.5
257.0
418.5
1727.0
186.5
1838.0
672.5
1807.0
0
418.5
1582.0
1672.5
638.5
407.0
313.5
0
0
1674.0
1752.0
640.5
0
68.0
0
1451.0
300.5
2308.5
359.0
2686.0
3124.5
2257.0
3496.5
418.5
126.5
524.0
230.5
0
6.0
0
419.5
0
0
0
947.0
313.5
365.5
0
464.0
0
1364.5
1461.0
671.0
231.5
68.0
857.0
194.5
0
2447.5
0
2455.0
666.5
0
0
850.0
1819.0
646.5
736.0
0
0
179.0
0
459.5
0
806.0
459.5
138.0
1985.0
0
126.5
1859.0
953.5
128.0
1817.0
68.0

0
1570.5
0
736.0
2612.5
311.5
68.0
2165.5
2319.0
536.5
1458.0
1387.0
1426.5
264.5
873.0
0
68.0
2960.0
752.5
945.0
424.0
1275.0
0
0
2159.0
1436.5
0
983.0
0
0
947.5
68.0
4567.0
2048.5
1497.5
300.5
923.5
0
68.0
68.0
1391.5
126.5
0
370.5
880.0
0
2798.0
0
1395.0
126.5
781.5
3645.0
787.0
1408.5
0
2406.5
1837.0
190.5
438.5
1452.5
1790.0
1724.5
0
2116.5
1519.5
790.0
2489.5
497.0
0
0.5
302.5
2133.5
138.0
446.5
126.5
3122.5
316.0
0
2616.0
3592.0
633.5
0
489.5
0
346.0
633.5
3115.0
365.5
0
359.0
1481.0
2784.0
1131.0
853.5
190.5
521.0
1898.5
300.5
1686.0
2850.0
68.0
1162.5
614.0
911.5
723.5
1499.5
186.5
2905.0
745.0
419.5
0
0
870.0
946.5
978.0
950.0
2316.0
0
752.5
419.5
126.5
2128.5
68.0
939.0
348.5
0
2104.5
2589.5
2577.0
68.0
68.0
1062.0
1914.0
458.0
1761.5
68.0
3069.0
2651.0
138.0
987.0
1512.0
598.0
230.5
518.0
243.0
2265.0
459.5
2016.0
586.5
2673.0
0
952.5
620.5
231.5
2349.0
0
2663.0
3556.5
2044.5
1939.0
1802.0
2787.0
243.5
497.0
68.0
1206.5
2549.5
893.5
2922.0
916.5
1295.5
2729.0
1004.5
2447.5
2766.5
2501.5
708.5
1633.5
68.0
0
68.0
674.0
497.0

0
1438.0
419.5
243.5
1734.5
1585.5
604.0
524.5
68.0
1936.0
2858.0
3128.0
3216.5
68.0
758.5
807.0
548.0
554.0
1986.0
2485.0
1760.0
0
1078.5
68.0
1089.0
1006.0
778.5
360.5
1930.0
2209.0
2668.0
663.0
355.5
719.0
2970.0
1114.5
1602.5
302.0
3149.0
716.0
300.5
2053.0
435.5
0
300.5
126.5
370.5
0
962.5
0
0
1184.5
467.0
1710.0
1548.5
0
1300.0
1883.0
489.5
2346.5
138.0
2283.5
1724.5
138.0
2829.0
0
438.5
419.5
0
2416.0
1009.5
0
1394.0
68.0
1565.0
0
3314.5
257.0
3106.5
138.0

68.0
0
0
401.0
1942.5
138.0
588.5
173.0
800.5
550.5
1273.5
0
1042.5
2823.5
2953.0
438.5
1258.5
1891.0
1430.5
383.0
967.5
1141.0
653.5
1888.5
508.5
0
138.0
2074.0
1733.0
3168.5
988.0
3036.0
300.5
478.0
1474.5
0
3784.0
68.0
2853.0
2210.0
2624.0
3008.5
2208.0
497.0
703.0
1867.0
2714.0
4403.5
1855.0
1510.0
0
2437.5
0
386.0
2928.0
0
68.0
1562.0
0
68.0
647.0
583.0
894.5
2524.0
419.5
2772.5
1494.5
1439.0
2914.0
1124.0
0
126.5
2400.0
0
68.0
120.5
797.0
1724.5
1448.5
987.5
0
779.0
0
545.5
2042.5
173.0
1009.0
2502.5
0
2065.5
1885.5
68.0
126.5
0
300.5
4824.0
365.5

383.0
2179.0
2950.5
636.0
1296.5
464.5
710.0
3148.0
0
0
0
289.0
1014.5
839.0
2539.0
0
416.0
2755.0
3224.5
0
878.5
0
194.5
716.0
419.5
2335.0
714.5
302.0
315.5
770.0
687.5
2486.5
2600.5
126.5
516.5
2640.5
361.5
691.0
472.0
2209.0
2379.0
0
809.0
1306.0
489.5
0
365.5
0
243.5
478.0
179.0
1533.0
0
435.5
2635.5
348.5
126.5
3206.5
1306.5
230.5
752.5
1025.5
0
0
230.5
126.5
441.5
0
1280.5
359.0
365.5
126.5
115.5
1140.0
2048.0
126.5
417.5
365.5
0
534.5
0
1846.5
0
68.0
0
1069.5
0
4.0
68.0
0
2057.5
1960.5
126.5
1886.5
1543.5
478.0
3778.0
897.5
0
243.5
2545.5
0
734.5
1217.0
1745.0
3003.0
591.5
918.0
1715.5
1025.5
1615.5
478.0
0
749.0
1499.5
2138.5
68.0
1235.0
68.0
839.0
2941.0
0
68.0
2929.5
2834.0
2027.5
717.0
138.0
615.5
68.0
633.5
2359.5
2686.0
0
300.5
1928.0
1566.5
0
655.0
2238.0
582.0
2807.5
2232.0
126.5
722.0
1738.5
0
419.5
1434.0
2435.5
300.5
126.5
242.0
68.0
1891.0
2378.5
4396.0
599.5
2654.0
359.0
300.5
115.5
2847.5
1309.5
386.0
799.5
1275.0
782.0
539.0
0
68.0

359.0
771.0
2414.0
1159.0
2958.0
1543.5
128.0
313.5
2045.5
1523.5
303.0
535.0
332.0
419.5
0
365.5
2482.5
0
2531.0
2398.5
2573.0
68.0
595.0

365.5
289.0
2992.0
0
4.5
242.0
126.5
355.5
971.0
126.5
194.5
418.5
2879.5
926.0
183.5
194.5
1957.0
183.5
341.0
0
183.5
1846.5
1378.5
1971.0
365.5
0
869.5
1391.0
831.5
126.5
977.5
2298.5
721.5
3201.0
2423.0
2796.5
827.5
2618.0
2499.0
0
3164.5
618.0
0
2057.5
1164.5
435.5
68.0
0
2264.0
2486.5
257.0
580.0
4851.5
1354.0
3627.5
652.0
1649.5
814.5
126.5
511.0
3710.5
1714.0
1595.0
138.0
1813.5
1157.5
478.0
2784.0
2402.0
0
0
459.5
1435.0
0
138.0
0
415.5
2217.0
784.0
0
2528.5
671.0
0
958.5
667.0
894.0
3556.0
1513.0
438.5
925.5
0
68.0
0
1049.5
2087.5
770.0
138.0
128.0
2482.5
2499.5
3941.0
2079.5
861.5
666.5
1804.0
0
551.0
1263.0
1149.5
1302.5
1887.0
2114.5
3622.0
370.5
0
0
1107.0
1268.5
2251.0
138.0
126.5
0
889.0
793.0
194.5
1086.5
0
1606.5
419.5
0
2150.0
2679.0
1953.5
0
478.0
0
2222.0
1897.5
365.5
0
0
3146.0
0
771.0
0
1092.5
0
3872.5
359.0
0
985.0
2749.0
126.5
0
5166.0
138.0
0
0
1742.0
2063.5
1698.5
1031.0
126.5
911.5
905.5
0
355.5
0
3437.5
68.0
2653.0
3162.0
2026.0
642.5
416.0
834.5
424.0
1625.5
567.0
1923.5
0
602.0
758.5
699.5
441.5
879.5
2923.0
3246.0
359.0
497.0
243.5
2935.0
438.5
289.0
0
2114.5
3295.0
755.5
419.5
2088.0
0
1620.0
1586.5
126.5
438.5
1508.0
2707.0
424.0
1857.0
316.0
533.5
1448.0
1773.0
717.0
1463.0
1868.0
0
822.5
1422.0
126.5
0
68.0

68.0
2540.0
1780.0
646.0
998.0
289.0
1091.0
2367.5
3288.5
541.0
0
1748.5
523.5
2551.0
497.0
1813.0
531.0
646.0
1739.0
1327.5
407.0
1183.0
474.5
424.0
68.0
986.5
1776.5
2494.5
424.0
2485.0
126.5
677.0
646.5
68.0
68.0
1536.0
0
418.5
1923.5
401.0
2032.0
478.0
1805.5
438.5
1337.5
875.0
68.0
903.5
1225.5
734.5
126.5
365.5
685.5
126.5
2165.0
359.0
2820.5
126.5
2092.0
1894.5
2768.5
2551.5
1696.0
432.5
729.5
896.0
1037.5
419.5
1489.0
677.0
1999.0
253.0
0
2678.5
243.5
835.0
68.0
0
840.5
478.0
1502.0
1888.0
3135.0
1004.0
1519.5
0
536.0
2379.5
1713.5
365.5
612.5
0
424.0
3303.5
0
0
2084.5
672.0
1078.5
804.5
0
1374.0
797.0
928.0
1107.0
913.5
418.5
1487.0
794.5
2459.5
0
0
0
2402.0
0
898.5
497.0
549.5
598.0
0
0
986.5
517.0
0
459.5
0
489.5
365.5
0
68.0
546.5
1575.0
0
0
0
1506.5
0
257.0
691.0
2568.0
1627.0
1305.0
2683.0
1461.0
68.0
126.5
1250.5
749.0
1029.5
407.0
68.0
753.5
985.0
1373.5
289.0
2397.0
624.5
1439.0
596.0
2586.5
138.0
126.5
1527.5
2865.0
949.0
419.5
68.0
982.0
68.0
1099.0
68.0
253.5
2297.0
2212.5
1854.0
370.5
0
0
68.0
679.0
126.5
653.5
0
0
424.0
285.5
315.5
68.0
0
68.0
3327.5
2116.0
138.0
1579.5
348.5
1310.5
1687.5
1808.5
715.0
1676.0
471.0
1199.5
1459.0
0
1486.0
359.0
126.5
126.5
1696.5
1013.5
316.0
126.5
0
68.0
671.0
0
68.0
126.5
231.5
419.5
511.0
0
783.0
438.5
0
2844.0
0
257.0
3656.5
3141.5
68.0
419.5
1345.5
289.0
1403.5
1664.0
458.0
2242.5
1797.5
2085.0
3072.0
0
138.0
3147.0
138.0
2219.5
1604.5
1016.5
1533.0
576.0
0
533.0
1324.0
68.0
653.5
0
1.0
138.0
688.0
243.5
793.0
489.5
359.0
138.0
703.5
0
1588.5
2840.5
1577.5
1869.0
68.0
374.5
0
138.0
516.5
1956.5
0
396.5
242.0
2777.5
920.0
758.5
422.0
0
0
667.5
126.5
710.5
508.5
359.0
489.5
458.0
1224.0
0
0
722.5
600.5
243.5
1213.5
126.5
1502.0
916.0
405.5
2337.5
138.0
68.0
595.0
243.5
1030.0
1569.5
1797.5
884.5
243.0
257.0
528.0
1665.0
0
0
173.0
497.0
1923.0
1657.5
1025.0
2898.5
296.0
0
419.5
656.5
0
242.0
300.5
0
1845.5
809.0
2952.5
68.0
0
2061.0
1042.0
0
0
0
1365.5
1086.0
115.5
4381.5
3336.0
1085.5
0
0
2314.0
1927.0
2007.0
5662.0
557.0
0
5317.5
242.0
928.0
1690.5
68.0
0
3942.5
848.5
831.0
2789.0
3426.5
1097.0
424.0
0
699.5
435.5
0
1415.0
0
1216.0
1140.0
419.5
1886.0
285.5
0
2130.5
852.5
126.5
1164.0
407.0
2581.5
3074.0
0
348.5
0
0
1912.5
0
370.5
418.5
419.5
2294.5
0
138.0
530.5
2636.5
3217.5
2542.5
595.0
243.5
1057.0
68.0
2081.0
0
126.5
874.0
1210.5
0
285.5
848.5
3162.0
128.0
0
809.5
0
593.0
1135.0
728.5
747.0
478.0
1994.0
1218.0
835.0
551.0
138.0
3176.0
253.5
973.5
1511.5
947.5
898.5
242.0
300.5
370.5
3070.0
68.0
138.0
652.0
138.0
1816.5
0
401.0
1235.5
1272.0
0
0
2614.5
1127.5
0
421.0
854.5
628.0
0
2698.0
316.0
656.5
138.0
851.5
242.0
242.0
243.5
2021.0
478.0
2161.5
951.0
0
348.5
478.0
68.0
138.0
2212.0
126.5
194.5
1251.5
138.0
0
126.5
126.5
0
2639.5
719.0
0
126.5
0
221.5
365.5
0
126.5
3612.5
1290.5
544.5
508.5
704.5
360.5
0
0
300.5
3047.0
497.0
824.5
886.5
374.5
857.5
2077.5
0
2413.5
573.0
2152.0
401.0
0
671.0
424.0
0
68.0
424.0
1600.5
0
374.5
0
438.5
419.5
68.0
1422.5
1031.0
1312.0
401.0
0
1632.5
0
2478.0
1979.5
0
721.5
756.5
2083.0
594.5
126.5
1317.5
835.5
3063.0
1220.5
2497.5
0
839.5
0
348.5
0
2717.0
348.5
1831.5
0
186.5
126.5
491.0
0
653.5
68.0
407.0
126.5
841.0
285.5
0
771.0
4158.0
2685.0
438.5
459.5
729.5
231.5
302.0
489.5
0
0
0
1661.5
359.0
418.5
68.0
683.5
138.0
0
313.5
68.0
138.0
1945.0
2307.5
0
1750.0
925.0
446.5
672.5
497.0
183.5
635.0
425.5
68.0
365.5
1352.0
0
0
1421.5
1218.0
827.5
285.5
0
1465.5
68.0
0
475.0
1501.5
424.0
242.0
671.0
126.5
126.5
0
0
949.5
0
1116.0
860.0

0
138.0
771.5
3226.5
183.5
2395.0
253.5
316.0
1181.5
1511.0
68.0
1230.0
68.0
790.0
3776.5
612.5
2470.0
0
3467.5
0
186.5
2923.0
1074.0
497.0
883.0
300.5
2570.5
68.0
807.5
2283.0
183.5
418.5
316.0
1069.0
3106.5
0
2445.0
3128.5
489.5
716.5
794.5
370.0
0
498.5
488.0
2014.5
719.0
126.5
242.0
0
1728.5
892.5
2354.5
1153.5
0
1299.5
2610.5
639.5
68.0
0
243.5
1925.5
126.5
1287.0
0
503.5
1831.5
1185.5
1965.5
3200.5
179.0
138.0
1323.5
230.5
302.0
419.5
0
572.0
1000.0
2904.0
183.5
68.0
4584.0
1596.0
3392.0
313.5
315.5
183.5
0
68.0
300.5
68.0
128.0
497.0
0
0
424.0
2786.5
758.5
0
0
3108.0
179.0
126.5
1973.0
892.0
126.5
564.5
4842.0
0
2470.0
316.0
194.5
1004.5
115.5

1890.0
0
0
952.5
0
0
1573.0
0
0
383.0
1874.0
2084.5
68.0
419.5
4071.0
126.5
1610.5
257.0
601.0
68.0
183.5
138.0
1838.5
700.0
313.5
316.0
294.5
1323.0
3475.5
179.0
2174.5
0
68.0
2795.5
478.0
4158.5
2505.0
992.0
594.0
2764.5
0
315.5
604.5
1005.0
2358.5
1008.0
120.5
2751.0
791.0
1660.5
1330.0
478.0
458.0
190.5
138.0
0
0
611.5
812.0
1777.0
419.5
68.0
1672.0
302.0
2306.5
770.5
1920.0
610.5
424.0

1386.0
1208.5
790.0
646.0
374.5
138.0
0
419.5
194.5
138.0
359.0
0
1530.0
230.5
0
1911.0
1562.0
2667.0
1676.0
2655.5
0
2638.0
2829.0
257.0
5588.0
115.5
1109.5
1002.5
126.5
0
138.0
476.0
1291.5
0
2759.5
0
1285.5
0
68.0
4280.5
2126.0
4589.5
2429.0
253.5
949.5
3126.0
289.0
808.5
126.5
1027.0
771.0
0
1169.5
194.5
0
460.5
1179.5
2443.0
68.0
3234.5
68.0
68.0
3159.0
126.5
0
1381.0
257.0
2021.5
0
1216.0
0
0
925.0
672.0
752.5
0
138.0
3083.5
126.5
1284.5
478.0
126.5
0
3569.0
365.5
1602.5
3099.0
0
126.5
0
4112.5
772.5
458.0
0
1484.5
541.0
138.0
659.0
931.0
848.5
1952.5
300.5
0
126.5
0
804.5
68.0
954.0
598.0
1492.5
633.5
0
576.5

1474.5
68.0
3168.5
424.0
2434.5
516.5
830.0
425.0
229.0
1806.0
0
383.0
242.0
621.5
68.0
0
719.0
126.5
1753.0
695.5
126.5
68.0
0
126.5
2895.5
2870.0
459.5
370.5
1160.5
0
138.0
138.0
0
656.5
842.0
0
2891.5
419.5
421.0
0
1223.0
183.5
2547.0
359.0
348.5
138.0
607.0
541.0
854.5
302.0
138.0
138.0
2572.0
1203.5
672.0
4480.0
0
194.5
971.0
550.0
243.5
593.0
0
652.0
315.5
179.0
1219.5
1022.0
0
418.5
1783.5
916.5
179.0
907.0
68.0
848.5
0
3138.0
233.0
864.5
126.5
313.5
68.0
489.5
138.0
0
0
126.5
707.5
1955.0
0
353.0
1033.0
2696.5
0
183.5
0
2626.5
0
2495.0
486.0
598.0
2484.0
2421.5
138.0
717.0
138.0
315.5
2132.0
3422.5
348.5
231.5
791.0
126.5
0
0
976.0
0
0
0.5
0
1229.5
0
138.0
0
459.5
0
126.5
0
561.5
519.0
68.0
419.5
972.0
300.5
126.5
387.5
0
0
126.5
722.0
721.5
0
897.5
489.5
357.5
138.0
539.5
907.0
1471.0
419.5
2143.0
68.0
734.0
3958.5
126.5
0
0
1247.5
2345.5
236.0
332.0
0
2662.0
1143.5
0
0
734.5
703.0
231.5
2071.0
3264.0
518.0
1531.0
5714.0
928.5
1049.0
0
3264.5
0
1048.0
242.0
401.0
4231.5
359.0
0
1858.5
126.5
2247.0
2340.5
646.0
288.5
848.5
0
416.0
2327.5
478.0
2815.0
126.5
0
1820.5
1558.5
1534.0
726.0
68.0
126.5
967.0
126.5
2643.0
1075.0
0
875.5
183.5
68.0
115.5
68.0
1443.5
0
1251.0
0
2304.0
3450.5
1014.5
4672.5
2680.5
0
126.5
0
0
2270.5
489.5
438.5
775.5
1318.5
2815.5
68.0
773.0
478.5
68.0
68.0
1233.0
313.5
3243.5
0
681.5
2291.0
0
3874.5
68.0
1891.5
2974.5
348.5
183.5
138.0
120.5
138.0
138.0
68.0
348.5
846.5
0
0
541.0
316.0
528.0
1015.0
115.5
374.5
0
126.5
365.5
850.0
860.0
1046.5
68.0
126.5
2421.0
126.5
138.0
0
1854.5
0
722.0
3121.5
3338.5
3265.5
945.0
0
1374.5
576.5
646.0
901.5
3361.0
435.5
2136.0
302.0
533.0
198.0
497.0
183.5
0
0
1797.0
1193.0
126.5
653.0
126.5
903.5
508.5
0
2901.0
3024.0
126.5
1096.5
789.0
0
629.0
126.5
787.0
984.5
0
300.5
1155.5
183.5
0
1784.0
3195.5
2569.5
5483.5
4858.0
438.5
608.5
541.0
1962.0
905.5
524.0
576.5
365.5
68.0
138.0
126.5
138.0
0
583.0
0
0
138.0
1265.5
1436.0
0
1789.5
138.0
68.0
681.5
1416.0
424.0
322.0
68.0
529.0
0
2199.0
0
2489.5
2269.0
126.5
138.0
1459.5
173.0
1096.5
1011.0
3472.5
68.0
0
4552.5
1458.5
1487.5
243.5
0
771.5
5192.0
678.5
68.0
0
3158.0
1490.5
2916.0
128.0
407.0
253.5
1767.5
0
0
0
1259.5
774.5
0
3270.0
579.5
3218.0
68.0
0
2270.5
126.5
0
653.5
0
0
565.0
300.5
68.0
418.0
68.0
0
374.5
655.0
466.0
1120.0
3472.0
0
359.0
3633.5
3495.5
0
243.5
138.0
126.5
0
243.5
365.5
1018.0
667.5
970.0
2078.5
2977.0
0
1364.0
978.0
0
598.0
68.0
2286.5
478.0
424.0
737.5
1208.5
383.0
3182.5
126.5
243.5
68.0
867.5
2555.0
68.0
68.0
717.0
2592.0
68.0

2582.0
424.0
0
1689.5
0
1108.0
981.0
1007.5
4765.5
300.5
242.0
2629.5
949.5
126.5
966.0
747.5
2929.0
1300.0
1461.5
0
2233.0
548.5
717.0
586.5
1219.0
543.5
1272.0
365.5
126.5
927.5
0
289.0
419.5
2885.5
624.0
68.0
0
2807.5
0
68.0
401.0
2880.0
1621.5
489.5
1687.5
190.5
2603.5
68.0
3945.5
1486.5
1079.0
459.5
68.0
829.0
1989.0
1661.5
1123.0
173.0
68.0
0
583.0
0
126.5
0
0
655.0
68.0
2053.0
1042.0
3195.5
1173.5
359.0
2585.5
1842.5
4256.0
605.0
534.5
584.5
407.0
3644.0
2304.0
2693.5
787.0
1144.0
68.0
861.0
348.5
814.5
3524.5
0
419.5
3534.5
1778.5
1121.5
2419.0
679.0
887.5
126.5
419.5
68.0
1194.0
516.5
359.0
1527.0
407.0
1349.5
0
126.5
68.0
0
0
639.5
233.0
163.0
138.0
0
2146.0
365.5
1302.5
68.0
848.5
68.0
68.0
68.0
0
419.5
0
1009.5
2008.0
2056.0
1501.5
3415.5
1703.5
1035.5
253.5
2703.5
1673.5
733.5
891.5
1212.0
0
138.0
3058.5
1222.0
4207.5
68.0
458.0
1108.5
1656.5
700.0
138.0
3549.5
582.5
2942.5
1081.0
68.0
2298.5
3821.0
919.0
186.5
1347.0
3296.0
68.0
138.0
253.5
0
3217.0
0
0
2611.0
138.0
0
126.5
2496.5
0
68.0

2444.0
0
1678.0
285.5
0
561.0
138.0
2030.5
0
593.5
458.0
1231.0
1935.5
1600.5
1041.5
2439.0
257.0
1206.0
1971.0
1842.0
2083.0
885.0
1076.0
755.5
478.0
68.0
68.0
2299.0
1395.5
316.0
0
136.0
1339.5
894.5
1427.0
930.5
3542.0
0
289.0
0
2324.0
0
1067.5
126.5
0
1561.5
126.5
2871.0
68.0
138.0
593.5
68.0
2030.5
804.0
1120.5
935.0
68.0
126.5
546.0
1898.5
1468.0
1358.0
2878.0
438.5
4156.5
618.5
3081.5
2930.0
591.5
714.5
710.5
2717.0
1944.5
0
183.5
183.5
419.5
516.5
0
1081.0
1074.0
370.5
3329.0
2955.5
5180.0
475.5
243.5
128.0
1473.5
383.0
0
1067.5
3357.0
126.5
2202.0
2480.0
126.5
663.0

68.0
2236.0
700.0
792.5
1551.5
2550.5
231.5
0
836.0
2886.0
126.5
1083.0
1851.0
257.0
2139.5
896.0
128.0
595.0
0
4527.0
2041.0
1918.0
1274.5
0
3445.0
962.5
608.5
780.5
2737.5
861.5
489.5
2972.0
1316.5
68.0
68.0
1429.5
230.5
3249.0
126.5
3267.5
2757.0
437.0
126.5
0
374.5
1592.5
1990.5
2150.0
3236.0
230.5
68.0
1431.0
0
665.0
772.5
0
1138.5
2098.5
1727.0
3334.0
2250.0
1253.0
1070.0
581.0
2122.0
3797.5
0
1754.5
0
68.0
1375.5
0
3221.5
2364.0
126.5
2778.0
1536.0
1682.0
0
316.0
652.0
557.0
0
3470.0
0
541.0
0
4506.5
2698.0
1127.5
0
230.5
2880.5
471.0
68.0
365.5
2069.0
903.5
1510.5
300.5
740.0
0
478.0
793.0
471.0
0
126.5
1072.0
4413.0
1748.5
0
2196.0
1976.0
575.0
419.5
3741.0
0
2454.5
3837.0
68.0
68.0
435.5
0
781.0
0
126.5
1856.5
289.0
0
3510.0
1587.0
0
2443.5
233.0
0
3786.0
758.5
2394.5
0
1652.0
2697.5
1529.5
3035.0
777.5
2391.5
3084.5
0
348.5
1975.5
1120.0
138.0
68.0
0
2420.0
489.5
0
401.0
0
0
1786.0
2119.0
68.0
115.5
901.0
2639.5
909.5
253.5
1693.5
2196.5
3020.0
489.5
0
0
0
3803.5
402.0
3398.0
0
126.5
0
0
1570.0
2648.5
1306.0
2276.5
2252.0
3131.5
1672.5
828.5
1272.0
3206.0
3272.0
741.0
459.5
316.0
2512.0
4912.0
2562.5
0
1865.0
0
828.5
1489.5
892.0
3195.0
0
0
1212.0
68.0
0
1122.5
1483.5
68.0
2759.5
300.5
2763.0
0
608.5
1122.0
115.5
138.0
790.0
0
335.5
706.0
2228.0
370.5
4380.5
1919.5
68.0
4093.5
243.5
438.5
3557.5
173.0
479.5
0
348.5
1046.5
0
2210.0
383.0
2131.0
0
0
1261.5
848.5
0
2091.5
2439.5
0
0
0
374.5
0
3198.0
1232.5
126.5
365.5
752.5
1173.0
2676.0
0
4554.0
1005.0
0
4114.5
289.0
2339.5
3799.0
0
126.5
1759.5
257.0
0
2292.5
68.0
126.5
1372.5
1722.0
0
2214.0
0
0
2413.5
0
0
2890.0
300.5
3836.0
1010.5
2474.0
0
1845.5
1408.5
1016.5
2380.5
2615.5
3958.0
2518.0
951.5
1736.5
2800.5
3325.0
302.0
407.0
1398.0
478.0
489.5
786.5
826.5
0
1873.0
1384.0
1813.0
316.0
68.0
401.0
374.5
2290.5
0
68.0
300.5
0
476.5
2759.0
4467.5
401.0
970.0
0
1459.5
4260.5
1643.0
1437.5
2197.5
693.5
138.0
253.0
3141.5
2540.0
2818.0
126.5
2899.0
963.5
0
0
126.5
2573.5
853.0
3404.0
3470.0
0
2234.5
1878.5
3142.0
5127.5
2798.0
5281.0
0
3666.0
3382.5
0
539.5
0
68.0
138.0
3509.0
3856.0
2437.5
0
1141.5
3623.0
68.0
3850.5
0
2741.0
0
2630.0
1560.5
3860.5
126.5
126.5
1271.0
68.0
841.0
1964.5
1108.0
0
3177.0
2570.0
68.0
0
3922.0
4206.5
2659.0
3562.5
2394.0
671.0
126.5
3177.5
3290.5
68.0
0
700.0
2543.0
3397.0
1126.0
0
545.5
1231.0
3725.5
1000.5
2386.0
1111.5
3923.0
3210.5
2834.0
126.5
1943.0
736.0
383.0
0
0
985.0
0
3118.5
359.0
1033.5
3371.5
972.0
348.5
68.0
0
767.5
419.5
2344.5
0
1016.5
2072.0
383.0
489.5
814.5
1368.0
438.5
2644.0
1542.5
348.5
3219.0
332.0
4332.5
0
1497.0
1403.5
0
0
370.5
1763.5
3322.0
624.0
419.5
2090.0
1690.0
1232.5
0
1656.5
126.5
0
0
2703.0
424.0
3004.0
1087.5
0
0
2392.5
300.5
0
0
3957.0
1436.0
0
2337.5
300.5
760.0
68.0
2703.5
3919.0
0
285.5
0
3542.0
3430.0
126.5
717.0
0
0
0
3577.0
3137.5
0
1859.0
659.5
3404.5
2514.0
68.0
592.0
0
3691.5
0
126.5
2134.5
476.0
0
2560.0
126.5
348.5
2252.5
285.5
663.0
126.5
1633.5
1515.5
365.5
120.5
3907.0
2282.0
3479.5
2685.5
2460.5
0
3473.0
4460.0
0
424.0
533.0
0
1868.5
951.0
753.5
1637.5
138.0
706.0
0
0
1110.0
383.0
0
4459.5
2949.0
0
858.0
5017.5
0
365.5
4072.5
1914.5
2639.5
68.0
1460.5
0
68.0
398.5
418.5
0
316.0
243.5
0
2054.0
231.5
0
3563.5
489.5
300.5
0
2145.5
2060.5
2987.5
1885.0
68.0
138.0
300.5
2881.0
359.0
3348.5
1829.0
1519.5
1347.5
0
2460.5
1124.0
4085.0
804.5
964.5
0
300.5
2582.0
4374.5
0
888.5
0
0
0
4841.0
68.0
2849.0
2233.5
1374.5
4029.5
2396.0
0
926.5
1033.0
3272.5
370.5
2854.0
0
126.5
956.5
0
2997.5
3292.0
491.0
3291.5
194.5
179.0
0
686.5

407.0
2726.5
3203.5
0
2285.0
2756.5
3196.5
138.0
0
2706.5
0
531.0
3245.0
1142.0
1432.0
2224.0
68.0
0
115.5
2140.5
0
2093.5
0
0
768.5
0
0
698.5
3628.0
1759.5
0
68.0
138.0
749.0
3420.0
0
2215.5
0
0
3270.5
0
285.5
0
3565.5
370.5
0
0
1331.5
68.0
0
0
0
3567.5
2114.0
1733.5
4068.5
1368.0
419.5
2691.5
911.0
745.0
183.5
0
438.5
697.0
136.0
179.0
3277.5
1083.0
2153.5
68.0
0
0
1167.5
0
2252.0
2318.0
1294.5
3125.0
0
1144.5
0
68.0
1360.5
374.5
3921.0
402.0
0
0
0
489.5
2957.0
811.0
2939.5
3769.0
565.0
115.5
0
0
0
1609.5
186.5
1885.5
656.5
2745.0
316.0
126.5
126.5
0
126.5
0
2644.5
3425.0
829.5
0
0
0
0
809.5
0
4007.5
435.5
68.0
138.0
0
0
1229.0
2059.5
68.0
0
0
383.0
3847.5
1141.0
2804.0
431.5
289.0
0
0
3582.5
243.5
0
736.0
0
0
126.5
126.5
671.0
2717.5
1700.5
776.5
0
136.0
0
4559.5
126.5
1181.5
666.5
0
243.5
183.5
0
3355.5
809.5
2250.0
0
68.0
126.5
2667.0
809.5
2764.0
3829.5
811.0
419.5
3943.0
4300.0
3584.5
316.0
0
2802.0
435.5
1027.0
218.0
1179.5
3417.5
3350.0
2770.0
0
1927.0
746.5
418.5
2254.0
2727.0
717.0
951.0
0
138.0
253.0
0
0
0
0
285.5
138.0
126.5
126.5
253.0
0
0
2528.0
4104.5
0
4336.5
3382.0
599.5
2454.5
138.0
2469.5
663.5
441.5
2927.5
0
3361.5
867.5
68.0
0
2527.0
0
1067.0
1051.5
0
0
126.5
1049.0
68.0
68.0
808.0
849.5
715.0
183.5
0
0.0
138.0
183.5
1189.0
2021.5
1882.5
0
438.5
0
359.0
0
3809.0
0
788.0
0
0
0
1970.5
0
138.0
0
2357.5
0
68.0
126.5
3023.0
0
0
1250.0
0
0
419.5
374.5
359.0
478.0
68.0
1767.0
2725.0
0
0
2040.0
0
1087.5
1804.0
68.0
419.5
302.0
0
4370.5
68.0
2085.5
0
1825.0
407.0
1123.5
2498.0
1076.0
3774.0
3442.5
435.5
68.0
593.5
4825.0
0
0
2634.0
0
3449.5
1759.0
467.0
2663.0
179.0
4739.0
0
470.5
3319.0
138.0
3735.0
3998.0
419.5
1890.5
1286.0
1654.0
906.5
0
1913.5
2982.0
0
471.0
2407.0
0
2590.0
424.0
663.0
68.0
194.5
0
3886.5
910.5
302.0
0
0
3871.0
0
0
126.5
0
68.0
2289.5
0
467.0
424.0
3089.0
0
0
419.5
383.0
68.0
0
2120.0
700.0
0
0
0
0
0
0
2909.5
0
1846.5
126.5
2270.0
3724.5
418.5
522.5
862.5
183.5
0
243.0
2218.0
126.5
68.0
3064.5
0
2607.5
316.0
0
0
489.5
3043.5
138.0
332.0
348.5
1462.5
0
0
2519.5
3921.0
302.0
1157.5
741.0
138.0
3798.5
653.5
0
0
497.0
3328.5
1022.5
695.5
0
0
459.5
68.0
0
0
2870.5
138.0
2244.0
2852.5
2391.0
3778.0
128.0
0
3707.5
0
622.5
2420.5
1990.0
829.5
1667.0
4174.5
138.0
562.0
2556.0
2229.0
2615.5
0
2855.5
0
2028.5
68.0
3482.0
1912.5
1957.5
138.0
1205.0
2539.5
656.0
4548.0
0
3012.0
424.0
126.5
138.0
523.5
344.0
993.0
2734.0
2017.0
2477.5
1601.5
186.5
614.0
126.5
841.0
315.5
0
1674.0
4091.5
0
438.5
0
1203.0
253.0
1228.0
2316.5
3429.0
1897.0
1340.0
2547.0
0
0
2165.5
489.5
3407.0
0
3732.0
0
4312.5
0
172.0
3401.0
0
243.0
0
3184.0
344.0
126.5
0
2030.0
1661.5
3108.5
218.0
885.0
2539.0
944.0
0
3359.0
1588.5
863.0
0
4261.5
316.0
888.5
2987.0
424.0
0
3148.5
0
633.5
0
0
0
.0
0
0
0
621.5
1921.5
0
828.5
5075.0
947.0
68.0
0
1670.0
946.5
0
497.0
126.5
881.5
3424.5
0
0
0
68.0
1532.0
968.5
1339.5
688.5
582.0
138.0
355.5
953.5
818.0
68.0
1349.0
126.5
497.0
0
0
1001.5
0
3260.0
2851.5
435.5
0
0
3482.5
967.0
0
919.0
2140.0
4438.5
0
0
1239.0
3148.5
126.5
529.0
636.0
0
.5
2676.0
4002.5
0
0
0
438.5
0
3117.5
3766.0
3877.5
126.5
478.0
126.5
517.0
126.5
138.0
0
0
68.0
861.0
528.0
0
.5
504.5
1033.5
68.0
1021.0
0
0
0
126.5
1850.5
0
4046.0
374.5
3223.0
1957.5
915.5
365.5
0
0
172.0
0
0
4177.0
126.5
0
419.5
438.5
0
0
739.0
0
68.0
468.5
636.0
419.5
138.0
0
2635.5
0
370.5
0
3139.5
68.0
0
846.5
0
0
478.0
2463.0
126.5
0
419.5
1708.5
0
2362.0
879.5
365.5
842.5
879.5
0
138.0
0
0
68.0
0
138.0

138.0

242.0
5238.0
653.5
0
478.0
2752.5
390.5
0
545.5
497.0
126.5
159.5
460.5
447.5
401.0
0
0
2449.5
0
3152.0
478.0
194.5
374.5
1189.0
2325.0
779.0
68.0
2079.5
68.0
386.0
138.0
1139.0
1370.5
1614.0
0
3256.0
0
7.0
582.0
126.5

126.5
0
126.5
2425.0
1104.0
126.5
471.0
1360.5
0
0
459.5
0
0
1595.5
1659.5
1090.0
183.5
692.0
138.0
126.5
0
0
593.5
831.5
1727.5
2010.5
2445.0
2318.5
0
2212.5
0
1444.5
126.5
0
0
1357.5
478.0
0
1690.5
671.0
0
344.0
0
0
3590.0
0
0
0
68.0
302.0
1569.0
938.5
0
0
2568.0
516.5
0
0
0
138.0

471.0
126.5
1809.5
0
0
0
3900.5
253.5
0
646.0
2744.0
68.0
138.0
1652.5
394.0
1579.5
2764.0
459.5
2774.5
359.0
0
344.0
68.0
1886.0
1572.5
0
0
0
1190.5
0
2250.5
3557.0
0
407.0
0
2323.5
0
374.5
0
0
1154.0
68.0
0
3611.5
0
0
1011.5
0
0
3385.0
3479.5
543.5
126.5
0
1806.5
1865.5
138.0
0
138.0
0
478.0
2700.0
1109.5
435.5
0
2675.0
126.5
0
823.5
0
2416.5
684.0
448.0
183.5
0
2836.0
3657.5
2430.0
478.0
1052.5
1071.5
0
438.5
2971.5
138.0
652.0
0
0
0
0
540.5
985.0
0
478.0
519.5
2809.5
962.0
0
2039.0
0
2029.0
126.5
2202.0
0
0
419.5
1280.5
0
313.5
0
0
984.0
0
126.5
0
0
771.0
313.5
1100.5
0
0
407.0
0
1321.5
1387.5
2250.5
0
0
1368.0
1811.5
0
478.0
930.5
0
1394.5
0
3584.0
2473.5
0
0
1843.0
0
438.5
1532.5
0
786.0
0
0
0
469.5
477.5
671.0
0
0
0
0
1081.0
533.5
534.0
1982.0
3377.5
2835.5
790.0
186.5
68.0
0
2114.0
472.0
0
1736.0
316.0
1161.0
0
578.5
489.5
68.0
126.5
138.0
126.5
478.0

2081.0
0
2476.0
126.5
0
126.5
316.0
0
0
0
0
998.5
435.5
0
186.5
0
1582.5
368.0
1081.0
68.0
126.5
780.5
231.5
0
707.0
0
0
0
0
595.0
598.0
177.0
0
0
962.5
138.0
648.5
312.5
489.5
1142.5
0
0
1179.5
0
68.0
2426.0
716.0
600.5
0
0
289.0
0
0
0
2007.5
0
4241.5
0
0
0
0
0
126.5

0
2823.0
138.0
656.5
0
0
2787.0
0
1074.0
0
126.5
0
.0
1336.5
0
0
0
459.5
0
3840.0
126.5
0
1317.5
819.0
0
2839.5
0
0
489.5
1137.0
0
0
1073.0
2513.0
783.5
0
0
0
965.5
0
0
0
138.0
1549.0
0
424.0
593.5

489.5
775.5
0
1797.0
365.5
0
0
126.5
847.5
0
291.0

138.0
0
1415.5
315.5
0
2475.0
1068.5
0
194.5
0
0
0
0
752.5
716.0
126.5
0
242.0
3483.0
478.0
0
0
677.0
775.5
0
0
926.0
0
68.0
806.0
903.5
126.5
0
1181.0
289.0
0
138.0
1348.0
0
315.5
0
138.0
596.0
0
365.5
68.0
0
0
0
302.0
0
726.0
574.0
0
618.5
747.5
508.5
472.0
1947.5
4858.0
242.0
661.5
0
0
.5
0
0
.0
0
0
0
2927.5
680.5
370.5
624.5
374.5
1260.0
126.5
0
2692.0
0
489.5
0
0
138.0
0
0
739.0
0
230.5
0
.0
0
0
516.5
0
0
0
0
0
0
1548.5
288.0
0
0
489.5
0
0
4540.5
179.0
0
478.0
0
534.5
521.5
2190.0
126.5
243.0
0
1718.0
0
0
138.0
505.5
0
0
138.0
68.0
126.5
529.0
0
1149.5
1351.5
0
875.0
2130.0
0
879.5
0
0
0
0
401.0
1977.0
0
0
5.5
0
300.5
0
231.5
0
0
2516.0
1793.0
257.0
0
624.5
534.5
599.5
186.5
126.5
418.5
0
.5
0
0
2438.0
172.0
424.0
407.0
126.5
138.0
0
365.5
0
993.5
183.5
126.5
419.5
300.5
659.5
0
0
0
126.5
0
0
489.5
516.5
0
0
0
0
0
0
0
.0
527.0
424.0
1279.0
652.0
68.0
138.0
1105.0
0
0
652.0
997.5
0
233.0
0
0
424.0
480.5
0
126.5
126.5
300.5
0
0
531.0
0
0
815.5
489.0
0
0
943.0
126.5
2950.0
775.5
530.5
0
126.5
68.0
0
905.0
0
478.0
126.5
0
0
0
126.5
0
0
190.5
962.5
126.5
1699.5
879.5
1156.0
126.5
1181.0
0
386.0
0
344.0
0
1536.0
68.0
231.5
0
736.0
424.0
0
302.0
0
68.0
0
659.5
793.0
0
126.5
1044.0
419.5
594.0
0
0
126.5
365.5
126.5
652.0
438.5
0
68.0
829.5
3581.0
407.0
300.5
0
126.5
68.0
138.0
0
0
1490.5
0
0
418.5
928.0
595.0
126.5
0
0
302.0
2248.5
0
1096.5
478.0
179.0
0
0
0
138.0
424.0
0
138.0
0
126.5
686.5
0
1086.0
0
0
0
0
.5
1446.5
0
475.5
2316.0
1009.5
257.0
0
775.5
407.0
230.5
459.5
0
419.5
115.5
790.0
476.0
0
686.5
0
1859.0
126.5
365.5
0
413.0
0
1356.0
4786.0
0
1252.0
126.5
0
0
583.0
0
1305.5
0
424.0
0
1786.0
880.5
0
126.5
68.0
0
721.5
231.5
0
424.0
471.0
0
243.0
508.5
1264.0
359.0
1490.0
0
126.5
0
0
344.0
866.0
0
359.0
126.5
586.0
138.0
0
313.5
1305.5
0
68.0
438.5
138.0
126.5
120.5
2265.5
126.5
0
0
478.0
0
667.5
0
0
461.0
478.0
0
68.0
0
126.5
0
489.5
0
3071.5
0
138.0
296.0
0
582.0

138.0
634.0
0
856.0
1682.0
936.0
0
0
1172.0
656.0
0
0
0
0
138.0
0
2248.0
0
1864.0
1023.5
113.5
0
2217.5
0
183.5
0
126.5
0
0
374.5
0
0
714.5
0
533.0
126.5
0
0
0
68.0
2507.0
944.5
594.0
0
1238.5
931.0
0
0
126.5
0
526.0
138.0
0
438.5
1244.0
489.5
126.5
0
0
302.0
0
0
418.5
581.0
138.0
68.0
0
949.5
2821.0
302.0
0
807.0
0
977.5
0
138.0
478.0
0
0
0
0
508.5
374.5
750.5
68.0
0
1139.0
126.5
0
478.0
0
569.5
359.0
949.5
365.5
348.5
194.5
0
0
0
126.5
0
348.5
0
0
359.0
0
0
.5
289.0
1968.5
243.5
126.5
0
0
419.5
559.5
0
370.5
0
1108.0
0
0
0
126.5
0
1291.5
0
0
0
0
126.5
424.0
721.5
359.0
1667.5
0
138.0
1402.5
418.5
138.0
68.0
253.5
126.5
0
0
0
257.0
2497.0
0
0
233.0
68.0
126.5
138.0
0
316.0
264.5
68.0
0
2263.0
0
0
68.0
0
0
138.0
313.5
0
0
2249.5
138.0
126.5
126.5
2306.0
0
0
576.5
0
593.5
0
126.5
0
497.0
0
786.5
633.0
0
0
0
138.0
0
0
0
569.5

811.0
0
0
1350.0
0
438.5
0
0
68.0
126.5
815.0
365.5
0
0
0
126.5
0
300.5
478.0
0
1.5
419.5
126.5
138.0
68.0
126.5
1507.5
190.5
0
784.0
2049.0
2633.0
0
0
1922.5
0
535.0
0
0
0
533.0
374.5
368.0
0
0
302.0
2533.5
300.5
1537.5
0
0
138.0
126.5
474.5
0
0
0
0
497.0
138.0
652.0
0
0
0
478.0
0
0
374.5
0
2541.0
508.5
435.5
344.0
173.0
1145.5
407.0
0
126.5
1288.0
471.0
0
0
68.0
905.0
138.0
126.5
877.0
0
1085.5
0
0
126.5
359.0
126.5
0
126.5
257.0
0
0
2576.5
289.0
0
242.0
0
1814.0
1621.0
0
0
0
0
0
0
138.0
2411.0
0
0
0
773.5
68.0
126.5
0
507.5
0
0
986.5
419.5
435.5
0
0
126.5
68.0
0
126.5
126.5
521.5
190.5
0
522.5
607.0
1628.5
0
0
0
0
126.5
2177.5
68.0
68.0
0
0
0
857.0
0
0
120.5
0
489.5
0
0
0
0
253.0
179.0
1494.0
0
126.5
231.5
0
418.5
0
812.5
231.5
348.5
115.5
138.0
0
0
138.0
459.5
0
2228.5
126.5
126.5
0
0
5008.5
0
732.0
0
2665.0
359.0
0
489.5
126.5
0
0
3762.0
722.0
0
0
1087.5
190.5
1157.5
0
884.5
659.0
0
0
0
0
768.5
138.0
0
115.5
68.0
231.5
0
0
1160.5
68.0
242.0
3386.0
713.5
0
0
471.0
708.5
0
0
0
418.5
0
459.5
0
300.5
126.5
0
471.0
0
0
0
0
0
138.0
126.5
958.5
0
683.5
0
0
3351.0
370.5
665.0
2498.0
126.5
126.5
600.5
126.5
0
441.5
1014.5
540.5
0
0
516.5
365.5
5378.5
1178.0
824.0
478.0
165.5
0
404.5
0
365.5
138.0
0
0
0
0
0
0
0
0
0
0
595.0
515.5
0
0
126.5
0
359.0
68.0
0
419.5
0
1722.5
68.0
478.0
3832.0
0
1998.5
0
2017.0
1416.5
0
0
592.0
419.5
0
0
1229.5
0
0
1154.5
194.5
1011.5
0
288.0
126.5
0
0
2949.0
0
.0
1458.0
407.0
0
126.5
0
0
126.5
126.5
588.0
0
0
126.5
418.5
0
3537.5
489.5
756.0
0
126.5
704.5
0
126.5
402.0
0
138.0
1109.5
126.5
0
0
126.5
365.5
302.0
138.0
612.5
582.0
0
126.5
0
0
0
0
477.5
374.5
242.0
848.5
126.5
698.5
68.0
591.5
583.0
0
253.5
68.0
300.5
138.0
0
68.0
0
0
344.0
419.5
0
0
386.0
568.5
2041.5
68.0
0
419.5
138.0
126.5
1224.5
0
230.5
0
0
173.0
0
300.5
0
0
0
138.0
126.5
471.0
370.5
68.0
0
2557.5
126.5
138.0
126.5
489.5
692.0
0
761.0
365.5
1146.5
1768.0
68.0
0
1062.5
246.5
0
126.5
0
1450.5
0
707.5
0
68.0
242.0
126.5
0
0
0
126.5
0
533.5
2286.5
0
68.0
0
243.5
0
848.5
0
0
1513.5
0
0
126.5
126.5
844.0
370.5
1225.0
1887.0
2824.0
1273.0
941.5
478.0
68.0
707.0
0
0
0
418.5
478.0
2227.5
126.5
478.0
3643.0
0
826.0
0
138.0
3660.0
0
435.5
68.0
302.0
138.0
775.5
0
289.0
1130.5
0
0
126.5
0
370.5
126.5
0
0
0
0
0
0
126.5
0
126.5
0
1268.5
1160.5
126.5
812.0
0
478.0
3909.5
0
0
704.5
603.0
126.5
0
0
138.0
126.5
0
1219.5
900.5
0
0
478.0
0
0
1993.0
0
0
126.5
253.0
126.5
2089.5
179.0
126.5
1160.0
0
0
0
302.0
0
0
0
0
0
0
0
0
126.5
1086.5
0
126.5
0
899.0
68.0
0
0
1904.5
0
582.0
0
1288.0
0
126.5
68.0
355.5
0
302.0
478.0
126.5
0
0
0
770.0
0
359.0
497.0
0
0
1520.0
867.0
126.5
0
0
878.5
138.0
0
0
424.0
0
359.0
0
0
771.0
359.0
710.5
1962.5
313.5
0
0
126.5
0
0
126.5
0
0
435.5
2258.0
242.0
1279.5
126.5
534.0
0
726.0
126.5
945.5
0
2333.0
0
786.5
0
0
68.0
0
126.5
723.5
115.5
0
0
126.5
0
0
0
126.5
0
128.0
0
126.5
0
0
770.0
3750.0
126.5
68.0
0
0
814.0
424.0
68.0
0
1211.0
911.0
511.0
1930.5
478.0
365.5
0
0
0
138.0
0
0
68.0
0
1303.0
3138.0
0
243.0
0
1043.0
300.5
0
1122.5
2284.5
658.0
0
489.5
0
474.5
348.5
628.5
0
0
0
1917.0
0
0
0
0
0
418.5
68.0
2993.5
126.5
302.0
561.5
138.0
242.0
478.0
607.0
1077.5
0
0
0
438.5
126.5
438.5
0
0
0
253.0
947.0
0
2652.5
3657.0
0
0
478.0
242.0
830.5
302.0
190.5
0
0
0
126.5
0
535.0
4569.5
544.5
629.5
1728.5
0
315.5
0
68.0
401.0
0
0
138.0
1608.5
528.0
799.5
0
126.5
138.0
300.5
68.0
491.5

289.0
126.5
0
0
0
0
0
0
138.0
603.0
0
793.0
138.0
0
407.0
0
0
0
0
126.5
0
0
0
0
126.5
438.5
0
605.5
0
1108.0
0
126.5
1724.0
0
0
368.5
359.0
0
138.0
126.5
0
1646.5
0
535.0
0
126.5
126.5
0
0
1833.5
591.0
0
370.5
0
230.5
809.0
0
0
0
682.0
243.5
68.0
138.0
0
1292.0
186.5
0
126.5
126.5
0
313.5
0
1811.5
138.0
68.0
0
838.5
313.5

0
253.5
424.0
68.0
126.5
523.5
497.0
0
138.0
1037.0
0
0
126.5
138.0
1152.5
470.5
302.0
115.5
0
707.5
1558.5
867.5
1434.5
300.5
427.0
348.5
0
0
0
359.0
243.5
126.5
138.0
0
68.0
0
1022.5
0
478.0
497.0
257.0
126.5
0
0
126.5
327.0
126.5
0
68.0

2175.0
438.5
497.0
419.5
519.5
0
0
126.5
0
0
0
2743.5
126.5
0
872.5
0
1202.0
359.0
0
635.0
138.0
150.0
242.0
0
752.5
68.0
0
0
0
535.0
0
0
126.5
0
0
0
0
0
0
0
253.5
424.0
0
0
0
126.5
472.5
126.5
138.0
535.0
0
0
0
243.5
848.0
0
830.0
0
0
0
.5
0
0
0
478.0
612.5
0
710.5
179.0
0
697.5
0
138.0
344.0
0
424.0
138.0
489.5
68.0
0
0
138.0
0
594.0
0
0
68.0
0
0
0
0
0
0
126.5
138.0
599.5
0
68.0
0
68.0
0
0
.0
0
359.0
0
126.5
68.0
370.5
0
355.5
359.0
686.5
0
0
0
0
996.5
1233.0
0
359.0
126.5

0
0
598.0
0
0
407.0
857.0
138.0
424.0
751.0
126.5
0
126.5
0
868.0
0
0
0
68.0
0
0
253.5
126.5
0
138.0
126.5
0
756.0
2175.0
419.5
1352.5
1450.0
115.5
0
2767.0
639.5
898.5
1184.0
0
0
257.0
897.5
126.5
508.5
905.5
173.0
0
0
1650.5
1170.0
0
0
327.0
230.5
0
68.0
348.5
0
370.5
0
0
0
419.5
138.0
0
1143.5
0
0
68.0
0
0
0
0
0
0
0
359.0
126.5
68.0
0
471.0
168.0
0
138.0
0
126.5
497.0
910.0
848.5
811.0
1101.5
138.0
126.5
0
128.0
172.0
722.0
0
476.0
243.5
623.5
993.0
0
1640.0
0
3.5
138.0
964.0
0
411.0
383.0
0
0
0
0
419.0
1024.0
0
0
1435.0
329.5
0
0
1675.0
126.5
0
0
370.5
0
0
663.5
555.5
1106.5
438.5
0
418.5
548.5
0
0
0
0
138.0
0
0
453.0
407.0
126.5
0
1493.0
0
0
0
68.0
0
0
0
1657.0
960.0
1764.5
1043.0
0
0
603.0
0
717.0
126.5
126.5
0
126.5
126.5
459.5
0
302.0
0
126.5
313.5
0
126.5
0
359.0
0
880.5
68.0
126.5
126.5
386.0
0
257.0
1316.0
302.0
887.5
2041.5
126.5
0
438.5
0
230.5
257.0
190.5
126.5
68.0
0
0
0
1001.5
1097.5
1077.5
0
845.5
0
0
1047.5
68.0
0
497.0
576.5
0
407.0
138.0
435.5
126.5
0
68.0
344.0
0
983.5
459.5
0
0
0
138.0
2052.0
419.5
0
126.5
0
0
790.0
126.5
0
478.0
1366.0
1219.5
68.0
0
0
419.5
0
809.5
0
0
0
179.0
537.0
243.5
0
719.0
846.5
0
0
856.5
138.0
1690.0
1811.5
0
0
471.0
992.0
126.5
348.5
383.0
497.0
126.5
0
68.0
0
355.5
0
0
0
465.0
0
138.0
0
68.0
407.0
0
0
.0
0
0
0
0
913.0
0
126.5
1155.5
0
2133.0
471.0
138.0
126.5
967.0
0
0
0
1029.5
0
1199.0
2959.0
791.5
441.5
0
126.5
0
407.0
138.0
0
846.5
1354.0
458.0
172.0
2606.0
0
0
0
419.5
0
0
0
0
0
1505.5
1342.5
0
126.5
126.5
0
138.0
0
0
0
0
0
220.5
0
0
0
0
0
508.5
0
624.5
0
0
1213.5
0
0
230.5
68.0
1640.0
126.5
0
710.5
0
2923.5
603.5
0
0
2803.5
0
243.5
126.5
1453.5
1070.5
497.0
652.0
126.5
302.0
1254.5
115.5
830.0
1432.0
0
126.5
0
172.0
68.0
126.5
419.5
348.5
983.5
478.0
3015.0
0
1523.5
898.5
1247.0
3498.0
0
126.5
940.0
671.0
1376.5
1089.5
0
0
0
348.5
0
0
0
0
0
2470.5
0
0
2629.5
533.5
0
0
0
126.5

0
138.0
198.0
0
0
1848.5
0
68.0
0
0
68.0
529.0
126.5
459.5
419.5
0
0
253.0
478.0
1850.5
138.0
527.5
672.5
0
0
0
242.0
575.0
0
4452.5
0
706.0
1698.0
289.0
126.5
0
0
126.5
517.5
126.5
1292.5
138.0
0
68.0
138.0
242.0
126.5

0
834.5
1377.0
315.5
138.0
855.0
126.5
0
115.5
0
0
3494.5
0
0
726.0
359.0
768.0
0
1573.5
0
0
0
0
0
126.5
478.0
0
0
0
0
0
68.0
126.5
677.0
0
0
126.5
548.0
595.0
806.5
0
0
0
194.5
1387.0
711.5
2529.5
2315.5
438.5
344.0
1695.5
2009.0
0
68.0
2962.0
2826.5
2369.0
126.5
302.0
0
68.0
1387.5
478.0
641.5
497.0
0
0
790.0
0
0
0
.5
0
138.0

0
0
0
634.0
0
0
126.5
0
0
0
355.5
0
0
868.0
0
126.5
0
0
0
355.5
686.5
0
126.5
0
652.0
0
68.0
194.5
0
1151.5
0
126.5
982.0
537.0
370.5
2135.5
2959.0
0
0
0
365.5
0
0
0
516.5
794.5
407.0
0
.5
0
546.0
0
0
1775.0
424.0
0
1310.0
0
407.0
243.0
594.0
0
0
0
68.0
0
539.5
415.5
126.5
604.0
3167.5
126.5
3186.0
3166.0
390.5
1025.5
0
0
775.5
0
138.0
138.0
489.5
0
0
418.5
869.0
0
1711.5
138.0
0
424.0
302.0
849.5
860.0
68.0
0
0
0
3134.0
126.5
0
2643.0
435.5
0
1006.5
627.5
0
3671.0
243.5
300.5
0
2693.0
956.0
0
0
0
0
126.5
0
459.5
2143.5
126.5
0
0
68.0
0
1104.5
0
138.0
0
686.5
0
0
1275.0
0
0
68.0
0
0
0
636.0
126.5

0
1238.5
0
2772.5
0
2285.5
0
231.5
138.0
126.5
0
0
2014.5
498.5
0
.0
370.5
3709.0
1889.0
0
583.0
0
1960.0
0
0
0
1575.0
0
0
2068.5
1232.0
0
126.5
508.5
1181.0
0
2620.0
0
126.5
1688.5
1449.5
1017.0
0
717.0
126.5
938.0
1784.5
4542.0
3707.0
0
478.0
2279.5
0
4726.0
848.5
4047.0
0
0
588.0
508.5
1795.5
789.0
0
506.5
0
0
0
0
2086.0
438.5
0
4221.0
0
0
0
2142.5
0
0
0
1442.5
0
126.5
0
0
126.5
2139.0
0
1242.5
0
.0
0
370.5
0
0
790.0
0
438.5
0
126.5
424.0
2866.0
3252.0
0
0
0
126.5
0
2065.0
707.5
126.5
138.0
2190.0
0
1285.5
68.0
0
0
757.0
745.0
1113.5
138.0
0
1032.5
2662.5
478.0
0
126.5
138.0
0
0
68.0
3192.5
1127.0
0
740.0
0
2078.5
126.5
868.0
538.0
0
2311.5
489.5
1488.0
793.0
407.0
3322.5
471.0
0
576.5
0
1695.0
126.5
0
5127.5
0
0
618.5
0
0
0
0
68.0
0
0
0
1364.0
0
0
471.0
1453.0
0
0
348.5
638.5
1147.0
3188.5
0
138.0
374.5
0
2267.5
0
0
126.5
0
3774.0
0
0
656.5
659.5
0
0
886.5
1469.0
0
419.5
0
0
1936.5
0
0
0
0
2716.0
0
0
126.5
365.5
0
516.5
1409.5
0
0
1.0
1436.5
0
2481.0
0
0
3711.5
841.5
0
0
0
0
792.5
546.0
68.0
0
794.5
68.0
1194.0
355.5
848.5
0
467.0
0
0
68.0
0
1582.5
497.0
771.0
0
1410.0
3842.0
489.5
983.5
0
0
0
704.5
0
0
0
.0
198.0
0
0
0
548.5
126.5
243.5
2581.0
0
0
478.0
2368.0
601.0
0
1536.0
646.0
2785.5
126.5
1858.5
1070.5
138.0
418.5
126.5
976.5
812.0
2642.0
419.5
2734.0
138.0
0
0
128.0
0
0
653.5
419.5
566.5
0
120.5
138.0
419.5
0
1262.5
1025.5
1433.0
0
0
719.0
717.0
0
0
138.0
0
968.5
2340.0
363.5
612.5
1447.5
0
126.5
0
0
126.5
3433.5
0
0
0
0
0
374.5
0
2740.0
3874.0
0
0
0
0
115.5
344.0
860.0
316.0
126.5
0
0
1053.0
0
0
0
0
1325.5
0
0
419.0
0
0
0
0
393.0
0
396.0
1452.0
0
1054.5
2379.5
126.5
138.0
0
0
0
478.0
126.5
0
0
0
3377.0
126.5
905.5
458.0
4089.0
348.5
405.5
424.0
0
0
1515.5
0
1039.5
0
438.5
313.5
0
951.0
0
0
0
3472.0
1517.5
964.5
478.0
0
0
695.5
407.0
1104.0
3045.5
810.0
0
0
0
1011.0
448.0
459.5
588.5
841.0
3022.5
0
0
.5
0
0
0
1813.0
0
1983.5
302.0
478.0
2555.5
0
242.0
126.5
656.5
0
1941.5
0
537.0
370.5
0
790.0
0
1844.5
652.0
0
0
383.0
257.0
344.0
497.0
359.0
0
419.5
0
2092.0
0
126.5
595.0
2137.0
575.0
0
453.0
0
497.0
2963.0
478.0
0
0
880.5
0
0
242.0
0
3147.0
418.5
315.5
0
435.5
355.5
0
.0
365.5
2672.0
0
0
0
0
183.5
0
0
0
1339.0
3472.5
138.0
1697.0
257.0

800.0
0
1760.5
1327.0
126.5
0
2222.0
0
0
0
745.0
448.5
126.5
0
0
1392.0
126.5
583.0
0
599.5
126.5
613.5
0
0
0
435.5
1035.5
4659.0
0
2850.5
946.0
0
478.0
0
0
892.5
0
957.0
892.0
0
1225.0
777.5
752.5
0
3188.0
419.0
2630.5
0
489.5
138.0
0
0
2025.5
0
0
0
1238.0
0
68.0
505.0
0
424.0
569.5
719.0
1426.0
0
3.5
2253.5
206.0
0
586.5
115.5
0
0
0
811.0
971.5
315.5
1192.5
0
666.5
344.0
0
996.0

2581.0
2003.0
0
0
0
653.5
0
0
0
2629.5
138.0
1664.0
0
894.0
508.5
2362.5
0
0
0
0
253.5
419.5
2625.0
643.5
0
478.0
692.0
822.5
365.5
2419.0
4811.5
0
424.0
68.0
68.0
365.5
0
0
0
478.0
0
0
1575.0
0
183.5
0
0
1571.0
289.0
0
126.5
0
0
0
0
359.0
68.0
0
0
68.0
138.0
0
0
115.5
0
3191.0
126.5
424.0
0
138.0
755.5
0
2722.0
0
126.5
183.5
1955.0
1735.5
0
0
0
0
0
3597.5
0
365.5
0
417.5
2125.5
0
2722.5
3382.0
138.0
832.0
2135.0
508.5
1127.5
2684.0
3151.5
2547.5
0
0
0
0
0
0
424.0
0
0
68.0
0
0
1262.5
0
707.5
0
365.5
0
0
0
0
557.0

126.5
365.5
138.0
365.5
2293.5
3799.5
3123.0
0
126.5
2626.0
0
522.5
0
0
608.0
0
407.0
138.0
690.5
2841.5
0
790.0
2458.0
126.5
138.0
1473.5
0
1289.5
0
0
0
0
359.0
0
0
0
0
0
0
497.0
0
0
1162.5
0
126.5
348.5
0
0
0
0
0
0
68.0
0
3032.0
173.0
0
0
0
0
0
68.0
3095.5
0
0
953.0
0
0
120.5
0
0
1019.0
0
359.0
2420.0
126.5
4136.5
302.0
0
2635.0
964.5
126.5
478.0
3453.5
2625.5
478.0
2381.0
1127.0
0
0
0
126.5
0
0
68.0
0
0
0
1442.5
521.5
0
68.0
0
126.5
4855.5
459.5
126.5
300.5
0
126.5
0
0
794.5
68.0
179.0
0
2913.5
3358.5
0
419.5
0
2139.0
126.5
0
0
0
0
183.5
666.5
1203.5
0
.5
1214.0
653.0
3743.5
0
946.0
264.5
0
489.5
1075.0
0
453.5
1651.5
0
0
0
1067.5
264.5
374.5
1503.5
813.5
68.0
412.0
0
471.0
1835.5
0
0
243.5
1719.5
1501.5
435.5
408.5
1923.5
0
68.0
595.0
0
2551.5
0
0
0
126.5
2077.5
68.0
243.0
0
2204.0
0
489.5
68.0
359.0
0
126.5
126.5
1459.5
464.0
3077.5
1516.0
467.0
0
478.5
0
0
0
478.0
435.5
908.0
2352.0
441.5
0
0
0
1744.5
1046.5
126.5
2542.0
2881.5
0
348.5
0
891.5
2771.0
138.0
0
138.0
0
418.5
68.0
0
1073.0
138.0
0
138.0
126.5
126.5
478.0
115.5
183.5
138.0
0
0
2225.0
0
138.0
0
3405.5
3087.0
508.5
138.0
419.5
1316.0
126.5
0
516.5
0
2124.5
2112.5
0
2067.5
126.5
1519.5
1541.0
0
3529.0
0
0
0
126.5
929.5
302.0
172.0
0
1106.5
0
964.0
0
1579.0
128.0
128.0
3169.5
0
0
1853.5
435.5
126.5
0
243.5
1831.0
419.5
0
1734.0
0
2986.0
2774.0
4296.5
534.5
126.5
264.5
0
138.0
0
138.0
0
0
0
0
359.0
1220.0
1367.5
0
126.5
401.0
126.5
0
1588.0
889.0
1075.0
2828.0
2244.5
126.5
126.5
138.0
3628.5
115.5

402.0
0
315.5
68.0
0
0
0
842.5
0
173.0
0
1038.0
2925.5
138.0
534.5
0
1595.5
0
1678.5
344.0
2338.5
0
365.5
575.0
991.0
940.0
648.5
0
648.5
1342.0
419.5
521.5
1258.5
700.0
0
288.0
126.5
0
0
0
0
359.0
0
478.0
1333.0
289.0
0
0
586.5
478.0
0
1156.5
497.0
2958.0
138.0
370.5
775.5
0
0
0
1908.5
4402.0
1051.5
0
1986.0
964.0
0
424.0
753.5
0
0
0
374.5
809.0
419.5
0
0
529.0
0
0
424.0
0
344.0
138.0
0
0
126.5
1271.5
0
857.0
1361.5
0
467.0
0
985.5
302.0
0
183.5
183.5
880.0
0
0
0
0
0
1145.0
0
0
1810.0
0
1138.0
324.5
471.0
0
0
136.0
138.0
0
0
0
0
126.5
2207.5
630.5
3253.0
0
519.5
332.0
68.0
0
1519.5
0
302.0
126.5
126.5
126.5
1561.0
1096.5
126.5
0
2946.5
1056.5
0
401.0
0
0
0
986.0
686.5
0
1848.0
383.0
0
243.5
0
1003.5
126.5
183.5
257.0
1228.5
0
3373.0
551.0
419.5
0
0
0
2935.5
0
341.0
0
0
289.0
0
0
1211.5
508.5
68.0
1110.5
569.5
0
1208.5
289.0
901.0
0
0
0
4187.5
1146.0
0
0
186.5
126.5
68.0
2513.5
640.5
0
3189.0
0
533.0
230.5
183.5
0
0
289.0
383.0
1621.5
126.5
0
1661.5
1675.0
0
478.0
762.0
453.5
774.5
497.0
0
0
0
899.0
0
138.0
0
671.0
880.5
452.0
0
0
837.5
0
138.0
3736.5
829.5
419.5
0
365.5
183.5
867.5
359.0
0
0
138.0
0
833.5
0
0
0
0
0
672.5
1443.5
516.5
419.5
0
0
0
0
0
0
828.0
438.5
0
794.5
194.5
0
0
0
126.5
126.5
0
0
.0
138.0
0
0
465.0
0
2869.0
737.5
0
1369.0
68.0
0
0
68.0
2473.0
927.5
2293.5
138.0
1286.5
459.5
253.0
0
0
289.0
0
126.5
0
471.0
359.0
1024.0
2583.0
0
438.5
0
1137.0
3420.0
0
1795.0
860.0
126.5
0
2803.5
962.5
406.0
1751.5
0
424.0
0
0
0
0
0
4230.5
1885.5
1039.5
0
1809.0
0
243.5
478.0
2385.5
257.0
0
0
302.0
1347.0
0
0
355.5
0
424.0
1378.5
1456.0
383.0
0
0
0
0
419.5
1200.5
0
0
0
0
2352.0
138.0
126.5
1345.0
793.0
1390.0
126.5
0
614.0
535.0
0
0
419.5
0
5425.0
138.0
257.0
1397.0
3913.5
557.0
344.0
374.5
0
0
2918.5
0
0
289.0
2515.5
2077.5
0
2815.0
0
68.0
821.0
0
617.0
0
0
0
386.0
138.0
0
0
1546.0
1990.5
0
68.0
302.0
126.5
0
0
0
1732.0
126.5
934.0
769.5
0
138.0
0
667.0
126.5
0
1086.0
698.5
302.0
126.5
126.5
302.0
0
0
0
0
987.0
1322.0
652.0
0
0
1733.0
775.5
595.0
0
700.0
833.5
243.5
582.5
435.5
478.0
424.0
0
68.0
302.0
0
338.0
0
997.0
991.0
0
1707.0
2948.5
0
832.0
0
0
359.0
0
115.5
0
0
0
0
0
2490.0
478.0
365.5
3163.0
1297.5
2326.0
529.0
0
945.0
1778.5
1101.5
0
0
1803.5
1452.0
0
700.0
0
0
2595.0
126.5
787.5
3114.0
1067.0
0
2862.5
438.5
0
594.0
0
327.0
0
2951.0
0
2185.5
0
1085.5
0
126.5
0
126.5
126.5
0
179.0
1974.0
1160.0
790.0
476.0
1469.5
126.5
3401.5
838.5
0
1218.0
138.0
478.0
0
1157.5
0
2886.0
0
745.0
4130.5
175.5
173.0
0
0
2082.5
0
0
419.5
0
1142.5
0
0
68.0
534.0
126.5
0
0
194.5
714.5
0
686.0
1160.0
1945.5
2340.5
2028.5
2035.5
0
0
0
1425.0
419.5
0
419.5
891.0
0
0
0
0
3236.0
0
791.0
1562.5
424.0
1340.0
243.0
0
3200.0
717.0
2433.5
0
68.0
505.0
478.0
313.5
126.5
0
0
0
126.5
653.0
0
4307.5
1247.0
640.5
2142.5
0
4934.0
126.5
0
0
573.0
4312.0
2588.5
478.0
0
1560.5
355.5
0
0
138.0
0
0
3182.0
2581.0
1546.5
419.5
0
2040.0
0
0
573.5
0
126.5
0
539.5
370.5
827.5
126.5
0
300.5
0
1253.0
2719.0
2612.0
0
1664.0
0
126.5
0
0
1542.0
861.0
1310.0
68.0
68.0
0
289.0
0
0
0
0
0
2200.5
138.0
138.0
0
0
1251.5
126.5
1814.0
68.0
0
0
2567.0
126.5
0
344.0
0
435.5
0
1093.5
0
2530.0
0
0
0
126.5
868.0
0
68.0
0
0
0
0
0
126.5
778.5
1028.0
1190.5
0
0
0
0
407.0
0
1745.5
459.5
2390.5
1899.0
138.0
419.5
0
419.5
1621.5
0
0
5013.5
2214.0
0
126.5
0
521.5
1223.0
0
0
0
0
138.0
0
0
891.0
126.5
68.0
0
2054.5
0
777.5
0
616.0
0
0
1421.5
0
812.0
243.5
0
138.0
851.5
0
126.5
126.5
138.0
806.0
359.0
577.5
0
0
0
497.0
68.0
243.5
441.5
68.0
0
0
0
0
1051.0
0
0
0
68.0
0
856.5
0
887.0
126.5
583.0
126.5
0
975.0
0
0
1249.0
3141.0
0
0
0
424.0
474.5
1218.0
2977.0
126.5
183.5
126.5
1420.0
0
0
0
0
0.5
478.0
126.5
419.5
516.5
0
1155.5
0
0
243.5
126.5
0
2020.5
0
0
0
7.0
758.5
0
0
622.5
0
1830.0
0
0
257.0
848.5
0
0
138.0
128.0
809.0
243.0
0
0
0
374.5
0
126.5
0
1500.5
895.0
0
419.5
68.0
126.5
407.0
341.0
315.5
0
172.0
1286.5
0
0
0
1103.5
68.0

0
0
1256.0
0
126.5
370.5
0
0
459.5
2255.5
952.5
1698.0
497.0
2590.0
0
0
401.0
126.5
0
1525.0
576.5
3367.5
348.5
1157.5
830.5
458.0
231.0
0
0
1052.0
0
1075.0
2691.5
126.5
1822.0
438.5
126.5
1192.5
0
591.5
0
0
489.5
0
2828.5
126.5
3774.0
0
374.5
633.5
598.0
0
1256.0
1861.0
419.5
0
551.0
0
120.5
0
478.0
0
289.0
0
0
355.5
231.5
2032.0
374.5
1179.5
710.5
424.0
183.5
0
0
172.0
0
68.0
1047.0
0
0
830.0
0
0
0
138.0
128.0
0
138.0
508.5
793.0
0
0
0
771.0
126.5
0
453.5
68.0
136.0
0
1814.5
2679.5
0
524.0
0
0
179.0
725.0
0
0
0
471.0
138.0
0
68.0
0
841.0
0
0
0
0
257.0
1838.5
138.0
1554.5
0
806.0
0
0
641.5
0
1476.0
419.5
2372.0
0
424.0
1207.5
0
0
257.0
68.0
0
0
126.5
883.5
0
359.0
0
781.0
0
1914.0
231.0
0
0
68.0
954.0
0
0
0
68.0
1905.0
0
8.0
1613.5
0
0
0
0
576.5
0
0
478.0
775.5
0
2834.5
300.5
68.0
68.0
0
478.0
138.0
0
138.0
0
0
968.5
1250.0
2682.5
359.0
0
126.5
68.0
68.0
2367.0
0
1442.0
68.0
0
126.5
0
138.0
346.0
0
68.0
0
126.5
0
.5
126.5
0
0
0
2626.0
302.0
1885.0
0
120.5
0
1995.0
68.0
1037.0
126.5
418.5
0
921.5
344.0
459.5
0
1362.5
843.0
68.0
841.0
1805.0
0
186.5
508.5
138.0
0
0
0
736.0
0
126.5
0
478.0
0
438.5
0
0
0
.5
0
138.0
316.0
383.0
2623.5
0
242.0
0
0
686.5
231.5
0
0
0
0
126.5
126.5
419.5
348.0
2036.5
138.0
476.0
0
807.0
733.0
0
.5
126.5
0
1465.0
0
771.0
0
700.0
0
300.5
0
4182.5
640.5
348.5
1972.0
419.5
126.5
2233.0
497.0
0
1969.0
0
1193.5
2755.5
3256.0
0
1614.0
126.5
0
729.5
355.5
0
419.5
365.5
0
884.0
4895.5
367.5
2679.5
0
0
138.0
2197.0
569.5
138.0
879.0
0
672.5
236.0
0
0
617.0
0
126.5
0
1858.0
68.0
183.5
348.5
0
598.0
441.5
68.0
0
0
183.5
0
586.5
126.5
253.0
652.0
0
0
3275.5
0
68.0
0
1635.5
2207.0
126.5
3922.5
0
0
1810.0
0
0
0
173.0
365.5
0
0
736.0
138.0
1553.0
300.5
968.5
0
68.0
0
0
0
0
68.0
138.0
126.5
0
797.0

964.0
0
0
0
1220.0
563.5
190.5
841.0
0
419.5
0
0
68.0
0
1565.0
0
0
126.5
2036.0
0
0
183.5
0
0
768.5
740.0
396.0
172.0
0
1130.0
1583.5
740.0
126.5
0
128.0
0
0
0
0
413.0
419.5
0
814.0
554.0
370.5
390.5
126.5
1294.5
2009.0
1595.0
2705.0
68.0
0
1605.5
243.5
519.5
0
0
900.0
365.5
0
0
348.5
868.0
230.5
0
68.0

830.0
1947.5
0
126.5
126.5
722.0
417.5
0
138.0
703.5
822.5
264.5
190.5
0
407.0
2924.0
471.0
0
0
516.5
190.5
1182.5
1086.0
790.0
1461.0
0
.0
179.0
438.5
497.0
0
419.5
1218.5
0
115.5
407.0
1425.0
999.5
0
128.0
0
604.5
710.5
1811.0
700.0
814.5
126.5
126.5
1005.5
242.0
68.0
438.5
1067.0
0
327.0
68.0
0
300.5
0
68.0
0
653.5
0
126.5
2766.5
0
0
138.0
2229.5
68.0

0
126.5
0
0
0
1310.0
0
0
1014.5
418.5
126.5
734.0
115.5
126.5
126.5
3108.0
0
0
120.5

1597.0
407.0
2873.5
291.0
0
126.5
0
809.5
126.5
231.5
68.0
459.5
183.5
120.5
407.0
126.5
1005.0
126.5
0
0
0
622.0
459.5
126.5
138.0
0
764.5
2497.5
138.0
0
1643.5
344.0
68.0
2307.5
126.5
0
0
0
0
0
359.0
0
1086.0
68.0
138.0
0
1236.5
726.0
581.0
126.5
126.5
0
458.0
0
0
471.0
2159.0
0
0
1611.5
565.0
0
0
1593.0
1637.5
315.5
1002.5
126.5
1344.5
0
126.5
835.0
1050.5
0
0
0
126.5
0
752.5
0
523.5
0
0
0
1460.0
1898.5
0
0
138.0
1691.5
0
359.0
1555.0
0
1807.0
1678.0
1298.0
667.5
0
0
243.5
126.5
1352.5
126.5
126.5
561.0
1450.5
126.5
0
753.5
128.0
3116.5
126.5
418.5
1433.5
591.5
2027.5
407.0
0
3053.5
0
1035.0
478.0
719.0
1278.5
0
0
607.0
3037.5
1647.0
3996.0
0
1239.0
758.5
0
0
3477.0
0
506.5
0
533.0
424.0
441.5
0
2303.0
2311.5
1282.0
0
0
120.5
489.5
0
0
0
0
419.5
2792.5
0
1381.0
300.5
126.5
0
0
0
700.0
0
4061.5
0
0
965.5
3576.5
0
2183.5
0
0
0
548.0
0
1894.0
300.5
0
0
68.0
0
0
0
3337.5
1043.5
529.0
1219.0
68.0
1110.0
2850.0
68.0
938.0
0
68.0
0
126.5
0
242.0
586.5
0
0
0
0
489.5
126.5
126.5
0
138.0
809.5
478.0
0
68.0
3674.0
1431.5
242.0
0
0
126.5
1161.0
418.5
327.0
1044.5
900.0
68.0
492.0
652.0
0
6.5
0
0
0
126.5
0
183.5
243.0
541.0
961.0
115.5
458.0
516.5
446.0
126.5
68.0
1157.5
68.0
0
7.5
1015.0
0
0
370.5
1526.5
138.0
0
0
4763.5
0
884.5
332.0
68.0
257.0
0
0
945.0
407.0
126.5
3048.5
0
0
0
0
4.0
126.5
0
0
1092.0
126.5
138.0
0
0
0
8.0
4129.5
0
2293.5
1500.5
0
68.0
120.5
0
115.5
0
0
1354.5
0
138.0
1055.0
1565.5
138.0
478.0
0
459.5
575.0
243.5
2275.5
722.0
595.0
0
419.5
2666.5
3828.0
1162.0
2126.0
4125.5
2879.0
2630.0
0
1258.0
0
583.0
680.5
138.0
680.5
3159.5
0
0
3458.5
508.5
822.5
848.5
2294.5
126.5
582.5
716.0
865.5
1722.5
0
126.5
0
0
3556.5
0
.5
658.5
194.5
438.5
435.5
126.5
787.0
126.5
0
0
0
960.0
0
0
355.5
471.0
68.0
0
0
4190.0
138.0
198.0
68.0
2129.0
0
126.5
138.0
1024.0
243.0
860.0
0
126.5
0
1778.5
829.5
4094.5
0
751.5
3887.5
218.5
327.0
0
1438.0
1030.5
459.5
0
0
0
0
0
1013.5
830.0
126.5
3582.0
1225.0
2943.5
419.5
383.0
583.0
0
407.0
419.5
2592.5
68.0
852.5
0
68.0
1828.5
243.5
138.0
126.5
2516.0
1815.5
1150.0
859.5
3100.5
897.0
1795.0
68.0
302.0
333.0
68.0
0
478.0
313.5
0
1254.0
0
126.5
1524.5
3430.5
885.5
0
686.0
1316.5
0
0
489.5
0
761.0
138.0
775.5
812.5
424.0
1346.0
2330.0
848.5
471.0
0
438.5
0
524.5
2598.0
1518.0
533.0
183.5
1633.5
607.0
865.0
1463.5
1220.0
230.5
1618.0
138.0
1327.0
1522.5
68.0
0
0
474.5
2738.5
4816.0
0
1076.5
126.5
1035.0
542.0
1352.5
0
68.0
0
383.0
253.5
511.0
289.0
5773.5
0
1776.5
68.0
2637.5
68.0
582.5
405.5
1314.5
0
126.5
760.0
0
313.5
365.5
230.5
1213.5
764.5
68.0
1374.0
0
126.5
1303.0
68.0
1801.0
2789.0
126.5
3097.5
0
497.0
68.0
1067.5
3556.5
478.0
0
2439.5
0
550.0
243.5
789.0
316.0
478.0
183.5
615.5
1720.0
663.0
2293.5
535.0
3122.5
138.0
595.0
529.0
486.0
0
0
0
1915.0
2962.5
138.0
828.5
419.5
0
418.5
0
68.0
2480.5
761.0
0
68.0
0
467.0
365.5

0
2390.5
300.5
834.5
648.5
576.5
0
2005.5
68.0
1012.0
2427.0
0
1100.5
1121.5
0
401.0
126.5
930.5
0
0
0
2433.5
1461.0
0
435.5
1595.0
3392.5
0
582.0
508.5
257.0
775.5
138.0
533.0
0
0
2.0
0
962.0
1149.0
0
0
0
758.5
1583.0
126.5
0
478.0
653.5
717.0
68.0
126.5
0
3015.0
758.5
1146.0
136.0
68.0
2778.5
2035.5
2486.0
138.0
0
126.5
126.5
138.0
790.0
0
650.5
2628.0
3738.0
750.5
4207.5
0
668.0
734.0
0
1179.5
413.0
438.5
138.0
68.0
3372.0
0
115.5
138.0
1700.0
1545.0
816.0
0
0
435.5
0
0
138.0
0
1115.0
653.5
126.5
1537.5
1564.0
739.0
68.0
68.0
4547.0
0
1375.5
0
3749.5
3310.0
2587.5
0
471.0
233.0
1368.5
302.0
0
0
68.0
348.5
2319.0
1547.0
419.5
0
1443.5
0
0
138.0
2350.5
478.0
2505.5
0
0
1003.5
68.0
0
3457.5
0
775.0
467.0
2039.5
424.0
0
640.5
0
315.5
438.5
407.0
790.0
2043.0
253.5
1638.5
359.0
68.0
0
.5
419.5
401.0
253.5
126.5
128.0
419.5
2411.0
0
646.0
355.5
0
1536.5
0
1381.0
2103.5
656.5
138.0
138.0
663.0
126.5
0
418.0
2712.5
692.0
0
355.5
68.0
138.0
0
172.0
68.0
126.5
365.5
535.0
0
997.5
715.0
1762.5
0
0
243.5
0
136.0
1449.5
928.0
712.5
1243.0
359.0
126.5
0
126.5
0
359.0
3142.0
68.0
401.0
453.0
2255.0
313.5
0
257.0
2963.5
0
0
0
183.5
1178.0
3640.5
0
0
0
0
546.0
0
2102.5
3224.0
341.0
0
128.0
0
68.0
362.0
126.5
126.5
3344.5
68.0
0
4027.5
126.5
419.5
179.0
316.0
126.5
68.0
68.0
68.0
1018.0
243.0
150.0
68.0
0
0
173.0
0
1539.0
2984.5
0
418.5
2594.0
522.5
0
.5
242.0
0
0
68.0
68.0
753.5
695.5
1528.5
126.5
834.5
0
0
2582.5
68.0
0
285.5
0
2120.0
229.0
424.0
901.0
3107.0
3030.5
0
344.0
68.0
0
138.0
186.5
656.0
2115.5
348.5
489.5
2804.0
438.5
623.0
546.0
68.0
489.5
656.5
68.0
489.5
2068.0
0
0
68.0
0
126.5
0
2266.0
478.0
667.5
460.5
1108.0
1377.0
0
4235.0
2909.5
0
0
856.0
1186.0
828.5
1813.0
0
0
0
138.0
0
0
0
0
1642.0
588.0
1590.0
138.0
3422.0
183.5
128.0
1102.0
68.0

231.5
254.5
126.5
777.5
0
1421.0
0
0
3913.0
138.0
438.5
243.5
2065.0
1563.5
0
365.5
860.0
0
1084.0
2364.5
0
0
138.0
2861.5
0
0
733.0
0
478.0
1003.0
637.0
1471.5
0
767.5
0
595.0
758.5
471.0
2238.5
126.5
1200.0
841.5
0
0
2727.0
2028.0
508.5
771.0
1987.5
68.0
1175.0
68.0
0
0
2897.0
2101.5
533.0
383.0
2729.5
1216.5
630.5
329.5
1889.5
0
0
3598.0
68.0
138.0
3008.5
0
3077.5
0
344.0
383.0
126.5
778.0
703.5
0
0
438.5
243.5
2484.5
769.0
885.0
0
138.0
0
0
1362.0
126.5
1062.0
0
1581.0
2046.0
1286.5
383.0
3263.0
419.5
172.0
418.5
0
2053.0
383.5
290.5
2915.5
1381.5
0
198.0
230.5
68.0
177.0
68.0
1527.0
884.5
4509.0
0
1106.5
68.0
1388.0
68.0
2150.0
653.5
0
0
242.0
2225.5
3034.0
1087.5
0
0
68.0
68.0
3856.0
692.0
2418.5
741.0
0
365.5
138.0
253.5
1066.0
2242.0
2218.0
1661.5
1458.0
752.5
863.5
2997.0
386.0
1396.0
1218.0
0
0
0
0
558.5
0
302.0
1073.5
126.5
1335.5
1441.5
1507.5
438.5
0
951.5
302.0
68.0
1996.5
68.0
0
68.0

418.5
138.0
0
374.5
1024.0
68.0
0
991.0
0
478.0
138.0
419.5
183.5
458.0
1018.5
419.5
476.5
0
1200.5
68.0
68.0
0
1389.0
2381.5
231.5
68.0
4896.5
68.0
359.0
407.0
0
231.5
900.0
577.5
338.5
736.0
115.5
2698.5
0
1154.5
2629.0
435.5
863.5
138.0
0
243.5
3928.5
2071.5
902.5
4516.5
0
126.5
1635.0
68.0
126.5
671.0
0
2875.0
0
0
881.5
138.0
68.0
639.5
3873.0
128.0
1971.0
1165.0
0
126.5
1042.5
68.0
419.5
68.0
1102.0
126.5
607.0
0
687.5
438.5
738.5
0
2703.0
2335.5
667.5
115.5
128.0
316.0
1475.5
994.0
1887.5
511.0
374.5
1073.5
1455.5
1148.0
3206.5
4386.0
0
1948.5
68.0
0
1689.5
1127.5
3238.5
68.0
923.0
136.0
126.5
2415.5
0
1253.5
1142.0
2166.5
0
407.0
126.5
438.5
1089.0
68.0
126.5
126.5
869.0
0
1718.0
1228.5
640.5
703.0
489.5
489.5
0
126.5
976.0
3659.5
68.0
2390.5
1365.0
2687.0
2108.5
3162.0
0
2688.0
419.5
0
68.0
1318.0
374.5
1003.5
3052.5
1024.5
1028.5
183.5
2954.5
3284.5
68.0
1157.5
0
183.5
1197.0
659.5
895.5
302.0
285.5
1406.5
0
2458.0
0
0
980.5
126.5
424.0
3513.0
1615.0
3365.0
126.5
3949.5
1024.5
68.0
1127.0
2581.0
668.0
243.5
365.5
2475.0
2885.0
348.5
0
458.0
138.0
583.0
126.5
3965.5
1168.0
1003.5
68.0
1406.5
0
138.0
0
0
68.0
365.5
0
0
2803.0
1449.0
707.0
3611.0
1010.0
1048.0
1230.5
401.0
68.0
2975.0
1354.0
358.5
1972.5
1699.5
1146.0
463.0
678.5
0
3398.5
0
1023.5
0
934.0
126.5
459.5
1342.0
1498.0
0
0
5098.0
419.5
1985.0
1853.5
0
1404.0
120.5
183.5
1644.5
126.5
2417.5
0
126.5
1119.0
1525.0
1323.0
370.0
659.5
829.5
0
681.0
126.5
126.5
68.0
901.0
774.5
365.5
2202.0
2470.0
365.5
1467.0
408.5
126.5
757.0
2545.5
1532.0
1400.0
753.5
183.5
548.5
1167.5
2411.0
756.5
419.5
1241.0
1050.5
736.0
2900.0
438.5
5747.0
68.0
1500.5
837.5
3431.0
126.5
794.5
2366.0
1552.5
1073.0
479.5
313.5
68.0
288.0
850.0
478.0
233.0
68.0
1680.5
879.0
424.0
463.5
2664.0
1227.0
1847.5
0
2233.5
1231.0
0
651.0
794.0
789.5
3496.5
300.5
0
0
3586.0
1920.0
0
987.5
186.5
1008.0
138.0
2389.0
407.0
736.0
2451.5
243.5
1525.5
300.5
1107.0
3101.0
183.5
0
327.0
811.0
0
138.0
355.5
0
3626.5
2087.0
126.5
68.0
465.0
1404.5
138.0
1273.5
466.0
1151.5
0
355.5
719.0
0
918.0
0
222.5
0
257.0
872.0
471.0
1274.5
0
418.5
0
569.0
541.0
497.0
1422.5
3713.5
424.0
3452.5
608.5
702.5
138.0
365.5
0
300.5
2320.5
0
3141.0
401.0
1267.5
1090.0
0
300.5
68.0
68.0
348.5
463.0
4027.0
914.0
470.5
3664.5
1498.0
173.0
68.0
126.5
2751.0
671.0
126.5
68.0
3567.0
0
0
2309.5
68.0
758.5
0
753.5
2017.5
341.5
315.5
68.0
68.0
920.5
593.5
0
68.0
383.0
2000.5
2852.0
3046.0
700.0
0
734.5
1329.0
689.5
2752.5
128.0
0
401.0
1019.0
1001.0
1109.5
2179.5
0
0
2716.5
138.0
300.5
359.0
489.5
138.0
0
68.0
365.5
3596.5
508.5
1652.0
2796.5
138.0
1223.0
0
359.0
419.5
138.0
359.0
478.0
138.0
2754.0
1167.0
0
1509.5
0
68.0
459.5
126.5
1686.5
729.5
2701.0
478.0
528.0
471.0
2196.0
68.0
357.0
0
453.5
516.5
1038.0
126.5

0
1649.0
231.5
401.0
300.5
300.5
1453.0
624.0
68.0
126.5
0
3798.5
438.5
4590.5
126.5
0
1066.5
879.5
0
1141.5
115.5
2806.0
758.5
637.0
0
126.5
126.5
424.0
1542.0
0
3981.0
68.0
1445.5
751.0
2600.0
480.5
535.0
1145.0
704.5
183.5
68.0
497.0
68.0
68.0

3277.0
700.0
0
126.5

68.0
478.0
867.0
183.5
68.0
841.0
424.0
0
0
383.0
419.5
1777.5
1071.0
0
1754.5
316.0
653.0
478.0
831.0
2361.5
365.5
0
1606.0
348.5
1658.5
435.5
4779.0
401.0
1226.5
4632.5
839.5
0
841.0
0
.0
302.0
138.0
3848.5
1423.5
1354.5
1450.5
68.0
489.5

3480.0
650.0
698.5
827.5
126.5
2280.0
68.0
0
1811.0
68.0
138.0
901.5
2600.0
0
126.5
841.0
68.0
68.0
0
68.0
126.5
407.0
126.5
2876.5
470.5
0
0
1086.5
734.5
2994.0
3365.5
68.0
3888.5
68.0
695.5
68.0
419.5
0
0
68.0
1200.5
365.5
2890.0
68.0
68.0
1229.0
0
1090.0
348.5
734.5
0
1399.5
787.0
742.0
1513.0
874.0
194.5
0
633.0
2882.5
1592.5
419.5
787.0
441.5
126.5
407.0
126.5
179.0
2857.0
681.5
1395.5
401.0
831.5
929.5
126.5
126.5
1829.0
1034.0
1471.0
1975.0
183.5
0
1176.5
561.5
138.0
925.0
0
599.5
68.0
1332.0
948.5
478.0
3817.5
2771.5
0
2597.0
1294.5
3736.5
126.5
365.5
1745.0
1625.5
0
0
1673.0
138.0
929.0
478.0
285.5
348.5
1516.5
710.5
401.0
316.0
0
710.5
68.0
2653.0
257.0
602.0
4147.5
0
0
0
0
459.5
68.0
126.5
2592.5
138.0
300.5
183.5
1122.5
987.0
0
316.0
138.0
418.0
721.5
348.5
2279.0
2614.0
300.5
478.0
1760.5
1288.5
478.0
359.0
497.0
126.5
2286.0
558.5
68.0
68.0
179.0
68.0
68.0
126.5
1380.5
576.0
0
126.5
1325.0
1963.0
0
138.0
1832.0
4354.0
2330.5
1643.0
3022.5
453.5
4244.5
1438.0
489.5
809.0
348.5
419.5
68.0
419.5
313.5
438.5
5095.0
1535.5
841.0
138.0
365.5
0
383.0
1493.0
243.5
3917.5
0
1028.5
2468.5
692.0
489.5
68.0
2911.5
777.0
3567.0
138.0
453.0
120.5
230.5
0
0
1550.5
3673.0
674.0
1321.0
68.0
138.0
68.0
438.5
1603.0
0
3732.5
2073.0
359.0
894.5
828.5
3119.0
2755.5
2374.5
583.0
126.5
68.0
1354.0
0
419.5
0
355.5
478.0
1619.0
0
471.0
1331.5
879.5
3618.0
4263.0
126.5
138.0
478.0
1231.5
2499.5
419.5
0
68.0
812.5
516.5
2810.0
68.0
289.0
68.0
300.5
841.5
668.0
68.0
419.5
3088.0
0
435.5
419.5
0
68.0
3306.0
2127.0
2720.0
0
794.5
2250.0
126.5
635.0
470.5
365.5
686.5
68.0
1307.0
818.5
68.0
126.5
126.5
3456.5
530.5
633.5
874.0
138.0
4090.0
2479.5
0
68.0
777.0
752.5
478.0
303.5
3498.0
3987.0
120.5
656.0
416.5
719.0
3327.5
68.0
68.0
68.0
489.5
1919.5
0
0
2019.0
289.0
302.0
0
985.0
593.5
300.5
126.5
0
0
243.5
2766.5
2164.0
829.5
2613.0
1129.0
0
138.0
374.5
968.5
1524.0
1477.0
0
438.5
0
1522.5
0
68.0
2672.5
649.0
0
138.0
68.0
68.0
535.0
4369.5
138.0
242.0
438.5
68.0
126.5
438.5
126.5
138.0
68.0
1370.5
441.5
3664.5
68.0
438.5
821.0
289.0
1518.0
484.0
424.0
1652.5
300.5
68.0
3303.0
612.5
1372.0
4160.5
359.0
0
459.5
892.5
1295.0
4553.5
0
1339.5
186.5
453.0
458.0
419.5
0
2877.5
68.0
126.5
0
733.0
2422.5
1065.0
458.5
365.5
855.0
1283.5
0
253.5
419.5
3236.5
0
1365.5
471.0
547.5
0
793.0
68.0
0
344.0
68.0
3076.5
558.5
461.0
3606.0
68.0
138.0
600.5
126.5
816.5
0
3036.0
126.5
348.0
68.0
942.0
230.5
651.0
0
613.5
0
138.0
2431.0
478.0
0
.5
0
0
172.0
809.5
68.0
3296.5
0
316.0
0
514.5
2375.0
538.0
302.0
566.0
0
120.5
633.5
451.5
639.5
1596.0
1004.0
68.0
758.5
68.0
419.5
478.0
365.5
1318.5
183.5
1929.0
2621.0
68.0
819.0
0
3088.0
115.5
0
2731.0
3427.0
0
962.0
2436.5
459.5
0
1263.0
300.5
0
138.0
1092.5
0
0
1080.5
0
406.0
419.5
2173.5
68.0
68.0
0
1917.0
126.5
1597.0
243.5
770.0
608.5
126.5
194.5
561.0
2086.5
479.5
1022.5
138.0
0
419.5
2720.5
289.0
68.0
2490.5
365.5
126.5
3955.5
138.0
478.0
830.0
1127.5
0
0
0
459.5
1479.0
243.5
0
68.0
126.5
369.0
1511.5
68.0
2315.5
316.0
0
126.5
848.5
0
1259.5
2355.5
3227.5
845.0
0
0
789.0
1772.0
0
316.0
0
562.0
0
0
138.0
243.5
458.0
126.5
459.5
1208.0
289.0
1889.5
478.0
2318.5
370.0
0
554.0
2731.0
206.0
1856.0
316.0

243.5
492.0
0
1224.5
0
704.5
365.5
1388.5
1862.0
68.0
1935.5
3451.5
4173.5
899.5
2161.5
564.5
3607.5
289.0
126.5
1494.0
1400.5
300.5
930.5
2420.0
313.5
126.5
775.5
0
598.0
510.5
3095.0
3070.0
348.5
315.5
2167.0
242.0
0
0
714.0
949.5
752.5
2331.0
3388.0
0
401.0
126.5
3590.0
726.0
0
772.5
3269.0
4957.0
0
3970.5
126.5
4737.5
0
1291.5
535.0
68.0
2023.5
586.0
572.0
1302.5
0
5278.0
1680.5
0
1115.0
758.5
841.0
2670.0
478.0
2272.5
253.5
1683.0
128.0
1752.0
0
4105.0
464.0
1550.0
0
68.0
2754.5
68.0
922.0
984.5
1419.0
419.5
441.5
1375.5
0
0
2250.0
611.0
1117.5
1308.0
243.5
1107.5
138.0
1810.0
302.0
1064.0
68.0
775.5
365.5
0
1096.5
652.0
68.0
899.0
1940.5
1378.0
68.0
1947.0
784.0
612.5
68.0
3907.0
0
126.5
887.0
1400.5
1968.5
1583.5
0
3270.5
884.5
2208.5
0
2554.5
438.5
1589.0
0
138.0
126.5
476.0
0
383.0
0
0
1049.0
2491.0
893.5
332.0
183.5
489.5
2321.5
1386.0
3394.0
0
2727.5
302.0
0
3175.0
0
993.0
68.0
2492.5
0
3862.0
243.5
2981.5
126.5
1197.5
365.5
0
138.0
3201.5
138.0
861.0
1559.0
0
472.0
0
68.0
761.0
478.0
1584.0
419.5
1293.5
3128.0
707.0
1200.5
2885.0
253.0
0
741.0
1815.0
348.5
2578.5
3678.5
3151.0
1787.5
435.5
68.0
3006.5
68.0

438.5
789.0
115.5
1769.5
1480.0
0
68.0
68.0
3962.5
977.0
0
0
471.0
370.5
1280.0
2823.0
68.0
0
3283.0
407.0
1513.0
0
0
1055.0
569.0
883.0
549.5
1163.5
706.0
1472.0
1722.0
0
0
978.0
68.0
370.5
497.0
3740.0
3341.0
126.5
138.0
374.5
289.0
68.0
497.0
438.5
1546.5
365.5
0
68.0
0
2094.5
0
300.5
2084.0
807.5
777.5
1008.0
588.0
418.5
1517.0
2642.0
0
419.5
68.0
1362.5
1097.5
775.0
68.0
441.5
3442.5
716.0
0
419.5
300.5
839.5
138.0
1445.0
961.5
518.0
1615.0
453.0
623.0
1545.5
1006.0
243.5
0
1434.5
115.5
68.0
0
3108.0
68.0
1090.5
596.5
1372.0
524.5
383.0
115.5
870.0
0
1252.5
1043.0
0
605.0
516.5
0
781.0
3876.5
68.0
365.5
1820.0
2118.5
126.5
419.5
0
953.5
663.5
0
943.5
2834.5
419.5
126.5
0
0
435.5
1996.0
681.0
1182.5
739.0
424.0
0
68.0
3909.5
991.0
1400.5
2400.0
126.5
0
0
68.0
0
0
0
2643.5
138.0
0
194.5
68.0
414.0
1568.5
0
0
0
243.0
686.0
3016.5
1073.5
489.5
710.5
592.0
253.5
126.5
1913.5
0
0
0
1199.0
613.0
2329.0
68.0
2369.5
958.5
1482.0
438.5
126.5
4076.5
607.0
302.0
0
521.0
0
722.0
302.0
438.5
0
0
652.0
722.0
1301.0
960.0
478.0
867.5
0
645.5
917.5
243.5
0
0
719.0
0
68.0
2470.0
3080.0
138.0
491.5
2235.5
459.5
0
0
243.5
690.5
956.5
257.0
126.5
0
0
126.5
971.0
1636.5
0
0
359.0
770.0
0
717.0
599.5
1705.5
757.0
463.0
0
582.5
940.0
183.5
0
68.0

0
0
138.0
0
485.5
3110.5
316.0
126.5
3026.0
2724.0
0
138.0
0
800.0
0
0
478.0
1697.5
0
126.5
0
1804.0
0
68.0
3836.5
498.5
539.5
374.5
419.5
917.0
138.0
0
68.0
755.5
827.5
516.5
478.0
359.0
438.5
359.0
458.0
68.0
475.5
120.5
424.0
471.0
0
3106.5
4294.5
0
3621.5
0
0
1784.5
872.0
752.5
787.0
516.5
1203.0
289.0
1582.0
2326.5
2315.5
4590.5
892.5
1773.5
858.5
879.0
257.0
2780.0
0
0
1426.0
419.5
1365.5
1938.5
1739.5
523.5
68.0
0
0
0
302.0
68.0
0
2860.5
989.0
653.5
509.5
1294.0
889.5
0
0
136.0
126.5
0
68.0
2407.0
4137.5
0
1928.5
257.0
348.5
126.5
0
726.0
0
459.5
0
1198.0
0
769.0
467.0
128.0
1043.5
206.0
2396.0
1194.5
0
172.0
0
126.5
2198.0
0
126.5
2230.0
1732.5
0
0
1013.0
3294.0
2771.0
3049.0
2724.5
138.0
879.0
2556.0
997.5
2579.0
138.0
441.5
179.0
0
370.5
0
2122.5
680.5
3388.5
0
458.0
3980.0
0
0
0
0
872.5
0
0
0
543.5
316.0
489.5
0
1855.0
2765.0
0
419.5
0
0
700.0
0
3034.5
1907.5
478.0
2228.5
429.0
3234.0
0
0
68.0
3211.5
489.5
253.5
0
0
0
2609.5
126.5
3481.5
713.0
0
3146.0
1953.5
0
3972.0
0
438.5
368.5
0
917.5
419.5
0
300.5
0
0
1216.5
243.5
0
648.5
1985.0
3537.0
1420.5
4495.0
1327.0
478.0
0
0
68.0
2809.0
0
1493.0
0
242.0
0
126.5
2483.5
656.5
3302.5
126.5
2392.0
497.0
0
0
0
2963.0
128.0
1172.0
1008.0
424.0
0
1764.5
0
779.0
138.0
0
242.0
0
2687.0
535.0
458.0
68.0
1214.0
0
646.5
1444.0
0
0
486.0
4330.0
253.5
1726.0
4062.0
0
1298.5
3329.5
423.0

344.0
313.5
2464.5
126.5
2933.5
599.5
126.5
3781.0
179.0
1112.0
1262.5
2611.5
0
183.5
243.5
747.0
943.5
0
0
304.5
2025.0
2922.5
1332.5
591.5
0
0
4288.5
0
3648.5
1676.5
756.5
183.5
419.5
68.0
3126.0
0
2316.5
1138.5
3391.0
183.5
471.0
0
790.0
0
2714.0
0
2783.5
0
0
2630.0
1570.5
0
438.5
0
0
4437.0
2394.5
1069.5
136.0
68.0
465.0
0
535.0
68.0
1006.5
4071.0
2197.0
0
230.5
1179.0
1957.5
0
1721.5
2224.0
3541.5
2488.0
126.5
3816.0
0
0
940.5
1543.0
1405.5
854.5
659.5
0
1151.0
3167.0
1555.0
2146.5
1342.0
0
2076.5
3090.0
0
2433.0
0
736.0
0
2080.5
289.0
2086.0
1605.0
3649.5
3686.0
1584.0
2585.0
1660.0
348.5
3453.0
4424.0
0
2084.5
3194.0
126.5
3385.0
703.5
68.0
775.5
2021.0
2097.5
3806.5
1535.0
615.5
1705.0
0
3397.0
771.5
477.5
1463.0
2294.5
3346.0
2730.5
4496.0
68.0
0
3571.0
478.0
1581.5
3001.5
2550.0
915.0
4791.5
0
0
627.5
471.0
138.0
2456.0
901.5
497.0
300.5
4136.0
0
3092.5
3553.5
1226.5
68.0
3787.0
0
126.5
984.0
614.0
733.5
1894.0
3411.0
3535.0
0
2306.0
438.5
183.5
0
126.5
471.0
2839.0
128.0
128.0
0
2083.5
243.5
128.0
0
4654.5
1516.5
0
3115.5
3162.0
0
126.5
751.5
68.0
1395.5
0
902.5
670.5
3212.5
0
964.5
231.5
0
68.0
126.5
1109.5
0
126.5
1940.0
1019.0
126.5
0
0
3091.0
2930.5
489.5
1177.0
0
996.5
2931.0
126.5
128.0
3605.0
3043.5
2067.5
3133.0
0
478.0
2116.5
0
4431.0
0
242.0
1917.5
1958.5
0
0
0
68.0
641.5
68.0
3045.0
68.0
126.5
126.5
1726.5
478.0
2218.0
68.0
418.5
68.0
4697.0
0
0
1414.5
0
302.0
0
0
533.5
1628.0
0
1289.5
1327.0
0
264.5
4078.5
698.5
126.5
126.5
3001.5
0
68.0
1441.0
190.5
1499.5
231.0
3074.5
2546.5
4550.0
0
126.5
3253.5
2722.0
0
3018.0
2250.0
1266.5
179.0
0
1238.5
1374.5
998.5
1285.0
68.0

871.5
0
0
126.5
513.5
136.0
0
0
1037.0
0
126.5
138.0
804.5
126.5
115.5
836.0
316.0
68.0
0
183.5
424.0
703.5
598.0
1298.0
1239.0
138.0
1859.0
794.5
0
243.0
516.5
0
126.5
0
.5
3607.0
775.5
359.0
3643.0
1200.0
2785.0
0
0
418.5
0
1678.5
68.0
0
3288.5
0
68.0
405.5
785.0
0
0
1146.0
68.0
793.0
1571.5
3636.0
586.0
841.5
640.5
302.0
0
115.5

0
0
0
0
416.0
502.0
788.5
0
68.0
1467.0
0
128.0
4533.5
0
0
2432.5
424.0
1218.5
1705.0
0
2220.0
459.5
1512.5
120.5
789.5
582.0
489.5
183.5
459.5
2482.5
737.5
0
505.5
1313.0
665.0
734.5
0
762.5
0
1238.5
68.0
138.0
285.5
0
365.5
542.5
0
535.0
2388.5
0
68.0
929.0
2792.5
115.5
68.0
3164.0
0
2859.0
0
.5
126.5
0
717.0
68.0
1571.0
424.0
0
775.5
138.0
1105.5
365.5
0
1075.0
68.0
0
1378.5
68.0
138.0
126.5
289.0
186.5
253.5
3579.0
138.0
68.0
0
0
0
438.5
289.0
2239.0
1328.0
1063.0
0
0
594.0
0
598.0
126.5
0
671.0
0
126.5
435.5
1297.5
915.0
0
.5
359.0
767.0
0
0
365.5
0
0
535.0
873.5
980.0
0
709.0
136.0
68.0
138.0
0
0
607.0
777.5
243.5
900.5
435.5
243.5
126.5
4089.0
424.0
300.5
115.5
3026.5
1260.5
459.5
68.0
120.5
113.5
0
419.5
0
419.5
1535.0
243.5
138.0
68.0
2001.0
639.5
1226.0
0
751.0
2275.5
4598.0
438.5
68.0
419.5
1980.0
0
1214.5
652.0
0
1679.5
359.0
0
1050.0
0
383.0

183.5
68.0
253.5
0
.0
126.5
843.5
233.0
396.0
0
2215.5
0
.0
497.0
435.5
860.0
0
1467.5
755.5
0
0
1042.0
0
126.5
0
68.0
68.0
126.5
0
1141.5
289.0
478.0
951.5
489.5
0
1078.0
0
0
138.0
2894.0
1153.0
0
1006.0
0
0
1440.0
3442.5
0
0
424.0
0
2337.5
0
2928.5
0
348.5
1475.0
1538.5
150.0
0
615.5
1219.0
68.0
68.0
0
1196.0
68.0
0
828.5
418.5
2258.0
1197.0
300.5
814.0
967.5
1068.5
0
1881.5
0
0
68.0
1556.5
438.5
708.5
242.0
3220.5
636.0
1642.5
794.0
0
0
3327.0
2434.0
1516.0
1790.0
1405.5
1280.5
1217.0
126.5
300.5
1148.5
653.5
0
2792.0
68.0
3631.0
68.0
1412.5
459.5
0
0
1799.0
1360.0
2501.5
0
172.0
0
0
0
0
68.0
303.5
0
497.0
0
359.0
836.5
126.5
1449.0
138.0
1090.5
2933.0
3094.0
0
401.0
68.0
831.0
365.5
0
0
0
0
0
471.0
1030.0
622.0

497.0
3999.5
0
138.0
0
0
0
126.5
4309.5
925.0
0
3064.5
2754.0
771.0
0
4153.0
758.5
523.5
535.0
2226.0
1336.0
0
0
497.0
869.5
0
1358.5
478.0
172.0
459.5
0
0
1497.5
1899.5
0
889.0
0
787.0
656.5
0
3088.5
0
1284.0
0
438.5
2420.0
472.0
419.5
2970.5
3114.0
3907.0
1010.0
68.0
1033.5
758.5
0
2527.5
179.0
253.5
68.0
243.0
783.0
0
4021.5
0
1230.0
126.5
1403.5
0
194.5
1318.5
243.0
458.0
885.5
498.5
602.0
0
289.0
1100.5
126.5
905.5
1063.0
4497.5
2789.0
2160.5
0
518.0
0
0
126.5
1203.5
3214.0
908.5
126.5
424.0
374.5
1851.5
68.0
478.0
0
0
489.5
0
1484.0
126.5
0
68.0
603.0
289.0
760.5
2003.0
0
497.0
1196.0
0
1656.5
0
1083.0
0
1755.0
1512.0
1185.0
0
0
2648.0
0
0
1169.0
365.5
0
581.0
68.0
0
4252.0
68.0
407.0
0
183.5
1875.5
359.0
1492.0
0
0
1028.5
413.0
348.5
0
804.5
659.5
0
0
186.5
710.5
2273.0
951.0
1783.0
2354.5
1139.0
827.5
126.5
126.5
344.0
411.5
1132.5
885.0
848.5
424.0
534.5
0
0
1710.0
68.0
734.5
365.5
575.0
524.5
0
1765.0
2614.0
811.0
0
2127.0
0
0
710.5
68.0
593.5
1339.0
300.5
535.0
0
927.5
2454.0
316.0
0
475.0
1122.0
829.5
0
3458.0
2068.0
863.5
4373.0
885.0
370.5
0
383.0
0
2838.5
2703.0
0
3437.5
4343.5
2699.0
370.5
253.0
3234.0
419.5
194.5
315.5
717.0
128.0
604.5
934.0
946.5
0
2561.5
0
0
359.0
420.0
300.5
2179.0
3395.0
3104.5
0
771.5
0
2647.0
2385.0
0
194.5
3263.0
0
523.5
402.0
3435.0
424.0
1439.5
595.0
0
0
2808.0
0
4.0
0
68.0
2090.0
0
126.5
478.0
126.5
4083.0
0
0
1429.5
3269.5
243.5
945.0
973.5
0
2931.0
365.5
424.0
126.5
745.5
0
521.5
0
646.0
126.5
2851.0
958.5
1593.5
1844.0
849.5
0
138.0
0
1530.0
4228.0
489.5
830.0
2526.0
0
138.0
0
0
3502.0
1657.5
365.5
365.5
1122.0
1914.0
5001.0
1119.0
383.0
0
1083.5
0
126.5
0
0
2114.0
0
2161.0
734.0
688.0
300.5
0
179.0
1275.0
1261.0
0
0
126.5
0
3655.0
459.5
0
194.5
653.5
811.5
2556.5
0
666.5
4234.0
231.5
0
1104.5
0
775.5
608.5
1193.0
850.0
1082.5
1336.5
3489.0
2849.0
3226.0
0
68.0
0
1161.0
497.0
0
2998.0
1836.0
1176.5
194.5
0
0
0
2002.5
126.5
1075.0
0
1395.0
0
2314.0
0
1127.5
717.0
68.0
0
.5
0
68.0
0
3643.0
3623.5
2147.0
0
68.0
419.5
1225.5
186.5
652.0
2499.0
927.5
1032.0
1357.0
0
814.5
0
0
506.0
68.0
508.5
573.0
0
0
68.0
0
126.5
3025.0
2420.0
424.0
253.0
707.0
190.5
533.0
478.0
678.5
611.0
622.5
0
2969.5
257.0

3347.5
1121.5
126.5
0
0
0
0
2710.0
0
424.0
1069.0
0
2340.0
126.5
0
820.0
0
0
696.5
0
126.5
0
239.0
671.0
0
126.5
1976.0
4355.0
0
0
2434.0
0
1916.5
0
424.0
424.0
2170.0
419.5
841.5
2964.0
0
190.5
2252.5
0
138.0
1140.5
138.0
0
0
115.5
172.0
0
1279.5
0
1417.0
5942.0
5231.0
300.5
478.0
874.0
1700.0
0
1799.0
383.0
0
0
126.5
0
0
3487.5
538.0
68.0
0
1219.0
0
0
0
805.5
1888.5
419.5
1019.0
884.5
1219.0
948.5
0
575.0
0
3782.5
243.5
126.5
1668.0
1022.5
359.0
0
2677.0
115.5
4186.0
194.5
1070.5
68.0
861.5
194.5
0
1264.0
1399.5
1615.5
1012.5
459.5
0
0
136.0
1433.0
183.5
910.5
823.5
3245.5
3012.5
126.5
1238.5
416.0
68.0
0
0
230.5
1264.0
126.5
674.0
68.0
686.5
1165.0
1214.0
2207.5
471.0
316.0
2015.5
0
383.0
0
383.0
68.0
1175.5
775.5

365.5
0
637.0
811.0
0
1113.5
1232.5
126.5
68.0
672.5
792.5
537.0
0
4539.0
783.0
839.5
616.0
0
1272.5
672.0
0
115.5
3860.0
1043.5
313.5
1304.0
0
530.5
0
653.5
2128.5
0
2465.5
120.5
0
2703.0
529.0
126.5
438.5
4279.5
3417.0
1645.5
1512.0
300.5
2097.0
1850.0
183.5
652.0
1935.5
1156.5
1673.0
344.0
126.5
138.0
604.5
0
424.0
0
1461.5
0
0
126.5
0
772.0
126.5
4019.0
0
0
2217.5
1916.5
1613.5
0
0
0
0
0
435.5
0
1458.0
126.5
1263.5
0
609.5
736.0
3565.0
1983.5
365.5
693.5
0
355.5
138.0
0
0
138.0
126.5
1901.5
138.0
1980.5
2660.5
649.0
1462.0
419.5
0
0
0
243.5
822.5
1470.0
2246.5
790.0
503.5
586.5
811.0
709.0
0
932.5
1802.5
0
68.0
478.0
128.0
2935.0
0
0
1173.5
2319.5
615.5
1638.5
128.0
0
0
612.5
1891.0
438.5
302.0
126.5
1969.5
900.5
2180.0
4508.0
0
1956.0
68.0
3053.5
138.0
2397.5
126.5
126.5
3578.5
0
2657.5
401.0
3622.5
374.5
225.5
2200.5
637.0
607.5
739.0
482.0
0
68.0
478.0
0
1584.0
700.0
2175.5
1512.0
680.5
2532.5
0
0
0
0
651.0
478.0
418.5
1041.5
0
471.0
419.5
291.0
230.5
794.5
857.5
2585.5
448.5
0
359.0
523.5
0
1834.0
790.0
0
932.5
115.5
0
0
183.5
126.5
2746.5
0
2026.0
0
1365.5
2694.5
0
729.5
0
183.5
0
2977.0
68.0
374.5
719.0
1232.0
257.0
681.5
0
1073.5
126.5
0
0
424.0
2011.5
1000.0
120.5
68.0
3524.5
738.5
0
0
512.0
948.0
138.0
0
0
519.0
1168.0
438.5
775.5
0
138.0
478.0
897.0
359.0
0
737.5
126.5
126.5
68.0
2387.5
611.0
3274.0
401.0
0
.0
1848.0
633.5
0
0
285.5
0
2699.0
0
0
253.0
0
0
0
3932.0
1626.0
2068.0
126.5
138.0
0
586.5
0
1023.0
68.0
0
0
0
1016.5
729.5
707.5
1032.5
68.0
316.0
0
829.5
0
0
0
1479.5
1257.5
0
453.5
0
420.5
0
0
2192.0
2346.5
979.0
243.5
0
651.0
0
126.5
594.0
3175.5
991.0
2310.0
138.0
722.0
478.0
0
1003.5
419.5
0
1020.5
520.5
489.5
734.0
655.0
1546.0
595.0
2610.5
138.0
0
3065.0
0
233.0
0
0
2307.0
126.5
2689.0
0
0
316.0
126.5
1074.0
0
0
138.0
771.0
3382.0
68.0
126.5
959.5
0
682.5
435.5
128.0
0
359.0
115.5
652.0
0
128.0
0
0
0
1062.5
0
0
0
3531.0
775.5
1798.5
253.0
0
128.0
1454.0
2233.5
3008.5
233.0
1489.5
1892.0
0
0
383.0
186.5
830.5
0
0
383.0
183.5
0
0
0
302.0
243.5
0
0
0
0
478.0
370.5
126.5
575.0
68.0
126.5
0
548.5
0
0
2290.0
1450.5
0
459.5
771.0
0
1420.5
0
0
0
478.0
0
0
316.0
1353.5
68.0
0
424.0
0
115.5
722.0
0
418.5
0
2525.0
705.5
478.0
438.5
0
0
126.5
0
150.0
0
542.5
0
441.5
2670.0
0
497.0
0
2834.5
0
0
0
1966.0
138.0
0
667.5
651.0
2499.0
348.5
0
2349.5
0
126.5
1022.5
1016.5
1159.5
126.5
68.0
438.5
68.0
0
126.5
68.0
302.0
0
243.5
126.5
1024.5
1566.5
0
5.5
0
2308.0
126.5
419.5
359.0
424.0
0
0
0
441.5
0
680.0
419.5
0
0
126.5
302.0
0
2072.5
0
435.5
0
722.0
365.5
126.5
0
594.0
0
302.0
0
253.5
68.0
2863.5
0
796.0
0
0
1365.5
138.0
489.5
438.5
0
126.5
0
138.0
497.0
1769.0
0
593.5
370.0
1116.0
401.0
138.0
0
867.5
0
0
0
0
128.0
126.5
572.0
2480.5
0
300.5
0
770.0
0
0
764.5
1024.0
1029.5
243.0
120.5
68.0
183.5
453.0
0
179.0
582.0
0
478.0
3812.0
126.5
528.0
243.0
2404.0
0
0
835.5
816.0
68.0
0
138.0
582.0
0
0
1499.5
2678.5
0
1250.0
302.0
242.0
253.0
0
1463.0
126.5
138.0
1574.0
138.0
113.5
716.0
0
128.0
517.0
126.5
243.5
386.0
419.5
0
719.0
934.5
0
680.5
879.0
3406.0
0
126.5
0
419.5
0
519.5
1142.5
190.5
344.0
478.0
438.5
68.0
128.0
243.5
969.5
0
365.5
0
126.5
860.0
710.5
0
0
68.0
0
68.0
253.0
1481.5
0
2486.5
996.5
438.5
0
126.5
300.5
453.5
419.5
1305.5
0
550.0
0
68.0
475.5
1139.5
0
68.0
0
0
0
242.0
479.5
0
1377.5
0
0
126.5
614.0
0
0
1448.5
0
138.0
1437.5
0
424.0
0
1296.0
948.5
0
126.5
3432.5
243.5
0
441.5
0
750.5
138.0
365.5
302.0
863.0
1355.5
358.0
2057.0
0
855.5
183.5
68.0
0
0
231.5
463.0
300.5
126.5
186.5
0
138.0
0
365.5
126.5
0
540.5
703.5
424.0
0
348.5
186.5
173.0
0
0
1070.5
126.5
0
138.0
126.5
126.5
383.0
126.5
685.5
478.0
0
126.5
0
138.0
383.0
0
907.5
1121.0
68.0
243.5
243.5
401.0
2491.5
478.0
374.5
231.0
548.5
0
302.0
2295.0
359.0
0
0
0
0
0
1280.5
1234.0
138.0
594.5
910.0
0
0
471.0
0
0
1070.5
128.0
313.5
0
0
126.5
702.5
126.5
0
999.0
1202.5
0
435.5
1022.5
68.0
370.5
242.0
646.5
889.5
438.5
302.0
0
126.5
242.0
0
253.5
955.0
405.5
0
1990.5
0
610.0
1295.5
636.0
598.0
721.5
0
0
355.5
1033.0
126.5
370.5
535.0
0
68.0
126.5
0
516.5
0
68.0
0
138.0
0
2002.5
138.0
243.5
943.0
365.5
958.0
598.0
0
0
0
68.0
128.0
478.0
698.5
0
126.5
0
1698.0
383.0
126.5
370.5
68.0
1996.5
0
489.5
0
0
183.5
126.5

0
519.5
138.0
0
0
194.5
0
1321.5
789.5
2368.5
374.5
68.0
126.5
848.5
300.5
0
0
2464.0
478.0
0
590.0
2040.5
548.5
592.0
418.5
138.0
534.5
438.5
0
68.0
374.5
68.0
0
194.5
545.5
0
126.5
478.0
1268.5
128.0
231.0
126.5
68.0
313.5
478.0
302.0
424.0
126.5
0
68.0
0
126.5
0
183.5
881.5
0
472.0
0
315.5
355.5
2341.0
230.5
789.0
1632.0
302.0
138.0
569.5
0
126.5
459.5
0
2185.0
0
231.0
68.0
0
128.0
0
359.0
0
359.0
868.0
438.5
0
126.5
365.5
0
0
300.5
126.5
737.5
126.5
1887.5
550.0
172.0
126.5
1879.0
1105.0
0
1061.0
791.5
716.0
0
0
183.5
406.0
0
0
1846.5
489.5
855.5
0
0
230.5
478.0
2263.0
138.0
519.0
68.0
126.5
0
0
0
1812.5
365.5
1141.5
0
370.5
593.5
68.0
418.5
438.5
759.0
68.0
775.5
128.0
886.5
126.5
0
126.5
126.5
1009.5
1208.5
0
596.5
365.5
126.5
302.0
2325.5
535.0
516.5
478.0
243.5
68.0
781.0
710.5
817.0
530.5
1821.5
529.0
0
183.5
138.0
365.5
126.5
68.0
0
1248.5
126.5
126.5
1420.0
471.0
491.0
126.5
68.0
458.0
582.0
478.0
0
138.0
453.0
438.5
1056.5
359.0
652.0
126.5
300.5
68.0
138.0
68.0
497.0
535.0
0
126.5
0
128.0
1120.0
0
1189.5
573.0
848.5
68.0
0
1110.0
0
672.5
524.5
419.5
0
970.5
867.5
1989.0
183.5
1209.0
120.5
0
344.0
848.5
126.5
68.0
68.0
0
344.0
0
302.0
1664.5
419.5
459.5
478.0
0
2740.5
370.5
910.0
0
586.5
0
0
653.0
2765.0
0
126.5
300.5
126.5
3270.5
479.5
0
68.0
438.5
0
138.0
2656.0
2761.5
1967.5
775.5
0
438.5
1038.0
0
128.0
827.0
0
0
1023.5
0
865.5
120.5
68.0
0
0
561.5
882.5
0
68.0
126.5
68.0
0
126.5
1759.0
0
0
253.5
183.5
713.5
0
3274.5
126.5
558.5
138.0
4327.0
138.0
68.0
365.5
489.5
586.5
138.0
908.5
68.0
316.0
0
68.0
909.5
194.5
459.5
0
1623.0
886.0
0
138.0
3255.5
0
126.5

710.5
639.5
652.0
438.5
0
0
1146.0
0
68.0
2406.5
1017.5
348.5
4795.5
528.0
300.5
846.0
68.0
316.0
0
576.5
653.0
0
0
0
1729.5
650.5
419.5
875.5
423.0
126.5
1091.5
303.5
640.5
0
438.5
582.0
300.5
138.0
842.0
68.0
600.5
0
581.0
0
68.0
138.0
639.5
138.0
647.5
3545.5
1013.5
68.0
1623.5
138.0
194.5
242.0
874.0
467.0
138.0
0
478.0
68.0
365.5
1670.5
430.5
0
68.0
0
887.5
591.5
0
2868.5
0
529.0
1411.5
138.0
0
0
0
1963.5
0
243.5
128.0
0
418.5
0
242.0
128.0
1441.0
1284.0
357.5
68.0
424.0
126.5
3184.0
1371.0
868.0
829.5
478.0
476.0
68.0
0
3306.0
126.5
624.0
0
.5
629.5
383.0
0
68.0
0
0
2030.5
0
505.5
497.0
734.5
68.0
910.0
0
2776.0
0
401.0
1315.5
138.0
2773.5
1979.0
0
68.0
126.5
0
1251.0
0
1964.5
0
3225.5
128.0
2902.5
1276.5
68.0
0
68.0
490.0
0
126.5
68.0
633.5
2604.0
0
2307.0
425.5
4662.0
598.0
0
138.0
316.0
138.0
478.0
1151.0
0
717.0
591.5
652.0
68.0
2339.5
0
557.0
68.0
678.5
860.0
523.5
478.0
0
128.0
1229.0
136.0
68.0
413.0
126.5
128.0
126.5
741.0
0
0
0
401.0
68.0
1702.5
0
2634.0
0
458.0
1157.5
651.0
629.5
206.0
1326.0
0
183.5
138.0
591.5
1438.0
1241.0
0
0
490.0
0
138.0
68.0
665.0
1732.5
774.5
353.5
458.0
313.5
68.0
815.5
3649.5
1250.0
0
1057.0
637.0
438.5
0
489.5
695.5
976.0
848.5
0
8.5
2809.5
0
687.5
497.0
0
841.0
68.0
0
126.5
0
927.5
0
0
534.0
0
194.5
1843.5
2828.0
138.0
0
1868.5
68.0
971.0
733.0
0
895.5
0
68.0
438.5
516.5
0
0
1739.0
1602.0
120.5
913.0
302.0
0
893.0
395.5
0
1077.0
0
1649.0
0
300.5
355.5
113.5
0
424.0
1105.0
1697.5
68.0
0
1565.5
3575.5
633.5
327.0
1654.5
126.5
2868.5
768.5
0
138.0
68.0
3763.5
383.0
710.5
4080.0
126.5
478.0
467.0
2067.5
1198.0
489.5
489.5
539.5
438.5
893.0
471.0
0
68.0

0
0
68.0
0
3420.0
1028.5
771.0
1519.5
0
68.0
1606.5
68.0
731.0
68.0
68.0
546.0
370.5
4245.5
126.5
1034.0
264.5
0
645.5
768.5
0
113.5
128.0
1491.0
0
0
2225.5
1315.5
0
3680.0
0
3871.5
128.0
0
680.5
407.0
2109.0
419.5
257.0
1336.0
3081.0
1303.0
0
1283.5
778.5
390.5
0
126.5
374.5
0
0
128.0
774.5
0
.0
68.0
138.0
0
4073.0
2960.0
115.5
68.0
0
692.0
4538.0
1273.0
243.5
3487.5
365.5
0
2613.0
420.0
1796.5
471.0
2024.5
0
0
407.0
2860.0
401.0
3019.0
1754.0
0
0
68.0
1378.5
509.0
3925.5
1109.5
128.0
1331.5
608.5
1496.5
1118.5
0
2938.5
2773.5
478.0
365.5
1000.5
849.5
0
996.0
1027.0
0
0
894.0

1237.0
1024.0
1348.5
0
640.5
243.5
0
126.5
1399.5
0
289.0
3099.5
243.5
138.0
2891.0
0
706.0
68.0
829.5
0
1704.0
1974.5
4779.0
2307.0
365.5
601.0
1010.5
1597.0
0
667.0
68.0
243.5
1977.5
0
401.0
595.0
749.0
1181.5
0
0
1965.0
652.0
1575.0
1284.5
1050.0
0
1998.0
126.5
68.0
1208.0
2952.0
68.0
419.5
1745.0
1911.5
1073.5
0
68.0
1483.5
2718.5
516.5
2518.0
986.5
1176.0
652.0
478.0
0
1198.0
965.0
419.5
478.0
1194.5
68.0
3997.0
700.0
2899.5
0
0
2952.5
0
3870.0
1575.5
4492.5
0
302.0
814.0
1316.0
913.0
890.0
1279.5
2226.0
1948.5
313.5
3515.0
0
0
0
68.0
128.0
0
3716.0
4005.5
0
438.5
126.5
68.0
1901.5
595.0
3977.5
4761.5
999.5
401.0
0
997.5
1365.5
120.5
1676.5
126.5
991.0
3040.5
344.0
0
0
68.0
68.0
416.0
3698.5
729.5
629.0
300.5
0
653.5
68.0
0
1053.0
0
640.5
726.0
2844.0
1763.5
344.0
1906.5
2022.0
1637.0
472.0
0
595.0
3208.5
1110.0
734.0
407.0
1249.5
365.5
1368.0
0
2445.0
1227.0
68.0
126.5
0
0
764.5
1965.5
0
1163.5
253.0
179.0
0
68.0
1307.0
2129.0
68.0
0
.0
4463.5
138.0
1735.0
498.5
3007.5
602.0
0
478.0
2335.0
68.0
898.5
3280.5
698.5
1579.5
0
1389.5
4007.0
0
126.5
1087.5
68.0
956.0
230.5
1328.0
3157.5
1365.0
0
1812.5
138.0
68.0
1553.5
138.0
1069.5
832.5
827.5
831.0
401.0
2415.0
138.0
829.5
0
1428.5
752.5
2193.5
2351.5
407.0
1512.5
0
2717.5
0
1199.0
1423.0
3508.5
138.0
68.0
183.5
383.0
2499.5
0
528.0
2241.5
0
1111.5
1608.5
138.0
370.5
0
354.5
1370.0
1404.0
316.0
3979.5
3278.5
826.0
0
714.5
1207.5
2701.5
126.5
68.0
516.5
1886.5
708.5
3618.0
1162.0
1219.0
2097.5
726.0
543.5
115.5
3800.0
0
435.5
3814.5
115.5
231.5
0
787.0
126.5
0
3054.5
0
0
128.0
68.0
582.0
1200.0
1555.0
1634.0
652.0
0
3167.0
653.0
2628.0
1425.5
626.0
940.0
0
2184.0
478.0
419.5
896.5
3048.0
3628.5
1148.5
3261.5
0
1477.5
703.5
1070.5
2123.5
2867.5
68.0
1277.5
1142.5
1718.0
138.0
0
753.5
4522.5
0
882.0
150.0
1019.0
0
68.0
0
1186.0
365.5
3612.0
549.5
1310.0
3230.5
438.5
0
300.5
5251.0
1904.0
1878.0
2745.0
833.5
790.0

1088.5
2024.0
0
0
4170.5
998.0
0
814.0
229.0
0
0
1317.5
2262.0
2615.0
4602.0
289.0
243.5
613.5
2365.0
2138.5
68.0
1704.5
1213.5
2627.0
652.0
0
365.5
1089.5
359.0
2262.0
0
459.5
68.0
752.5
2108.5
0
0
0
0
784.0
655.0
1215.0
4502.0
523.0
1086.5
3358.5
3399.0
2316.5
126.5
3365.5
708.5
1142.5
3763.0
0
68.0
327.0
68.0
68.0
1617.0
0
780.0
0
1073.5
0
1374.5
2060.0
126.5
1761.5
951.0
2442.5
0
0
243.0
418.5
1373.0
68.0
2822.5
0
0
0
126.5
0
2968.5
1359.5
0
663.0
1256.5
0
756.0
652.0
1840.5
2607.0
0
2859.0
497.0
1023.5
0
0
4638.5
1295.5
1408.0
1688.5
2540.0
546.0
4725.0
680.5
1065.5
1272.5
0
1787.0
0
1125.5
878.5
489.5
0
1002.5
0
2808.0
0
68.0
464.5
126.5
0
3699.5
2451.5
1389.5
635.5
1529.5
794.5
0
138.0
1146.0
2086.0
1982.0
386.0
126.5
2392.0
0
4740.0
4564.5
1419.0
775.5
0
1168.0
0
300.5
0
1980.5
3519.0
775.5
0
0
0
0
305.5
2389.0
2797.5
1639.5
0
68.0
0
3550.5
0
2254.5
963.5
1238.0
3859.0
2419.0
126.5
183.5
1110.5
115.5
1498.0
884.5
2791.0
0
681.0
554.0
438.5
558.0
1779.0
848.5
3808.0
699.0
3873.5
0
5587.5
126.5
822.5
0
0
790.0
1092.5
3315.0
0
0
2931.5
506.0
1226.5
115.5
1021.0
1341.0
315.5
3576.0
365.5
892.5
435.5
1565.5
1126.0
1397.5
1710.0
359.0
0
1288.5
535.0
2831.5
0
925.0
1344.0
2155.5
0
478.0
1897.5
0
0
2796.5
5135.0
1342.0
348.5
2323.0
4159.5
2144.5
850.0
1205.0
418.5
0
3979.0
3992.5
0
5516.5
4140.0
126.5
1895.5
1954.5
2835.0
969.5
2839.0
0
1667.0
4477.0
300.5
0
0
2053.5
1261.0
0
0
0
3647.0
2157.5
0
126.5
126.5

2533.0
4175.5
138.0
126.5
4244.0
3415.0
3985.0
0
1913.5
3078.0
0
0
1349.5
593.5
1199.0
1220.5
1002.0
0
0
3697.0
68.0
0
0
0
0
359.0
120.5
1561.0
4109.5
539.5

0
4861.0
3532.5
3331.0
3072.0
0
242.0
0
0
710.5
789.0
2447.0
840.0
253.0
598.0
4209.0
3031.0
0
2577.5
242.0
138.0
3451.5
2345.0
411.0
732.0
349.0
0
0
830.0
2873.0
3188.5
419.5
0
0
2171.0
0
1388.0
2429.5
5952.0
1537.5
0
2282.5
3370.0
0
1713.0
1231.5
0
3249.5
0
1675.5
136.0
1280.5
0
528.0
3737.0
2219.0
0
243.5
0
1111.5
4456.0
775.5
849.5
3848.5
1712.0
0
243.0
0
1838.0
313.5
3246.5
0
179.0
0
2360.0
1926.5
3027.5
2978.5
2899.0
0
1148.0
0
0
3023.5
0
0
0
0
370.5
0
0
1206.5
0
913.0
1685.5
1715.5
0
0
0
128.0
3138.0
0
1017.5
561.5
0
3329.5
3822.5
1197.0
0
4991.0
4165.0
0
1100.5
0
1947.5
120.5
4552.5
3031.5
951.5
656.5
0
1170.0
2929.0
138.0
2068.5
126.5
0
2145.5
0
1213.0
0
0
904.5
419.5
3811.5
1090.5
2503.5
1623.5
1646.5
1146.0
1107.5
0
0
0
0
2087.5
826.0
1575.0
0
0
2067.0
3008.5
68.0
1939.5
3612.0
0
2580.0
0
832.0
3506.0
848.0
2751.0
2101.0
0
2045.0
3693.0
919.0
0
3670.0
68.0
0
4044.0
0
126.5
0
2110.5
984.0
3108.0
989.0
0
0
438.5
738.5
126.5
4103.5
2123.5
0
0
2851.5
2803.5
2059.0
0
3137.5
374.5
2328.5
478.0
3179.0
344.0
0
4112.5
672.5
2065.5
2773.0
0
0
790.0
848.5
0
516.5
0
2666.0
138.0
2690.0
756.5
1410.0
0
1232.0
875.5
756.0
2588.0
3056.0
822.0
1453.5
5284.0
3246.5
3558.0
830.0
1933.0
1668.0
365.5
128.0
0
0
0
4198.0
1811.0
126.5
661.5
0
0
0
242.0
4149.5
0
2568.0
1128.0
126.5
2574.5
867.5

68.0
3226.5
1336.0
1783.0
911.5
0
1011.0
478.0
2058.0
359.0
1952.5
2385.0
2534.5
1539.5
370.5
126.5
1390.5
2749.5
2997.0
183.5
0
68.0
642.5
1717.5
1046.5
843.0
1355.0
1404.5
383.0
0
1740.0
1638.0
68.0
0
1181.5
138.0
0
2388.5
1430.0
886.5
1791.0
774.5
4582.0
1943.5
0
3382.0
2414.5
0
4077.0
3186.0
1815.0
0
4794.0
3699.5
3599.5
2536.0
2693.0
0
1366.5
3002.5
0
0
2391.0
4204.5
172.0
608.5
497.0
1426.5
0
1512.0
1184.5
1358.0
194.5
0
138.0
0
925.0
3381.5
2880.0
0
9.0
798.0
0
126.5
3049.5
0
0
4397.5
370.5
3113.0
888.0
0
3085.5
3645.5
138.0
4321.0
1898.5
0
1719.5
1964.0
0
0
1275.0
3749.5
0
0
0
0
3583.0
2861.5
243.5
0
1410.5
316.0
3796.0
2347.0
0
4213.0
1251.5
1005.0
4504.5
1858.0
3998.0
3184.5
3120.0
138.0
126.5
2899.5
419.5
0
138.0
1161.0
2859.0
2495.0
3373.5
1487.5
5002.5
0
2739.5
0
1584.5
1396.0
289.0
1203.0
2867.5
0
0
3352.0
126.5
68.0
68.0
3395.5
756.0
1544.5
5844.0
0
3591.5
2644.0
3100.0
68.0
68.0
1323.0
0
793.0
0
126.5
1202.0
0
2691.0
2793.0
1302.5
1778.5
231.5
0
68.0
138.0
1895.0
1522.0
868.0
598.0
2759.0
0
533.0
3378.0
1124.5
5021.5
1444.5
3514.5
465.0
3626.5
0
508.5
126.5
4076.5
1252.5
1458.0
2313.0
4324.5
2495.0
3446.0
1256.5
2281.0
435.5
0
0
2760.0
465.0
1642.0
2186.0
1068.5
383.0
0
0
2390.5
300.5
0
3728.0
3448.0
68.0
3996.0
0
383.0
2808.0
3018.0
1359.0
1456.5
0
3.5
2366.0
0
2009.0
3298.0
0
0
1756.0
946.5
4114.5
1337.5
68.0
533.5
438.5
2604.5
1395.5
734.5
5230.5
419.5
1456.5
3211.5
4309.0
948.5
3310.0
698.5
1242.5
3494.5
0
0
3361.5
2747.0
4488.0
3739.5
3461.0
3764.0
0
2900.0
2717.0
3374.5
535.0
0
1129.0
0
0
243.5
300.5
1620.0
1043.5
300.5
1961.0
2322.5
1590.5
497.0
1833.5
0
0
2664.5
1536.5
128.0
3674.5
2362.0
68.0
6063.5
1709.5
4170.5
3130.0
1429.5
126.5
1623.0
653.5
2443.5
3615.5
0
419.5
0
1196.5
1467.0
68.0
2979.5
0
2907.5
0
2402.5
344.0
1819.0
1018.5
4074.0
2628.0
1790.0
2961.5
1377.0
852.5
1125.0
2822.0
300.5
4034.0
0
3319.5
1970.0
2081.5
0
2416.0
2553.0
0
138.0
971.5
2385.5
763.0
68.0
1633.0
1623.5
3001.5
3383.0
1949.0
2124.5
790.0
0
771.0
0
1473.5
3021.0
0
2428.0
1711.0
3587.0
3246.5
1619.5
0
1356.0
2803.5
3494.5
3961.5
0
0
1432.5
4389.0
3006.5
2012.5
0
1172.0
1903.5
126.5
0
1122.0
1184.5
3552.5
1753.0
0
115.5
827.5
0
1715.5
920.5
0
717.0
0
1565.0
1641.5
2720.0
383.0
4608.5
1069.0
3179.0
3088.5
3622.0
126.5
0
3975.0
68.0
802.0
1735.0
0
5013.0
1009.0
3326.0
0
3501.0
3726.0
516.5
2157.5
0
1889.0
721.5
1922.5
3888.0
0
2803.0
0
3082.5
3671.5
2626.0
2758.0
2278.5
603.5
3402.5
3653.5
1637.0
0
3861.0
0
4302.5
0
3224.0
0
0
2963.5
0
2502.0
3162.0
2644.0
68.0
3561.0
3948.5
2190.0
2261.5
68.0
478.0
2416.0
4187.0
438.5
2072.0
976.0
3277.0
2778.0
0
4242.0
1211.5
4024.5
0
4043.0
1126.0
3731.5
3375.0
3272.0
0
313.5
2402.0
68.0
1402.5
605.0
3077.5
0
128.0
3765.5
0
2483.0
2491.0
1724.0
0
1424.5
3789.5
2457.0
2700.5
3104.0
0
0
829.5
770.0
2056.5
1560.5
0
2012.0
1163.5
1452.5
857.5
3215.0
2920.0
1804.0
3124.5
981.0
0
4248.0
2742.5
0
1758.0
2888.5
138.0
3072.0
3459.5
2242.0
3467.5
2784.0
68.0
0
1318.5
1426.5
0
3806.5
1022.5
2402.5
1716.5
1663.5
1227.5
1415.0
1781.5
2997.0
3207.0
965.5
68.0
3594.5
3446.5
3355.0
1433.0
2353.5
2941.5
2408.0
0
0
2532.0
2991.0
3928.0
3418.5
2908.5
883.0
2048.5
1042.0
5890.0
0
0
0
2104.5
302.0
2235.5
1792.5
3061.0
3320.0
0
0
936.0
2672.5
3928.5
0
4655.5
985.0
2696.5
2898.0
3101.5
0
0
0
1042.5
68.0
419.5
2320.0
3899.0
3881.0
861.0
3069.0
497.0
424.0
3224.0
1001.5
243.0
1244.0
2942.0
0
0
0
4569.0
1940.0
1459.0
3063.0
365.5
2854.5
0
2607.0
4074.0
2485.0
0
3650.5
1993.0
1081.0
2628.5
0
126.5
2199.5
1146.0
3922.5
2220.0
128.0
2667.5
419.5
0
805.0
1875.5
0
2599.0
478.0
2850.5
2378.0
3974.5
0
68.0
1814.5
1274.0
68.0
887.0
2260.5
2376.5
2236.0
1089.5
3026.0
0
0
2773.5
0
2581.5
2711.0
3456.0
2847.5
3395.0
1516.0
3671.0
138.0
1484.5
2423.5
68.0
1434.0
722.0
1800.5
3394.5
0
0
2989.0
4478.5
3071.5
0
126.5
3631.5
0
2790.5
1994.0
3490.0
2749.5
2524.0
4107.5
3116.0
3268.5
1479.5
1550.0
3688.0
2978.0
257.0
5089.0
3250.5
1406.5
3085.0
3057.5
2108.0
3232.0
3011.0
4125.0
206.0
1496.5
3569.0
0
4541.0
3438.0
2433.5
3725.0
1367.0
3757.5
1920.0
775.5
0
0
1127.5
4574.0
0
3401.5
3849.0
2455.5
68.0
3495.5
530.5
1041.5
2060.0
834.5
2397.5
3680.0
1791.5
497.0
489.5
0
3775.5
3746.5
1415.5
4197.5
2474.5
1929.0
2282.5
2540.5
2994.5
0
692.0
831.0
126.5
2684.0
453.0
1373.0
4253.5
3342.0
441.5
740.0
2732.5
3020.5
316.0
2883.5
2498.0
928.5
2475.0
5043.0
489.5

3009.5
3810.5
2204.0
115.5
2024.0
0
3889.5
2556.5
988.5
183.5
0
1729.0
3406.0
909.5
1530.5
1094.5
0
1037.0
2193.0
4271.0
126.5
4200.0
2716.0
1852.5
1208.0
2079.0
5737.5
497.0
1479.5
3872.0
4586.0
1202.5
438.5
1583.0
3225.5
0
2477.0
68.0
1362.0
2108.5
374.5
508.5
2396.5
0
1086.5
516.5
0
2786.5
2829.0
4126.0
0
0
1594.0
1802.0
2947.0
750.5
126.5
1537.5
0
2290.5
1428.0
0
5221.5
348.5
505.5
2425.5
1349.5
2857.5
0
0
1996.0
0
0
115.5
667.0
3652.0
789.0
1160.5
0
1084.5
2431.0
1146.0
138.0
2169.5
963.0
0
774.5
0
2844.5
1439.0
3607.5
1827.0
860.0
2132.5
4081.0
3030.5
698.5
1510.5
126.5
0
0
1803.5
4208.5
3993.5
0
2782.0
383.0
811.0
583.0
3189.5
687.5
0
2796.0
1321.0
0
471.0
1019.5
1448.5
2162.5
3443.5
0
0
3255.0
1341.0
1533.0
775.5
4054.0
2957.0
3142.0
716.0
3602.0
605.0
126.5
2098.0
3255.0
4555.0
3144.5
0
2906.0
424.0
3688.5
942.5
2868.5
775.5
0
3972.5
300.5
967.0
1141.5
3170.0
2430.0
1780.5
911.5
3087.5
2845.0
554.0
2920.5
183.5
0
2853.5
1055.0
4431.5
4213.5
3552.0
1660.5
2580.5
0
1499.5
126.5
2151.0
3475.0
3803.5
4223.0
68.0
944.5
0
508.5
2359.5
0
0
3979.5
848.5
2067.5
2290.0
0
3569.5
243.5
1035.0
1121.5
1316.5
3343.5
2443.5
2207.0
0
68.0
4152.0
2559.0
1440.0
243.5
2566.0
1480.5
0
115.5
1915.5
1728.0
2957.0
1077.5
419.5
1630.5
1070.5
2487.5
3479.0
126.5
126.5
2908.5
243.5
0
2301.0
1232.5
68.0
0
300.5
5550.5
3547.5
2631.5
1513.0
1404.5
2295.5
2619.5
0
2160.0
1352.5
0
2622.5
4042.5
194.5
3411.0
4440.0
365.5
0
4657.5
2465.5
424.0
3654.5
535.0
4859.0
2440.5
773.5
4395.0
5090.5
588.5
719.0
0
0
1589.5
2706.0
3146.5
656.0
1969.5
1265.5
1401.5
0
855.0
698.5
4225.5
5028.0
901.0
3977.0
68.0
0
2546.5
2678.0
2750.0
811.0
3816.5
4309.0
4430.5
3789.0
946.5
3248.5
2207.0
0
2073.5
3407.0
1636.0
419.5
719.5
2691.0
3375.5
5362.5
1342.5
4018.5
2980.0
68.0
2214.0
0
3304.0
3659.0
1845.0
996.0
1948.5
138.0
3105.5
1571.0
3378.0
3729.5
0
1374.0
0
0.5
1909.5
979.0
68.0
0
2107.5
2361.5
2031.0
0
4918.0
0
4000.5
1240.5
1141.0
3261.0
811.0
1980.5
0
5908.0
1602.0
991.0
3138.5
3190.0
2625.0
3505.5
126.5
3467.5
126.5
0
1315.5
2072.5
1116.0
3012.0
1403.0
0
2773.5
1377.0
3925.5
1507.0
4024.5
0
1335.0
0
639.0
0
3696.5
1840.0
1692.5
646.5
3356.0
0
829.5
790.0
2361.5
3860.0
790.0
1831.0
960.5
2237.5
1034.0
0
2884.0
0
0
901.0
1435.0
991.0
829.5
0
2940.0
4531.0
3178.5
3576.5
508.5
0
1366.5
624.0
4117.0
1632.0
0
2593.0
3928.0
1414.0
3759.5
2681.0
4147.0
4288.0
656.5
0
0
0
138.0
3826.0
0
2041.5
1842.5
0
639.5
186.5
68.0
3359.0
315.5
126.5
3078.0
0
2096.5
0
3013.0
0
2021.5
0
2556.5
1776.5
545.5
2507.5
0
1199.5
2189.0
4408.0
2495.5
0
1176.5
2450.5
1141.5
923.5
0
2249.0
126.5
3323.0
3160.0
3873.5
3278.5
0
68.0
0
3723.0
2729.5
1613.5
2377.0
424.0
0
3363.5
1443.0
2429.0
1343.5
1867.5
3931.0
2283.5
3074.0
0
848.5
2067.0
2167.5
1647.0
2230.5
1830.0
1686.5
2676.0
3751.5
0
1324.5
257.0
2782.5
1506.0
3746.5
0
0
5213.0
3346.0
68.0
3216.5
2672.5
365.5
383.0
4478.5
497.0
1005.5
524.0
2481.0
0
0
0
4061.5
1223.5
2186.5
0
138.0
3908.5
3576.0
4001.0
2666.5
2880.5
3798.5
1783.5
0
3387.0
2839.0
1647.5
0
0
3633.0
4088.0
2256.0
0
418.5
0
233.0
120.5
115.5
3904.0
829.5
3672.5
3642.0
5749.5
4021.0
0
138.0
1572.0
2895.0
953.0
2632.5
0
489.5
0
2790.5
478.0
0
1900.0
0
0
2677.5
4378.0
0
3544.5
4261.0
1000.0
2272.5
0
68.0
652.0
1086.5
0
1434.5
0
4510.5
2772.5
2306.5
0
2968.5
576.5
0
3867.0
1148.0
1929.5
3798.5
4178.5
586.5
183.5
0
2856.5
1975.0
2017.0
3396.5
2532.5
0
1819.0
2165.5
1658.5
0
1916.0
2594.0
2374.0
0
2924.5
1699.5
5282.5
608.5
0
0
4413.0
0
0
4.5
68.0
2187.5
0
0
1499.0
0
1990.5
0
0
0
0
1008.0
4296.5
0
3263.0
1761.5
2924.5
993.0
1521.0
2375.0
714.5
951.5
1635.0
1930.0
1333.0
435.5
3054.5
1216.5
0
0
0
0
0
424.0
1354.5
126.5
1382.5
4301.5
126.5
2900.5
512.0
1942.0
2805.5
2058.5
3309.5
2929.5
1667.5
1070.5
592.0
2556.5
985.0
3297.0
1242.5
300.5
1259.0
3059.0
1461.0
0
3758.5
126.5
4018.0
0
0
4392.5
771.5
0
3451.5
2613.0
0
2611.5
0
2259.0
848.5

0
4394.0
3294.5
2358.5
0
2964.5
359.0
68.0
2911.5
3995.0
953.5
0
2427.0
1127.5
1952.5
3255.5
1363.5
315.5
4028.0
2871.5
3186.0
3263.5
2025.0
0
0
2355.0
0
126.5
2157.5
2463.0
2662.5
1613.5
365.5
2977.5
0
0
4087.0
1636.5
0
2371.0
1699.5
1421.5
0
4352.0
0
2732.0
0
1587.5
2847.0
3826.5
0
0
2631.0
5140.0
194.5
3325.0
0
115.5
478.0
979.0
1471.5
0
3126.5
359.0
1073.0
0
2088.5
1693.0
68.0
126.5
0
0
0
315.5
0
0
0
2869.5
126.5
478.0
419.5
1160.5
1960.0
126.5
126.5
2278.5
489.5
3046.0
0
478.0
413.0
740.0
1498.5
5500.0
0
1069.0
4570.5
3968.0
2794.5
3128.5
183.5
1391.0
1034.0
3372.5
1019.0
68.0
0
2810.0
1609.5
0
839.0
2075.0
2037.5
2375.0
4653.0
0
624.0
0
68.0
2129.5
2097.0
4349.0
3886.0
0
3290.0
899.5
967.0
365.5
3590.0
3564.0
3369.5
3851.5
2157.5
0
2608.0
0
68.0
4695.5
0
1359.5
2036.5
0
855.5
126.5
512.0
355.5
3965.5
0
2768.5
2484.5
68.0
583.0
2852.0
2194.5
1181.0
68.0
68.0
288.5
365.5
1151.0
1319.0
2829.5
3795.0
2895.5
0
3093.0
3795.0
4065.5
126.5
0
138.0
4749.0
2769.5
0
3282.5
596.5
948.5
934.0
2787.5
1745.5
68.0
2363.0
4039.0
1861.0
1359.0
179.0
3182.0
546.0
68.0
2504.0
3021.0
172.0
2882.0
2902.5
435.5
639.5
2725.5
194.5
365.5
771.0
763.0
0
1860.5
68.0
1913.5
2814.0
4240.0
126.5
1129.5
2115.5
1961.0
2746.5
2795.0
0
1762.0
386.0
968.5
497.0
2971.5
1665.5
0
4151.5
3446.0
1776.0
2059.5
348.5
126.5
4873.0
2354.0
467.0
756.5
472.0
508.5
848.5
128.0
68.0
793.0
550.0
243.5
4126.0
0
243.5
588.0
138.0
538.0
1573.0
435.5
698.5
698.5
829.5
126.5
4011.0
2065.0
128.0
1405.5
230.5
438.5
0
419.5
3265.0
0
2548.5
828.5
2705.5
128.0
1703.5
138.0
230.5
2140.5
3699.0
1393.5
2155.0
2619.5
0
2670.5
68.0
365.5
2450.5
697.5
1556.0
1027.0
3025.0
667.5
3097.0
1268.5
4105.5
2201.5
2943.0
656.5
0
1983.5
2658.0
257.0
2032.5
0
407.0
909.0
68.0
4132.0
2983.0
2382.5
0
2363.0
1907.5
1857.0
4460.0
1647.0
723.5
0
407.0
2312.5
2659.5
3486.0
0
879.0
1034.0
2230.0
3724.0
1390.0
714.5
179.0
300.5
1601.5
3842.0
2237.5
315.5
2349.5
508.5
576.5
68.0
2656.0
464.0
937.0
2734.0
332.0
1167.5
528.0
2789.5
1091.5
2413.5
315.5
0
138.0
1029.5
68.0
126.5
1636.0
1995.0
0
126.5
253.5
126.5
508.5
1746.5
889.5
0
991.0
3276.0
0
478.0
120.5
68.0
2376.5
438.5
1474.5
126.5
0
3417.5
126.5
183.5
0
0
4.0
138.0
1559.0
300.5
3821.0
2535.0
0
2821.0
401.0
257.0
0
3004.5
419.5
932.5
115.5
546.0
419.5
0
4175.5
126.5
1378.5
0
113.5
1443.5
684.0
2531.5
2667.0
978.0
1569.0
419.5
327.0
1179.0
1692.0
2816.5
1772.5
0
113.5
4356.0
905.5
1285.0
126.5
257.0
0
243.5
1466.0
2388.5
126.5
390.5
1542.0
2726.0
0
4085.0
1142.0
1021.5
3639.0
0
0
3743.0
329.5
1373.0
1454.0
2314.5
1010.0
3176.0
467.0
0
816.5
549.5
68.0
138.0
2451.0
777.0
1979.5
289.0
1160.5
4465.0
183.5
2101.5
68.0
2537.0
2840.5
4563.5
489.5
68.0
620.5
3552.0
0
5420.0
2050.5
2950.5
2278.0
3111.5
2468.0
0
0
2450.5
0
3703.5
829.5
0
138.0
0
1968.0
1601.5
2269.5
0
138.0
2259.5
359.0
1451.5
120.5
115.5
0
1385.5
1115.5
183.5
0
359.0
1892.5
666.5
0
593.5
0
1163.5
1301.0
442.5
0
575.0
420.0
0
0
0
1528.5
1465.0
2495.0
285.5
730.5
3904.5
0
0
220.5
602.0
0
126.5
242.0
126.5
4371.5
736.0
2604.0
194.5
4140.5
3358.0
300.5
4487.5
0
383.0
0
386.0
1733.0
1042.5
1603.0
1019.5
190.5
0
719.0
2291.0
1719.5
2786.5
0
1616.5
115.5
0
68.0
755.5
126.5
2938.5
0
0
2234.0
1512.0
126.5
68.0

0
0
186.5
2015.0
1756.0
3732.0
0
0
871.0
0
2979.0
1346.5
419.5
1790.5
1924.0
1590.5
3130.0
2045.0
2088.5
1396.5
333.0
407.0
0
3211.5
497.0

126.5
183.5
3089.5
3115.0
3878.5
68.0
138.0
3967.0
3028.5
138.0
138.0
1061.0
126.5
0
0
2085.0
1176.5
68.0
2483.0
68.0
2374.0
0
0
1655.5
652.0
1782.5
1744.5
1531.0
1412.5
497.0
2300.5
374.5
809.0
1774.5
0
120.5
3947.5
0
452.5
2107.5
128.0
0
136.0
68.0
667.5
179.0
1402.5
3394.5
1085.0
3245.0
5254.5
686.5
2098.5
186.5
2645.5
2262.0
0
194.5
1322.0
1184.0
1710.0
1688.5
1987.5
0
0
2707.5
289.0
497.0
179.0
438.5
0
824.0
868.5
2131.0
186.5
929.5
988.0
1737.0
4380.5
672.0
68.0
1314.0
1641.0
0
438.5
438.5
4000.5
3804.5
0
68.0
1439.0
832.5
0
489.5
633.5
698.5
1879.0
2236.5
516.5
2193.0
3138.5
126.5
1738.0
243.5
1733.0
1646.5
183.5
4579.5
5072.0
2224.5
1141.5
1531.5
1285.0
3136.0
365.5
481.0
3344.0
2016.5
4541.0
2106.0
421.0
68.0
126.5
1122.0
68.0
880.0
68.0
1853.0
716.0
3274.0
68.0
68.0
0
1907.5
1144.5
1806.0
3232.5
3528.0
126.5
1161.0
2194.0
736.0
2020.0
0
2582.5
629.0
2124.5
1258.5
478.0
4058.5
3970.0
2895.0
3362.0
3307.5
700.0
583.0
2865.0
729.5
2880.5
2162.5
1448.0
1112.0
1327.5
68.0
1643.5
2705.5
3916.0
2509.5
4414.0
1106.0
0
1313.5
0
1877.5
3982.5
126.5
4016.0
476.5
0
2320.0
1356.5
2935.5
0
68.0
2402.0
508.5
138.0
3514.5
1297.0
3578.5
1061.0
692.0
1343.0
2819.0
4754.5
0
138.0
3953.5
0
907.0
4478.5
986.0
4863.5
885.5

0
2656.0
3604.5
1014.5
1164.0
1674.0
1975.5
1330.5
230.5
2558.5
5660.0
4166.5
929.0
0
0
1106.5
3703.0
1240.0
194.5
2424.0
0
0
0
68.0
1961.0
0
3135.0
0
3271.5
1610.5
2795.5
2154.5
0
1318.0
138.0
717.0
3265.0
3939.5
1615.5
0
4067.0
5012.0
478.0
2257.5
5620.5
5080.0
0
128.0
0
700.0
988.0
774.0
4947.0
652.0
698.5
2394.0
3782.0
3932.5
1313.5
459.5
2608.5
3204.0
3635.5
2939.0
1790.5
1305.0
1764.0
68.0
598.0
3232.5
2152.0
0
489.5
2212.0
0
1363.0
3253.0
2471.5
5130.5
804.5
4091.5
1140.5
1439.0
3992.0
68.0
2183.5
0
1902.0
1374.0
232.0
243.5
2815.0
519.5
3130.0
5793.0
296.0
0
2404.5
0
126.5
3142.5
2653.5
1665.0
2756.0
3840.0
497.0
3579.5
1998.5
1728.5
4645.5
0
489.5
4332.0
0
2644.5
717.0
2337.0
1926.5
1219.0
68.0
1046.5
936.5
4741.5
4053.0
0
1458.0
1113.0
1849.5
68.0
186.5
5057.0
3576.5
2547.0
128.0
3473.5
348.5
2978.0
613.5
1606.0
1580.5
1011.5
4284.5
3426.5
0
3052.5
478.0
554.5
2833.0
1907.0
1927.5
0
3381.0
3523.5
3588.0
2954.0
960.5
562.0
879.0
2677.5
2440.0
2673.5
3615.0
3099.0
2799.0
3243.0
3412.5
3222.5
3003.5
656.5
253.5
1444.0
2778.0
3177.5
138.0
1159.5
5788.5
183.5
1089.0
478.0
2422.5
3740.5
3440.5
68.0
3268.5
1833.0
497.0
0
2888.0
985.0
0
1237.5
68.0
898.5
2257.0
1394.0
2505.5
2842.5
3136.5
68.0
126.5
1585.5
0
2466.5
68.0
2062.0
811.0
0
0
126.5
1767.0
68.0
126.5
1573.5
884.0
668.0
2550.0
0
.5
0
126.5
939.5
126.5
4735.5
1546.0
2386.5
459.5
2313.0
183.5

1871.0
383.0
0
1548.0
0
2213.5
0
138.0
1181.5
1083.5
799.5
3718.5
2995.5
593.5
1211.5
0
126.5
793.0
68.0
2590.0
3337.0
0
3418.0
3648.5
2116.5
1201.0
1303.5
1836.5
2427.0
68.0
1990.0
2613.5
1037.5
3946.0
1715.5
401.0
138.0
1865.5
1484.5
2553.0
0
303.5
969.5
1981.0
2713.5
138.0
190.5
459.5
861.5
5597.5
1073.5
2280.5
0
1192.5
0
0
2894.0
2915.5
2639.0
1081.0
459.5
4019.0
243.5

2609.0
1348.5
3507.0
68.0
478.0
951.0
257.0
1643.0
2966.5
2420.5
2657.0
3731.5
1476.5
2089.5
3201.0
3321.5
872.5
2593.0
0
538.0
2763.0
150.0
68.0
1150.0
424.0
1781.5
0
2436.5
4047.5
1772.0
300.5
458.0
1638.0
806.0
680.5
3522.5
183.5
3533.5
782.0
1184.5
126.5
365.5
790.0
404.5
667.5
1672.0
3929.5
1112.5
126.5
476.0
2572.5
2507.5
2773.5
1422.0
126.5
2615.5
1763.0
438.5
989.5
1231.5
3876.0
534.5
3665.0
126.5
4860.0
1786.0
2935.0
499.0
809.5
2189.5
2479.0
722.0
370.5
1087.5
4138.0
4758.5
3412.5
2473.5
419.5
242.0
3464.5
1248.5
996.5
1780.0
435.5
390.5
0
1936.0
68.0

68.0
889.0
68.0
3175.5
1772.5
0
424.0
278.0
68.0
425.5
2755.0
0
2191.5
1193.0
419.5
2139.0
2819.0
424.0
68.0
1022.5
905.5
3289.5
401.0
2576.0
0
1485.0
949.5
1113.5
1924.0
2167.0
1041.0
489.5
1151.5
2864.0
1800.0
0
1147.5
3341.5
1218.0
2435.0
1637.0
523.5

2298.0
3968.5
0
2072.0
2656.5
3453.5
0
3439.5
4509.0
661.5
2399.5
1942.0
0
0
1181.5
126.5
407.0
2054.5
977.0
126.5
68.0
0
1489.0
2201.5
2029.0
126.5
0
126.5
0
1400.5
300.5
2179.5
656.5
1464.5
1054.0
767.5
0
0
348.5
4004.0
478.0
68.0
2660.5
68.0
138.0
290.5
1392.5
1160.5
1424.5
3490.5
2998.0
2765.5
0
1462.0
640.5
1968.0
2059.5
794.5
535.0
0
3576.0
0
0
478.0
767.5
583.0
1433.0
68.0
4852.5
1553.0
799.5
2154.0
1715.0
1466.5
478.0
4070.0
438.5
2808.5
2816.5
2171.5
3188.5
628.5
3036.0
646.0
1221.0
3479.5
2599.5
138.0
0
120.5
1822.5
0
2779.5
0
0
2719.5
2229.0
0
1.5
652.0
68.0
194.5
179.0
1139.0
0
0
2058.5
0
68.0
2124.5
257.0
829.0
68.0
5754.5
374.5
2499.0
3813.0
1178.5
3117.0
0
0
595.0
0
3858.5
0
3141.5
0
0
4707.0
470.5
128.0
179.0
1973.0
4632.5
2098.5
0
2896.5
2073.0
0
1858.0
0
419.5
575.0
3134.0
68.0
1417.0
459.5
0
2089.5
1360.0
0
3.5
0
68.0
0
3575.0
68.0
2130.5
173.0
68.0
2742.0
2546.0
0
126.5
0
3536.0
0
716.0
1355.0
476.0
2145.5
373.5
620.5
4409.5
0
1019.5
0
0
2163.5
1575.0
0
68.0
867.5
0
365.5
471.0
3559.5
1773.5
115.5
0
401.0
1010.0
0
0
0
0
0
0
564.5
126.5
126.5
370.5
0
2301.5
3300.0
620.5
3501.0
0
126.5
3681.0
2379.5
1138.5
2824.0
2847.5
478.0
806.0
2643.0
1483.0
1482.0
0
3412.5
179.0
390.5
1873.5
313.5
0
68.0
126.5
300.5
486.0
489.5
1965.5
126.5
1464.0
0
2508.0
1566.0
3322.0
2397.0
0
0
925.0
2702.5
641.5

3080.0
0
264.5
2094.0
68.0
497.0
313.5
68.0
837.5
359.0
173.0
3446.0
401.0
138.0
0
68.0
138.0
1023.5
1744.5
128.0
348.5
2220.0
0
0
302.0
4103.5
1317.0
2860.5
3820.0
2442.0
2900.0
2048.5
3242.5
0
239.0
0
9.0
2056.5
171.0
3008.0
1384.5
846.0

1240.0
0
2255.0
0
68.0
5800.0
0
68.0
1198.5
0
0
2498.0
2051.5
2924.0
647.0
0
0
3901.0
346.0
477.5
2758.5
790.0
0
126.5
4013.0
771.0
0
5029.5
1669.5
0
1018.5
958.5
4044.0
3433.0
419.5
242.0
2572.0
0
138.0
4884.0
68.0
2700.0
0
0
1888.0
1219.0
68.0
3547.5
0
68.0
2151.0
0
2516.0
3444.0
614.0
1239.5
0
547.0
0
913.5
5025.0
1464.0
68.0
0
0
464.0
2556.0
2734.0
0
704.5
0
0
1291.0
2535.0
0
68.0
921.0
2269.5
0
3818.0
509.0
734.0
1176.5
1432.5
1156.5
1479.5
768.0
497.0
0
894.0
3164.5
0
365.5
2672.0
2862.0
3349.5
0
0
640.5
790.0
2227.5
0
0
138.0
582.5
5317.0
0
3077.5
2599.5
0
2520.0
4655.5
128.0
3195.0
0
1019.0
0
5765.0
3900.0
138.0
150.0
478.0
2548.0
2796.0
302.0
2311.5
0
0
5268.0
2781.0
0
0
5457.5
128.0
242.0
474.5
126.5
4616.5
438.5
138.0
3118.0
0
0
355.5
0
0
0
2701.0
401.0
489.5
0
419.5
2910.0
0
1474.0
1707.0
1480.5
545.5
1430.0
1073.5
789.5
3535.0
424.0
757.0
0
5594.0
0
718.5
2512.5
872.0
2338.0
138.0
128.0
665.0
0
0
0
0.0
0
1115.5
1824.5
0
68.0
68.0
126.5
497.0
243.5
344.0
68.0
2096.0
474.5
721.5
419.5
489.5
253.5
0
1206.0
5859.0
2432.0
407.0
1016.5
126.5
0
315.5
822.5
514.5
0
1303.5
2183.5
549.5
1618.5
3902.5
2292.0
365.5
0
0
138.0
1344.5
0
699.5
418.5
0
427.0
1448.5
815.5
3501.0
2251.0
1429.0
126.5
653.5
2214.5
365.5
3003.5
0
2564.5
3807.0
1525.0
68.0
943.5
459.5
4627.5
1207.0
0
0
860.0
1332.5
581.0
891.5
475.0
0
126.5
1764.0
712.5
418.5
0
2699.0
1994.0
4254.0
0
242.0
68.0
183.5
0
0
4663.5
68.0
653.0
0
0
593.5
774.5
627.5
0
4710.5
138.0
916.0
3097.5
126.5
446.5
0
1966.5
68.0
0
370.5
1394.0
0
2420.5
365.5
68.0
5581.0
538.0
639.5
0
0
68.0
0
0
478.0
5361.0
0
138.0
0
0
68.0
0
2983.0
3275.5
126.5
138.0
0
2407.5
68.0
479.5
652.0
2317.5
0
3720.5
1059.0
2012.0
0
300.5
0
68.0
5694.5
2057.5
0
126.5
3454.0
2940.0
0
126.5
2371.5
1458.0
126.5
902.5
1050.0
359.0
5818.0
0
126.5
2864.5
243.0
138.0
0
0
126.5
0
419.5
4363.0
498.5
2148.0
533.5
68.0
0
4167.5
0
0
68.0
247.0
264.5
0
0
771.0
889.0
0
0
359.0
2372.5
4561.0
220.5
0
0
0
302.0
0
359.0
136.0
1076.5
1866.0
128.0
126.5
2938.5
0
358.0
0
126.5
0
958.5
4475.5
0
573.5
3213.0
0
126.5
1090.5
2116.0
0
138.0
2780.0
0
575.0
0
828.5
253.0
68.0
365.5
964.0
1172.5
0
253.5
478.0
2000.5
964.5
0
1327.5
837.5
0
0
68.0
0
365.5
797.0
2852.0
0
0
2062.0
698.5
1330.5
1447.0
419.5
2267.5
704.5
128.0
1219.0
907.0
586.5
763.5
0
1543.0
68.0
2367.0
953.0
418.0
126.5
424.0
128.0
551.0
0
365.5
2422.5
2981.0
1023.5
0
126.5
3134.0
595.0
0
2595.0
1354.0
5521.5
68.0
0
1030.5
637.0
302.0
0
0
1334.5
3122.0
1529.5
717.0
1411.5
0
4558.0
0
126.5
0
.0
692.0
1498.0
126.5
126.5
717.0
3052.5
115.5
1646.0
497.0
1225.5
179.0
126.5
198.0
459.5
1709.0
0
230.5
128.0
720.5
0
3721.5
0
1.0
0
126.5
1744.0
0
653.5
0
0
138.0
4540.5
787.0
0
1469.5
243.5
0
370.5
0
1708.0
757.0
3216.0
300.5
772.5
3037.0
0
478.0
138.0
0
0
3162.5
516.5
459.5
771.0
472.0
316.0
0
2200.5
126.5
0
424.0
0
344.0
419.5
623.5
302.0
243.5
1326.0
126.5
68.0
1190.5
0
0
0
0
138.0
489.5
407.0
775.5
120.5
1275.5
1618.0
949.5
516.5
3193.0
528.0
1856.0
68.0
435.5
0
68.0
539.5
68.0
622.0
497.0
138.0
359.0
646.0
231.5
126.5
2075.0
465.0
497.0
892.0
0
0
1145.0
964.5
608.5
126.5
0
1067.5
2465.5
988.5
0
120.5
1567.5
0
0
1089.5
1885.5
438.5
418.5
138.0
126.5
3816.0
5130.0
830.0
242.0
168.0
4716.0
0
471.0
519.5
0
1227.5
68.0
886.0
0
478.0
1899.0
0
126.5
419.5
860.0
1355.0
2015.5
479.5
0
173.0
2842.5
558.5
126.5
1091.0
419.5
0
0
68.0
497.0
365.5
289.0
407.0
0
136.0
253.0
419.5
0
682.5
401.0
0
2318.0
3931.5
2028.0
126.5
126.5
126.5
68.0
467.0
68.0
1238.0
0
126.5
2508.0
0
2052.0
126.5
1112.0
179.0
1093.5
183.5
0
770.0
407.0
721.5
0
478.0
68.0
0
68.0
0
126.5
126.5
0
637.0
663.0
0
190.5
407.0
1137.5
0
0
598.0
564.0
276.5
695.0
355.5
2011.0
0
2286.5
218.0
419.5
703.5
0
438.5
0
599.5
186.5
68.0
0
0
531.0
0
0
3392.0
3842.5
1865.0
435.5
707.5
3412.5
770.0
0
5819.0
138.0
126.5
5328.5
933.5
424.0
0
0
539.5
365.5
535.0
0
562.0
0
126.5
535.0
1276.5
775.5
1238.5
3739.5
0
1021.5
0
0
0
179.0
3332.5
2337.5
413.0
0
126.5
1647.0
2152.0
68.0
126.5
699.5
1506.0
2323.5
243.5
419.5
459.5
68.0
2106.0
0
1352.5
0
0
0
120.5
0
1457.0
1820.0
418.5
0
3310.0
1472.5
2779.5
3022.5
0
173.0
126.5
126.5
0
2760.5
0
1616.5
875.5
242.0
300.5
1493.0
348.5
478.0
413.0
0
555.5
1022.5
138.0
979.0
478.0
0
0
128.0
438.5
3108.0
0
419.5
778.5
717.0
354.5
355.5
126.5
302.0
1119.5
0
0
0
919.0
0
68.0
471.0
138.0
2890.0
438.5
710.5
359.0
365.5
897.5
789.0
138.0
68.0
370.5
68.0
413.0
633.5
126.5
407.0
0
0
126.5
2017.0
1530.5
0
0
128.0
419.5
0
478.0
126.5
138.0
0
0
257.0
68.0
138.0
0
882.0
1799.5
471.0
126.5
0
1120.5
911.0
0
1452.5
438.5
126.5
0
829.5
809.5
1207.0
0
1971.0
0
2621.0
300.5
3363.5
0
2094.5
0
0
883.5
0
257.0
68.0
0
0
0
2917.5
68.0
126.5
0
138.0
1493.5
0
0
656.5
2591.5
0
2745.0
843.0
1534.0
952.0
68.0
889.0
0
0
1475.5
0
901.5
0
190.5
3711.0
2584.0
419.5
478.0

401.0
1141.0
0
0
0
419.5
0
257.0
0
969.5
758.5
1482.0
732.5
775.5
0
68.0
138.0
68.0
0
302.0
0
0
186.5
120.5
0
1375.5
1177.5
1058.0
471.0
0
68.0
138.0
186.5
0
0
0
0
418.5
775.5
1698.0
126.5
138.0
138.0
0
0
68.0
0
138.0
0
1719.0
407.0
126.5
126.5
0
1258.0
126.5
1221.5
68.0
0
6.5
138.0
2708.0
0
663.5
1081.0
1402.0
126.5
0
847.5
0
126.5
231.5
0
655.0
909.5
419.5
4588.5
3236.0
0
0
478.0
0
646.5
637.0
302.0
944.5
0
2054.0
126.5
68.0
0
0
573.5
243.0
115.5
3291.0
126.5
478.0
794.5
253.5
790.0
2167.5
126.5
489.5
0
0
868.0
490.0
0
656.0
3463.5
138.0
68.0
674.0
0
0
0
734.5
0
0
1181.5
489.5
348.5
0
717.0
418.5
302.0
3298.0
302.0
4482.0
126.5
257.0
0
793.0
3320.0
0
0
846.0
243.0
1055.0
771.5
361.0
438.5
418.5
0
0
424.0
478.0
0
126.5
0
770.0
539.5
126.5
435.5
126.5
441.5
68.0
2366.0
138.0
138.0
1030.0
1938.0
1731.5
653.5
2638.5
1062.0
2039.0
829.5
0
126.5
0
126.5
3295.5
0
0
418.5
5472.5
5659.0
0
0
478.0
0
0
860.0
0
68.0
126.5
3911.0
418.5
221.5
1127.5
126.5
120.5
0
138.0
126.5
0
716.0
68.0
0
126.5
618.5
478.0
126.5
68.0
2260.5
2273.5
316.0
464.0
68.0

838.0
68.0
365.5
0
895.0
463.0
0
3533.0
68.0
809.0
916.5
0
0
406.0
0
1930.5
68.0
0
0
418.5
0
370.5
0
1400.5
419.0
126.5
0
0
879.0
126.5
115.5
0
1016.5
126.5
0
2717.0
1392.0
1660.0
0
489.5
126.5
0
1758.0
419.5
236.0
0
242.0
3317.5
138.0
0
771.0
126.5
3577.0
2566.5
183.5
383.0
2533.5
486.0
138.0
0
68.0
0
68.0
126.5
0
0
1038.0
126.5
126.5
3009.0
478.0
365.5
0
1393.0
478.0
0
821.0
68.0
471.0
0
68.0
582.0
0
138.0
746.0
2779.5
407.0
138.0
68.0
120.5
0
1356.5
0
183.5
144.5
419.5
138.0
0
438.5
489.5
860.0
1518.0
0
0
1294.5
0
438.5
0
0
0
138.0
68.0
2089.0
126.5
4194.5
316.0
0
0
599.5
126.5
68.0
489.5
1551.5
0
2509.0
0
923.5
0
823.5
370.5
404.5
2647.0
0
68.0
897.0
365.5
0
534.5
68.0
0
2619.0
0
126.5
172.0
872.0
419.5
0
0
0
478.0
302.0
0
128.0
0
1212.0
794.5
0
230.5
497.0
659.5
126.5
787.0
3371.5
183.5
703.5
300.5
906.0
528.0
0
1479.0
419.5
0
386.0
365.5
497.0
0
1029.5
0
1434.5
0
0
0
1319.5
68.0
183.5
812.5
0
355.5
1984.0
68.0
333.0
126.5
126.5
667.5
653.5
595.0
1919.0
0
68.0
0
120.5
0
787.0
359.0
0
4383.5
478.0
126.5
0
0
4257.0
0
365.5
126.5
186.5
1143.5
623.0
2157.0
419.5
138.0
0
459.5
126.5
736.0
734.5
0
0
0
0
814.0
126.5
138.0
126.5
0
253.5
0
126.5
0
0
.0
138.0
179.0
1087.5
614.0
646.0
989.0
355.5
712.0
68.0
591.5
0
401.0
0
231.5
0
0
0
489.5
316.0
68.0
0
0
1670.5
0
617.0
419.0
478.0
138.0
489.5
126.5
68.0
478.0
721.0
0
0
126.5
516.5
0
0
126.5
179.0
894.0
300.5
253.5
0
68.0
777.5
0
68.0
0
419.5
128.0
376.0
0
0
138.0

68.0
4116.0
253.0
126.5
126.5
0
0
138.0
126.5
0
3697.0
0
68.0
905.5
68.0

401.0
68.0
138.0
0
0
126.5
497.0
418.5
880.5
126.5

1081.0
128.0
0
126.5
348.5
0
68.0
126.5
0
68.0
487.5
300.5
0
435.5
0
0
68.0
700.0
464.0
497.0
68.0
126.5
0
419.5
0
126.5
0
0
126.5
126.5
0
0
68.0
1069.5
717.0
68.0
478.0
1193.5
68.0
68.0
138.0
0
68.0
126.5
136.0
0
0
0
438.5
1591.0
3003.5
231.5
179.0
0
138.0
126.5
0
0
0
68.0
126.5
471.0
0
848.5
0
0
797.0
1086.5
0
686.5
0
0
3.0
419.5
1534.0
302.0
68.0
138.0
489.5
313.5
984.0
296.0
0
183.5
126.5
126.5
0
3184.0
0
.0
138.0
138.0
4793.0
68.0
0
138.0
0
138.0
0
242.0
0
0
407.0
438.5
257.0
435.5
68.0
365.5
68.0
126.5
366.0
136.0
722.0
0
68.0
1000.5
0
0
126.5
285.5
0
300.5
523.5
68.0
68.0
359.0
0
68.0
652.0
0
126.5
0
1477.0
0
4937.0
126.5
0
300.5
0
518.0
0
386.0
3062.0
0
0
0
1576.5
68.0
641.5
357.5
2741.0
138.0
138.0
138.0
370.5
138.0
0
0
0
126.5
138.0
138.0
722.0
138.0
0
0
0
640.5
1211.0
0
0
0
840.5
120.5
365.5
0
717.0
0
1231.5
68.0
138.0
0
1951.5
3526.0
3734.0
508.5
0
68.0

0
128.0
177.0
0
0
0
1163.5
128.0
608.5
0
1797.0
126.5
68.0
1092.5
126.5
717.0
478.0
605.0
0
138.0
717.0
0
0
0
479.5
0
0
126.5
253.0
68.0
68.0
4507.5
5185.5
0
126.5
138.0
0
0
486.0
138.0
875.0
242.0
892.0
126.5
0
138.0
68.0
0
486.0
2514.5
0
2307.0
0
0
0
628.0
138.0
789.0
0
126.5
0
0
1373.0
0
348.5
138.0
0
1525.5
126.5
0
365.5
126.5
0
172.0
478.0
1395.0
0
4272.5
126.5
0
0
0
0
.5
3365.5
68.0
253.5
0
138.0
856.5
138.0
0
424.0
243.5
418.5
348.5
419.5
0
928.0
0
0
68.0
0
640.5
0
194.5
68.0
4212.0
0
0
489.5
0
521.5
68.0
1068.5
2924.0
138.0
0
0
1860.0
186.5
0
0
128.0
68.0
419.5
524.5
794.5
777.5
792.0
0
0
0
253.5
68.0
1429.5
126.5
458.0
804.5
0
126.5
179.0
0
0
359.0
704.5
0
0
0
0
390.5
302.0
291.0
126.5
68.0
0
0
0
0
2275.5
2568.5
126.5
68.0
479.5
1656.5
0
0
478.0
138.0
508.5
138.0
186.5
0
0
0
.5
0
370.5
370.5
2675.5
0
1112.0
0
4428.5
737.5
438.5
68.0
419.5
3272.0
401.0
0
0
0
.5
0
0
0
736.0
0
1649.5
0
651.0
348.5
1002.5
68.0
0
0
0
0
873.0
138.0
740.0
0
0
355.5
0
0
0
68.0
0
0
0
1512.5
68.0
138.0
126.5
478.0
253.5
0
0
471.0
0
304.5
0
68.0
0
2.0
0
68.0
0
0
0
68.0
575.0
0
0
0
1339.0
0
0
419.5
0
68.0
126.5
0
0
359.0
68.0
479.5
126.5
344.0
126.5
0
242.0
0
0
2910.0
0
138.0
0
2211.5
0
514.5
1046.0
771.0
0
68.0
1322.0
68.0
68.0
186.5
126.5
68.0
0
580.0
1054.0
0
707.0
383.0
359.0
0
0
0
68.0
0
3361.5
138.0
0
1527.0
0
0
186.5
548.0
438.5
126.5
0
0
126.5
0
0
355.5
0
126.5
607.0
0
497.0
138.0
0
365.5
2424.5
0
652.0
313.5
68.0
126.5
126.5
1044.5
0
126.5
849.5
0
68.0
115.5
0
0
0
126.5
591.5
0
845.5
0
138.0
300.5
0
0
0
0
0
359.0
365.5
365.5
0
0
901.0
126.5
0
138.0
0
68.0
909.5
345.5
864.0
438.5
478.0
126.5
0
243.5
0
438.5
0
138.0
3139.0
0
0
0
471.0
386.0
0
68.0
419.5
126.5
126.5
489.5
0
0
0
0
.5
1966.0
0
126.5
438.5
1356.0
849.5
0
315.5
0
0
190.5
0
126.5
138.0
582.0
0
186.5
478.0
126.5
126.5
0
0
0
0
68.0
459.5
0
0
456.5
0
0
0
0
179.0
0
126.5
68.0
386.0
1356.5
0
138.0
0
0
0
0
126.5
478.0
0
0
729.5
0
0
313.5
489.5
0
0
183.5
0
841.5
68.0
542.5
0
0
0
8.0
231.5
0
126.5
68.0
68.0
68.0
0
0
5.0
0
401.0
407.0
138.0
424.0
0
128.0
0
0
0
902.0
126.5
359.0
419.5
830.0
126.5
0
0
830.0
289.0
231.0
0
302.0
68.0
601.0
1038.5
0
0
768.5
138.0
365.5
0
0
723.5
846.5
126.5
173.0
126.5
0
478.0
478.0
138.0
0
0
0
0
2351.0
363.5
0
0
120.5
0
126.5
1520.0
0
717.0
0
138.0
0
126.5
0
.5
0
0
0
120.5
0
0
0
1489.5
0
0
0
0
0
138.0
737.5
0
358.5
0
172.0
0
183.5
138.0
0
489.5
0
0
599.5
0
0
68.0
0
126.5
138.0
0
138.0
68.0
1586.5
0
302.0
0
230.5
1659.0
0
0
183.5
0
402.0
126.5
374.5
0
138.0
126.5
0
0
126.5
0
370.5
0
0
0
0
186.5
138.0
0
0
2947.5
138.0
0
243.0
242.0
1480.5
0
407.0
0
0
0
0.5
138.0
459.5
68.0
0
138.0
302.0
0
0
0
0
1285.0
126.5
365.5
126.5
198.0
138.0
138.0
243.0
0
68.0
126.5
0
.0
126.5
419.5
0
0
692.0
68.0
0
68.0
0
656.5
0
138.0
478.0
0
0
0
497.0
516.5
0
0
138.0
0
126.5
0
0
497.0
725.0
0
0
0
0
0
0
0
0
0
126.5
126.5
68.0
370.5
68.0
0
0
1130.0
0
68.0
0
1383.0
138.0
68.0
0
812.0
126.5
806.0
0
0
0
359.0
0
4947.5
0
727.0
126.5
68.0
0
419.5
126.5
1212.0
0
126.5
0
2741.0
0
516.5
179.0
591.0
651.0
0
1477.5
138.0
478.0
438.5
126.5
733.0
2192.0
68.0
803.0
0
68.0
115.5
126.5
757.0
0
0
315.5
0
138.0
0
478.0
0
126.5
136.0
0
0
0
0
0
539.5
242.0
0
2258.5
128.0
126.5
1554.5
0
0
0
0
0
729.5
0
.5
0
0
126.5
419.5
0
0
0
0
128.0
0
68.0
138.0
365.5
0
315.5
0
0
190.5
0
0
509.0
0
871.0
365.5
231.5
126.5
779.0
0
0
126.5
0
0
126.5
128.0
68.0
126.5
0
0
419.5
0
359.0
68.0
126.5
0
0
.5
194.5
0
0
138.0
194.5
418.5
498.5
0
179.0
0
0
0
128.0
126.5
68.0
0
0
0
179.0
186.5
359.0
68.0
489.5
0
558.0
0
595.0
0
179.0
424.0
0
603.0
0
68.0
0
0
0
.0
0
0
0
906.0
0
0
523.5
126.5
0
68.0
0
0
0
138.0
138.0
0
126.5
1010.0
501.0
0
344.0
126.5
0
126.5
0
419.5
0
68.0
359.0
418.5
575.0
0
0
126.5
243.5
0
126.5
419.5
0
355.5
126.5
0
374.5
419.5
126.5
126.5
0
0
68.0
0
126.5
126.5
497.0
0
638.5
138.0
126.5
68.0

0
126.5
0
898.5
0
0
68.0
0
0
0
126.5
0
0
0
.0
0
650.0
0
126.5
0
0
0
126.5
0
138.0
126.5
315.5
0
126.5
0
0
0
0
126.5
0
0
0
737.5
359.0
594.0
868.5
0
0
458.0
0
472.0
0
138.0
927.5
787.0
0
0
0
0
0
0
383.0
0
120.5
0
.5
348.5
0
0
126.5
0
0
0
0
0
582.5
0
.0
671.0
0
179.0
489.5
126.5
0
0
115.5
0
126.5
0
0
126.5
138.0
68.0
722.0
126.5
68.0
0
138.0
0
640.5
0
68.0
355.5
0
0
0
68.0
126.5
179.0
0
0
0
126.5
0
126.5
138.0
253.5
0
0
0
1042.5
0
1037.0
0
.5
1354.0
126.5
0
459.5
138.0
0
68.0
0
1024.0
489.5
0
836.5
0
0
126.5
1764.0
0
0
704.5
1042.5
0
413.0
0
0
138.0
126.5
190.5
0
0
0
698.5
0
365.5
68.0

0
432.5
489.5
0
0
0
0
390.5
0
1234.0
0
126.5
0
138.0
138.0
0
0
0
1056.0
302.0
186.5
179.0
0
0
.5
523.5
0
0
521.5
0
0
435.5
230.5
0
0
769.5
68.0
302.0
138.0
115.5
126.5
438.5
126.5
0
0
790.0
0
126.5
0
126.5
0
0
0
126.5
368.5
0
0
0
0
0
194.5
0
383.0
0
115.5
508.5
231.0
0
126.5
126.5
138.0
837.5
150.0
332.0
0
0
489.5
0
365.5
0
359.0
374.5
0
126.5
0
539.5
0
138.0
0
0
658.5
0
0
946.0
344.0
0
0
138.0
0
68.0
471.0
0
0
512.0
0
0
0
920.0
0
435.5
231.5
0
0
126.5
0
1087.5
126.5
344.0
0
138.0
302.0
407.0
0
115.5
126.5
0
0
0
390.5
126.5
0
68.0
1508.0
138.0
115.5
0
0
138.0
0
904.5
0
1257.0
0
0
656.5
0
419.5
0
0
365.5
1228.0
68.0
126.5
138.0
0
0
0
804.5
289.0
0
0
0
138.0
0
0
417.5
138.0
68.0
1858.0
812.0
0
0
.5
126.5
0
435.5
0
0
0
1037.0
0
541.0
0
68.0
138.0
68.0
126.5
126.5
243.5
0
0
0
242.0
126.5
126.5
115.5
0
0
0
0
0
68.0
0
68.0
672.5
126.5
611.0
126.5
682.0
344.0
0
508.5
1199.0
0
138.0
179.0
0
0
126.5
0
0
300.5
0
276.5
126.5
126.5
0
0
780.0
0
126.5
435.5
348.5
868.0
424.0
138.0
0
0
0
190.5
1025.0
0
0
0
407.0
0
0
0
359.0
0
138.0
126.5
68.0
302.0
126.5
126.5
0
725.0
126.5
138.0
0
0
138.0
419.5
550.0
359.0
0
0
0
0
0
2591.5
1349.0
315.5
0
126.5
0
.0
0
68.0
126.5
0
0
0
126.5
126.5
68.0
511.0
0
406.0
0
530.5
230.5
0
1269.0
2147.5
0
68.0
717.0
126.5
607.0
0
549.5
0
653.5
0
0
0
0
0
484.0
0
126.5
126.5
115.5
138.0
370.5
0
1291.0
138.0
0
0
68.0
370.5
0
253.0
138.0
0
0
518.0
370.5
0
0
0
459.5
68.0

0
138.0
253.5
784.0
126.5
138.0
253.0
438.5
126.5
115.5
138.0
0
0
0
0
0
656.5
1186.5
438.5
126.5
126.5
713.5
68.0
0
138.0
478.0
138.0
0
671.0
243.0
0
423.0
138.0
0
0
508.5
0
0
0
0
355.5
1403.0
0
126.5
0
0
68.0
300.5
0
0
2085.0
0
0
438.5
68.0

229.0
0
138.0
383.0
722.0
0
0
0
0
0
419.5
770.5
0
0
848.5
0
138.0
0
126.5
138.0
0
128.0
0
0
649.0
0
0
0
138.0
0
291.5
126.5
0
68.0
0
68.0
0
0
126.5
0
138.0
894.0
126.5
126.5
1990.0
0
126.5
0
0
0
478.0
0
0
126.5
0
0
1206.0
1842.0
0
0
0
243.5
126.5
302.0
0
243.5
315.5
138.0
126.5
0
68.0
0
0
68.0
478.0
0
126.5
0
253.0
0
0
0
126.5
126.5
424.0
0
365.5
1879.0
0
138.0
126.5
745.0
138.0
0
126.5
0
126.5
789.0
126.5
0
0
668.0
1135.5
0
264.5
471.0
68.0
0
0
641.5
0
883.0
0
138.0
0
0
734.5
138.0
0
68.0
126.5
0
0
0
435.5
1556.5
0
0
0
0
0
0
370.5
126.5
0
68.0
68.0
138.0
136.0
0
126.5
0
190.5
242.0
913.0
68.0
359.0
138.0
128.0
126.5
0
0
0
0
359.0
424.0
0
126.5
0
365.5
0
253.5
758.5
68.0
0
0
900.5
0
128.0
0
486.0
0
0
0
126.5
0
478.0
732.5
0
413.0
126.5
348.5
0
0
0
0
0
253.5
0
0
68.0
0
0
126.5
0
656.5
231.5
1205.0
0
0
0
996.0
68.0
0
68.0
183.5
0
0
383.0
0
0
848.5
0
0
0
242.0
302.0
424.0
0
0
138.0
672.5
126.5
0
126.5
138.0
390.5
1313.5
0
126.5
0
138.0
0
471.0
937.5
68.0
0
0
0
0
68.0
1293.5
0
459.5
359.0
126.5
120.5
68.0
640.5
1111.0
0
0
138.0
0
126.5
126.5
138.0
0
459.5
0
126.5
0
138.0
0
.5
126.5
957.0
126.5
253.5
402.0
0
0
0
0
370.5
1096.5
0
0
126.5
0
120.5
126.5
656.5
115.5
0
126.5
179.0
0
0
0
.0
0
893.0
1024.0
0
438.5
126.5
0
0
826.5
0
641.5
150.0
459.5
0
0
138.0
0
138.0
0
0
0
435.5
126.5
291.5
0
789.0
126.5
289.0
0
594.0
68.0
0
0
0
0
0
359.0
138.0
126.5
313.5
0
0
313.5
0
0
0
289.0
289.0
697.5
0
0
419.5
0
478.0
822.0
68.0
359.0
0
242.0
68.0
0
692.5
126.5
0
692.0
138.0
889.0
811.0
179.0
126.5
441.5
0
471.0
0
497.0
0
68.0
559.5
0
0
0
0
0
115.5
138.0
419.5
0
0
0
0
243.5
0
0
115.5
0
0
126.5
0
0
0
0
138.0
0
370.5
0
0
138.0
0
126.5
704.5
4842.5
972.5
0
68.0
138.0
0
138.0
126.5
0
68.0
0
435.5
138.0
126.5
68.0
0
68.0
0
0
365.5
115.5
138.0
0
242.0
126.5
1390.0
582.5
0
983.5
478.0
0
0
0
126.5
0
68.0
0
186.5
126.5
0
374.5
0
0
.5
0
419.5
0
0
68.0
138.0
138.0
0
138.0
253.5
2170.5
126.5
0
138.0
879.0
186.5
528.5
0
0
68.0
0
.0
0
0
0
120.5
0
302.0
0
0
0
126.5
242.0
355.5
1304.0
253.5
0
243.0
0
126.5
332.0
0
0
344.0
365.5
745.0
0
0
0
138.0
0
.0
1054.0
302.0
0
0
195.5
1255.0
0
138.0
692.0
138.0
0
243.0
0
0
.5
1445.0
1283.5
424.0
126.5
68.0
126.5
0
881.0
393.5
0
461.0
126.5
1081.0
302.0
0
231.5
138.0
418.5
0
0
138.0
68.0
539.5
0
126.5
0
418.5
0
390.5
126.5
138.0
1297.5
0
438.5
846.0
0
68.0
0
0
126.5
138.0
599.5
0
370.5
0
0
0
.0
126.5
126.5
357.5
0
0
0
190.5
0
138.0
126.5
0
126.5
1315.0
2074.0
68.0
0
68.0
0
126.5
302.0
824.5
68.0
530.5
68.0
478.0
0
138.0
0
243.5
671.5
179.0
1036.5
0
0
396.0
1223.0
138.0
138.0
408.0
0
113.5
0
0
359.0
688.0
435.5
0
2091.5
1911.5
0
138.0
0
0
489.5
2018.0
0
0
0
126.5
0
0
0
671.0
126.5
0
126.5
115.5
0
68.0
68.0
126.5
126.5
0
1041.0
0
68.0
0
0
0
0
0
126.5
508.5
138.0
0
289.0
68.0
126.5
179.0
431.5
0
771.5
1337.5
418.5
453.0
0
497.0
0
.5
0
128.0
0
115.5
0
68.0
0
.0
0
921.0
0
243.0
0
0
424.0
126.5
126.5
120.5
2176.0
242.0
0
68.0
0
0
0
0
471.0
734.0
0
508.5
1042.5
231.5
498.5
120.5
126.5
0
126.5
128.0
0
0
1817.5
0
126.5
488.0
136.0
253.0
0
126.5
0
639.5
68.0
0
0
126.5
0
302.0
0
0
126.5
0
0
.5
126.5
0
115.5
138.0
138.0
0
528.0
441.5
822.5
126.5
2090.0
138.0
344.0
0
0
1145.5
0
0
0
569.5
0
302.0
968.5
0
68.0
136.0
126.5
190.5
0
126.5
126.5
892.5
0
640.5
126.5
583.0
0
438.5
478.0
0
128.0
0
.0
0
613.5
126.5
0
1036.5
0
0
374.5
126.5
138.0
0
478.0
0
138.0
138.0
0
0
0
478.0
489.5
126.5
962.5
489.5
695.5
68.0
126.5
0
489.5
0
0
0
1671.0
624.0
0
126.5
126.5
68.0
355.5
0
0
475.5
68.0
992.0
0
0
0
0
0
365.5
671.0
126.5
190.5
138.0
417.5
126.5
0
0
0
126.5
0
365.5
138.0
622.0
0
407.0
68.0
138.0
186.5
0
0
253.5
596.5
595.0
120.5
489.5
115.5
0
68.0
0
0
0
0
0
242.0
0
0
0
0
68.0
554.0
0
0
68.0
0
934.5
0
0
.5
1584.5
0
424.0
0
407.0
186.5
126.5
478.0
126.5
68.0
868.0
128.0
497.0
0
126.5
68.0

348.5
407.0
0
243.5
2437.5
0
0
126.5
0
489.5
68.0
138.0
68.0
138.0
0
0
0
0
0
703.5
489.5
713.5
0
419.5
0
0
126.5
561.0
652.0
0
126.5
300.5
138.0
365.5
138.0
0
138.0
68.0
0
0
0
471.0
2980.5
0
68.0
68.0
0
0
.5
825.5
0
126.5
138.0
0
126.5
0
0
0
68.0
126.5
359.0
126.5
0
68.0
793.0
126.5
0
0
126.5
0
0
2234.5
0
68.0
126.5
126.5
0
126.5
458.0
867.5
472.0
418.5
0
138.0
521.5
0
401.0
68.0
242.0
126.5
2025.0
0
478.0
563.0
126.5
0
0
0
68.0
138.0
138.0
0
910.0
115.5
128.0
1203.0
0
186.5
1327.5
0
546.0
300.5
138.0
678.5
0
138.0
126.5
3104.0
0
0
68.0
126.5
374.5
120.5
0
943.0
0
138.0
0
0
470.5
126.5
481.0
871.5
138.0
1506.0
128.0
983.5
0
68.0
0
0
0
126.5
126.5
0
0
.0
68.0
138.0
497.0
0
0
0
0
126.5
471.0
115.5
138.0
138.0
0
401.0
407.0
126.5
68.0
138.0
0
775.5
0
489.5
68.0
126.5
138.0
0
0
418.5
489.5
126.5
876.5
243.5
419.5
0
0
355.5
0
1022.5
1252.5
0
424.0
811.0
362.0
68.0
1443.5
138.0
253.0
355.5
424.0
645.5
1100.0
243.0
365.5
0
231.5
774.5
0
0
0
0
0
826.0
68.0
516.5
253.5
0
0
0
0
0
0
1667.0
0
0
0
594.5
68.0
302.0
0
424.0
369.0
0
0
0
443.5
365.5
126.5
0
126.5
0
.0
138.0
0
0
0
419.5
829.5
0
0
600.5
0
559.5
359.0
0
138.0
478.0
0
0
68.0
355.5
68.0
0
0
300.5
0
128.0
0
0
68.0
0
128.0
0
516.5
138.0
126.5
242.0
68.0
0
315.5
302.0
0
458.0
138.0
0
128.0
0
68.0
300.5
698.5
186.5
0
554.0
0
498.5
0
0
607.0
478.0
138.0
126.5
0
0
1229.0
586.5
183.5
0
0
794.5
359.0
0
0
0
0
68.0
0
0
242.0
478.0
0
0
478.0
0
623.5
361.5
0
0
0
138.0
0
0
126.5
344.0
459.5
419.5
695.5
1527.5
0
0
6.5
406.0
126.5
568.0
0
0
0
770.0
438.5
0
0
0
242.0
126.5
359.0
138.0
0
0
126.5
0
850.0
1018.5
126.5
873.0
0
1295.0
138.0
68.0
0
656.5
138.0
138.0
0
302.0
640.5
300.5
0
0
.0
478.0
198.0
302.0
0
0
126.5
0
126.5
126.5
660.0
243.0
834.0
653.5
126.5
1381.5
68.0
0
0
0
128.0
0
0
489.5
794.5
887.0
126.5
613.0
486.0
0
0
0
1019.0
0
0
183.5
1534.5
365.5
0
190.5
138.0
3726.0
0
357.5
126.5
0
0
68.0
128.0
126.5
653.0
401.0
820.0
0
661.0
68.0
0
0
1068.5
733.0
632.5
1164.0
546.0
138.0
138.0
572.0
0
2418.0
126.5
288.0
68.0
0
984.5
0
0
4156.0
0
0
138.0
1345.0
126.5
0
68.0
126.5
138.0
0
524.0
332.0
0
0
0
0
68.0
0
1464.0
0
68.0

0
1449.5
489.5
68.0
0
0
126.5
883.0
0
0
239.0
0
438.5
478.0
530.5
126.5
841.5
126.5
846.5
0
1938.5
0
683.5
659.5
726.0
0
.0
478.0
0
1780.0
0
738.5
726.0
0
0
1138.5
0
1295.0
359.0
794.5
729.5
126.5
607.0
2953.5
138.0
0
0
1418.0
126.5
0
68.0
0
497.0
0
811.0
288.0
0
2161.0
1544.5
1500.0
0
177.0
0
438.5
0
0
0
684.5
0
887.5
0
0
0
0
1649.5
0
710.5
721.5
126.5
0
0
126.5
0
126.5
243.0
1461.0
0
849.5
0
0
0
0
120.5
860.5
684.0
435.5
769.0
126.5
0
0
0
970.0
0
424.0
1172.0
0
3477.5
2155.5
0
.0
126.5
0
126.5
243.5
0
0
0
4037.5
126.5
0
138.0
465.0
1766.0
497.0
458.0
1352.0
814.0
0
126.5
1041.5
0
0
126.5
0
0
562.0
0
1146.0
0
68.0
194.5
126.5
0
1882.0
0
0
0
0
126.5
0
0
0
0
0
68.0
0
0
486.0
138.0
692.0
4174.5
0
.5
179.0
660.5
0
0
186.5
868.0
0
0
126.5
0
0
0
1359.0
0
126.5
68.0
68.0
126.5
126.5
0
489.5
0
1077.5
0
407.0
0
441.5
138.0
0
68.0
407.0
0
0
0
0
783.5
612.5
2268.5
745.0
68.0
0
1777.5
126.5
0
0
242.0
0
0
0
0
0
0
0
608.5
1652.5
5059.0
531.0
0
1051.0
126.5
0
0
478.0
120.5
0
0
489.5
0
1087.0
786.5
0
0
289.0
0
1002.5
126.5
243.0
0
115.5
138.0
661.0
0
257.0
126.5
0
7.5
0
0
115.5
1241.0
183.5
126.5
1115.0
0
126.5
355.5
0
0
911.5
476.5
0
1063.0
126.5
296.0
0
0
0
126.5
0
1165.5
0
879.5
0
1181.5
703.0
0
2546.5
0
68.0
3626.0
0
631.0
126.5
68.0
370.5
0
2862.5
656.0
419.5
911.0
528.0
0
365.5
0
0
418.5
349.0
365.5
0
231.5
0
348.5
0
0
0
889.5
2125.0
2276.0
0
0
68.0
0
407.0
0
755.5
68.0
365.5
781.5
0
128.0
478.0
1831.5
0
0
0
1574.0
3287.0
400.0
68.0
126.5
517.5
1214.5
0
438.5
283.0
138.0
68.0
138.0
528.0
1127.0
545.5
68.0
1078.0
183.5
230.5
535.0
0
593.5
458.0
276.5
242.0
1398.5
0
68.0
115.5
316.0
0
0
0
138.0
0
401.0
138.0
68.0
186.5
0
1527.0
68.0
126.5
0
2654.5
126.5
289.0
1033.5
438.5
138.0
68.0
0
300.5
477.0
471.0
1500.0
3414.5
138.0
0
2252.5
0
1548.0
717.0
3602.0
126.5
126.5
0
138.0
0
874.0
300.5
0
365.5
68.0
418.5
370.5
1932.0
300.5
68.0
0
1709.0
0
0
464.0
126.5
1074.5
0
0
300.5
0
921.0
955.5
0
537.0
497.0
489.5
607.0
359.0
0
0
128.0
370.5
0
2712.5
722.0
407.0
2326.5
68.0
506.5
186.5
401.0
126.5
138.0
407.0
1440.5
745.0
541.0
138.0
242.0
848.0
2215.0
138.0
126.5
138.0
3226.0
179.0
0
419.5
1570.5
68.0
68.0
1668.0
0
138.0
0
432.5
0
1351.0
126.5
0
1073.0
0
575.0
68.0
365.5
0
126.5
1948.5
68.0
0
584.5
126.5
68.0
68.0
419.5
0
.5
2703.0
126.5
186.5
68.0
467.0
855.5
0
138.0
0
671.0
809.5
0
0
316.0
0
126.5
115.5
126.5
0
68.0
3032.0
300.5
359.0
1138.5
243.5
418.5
68.0
598.0
0
359.0
68.0
68.0
0
0
407.0
126.5
0
190.5
126.5
489.5
68.0
620.5
126.5
0
0
542.0
68.0
898.5
68.0
1148.0
0
126.5
0
0
0
68.0
666.5
0
126.5
523.5
302.0
734.5
464.0
508.5
126.5
68.0
68.0
0
68.0
1135.0
374.5
0
648.5
489.5
138.0
478.0
355.5
68.0
365.5
126.5
1253.0
920.0
478.0
516.5
438.5
0
120.5
733.0
607.0
841.0
0
0
1792.5
633.5
711.0
628.5
243.0
1953.0
138.0
315.5
478.0
253.5
757.0
68.0
0
0
126.5
0
407.0
138.0
0
1281.5
0
68.0
471.0
440.0
0
0
0
0
0
.0
348.5
0
68.0
1352.5
359.0
1409.5
138.0
0
126.5
1452.0
0
365.5
126.5
0
243.5
602.0
126.5
68.0
126.5
243.5
0
126.5
0
230.5
68.0
1382.5
508.5
183.5
1042.5
0
242.0
3382.0
564.5
179.0
0
0
0
489.5
441.5
717.0
622.0
348.5
738.5
1469.0
0
359.0
365.5
138.0
120.5
126.5
595.0
0
2164.0
430.5
68.0
126.5
0
126.5
516.5
751.5
0
0
68.0
0
1520.5
1157.0
401.0
922.0
686.5
1075.5
0
458.0
0
68.0
775.5
68.0
0
0
1217.5
0
1807.5
407.0
1005.5
497.0
126.5
1743.5
0
0
0
126.5
126.5
126.5
936.0
0
604.0
1729.0
0
365.5
1394.5
68.0
945.5
1054.0
478.0
641.5
478.0
1831.5
126.5
316.0
253.5
0
128.0
402.0
0
68.0
126.5
685.5
653.5
0
0
647.5
423.0
1357.5
126.5
0
126.5
138.0
989.5
533.0
300.5
2499.0
0
128.0
0
126.5
138.0
365.5
0
243.5
0
173.0
0
1332.5
0
0
0
0
.5
0
0
0
463.0
809.5
814.5
0
233.0
1388.0
285.5
905.5
183.5
1026.5
68.0
0
1043.5
2066.5
300.5
0
348.5
775.5
0
316.0
731.0
68.0
126.5
419.5
424.0
419.5
508.5
0
0
68.0
0
313.5
0
1511.0
401.0
646.0
0
0
471.0
0
880.5
0
0
68.0
126.5
418.5
2176.5
68.0
1211.5
0
68.0
68.0
120.5
126.5
713.0
68.0
126.5
126.5
126.5
138.0
126.5
0
847.0
0
528.0
0
438.5
438.5
68.0
438.5

126.5
0
0
900.0
508.5
0
68.0
138.0
383.0
126.5
68.0
128.0
186.5
348.5
126.5
0
0
0
1314.5
0
0
0
0
0
.5
1292.0
68.0
419.0
438.5
790.0
441.5
1660.0
126.5
1048.0
0
68.0
1467.0
776.0
0
459.5
128.0
0
0
607.0
419.5
374.5
0
243.5
126.5
3005.0
126.5
126.5
823.5
126.5
665.0
1251.5
977.5
550.0
0
0
595.0
0
68.0
0
115.5
138.0
0
0
300.5
138.0
0
0
0
0
637.0
0
300.5
0
300.5
126.5
68.0
68.0
873.0
0
0
313.5
0
588.0
0
168.0
0
120.5
0
621.5
0
0
179.0
0
0
126.5
126.5
1153.0
0
0
2762.5
138.0
126.5
126.5
901.5
1200.0
126.5
0
243.5
0
4230.5
0
459.5
542.5
0
1154.5
231.5
0
0
0
.5
0
.5
68.0
126.5
126.5
0
0
0
652.0
0
0
0
0
0
0
138.0
365.5
302.0
68.0
0
919.0
0
0
0
424.0
128.0
138.0
1045.0
459.5
243.0
0
0
68.0
0
126.5
584.5
0
242.0
126.5
0
0
68.0
138.0
138.0
0
3428.0
0
0
0
68.0
0
0
0
0
126.5
126.5
138.0
126.5
435.5
126.5
0
126.5
0
849.5
0
68.0
0
0
.0
886.5
0
778.5
576.5
418.5
0
126.5
0
115.5
0
0
126.5
958.0
0
126.5
0
441.5
0
126.5
115.5
0
366.0
743.0
0
.5
0
0
962.5
950.0
0
138.0
128.0
243.0
0
126.5
126.5
0
128.0
150.0
68.0
0
0
0
0
.0
0
0
126.5
0
829.5
401.0
0
0
126.5
126.5
126.5
629.0
332.0
0
126.5
253.0
0
934.0
0
0
478.0
1451.0
571.5
126.5
0
253.5
424.0
0
138.0
138.0
0
0
0
438.5
481.0
0
179.0
390.5
0
528.0
138.0
419.5
508.5
68.0
126.5
0
0
.5
0
0
430.5
0
0
242.0
0
0
0
0
0
0
126.5
0
126.5
0
126.5
186.5
0
0
359.0
365.5
138.0
0
0
0
933.5
0
1455.0
68.0
862.5
0
126.5
429.0
467.0
745.0
702.0
0
0
478.0
0
68.0
126.5
0
0
172.0
126.5
497.0
1236.5
787.0
734.0
1187.0
418.5
1408.5
598.0
3917.0
0
68.0
0
2285.5
0
575.0
0
0
1146.0
126.5
0
1576.0
1346.0
0
861.0
901.0
0
253.0
916.5
0
.5
0
0
379.5
0
138.0
0
1210.0
0
126.5
0
126.5
243.5
0
0
0
126.5
126.5
489.5
138.0
640.5
302.0
253.5
383.0
695.5
435.5
0
138.0
68.0
0
0
0
1330.5
0
126.5
0
370.5
138.0
126.5
0
126.5
0
633.0
0
0
0
0
0
0
623.0
68.0
0
402.0
0
0
0
0
0
68.0
0
0
0
68.0
0
359.0
0
0
0
138.0
0
138.0
806.0
471.0
467.0
905.5
374.5
0
68.0
0
729.5
0
0
68.0
786.0
394.0
0
138.0
126.5
374.5
126.5
0
489.5
68.0
183.5
1196.0
243.5
126.5
68.0
138.0
1330.0
0
315.5
0
138.0
68.0
0
126.5
126.5
0
126.5
365.5
957.0
0
0
0
0
68.0
0
528.5
138.0
0
0
0
0
138.0
126.5
0
0
0
0
0
0
0
0
.0
1083.5
599.5
0
0
0
374.5
126.5
665.0
478.0
0
0
842.5
341.0
0
790.0
0
68.0
0
0
577.5
359.0
0
0
.0
0
0
0
68.0
0
0
126.5
0
451.5
0
383.0
0
231.5
126.5
0
172.0
0
0
787.0
0
.5
0
291.0
231.5
497.0
0
315.5
0
365.5
0
528.0
0
0
0
68.0
0
0
68.0
348.5
597.5
0
0
0
0
0
0
786.5
383.0
0
300.5
965.0
126.5
435.5
126.5
0
0
0
489.5
2810.0
407.0
183.5
1033.0
68.0
126.5
1064.0
126.5
779.0
126.5
0
1061.0
0
126.5
0
0
2510.5
0
0
538.0
138.0
0
138.0
0
523.5
126.5
0
68.0
126.5
0
0
.5
0
0
0
302.0
0
497.0
0
126.5
0
138.0
0
910.0
0
126.5
0
0
0
138.0
0
419.5
126.5
478.0
138.0
0
0
0
68.0
198.0
0
126.5
0
138.0
887.5
0
0
0
68.0
0
0
0
703.5
115.5
665.0
0
138.0
0
68.0
138.0
0
1344.5
300.5
0
530.5
938.0
581.0
0
0
0
0
722.0
0
741.0
0
582.0
126.5
68.0
0
126.5
179.0
740.5
0
438.5
253.5
0
126.5
68.0
0
0
535.0
0
0
0
0
190.5
0
0
890.0
0
0
0
893.5
0
0
471.0
419.5
1007.5
0
0
0
0
508.5
0
.5
588.0
257.0
0
586.5
685.5
126.5
126.5
478.0
126.5
867.0
0
360.5
126.5
0
521.5
435.5
365.5
138.0
231.5
0
545.5
770.0
288.5
1556.5
126.5
0
138.0
0
478.0
841.0
0
374.5
126.5
0
2646.0
921.0
0
1575.5
126.5
120.5
0
0
344.0
0
0
0
0
431.5
0
126.5
0
0
138.0
0
435.5
0
9.0
0
0
0
1060.0
126.5
0
128.0
128.0
0
0
0
497.0
0
0
126.5
0
712.0
242.0
596.0
1068.5
179.0
0
0
0
68.0
506.5
471.0
0
300.5
0
0
0
126.5
0
.0
126.5
126.5
0
0
138.0
0
.0
582.5
516.5
0
519.5
659.5
304.5
0
138.0
438.5
0
1062.5
126.5
138.0
707.5
0
138.0
0
253.5
348.5
710.5
359.0
419.5
68.0
68.0
138.0
68.0
374.5
365.5
0
138.0
0
126.5
115.5
120.5
126.5
0
986.0
938.5
126.5
2357.5
441.5
168.0
289.0
0
1291.0
0
628.0
522.5
0
0
0
68.0
703.0
0
0
0
.5
596.5
0
0
0
0
0
126.5
126.5
126.5
126.5
68.0
302.0
0
68.0
0
126.5
0
126.5
699.5
383.0
583.0
0
.0
126.5
0
.5
3468.5
68.0
0
0
0
0
0
313.5
138.0
0
0
68.0
424.0
0
508.5
0
138.0
0
138.0
0
0
172.0
264.5
0
126.5
0
138.0
0
68.0
793.0
569.0
126.5
1983.0
0
68.0
115.5
0
138.0
394.0
0
0
126.5
68.0
887.5
138.0
546.5
0
516.5
0
68.0
0
629.0
68.0
0
0
0
243.5
776.0
126.5
0
0
316.0
0
1422.5
0
0
179.0
126.5
497.0
126.5
302.0
138.0
1033.5
0
0
138.0
0
0
313.5
0
0
289.0
0
0
401.0
0
289.0
0
126.5
289.0
0
459.5
2507.5
1264.5
888.5
300.5
1206.0
0
0
0
656.5
0
0
478.0
1528.0
0
3930.0
126.5
288.0
126.5
0
0
179.0
0
126.5
598.0
138.0
0
992.5
126.5
68.0
115.5
0
126.5
0
595.0
0
1793.5
0
68.0
0
68.0
0
374.5
1279.5
0
0
3.0
126.5
0
0
0
0
404.5
464.0
0
0
126.5
1458.5
0
242.0
1455.0
138.0
68.0
0
242.0
0
0
0
0
115.5
138.0
1731.0
1512.5
0
894.5
703.5
2315.5
0
126.5
3723.0
126.5
0
1077.5
138.0
797.5
0
126.5
0
0
557.0
126.5
636.0
1070.5
419.5
0
0
607.0
770.0
0
0
138.0
967.5
955.0
0
0
0
0
0
68.0
674.0
667.5
0
126.5
0
0
629.0
1263.0
0
.0
639.5
459.5
652.5
0
952.0
126.5
635.0
0
814.0
0
781.0
981.0
677.0
365.5
126.5
0
0
0
172.0
1612.0
1004.5
632.0
623.5
136.0
825.5
120.5
841.0
138.0
769.0
0
302.0
242.0
671.0
126.5
0
0
0
126.5
557.0
0
0
136.0
138.0
0
0
126.5
0
794.0
0
0
183.5
0
126.5
365.5
313.5
179.0
0
1270.0
138.0
0
557.0
370.5
243.5
0
0
0
138.0
0
0
0
126.5
0
861.0
1827.0
138.0
0
0
582.5
138.0
0
0
0
761.5
489.5
0
300.5
0
0
0
0
419.5
832.5
315.5
0
1186.0
115.5
0
0
3202.0
583.0
775.5
0
370.5
665.0
128.0
603.0
895.5
0
0
0
126.5
126.5
832.5
683.5
0
0
899.5
822.5
0
0
1434.5
115.5
809.5
0
0
769.0
138.0
0
0
0
1078.5
0
2.5
419.5
68.0
967.0
138.0
0
0
68.0
478.0
359.0
126.5
418.5
0
344.0
478.0
0
370.5
438.5
302.0
0
0
126.5
0
126.5
359.0
916.0
986.0
0
1037.5
354.5
0
489.5
0
0
0
0
0
886.5
126.5
126.5
821.5
867.5
622.0
186.5
126.5
68.0
138.0
0
419.5
348.5
0
0
438.5
0
253.5
0
604.5
0
138.0
0
0
0
0
126.5
0
0
897.5
284.0
126.5
120.5
68.0
1002.0
0
667.5
1108.5
0
0
1836.5
2136.0
0
0
126.5
365.5
113.5
424.0
435.5
2627.0
1420.5
138.0
518.0
0
126.5
0
242.0
478.0
0
594.5
126.5
68.0
0
1888.0
471.0
126.5
774.5
138.0
489.5
359.0
0
478.0
0
0
1051.0
891.0
1049.0
867.5
1405.0
770.5
126.5
0
68.0
489.5
0
0
698.5
0
300.5
860.0
315.5
0
0
126.5
0
126.5
0
1067.5
0
0
0
68.0
0
547.5
1137.0
300.5
302.0
0
179.0
489.5
0
0
68.0
0
0
253.0
126.5
0
0
818.5
497.0
126.5
0
0
0
0
0
126.5
365.5
0
401.0
0
0
365.5
726.0
126.5
852.5
734.5
68.0
2885.5
2203.0
138.0
0
0
68.0

0
0
459.5
0
1930.5
0
0
848.5
120.5
0
0
1422.0
841.5
128.0
0
0
2104.5
3432.0
0
1004.0
0
0
821.0
0
0
0
68.0
569.5
0
183.5
126.5
424.0
0
0
722.0
0
891.5
1351.5
0
2349.0
0
0
1084.0
960.0
138.0
313.5
0
365.5
0
0
138.0
0
848.5
138.0
126.5
128.0
538.0
481.0
778.5
0
700.0
126.5
0
341.5
0
0
0
0
0
0
0
419.5
2231.0
0
843.0
903.0
126.5
126.5
359.0
0
419.5
302.0
1164.5
0
1456.0
0
0
126.5
348.5
0
0
138.0
0
138.0
68.0
0
0
0
1172.0
478.0
0
790.0
0
2093.0
419.5
2067.5
2543.5
1874.0
348.5
459.5
598.0
126.5
126.5
775.5
0
0
1099.0
0
0
0
68.0
138.0
3662.5
126.5
138.0
386.0
138.0
0
0
794.0
0
348.5
478.0
115.5
497.0
0
365.5
0
0
0
179.0
126.5
126.5
68.0
3053.5
0
628.5
68.0
0
0
510.5
2543.5
1548.0
365.5
0
0
0
68.0
0
0
68.0
0
478.0
1363.5
0
126.5
0
0
126.5
1831.0
0
365.5
1477.0
926.5
0
726.0
359.0
68.0
138.0
0
68.0
0
489.5

2181.5
0
0
300.5
983.0
0
0
0
.5
126.5
1237.0
0
0
0
365.5
0
126.5
126.5
126.5
300.5
633.0
68.0
0
538.0
774.5
126.5
478.0
316.0
0
0
0
0
120.5
128.0
0
0
68.0
1259.5
138.0
383.0
344.0
0
0
0
68.0
0
126.5
138.0
0
441.5
1431.0
0
0
386.0
2522.0
0
302.0
0
138.0
2280.5
2013.0
231.5
0
0
0
1107.0
68.0
958.5
138.0
0
0
0
0
327.0
359.0
0
652.0
0
618.5
0
68.0
0
0
855.0
612.5
0
0
0
0
68.0
982.0
126.5
0
126.5
0
194.5
126.5
897.5
0
126.5
0
0
972.5
622.0
138.0
126.5
68.0
126.5
68.0
1080.5
242.0
1316.0
489.5
764.5
0
0
0
233.0
441.5
126.5
0
183.5
0
0
435.5
126.5
435.5
0
173.0
0
0
0
126.5
2505.5
0
887.5
374.5
0
179.0
126.5
359.0
419.5
0
463.0
0
508.5
489.5
0
0
0
126.5
3182.5
2337.5
126.5
1160.5
0
590.5
1800.5
0
0
418.5
3424.0
0
.0
0
120.5
0
1464.0
1886.5
126.5
126.5
0
603.5
1918.0
528.5
126.5
636.0
639.5
0
0
126.5
0
0
810.0
0
0
0
1141.5
511.0
0
446.5
0
0
126.5
0
407.0
0
0
0
68.0
758.5
68.0
1035.0
0
126.5
700.0
418.5
0
0
0
700.0
489.5
848.5
0
0
1840.5
0
424.0
0
0
1107.0
138.0
1068.5
0
688.0
138.0
316.0
890.0
365.5
0
478.0
0
0
0
0
0
0
68.0
68.0
68.0
68.0
126.5
0
4546.5
0
0
138.0
0
126.5
0
0
418.5
231.5
478.0
0
0
138.0
1024.0
126.5
0
0
464.0
0
4515.0
519.0
315.5
0
1145.5
1317.5
0
253.5
544.5
1035.5
0
138.0
0
289.0
1507.0
4094.0
68.0
0
0
68.0
424.0
671.0
831.0
0
.5
138.0
649.0
0
0
2746.5
126.5
68.0
126.5

126.5
0
126.5
68.0
508.5
655.0
0
0
419.5
374.5
359.0
68.0
374.5
243.0
2611.5
411.5
0
138.0
1199.0
419.5
0
242.0
0
126.5
0
0
0
700.0
126.5
0
0
1582.0
2348.5
459.5
0
652.0
478.0
359.0
2775.0
2169.0
478.0
0
849.5
3194.5
0
138.0
172.0
0
0
885.0
365.5
231.5
0
653.5
0
569.5
533.0
419.5
0
814.5
3997.5
1167.0
757.0
0
0
0
1077.5
300.5
1271.0
1004.5
1594.5
0
0
942.5
0
0
138.0
3105.0
68.0
0
138.0
0
0
126.5
0
911.5
150.0
744.5
0
2004.0
521.5
0
2.5
478.0
126.5
0
230.5
327.0
441.5
1986.0
138.0
0
0
1005.0
2159.0
126.5
0
126.5
302.0
0
558.5
458.0
0
138.0
0
497.0
1032.5
0
68.0

242.0
0
0
0
0
548.5
0
1955.5
0
936.5
957.0
0
0
640.5
0
0
0
0
126.5
68.0
0
497.0
0
1220.0
115.5
0
782.5
554.0
0
0
756.0
637.0
315.5
2595.5
717.0
419.5
0
0
0
126.5
126.5
0
374.5
365.5
0
302.0
253.5
365.5
0
68.0
126.5
1165.5
0
186.5
707.5
0
0
582.5
138.0
370.5
534.0
257.0
508.5
355.5
126.5
0
126.5
0
315.5
438.5
126.5
1518.0
126.5
126.5
68.0
653.5
0
126.5
0
0
0
68.0
115.5
0
0
126.5
0
68.0
0
1283.5
126.5
624.0
172.0
0
0
0
888.5
0
557.5
68.0
0
1119.5
2149.5
0
0
0
0
359.0
726.0
0
359.0
489.5
0
126.5
627.5
1335.0
0
300.5
348.5
0
0
.0
128.0
0
0
0
519.5
365.5
0
1109.0
1108.0
0
126.5
0
126.5
126.5
126.5
438.5
0
2445.5
126.5
0
0
0
884.5
68.0
126.5
471.0
2057.5
542.0
126.5
0
68.0
551.0
126.5
138.0
0
0
477.5
0
1058.5
0
717.0
737.5
920.5
0
126.5
700.0
0
316.0
0
2254.5
0
0
183.5
344.0
1629.5
0
126.5
353.0
707.0
0
538.0
253.5
0
1101.5
0
0
0
0
0
790.0
0
0
0
0
.5
0
0
0
928.5
605.0
419.5
3035.0
138.0
68.0
126.5
0
1301.5
497.0
438.5
0
0
190.5
302.0
138.0
0
300.5
126.5
138.0
231.5
941.0
0
0
126.5
365.5
68.0
717.0
419.5
126.5
243.5
0
126.5
0
355.5
583.0
68.0
438.5
68.0
138.0
0
0
461.0
1510.0
0
126.5
115.5
362.0
0
411.0
581.0
1252.0
126.5
0
709.0
0
1769.0
0
1086.0
126.5
0
0
0
782.0
313.5
1768.0
494.5
138.0
126.5
0
692.5
0
68.0
0
0
315.5
0
138.0
549.5
344.0
438.5
243.5
0
0
989.0
348.5
1286.5
126.5
0
0
0
0
0
0
0
787.0
0
0
679.0
0
68.0
0
0
126.5
0
0
126.5
0
521.5
0
1231.0
138.0
615.5
126.5
3895.0
0
0
1286.5
138.0
0
.5
424.0
1537.5
138.0
599.5
138.0
435.5
489.5
126.5
438.5
0
0
0
126.5
0
126.5
406.0
0
300.5
0
243.0
879.5
0
383.0
0
0
0
0
0
138.0
424.0
0
1154.0
0
126.5
1086.0
68.0
0
0
68.0
866.5
0
126.5
1809.5
418.5
0
126.5
478.0
2796.0
0
0
2085.5
859.5
0
355.5
952.5
126.5
0
0
0
359.0
2047.5
0
484.0
0
0
253.5
0
1857.0
138.0
0
289.0
710.5
126.5
302.0
0
0
605.0
0
752.0
115.5

2256.5
435.5
0
126.5
0
0
1446.0
515.5
2165.5
0
0
344.0
68.0
645.5
769.0
0
707.5
0
643.0
639.5
0
0
126.5
559.5
0
407.0
0
1999.5
790.0
1176.0
1366.5
0
0
523.5
68.0
126.5
0
138.0
0
126.5
138.0
0
0
126.5
126.5
126.5
1592.0
0
795.0
68.0
253.5
0
0
313.5
721.5
471.0
0
401.0
1200.0
805.5
383.0
0
419.5
0
895.0
0
126.5
68.0
138.0
0
843.5
68.0
905.0
0
0
471.0
0
126.5
475.0
0
138.0
530.5
768.5
0
692.0
1163.0
126.5
0
365.5
344.0
0
1583.0
0
68.0
0
138.0
128.0
0
1038.5
0
441.5
734.5
0
0
0
0
365.5
717.0
0
.5
126.5
0
365.5
126.5
2346.0
302.0
407.0
0
0
0
126.5
138.0
671.0
549.5
126.5
126.5
438.5
0
723.5
0
126.5
126.5
0
1568.0
624.5
2517.5
419.5
0
0
68.0
438.5
1012.5
1137.0
348.5
1011.0
0
0
370.5
68.0
0
126.5
0
365.5
2166.0
1042.0
1072.0
348.5
932.5
344.0
836.5
115.5
68.0
0
1478.5
702.5
3790.5
68.0
1371.0
489.5
478.0
0
300.5
126.5
138.0
0
68.0
355.5
365.5
0
68.0
68.0
501.0
1456.5
0
126.5
745.5
1820.0
0
313.5
1236.0
424.0
739.0
0
138.0
1052.5
424.0
0
386.0
0
441.5
126.5
0
.5
313.5
605.0
0
0
288.5
0
0
0
126.5
365.5
253.0
0
0
0
486.0
138.0
642.5
649.0
383.0
344.0
126.5
0
489.5
0
920.0

0
179.0
710.5
0
0
.0
646.0
0
126.5
126.5
0
68.0
126.5
438.5
68.0
383.0
68.0
0
0
489.5
0
686.0
0
300.5
0
599.5
0
.0
126.5
2567.5
186.5
138.0
0
0
478.0
0
1077.5
138.0
497.0
68.0
1036.5
0
138.0
407.0
0
0
471.0
407.0
138.0
849.5
491.0
0
873.5
424.0
1128.5
841.0
717.0
707.0
68.0
901.0
0
478.0
302.0
934.5
68.0
1636.5
0
289.0
0
575.0
68.0
138.0
0
126.5
401.0
0
0
0
478.0
68.0
424.0
726.0
459.5
370.5
0
1741.5
0
0
120.5
575.0
126.5
0
0
300.5
586.5
0
0
692.0
2521.5
407.0
2720.0
639.5
489.5
359.0
0
0
126.5
0
0
3139.0
0
0
2971.0
68.0
68.0
0
478.0
413.0
0
0
0
1725.0
0
2131.0
383.0
0
0
1022.5
138.0
68.0
138.0
1901.0
0
0
0
138.0
0
0
0
138.0
474.5
257.0
1074.0
407.0
0
0
0
126.5
0
289.0
925.0
315.5
438.5
2105.0
221.5
0
1038.0
535.0
618.5
1130.5
0
0
2288.5
138.0
126.5
0
0
0
0
257.0
68.0
608.0
2802.0
0
2768.0
601.0
1316.0
0
0
126.5
417.5
0
126.5
126.5
418.5
126.5
824.0
0
126.5
365.5
0
0
0
0
1199.5
817.5
0
126.5
0
68.0
0
126.5
599.5
242.0
0
0
68.0
419.5
0
491.0
0
138.0
243.0
1069.0
5122.5
0
0
489.5
424.0
830.0
1903.0
313.5
0
302.0
0
126.5
186.5
419.5
138.0
0
489.5
289.0
68.0
1574.0
0
126.5
126.5
1368.0
0
0
980.0
0
768.5
0
0
138.0
1252.5
0
126.5
0
315.5
231.5
0
138.0
302.0
419.5
0
0
243.0
0
120.5
242.0
497.0
0
68.0
0
242.0
830.0
344.0
0
68.0
0
0
0
0
138.0
2852.5
0
0
68.0
0
0
0
0
126.5
725.5
126.5
68.0
126.5
0
0
126.5
0
0
374.5
1772.0
68.0

1100.5
68.0
764.5
68.0
302.0
68.0
0
0
365.5
533.0
138.0
1002.0
126.5
0
365.5
478.0
1439.0
0
0
407.0
1260.5
0
357.5
0
126.5
68.0
809.5
839.5
841.0
115.5
179.0
0
0
955.0
601.0
0
741.0
0
383.0
136.0
0
0
68.0
0
655.0
2769.5
979.0
1418.0
1744.5
138.0
0
68.0
598.0
401.0
0
0
0
126.5
441.5

0
138.0
289.0
0
497.0
1194.0
0
1104.0
1316.0
126.5
115.5
136.0
0
991.0
0
1940.5
242.0
126.5
138.0
0
0
0
811.0
68.0
566.0
752.5
497.0
359.0
68.0
365.5
243.5
0
138.0
126.5
0
497.0
126.5
438.5
1162.5
1014.5
537.0
0
3015.0
586.5
2433.5
459.5
126.5
0
0
0
370.5
0
2283.5
717.0
565.5
179.0
1907.0
126.5
1094.0
0
481.0
0
.0
1743.5
438.5
0
1101.5
1597.0
138.0
764.5
778.5
0
1241.0
0
0
0
0
0
257.0
0
0
0
.5
0
0
0
478.0
0
1741.0
438.5
68.0
508.5
0
770.0
671.0
0
0
264.5
459.5
459.5
0
2094.0
0
302.0
0
1407.5
0
0
1186.0
0
710.5
407.0
413.0
175.5
0
186.5
0
0
126.5
289.0
0
0
126.5
931.0
0
.0
2517.5
424.0
0
1131.0
253.5
845.5
0
544.5
0
755.0
126.5
0
1619.5
424.0
126.5
126.5
710.5
230.5
0
0
0
1075.0
0
1308.5
3286.5
1343.0
648.0
728.5
1847.0
797.0
985.0
1863.0
1250.5
126.5
848.5
1623.0
138.0
0
126.5
419.5
0
1251.5
435.5
359.0
0
138.0
1344.0
0
126.5
120.5
0
1.0
700.0
829.5
0
2583.0
0
126.5
0
3050.0
1882.0
1020.5
583.0
0
476.0
476.0
0
1856.0
0
8.0
0
0
0
489.5
126.5
0
0
497.0
459.5
3209.5
0
0
2184.0
0
1692.0
2431.5
0
0
0
0
126.5
760.0
0
370.5
573.0
0
2261.0
138.0
2746.5
1717.0
598.0
0
179.0
0
0
0
0
138.0
458.0
774.5
2123.5
965.0
2053.5
0
1600.0
68.0
0
126.5
623.0
793.0
4448.5
0
302.0
940.0
646.0
0
793.0
1042.5
508.5
952.0
68.0
3225.5
0
68.0
516.5
0
0
2817.0
1130.0
0
1102.0
242.0
359.0
0
126.5
0
126.5
68.0
419.5
430.5
359.0
0
138.0
1248.5
683.5
1394.5
0
1231.5
3251.0
0
183.5
1390.0
0
1448.0
3185.0
541.0
126.5

0
859.0
489.5
530.5
998.0
0
408.5
636.0
138.0
453.0
957.0
0
0
667.5
0
138.0
3263.0
537.5
0
253.5
401.0
2272.5
0
2291.5
0
0
0
0
1018.0
600.5
0
0
0
459.5
1596.0
0
0
253.5
359.0
435.5
126.5
302.0
315.5
194.5
868.0
2568.0
0
136.0
909.5
424.0
798.5
1744.0
138.0
803.0
138.0
1307.0
0
703.5
0
0
516.5
0
0
1446.0
0
0
316.0
383.0
502.0
2795.0
0
0
126.5
3135.5
0
0
770.5
0
0
1439.0
788.5
138.0
704.5

760.5
0
0
731.5
0
3297.0
0
1339.0
2660.5
5226.0
68.0
1850.0
0
582.5
0
438.5
418.5
0
767.5
138.0
0
741.0
0
831.5
68.0
418.5
0
0
0
1596.5
3548.5
0
68.0
302.0
126.5
1668.5
991.0
424.0
787.0
641.5
0
1085.0
822.0
0
794.5
0
841.5
68.0
1344.5
0
0
126.5
909.0
126.5
1077.5
0
0
0
138.0
0
598.0
1378.5
0
484.0
566.0
0
68.0
478.0
1983.0
0
0
0
459.5
470.5
0
2676.0
68.0
2254.5
68.0
1320.0
0
346.0
700.0
2534.0
700.0
479.5
0
363.5
0
0
0
0
1263.5
0
478.0
965.5
300.5
0
126.5
950.0
126.5
128.0
710.5
0
0
734.5
68.0
0
438.5
242.0
126.5
0
126.5
253.0
0
0
542.0
365.5
126.5
0
0
126.5
126.5
0
1763.5
3394.5
0
810.5
2670.5
0
370.5
0
2022.5
332.0
1156.5
1366.5
68.0
128.0
0
516.5
0
2094.5
516.5
458.0
1612.0
0
478.0
0
583.0
418.5
919.0
0
1482.5
126.5
2165.5
348.5
0
68.0
527.0
588.0
138.0
344.0
0
1802.5
588.0
68.0
0
529.0
611.0
0
370.5
115.5
126.5
828.5
0
736.0
0
0
126.5
611.0
302.0
360.5
0
595.5
190.5
501.5
68.0
0
315.5
0
0
1355.5
126.5
441.5
0
302.0
0
374.5
0
0
0
68.0
0
68.0
850.0
435.5
905.5
0
0
138.0
0
126.5
0
0
0
68.0
0
489.5
120.5
1386.5
138.0
0
2329.0
419.5
419.5
1253.5
0
2098.5
0
68.0
126.5
0
435.5
2941.0
0
486.0
138.0
435.5
0
602.0
0
418.5
438.5
1158.5
0
242.0
383.0
0
126.5
1266.0
177.0
138.0
0
126.5
0
0
1.5
0
0
787.0
1668.0
1762.5
1594.0
0
1301.0
1459.0
300.5
0
126.5
0
0
68.0
126.5
0
0
0
0
0
257.0
0
68.0
1099.0
365.5
0
.0
68.0
0
0
0
0
519.5
138.0
889.5
1356.5
115.5
0
126.5
138.0
365.5
450.5
126.5
497.0
0
0
.0
458.0
0
0
302.0
68.0
418.5
68.0
0
0
459.5
68.0
128.0
0
700.0
68.0
710.5
138.0
0
242.0
0
242.0
68.0
0
649.0
126.5
0
242.0
68.0
862.5
0
656.0
126.5
316.0
0
596.0
856.0
0
419.5
679.0
1102.0
1249.0
0
0
128.0
653.5
1037.0
0
0
0
2266.0
0
315.5
126.5
126.5
0
126.5
0
1197.0
0
0
126.5
0
489.5
0
0
646.0
126.5
407.0
0
453.0
1078.0
0
.5
285.5
68.0
300.5
138.0
0
0
733.5
68.0
1710.0
68.0
359.0
138.0
242.0
678.5
257.0
832.5
0
0
2061.0
126.5
3351.0
1676.5
68.0
419.5
1382.0
359.0
576.5
285.5
120.5
2522.0
0
0
599.5
2310.5
0
0
472.0
459.5
478.0
0
138.0
1334.5
1687.0
0
478.0
68.0
128.0
126.5
0
1250.0
651.0
830.0
0
138.0

68.0
0
0
630.5
126.5
649.0
621.0
0
253.0
348.5
365.5
253.5
1126.0
401.0
0
302.0
126.5
0
0
0
680.5
0
126.5
0
1346.5
1573.0
126.5
0
68.0
803.0
0
522.5
698.5
1340.5
860.0
0
1512.5
0
0
777.5
68.0
407.0
1887.0
1708.0
0
1435.5
0
300.5
583.5
438.5
471.0
946.5
671.0
1402.0
313.5
478.0
68.0
459.5
717.0
0
2283.5
489.5
471.0
0
0
0
1361.5
183.5
1273.5
942.5
0
138.0
3045.0
644.0
419.5
419.5
0
68.0
0
68.0
68.0
0
1536.0
1687.0
0
418.5
478.0
138.0
68.0
0
714.5
438.5
1695.0
0
179.0
0
0
419.5
2191.5
0
2298.5
0
230.5
0
453.0
424.0
126.5
313.5
0
1168.5
126.5
4334.5
1362.5
811.0
253.0
438.5
0
1477.5
672.0
242.0
0
126.5
1188.5
2112.0
68.0
0
867.5
478.0
1158.0
775.5
902.0
0
126.5
0
0
0
126.5
459.5
0
0
126.5
2322.0
3042.5
2397.5
0
0
365.5
1181.5
365.5
2811.5
126.5
1220.5
0
0
866.5
569.5
576.0
2554.0
0
1801.5
459.5
126.5
0
68.0
0
0
0
2674.5
68.0
533.0
0
253.5
126.5
596.0
0
1108.5
243.0
68.0
2699.0
126.5
0
242.0
1106.0
467.0
581.0
0
1841.0
1895.0
0
637.0
194.5

0
0
0
0
0
478.0
0
3578.0
3858.0
126.5
962.5
138.0
243.0
120.5
508.5
0
0
438.5
120.5
68.0
2460.5
0
465.0
289.0
183.5
2384.5
126.5
476.0
0
1075.0
1989.5
243.5
0
1523.5
68.0
68.0
242.0
1030.5
653.5
0
329.5
0
591.5
3480.5
0
704.5
0
523.5
0
1220.0
491.0
0
453.5
126.5
673.0
186.5
2296.0
243.0
126.5
3437.0
818.5
0
68.0
370.5
582.5
126.5
126.5
710.5

573.0
126.5
0
0
0
2353.0
854.5
0
.5
0
0
0
126.5
2527.5
383.0
1612.5
0
1713.5
126.5
383.0
179.0
0
126.5
435.5
3196.5
0
68.0
0
401.0
0
68.0
0
0
0
598.0
0
476.0
0
257.0
0
0
0
0
1298.5
830.0
68.0
0
0
497.0
68.0
68.0
0
68.0
68.0
773.5
0
3287.5
0
1529.0
126.5
2080.5
0
478.0

575.0
1754.0
3906.0
0
0
68.0
652.0
531.0
68.0
300.5
68.0
432.5
418.5
0
68.0
68.0
126.5
0
0
0
639.5
459.5
542.0
737.5
770.0
394.0
1270.0
0
0
1491.5
0
2597.0
497.0
419.5
0
0
0
302.0
183.5
303.5
138.0

138.0

470.5
179.0
0
0
242.0
435.5
1005.0
126.5
126.5
68.0
313.5
2862.5
749.0
126.5
190.5
551.0
0
497.0
1421.5
458.0
652.0
0
374.5
0
717.0
0
390.5
459.5
900.5
582.5
0
0
0
2226.5
0
300.5
411.5
68.0
172.0
68.0
138.0
1000.0
2002.5
0
0
0
3231.0
0
0
524.0
0
327.0
0
0
643.5
2779.5
138.0
370.5
0
0
1796.5
489.5
0
0
2910.0
1100.0
458.0
138.0
713.0
68.0
0
0
0
478.0
1505.5
68.0
651.0
1395.5
0
1466.0
126.5
0
120.5
0
0
68.0
1507.0
138.0
128.0
68.0
809.5
0
68.0
3018.5
3339.5
0
126.5
898.0
0
848.5
138.0
0
359.0
848.0
138.0
315.5
1228.5
0
1708.5
0
126.5
126.5
128.0
901.0
183.5
0
374.5
1860.0
861.0
848.5
68.0
128.0
1409.5
348.5
348.5
438.5
478.0
0
582.5
1551.0
458.0
471.0
1986.0
914.5
1301.5
401.0
231.5
690.5
0
0
0
641.5
2318.5
126.5
0
441.5
3385.5
68.0
0
126.5
598.0
68.0
126.5
459.5
459.5
0
68.0
68.0
576.5
0
0
424.0
1441.0
126.5
68.0
0
126.5
717.0
591.5
0
2771.5
459.5
1632.5
242.0
233.0
1107.5
478.0
0
1200.5
947.5
478.0
186.5
126.5
612.5
1197.0
831.0
652.0
0
138.0
138.0
1577.5
0
138.0
68.0
68.0
1214.5
1073.0
1573.5
126.5
0
126.5
472.0
0
733.0
126.5
1255.0
1919.0
424.0
995.0
547.0
726.0
2394.5
0
656.0
3044.5
68.0
302.0
548.5
128.0
68.0
1123.0
0
0
68.0
285.5
68.0
435.5
68.0
554.5
0
172.0
128.0
0
126.5
359.0
0
126.5
0
401.0
68.0
1722.0
583.0
840.0
717.0
451.0
0
0
2119.0
0
0
0
68.0
459.5
1084.0
0
0
68.0
355.5
126.5
441.5

438.5
126.5
0
472.0
0
126.5
523.5
0
0
0
126.5
68.0
0
486.0
1710.0
908.5
721.5
115.5
1130.0
348.5
1286.5
489.5
850.0
120.5
370.5
126.5
857.0
300.5
827.0
1805.0
0
0
1471.0
0
471.0
0
288.0
0
68.0
68.0
0
0
126.5
300.5
68.0
68.0
645.5
0
407.0
68.0
407.0
138.0
126.5
126.5
264.5
300.5
3241.0
126.5
365.5
0
0
374.5
0
0
924.5
668.0
5093.0
68.0
370.5
0
370.5
0
128.0
1822.0
0
2533.0
419.5
1927.5
183.5
419.5
68.0
138.0
183.5
497.0
0
138.0
300.5
68.0
1100.0
126.5
0
68.0
614.0
471.0
583.0
438.5
401.0
68.0
0
126.5
0
5103.5
128.0
1778.0
3133.0
243.5
574.5
0
569.5
0
3377.5
68.0
758.5
554.0
0
2101.5
419.5
0
489.5
418.5
492.0

115.5
3044.0
348.5
0
1187.0
925.0
531.0
126.5
771.5
0
646.5
486.0
1090.5
138.0
0
.5
0
787.0
0
0
0
0
478.0
348.5
365.5
593.5
0
0
126.5
0
418.5

264.5
976.0
68.0
285.5
435.5
0
0
126.5
962.0
770.0
539.5
0
794.5
68.0
126.5
126.5
344.0
68.0
365.5
68.0
242.0
0
243.5
0
302.0
126.5
1081.0
1537.5
194.5
68.0
126.5
0
316.0
459.5
768.5
1036.5
710.5
1327.0
68.0
0
68.0
458.0
424.0
918.0
0
537.0
0
467.0
68.0
668.0
231.0
0
68.0
173.0
497.0
0
173.0
1135.0
841.0
120.5
68.0
68.0
0
1303.0
1357.0
359.0
467.0
523.5
0
0
186.5
383.0
438.5
0
734.5
0
136.0
1643.5
68.0
138.0
359.0
115.5
0
0
586.5
564.0
0
0
186.5
190.5
435.5
802.5
126.5
355.5
576.5
0
424.0
285.5
481.0
733.5
175.5
1219.5
68.0
424.0
574.0
0
0
489.5
138.0
359.0
68.0
68.0
126.5
136.0
1724.0
528.0
1108.0
0
0
1522.5
0
489.5
649.0
0
0
0
126.5
243.5
316.0
2494.5
2018.5
313.5
0
68.0
709.0
0
478.0
316.0
543.5
313.5
0
1967.5
68.0
312.5
1433.0
68.0
115.5
1417.0
0
242.0
359.0
172.0
257.0
435.5
0
0
68.0
68.0
843.0
940.0
0
0
998.0
126.5
478.0
68.0
646.0
0
68.0
365.5
68.0
348.5
0
386.0
0
424.0
471.0
404.5
1493.0
523.5
120.5
68.0
508.5
0
969.5
126.5
346.0
363.5
497.0
1149.5
478.0
0
0
419.5
0
0
126.5
0
359.0
138.0
438.5
435.5
115.5
243.0
0
1476.5
0
0
0
0
0
1050.5
0
2681.5
424.0
365.5
0
138.0
478.0
478.0
243.0
359.0
943.0
726.0
424.0
0
598.0
459.5
0
1727.0
491.0
138.0
68.0
757.0
0
186.5
243.5
198.0
302.0
0
3796.0
0
0
68.0
976.5
126.5
128.0
348.5
186.5
1283.5
894.0
0
407.0
183.5
179.0
138.0
965.5
2468.0
0
0
695.5
906.0
0
0
128.0
68.0
0
0
1251.0
0
0
514.5
126.5
1484.5
0
126.5
288.0
0
359.0
0
0
186.5
68.0
890.0
4383.0
637.0
0
.5
68.0
126.5
348.5
183.5
115.5
68.0
138.0
126.5
646.0
0
695.5
2238.5
695.5
0
348.5
1033.5
365.5
0
0
138.0
68.0
68.0
374.5
534.0
0
0
126.5
699.5
302.0
0
671.0
126.5
656.5
1163.0
126.5
950.0
0
418.5
285.5
120.5
561.5
1708.0
0
1121.0
841.5
646.5
2021.0
370.5
435.5
179.0
934.0
126.5
0
559.5
115.5
438.5
424.0
1105.0
0
424.0
126.5
194.5
419.5
4584.5
0
899.5
0
700.0
497.0
653.5
4811.5
438.5
0
0
68.0
0
0
68.0
0
359.0
424.0
0
518.0
0
126.5
126.5
190.5
0
438.5
0
687.5
126.5
126.5
126.5
0
0
0
1582.0
0
0
1335.5
0
0
943.0
126.5
316.0
0
1230.5
0
126.5
438.5
126.5
0
0
671.0
1047.5
253.0
478.0
0
419.5
842.0
0
68.0
128.0
605.0
68.0
0
126.5
1201.5
68.0
516.5
126.5
0
435.5
126.5
138.0
424.0
0
0
549.5
0
566.0
497.0
0
771.5
1180.0
126.5
316.0
243.5
595.0
1821.5
1517.0
960.0
967.0
438.5
3323.0
68.0
1022.0
253.5
975.0
1605.0
0
126.5
0
.0
459.5
3264.5
0
1108.0
316.0
0
587.5
0
126.5
138.0
126.5
68.0
302.0
0
809.0
126.5
138.0
640.5
0
687.5
0
68.0

641.5
242.0
126.5
68.0
466.0
120.5
734.5
257.0
230.5
0
717.0
809.0
0
291.0
126.5
419.5
495.5
138.0
962.0
0
68.0
479.5
952.0
548.0
243.0
68.0
230.5
0
1070.5
68.0
0
138.0
0
542.0
126.5
1334.5
138.0
1150.0
183.5
126.5
1784.5
0
2203.0
0
407.0
138.0
126.5
126.5
0
582.5
0
68.0
0
656.5
0
243.0
0
0
1302.0
0
138.0
68.0
487.5
0
0
0
0
1532.5
1026.0
653.5
737.5
419.5
300.5
126.5
775.5
68.0
0
814.0
0
934.5
588.0
68.0
0
0
0
120.5
595.0
607.0
0
233.0
0
68.0
253.0
519.5
0
68.0
0
418.0
289.0
68.0
300.5
419.5
1443.0
68.0
0
68.0
0
776.5
126.5
0
68.0
2843.0
288.0
672.0
1625.5
0
243.5
1080.0
0
569.5
1106.0
0
138.0
0
0
172.0
370.5
138.0
126.5
128.0
68.0
0
138.0
126.5
777.5
68.0
2497.0
316.0
0
0
0
478.0
0
1603.0
438.5
0
0
521.5
698.0
0
126.5
126.5
438.5
2837.5
0
126.5
126.5
528.0
68.0
0
0
68.0
2154.5
930.5
1146.5
2181.5
0
0
68.0
0
0
435.5
0
912.5
418.5
0
126.5
0
68.0
1038.0
359.0
194.5
365.5
418.5
0
1397.0
253.5
0
243.5
1089.0
0
671.0
722.0
68.0
126.5
603.5
2586.5
68.0
829.5
0
839.5
489.5
1418.0
1241.0
242.0
126.5
383.0
1974.5
0
0
68.0
138.0
424.0
860.0
126.5
815.5
719.0
68.0
126.5
68.0
242.0
126.5
0
744.5
138.0
138.0
3281.0
413.0
126.5
370.5
126.5
115.5
68.0
126.5
126.5
0
0
68.0
0
549.5
126.5
537.0
0
614.0
435.5
194.5
1013.0
126.5
0
980.5
726.0
68.0
2789.0
300.5
115.5
1273.0
138.0
126.5
126.5
0
0
374.5
126.5
0
0
770.0
243.0
126.5
497.0
3193.0
126.5
128.0
808.0
138.0
887.0
602.0
138.0
0
664.5
0
138.0
0
478.0
138.0
231.5
0
.5
126.5
126.5
128.0
1776.5
508.5
726.0
0
0
68.0
0
680.5
497.0
478.0
120.5
0
424.0
179.0
0
419.5
0
68.0
126.5
126.5
126.5
68.0
1959.0
0
302.0
126.5
68.0
862.0
313.5
491.5
710.5
0
126.5
68.0
138.0
3882.5
1077.0
126.5
407.0
68.0
302.0
126.5
253.0
710.5
0
.0
68.0
557.0
68.0
1390.5
419.5
775.5
0
405.5
0
231.5
383.0
126.5
0
68.0
0
0
126.5
922.5
302.0
859.0
68.0
667.5
419.5
599.5
68.0
0
0
787.0
441.5
0
0
484.0
884.5
517.0
0
477.5
68.0
300.5
700.0
0
653.5
0
126.5
0
0
0
0
1937.0
841.5
435.5
68.0
542.5
0
68.0
986.0
126.5
0
897.5
68.0
0
359.0
126.5
2368.0
231.5
0
478.0
438.5
419.5
0
300.5
531.0
316.0
888.5
0
649.0
0
68.0
0
0
0
0
0
424.0
438.5
68.0
1053.5
115.5
0
126.5
835.0
459.5
126.5
243.0
595.0
441.5
354.5
0
1245.0
315.5
68.0
316.0
558.5
68.0

230.5
0
0
68.0
920.5
1592.0
0
438.5
242.0
138.0
0
.0
186.5
435.5
497.0
0
0
0
.5
257.0
0
126.5
0
1129.0
0
68.0
752.5
253.0
0
990.5
419.5
528.5
0
138.0
0
0
710.5
68.0
0
0
0
0
0
1005.0
242.0
0
497.0
874.0
336.5
365.5
68.0
126.5
0
0
1058.0
68.0
488.0
138.0
0
68.0
0
.5
458.0
1084.0
359.0
68.0
0
126.5
0
0
0
0
138.0
126.5
183.5
601.0
0
720.5
0
0
424.0
365.5
1387.5
126.5
854.5
1560.0
510.5
344.0
842.5
0
126.5
472.0
913.0
68.0
126.5
0
615.5
179.0
126.5
126.5
68.0
242.0
0
243.5
0
0
138.0
0
221.5
1054.0
126.5
0
882.5
0
0
126.5
0
138.0
183.5
0
0
.5
0
508.5
581.0
667.5
1113.0
1023.5
126.5
489.5
0
704.5
126.5
289.0
0
0
0
1804.0
534.5
128.0
126.5
991.0
186.5
126.5
183.5
471.0
138.0
190.5
817.0
68.0
331.0
692.0
1085.5
1049.0
0
969.5
1802.0
138.0
0
68.0
523.5
183.5
0
68.0
489.5
138.0
138.0
0
172.0
126.5
359.0
715.5
120.5
0
.0
190.5
401.0
68.0
126.5
138.0
68.0
126.5
1315.0
68.0
2321.5
0
0
0
0
775.5
138.0
68.0
68.0
126.5
717.0
0
68.0
1457.5
289.0
0
138.0
0
243.5
354.5
0
126.5
424.0
243.5
126.5
315.5
2408.0
0
115.5
126.5
0
413.0
0
0
359.0
0
2175.0
243.5
438.5
0
68.0
0
787.0
126.5

401.0
253.0
0
478.0
787.0
0
0
0
0
0
68.0
68.0
383.0
612.5
1689.5
3028.5
0
471.0
0
365.5
128.0
68.0
179.0
0
478.0
289.0
0
138.0
68.0
728.0
1033.0
707.0
313.5
0
489.5
478.0
0
419.5
1112.0
841.5
300.5
1204.0
497.0
0
68.0
828.5
656.0
827.5
1417.5
418.5
0
1502.5
0
0
3276.5
0
138.0
138.0
739.0
435.5
1787.0
0
2419.5
126.5
126.5
0
0
0
1656.0
126.5
971.0
0
0
0
0
0
489.5
68.0
359.0
0
126.5
126.5
1722.0
943.5
1110.5
428.5
126.5
672.0
533.0
0
0
0
0
0
0
1161.0
333.0
0
126.5
887.5
348.0
401.0
0
2506.0
359.0
172.0
0
0
138.0
138.0
726.0
821.0
2332.0
0
0
138.0
138.0
0
126.5
2447.0
126.5
0
289.0
0
138.0
1144.5
126.5
478.0
126.5
534.5
68.0
986.0
486.0
359.0
300.5
0
302.0
365.5

0
0
0
126.5
0
0
68.0
573.0
971.5
1904.5
68.0
383.0
419.5
996.0
0
183.5
68.0
459.5
0
478.0
0
0
623.5
68.0
0
0
1409.0
0
243.5
750.0
138.0
1218.0
756.0
0
257.0
848.5
516.5
0
0
887.5
1310.5
126.5
0
0
243.0
663.0
4078.5
811.5
0
242.0
359.0
1376.5
741.5
126.5
0
401.0
186.5
0
0
1270.5
186.5
365.5
68.0
842.0
230.5
508.5
512.0
481.0
271.0
243.0
1008.0
0
0
0
0
0
126.5
138.0
0
511.0
0
1041.5
68.0
0
126.5
0
0
68.0
0
2565.0
0
0
0
126.5
0
243.5
0
834.5
790.0
0
1073.5
0
651.0
0
0
665.0
359.0
1325.5
68.0
0
0
790.0
242.0
126.5
363.5
4250.0
1218.5
0
488.0
3032.0
1126.0
138.0
243.0
829.5
484.0
0
418.5
1144.0
0
355.0
128.0
0
0
632.0
471.0
126.5
1944.5
839.5
231.5
0
749.5
419.5
0
243.5
126.5
471.0
0
0
1567.5
1147.5
0
0
126.5
0
359.0
126.5
418.5
0
126.5
68.0
1689.5
0
489.5
0
300.5
0
0
2751.5
242.0
424.0
719.0
0
257.0
489.5
172.0
365.5
861.5
599.5
0
0
2229.5
0
1979.5
138.0
172.0
1600.5
717.0
138.0
0
820.0
0
365.5
646.0
811.0
1236.5
359.0
126.5
0
418.5
418.5
126.5
557.0
435.5
1135.0
0
1616.0
126.5
402.0
2005.5
781.0
243.0
1626.0
844.0
138.0
0
1137.5
68.0
438.5
0
686.5
300.5
0
172.0
0
0
3224.5
0
1043.5
497.0
794.5
126.5
68.0
0
2590.5
419.5
546.0
1016.5
0
1069.0
471.0
128.0
0
1511.0
68.0
871.0
0
1385.5
508.5
0
0
300.5
897.5
0
1609.0
0
0
126.5
0
775.5
861.0
231.5
0
126.5
1854.5
700.0
128.0
0
68.0
0
771.0
1036.5
0
0
1275.5
1882.0
138.0
344.0
68.0
68.0
0
383.0
0
419.5
0
0
68.0

0
0
0
300.5
68.0
0
68.0
1940.0
771.0
68.0
419.5
0
68.0
365.5
300.5
0
0
138.0
0
0
0
.0
723.5
138.0
0
68.0
0
0
126.5
126.5
598.0
424.0
424.0
0
1811.5
438.5
565.0
1144.0
924.5
758.5
0
0
605.0
419.5
68.0
711.0
336.5
396.0
361.0
0
0
0
0
0
1550.0
0
172.0
3696.0
1249.5
0
68.0
0
710.5
126.5
424.0
302.0
0
1424.5
0
0
126.5
0
0
126.5
0
2116.0
0
1094.0
0
2465.0
438.5
120.5
419.5
0
0
0
583.0
0
344.0
667.5
0
573.5
539.5
302.0
2429.5
68.0
126.5
955.5
459.5
0
126.5
0
0
0
374.5
0
300.5
830.0
374.5
126.5
126.5
0
539.5
2292.5
1249.0
0
253.5
0
289.0
2310.0
0
710.5
126.5
68.0
655.0
1336.0
68.0
126.5
0
0
577.5
0
1566.5
1708.0
0
0
68.0

0
0
652.0
674.0
497.0
365.5
0
315.5
68.0
138.0
68.0
186.5
0
419.5
0
0
441.5
138.0
68.0
355.5
501.5
115.5
734.5
276.5
1057.0
0
136.0
0
0
126.5
138.0
300.5
198.0
940.0
1627.5
0
138.0
2182.5
1160.0
0
359.0
0
126.5
497.0
68.0
68.0
521.5
0
231.5
2432.0
0
0
.0
0
138.0
0
0
128.0
613.5
68.0
794.5
0
302.0
0
1338.5
68.0
68.0
478.0
302.0
419.5
68.0
0
68.0
471.0
346.0
2256.5
0
0
549.5
0
1219.5
2476.0
0
459.5
753.5
126.5
126.5
0
0
243.0
115.5
519.5
758.5
0
0
478.0
138.0
68.0
497.0
990.0
231.5
0
0
871.0
0
424.0
126.5
242.0
1032.0
0
1422.5
478.0
860.5
418.5
370.5
0
.5
984.0
3066.0
126.5
0
605.0
581.0
0
0
126.5
126.5
2412.0
565.0
719.0
138.0
300.5
717.0
0
68.0
0
1473.0
0
0
68.0
0
0
300.5
126.5
438.5
68.0
0
0
126.5
564.5
365.5
0
0
0
172.0
2205.5
126.5
461.0
1433.0
1253.5
531.0
138.0
138.0
0
686.0
957.0
0
300.5
433.5
438.5
481.0
264.5
126.5
300.5
0
0
138.0
126.5
424.0
126.5
996.0
949.5
183.5
0
497.0
438.5
233.0
0
598.0
315.5
829.5
0
126.5
1323.0
745.0
68.0
183.5
2550.0
138.0
497.0
0
0
68.0
68.0
126.5
138.0
138.0
362.0
2593.0
478.0
1482.5
126.5
138.0
186.5
359.0
419.5
911.5
0
1093.5
365.5
138.0
126.5
126.5
374.5
3427.5
138.0
138.0
658.0
0
0
530.5
128.0
777.0
138.0
359.0
0
472.0
2226.0
68.0
908.0
1967.0
68.0
2179.0
0
739.0
68.0
0
68.0
1181.0
313.5
903.5
415.5
0
68.0
0
0
136.0
471.0
862.5
126.5
0
419.5
120.5
316.0
899.0
863.5
0
313.5
0
365.5
0
1012.0
68.0
0
0
0
1180.0
0
68.0
0
656.5
953.5
1490.5
0
68.0
0
0
344.0
461.0
0
0
126.5
120.5
126.5
243.5
0
0
.5
0
126.5
0
126.5
0
126.5
892.5
370.5
289.0
0
806.0
497.0
138.0
68.0
0
1093.5
138.0
0
68.0
68.0
1740.5
138.0
489.5
0
830.5
68.0
68.0
419.5
68.0
242.0
418.5
478.0
359.0
653.5
1419.5
0
359.0
472.0
438.5
478.0
508.5
1118.0
300.5
0
0
68.0
0
313.5
1502.5
438.5
0
0
126.5
126.5
253.5
68.0
0
1283.5
0
752.5
316.0
0
508.5
0
0
0
0
68.0
407.0
0
1968.5
2081.5
0
530.5
498.5
489.5
302.0
0
0
3000.0
1230.0
0
138.0
179.0
0
359.0
126.5
2608.0
789.5
68.0
1161.5
539.5
126.5
680.5
289.0
0
491.0
126.5
68.0
138.0
529.0
68.0
138.0
173.0
872.5
126.5
138.0
0
253.0
0
592.0
0
1430.0
717.0
0
68.0
459.5
126.5
3851.0
920.5
0
633.5
478.0
760.0
68.0
588.0
68.0
68.0
68.0
255.0
1173.5
1497.5
1702.0
401.0
0
0
316.0
1495.0
604.5
0
316.0
471.0
448.5
497.0
346.0
0
576.0
126.5
126.5
0
126.5
300.5
68.0
1388.0
474.5
126.5
348.5
716.0
419.5
848.5
68.0
68.0
113.5
365.5
0
2277.0
327.0
771.0
126.5
786.0
3508.0
407.0
683.5
569.5
774.5
519.5
1176.5
68.0
68.0
186.5
68.0
0
0
778.5
0
0
0
138.0
126.5
0
1956.5
0
68.0
424.0
575.0
359.0
68.0
0
126.5
0
0
950.5
179.0
302.0
535.0
2033.0
538.0
316.0
0
0
0
1313.5
561.0
459.5
1262.0
843.5
516.5
1389.5
68.0
0
138.0
126.5
138.0
332.0
302.0
2137.5
419.0
518.0
478.0
68.0
221.5
243.0
2221.0
126.5
126.5
173.0
68.0
0
0
138.0
1093.5
464.0
0
358.0
231.0
489.5
406.0
758.5
138.0
1200.5
489.5
407.0
126.5
138.0
0
357.5

138.0
667.5
68.0
0
2409.0
0
0
0
138.0

138.0
442.5
401.0
0
0
0
0
821.0
0
1528.5
0
242.0
707.0
0
365.5
138.0
736.0
0
0
126.5
365.5
467.0
521.5
593.5
0
0
126.5
138.0
1146.0
723.5
0
937.0
0
126.5
138.0
120.5
2116.0
0
68.0
126.5
947.0
138.0
861.0
0
300.5
593.5
138.0
1659.5
910.5
0
0
2574.5
645.0
656.0
344.0
1123.0
1385.0
857.0
0
0
68.0
438.5
791.0
771.5
1047.5
1522.5
68.0
0
796.0
365.5
995.5
1383.5
0
0
243.5
183.5
68.0
0
0
68.0
1351.5
3729.5
128.0
1764.0
2251.0
1504.0
424.0
993.5
183.5
68.0
138.0
1017.5
0
458.0
138.0
0
516.5
1241.5
126.5
498.5

243.5
0
1100.5
1251.5
424.0
68.0
126.5
907.5
0
68.0
68.0
708.5
126.5
128.0
128.0
438.5
383.0
138.0
1275.5
1073.5
271.0
458.0
875.0
758.5
804.5
1335.5
253.0
419.5
0
68.0
370.5
472.0
194.5
315.5
0
0
68.0
68.0
300.5
612.5
905.5
477.5
126.5
68.0
786.5
316.0
804.5
739.0
1544.0
1232.0
888.5
745.5
138.0
138.0
126.5
0
289.0
126.5
68.0
2775.0
1528.5
772.5
0
1045.0
183.5
401.0
126.5
621.5
68.0
934.0
128.0
646.0
126.5
0
419.5
285.5
365.5
300.5
68.0
1274.0
533.0
0
968.0
497.0
243.5
0
68.0
179.0
138.0
68.0
478.0
365.5
0
365.5
120.5
1644.5
68.0
68.0
763.5
486.0
0
811.0
365.5
516.5
794.5
126.5
0
0
271.0
1058.5
126.5
2601.0
0
1429.5
0
1185.0
138.0
221.5
0
1906.5
530.5
68.0
138.0
671.0
419.5
421.0
0
68.0
478.0
693.0
194.5
257.0
1210.5
3047.0
126.5
1802.0
126.5
68.0
198.0
0
68.0
0
2181.0
530.5
231.5
126.5
667.5
0
115.5
126.5
581.0
459.5
359.0
0
0
1246.0
68.0
243.0
285.5
1371.0
804.5
0
0
138.0
126.5
841.0
68.0
757.0
115.5
126.5
0
68.0
2010.0
126.5
776.0
253.5
0
126.5
68.0
1464.5
0
419.5
0
527.5
194.5
418.5
179.0
0
0
138.0
126.5
68.0
479.5
0
138.0
0
68.0
300.5
971.5
548.5
419.5
126.5
773.5
315.5
363.5
359.0
478.0
138.0
0
646.0
424.0
271.0
575.0
1921.0
576.5
359.0
3400.0
2107.0
0
300.5
68.0
3305.5
407.0
1070.5
775.5
138.0
365.5
68.0
497.0
3336.5
419.5
535.0
722.0
68.0
366.0
967.0
3192.0
2778.5
68.0
1183.5
186.5
126.5
126.5
401.0
0
0
68.0
424.0
138.0
554.0
3020.5
418.5
438.5
419.5
497.0
786.0
614.5
419.5
0
126.5
68.0
0
68.0
554.0
0
68.0
882.0
68.0
126.5
529.0
1641.5
0
535.0
1722.0
401.0
619.5
1249.0
902.5
1280.5
138.0
126.5
497.0
0
68.0
0
783.0
0
7.5
126.5
0
230.5
438.5
126.5
0
0
753.5
370.5
68.0
471.0
677.0
0
533.0
68.0
0
0
386.0
0
243.0
2344.0
0
0
1200.0
150.0
736.0
68.0
1653.5
704.5
0
508.5
348.5
68.0
1022.5
359.0
0
128.0
533.0
0
438.5
68.0
2047.0
300.5
128.0
1371.0
564.5
1056.0
126.5
435.5
315.5
624.5
1404.5
860.0
1138.0
2174.0
3113.0
2531.0
2433.0
0
68.0
313.5
579.5
0
2888.5
0
68.0
138.0
0
0
717.0
0
.5
1485.0
300.5
3276.0
348.5
714.5
289.0
408.5
126.5
592.0
0
365.5
603.5
359.0
1109.5
633.5
3966.0
0
419.5
0
138.0
2577.5
138.0
533.0
2677.0
316.0
126.5
849.5
478.0
448.5
165.5
315.5
68.0
1472.0
126.5
2794.0
3032.0
459.5
1371.0
3304.0
476.5
0
1530.0
68.0
68.0
0
.0
0
0
830.5
68.0
2849.0
138.0
126.5
793.0
1928.0
231.5
300.5
68.0
968.5
1042.5
1175.0
1958.5
407.0
1227.5
1350.5
1003.5
0
497.0

710.5
714.5
365.5
1140.5
190.5
68.0
68.0
419.5
194.5
2076.5
601.0
1161.0
126.5
0
1086.0
419.5
0
128.0
0
126.5
138.0
285.5
120.5
3116.5
2423.5
1481.5
1644.0
1985.0
0
126.5
3178.5
0
316.0
1392.0
0
478.0
365.5
1423.0
2974.5
0
9.5
948.0
0
0
1285.0
68.0
986.5
138.0
901.5
535.0
68.0
243.5
586.5
0
1428.5
2811.0
1391.5
2828.5
1751.0
365.5
0
1311.0
0
.0
68.0
1017.5
68.0
419.5
541.0
2857.5
1428.0
1548.0
438.5
2709.5
0
300.5
3217.5
300.5
1239.0
839.0
68.0
3049.0
1070.5
566.0
581.0
68.0
68.0
3790.5
0
1728.5
1457.0
2731.5
789.0
2317.0
832.5
929.5
230.5
2494.0
461.0
348.5
3216.5
696.5
2892.0
68.0
418.5
126.5
243.5
0
68.0
624.5
2588.0
478.5
138.0
2305.0
365.5
640.5
3357.5
901.0
300.5
1740.0
1326.0
407.0
3708.0
0
429.0
126.5
2383.5
0
2200.5
438.5
1998.0
771.0
3391.5
138.0
0
183.5
438.5
0
68.0
2724.0
126.5
0
138.0
3726.5
289.0
3015.0
68.0
68.0
980.0
498.5
126.5
401.0
1821.5
2342.0
923.0
0
941.5
0
0
126.5
0
1096.5
177.0
68.0
1150.0
848.5
0
6.5
752.0
692.0
1657.5
68.0
0
0
257.0
3050.5
365.5
1650.0
829.5
1689.0
300.5

524.5
0
68.0
126.5
419.5
168.0
438.5
1141.5
722.5
615.5
1463.5
438.5
1515.0
790.0
0
0
1074.0
3678.5
3741.0
126.5
756.5
126.5
2849.5
68.0
0
3163.0
2124.0
967.0
3178.0
489.5
520.5
194.5
68.0
478.0
2940.5
1900.0
2517.0
773.5
0
0
1156.5
0
0
2628.5
498.5
752.5
3804.0
68.0
739.0
0
771.0
1577.0
1430.0
3893.5
516.5
2153.5
736.0
710.5
3889.5
0
0
68.0
126.5
402.0
516.5
2981.0
0
2821.0
4370.5
3713.0
2430.5
438.5
365.5
3914.5
2760.5
481.0
2325.0
815.0
3510.0
136.0
0
562.0
0
2623.5
486.5
2503.0
4003.5
549.5
294.5
2384.5
3092.0
4192.5
2230.5
383.0
655.0
1293.5
3031.5
3131.0
3349.5
1866.0
2451.0
0
435.5
1604.5
0
0
2259.5
2545.0
1774.0
2490.5
4415.0
0
3149.5
0
965.0
2051.5
1558.0
0
126.5
1755.0
1745.5
475.5
3717.0
471.0
1685.5
489.5
753.5
941.5
0
0
115.5
4324.0
1640.0
2115.5
2989.5
934.5
0
2594.5
2794.0
478.0
3188.5
1049.0
1288.0
2804.5
68.0
1022.0
1246.0
3596.5
1629.5
2078.0
777.5
3936.0
242.0
2126.0
0
1309.0
1436.0
771.0
1572.0
0
3808.0
2109.0
3256.0
3611.0
3520.0
424.0
703.5
710.5
68.0
717.0
1016.5
489.5
68.0
682.5
3121.0
289.0
3780.5
2177.0
115.5
2864.0
438.5
1892.0
2346.0
3997.5
1973.0
770.0
1822.5
3298.0
0
897.0
957.0
2484.5
126.5
2802.5
3729.0
3616.5
3100.0
2212.5
809.0
126.5
3604.5
3252.0
68.0
1042.0
3024.5
790.0
583.0
1210.0
2198.0
1763.0
687.5
1493.0
374.5
4173.0
939.0
0
3176.0
775.5
1670.5
1032.0
844.5
2464.0
775.5
0
1459.0
592.0
4308.0
1605.0
3973.5
2396.0
68.0
1144.5
0
950.0
2935.5
1262.0
3486.5
613.5
2700.5
742.0
236.0
2589.0
0
717.0
1775.0
922.0
3698.5
438.5
419.5
136.0
0
0
2346.5
0
2942.5
489.5
736.0
1439.5
285.5
5409.0
2936.0
1699.5
979.0
68.0
0
419.5
736.0
802.5
2012.5
3103.5
4184.0
313.5
2840.5
2999.0
3626.5
2486.0
424.0
1307.5
0
1087.5
3716.0
1162.5
68.0
3875.5
2309.5
1725.5
489.5
4636.0
68.0
3399.0
1405.5
4319.0
1282.5
2185.5
770.0
1048.0
3447.0
2424.0
2070.0
608.5
2530.0
1622.0
3560.0
3790.5
1210.0
315.5
126.5
3952.5
2904.0
113.5
2895.0
0
2814.5
1090.5
0
194.5
3492.5
435.5
4666.0
3768.5
0
2937.5
3339.5
3775.0
2465.5
2466.5
68.0
2832.5
348.5
2897.0
932.5
2391.5
2773.0
1966.0
2199.5
0
0
2591.0
3095.5
2638.5
1767.5
1806.5
0
2875.0
115.5
3660.0
1519.0
3575.5
0
126.5
2902.5
2791.5
1698.0
1955.0
435.5
1106.5
1856.5
965.0
2354.5
435.5
3720.0
2584.5
68.0
2853.5
1055.0
2543.0
68.0
2967.5
2210.0
126.5
3462.0
424.0
0
0
981.0
0
4054.5
0
0
2902.0
3616.5
679.0
1944.5
300.5
804.5
489.5
3147.5
3405.0
2354.0
1702.0
2055.5
640.5
0
3303.5
0
1192.0
516.5
68.0
2183.5
348.5
0
4107.5
4355.5
924.5
0
1749.0
700.0
1840.5
2974.5
0
1781.5
3240.0
0
2711.5
2099.0
4372.0
1829.0
4775.0
3220.5
2011.0
4542.5
3827.0
2945.0
365.5
683.5
3308.5
0
0
126.5
0
2163.0
4088.5
548.5
126.5
0
1194.5
126.5
4184.5
3002.5
0
2982.5
0
2289.5
1969.5
1745.5
2400.0
1630.0
474.5
316.0
5176.0
958.5
4389.5
3029.5
3531.0
3087.0
0
0
1654.0
68.0
2096.5
1916.0
1505.5
0
2630.0
2780.5
0
0
459.5
1835.0
3266.0
2646.0
4135.5
3373.0
0
419.5
1492.5
0
4248.0
2828.5
3052.0
126.5
365.5
646.0
0
302.0
1037.0
2134.5
3144.0
0
811.0
3746.5
1841.0
3369.5
739.0
1797.5
4176.0
757.0
2415.0
636.0
991.5
3305.0
419.5
1123.0
3432.0
1276.0
3977.5
0
936.0
0
1803.5
716.0
3162.0
0
1858.0
3437.0
2688.5
1850.0
3408.0
723.5
3245.5
1659.5
3527.5
1708.0
599.5
68.0
3350.5
1634.5
365.5
5756.0
4019.5
2842.5
1016.5
4631.0
0
3972.5
2744.5
0
0
3135.5
2830.5
0
3168.0
2353.0
138.0
1008.0
0
115.5
4031.5
838.5
5009.5
2004.5
0
0
478.0
1998.0
0
4493.0
2049.5
1915.0
867.5
695.5
0
3214.0
2584.0
2290.0
0
0
2111.0
3427.0
3034.5
242.0
0
1333.0
946.5
1070.5
1089.5
3794.5
3152.5
0
489.5
2378.5
1102.5
0
6.0
3717.0
2159.0
183.5
2147.0
1549.5
1096.5
1833.5
4038.5
1437.0
2434.5
3268.5
1526.0
0
2382.5
2357.0
459.5
2833.5
0
3203.5
138.0
2626.5
2092.0
1778.0
623.5
4213.5
0
2098.5
348.5
3652.5
2557.0
3313.5
1612.0
3820.5
3553.5
2748.0
3005.5
0
636.0
0
712.0
0
0
0
1017.0
478.0
0
4583.0
1078.5
0
3816.0
0
979.0
1919.0
3556.0
4678.5
0
374.5
0
0
126.5
68.0
3001.5
4329.0
1639.5
3651.5
4377.5
2101.5
2068.0
0
0
3092.5
2829.0
1142.5
2568.0
190.5
3953.5
3813.5
3419.0
115.5
3717.0
3740.5
3310.5
3160.5
4550.5
0
0
3883.0
0
365.5
68.0
4620.0
1837.5
0
.0
0
3316.5
3604.5
126.5
3193.5
790.0
365.5
3767.5
3070.5
3354.5
1418.0
289.0
2173.0
2913.0
4944.5
1627.0
3534.0
316.0
4119.0
2534.5
478.0
3564.0
2839.5
2238.0
0
3322.5
1100.5
138.0
424.0
0
0
3886.5
2323.5
0
3098.0
541.0
0
9.0
0
3087.5
951.0
0
0
2838.5
630.5
4360.0
365.5
0
3625.0
2494.0
5105.5
68.0
365.5
2450.0
2856.5
3699.0
2103.0
1102.0
2417.5
1417.5
3068.5
0
3911.5
0
1956.5
965.5
566.0
1775.0
0
0
0
68.0
3492.0
0
126.5
3927.0
3869.0
1739.5
4021.5
3394.0
441.5
792.5
1097.0
0
419.5
655.0
4282.5
1280.5
4267.0
2422.0
0
2247.0
2601.0
0
3746.0
2415.0
2695.0
2454.0
1503.0
0
0
68.0
4636.5
2641.5
0
1152.0
0
383.0
3313.5
0
3109.5
1521.5
424.0
3974.0
1123.0
2997.0
4358.0
0
3264.5
3305.5
0
775.5
3521.0
2206.0
1953.0
4106.5
0
0
1868.0
717.0
2294.0
2022.5
4154.5
572.0
68.0
2300.5
2587.5
2631.5
424.0
3327.5
3418.0
2943.0
971.5
2394.0
1333.5
2454.0
4138.5
183.5
1313.5
1294.5
138.0
4004.0
2552.5
1972.0
3413.5
2182.5
3526.5
2864.0
2274.5
2770.0
1129.0
2838.5
1035.5
758.5
5124.0
0
2198.0
3666.5
1863.0
419.5
68.0
653.5
0
2431.5
0
2565.0
2362.5
0
3204.0
1917.0
3266.5
3510.5
0
3183.0
3067.0
4559.5
0
0
1488.5
2880.0
576.5
0
2657.0
1604.5
5708.0
1945.0
1437.5
0
138.0
3453.0
3681.5
3967.5
646.0
126.5
0
981.5
3054.0
4660.5
1222.5
138.0
4030.5
3449.0
2790.0
3543.5
0
3718.0
2166.5
0
128.0
3015.0
1230.5
0
2075.0
0
478.0
2017.0
1005.0
822.0
1042.0
0
194.5
1285.0
138.0
401.0
1782.0
3182.5
2270.5
0
2063.5
478.0
4274.0
704.5
1146.0
3483.0
0
0
2323.5
138.0
2675.5
0
884.0
2261.5
2324.0
538.0
3302.5
4120.5
2411.0
2792.5
3451.5
2562.0
136.0
0
1825.5
4070.5
3063.0
4036.0
2511.0
5179.5
0
3198.0
0
0
3213.5
0
0
0
3590.0
1379.0
0
2628.5
0
126.5
523.5
1461.0
1793.5
374.5
183.5
413.0
3799.5
2366.5
2908.0
419.5
757.0
0
2396.0
348.5
1141.5
2440.0
0
1831.5
1358.0
0
126.5
0
0
1694.5
1070.5
2277.0
1876.0
3929.0
3884.5
2522.0
126.5
0
3527.0
1579.0
0
0
424.0
2593.5
2843.5
2403.5
1651.0
3936.0
0
546.0
2795.5
138.0
0
2422.0
4693.5
947.5
652.0
0
791.0
498.5
138.0
0
0
652.0
489.5
554.0
1435.0
2403.0
1695.5
3265.5
1991.5
357.5
1145.5
2397.0
3123.5
126.5
1636.5
0
2838.0
1687.0
5163.5
68.0
821.0
3084.0
4524.0
0
0
0
0
3428.0
0
2747.0
0
419.5
126.5
2606.5
2449.0
0
2711.5
0
3694.5
3235.5
2864.0
2264.0
2815.5
68.0
419.5
0
0
2093.0
0
4224.5
3487.0
2902.0
419.5
0
719.0
5201.0
0
1597.5
2571.0
2884.0
2398.0
1419.0
2989.0
2807.0
3192.0
0
2335.0
2877.5
0
3561.5
3549.5
2815.0
1219.5
1887.5
2655.5
5489.0
977.0
1913.0
183.5
2735.5
2937.0
0
0
2511.5
2665.5
3800.0
4002.0
4897.5
1885.0
3540.0
3601.5
896.0
3549.0
3364.0
2333.5
2115.0
0
3464.5
2946.5
2661.0
4548.0
4191.0
891.5
3808.5
3264.0
126.5
183.5
459.5
1534.0
734.0
2432.0
4224.0
0
3934.0
438.5
478.0
138.0
4499.0
4075.0
2505.5
4073.0
2831.5
0
4783.5
3737.5
1974.5
424.0
2512.0
3167.0
3411.0
0
4543.5
68.0
3471.5
0
2892.5
1171.5
1245.5
2517.5
659.0
2199.5
3288.0
0
870.5
0
126.5
948.0
1952.0
665.0
2462.5
1867.0
1500.5
1096.5
1782.0
0
438.5
1122.5
4190.0
2425.0
0
138.0
6243.0
3284.0
876.0
581.0
649.0
0
1438.0
126.5
2753.5
0
4333.0
729.5
1666.0
453.0
424.0
2088.5
1645.0
3234.5
1966.0
2690.5
790.0
126.5
0
1011.0
120.5
1710.0
2920.5
4053.0
68.0
424.0
729.5
1653.5
0
0
0
1920.5
1935.5
0
0
126.5

813.0
68.0
0
4220.0
0
435.5
3052.5
3178.0
2360.5
596.5
4138.5
511.0
138.0
883.0
0
0
4423.0
3136.0
489.5
0
0
1303.5
3098.0
2773.5
4054.0
0
1013.5
884.5
419.5
0
4140.5
3534.5
3374.5
3025.5
3708.5
0
2551.0
0
346.0
126.5
2865.5
243.0
3474.0
0
566.0
1068.5
0
2823.5
1458.0
1610.0
2942.5
313.5
0
1711.0
0
2866.5
821.5
505.5
949.5
1526.5
302.0
2697.5
3695.5
488.0
4391.0
0
0
3250.0
0
3240.5
790.0
348.5
242.0
3784.5
0
2944.5
1043.5
2575.5
1481.5
3161.5
2431.5
0
659.0
0
407.0
528.0
1268.0
1709.5
613.0
3946.0
489.5
0
126.5

1653.5
0
68.0
3363.0
3604.5
0
0
0
3420.5
3117.5
756.5
396.0

0
4337.5
2973.0
128.0
0
0
0
126.5
126.5
2311.0
478.0
658.0
4043.0
0
451.0
0
2410.5
2541.0
0
1208.0
0
3279.5
0
4032.5
424.0
0
2033.5
115.5
0
2626.5
0
0
438.5
1081.0
3333.5
3531.0
68.0
3369.5
0
804.5
138.0
0
370.5
1344.0
1908.0
734.5
0
0
3006.0
2528.5
0
1087.5
0
2990.5
0
126.5
0
771.0
3916.0
0
1079.0
0
2513.0
401.0
438.5
0
3570.5
0
0
0
2426.0
1322.5
302.0
1148.5
2940.0
2531.5
126.5
2374.5
0
138.0
0
0
1448.0
419.5
126.5
302.0
0
.0
1135.5
0
2269.0
1769.5
0
138.0
0
1268.5
0
4456.5
186.5
519.0
0
0
3456.0
0
2481.0
3166.0
0
3323.0
0
0
3355.5
0
2569.0
5708.5
1070.5
0
4434.0
0
2069.5
2579.0
0
0
0
2567.5
3321.5
940.0
0
0
5002.0
3719.0
1994.0
3401.0
0
0
2976.0
2692.0
785.0
0
1461.5
2890.0
0
905.0
1293.0
2486.0
418.5
947.0
822.5
0
0
0
2588.0
897.5
0
0
2002.0
3278.0
1122.0
0
5371.5
653.5
0
1443.0
4474.0
2063.5
1110.0
2851.0
0
2359.5
2221.5
3189.0
0
0
1071.5
638.5
0
3716.0
0
0
1335.0
1956.5
0
4437.5
68.0
0
0
0
5434.0
355.5
2156.5
2100.5
0
316.0
0
0
5990.5
489.5
0
787.0
126.5
3381.5
1560.0
1313.5
0
2812.5
1234.5
641.5
771.5
1718.0
2149.5
0
0
739.0
0
1538.0
717.0
2885.5
0
126.5
0
2665.5
2997.0
1302.0
3416.5
534.0
3172.5
0
2620.0
0
0
3684.0
756.0
0
1672.5
300.5
0
4174.5
407.0
5624.5
700.0
0
0
808.5
404.5
0
190.5
3488.5
2947.0
2235.5
3768.5
768.5
126.5
2602.5
0
3280.0
0
1348.5
316.0
0
0
2271.5
3398.5
0
0
1620.5
68.0
2573.5
332.0
4257.0
3123.5
1459.0
0
3136.5
315.5
0
0
1489.0
424.0
1935.5
1976.0
2899.5
126.5
740.0
2210.0
1845.5
0
478.0
0
1878.0
0
1899.5
1817.0
848.0
0
2067.5
0
1574.5
0
4436.5
2262.5
1123.5
1945.5
3169.0
0
0
840.0
0
0
138.0
887.0
2647.5
4009.0
4296.0
3111.0
0
624.5
0
0
0
2611.5
830.0
1612.5
0
0
2729.0
365.5
1711.0
0
3797.0
2380.5
0
1441.0
3913.5
2894.0
126.5
1490.0
2622.5
0
128.0
348.5
2570.0
4667.5
984.0
126.5
5073.0
5115.5
126.5
68.0
4621.0
3550.0
120.5
2324.0
1889.5
2863.5
3281.0
489.5
1342.5
2185.0
0
2008.0
573.0
138.0
907.0
1175.5
126.5
183.5
2589.0
126.5
2366.0
1606.5
2542.0
537.0
2199.5
1361.5
128.0
478.0
1621.0
1862.5
231.5
2561.0
4347.5
1870.5
300.5
68.0
126.5
253.0
2224.0
1396.0
0
2596.5
0
1326.5
0
471.0
1921.5
419.5
138.0
2871.5
1015.0
827.5
2433.0
1598.5
1879.5
1709.5
3810.5
3967.0
0
0
4095.0
194.5
2528.0
1014.5
1334.5
1044.5
0
935.0
695.5
68.0
1056.0
138.0
1497.5
790.0
3546.0
0
2998.5
126.5
2616.5
641.5
4029.5
2015.5
1707.5
0
804.0
2527.5
3330.0
3043.5
68.0
0
1494.5
3416.5
596.5
68.0
3762.5
487.0
2696.5
1786.0
663.0
518.0
1662.5
1291.0
3421.0
1036.5
3014.0
4321.5
1196.0
3243.5
183.5
4034.5
3707.0
383.0
837.0
1867.5
828.5
960.0
0
910.0
5819.5
512.0
231.5
2520.0
4082.5
596.5
0
1481.5
2888.0
0
1421.0
667.0
2811.0
230.5
848.5
614.0
3994.0
1024.0
3357.5
126.5
0
435.5
3766.0
1898.0
2783.5
438.5
2595.0
3379.0
68.0
0
1824.5
1634.0
1022.5
300.5
0
0
0
126.5
0
3390.0
419.5
2961.5
0
1937.5
3746.0
138.0
0
2082.0
126.5
126.5
3669.0
302.0
361.5
4215.0
0
126.5

2851.5
126.5
3400.0
365.5
126.5
138.0
0
3659.0
0
441.5
0
401.0
0
2672.0
930.0
0
0
564.5
0
2263.0
0
1209.5
1904.5
2632.5
978.0
4035.0
1967.0
0
138.0
2002.0
2342.5
2018.5
717.0
0
138.0
1562.0
138.0
1776.0
2121.5
3495.5
913.0
531.0
4479.0
0
300.5
0
3487.5
2190.0
1035.0
68.0
1328.5
126.5
1489.0
424.0
126.5
4274.5
0
4072.5
0
672.5
0
126.5
138.0
3259.5
700.0
3367.0
0
1479.5
0
3210.0
2429.0
1985.0
2875.0
126.5
2650.0
0
2424.0
3478.0
404.0
4870.5
1089.5
717.0
821.0
0
126.5
0
2063.5
905.5
2660.5
2599.5
3357.5
0
3876.0
183.5
0
458.0
0
1582.5
126.5
3710.5
0
0
0
68.0
828.5
2788.5
1547.0
3180.0
0
3275.0
0
1165.0
68.0
289.0
3935.0
3757.0
0
3559.0
0
815.5
173.0
2143.5
242.0
698.5
0
2878.0
3496.0
3478.0
300.5
126.5
646.0
3741.0
424.0
126.5
128.0
302.0
4866.5
968.5
1083.5
1137.5
2318.0
538.0
981.5
2525.5
0
1906.5
737.5
68.0
2658.0
0
348.5
3105.5
431.0
2382.0
3085.0
0
0
0
4.5
2154.5
829.5
2148.5
424.0
2440.5
0
4498.5
1565.0
355.5
0
5504.5
0
0
2697.0
0
1612.0
126.5
0
313.5
0
0
120.5
370.5
461.0
0
257.0
1766.0
1528.0
68.0
2273.0
2590.0
288.0
384.5
1969.5
0
3978.0
998.0
2193.5
2999.0
179.0
2925.0
4763.0
0
1843.0
987.5
1753.5
2262.0
4313.5
4803.0
3074.0
68.0
1456.5
126.5
4723.5
0
1038.0
2095.0
2185.5
2392.5
2090.5
0
0
0
1728.0
0
1271.5
2588.5
68.0
4015.5
2018.0
2570.0
1340.0
4288.5
0
4627.5
2931.0
0
438.5
126.5
3345.0
1105.0
0
368.5
1463.0
2241.0
0
128.0
300.5
3133.0
0
0
1527.5
138.0
138.0
881.0
2417.0
0
68.0
3494.0
1497.5
478.0
2801.5
3119.5
0
2917.5
719.5
126.5
652.0
0
120.5
0
0
424.0
618.5
0
68.0
2427.5
622.5
194.5
0
0
2887.5
5773.5
2567.5
5203.0
2757.0
497.0
1392.5
0
794.5
68.0
1983.0
987.0
822.5
2036.0
438.5
365.5
424.0
2974.0
0
0
811.0
0
0
68.0
0
128.0
805.0
300.5
126.5
776.0
0
2957.0
721.5
0
115.5
477.5
3476.5
1009.0
0
0
809.0
126.5
533.0
0
1808.0
0
3736.5
3495.5
138.0
588.0
1614.5
951.5
0
1069.0
1909.0
1157.0
126.5
316.0
68.0
880.5
2196.0
1436.0
1041.5
1274.0
424.0
0
3.0
3277.5
0
0
516.5
1719.5
0
138.0
0
1350.5
2130.5
370.5
0
5611.0
602.0
704.5
714.5
243.5
489.0
0
126.5
0
605.0
2570.0
316.0
0
0
1374.5
0
1074.5
0
0
633.5
1321.0
838.5
138.0
1833.0
932.5
478.0
1050.0
126.5
0
407.0
0
383.0
138.0
981.5
186.5
407.0
578.5
0
3039.5
680.5
300.5
598.5
1937.5
791.0
671.0
242.0
0
0
300.5
770.0
2414.0
2330.0
0
841.5
3599.5
424.0
0
0
126.5
995.0
533.0
126.5
257.0
3384.0
126.5
0
2822.0
2038.0
365.5
956.5
138.0
0
935.0
667.5
2391.5
453.5
0
546.0
438.5
2592.5
0
2725.5
271.0
2805.5
0
1255.0
2225.5
126.5
1126.0
672.5
3383.0
177.0
497.0
243.5
68.0
1122.5
2446.0
478.0
4423.0
1003.5
2948.5
811.0
0
704.5
2713.0
3354.0
383.0
1054.5
231.5
0
418.5
1566.5
1545.0
0
0
925.0
1565.0
1123.0
633.5
3566.5
453.0
1444.0
0
2123.5
1704.0
0
1210.5
68.0
729.5
0
242.0
0
138.0
3937.0
0
0
0
1948.0
775.5
68.0
418.5
0
424.0
68.0
489.5
712.0
0
602.0
471.0
68.0
0
2257.5
640.5
0
419.5
0
1981.0
126.5
1234.0
0
0
1157.0
663.0
370.5
708.5
0
424.0
313.5
407.0
0
0
386.0
1259.5
68.0
0
407.0
1275.5
2785.0
365.5
551.0
3609.0
958.5
316.0
407.0
0
478.0
126.5
1575.5
0
677.5
583.0
4142.5
138.0
316.0
962.0
0
1437.5
0
1771.5
869.0
2843.0
633.5
0
289.0
0
138.0
519.5
68.0
2856.5
136.0
365.5
0
1565.0
126.5
0
2201.0
126.5
911.5
618.5
0
0
843.5
0
2005.5
126.5
138.0
68.0
68.0
126.5
1064.0
1355.5
3593.5
243.0
639.0
1290.5
138.0
359.0
762.0
656.5
115.5
401.0
68.0
126.5
126.5
0
912.5
2247.5
1179.0
2630.0
704.5
365.5
898.5
1848.5
2141.0
0
1492.0
538.0
348.5
1007.5
68.0
0
2730.5
663.0
126.5
401.0
3182.5
126.5
138.0
6324.0
68.0
0
190.5
68.0
0
0
1871.5
1711.5
126.5
0
471.0
179.0
1468.0
4077.0
2874.5
0
2893.5
535.0
1262.0
0
0
1058.0
1830.5
667.5
0
1341.0
68.0
489.5
814.5
401.0
68.0
0
438.5
418.5
315.5
1186.0
0
0
438.5
0
0
478.0
745.0
3036.0
0
0
0
126.5

0
508.5
1281.5
1600.5
300.5
0
3832.0
0
313.5
702.5
2002.5
598.0
986.0
2804.0
128.0
0
138.0
944.5
1478.5
68.0
419.5
0
458.0
0
0
0
179.0
1061.0
0
0
0
0
68.0
313.5
348.5
128.0
1559.5
0
5057.5
692.0
0
0
126.5
0
1348.5
126.5
1234.0
183.5
3004.5
738.5
1594.5
68.0
1539.5
3122.0
2125.5
126.5
0
2351.0
0
3530.5
0
547.0
0
68.0
596.5
4115.0
441.5
68.0
278.0
0
773.5
988.5
0
1848.0
1699.5
1215.5
253.0
0
964.0
0
1002.5
0
316.0
359.0
1181.0
300.5
0
126.5
667.5
569.0
793.0
374.5
497.0
126.5
435.5
787.0
0
1254.0
183.5
1578.5
1569.5
0
0
0
186.5
1113.0
0
646.5
128.0
3440.0
2105.5
0
0
814.5
1158.0
419.5
258.5
698.5
0
5595.0
2236.5
128.0
390.5
0
0
418.5
370.5
419.5
2308.0
3731.0
0
0
1403.0
231.5
313.5
126.5
1494.0
1069.0
126.5
435.5
1720.0
1209.5
0
0
607.5
68.0
68.0
775.5
0
68.0
138.0
425.0
1734.0
289.0
772.5
327.0
138.0
68.0
1354.0
458.0
478.0
2191.5
1002.5
902.5
126.5
0
0
68.0
1175.0
1546.5
0
539.5
1477.5
1423.5
529.0
2559.5
0
0
649.0
0
2940.5
760.0
0
438.5
471.0
186.5
289.0
1041.0
0
.0
2180.0
186.5
2368.5
0
0
0
4161.5
0
2781.5
476.0
1236.5
605.0
0
257.0
0
663.0
1063.0
2959.0
738.5
906.0
0
671.0
497.0
716.0
0
0
0
663.0
0
1626.5
68.0
663.0
300.5
68.0
2288.0
558.5
2835.5
1782.5
0
1637.0
0
3198.0
0
0
359.0
1565.5
613.0
365.5
0
0
458.0
126.5
2252.5
365.5
242.0
2049.5
438.5
710.5
0
2621.0
476.0
3377.0
358.5
646.5
3897.0
0
771.0
0
126.5
0
0
489.5
1647.0
4635.0
653.0
126.5
0
0
0
126.5
0
2088.0
68.0
2741.5
533.0
876.0
692.5
717.0
126.5
537.5
583.0
1769.5
0
138.0
1444.0
2106.5
0
0
797.5
0
0
667.0
0
.5
0
0
2127.5
0
0
1438.5
0
0
0
0
0
0
242.0
126.5
313.5
126.5
0
438.5
0
772.0
138.0
0
794.5

1824.5
478.0
734.0
2656.5
0
360.5
0
0
242.0
614.0
0
822.0
599.5
0
0
0
0
0
750.5
315.5
138.0
751.5
0
68.0

2183.5
68.0
2098.5
126.5
126.5
138.0
126.5

1244.5
194.5
1980.0
365.5
1206.5
0
458.0
128.0
179.0
0
0
183.5
821.5
1019.5
0
0
1531.5
0
591.5
1074.0
0
0
396.0
0
115.5
722.0
126.5
961.0
478.0
0
138.0
0
0
313.5
1423.5
0
928.0
0
1244.5
128.0
489.5
583.0
855.5
2000.0
2730.0
386.0
0
1085.5
736.0
401.0
0
5092.0
126.5
812.0
0
7.5
2315.0
1556.0
0
0
0
862.5
126.5
2860.5
126.5
656.5
183.5
302.0
489.5
1751.5
359.0
0
0
0
0
0
543.5
0
714.5
0
0
126.5
344.0
0
2549.5
264.5
0
68.0
0
471.0
0
0
419.5
0
243.0
602.0
2592.5
0
656.0
1632.0
2223.0
348.5
0
372.5
734.0
773.5
0
478.0
736.0
0
0
0
126.5
1030.5
126.5
0
1004.0
777.0
68.0
126.5
450.5
0
489.5
0
949.5
889.5
0
8.0
365.5
1776.0
68.0
0
1526.5
68.0
1029.0
313.5
419.5
1765.0
304.5
1567.0
0
0
253.5
1940.0
0
3297.5
68.0
68.0
5760.5
0
649.0
2342.5
0
435.5
0
1826.0
424.0
126.5
0
68.0
2324.0
0
126.5
2343.0
126.5
1009.0
242.0
0
0
0
707.0
0
949.5
1159.5
0
68.0
0
0
3216.0
568.5
566.0
0
419.5
1171.5
0
901.5
126.5
0
0
0
0
126.5
640.5
1012.0
365.5
724.5
1163.5
438.5
3192.5
424.0
0
424.0
519.5
0
138.0
0
419.5
881.5
678.5
0
0
407.0
0
1865.5
0
785.0
0
868.0
3581.5
562.0
2355.5
68.0
2763.5
594.0
0
1026.5
0
0
138.0
950.5
0
68.0
1148.5
126.5
453.0
0
646.0
1144.5
0
0
1295.0
583.0
419.5
126.5
126.5
194.5
126.5
459.5
758.5
0
0
0
464.5
0
138.0
0
194.5
355.5
2363.0
0
316.0
869.5
0
0
126.5
1920.0
0
0
344.0
0
1050.0
478.0
128.0
1424.5
1193.5
710.5
0
0
0
374.5
344.0
0
2153.0
0
438.5
497.0
1678.0
68.0
230.5
848.5
257.0
1908.0
126.5
68.0
126.5
0
1940.5
0
0
0
0
478.0
1691.0
3332.5
1019.0
0
0
0
533.5
138.0
0
945.5
126.5
120.5
424.0
736.0
719.0
1550.0
68.0
0
0
126.5
0
0
68.0
300.5
68.0
370.5
402.0
1378.0
0
68.0
528.0
1567.0
3060.5
126.5
183.5
667.0
68.0

0
0
2334.0
1003.0
0
0
0
2418.5
0
0
476.0
635.0
383.0
1863.5
126.5
0
126.5
3052.0
418.5
68.0
2821.5
3281.5
0
68.0
790.0
120.5
0
0
365.5
592.0
1218.0
0
126.5
663.0
474.5
2209.5
68.0
724.0
4830.0
1025.5
300.5
3017.5
0
68.0
0
407.0
0
348.5
138.0
892.5
313.5
1964.5
68.0
516.5
774.5
0
0
0
1848.5
745.0
68.0
1831.5
1167.5
574.0
438.5
760.5
126.5
850.0
600.5
138.0
68.0
1348.0
365.5
0
1218.0
1766.5
231.5
1315.0
583.0
138.0
302.0
700.0
486.0
315.5
0
4292.5
0
1025.5
418.5
365.5
1157.5
0
0
796.0
419.5
0
512.0
68.0
383.0
68.0
4096.0
418.5
0
128.0
2402.0
0
0
0
978.0
1755.0
126.5
0
704.5
593.5
138.0
243.5
365.5
1184.0
126.5
68.0
489.5
0
1290.0
419.5
1920.0
3393.5
0
794.5
0
0
0
1324.0
0
1003.5
2129.0
2405.5
0
2284.5
489.5
0
126.5
1417.5
829.5
383.0
0
0
0
0
0
614.0
0
0
424.0
128.0
986.5
68.0
183.5
2048.5
806.0
0
0
0
0
438.5
68.0

0
698.5
438.5
1382.5
489.5
276.5
887.0
771.5
126.5
0
348.5
640.5
0
68.0
313.5
1531.0
138.0
128.0
300.5

1640.5
68.0
0
789.0
1017.0
126.5
2002.0
68.0
418.5
302.0
68.0
2771.0
2060.0
0
285.5
0
.5
1958.5
0
524.5
2379.0
3230.5
0
0
0
0
0
0
0
138.0
183.5
419.5
653.0
316.0
126.5
4059.5
438.5
0
1819.5
820.5
126.5
0
2176.5
0
138.0
1574.5
826.5
576.0
0
599.5
0
341.0
0
126.5
1386.0
2698.0
0
2016.0
363.5
3589.5
365.5
1087.5
586.0
183.5
435.5
0
138.0
0
841.0
2297.5
0
419.5
0
2378.5
582.5
0
1961.5
1280.5
0
0
1208.0
489.5
383.0
0
834.5
701.0
126.5
0
68.0
419.5
1928.0
508.5
1471.0
186.5
1992.0
172.0
126.5
230.5
4084.0
2087.5
2671.0
1795.0
623.0
478.0
68.0
830.0
126.5
316.0
68.0
386.0
0
733.5
1866.0
848.5
2154.0
471.0
126.5
716.0
126.5
126.5
1658.5
946.5
424.0
242.0
0
1623.0
1472.0
0
0
230.5
0
150.0
0
1636.5
497.0
348.5
68.0
1952.5
68.0
186.5
68.0
717.0
407.0
438.5
2188.0
0
734.5
128.0
0
0
1295.5
1448.0
1555.5
598.0
186.5
0
671.0
0
0
313.5
1045.5
68.0
0
787.0
138.0
419.5
413.0
594.5
0
120.5
568.5
68.0
68.0
407.0
674.0
1343.0
0
359.0
783.5
419.5
898.5
1989.0
302.0
0
348.0
115.5
1708.0
1303.0
126.5
126.5
1276.5
1841.0
68.0
0
401.0
598.0
1402.0
3446.0
1244.0
0
1473.5
2371.5
289.0
724.5
365.5
651.0
1622.5
419.5
0
775.5
844.0
0
1147.0
777.5
0
1600.5
1485.0
0
3536.0
0
0
1271.0
0
1771.5
68.0
138.0
1219.0
608.5
0
68.0
179.0
126.5
1099.0
136.0
672.5
419.5
3934.0
478.0

2078.0
489.5
316.0
583.0
0
4.5
922.0
0
0
3937.0
419.5
365.5
944.0
126.5
1773.0
0
126.5
1692.0
126.5
672.5
540.5
685.0
489.5
136.0
2126.0
1178.5
0
0
0
0
1100.5
126.5
257.0
0
194.5
536.0
586.5

842.5
0
2016.5
0
583.0
1833.5
0
0
0
695.5
1477.0
3679.0
0
0
179.0
0
68.0
302.0
964.5
68.0
758.5
344.0
497.0
2048.0
0
302.0
419.5
126.5
231.5
0
1311.5
651.0
652.0
138.0
0
686.0
179.0
2843.5
289.0
1510.5
68.0
68.0
365.5
1148.5
0
2304.0
469.5
126.5
401.0
190.5
973.5
475.0
611.5
717.0
1035.5
0
126.5
559.5
300.5
0
0
0
824.0
521.5
612.5
68.0
3396.5
534.0
276.0
365.5
2371.0
0
383.0
0
2499.5
0
1766.5
1217.5
0
0
461.0
68.0
1783.0
537.5
401.0
640.5
692.0
424.0
489.5
0
0
126.5
257.0
359.0
300.5
138.0
811.0
478.0
1122.5
0
365.5
194.5
3297.0
2314.5
539.5
68.0
0
1766.5
257.0
68.0
0
126.5
0
0
438.5
341.0
370.5
1374.5
0
0
453.0
126.5
0
302.0
126.5
316.0
0
126.5
0
0
2606.5
0
0
126.5
0
126.5
68.0
243.5
1269.0
115.5
459.5
581.0
497.0
476.5
531.0
115.5
68.0
0
1305.5
68.0
68.0
1683.5
557.0
797.0
313.5
576.5
0
424.0
1323.0
1044.5
1160.5
2300.5
0
2657.5
745.0
0
68.0
1726.0
348.5
0
289.0
2472.0
138.0
126.5
68.0
441.5
419.5
1512.5
2425.5
956.5
1003.5
0
0
1880.0
0
424.0
1004.0
841.0
0
0
2126.0
300.5
848.5
419.5
359.0
2677.5
401.0
0
3883.0
1025.5
126.5
1348.5
315.5
435.5
0
0
126.5
508.5
0
2620.5
0
126.5
680.5
365.5
478.0
419.5
1652.0
0
138.0
138.0
4080.0
2177.5
1321.5
2199.5
1192.0
1736.0
2386.0
1042.0
0
2596.5
2066.5
186.5
253.0
489.5
1308.0
0
1318.0
710.5
1679.5
0
699.0
1326.0
2860.5
943.0
0
68.0
3258.5
710.0
3902.5
138.0
3240.0
194.5
688.5
0
120.5
0
0
0
138.0
0
749.0
68.0
1825.5
0
300.5
0
0
1276.0
1377.5
613.5
438.5
2439.0
3267.0
1776.5
3762.0
2248.5
438.5
2500.5
68.0
0
3372.0
300.5
3174.0
0
4051.5
128.0
707.5
1219.5
3024.5
0
300.5
2000.5
0
1269.0
126.5
0
1420.5
0
1903.5
688.5
126.5
3447.0
0
1655.5
1630.5
0
0
0
2190.0
194.5
4717.0
4917.5
0
0
0
138.0
138.0
359.0
438.5
4190.0
0
68.0
0
126.5
0
1157.5
1210.5
3478.5
68.0
0
489.5
0
3839.0
0
230.5
2994.5
0
6012.5
0
138.0
4023.0
2424.5
1834.0
0
0
1108.5
2711.5
0
2677.0
0
518.0
68.0
2824.0
126.5
0
0
1852.0
3110.5
0
4158.0
2778.0
3436.5
818.5
327.0
407.0
753.5
0
0
548.0
1013.5
138.0
726.0
0
2660.0
1172.5
3194.5
2703.0
811.0
126.5
0
918.5
2518.5
0
2597.0
0
4067.0
814.0
497.0
3448.0
419.5
0
126.5
2516.0
0
1422.0
495.5
467.0
68.0
3099.5
0
0
243.0
68.0
5772.0
3010.5
419.5
758.5
846.5
2560.5
0
1015.0
685.0
2993.0
2751.0
4035.5
497.0
635.0
1007.5
68.0
68.0
168.0
365.5
126.5
1056.0
3686.5
857.0
0
365.5
774.5
3383.0
2689.5
316.0
0
737.5
0
0
390.5
0
1372.5
2542.0
1407.5
0
1514.0
1427.5
594.5
1501.5
2365.5
243.5
128.0
1667.0
3297.0
1250.0
0
2293.5
721.5
633.5
2852.0
1600.0
0
0
1284.0
0
2947.0
4465.5
2400.0
2729.0
1827.5
359.0
508.5
872.5
1614.5
1424.5
1206.5
316.0
3402.0
0
2757.5
0
1203.5
0
0
0
0
465.5
0
811.0
348.5
663.0
478.0
126.5
1022.5
841.5
0
949.5
0
126.5
2114.5
0
138.0
1414.5
253.5
2660.0
0
1540.5
1870.5
2938.0
1889.5
115.5
639.5
1243.5
1178.5
0
0
1206.5
365.5
0
0
0
0
946.5
3488.0
2610.5
4209.5
1867.5
0
2268.0
1318.0
0
0
736.0
0
1381.5
285.5
4176.0
522.5
3775.5
478.0
2143.0
0
2898.0
3733.0
0
0
300.5
0
253.0
0
68.0
68.0
0
68.0
0
0
0
0
128.0
126.5
829.5

489.5
0
1590.0
0
1757.5
2392.5
0
424.0
438.5
0
271.0
383.0
2237.5
965.0
126.5
814.0
1411.0
68.0
780.5
0
138.0

242.0
790.0
126.5
2745.0
0
2257.0
126.5
126.5
3526.0
126.5
0
68.0
1134.0
0
68.0
3454.5
829.5
497.0
0
2607.5
418.5
3297.0
126.5
0
0
943.5
1141.5
2186.5
0
0
985.0
0
935.5
0
126.5
692.0
0
126.5
68.0
719.0
722.0
126.5
138.0
3261.0
0
68.0
0
0
1018.0
0
851.0
0
2095.5
2843.0
68.0
590.5
594.5
1115.0
0
0
401.0
0
68.0
360.5
2089.0
126.5
2868.0
1280.5
0
3534.5
1022.5
489.5
242.0
593.5
1595.5
508.5
936.0

0
425.5
0
0
845.0
0
438.5
418.5
0
0
1431.0
0
386.0
138.0
2103.5
68.0
478.0
739.0
937.0
2885.5
598.0
0
0
478.0
646.0
0
138.0
68.0
848.5
771.0
940.0
0
1991.5
1160.5
407.0
0
2952.0
300.5
0
418.5
964.5
0
583.0
126.5
1036.5
2233.5
365.5
126.5
0
0
0
3663.5
190.5
383.0
243.5
0
2898.0
1141.0
68.0
726.0
0
2915.5
3129.0
789.0
126.5
583.0
0
2153.5
2494.0
138.0
459.5
2640.0
962.5
242.0
1156.0
598.0
0
3334.5
1235.5
0
365.5
136.0
370.5
0
2562.0
1779.5
1495.5
0
0
511.0
3078.0
2515.5
0
8.5
829.5
68.0
869.5
1046.5
753.5
1037.0
4057.0
0
0
1865.5
2406.0
2529.5
640.5
1032.0
2250.5
3159.0
2748.5
243.5
3219.5
771.0
516.5
458.0
0
407.0
2478.0
497.0
435.5
4372.0
550.0
665.0
2094.0
497.0
489.5
315.5
1464.5
2464.0
126.5
138.0
298.5
401.0
113.5
0
648.5
0
3580.5
68.0
1168.0
0
0
0
1267.5
678.5
3860.0
365.5
851.0
681.0
0
300.5
2252.5
126.5
355.5
1840.0
641.5
601.0
1137.5
2344.0
0
419.5
508.5
508.5
1385.5
68.0
1085.0
0
5919.0
0
231.5
2264.5
68.0
126.5
917.5
0
2388.0
1901.5
1153.0
2122.0
729.5
1551.0
2732.0
0
2017.5
1573.0
528.0
0
1848.5
0
0
1267.5
138.0
0
1111.5
1067.5
0
68.0
753.5
300.5
1300.0
693.5
478.0
120.5
3187.0
3364.0
0
489.5
3081.0
401.0
1251.0
126.5
771.0
68.0
2476.5
243.0
126.5
876.5
2312.5
2330.5
0
0
0
220.5
302.0
3359.5
719.0
68.0
126.5
1194.0
0
348.5
365.5
126.5
3957.5
0
0
138.0
0
0
126.5
0
2480.0
497.0
4012.5
1318.5
0
4876.0
1950.0
126.5
1809.5
489.5
1818.5
0
68.0
126.5
3926.5
1019.5
458.0
0
0
830.0
492.0
4198.5
370.5
243.5
598.0
3739.5
3237.5
126.5
370.5
348.5
900.0
1729.0
365.5
497.0
697.5
1444.0
3620.0
862.0
68.0
1494.0
0
892.5
2896.0
554.5
68.0
1214.5
138.0
186.5
126.5
1645.5
497.0
1462.5
822.0
1207.5
0
0
476.5
1623.5
2628.0
374.5
601.0
302.0
0
458.0
0
300.5
989.0
1085.0
1248.0
1022.5
68.0
3501.0
424.0
809.0
138.0
0
264.5
794.5
179.0
1208.0
243.5
0
0
68.0
0
0
2930.0
724.0
0
0
68.0
1995.5
0
2669.5
3600.0
3041.0
0
0
2380.5
0
68.0
0
1123.0
770.0
0
1434.0
3311.5
68.0
478.0
471.0
2093.0
668.0
1313.0
0
489.5
0
128.0
717.0
0
126.5
1332.0
2250.0
3115.5
359.0
0
0
3336.5
1003.5
138.0
843.0
316.0
4999.0
481.0
0
1313.5
1000.5
1791.5
1635.5
0
183.5
1070.5
0
0
0
68.0
2468.0
489.5
2746.5
0
1376.0
1570.5
138.0
726.0
683.5
3394.0
726.5
1031.5
2217.0
0
313.5
1036.5
0
0
1329.5
300.5
1564.5
138.0
575.0
126.5
0
0
1740.0
478.0
0
2398.5
822.5
68.0
1828.5
300.5
0
0
1010.0
895.0
412.0
2272.0
0
2332.0
68.0
1019.0
1163.5
0
549.5
2505.0
0
576.5
533.0
0
1333.0
478.0
1917.0
489.5
438.5
300.5
1675.5
424.0
710.5
438.5
3228.0
126.5
386.0
365.5
68.0
0
517.0
497.0
3664.0
3295.0
889.0
0
3761.5
128.0
0
2762.5
0
435.5
599.5
1616.0
2644.5
726.0
1812.0
242.0
2659.0
879.5
386.0
0
126.5
0
0
621.0
766.0
1939.5
0
1.5
577.5
128.0
359.0
0
0
126.5
1247.5
0
2467.5
138.0
68.0
2350.5
1008.0
0
0
0
243.5
3772.5
489.5
489.5
0
1049.5
790.0
877.0
1256.5
636.0
0
243.5
4826.0
0
0
2904.5
365.5
2452.5
2668.5
0
1452.5
0
576.5
0
830.0
126.5
0
1658.5
138.0
126.5
1106.5
722.5
2732.0
1848.5
0
1159.5
3590.0
558.5
1354.0
2185.0
419.5
68.0
3356.0
126.5
796.0
1045.0
516.5
0
0
508.5
2370.0
2683.5
407.0
0
115.5
302.0
68.0
2581.0
2777.5
68.0
723.0
672.5
0
1377.0
0
948.5
355.5
0
0
1650.5
126.5
126.5
126.5

0
0
4932.5
68.0
0
1039.5
809.0
3689.0
68.0
186.5
806.0
1199.0
489.5
0
68.0
300.5
575.0
523.5
0
138.0
1054.0
489.5
4694.5
1050.0
0
242.0
0
418.5
0
186.5
0
2407.0
126.5
355.5
757.0
612.5
0
3556.5
126.5
0
4203.5
0
0
2585.5
2114.0
2809.0
0
1032.5
3572.0
1792.0
4024.0
355.5
126.5
115.5
172.0
1174.0
0
138.0
407.0
138.0
348.5
419.5
0
68.0
478.0
2115.0
318.5
68.0
300.5

2722.5
3602.0
0
126.5
1957.0
870.5
497.0
2261.5
419.5
477.5
2880.0
68.0
1165.5
0
0
471.0
300.5
2869.0
0
3142.0
359.0
2595.5
68.0
435.5
1753.5
1232.5
0
126.5
554.5
138.0
0
2148.0
68.0
419.5
1201.5
2887.0
138.0
68.0
438.5
656.5
0
0
126.5
138.0
138.0
2514.0
3018.0
1035.0
138.0
929.5
966.5
1415.0
478.0
1466.0
0
0
138.0
68.0
0
0
68.0
68.0
1556.0
2569.5
138.0
365.5
243.5
68.0
1271.5
0
2572.5
0
1179.0
1543.5
138.0
476.0
386.0
2173.0
1802.5
257.0
758.5
438.5
4022.5
68.0
2425.0
0
859.0
0
459.5
68.0
641.5
424.0
1865.5
2483.0
0
0
126.5
0
1077.5
5078.5
0
0
1190.5
359.0
0
0
1701.5
1041.5
4036.5
126.5
1006.5
1111.5
0
0
288.0
1218.5
0
1559.5
0
2846.5
1046.5
359.0
126.5
407.0
459.5
1095.5
289.0
663.0
68.0
2080.0
0
0
478.0
0
2427.0
0
2058.0
3137.0
0
1136.5
497.0
699.0
0
344.0
126.5
302.0
2554.5
4116.5
365.5
0
2571.0
0
313.5
2743.0
951.5
374.5
0
300.5
1005.0
1978.5
68.0
2144.0
2293.0
0
419.5
848.5
419.5
0
509.0
0
489.5
2340.0
512.0
1022.5
0
2338.5
68.0
0
1977.0
4879.0
68.0
1043.0
0
0
2415.5
438.5
126.5
0
126.5
424.0
126.5
478.0
285.5
932.0
790.0
3360.5
2210.5
757.0
741.0
0
1301.0
0
1179.0
302.0
3655.0
497.0
2010.0
478.0
1461.5
1645.0
126.5
1323.0
2032.0
374.5
0
68.0
126.5
68.0
790.0
0
68.0
1218.0
1206.5
126.5
0
1108.0
0
1004.5
1631.0
68.0
418.5
0
1.0
138.0
0
0
778.5
0
126.5
68.0
1612.0
1806.5
477.5
368.5
432.5
732.5
652.0
990.0
68.0
138.0
478.0
253.0
68.0
68.0
243.5
138.0
68.0
0
194.5
0
842.5
3340.0
0
126.5
804.5
138.0
478.0
68.0
0
126.5
0
0
489.5
68.0
0
3832.5
0
316.0
781.0
717.5
1726.0
1278.0
0
0
965.5
993.5
1456.5
418.5
2910.5
1122.0
0
302.0
190.5
0
0
126.5
622.5
0
0
790.0
1402.5
646.5
755.0
0
243.5
186.5
386.0
829.5
0
1062.0
635.0
2756.0
1435.5
120.5
365.5
0
2345.0
471.0
690.5
302.0
0
1986.5
758.0
508.5
183.5
0
0
390.5
0
1589.0
1450.0
594.0
863.5
2487.0
817.0
479.5
138.0
2431.0
653.5
126.5
138.0
698.5
722.0
898.0
1852.0
1651.0
586.5
4756.5
407.0
885.0
671.0
126.5
2678.0
126.5
722.0
68.0
138.0
0
126.5
126.5
243.5
1191.5
175.5
183.5
0
0
0
126.5
1159.5
419.5
359.0
0
0
138.0
2388.0
0
955.5
243.5
0
848.5
0
68.0
3210.5
68.0
0
791.5
1838.5
693.5
418.5
401.0
183.5
360.5
138.0
541.0
370.5
419.5
1339.5
0
120.5
68.0
1789.5
627.5
0
618.5
438.5
593.5
0
972.0
126.5
539.5
179.0
916.0
150.0
904.5
1850.0
438.5
126.5
1385.0
68.0
138.0
1327.0
508.5
401.0
1059.0
183.5
489.5
2269.5
190.5
383.0
285.5
365.5
126.5
243.5
3012.5
579.5
1110.5
478.0
886.0
128.0
489.5
0
478.0
126.5
138.0
0
.0
115.5
0
285.5
0
734.5
138.0
407.0
0
1353.0
1546.5
0
288.0
843.0
243.0
2826.0
253.5
128.0
0
0
0
622.0
186.5
68.0
623.5
120.5
508.5
594.5
138.0
1142.0
0
68.0
1706.0
478.0
316.0
2143.0
0
4185.0
374.5
930.5
243.5
622.0
822.5
634.5
1003.5
541.0
370.5
1338.5
505.5
573.5
68.0
925.5
778.5
2154.5
0
126.5
613.5
0
126.5
243.5
548.0
0
0
126.5
2666.0
126.5
529.0
888.5
0
491.5
344.0

1894.5
359.0
419.5
68.0
0
183.5
749.0
126.5
1511.5
0
898.5
2403.0
243.5
1156.5
2985.5
418.5
489.5
706.0
2203.0
1951.0
0
303.5
138.0
1008.0
138.0
594.0
2720.5
0
0
2173.0
0
453.5
3211.5
138.0
365.5
126.5
478.0
0
598.0
2001.0
652.0
588.5
1247.0
68.0
1625.5
519.5
0
726.0
0
0
583.0
355.5
2177.5
126.5
1211.0
126.5
1138.5
68.0
173.0
1396.0
595.0
126.5
967.0
68.0
0
126.5
613.5
419.5
120.5
407.0
4776.5
1035.5
0
126.5
970.0
136.0
3252.5
3117.5
2586.5
478.0
68.0
886.5
424.0

126.5
2193.5
419.5
968.0
0
0
68.0
257.0
459.5
0
1301.0
0
3920.0
0
2131.5
302.0
953.5
867.5
0
441.5
138.0
1380.5
2581.5
2181.5
2462.0
126.5
1086.5
1917.5
475.5
289.0
316.0
313.5
875.5
1022.5
1261.5
126.5
465.0
0
478.0
419.5
2090.5
138.0
0
243.5
4419.5
68.0
68.0
0
0
2419.0
126.5
126.5
0
1843.0
576.0
68.0
882.5
758.5
535.0
1928.5
355.5
586.5
68.0
508.5
0
.0
1656.0
128.0
3471.0
2266.5
2186.0
313.5
401.0
374.5
0
316.0
300.5
194.5
413.0
68.0
68.0
0
138.0
1379.5
0
3409.0
138.0
2248.0
315.5
0
68.0
0
316.0
3276.0
126.5
419.5
497.0
564.5
4042.5
524.0
0
971.5
316.0
1931.5
0
0
68.0
1055.0
138.0
983.5
302.0
2365.0
1439.5
667.5
1334.5
0
2953.5
0
253.5
586.5
365.5
1180.0
2772.5
1154.5
0
534.0
302.0
0
576.0
486.0
0
1058.5
0
2496.0
194.5
355.5
218.0
3436.0
1985.5
666.5
2139.0
0
126.5
138.0
663.5
0
0
830.0
68.0
471.0
1554.5
2034.0
302.0
407.0
0
537.0
401.0
126.5
68.0
0
992.5
640.5
467.0
1455.0
1208.5
529.0
138.0
4194.0
0
348.0
2513.5
1460.5
2206.5
243.5
3965.0
0
0
715.0
126.5
302.0
0
.0
0
416.0
707.0
1540.5
1641.5
2432.0
0
0
478.0
1914.5
348.5
601.0
359.0
424.0
0
327.0
230.5
984.5
348.5
68.0
68.0
0
478.0
1555.0
2106.5
242.0
656.0
1019.5
790.0
2038.5
2135.5
370.5
0
2581.5
3749.5
448.0
68.0
1356.5
68.0
0
0
489.5
3711.5
0
554.0
1158.0
0
0
68.0
0
0
3097.5
736.0
401.0
243.5
1300.0
519.5
126.5
242.0
719.0
3189.5
471.0
1354.0
595.0
1192.5
0
348.5
636.0
344.0
1108.0
467.0
383.0
68.0
1412.0
302.0
300.5
809.0
814.0
126.5
383.0
68.0
1190.5
2752.0
313.5
126.5
0
68.0
672.5
595.0
1583.5
2436.0
68.0
1915.5
138.0
1184.5
1967.5
846.5
3079.5
489.5
68.0
424.0
508.5
231.5
0
1864.5
1445.5
581.0
1741.5
68.0
1141.5
0
2509.0
126.5
4647.0
432.5
302.0
315.5
1278.0
3126.0
1051.0
0
2515.5
68.0
1354.0
138.0
348.5
138.0
68.0
401.0
370.5
0
531.0
365.5
68.0
68.0
183.5
3138.0
68.0
126.5
1257.5
300.5
253.5
576.5
0
68.0
0
68.0
68.0
524.0
126.5
0
3367.0
655.0
300.5
68.0
1401.5
0
524.5
2779.5
0
1317.0
276.0
0
1502.0
355.5
0
183.5
471.0
126.5
955.0
419.5
316.0
2050.5
2372.0
68.0
2987.5
1397.5
302.0
416.0
1952.5
138.0
698.5
0
138.0
68.0
1334.0
0
576.5
672.0
253.0
1001.5
558.0
678.5
0
0
489.5
242.0
68.0
0
0
126.5
68.0

549.5
68.0
120.5
243.5
470.5
231.5
183.5
0
68.0
968.0
1512.5
0
126.5
489.5
813.5
0
183.5
0
497.0
302.0
1463.5
849.5
459.5
3710.5
243.5
126.5
1376.5
68.0
0
1096.5
68.0
789.0
438.5
0
300.5
474.5
138.0
471.0
2843.0
465.0
1358.5
714.5
0
0
686.5
533.0
542.0
2094.5
138.0
305.5
1494.0
359.0
243.5
777.5
751.5
0
68.0
1848.0
126.5
0
667.5
0
741.0
1889.0
863.5
0
0
.0
0
698.0
0
68.0
419.5
285.5
0
68.0
655.0
519.0
1182.5
511.0
407.0
464.5
4034.0
68.0
0
0
5353.5
4086.5
68.0
1475.0
126.5
3326.0
126.5
257.0
0
126.5
2516.0
0
624.5
359.0
1711.5
68.0
0
2125.5
1541.5
478.0
300.5
478.0
478.0
471.0
419.5
126.5
126.5
355.5
179.0
68.0
183.5
855.0
756.0
424.0
3076.0
1013.0
0
242.0
281.5
790.0
793.0
315.5
0
1574.0
419.5

113.5
288.0
1605.0
3169.5
851.0
368.5
126.5
68.0
68.0
489.5
1025.5
1201.0
478.0
586.0
438.5
183.5
179.0
1468.0
548.5
68.0
2217.5
1900.5
1713.0
588.5
401.0
1159.5
359.0
68.0
68.0
383.0
126.5
126.5
1793.0
68.0
521.0
179.0
607.0
128.0
655.0
68.0
0
530.5
0
0
903.5
0
0
842.0
0
478.0
837.5
985.0
490.0
68.0
0
736.0
438.5
1366.5
2230.5
0
478.0
190.5
497.0
68.0
359.0
1816.0
289.0
665.0
359.0
126.5
68.0
126.5
68.0
534.0
138.0
761.5
1165.0
419.5
535.0
686.5
1692.5
651.0
126.5
476.5
3172.0
4032.0
1411.5
1906.0
465.0
2469.5
418.0
1377.5
68.0
120.5
0
126.5
126.5
316.0
489.5
3703.0
554.5
1240.0
671.0
3056.0
2102.0
401.0
68.0
68.0
0
68.0
4306.5
0
418.5
126.5
126.5
3000.0
365.5
1222.5
257.0
435.5
68.0
890.0
904.5
386.0
383.0
497.0
438.5
126.5
68.0
4563.5
1105.0
348.5
0
1837.0
374.5
719.0
598.0
300.5
68.0
2573.0
0
1476.5
1106.5
401.0
591.5
359.0
126.5
0
2223.5
1196.0
2457.0
953.0
0
779.0
418.5
0
1425.0
68.0
0
772.0
68.0
5141.5
126.5
1499.5
194.5
741.0
183.5
0
126.5
0
424.0
344.0
419.5
0
0
424.0
489.5
0
887.0
253.5
1401.0
138.0
790.0
383.0
0
1621.0
126.5
497.0
1675.0
253.0
1637.5
1512.0
230.5
497.0
1756.0
0
610.0
0
2086.5
1381.0
808.5
489.5
0
704.5
68.0
1456.5
243.5
0
671.0
113.5
1821.5
0
790.0
0
1941.0
2003.0
0
289.0
257.0
424.0
1961.0
120.5
742.0
707.5
805.0
242.0
0
1520.5
2152.0
1291.0
3826.5
707.5
2768.5
3417.0
989.5

0
138.0
656.0
487.5
595.0
1596.5
0
0
526.0
120.5
905.5
68.0
637.0
243.5
2389.0
1038.0
206.0
489.5
68.0
430.5
419.5
847.0
2023.5
0
881.5
365.5
126.5
0
972.0
3171.5
653.5
2789.0
2466.5
481.0
965.5
598.0
68.0
787.5
1016.5
0
68.0
1084.5
945.5
359.0
685.5
771.5
407.0
1285.5
257.0
359.0
2390.5
777.5
3458.5
537.0
425.5
1616.5
860.0
0
315.5
717.5
652.0
894.5
355.5
2541.5
3311.5
302.0
1147.5
68.0
489.5
365.5
443.0
3555.0
1159.5
424.0
68.0
805.0
68.0
3595.0
0
0
2025.0
3029.0
313.5
68.0
365.5
3146.0
2734.0
126.5
138.0
1968.5
243.5
302.0
0
0
0
1951.0
368.5
316.0
2921.5
736.0
68.0
138.0
300.5
3014.5
0
300.5
3830.0
964.0
479.5
3725.0
1874.5
0
4181.0
3274.5
2085.5
595.0
852.0
365.5
353.0
0
3825.5
1067.0
2369.0
5657.0
522.5
419.5
1733.5
1327.5
68.0
0
1260.0
497.0
3575.0
424.0
0
512.0
613.0
0
2692.0
2437.5
1156.5
656.0
2720.5
653.0
190.5
68.0
0
487.0
68.0
0
1512.5
3875.0
471.0
2822.5
2111.0
667.5
3258.0
3316.5
994.0
2128.0
2701.0
4830.5
3387.5
4935.0
489.5
4424.5
1533.0
0
2749.5
3106.0
173.0
68.0
2843.0
126.5
2026.5
3210.5
3324.5
0
243.5
3533.5
2847.5
365.5
1330.5
3061.0
4775.0
68.0
3743.0
242.0
68.0
0
438.5
569.5
4745.0
0
365.5
459.5
3945.0
2576.5
3351.5
2966.5
593.5
1201.0
3427.5
355.5
1710.5
332.0
68.0
745.0
383.0
581.0
3131.5
1778.5
986.0
3674.5
2973.5
120.5
2904.5
1766.5
940.0
3166.5
4682.5
126.5
541.0
68.0
2642.0
194.5
126.5
1776.0
541.0

128.0
0
4331.0
5353.0
2834.5
419.5
0
3665.0
1518.0
3089.5
6011.5
722.0
4132.0
3993.5
3622.5
1890.5
2579.0
2656.5
2282.5
3695.0
3194.0
6089.5
1928.0
1698.5
2408.0
348.5
126.5
0
0
0
2560.0
126.5
365.5
374.5
5007.0
2438.5
2310.5
374.5
1195.5
3795.0
3636.5
5002.0
190.5
2329.5
2214.0
2280.0
1904.5
3659.0
2979.0
1863.0
4791.5
2544.0
3310.5
1122.5
1719.5
3431.0
554.0
1906.0
2760.5
3436.5
883.5
4101.5
2653.5
3286.5
383.0
2876.0
1001.0
4685.0
2026.0
126.5
1798.0
5502.5
1022.5
5055.0
6337.0
537.5
5120.0
419.5
2240.5
243.5
68.0
2730.5
839.5
2753.5
3104.0
2461.5
2900.5
68.0
1725.0
2895.0
1528.5
460.5
1514.5
1781.0
5002.0
0
419.5
1414.5
2561.5
1853.5
3310.5
3600.5
1429.5
1136.0
5111.5
3993.0
3665.0
3606.0
1812.0
2944.5
1142.0
5179.5
1776.5
729.5
2975.5
3381.0
1068.5
5521.5
5842.0
3207.0
2996.5
1616.0
0
771.0
3751.0
1625.0
3725.5
1579.0
1637.5
2403.0
4848.0
4460.5
1581.5
3444.0
401.0
3534.0
3339.5
68.0
764.5
2781.0
3788.5
68.0
581.0
365.5
3244.5
5399.0
0
3280.0
1687.5
0
2244.0
0
4806.5
5067.0
3805.0
2972.5
3207.5
6442.0
1655.5
3597.5
1872.5
0
3337.0
0
4568.0
2181.0
1729.0
2799.5
0
1920.0
2709.5
3117.5
3198.5
300.5
4521.0
2140.0
1637.5
3880.5
2518.5
6351.0
0
0
4303.5
0
1930.0
4853.5
4181.5
1705.5
0
4261.5
2633.5
4952.0
1193.0
752.5
3946.5
2243.0
0
3318.5
5510.0
2739.5
867.0
2097.5
0
0
2649.5
3081.0
2026.5
674.0
0
128.0
0
1831.0
521.5
3299.5
726.0
0
1175.5
2254.0
365.5
3780.5
5060.5
2522.5
2818.5
2697.5
5277.0
115.5
949.5
775.5
0
2817.0
0
1318.0
3849.5
2573.0
0
999.5
2703.5
68.0
665.0
0
4650.0
3756.0
0
68.0
5454.0
4799.5
3895.0
0
3577.0
2025.0
790.0
1911.0
0
0
3921.0
4544.0
2023.5
4539.0
3304.0
0
3898.5
3236.0
186.5
1800.0
0
0
2309.0
3569.0
808.0
4443.5
576.5
0
4866.5
719.0
1976.5
0
3039.0
4386.5
1513.5
120.5
3522.5
3767.0
3325.0
68.0
1730.5
2771.0
1315.5
3186.0
4715.0
1745.5
2945.0
3186.0
0
533.5
2186.0
2100.5
4918.0
1770.5
0
1747.5
2929.5
0
4130.0
2288.0
0
4448.5
4853.5
2331.5
4428.5
508.5
5905.0
0
0
417.5
1873.0
1517.5
68.0
0
2815.5
1631.0
5701.0
68.0
0
0
3699.5
0
0
3722.0
1723.5
2586.5
0
925.0
0
68.0

3391.0
4679.5
3447.0
3371.0
0
1162.5
2199.0
300.5
4583.5
2306.5
365.5
2427.5
3647.5
4747.0
0
2.5
3142.5
3709.5
968.5
1030.5
770.0
3596.5
1384.5
4344.5
2680.0
1637.0
4677.5
4877.0
1795.5
4330.5
2335.5
5409.0
0
2790.0
0
969.0
2251.5
0
489.5
909.5
0
3425.0
1720.5
3762.0
1847.0
2611.5
1907.5
1551.0
3991.5
0
629.0
4284.0
1534.5
3857.0
0
3685.0
3789.5
1944.0
0
3485.5
348.5
3777.0
4229.0
1157.5
2443.0
3341.0
0
4186.0
3646.5
68.0
2962.5
1326.5
68.0
0
0
3019.0
0
3887.0
0
3421.5
4467.0
2716.0
1458.0
3215.5
68.0
0
4373.5
0
0
3019.0
1532.0
3977.5
3820.0
5907.0
1081.0
0
2242.0
1827.5
0
3046.5
138.0
0
0
1728.5
4687.5
0
0
2476.0
3921.5
4417.5
0
0
2931.5
4136.5
1652.0
0
138.0
3947.5
3063.0
4543.5
0
0
4579.5
0
0
2465.0
653.5
934.5
355.5
2724.0
2545.5
2284.5
3569.0
2148.5
5064.0
365.5
1731.5
3331.5
3590.5
0
698.5
2295.0
1744.0
1947.5
0
1432.0
0
2281.5
2752.0
3425.5
0
3424.5
3401.0
5280.0
4307.0
0
3693.0
0
2392.0
2217.5
1711.5
4185.5
5423.5
1003.5
4629.5
2627.0
4155.5
2307.5
5893.5
2630.0
1522.5
2141.5
1930.5
3923.5
1687.0
3169.0
68.0
4633.5
68.0
1448.0
2131.0
68.0
2531.5
0
0
4255.5
0
5201.0
1041.5
374.5
138.0
3138.5
3718.0
4798.5
0
1519.0
1479.5
3463.0
4179.0
3787.5
0
1421.5
1520.5
3406.5
4403.0
0
2836.5
1197.0
2294.5
4560.5
3009.5
1022.5
0
3357.0
2438.0
313.5
2846.0
0
3033.5
0
4247.5
0
0
4845.5
3405.0
641.5
598.5
3091.0
0
1493.5
0
2651.0
1026.5
1238.5
486.0
4409.0
4142.5
1782.5
2744.0
2311.5
1024.0
1042.5
1614.0
521.5
2990.0
0
2580.5
1343.5
3207.0
68.0
5696.0
2725.0
3622.5
2132.0
4881.0
4236.0
0
3853.0
1022.0
3508.0
892.5
1018.5
811.0
1666.5
435.5
4901.0
1975.0
0
680.5
344.0
2858.5
3800.5
595.0
996.0
594.0
3664.5
5336.0
2751.5
68.0
4403.0
0
861.0
3798.5
3296.0
0
68.0
1999.5
3902.5
4068.0
3500.0
1432.5
407.0
3698.5
775.0
2237.0
3446.0
2769.0
5497.5
3527.5
0
2161.5
1447.0
2896.0
3609.5
438.5
126.5
3091.5
750.5
4750.0
2931.5
1252.0
3320.0
3477.5
4583.0
1899.0
4122.5
0
3760.5
3953.5
0
0
126.5
5339.5
1303.0
3239.0
4550.5
68.0
947.5
1218.0
3151.0
0
0
1878.0
2270.5
1972.0
1107.0
698.5
479.5
2987.0
2738.0
0
3772.5
5188.5
5944.0
1480.0
3569.0
0
3670.5
68.0
518.0
0
1845.5
3019.5
1192.5
2440.5
0
5303.0
3109.5
848.5
0
2213.0
4467.0
6028.5
907.0
2747.5
3708.5
5679.5
0
0
2401.5
2310.5
3182.0
4182.5
2744.0
5020.0
2607.5
2166.5
771.0
4021.5
3196.0
550.5
5226.0
575.0
2705.0
3664.0
3230.5
0
5740.5
407.0
0
3420.5
3436.0
704.5
3016.5
0
1536.0
2807.5
2923.0
2958.0
2177.5
359.0
3844.5
0
3310.0
2352.0
0
3052.5
365.5
1955.0
5114.5
257.0
0
848.5
3374.5
1709.5
2275.5
733.0
980.0
2192.5
1891.0
2145.0
4439.5
2872.0
6133.5
2781.0
1199.5
126.5
348.5
0
2019.5
612.5
5744.5
3329.5
884.5
1256.0
5265.5
68.0
0
3869.5
2930.5
243.5
68.0
4604.5
2541.0
3137.0
2330.0
1909.5
179.0
478.0
1146.0
3635.0
0
2944.0
2087.0
2298.0
5386.5
126.5
441.5
4960.0
438.5
1038.5
0
5693.0
5321.5
3122.0
1784.0
4082.5
1105.0
126.5
2266.0
1148.0
138.0
0
3716.0
4409.0
0
469.5
0
2320.0
1160.5
5789.5
2341.5
4157.0
1119.0
717.0
5262.5
3615.0
3252.5
138.0
1477.5
2511.5
2477.0
3475.5
4082.0
3147.5
1999.5
4492.0
3284.5
3754.5
2465.5
2336.0
2969.0
595.0
5665.0
1449.0
764.5
0
1018.5
2407.0
2619.0
0
5353.0
1982.5
0
1836.0
5915.0
508.5
582.0
3923.5
4918.5
3289.0
300.5
4791.0
4346.5
4138.5
418.5
3900.0
0
752.5
3877.5
3515.5
2572.0
2362.0
4847.0
3233.0
1616.5
4806.5
3643.0
2580.5
68.0
0
0
3504.0
1754.5
4428.0
1335.5
1124.5
5492.0
0
0
0
2272.0
0
1611.5
2674.0
1400.0
787.0
68.0
0
2717.5
5051.0
1265.5
593.5
1062.0
3196.0
3868.5
3205.0
1892.5
637.0
0
3642.5
0
2668.0
3802.0
0
3383.0
3765.5
0
4342.5
1096.5
3839.5
3842.5
0
2410.0
3683.0
5761.0
0
3515.0
671.0
0
0
2785.0
3562.0
4861.0
1746.0
3459.5
0
0
5095.0
6750.5
2201.5
3285.5
1004.0
3779.0
115.5
1323.0
126.5
3495.5
4680.5
4426.5
0
914.0
0
4150.0
4286.0
4571.5
0
0
300.5
0
1002.0
68.0
2592.5
4915.5
68.0
1787.5
4870.5
1362.5
5802.5
3317.0
5763.0
516.5
3524.5
419.5
5533.5
2026.0
1849.5
5747.0
4884.5
3412.0
68.0
2887.5
0
5772.5
4411.5
2938.5
497.0
2321.0
3735.5
2451.0
2516.0
179.0
4351.0
0
2510.0
4284.0
2868.5
1941.0
2833.0
4019.0
2728.0
3822.0
1774.0
0
1097.5
3105.5
3437.5
4059.0
3774.0
4902.0
0
126.5
5051.5
4321.0
0
3367.0
4829.5
2763.5
3867.0
1962.0
2721.0
4448.0
4083.5
3875.0
0
704.5
0
2025.5
1703.5
126.5
4117.0
3020.0
1926.0
5755.5
68.0
3283.0
983.0
4725.0
519.5
4739.5
0
1274.0
4553.0
1092.0
0
5689.0
3536.5
3141.0
0
739.0
0
1106.0
946.5
575.0
478.0
2004.0
243.5
0
1000.0
138.0
120.5
4977.5
1861.5
0
.5
2764.5
1633.0
2612.5
0
4016.5
474.5
68.0
3447.5
138.0
1336.0
2734.0
419.5
1376.5
3396.0
1082.5
0
2015.5
300.5
5672.5
478.5
478.0
1735.5
533.5
3939.5
243.5
2763.5
5461.0
441.5
0
489.5
2108.5
1176.5
5279.5
540.5
4241.0
866.0
424.0
789.0
438.5
489.5
3194.0
1536.0
138.0
0
5164.0
0
4343.5
3583.5
0
5530.0
68.0
0
1464.0
1921.5
4155.5
1654.0
313.5
2022.0
1132.0
438.5
1775.0
983.5
1617.0
359.0
2225.0
1309.5
3929.0
3921.0
253.5
68.0
1043.5
5672.5
891.0
401.0
5672.5
519.5
3811.5
1458.0
2711.5
4952.0
808.5
1392.0
3703.0
2141.5
3460.5
1807.5
0
1406.5
3224.5
0
1096.5
2004.0
2361.5
0
2538.0
4330.0
3201.0
359.0
4327.5
3992.5
0
2274.0
2050.5
126.5
194.5
4324.5
126.5
1194.5
5711.0
2519.5
2742.0
4462.0
68.0
2335.5
419.5
231.5
126.5
0
5333.0
698.5
3564.0
1039.0
939.5
0
68.0
1278.0
1128.5
120.5
348.5
613.5
2786.0
716.0
3913.0
3093.5
68.0
6033.5
5682.0
1965.5
2457.5
3734.5
3171.0
2736.0
960.0
2902.0
1290.0
1290.5
6406.5
190.5
359.0
586.5
424.0
3377.0
3676.5
2394.0
2710.5
707.5
68.0
1413.5
3257.0
5155.5
6060.0
478.0
4079.0
1900.0
1484.0
459.5
1819.5
1530.0
861.0
68.0
1642.0
136.0
136.0
535.0
3356.0
3739.5
418.5
1181.0
4224.5
386.0
2771.0
407.0
1056.5
489.5
1109.5
4435.5
793.0
419.5
0
0
484.0
68.0
3716.0
126.5
1228.0
1181.5
1052.0
2055.0
3803.5
3079.0
3140.0
1891.0
2332.5
5560.0
3695.0
0
113.5
0
3793.0
1695.0
717.0
1679.5
6286.5
4675.5
407.0
138.0
1048.0
1199.5
3059.0
4517.0
4396.0
3193.5
0
848.5
359.0
407.0
3796.0
300.5
438.5
3881.5
3855.0
2533.5
1304.0
918.0
1182.5
1032.0
5452.0
2627.0
4174.5
68.0
1474.5
3309.0
3436.5
1325.0
829.5
0
478.0
1981.0
68.0
0
1130.5
4700.5
1819.0
302.0
5441.5
386.0
1224.5
2771.5
3178.5
1813.5
1173.0
5082.0
3257.0
365.5
700.0
2571.0
253.5
341.0
1519.5
138.0
1315.0
2421.5
1252.5
1760.5
683.5
3897.0
2436.0
1989.5
1410.5
2709.5
2876.5
3886.0
1162.5
3930.0
302.0
2602.5
646.5
651.0
5286.0
68.0
1754.5
2011.5
0
0
242.0
418.5
2260.0
3072.0
300.5
0
126.5
2420.0
828.5
285.5
4591.5
3530.5
2393.5
5156.0
0
0
1839.0
0
0
383.0
716.5
3443.0
3782.5
365.5
2977.5
68.0
3659.5
0
68.0
1132.0
2749.5
4613.0
126.5
3773.0
0
4605.5
548.0
0
4450.0
1914.0
1517.5
2119.5
0
3287.5
684.5
598.0
535.0
365.5
1663.5
2164.0
1186.0
583.0
183.5
535.0
4461.0
885.5
0
348.5

592.0
3025.5
861.0
68.0
5771.5
289.0
1602.0
2530.0
1312.5
583.0
1062.0
1700.0
516.5
1569.0
138.0
6229.5
807.5
533.0
2513.0
459.5
650.5
3072.5
138.0
3558.5
128.0
2603.5
4032.0
68.0
0
4465.0
997.5
5404.0
126.5
5654.5
1605.5
1949.5
2959.0
3536.5
0
3849.0
848.5
2000.0
1597.5
179.0
1739.0
5835.0
2174.5
686.5
1922.0
1571.5
1910.5
617.0
5371.5
6213.0
257.0
1957.0
136.0
1958.0
68.0
2200.0
126.5
583.0
733.0
2351.5
257.0
2689.0
1724.5
2786.0
2321.0
1990.5
0
359.0
1937.5
68.0
3697.0
302.0
5609.0
374.5
2187.0
3541.5
1265.0
1931.0
401.0
1968.5
835.5
3313.5
348.5
138.0
243.5
243.5
3794.5
348.5
1365.0
1657.5
707.5
5094.5
656.5
424.0
300.5
1226.0
150.0
2702.5
626.5
1269.5
68.0
904.5
845.0
126.5
68.0
1330.5
0
879.0
68.0
4699.5
667.5
459.5
3664.5
1442.5
0
2543.0
2536.5
4867.0
997.0
1177.5
348.5
1988.0
992.0
2369.0
1557.5
1010.0
1075.0
68.0
3112.0
2414.5
1777.0
1398.0
533.0
173.0
383.0
419.5
809.5
3064.0
1490.0
0
3911.0
790.0
3371.5
1117.0
0
0
0
4435.5
5807.5
3543.5
1528.0
1062.0
1501.0
1046.5
878.5
575.0
3558.5
2710.0
498.5
627.5
3290.0
1228.5
3143.0
2504.0
3017.0
1809.5
586.5
1380.5
1561.0
2054.0
3549.5
4151.0
0
3706.5
2925.0
3309.0
1239.0
972.5
2449.5
418.0
1314.5
920.5
764.5
5844.0
0
2691.5
696.5
126.5
2040.5
2991.0
3582.5
1493.0
2984.5
0
639.5
0
3720.5
68.0
5299.0
4015.0
2412.5
128.0
3389.5
1152.5
3986.0
4027.0
1880.0
1955.5
3038.0
68.0
671.0
5605.5
790.0
682.5

5177.5
1754.0
1186.0
1452.0
699.5
300.5

1081.0
0
0
772.5
458.0
2443.0
1840.5
1338.0
699.5
4549.5
68.0
424.0
0
1984.5
1426.0
3407.0
126.5
2356.0
396.5
932.0
1723.0
3230.0
614.0
3519.5
0
1253.0
1976.5
5709.0
3328.0
2086.0
0
3364.0
0
383.0
2691.5
4185.5
489.5
5002.0
0
3354.5
2429.0
68.0
1112.0
365.5
2477.5
478.0
4335.5
2485.5
1962.5
4211.0
2817.0
120.5
991.0
2589.0
2162.0
2215.0
3878.5
126.5

2323.5
5680.0
68.0
2558.0
2664.0
583.0
435.5
1517.5
775.5
3248.5
596.5
0
0
348.5
6959.5
126.5
1317.5
2804.5
3328.0
3101.5
478.0
1495.5
126.5
478.0
3591.0
126.5
577.5
3946.0
1451.5
2661.5
370.5
3824.0
4653.0
986.0
126.5
0
0
3107.0
1551.5
1423.5
0
2118.5
3310.0
126.5
3163.0
6985.5
771.5
5246.0
2246.5
1655.5
126.5
824.0
68.0
824.5
2637.0
2290.0
5070.0
2850.5
3041.0
4846.5
1548.5
1581.5
4085.5
438.5
0
0
1682.5
4035.0
3771.5
477.5
0
1348.5
0
1035.0
1583.5
1008.0
1289.0
0
578.5
2276.0
2447.5
126.5
2667.5
1175.0
1927.5
5616.5
3917.0
3083.5
494.0
3108.0
829.5
1210.5
0
3839.5
3471.5
747.5
3924.0
0
1913.0
595.0
300.5
598.0
1932.5
3286.0
476.0
4527.5
1025.0
0
3449.0
5613.0
3795.0
1835.5
3933.0
1268.5
2387.0
1564.0
1837.0
576.5
425.5
126.5
5689.5
4109.5
5328.0
1060.0
1845.0
489.5
2741.0
1499.5
4267.0
1599.5
848.5
0
289.0
183.5
2481.0
2475.5
370.5
2058.5
1620.5
1171.5
1139.0
0
3581.5
5092.5
3667.0
2223.0
2704.5
1987.5
333.0
4810.5
1684.5
5780.0
1912.0
3967.5
2200.0
726.0
4604.0
2865.5
489.5
2669.0
285.5
4727.5
607.0
1264.5
2855.5
716.0
0
3606.0
438.5
2126.5
809.0
1562.5
647.5
2979.0
68.0
1959.0
3546.0
173.0
0
365.5
1915.5
2578.5
1628.5
607.0
1531.0
2284.0
0
2583.0
5276.5
0
1998.5
243.5
5515.5
419.5
6396.5
1430.0
6098.5
2237.5
1789.0
2019.0
359.0
0
2204.5
3271.0
2311.0
4012.0
478.0
938.0
1543.5
0
5875.0
848.5
4669.0
365.5
809.5
1697.0
5823.5
2978.0
0
656.0
2257.0
1603.0
5738.0
2382.0
1000.0
652.0
4354.0
2683.5
918.5
2326.0
727.0
5336.5
5017.5
3469.5
4625.5
938.5

126.5
1090.5
519.5
1063.0
0
3798.0
4184.0
459.5
424.0
2719.5
5669.5
1850.5
190.5
1443.0
1704.0
903.5
1051.5
790.0
138.0
432.5
243.5
419.5
1854.0
113.5
1375.0
825.5
0
126.5
2676.5
841.0
1011.5
545.5
253.5
2354.0
3681.5
700.0
2363.5
3617.5
464.0
872.5
438.5
383.0
138.0
126.5
2017.0
508.5
979.0
528.0
1279.5
242.0
772.0
126.5
1247.5
581.0
126.5
1880.5
1352.5
5081.5
1551.5
4437.0
2446.0
383.0
711.0
734.5
2494.5
2253.0
2887.5
2977.0
582.0
438.5
0
4994.0
2280.5
128.0
0
1338.5
2883.0
1864.0
1716.0
5377.5
2136.5
2562.5
2366.0
0
700.0
3525.0
1712.0
302.0
0
893.5
4913.5
2871.0
2107.5
533.5
710.5
1016.0
3079.5
0
0
665.0
6297.5
790.0
1499.5
489.5
964.0
289.0
849.5
1549.0
2725.5
5476.0
5165.5
2766.5
2498.5
699.0
3465.5
2110.5
230.5
1726.5
815.0
126.5
2639.5
68.0
471.0
126.5
68.0
911.5
2252.5
2654.0
4590.0
5033.0
4366.5
2907.5
986.0
359.0
0
1504.5
1357.5
2434.0
0
535.0
1022.5
2448.5
0
6284.5
548.0
0
5759.0
68.0
576.5
2249.0
2394.0
365.5
327.0
1390.5
1557.5
3412.5
438.5
5241.5
0
4550.5
615.5
581.0
138.0
2502.0
758.5
2153.0
583.0
2132.0
1148.0
243.5
1619.0
478.0
4313.0
5121.0
489.5
257.0
68.0
3089.0
1237.0
892.5
2456.0
2889.0
4515.0
3440.5
1696.5
4177.0
1670.5
4610.0
2430.5
1916.5
4856.5
1742.0
2823.5
3369.0
1913.5
4023.5
302.0
2373.0
4717.5
4193.5
2837.5
438.5
2748.5
820.0
1264.5
3596.5
2602.0
0
786.0
1075.5
1700.5
3052.5
2563.0
2547.5
1894.5
1905.5
128.0
470.5
4784.0
1043.5
599.5
794.5
986.0
2208.0
3826.5
2672.0
2090.5
68.0
536.5
2582.5
2785.5
3380.5
4386.5
4752.5
2446.0
2047.0
4205.5
465.0
1806.5
1397.0
1743.5
1807.5
4691.0
4995.5
1213.5
3694.5
710.5
489.5
3906.5
1043.0
2495.5
243.5
0
194.5
3096.0
348.5
0
2587.0
652.0
0
68.0
0
2883.0
2255.0
4277.0
0
3426.5
419.5
1055.0
5074.5
3516.0
639.5
68.0
0
873.0
359.0
970.0
2710.5
285.5
0
4904.5
3454.5
3401.0
4311.5
68.0
2846.0
1843.0
1538.0
405.5
1116.5
0
300.5
2286.0
0
0
3572.0
5749.0
3464.0
948.5
419.5
4174.0
1573.0
68.0
68.0
126.5
1898.5
1923.5
2204.5
0
194.5
2320.5
3764.5
126.5
698.5
698.5
120.5
3006.0
2082.0
419.0
3999.5
472.0
786.0

826.5
3803.0
3224.5
68.0
6287.0
4987.5
4963.0
4702.0
6144.5
2744.0
458.0
0
441.5
5905.0
4732.5
126.5
4240.5
717.0
2816.5
3941.0
3187.5
667.5
911.5
243.5
2204.5
68.0
1850.5
68.0
128.0
3291.5
2115.0
1618.0
3004.5
1290.5
1581.5
2765.5
1314.0
2507.0
186.5
2739.0
3188.5
1880.5
489.5
2973.0
3301.5
424.0
1930.0
4016.0
2940.5
3998.5
1072.5
0
2877.5
2387.0
1935.5
1511.0
0
2541.5
3001.5
830.5
1219.5
472.0
0
2024.0
736.0

2794.5
126.5
348.5
5006.5
5765.0
949.5
700.0
656.5
2532.0
1655.5
896.0
365.5
359.0
183.5
1278.0
2667.5
126.5
68.0
3910.0
5837.0
1669.5
3017.5
516.5
1142.5
1019.5
2235.5
757.0
0
5.5
1916.5
0
516.5
2073.5
383.0
401.0
0
359.0
0
2023.0
1363.5
4571.0
2346.0
817.0
516.5
4132.0
1461.5
0
2248.5
419.5
4620.5
0
2743.0
126.5
2870.5
864.0
0
138.0
1797.0
1555.0
126.5
3215.0
1042.0
1808.5
3092.5
2415.0
128.0
1925.5
2226.5
0
4643.0
1261.5
5076.5
707.5
3712.5
2807.5
1588.5
758.5
4029.0
1146.5
1264.5
68.0
230.5
3935.0
3822.5
1649.0
126.5
4932.0
1176.5
2599.0
1335.0
2957.5
771.0
427.0
901.5
850.0
1592.0
5701.5
965.5
344.0
1823.5
2491.0
435.5
2495.0
1393.0
1272.0
348.5
1247.0
665.0
853.5
595.0
126.5
2153.5
1163.5
516.5
126.5
68.0
2067.0
2929.0
0
769.5
2534.5
300.5
6009.0
4233.5
4157.5
717.0
2890.5
68.0
548.5
1820.0
595.0
1906.0
68.0
183.5
4359.5
1892.5
3353.0
2118.5
2226.5
3708.0
68.0
2937.5
939.5
126.5
931.0
402.0
1182.0
569.5
1116.5
3195.5
0
2167.5
126.5
68.0
1423.0
4348.0
881.0
538.0
1177.5
705.5
3352.5
3292.0
2261.0
365.5
126.5
582.0
2328.5
1416.5
1395.0
1068.5
120.5
1427.5
544.5
4126.5
2758.0
491.5
221.5
2982.0
3332.5
2225.5
2180.0
512.0
126.5
2192.5
863.0
2295.0
4465.0
1687.5
653.5
1946.0
120.5
2846.5
542.0
632.0

68.0
2402.5
386.0
120.5
2215.5
2406.0
0
0
1656.0
0
1571.5
288.0
4470.0
3294.5
0
190.5
315.5
707.5
68.0
1690.0
2002.0
806.0
2457.5
564.5
3921.0
2575.5
68.0
2771.0
68.0
68.0
424.0
1482.5
5469.5
4427.5
0
704.5
572.0
955.5
316.0
300.5
285.5
1100.0
126.5
1004.0
128.0
1791.5
0
253.0
2715.5
2590.0
2187.0
2452.5
2790.0
1042.5
488.0
0
3265.5
3174.0
138.0
4863.5
419.5
2136.0
138.0
2744.0
1057.0
0
1398.5
0
138.0
2908.5
1456.5
68.0
68.0
365.5
2338.5
183.5
1304.0
2284.5
595.0
3466.5
854.5
1256.0
68.0
1520.0
419.5
1270.0
113.5
608.5
3910.5
4542.0
749.0
68.0
2729.0
2960.0
889.0
3141.5
419.5
418.5
1254.0
126.5
346.0
2432.0
1374.0
3397.0
1666.0
183.5
2798.0
1941.5
1506.5
3767.5
3597.5
1786.5
3038.0
357.5
1966.5
1576.0
300.5
537.0
0
755.0
1032.0
1832.0
0
459.5
300.5
2937.5
3859.5
1086.0
1597.0
401.0
542.5
1414.0
316.0
663.0
1164.0
3836.0
984.0
4066.0
68.0
489.5
138.0
2978.0
68.0
1316.5
2462.5
302.0
3050.0
1661.5
285.5
313.5
1795.0
2477.5
68.0
1379.5
288.0
2914.0
173.0
1060.5
303.5
424.0
68.0
1424.5
1241.0
1538.5
68.0
68.0
563.5
419.5
775.5
288.0
594.0
1928.0
359.0
242.0
2417.5
2166.0
3037.0
794.5
3984.0
3000.5
0
0
3373.0
1068.5
419.5
3748.5
775.5
68.0
383.0
2888.0
576.5

1512.0
68.0
418.5
2145.0
68.0
419.5
519.0
962.5
819.0
887.0

2017.0
2529.0
68.0
528.0
2640.0
489.5
120.5
1579.5
527.5
479.5
1284.5
365.5
2434.0
1306.0
68.0
3395.0
1166.5
656.0
549.5
438.5
359.0
3115.0
737.5
1417.0
707.0
637.0
721.5
150.0
138.0
4764.0
957.0
2476.5
138.0
344.0
243.0
977.0
733.5
2056.5
875.5
2064.0
471.0
316.0
138.0
68.0
1975.0
2519.0
257.0
3001.0
916.0
2168.5
2095.0
1956.0
859.0
68.0
438.5
2043.0
3304.0
120.5
365.5
824.5
814.5
1133.5
2381.0
1451.5
0
1183.0
4864.5
2386.5
407.0
1500.0
1161.0
126.5
68.0
242.0
1345.0
947.0
68.0
2266.0
138.0
68.0
0
68.0
1179.0
787.0
300.5
533.0
0
370.5
3689.5
2861.0
2109.0
2108.5
1793.5
344.0
419.5
168.0
242.0
829.5
0
1035.5
989.0
68.0
253.0
302.0
1604.5
812.5
285.5
344.0
1978.5
491.0
766.0
0
1595.0
2260.0
438.5
734.5
68.0
2169.5
138.0
3641.0
1632.0
2007.0
710.5
2055.5
2814.0
3106.0
2555.0
183.5
4140.0
1208.5
1445.5
3680.5
138.0
489.5
418.5
434.5
813.0
3051.0
418.5
300.5
1755.0
1631.0
243.5
717.5
1377.0
285.5
637.0
0
2555.0
2088.0
1536.5
4497.0
3816.0
438.5
1221.0
4652.0
300.5
128.0
1854.5
4043.0
126.5
2689.5
4837.0
68.0
1288.5
359.0
3998.5
980.5
2497.0
1589.0
2652.5
1104.0
773.5
4394.0
68.0
3469.5
1084.5
663.0
1423.5
1863.5
4066.5
194.5
2925.0
5351.0
359.0
465.0
138.0
1062.0
1945.5
4556.5
128.0
1647.5
1369.0
1106.5
945.0
374.5
3393.0
3013.5
728.0
471.0
980.0
2854.5
527.0
1907.5
3633.5
173.0
1269.0
1574.0
68.0
829.5
866.0
242.0

464.0
2458.0
370.5
806.0
3808.0
438.5
886.5
383.0
138.0
2110.5
365.5
128.0
1460.5
1908.0
2224.5
1083.5
843.0
1428.0
831.0
4321.0
1905.5
1358.5
0
2474.0
126.5
1153.5
3534.5
3568.5
0
2355.5
1393.0
3226.0
128.0
126.5
758.5
348.5
601.0
1109.5
2189.0
478.0
1357.5
300.5
1010.5
638.0
1899.0
0
3972.5
2323.5
0
971.0
772.0
230.5
4314.5
0
475.0
3580.5
841.0
68.0
4676.0
497.0
481.0
3635.5
0
243.5
3420.5
2090.0
3660.5
1466.5
3306.0
1323.0
729.5
0
964.0
68.0
231.5
717.0
1939.0
126.5
1644.5
126.5
1221.5
923.5
1184.0
3073.0
1876.0
348.5
5071.5
3734.5
955.0
419.5
3752.5
671.0
113.5
1177.0
2325.5
3177.5
2117.0
126.5
3901.0
0
1667.5
1073.5
1809.0
2459.5
2575.5
126.5
1000.5
2097.5
289.0
1065.5
3052.0
3729.5
242.0
424.0
313.5
1922.5
4170.0
471.0
4053.0
2463.0
3784.0
329.5
2139.5
4228.5
2223.5
2654.5
1920.0
1463.5
2620.5
1233.0
720.5
2236.0
699.5
0
344.0
692.0
3409.5
615.5
0
1358.0
172.0
401.0
276.5
1369.5
949.5
1022.5
1321.0
2650.0
471.0
68.0
2414.0
869.5
535.0
1591.0
2368.5
2169.5
1455.5
126.5
478.0
1551.0
1865.0
1703.0
1175.5
1133.5
1790.0
2858.5
424.0
667.5
1560.0
126.5
1362.0
1549.0
348.5
126.5
1264.5
1877.5
344.0
1183.5
1969.0
120.5
289.0
2265.0
4261.5
4235.5
2827.5
893.0
2070.0
419.5
300.5
1109.5
3093.0
407.0
962.0
1178.0
1263.5
2754.5
0
300.5
2750.5
0
2465.5
2078.0
0
1594.5
3832.5
1629.5
126.5
894.0
3187.0
887.5
3682.0
3531.5
2928.0
2472.0
401.0
2131.0
128.0
126.5
68.0
3855.5
242.0
359.0
1996.0
815.0
517.0
2172.0
1117.0
476.0
472.0
2932.5
2961.0
605.0
1013.5
1845.5
2083.5
3302.5
4690.5
138.0
68.0
2167.0
507.5
4476.0
2972.0
1617.5
253.5
194.5
4153.5
68.0
0
1601.5
848.0
0
2038.5
1900.5
3288.0
5643.5
1378.5
4989.5
2977.5
5204.5
848.5
344.0
68.0
467.0
4666.5
1631.0
927.5
128.0
290.5
2328.0
300.5
383.0
2397.5
126.5
126.5
2139.5
419.5
1719.0
1596.0
720.5
520.5
3302.5
1868.5
68.0

1444.5
1928.0
2610.5
2579.0
3653.0
1653.0
1634.5
888.5
1141.5
629.0
809.5
128.0
850.5
586.5
2359.0
2982.0
1479.0
2720.5
2406.5
1950.0
2637.0
2617.0
1747.0
68.0
383.0
1525.5
1279.5
649.0
1934.0
1348.5
5214.0
1534.0
2443.0
68.0
2530.5
2861.5
3066.0
68.0
302.0
4313.0
183.5
1435.0
3771.5
1493.5
3086.0
1872.0
3792.0
253.5
2966.0
4679.0
655.0
4175.0
1369.0
1420.0
651.0
441.5
300.5
3381.0
471.0
68.0
3914.0
2608.0
2456.5
4338.5
406.0
502.0
832.5
2917.0
3127.0
1949.5
3727.0
1402.5
1973.0
1904.0
126.5
2338.0
0
1086.5
1375.5
1884.0
1514.5
300.5
2684.5
1301.5
1459.5
4064.0
2270.0
2875.0
243.5
0
5769.5
3441.5
1478.5
365.5
704.0
461.0
1938.0
186.5
2785.0
1720.5
1900.0
3424.5
2399.0
2900.0
126.5
3865.0
3127.5
3816.0
498.5
3105.0
2694.0
0
126.5
1141.5
521.0
230.5
771.5
4200.0
1275.0
3345.0
1394.0
0
1159.0
648.5
300.5
344.0
365.5
869.5
0
1954.0
2783.5
920.5
230.5
5373.0
126.5
3125.0
891.5
826.5
2496.5
243.5
3013.0
849.5
128.0
1368.5
2917.0
413.0
1428.5
180.5
1366.5
68.0
300.5
126.5
365.5
68.0
183.5
2601.0
1746.5
183.5
596.0
194.5
1681.5
465.0
4412.5
794.5
1643.5
1142.5
126.5
955.5
359.0
489.5
1088.0
501.5
1177.5
1207.5
968.5
365.5
3313.5
300.5
183.5
2226.5
150.0
791.0
478.0
68.0
2097.5
126.5
2887.5
965.5
2941.0
68.0
126.5
2241.0
2089.5
383.0
0
818.5
374.5
438.5
0
418.5
1217.0
471.0
911.5
3514.5
1709.5
528.0
138.0
68.0
489.5

789.0
3842.5
383.0
881.0
793.0
2587.5
655.0
1589.5
1029.5
2595.0
257.0
1678.0
649.5
3442.0
3552.5
619.5
1213.0
0
1241.0
1255.0
4176.5
1222.0
126.5
3379.0
2576.5
4301.0
2392.5
186.5
1068.5
4249.0
3087.0
390.5
2916.0
2483.5
508.5
2208.5
68.0
717.0
0
0
3321.0
737.5
186.5
68.0
2062.5
242.0
2664.5
3628.0
2076.0
126.5
515.5
138.0
1990.0
1012.5
68.0
3064.0
3164.5
1019.5
668.0
1869.5
471.0
1637.0
576.5
2488.5
459.5
3061.0
3581.0
4038.5
424.0
365.5
4165.0
424.0
68.0
438.5
650.5
2417.5
359.0
243.5
2444.5
637.0
300.5
2047.0
359.0
1424.5
2633.0
859.0
0
.0
2345.5
637.0
138.0
348.0
528.0
300.5
120.5
1895.0
0
0
533.0
3173.5
5449.0
126.5
3411.5
4328.5
4731.0
1438.0
2308.5
5172.0
68.0
313.5
278.0
3541.0
3415.5
300.5
300.5
4707.5
1406.5
3309.0
361.5
126.5
590.0
1228.0
4737.0
2660.5
5071.5
3863.0
4578.0
407.0
1630.0
316.0
4155.0
3635.0
3601.0
1686.0
652.0
313.5
407.0
419.5
419.5
4775.0
2866.0
3892.0
3283.0
438.5
2835.5
3291.5
3205.5
1594.0
951.5
3256.0
6547.0
471.0
508.5
416.0
2679.5
3785.0
4545.0
1144.0
4707.5
3346.0
1977.0
1632.5
3519.5
3708.0
231.5
789.0
1280.5
438.5
365.5
2699.5
242.0
3409.5
3193.0
4284.0
1985.0
3231.0
128.0
258.5
2572.0
790.0
2388.0
472.0
401.0
3578.0
3858.5
3516.5
359.0
3398.5
5081.0
4145.0
2856.5
68.0
402.0
2844.5
230.5
3234.5
3902.5
2444.5
4372.5
5901.0
4081.0
614.0
861.0
2320.5
1814.5
1187.0
2239.0
2793.5
4392.5
4185.5
138.0
672.0
3964.5
3168.0
3131.0
115.5
4414.5
3866.5
840.5
0
488.0
641.5
1583.0
3264.0
1352.0
3593.0
984.0
3148.5
2494.5
344.0
998.5
3667.0
2110.0
2405.5
4906.5
1641.0
3807.5
1049.5
126.5
4226.5
0
3791.0
1335.5
3474.5
2369.5
365.5
3542.5
2968.0
824.5
474.5
68.0
0
757.0
583.0
242.0
300.5
2008.5
641.5

1215.0
2916.5
374.5
4210.5
5019.0
2693.5
0
4919.0
736.0
300.5
3360.0
2283.0
901.5
435.5
3421.5
2242.5
4064.5
243.0
1614.0
1429.5
1688.0
1054.5
302.0
811.0
2511.5
675.0
497.0
4025.0
1200.5
4928.5
4208.5
5346.5
438.5
758.5
1110.0
4523.5
359.0
243.5
1012.5
68.0
1140.5
1430.0
3538.5
1056.0
3672.5
68.0
253.0
946.5
3832.5
2045.0
3608.5
138.0
1596.0
4218.5
419.5
1122.5
1398.0
1217.0
1557.5
825.5
883.5
3121.5
5045.5
4929.0
2378.0
3779.0
4211.5
0
2856.0
3763.0
243.0
2529.5
3388.5
1719.0
6104.0
5919.5
1164.0
4468.5
770.0
413.0
2390.5
681.5
1162.5
757.0
4707.5
5133.5
2752.5
1671.0
5653.5
1368.0
2996.0
126.5
658.0
138.0
115.5
1430.5
3231.0
965.5
2916.5
3200.5
3835.0
2968.0
2177.0
4058.0
4512.0
1985.0
2086.5
4895.5
138.0
4026.0
652.0
4183.5
1911.5
3628.0
2939.0
3450.5
3132.0
126.5
2858.0
0
329.5
359.0
383.0
3484.0
787.0
6165.5
775.5
2139.5
1078.0
424.0
2170.5
1366.5
2392.0
4752.5
1977.0
1036.0
126.5
68.0
1780.0
933.5
4260.5
3147.5
441.5
0
1323.0
3100.0
1496.5
1771.5
2735.0
1007.0
1486.0
303.5
0
2140.0
3333.0
183.5
649.0
4697.5
900.5
138.0
424.0
1945.5
2763.5
302.0
3339.0
5739.0
5817.5
2127.0
971.5
1219.0
5714.5
3370.0
0
3107.5
3710.5
5829.5
1680.5
491.5
2768.5
0
365.5
5018.0
3301.0
0
407.0
2296.5
0
4367.0
0
1388.0
2990.5
0
4193.5
4284.5
569.5
1968.5
477.5
2852.0
186.5
5857.5
2610.5
2178.5
3619.0
126.5
828.5
0
752.5
3412.5
581.0
489.5
3119.5
1215.0
1522.5
138.0
2831.0
126.5
1146.0
365.5
1989.0
1081.5
405.5
2483.5
3504.0
531.5
0
126.5
1801.0
1357.0
4913.5
1011.0
1256.0
3159.5
3508.0
3215.0
629.0
2431.0
719.0
253.5
2199.5
2653.5
4349.0
3321.5
4200.5
2251.0
396.5
0
5707.5
1867.0
2369.0
3194.5
233.0
975.0
1468.5
5048.5
0
699.0
948.0
4068.5
407.0
1163.0
2530.0
1282.0
126.5
68.0
775.5
459.5
198.0
3946.5
126.5
383.0
128.0
1194.0
2590.5
583.0
4697.0
2194.0
545.5
5185.5
2678.5
2628.0
0
1972.5
0
3806.0
2075.0
3596.0
558.5
1349.5
5496.5
300.5
780.0
1521.0
1779.5
419.5
771.0
478.0
478.0
1668.5
4878.0
1211.5
4716.5
2013.5
3566.5
1929.5
126.5
1071.5
2593.0
1660.0
348.5
5202.5
984.0
4683.5
0
1752.0
3629.0
4502.0
3680.5
1358.5
359.0
1566.5
717.0
243.5
4555.5
1179.0
5347.5
595.5
138.0
4153.5
1021.0
2648.5
595.0
672.5
659.5
2553.5
243.5
300.5
520.5
1043.5
2253.5
849.5
1645.5
5790.5
3167.0
581.0
365.5
3139.5
4821.0
993.0
126.5
3806.5
198.0
840.5
904.5
424.0
0
4496.5
2119.5
1127.0
958.0
4969.0
3728.5
463.0
1003.5
1239.5
5413.5
710.0
190.5
1019.5
1158.5
2875.0
772.0
438.5
489.5
411.0
1078.0
3826.0
138.0
4002.0
790.0
3585.0
126.5
4346.0
1255.0
596.5
68.0
580.0
582.0
603.0
778.5
448.0
809.5
2636.5
1077.5
243.5
511.0
1011.0
183.5
598.0
4286.0
1542.5
831.5
4047.0
744.5
2098.5
6056.0
2655.5
1206.5
490.5
0
1402.5
1947.5
183.5
186.5
1090.0
1031.5
497.0
257.0
771.5
1019.0
419.5
424.0
1374.0
899.5
424.0
2084.0
1781.5
649.0
776.0
68.0
431.0
1129.0
419.5
1621.5
4938.0
2817.5
126.5
1571.0
1447.0
1315.0
905.5
4277.0
663.5
709.0
2753.0
1125.5
1917.5
489.5
1264.5
2500.0
401.0
848.5
438.5
980.0
934.5
950.0
1097.5
753.5
1918.0
0
1142.0
355.5
3138.0
1282.0
467.0

0
4695.5
2972.0
1328.5
652.0
68.0
514.5
3028.5
804.5
588.0
1317.0
4288.5
1772.0
359.0
0
1495.0
470.5
1445.0
438.5
1566.0
1447.5
467.0
126.5
680.5
4039.0
419.5
686.5
3480.5
524.5
5602.5
173.0
703.5
316.0
720.0
2514.5
586.5
830.0
1790.5
316.0
346.0
671.0
719.0
722.0
1213.0
1324.5
660.0
461.0
126.5
1167.5
126.5
794.5
710.5
594.0
812.5
435.5
68.0
2235.5
667.5
435.5
757.5
678.5
68.0
407.0
401.0
1021.5
876.5
300.5
478.0
470.5
68.0
543.5
0
860.0
0
527.5
230.5
981.5
432.0
736.0
243.5
986.0
419.5
1289.0
424.0
126.5
1285.5
2200.0
1935.5
1096.0
172.0
138.0
3248.0
919.0
700.0
598.0
194.5
419.5
1977.5
1422.0
4580.5
2487.0
4655.5
3952.0
419.5
419.5
1100.5
2481.5
478.0
665.0
6073.0
0
419.5
535.0
138.0
313.5
900.5
712.0
0
1009.0
424.0
1334.5
2175.0
471.0
968.5
168.0
928.0
138.0
1079.5
534.0
528.0
569.5
288.0
370.5
593.5
2023.0
425.5
787.0
586.5
1223.0
479.5
899.5
4612.5
3859.0
1063.5
652.0
1094.5
2322.5
419.0
1952.5
1634.0
752.5
729.0
1006.5
1045.0
3251.0
512.0
964.5
300.5
884.5
0
1054.0
3006.5
128.0
419.5
300.5
370.5
3700.0
1033.5
739.0
1640.5
424.0
365.5
1303.0
1156.0
1433.0
365.5
3371.0
1774.0
1174.0
419.5
896.5
243.5
697.0
282.5
771.0
383.0
243.5
374.5
4149.0
348.5
790.0
2230.0
1496.0
633.5
815.5
300.5
243.5
419.5
1908.5
478.0
905.5
243.5
831.0
3248.0
126.5
396.0
4933.0
695.5
841.0
655.0
616.0
1529.0
1697.0
3545.5
1102.0
257.0
5215.0
441.5
438.5
3784.5
5159.5
719.0
359.0
1111.0
689.5
1254.0
667.5
126.5
128.0
344.0
3719.0
1882.5
1436.0
786.5
1095.0
313.5
5379.5
581.0
5695.5
1332.0
68.0
957.0
851.0
6415.5
4652.5
315.5
0
68.0
1589.5
419.5
895.0
5754.0
492.0
126.5
546.0
1442.0
1103.5
1666.0
243.5
736.0
478.0
419.5
253.0
233.0
3229.0
4021.5
419.5
3884.0
729.0
1870.5
841.5
126.5
1123.0
1748.5
581.0
1839.5
1100.0
944.5
633.5
1226.5
289.0
758.5
138.0
892.0
126.5
424.0
383.0
126.5
2343.5
115.5
1290.5
2155.5
333.0
183.5
0
419.5
138.0
361.5
1277.5
796.0
2185.0
2094.0
138.0
138.0
638.5
646.0
875.5
840.5
5260.5
704.5
558.5
838.5
365.5
695.5
126.5
651.0
242.0
175.5
126.5
794.5
1022.5
126.5
1754.0
627.5
1022.5
1187.5
4520.5
300.5
138.0
453.0
1809.5
5218.5
365.5
407.0
1025.5
1098.5
68.0
551.0
126.5
5184.0
745.5
1003.5
138.0
4953.0
684.0
554.0
120.5
1930.0
652.0
1088.5
471.0

1271.5
68.0
332.0
419.5
138.0
419.5
1564.5
365.5
344.0
68.0
1930.0
2586.5
2601.0
1133.0
1000.0
0
138.0
588.0
1513.0
518.0
776.0
3122.5
635.0
813.5
3391.0
1511.5
126.5
68.0
3810.0
717.0
778.5
419.5
243.5
476.0
2358.5
653.5
954.0
949.5
419.5
1062.5
1352.5
419.5
365.5
965.5
887.0
68.0
0
302.0
1349.0
4461.0
546.0
1846.5
910.0
719.0
1210.5
126.5
1242.5
417.5
465.0
592.0
1747.5
2900.0
1351.0
0
810.0
138.0
1123.5
1827.5
1133.0
489.5
843.5
2077.5
486.0

4629.5
1573.5
0
419.5
842.5
289.0
126.5
796.0
1004.0
138.0
1059.0
905.5
401.0
2758.0
601.0
2619.5
2272.5
958.5
126.5
1312.0
3551.5
5292.5
1381.5
1941.5
799.5
3835.0
179.0
478.0
2334.5
138.0
1650.0
365.5
1092.0
355.5
698.5
1160.5
374.5
1583.5
5212.5
1114.0
971.5
520.5
1379.0
2729.5
383.0
438.5
489.5
1384.5
671.0
2842.0
693.0
3410.0
1134.0
138.0
5928.0
3721.5
478.0
4885.5
4871.0
0
126.5
639.5
478.0
1004.0
4038.0
1739.0
612.5
4148.0
582.0
424.0
905.5
365.5
2798.0
5124.5
6068.0
5305.5
986.0
300.5
777.5

1508.5
3255.5
0
2265.5
2771.0
3382.0
242.0
2070.5
3931.5
0
713.5
667.5
418.5
285.5
5038.5
887.0
366.0
2877.0
253.0
348.0
0
3043.5
5537.5
1199.0
4810.0
1591.5
1071.5
534.5
1424.0
1141.5
418.5
489.5
1425.0
2605.5
530.5
1104.5
2221.5
435.5
2864.0
2495.5
1027.0
3489.0
68.0
855.0
418.5
478.0
4709.5
1105.0
242.0
524.0
3605.5
365.5
2513.5
5861.5
4030.0
300.5
3105.5
5868.0
1487.5
1447.0
1415.5
1201.5
4741.5
595.0
4616.0
1970.5
2114.0
4014.0
2471.0
438.5
820.5
2345.5
453.5
2494.5
419.5
5441.0
126.5
1172.0
438.5
1544.5
581.0
2393.0
4514.0
640.5
1310.0
576.5
458.0
1057.0
1051.5
1598.0
774.5
5744.5
5854.0
365.5
138.0
2452.5
4400.0
2517.5
1219.0
438.5
2600.5
3128.5
68.0
1398.0
5623.5
355.5
5815.0
365.5
1797.0
253.0
348.5
0
429.0
3174.0
2614.0
1126.0
1199.5
2750.0
3510.0
1867.0
3497.5
68.0
0
814.0
1042.0
583.0
1296.5
790.0
4521.0
401.0
726.0
1096.5
138.0
514.5
1940.0
302.0
1501.0
2847.0
882.5
5757.5
4744.5
359.0

5295.5
0
1005.0
126.5
840.5
3568.0
0
749.0
1215.5
4443.5
3952.5
365.5
1143.0
2691.5
2643.0
4259.5
1214.5
3367.5
1922.5
2216.5
790.0
2910.5
843.0
848.5
0
2272.0
424.0
359.0
2650.5
459.5
5372.5
441.5
3710.0
1263.0
811.0
1606.5
1255.5
5460.5
3377.5
348.5
419.5
537.0
138.0
224.5
3836.5
5317.5
1832.0
685.5
5892.0
841.0
383.0
5234.5
736.0
646.0
651.0
2794.5
6077.5
2961.0
0
1318.0
3769.5
2568.0
910.0
518.0
4886.0
5198.0
302.0
3528.0
68.0
2850.0
0
1677.5
2366.5
1548.0
2656.0
2616.5
183.5
542.0
2782.0
956.5
3583.5
2392.0
770.0
1725.0
2584.5
1033.5
760.5
829.5
2870.5
1839.0
731.0
1201.0
3034.5
348.5
126.5
348.0
3021.5
3585.5
115.5
5600.0
719.0
1584.0
1484.5
4714.5
2834.0
2565.5
2578.5
601.0
4340.5
3320.5
68.0
0
795.0
289.0
524.5
2451.5
582.0
3221.5
0
416.0
703.0
0
868.5
1068.5
680.5
670.0
3501.0
773.5
740.0
4593.5
316.0
1021.0
0
1178.0
2756.0
470.5
1729.5
618.0
306.0
521.5
1618.5
126.5
745.5
3259.5
828.0
4254.0
1258.0
1054.0
4745.5
3115.5
787.0
1231.5
418.5
861.0
672.5
716.5
3051.0
1910.0
711.0
898.0
900.0
2033.5
489.5
734.0
2265.5
1467.5
2299.5
383.0
881.5
478.0
443.5
908.5
512.0
652.0
1573.5
126.5
459.5
0
243.5
1225.0
1562.5
648.5
537.5
2379.0
126.5

2814.5
0
2228.5
598.0
1254.5
138.0
1408.0
3348.0
5462.0
1444.0
1894.0
601.0
752.0
2263.5
523.5
516.5
1938.0
629.0
939.0
489.5
1917.0
633.5
1905.0
1359.5
877.0
1041.5
918.0
762.0
419.5
4188.5
365.5
289.0
1888.5
138.0
2189.0
2882.0
2945.0
1498.0
2500.0
786.0
3412.5
0
535.0
1320.5
521.5
1084.5
521.5
2246.5
2254.5
242.0
2557.5
3549.5
138.0
1454.0
582.0
68.0
2054.0
4498.0
2851.0
579.5
0
0
603.0
2209.5
302.0
1977.0
1705.5
5160.5
1651.0
365.5
2811.0
1180.0
1324.0
365.5
4683.5
5269.5
1558.0
242.0
611.0
704.5
68.0
3569.5
989.0
5003.0
2329.5
2599.5
1402.5
888.5
1289.5
1473.5
5693.0
1797.0
5300.5
1424.0
4729.5
126.5
2344.0
939.5
4971.0
1805.5
3256.5
895.5
891.5
68.0
2120.0
2293.5
3078.0
726.0
2230.0
523.5
2891.5
873.5
3673.0
928.0
1134.0
3934.0
0
2008.5
68.0
1825.0
138.0
920.0

579.5
2488.0
529.0
128.0
1758.5
283.0
839.5
582.5
717.0
427.0
459.5
898.5
4206.0
2218.5
2609.5
419.5
925.5
1260.0
2116.0
1048.0
944.5
1666.0
1587.5
1678.0
738.5
1689.5
1023.5
497.0
3147.5
68.0
3206.5
879.0
667.0
1199.5
401.0
5654.0
4015.0
2111.0
3142.0
1819.5
665.0
1657.0
2116.5
1254.5
1231.0
68.0
695.5
126.5
1745.0
5310.5
4006.5
2246.0
126.5
2437.0
416.0
5318.0
2368.0
1482.0
2601.5
1787.0
419.5
1919.0
1041.0
419.5
68.0
411.0
463.0
2597.5
2148.0
949.5
4865.0
438.5
257.0
68.0
1272.0
68.0
68.0
1354.5
592.0
313.5
734.0
3143.0
5975.5
2965.0
3032.0
138.0
489.5
860.0
5860.5
3620.0
253.5
438.5
3018.0
2080.0
1661.5
2479.5
3354.5
2095.5
661.0
419.5
4683.5
668.0
138.0
419.5
752.5
1216.0
1140.5
1090.5
3264.0
566.0
478.0
4493.5
2027.0
2403.0
2141.0
300.5
1681.5
1561.5
671.0
830.0
1578.5
1331.0
994.0
1213.0
459.5
1000.5
671.0
5621.5
1261.0
2758.0
2762.0
0
4873.0
671.0
766.0
806.0
954.0
757.0
2340.0
4047.0
126.5
2990.5
1963.5
1606.0
1292.5
2874.5
5055.0
243.5
605.0
1043.0
464.5
5284.0
2292.0
863.5
3619.0
68.0
355.5
1019.5
1765.0
126.5
3918.0
558.5
1445.0
2692.0
949.5
1554.0
365.5
4895.5
939.0
2129.5
2199.0
781.5
3856.5
700.0
803.0
173.0
2877.5
2867.5
1448.0
785.5
1283.5
845.0
183.5
1063.5
4166.5
706.0
365.5
419.5
489.5
1077.5
2034.5
6283.5
2629.5
719.0
719.0
365.5
1107.0
1628.0
3208.5
895.5
407.0
1551.0
2464.0
1824.5
183.5
2776.5
3032.0
906.0
1892.5
1910.0
2196.0
1819.5
1258.5
4875.5
2376.5
700.0
438.5
1077.5
489.5
885.0
548.5
1580.0
1937.0
458.5
1458.5
126.5
2866.0
3228.0
2519.0
2431.5
5114.0
4925.5
554.0
1260.0
243.5
1449.0
860.0
2404.0
1255.5
830.0
2781.0
1857.5
523.5
1765.5
2541.5
3767.5
2556.5
1468.5
285.5
486.0
3397.0
856.0
566.0
1972.5
1697.0
1476.5
126.5
1735.0
927.0
2204.5
302.0
302.0
231.5
3044.0
714.5
1777.0
594.0
734.0
3471.5
1702.0
717.0
2916.0
4094.0
68.0
2319.0
1460.5
2005.5
535.0
1966.0
243.5
4929.5
2422.5
1436.0
1866.0
825.5
1792.0
458.5
1012.0
4471.0
68.0
2710.0
4712.0
419.5
126.5
593.5
2028.5
2006.5
2238.0
843.5
1734.5
1619.0
2049.0
948.0
534.0
2463.5
1669.5
1937.0
3845.5
4065.5
906.0
2227.0
172.0
300.5
5225.5
2828.5
497.0
1197.0
2571.0
1807.0
777.0
3689.5
1687.5
2944.5
734.5
1306.5
186.5
1193.0
386.0
1365.0
897.0
2444.5
5738.0
1084.0
2773.5
665.0
837.0
1147.0
4605.0
313.5
3391.5
68.0
5044.0
1053.5
2810.0
2697.0
470.5
3304.5
1684.5
685.0
0
2551.0
243.5
508.5
2528.0
370.5
1694.0
809.0
1056.5
1013.5
781.0
1287.0
300.5
825.5
0
2102.0
441.5
811.0
809.5
471.0
1796.5
1051.0
126.5
68.0
1887.0
716.0
3369.5
849.5
884.5
2400.5
243.5
332.0
719.5
461.0
2696.5
1199.5
316.0
1268.5
4936.0
2645.5
407.0
2537.5
1142.5
1375.0
2016.0
1042.0
68.0
1406.5
2778.0
767.5
609.5
0
243.5
0
2308.0
0
1248.5
1848.0
2246.5
489.5
814.0
1090.5
842.5
1305.5
1094.5
2121.5
138.0
952.5
2708.0
230.5
519.5
1013.5
695.5
613.5
2812.5
812.5
1736.5
418.5
2740.5
1877.0
2314.5
900.5
829.5
419.5
126.5
1172.5
2146.5
1126.0
1774.0
2017.0
634.5
2470.5
2528.0
2364.0
637.0
126.5
438.5
804.0
6053.0
511.0
68.0
1677.0
1138.5
1103.5
1592.5
2122.0
344.0
1020.5
1735.0
633.5
1714.0
126.5
1949.5
1049.5
1127.0
919.0
302.0
611.0
243.5
2750.0
300.5
580.5
419.5
115.5
1426.0
1227.0
2150.0
4703.5
1453.5
541.0
3199.5
698.5
770.0
289.0
68.0
1399.0
68.0
316.0
3586.5
401.0
1059.0
2874.5
1602.0
3346.5
478.0
2525.5
3749.0
2029.5
569.5
68.0
717.0
659.5
773.5
2889.0
1083.0
2026.0
348.5
1152.0
1955.0
667.0
1197.0
1775.0
0
1012.0
616.5
752.5
637.0
554.5
1588.0
390.5
1238.5
315.5
394.0
1707.5
2567.5
1698.5
886.0
1141.0
424.0
997.5
1069.0
1221.0
4109.5
2942.5
126.5
2937.5
315.5
2578.5
243.5
365.5
1567.0
1539.0
453.0
2807.0
6097.0
0
1368.5
138.0
476.5
3082.0
1229.5
2105.5
675.5
2536.0
1336.0
1142.0
899.5
809.5
1141.5
519.0
1333.0
1212.0
1154.0
2610.5
3754.0
348.5
1595.0
1789.5
2347.5
0
4803.0
1730.5
477.5
888.5
1408.5
2878.0
68.0
344.0
3271.0
1247.5
359.0
419.5
1201.0
419.5
710.5
1299.0
1282.5
2428.5
551.0
2929.0
2476.0
489.5
771.0
365.5
383.0
126.5
1725.5
126.5
548.5
2034.0
638.5
1531.0
478.0
365.5
1535.5
332.0
605.0
896.0
68.0
2304.5
1111.0
1022.5
717.0
4327.0
419.5
2842.0
1662.0
1796.5
438.5
3941.0
1012.0
1123.0
582.0
1630.5
316.0
2585.5
2944.0
1795.0
424.0
1170.0
716.0
3381.5
904.5

230.5
3439.5
649.0
827.5
3017.0
2661.0
418.0
911.0
489.5
946.5
1205.0
2784.0
2395.0
1464.0
0
0
1720.5
68.0
717.0
2100.0
2115.5
1475.0
2767.5
2193.0
1091.0
771.0
253.5
703.5
2053.0
1877.5
2574.0
4294.0
4861.0
2342.0
438.5
1329.5
1686.0
1204.0
2337.5
598.0
4674.5
1058.5
3044.0
316.0
407.0
1183.0
1080.5
1620.0
1076.5
300.5
1302.5
419.5
956.0
68.0
3032.0
1674.0
0
2280.5
946.0
1288.5
1625.0
348.5
782.0
407.0
2043.5
365.5
692.0
1218.5
2085.0
2147.0
1268.0
300.5
68.0
383.0
365.5
3750.5
419.5
1441.0
617.0
383.0
407.0
1430.5
745.0
908.5
1191.0
1336.0
1039.0
1736.5
1355.5
4360.0
315.5
2372.0
68.0
172.0
419.5
3628.5
607.0
2080.0
789.0
257.0
5348.0
315.5
910.0
954.5
4066.0
1108.5
1668.0
471.0
646.0
1340.0
1245.5
1181.5
3139.0
2389.0
376.0
1451.5
3165.5
845.0
914.0
956.5
497.0
710.5
1005.5
128.0
1087.5
838.0
1899.0
183.5
289.0
2526.5
1013.5
3599.0
726.0
413.0
1429.0
0
667.5
1911.0
1174.5
1087.5
348.5
6181.0
1279.5
418.5
438.5
2178.5
2005.0
1191.5
4057.0
2660.0
649.0
1211.5
3123.0
2443.5
707.0
2067.5
289.0

0
1014.5
1741.0
126.5
348.5
1004.5
1109.0
424.0
3028.0
120.5
1415.5
2647.0
257.0
1018.0
508.5
497.0
3164.5
3852.0
1960.5
2564.5
365.5
1397.5
599.5
2230.0
1575.0
2772.5
298.5
2524.5
1716.5
766.0
438.5
576.0
4258.0
0
3581.5
1334.5
419.5
300.5
1013.5
603.0
1229.5
2484.5
854.5
296.0
1966.0
1270.0
898.5
2668.0
1811.0
3161.5
724.0
1508.5
3528.0
5557.0
2938.0
1614.5
404.5
1091.5
126.5
1967.0
1435.0
2481.5
1490.5
737.5
419.5
1370.0
1619.0
1362.0
1584.5
316.0
4561.0
365.5
0
3626.0
794.5
2589.5
1458.5
2932.5
68.0
1693.5
2912.5
1989.0
846.5
4052.5
726.0
2680.0
2001.0
3220.0
478.0
1845.5
2667.0
2817.0
1243.5
1537.5
2038.0
892.5
1089.5
4546.0
383.0
3536.0
2021.0
6085.0
316.0
889.0
942.5
2549.0
1324.0
951.0
2764.5
2650.5
1264.5
126.5
1769.5
4239.5
548.0
3497.5
2019.5
2059.5
673.0
4088.5
2093.5
3375.0
543.5
4442.5
2574.0
1343.5
2672.0
2538.0
1769.0
2260.5
3356.0
4885.0
2897.0
359.0
2092.5
1542.0
476.0
2278.0
3297.0
3335.0
68.0
2037.0
68.0
3778.0
2836.5
2612.5
5793.5
1839.0
1035.0
4435.0
663.5
438.5
2712.5
1507.5
4799.0
438.5
1140.0
2244.5
489.5
0
1436.5
2495.5
2453.0
4109.5
138.0
1264.5
3072.5
3087.0
424.0
3674.0
696.5
2187.5
1232.5
508.5
2284.0
2282.0
3818.5
316.0
194.5
848.5
3423.0
1219.5
1055.0
2449.5
3164.5
755.5
1970.5
2343.5
126.5
2808.5
4207.0
2831.5
4623.0
2218.5
758.5
68.0
497.0
2231.0
1111.5
2611.0
1398.0
425.5
383.0
2222.5
68.0
2248.0
2522.5
890.0
365.5
365.5
419.5
1184.5
712.0
126.5
1653.0
966.0
5699.5
661.0
3719.5
524.5
1945.5
819.0
2406.0
1960.0
2478.5
253.5
2296.0
374.5
4387.5
3053.0
1123.5
2621.0
424.0

2093.5
771.0
1982.0
3804.0
3240.0
435.5
3956.5
194.5
68.0
876.5
1060.0
4471.5
4459.5
1935.0
1131.5
2780.0
4187.0
138.0
2970.5
1703.5
1426.0
3836.5
4251.0
5954.5
126.5
2539.0
4271.5
68.0
1402.5
4821.5
2261.0
1350.5
2181.5
2788.0
470.5
2324.0
1945.0
3268.0
736.0
4662.0
4006.5
2976.5
946.5
4627.5
68.0
4717.0
4107.0
1492.0
741.0
2881.0
2141.5
1386.0
2016.0
2062.5
3920.5
3425.5
2495.0
1569.0
1894.0
1236.5
404.5
656.5
3111.5
3690.5
2837.0
3043.5
5934.0
68.0
2624.0
3800.0
1522.5
2107.0
126.5
892.5
3192.5
138.0
5302.0
1039.0
3255.0
1598.5
3581.0
1426.5
2001.0
4759.5
344.0
3537.0
3593.0
780.0
5969.0
3832.5
3753.0
3262.0
3258.5
3106.0
5940.0
348.5
3121.0
1264.0
3665.5
2879.5
3844.0
2289.5
1429.5
2431.5
805.5
348.5
771.5
2138.5
985.0
68.0
4031.0
5412.0
2926.5
4175.0
3483.5
3380.5
4156.0
4732.5
6088.5
4571.0
2106.5
243.5
2967.0
1871.0
1743.5
1013.5
4782.0
605.0
3279.0
2568.5
1355.5
3018.0
4428.5
1899.5
3651.0
2217.0
2700.0
1410.5
860.0
4841.5
5179.0
2017.0
5393.0
879.5
1683.5
881.5
1192.5
5392.5
2776.0
138.0
1465.5
126.5
878.5
3519.5
2580.5
2417.5
5982.5
3542.5
745.5
2572.5
0
2014.5
1456.5
2637.0
2019.0
958.5
3194.0
285.5
4349.5
5354.5
1472.0
4434.0
649.0
476.0
2676.5
832.5
3034.5
2533.5
5675.5
4846.5
4092.5
3419.0
5460.0
1640.5
4774.0
419.5
3846.5
1832.0
1678.0
3037.0
5909.5
4316.5
2203.0
68.0
4531.0
2249.0
2962.0
734.5
3597.5
2721.5
1416.0
4754.0
829.5
3493.0
348.5
2982.5
3296.0
68.0
598.0
1969.5
348.5
3313.5
3074.5
4609.5
1602.0
3716.5
2180.0
1127.0
4057.5
2622.5
4610.5
1335.0
710.5
1980.0
0
799.0
4129.5
2540.5
2041.0
300.5
242.0
3839.5
755.5
2661.0
3171.0
4409.5
3189.0
1839.5
943.5
3178.0
4473.0
5925.5
3256.5
2130.0
927.0
3205.0
3840.0
424.0
1087.5
4043.0
3720.5
6011.0
1633.5
2596.0
5755.5
3053.0
1196.5
809.5
1611.0
2648.5
3620.0
1920.0
991.0
138.0
1286.5
2922.0
3250.5
3368.0
3934.5
243.0
1030.5
3708.5
447.5
4263.5
489.5
2322.5
4757.0
1881.0
2475.5
2316.0
4587.5
3946.0
6008.0
4377.0
3786.5
1263.5
3079.5
2116.5
2292.5
2131.0
4915.5
1929.5
2144.5
2573.0
471.0
5925.0
2045.0
3881.0
3231.0
3434.5
5911.0
3073.5
1747.0
2865.5
3697.0
603.0
3112.5
3526.5
2267.0
1718.5
3515.5
2057.5
0
1070.5
1765.0
3652.0
5873.5
3367.0
424.0
2265.0
2129.5
3446.0
2137.0
771.0
1517.5
1087.5
6061.0
3476.5
1888.0
6608.0
419.5
4298.0
659.5
5450.0
1390.0
0
3990.0
3885.0
2423.5
3643.0
5809.5
3332.5
3700.0
1607.0
4272.5
419.5
5261.5
5796.0
2034.0
3954.5
6090.0
2922.5
68.0
5832.5
4729.5
2552.0
68.0
2613.0
3744.0
2680.5
475.0
0
2582.5
2261.5
4046.0
6067.0
5080.5
535.0
4439.5
2691.5
3562.5
3700.5
4612.0
2618.0
4202.0
5375.5
4690.5
126.5
419.5
3513.5
4818.0
2000.0
2192.5
3120.5
3994.0
1086.5
1254.5
3229.0
2321.5
3606.5
4951.5
1441.5
4140.0
651.0
5308.0
243.5
0
758.5
5221.5
2348.0
577.5
5343.5
829.5
924.0
2354.0
5548.5
2468.0
3625.5
315.5
3210.5
1945.5
2826.5
470.5
1342.0
5522.0
4789.0
3547.5
1103.5
464.0
68.0
1220.5
2875.0
1075.0
1634.0
6469.0
2850.5
829.5
4341.5
2001.5
1578.0
3167.5
2568.5
289.0
1577.5
5083.0
4275.5
126.5
1126.0
3348.0
916.5
5053.0
2440.0
1426.5
3122.5
2518.5
0
575.5
2549.0
497.0
5158.5
809.0
1871.5
717.0
4980.5
2752.5
2187.5
1873.5
3804.0
2593.0
3294.0
257.0
3257.5
1567.0
683.5
4291.5
2270.0
1390.5
1020.5
4696.5
2752.0
183.5
1896.0
5598.0
3154.5
3300.5
2215.5
888.5
1962.5
786.5
3941.0
1437.0
2273.0
775.5
4023.5
0
1330.0
1553.5
316.0
3726.5
3844.0
5333.0
6199.5
2165.5
3414.0
1163.5
0
3399.5
0
3306.5
3499.5
1244.5
2540.5
6295.0
3655.0
4105.0
6375.5
3303.0
365.5
2374.0
2132.0
2536.0
3631.0
794.5
2933.0
4777.0
3745.5
1070.5
1900.5
781.0
3132.5
1467.0
951.0
0
4944.5
1783.0
183.5
815.5
2556.5
5414.0
846.0
980.5
2573.5
1384.0
3478.0
1397.0
1054.5
687.5
2644.0
1572.0
1378.0
138.0
1371.5
1919.0
508.5
4087.0
2289.0
4971.0
7575.0
1457.5
5270.5
1786.0
2500.0
2731.5
968.5
1166.5
2377.5
1989.5
5539.0
2401.5
1498.0
1187.5
2387.0
2026.5
841.5
370.5
3477.5
5098.0
302.0
3034.0
2433.0
3230.0
1358.5
1001.5
2320.0
1321.5
3077.5
763.0
2947.0
6301.0
672.0
815.5
2361.0
2161.5
68.0
2664.5
0
3030.5
2923.5
635.0
491.0
1336.5
126.5
1514.0
5384.0
2953.5
2491.5
138.0
1800.5
2763.0
2312.0
1029.0
1450.0
586.5
1021.0
2860.5
2720.5
1796.0
1779.0
2081.0
1934.5
2792.5
4665.5
948.0
930.5
949.5
651.0
3424.0
1862.5
4907.0
2298.5
2447.5
3307.5
2996.5
1299.5
3468.0
2521.0
1831.5
3265.0
2522.0
1264.0
2658.5
1403.5
138.0
3405.5
478.0
4389.0
2632.0
5166.0
2482.5
3950.5
3222.0
3443.0
3557.5
1019.5
2268.5
424.0
3828.0
1225.0
1771.0
419.5
2923.0
4253.5
4378.0
2148.5
126.5
4749.5
2729.5
1898.5
1381.5
646.0
348.5
2535.5
4066.5
1662.5
3297.0
1678.0
2216.5
3755.5
3129.0
703.0
2181.5
2236.5
0
3250.5
3081.0
1135.0
68.0
1416.0
2589.0
2221.5
126.5
3375.5
3094.5
5865.5
1196.5
4413.0
424.0
2201.5
1507.5
2440.5
231.5
2408.5
2108.5
2521.5
6860.5
68.0
978.5
1426.5
3230.0
3938.5
1422.0
300.5
1486.5
869.5
4933.5
68.0
4291.0
1025.5
5340.5
1033.5
3146.5
459.5
1543.5
4348.5
884.5
598.0
2328.0
1257.0
3333.5
4300.5
5698.0
4595.5
2230.5
4348.0
3619.0
126.5
1451.5
2859.5
2702.0
2998.0
1122.5
4663.0
2978.5
4333.5
4399.5
0
2092.0
2724.0
1857.0
3336.5
2945.0
138.0
0
2384.0
1092.5
1266.0
971.0
2907.0
736.0
3456.5
3166.0
968.5
1058.5
365.5
126.5
5115.5
2538.0
5298.0
4639.0
700.0
2293.0
4736.0
3192.0
2161.0
1773.0
516.5
3375.0
3735.5
2539.5
0
4499.5
1765.5
1206.5
4868.5
2720.0
2372.5
138.0
2095.5
68.0
2175.0
5150.0
1565.0
2383.0
4436.0
3973.5
710.5
3467.5
120.5
3690.0
1414.5
1775.0
1755.0
1038.0
3935.5
1906.5
68.0
3573.5
3575.5
2922.5
1588.5
2809.0
0
2486.0
3180.0
2954.0
1981.5
374.5
3020.0
0
2580.0
126.5
2714.5
2081.5
2476.5
2806.5
3436.5
1314.0
1306.0
4098.0
5242.0
4066.5
2331.0
2939.5
3572.0
4527.5
822.5
68.0
0
0
0
3945.0
5064.5
1691.0
953.5
4196.5
407.0
2542.5
5044.5
1083.5
0
2363.5
4444.5
2816.5
3108.0
2634.0
2087.0
1042.0
0
1157.5
3633.5
569.5
3403.5
4227.5
1038.0
1537.0
2930.5
0
5035.0
0
126.5
3990.0
383.0
581.0
656.5
822.5
818.5
3966.0
4508.0
126.5
5660.5
285.5
1363.0
3433.5
4077.5
985.0
2468.5
1676.5
4130.5
126.5
790.0
4574.0
3551.0
2371.5
4669.0
869.5
862.0
4361.0
2891.0
2962.0
2461.0
2499.5
1076.5
0
5057.5
858.5
3685.0
2545.0
1845.0
965.0
1126.5
2276.0
667.5
4428.5
1246.0
2494.5
2776.5
0
1894.5
344.0
1875.5
1192.5
365.5
2587.0
3481.5
4927.5
2001.5
68.0
3826.5
870.5
438.5
459.5
3197.0
1957.5
3869.0
2189.0
1708.0
3627.0
3924.5
3102.5
0
3635.5
2849.0
0
497.0
667.5
68.0
1672.5
1012.0
2159.5
285.5
4132.0
4282.5
2595.5
771.0
3961.5
300.5
2516.0
5790.5
2713.0
1542.5
1827.0
6338.0
4503.5
1861.5
2042.5
2302.0
1324.5
4554.5
4705.5
1408.5
986.0
2991.0
2794.5
2172.0
2909.5
5515.0
2095.5
3667.5
949.5
2119.0
3056.0
2377.5
1262.5
2009.5
4328.0
424.0
2577.5
1592.0
126.5
3267.0
1257.0
0
3902.0
6232.0
5120.5
3012.5
2581.5
1793.5
2834.5
1546.0
0
5414.0
2279.0
2063.0
4645.0
4872.0
0
5907.5
1831.5
2485.0
1990.0
3874.5
2988.0
2900.5
4846.0
3745.5
612.5
2142.0
2253.0
2420.0
2644.5
4032.5
2075.0
2585.5
2283.0
1987.0
2269.5
1694.5
2103.5
1194.0
3645.5
1026.5
68.0
1954.5
2662.0
2008.5
0
435.5
778.5
3928.0
1551.5
3160.0
0
619.5
2309.5
3022.0
2257.5
1568.0
1662.5
2586.0
2237.5
629.0
4278.0
6583.0
3401.5
2712.5
302.0
828.0
3576.5
2340.0
1954.0
2820.5
1962.5
3364.0
1615.0
1253.0
886.0
5538.0
2619.5
2373.0
1024.0
5183.5
524.5
0
497.0
0
862.0
2575.5
3551.5
1640.5
4569.5
4907.5
655.0
2731.0
830.5
3027.5
2137.0
2096.0
2088.5
4337.5
2565.0
4082.0
4106.0
3783.5
405.5
4902.0
4997.0
3975.0
435.5
370.5
1088.5
4965.5
3131.0
3021.0
1699.5
4023.5
2326.5
1990.5
2933.5
2502.0
1001.5
285.5
3935.5
629.5
576.5
775.5
3518.0
0
302.0
3310.0
5098.5
138.0
3438.0
4214.0
126.5
3814.5
1157.5
471.0
1589.0
633.5
4808.5
3739.5
2004.0
1965.0
1999.0
2139.0
0
4051.0
3249.0
1929.0
1389.5
0
3529.0
576.5
3073.0
3462.0
0
1704.0
4134.0
0
2485.0
1524.0
1170.0
2237.5
242.0
3972.5
740.0
401.0
984.0
1898.5
126.5
1459.5
68.0
3679.0
2167.0
2552.5
652.0
752.5
2727.0
775.5
653.5

1512.0
3618.0
68.0
4732.5
348.5
4024.5
3553.0
633.5
1865.0
737.5
1495.5
316.0
843.0
489.5
126.5
68.0
68.0
4754.0
3839.0
1431.0
0
534.5
68.0
3225.0
962.0
1603.5
126.5
300.5
2119.5
1084.5
1203.0
3049.0
2924.0
3939.5
128.0
3800.5
348.5
1585.5
316.0
0
573.0
3486.0
3323.0
5729.0
68.0
291.0
0
478.0
0
4972.0
3160.5
3707.5
1423.0
1145.5
3233.0
2961.5
561.5
524.5
183.5
3012.0
0
4651.5
2315.0
2414.5
257.0
2385.0
365.5
2753.0
2898.0
2027.5
3757.5
0
1111.5
1093.5
0
1236.0
115.5
68.0
2584.5
3440.0
5363.5
478.0
3648.5
2529.0
934.5
243.5
3674.0
2352.0
587.5
1920.5
471.0
1756.0
5942.5
0
2110.5
0
348.5
2008.5
797.5
3580.0
1972.0
2163.5
5430.0
3761.0
4381.5
1728.5
1453.5
1880.0
2231.0
2815.0
2881.5
2189.0
1160.5
1938.5
671.0
2560.0
3779.5
1109.0
909.0
3405.5
4593.5
2077.0
1346.5
0
3395.0
655.0
2883.5
1296.5
790.0
359.0
1008.0
1306.5
68.0
2410.5
0
1905.5
3737.5
1890.0
68.0
4963.0
0
1084.5
1792.0
2662.5
0
1321.0
2608.5
2360.5
4673.5
0
2216.5
3771.5
2288.5
2714.5
2079.0
4643.0
0
0
515.5
68.0
344.0
0
2886.0
841.0
0
3445.5
5546.0
882.5
3194.0
4064.0
0
593.5
0
.0
4596.5
4688.5
183.5
313.5
768.5
1962.0
0
285.5
1161.0
1522.5
4285.5
3566.5
1991.5
580.0
2703.0
2740.0
2669.0
285.5
3728.5
722.0
3181.0
4446.5
1872.5
4386.0
68.0
0
4464.5
1694.0
1945.0
0
1726.5
2161.0
126.5
2861.5
0
1893.5
3100.5
0
953.5
1162.5
2055.0
2637.5
348.0
3987.5
4880.5
2776.0
1550.5
3490.0
2845.5
0
1818.0
1257.0
383.0
2345.5
0
0
2368.5
1007.5
0
68.0
3042.0
3776.5
2949.0
1094.0
2393.0
4529.5
2518.0
126.5
3392.0
716.0
0
0
2713.5
2377.0
731.0
2891.0
2895.5
4293.5
2125.0
138.0
0
1629.5
1240.0
2939.0
1016.5
1311.5
1946.0
0
789.0
0
2151.5
2860.0
242.0
2886.5
0
1119.0
1038.0
3553.5
829.5
1308.5
0
2411.0
126.5
702.0
0
1501.5
3100.0
0
1941.0
128.0
1015.0
1058.0
258.5
186.5
2943.5
0
0
68.0
0
359.0
489.5
183.5
1017.5
751.0
489.5
4453.5
418.5
2088.0
3940.5
860.5
2566.5
0
2897.5
0
0
438.5
1649.0
1284.5
2371.0
1398.5
774.5
3204.5
3310.0
1090.0
849.5
2115.0
2380.0
943.5
344.0
965.0
315.5
1630.5
1525.0
5989.5
1273.5
3389.5
0
5378.0
2922.5
2816.5
2823.5
0
3279.5
5120.5
359.0
1523.5
1263.0
2336.0
138.0
3891.5
419.5
2042.5
3411.0
478.0
645.5
407.0
1087.0
1244.0
3098.5
0
2679.5
0
2536.0
0
68.0
1700.5
1924.5
126.5
1104.0
2883.5
4124.0
0
253.0
2239.0
2617.5
1987.0
763.5
3323.0
2021.5
126.5
0
1535.0
126.5
2721.0
1980.0
4636.5
1475.5
0
418.5

0
2881.0
0
2673.5
0
4090.5
1156.5
0
2404.0
1322.0
0
0
0
438.5
0
0
68.0
0
2204.5
674.0
2708.5
586.0
68.0
946.0
0
253.0
2690.0
807.5
2891.5
2083.5
179.0
1685.0
0
2366.0
558.0
3507.5
474.5
2947.0
407.0
938.0
1591.0
2117.0
489.5
1836.5
126.5
1218.5
0
68.0
2284.5
419.5
243.5
3784.0
435.5
231.5
0
126.5
601.0
546.0
951.5
2384.5
1074.5
126.5
2133.0
3354.5
1008.0
126.5
593.5
596.5
0
0
3085.0
2338.5
68.0
0
0
5083.5
138.0
1548.0
827.5
4454.0
1158.0
0
701.0
960.5
126.5
401.0
588.0
438.5
1295.5
1546.5
656.5
715.5
1706.0
0
1920.0
0
68.0
0
478.0
0
1364.0
0
3123.0
1611.5
771.0
1119.5
0
1067.0
752.0
2387.5
2062.5
1561.0
3262.5
497.0
2498.5
0
438.5
3414.0
1809.5
406.0
850.0
4301.5
478.0
115.5
1740.5
478.0
1555.0
68.0
126.5
407.0
814.0
734.5
365.5
523.5
448.5
726.0
2599.0
0
299.0

3840.0
1054.0
1911.5
1452.0
126.5
138.0
0
0
467.0
316.0
243.0
2680.5
2458.0
719.0
3184.5
1207.0
0
126.5
138.0
0
419.5
1721.5
1196.5
68.0
1353.0
2094.5
1648.5
2699.5
1552.0
1861.0
2819.5
419.5
1339.5
0
290.5
0
2193.5
3638.0
2972.5
0
411.5
736.0
3143.0
767.5
946.5

997.5
710.5
407.0
3562.0
2825.0
68.0
138.0
68.0
0
365.5
1756.5
524.0
841.5
3091.5
667.5
1620.0
2071.5
1260.0
478.0
0
702.5
0
1282.0
126.5
401.0
1711.5
126.5
2101.5
667.5
1575.0
2132.5
0
0
590.0
2009.0
1839.0
0
289.0
1950.0
641.5
2803.0
531.5
0
0
1963.0
316.0
1280.0
0
950.0
2831.5
2704.5
0
359.0
1447.0
1617.0
1187.0
419.5
483.0
0
2211.0
126.5
0
427.0
168.0
0
138.0
1929.5
0
1123.5
0
1005.0
1492.0
1310.0
0
.5
0
1335.5
68.0
3000.0
0
355.5
126.5
0
365.5
370.5
302.0
1736.5
463.0
183.5
68.0
860.5
68.0
0
126.5
1249.5
126.5
764.5

1398.5
68.0
497.0
3563.0
138.0
68.0
947.5
653.5
767.5
370.5
1365.5
68.0
0
2333.5
138.0
768.5
347.5
0
0
794.5
719.0
0
479.5
1053.0
1546.5
1827.0
302.0
138.0
2346.0
1183.0
1848.0
1406.5
126.5
438.5
126.5
68.0
593.5
757.0
900.0
797.0
991.0
3899.5
126.5
478.5
0
825.5
1497.0
979.0
652.0
1208.0
688.5
2168.5
68.0
0
519.5
459.5
1585.0
1384.0
5671.0
126.5
419.5
242.0
1022.5
0
497.0
355.5
0
68.0
418.5
0
879.5
0
3049.5
813.0
0
1932.5
359.0
490.0
230.5
0
1863.0
68.0
1030.5
0
843.0
138.0
1080.0
830.5
288.0
524.0
300.5
700.5
666.5
2816.5
1532.5
1451.5
534.5
745.5
1611.5
359.0

613.5
126.5
745.0
126.5
68.0
316.0
126.5
453.5
758.5
302.0
1457.0
2073.0
605.0
138.0
0
383.0
687.5
126.5
438.5
138.0
1374.0
1929.0
830.0
289.0
793.0
1235.5
68.0
126.5
126.5
751.5
655.0
172.0
126.5
663.0
1265.0
1068.5
0
68.0
1255.0
370.5
459.5
186.5
2439.5
936.0
370.5
407.0
407.0
505.5
243.5
179.0
1240.5
0
257.0
126.5
310.0
1190.0
1771.0
848.5
68.0

1758.0
68.0
68.0
0
1386.5
383.0
138.0
243.5
173.0
1997.0
418.5
1786.5
1001.5
138.0
313.5
138.0
1318.5
128.0
4502.0
533.5
1702.0
1859.0
0
1963.0
1326.0
407.0
0
68.0
1019.0
68.0
327.0
0
431.5
1148.5
138.0
68.0
946.5
1032.0
471.0
2030.0
802.0
516.5
946.5
68.0
0
419.0
243.0
904.5
1141.0
1396.5
438.5
861.5
564.0
794.5
0
.5
138.0
419.5
2044.5
1068.0
804.5
0
126.5
126.5
359.0
911.0
943.5
0
401.0
126.5
1206.5
758.5
485.5
126.5
126.5
672.5
253.5

1147.0
407.0
0
68.0
68.0
1002.0
138.0
242.0
783.5
472.0
489.5
0
355.5
899.0
0
1296.0
138.0
0
348.5
126.5
126.5
68.0
0
910.0
0
355.5
554.0
186.5
138.0
302.0
344.0
126.5
868.0
0
0
374.5
1295.5
939.5
0
438.5
138.0
425.5
793.0
126.5
893.5
471.0
790.0
736.0
471.0
1203.0
68.0
0
115.5
419.5
421.0
68.0
0
138.0
383.0
138.0
903.5
1748.0
138.0
0
0
459.5
1105.0
126.5
138.0
126.5
458.0
0
1822.5
138.0
641.5
183.5
860.0
1018.5
895.5
138.0
2148.0
489.5
115.5
1890.0
1719.0
1392.5
126.5
68.0
1358.5
365.5
806.0
761.0
489.5
615.5
370.5
126.5
721.5
316.0
271.0
126.5
242.0
1124.0
541.0
300.5
1658.5
0
126.5
1519.0
0
138.0
965.5
0
359.0
386.0
68.0
68.0
68.0
1216.5
0
138.0
0
583.0
138.0
720.0
243.0
1109.5
138.0
0
1177.0
1564.5
126.5
344.0
383.0
126.5
0
68.0
2256.0
365.5
68.0
438.5
835.0
68.0
431.5
441.5
190.5
2514.5
882.5
0
1075.5
1164.0
68.0
242.0
0
128.0
478.0
68.0
1316.5
1884.5
634.5
370.5
687.5
0
243.5
419.5
68.0
68.0
230.5
300.5
539.5
1282.0
419.5
120.5
179.0
126.5
770.0
126.5
300.5
717.0
190.5
1073.0
276.0
0
646.0
726.0
1290.0
762.5
120.5
1612.5
126.5
891.0
401.0
1364.0
355.5
809.0
724.0
508.5
1630.5
296.0
68.0
126.5
419.5
1123.0
431.5
0
395.5
1216.5
243.5
401.0
179.0
243.5
401.0
1108.5
802.5
758.5
756.0
765.5
242.0
1742.0
0
1247.5
0
0
701.0
0
68.0
719.0
0
1649.5
243.5
786.0
549.5
716.0
126.5
601.0
881.0
419.5
884.0
947.0
1576.5
497.0
1356.5
951.5
0
194.5
1057.5
0
344.0
126.5
1792.5
68.0
126.5
809.5
603.5
0
370.5
138.0
431.5
126.5
126.5
604.5
68.0
0
906.0
300.5
138.0
68.0
2111.0
138.0
478.0
478.0
936.5
424.0
491.0
313.5
424.0
0
686.0
407.0
0
138.0
757.5
68.0
1460.5
313.5
0
300.5
1041.5
359.0
0
916.5
68.0
3776.5
0
1051.0
897.0
138.0
126.5
908.0
68.0
431.5

707.0
0
458.0
1019.0
0
126.5
68.0
126.5
68.0
1258.0
441.5
472.0
1636.5
478.0
0
0
902.0
242.0
683.5
173.5
591.5
777.0
0
128.0
478.0

126.5
0
0
1008.0
365.5
0
0
729.5
1012.0
138.0
68.0
68.0
126.5
538.0
383.0
374.5
0
3153.5
1281.0
710.0
1789.0
533.5
126.5
1041.0
68.0
401.0
0
243.5
1857.5
120.5
0
138.0
0
68.0
68.0
601.0
514.5
471.0
243.0
68.0
126.5
243.0
0
68.0
424.0
1394.5
0
598.0
793.0
435.5
419.5
1034.0
512.0
126.5
138.0
0
563.5
1075.0
1243.0
68.0
523.5
300.5
478.0
533.0
0
68.0
0
435.5
0
0
492.0
0
551.0
68.0
316.0
0
68.0
231.5
790.0
582.0
316.0
1460.0
126.5
0
68.0
138.0
374.5
115.5
1144.0
1196.0
0
225.5
0
0
716.5
832.5
435.5
243.5
278.0
0
243.5
1146.0
313.5
0
717.0
1072.0
138.0
0
819.0
476.0
424.0
0
68.0
126.5
1605.0
115.5
1149.0
0
586.5
970.0
653.5
946.5
0
478.0
1082.5
0
0
419.5
0
0
914.0
172.0
120.5
548.5
459.5
242.0
0
541.0
190.5
0
1196.0
1079.5
731.0
126.5
0
126.5
0
898.5
1271.0
812.0
1588.0
693.5
242.0
1232.0
0
1000.0
411.0
68.0
138.0
1294.0
0
183.5
0
1538.5
183.5
68.0
1969.5
838.0
126.5
0
497.0
713.0
561.5
0
0
0
126.5
0
1405.5
1348.5
777.0
478.0
0
138.0
1199.5
841.5
424.0
359.0
0
438.5
438.5
138.0
883.5
183.5
1788.0
1000.5
68.0
68.0
438.5
605.0
138.0
491.0
68.0

475.0
0
722.0
646.0
289.0
0
0
1528.5
761.0
1895.0
775.5
138.0
828.5
489.5
138.0
68.0
1096.5
1816.0
0
126.5
126.5
497.0
0
471.0
411.0
535.0
359.0
639.5
68.0
0
300.5
0
126.5
491.0
1280.5
0
942.5
316.0
231.5
0
0
0
435.5
435.5
68.0
0
126.5

594.0
908.0
126.5
0
242.0
126.5
1086.5
179.0
300.5
0
126.5
435.5
407.0
0
1231.0
407.0
707.0
1270.0
419.5
138.0
0
316.0
418.5
529.0
531.0
0
285.5
709.5
724.0
365.5
656.5
612.5
594.0
126.5
68.0
0
1775.5
247.0
541.5
0
126.5
68.0
315.5
365.5
1948.0
253.0
419.5
1566.0
68.0
0
243.0
138.0
68.0
1444.0
0
901.0
709.0
0
2544.5
120.5
186.5
183.5
710.5
2617.5
0
68.0
327.0
770.0
775.5
68.0
231.0
264.5
0
1065.0
115.5
438.5
0
126.5
790.0
1212.0
126.5
2759.0
0
138.0
300.5
126.5
0
458.0
1161.0
126.5
370.5
0
0
539.5
68.0
0
128.0
0
68.0
126.5
179.0
424.0
0
68.0
138.0
489.5
0
464.0
0
407.0
138.0
535.0
370.5
0
138.0
242.0
126.5
424.0
179.0
474.5
126.5
242.0
138.0
0
534.5
837.5
0
242.0
0
126.5
419.5
419.5
401.0
521.5
0
727.5
68.0
243.5
0
68.0
0
778.5
0
523.5
416.0
1505.5
230.5
1531.5
0
471.0
1034.0
478.0
1556.0
2089.5
750.0
0
186.5
68.0
126.5
899.5
419.5
0
522.5
598.0
508.5
316.0
628.0
802.0
126.5
315.5
0
605.0
68.0
0
126.5
304.5
313.5
242.0
138.0
775.5
68.0
2626.0
365.5
438.5
126.5
2379.0
530.5
0
138.0
138.0
126.5
656.5
963.5
68.0
478.0
0
68.0
302.0
0
1920.0
419.5
138.0
530.5
424.0
68.0
1195.0
479.5
652.0
0
953.0
478.0
0
478.0
243.5
126.5
2166.0
478.0
0
68.0
419.5
0
0
243.5
302.0
126.5
68.0
173.0
489.5
128.0
2556.0
419.5
126.5
126.5
576.5
138.0
0
1193.5
253.0
126.5
424.0
242.0
126.5
126.5
588.0
128.0
120.5
365.5
68.0
1634.5
183.5
243.5
0
418.0
68.0
243.5
128.0
173.0
537.5
770.0
0
0
1581.5
0
68.0
126.5
126.5
671.0
688.5
652.0
441.5
264.5
0
1264.5
1101.0
68.0
700.0
1531.5
535.0
838.5
0
0
1610.0
834.5
0
1174.5
68.0
68.0
126.5
138.0
0
138.0
438.5
68.0
68.0
0
763.5
313.5
1202.0
68.0
327.0
0
697.5
138.0
138.0
0
0
126.5
365.5
0
656.0
438.5
595.0
484.0
670.0
0
476.0
138.0
882.0
1405.5
128.0
253.5
68.0
516.5
652.0
926.5
138.0
516.5
726.5
0
68.0
348.5
0
68.0
348.5
535.0
461.0
0
365.5
68.0

607.0
595.0
68.0
758.5
138.0
0
0
419.5
533.0
0
.5
138.0
126.5
541.0
138.0
126.5
596.5
138.0
470.5
68.0
285.5
68.0
126.5
401.0
383.0
793.5
497.0
524.0
617.0
0
0
1255.0
0
126.5
0
885.0
428.5
1621.0
0
0
419.5
919.5
1013.5
68.0
138.0
126.5
652.0
138.0
489.5
489.5
441.5
289.0
1155.0
0
344.0
68.0
138.0
586.5
257.0
126.5
0
0
0
985.0
1362.0
138.0
0
0
302.0
0
0
531.0
230.5
1003.5
0
0
0
179.0
438.5
68.0
834.0
138.0
257.0
951.5
643.0
126.5
126.5
805.0
1138.5
0
813.5
419.5
0
126.5
126.5
0
0
0
0
0
0
126.5
478.0
138.0
68.0
0
1072.0
126.5
126.5
628.5
902.5
126.5
183.5
0
486.5
736.0
0
0
0
186.5
128.0
551.0
355.5
0
198.0
474.5
68.0
128.0
138.0
438.5
0
126.5
183.5
0
0
.0
481.0
315.5
126.5
302.0
0
615.5
848.0
697.0
138.0
0
0
0
497.0
0
300.5
0
126.5
313.5
0
138.0
1701.0
0
534.0
365.5
0
183.5
1643.5
68.0
0
126.5
794.5
365.5
126.5
848.5
365.5
0
744.0
126.5
0
0
138.0
1144.0
126.5
138.0
419.5
0
574.5
946.5
0
370.5
126.5
573.0
68.0
233.0
646.5
416.0
126.5
138.0
302.0
0
1396.5
126.5
253.5
186.5
0
996.0
126.5
417.5
0
0
300.5
1324.0
138.0
198.0
257.0
0
138.0
126.5
126.5
138.0
0
68.0
327.0
0
0
316.0
0
0
0
538.0
0
419.5
478.0
126.5
692.0
68.0
710.5
126.5
1350.5
370.5
0
424.0
190.5
126.5
68.0

0
0
126.5
0
0
68.0
138.0
126.5
68.0
639.5
344.0
126.5
348.5
0
300.5
138.0
198.0
649.0
0
477.5
979.5
126.5
344.0
68.0
1503.5
0
0
386.0
68.0
126.5
126.5
687.0
0
68.0
68.0
0
0
242.0
128.0
138.0
0
138.0
183.5
1195.0
138.0
478.0
365.5
0
0
230.5
0
300.5
68.0
253.0
1090.5
68.0
138.0
0
126.5
0
0
4.5
253.5
438.5
126.5
179.0
0
68.0
1285.0
68.0
1958.5
68.0
68.0
406.0
0
68.0
126.5
126.5
126.5
126.5
138.0
0
0
126.5
0
68.0

0
0
194.5
126.5
717.0
126.5
68.0
126.5
0
1922.0
370.5
126.5
126.5
424.0
0
313.5
126.5
396.0
370.5
190.5
479.5
126.5
0
300.5
126.5
138.0
253.0
183.5
68.0
68.0
355.5
126.5
736.0
913.5
0
126.5
242.0
183.5
707.5
243.5
68.0
126.5
365.5
126.5
905.0
1174.0
126.5
0
0
368.5
478.0
126.5
68.0
370.5
194.5
332.0
418.5
1552.5
126.5
0
68.0
126.5
0
825.0
115.5
0
138.0
126.5
0
0
1331.0
126.5
68.0
302.0
484.0
138.0
126.5
126.5
115.5
1347.5
588.0
729.5
419.5
68.0
126.5
401.0
0
919.0
68.0
183.5
494.5
2040.5
0
300.5
126.5
719.0
0
701.5
126.5
0
0
1061.5
0
115.5
355.5
0
804.5
331.0
419.5
0
126.5
944.5
126.5
68.0
489.5
302.0
68.0
516.5
506.5
0
365.5
115.5
781.0
115.5
1358.0
126.5
419.5
138.0
1483.5
126.5
126.5
0
126.5
374.5
1829.5
0
230.5
138.0
0
547.0
768.0
0
0
183.5
888.5
302.0
698.5
0
489.5
491.5
0
138.0
419.5
186.5
126.5
629.0
68.0
0
126.5
179.0
489.5
1125.0
519.5
243.5
600.5
138.0
138.0
68.0
0
0
138.0
0
489.5
186.5
302.0
175.5
438.5
0
68.0
68.0
521.5
459.5
126.5
419.5
126.5
0
431.0
899.0
0
183.5
243.5
0
243.5
68.0
126.5
138.0
0
0
1003.5
0
138.0
126.5
789.0
528.0
296.0
0
126.5
794.5
0
68.0
242.0
383.0
300.5
0
0
0
68.0
419.5
243.5
359.0
68.0
126.5
0
68.0
242.0
68.0
479.5
0
126.5
138.0
257.0
604.5
242.0
115.5
618.5
0
126.5
1901.0
126.5
421.0
68.0
407.0
126.5
126.5
0
0
1345.0
861.0
68.0
453.5
126.5
68.0
253.0
0
126.5
838.5
313.5
0
0
172.0
419.5
126.5
0
0
68.0
671.0
811.0
424.0
68.0
549.5
0
126.5
186.5
542.0
549.5
435.5
0
68.0
68.0
138.0
355.5
138.0
622.5
179.0
0
0
0
0
0
126.5
374.5
0
0
0
739.0
128.0
126.5
126.5
126.5
0
68.0
677.5
418.0
407.0
183.5
126.5
0
138.0
68.0
359.0
672.5
68.0
652.0
183.5
126.5
541.0
1238.5
0
190.5
1141.5
126.5
68.0
0
68.0
386.0
0
68.0
0
126.5
745.0
1067.5
489.5
194.5
471.0
68.0
302.0
68.0
0
.5
68.0
374.5
126.5
68.0
0
302.0
0
0
183.5
452.5
68.0
680.5
0
1338.0
126.5
0
652.0
0
300.5
1754.0
425.5
0
0
790.0
115.5
0
419.5
138.0
418.5
458.0
68.0
0
0
465.0
68.0
126.5
126.5
458.5
0
830.0
460.5
138.0
0
138.0
524.5
0
68.0
0
620.5
1304.0
242.0
386.0
1131.5
302.0
508.5
614.0
419.5
581.0
243.5
128.0
465.0
138.0
419.5
0
546.0
0
231.5
0
1063.0
359.0
0
459.5
190.5
68.0
656.5
242.0
0
588.0
401.0
419.5
1600.0
0
126.5
831.5
68.0
401.0
289.0
1577.5
126.5
474.5
126.5
126.5
344.0
0
242.0
419.5
363.5
0
0
0
470.5
0
419.5
470.5
355.5
0
243.5
138.0
419.5
1397.5
1791.0
497.0
790.0
0
424.0
0
186.5
126.5
0
0
901.0
404.5
126.5
1092.5
0
419.5
0
365.5
0
0
194.5
374.5
0
68.0
0
898.5
68.0
313.5
0
0
126.5
348.5
126.5
0
0
1043.0
771.0
138.0
126.5
126.5
0
138.0
0
379.5
126.5
138.0
194.5
0
138.0
602.0
652.0
68.0
424.0
538.0
126.5
0
253.5
1593.5
0
739.0
126.5
508.5
879.5
1103.5
126.5
432.5
68.0

722.0
616.5
0
1253.5
126.5
126.5
68.0
288.5
476.0
575.0
893.5
787.0
0
505.0
838.5
365.5
126.5
538.0
0
478.0
847.0
652.0
126.5
257.0
2579.0
1478.0
543.5
383.0
0
1126.0
0
365.5
126.5
126.5
848.5
1231.5
0
438.5
126.5
477.5
126.5
0
138.0
138.0
0
0
1025.5
0
138.0
0
0
.0
0
402.0
841.0
242.0
68.0
0
126.5
754.0
484.0
242.0
438.5
571.5
68.0
0
478.0
302.0
0
115.5
0
0
478.0
126.5
126.5
459.5
653.5
190.5
1304.0
68.0
126.5
126.5
0
0
0
126.5
0
0.5
138.0
138.0
809.0
276.5
68.0
419.5
0
672.0
790.0
653.5
804.5
0
348.5
0
0
0
190.5
126.5
1402.0
68.0
348.5
608.5
677.0
126.5
401.0
0
0
475.5
329.5
0
68.0
528.0
930.0
68.0
126.5
953.0
68.0
419.5
365.5
0
0
1014.0
179.0
126.5
300.5
441.5
370.5
68.0
183.5
126.5
68.0
463.0
0
190.5
418.5
481.0
1320.5
848.5
242.0
365.5
365.5
0
759.5
126.5
1038.0
126.5
419.5
126.5
359.0
68.0
183.5
424.0
68.0
126.5
668.0
126.5
497.0
126.5
0
680.5
138.0
68.0
179.0
194.5
0
126.5
179.0
126.5
300.5
588.0
0
348.5
126.5
138.0
1405.5
453.5
313.5
0
736.0
0
68.0
506.0
637.0
424.0
0
1324.0
0
794.5
943.5
368.5
68.0
383.0
253.5
0
68.0
476.0
488.0
438.5
848.5
489.5
126.5
647.0
68.0
0
.5
194.5
0
0
348.5
233.0
126.5
316.0
383.0
910.0
138.0
0
68.0
497.0
575.0
126.5
1131.0
1966.0
68.0
126.5
138.0
0
953.0
0
316.0
883.0
115.5
115.5
576.5
851.5
0
0
68.0
68.0
370.5
68.0
138.0
460.5
597.0
231.5
126.5
770.0
1129.0
68.0
126.5
68.0
136.0
583.0
126.5
138.0
300.5
489.5
374.5
138.0
0
126.5
383.0
68.0
126.5
68.0
0
242.0
0
785.5
828.0
300.5
964.0
243.5
138.0
652.0
1373.5
68.0
68.0
138.0
438.5
68.0
126.5
472.0
315.5
0
68.0
68.0
68.0
1227.5
374.5
693.5
652.0
516.5
0
497.0
0
1104.0
0
1419.5
359.0
68.0
365.5
489.5
435.5
421.0
179.0
68.0
0
1187.0
656.5
138.0
419.5
512.0
700.0
0
68.0
68.0
920.0
257.0
442.5
453.5
0
404.5
755.0
138.0
138.0
0
0
566.0
603.0
68.0
0
.5
68.0
179.0
438.5
765.5
419.5
0
138.0
313.5
402.0
68.0
126.5
0
300.5
126.5
302.0
605.0
592.0
68.0
755.5
138.0
459.5
126.5
0
418.5
126.5
438.5
438.5
68.0
438.5
126.5
2028.5
0
531.0
0
1026.5
1711.5
126.5
717.0
68.0
138.0
1183.5
115.5
888.0
0
663.5
126.5
0
138.0
497.0
0
677.0
68.0
775.5
598.0
179.0
126.5
138.0
374.5
642.5
0
838.5
1076.0
138.0
831.5
481.0
126.5
126.5
951.5
68.0
0
313.5
652.0
603.5
0
0
355.5
2240.5
0
0
0
68.0
68.0
0
424.0
365.5
580.0
721.5
653.5
0
242.0
0
546.0
1401.5
68.0
424.0
801.5
542.5
614.0
0
401.0
491.0
0
68.0
0
126.5
315.5
126.5
68.0
300.5
0
316.0
359.0
0
672.0
1138.5
126.5
243.5
126.5
138.0
602.0
68.0
126.5
1140.5
126.5
355.5
0
598.0
68.0
595.0
0
0
126.5
231.5
68.0
126.5
1081.0
418.5
464.0
68.0
383.0
1493.5
407.0
424.0
0
138.0
0
68.0
479.5
68.0
126.5
68.0
68.0
478.0
637.0
734.5
68.0
407.0
68.0
547.5
1412.5
365.5
126.5
115.5
562.0
559.5
126.5
0
126.5
419.5
138.0
611.0
407.0
459.5
459.5
686.5
484.0
126.5
419.5
0
0
136.0
0
0
138.0
126.5
686.5
126.5
2590.5
467.0
253.0
316.0
649.0
68.0
138.0
0
829.5
1189.0
424.0
407.0
138.0
810.0
393.5
435.5
582.0
0
489.5
68.0
68.0
138.0
126.5
138.0
557.0
0
1691.0
316.0
68.0
126.5
126.5
524.5
126.5
535.0
0
138.0
1008.0
424.0
0
0
126.5
771.0
419.5
905.0
965.5
0
957.0
1957.0
1186.0
0
464.0
173.0
537.5
126.5
289.0
472.0
68.0
793.0
138.0
419.5
138.0
68.0
2026.0
68.0
115.5
419.5
704.5
138.0
242.0
0
126.5
1984.5
302.0
128.0
253.5
68.0
419.5
722.0
138.0
1191.5
791.5
521.5
637.0
523.5
481.0
1408.0
0
115.5
0
128.0
126.5
1160.0
708.5
138.0
0
667.5
656.0
984.0
458.0
0
0
771.5
179.0
115.5
419.5
365.5
1851.5
68.0
0
0
138.0
726.0
0
136.0
424.0
644.5
478.0
787.0
0
68.0
315.5
115.5
183.5
539.5
478.0
441.5
138.0
138.0
0
438.5
1138.5
789.0
1552.0
879.5
68.0
138.0
843.5
348.5
126.5
138.0
967.0
68.0
704.5
978.5
418.5
0
794.5
1686.0
126.5
138.0
2021.0
0
138.0
438.5
0
0
68.0
242.0
68.0
646.0
1035.5
365.5
0
126.5
126.5
411.0
573.5
478.0
1159.5
0
606.0
0
0
481.0
126.5
729.5
471.0
809.5
126.5
257.0
68.0
0
1303.0
126.5
0
534.0
699.0
186.5
459.5
0
289.0
0
183.5
126.5
68.0
194.5
126.5
435.5
300.5
126.5
179.0
581.0
289.0
68.0
0
0
0
138.0
2506.0
0
764.5
253.5
126.5
419.5
0
1790.5
138.0
183.5
0
1112.0
0
126.5
313.5
368.5
138.0
419.5
477.5
715.0
0
459.5
438.5
126.5
302.0
126.5
365.5
68.0
719.0
186.5
138.0
126.5
471.0
0
1935.5
126.5
243.0
1921.5
0
68.0
243.5
424.0
126.5
126.5
575.0
126.5
841.5
0
419.5
0
704.5
0
126.5
530.5
698.5
128.0
0
1057.5
126.5
0
0
722.0
383.0
649.0
126.5
478.0
407.0
0
0
0
68.0
126.5
424.0
68.0
1018.0
0
897.5
126.5
0
546.0
441.5
126.5
0
0
126.5
535.0
539.5
257.0
138.0
354.5
0
242.0
68.0
68.0
0
1005.0
489.5
68.0
128.0
722.0
126.5
138.0
68.0
126.5
850.5
0
0
1278.0
1052.0
0
120.5
575.5
177.0
968.5
68.0
138.0
0
0
1714.0
1670.0
126.5
68.0
68.0
489.5
471.0
126.5
667.5
0
291.5
441.5
943.0
980.5
424.0
126.5
613.5
0
0
68.0
300.5
0
.0
173.0
126.5
302.0
790.0
0
564.5
592.0
68.0
492.0
68.0
0
115.5
458.0
1366.0
126.5
126.5
478.0
889.0
0
718.5
458.0
126.5
770.0
656.5
300.5
478.0
126.5
0
126.5
1425.0
519.0
126.5
365.5
771.5
300.5
68.0
115.5
1194.5
0
681.5
806.0
667.0
0
722.0
0
126.5
126.5
68.0
458.0
751.0
68.0
424.0
68.0
138.0
172.0
489.5
359.0
920.0
126.5
150.0
651.0
68.0
383.0
68.0
68.0
354.5
0
0
253.0
430.5
0
68.0
1081.0
448.5
471.0
1193.0
311.5
126.5
478.0
0
126.5
0
889.5
695.5
775.5
243.5
0
521.5
717.0
0
478.0
126.5
126.5
889.5
0
.0
138.0
138.0
370.5
0
1192.0
0
745.0
0
68.0
407.0
1253.5
0
333.0
126.5
707.0
359.0
68.0
953.0
736.0
68.0
1336.0
533.0
698.0
539.5
478.0
0
194.5
492.0
0
365.5
126.5
557.0
407.0
370.5
435.5
0
0
459.5
697.5
68.0
179.0
0
489.5
316.0
230.5
1104.5
177.0
126.5
913.0
870.5
183.5
418.5
316.0
68.0
1369.0
489.5
0
126.5
511.5

0
591.5
257.0
2872.0
126.5
138.0
757.0
68.0
790.0
179.0
0
365.5
0
0
126.5
0
257.0
654.0
478.0
0
542.5
1003.5
438.5
478.0
68.0
822.0
498.5
68.0
68.0
68.0
68.0
1193.5
0
0
438.5
0
1887.5
508.5
68.0
68.0
179.0
963.0
1119.5
749.0
418.5
0
126.5
545.0
68.0
300.5
115.5
126.5
68.0
0
726.0
1076.5
1048.0
126.5
126.5
775.5
704.5
1191.0
68.0
126.5
407.0
449.0
1512.5
126.5
354.5
418.5
869.0
0
1022.5
0
832.5
627.5
68.0
435.5
1496.0
0
243.5
126.5
0
138.0
1165.0
0
641.5
781.5
476.5
0
0
138.0
0
183.5
68.0
374.5
126.5
68.0
302.0
344.0
0
695.5
716.0
126.5
0
359.0
126.5
126.5
115.5
848.5
0
0
68.0
1382.0
68.0

138.0
363.5
316.0
498.5
68.0
126.5
126.5
1345.5
614.0
138.0
419.5
774.5
0
0
0
0
0
0
419.5
126.5
138.0
0
126.5
438.5
716.0
1351.5
418.5
1260.5
0
126.5
461.0
1609.0
1867.0
676.5
603.0
484.0
487.5
126.5
481.0
179.0
0
126.5
126.5
68.0
1169.0
0
348.5
868.0
390.5
183.5
138.0
68.0
68.0
736.0
543.5
419.5
0
0
120.5
183.5
230.5
0
383.0
0
190.5
68.0
68.0
546.5
0
716.0
411.0
138.0
126.5
68.0
1175.5
581.0
138.0
68.0
598.5
868.5
126.5
313.5
68.0
0
136.0
650.0
0
419.5
138.0
539.5
126.5
0
.0
68.0
652.0
359.0
0
126.5
126.5
126.5
652.0
0
126.5
68.0
523.5
183.5
126.5
773.0
126.5
419.5
68.0
1025.5
646.0
700.0
707.0
0
0
183.5
438.5
0
596.0
453.0
243.5
829.5
1294.5
68.0

126.5
593.5
0
.0
1365.0
138.0
126.5
0
790.0
528.0
0
138.0
438.5
659.0
126.5
1826.0
0
68.0
478.0
954.0
126.5
0
1446.0
1860.0
126.5
830.0
435.5
482.0
0
120.5
967.0
126.5
126.5
982.0
419.5
418.5
478.0
1112.0
138.0
355.5
316.0
512.0
365.5
790.0
194.5
0
862.5
0
478.0
761.5
407.0
68.0
419.5
0
138.0
183.5
506.0
257.0
68.0
0
332.0
126.5
521.5
68.0
424.0
478.0
666.0
126.5
126.5
582.5
136.0
126.5
0
136.0
230.5
0
138.0
703.5
172.0
68.0
521.5
68.0
0
12668.0
138.0
1294.5
68.0
138.0
883.0

0
128.0
0
406.0
650.0
0
172.0
126.5
126.5
68.0
0
138.0
1724.0
698.5
0
194.5
1597.0
1089.0
0
459.5
0
126.5
138.0
497.0
1329.5
1197.0
68.0
68.0
478.0
1038.5
115.5
365.5
126.5
138.0
126.5
0
479.5
365.5
0
138.0
472.0
0
126.5
0
478.0
264.5
646.0
0
0
0
419.5
126.5
126.5
918.5
68.0
772.0
68.0
652.0
316.0
126.5
575.0
0
489.5
419.5
0
68.0
126.5
68.0
695.5
0
0
138.0
300.5
230.5
186.5
904.5
126.5
0
126.5
0
751.5
722.0
539.5
0
126.5
0
540.0
481.0
126.5
68.0
126.5
68.0
407.0
0
0
365.5
68.0
365.5
242.0
0
1091.0
68.0
383.0
0
0
0
479.5
68.0
68.0
138.0
194.5
365.5
1095.0
1067.5
1102.5
365.5
588.0
722.0
954.0
534.5
68.0
478.0
126.5
383.0
383.0
528.0
138.0
1216.0
1051.0
230.5
231.0
365.5
253.5
737.5
638.5
851.5
0
752.5
126.5
365.5
965.5
242.0
68.0
882.5
1263.0
1003.5
968.5
365.5
138.0
183.5
300.5
471.0
126.5
243.5
138.0
68.0
614.0
120.5601.0
729.5
478.0
0
518.0
796.0
940.5
126.5
68.0
968.5
126.5
794.5
138.0
945.5
1929.5
128.0
138.0
289.0
126.5
0
68.0
424.0
126.5
511.0
1038.0
424.0
458.0
0
138.0
538.0
489.5
183.5
695.5
527.0
126.5
126.5
1878.0
459.5
937.0
749.0
424.0
0
401.0
128.0
68.0
0
438.5
126.5
68.0
359.0
489.5
186.5
523.5
800.5
905.5
126.5
243.5
0
0
787.0
0
1856.5
126.5
471.0
380.0
497.0
0
68.0
1064.5
68.0
68.0
459.5
0
438.5
478.0
1119.0
527.0
316.0
126.5
138.0
126.5
242.0
68.0
231.5
478.0
0
0
401.0
68.0

138.0
138.0
478.5
1024.0
438.5
138.0
521.5
68.0

538.0
0
690.0
68.0
419.5
0
355.5
0
68.0
138.0
837.5
359.0
1126.5
0
516.5
805.0
239.0
419.5
0
562.0
126.5
0
68.0
0
68.0
0
478.0
471.0
316.0
126.5
539.5
126.5
497.0
126.5
115.5
489.5
0
558.5
68.0
401.0
419.5
126.5
365.5
438.5
138.0
0
.0
489.5
253.5
68.0
1286.5
676.5
126.5
138.0
68.0
0
243.0
1147.5
554.0
438.5
0
809.5
138.0
0
126.5
231.5
0
138.0
68.0
68.0
949.5
138.0
68.0
489.5
830.5
0
671.0
424.0
68.0
0
1263.0
126.5
1030.0
68.0
989.5
253.5
675.5
401.0
0
126.5
68.0
300.5
962.5
68.0
0
539.5
300.5
68.0
0
126.5
0
300.5
438.5
138.0
594.0
401.0
336.5
820.0
138.0
0
479.5
150.0
144.5
126.5
0
961.0
68.0
419.5
0
418.5
893.5
68.0
1338.5
1014.5
934.0
484.0
790.0
138.0
478.0
736.0
300.5
793.0
138.0
138.0
540.0
231.0
359.0
829.5
472.0
517.0
0
300.5
183.5
68.0
435.5
138.0
68.0
438.5
773.5
126.5
68.0
68.0
1274.0
741.0
419.5
478.0
601.0
551.0
1758.0
419.5
243.5
0
438.5
257.0
586.5
383.0
126.5
804.5
302.0
0
1264.5
1083.0
615.5
0
459.5
68.0
806.0
0
183.5
138.0
138.0
1031.0
126.5
761.5
126.5
242.0
435.5
779.0
458.0
300.5
68.0
0
523.5
68.0
126.5
126.5
599.5
418.5
138.0
348.5
365.5
1006.0
316.0
374.5
0
471.0
126.5
2734.5
0
0
542.5
138.0
68.0
1013.5
0
126.5
498.5
782.0
126.5
315.5
478.0
419.5
68.0
365.5
316.0
138.0
419.5
194.5
0
.5
1216.5
383.0
472.0
68.0
348.5
401.0
725.0
717.0
478.0
633.5
68.0
0
253.5
243.5
138.0
0
789.0
419.5
138.0
1263.0
68.0
841.5
489.5
0
0
68.0
1184.5
138.0
523.5
126.5
419.5
523.5
138.0
1109.5
68.0
1208.5
0
68.0
68.0
359.0
497.0
1005.0
126.5
1164.0
786.0
478.5
126.5
68.0
484.0
359.0
183.5
0
717.0
1287.0
68.0
0
138.0
365.5
1525.5
173.0
419.5
755.5
126.5
916.5
126.5
138.0
1221.0
230.5
68.0
138.0
438.5
374.5
424.0
302.0
418.5
1127.0
128.0
1180.5
316.0
1148.0
138.0
1073.0
1023.5
0
374.5
667.0
68.0
0
302.0
128.0
419.5
126.5
126.5
0
472.0
348.5
257.0
126.5
68.0
128.0
1588.5
0
138.0
126.5
464.0
365.5
68.0
581.0
0
982.0
419.5
300.5
138.0
68.0
179.0
68.0
419.5
348.5
2657.0
686.0
243.0
459.5
1094.5
640.5
1980.0
0
726.0
126.5
126.5
476.5
438.5
0
0
68.0
761.5
471.0
126.5
497.0
138.0
126.5
68.0
289.0
794.5
126.5
495.0
365.5
547.5
775.5
128.0
497.0
138.0
419.5
68.0
0
699.5
68.0
138.0
138.0
595.0
476.0
138.0
302.0
2439.0
126.5
138.0
0
582.5
126.5
126.5
1831.0
401.0
637.0
419.5
438.5
1163.5
476.0
2665.5
894.0
126.5
115.5
476.0
489.5
243.0
1090.0
953.0
300.5
316.0
1124.5
126.5
1342.0
0
435.5
344.0
401.0
68.0
2538.0
126.5
576.0
667.5
1090.5
850.0
424.0
68.0
998.0
138.0
401.0
905.5
0
1.5
300.5
126.5
845.0
136.0
1329.0
68.0
575.0
535.0
478.0
472.0
136.0
243.5
608.5
549.5
313.5
0
612.5
459.5
521.5
2093.0
68.0
126.5
859.0
638.5
781.0
0
243.5
845.0
358.0
714.5
365.5
348.5
806.0
598.0
573.5
257.0
2073.5
0
954.5
932.5
438.5
333.0
533.0
478.0
138.0
126.5
498.5
784.5
809.0
128.0
711.5
359.0
975.0
68.0
1168.0
2290.0
341.0
1756.5
3064.0
68.0
302.0
438.5
0
1038.0
722.0
541.0
68.0
285.5
904.0
3020.0
691.5
958.5
68.0
639.5
641.5
459.5
68.0
438.5
68.0
478.0
895.5
677.0
68.0
656.5
622.5
68.0
4313.5
0
136.0
818.5
198.0
0
1106.5
438.5
637.0
777.5
773.0
2497.0
541.0
419.5
458.0
68.0
138.0
68.0
3502.5
1513.5
489.5
243.5
1238.5
1086.0
771.0
561.5
383.0
0
1153.0
68.0
1255.0
851.0
3092.0
419.5
1792.5
138.0
138.0
126.5
419.5
1257.5
115.5
622.5
1860.5
419.5
300.5
2379.0
1218.5
126.5
1089.0
0
186.5
68.0
0
1097.0
583.0
68.0
194.5
1286.5
2132.5
809.0
489.5
1305.5
138.0
497.0
0
126.5
0
365.5
1077.5
1139.0
0
370.5
0
1375.0
713.5
186.5
68.0
937.0
424.0
0
68.0
1552.5
2538.5
0
1015.0
2026.0
289.0
0
759.5
0
2640.0
126.5
1678.5
3033.0
1225.0
1132.0
3158.5
0
438.5
126.5
2187.5
1019.0
2265.5
1552.5
474.5
0
906.0
2371.5
2756.5
68.0
0
1312.0
0
115.5
1793.5
1559.5
867.5
472.0
68.0
1760.0
365.5
713.0
616.0
1289.0
138.0
138.0
68.0
1909.5
1316.5
1430.5
138.0
0
115.5
138.0
724.0
68.0
5104.5
0
652.0
416.0
5614.5
720.5
68.0
848.5
0
2993.5
2040.5
564.5
1659.0
1630.5
749.0
254.5
0
344.0
656.5
2315.5
374.5
68.0
861.5
2041.5
529.0
1022.5
2239.0
419.5
233.0
289.0
68.0
818.5
1829.0
68.0
68.0
68.0
0
2374.0
0
257.0
68.0
884.5
1714.5
120.5
120.5
745.0
3698.5
478.0
1939.5
138.0
898.5
300.5
128.0
1138.0
1913.0
829.5
488.0
1195.0
505.0
316.0
548.5
489.5
2860.5
2115.5
1719.0
1285.0
829.5
68.0
5392.0
875.5
2752.0
848.5
0
3316.5
1452.0
126.5
126.5
829.5
822.5
394.0
2620.0
1267.5
2585.0
926.0
595.0
932.5
243.5
126.5
3414.0
138.0
2048.5
769.5
737.5
3306.0
0
1014.0
1788.0
2964.0
4060.0
348.5
1570.0
0
300.5
420.0
2975.5
1172.5
461.0
0
1141.5
649.0
1771.0
3349.0
5633.0
790.0
2572.5
0
598.0
138.0
2366.5
435.5
1774.0
1590.5
3627.5
1777.0
1079.0
789.0
5329.0
1357.0
126.5
742.0
2452.5
2705.0
685.5
3622.5
2013.5
726.0
1167.5
1032.0
68.0
4566.5
916.0
3564.5
1089.0
68.0
769.5
2573.5
1670.5
438.5
0
68.0
831.0
2011.0
126.5
1044.5
2869.0
1725.5
1967.5
348.0
1280.5
138.0
495.5
138.0
3213.0
1594.5
637.0
0
438.5
2113.5
1248.5
3227.5
231.5
1127.0
2229.0
467.0
2054.5
3400.5
3201.0
812.0
0
0
3206.0
478.0
3097.0
3210.0
0
1157.5
0
68.0
0
68.0
1563.0
0
.5
383.0
0
120.5
464.0
68.0
489.5
692.0
771.5
300.5
0
639.5
179.0
706.0
126.5
3438.0
3746.0
68.0
68.0
68.0
0
365.5
1441.0
787.0
5544.5
126.5
3364.5
671.0
478.0
804.5
68.0
1148.0
970.0
126.5
1613.0
0
3786.5
1081.0
1727.5
138.0
407.0
3138.0
68.0
471.0
478.0
138.0
126.5
2600.0
138.0
315.5
2658.0
3020.0
1626.5
0
138.0
186.5
138.0
576.5
4252.0
68.0
0
3989.5
1749.5
1460.0
2209.0
0
4721.0
419.5
2225.0
595.0
344.0
768.5
0
1392.5
0
2592.5
138.0
126.5
68.0
242.0
2300.0
68.0
138.0
68.0
419.5
0
344.0
4015.0
126.5
3478.0
0
126.5
128.0
0
1090.5
126.5
3409.5
660.5
1055.0
0
278.0
1211.5
424.0
407.0
408.5
128.0
534.0
0
365.5
0
1009.5
126.5
68.0
2100.0
68.0
1293.0
1594.5
0
672.0
138.0
489.5
1022.5
136.0
1130.0
783.5
541.0
419.5
741.0
1408.5
1105.5
126.5
1039.0
3264.0
897.0
374.5
419.5
1206.5
453.0
2602.0
734.5
68.0
881.5
942.5
1008.0
868.0
291.0
0
0
665.0
3653.0
68.0
2119.0
0
138.0
0
0
1222.5
0
68.0
1132.0
1114.5
3394.5
841.5
435.5
1154.0
344.0
565.0
1181.5
573.0
68.0
2197.5
435.5
126.5
242.0
0
0
126.5
4298.5
68.0
419.5
0
0
0
68.0
790.0

0
871.0
1535.0
126.5
1986.5
68.0
419.5
2384.5
1214.0
1088.5
257.0
68.0
271.0
2954.5
0
68.0
68.0
603.5
700.0
0
0
708.5
344.0
478.0
3872.5
1583.0
138.0
1301.0
1501.0
471.0
438.5
492.0
1374.0
491.0
138.0
300.5
183.5
1271.5
68.0
459.5
68.0
1168.5
0
138.0
68.0
1729.0
126.5
719.0
0
0
68.0
442.5
489.5
2923.5
714.5
365.5
435.5
755.5
0
126.5
964.0
1164.0
769.5
359.0
2950.0
68.0

825.5
0
1026.0
881.5
977.5
478.0
3108.0
138.0
1368.0
115.5
671.0
0
667.5
653.0
0
883.0
68.0
243.5
2064.0
243.5
758.5
809.0
138.0
68.0
126.5
637.0
0
138.0
1795.0
460.5
1848.0
0
535.0
1297.5
0
670.0
0
115.5
138.0
313.5
1009.0
126.5
126.5
2321.5
126.5
867.5
717.0
418.5
594.5
1226.5
126.5
0
838.0
353.0
424.0
0
68.0
615.5
1225.0
867.5
126.5
138.0
68.0
794.0
68.0
242.0
2105.0
0
365.5
68.0
639.5
512.0
516.5
126.5
2249.0
0
126.5
1404.5
115.5
866.5
126.5
907.5
811.0
418.0
1696.5
1156.0
0
1016.0
128.0
126.5
300.5
599.5
0
530.5
531.0
68.0
0
0
126.5
617.0
394.0
257.0
138.0
0
68.0
728.0
0
68.0
243.5
0
126.5
2390.0
956.5
516.5
126.5
68.0
242.0
419.5
396.0
126.5
126.5
126.5
0
138.0
424.0
424.0
302.5
68.0
848.5
138.0
991.0
898.5
508.5
2000.5
0
419.5
419.5
0
2936.0
126.5
0
861.5
1087.5
563.5
1702.0
2393.5
1088.0
474.5
138.0
0
138.0
138.0
859.0
788.5
138.0
0
0
68.0
264.5
138.0
138.0
411.5
243.5
243.5
1129.0
0
68.0
649.0
354.5
316.0
126.5
1087.0
138.0
126.5
895.5
419.5
557.0
68.0
138.0
554.0
438.5
830.0
1071.5
478.0
2103.0
126.5
1206.5
856.5
68.0
611.0
419.5
138.0
126.5
138.0
0
126.5
126.5
695.5
1081.0
190.5
138.0
0
68.0
68.0
0
874.0
173.0
126.5
0
138.0
68.0
435.5
348.5
1707.5
302.0
467.0
243.5
68.0
68.0
360.5
671.0
68.0

438.5
0
126.5
1293.0
438.5
583.0
0
300.5
138.0
126.5
818.5
126.5
1320.0
348.5
126.5
1843.0
126.5
138.0
316.0
2318.5
566.0
778.5
115.5
424.0
0
424.0
243.5
1951.0
1144.5
1230.0
126.5
566.0
646.0
68.0
0
0
0
0
138.0
478.0
68.0
1146.0
0
0
126.5
0
68.0
478.0
419.5
68.0
126.5
652.0
126.5
374.5
424.0
138.0
68.0
126.5
478.0
2713.5
798.5
586.5
916.0
1003.5
477.5
611.0
126.5
315.5
186.5
365.5
0
243.5
138.0
438.5
405.5
668.0
355.5
2734.5
0
0
424.0
1063.5
230.5
68.0

0
126.5
243.5
120.5
777.5
419.5
0
1036.5
0
0
253.5
231.5
68.0
68.0
257.0
68.0
615.5
68.0
1828.5
126.5
481.0
294.5
1044.5
355.5
0
359.0
383.0
419.5
68.0
1011.5
68.0
243.5
138.0
68.0
458.0
1532.0
459.5
710.5
790.0
126.5
115.5
591.5
0
559.5
126.5
0
138.0
787.0
126.5
418.5
68.0
68.0
1111.5
459.5
0
0
313.5
231.5
1453.5
242.0
0
571.0
236.0
68.0
120.5
416.0
471.0
0
.5
68.0
126.5
0
126.5
365.5
697.0
0
471.0
138.0
0
126.5
809.0
876.0
1243.0
418.5
704.5
243.5
719.0
0
419.5
548.5
1200.0
0
126.5
138.0
68.0
0
1432.0
68.0
1448.5
0
0
0
126.5
126.5
1039.0
479.5
533.0
0
115.5
481.0
126.5
0
583.0
695.5
183.5
126.5
0
489.5
126.5
550.0
419.5
652.0
749.0
989.0
183.5
68.0
652.0
0
.5
243.5
593.5
0
753.5
126.5
794.5
126.5
115.5
126.5
419.5
407.0
126.5
794.5
68.0
489.5
359.0
0
0
68.0
126.5
561.0
0
126.5
0
68.0
126.5
1394.0
138.0
0
128.0
1503.5
1200.0
138.0
419.5
126.5
253.5
186.5
479.5
0
0
126.5
302.0
126.5
1173.5
1720.0
126.5
126.5
374.5
1025.5
126.5
315.5
554.0
775.5

138.0
257.0
991.0
581.0
0
407.0
126.5
0
68.0
0
126.5
430.5
0
68.0
348.5
315.5
68.0
68.0
1335.0
126.5
138.0
663.0
1216.5
126.5
126.5
68.0

302.0
0
126.5
126.5
0
68.0
0
460.5
396.0
419.5
138.0
489.5
479.5
186.5
126.5
68.0
383.0
478.0
1455.5
994.0
534.5
126.5
276.5
68.0
138.0
348.5
126.5
1213.0
120.5
68.0
0
953.0
68.0
348.5
618.5
68.0
359.0
407.0
584.0
671.0
68.0
401.0
128.0
126.5
172.0
194.5
879.0
172.0
467.0
0
68.0
1347.0
68.0
68.0
365.5
465.0
68.0
762.5
230.5
830.0
0
541.0
126.5
1023.5
0
489.5
0
316.0
242.0
1327.5
823.5
489.5
1004.0
0
1073.5
370.5
497.0
243.0
0
126.5
467.0
0
68.0
586.0
285.5
138.0
253.0
478.0
631.0
68.0
1015.0
0
569.5
464.0
365.5
459.5
126.5
2824.0
68.0
68.0
401.0
359.0
115.5
126.5
68.0
1162.5
115.5
588.0
68.0
0
126.5
253.0
1383.0
302.0
419.5
120.5
1214.0
68.0
126.5
68.0
359.0
0
253.5
68.0
424.0
231.5
419.5
471.0
637.0
68.0
639.5
348.5
0
126.5
438.5
477.5
475.0
424.0
608.5
967.5
115.5
471.0
419.5
68.0
0
138.0
435.5
489.5
115.5
0
1070.0
354.5
300.5
0
0
138.0
179.0
0
438.5
316.0
68.0
138.0
383.0
186.5
0
478.0
793.0
829.5
508.5
113.5
549.5
465.0
138.0
386.0
128.0
0
126.5
757.0
126.5
438.5
242.0
764.5
459.5
1074.0
478.0
753.5
68.0
68.0
416.0
126.5
128.0
138.0
138.0
700.0
407.0
138.0
425.5
348.5
126.5
68.0
68.0
302.0
138.0
126.5
68.0
659.5
750.5
126.5
794.5
115.5
489.5
289.0
230.5
172.0
0
0
478.0
549.5
848.5
435.5
183.5
68.0
0
126.5
253.0
126.5
285.5
478.5
128.0
128.0
0
302.0
0
0
289.0
1832.5
126.5
0
0
126.5
497.0
1467.0
115.5
68.0
441.5
365.5
138.0
68.0
365.5
175.5
183.5
1497.5
1598.5
138.0
302.0
0
300.5
126.5
126.5
584.5
128.0
68.0

419.5
355.5
0
126.5
126.5
945.0
300.5
407.0
419.5
907.0
138.0
528.0
0
535.0
138.0
68.0
0
128.0
300.5
138.0
419126.5
418.5
533.5
0
.0
925.0
126.5
933.5
126.5
833.5
0
138.0
591.5
370.5
355.5
489.5
179.0
365.5
126.5
2075.5
138.0
126.5
294.5
300.5
285.5
489.5
289.0
401.0
471.0
540.5
1183.0
1027.0
419.5
1021.5
1050.0
900.5
1663.0
68.0
68.0
338.5
344.0
138.0
355.5
68.0
674.0
419.5
1384.0
469.5
0
190.5
0
965.0
793.0
126.5
791.5
126.5
628.0
967.0
365.5
354.5
126.5
0
0
359.0
719.0
0
471.0
138.0
68.0
0
126.5
68.0

1592.5
0
68.0
722.0
787.0
830.5
478.0
68.0
128.0
138.0
138.0
0
128.0
68.0
488.0
68.0
126.5
68.0
243.5

920.5
519.5
0
0
948.5
652.0
438.5
0
0
0
300.5
438.5
478.0
126.5
571.5
0
1487.5
68.0
438.5
126.5
0
126.5
419.5
126.5
424.0
126.5
183.5
68.0
0
0
126.5
478.0
138.0
0
0
126.5
0
419.5
0
497.0
0
126.5
126.5
126.5
582.5
0
0
489.5
374.5
1057.0
624.5
68.0
716.0
916.0
68.0
300.5
126.5
827.5
1397.0
233.0
136.0
1999.5
68.0
68.0
0
463.0
0
0
300.5
0
316.0
126.5
528.0
313.5
1043.5
0
0
0
.0
0
531.0
508.5
1014.0
126.5
418.5
0
0
0
126.5
126.5
0
580.0
486.0
814.5
68.0
126.5
1563.5
0
915.5
0
0
.5
354.5
138.0
652.0
418.5
68.0
313.5
68.0
478.5
68.0
115.5
138.0
401.0
335.5
1791.5
138.0
0
126.5
1165.5
0
243.5
407.0
407.0
0
699.5
0
138.0
419.5
126.5
126.5
0
0
126.5
0
126.5
138.0
1733.5
438.5
0
68.0
0
424.0
533.5
126.5
300.5
126.5
138.0
68.0
68.0

877.0
0
300.5
458.0
514.5
783.0
0
0
0
0
0
115.5
126.5
0
453.5
0
6.0
0
.5
740.5
0
513.0
970.0
0
242.0
243.5
289.0
120.5
0
138.0
68.0

0
0
126.5
138.0
0
0
183.5
179.0
138.0
302.0
126.5
471.0
138.0
596.0
315.5
0
424.0
564.5
0
0
231.5
0
478.0
126.5
0
126.5
1054.0
68.0
629.0
913.0
0
497.0
0
0
489.5
299.0
489.5
1184.5
652.0
958.5
1194.0
0
338.5
126.5
584.5
0
0
300.5
489.5
138.0
489.5
68.0
743.0
126.5
0
68.0
68.0
775.5
618.5
68.0
666.5
0
344.0
138.0
0
419.5
0
419.5
0
2300.5
365.5
1022.5
0
242.0
128.0
553.0
126.5
138.0
656.5
1126.5
867.5
478.0
68.0
831.5
126.5
68.0
0
68.0
370.5
573.0
253.5
2332.5
0
365.5
0
253.5
1123.5
365.5
338.0
641.5
0
365.5
68.0
670.5
438.5
0
126.5
138.0
652.0
0
1239.0
594.0
700.0
0
68.0
0
0
68.0
641.0
424.0
0
0
138.0
0
0
68.0
489.5
0
348.0
1191.0
68.0
138.0
1291.0
138.0
316.0
126.5
758.5
1059.0
0
675.0
1270.0
997.5
383.0
126.5
68.0
0
0
126.5
804.0
424.0
383.0
421.0
0
0
1052.5
0
68.0
126.5
904.0
128.0
777.5
68.0
717.0
933.0
0
0
419.5
0
441.5
407.0
0
0
1240.5
0
1092.0
194.5
519.0
737.5
0
126.5
68.0
0
68.0
68.0
0
126.5
478.0
126.5
126.5
416.0
183.5
126.5
126.5
300.5
138.0
138.0
126.5
138.0
489.5
489.5
0
419.5
773.5
190.5
115.5
126.5
138.0
478.0
967.0
68.0
243.0
2206.0
68.0
0
438.5
68.0
476.0
0
68.0
136.0
183.5
138.0
927.5
655.0
68.0
138.0
607.0
633.5
889.5
0
126.5
0
126.5
438.5
365.5
300.5
0
0
68.0
523.5
0
533.0
126.5
366.0
0
545.0
183.5
348.5
0
243.5
138.0
126.5
115.5
0
126.5
438.5
0
126.5
0
68.0
0
576.5
302.0
459.5
68.0
790.0
0
68.0
0
257.0
138.0
0
126.5
243.5
179.0
126.5
126.5
424.0
138.0
126.5
478.0
0
707.0
0
0
614.0
0
300.5
0
1474.5
68.0
636.5
126.5
126.5
745.5
0
68.0
253.0
573.5
0
68.0
0
138.0
458.0
183.5
365.5
126.5
253.5
652.0
472.0
441.5
126.5
126.5
315.5
478.0
424.0
401.0
138.0
183.5
441.5
1105.0
68.0
68.0
68.0
365.5
607.0
424.0
68.0
68.0
128.0
183.5
138.0
68.0
997.5
126.5
138.0
887.0
126.5
0
0
68.0
126.5
316.0
68.0
368.0
355.5
68.0
126.5
864.0
68.0
0
126.5
497.0
0
68.0
126.5
633.5
712.0
1808.0
734.5
68.0
814.5
138.0
68.0
190.5
359.0
0
68.0
126.5
126.5
0
313.5
1870.5
1139.0
68.0
0
419.5
0
0
190.5
0
489.5
753.5
0
668.0
979.0
478.0
138.0
622.5
1049.5
126.5
242.0
438.5
498.5
257.0
717.0
126.5
774.5
1115.0
68.0
0
365.5
128.0
0
992.5
438.5
372.5
722.5
566.0
793.0
374.5
0
68.0
359.0
891.0
418.0
242.0
0
68.0
695.5
299.5
68.0
303.5
138.0
126.5
0
0
0
126.5
68.0
0
425.5
0
581.0
126.5
126.5
418.0
0
564.5
0
126.5
300.5
0
68.0
126.5
179.0
0
1604.5
535.0
0
138.0
126.5
1410.0
459.5
115.5
194.5
767.0
0
0
458.5
899.5
0
68.0
179.0
1223.5
316.0
1087.5
68.0
0
535.0
1303.0
68.0
68.0
365.5
885.0
0
879.5
819.0
984.0
875.0
68.0
0
138.0
126.5
68.0
126.5
419.5
68.0
316.0
528.0
924.5
68.0
120.5
68.0

126.5
68.0
300.5
419.5
519.5
0
68.0
183.5
316.0
68.0
0
1653.0
0
138.0
0
0
68.0
68.0
519.5
419.5
126.5
879.0
138.0
0
760.0
0
126.5
614.0
916.0
0
0
126.5
126.5
689.0
126.5
1504.0
257.0
316.0
582.5
183.5
120.5
126.5
242.0
289.0
599.5
68.0
0
138.0
407.0
291.0
194.5
0
401.0
0
652.0
126.5
419.5
126.5
128.0
0
0
68.0
438.5
418.5
68.0
68.0
68.0
2656.5
126.5
836.5
0
348.5
68.0
186.5
2282.0
126.5
68.0
717.0
115.5
138.0
383.0
68.0
304.5
138.0
593.5
126.5
138.0
300.5
242.0
2134.0
183.5
528.0
126.5
755.5
120.5
0
126.5
1145.5
479.5
300.5
126.5
136.0
1259.5
126.5
717.0
138.0
126.5
860.0
365.5
726.0
68.0
474.5
68.0
876.0
476.0
646.0
0
68.0
1106.5
0
138.0
472.0
370.5
126.5
126.5
138.0
497.0
126.5
0
438.5
554.0
194.5
491.0
0
.5
899.5
0
138.0
138.0
126.5
126.5
126.5
68.0
459.5
126.5
115.5
285.5
550.5
435.5
365.5
438.5
0
0
126.5
424.0
1041.0
179.0
880.5
1360.0
126.5
138.0
418.5
179.0
0
569.5
68.0
126.5
126.5
0
0
243.5
126.5
138.0
0
843.0
0
1034.0
242.0
68.0
478.0
0
1823.0
370.5
68.0
302.0
179.0
478.0
126.5
660.0
2189.0
438.5
481.0
242.0
604.5
0
126.5
302.0
68.0
467.0
0
.0
68.0
138.0
548.5
344.0
1146.0
438.5
126.5
126.5

126.5
68.0
534.0
126.5
0
1002.0
68.0
0
860.5
126.5
115.5
679.0
0
68.0
68.0
0
541.0
0
471.0
68.0
0
126.5
0
126.5
0
622.0
126.5
126.5
138.0
126.5
68.0
126.5
302.0
1303.0
138.0
68.0
0
299.0
569.5
68.0
591.5
365.5
0
1037.5
0
126.5
68.0
126.5
126.5
360.5
0
0
126.5
879.0
172.0
126.5
126.5
418.5
511.0
0
637.5
835.5
126.5
0
0
478.0
126.5
775.5
68.0
0
126.5
478.0
542.0
138.0
438.5
0
396.0
581.0
365.5
1499.5
479.5
383.0
1006.5
243.5
1111.5
289.0
0
344.0
463.0
0
489.5
138.0
419.5
2091.5
68.0
0
0
438.5
253.0
771.5
138.0
943.5
138.0
0
365.5
126.5
722.0
2013.0
624.0
120.5
1429.0
126.5
478.5
126.5
138.0
1669.0
0
438.5
68.0
126.5
138.0
438.5
126.5
68.0
478.0
126.5
128.0
1114.5
300.5
503.5
419.5
0
438.5
68.0
68.0
194.5
126.5
592.0
431.5
68.0
0
939.0
419.5
0
230.5
672.5
1604.0
867.0
0
517.5
68.0
68.0
1103.5
0
722.0
548.5
516.5
0
0
0
1478.5
0
179.0
300.5
491.0
231.5
0
1084.5
849.5
68.0
291.0
68.0
1409.5
126.5
138.0
0
126.5
68.0

913.0
1127.0
0
0
0
126.5
365.5
68.0
595.0
126.5
0
383.0
138.0
0
126.5
68.0
419.5
126.5
365.5
717.0
128.0
407.0
126.5
401.0
0
0
138.0
68.0
465.0
0
126.5
128.0
0
359.0
68.0
68.0
606.5
0
68.0
186.5
68.0
593.5
1515.0
370.5
243.5
126.5
478.0
0
68.0
370.5
588.0
713.5
0
542.0
68.0

186.5
138.0
126.5
991.0
460.5
126.5
489.5
138.0
424.0
1049.5
843.5
742.0
126.5
0
0
253.5
138.0
931.0
0
68.0
179.0
0
68.0
230.5
771.5
120.5
459.5
0
438.5
497.0
230.5
419.5
68.0
113.5
419.5
365.5
198.0
484.0
138.0
519.5
243.5
459.5
115.5
0
847.0
190.5
438.5
413.0

0
530.5
695.5
183.5
548.5
946.5
68.0
126.5
489.5
416.0
138.0
126.5
190.5
68.0
126.5
0
812.0
126.5
0
0
138.0
126.5
359.0
348.5
0
0
172.0
424.0
604.5
231.5
68.0
0
0
253.5
253.5
68.0
478.0
794.5
665.0
643.5
0
0
533.0
68.0
478.0
126.5
0
1256.0
583.0
0
0
471.0
126.5
0
68.0
194.5
0
68.0
533.0
138.0
750.5
0
126.5
0
138.0
126.5
707.0
68.0
0
0
242.0
302.0
847.5
68.0
734.5
566.5
126.5
126.5
305.5
419.5
126.5
365.5
1106.0
804.5
374.5
821.0
0
126.5
830.5
68.0
313.5
411.5
497.0
581.0
458.0
289.0
126.5
530.5
359.0
0
656.5
592.0
126.5
904.0
68.0
68.0
0
68.0
836.0
583.0
516.5
190.5
0
0
0
1511.0
126.5
190.5
1566.0
302.0
68.0
0
138.0
1413.0
435.5
0
0
186.5
68.0
828.5
0
0
126.5
183.5
489.5
631.0
0
416.0
138.0
313.5
68.0
0
947.0
348.5
1020.0
720.0
969.5
386.0
0
1197.0
419.5
138.0
68.0
582.0
126.5
0
424.0
1298.5
1918.0
1100.5
1018.0
0
68.0
548.5
0
407.0
716.5
1511.5
586.5
68.0
359.0
115.5
68.0
138.0
126.5
418.5
126.5
138.0
359.0
126.5
521.5
419.5
68.0
854.5
714.5
1026.5
435.5
0
126.5
702.5
68.0
126.5
68.0
641.5
418.5
138.0
1121.0
172.0
0
138.0
0
0
471.0
0
793.0
418.5
300.5
365.5
541.0
0
640.5
745.5
190.5
68.0
530.5
419.5
756.0
365.5
126.5
126.5
126.5
758.5
313.5
0
407.0
288.0
512.0
0
0
0
1280.5
186.5
416.0
683.5
0
302.0
115.5
138.0
126.5
257.0
1089.5
302.0
338.0
128.0
2444.0
402.0
0
0
126.5
126.5
569.0
126.5
459.5
441.5
811.0
68.0
843.5
0
0
588.0
0
489.5
1787.0
0
365.5
126.5
126.5
0
424.0
464.0
138.0
0
243.5
302.0
285.5
404.5
1002.0
68.0
0
0
190.5
68.0
652.0
126.5
0
68.0
921.0
0
488.0
1197.0
0
230.5
300.5
68.0
0
892.5
893.5
365.5
793.0
667.5
467.0
257.0
68.0
652.0
138.0
655.0
68.0
138.0
138.0
790.0
478.0
126.5
0
138.0
0
126.5
1533.5
186.5
0
136.0
0
481.0
596.0
126.5
1152.5
0
776.0
68.0
68.0
887.0
0
126.5
243.5
0
359.0
538.0
126.5
126.5
3125.0
0
68.0
0
138.0
1189.5
126.5
126.5
489.5
316.0
407.0
0
365.5
0
126.5
138.0
0
126.5
68.0
516.5
424.0
68.0
242.0
0
497.0
68.0
0
233.0
0
755.5
68.0
126.5
0
1836.5
355.5
0
289.0
138.0
401.0
1040.5
0
1092.0
126.5
179.0
0
359.0
0
365.5
569.5
0
359.0
126.5
497.0
0
1789.5
820.0
126.5
471.0
365.5
790.0
68.0
0
583.0
0
0
0
365.5
68.0
316.0
138.0
1070.0
0
583.0
257.0
775.0
68.0
0
348.0
970.0
0
126.5
115.5
0
68.0
68.0
0
138.0
231.5
0
0
471.0
0
359.0
355.5
283.0
313.5
598.5
68.0
438.5
419.5
0
370.0
138.0
138.0
0
581.0
419.5
0
0
126.5
407.0
1507.0
779.0
126.5
771.0
374.5
478.0
0
138.0
138.0
832.5
958.0
0
.5
68.0
773.5
438.5
0
0
999.5
753.5
138.0
432.5
0
183.5
435.5
138.0
1105.0
300.5
344.0
138.0
242.0
348.5
588.5
68.0
831.0
530.5
126.5
816.5
0
231.5
300.5
407.0
0
508.5
659.0
939.5
126.5
790.0
736.0
68.0
700.0
0
529.0
0
126.5
0
653.5
960.5
401.0
581.0
478.0
68.0
0
778.0
1690.5
68.0
183.5
418.0
0
370.5
120.5
0
1022.5
582.0
315.5
438.5
126.5
1165.0
0
1506.0
523.5
300.5
138.0
115.5
0
126.5
1122.5
0
68.0
0
128.0
734.5
671.0
516.5
68.0
243.0
0
138.0
599.5
0
0
1124.5
593.5
0
0
365.5
302.0
628.0
829.5
302.0
518.0
1264.0
68.0
1570.5
562.0
683.5
914.0
721.5
0
0
348.5
68.0
0
126.5
386.0
0
2799.5
231.5
0
0
68.0
917.5
0
.5
68.0
0
0
68.0
703.0
0
0
819.0
128.0
68.0
126.5
348.5
0
68.0
767.5
1187.5
243.0
253.5
68.0
68.0
458.0
905.0
0
0
419.5
359.0
383.0
359.0
138.0
0
126.5
0
126.5
365.5
126.5
0
355.5
856.5
126.5
419.5
68.0
0
0
710.5
0
465.0
126.5
386.0
1714.0
68.0
390.5
126.5
138.0
0
0
478.0
0
478.0
424.0
68.0
242.0
138.0
401.0
68.0
380.0
126.5
0
0
0
365.5
68.0
418.5
424.0
1187.5
734.0
183.5
0
459.5
126.5
0
138.0
920.0
138.0
2104.0
524.5
622.0
126.5
992.0
617.0
419.5
0
588.0
0
194.5
126.5
1408.0
230.5
302.0
1029.0
138.0
0
883.0
419.5
0
0
582.0
1078.0
946.5
68.0
190.5
138.0
0
651.0
0
126.5
435.5
138.0
0
557.0
186.5
179.0
463.5
0
497.0
758.5
126.5
365.5
596.0
401.0
0
0
316.0
126.5
419.5
126.5
242.0
1016.5
979.0
0
716.0
68.0
715.5
402.0
484.0
528.0
3246.0
476.0
0
438.5
0
411.5
2420.5
1104.5
257.0
68.0
0
138.0
126.5
68.0
938.0
407.0
355.5
126.5
126.5
1834.0
126.5
68.0
554.0
126.5
659.5
138.0
0
243.5
316.0
383.0
0
126.5
128.0
126.5
0
481.0
313.5
0
126.5
584.5
1278.5
652.0
459.5
0
1438.5
438.5
653.5
138.0
546.0
126.5
126.5
0
1333.0
431.5
1260.5
383.0
0
138.0
407.0
0
68.0
0
0
489.5
459.5
1267.0
419.5
438.5
541.0
871.0
0
126.5
138.0
1496.5
407.0
138.0
771.0
1167.5
0
629.0
1152.5
68.0
569.5
126.5
242.0
126.5
126.5
1389.0
408.5
0
0
534.5
497.0
478.0
289.0
1446.0
413.0
359.0
624.0
68.0
138.0
516.5
438.5
0
995.0
120.5
508.5
0
497.0
355.5
550.5
0
1595.0
68.0
138.0
830.0
1786.5
0
0
431.5
126.5
0
419.5
787.0
1212.0
831.5
242.0
183.5
481.0
649.0
126.5
0
68.0
3487.5
0
126.5
0
68.0
0
183.5
398.5
316.0
458.0
115.5
0
1043.0
895.5
850.0
849.0
126.5
126.5
0
516.5
257.0
419.5
0
0
790.0
908.5
816.5
398.0
424.0
126.5
603.0
357.5
1077.0
1291.0
441.5
0
0
1601.5
138.0
313.5
138.0
1092.0
138.0
419.5
0
419.5
246.5
172.0
126.5
1967.0
68.0
344.0
677.0
126.5
68.0
138.0
737.5
476.0
374.5
856.5
419.5
68.0
401.0
126.5
0
736.0
1533.0
126.5
401.0
0
0
777.5
848.5
68.0
0
126.5
68.0
0
253.5
775.5
68.0
0
401.0
637.0
478.0
243.0
126.5
1119.0
0
68.0
383.0
831.5
771.0
0
583.0
1156.0
230.5
126.5
126.5
1336.5
1092.5
438.5
126.5
0
1256.5
0
115.5
302.0
1719.0
383.0
424.0

0
138.0
0
0
461.0
0
289.0
0
257.0
253.0
128.0
126.5
0
347.5
383.0
302.0
747.5
843.0
68.0
68.0
0
1280.5
873.0
534.5
0
68.0
355.5
344.0
126.5
0
608.0
460.5
497.0
425.5
658.0
812.0
0
300.5
0
302.0
478.0
346.0
595.0
772.5
524.0
300.5
777.5
1097.0
508.5
370.5
0
257.0
68.0
126.5
0
0
814.0
303.5
365.5
469.5
138.0
126.5
543.5
692.5
0
253.0
138.0
692.0
0
1219.5
126.5
359.0
0
478.0
138.0
530.5
1198.0
0
0
138.0
969.5
0
0
126.5
0
302.0
606.5
361.5
596.5
0
0
0
126.5
1092.0
478.0
138.0
126.5
138.0
126.5
1043.5
0
138.0
126.5
0
418.5
0
0
478.0
126.5
949.5
772.5
574.0
126.5
0
126.5
1939.0
540.5
126.5
2023.5
361.5
115.5
0
0
115.5
0
126.5
1272.5
126.5
0
557.0
0
359.0
850.5
390.5
386.0
459.5
316.0
243.5
0
1917.5
519.5
126.5
0
839.0
0
0
243.0
459.5
0
0
1037.5
528.0
966.0
0
370.5
242.0
0
172.0
2395.0
646.0
463.5
458.0
68.0
329.5
1130.5
1442.0
289.0
607.0
1126.5
933.5
68.0
0
126.5
0
717.0
68.0
0
183.5
596.0
128.0
401.0
438.5
68.0
68.0
68.0
1795.0
710.5
126.5
374.5
435.5
471.0
276.5
0
435.5
3012.5
1164.0
138.0
113.5
680.5
68.0
564.0
582.5
865.0
126.5
438.5
68.0
315.5
243.0
1510.5
177.0
365.5
596.5
419.5
700.0
885.0
253.0
2638.0
126.5
289.0
928.0
669.5
508.5
138.0
2237.5
558.5
243.5
1188.0
172.0
138.0
778.5
438.5
1011.5
0
0
516.5
1632.0
243.0
962.5
300.5
404.5
519.5
991.0
253.5
453.0
359.0
1385.5
583.0
1018.0
68.0
1132.0
458.0
497.0
830.5
359.0
68.0
1183.5
478.0
138.0
516.5
535.0
465.0
138.0
565.0
0
438.5
611.0
1124.0
438.5
419.5
1084.0
0
745.5
1731.0
0
179.0
126.5
438.5
0
0
126.5
0
682.0
1723.0
231.5
138.0
0
390.5
194.5
68.0
0
646.5
611.5
700.0
497.0
1003.5
0
300.5
1460.5
611.5
418.5
1706.0
355.5
357.5
0
2137.5
359.0
897.5
68.0
771.0
0
376.0
1007.0
68.0
419.5
939.0
0
0
138.0
0
1309.5
1865.5
459.5
846.5
734.5
951.0
242.0
1652.0
165.5
419.5
1041.0
0
1060.5
0
419.5
671.0
0
0
0
416.0
126.5
1387.5
0
441.5
0
0
0
302.0
1038.5
0
644.5
0
126.5
1582.5
68.0
521.5
68.0
592.0
765.0
0
0
0
0
1822.5
1592.5
0
300.5
0
370.5
826.0
0
126.5
1155.5
0
0
0
126.5
68.0
0
881.5
115.5
183.5
0
0
952.0
2509.5
0
478.0
489.5
0
1632.5
471.0
126.5
0
895.5
0
484.0
419.5
478.0
68.0
68.0
655.0
183.5
0
0
1366.0
126.5
598.0
68.0
0
194.5
68.0

68.0
365.5
0
0
126.5
285.5
126.5
903.5
243.0
315.5
0
438.5
1442.0
729.5
876.5
2367.0
0
0
656.5
781.0
138.0
316.0
138.0
1590.0
126.5
126.5
0
688.5
1307.5
0
370.5
344.0
459.5
0
0
838.5
370.5
663.0
717.0
172.0
0
0
0
138.0
283.0
126.5
1764.5
0
2134.0
1200.0
138.0
0
1586.0
138.0
126.5
717.0
332.0
0
0
497.0
0
0
0
0
1191.0
0
253.5
3401.0
805.0
68.0

498.5
126.5
0
1510.0
911.5
1021.0
300.5
0
1155.0
459.5
126.5
775.5
126.5
714.5
68.0
1587.5
0
424.0
585.0
231.5
2127.5
0
0
834.5
0
640.5
1043.5
882.5
0
1336.0
190.5
0
0
138.0
138.0
68.0
300.5
68.0
68.0

126.5
68.0
1153.5
435.5
126.5
0
0
497.0
542.0
68.0
0
138.0
0
692.0
710.5
68.0

1715.5
752.5
126.5
138.0
68.0
1966.0
796.0
0
138.0
126.5
1746.5
639.5
370.5
419.5
126.5
0
68.0
438.5
370.5
0
243.5
1405.0
416.5
489.5
0
300.5
435.5
2960.0
138.0
68.0
1525.5
407.0
300.5
843.0
401.0
386.0
1332.5
126.5
1906.0
651.0
605.0
1251.0
0
0
745.0
302.0
790.0
419.5
894.5
68.0
0
0
138.0
1017.0
614.0
173.0
993.5
461.0
1788.5
0
489.5
0
138.0
359.0
0
819.0
0
0
489.5
1604.5
126.5
1687.5
126.5
0
573.5
438.5
707.5
353.0
424.0
0
608.5
0
179.0
627.5
0
0
0
.5
0
0
0
1011.0
497.0
0
1832.5
115.5
68.0
478.0
937.5
0
374.5
0
0
316.0
0
419.5
138.0
300.5
738.5
0
0
1066.5
0
186.5
138.0
407.0
126.5
1476.0
313.5
1436.0
405.5
419.5
404.5
0
0
419.5
3402.5
652.0
0
478.0
68.0
186.5
0
0
1087.0
126.5
365.5
2580.0
0
316.0
583.0
1145.0
851.5
949.5
497.0
138.0
68.0
1284.0
0
2061.0
458.0
0
478.0
1646.0
0
0
0
0
0
126.5
126.5
2007.5
868.0
615.5
441.5
528.0
775.5
686.5
0
2147.0
896.0
0
68.0
126.5
1516.0
0
.5
0
126.5
671.0
0
419.5
663.5
68.0
477.5
0
138.0
68.0
126.5
0
1470.5
0
315.5
359.0
1083.5
186.5
126.5
771.0
0
0
762.5
1495.5
1142.5
1279.5
1299.5
0
531.0
231.5
554.5
478.0
0
243.5
68.0
126.5
476.0
0
126.5
646.0
1125.0
1859.0
230.5
0
316.0
243.5
2412.5
68.0
68.0
512.0
126.5
138.0
464.0
68.0
775.5
316.0
1158.0
0
0
0
68.0
1324.5
0
383.0
359.0
2261.5
1308.5
0
0
1018.5
1901.5
68.0
365.5
1332.5
1211.5
0
0
68.0
0
0
0
0
476.0
365.5
0
692.0
640.5
2180.0
996.0
68.0
138.0
138.0
763.0
126.5
0
0
470.5
441.5
704.5
2131.0
0
2027.5
0
0
0
470.5
663.0
0
2872.0
733.0
629.5
2521.5
1267.0
687.5
365.5
438.5
779.0
138.0
739.0
965.0
0
370.5
814.0
1091.0
1297.0
1524.5
138.0
1227.5
126.5
615.5
1212.0
529.0
917.0
2467.5
243.5
126.5
1038.5
300.5
1006.5
126.5
1433.0
0
497.0
383.0
0
374.5
242.0
497.0
569.5
0
126.5
0
0
0
1170.0
0
1381.5
2348.0
1081.0
0
365.5
1228.5
0
370.5
1270.0
0
126.5
801.0
68.0
652.0
3249.5
424.0
423.0
0
126.5
822.5
458.0
1460.0
1019.0
0
68.0
2347.5
523.5
842.5
0
2109.0
811.0
758.5
115.5
0
1052.5
2164.5
0
407.0
692.0
126.5
2272.5
438.5
581.0
1395.0
588.5
438.5
1929.0
1475.5
344.0
138.0
967.0
0
458.0
0
478.5
0
1157.5
874.0
0
0
2531.0
126.5
478.0
68.0
0
599.5
641.5
0
68.0
419.5
906.0
1594.0
0
126.5
68.0
0
1085.0
1027.0
348.5
1761.0
0
221.5
1855.0
722.0
2001.0
1252.0
1437.5
717.0
1070.5
243.0
348.5
1193.0
1956.5
348.5
126.5
677.5
0
419.5
2001.0
1285.0
558.5
953.0
0
316.0
794.5
1856.0
0
126.5
126.5
1320.0
1019.5
479.5
3164.0
1302.5
1038.0
809.5
0
126.5
257.0
497.0
126.5
68.0
590.0
1234.0
0
365.5
2123.5
1427.0
3156.5
0
1772.0
925.0
497.0
0
0
687.5
138.0
920.0
0
1019.0
684.5
0
744.0
832.5
0
1745.5
939.5
1180.0
1142.5
0
194.5
3771.0
1079.5
592.0
68.0
0
126.5
490.0
838.0
68.0
891.0
708.5
126.5
68.0
700.0
365.5
126.5
68.0
0
186.5
771.5
126.5
582.0
138.0
2828.0
0
629.0
993.5
1051.5
1370.5
0
847.5
588.5
586.5
0
1202.0
1921.0
1402.0
787.0
479.5
655.0
68.0
841.0
497.0
478.0
476.0
489.5
1749.5
1142.5
686.5
854.0
0
0
0
283.5
1136.0
359.0
313.5
1271.5
516.5
1392.0
231.5
242.0
253.5
126.5
0
0
1942.0
0
265.5
383.0
1025.5
2962.5
138.0
994.5
729.5
231.5
1580.5
729.5
0
126.5
0
243.0
867.5
407.0
897.0
1217.0
709.5
646.0
747.5
787.0
194.5
1587.5
438.5
459.5
419.5
68.0
736.0
809.5
1779.5
438.5
2506.5
1737.0
0
126.5
0
242.0
1485.0
1132.0
5366.5
1092.0
1789.5
1030.5
126.5
736.0
316.0
485.5
0
68.0
860.5
363.5
1306.0
68.0
285.5
2924.0
419.5
300.5
1815.5
1083.5
1545.5
300.5
716.0
243.5
1451.5
126.5
1413.5
880.5
68.0
138.0
1279.0
1605.5
405.5
3863.5
1208.5
528.0
418.5
751.0
937.5
115.5
1246.5
0
285.5
419.5
300.5
2879.5
1208.5
1432.5
2976.5
1374.5
1630.5
843.5
786.0
1159.0
989.5
2383.5
846.0
652.0
441.5
717.0
1849.5
1376.5
650.0
2999.0
68.0
655.0
0
2257.0
481.0
2422.5
126.5
1034.0
722.0
138.0
1293.5
179.0
2118.0
302.0
489.5
424.0
481.0
1032.0
68.0
902.0

0
1405.5
0
0
1125.5
2472.5
812.0
719.0
344.0
594.0
491.5
686.5
965.0
68.0
302.0
1096.0
710.5
126.5
1130.0
68.0
656.5
419.5
0
0
1368.0
1209.0
459.5
0
646.5
0
1665.0
1138.0
1576.0
0
1108.0
1101.5
637.0
419.5
0
0
5.5
138.0
1010.5
2454.5
138.0
1625.5
1163.5
438.5
2384.5
442.5
0
729.5
1259.5
313.5

0
.5
441.5
419.5
138.0
126.5
1006.5
581.0
1175.0
987.5
0
489.5
497.0
126.5
1385.5
1135.0
68.0
829.5
68.0
68.0
126.5

68.0
428.5
1192.5
424.0
4236.0
777.5
138.0
989.5
1489.0
2780.5
717.0
0
0
1673.0
1181.0
595.0
0
926.5
1695.5
0
438.5
1557.5
0
478.0
1882.5
0
641.5
0
2131.5
1777.0
194.5
1053.0
421.0
0
1690.5
975.5
1821.0
489.5
518.0
0
0
1920.5
0
1743.5
1030.5
0
0
2029.0
419.5
1816.5
1923.5
242.0
1917.0
3210.5
441.5
68.0
1424.5
0
1097.5
667.5
0
138.0
0
497.0
0
1429.0
0
68.0
0
126.5
0
138.0
770.0
419.5
1483.0
1487.0
0
693.5
0
471.0
582.0
845.0
3274.0
512.0
413.0
1597.0
920.0
1447.5
2154.5
653.5

1594.5
418.5
2642.5
591.5
637.0
126.5
0
1675.0
3172.0
541.0
1204.0
0
2215.0
138.0
186.5
0
681.5
0
365.5
401.0
1402.5
68.0
1106.5
1521.0
0
668.0
0
1073.0
231.5
3312.0
2923.0
1860.5
2234.5
0
1359.5
419.5
1726.5
1161.0
0
370.5
165.5
0
407.0
257.0
753.5
857.0
1283.5
416.0
3474.5
0
934.5
516.5
138.0
1411.5
1987.5
359.0
489.5
359.0
68.0
1936.0
717.0
478.0
419.5
1769.5
497.0
1281.5
1781.5
1852.5
0
992.0
946.0
68.0
0
1224.5
0
1630.5
1945.5
186.5
710.5
1747.0
489.5
908.5
519.5
916.5
0
0
126.5
126.5
1701.0
2047.0
138.0
976.0
2092.5
9923062.5
0
126.5
1005.0
0
0
0
0
688.0
1157.5
374.5
138.0
911.0
586.0
0
0
772.0
0
3004.0
2148.0
419.5
867.5
1557.0
1740.5
4424.5
877.0
1419.0
3611.0
1254.0
0
186.5
594.5
363.5
2196.5
478.0
3295.0
0
710.5
68.0
1326.0
1347.0
517.0
1839.0
0
0
652.0
374.5
2816.5
0
419.5
1080.5
0
3160.5
438.5
703.0
523.5
2770.5
419.0
2879.0
0
401.0
0
2755.5
794.5
68.0
0
1668.0
0
1662.5
1654.0
68.0
2051.0
313.5
138.0
300.5
0
1975.0
0
508.5
2432.5
1466.0
1660.0
688.5
823.0
1099.5
0
988.0
2808.5
2534.5
855.0
700.0
0
1226.5
0
0
0
0
478.0
0
921.0
519.5
879.5
478.0
0
1316.5
68.0
2563.5
0
0
2559.5
2630.5
1685.0
0
734.0
3105.0
470.5
672.5
637.0
478.0
1096.0
1639.0
1396.5
68.0
0
479.5
908.5
348.5
1617.5
0
1035.0
359.0
1167.0
0
0
2481.5
0
243.0
4135.0
383.0
1318.0
1980.0
0
1479.0
3344.0
253.5
359.0
138.0
0
640.5
0
1081.0
0
0
581.0
846.5
173.0
3214.0
993.0
0
3017.0
0
435.5
0
243.0
0
1870.5
0
1723.5
1905.5
511.0
3929.0
1798.5
365.5
230.5
2953.0
2115.0
0
1895.0
0
0
348.5

1542.0
2528.5
0
999.5
0
289.0
68.0
374.5
489.5
1280.5
0
0
0
383.0
478.0
68.0
0
1462.0
0
737.5
3267.0
0
1984.5
2384.5
478.0
0
945.5
6200.5
1163.5
0
0
359.0
138.0
1661.0
1113.5
478.0
875.0
1475.5
253.5
0
0
0
2346.0
1225.0
0
0
0
2103.0
1073.5
2165.5
597.5
424.0
2719.5
1401.5
0
655.0
535.0
1251.5
2336.5
656.5
0
497.0
4573.5
0
313.5
3288.5
599.5
1304.5
0
126.5
2689.0
0
2887.5
489.5
0
126.5
2860.0
1144.5
1988.5
288.5
3506.0
0
2222.0
183.5
478.0
2080.5
0
0
0
734.0
0
126.5
1227.0
0
528.0
2157.0
661.5
3234.5
1194.5
2968.0
4747.5
4042.5
2619.0
365.5
4946.0
0
1451.0
359.0
821.5
0
68.0
478.0
302.0
522.5
1006.5
0
3759.0
0
829.5
1114.5
0
752.5
805.0
3724.0
0
0
0
2885.5
0
3894.5
0
179.0
68.0
359.0
535.0
68.0
484.0
126.5
3751.0
729.5
646.0
0
0
126.5
524.0
1257.5
0
1937.0
438.5
1516.5
5155.0
0
1301.0
0
68.0
1486.5
1880.5
68.0
126.5
1006.5
1041.5
0
300.5
0
593.5
1884.0
4548.0
3900.0
1198.5
68.0
126.5
612.5
1031.5
1799.5
1820.0
0
68.0
126.5
183.5
771.0
0
0
2039.0
68.0
700.0
739.0
1016.5
0
2766.0
508.5
2944.5
1007.5
2114.5
581.0
0
0
1682.5
4802.0
889.5
1051.0
1319.0
138.0
0
1158.5
126.5
809.5
461.0
1517.0
0
2593.0
461.0
407.0
300.5
2011.5
2518.0
700.0
1127.5
2615.0
2923.0
348.5
1640.5
126.5
2095.0
535.0
1123.0
1516.0
1604.5
0
1519.5
163.0
0
0
481.0
649.0
0
0
814.0
0
1096.5
1033.5
463.0
190.5
0
824.5
435.5
344.0
2571.0
548.5
1389.5
497.0
779.0
750.5
438.5
0
535.0
0
126.5
126.5
2006.0
2813.0
794.5
2608.0
587.0
0
1494.0
0
2211.5
1814.0
1198.5
0
1176.5
841.5
68.0
4502.0
993.5
407.0
1509.5
892.5
2969.5
0
894.0
0
5682.0
897.0
68.0
0
0
0
0
0
0
68.0
453.0
2953.5
407.0
0
618.5
1934.0
549.5
546.0
1154.0
138.0
1952.0
1126.5
2564.0
68.0
755.5

892.5
138.0
2201.0
138.0
1329.5
126.5
478.5
4125.5
3465.5
806.5
729.5
285.5
0
847.5
0
1586.0
2339.5
1495.0
126.5
2268.0
1108.5
68.0
68.0
0
348.5
0
470.5
1783.5
3827.0
183.5
458.0
1962.5
0
3988.0
0
0
359.0
0
316.0
374.5
986.5
1650.5
419.5
126.5

3257.0
2088.5
419.5
3374.5
812.0
1027.0
1512.0
438.5
1043.5
438.5
0
686.0
898.0
383.0
365.5
138.0
126.5
126.5
1012.0
564.0
2074.0
777.5
138.0
1500.5
3616.0
1069.5
126.5
1008.0
2681.5
2075.5
126.5
0
1177.0
1710.5
0
1909.5
2197.0
0
1087.5
617.0
833.5
138.0
365.5
68.0
967.0
0
497.0
0
68.0
3614.5
419.5
419.5
501.0
789.0
334.5
438.5
2287.5
892.0
2090.5
0
975.5
2284.5
481.0
2653.0
2038.0
1297.0
0
1798.5
0
68.0
1117.0
3975.5
1784.0
138.0
0
257.0
1350.5
1862.5
913.5
0
68.0
424.0
0
438.5
665.0
579.5
0
419.5
996.0
0
0
2829.5
474.5
68.0
1684.5
0
1008.5
955.0
1157.5
2029.5
951.0
0
0.0
1207.0
945.0
419.5
419.5
316.0
3809.0
0
709.0
501.0
419.5
683.5
498.5
459.5
1196.0
1399.0
128.0
768.5
421.0
0
2199.5
138.0
1942.5
0
0
471.0
790.0
0
1016.5
727.0
533.0
794.5
138.0
1733.5
257.0
0
0
704.5
126.5
1110.0
327.0
0
8.0
771.5
1016.5
965.0
299.5
3593.0
0
0
1180.0
68.0
257.0
302.0
438.5
621.5
1129.0
947.5
736.0
2744.5
0
2022.0
1524.5
999.0
0
497.0
419.5
0
126.5
809.0
126.5
1219.5
511.0
0
183.5
2109.0
0
489.5
126.5
1977.5
651.0
394.0
365.5
831.0
2057.0
0
1556.0
0
667.5
0
383.0
126.5
0
829.5
68.0
126.5
830.0
0
672.5
653.5
1283.5
598.0
126.5
1197.0
433.5
719.0
0
0
829.5
126.5
305.5
695.5
0
190.5
577.5
1247.0
300.5
242.0
300.5
1935.0
459.5
1442.0
1261.5
126.5
183.5
126.5
370.5
68.0
126.5
486.0
243.5
1924.0
736.0
1747.5
126.5
370.5
1571.5
1903.5
1689.5
559.5
194.5
1643.0
1310.0
304.5
0
438.5
348.5
1019.5
310.0
401.0
888.5
0
984.0
618.5
138.0
68.0
927.0
126.5
732.5
4858.5
582.0
0
1052.0
419.5
868.0
715.0
653.5
68.0
784.0
508.5
0
126.5
681.0
489.5
1511.5
2540.5
3364.5
603.5
1884.0
0
604.5
1033.5
1951.0
126.5
68.0
586.5
0
126.5
612.5
489.5
438.5
4653.0
1994.5
739.5
365.5
0
68.0
1440.5
1275.0
126.5
722.0
940.0
943.5
183.5
253.0
374.5
194.5
179.0
183.5
695.5
3452.5
138.0
1676.0
300.5
856.5
459.5
767.5
316.0
1261.5
126.5
438.5
418.5
826.5
370.5
471.0
766.5
0
976.0
332.0
842.5
534.5
1011.5
1315.5
359.0
497.0
1372.5
887.0
1263.5
861.0
752.5
138.0
438.5
436.0
138.0
128.0
68.0
2931.5
0
523.5
1157.5
1028.5
348.5
1062.0
419.5
2038.0
464.0
172.0
875.5
231.5
300.5
1212.5
1092.5
1410.0
0
363.5
863.0
183.5
491.0
1060.0
183.5
1192.0
1208.0
1380.0
1439.5
0
1410.5
1956.5
1074.5
1392.5
183.5
700.0
126.5
1146.0
0
1187.0
1402.0
755.5
1121.5
1134.0
1901.0
1082.0
233.0
1363.0
744.5
1812.0
2456.0
126.5
658.0
68.0
68.0

982.5
1123.0
968.0
540.5
1094.0
126.5
479.5
68.0
1510.5
264.5
231.0
1456.5
934.0
438.5
1946.5
402.0
0
0
243.5
881.0
438.5
1230.5
126.5
843.5
1933.5
126.5
1188.5
1067.5
300.5
359.0
1678.5
0
615.5
627.5
489.5
2113.0
1483.5
0
359.0
583.0
722.0
1276.5
419.5
646.5
629.0
68.0
344.0
1385.0
138.0
407.0
0
0
1807.0
1304.0
138.0
1057.0
0
1070.5
338.5
68.0
1179.0
3033.0
365.5
0
478.0
300.5
1043.5
2354.5
126.5
435.5
1957.0
2065.0
68.0

1352.0
3609.5
478.0
138.0
365.5
1221.5
68.0
842.5
0
526.0
563.0
138.0
2760.5
653.5
2076.0
953.5
479.5
864.0
1002.5
68.0
672.0
0
710.5
1283.5
1138.5
1295.0
1550.5
138.0
0
68.0
126.5
242.0
365.5
478.0
1255.0
1173.0
1640.0
1861.0
2642.5
126.5
1358.0
458.0
1008.0
316.0
438.5
316.0
771.0
302.0
581.0
757.5
365.5
465.0
821.5
1851.5
632.5
365.5
999.5
126.5
359.0
126.5
0
1897.0
0
0
882.0
126.5
300.5
684.0
714.5
68.0
569.5
2123.0
458.0
534.5
0
1866.5
3308.5
941.0
138.0
978.5
757.0
872.5
1455.0
900.0
68.0
68.0
0
652.0
239.0
712.0
126.5
359.0
654.0
1438.0
126.5
68.0
1051.0
0
2085.0
478.0
346.0
1031.5
68.0
953.5
1104.0
441.5
475.0
243.5
1132.0
677.0
528.0
717.0
984.0
386.0
355.5
878.5
722.5
830.0
126.5
0
1446.0
419.5
138.0
1012.5
647.0
533.0
190.5
1111.0
621.5
4068.5
1070.5
1796.0
648.5
0
1427.5
1532.0
68.0
419.5
1026.5
853.0
1145.0
704.5
877.0
794.5
2083.5
1118.0
1052.0
68.0
419.5
1757.0
478.0
1434.5
438.5
419.5
935.0
1763.0
126.5
900.5
719.0
138.0
365.5
68.0
2630.0
2169.5
1031.0
1431.0
0
126.5
435.5
285.5
782.0
972.5
1209.0
0
4770.5
359.0
914.5
1307.5
300.5
548.0
637.0
1086.5
770.0
243.5
243.5
0
374.5
925.0
1372.5
943.5
793.0
243.5
905.5
138.0
115.5
779.0
1875.5
1219.5
2118.5
884.0
359.0
0
599.5
68.0
581.0
637.0
1633.0
965.0
867.5
1691.0
2775.5
463.0
646.0
827.5
0
365.5
1672.5
856.5
1595.5
1867.0
1562.0
497.0
1834.5
529.0
0
1657.0
438.5
1618.0
533.0
253.5
926.0
3514.5
115.5
0
0
438.5
984.5
0
667.0
1092.0
459.5
359.0
1974.0
628.5
680.5
243.5
68.0
458.0
548.5
2206.0
726.0
1591.5
448.0
566.0
243.0
453.5
126.5
0
775.5
0
1714.0
1025.5
0
1145.0
0
0
126.5
646.0
348.5
692.5
0
1461.0
0
576.5
430.5
2772.5
978.0
1814.5
128.0
1843.0
230.5
806.0
2273.5
2735.0
1019.0
68.0
2145.5
481.0
2515.0
2061.0
0
3555.5
458.0
2284.5
302.0
949.5
2022.0
1202.5
2370.0
1805.0
0
68.0
425.5
2816.5
316.0
138.0
2206.0
1000.5
419.5
68.0
365.5
68.0
656.0
1522.5
1646.5
383.0
1824.0
1619.5
0
2765.0
183.5
68.0
441.5
839.5
971.0
0
0
68.0
3227.5
1121.5
419.5
126.5
1050.0
1450.0
0
843.0
1184.5
489.5
438.5
2629.0
1255.0
365.5
639.5
0
3010.0
1240.5
68.0
126.5
2047.0
600.5
0
1387.0
595.0
0
68.0
1021.5
2307.5
1067.0
4090.0
1203.5
758.5
946.0
300.5
0
478.0
797.5
424.0
2481.5
2064.0
0
0
478.0
1075.5
316.0
758.5
0
1107.0
359.0
1704.5
1432.0
667.5
1385.0
853.0
316.0
0
0
424.0
0
857.0
982.0
2374.0
1943.0
1566.5
4776.5
1219.5
1272.0
1675.5
0
1026.5
418.5
1397.5
126.5
591.5
4386.5
435.5
467.0
438.5
968.5
971.5
879.5
3294.5
1337.5
1137.5
1122.5
2848.0
1190.0
419.5
2753.5
627.0
2203.5
3405.0
3998.0
699.5
0
0
1883.5
1512.5
2291.0
3027.0
615.5
822.5
348.5
3247.5
3362.5
1142.5
541.0
407.0
2585.5
2601.5
0
206.0
0
1084.0
742.0
365.5
1511.0
2081.5
3390.5
0
2772.0
0
1192.5
3008.0
1341.5
586.5
3931.5
1706.5
0
1283.5
2229.0
2905.0
126.5
2172.0
396.0
829.5
2792.5
138.0
315.5
0
492.0
489.5
2687.0
0
0
3435.5
1561.5
1060.0
2276.0
0
2160.5
652.0
2698.0
0
1306.0
407.0
126.5
0
2288.0
646.0
1954.0
435.5
1663.0
1517.5
1900.0
2386.5
0
401.0
1291.5
438.5
1264.5
126.5
68.0
2853.5
359.0
126.5
2882.0
68.0
0
3840.5
2933.0
68.0
0
1150.0
0
1.0
1093.5
0
1445.0
1546.5
3233.5
0
302.0
1475.5
2561.5
2868.0
68.0
1368.0
4461.0
1936.5
315.5
315.5
1437.5
3406.0
1561.5
471.0
2381.5
2343.5
1438.0
68.0
1869.0
3452.5
3577.0
138.0
2268.0
2827.0
1223.5
2824.0
1334.5
5949.5
2319.5
1918.5
524.0
2300.0
1413.5
582.0
1303.5
68.0
1642.0
1560.5
643.5
257.0
68.0
3015.5
2240.5
4094.5
1497.5
652.0
3820.0
1661.5
1453.5
1452.5
1635.0
1839.0
3438.0
419.5
126.5
1193.0
1412.5
0
1119.5
2189.0
1181.5
1276.5
720.5
1586.0
0
489.5
1557.5
1467.5
1097.5
3938.0
68.0
999.0
0
126.5
1496.5
2905.0
3935.0
3166.5
453.0
0
348.5
2024.0
1832.0
2881.5
1990.5
1800.0
0
2140.0
3398.5
1531.5
1043.5
523.5
4009.0
126.5
2628.5
0
1550.0
4008.0
3666.5
2441.0
879.5
700.0
2792.0
653.0
374.5
658.0
2339.5
3375.5
1974.0
2562.0
3665.0
3539.5
2666.0
4193.0
2262.0
4263.5
2590.5
3153.0
2014.5
2433.5
2561.5
1687.0
2274.0
68.0
3128.5
2983.0
3778.0
3887.5
138.0
655.0
2054.5
0
0
0
0
3016.0
2761.0
1245.5
2195.5
0
1775.5
1201.0
0
2447.5
0
4137.5
2409.0
316.0
4377.5
3091.5
2364.0
3046.5
3098.0
778.5
753.5
4578.5
784.0
953.5
2011.5
2627.5
3428.0
68.0
2567.5
3945.5
120.5
1884.5
1970.0
0
407.0
1712.0
0
0
3746.5
0
4236.5
0
0
2891.5
0
1473.0
1705.0
623.0
1837.5
0
359.0
2108.5
1002.5
796.0
3037.5
3181.0
4635.5
359.0
1970.5
489.5
786.5
741.0
476.0
68.0
614.0
884.0
0
68.0
1597.5
315.5
1089.0
841.0
2640.5
1609.0
5287.0
2492.5
2812.5
2282.0
419.5
2364.0
1842.5
3547.0
2083.5
3269.0
1745.5
126.5
0
1980.0
581.0
0
0
2409.0
1457.0
0
2753.0
1838.5
138.0
2949.5
1830.5
2395.5
0
927.5
4219.0
3042.0
300.5
1961.5
710.5
0
1104.0
2238.0
1500.5
1395.0
0
1.0
302.0
1830.0
0
0
3017.5
2591.5
1182.0
4187.5
2374.0
2909.0
300.5
126.5
2019.5
0
944.0
962.5
2401.5
1218.0
0
2162.5
1699.0
3786.5
1822.0
0
438.5
1446.0
953.5
1660.0
1997.5
1956.0
1508.0
1070.5
138.0
1719.5
2581.5
1742.5
1423.0
2232.5
1305.0
419.5
383.0
126.5
841.0
1525.0
0
0
4249.5
946.0
1120.0
971.0
0
1485.5
1714.0
0
253.5
2158.0
497.0
5872.5
925.0
586.5
2628.0
1492.5
0
2041.0
2276.5
3060.5
0
2985.0
880.5
1398.5
0
478.0
1731.0
1036.0
593.5
0
0
2632.5
1208.5
722.0
0
644.5
0
1294.0
758.5
2009.5
0
68.0
535.0
471.0
0
2383.0
667.5
1983.5
1905.0
1574.0
0
0
1337.5
0
3.0
937.0
1385.0
809.0
790.0
2905.0
3239.5
775.5
511.0
1216.5
0
489.5
822.5
5565.5
747.0
1420.5
0
1264.0
1026.5
4789.0
550.0
0
903.5
1757.0
2889.0
230.5
1837.0
2084.0
656.5
401.0
599.5
0
771.0
1511.5
3246.5
586.5
1347.5
1368.0
2127.5
1057.5
2777.5
1141.5
1305.0
595.0
1321.5
257.0
3048.5
964.5
1140.5
1857.0
875.5
1110.5
0
1799.5
2435.5
126.5
3934.5
467.0
0
600.5
3569.5
648.5
2182.5
0
478.0
1475.0
2682.5
1532.0
1849.5
138.0
1750.5
638.0
2257.0
3797.0
1869.5
2412.0
2301.5
2227.0
0
2417.5
2695.5
179.0
2965.0
3102.5
1415.5
4705.5
0
0
2899.0
1937.5
2130.5
2666.5
2568.0
767.0
516.5
2270.5
2182.0
1490.5
1130.0
1759.0
4194.5
459.5
1767.5
68.0
793.0
1909.0
1756.0
2739.5
1300.0
809.5
1684.5
1381.5
1026.0
2318.5
2441.5
4406.0
3349.5
3094.0
316.0
2000.5
1618.5
541.0
1589.5
1393.0
2709.5
2107.0
3353.5
1387.5
2116.0
506.0
3488.0
1160.5
1761.5
2340.0
126.5
3760.5
0
3454.5
2413.5
1181.0
653.5
0
2660.5
1106.5
183.5
126.5
243.5

2497.0
253.5
2949.5
4918.5
0
3097.0
1598.0
2367.5
1105.0
1635.0
0
2101.0
6240.5
1544.0
877.0
1905.0
5473.5
1007.0
1371.5
600.5
902.5
3976.0
1692.0
0
1696.5
2511.5
1278.0
2098.0
1756.5
2078.5
416.0
3220.0
126.5
419.5
1918.0
291.5
0
1337.5
1789.5
814.0
1319.0
2343.5
2756.0
2552.0
698.5
1586.5
2024.0
3165.0
793.0
424.0
1182.0
1810.5
2722.0
0
3813.0
2921.0
3071.5
2997.0
1927.0
2102.5
2139.5
126.5
478.0
824.0
0
1536.0
243.5
594.5
1882.5
1873.0
1538.0
1759.5
5017.5
0
2146.0
1600.5
771.5
4222.0
300.5
2248.0
2021.0
365.5
2149.5
768.5
4008.0
2890.5
2143.5
438.5
68.0
1443.0
2910.5
68.0
872.5
4371.0
315.5
138.0
459.5
2305.5
68.0
2200.0
489.0
698.5
2374.0
2132.5
889.5
805.0
1592.5
1005.0
2478.5
1260.0
407.0
1382.5
0
2830.0
1815.0
710.5
1339.0
0
535.0
1368.0
1638.0
5339.0
2787.5
2723.5
518.0
2971.0
243.5
804.5
1759.5
894.5
0
3133.5
793.0
1980.5
1268.5
365.5
4337.0
1811.5
1217.0
2471.0
962.0
1653.0
2028.5
653.5
773.0
383.0
0
4127.5
1818.5
0
2023.5
2800.5
4214.0
1565.5
2539.0
179.0
1837.5
761.0
548.0
940.0
68.0
614.0
1227.5
3756.5
804.5
1758.5
719.0
424.0
538.0
1804.5
2374.0
1496.0
4446.0
2433.5
0
3727.0
2535.0
0
1200.0
1342.0
0
0
479.5
2799.5
0
0
0
68.0
3084.0
497.0
1407.0
586.5
0
2075.5
2510.5
3502.5
719.0
635.5
2111.0
594.5
914.0
2483.0
316.0

3568.0
2220.0
2702.5
2577.5
2094.5
1658.5
808.5

829.5
0
2572.0
138.0
1552.5
751.5
2544.0
2053.5
419.5
1979.5
3640.0
2003.0
2318.5
2044.0
194.5
2621.0
2527.5
1776.5
3186.0
300.5
1735.5
2375.0
0
2468.5
2610.5
1749.5
1851.0
1076.5
0
2405.0
4174.5
126.5
947.5
3170.0
2883.0
68.0
1688.5
2362.5
1837.0
221.5
348.5
0
2333.0
2822.0
652.0
2335.0
2069.0
2283.0
3162.5
1947.5
949.5
0
2168.0
3373.0
1945.5
2204.0
1406.0
2642.0
879.0
2704.5
471.0
898.0
316.0
300.5
1324.5
2196.5
359.0
0
2185.0
1999.5
126.5
1319.0
1689.0
365.5
1068.5
2614.0
2866.5
2411.0
0
2099.0
3086.5
0
0
0
183.5
0
0
1387.5
2809.0
0
1299.5
736.0
2607.0
0
1110.5
1315.5
2324.0
697.0
453.0
1360.5
853.5
0
1037.5
2532.5
0
1055.0
1279.0
0
300.5
1926.0
3094.5
3577.0
1638.5
815.0
1671.0
1582.5
752.0
762.5
2005.0
1550.5
1461.0
891.0
419.5
4371.5
2147.0
2075.0
68.0
2481.0
2758.5
1656.5
3332.0
0
0
2078.0
1863.0
1730.0
1365.0
1706.0
949.5
1913.0
1536.0
126.5
0
2714.0
1614.5
0
1441.0
2923.5
0
401.0
946.5
0
3312.0
1898.0
68.0
3062.0
1740.0
3529.5
736.0
884.0
2971.0
3180.0
1738.5
370.5
564.0
879.5
1779.0
3100.0
2546.5
194.5
1258.5
1500.0
1038.0
3117.0
1000.5
2475.5
3318.0
2850.0
2223.5
2854.5
1405.0
599.5
3523.0
3364.0
2634.0
2704.5
2143.0
3131.5
1754.5
68.0
0
359.0
2026.5
3092.5
2429.0
0
1621.5
2384.0
541.0
3735.0
2537.0
489.5
478.0
1590.5
3812.0
2342.5
1850.5
3625.5
1058.5
3265.5
1621.0
3441.5
963.5
659.5
3154.5
739.0
1918.0
3067.0
704.5
1719.5
243.5
916.0
2229.5
3448.5
3743.0
3500.5
2807.0
2275.5
938.0
2112.5
3577.5
1841.0
1741.0
1810.0
2867.5
2771.5
1732.5
939.0
1755.5
1181.0
2834.5
2620.0
68.0
1650.5
4323.5
771.0
68.0
0
1995.5
0
0
365.5
3125.5
3052.0
2260.5
1808.0
3875.0
2742.5
814.0
0
68.0
1942.0
0
126.5
4509.0
1753.5
4652.0
1974.0
940.0
1415.5
1152.5
1533.0
867.5
2722.5
4367.0
2823.5
811.0
5077.0
3023.0
1099.0
0
2130.5
138.0
3592.5
5360.5
2891.0
497.0
3631.5
665.5
3024.5
3704.0
1133.5
0
4598.5
4730.5
1175.0
4441.5
3852.0
1085.5
0
0
1775.5
2203.5
1306.0
2239.0
0
0
3140.5
68.0
921.5
1011.0
2163.0
2396.0
3263.0
2196.5
1955.0
3521.5
2921.5
459.5
5150.0
2630.5
3677.0
3948.5
68.0
1902.5
2412.0
4998.0
1006.5
1565.0
3305.0
3063.5
1372.5
809.0
0
4829.0
1262.5
5201.0
2304.0
3474.5
0
1975.0
138.0
1516.0
3946.5
2645.5
3859.5
2003.5
0
3268.5
1366.0
1185.0
0
0
3291.0
2583.0
1144.5
2803.0
424.0
4366.0
1219.0
2135.5
1620.5
3360.0
3942.0
394.0
4950.0
4881.5
2585.0
2102.5
6109.0
3150.5
0
2663.0
1476.0
1252.0
0
3805.0
126.5
4132.0
3273.5
2166.0
374.5
4719.5
2987.0
1880.0
2470.5
5104.5
2280.0
2289.5
1951.0
126.5
0
2784.0
1127.0
0
911.0
1016.5
2903.0
1515.5
3909.0
0
4487.0
1387.5
3026.5
2860.0
2521.5
1934.5
3686.5
1494.5
652.0
68.0
887.0
0
0
4033.0
2496.0
1480.0
3259.5
2074.5
0
2863.5
842.5
1701.0
68.0
3238.0
0
3170.0
667.5
1422.0
3258.5
3979.5
2810.5
2231.0
3493.5
3079.0
2911.0
1182.0
374.5
355.5
756.5
3332.0
734.5
828.5
3802.0
2233.0
0
2306.0
2797.5
0
3136.0
1122.0
1150.5
3417.5
2652.0
68.0
0
4017.0
1968.0
2844.5
1797.5
2176.5
3515.0
2949.0
1479.5
0
0
2248.0
126.5
1575.5
818.0
2267.5
4813.5
0
0
896.0
2239.0
3103.5
2988.5
4315.5
1736.5
3436.5
6619.0
2644.0
3704.0
1399.5
0
2135.5
1968.0
4206.0
1515.5
115.5
1872.0
3233.0
4814.5
3073.5
2904.0
2915.0
1779.0
1523.5
68.0
126.5
2810.5
2939.5
0
0
0
5357.0
2790.0
0
4306.5
4296.0
1259.5
2385.0
316.0
2677.0
2583.0
2848.5
1471.0
2827.5
126.5
3132.5
2428.0
2497.5
1451.5
2874.0
2598.5
1213.0
1267.5
1019.0
2793.0
2392.0
5532.0
4564.5
3118.0
0
0
2801.5
4469.0
4037.5
1142.5
3839.5
2834.5
736.0
3720.0
3199.5
1537.0
2553.5
5255.5
4376.0
2943.5
4631.0
3633.0
5433.5
1550.5
0
838.5
3206.0
2851.0
0
2957.5
68.0
2506.5
2677.0
0
1610.0
1879.5
0
2960.5
2231.0
3842.0
1376.0
1728.0
3486.0
1161.5
3332.5
365.5
6001.0
2527.0
1266.0
3214.0
0
1831.0
0
1565.0
2536.0
4378.0
289.0
0
0
2143.5
0
126.5
0
2378.0
3234.5
1657.0
1132.0
2125.5
595.0
1375.0
1986.0
0
2843.5
535.0
2728.0
2905.0
3681.5
2827.0
4284.0
2316.0
2733.0
4772.5
0
3032.5
0
2575.0
2811.5
2782.0
291.5
2200.5
3120.5
787.0
809.0
2475.5
438.5
4803.0
2085.5
3145.5
1373.0
1510.0
1005.5
419.5
0
4782.5
183.5
138.0
0
1724.5
1891.5
2367.5
0
1345.5
3733.5
2146.5
3427.5
3878.5
5038.5
3444.5
463.0
686.0
0
138.0
1124.5
3031.5
1892.0
194.5
3472.0
0
0
1732.5
0
2282.5
0
3004.0
1337.5
2909.5
3599.0
1526.5
1126.0
1037.5
2264.5
3580.5
2863.5
2784.5
126.5
2553.5
424.0
940.0
3197.5
0
3708.0
0
2530.5
0
2519.5
789.0
1629.5
882.5
742.0
3739.5
2115.0
0
0
4756.0
1115.5
1822.5
138.0
1213.0
1762.0
3261.0
3104.0
557.0
3727.0
2109.5
1562.0
2535.0
2555.0
3820.0
0
2626.5
0
790.0
68.0
1377.0
1252.0
1985.5
0
0
3433.0
4814.5
4785.0
0
2687.0
0
576.5
0
2053.5
5011.5
0
0
115.5
2557.5
5143.5
1870.0
4138.5
186.5
0
2174.5
1917.0
0
2002.5
2952.0
2236.0
242.0
0
68.0
1969.0
0
0
4490.5
1846.5
1806.5
3335.5
231.5
3483.5
1879.5
1553.5
3363.0
954.0
419.5
497.0
0
0
3784.5
3036.0
970.0
1062.0
0
3347.5
3083.5
530.5
3281.5
0
3702.0
1544.5
1696.0
3103.0
126.5
1764.0
0
717.0
1845.5
2349.0
2779.5
0
1678.5
4031.0
3078.0
2128.5
3373.5
3485.5
478.0
1972.0
1229.5
3549.5
2480.5
0
0
0
0
2469.5
1754.0
2763.0
0
2234.0
0
4180.0
0
300.5
0
3190.5
1185.0
0
1081.0
68.0
1108.0
2361.0
3193.0
2379.0
0
957.0
0
2513.0
3295.5
0
3294.0
4884.0
3651.5
5057.5
2516.0
68.0
1311.0
2684.0
775.5
0
2495.0
0
0
1834.0
0
2470.5
0
68.0
0
2722.5
0
2120.0
1261.5
3501.5
3148.0
126.5
0
2616.0
640.5
2226.0
2132.0
1683.5
2483.0
0
194.5
2156.5
0
2569.5
2450.0
478.0
0
1988.5
707.0
128.0
2169.5
0
0
0
0
758.5
0
4376.5
4013.5
1372.5
5279.5
1723.0
0
2363.0
2296.5
1089.0
2008.0
0
1155.5
3593.5
2879.0
1455.0
0
0
0
2700.0
1686.0
2290.5
0
2072.5
2800.0
1310.5
1521.5
2256.0
0
359.0
0
8.0
984.0
489.5
1227.0
0
703.5
418.5
0
0
3117.5
0
0
2315.5
3128.5
1470.5
1656.5
2066.5
1029.5
2091.5
1179.0
4841.5
2503.5
2469.5
1498.0
0
353.0
745.0
956.5
2781.0
1000.0
2871.0
1816.0
1589.0
3896.0
3348.0
126.5
2033.5
1492.0
0
3587.5
2162.5
1102.5
0
3164.5
3788.0
0
964.0
0
1315.0
3926.5
138.0
2157.0
3816.5
359.0
2656.0
0
1832.0
0
3460.5
2576.0
2417.0
4297.0
0
3716.5
2061.0
0
126.5
4323.5
3899.5
0
2856.0
3865.0
2069.5
879.5
4826.0
2413.5
1448.0
972.5
1008.0
1073.5
1619.5
1540.5
1141.5
0
126.5
3656.0
0
2276.0
1383.5
68.0
1327.5
0
3385.0
829.5
1006.5
0
2565.5
656.0
1014.5
3416.0
0
243.5
2118.5
68.0
1420.0
2755.5
0
2673.0
2447.0
68.0
0
2823.0
841769.5
1530.5
0
0
508.5
2097.0
0
0
0
300.5
2145.5
419.0
1683.5
489.5
0
0
1344.0
1753.0
0
1392.0
4165.5
419.5

2705.0
0
0
0
3567.5
0
1383.5
2289.5
126.5
4553.0
752.5
583.0
4313.5
4377.0
2537.5
2616.0
3602.5
3612.5
459.5
0
2652.0
2562.5
68.0

4073.0
3491.0
2218.5
0
2259.0
2238.0
0
3666.5
4367.0
0
2149.0
5060.0
68.0
0
2581.0
1820.0
1477.5
1566.5
2788.5
2785.5
974.5
0
0
984.5
3881.5
138.0
3249.5
3568.0
1952.0
1409.0
0
1382.0
3503.5
1451.0
2930.0
0
2182.0
947.5
0
962.5
0
2403.5
2183.5
138.0
0
0
1852.5
478.0
0
4699.0
0
2367.0
1185.0
0
639.5
1305.5
1282.0
1809.0
886.5
3481.5
126.5
4523.5
0
1334.0
2003.0
0
0
1669.0
3053.5
243.5
5241.0
3398.0
3355.0
2389.5
512.0
2489.5
615.5
2443.5
2788.0
2500.0
243.5
3300.5
575.0
1008.0
0
3107.5
3034.0
4492.0
2569.5
1351.0
0
4341.0
952.5
2421.5
1922.0
3535.0
0
1386.5
0
0
3100.0
0
0
0
1468.0
522.5
717.0
0
3740.0
0
0
0
3004.5
0
1855.0
2976.0
2980.0
4337.5
0
4686.0
0
3434.0
2136.0
871.0
0
464.5
2395.0
0
2068.0
2900.0
4243.5
1069.0
1776.5
1663.5
1749.5
3522.0
0
6013.0
257.0
0
0
2583.5
3972.5
5188.0
0
4086.5
3881.5
1494.5
68.0
2274.5
647.5
68.0
3308.5
1033.5
0
300.5
2604.0
2084.0
0
126.5
2608.5
975.5
438.5
0
2481.0
0
1816.0
1348.5
4686.5
1856.5
0
2076.0
2253.5
2373.0
2209.0
0
2347.5
1583.0
0
0
3.0
365.5
0
889.5
2178.0
534.0
3252.0
4636.0
721.5
0
2904.5
1008.0
0
0
2745.5
2745.5
827.5
984.5
4241.0
2585.0
3123.5
3057.5
4849.0
1325.5
3354.5
0
3523.5
2929.0
458.0
2715.5
4205.0
2091.0
2350.5
497.0
2507.0
653.5
126.5
0
2225.0
3147.0
0
2658.5
68.0
0
1954.5
934.0
1675.0
2696.0
2514.5
2606.0
2819.0
2434.0
2529.0
3653.5
0
0
2201.5
3870.5
302.0
68.0
0
2629.5
2703.0
1096.5
2075.5
2573.5
1963.0
0
2082.0
0
0
2225.5
2869.0
126.5
0
1163.0
2829.5
0
3268.5
2698.0
4278.5
2069.0
624.5
3621.5
2431.0
3208.5
126.5
1864.5
1850.5
1884.0
1336.5
1537.5
3326.5
3118.5
3432.5
2681.5
3311.5
0
0
548.0
126.5
790.0
0
0
2922.5
2305.5
3863.0
126.5
4037.5
1642.0
0
3900.0
2132.5
68.0
2256.0
2453.0
2926.0
0
126.5
2480.0
3187.5
4160.0
419.5
0
4680.0
3007.0
2273.0
3540.0
1826.5
1770.0
3451.0
4932.5
2199.5
2856.0
1408.0
3886.0
1836.0
1652.0
478.0
3227.5
498.5
138.0
790.0
2478.5
3807.0
3193.0
2651.0
407.0
1546.0
2216.5
4706.0
4273.5
0
1332.5
1084.5
231.5
2120.0
386.0
0
2875.0
0
0
2182.0
2683.0
0
0
3211.0
1408.5
0
3132.5
3450.0
2353.5
2968.5
2818.5
1970.0
2999.5
186.5
0
1805.5
365.5
0
4151.5
1542.5
3117.5
1757.5
3253.5
2513.5
68.0
2842.0
374.5
68.0
230.5
965.5
0
2223.5
3958.5
2537.0
5096.5
68.0
68.0
2115.0
0
3114.5
4090.5
0
2315.0
68.0
0
2194.5
2785.0
3134.5
4405.5
0
1630.5
2756.0
1403.5
5165.0
2508.5
3094.5
3275.5
2924.0
3625.0
2445.0
5286.5
3464.5
5051.0
2247.5
0
2339.0
2225.5
0
1393.0
1966.0
1470.5
3044.5
0
0
0
2935.0
1453.5
0
2128.0
2925.0
365.5
2009.0
0
0
0
1845.0
2567.5
1981.5
2295.5
2339.0
4297.5
1445.0
2387.5
1639.0
68.0
2075.5
1051.5
0
2100.5
2810.0
68.0
1385.0
3188.5
3376.0
136.0
3161.5
0
1227.0
1302.5
0
3008.0
68.0
3354.5
424.0
0
2248.5
3699.0
979.5
2599.0
3227.5
2210.5
2583.0
3504.5
2023.0
775.0
2442.5
68.0
1552.0
359.0
1859.5
717.0
2311.5
1887.0
2607.0
0
2159.0
953.0
68.0
2096.0
1953.5
710.5
2322.5
3256.0
1407.5
2918.5
2829.0
2476.5
2122.0
2292.5
3567.5
2433.5
2647.0
894.0
1514.5
1907.5
68.0
3061.0
0
1203.0
68.0
68.0
2806.5
3444.5
2058.5
5878.0
649.0
1433.5
2172.0
2219.5
2571.5
1891.5
2062.5
1588.5
1459.0
2302.5
415.5
2471.5
1603.0
3124.5
3613.0
0
3207.5
987.0
1704.5
489.5
2894.0
2062.5
2124.5
1749.5
2025.5
2879.5
1891.5
3146.5
1318.5
3172.5
1008.0
243.5
3508.5
2610.0
2904.0
243.5
1436.5
68.0
1019.0
2513.5
2920.5
2594.5
1160.0
1910.5
1951.5
68.0
1645.5
0
2145.0
698.5
1585.0
2156.5
1201.5
965.5
2693.5
797.5
2691.0
2024.0
1429.0
1617.0
950.5
438.5

3029.0
1510.0
1893.5
1001.0
3849.0
1811.0
0
0
2714.0
1991.0
2732.0
1053.0
68.0
2999.0
126.5
0
3384.5
2843.5
1371.0
4863.0
1578.0
2018.5
1707.0
68.0
0
1088.5
2704.5
2312.0
2288.0
1070.5
5340.5
2119.0
2483.5
1981.5
2154.5
1109.0
1244.5
2269.0
2738.5
2289.0
739.0
2481.5
2484.5
1034.0
0
1590.5
1796.0
1043.5
0
826.5
1997.5
177.0
635.0
1321.5
1191.5
3855.0
68.0
1425.0
910.0
3645.5
1183.0
2271.0
1883.5
1424.0
1037.5
2579.0
0
230.5
1335.0
1937.0
0
1756.5
2179.0
2189.0
2534.0
1778.0
914.0
0
1648.5
0
.0
2209.0
2222.5
2274.0
830.0
698.5
1750.0
2093.0
1617.5
1394.0
1289.5
365.5
1794.5
68.0
1397.0
2631.0
1672.5
1754.0
1967.0
2605.5
1919.5
2441.0
1883.5
2183.5
2742.5
2544.5
0
1967.0
327.0
2252.0
1722.0
0
882.0
1353.0
1230.5
0
1860.5
582.0
2794.5
2103.0
1444.0
68.0
647.0
1158.5
190.5
2494.5
2561.5
3672.0
1218.0
1389.5
1971.0
2697.5
2037.0
0
0
809.5
3391.0
1023.5
899.5
0
0
2542.0
904.0
2139.0
3316.5
3476.5
1035.0
3110.0
2121.5
1517.0
1676.5
2217.5
1717.5
348.5
126.5
2230.5
0
3351.0
2399.5
1255.0
1582.0
812.5
348.5
1822.5
1126.0
1698.0
2421.5
2060.0
1719.5
1913.0
2020.5
1885.5
1570.5
240.0
1263.0
770.0
370.5
3541.5
2627.0
2480.5
2046.0
0
663.0
2113.0
2962.0
1916.0
2229.5
1858.0
0
3973.5
1396.0
1734.5
1324.5
2074.0
1457.5
497.0
471.0
1211.0
3639.5
68.0
1259.0
344.0
601.0
4129.0
2284.0
1085.5
1772.0
68.0
1814.5
690.5
0
1851.0
1018.5
1531.0
194.5
2439.5
607.0
2197.0
0
1070.5
1214.0
1547.0
1330.5
2495.0
401.0
1538.0
2534.0
126.5
0
1518.0
1756.5
4074.5
565.0
2406.5
2627.0
1778.5
497.0
4000.0
0
802.0
0
1160.5
1976.5
1141.5
1289.5
1431.5
2790.0
2465.0
2538.0
1252.0
2515.0
0
2657.5
0
777.5
1878.0
2251.5
0
1.0
838.5
1146.0
1636.5
1795.5
1192.0
0
2207.5
1823.0
2459.5
995.0
1280.5
2299.0
1233.5
1212.5
608.5
0
2995.5
1807.5
0
1443.5
965.0
1704.5
1266.0
548.5
2410.0
138.0
1200.0
1919.5
3071.5
1609.0
740.0
1093.5
1009.0
2204.5
847.0
2875.5
1753.5
1919.5
1673.5
1081.0
1536.0
1609.0
2841.0
1615.5
2961.0
2650.0
2191.5
1321.5
243.0
2133.5
1774.0
68.0
2029.0
952.5
1283.0
0
2037.0
3911.0
2305.0
3054.5
2335.5
1298.0
1027.0
0
1713.5
700.0
4601.5
2592.5
1142.5
2965.0
1168.5
1142.0
1884.5
68.0
1705.5
3377.5
809.0
2237.5
419.5
1687.0
2145.0
2937.0
1083.5
3839.0
3725.0
0
2105.5
2264.5
2096.5
816.5
1964.5
1289.0
0
242.0
430.5
1892.5
2689.5
2657.5
2145.0
68.0
0
7.5
637.0
0
138.0
806.0
2390.0
0
3041.0
1861.5
1674.5
348.5
945.0
988.0
2981.5
824.5
1972.0
1691.0
1333.0
2187.0
300.5
0
0
757.0
1418.5
3247.0
581.0
1905.5
528.0
1368.0
736.0
497.0
2257.5
1681.5
2742.0
2597.5
68.0
1799.0
2137.5
4395.5
289.0
383.0
2662.0
1813.0
1192.0
491.5
717.0
1621.5
1931.5
1870.0
1576.0
1629.0
348.5
126.5
812.0
2222.5
728.0
126.5
1264.5
1016.5
1472.5
2264.0
477.5
1335.5
401.0
1913.5
1964.5
647.5
2737.5
1969.0
1928.5
1180.0
1405.5
1317.5
1356.5
2036.5
2177.5
484.0
2211.5
2128.5
2151.0
868.0
2254.5
0
233.0
2339.0
1413.0
1666.0
2015.0
478.0
1811.5
777.5
736.0
516.5
633.5
0
1038.0
1778.0
1957.0
768.0
478.0
0
0
0
2720.0
370.5
1304.0
594.0
1160.5
3085.5
1192.0
115.5
419.5
891.0
471.0
478.0
126.5
1546.5
0
931.0
478.0
1032.0
1147.5
2664.5
2756.5
1715.5
1640.5
68.0
2026.0
138.0
1195.5
605.0
846.0
936.0
1413.5
895.5
2386.0
0
1388.5
954.0

1112.5
806.0
548.0
2196.0
1300.0
569.0
1299.0
68.0
788.5
68.0
1460.5
508.5
1350.5
1263.5
985.0
842.5
1498.5
138.0
478.0
761.0
1441.0
1193.0
890.5
1854.0
2113.5
2178.0
898.5
300.5
732.5
126.5
2930.0
928.0
1002.5
1193.0
2173.0
2715.0
0
1063.5
1018.5
1673.5
126.5
968.5
0
438.5
183.5
383.0
2254.5
639.5
811.0
3664.0
2719.0
1304.0
698.5
419.5
1459.5
1046.0
68.0
1810.5
1825.0
2502.0
0
1754.0
869.0
1318.5
68.0
653.0
68.0
1317.0
2117.5
944.0
365.5
908.5
901.0
558.5
2206.0
554.5
988.0
2167.0
1906.5
1883.5
1848.0
419.5
2154.0
2035.5
1691.5
2210.5
1611.0
126.5
2336.0
1218.5
1284.0
700.0
0
1022.5
1512.5
2072.5
2110.0
655.0
1592.0
1395.0
300.5
2404.5
0
1163.5
967.0
1417.5
2166.5
615.5
0
2091.0
1108.0
2973.5
875.5
1037.0
257.0
419.5
1128.0
1087.5
1086.5
1128.5
1590.5
593.5
2040.5
68.0
2055.0
1687.0
684.5
1956.0
365.5
1831.5
1137.5
1957.0
2415.0
1087.5
898.5
842.5
2614.0
1595.5
2232.0
2547.5
126.5
978.0
348.5
2920.5
370.5
2068.5
2097.0
1195.0
722.0
1401.0
595.0
790.0
736.0
289.0
1900.0
2110.5
1639.0
894.5
2164.5
1286.5
2462.5
2096.0
1666.0
672.0
463.0
1403.0
68.0
68.0
1440.5
242.0
0
1354.0
126.5
1336.0
1590.5
1022.5
2245.5
1036.0
1442.5
2447.5
68.0
242.0
68.0
3996.5
1353.5
2941.0
1285.0
1365.5
2260.5
0
1873.0
68.0
1915.0
0
1923.0
1253.0
1158.5
3267.5
285.5
2284.0
2185.0
300.5
4182.5
3396.5
1030.0
659.5
809.0
591.5
2890.0
1446.5
829.5
2694.0
1003.5
1999.0
1343.0
938.5
0
300.5
2271.0
2524.0
243.5
524.5
1918.0
2730.5
2429.0
1328.0
1685.5
138.0
2527.5
1955.0
1277.0
1587.5
407.0
809.0
1390.0
1975.5
2591.0
2446.5
359.0
1642.0
2775.0
2917.0
2093.0
2552.0
3079.5
2892.0
1392.0
3033.5
0
789.5
2976.0
3006.5
1928.5
1044.5
3233.5
2898.0
2164.5
0
126.5
2416.5
2151.0
1200.0
2502.5
3483.5
1631.0
0
1426.0
2010.0
2617.0
1259.0
1928.5
3515.5
0
2708.0
3440.5
1355.5
1828.5
0
2780.0
1303.0
1054.5
458.0
1274.0
938.5
2556.0
68.0

4629.5
126.5
2525.5
1858.0
786.0
0
836.5
2883.5
3351.0
825.5
0
271.0
401.0
1826.0
348.5
533.5
0
1719.0
895.0
2538.0
1793.0
3308.5
2881.0
1724.5
2758.5
2690.5
0
0
3073.0
4377.5
1608.5
1133.5
2250.0
857.0
1418.5
950.0
1625.0
183.5
2036.0
2985.0
2602.5
5144.5
1514.5
1032.5
1764.5
419.5
2469.5
2912.0
0
1479.5
2268.0
0
2820.5
2271.0
2059.5
2533.0
1679.0
1755.5
2715.5
1804.0
848.5
0
1897.0
3753.0
3003.0
3874.0
1699.5
2574.5
1670.5
2540.0
68.0
491.0
0
1516.0
3013.0
1434.5
1943.0
302.0
771.5
419.5
1801.0
3645.0
771.5
3270.5
1725.0
2631.5
476.0
1237.0
2727.0
3079.0
1896.5
2175.5
891.5
598.0
2653.0
1366.0
668.0
3138.5
2532.5
1021.0
1768.0
2253.0
68.0
0
3114.0
2103.0
825.5
3156.0
4045.5
300.5
2719.0
921.0
0
894.0
0
471.0
243.5
3288.0
2512.0
3142.0
1507.5
2535.0
2435.0
2795.5
2734.0
2454.0
2538.5
365.5
2227.0
604.5
2814.0
3451.5
3088.5
1626.5
4328.0
2256.0
4086.5
1987.5
1309.0
1897.0
2402.0
3213.0
516.5
1709.0
307.0
4651.0
0
2586.0
138.0
2527.0
3816.0
2294.0
2556.0
2283.0
2319.5
0
1781.5
1033.5
1098.5
4482.0
3539.5
2158.0
1914.5
1256.5
2985.0
2523.5
2952.5
778.5
1130.0
1592.5
2162.0
736.0
1151.0
2857.0
1619.0
1181.5
1756.0
138.0
809.0
68.0
2161.0
2241.5
186.5
0
3910.5
302.0
1573.0
2841.0
2431.5
2096.0
851.5
3293.0
1643.0
3511.0
3798.0
2053.0
3428.5
2340.5
1837.0
4676.0
700.0
126.5
945.5
906.0
2545.0
3953.5
2363.0
3178.0
1763.5
2116.5
2576.5
0
2893.0
2951.5
2148.0
3106.0
3289.5
3367.0
1447.0
2340.5
2738.0
489.5
3070.5
1899.5
1121.0
2512.0
2684.0
2859.0
771.5
3730.0
0
4030.5
2107.0
2488.0
3512.0
3169.0
2391.5
2851.5
2796.0
1092.0
771.5
365.5
2512.5
1120.0
2592.0
1021.5
2798.0
2462.5
2235.0
2727.0
3091.5
2116.5
3345.0
4384.0
771.0
2332.5
2916.0
2593.0
3420.0
2900.0
2218.0
596.5
2635.5
1033.0
2034.5
2712.0
2831.5
1005.0
3062.0
183.5
3396.0
3694.0
438.5
2212.5
68.0
2865.0
0
3603.0
1331.5
3760.5
753.5
2574.0
2928.5
2315.5
554.0
465.0
675.5
1247.5
419.5
2279.5
3479.5
1101.0
2600.0
68.0
68.0
863.5
2946.5
2625.0
775.5
2815.5
1200.0
3724.5
4068.0
2525.5
989.0
6478.0
1099.0
3874.5
1959.5
2442.5
1672.0
875.0
1862.0
1878.0
3499.0
2515.0
1968.5
1745.5
2461.0
3125.0
4808.5
126.5
2701.5
2175.0
4647.0
482.0
2348.0
2636.0
1768.0
3072.5
68.0
1384.0
316.0
2868.0
68.0
3220.5
355.5
2150.0
1805.5
2387.0
1824.0
1491.5
1274.0
2178.0
1474.5
1988.0
2531.5
3795.0
1792.0
0
0
2000.5
3307.5
3758.0
2169.0
0
3506.5
1673.5
2898.0
1119.0
1476.0
2064.0
3530.0
1408.5
1389.5
2393.0
2780.5
1684.5
3173.0
860.0
3186.5
768.5
1651.0
2964.0
1357.5
0
2283.0
2659.0
3748.5
2945.0
2281.5
68.0
478.0
3896.5
2152.5
2624.0
646.0
2746.0
3130.5
3155.5
1494.0
3497.0
370.5
2324.5
2697.0
3834.5
4018.0
771.5
2553.5
2766.5
719.0
2306.5
0
194.5
1661.0
1875.5
3189.0
2459.0
1409.5
1033.0
2996.5
2650.5
1495.5
68.0
1465.5
2046.5
2947.0
3603.5
138.0
1740.5
2784.5
0
3326.5
879.5
2649.0
68.0
1434.5
2894.0
2310.0
1700.5
257.0
2583.0
1233.0
2427.5
2750.5
2751.0
3593.0
3736.5
2615.0
3280.0
3737.0
2546.5
966.5
68.0
2749.0
2982.0
300.5
4135.5
2366.0
3370.5
126.5
1574.0
1533.5
3283.5
3294.5
2334.0
2352.5
2836.5
0
3778.0
3634.0
1422.0
3487.5
2344.0
2726.0
0
0
4343.0
2253.5
315.5
2321.0
476.0
0
0
4266.5
2407.5
1316.5
2901.5
2673.0
1240.5
1231.5
2173.0
4101.5
5224.0
1865.5
3250.5
3427.5
3665.5
3629.5
348.5
1352.5
3074.5
2818.0
2436.0
2653.0
834.5
1532.5
3495.5
3788.0
1270.5
3929.0
1702.5
2792.5
2603.5
3080.5
5248.5
0
729.5
3070.5
3122.0
3697.5
438.5
2468.5
2604.0
2891.5
4029.0
1601.5
1790.5
2691.5
257.0
2475.5
3407.0
1716.0
1461.5
1924.0
2185.5
1918.5
1098.0
1958.0
1932.5
2699.5
1441.5
814.0
1574.5
1333.0
2566.5
2630.0
3441.0
2388.0
0
0
7.0
0
2743.5
4066.0
3130.0
4459.0
3025.0
1219.0
438.5
2162.5
1907.0
2677.5
518.0
2275.0
2799.5
2574.5
1528.5
4590.5
4524.5
1356.5
2221.5
1083.5
4587.0
3517.5
546.0
2133.0
2097.5
2847.0
1236.5
3418.0
2335.5
2702.0
2940.5
4419.0
126.5
2870.5
1541.0
4066.5
524.5
828.5
478.0
1808.5
3357.0
2626.5
2612.5
2030.5
2173.0
4526.0
2726.0
2197.5
1631.5
933.5
3708.0
2805.0
4068.0
2795.5
438.5
0
2225.5
926.5
3133.0
2192.5
2590.5
2555.5
1861.0
700.0
1748.5
3254.0
787.0
0
2177.0
0
4168.5
1665.5
1727.0
68.0
840.5
1940.5
0
0
523.5
1602.5
2786.0
777.5
3033.0
1420.0
1665.0
0
3622.5
424.0
0
1386.0
2523.0
4496.0
2036.0
2126.5
719.0
1504.0
1766.0
1849.0
300.5
2467.5
1690.0
884.5
0
3203.5
2256.5
2815.0
3254.5
3588.5
1929.5
2312.5
230.5
2374.5
2856.5
3185.5
2899.5
2744.5
4462.0
68.0
0
3159.0
3096.5
2960.5
3156.5
5145.5
2879.0
2826.0
2476.5
2677.0
2860.0
3423.0
3471.0
3548.5
2449.5
2875.5
1962.0
3305.5
2124.0
830.0
1267.0
2548.0
2958.5
1709.0
3577.5
68.0
508.5
3923.5
126.5
0
2933.5
3769.0
3698.0
2193.0
0
770.0
3817.0
2391.5
4338.5
2719.5
0
3646.5
2239.5
68.0
0
1160.5
994.0
2655.0
0
1288.0
3460.5
4478.0
2356.5
2312.0
5384.0
684.5
441.5
3166.5
3310.0
1405.5
2050.5
1196.5
863.5
1550.5
0
1271.5
2900.5
921.0
2370.5
1550.5
3848.5
1324.0
4813.5
698.5
313.5
2656.0
2387.0
2766.5
1755.0
2249.5
3511.5
1203.0
2643.0
3115.0
4402.5
3864.5
0
0
2299.5
3046.5
2609.0
3256.5
2749.0
0
1733.0
2850.5
1634.5
2962.5
2725.5
2712.0
2810.0
743.0
2251.5
624.0
3035.0
4601.5
3466.0
0
0
1336.5
3145.0
1638.0
1891.5
3755.0
0
0
3054.0
3779.5
1070.5
2550.0
1499.5
0
3124.5
2193.0
971.0
2114.0
2828.0
68.0
2458.5
68.0
1515.5
3293.5
3310.0
1155.5
1342.5
2907.5
3691.5
1086.5
3151.0
0
608.5
1655.0
3673.0
1742.0
2051.0
800.0
1184.5
3477.0
2895.5
2187.5
2507.5
2639.0
3206.0
1331.0
5151.5
3865.5
2061.0
726.0
4000.0
1276.5
1116.0
2787.5
3118.0
1790.0
0
3695.0
0
3050.5
68.0
0
2097.0
3652.0
138.0
2079.0
2739.0
2445.5
2811.5
3940.5
528.0
1001.5
2510.0
0
3433.5
1013.0
3398.5
2793.0
886.0
872.0
1762.5
2275.0
2407.5
3454.0
0
1827.0
3068.0
2442.5
2928.5
3533.0
3371.0
2072.5
2453.5
2243.5
2985.0
1943.0
984.0
717.0
2897.0
2269.5
1267.0
0
2812.0
3594.5
2882.5
3213.5
5437.5
126.5
583.0
2546.5
2449.5
598.0
3040.5
0
383.0
1656.5
1793.0
3051.5
4536.0
2498.5
3453.5
2109.0
1131.0
3828.0
2620.5
5455.5
0
2842.0
1181.5
2708.5
1757.5
183.5
4193.5
2518.5
511.5
0
8.5
1068.0
68.0
1277.5
0
8.5
348.5
2583.5
2163.0
2251.5
2677.0
3690.0
1136.5
831.5
3593.5
1230.5
3303.0
1305.5
809.0
1036.5
2110.0
3316.5
2161.0
2655.0
0
4212.0
478.0
2892.5
1855.5
2406.5
3896.0
2877.0
2564.0
1980.0
2851.5
1407.0
2333.0
3112.5
68.0
4308.0
348.0
1949.5
0
126.5
3545.0
1662.5
2269.0
3023.5
1609.0
3844.5
946.5
0
1993.0
2456.5
2574.0
2218.5
1329.0
68.0
434.5

355.5
2657.5
1570.5
3082.5
2028.0
2240.0
419.5
3187.5
1549.0
1002.0
3623.0
998.0
4175.0
1706.0
521.5
2150.5
2688.5
647.0
0
1858.5
1105.0
2222.0
0
1323.0
717.0
2761.5
4721.5
1279.0
2029.5
3610.0
1709.5
3935.0
0
2011.5
257.0
243.5
1694.0
1557.5
5750.5
2041.0
1692.0
5007.5
3245.0
2342.0
138.0
68.0
3864.0
1661.0
2869.5
1408.5
2598.5
2096.0
752.5
4649.5
0
3595.0
374.5
2170.0
1295.0
3659.5
1746.5
4493.5
6309.0
0
3295.0
3379.5
4274.0
4511.5
68.0
2967.0
0
68.0
0
2013.0
5794.5
943.0
2407.0
1872.0
3606.0
3507.5
0
126.5
2489.5
401.0
1317.0
3449.5
1188.5
2011.5
2361.0
1184.5
2120.0
3476.0
1639.5
3303.5
1310.5
3766.0
5157.5
588.5
4177.0
2994.5
3967.0
5821.0
2468.5
3921.0
1149.0
120.5
918.0
4454.5
68.0
3601.0
2411.5
3284.0
3768.0
4573.5
418.5
2747.5
2411.0
5283.0
1462.0
3185.5
2140.0
0
3410.0
3199.5
1804.0
138.0
2274.0
4382.5
4218.5
2806.5
1554.5
1767.0
4014.5
1630.5
1322.5
419.5
68.0
2735.5
68.0
5523.5
3960.0
951.5
2773.0
0
3174.0
3954.5
0
1066.5
2700.5
717.0
0
2631.0
2408.5
2803.5
2920.5
126.5
2946.0
2568.5
1715.5
68.0
2456.0
138.0
3591.5
2548.0
316.0
0
3386.0
1686.5
1601.0
2952.0
1949.5
3004.5
138.0
2782.0
2793.5
1409.5
2447.5
0
3262.5
126.5
2118.5
3182.5
734.5
1516.5
2238.0
753.5
1270.5
359.0
4409.0
2488.5
5135.5
4012.0
2695.5
68.0
0
1195.0
830.0
2763.0
1332.5
5327.0
2060.5
478.0
3076.0
1920.0
365.5
1205.0
1722.5
3041.0
1862.0
4804.5
3367.5
357.5
772.5
2833.5
1357.0
2759.0
3281.0
2734.5
1278.0
784.0
2481.5
1266.5
2767.5
1961.5
2110.5
2479.0
2310.0
988.0
2157.0
4084.0
3297.5
0
650.5
2473.5
2429.0
698.5
1593.0
2143.0
950.0
2158.0
1451.0
1712.5
1867.0
0
3169.0
2651.0
3537.5
3383.5
1992.0
68.0
3293.0
0
3419.0
1593.5
2252.0
2130.0
2333.5
489.5
138.0
2090.0
3416.0
3971.5
3596.0
1809.0
2734.5
828.0
128.0
2076.5
0
2106.5
1380.5
1678.5
717.0
1186.0
2979.0
2294.0
2988.0
1880.5
1483.5
3577.5
365.5
3067.5
424.0
2066.5
1178.5
2746.5
2411.0
0
2206.0
2143.5
0
2243.5
1549.5
0
3853.0
0
1574.0
2420.5
438.5
2597.0
719.0
2403.0
2945.5
497.0
68.0
2743.0
2415.5
3577.5
3328.5
3774.5
1494.0
3053.0
2395.0
285.5
0
2077.0
794.5
0
1325.0
1855.0
528.0
1731.5
2388.5
126.5
138.0
2235.5
2769.0
126.5
1654.5
1312.0
1837.5
3211.5
1820.0
0
2275.0
2170.5
285.5
1941.0
2372.0
2451.5
2901.0
1675.5
2283.5
68.0
1768.0
1845.0
3454.0
489.5
2852.0
524.5
2040.5
771.0
0
0
2753.5
1573.5
2145.0
2157.0
1572.0
0
2131.0
407.0
459.5
2000.0
2584.5
1344.5
68.0
2993.5
2475.5
0
348.5
1282.0
866.5
1053.0
757.0
1970.0
1062.0
3303.5
2263.5
0
2249.5
3669.5
1509.0
459.5
1341.5
1953.5
0
2174.0
2033.0
2180.0
3396.0
516.5
3085.5
1828.5
2011.5
243.0
1225.0
1512.0
285.5
2636.5
2772.5
365.5
243.5
3435.0
1660.0
794.5
3595.5
2668.5
554.5
2013.5
968.5
126.5
1503.0
2615.0
916.5
2604.5
3299.0
1726.5
2662.0
2417.0
2078.5
2692.5
1974.0
1736.0
2766.0
1323.0
3141.0
0
721.5
2108.0
2821.0
667.0
1123.0
2400.5
472.0
2744.0
0
3436.5
1235.0
1375.0
2779.0
68.0
126.5

0
1860.0
3457.5
1257.0
2795.0
1287.0
2225.0
1258.0
1295.5
1702.5
348.5
1261.5
68.0
2632.5
1397.5
1181.0
1052.0
2153.0
541.0
615.5
3015.5
1810.5
464.0
126.5
2013.0
0
0
1230.5
365.5
717.0
1807.0
2506.5
1542.0
68.0
2944.0
1108.0
1941.0
752.5
2916.5
138.0
138.0
3077.0
892.0
812.0
365.5
0
68.0
0
1441.5
2424.5
175.5
793.0
944.0
1962.0
2628.0
1456.0
2782.5
528.0
3489.5
3390.0
1195.5
1946.5
1753.5
726.0
636.5
2134.0
1473.5
2013.0
2423.0
183.5
0
257.0
126.5
3743.0
771.5
1915.0
438.5
1993.5
0
962.5
359.0
2292.5
2002.0
68.0
68.0
1171.5
2143.5
0
1951.5
68.0
359.0
2696.0
1936.5
300.5
631.0
416.0
1017.0
1750.0
0
2384.0
1523.0
3110.5
1766.0
183.5
1857.0
1792.0
1946.5
2592.0
2017.5
0
979.0
714.5
965.0
0
3539.0
0
2457.5
1874.0
2751.5
2692.0
0
2576.5
2862.5
1203.5
1968.5
1726.0
419.5
1993.5
1213.0
1244.0
1408.0
1524.0
1344.0
0
1745.0
3207.0
515.5
2152.0
0
2355.0
2809.0
4078.5
2778.5
2112.5
0
1140.5
0
1335.5
300.5
1672.0
424.0
3910.5
2274.5
892.5
667.5
383.0
1606.5
1861.5
1752.5
0
3499.0
1857.0
0
1452.0
1022.5
2401.0
1066.0
2240.0
2272.5
68.0
524.5
1231.0
894.5
2510.5
253.5
68.0
2593.0
0
2280.5
2169.5
1046.0
4081.0
683.5
1395.0
0
2076.5
2695.5
1814.0
2695.0
1127.0
1714.0
771.0
183.5
1328.5
1266.5
2360.0
2860.5
243.0
2058.5
3946.5
1597.0
0
0
2331.0
1261.0
1743.0
183.5
68.0
1574.5
809.0
3527.0
2292.0
2268.0
1122.5
1619.0
2817.0
2074.5
3186.5
2834.0
2144.0
0
0
1681.5
700.0
2271.0
3016.0
0
506.0
3277.5
2008.0
1616.0
3707.0
2321.5
2741.0
1386.5
1551.5
3387.5
2428.5
1141.5
2327.0
1086.0
1694.5
4031.0
2619.5
2371.0
2126.5
0
3426.0
1773.0
478.0
1200.0
435.5
683.5
1512.0
68.0
1639.0
1130.5
1991.5
594.0
961.5
1994.0
2523.5
656.5
1625.0
68.0
2835.5
2052.5
1255.0
126.5
1432.5
1730.0
771.0
3243.5
1458.5
5033.0
0
1973.0
1977.5
4272.0
2205.0
2714.5
0
3653.0
2874.0
1589.0
489.5
716.0
441.5
2239.0
0
68.0
3140.0
2123.5
188.5
2532.0
2670.5
1952.5
68.0
0
569.5
946.5
576.5
1077.5
3710.0
2001.0
3038.0
1429.0
2302.0
1865.0
1383.5
2245.5
2225.5
829.0
1241.5
365.5
2530.0
0
1466.5
2267.0
2684.5
3431.0
0
138.0
2959.0
3409.0
3321.0
0
68.0
355.5
348.5
1003.5
1068.5
0
4.5
1320.0
1494.5
1757.5
126.5
1878.0
230.5
418.0
0
1374.5
1142.0
2990.5
1019.0
827.5
965.5
1933.0
1928.0
1494.5
3218.0
1587.5
459.5
1604.5
1785.0
2001.0
1338.5
0
1482.0
1006.5
1467.5
1633.0
0
0
0
1854.0
1860.0
1080.5
1662.0
1911.0
1475.5
832.5
2802.0
4024.5
2883.5
190.5
948.0
407.0
1451.5
3001.5
1809.5
1495.5
2854.5
1472.5
3166.0
1856.5
0
3756.0
1827.0
0
829.5
0
997.5
1287.5
3694.5
4603.0
811.0
2618.0
661.5
0
2444.0
2603.0
1597.0
636.0
0
68.0
1732.0
2004.0
1919.0
1759.0
0
1698.0
2452.0
1092.5
1411.5
3079.0
2200.0
2040.0
2221.5
1474.5
2263.5
958.5
2241.0
1769.0
1740.5
0
3209.0
2252.0
1221.0
3641.0
2821.5
2109.0
1564.0
1610.5
3965.5
1660.5
3215.5
2911.0
3700.0
1650.5
652.0
0
1947.0
957.0
1448.0
1806.5
2638.0
68.0
1279.5
0
2193.0
2172.0
300.5
2726.0
772.0
2719.5
1084.5
68.0
2218.5
3704.0
2868.5
3540.5
0
508.5
0
3042.0
6355.5
1899.5
2266.5
2806.5
0
2892.5
2625.5
3056.0
2076.5
3562.0
1886.0
1609.5
3387.5
2307.5
2198.0
1976.0
1180.0
2900.0
2104.0
2246.0
2330.5
2173.5
1764.5
0
3581.0
458.0
3954.5
3076.0
2797.0
4016.0
3089.5
1368.0
0
2348.0
1074.0
68.0
2013.0
2621.0
0
1826.0
2303.0
2711.0
1236.5
1890.0
1879.0
1428.5
2839.0
518.0
716.0
1548.5
790.0
2292.5
869.5
4004.0
2253.5
1304.5
993.0
640.5
2189.5
0
0
829.5
0
348.5
1249.5
3168.5
1889.5
0
2444.5
1046.5
3426.0
0
665.0
929.5
1441.0
3374.5
683.5

4869.5
1580.0
419.5
138.0
0
1361.0
1445.5
2623.5
891.0
1961.0
68.0
2173.0
1552.5
1852.5
3948.0
541.0
533.0
2619.5
772.0
370.5
2001.5
186.5
1969.5
2725.0
3902.0
401.0
1087.5
1904.0
0
438.5
1381.0
633.5
1418.0
4013.5
138.0
1383.0
2145.5
2672.5
126.5
1766.5
0
1564.0
619.5
68.0
405.5
2282.5
2782.5
841.0
1625.0
989.0
2828.0
1061.0
1979.0
2152.0
2673.0
126.5
712.0
0
5035.5
2675.5
2466.0
383.0
0
3152.5
2769.5
0
2918.0
2477.0
2192.5
1804.5
478.0
2975.5
126.5
2944.5
1839.5
3465.5
1801.5
1946.5
1913.5
1818.5
3545.0
246.5
2799.5
594.5
3561.0
2598.0
1612.0
1374.0
1829.0
411.0
678.5
0
1998.0
2258.0
0
2376.5
1638.5
2729.5
419.5
2746.5
419.5
0
1816.0
3278.5
539.5
348.5
1901.5
1309.5
2339.0
1759.5
2693.5
5849.5
1963.5
3559.5
1283.5
1307.5
1785.0
3008.5
997.0
510.5
2219.5
2219.0
2219.0
1664.5
841.0
1516.0
2934.0
2002.0
3509.5
3858.0
383.0
68.0
939.5
3798.5
2782.0
0
3142.5
126.5
1686.5
3508.0
401.0
3236.5
1526.0
1515.0
3612.5
2436.5
3276.0
1142.0
4138.0
3896.5
698.0
1960.5
1433.0
489.5
3148.5
5014.0
2459.5
809.0
2791.0
582.0
1791.0
2762.0
794.5
1704.5
4744.0
3000.0
652.0
2403.0
2597.5
257.0
1888.5
2200.0
1010.0
3990.5
1394.0
2372.0
554.5
1301.5
1947.0
316.0
3634.0
2109.0
999.5
704.5
3789.0
407.0
1218.0
3582.5
2628.0
3799.0
2361.0
790.0
2365.0
2970.0
848.5
1906.5
1645.0
1693.0
401.0
1582.0
2736.0
2102.0
3632.0
704.5
302.0
717.0
2785.5
995.5
2798.0
0
1668.0
3798.0
1935.5
1492.0
173.0
553.0
764.5
1191.5
3663.0
4120.5
1840.0
4237.5
3785.0
2357.5
3184.5
2007.5
1330.0
2268.0
4495.0
489.5
2546.5
5573.0
3961.5
5293.0
600.5
0
2000.5
1244.5
2808.0
1504.0
3752.0
2074.5
750.0
4104.0
1529.5
594.0
2621.5
1574.0
1892.0
875.5
3435.5
2257.0
752.5
1211.5
2857.5
3034.0
1138.5
138.0
0
1328.5
2645.5
138.0
646.0
0
5317.0
736.0
2933.0
3575.0
2951.0
1666.5
2912.5
68.0
68.0
1601.0
3025.0
2343.0
138.0
2818.0
419.5
2641.5
0
2617.5
1071.5
1728.0
6705.0
5244.0
1712.5
2521.0
2731.0
2626.0
2646.0
1891.0
1745.0
1289.5
2193.0
3090.0
3347.5
3016.0
2125.5
3711.0
1076.5
3188.0
289.0
1708.0
2951.0
1892.0
897.0
5491.5
2402.5
2611.5
4289.5
4339.5
68.0
698.5
3433.5
2411.0
2668.5
6123.5
1759.5
3542.5
1808.5
2236.0
4165.5
1104.5
365.5
418.5
4110.0
1296.5
1666.0
3199.5
1436.5
1802.0
4701.5
3681.0
2477.5
3640.5
1619.0
300.5
4940.0
3253.5
344.0
3564.5
1534.5
0
2245.0
68.0
3086.5
2619.5
4329.0
2747.5
68.0
0
2853.5
126.5
1219.5
1707.0
3387.5
771.0
68.0
1582.0
355.5
2120.5
1922.5
1544.5
4642.5
3625.5
383.0
739.0

692.0
4342.5
629.0
2968.5
4790.0
257.0
2567.5
2785.0
316.0
2946.5
302.0
968.5
1394.5
3232.5
2190.0
3202.5
3159.5
4345.5
2614.0
2205.0
1860.5
3014.0
1366.0
1799.5
1949.5
2976.5
2996.0
194.5
2432.0
4341.5
3937.0
4546.5
2897.5
438.5
438.5
3266.5
3015.5
3393.0
751.5
2031.5
4366.0
2762.0
1377.0
1663.0
2312.5
4842.0
3074.0
989.0
2078.0
3631.5
1805.0
1554.0
1153.5
1019.5
1934.0
2538.5
1833.0
2874.0
717.0
2393.0
3782.5
5410.5
3188.0
2807.5
1019.0
1396.0
2276.5
0
2391.0
2916.5
1795.0
2187.5
2968.0
1928.5
2664.0
1982.5
242.0
1529.5
3793.5
2752.0
546.0
0
1087.5
3179.0
2877.5
3910.5
2960.5
2808.0
3660.5
3024.5
529.0
3086.0
3480.5
300.5
2674.5
3287.5
1812.0
4850.5
1862.5
1058.0
1985.5
68.0
1815.0
1479.0
4670.5
2429.0
2207.0
3264.0
1649.5
3235.5
1932.0
1923.5
516.5
3760.0
2256.5
4498.5
3067.5
2010.0
3719.5
2313.5
2088.0
3786.0
2865.0
3378.0
1418.5
1771.5
1129.0
1673.5
3511.5
1631.5
2298.5
2131.0
5578.0
1124.5
3258.0
1368.0
1540.0
0
1277.5
4000.0
3105.0
1486.0
2851.5
4146.0
3180.5
3508.5
2847.5
4089.5
2570.5
1996.5
1374.5
3748.0
4320.0
1729.0
1583.5
960.5
438.5
1007.5
1808.0
2796.5
1904.0
860.0
3389.5
2094.0
2269.5
1697.0
2199.5
1049.5
2377.5
598.0
3959.5
7169.5
1806.0
3371.0
2916.0
424.0
1019.5
6039.0
3276.0
1733.0
3635.0
2756.5
2598.5
2391.0
4492.5
2815.0
1211.5
771.0
430.5
68.0
0
310.0
3378.0
783.5
2251.0
3112.5
1141.5
2799.0
2425.5
1595.0
1460.0
